Date,Open,High,Low,Close,Adj Close,Volume,Dividends,Stock Splits
2020-01-02 00:00:00-05:00,74.05999755859375,75.1500015258789,73.79750061035156,75.0875015258789,72.27153015136719,135480400,0.0,0.0
2020-01-03 00:00:00-05:00,74.2874984741211,75.1449966430664,74.125,74.35749816894531,71.56892395019531,146322800,0.0,0.0
2020-01-06 00:00:00-05:00,73.44750213623047,74.98999786376953,73.1875,74.94999694824219,72.13920593261719,118387200,0.0,0.0
2020-01-07 00:00:00-05:00,74.95999908447266,75.2249984741211,74.37000274658203,74.59750366210938,71.7999267578125,108872000,0.0,0.0
2020-01-08 00:00:00-05:00,74.29000091552734,76.11000061035156,74.29000091552734,75.79750061035156,72.95492553710938,132079200,0.0,0.0
2020-01-09 00:00:00-05:00,76.80999755859375,77.60749816894531,76.55000305175781,77.40750122070312,74.50453186035156,170108400,0.0,0.0
2020-01-10 00:00:00-05:00,77.6500015258789,78.1675033569336,77.0625,77.5824966430664,74.6729736328125,140644800,0.0,0.0
2020-01-13 00:00:00-05:00,77.91000366210938,79.26750183105469,77.7874984741211,79.23999786376953,76.26831817626953,121532000,0.0,0.0
2020-01-14 00:00:00-05:00,79.17500305175781,79.39250183105469,78.0425033569336,78.16999816894531,75.23844146728516,161954400,0.0,0.0
2020-01-15 00:00:00-05:00,77.9625015258789,78.875,77.38749694824219,77.83499908447266,74.91600036621094,121923600,0.0,0.0
2020-01-16 00:00:00-05:00,78.39749908447266,78.92500305175781,78.02249908447266,78.80999755859375,75.85441589355469,108829200,0.0,0.0
2020-01-17 00:00:00-05:00,79.06749725341797,79.68499755859375,78.75,79.68250274658203,76.6942138671875,137816400,0.0,0.0
2020-01-21 00:00:00-05:00,79.29750061035156,79.75499725341797,79.0,79.14250183105469,76.17446899414062,110843200,0.0,0.0
2020-01-22 00:00:00-05:00,79.6449966430664,79.99749755859375,79.32749938964844,79.42500305175781,76.44637298583984,101832400,0.0,0.0
2020-01-23 00:00:00-05:00,79.4800033569336,79.88999938964844,78.9124984741211,79.80750274658203,76.81452941894531,104472000,0.0,0.0
2020-01-24 00:00:00-05:00,80.0625,80.8324966430664,79.37999725341797,79.57749938964844,76.59317779541016,146537600,0.0,0.0
2020-01-27 00:00:00-05:00,77.51499938964844,77.94249725341797,76.22000122070312,77.23750305175781,74.34090423583984,161940000,0.0,0.0
2020-01-28 00:00:00-05:00,78.1500015258789,79.5999984741211,78.04750061035156,79.42250061035156,76.4439697265625,162234000,0.0,0.0
2020-01-29 00:00:00-05:00,81.11250305175781,81.9625015258789,80.34500122070312,81.08499908447266,78.04412841796875,216229200,0.0,0.0
2020-01-30 00:00:00-05:00,80.13500213623047,81.02249908447266,79.6875,80.96749877929688,77.9310073852539,126743200,0.0,0.0
2020-01-31 00:00:00-05:00,80.23249816894531,80.66999816894531,77.07250213623047,77.37750244140625,74.47566223144531,199588400,0.0,0.0
2020-02-03 00:00:00-05:00,76.07499694824219,78.37249755859375,75.55500030517578,77.16500091552734,74.2711410522461,173788400,0.0,0.0
2020-02-04 00:00:00-05:00,78.82749938964844,79.91000366210938,78.40750122070312,79.7125015258789,76.72309112548828,136616400,0.0,0.0
2020-02-05 00:00:00-05:00,80.87999725341797,81.19000244140625,79.73750305175781,80.36250305175781,77.34872436523438,118826800,0.0,0.0
2020-02-06 00:00:00-05:00,80.64250183105469,81.30500030517578,80.06500244140625,81.30249786376953,78.25346374511719,105425600,0.0,0.0
2020-02-07 00:00:00-05:00,80.59249877929688,80.8499984741211,79.5,80.00749969482422,77.18980407714844,117684000,0.1925,0.0
2020-02-10 00:00:00-05:00,78.54499816894531,80.38749694824219,78.4625015258789,80.38749694824219,77.55641174316406,109348800,0.0,0.0
2020-02-11 00:00:00-05:00,80.9000015258789,80.9749984741211,79.67749786376953,79.90249633789062,77.08846282958984,94323200,0.0,0.0
2020-02-12 00:00:00-05:00,80.36750030517578,81.80500030517578,80.36750030517578,81.80000305175781,78.9191665649414,113730400,0.0,0.0
2020-02-13 00:00:00-05:00,81.04750061035156,81.55500030517578,80.8375015258789,81.21749877929688,78.357177734375,94747600,0.0,0.0
2020-02-14 00:00:00-05:00,81.18499755859375,81.49500274658203,80.7125015258789,81.23750305175781,78.37644958496094,80113600,0.0,0.0
2020-02-18 00:00:00-05:00,78.83999633789062,79.9375,78.65249633789062,79.75,76.94136810302734,152531200,0.0,0.0
2020-02-19 00:00:00-05:00,80.0,81.14250183105469,80.0,80.90499877929688,78.05567932128906,93984000,0.0,0.0
2020-02-20 00:00:00-05:00,80.65750122070312,81.1624984741211,79.55249786376953,80.07499694824219,77.2549057006836,100566000,0.0,0.0
2020-02-21 00:00:00-05:00,79.65499877929688,80.11250305175781,77.625,78.26249694824219,75.50625610351562,129554000,0.0,0.0
2020-02-24 00:00:00-05:00,74.31500244140625,76.04499816894531,72.30750274658203,74.54499816894531,71.91966247558594,222195200,0.0,0.0
2020-02-25 00:00:00-05:00,75.23750305175781,75.63249969482422,71.53250122070312,72.0199966430664,69.48361206054688,230673600,0.0,0.0
2020-02-26 00:00:00-05:00,71.63249969482422,74.47000122070312,71.625,73.1624984741211,70.58586120605469,198054800,0.0,0.0
2020-02-27 00:00:00-05:00,70.2750015258789,71.5,68.23999786376953,68.37999725341797,65.9718017578125,320605600,0.0,0.0
2020-02-28 00:00:00-05:00,64.31500244140625,69.60250091552734,64.09249877929688,68.33999633789062,65.93321228027344,426510000,0.0,0.0
2020-03-02 00:00:00-05:00,70.56999969482422,75.36000061035156,69.43000030517578,74.70249938964844,72.07162475585938,341397200,0.0,0.0
2020-03-03 00:00:00-05:00,75.9175033569336,76.0,71.44999694824219,72.33000183105469,69.78267669677734,319475600,0.0,0.0
2020-03-04 00:00:00-05:00,74.11000061035156,75.8499984741211,73.28250122070312,75.68499755859375,73.01950073242188,219178400,0.0,0.0
2020-03-05 00:00:00-05:00,73.87999725341797,74.88749694824219,72.85250091552734,73.2300033569336,70.65097045898438,187572800,0.0,0.0
2020-03-06 00:00:00-05:00,70.5,72.70500183105469,70.30750274658203,72.25749969482422,69.71271514892578,226176800,0.0,0.0
2020-03-09 00:00:00-04:00,65.9375,69.52249908447266,65.75,66.5425033569336,64.1989974975586,286744800,0.0,0.0
2020-03-10 00:00:00-04:00,69.28500366210938,71.61000061035156,67.34249877929688,71.33499908447266,68.82272338867188,285290000,0.0,0.0
2020-03-11 00:00:00-04:00,69.34750366210938,70.30500030517578,67.96499633789062,68.85749816894531,66.43248748779297,255598800,0.0,0.0
2020-03-12 00:00:00-04:00,63.98500061035156,67.5,62.0,62.057498931884766,59.87195587158203,418474000,0.0,0.0
2020-03-13 00:00:00-04:00,66.22250366210938,69.9800033569336,63.23749923706055,69.49250030517578,67.04512023925781,370732000,0.0,0.0
2020-03-16 00:00:00-04:00,60.48749923706055,64.7699966430664,60.0,60.5525016784668,58.419960021972656,322423600,0.0,0.0
2020-03-17 00:00:00-04:00,61.877498626708984,64.40249633789062,59.599998474121094,63.21500015258789,60.98869705200195,324056000,0.0,0.0
2020-03-18 00:00:00-04:00,59.942501068115234,62.5,59.279998779296875,61.66749954223633,59.49568557739258,300233600,0.0,0.0
2020-03-19 00:00:00-04:00,61.84749984741211,63.209999084472656,60.65250015258789,61.19499969482422,59.03984069824219,271857200,0.0,0.0
2020-03-20 00:00:00-04:00,61.79499816894531,62.95750045776367,57.0,57.310001373291016,55.29165267944336,401693200,0.0,0.0
2020-03-23 00:00:00-04:00,57.02000045776367,57.125,53.15250015258789,56.092498779296875,54.11703872680664,336752800,0.0,0.0
2020-03-24 00:00:00-04:00,59.09000015258789,61.92250061035156,58.57500076293945,61.720001220703125,59.54633331298828,287531200,0.0,0.0
2020-03-25 00:00:00-04:00,62.6875,64.5625,61.07500076293945,61.380001068115234,59.21832275390625,303602000,0.0,0.0
2020-03-26 00:00:00-04:00,61.630001068115234,64.66999816894531,61.59000015258789,64.61000061035156,62.33454895019531,252087200,0.0,0.0
2020-03-27 00:00:00-04:00,63.1875,63.967498779296875,61.76250076293945,61.935001373291016,59.75377655029297,204216800,0.0,0.0
2020-03-30 00:00:00-04:00,62.685001373291016,63.880001068115234,62.349998474121094,63.70249938964844,61.459022521972656,167976400,0.0,0.0
2020-03-31 00:00:00-04:00,63.900001525878906,65.62249755859375,63.0,63.5724983215332,61.33360290527344,197002000,0.0,0.0
2020-04-01 00:00:00-04:00,61.625,62.18000030517578,59.782501220703125,60.227500915527344,58.106407165527344,176218400,0.0,0.0
2020-04-02 00:00:00-04:00,60.084999084472656,61.287498474121094,59.224998474121094,61.23249816894531,59.076011657714844,165934000,0.0,0.0
2020-04-03 00:00:00-04:00,60.70000076293945,61.42499923706055,59.74250030517578,60.352500915527344,58.22700500488281,129880000,0.0,0.0
2020-04-06 00:00:00-04:00,62.724998474121094,65.77749633789062,62.345001220703125,65.61750030517578,63.306583404541016,201820400,0.0,0.0
2020-04-07 00:00:00-04:00,67.69999694824219,67.92500305175781,64.75,64.85749816894531,62.57333755493164,202887200,0.0,0.0
2020-04-08 00:00:00-04:00,65.68499755859375,66.84249877929688,65.30750274658203,66.51750183105469,64.17486572265625,168895200,0.0,0.0
2020-04-09 00:00:00-04:00,67.17500305175781,67.51750183105469,66.17500305175781,66.99749755859375,64.6379623413086,161834800,0.0,0.0
2020-04-13 00:00:00-04:00,67.07749938964844,68.42500305175781,66.4574966430664,68.3125,65.90666198730469,131022800,0.0,0.0
2020-04-14 00:00:00-04:00,70.0,72.0625,69.51249694824219,71.76249694824219,69.23515319824219,194994800,0.0,0.0
2020-04-15 00:00:00-04:00,70.5999984741211,71.5824966430664,70.15750122070312,71.10749816894531,68.6032485961914,131154400,0.0,0.0
2020-04-16 00:00:00-04:00,71.84500122070312,72.05000305175781,70.5875015258789,71.67250061035156,69.14832305908203,157125200,0.0,0.0
2020-04-17 00:00:00-04:00,71.17250061035156,71.73750305175781,69.21499633789062,70.69999694824219,68.21009063720703,215250000,0.0,0.0
2020-04-20 00:00:00-04:00,69.48750305175781,70.41999816894531,69.2125015258789,69.23249816894531,66.79426574707031,130015200,0.0,0.0
2020-04-21 00:00:00-04:00,69.06999969482422,69.3125,66.35749816894531,67.09249877929688,64.72962951660156,180991600,0.0,0.0
2020-04-22 00:00:00-04:00,68.40249633789062,69.4749984741211,68.05000305175781,69.0250015258789,66.59408569335938,116862400,0.0,0.0
2020-04-23 00:00:00-04:00,68.96749877929688,70.4375,68.71749877929688,68.75749969482422,66.33600616455078,124814400,0.0,0.0
2020-04-24 00:00:00-04:00,69.30000305175781,70.75250244140625,69.25,70.74250030517578,68.25108337402344,126161200,0.0,0.0
2020-04-27 00:00:00-04:00,70.44999694824219,71.13500213623047,69.98750305175781,70.7925033569336,68.29933166503906,117087600,0.0,0.0
2020-04-28 00:00:00-04:00,71.2699966430664,71.4574966430664,69.55000305175781,69.6449966430664,67.19223022460938,112004800,0.0,0.0
2020-04-29 00:00:00-04:00,71.18250274658203,72.4175033569336,70.97250366210938,71.93250274658203,69.399169921875,137280800,0.0,0.0
2020-04-30 00:00:00-04:00,72.48999786376953,73.63249969482422,72.0875015258789,73.44999694824219,70.86324310302734,183064000,0.0,0.0
2020-05-01 00:00:00-04:00,71.5625,74.75,71.4625015258789,72.26750183105469,69.7223892211914,240616800,0.0,0.0
2020-05-04 00:00:00-04:00,72.2925033569336,73.42250061035156,71.58000183105469,73.29000091552734,70.7088623046875,133568000,0.0,0.0
2020-05-05 00:00:00-04:00,73.76499938964844,75.25,73.61499786376953,74.38999938964844,71.7701187133789,147751200,0.0,0.0
2020-05-06 00:00:00-04:00,75.11499786376953,75.80999755859375,74.71749877929688,75.15750122070312,72.5106201171875,142333600,0.0,0.0
2020-05-07 00:00:00-04:00,75.80500030517578,76.2925033569336,75.49250030517578,75.93499755859375,73.2607192993164,115215200,0.0,0.0
2020-05-08 00:00:00-04:00,76.41000366210938,77.5875015258789,76.07250213623047,77.53250122070312,75.00444793701172,133838400,0.205,0.0
2020-05-11 00:00:00-04:00,77.0250015258789,79.26249694824219,76.80999755859375,78.75250244140625,76.1846694946289,145946400,0.0,0.0
2020-05-12 00:00:00-04:00,79.4574966430664,79.92250061035156,77.72750091552734,77.85250091552734,75.31400299072266,162301200,0.0,0.0
2020-05-13 00:00:00-04:00,78.0374984741211,78.98750305175781,75.80249786376953,76.9124984741211,74.4046401977539,200622400,0.0,0.0
2020-05-14 00:00:00-04:00,76.12750244140625,77.44750213623047,75.38249969482422,77.38500213623047,74.86175537109375,158929200,0.0,0.0
2020-05-15 00:00:00-04:00,75.0875015258789,76.9749984741211,75.05249786376953,76.92749786376953,74.41915130615234,166348400,0.0,0.0
2020-05-18 00:00:00-04:00,78.2925033569336,79.125,77.58000183105469,78.73999786376953,76.17255401611328,135178400,0.0,0.0
2020-05-19 00:00:00-04:00,78.75749969482422,79.62999725341797,78.25250244140625,78.28500366210938,75.73241424560547,101729600,0.0,0.0
2020-05-20 00:00:00-04:00,79.16999816894531,79.87999725341797,79.12999725341797,79.80750274658203,77.20525360107422,111504800,0.0,0.0
2020-05-21 00:00:00-04:00,79.66500091552734,80.22250366210938,78.96749877929688,79.2125015258789,76.62966918945312,102688800,0.0,0.0
2020-05-22 00:00:00-04:00,78.94249725341797,79.80750274658203,78.8375015258789,79.72250366210938,77.12303924560547,81803200,0.0,0.0
2020-05-26 00:00:00-04:00,80.875,81.05999755859375,79.125,79.18250274658203,76.60065460205078,125522000,0.0,0.0
2020-05-27 00:00:00-04:00,79.03500366210938,79.67749786376953,78.27249908447266,79.52749633789062,76.93437194824219,112945200,0.0,0.0
2020-05-28 00:00:00-04:00,79.19249725341797,80.86000061035156,78.90750122070312,79.5625,76.96827697753906,133560800,0.0,0.0
2020-05-29 00:00:00-04:00,79.8125,80.2874984741211,79.11750030517578,79.48500061035156,76.89325714111328,153532400,0.0,0.0
2020-06-01 00:00:00-04:00,79.4375,80.5875015258789,79.30249786376953,80.4625015258789,77.83890533447266,80791200,0.0,0.0
2020-06-02 00:00:00-04:00,80.1875,80.86000061035156,79.73249816894531,80.83499908447266,78.19926452636719,87642800,0.0,0.0
2020-06-03 00:00:00-04:00,81.16500091552734,81.55000305175781,80.57499694824219,81.27999877929688,78.6297378540039,104491200,0.0,0.0
2020-06-04 00:00:00-04:00,81.09750366210938,81.40499877929688,80.19499969482422,80.58000183105469,77.95256805419922,87560400,0.0,0.0
2020-06-05 00:00:00-04:00,80.8375015258789,82.9375,80.80750274658203,82.875,80.1727523803711,137250400,0.0,0.0
2020-06-08 00:00:00-04:00,82.5625,83.4000015258789,81.83000183105469,83.36499786376953,80.6467514038086,95654400,0.0,0.0
2020-06-09 00:00:00-04:00,83.03500366210938,86.40249633789062,83.00250244140625,85.99749755859375,83.19343566894531,147712400,0.0,0.0
2020-06-10 00:00:00-04:00,86.9749984741211,88.69249725341797,86.52249908447266,88.20999908447266,85.33377838134766,166651600,0.0,0.0
2020-06-11 00:00:00-04:00,87.32749938964844,87.76499938964844,83.87000274658203,83.9749984741211,81.23686981201172,201662400,0.0,0.0
2020-06-12 00:00:00-04:00,86.18000030517578,86.94999694824219,83.55500030517578,84.69999694824219,81.93821716308594,200146000,0.0,0.0
2020-06-15 00:00:00-04:00,83.3125,86.41999816894531,83.1449966430664,85.74749755859375,82.95158386230469,138808800,0.0,0.0
2020-06-16 00:00:00-04:00,87.86499786376953,88.30000305175781,86.18000030517578,88.0199966430664,85.14996337890625,165428800,0.0,0.0
2020-06-17 00:00:00-04:00,88.7874984741211,88.8499984741211,87.77249908447266,87.89749908447266,85.03147888183594,114406400,0.0,0.0
2020-06-18 00:00:00-04:00,87.85250091552734,88.36250305175781,87.30500030517578,87.93250274658203,85.06534576416016,96820400,0.0,0.0
2020-06-19 00:00:00-04:00,88.66000366210938,89.13999938964844,86.2874984741211,87.43000030517578,84.57923126220703,264476000,0.0,0.0
2020-06-22 00:00:00-04:00,87.83499908447266,89.86499786376953,87.7874984741211,89.71749877929688,86.79214477539062,135445200,0.0,0.0
2020-06-23 00:00:00-04:00,91.0,93.09500122070312,90.56749725341797,91.63249969482422,88.64469909667969,212155600,0.0,0.0
2020-06-24 00:00:00-04:00,91.25,92.19750213623047,89.62999725341797,90.01499938964844,87.07994079589844,192623200,0.0,0.0
2020-06-25 00:00:00-04:00,90.17500305175781,91.25,89.39250183105469,91.20999908447266,88.23596954345703,137522400,0.0,0.0
2020-06-26 00:00:00-04:00,91.10250091552734,91.33000183105469,88.25499725341797,88.40750122070312,85.52483367919922,205256800,0.0,0.0
2020-06-29 00:00:00-04:00,88.3125,90.5425033569336,87.81999969482422,90.44499969482422,87.49589538574219,130646000,0.0,0.0
2020-06-30 00:00:00-04:00,90.0199966430664,91.49500274658203,90.0,91.19999694824219,88.22628784179688,140223200,0.0,0.0
2020-07-01 00:00:00-04:00,91.27999877929688,91.83999633789062,90.97750091552734,91.02749633789062,88.05941009521484,110737200,0.0,0.0
2020-07-02 00:00:00-04:00,91.9625015258789,92.61750030517578,90.91000366210938,91.02749633789062,88.05941009521484,114041600,0.0,0.0
2020-07-06 00:00:00-04:00,92.5,93.94499969482422,92.46749877929688,93.4625015258789,90.4150161743164,118655600,0.0,0.0
2020-07-07 00:00:00-04:00,93.85250091552734,94.65499877929688,93.05750274658203,93.17250061035156,90.13446807861328,112424400,0.0,0.0
2020-07-08 00:00:00-04:00,94.18000030517578,95.375,94.08999633789062,95.34249877929688,92.23370361328125,117092000,0.0,0.0
2020-07-09 00:00:00-04:00,96.26249694824219,96.31749725341797,94.67250061035156,95.75250244140625,92.6303482055664,125642800,0.0,0.0
2020-07-10 00:00:00-04:00,95.33499908447266,95.9800033569336,94.70500183105469,95.91999816894531,92.79239654541016,90257200,0.0,0.0
2020-07-13 00:00:00-04:00,97.26499938964844,99.95500183105469,95.25749969482422,95.47750091552734,92.36429595947266,191649200,0.0,0.0
2020-07-14 00:00:00-04:00,94.83999633789062,97.25499725341797,93.87750244140625,97.05750274658203,93.89281463623047,170989200,0.0,0.0
2020-07-15 00:00:00-04:00,98.98999786376953,99.24749755859375,96.48999786376953,97.7249984741211,94.53852844238281,153198000,0.0,0.0
2020-07-16 00:00:00-04:00,96.5625,97.40499877929688,95.90499877929688,96.52249908447266,93.37523651123047,110577600,0.0,0.0
2020-07-17 00:00:00-04:00,96.98750305175781,97.14749908447266,95.83999633789062,96.32749938964844,93.18660736083984,92186800,0.0,0.0
2020-07-20 00:00:00-04:00,96.4175033569336,98.5,96.0625,98.35749816894531,95.15043640136719,90318000,0.0,0.0
2020-07-21 00:00:00-04:00,99.17250061035156,99.25,96.74250030517578,97.0,93.83717346191406,103433200,0.0,0.0
2020-07-22 00:00:00-04:00,96.69249725341797,97.9749984741211,96.60250091552734,97.27249908447266,94.10079193115234,89001600,0.0,0.0
2020-07-23 00:00:00-04:00,96.99749755859375,97.07749938964844,92.01000213623047,92.84500122070312,89.81766510009766,197004400,0.0,0.0
2020-07-24 00:00:00-04:00,90.98750305175781,92.97000122070312,89.1449966430664,92.61499786376953,89.59513854980469,185438800,0.0,0.0
2020-07-27 00:00:00-04:00,93.70999908447266,94.90499877929688,93.4800033569336,94.80999755859375,91.7186050415039,121214000,0.0,0.0
2020-07-28 00:00:00-04:00,94.36750030517578,94.55000305175781,93.24749755859375,93.25250244140625,90.21187591552734,103625600,0.0,0.0
2020-07-29 00:00:00-04:00,93.75,95.2300033569336,93.7125015258789,95.04000091552734,91.94108581542969,90329200,0.0,0.0
2020-07-30 00:00:00-04:00,94.1875,96.29750061035156,93.76750183105469,96.19000244140625,93.05360412597656,158130000,0.0,0.0
2020-07-31 00:00:00-04:00,102.88500213623047,106.41500091552734,100.82499694824219,106.26000213623047,102.79523468017578,374336800,0.0,0.0
2020-08-03 00:00:00-04:00,108.19999694824219,111.63749694824219,107.89250183105469,108.9375,105.38545227050781,308151200,0.0,0.0
2020-08-04 00:00:00-04:00,109.13249969482422,110.79000091552734,108.38749694824219,109.66500091552734,106.0892105102539,173071600,0.0,0.0
2020-08-05 00:00:00-04:00,109.37750244140625,110.39250183105469,108.89749908447266,110.0625,106.4737777709961,121776800,0.0,0.0
2020-08-06 00:00:00-04:00,110.40499877929688,114.4124984741211,109.79750061035156,113.90249633789062,110.18853759765625,202428800,0.0,0.0
2020-08-07 00:00:00-04:00,113.20500183105469,113.67500305175781,110.2925033569336,111.11250305175781,107.6833267211914,198045600,0.205,0.0
2020-08-10 00:00:00-04:00,112.5999984741211,113.7750015258789,110.0,112.72750091552734,109.24847412109375,212403600,0.0,0.0
2020-08-11 00:00:00-04:00,111.97000122070312,112.48249816894531,109.10749816894531,109.375,105.99942779541016,187902400,0.0,0.0
2020-08-12 00:00:00-04:00,110.49749755859375,113.2750015258789,110.29750061035156,113.01000213623047,109.52227020263672,165598000,0.0,0.0
2020-08-13 00:00:00-04:00,114.43000030517578,116.0425033569336,113.92749786376953,115.01000213623047,111.4605484008789,210082000,0.0,0.0
2020-08-14 00:00:00-04:00,114.83000183105469,115.0,113.04499816894531,114.90750122070312,111.36119079589844,165565200,0.0,0.0
2020-08-17 00:00:00-04:00,116.0625,116.0875015258789,113.9625015258789,114.60749816894531,111.0704574584961,119561600,0.0,0.0
2020-08-18 00:00:00-04:00,114.35250091552734,116.0,114.00749969482422,115.5625,111.9959945678711,105633600,0.0,0.0
2020-08-19 00:00:00-04:00,115.98249816894531,117.1624984741211,115.61000061035156,115.7074966430664,112.1364974975586,145538000,0.0,0.0
2020-08-20 00:00:00-04:00,115.75,118.39250183105469,115.73249816894531,118.2750015258789,114.62478637695312,126907200,0.0,0.0
2020-08-21 00:00:00-04:00,119.26249694824219,124.86750030517578,119.25,124.37000274658203,120.53167724609375,338054800,0.0,0.0
2020-08-24 00:00:00-04:00,128.69749450683594,128.78500366210938,123.9375,125.85749816894531,121.97327423095703,345937600,0.0,0.0
2020-08-25 00:00:00-04:00,124.69750213623047,125.18000030517578,123.05249786376953,124.82499694824219,120.97264099121094,211495600,0.0,0.0
2020-08-26 00:00:00-04:00,126.18000030517578,126.99250030517578,125.0824966430664,126.52249908447266,122.61775970458984,163022400,0.0,0.0
2020-08-27 00:00:00-04:00,127.14250183105469,127.48500061035156,123.8324966430664,125.01000213623047,121.15193176269531,155552400,0.0,0.0
2020-08-28 00:00:00-04:00,126.01249694824219,126.44249725341797,124.57749938964844,124.80750274658203,120.9556655883789,187630000,0.0,0.0
2020-08-31 00:00:00-04:00,127.58000183105469,131.0,126.0,129.0399932861328,125.0575180053711,225702700,0.0,4.0
2020-09-01 00:00:00-04:00,132.75999450683594,134.8000030517578,130.52999877929688,134.17999267578125,130.0388946533203,151948100,0.0,0.0
2020-09-02 00:00:00-04:00,137.58999633789062,137.97999572753906,127.0,131.39999389648438,127.34466552734375,200119000,0.0,0.0
2020-09-03 00:00:00-04:00,126.91000366210938,128.83999633789062,120.5,120.87999725341797,117.14938354492188,257599600,0.0,0.0
2020-09-04 00:00:00-04:00,120.06999969482422,123.69999694824219,110.88999938964844,120.95999908447266,117.2269058227539,332607200,0.0,0.0
2020-09-08 00:00:00-04:00,113.94999694824219,118.98999786376953,112.68000030517578,112.81999969482422,109.3381118774414,231366600,0.0,0.0
2020-09-09 00:00:00-04:00,117.26000213623047,119.13999938964844,115.26000213623047,117.31999969482422,113.6992416381836,176940500,0.0,0.0
2020-09-10 00:00:00-04:00,120.36000061035156,120.5,112.5,113.48999786376953,109.98745727539062,182274400,0.0,0.0
2020-09-11 00:00:00-04:00,114.56999969482422,115.2300033569336,110.0,112.0,108.5434341430664,180860300,0.0,0.0
2020-09-14 00:00:00-04:00,114.72000122070312,115.93000030517578,112.80000305175781,115.36000061035156,111.79973602294922,140150100,0.0,0.0
2020-09-15 00:00:00-04:00,118.33000183105469,118.83000183105469,113.61000061035156,115.54000091552734,111.97419738769531,184642000,0.0,0.0
2020-09-16 00:00:00-04:00,115.2300033569336,116.0,112.04000091552734,112.12999725341797,108.6694107055664,154679000,0.0,0.0
2020-09-17 00:00:00-04:00,109.72000122070312,112.19999694824219,108.70999908447266,110.33999633789062,106.93466186523438,178011000,0.0,0.0
2020-09-18 00:00:00-04:00,110.4000015258789,110.87999725341797,106.08999633789062,106.83999633789062,103.54267120361328,287104900,0.0,0.0
2020-09-21 00:00:00-04:00,104.54000091552734,110.19000244140625,103.0999984741211,110.08000183105469,106.68268585205078,195713800,0.0,0.0
2020-09-22 00:00:00-04:00,112.68000030517578,112.86000061035156,109.16000366210938,111.80999755859375,108.35930633544922,183055400,0.0,0.0
2020-09-23 00:00:00-04:00,111.62000274658203,112.11000061035156,106.7699966430664,107.12000274658203,103.81404113769531,150718700,0.0,0.0
2020-09-24 00:00:00-04:00,105.16999816894531,110.25,105.0,108.22000122070312,104.88011932373047,167743300,0.0,0.0
2020-09-25 00:00:00-04:00,108.43000030517578,112.44000244140625,107.66999816894531,112.27999877929688,108.81480407714844,149981400,0.0,0.0
2020-09-28 00:00:00-04:00,115.01000213623047,115.31999969482422,112.77999877929688,114.95999908447266,111.4120864868164,137672400,0.0,0.0
2020-09-29 00:00:00-04:00,114.55000305175781,115.30999755859375,113.56999969482422,114.08999633789062,110.56893157958984,99382200,0.0,0.0
2020-09-30 00:00:00-04:00,113.79000091552734,117.26000213623047,113.62000274658203,115.80999755859375,112.23583984375,142675200,0.0,0.0
2020-10-01 00:00:00-04:00,117.63999938964844,117.72000122070312,115.83000183105469,116.79000091552734,113.18560791015625,116120400,0.0,0.0
2020-10-02 00:00:00-04:00,112.88999938964844,115.37000274658203,112.22000122070312,113.0199966430664,109.53197479248047,144712000,0.0,0.0
2020-10-05 00:00:00-04:00,113.91000366210938,116.6500015258789,113.55000305175781,116.5,112.90455627441406,106243800,0.0,0.0
2020-10-06 00:00:00-04:00,115.69999694824219,116.12000274658203,112.25,113.16000366210938,109.66765594482422,161498200,0.0,0.0
2020-10-07 00:00:00-04:00,114.62000274658203,115.55000305175781,114.12999725341797,115.08000183105469,111.52838134765625,96849000,0.0,0.0
2020-10-08 00:00:00-04:00,116.25,116.4000015258789,114.58999633789062,114.97000122070312,111.4217758178711,83477200,0.0,0.0
2020-10-09 00:00:00-04:00,115.27999877929688,117.0,114.91999816894531,116.97000122070312,113.36004638671875,100506900,0.0,0.0
2020-10-12 00:00:00-04:00,120.05999755859375,125.18000030517578,119.27999877929688,124.4000015258789,120.56075286865234,240226800,0.0,0.0
2020-10-13 00:00:00-04:00,125.2699966430664,125.38999938964844,119.6500015258789,121.0999984741211,117.36258697509766,262330500,0.0,0.0
2020-10-14 00:00:00-04:00,121.0,123.02999877929688,119.62000274658203,121.19000244140625,117.4498291015625,150712000,0.0,0.0
2020-10-15 00:00:00-04:00,118.72000122070312,121.19999694824219,118.1500015258789,120.70999908447266,116.98463439941406,112559200,0.0,0.0
2020-10-16 00:00:00-04:00,121.27999877929688,121.55000305175781,118.80999755859375,119.0199966430664,115.3467788696289,115393800,0.0,0.0
2020-10-19 00:00:00-04:00,119.95999908447266,120.41999816894531,115.66000366210938,115.9800033569336,112.40062713623047,120639300,0.0,0.0
2020-10-20 00:00:00-04:00,116.19999694824219,118.9800033569336,115.62999725341797,117.51000213623047,113.88336944580078,124423700,0.0,0.0
2020-10-21 00:00:00-04:00,116.66999816894531,118.70999908447266,116.44999694824219,116.87000274658203,113.26315307617188,89946000,0.0,0.0
2020-10-22 00:00:00-04:00,117.44999694824219,118.04000091552734,114.58999633789062,115.75,112.1777114868164,101988000,0.0,0.0
2020-10-23 00:00:00-04:00,116.38999938964844,116.55000305175781,114.27999877929688,115.04000091552734,111.48961639404297,82572600,0.0,0.0
2020-10-26 00:00:00-04:00,114.01000213623047,116.55000305175781,112.87999725341797,115.05000305175781,111.49930572509766,111850700,0.0,0.0
2020-10-27 00:00:00-04:00,115.48999786376953,117.27999877929688,114.54000091552734,116.5999984741211,113.0014877319336,92276800,0.0,0.0
2020-10-28 00:00:00-04:00,115.05000305175781,115.43000030517578,111.0999984741211,111.19999694824219,107.76811981201172,143937800,0.0,0.0
2020-10-29 00:00:00-04:00,112.37000274658203,116.93000030517578,112.19999694824219,115.31999969482422,111.76097106933594,146129200,0.0,0.0
2020-10-30 00:00:00-04:00,111.05999755859375,111.98999786376953,107.72000122070312,108.86000061035156,105.5003433227539,190272600,0.0,0.0
2020-11-02 00:00:00-05:00,109.11000061035156,110.68000030517578,107.31999969482422,108.7699966430664,105.41313171386719,122866900,0.0,0.0
2020-11-03 00:00:00-05:00,109.66000366210938,111.48999786376953,108.7300033569336,110.44000244140625,107.03158569335938,107624400,0.0,0.0
2020-11-04 00:00:00-05:00,114.13999938964844,115.58999633789062,112.3499984741211,114.94999694824219,111.40238952636719,138235500,0.0,0.0
2020-11-05 00:00:00-05:00,117.94999694824219,119.62000274658203,116.87000274658203,119.02999877929688,115.35647583007812,126387100,0.0,0.0
2020-11-06 00:00:00-05:00,118.31999969482422,119.19999694824219,116.12999725341797,118.69000244140625,115.22541046142578,114457900,0.205,0.0
2020-11-09 00:00:00-05:00,120.5,121.98999786376953,116.05000305175781,116.31999969482422,112.92460632324219,154515300,0.0,0.0
2020-11-10 00:00:00-05:00,115.55000305175781,117.58999633789062,114.12999725341797,115.97000122070312,112.5848159790039,138023400,0.0,0.0
2020-11-11 00:00:00-05:00,117.19000244140625,119.62999725341797,116.44000244140625,119.48999786376953,116.00206756591797,112295000,0.0,0.0
2020-11-12 00:00:00-05:00,119.62000274658203,120.52999877929688,118.56999969482422,119.20999908447266,115.73023986816406,103162300,0.0,0.0
2020-11-13 00:00:00-05:00,119.44000244140625,119.66999816894531,117.87000274658203,119.26000213623047,115.7787857055664,81581900,0.0,0.0
2020-11-16 00:00:00-05:00,118.91999816894531,120.98999786376953,118.1500015258789,120.30000305175781,116.78842163085938,91183000,0.0,0.0
2020-11-17 00:00:00-05:00,119.55000305175781,120.66999816894531,118.95999908447266,119.38999938964844,115.90496826171875,74271000,0.0,0.0
2020-11-18 00:00:00-05:00,118.61000061035156,119.81999969482422,118.0,118.02999877929688,114.58468627929688,76322100,0.0,0.0
2020-11-19 00:00:00-05:00,117.58999633789062,119.05999755859375,116.80999755859375,118.63999938964844,115.17687225341797,74113000,0.0,0.0
2020-11-20 00:00:00-05:00,118.63999938964844,118.7699966430664,117.29000091552734,117.33999633789062,113.9148178100586,73604300,0.0,0.0
2020-11-23 00:00:00-05:00,117.18000030517578,117.62000274658203,113.75,113.8499984741211,110.52670288085938,127959300,0.0,0.0
2020-11-24 00:00:00-05:00,113.91000366210938,115.8499984741211,112.58999633789062,115.16999816894531,111.80816650390625,113874200,0.0,0.0
2020-11-25 00:00:00-05:00,115.55000305175781,116.75,115.16999816894531,116.02999877929688,112.64307403564453,76499200,0.0,0.0
2020-11-27 00:00:00-05:00,116.56999969482422,117.48999786376953,116.22000122070312,116.58999633789062,113.18672180175781,46691300,0.0,0.0
2020-11-30 00:00:00-05:00,116.97000122070312,120.97000122070312,116.80999755859375,119.05000305175781,115.57490539550781,169410200,0.0,0.0
2020-12-01 00:00:00-05:00,121.01000213623047,123.47000122070312,120.01000213623047,122.72000122070312,119.13777160644531,127728200,0.0,0.0
2020-12-02 00:00:00-05:00,122.0199966430664,123.37000274658203,120.88999938964844,123.08000183105469,119.48726654052734,89004200,0.0,0.0
2020-12-03 00:00:00-05:00,123.5199966430664,123.77999877929688,122.20999908447266,122.94000244140625,119.35135650634766,78967600,0.0,0.0
2020-12-04 00:00:00-05:00,122.5999984741211,122.86000061035156,121.5199966430664,122.25,118.6814956665039,78260400,0.0,0.0
2020-12-07 00:00:00-05:00,122.30999755859375,124.56999969482422,122.25,123.75,120.13773345947266,86712000,0.0,0.0
2020-12-08 00:00:00-05:00,124.37000274658203,124.9800033569336,123.08999633789062,124.37999725341797,120.74932098388672,82225500,0.0,0.0
2020-12-09 00:00:00-05:00,124.52999877929688,125.94999694824219,121.0,121.77999877929688,118.2252197265625,115089200,0.0,0.0
2020-12-10 00:00:00-05:00,120.5,123.87000274658203,120.1500015258789,123.23999786376953,119.64261627197266,81312200,0.0,0.0
2020-12-11 00:00:00-05:00,122.43000030517578,122.76000213623047,120.55000305175781,122.41000366210938,118.83682250976562,86939800,0.0,0.0
2020-12-14 00:00:00-05:00,122.5999984741211,123.3499984741211,121.54000091552734,121.77999877929688,118.2252197265625,79184500,0.0,0.0
2020-12-15 00:00:00-05:00,124.33999633789062,127.9000015258789,124.12999725341797,127.87999725341797,124.14717102050781,157243700,0.0,0.0
2020-12-16 00:00:00-05:00,127.41000366210938,128.3699951171875,126.55999755859375,127.80999755859375,124.07921600341797,98208600,0.0,0.0
2020-12-17 00:00:00-05:00,128.89999389648438,129.5800018310547,128.0399932861328,128.6999969482422,124.94320678710938,94359800,0.0,0.0
2020-12-18 00:00:00-05:00,128.9600067138672,129.10000610351562,126.12000274658203,126.66000366210938,122.9627685546875,192541500,0.0,0.0
2020-12-21 00:00:00-05:00,125.0199966430664,128.30999755859375,123.44999694824219,128.22999572753906,124.4869384765625,121251600,0.0,0.0
2020-12-22 00:00:00-05:00,131.61000061035156,134.41000366210938,129.64999389648438,131.8800048828125,128.03042602539062,168904800,0.0,0.0
2020-12-23 00:00:00-05:00,132.16000366210938,132.42999267578125,130.77999877929688,130.9600067138672,127.13724517822266,88223700,0.0,0.0
2020-12-24 00:00:00-05:00,131.32000732421875,133.4600067138672,131.10000610351562,131.97000122070312,128.11778259277344,54930100,0.0,0.0
2020-12-28 00:00:00-05:00,133.99000549316406,137.33999633789062,133.50999450683594,136.69000244140625,132.69998168945312,124486200,0.0,0.0
2020-12-29 00:00:00-05:00,138.0500030517578,138.7899932861328,134.33999633789062,134.8699951171875,130.93313598632812,121047300,0.0,0.0
2020-12-30 00:00:00-05:00,135.5800018310547,135.99000549316406,133.39999389648438,133.72000122070312,129.81668090820312,96452100,0.0,0.0
2020-12-31 00:00:00-05:00,134.0800018310547,134.74000549316406,131.72000122070312,132.69000244140625,128.8167724609375,99116600,0.0,0.0
2021-01-04 00:00:00-05:00,133.52000427246094,133.61000061035156,126.76000213623047,129.41000366210938,125.63248443603516,143301900,0.0,0.0
2021-01-05 00:00:00-05:00,128.88999938964844,131.74000549316406,128.42999267578125,131.00999450683594,127.18580627441406,97664900,0.0,0.0
2021-01-06 00:00:00-05:00,127.72000122070312,131.0500030517578,126.37999725341797,126.5999984741211,122.90452575683594,155088000,0.0,0.0
2021-01-07 00:00:00-05:00,128.36000061035156,131.6300048828125,127.86000061035156,130.9199981689453,127.098388671875,109578200,0.0,0.0
2021-01-08 00:00:00-05:00,132.42999267578125,132.6300048828125,130.22999572753906,132.0500030517578,128.19541931152344,105158200,0.0,0.0
2021-01-11 00:00:00-05:00,129.19000244140625,130.1699981689453,128.5,128.97999572753906,125.21504974365234,100384500,0.0,0.0
2021-01-12 00:00:00-05:00,128.5,129.69000244140625,126.86000061035156,128.8000030517578,125.040283203125,91951100,0.0,0.0
2021-01-13 00:00:00-05:00,128.75999450683594,131.4499969482422,128.49000549316406,130.88999938964844,127.06929016113281,88636800,0.0,0.0
2021-01-14 00:00:00-05:00,130.8000030517578,131.0,128.75999450683594,128.91000366210938,125.1470947265625,90221800,0.0,0.0
2021-01-15 00:00:00-05:00,128.77999877929688,130.22000122070312,127.0,127.13999938964844,123.42877197265625,111598500,0.0,0.0
2021-01-19 00:00:00-05:00,127.77999877929688,128.7100067138672,126.94000244140625,127.83000183105469,124.09862518310547,90757300,0.0,0.0
2021-01-20 00:00:00-05:00,128.66000366210938,132.49000549316406,128.5500030517578,132.02999877929688,128.17604064941406,104319500,0.0,0.0
2021-01-21 00:00:00-05:00,133.8000030517578,139.6699981689453,133.58999633789062,136.8699951171875,132.87474060058594,120150900,0.0,0.0
2021-01-22 00:00:00-05:00,136.27999877929688,139.85000610351562,135.02000427246094,139.07000732421875,135.0105438232422,114459400,0.0,0.0
2021-01-25 00:00:00-05:00,143.07000732421875,145.08999633789062,136.5399932861328,142.9199981689453,138.74813842773438,157611700,0.0,0.0
2021-01-26 00:00:00-05:00,143.60000610351562,144.3000030517578,141.3699951171875,143.16000366210938,138.9811553955078,98390600,0.0,0.0
2021-01-27 00:00:00-05:00,143.42999267578125,144.3000030517578,140.41000366210938,142.05999755859375,137.91323852539062,140843800,0.0,0.0
2021-01-28 00:00:00-05:00,139.52000427246094,141.99000549316406,136.6999969482422,137.08999633789062,133.08831787109375,142621100,0.0,0.0
2021-01-29 00:00:00-05:00,135.8300018310547,136.74000549316406,130.2100067138672,131.9600067138672,128.10809326171875,177523800,0.0,0.0
2021-02-01 00:00:00-05:00,133.75,135.3800048828125,130.92999267578125,134.13999938964844,130.22442626953125,106239800,0.0,0.0
2021-02-02 00:00:00-05:00,135.72999572753906,136.30999755859375,134.61000061035156,134.99000549316406,131.0496063232422,83305400,0.0,0.0
2021-02-03 00:00:00-05:00,135.75999450683594,135.77000427246094,133.61000061035156,133.94000244140625,130.03024291992188,89880900,0.0,0.0
2021-02-04 00:00:00-05:00,136.3000030517578,137.39999389648438,134.58999633789062,137.38999938964844,133.37957763671875,84183100,0.0,0.0
2021-02-05 00:00:00-05:00,137.35000610351562,137.4199981689453,135.86000061035156,136.75999450683594,132.96633911132812,75693800,0.205,0.0
2021-02-08 00:00:00-05:00,136.02999877929688,136.9600067138672,134.9199981689453,136.91000366210938,133.1121826171875,71297200,0.0,0.0
2021-02-09 00:00:00-05:00,136.6199951171875,137.8800048828125,135.85000610351562,136.00999450683594,132.2371063232422,76774200,0.0,0.0
2021-02-10 00:00:00-05:00,136.47999572753906,136.99000549316406,134.39999389648438,135.38999938964844,131.63433837890625,73046600,0.0,0.0
2021-02-11 00:00:00-05:00,135.89999389648438,136.38999938964844,133.77000427246094,135.1300048828125,131.38157653808594,64280000,0.0,0.0
2021-02-12 00:00:00-05:00,134.35000610351562,135.52999877929688,133.69000244140625,135.3699951171875,131.6149139404297,60145100,0.0,0.0
2021-02-16 00:00:00-05:00,135.49000549316406,136.00999450683594,132.7899932861328,133.19000244140625,129.49539184570312,80576300,0.0,0.0
2021-02-17 00:00:00-05:00,131.25,132.22000122070312,129.47000122070312,130.83999633789062,127.2105484008789,97918500,0.0,0.0
2021-02-18 00:00:00-05:00,129.1999969482422,130.0,127.41000366210938,129.7100067138672,126.11192321777344,96856700,0.0,0.0
2021-02-19 00:00:00-05:00,130.24000549316406,130.7100067138672,128.8000030517578,129.8699951171875,126.2674789428711,87668800,0.0,0.0
2021-02-22 00:00:00-05:00,128.00999450683594,129.72000122070312,125.5999984741211,126.0,122.50481414794922,103916400,0.0,0.0
2021-02-23 00:00:00-05:00,123.76000213623047,126.70999908447266,118.38999938964844,125.86000061035156,122.36871337890625,158273000,0.0,0.0
2021-02-24 00:00:00-05:00,124.94000244140625,125.55999755859375,122.2300033569336,125.3499984741211,121.87284088134766,111039900,0.0,0.0
2021-02-25 00:00:00-05:00,124.68000030517578,126.45999908447266,120.54000091552734,120.98999786376953,117.6338119506836,148199500,0.0,0.0
2021-02-26 00:00:00-05:00,122.58999633789062,124.8499984741211,121.19999694824219,121.26000213623047,117.89630126953125,164560400,0.0,0.0
2021-03-01 00:00:00-05:00,123.75,127.93000030517578,122.79000091552734,127.79000091552734,124.24515533447266,116307900,0.0,0.0
2021-03-02 00:00:00-05:00,128.41000366210938,128.72000122070312,125.01000213623047,125.12000274658203,121.64924621582031,102260900,0.0,0.0
2021-03-03 00:00:00-05:00,124.80999755859375,125.70999908447266,121.83999633789062,122.05999755859375,118.67412567138672,112966300,0.0,0.0
2021-03-04 00:00:00-05:00,121.75,123.5999984741211,118.62000274658203,120.12999725341797,116.79765319824219,178155000,0.0,0.0
2021-03-05 00:00:00-05:00,120.9800033569336,121.94000244140625,117.56999969482422,121.41999816894531,118.05187225341797,153766600,0.0,0.0
2021-03-08 00:00:00-05:00,120.93000030517578,121.0,116.20999908447266,116.36000061035156,113.13224792480469,154376600,0.0,0.0
2021-03-09 00:00:00-05:00,119.02999877929688,122.05999755859375,118.79000091552734,121.08999633789062,117.73102569580078,129525800,0.0,0.0
2021-03-10 00:00:00-05:00,121.69000244140625,122.16999816894531,119.44999694824219,119.9800033569336,116.65180969238281,111943300,0.0,0.0
2021-03-11 00:00:00-05:00,122.54000091552734,123.20999908447266,121.26000213623047,121.95999908447266,118.57689666748047,103026500,0.0,0.0
2021-03-12 00:00:00-05:00,120.4000015258789,121.16999816894531,119.16000366210938,121.02999877929688,117.67269897460938,88105100,0.0,0.0
2021-03-15 00:00:00-04:00,121.41000366210938,124.0,120.41999816894531,123.98999786376953,120.55057525634766,92403800,0.0,0.0
2021-03-16 00:00:00-04:00,125.69999694824219,127.22000122070312,124.72000122070312,125.56999969482422,122.08674621582031,115227900,0.0,0.0
2021-03-17 00:00:00-04:00,124.05000305175781,125.86000061035156,122.33999633789062,124.76000213623047,121.29923248291016,111932600,0.0,0.0
2021-03-18 00:00:00-04:00,122.87999725341797,123.18000030517578,120.31999969482422,120.52999877929688,117.18655395507812,121229700,0.0,0.0
2021-03-19 00:00:00-04:00,119.9000015258789,121.43000030517578,119.68000030517578,119.98999786376953,116.66155242919922,185549500,0.0,0.0
2021-03-22 00:00:00-04:00,120.33000183105469,123.87000274658203,120.26000213623047,123.38999938964844,119.96721649169922,111912300,0.0,0.0
2021-03-23 00:00:00-04:00,123.33000183105469,124.23999786376953,122.13999938964844,122.54000091552734,119.14081573486328,95467100,0.0,0.0
2021-03-24 00:00:00-04:00,122.81999969482422,122.9000015258789,120.06999969482422,120.08999633789062,116.75875854492188,88530500,0.0,0.0
2021-03-25 00:00:00-04:00,119.54000091552734,121.66000366210938,119.0,120.58999633789062,117.24491119384766,98844700,0.0,0.0
2021-03-26 00:00:00-04:00,120.3499984741211,121.4800033569336,118.91999816894531,121.20999908447266,117.84768676757812,94071200,0.0,0.0
2021-03-29 00:00:00-04:00,121.6500015258789,122.58000183105469,120.7300033569336,121.38999938964844,118.022705078125,80819200,0.0,0.0
2021-03-30 00:00:00-04:00,120.11000061035156,120.4000015258789,118.86000061035156,119.9000015258789,116.57405090332031,85671900,0.0,0.0
2021-03-31 00:00:00-04:00,121.6500015258789,123.5199966430664,121.1500015258789,122.1500015258789,118.7616195678711,118323800,0.0,0.0
2021-04-01 00:00:00-04:00,123.66000366210938,124.18000030517578,122.48999786376953,123.0,119.58805847167969,75089100,0.0,0.0
2021-04-05 00:00:00-04:00,123.87000274658203,126.16000366210938,123.06999969482422,125.9000015258789,122.4075698852539,88651200,0.0,0.0
2021-04-06 00:00:00-04:00,126.5,127.12999725341797,125.6500015258789,126.20999908447266,122.70899963378906,80171300,0.0,0.0
2021-04-07 00:00:00-04:00,125.83000183105469,127.91999816894531,125.13999938964844,127.9000015258789,124.35211944580078,83466700,0.0,0.0
2021-04-08 00:00:00-04:00,128.9499969482422,130.38999938964844,128.52000427246094,130.36000061035156,126.74388122558594,88844600,0.0,0.0
2021-04-09 00:00:00-04:00,129.8000030517578,133.0399932861328,129.47000122070312,133.0,129.31063842773438,106686700,0.0,0.0
2021-04-12 00:00:00-04:00,132.52000427246094,132.85000610351562,130.6300048828125,131.24000549316406,127.59950256347656,91420000,0.0,0.0
2021-04-13 00:00:00-04:00,132.44000244140625,134.66000366210938,131.92999267578125,134.42999267578125,130.7010040283203,91266500,0.0,0.0
2021-04-14 00:00:00-04:00,134.94000244140625,135.0,131.66000366210938,132.02999877929688,128.36758422851562,87222800,0.0,0.0
2021-04-15 00:00:00-04:00,133.82000732421875,135.0,133.63999938964844,134.5,130.76905822753906,89347100,0.0,0.0
2021-04-16 00:00:00-04:00,134.3000030517578,134.6699981689453,133.27999877929688,134.16000366210938,130.43846130371094,84922400,0.0,0.0
2021-04-19 00:00:00-04:00,133.50999450683594,135.47000122070312,133.33999633789062,134.83999633789062,131.09959411621094,94264200,0.0,0.0
2021-04-20 00:00:00-04:00,135.02000427246094,135.52999877929688,131.80999755859375,133.11000061035156,129.4175567626953,94812300,0.0,0.0
2021-04-21 00:00:00-04:00,132.36000061035156,133.75,131.3000030517578,133.5,129.79678344726562,68847100,0.0,0.0
2021-04-22 00:00:00-04:00,133.0399932861328,134.14999389648438,131.41000366210938,131.94000244140625,128.28004455566406,84566500,0.0,0.0
2021-04-23 00:00:00-04:00,132.16000366210938,135.1199951171875,132.16000366210938,134.32000732421875,130.5940399169922,78657500,0.0,0.0
2021-04-26 00:00:00-04:00,134.8300018310547,135.05999755859375,133.55999755859375,134.72000122070312,130.98294067382812,66905100,0.0,0.0
2021-04-27 00:00:00-04:00,135.00999450683594,135.41000366210938,134.11000061035156,134.38999938964844,130.66209411621094,66015800,0.0,0.0
2021-04-28 00:00:00-04:00,134.30999755859375,135.02000427246094,133.0800018310547,133.5800018310547,129.8745574951172,107760100,0.0,0.0
2021-04-29 00:00:00-04:00,136.47000122070312,137.07000732421875,132.4499969482422,133.47999572753906,129.77731323242188,151101000,0.0,0.0
2021-04-30 00:00:00-04:00,131.77999877929688,133.55999755859375,131.07000732421875,131.4600067138672,127.8133773803711,109839500,0.0,0.0
2021-05-03 00:00:00-04:00,132.0399932861328,134.07000732421875,131.8300018310547,132.5399932861328,128.8634033203125,75135100,0.0,0.0
2021-05-04 00:00:00-04:00,131.19000244140625,131.49000549316406,126.69999694824219,127.8499984741211,124.30350494384766,137564700,0.0,0.0
2021-05-05 00:00:00-04:00,129.1999969482422,130.4499969482422,127.97000122070312,128.10000610351562,124.54656219482422,84000900,0.0,0.0
2021-05-06 00:00:00-04:00,127.88999938964844,129.75,127.12999725341797,129.74000549316406,126.14109802246094,78128300,0.0,0.0
2021-05-07 00:00:00-04:00,130.85000610351562,131.25999450683594,129.47999572753906,130.2100067138672,126.81304168701172,78973300,0.22,0.0
2021-05-10 00:00:00-04:00,129.41000366210938,129.5399932861328,126.80999755859375,126.8499984741211,123.54071044921875,88071200,0.0,0.0
2021-05-11 00:00:00-04:00,123.5,126.2699966430664,122.7699966430664,125.91000366210938,122.62525177001953,126142800,0.0,0.0
2021-05-12 00:00:00-04:00,123.4000015258789,124.63999938964844,122.25,122.7699966430664,119.56717681884766,112172300,0.0,0.0
2021-05-13 00:00:00-04:00,124.58000183105469,126.1500015258789,124.26000213623047,124.97000122070312,121.70978546142578,105861300,0.0,0.0
2021-05-14 00:00:00-04:00,126.25,127.88999938964844,125.8499984741211,127.44999694824219,124.12509155273438,81918000,0.0,0.0
2021-05-17 00:00:00-04:00,126.81999969482422,126.93000030517578,125.16999816894531,126.2699966430664,122.97586059570312,74244600,0.0,0.0
2021-05-18 00:00:00-04:00,126.55999755859375,126.98999786376953,124.77999877929688,124.8499984741211,121.5928955078125,63342900,0.0,0.0
2021-05-19 00:00:00-04:00,123.16000366210938,124.91999816894531,122.86000061035156,124.69000244140625,121.43708801269531,92612000,0.0,0.0
2021-05-20 00:00:00-04:00,125.2300033569336,127.72000122070312,125.0999984741211,127.30999755859375,123.98873138427734,76857100,0.0,0.0
2021-05-21 00:00:00-04:00,127.81999969482422,128.0,125.20999908447266,125.43000030517578,122.15777587890625,79295400,0.0,0.0
2021-05-24 00:00:00-04:00,126.01000213623047,127.94000244140625,125.94000244140625,127.0999984741211,123.78419494628906,63092900,0.0,0.0
2021-05-25 00:00:00-04:00,127.81999969482422,128.32000732421875,126.31999969482422,126.9000015258789,123.58943939208984,72009500,0.0,0.0
2021-05-26 00:00:00-04:00,126.95999908447266,127.38999938964844,126.41999816894531,126.8499984741211,123.54071044921875,56575900,0.0,0.0
2021-05-27 00:00:00-04:00,126.44000244140625,127.63999938964844,125.08000183105469,125.27999877929688,122.01167297363281,94625600,0.0,0.0
2021-05-28 00:00:00-04:00,125.56999969482422,125.80000305175781,124.55000305175781,124.61000061035156,121.35918426513672,71311100,0.0,0.0
2021-06-01 00:00:00-04:00,125.08000183105469,125.3499984741211,123.94000244140625,124.27999877929688,121.03778839111328,67637100,0.0,0.0
2021-06-02 00:00:00-04:00,124.27999877929688,125.23999786376953,124.05000305175781,125.05999755859375,121.79742431640625,59278900,0.0,0.0
2021-06-03 00:00:00-04:00,124.68000030517578,124.8499984741211,123.12999725341797,123.54000091552734,120.31710052490234,76229200,0.0,0.0
2021-06-04 00:00:00-04:00,124.06999969482422,126.16000366210938,123.8499984741211,125.88999938964844,122.60577392578125,75169300,0.0,0.0
2021-06-07 00:00:00-04:00,126.16999816894531,126.31999969482422,124.83000183105469,125.9000015258789,122.61549377441406,71057600,0.0,0.0
2021-06-08 00:00:00-04:00,126.5999984741211,128.4600067138672,126.20999908447266,126.73999786376953,123.4336166381836,74403800,0.0,0.0
2021-06-09 00:00:00-04:00,127.20999908447266,127.75,126.5199966430664,127.12999725341797,123.81342315673828,56877900,0.0,0.0
2021-06-10 00:00:00-04:00,127.0199966430664,128.19000244140625,125.94000244140625,126.11000061035156,122.82003784179688,71186400,0.0,0.0
2021-06-11 00:00:00-04:00,126.52999877929688,127.44000244140625,126.0999984741211,127.3499984741211,124.02767944335938,53522400,0.0,0.0
2021-06-14 00:00:00-04:00,127.81999969482422,130.5399932861328,127.06999969482422,130.47999572753906,127.07601928710938,96906500,0.0,0.0
2021-06-15 00:00:00-04:00,129.94000244140625,130.60000610351562,129.38999938964844,129.63999938964844,126.25794219970703,62746300,0.0,0.0
2021-06-16 00:00:00-04:00,130.3699951171875,130.88999938964844,128.4600067138672,130.14999389648438,126.75463104248047,91815000,0.0,0.0
2021-06-17 00:00:00-04:00,129.8000030517578,132.5500030517578,129.64999389648438,131.7899932861328,128.35183715820312,96721700,0.0,0.0
2021-06-18 00:00:00-04:00,130.7100067138672,131.50999450683594,130.24000549316406,130.4600067138672,127.05656433105469,108953300,0.0,0.0
2021-06-21 00:00:00-04:00,130.3000030517578,132.41000366210938,129.2100067138672,132.3000030517578,128.8485565185547,79663300,0.0,0.0
2021-06-22 00:00:00-04:00,132.1300048828125,134.0800018310547,131.6199951171875,133.97999572753906,130.48475646972656,74783600,0.0,0.0
2021-06-23 00:00:00-04:00,133.77000427246094,134.32000732421875,133.22999572753906,133.6999969482422,130.21205139160156,60214200,0.0,0.0
2021-06-24 00:00:00-04:00,134.4499969482422,134.63999938964844,132.92999267578125,133.41000366210938,129.9296112060547,68711000,0.0,0.0
2021-06-25 00:00:00-04:00,133.4600067138672,133.88999938964844,132.80999755859375,133.11000061035156,129.63739013671875,70783700,0.0,0.0
2021-06-28 00:00:00-04:00,133.41000366210938,135.25,133.35000610351562,134.77999877929688,131.26385498046875,62111300,0.0,0.0
2021-06-29 00:00:00-04:00,134.8000030517578,136.49000549316406,134.35000610351562,136.3300018310547,132.77342224121094,64556100,0.0,0.0
2021-06-30 00:00:00-04:00,136.1699981689453,137.41000366210938,135.8699951171875,136.9600067138672,133.38699340820312,63261400,0.0,0.0
2021-07-01 00:00:00-04:00,136.60000610351562,137.3300018310547,135.75999450683594,137.27000427246094,133.6889190673828,52485800,0.0,0.0
2021-07-02 00:00:00-04:00,137.89999389648438,140.0,137.75,139.9600067138672,136.30870056152344,78852600,0.0,0.0
2021-07-06 00:00:00-04:00,140.07000732421875,143.14999389648438,140.07000732421875,142.02000427246094,138.3150177001953,108181800,0.0,0.0
2021-07-07 00:00:00-04:00,143.5399932861328,144.88999938964844,142.66000366210938,144.57000732421875,140.79847717285156,104911600,0.0,0.0
2021-07-08 00:00:00-04:00,141.5800018310547,144.05999755859375,140.6699981689453,143.24000549316406,139.50315856933594,105575500,0.0,0.0
2021-07-09 00:00:00-04:00,142.75,145.64999389648438,142.64999389648438,145.11000061035156,141.32437133789062,99890800,0.0,0.0
2021-07-12 00:00:00-04:00,146.2100067138672,146.32000732421875,144.0,144.5,140.7303009033203,76299700,0.0,0.0
2021-07-13 00:00:00-04:00,144.02999877929688,147.4600067138672,143.6300048828125,145.63999938964844,141.8405303955078,100827100,0.0,0.0
2021-07-14 00:00:00-04:00,148.10000610351562,149.57000732421875,147.67999267578125,149.14999389648438,145.25897216796875,127050800,0.0,0.0
2021-07-15 00:00:00-04:00,149.24000549316406,150.0,147.08999633789062,148.47999572753906,144.60647583007812,106820300,0.0,0.0
2021-07-16 00:00:00-04:00,148.4600067138672,149.75999450683594,145.8800048828125,146.38999938964844,142.57098388671875,93251400,0.0,0.0
2021-07-19 00:00:00-04:00,143.75,144.07000732421875,141.6699981689453,142.4499969482422,138.73373413085938,121434600,0.0,0.0
2021-07-20 00:00:00-04:00,143.4600067138672,147.10000610351562,142.9600067138672,146.14999389648438,142.3372344970703,96350000,0.0,0.0
2021-07-21 00:00:00-04:00,145.52999877929688,146.1300048828125,144.6300048828125,145.39999389648438,141.60678100585938,74993500,0.0,0.0
2021-07-22 00:00:00-04:00,145.94000244140625,148.1999969482422,145.80999755859375,146.8000030517578,142.9702606201172,77338200,0.0,0.0
2021-07-23 00:00:00-04:00,147.5500030517578,148.72000122070312,146.9199981689453,148.55999755859375,144.6843719482422,71447400,0.0,0.0
2021-07-26 00:00:00-04:00,148.27000427246094,149.8300018310547,147.6999969482422,148.99000549316406,145.10313415527344,72434100,0.0,0.0
2021-07-27 00:00:00-04:00,149.1199951171875,149.2100067138672,145.5500030517578,146.77000427246094,142.9410400390625,104818600,0.0,0.0
2021-07-28 00:00:00-04:00,144.80999755859375,146.97000122070312,142.5399932861328,144.97999572753906,141.19778442382812,118931200,0.0,0.0
2021-07-29 00:00:00-04:00,144.69000244140625,146.5500030517578,144.5800018310547,145.63999938964844,141.8405303955078,56699500,0.0,0.0
2021-07-30 00:00:00-04:00,144.3800048828125,146.3300018310547,144.11000061035156,145.86000061035156,142.05479431152344,70440600,0.0,0.0
2021-08-02 00:00:00-04:00,146.36000061035156,146.9499969482422,145.25,145.52000427246094,141.72366333007812,62880000,0.0,0.0
2021-08-03 00:00:00-04:00,145.80999755859375,148.0399932861328,145.17999267578125,147.36000061035156,143.5157012939453,64786600,0.0,0.0
2021-08-04 00:00:00-04:00,147.27000427246094,147.7899932861328,146.27999877929688,146.9499969482422,143.1163330078125,56368300,0.0,0.0
2021-08-05 00:00:00-04:00,146.97999572753906,147.83999633789062,146.1699981689453,147.05999755859375,143.22354125976562,46397700,0.0,0.0
2021-08-06 00:00:00-04:00,146.35000610351562,147.11000061035156,145.6300048828125,146.13999938964844,142.5407257080078,54126800,0.22,0.0
2021-08-09 00:00:00-04:00,146.1999969482422,146.6999969482422,145.52000427246094,146.08999633789062,142.49195861816406,48908700,0.0,0.0
2021-08-10 00:00:00-04:00,146.44000244140625,147.7100067138672,145.3000030517578,145.60000610351562,142.01402282714844,69023100,0.0,0.0
2021-08-11 00:00:00-04:00,146.0500030517578,146.72000122070312,145.52999877929688,145.86000061035156,142.26763916015625,48493500,0.0,0.0
2021-08-12 00:00:00-04:00,146.19000244140625,149.0500030517578,145.83999633789062,148.88999938964844,145.2229766845703,72282600,0.0,0.0
2021-08-13 00:00:00-04:00,148.97000122070312,149.44000244140625,148.27000427246094,149.10000610351562,145.42782592773438,59375000,0.0,0.0
2021-08-16 00:00:00-04:00,148.5399932861328,151.19000244140625,146.47000122070312,151.1199951171875,147.39805603027344,103296000,0.0,0.0
2021-08-17 00:00:00-04:00,150.22999572753906,151.67999267578125,149.08999633789062,150.19000244140625,146.49102783203125,92229700,0.0,0.0
2021-08-18 00:00:00-04:00,149.8000030517578,150.72000122070312,146.14999389648438,146.36000061035156,142.75531005859375,86326000,0.0,0.0
2021-08-19 00:00:00-04:00,145.02999877929688,148.0,144.5,146.6999969482422,143.08694458007812,86960300,0.0,0.0
2021-08-20 00:00:00-04:00,147.44000244140625,148.5,146.77999877929688,148.19000244140625,144.5402374267578,60549600,0.0,0.0
2021-08-23 00:00:00-04:00,148.30999755859375,150.19000244140625,147.88999938964844,149.7100067138672,146.0227813720703,60131800,0.0,0.0
2021-08-24 00:00:00-04:00,149.4499969482422,150.86000061035156,149.14999389648438,149.6199951171875,145.93502807617188,48606400,0.0,0.0
2021-08-25 00:00:00-04:00,149.80999755859375,150.32000732421875,147.8000030517578,148.36000061035156,144.70608520507812,58991300,0.0,0.0
2021-08-26 00:00:00-04:00,148.35000610351562,149.1199951171875,147.50999450683594,147.5399932861328,143.90626525878906,48597200,0.0,0.0
2021-08-27 00:00:00-04:00,147.47999572753906,148.75,146.8300018310547,148.60000610351562,144.94017028808594,55802400,0.0,0.0
2021-08-30 00:00:00-04:00,149.0,153.49000549316406,148.61000061035156,153.1199951171875,149.3488311767578,90956700,0.0,0.0
2021-08-31 00:00:00-04:00,152.66000366210938,152.8000030517578,151.2899932861328,151.8300018310547,148.09059143066406,86453100,0.0,0.0
2021-09-01 00:00:00-04:00,152.8300018310547,154.97999572753906,152.33999633789062,152.50999450683594,148.7538604736328,80313700,0.0,0.0
2021-09-02 00:00:00-04:00,153.8699951171875,154.72000122070312,152.39999389648438,153.64999389648438,149.8657684326172,71115500,0.0,0.0
2021-09-03 00:00:00-04:00,153.75999450683594,154.6300048828125,153.08999633789062,154.3000030517578,150.49977111816406,57808700,0.0,0.0
2021-09-07 00:00:00-04:00,154.97000122070312,157.25999450683594,154.38999938964844,156.69000244140625,152.8309326171875,82278300,0.0,0.0
2021-09-08 00:00:00-04:00,156.97999572753906,157.0399932861328,153.97999572753906,155.11000061035156,151.28982543945312,74420200,0.0,0.0
2021-09-09 00:00:00-04:00,155.49000549316406,156.11000061035156,153.9499969482422,154.07000732421875,150.27542114257812,57305700,0.0,0.0
2021-09-10 00:00:00-04:00,155.0,155.47999572753906,148.6999969482422,148.97000122070312,145.30101013183594,140893200,0.0,0.0
2021-09-13 00:00:00-04:00,150.6300048828125,151.4199981689453,148.75,149.5500030517578,145.86679077148438,102404300,0.0,0.0
2021-09-14 00:00:00-04:00,150.35000610351562,151.07000732421875,146.91000366210938,148.1199951171875,144.47193908691406,109296300,0.0,0.0
2021-09-15 00:00:00-04:00,148.55999755859375,149.44000244140625,146.3699951171875,149.02999877929688,145.35955810546875,83281300,0.0,0.0
2021-09-16 00:00:00-04:00,148.44000244140625,148.97000122070312,147.22000122070312,148.7899932861328,145.1254425048828,68034100,0.0,0.0
2021-09-17 00:00:00-04:00,148.82000732421875,148.82000732421875,145.75999450683594,146.05999755859375,142.46270751953125,129868800,0.0,0.0
2021-09-20 00:00:00-04:00,143.8000030517578,144.83999633789062,141.27000427246094,142.94000244140625,139.4195556640625,123478900,0.0,0.0
2021-09-21 00:00:00-04:00,143.92999267578125,144.60000610351562,142.77999877929688,143.42999267578125,139.8975067138672,75834000,0.0,0.0
2021-09-22 00:00:00-04:00,144.4499969482422,146.42999267578125,143.6999969482422,145.85000610351562,142.2578887939453,76404300,0.0,0.0
2021-09-23 00:00:00-04:00,146.64999389648438,147.0800018310547,145.63999938964844,146.8300018310547,143.21372985839844,64838200,0.0,0.0
2021-09-24 00:00:00-04:00,145.66000366210938,147.47000122070312,145.55999755859375,146.9199981689453,143.30152893066406,53477900,0.0,0.0
2021-09-27 00:00:00-04:00,145.47000122070312,145.9600067138672,143.82000732421875,145.3699951171875,141.7897186279297,74150700,0.0,0.0
2021-09-28 00:00:00-04:00,143.25,144.75,141.69000244140625,141.91000366210938,138.4149627685547,108972300,0.0,0.0
2021-09-29 00:00:00-04:00,142.47000122070312,144.4499969482422,142.02999877929688,142.8300018310547,139.312255859375,74602000,0.0,0.0
2021-09-30 00:00:00-04:00,143.66000366210938,144.3800048828125,141.27999877929688,141.5,138.0150146484375,89056700,0.0,0.0
2021-10-01 00:00:00-04:00,141.89999389648438,142.9199981689453,139.11000061035156,142.64999389648438,139.1366729736328,94639600,0.0,0.0
2021-10-04 00:00:00-04:00,141.75999450683594,142.2100067138672,138.27000427246094,139.13999938964844,135.71315002441406,98322000,0.0,0.0
2021-10-05 00:00:00-04:00,139.49000549316406,142.24000549316406,139.36000061035156,141.11000061035156,137.63462829589844,80861100,0.0,0.0
2021-10-06 00:00:00-04:00,139.47000122070312,142.14999389648438,138.3699951171875,142.0,138.50270080566406,83221100,0.0,0.0
2021-10-07 00:00:00-04:00,143.05999755859375,144.22000122070312,142.72000122070312,143.2899932861328,139.7609100341797,61732700,0.0,0.0
2021-10-08 00:00:00-04:00,144.02999877929688,144.17999267578125,142.55999755859375,142.89999389648438,139.38052368164062,58773200,0.0,0.0
2021-10-11 00:00:00-04:00,142.27000427246094,144.80999755859375,141.80999755859375,142.80999755859375,139.29273986816406,64452200,0.0,0.0
2021-10-12 00:00:00-04:00,143.22999572753906,143.25,141.0399932861328,141.50999450683594,138.0247802734375,73035900,0.0,0.0
2021-10-13 00:00:00-04:00,141.24000549316406,141.39999389648438,139.1999969482422,140.91000366210938,137.4394989013672,78762700,0.0,0.0
2021-10-14 00:00:00-04:00,142.11000061035156,143.8800048828125,141.50999450683594,143.75999450683594,140.21932983398438,69907100,0.0,0.0
2021-10-15 00:00:00-04:00,143.77000427246094,144.89999389648438,143.50999450683594,144.83999633789062,141.27276611328125,67940300,0.0,0.0
2021-10-18 00:00:00-04:00,143.4499969482422,146.83999633789062,143.16000366210938,146.5500030517578,142.94064331054688,85589200,0.0,0.0
2021-10-19 00:00:00-04:00,147.00999450683594,149.1699981689453,146.5500030517578,148.75999450683594,145.09625244140625,76378900,0.0,0.0
2021-10-20 00:00:00-04:00,148.6999969482422,149.75,148.1199951171875,149.25999450683594,145.58389282226562,58418800,0.0,0.0
2021-10-21 00:00:00-04:00,148.80999755859375,149.63999938964844,147.8699951171875,149.47999572753906,145.79849243164062,61421000,0.0,0.0
2021-10-22 00:00:00-04:00,149.69000244140625,150.17999267578125,148.63999938964844,148.69000244140625,145.0279541015625,58883400,0.0,0.0
2021-10-25 00:00:00-04:00,148.67999267578125,149.3699951171875,147.6199951171875,148.63999938964844,144.97915649414062,50720600,0.0,0.0
2021-10-26 00:00:00-04:00,149.3300018310547,150.83999633789062,149.00999450683594,149.32000732421875,145.64242553710938,60893400,0.0,0.0
2021-10-27 00:00:00-04:00,149.36000061035156,149.72999572753906,148.49000549316406,148.85000610351562,145.1840057373047,56094900,0.0,0.0
2021-10-28 00:00:00-04:00,149.82000732421875,153.1699981689453,149.72000122070312,152.57000732421875,148.81239318847656,100077900,0.0,0.0
2021-10-29 00:00:00-04:00,147.22000122070312,149.94000244140625,146.41000366210938,149.8000030517578,146.11061096191406,124953200,0.0,0.0
2021-11-01 00:00:00-04:00,148.99000549316406,149.6999969482422,147.8000030517578,148.9600067138672,145.29129028320312,74588300,0.0,0.0
2021-11-02 00:00:00-04:00,148.66000366210938,151.57000732421875,148.64999389648438,150.02000427246094,146.32516479492188,69122000,0.0,0.0
2021-11-03 00:00:00-04:00,150.38999938964844,151.97000122070312,149.82000732421875,151.49000549316406,147.75897216796875,54511500,0.0,0.0
2021-11-04 00:00:00-04:00,151.5800018310547,152.42999267578125,150.63999938964844,150.9600067138672,147.24203491210938,60394600,0.0,0.0
2021-11-05 00:00:00-04:00,151.88999938964844,152.1999969482422,150.05999755859375,151.27999877929688,147.76953125,65463900,0.22,0.0
2021-11-08 00:00:00-05:00,151.41000366210938,151.57000732421875,150.16000366210938,150.44000244140625,146.94900512695312,55020900,0.0,0.0
2021-11-09 00:00:00-05:00,150.1999969482422,151.42999267578125,150.05999755859375,150.80999755859375,147.31039428710938,56787900,0.0,0.0
2021-11-10 00:00:00-05:00,150.02000427246094,150.1300048828125,147.85000610351562,147.9199981689453,144.4874725341797,65187100,0.0,0.0
2021-11-11 00:00:00-05:00,148.9600067138672,149.42999267578125,147.67999267578125,147.8699951171875,144.43862915039062,41000000,0.0,0.0
2021-11-12 00:00:00-05:00,148.42999267578125,150.39999389648438,147.47999572753906,149.99000549316406,146.50942993164062,63804000,0.0,0.0
2021-11-15 00:00:00-05:00,150.3699951171875,151.8800048828125,149.42999267578125,150.0,146.51919555664062,59222800,0.0,0.0
2021-11-16 00:00:00-05:00,149.94000244140625,151.49000549316406,149.33999633789062,151.0,147.49600219726562,59256200,0.0,0.0
2021-11-17 00:00:00-05:00,151.0,155.0,150.99000549316406,153.49000549316406,149.9281768798828,88807000,0.0,0.0
2021-11-18 00:00:00-05:00,153.7100067138672,158.6699981689453,153.0500030517578,157.8699951171875,154.20657348632812,137827700,0.0,0.0
2021-11-19 00:00:00-05:00,157.64999389648438,161.02000427246094,156.52999877929688,160.5500030517578,156.82437133789062,117305600,0.0,0.0
2021-11-22 00:00:00-05:00,161.67999267578125,165.6999969482422,161.0,161.02000427246094,157.28347778320312,117467900,0.0,0.0
2021-11-23 00:00:00-05:00,161.1199951171875,161.8000030517578,159.05999755859375,161.41000366210938,157.66439819335938,96041900,0.0,0.0
2021-11-24 00:00:00-05:00,160.75,162.13999938964844,159.63999938964844,161.94000244140625,158.18212890625,69463600,0.0,0.0
2021-11-26 00:00:00-05:00,159.57000732421875,160.4499969482422,156.36000061035156,156.80999755859375,153.1711883544922,76959800,0.0,0.0
2021-11-29 00:00:00-05:00,159.3699951171875,161.19000244140625,158.7899932861328,160.24000549316406,156.5216064453125,88748200,0.0,0.0
2021-11-30 00:00:00-05:00,159.99000549316406,165.52000427246094,159.9199981689453,165.3000030517578,161.46414184570312,174048100,0.0,0.0
2021-12-01 00:00:00-05:00,167.47999572753906,170.3000030517578,164.52999877929688,164.77000427246094,160.94644165039062,152052500,0.0,0.0
2021-12-02 00:00:00-05:00,158.74000549316406,164.1999969482422,157.8000030517578,163.75999450683594,159.95986938476562,136739200,0.0,0.0
2021-12-03 00:00:00-05:00,164.02000427246094,164.9600067138672,159.72000122070312,161.83999633789062,158.08447265625,118023100,0.0,0.0
2021-12-06 00:00:00-05:00,164.2899932861328,167.8800048828125,164.27999877929688,165.32000732421875,161.4836883544922,107497000,0.0,0.0
2021-12-07 00:00:00-05:00,169.0800018310547,171.5800018310547,168.33999633789062,171.17999267578125,167.20770263671875,120405400,0.0,0.0
2021-12-08 00:00:00-05:00,172.1300048828125,175.9600067138672,170.6999969482422,175.0800018310547,171.01719665527344,116998900,0.0,0.0
2021-12-09 00:00:00-05:00,174.91000366210938,176.75,173.9199981689453,174.55999755859375,170.50924682617188,108923700,0.0,0.0
2021-12-10 00:00:00-05:00,175.2100067138672,179.6300048828125,174.69000244140625,179.4499969482422,175.2858123779297,115402700,0.0,0.0
2021-12-13 00:00:00-05:00,181.1199951171875,182.1300048828125,175.52999877929688,175.74000549316406,171.66189575195312,153237000,0.0,0.0
2021-12-14 00:00:00-05:00,175.25,177.74000549316406,172.2100067138672,174.3300018310547,170.2846221923828,139380400,0.0,0.0
2021-12-15 00:00:00-05:00,175.11000061035156,179.5,172.30999755859375,179.3000030517578,175.1392822265625,131063300,0.0,0.0
2021-12-16 00:00:00-05:00,179.27999877929688,181.13999938964844,170.75,172.25999450683594,168.26268005371094,150185800,0.0,0.0
2021-12-17 00:00:00-05:00,169.92999267578125,173.47000122070312,169.69000244140625,171.13999938964844,167.1686553955078,195432700,0.0,0.0
2021-12-20 00:00:00-05:00,168.27999877929688,170.5800018310547,167.4600067138672,169.75,165.8109130859375,107499100,0.0,0.0
2021-12-21 00:00:00-05:00,171.55999755859375,173.1999969482422,169.1199951171875,172.99000549316406,168.97569274902344,91185900,0.0,0.0
2021-12-22 00:00:00-05:00,173.0399932861328,175.86000061035156,172.14999389648438,175.63999938964844,171.564208984375,92135300,0.0,0.0
2021-12-23 00:00:00-05:00,175.85000610351562,176.85000610351562,175.27000427246094,176.27999877929688,172.1893768310547,68356600,0.0,0.0
2021-12-27 00:00:00-05:00,177.08999633789062,180.4199981689453,177.07000732421875,180.3300018310547,176.1453857421875,74919600,0.0,0.0
2021-12-28 00:00:00-05:00,180.16000366210938,181.3300018310547,178.52999877929688,179.2899932861328,175.1295166015625,79144300,0.0,0.0
2021-12-29 00:00:00-05:00,179.3300018310547,180.6300048828125,178.13999938964844,179.3800048828125,175.21746826171875,62348900,0.0,0.0
2021-12-30 00:00:00-05:00,179.47000122070312,180.57000732421875,178.08999633789062,178.1999969482422,174.06475830078125,59773000,0.0,0.0
2021-12-31 00:00:00-05:00,178.08999633789062,179.22999572753906,177.25999450683594,177.57000732421875,173.4493865966797,64062300,0.0,0.0
2022-01-03 00:00:00-05:00,177.8300018310547,182.8800048828125,177.7100067138672,182.00999450683594,177.78639221191406,104487900,0.0,0.0
2022-01-04 00:00:00-05:00,182.6300048828125,182.94000244140625,179.1199951171875,179.6999969482422,175.5299835205078,99310400,0.0,0.0
2022-01-05 00:00:00-05:00,179.61000061035156,180.1699981689453,174.63999938964844,174.9199981689453,170.86090087890625,94537600,0.0,0.0
2022-01-06 00:00:00-05:00,172.6999969482422,175.3000030517578,171.63999938964844,172.0,168.0087127685547,96904000,0.0,0.0
2022-01-07 00:00:00-05:00,172.88999938964844,174.13999938964844,171.02999877929688,172.1699981689453,168.17474365234375,86709100,0.0,0.0
2022-01-10 00:00:00-05:00,169.0800018310547,172.5,168.1699981689453,172.19000244140625,168.19424438476562,106765600,0.0,0.0
2022-01-11 00:00:00-05:00,172.32000732421875,175.17999267578125,170.82000732421875,175.0800018310547,171.01719665527344,76138300,0.0,0.0
2022-01-12 00:00:00-05:00,176.1199951171875,177.17999267578125,174.82000732421875,175.52999877929688,171.4567413330078,74805200,0.0,0.0
2022-01-13 00:00:00-05:00,175.77999877929688,176.6199951171875,171.7899932861328,172.19000244140625,168.19424438476562,84505800,0.0,0.0
2022-01-14 00:00:00-05:00,171.33999633789062,173.77999877929688,171.08999633789062,173.07000732421875,169.05384826660156,80440800,0.0,0.0
2022-01-18 00:00:00-05:00,171.50999450683594,172.5399932861328,169.41000366210938,169.8000030517578,165.85971069335938,90956700,0.0,0.0
2022-01-19 00:00:00-05:00,170.0,171.0800018310547,165.94000244140625,166.22999572753906,162.3726043701172,94815000,0.0,0.0
2022-01-20 00:00:00-05:00,166.97999572753906,169.67999267578125,164.17999267578125,164.50999450683594,160.69252014160156,91420500,0.0,0.0
2022-01-21 00:00:00-05:00,164.4199981689453,166.3300018310547,162.3000030517578,162.41000366210938,158.64120483398438,122848900,0.0,0.0
2022-01-24 00:00:00-05:00,160.02000427246094,162.3000030517578,154.6999969482422,161.6199951171875,157.86953735351562,162294600,0.0,0.0
2022-01-25 00:00:00-05:00,158.97999572753906,162.75999450683594,157.02000427246094,159.77999877929688,156.07225036621094,115798400,0.0,0.0
2022-01-26 00:00:00-05:00,163.5,164.38999938964844,157.82000732421875,159.69000244140625,155.98434448242188,108275300,0.0,0.0
2022-01-27 00:00:00-05:00,162.4499969482422,163.83999633789062,158.27999877929688,159.22000122070312,155.52523803710938,121954600,0.0,0.0
2022-01-28 00:00:00-05:00,165.7100067138672,170.35000610351562,162.8000030517578,170.3300018310547,166.37742614746094,179935700,0.0,0.0
2022-01-31 00:00:00-05:00,170.16000366210938,175.0,169.50999450683594,174.77999877929688,170.72415161132812,115541600,0.0,0.0
2022-02-01 00:00:00-05:00,174.00999450683594,174.83999633789062,172.30999755859375,174.61000061035156,170.55812072753906,86213900,0.0,0.0
2022-02-02 00:00:00-05:00,174.75,175.8800048828125,173.3300018310547,175.83999633789062,171.75953674316406,84914300,0.0,0.0
2022-02-03 00:00:00-05:00,174.47999572753906,176.24000549316406,172.1199951171875,172.89999389648438,168.88780212402344,89418100,0.0,0.0
2022-02-04 00:00:00-05:00,171.67999267578125,174.10000610351562,170.67999267578125,172.38999938964844,168.60418701171875,82465400,0.22,0.0
2022-02-07 00:00:00-05:00,172.86000061035156,173.9499969482422,170.9499969482422,171.66000366210938,167.8902130126953,77251200,0.0,0.0
2022-02-08 00:00:00-05:00,171.72999572753906,175.35000610351562,171.42999267578125,174.8300018310547,170.99058532714844,74829200,0.0,0.0
2022-02-09 00:00:00-05:00,176.0500030517578,176.64999389648438,174.89999389648438,176.27999877929688,172.4087371826172,71285000,0.0,0.0
2022-02-10 00:00:00-05:00,174.13999938964844,175.47999572753906,171.5500030517578,172.1199951171875,168.34010314941406,90865900,0.0,0.0
2022-02-11 00:00:00-05:00,172.3300018310547,173.0800018310547,168.0399932861328,168.63999938964844,164.93650817871094,98670700,0.0,0.0
2022-02-14 00:00:00-05:00,167.3699951171875,169.5800018310547,166.55999755859375,168.8800048828125,165.17123413085938,86185500,0.0,0.0
2022-02-15 00:00:00-05:00,170.97000122070312,172.9499969482422,170.25,172.7899932861328,168.9954071044922,62527400,0.0,0.0
2022-02-16 00:00:00-05:00,171.85000610351562,173.33999633789062,170.0500030517578,172.5500030517578,168.7606658935547,61177400,0.0,0.0
2022-02-17 00:00:00-05:00,171.02999877929688,171.91000366210938,168.47000122070312,168.8800048828125,165.17123413085938,69589300,0.0,0.0
2022-02-18 00:00:00-05:00,169.82000732421875,170.5399932861328,166.19000244140625,167.3000030517578,163.6259765625,82772700,0.0,0.0
2022-02-22 00:00:00-05:00,164.97999572753906,166.69000244140625,162.14999389648438,164.32000732421875,160.7113800048828,91162800,0.0,0.0
2022-02-23 00:00:00-05:00,165.5399932861328,166.14999389648438,159.75,160.07000732421875,156.5547637939453,90009200,0.0,0.0
2022-02-24 00:00:00-05:00,152.5800018310547,162.85000610351562,152.0,162.74000549316406,159.1661376953125,141147500,0.0,0.0
2022-02-25 00:00:00-05:00,163.83999633789062,165.1199951171875,160.8699951171875,164.85000610351562,161.22976684570312,91974200,0.0,0.0
2022-02-28 00:00:00-05:00,163.05999755859375,165.4199981689453,162.42999267578125,165.1199951171875,161.49380493164062,95056600,0.0,0.0
2022-03-01 00:00:00-05:00,164.6999969482422,166.60000610351562,161.97000122070312,163.1999969482422,159.61599731445312,83474400,0.0,0.0
2022-03-02 00:00:00-05:00,164.38999938964844,167.36000061035156,162.9499969482422,166.55999755859375,162.9021759033203,79724800,0.0,0.0
2022-03-03 00:00:00-05:00,168.47000122070312,168.91000366210938,165.5500030517578,166.22999572753906,162.57945251464844,76678400,0.0,0.0
2022-03-04 00:00:00-05:00,164.49000549316406,165.5500030517578,162.10000610351562,163.1699981689453,159.586669921875,83737200,0.0,0.0
2022-03-07 00:00:00-05:00,163.36000061035156,165.02000427246094,159.0399932861328,159.3000030517578,155.80162048339844,96418800,0.0,0.0
2022-03-08 00:00:00-05:00,158.82000732421875,162.8800048828125,155.8000030517578,157.44000244140625,153.98248291015625,131148300,0.0,0.0
2022-03-09 00:00:00-05:00,161.47999572753906,163.41000366210938,159.41000366210938,162.9499969482422,159.3714599609375,91454900,0.0,0.0
2022-03-10 00:00:00-05:00,160.1999969482422,160.38999938964844,155.97999572753906,158.52000427246094,155.03872680664062,105342000,0.0,0.0
2022-03-11 00:00:00-05:00,158.92999267578125,159.27999877929688,154.5,154.72999572753906,151.3319854736328,96970100,0.0,0.0
2022-03-14 00:00:00-04:00,151.4499969482422,154.1199951171875,150.10000610351562,150.6199951171875,147.31222534179688,108732100,0.0,0.0
2022-03-15 00:00:00-04:00,150.89999389648438,155.57000732421875,150.3800048828125,155.08999633789062,151.6841278076172,92964300,0.0,0.0
2022-03-16 00:00:00-04:00,157.0500030517578,160.0,154.4600067138672,159.58999633789062,156.08526611328125,102300200,0.0,0.0
2022-03-17 00:00:00-04:00,158.61000061035156,161.0,157.6300048828125,160.6199951171875,157.09268188476562,75615400,0.0,0.0
2022-03-18 00:00:00-04:00,160.50999450683594,164.47999572753906,159.75999450683594,163.97999572753906,160.3788604736328,123511700,0.0,0.0
2022-03-21 00:00:00-04:00,163.50999450683594,166.35000610351562,163.00999450683594,165.3800048828125,161.7481231689453,95811400,0.0,0.0
2022-03-22 00:00:00-04:00,165.50999450683594,169.4199981689453,164.91000366210938,168.82000732421875,165.11257934570312,81532000,0.0,0.0
2022-03-23 00:00:00-04:00,167.99000549316406,172.63999938964844,167.64999389648438,170.2100067138672,166.47207641601562,98062700,0.0,0.0
2022-03-24 00:00:00-04:00,171.05999755859375,174.13999938964844,170.2100067138672,174.07000732421875,170.2472686767578,90131400,0.0,0.0
2022-03-25 00:00:00-04:00,173.8800048828125,175.27999877929688,172.75,174.72000122070312,170.88302612304688,80546200,0.0,0.0
2022-03-28 00:00:00-04:00,172.1699981689453,175.72999572753906,172.0,175.60000610351562,171.74366760253906,90371900,0.0,0.0
2022-03-29 00:00:00-04:00,176.69000244140625,179.00999450683594,176.33999633789062,178.9600067138672,175.0299072265625,100589400,0.0,0.0
2022-03-30 00:00:00-04:00,178.5500030517578,179.61000061035156,176.6999969482422,177.77000427246094,173.86599731445312,92633200,0.0,0.0
2022-03-31 00:00:00-04:00,177.83999633789062,178.02999877929688,174.39999389648438,174.61000061035156,170.7754669189453,103049300,0.0,0.0
2022-04-01 00:00:00-04:00,174.02999877929688,174.8800048828125,171.94000244140625,174.30999755859375,170.48199462890625,78751300,0.0,0.0
2022-04-04 00:00:00-04:00,174.57000732421875,178.49000549316406,174.44000244140625,178.44000244140625,174.52130126953125,76468400,0.0,0.0
2022-04-05 00:00:00-04:00,177.5,178.3000030517578,174.4199981689453,175.05999755859375,171.21551513671875,73401800,0.0,0.0
2022-04-06 00:00:00-04:00,172.36000061035156,173.6300048828125,170.1300048828125,171.8300018310547,168.0564422607422,89058800,0.0,0.0
2022-04-07 00:00:00-04:00,171.16000366210938,173.36000061035156,169.85000610351562,172.13999938964844,168.35964965820312,77594700,0.0,0.0
2022-04-08 00:00:00-04:00,171.77999877929688,171.77999877929688,169.1999969482422,170.08999633789062,166.3546600341797,76575500,0.0,0.0
2022-04-11 00:00:00-04:00,168.7100067138672,169.02999877929688,165.5,165.75,162.1099853515625,72246700,0.0,0.0
2022-04-12 00:00:00-04:00,168.02000427246094,169.8699951171875,166.63999938964844,167.66000366210938,163.97804260253906,79265200,0.0,0.0
2022-04-13 00:00:00-04:00,167.38999938964844,171.0399932861328,166.77000427246094,170.39999389648438,166.65785217285156,70618900,0.0,0.0
2022-04-14 00:00:00-04:00,170.6199951171875,171.27000427246094,165.0399932861328,165.2899932861328,161.6600799560547,75329400,0.0,0.0
2022-04-18 00:00:00-04:00,163.9199981689453,166.60000610351562,163.57000732421875,165.07000732421875,161.44493103027344,69023900,0.0,0.0
2022-04-19 00:00:00-04:00,165.02000427246094,167.82000732421875,163.91000366210938,167.39999389648438,163.72372436523438,67723800,0.0,0.0
2022-04-20 00:00:00-04:00,168.75999450683594,168.8800048828125,166.10000610351562,167.22999572753906,163.55747985839844,67929800,0.0,0.0
2022-04-21 00:00:00-04:00,168.91000366210938,171.52999877929688,165.91000366210938,166.4199981689453,162.76528930664062,87227800,0.0,0.0
2022-04-22 00:00:00-04:00,166.4600067138672,167.8699951171875,161.5,161.7899932861328,158.2369384765625,84882400,0.0,0.0
2022-04-25 00:00:00-04:00,161.1199951171875,163.1699981689453,158.4600067138672,162.8800048828125,159.3030242919922,96046400,0.0,0.0
2022-04-26 00:00:00-04:00,162.25,162.33999633789062,156.72000122070312,156.8000030517578,153.3565216064453,95623200,0.0,0.0
2022-04-27 00:00:00-04:00,155.91000366210938,159.7899932861328,155.3800048828125,156.57000732421875,153.131591796875,88063200,0.0,0.0
2022-04-28 00:00:00-04:00,159.25,164.52000427246094,158.92999267578125,163.63999938964844,160.04632568359375,130216800,0.0,0.0
2022-04-29 00:00:00-04:00,161.83999633789062,166.1999969482422,157.25,157.64999389648438,154.18783569335938,131747600,0.0,0.0
2022-05-02 00:00:00-04:00,156.7100067138672,158.22999572753906,153.27000427246094,157.9600067138672,154.49107360839844,123055300,0.0,0.0
2022-05-03 00:00:00-04:00,158.14999389648438,160.7100067138672,156.32000732421875,159.47999572753906,155.97769165039062,88966500,0.0,0.0
2022-05-04 00:00:00-04:00,159.6699981689453,166.47999572753906,159.25999450683594,166.02000427246094,162.37408447265625,108256500,0.0,0.0
2022-05-05 00:00:00-04:00,163.85000610351562,164.0800018310547,154.9499969482422,156.77000427246094,153.3272247314453,130525300,0.0,0.0
2022-05-06 00:00:00-04:00,156.00999450683594,159.44000244140625,154.17999267578125,157.27999877929688,154.05197143554688,116124600,0.23,0.0
2022-05-09 00:00:00-04:00,154.92999267578125,155.8300018310547,151.49000549316406,152.05999755859375,148.9391326904297,131577900,0.0,0.0
2022-05-10 00:00:00-04:00,155.52000427246094,156.74000549316406,152.92999267578125,154.50999450683594,151.33883666992188,115366700,0.0,0.0
2022-05-11 00:00:00-04:00,153.5,155.4499969482422,145.80999755859375,146.5,143.4932861328125,142689800,0.0,0.0
2022-05-12 00:00:00-04:00,142.77000427246094,146.1999969482422,138.8000030517578,142.55999755859375,139.6341094970703,182602000,0.0,0.0
2022-05-13 00:00:00-04:00,144.58999633789062,148.10000610351562,143.11000061035156,147.11000061035156,144.0907440185547,113990900,0.0,0.0
2022-05-16 00:00:00-04:00,145.5500030517578,147.52000427246094,144.17999267578125,145.5399932861328,142.55294799804688,86643800,0.0,0.0
2022-05-17 00:00:00-04:00,148.86000061035156,149.77000427246094,146.67999267578125,149.24000549316406,146.17703247070312,78336300,0.0,0.0
2022-05-18 00:00:00-04:00,146.85000610351562,147.36000061035156,139.89999389648438,140.82000732421875,137.9298553466797,109742900,0.0,0.0
2022-05-19 00:00:00-04:00,139.8800048828125,141.66000366210938,136.60000610351562,137.35000610351562,134.5310516357422,136095600,0.0,0.0
2022-05-20 00:00:00-04:00,139.08999633789062,140.6999969482422,132.61000061035156,137.58999633789062,134.76612854003906,137426100,0.0,0.0
2022-05-23 00:00:00-04:00,137.7899932861328,143.25999450683594,137.64999389648438,143.11000061035156,140.17282104492188,117726300,0.0,0.0
2022-05-24 00:00:00-04:00,140.80999755859375,141.97000122070312,137.3300018310547,140.36000061035156,137.47926330566406,104132700,0.0,0.0
2022-05-25 00:00:00-04:00,138.42999267578125,141.7899932861328,138.33999633789062,140.52000427246094,137.6360321044922,92482700,0.0,0.0
2022-05-26 00:00:00-04:00,137.38999938964844,144.33999633789062,137.13999938964844,143.77999877929688,140.82908630371094,90601500,0.0,0.0
2022-05-27 00:00:00-04:00,145.38999938964844,149.67999267578125,145.25999450683594,149.63999938964844,146.56883239746094,90978500,0.0,0.0
2022-05-31 00:00:00-04:00,149.07000732421875,150.66000366210938,146.83999633789062,148.83999633789062,145.7852325439453,103718400,0.0,0.0
2022-06-01 00:00:00-04:00,149.89999389648438,151.74000549316406,147.67999267578125,148.7100067138672,145.6578826904297,74286600,0.0,0.0
2022-06-02 00:00:00-04:00,147.8300018310547,151.27000427246094,146.86000061035156,151.2100067138672,148.10658264160156,72348100,0.0,0.0
2022-06-03 00:00:00-04:00,146.89999389648438,147.97000122070312,144.4600067138672,145.3800048828125,142.39625549316406,88570300,0.0,0.0
2022-06-06 00:00:00-04:00,147.02999877929688,148.57000732421875,144.89999389648438,146.13999938964844,143.14065551757812,71598400,0.0,0.0
2022-06-07 00:00:00-04:00,144.35000610351562,149.0,144.10000610351562,148.7100067138672,145.6578826904297,67808200,0.0,0.0
2022-06-08 00:00:00-04:00,148.5800018310547,149.8699951171875,147.4600067138672,147.9600067138672,144.92330932617188,53950200,0.0,0.0
2022-06-09 00:00:00-04:00,147.0800018310547,147.9499969482422,142.52999877929688,142.63999938964844,139.7124786376953,69473000,0.0,0.0
2022-06-10 00:00:00-04:00,140.27999877929688,140.75999450683594,137.05999755859375,137.1300048828125,134.3155975341797,91437900,0.0,0.0
2022-06-13 00:00:00-04:00,132.8699951171875,135.1999969482422,131.44000244140625,131.8800048828125,129.17333984375,122207100,0.0,0.0
2022-06-14 00:00:00-04:00,133.1300048828125,133.88999938964844,131.47999572753906,132.75999450683594,130.03521728515625,84784300,0.0,0.0
2022-06-15 00:00:00-04:00,134.2899932861328,137.33999633789062,132.16000366210938,135.42999267578125,132.65045166015625,91533000,0.0,0.0
2022-06-16 00:00:00-04:00,132.0800018310547,132.38999938964844,129.0399932861328,130.05999755859375,127.39067840576172,108123900,0.0,0.0
2022-06-17 00:00:00-04:00,130.07000732421875,133.0800018310547,129.80999755859375,131.55999755859375,128.85986328125,134520300,0.0,0.0
2022-06-21 00:00:00-04:00,133.4199981689453,137.05999755859375,133.32000732421875,135.8699951171875,133.0814208984375,81000500,0.0,0.0
2022-06-22 00:00:00-04:00,134.7899932861328,137.75999450683594,133.91000366210938,135.35000610351562,132.5720977783203,73409200,0.0,0.0
2022-06-23 00:00:00-04:00,136.82000732421875,138.58999633789062,135.6300048828125,138.27000427246094,135.4322052001953,72433800,0.0,0.0
2022-06-24 00:00:00-04:00,139.89999389648438,141.91000366210938,139.77000427246094,141.66000366210938,138.75259399414062,89116800,0.0,0.0
2022-06-27 00:00:00-04:00,142.6999969482422,143.49000549316406,140.97000122070312,141.66000366210938,138.75259399414062,70207900,0.0,0.0
2022-06-28 00:00:00-04:00,142.1300048828125,143.4199981689453,137.32000732421875,137.44000244140625,134.6191864013672,67083400,0.0,0.0
2022-06-29 00:00:00-04:00,137.4600067138672,140.6699981689453,136.6699981689453,139.22999572753906,136.3724822998047,66242400,0.0,0.0
2022-06-30 00:00:00-04:00,137.25,138.3699951171875,133.77000427246094,136.72000122070312,133.91400146484375,98964500,0.0,0.0
2022-07-01 00:00:00-04:00,136.0399932861328,139.0399932861328,135.66000366210938,138.92999267578125,136.07861328125,71051600,0.0,0.0
2022-07-05 00:00:00-04:00,137.77000427246094,141.61000061035156,136.92999267578125,141.55999755859375,138.6546173095703,73353800,0.0,0.0
2022-07-06 00:00:00-04:00,141.35000610351562,144.1199951171875,141.0800018310547,142.9199981689453,139.98672485351562,74064300,0.0,0.0
2022-07-07 00:00:00-04:00,143.2899932861328,146.5500030517578,143.27999877929688,146.35000610351562,143.34634399414062,66253700,0.0,0.0
2022-07-08 00:00:00-04:00,145.25999450683594,147.5500030517578,145.0,147.0399932861328,144.0221710205078,64547800,0.0,0.0
2022-07-11 00:00:00-04:00,145.6699981689453,146.63999938964844,143.77999877929688,144.8699951171875,141.89669799804688,63141600,0.0,0.0
2022-07-12 00:00:00-04:00,145.75999450683594,148.4499969482422,145.0500030517578,145.86000061035156,142.86639404296875,77588800,0.0,0.0
2022-07-13 00:00:00-04:00,142.99000549316406,146.4499969482422,142.1199951171875,145.49000549316406,142.50399780273438,71185600,0.0,0.0
2022-07-14 00:00:00-04:00,144.0800018310547,148.9499969482422,143.25,148.47000122070312,145.42283630371094,78140700,0.0,0.0
2022-07-15 00:00:00-04:00,149.77999877929688,150.86000061035156,148.1999969482422,150.1699981689453,147.0879364013672,76259900,0.0,0.0
2022-07-18 00:00:00-04:00,150.74000549316406,151.57000732421875,146.6999969482422,147.07000732421875,144.05157470703125,81420900,0.0,0.0
2022-07-19 00:00:00-04:00,147.9199981689453,151.22999572753906,146.91000366210938,151.0,147.90089416503906,82982400,0.0,0.0
2022-07-20 00:00:00-04:00,151.1199951171875,153.72000122070312,150.3699951171875,153.0399932861328,149.89903259277344,64823400,0.0,0.0
2022-07-21 00:00:00-04:00,154.5,155.57000732421875,151.94000244140625,155.35000610351562,152.16168212890625,65086600,0.0,0.0
2022-07-22 00:00:00-04:00,155.38999938964844,156.27999877929688,153.41000366210938,154.08999633789062,150.92747497558594,66675400,0.0,0.0
2022-07-25 00:00:00-04:00,154.00999450683594,155.0399932861328,152.27999877929688,152.9499969482422,149.81085205078125,53623900,0.0,0.0
2022-07-26 00:00:00-04:00,152.25999450683594,153.08999633789062,150.8000030517578,151.60000610351562,148.48858642578125,55138700,0.0,0.0
2022-07-27 00:00:00-04:00,152.5800018310547,157.3300018310547,152.16000366210938,156.7899932861328,153.57205200195312,78620700,0.0,0.0
2022-07-28 00:00:00-04:00,156.97999572753906,157.63999938964844,154.41000366210938,157.35000610351562,154.12059020996094,81378700,0.0,0.0
2022-07-29 00:00:00-04:00,161.24000549316406,163.6300048828125,159.5,162.50999450683594,159.17465209960938,101786900,0.0,0.0
2022-08-01 00:00:00-04:00,161.00999450683594,163.58999633789062,160.88999938964844,161.50999450683594,158.19515991210938,67829400,0.0,0.0
2022-08-02 00:00:00-04:00,160.10000610351562,162.41000366210938,159.6300048828125,160.00999450683594,156.72598266601562,59907000,0.0,0.0
2022-08-03 00:00:00-04:00,160.83999633789062,166.58999633789062,160.75,166.1300048828125,162.7203826904297,82507500,0.0,0.0
2022-08-04 00:00:00-04:00,166.00999450683594,167.19000244140625,164.42999267578125,165.80999755859375,162.40692138671875,55474100,0.0,0.0
2022-08-05 00:00:00-04:00,163.2100067138672,165.85000610351562,163.0,165.35000610351562,162.18136596679688,56697000,0.23,0.0
2022-08-08 00:00:00-04:00,166.3699951171875,167.80999755859375,164.1999969482422,164.8699951171875,161.71055603027344,60276900,0.0,0.0
2022-08-09 00:00:00-04:00,164.02000427246094,165.82000732421875,163.25,164.9199981689453,161.75958251953125,63135500,0.0,0.0
2022-08-10 00:00:00-04:00,167.67999267578125,169.33999633789062,166.89999389648438,169.24000549316406,165.99684143066406,70170500,0.0,0.0
2022-08-11 00:00:00-04:00,170.05999755859375,170.99000549316406,168.19000244140625,168.49000549316406,165.2611541748047,57149200,0.0,0.0
2022-08-12 00:00:00-04:00,169.82000732421875,172.1699981689453,169.39999389648438,172.10000610351562,168.80203247070312,68039400,0.0,0.0
2022-08-15 00:00:00-04:00,171.52000427246094,173.38999938964844,171.35000610351562,173.19000244140625,169.87109375,54091700,0.0,0.0
2022-08-16 00:00:00-04:00,172.77999877929688,173.7100067138672,171.66000366210938,173.02999877929688,169.71417236328125,56377100,0.0,0.0
2022-08-17 00:00:00-04:00,172.77000427246094,176.14999389648438,172.57000732421875,174.5500030517578,171.20506286621094,79542000,0.0,0.0
2022-08-18 00:00:00-04:00,173.75,174.89999389648438,173.1199951171875,174.14999389648438,170.81271362304688,62290100,0.0,0.0
2022-08-19 00:00:00-04:00,173.02999877929688,173.74000549316406,171.30999755859375,171.52000427246094,168.2330780029297,70346300,0.0,0.0
2022-08-22 00:00:00-04:00,169.69000244140625,169.86000061035156,167.13999938964844,167.57000732421875,164.3588104248047,69026800,0.0,0.0
2022-08-23 00:00:00-04:00,167.0800018310547,168.7100067138672,166.64999389648438,167.22999572753906,164.02532958984375,54147100,0.0,0.0
2022-08-24 00:00:00-04:00,167.32000732421875,168.11000061035156,166.25,167.52999877929688,164.31956481933594,53841500,0.0,0.0
2022-08-25 00:00:00-04:00,168.77999877929688,170.13999938964844,168.35000610351562,170.02999877929688,166.7716522216797,51218200,0.0,0.0
2022-08-26 00:00:00-04:00,170.57000732421875,171.0500030517578,163.55999755859375,163.6199951171875,160.4844970703125,78961000,0.0,0.0
2022-08-29 00:00:00-04:00,161.14999389648438,162.89999389648438,159.82000732421875,161.3800048828125,158.28744506835938,73314000,0.0,0.0
2022-08-30 00:00:00-04:00,162.1300048828125,162.55999755859375,157.72000122070312,158.91000366210938,155.86477661132812,77906200,0.0,0.0
2022-08-31 00:00:00-04:00,160.30999755859375,160.5800018310547,157.13999938964844,157.22000122070312,154.20713806152344,87991100,0.0,0.0
2022-09-01 00:00:00-04:00,156.63999938964844,158.4199981689453,154.6699981689453,157.9600067138672,154.9329833984375,74229900,0.0,0.0
2022-09-02 00:00:00-04:00,159.75,160.36000061035156,154.97000122070312,155.80999755859375,152.8241729736328,76957800,0.0,0.0
2022-09-06 00:00:00-04:00,156.47000122070312,157.08999633789062,153.69000244140625,154.52999877929688,151.56871032714844,73714800,0.0,0.0
2022-09-07 00:00:00-04:00,154.82000732421875,156.6699981689453,153.61000061035156,155.9600067138672,152.9713134765625,87449600,0.0,0.0
2022-09-08 00:00:00-04:00,154.63999938964844,156.36000061035156,152.67999267578125,154.4600067138672,151.5000457763672,84923800,0.0,0.0
2022-09-09 00:00:00-04:00,155.47000122070312,157.82000732421875,154.75,157.3699951171875,154.354248046875,68028800,0.0,0.0
2022-09-12 00:00:00-04:00,159.58999633789062,164.25999450683594,159.3000030517578,163.42999267578125,160.29811096191406,104956000,0.0,0.0
2022-09-13 00:00:00-04:00,159.89999389648438,160.5399932861328,153.3699951171875,153.83999633789062,150.8918914794922,122656600,0.0,0.0
2022-09-14 00:00:00-04:00,154.7899932861328,157.10000610351562,153.61000061035156,155.30999755859375,152.33372497558594,87965400,0.0,0.0
2022-09-15 00:00:00-04:00,154.64999389648438,155.24000549316406,151.3800048828125,152.3699951171875,149.45010375976562,90481100,0.0,0.0
2022-09-16 00:00:00-04:00,151.2100067138672,151.35000610351562,148.3699951171875,150.6999969482422,147.8120880126953,162278800,0.0,0.0
2022-09-19 00:00:00-04:00,149.30999755859375,154.55999755859375,149.10000610351562,154.47999572753906,151.51963806152344,81474200,0.0,0.0
2022-09-20 00:00:00-04:00,153.39999389648438,158.0800018310547,153.0800018310547,156.89999389648438,153.89329528808594,107689800,0.0,0.0
2022-09-21 00:00:00-04:00,157.33999633789062,158.74000549316406,153.60000610351562,153.72000122070312,150.77423095703125,101696800,0.0,0.0
2022-09-22 00:00:00-04:00,152.3800048828125,154.47000122070312,150.91000366210938,152.74000549316406,149.81297302246094,86652500,0.0,0.0
2022-09-23 00:00:00-04:00,151.19000244140625,151.47000122070312,148.55999755859375,150.42999267578125,147.5472412109375,96029900,0.0,0.0
2022-09-26 00:00:00-04:00,149.66000366210938,153.77000427246094,149.63999938964844,150.77000427246094,147.88075256347656,93339400,0.0,0.0
2022-09-27 00:00:00-04:00,152.74000549316406,154.72000122070312,149.9499969482422,151.75999450683594,148.85177612304688,84442700,0.0,0.0
2022-09-28 00:00:00-04:00,147.63999938964844,150.63999938964844,144.83999633789062,149.83999633789062,146.96856689453125,146691400,0.0,0.0
2022-09-29 00:00:00-04:00,146.10000610351562,146.72000122070312,140.67999267578125,142.47999572753906,139.74960327148438,128138200,0.0,0.0
2022-09-30 00:00:00-04:00,141.27999877929688,143.10000610351562,138.0,138.1999969482422,135.55160522460938,124925300,0.0,0.0
2022-10-03 00:00:00-04:00,138.2100067138672,143.07000732421875,137.69000244140625,142.4499969482422,139.72019958496094,114311700,0.0,0.0
2022-10-04 00:00:00-04:00,145.02999877929688,146.22000122070312,144.25999450683594,146.10000610351562,143.30026245117188,87830100,0.0,0.0
2022-10-05 00:00:00-04:00,144.07000732421875,147.3800048828125,143.00999450683594,146.39999389648438,143.59449768066406,79471000,0.0,0.0
2022-10-06 00:00:00-04:00,145.80999755859375,147.5399932861328,145.22000122070312,145.42999267578125,142.64306640625,68402200,0.0,0.0
2022-10-07 00:00:00-04:00,142.5399932861328,143.10000610351562,139.4499969482422,140.08999633789062,137.40541076660156,85925600,0.0,0.0
2022-10-10 00:00:00-04:00,140.4199981689453,141.88999938964844,138.57000732421875,140.4199981689453,137.72906494140625,74899000,0.0,0.0
2022-10-11 00:00:00-04:00,139.89999389648438,141.35000610351562,138.22000122070312,138.97999572753906,136.31668090820312,77033700,0.0,0.0
2022-10-12 00:00:00-04:00,139.1300048828125,140.36000061035156,138.16000366210938,138.33999633789062,135.68894958496094,70433700,0.0,0.0
2022-10-13 00:00:00-04:00,134.99000549316406,143.58999633789062,134.3699951171875,142.99000549316406,140.24984741210938,113224000,0.0,0.0
2022-10-14 00:00:00-04:00,144.30999755859375,144.52000427246094,138.19000244140625,138.3800048828125,135.72821044921875,88598000,0.0,0.0
2022-10-17 00:00:00-04:00,141.07000732421875,142.89999389648438,140.27000427246094,142.41000366210938,139.68092346191406,85250900,0.0,0.0
2022-10-18 00:00:00-04:00,145.49000549316406,146.6999969482422,140.61000061035156,143.75,140.99525451660156,99136600,0.0,0.0
2022-10-19 00:00:00-04:00,141.69000244140625,144.9499969482422,141.5,143.86000061035156,141.10316467285156,61758300,0.0,0.0
2022-10-20 00:00:00-04:00,143.02000427246094,145.88999938964844,142.64999389648438,143.38999938964844,140.6421661376953,64522000,0.0,0.0
2022-10-21 00:00:00-04:00,142.8699951171875,147.85000610351562,142.64999389648438,147.27000427246094,144.4477996826172,86548600,0.0,0.0
2022-10-24 00:00:00-04:00,147.19000244140625,150.22999572753906,146.0,149.4499969482422,146.58602905273438,75981900,0.0,0.0
2022-10-25 00:00:00-04:00,150.08999633789062,152.49000549316406,149.36000061035156,152.33999633789062,149.42063903808594,74732300,0.0,0.0
2022-10-26 00:00:00-04:00,150.9600067138672,151.99000549316406,148.0399932861328,149.35000610351562,146.48797607421875,88194300,0.0,0.0
2022-10-27 00:00:00-04:00,148.07000732421875,149.0500030517578,144.1300048828125,144.8000030517578,142.02516174316406,109180200,0.0,0.0
2022-10-28 00:00:00-04:00,148.1999969482422,157.5,147.82000732421875,155.74000549316406,152.75552368164062,164762400,0.0,0.0
2022-10-31 00:00:00-04:00,153.16000366210938,154.24000549316406,151.9199981689453,153.33999633789062,150.40150451660156,97943200,0.0,0.0
2022-11-01 00:00:00-04:00,155.0800018310547,155.4499969482422,149.1300048828125,150.64999389648438,147.76303100585938,80379300,0.0,0.0
2022-11-02 00:00:00-04:00,148.9499969482422,152.1699981689453,145.0,145.02999877929688,142.250732421875,93604600,0.0,0.0
2022-11-03 00:00:00-04:00,142.05999755859375,142.8000030517578,138.75,138.8800048828125,136.21859741210938,97918500,0.0,0.0
2022-11-04 00:00:00-04:00,142.08999633789062,142.6699981689453,134.3800048828125,138.3800048828125,135.95333862304688,140814800,0.23,0.0
2022-11-07 00:00:00-05:00,137.11000061035156,139.14999389648438,135.6699981689453,138.9199981689453,136.48385620117188,83374600,0.0,0.0
2022-11-08 00:00:00-05:00,140.41000366210938,141.42999267578125,137.49000549316406,139.5,137.05369567871094,89908500,0.0,0.0
2022-11-09 00:00:00-05:00,138.5,138.5500030517578,134.58999633789062,134.8699951171875,132.50491333007812,74917800,0.0,0.0
2022-11-10 00:00:00-05:00,141.24000549316406,146.8699951171875,139.5,146.8699951171875,144.29443359375,118854000,0.0,0.0
2022-11-11 00:00:00-05:00,145.82000732421875,150.00999450683594,144.3699951171875,149.6999969482422,147.0748291015625,93979700,0.0,0.0
2022-11-14 00:00:00-05:00,148.97000122070312,150.27999877929688,147.42999267578125,148.27999877929688,145.67971801757812,73374100,0.0,0.0
2022-11-15 00:00:00-05:00,152.22000122070312,153.58999633789062,148.55999755859375,150.0399932861328,147.4088592529297,89868300,0.0,0.0
2022-11-16 00:00:00-05:00,149.1300048828125,149.8699951171875,147.2899932861328,148.7899932861328,146.18075561523438,64218300,0.0,0.0
2022-11-17 00:00:00-05:00,146.42999267578125,151.47999572753906,146.14999389648438,150.72000122070312,148.0769500732422,80389400,0.0,0.0
2022-11-18 00:00:00-05:00,152.30999755859375,152.6999969482422,149.97000122070312,151.2899932861328,148.6369171142578,74829600,0.0,0.0
2022-11-21 00:00:00-05:00,150.16000366210938,150.3699951171875,147.72000122070312,148.00999450683594,145.41445922851562,58724100,0.0,0.0
2022-11-22 00:00:00-05:00,148.1300048828125,150.4199981689453,146.92999267578125,150.17999267578125,147.54640197753906,51804100,0.0,0.0
2022-11-23 00:00:00-05:00,149.4499969482422,151.8300018310547,149.33999633789062,151.07000732421875,148.42080688476562,58301400,0.0,0.0
2022-11-25 00:00:00-05:00,148.30999755859375,148.8800048828125,147.1199951171875,148.11000061035156,145.5126953125,35195900,0.0,0.0
2022-11-28 00:00:00-05:00,145.13999938964844,146.63999938964844,143.3800048828125,144.22000122070312,141.69093322753906,69246000,0.0,0.0
2022-11-29 00:00:00-05:00,144.2899932861328,144.80999755859375,140.35000610351562,141.1699981689453,138.69442749023438,83763800,0.0,0.0
2022-11-30 00:00:00-05:00,141.39999389648438,148.72000122070312,140.5500030517578,148.02999877929688,145.43411254882812,111380900,0.0,0.0
2022-12-01 00:00:00-05:00,148.2100067138672,149.1300048828125,146.61000061035156,148.30999755859375,145.7091827392578,71250400,0.0,0.0
2022-12-02 00:00:00-05:00,145.9600067138672,148.0,145.64999389648438,147.80999755859375,145.21798706054688,65447400,0.0,0.0
2022-12-05 00:00:00-05:00,147.77000427246094,150.9199981689453,145.77000427246094,146.6300048828125,144.05865478515625,68826400,0.0,0.0
2022-12-06 00:00:00-05:00,147.07000732421875,147.3000030517578,141.9199981689453,142.91000366210938,140.40386962890625,64727200,0.0,0.0
2022-12-07 00:00:00-05:00,142.19000244140625,143.3699951171875,140.0,140.94000244140625,138.46844482421875,69721100,0.0,0.0
2022-12-08 00:00:00-05:00,142.36000061035156,143.52000427246094,141.10000610351562,142.64999389648438,140.1484375,62128300,0.0,0.0
2022-12-09 00:00:00-05:00,142.33999633789062,145.57000732421875,140.89999389648438,142.16000366210938,139.6670684814453,76097000,0.0,0.0
2022-12-12 00:00:00-05:00,142.6999969482422,144.5,141.05999755859375,144.49000549316406,141.95619201660156,70462700,0.0,0.0
2022-12-13 00:00:00-05:00,149.5,149.97000122070312,144.24000549316406,145.47000122070312,142.9190216064453,93886200,0.0,0.0
2022-12-14 00:00:00-05:00,145.35000610351562,146.66000366210938,141.16000366210938,143.2100067138672,140.6986541748047,82291200,0.0,0.0
2022-12-15 00:00:00-05:00,141.11000061035156,141.8000030517578,136.02999877929688,136.5,134.10630798339844,98931900,0.0,0.0
2022-12-16 00:00:00-05:00,136.69000244140625,137.64999389648438,133.72999572753906,134.50999450683594,132.1511993408203,160156900,0.0,0.0
2022-12-19 00:00:00-05:00,135.11000061035156,135.1999969482422,131.32000732421875,132.3699951171875,130.04872131347656,79592600,0.0,0.0
2022-12-20 00:00:00-05:00,131.38999938964844,133.25,129.88999938964844,132.3000030517578,129.9799346923828,77432800,0.0,0.0
2022-12-21 00:00:00-05:00,132.97999572753906,136.80999755859375,132.75,135.4499969482422,133.07470703125,85928000,0.0,0.0
2022-12-22 00:00:00-05:00,134.35000610351562,134.55999755859375,130.3000030517578,132.22999572753906,129.91114807128906,77852100,0.0,0.0
2022-12-23 00:00:00-05:00,130.9199981689453,132.4199981689453,129.63999938964844,131.86000061035156,129.54766845703125,63814900,0.0,0.0
2022-12-27 00:00:00-05:00,131.3800048828125,131.41000366210938,128.72000122070312,130.02999877929688,127.74978637695312,69007800,0.0,0.0
2022-12-28 00:00:00-05:00,129.6699981689453,131.02999877929688,125.87000274658203,126.04000091552734,123.82971954345703,85438400,0.0,0.0
2022-12-29 00:00:00-05:00,127.98999786376953,130.47999572753906,127.7300033569336,129.61000061035156,127.3371353149414,75703700,0.0,0.0
2022-12-30 00:00:00-05:00,128.41000366210938,129.9499969482422,127.43000030517578,129.92999267578125,127.65151977539062,77034200,0.0,0.0
2023-01-03 00:00:00-05:00,130.27999877929688,130.89999389648438,124.16999816894531,125.06999969482422,122.87673950195312,112117500,0.0,0.0
2023-01-04 00:00:00-05:00,126.88999938964844,128.66000366210938,125.08000183105469,126.36000061035156,124.14411163330078,89113600,0.0,0.0
2023-01-05 00:00:00-05:00,127.12999725341797,127.7699966430664,124.76000213623047,125.0199966430664,122.8276138305664,80962700,0.0,0.0
2023-01-06 00:00:00-05:00,126.01000213623047,130.2899932861328,124.88999938964844,129.6199951171875,127.34696960449219,87754700,0.0,0.0
2023-01-09 00:00:00-05:00,130.47000122070312,133.41000366210938,129.88999938964844,130.14999389648438,127.86766815185547,70790800,0.0,0.0
2023-01-10 00:00:00-05:00,130.25999450683594,131.25999450683594,128.1199951171875,130.72999572753906,128.43748474121094,63896200,0.0,0.0
2023-01-11 00:00:00-05:00,131.25,133.50999450683594,130.4600067138672,133.49000549316406,131.1491241455078,69458900,0.0,0.0
2023-01-12 00:00:00-05:00,133.8800048828125,134.25999450683594,131.44000244140625,133.41000366210938,131.07052612304688,71379600,0.0,0.0
2023-01-13 00:00:00-05:00,132.02999877929688,134.9199981689453,131.66000366210938,134.75999450683594,132.3968048095703,57809700,0.0,0.0
2023-01-17 00:00:00-05:00,134.8300018310547,137.2899932861328,134.1300048828125,135.94000244140625,133.55612182617188,63646600,0.0,0.0
2023-01-18 00:00:00-05:00,136.82000732421875,138.61000061035156,135.02999877929688,135.2100067138672,132.83892822265625,69672800,0.0,0.0
2023-01-19 00:00:00-05:00,134.0800018310547,136.25,133.77000427246094,135.27000427246094,132.8978729248047,58280400,0.0,0.0
2023-01-20 00:00:00-05:00,135.27999877929688,138.02000427246094,134.22000122070312,137.8699951171875,135.45225524902344,80223600,0.0,0.0
2023-01-23 00:00:00-05:00,138.1199951171875,143.32000732421875,137.89999389648438,141.11000061035156,138.6354522705078,81760300,0.0,0.0
2023-01-24 00:00:00-05:00,140.30999755859375,143.16000366210938,140.3000030517578,142.52999877929688,140.0305633544922,66435100,0.0,0.0
2023-01-25 00:00:00-05:00,140.88999938964844,142.42999267578125,138.80999755859375,141.86000061035156,139.372314453125,65799300,0.0,0.0
2023-01-26 00:00:00-05:00,143.1699981689453,144.25,141.89999389648438,143.9600067138672,141.4354705810547,54105100,0.0,0.0
2023-01-27 00:00:00-05:00,143.16000366210938,147.22999572753906,143.0800018310547,145.92999267578125,143.3708953857422,70555800,0.0,0.0
2023-01-30 00:00:00-05:00,144.9600067138672,145.5500030517578,142.85000610351562,143.0,140.4923095703125,64015300,0.0,0.0
2023-01-31 00:00:00-05:00,142.6999969482422,144.33999633789062,142.27999877929688,144.2899932861328,141.7596893310547,65874500,0.0,0.0
2023-02-01 00:00:00-05:00,143.97000122070312,146.61000061035156,141.32000732421875,145.42999267578125,142.8796844482422,77663600,0.0,0.0
2023-02-02 00:00:00-05:00,148.89999389648438,151.17999267578125,148.1699981689453,150.82000732421875,148.17518615722656,118339000,0.0,0.0
2023-02-03 00:00:00-05:00,148.02999877929688,157.3800048828125,147.8300018310547,154.5,151.79063415527344,154357300,0.0,0.0
2023-02-06 00:00:00-05:00,152.57000732421875,153.10000610351562,150.77999877929688,151.72999572753906,149.06922912597656,69858300,0.0,0.0
2023-02-07 00:00:00-05:00,150.63999938964844,155.22999572753906,150.63999938964844,154.64999389648438,151.93801879882812,83322600,0.0,0.0
2023-02-08 00:00:00-05:00,153.8800048828125,154.5800018310547,151.1699981689453,151.9199981689453,149.25587463378906,64120100,0.0,0.0
2023-02-09 00:00:00-05:00,153.77999877929688,154.3300018310547,150.4199981689453,150.8699951171875,148.22430419921875,56007100,0.0,0.0
2023-02-10 00:00:00-05:00,149.4600067138672,151.33999633789062,149.22000122070312,151.00999450683594,148.58840942382812,57450700,0.23,0.0
2023-02-13 00:00:00-05:00,150.9499969482422,154.25999450683594,150.9199981689453,153.85000610351562,151.3828582763672,62199000,0.0,0.0
2023-02-14 00:00:00-05:00,152.1199951171875,153.77000427246094,150.86000061035156,153.1999969482422,150.7432403564453,61707600,0.0,0.0
2023-02-15 00:00:00-05:00,153.11000061035156,155.5,152.8800048828125,155.3300018310547,152.83905029296875,65573800,0.0,0.0
2023-02-16 00:00:00-05:00,153.50999450683594,156.3300018310547,153.35000610351562,153.7100067138672,151.24508666992188,68167900,0.0,0.0
2023-02-17 00:00:00-05:00,152.35000610351562,153.0,150.85000610351562,152.5500030517578,150.10369873046875,59144100,0.0,0.0
2023-02-21 00:00:00-05:00,150.1999969482422,151.3000030517578,148.41000366210938,148.47999572753906,146.09896850585938,58867200,0.0,0.0
2023-02-22 00:00:00-05:00,148.8699951171875,149.9499969482422,147.16000366210938,148.91000366210938,146.52203369140625,51011300,0.0,0.0
2023-02-23 00:00:00-05:00,150.08999633789062,150.33999633789062,147.24000549316406,149.39999389648438,147.00418090820312,48394200,0.0,0.0
2023-02-24 00:00:00-05:00,147.11000061035156,147.19000244140625,145.72000122070312,146.7100067138672,144.3573455810547,55469600,0.0,0.0
2023-02-27 00:00:00-05:00,147.7100067138672,149.1699981689453,147.4499969482422,147.9199981689453,145.54794311523438,44998500,0.0,0.0
2023-02-28 00:00:00-05:00,147.0500030517578,149.0800018310547,146.8300018310547,147.41000366210938,145.04611206054688,50547000,0.0,0.0
2023-03-01 00:00:00-05:00,146.8300018310547,147.22999572753906,145.00999450683594,145.30999755859375,142.97976684570312,55479000,0.0,0.0
2023-03-02 00:00:00-05:00,144.3800048828125,146.7100067138672,143.89999389648438,145.91000366210938,143.57015991210938,52238100,0.0,0.0
2023-03-03 00:00:00-05:00,148.0399932861328,151.11000061035156,147.3300018310547,151.02999877929688,148.60806274414062,70732300,0.0,0.0
2023-03-06 00:00:00-05:00,153.7899932861328,156.3000030517578,153.4600067138672,153.8300018310547,151.3631591796875,87558000,0.0,0.0
2023-03-07 00:00:00-05:00,153.6999969482422,154.02999877929688,151.1300048828125,151.60000610351562,149.16893005371094,56182000,0.0,0.0
2023-03-08 00:00:00-05:00,152.80999755859375,153.47000122070312,151.8300018310547,152.8699951171875,150.4185333251953,47204800,0.0,0.0
2023-03-09 00:00:00-05:00,153.55999755859375,154.5399932861328,150.22999572753906,150.58999633789062,148.17507934570312,53833600,0.0,0.0
2023-03-10 00:00:00-05:00,150.2100067138672,150.94000244140625,147.61000061035156,148.5,146.11862182617188,68572400,0.0,0.0
2023-03-13 00:00:00-04:00,147.80999755859375,153.13999938964844,147.6999969482422,150.47000122070312,148.05702209472656,84457100,0.0,0.0
2023-03-14 00:00:00-04:00,151.27999877929688,153.39999389648438,150.10000610351562,152.58999633789062,150.1430206298828,73695900,0.0,0.0
2023-03-15 00:00:00-04:00,151.19000244140625,153.25,149.9199981689453,152.99000549316406,150.53663635253906,77167900,0.0,0.0
2023-03-16 00:00:00-04:00,152.16000366210938,156.4600067138672,151.63999938964844,155.85000610351562,153.3507843017578,76161100,0.0,0.0
2023-03-17 00:00:00-04:00,156.0800018310547,156.74000549316406,154.27999877929688,155.0,152.51441955566406,98944600,0.0,0.0
2023-03-20 00:00:00-04:00,155.07000732421875,157.82000732421875,154.14999389648438,157.39999389648438,154.87591552734375,73641400,0.0,0.0
2023-03-21 00:00:00-04:00,157.32000732421875,159.39999389648438,156.5399932861328,159.27999877929688,156.7257537841797,73938300,0.0,0.0
2023-03-22 00:00:00-04:00,159.3000030517578,162.13999938964844,157.80999755859375,157.8300018310547,155.29901123046875,75701800,0.0,0.0
2023-03-23 00:00:00-04:00,158.8300018310547,161.5500030517578,157.67999267578125,158.92999267578125,156.38134765625,67622100,0.0,0.0
2023-03-24 00:00:00-04:00,158.86000061035156,160.33999633789062,157.85000610351562,160.25,157.68019104003906,59196500,0.0,0.0
2023-03-27 00:00:00-04:00,159.94000244140625,160.77000427246094,157.8699951171875,158.27999877929688,155.74180603027344,52390300,0.0,0.0
2023-03-28 00:00:00-04:00,157.97000122070312,158.49000549316406,155.97999572753906,157.64999389648438,155.12188720703125,45992200,0.0,0.0
2023-03-29 00:00:00-04:00,159.3699951171875,161.0500030517578,159.35000610351562,160.77000427246094,158.1918487548828,51305700,0.0,0.0
2023-03-30 00:00:00-04:00,161.52999877929688,162.47000122070312,161.27000427246094,162.36000061035156,159.75637817382812,49501700,0.0,0.0
2023-03-31 00:00:00-04:00,162.44000244140625,165.0,161.91000366210938,164.89999389648438,162.255615234375,68749800,0.0,0.0
2023-04-03 00:00:00-04:00,164.27000427246094,166.2899932861328,164.22000122070312,166.1699981689453,163.5052947998047,56976200,0.0,0.0
2023-04-04 00:00:00-04:00,166.60000610351562,166.83999633789062,165.11000061035156,165.6300048828125,162.9739227294922,46278300,0.0,0.0
2023-04-05 00:00:00-04:00,164.74000549316406,165.0500030517578,161.8000030517578,163.75999450683594,161.1339111328125,51511700,0.0,0.0
2023-04-06 00:00:00-04:00,162.42999267578125,164.9600067138672,162.0,164.66000366210938,162.01947021484375,45390100,0.0,0.0
2023-04-10 00:00:00-04:00,161.4199981689453,162.02999877929688,160.0800018310547,162.02999877929688,159.43165588378906,47716900,0.0,0.0
2023-04-11 00:00:00-04:00,162.35000610351562,162.36000061035156,160.50999450683594,160.8000030517578,158.22140502929688,47644200,0.0,0.0
2023-04-12 00:00:00-04:00,161.22000122070312,162.05999755859375,159.77999877929688,160.10000610351562,157.5326385498047,50133100,0.0,0.0
2023-04-13 00:00:00-04:00,161.6300048828125,165.8000030517578,161.4199981689453,165.55999755859375,162.90505981445312,68445600,0.0,0.0
2023-04-14 00:00:00-04:00,164.58999633789062,166.32000732421875,163.82000732421875,165.2100067138672,162.56068420410156,49386500,0.0,0.0
2023-04-17 00:00:00-04:00,165.08999633789062,165.38999938964844,164.02999877929688,165.22999572753906,162.580322265625,41516200,0.0,0.0
2023-04-18 00:00:00-04:00,166.10000610351562,167.41000366210938,165.64999389648438,166.47000122070312,163.80047607421875,49923000,0.0,0.0
2023-04-19 00:00:00-04:00,165.8000030517578,168.16000366210938,165.5399932861328,167.6300048828125,164.94187927246094,47720200,0.0,0.0
2023-04-20 00:00:00-04:00,166.08999633789062,167.8699951171875,165.55999755859375,166.64999389648438,163.97755432128906,52456400,0.0,0.0
2023-04-21 00:00:00-04:00,165.0500030517578,166.4499969482422,164.49000549316406,165.02000427246094,162.37371826171875,58337300,0.0,0.0
2023-04-24 00:00:00-04:00,165.0,165.60000610351562,163.88999938964844,165.3300018310547,162.67872619628906,41949600,0.0,0.0
2023-04-25 00:00:00-04:00,165.19000244140625,166.30999755859375,163.72999572753906,163.77000427246094,161.14373779296875,48714100,0.0,0.0
2023-04-26 00:00:00-04:00,163.05999755859375,165.27999877929688,162.8000030517578,163.75999450683594,161.1339111328125,45498800,0.0,0.0
2023-04-27 00:00:00-04:00,165.19000244140625,168.55999755859375,165.19000244140625,168.41000366210938,165.70933532714844,64902300,0.0,0.0
2023-04-28 00:00:00-04:00,168.49000549316406,169.85000610351562,167.8800048828125,169.67999267578125,166.95899963378906,55275900,0.0,0.0
2023-05-01 00:00:00-04:00,169.27999877929688,170.4499969482422,168.63999938964844,169.58999633789062,166.8704071044922,52472900,0.0,0.0
2023-05-02 00:00:00-04:00,170.08999633789062,170.35000610351562,167.5399932861328,168.5399932861328,165.8372802734375,48425700,0.0,0.0
2023-05-03 00:00:00-04:00,169.5,170.9199981689453,167.16000366210938,167.4499969482422,164.76473999023438,65136000,0.0,0.0
2023-05-04 00:00:00-04:00,164.88999938964844,167.0399932861328,164.30999755859375,165.7899932861328,163.13133239746094,81235400,0.0,0.0
2023-05-05 00:00:00-04:00,170.97999572753906,174.3000030517578,170.75999450683594,173.57000732421875,170.78659057617188,113453200,0.0,0.0
2023-05-08 00:00:00-04:00,172.47999572753906,173.85000610351562,172.11000061035156,173.5,170.7176971435547,55962800,0.0,0.0
2023-05-09 00:00:00-04:00,173.0500030517578,173.5399932861328,171.60000610351562,171.77000427246094,169.01548767089844,45326900,0.0,0.0
2023-05-10 00:00:00-04:00,173.02000427246094,174.02999877929688,171.89999389648438,173.55999755859375,170.77676391601562,53724500,0.0,0.0
2023-05-11 00:00:00-04:00,173.85000610351562,174.58999633789062,172.1699981689453,173.75,170.9636993408203,49514700,0.0,0.0
2023-05-12 00:00:00-04:00,173.6199951171875,174.05999755859375,171.0,172.57000732421875,170.0375213623047,45533100,0.24,0.0
2023-05-15 00:00:00-04:00,173.16000366210938,173.2100067138672,171.47000122070312,172.07000732421875,169.54486083984375,37266700,0.0,0.0
2023-05-16 00:00:00-04:00,171.99000549316406,173.13999938964844,171.8000030517578,172.07000732421875,169.54486083984375,42110300,0.0,0.0
2023-05-17 00:00:00-04:00,171.7100067138672,172.92999267578125,170.4199981689453,172.69000244140625,170.15573120117188,57951600,0.0,0.0
2023-05-18 00:00:00-04:00,173.0,175.24000549316406,172.5800018310547,175.0500030517578,172.4811248779297,65496700,0.0,0.0
2023-05-19 00:00:00-04:00,176.38999938964844,176.38999938964844,174.94000244140625,175.16000366210938,172.58950805664062,55809500,0.0,0.0
2023-05-22 00:00:00-04:00,173.97999572753906,174.7100067138672,173.4499969482422,174.1999969482422,171.64358520507812,43570900,0.0,0.0
2023-05-23 00:00:00-04:00,173.1300048828125,173.3800048828125,171.27999877929688,171.55999755859375,169.04229736328125,50747300,0.0,0.0
2023-05-24 00:00:00-04:00,171.08999633789062,172.4199981689453,170.52000427246094,171.83999633789062,169.31820678710938,45143500,0.0,0.0
2023-05-25 00:00:00-04:00,172.41000366210938,173.89999389648438,171.69000244140625,172.99000549316406,170.4513397216797,56058300,0.0,0.0
2023-05-26 00:00:00-04:00,173.32000732421875,175.77000427246094,173.11000061035156,175.42999267578125,172.85549926757812,54835000,0.0,0.0
2023-05-30 00:00:00-04:00,176.9600067138672,178.99000549316406,176.57000732421875,177.3000030517578,174.69808959960938,55964400,0.0,0.0
2023-05-31 00:00:00-04:00,177.3300018310547,179.35000610351562,176.75999450683594,177.25,174.6488037109375,99625300,0.0,0.0
2023-06-01 00:00:00-04:00,177.6999969482422,180.1199951171875,176.92999267578125,180.08999633789062,177.44712829589844,68901800,0.0,0.0
2023-06-02 00:00:00-04:00,181.02999877929688,181.77999877929688,179.25999450683594,180.9499969482422,178.29452514648438,61996900,0.0,0.0
2023-06-05 00:00:00-04:00,182.6300048828125,184.9499969482422,178.0399932861328,179.5800018310547,176.94464111328125,121946500,0.0,0.0
2023-06-06 00:00:00-04:00,179.97000122070312,180.1199951171875,177.42999267578125,179.2100067138672,176.580078125,64848400,0.0,0.0
2023-06-07 00:00:00-04:00,178.44000244140625,181.2100067138672,177.32000732421875,177.82000732421875,175.21044921875,61944600,0.0,0.0
2023-06-08 00:00:00-04:00,177.89999389648438,180.83999633789062,177.4600067138672,180.57000732421875,177.92013549804688,50214900,0.0,0.0
2023-06-09 00:00:00-04:00,181.5,182.22999572753906,180.6300048828125,180.9600067138672,178.30438232421875,48900000,0.0,0.0
2023-06-12 00:00:00-04:00,181.27000427246094,183.88999938964844,180.97000122070312,183.7899932861328,181.09286499023438,54274900,0.0,0.0
2023-06-13 00:00:00-04:00,182.8000030517578,184.14999389648438,182.44000244140625,183.30999755859375,180.6199188232422,54929100,0.0,0.0
2023-06-14 00:00:00-04:00,183.3699951171875,184.38999938964844,182.02000427246094,183.9499969482422,181.25051879882812,57462900,0.0,0.0
2023-06-15 00:00:00-04:00,183.9600067138672,186.52000427246094,183.77999877929688,186.00999450683594,183.2802734375,65433200,0.0,0.0
2023-06-16 00:00:00-04:00,186.72999572753906,186.99000549316406,184.27000427246094,184.9199981689453,182.2062530517578,101256200,0.0,0.0
2023-06-20 00:00:00-04:00,184.41000366210938,186.10000610351562,184.41000366210938,185.00999450683594,182.29495239257812,49799100,0.0,0.0
2023-06-21 00:00:00-04:00,184.89999389648438,185.41000366210938,182.58999633789062,183.9600067138672,181.26039123535156,49515700,0.0,0.0
2023-06-22 00:00:00-04:00,183.74000549316406,187.0500030517578,183.6699981689453,187.0,184.25572204589844,51245300,0.0,0.0
2023-06-23 00:00:00-04:00,185.5500030517578,187.55999755859375,185.00999450683594,186.67999267578125,183.94046020507812,53117000,0.0,0.0
2023-06-26 00:00:00-04:00,186.8300018310547,188.0500030517578,185.22999572753906,185.27000427246094,182.55113220214844,48088700,0.0,0.0
2023-06-27 00:00:00-04:00,185.88999938964844,188.38999938964844,185.6699981689453,188.05999755859375,185.30020141601562,50730800,0.0,0.0
2023-06-28 00:00:00-04:00,187.92999267578125,189.89999389648438,187.60000610351562,189.25,186.4727020263672,51216800,0.0,0.0
2023-06-29 00:00:00-04:00,189.0800018310547,190.07000732421875,188.94000244140625,189.58999633789062,186.80772399902344,46347300,0.0,0.0
2023-06-30 00:00:00-04:00,191.6300048828125,194.47999572753906,191.25999450683594,193.97000122070312,191.1234588623047,85213200,0.0,0.0
2023-07-03 00:00:00-04:00,193.77999877929688,193.8800048828125,191.75999450683594,192.4600067138672,189.63560485839844,31458200,0.0,0.0
2023-07-05 00:00:00-04:00,191.57000732421875,192.97999572753906,190.6199951171875,191.3300018310547,188.52220153808594,46920300,0.0,0.0
2023-07-06 00:00:00-04:00,189.83999633789062,192.02000427246094,189.1999969482422,191.80999755859375,188.9951629638672,45094300,0.0,0.0
2023-07-07 00:00:00-04:00,191.41000366210938,192.6699981689453,190.24000549316406,190.67999267578125,187.88172912597656,46815000,0.0,0.0
2023-07-10 00:00:00-04:00,189.25999450683594,189.99000549316406,187.0399932861328,188.61000061035156,185.8421173095703,59922200,0.0,0.0
2023-07-11 00:00:00-04:00,189.16000366210938,189.3000030517578,186.60000610351562,188.0800018310547,185.31988525390625,46638100,0.0,0.0
2023-07-12 00:00:00-04:00,189.67999267578125,191.6999969482422,188.47000122070312,189.77000427246094,186.98509216308594,60750200,0.0,0.0
2023-07-13 00:00:00-04:00,190.5,191.19000244140625,189.77999877929688,190.5399932861328,187.7437744140625,41342300,0.0,0.0
2023-07-14 00:00:00-04:00,190.22999572753906,191.17999267578125,189.6300048828125,190.69000244140625,187.8916015625,41616200,0.0,0.0
2023-07-17 00:00:00-04:00,191.89999389648438,194.32000732421875,191.80999755859375,193.99000549316406,191.14315795898438,50520200,0.0,0.0
2023-07-18 00:00:00-04:00,193.35000610351562,194.3300018310547,192.4199981689453,193.72999572753906,190.88697814941406,48288200,0.0,0.0
2023-07-19 00:00:00-04:00,193.10000610351562,198.22999572753906,192.64999389648438,195.10000610351562,192.2368621826172,80507300,0.0,0.0
2023-07-20 00:00:00-04:00,195.08999633789062,196.47000122070312,192.5,193.1300048828125,190.2958221435547,59581200,0.0,0.0
2023-07-21 00:00:00-04:00,194.10000610351562,194.97000122070312,191.22999572753906,191.94000244140625,189.12326049804688,71951700,0.0,0.0
2023-07-24 00:00:00-04:00,193.41000366210938,194.91000366210938,192.25,192.75,189.92135620117188,45377800,0.0,0.0
2023-07-25 00:00:00-04:00,193.3300018310547,194.44000244140625,192.9199981689453,193.6199951171875,190.77859497070312,37283200,0.0,0.0
2023-07-26 00:00:00-04:00,193.6699981689453,195.63999938964844,193.32000732421875,194.5,191.64569091796875,47471900,0.0,0.0
2023-07-27 00:00:00-04:00,196.02000427246094,197.1999969482422,192.5500030517578,193.22000122070312,190.3844757080078,47460200,0.0,0.0
2023-07-28 00:00:00-04:00,194.6699981689453,196.6300048828125,194.13999938964844,195.8300018310547,192.95616149902344,48291400,0.0,0.0
2023-07-31 00:00:00-04:00,196.05999755859375,196.49000549316406,195.25999450683594,196.4499969482422,193.56704711914062,38824100,0.0,0.0
2023-08-01 00:00:00-04:00,196.24000549316406,196.72999572753906,195.27999877929688,195.61000061035156,192.7393798828125,35175100,0.0,0.0
2023-08-02 00:00:00-04:00,195.0399932861328,195.17999267578125,191.85000610351562,192.5800018310547,189.75387573242188,50389300,0.0,0.0
2023-08-03 00:00:00-04:00,191.57000732421875,192.3699951171875,190.69000244140625,191.1699981689453,188.36456298828125,61235200,0.0,0.0
2023-08-04 00:00:00-04:00,185.52000427246094,187.3800048828125,181.9199981689453,181.99000549316406,179.31927490234375,115956800,0.0,0.0
2023-08-07 00:00:00-04:00,182.1300048828125,183.1300048828125,177.35000610351562,178.85000610351562,176.22537231445312,97576100,0.0,0.0
2023-08-08 00:00:00-04:00,179.69000244140625,180.27000427246094,177.5800018310547,179.8000030517578,177.16139221191406,67823000,0.0,0.0
2023-08-09 00:00:00-04:00,180.8699951171875,180.92999267578125,177.00999450683594,178.19000244140625,175.5750274658203,60378500,0.0,0.0
2023-08-10 00:00:00-04:00,179.47999572753906,180.75,177.60000610351562,177.97000122070312,175.35830688476562,54686900,0.0,0.0
2023-08-11 00:00:00-04:00,177.32000732421875,178.6199951171875,176.5500030517578,177.7899932861328,175.41748046875,52036700,0.24,0.0
2023-08-14 00:00:00-04:00,177.97000122070312,179.69000244140625,177.30999755859375,179.4600067138672,177.065185546875,43675600,0.0,0.0
2023-08-15 00:00:00-04:00,178.8800048828125,179.47999572753906,177.0500030517578,177.4499969482422,175.0819854736328,43622600,0.0,0.0
2023-08-16 00:00:00-04:00,177.1300048828125,178.5399932861328,176.5,176.57000732421875,174.2137451171875,46964900,0.0,0.0
2023-08-17 00:00:00-04:00,177.13999938964844,177.50999450683594,173.47999572753906,174.0,171.67803955078125,66062900,0.0,0.0
2023-08-18 00:00:00-04:00,172.3000030517578,175.10000610351562,171.9600067138672,174.49000549316406,172.1614990234375,61172200,0.0,0.0
2023-08-21 00:00:00-04:00,175.07000732421875,176.1300048828125,173.74000549316406,175.83999633789062,173.49349975585938,46311900,0.0,0.0
2023-08-22 00:00:00-04:00,177.05999755859375,177.67999267578125,176.25,177.22999572753906,174.86492919921875,42038900,0.0,0.0
2023-08-23 00:00:00-04:00,178.52000427246094,181.5500030517578,178.3300018310547,181.1199951171875,178.70301818847656,52722800,0.0,0.0
2023-08-24 00:00:00-04:00,180.6699981689453,181.10000610351562,176.00999450683594,176.3800048828125,174.0262908935547,54945800,0.0,0.0
2023-08-25 00:00:00-04:00,177.3800048828125,179.14999389648438,175.82000732421875,178.61000061035156,176.22653198242188,51449600,0.0,0.0
2023-08-28 00:00:00-04:00,180.08999633789062,180.58999633789062,178.5500030517578,180.19000244140625,177.78543090820312,43820700,0.0,0.0
2023-08-29 00:00:00-04:00,179.6999969482422,184.89999389648438,179.5,184.1199951171875,181.6630096435547,53003900,0.0,0.0
2023-08-30 00:00:00-04:00,184.94000244140625,187.85000610351562,184.74000549316406,187.64999389648438,185.14588928222656,60813900,0.0,0.0
2023-08-31 00:00:00-04:00,187.83999633789062,189.1199951171875,187.47999572753906,187.8699951171875,185.36293029785156,60794500,0.0,0.0
2023-09-01 00:00:00-04:00,189.49000549316406,189.9199981689453,188.27999877929688,189.4600067138672,186.93173217773438,45766500,0.0,0.0
2023-09-05 00:00:00-04:00,188.27999877929688,189.97999572753906,187.61000061035156,189.6999969482422,187.16851806640625,45280000,0.0,0.0
2023-09-06 00:00:00-04:00,188.39999389648438,188.85000610351562,181.47000122070312,182.91000366210938,180.4691619873047,81755800,0.0,0.0
2023-09-07 00:00:00-04:00,175.17999267578125,178.2100067138672,173.5399932861328,177.55999755859375,175.1905517578125,112488800,0.0,0.0
2023-09-08 00:00:00-04:00,178.35000610351562,180.24000549316406,177.7899932861328,178.17999267578125,175.80226135253906,65551300,0.0,0.0
2023-09-11 00:00:00-04:00,180.07000732421875,180.3000030517578,177.33999633789062,179.36000061035156,176.96652221679688,58953100,0.0,0.0
2023-09-12 00:00:00-04:00,179.49000549316406,180.1300048828125,174.82000732421875,176.3000030517578,173.94735717773438,90370200,0.0,0.0
2023-09-13 00:00:00-04:00,176.50999450683594,177.3000030517578,173.97999572753906,174.2100067138672,171.88523864746094,84267900,0.0,0.0
2023-09-14 00:00:00-04:00,174.0,176.10000610351562,173.5800018310547,175.74000549316406,173.3948211669922,60895800,0.0,0.0
2023-09-15 00:00:00-04:00,176.47999572753906,176.5,173.82000732421875,175.00999450683594,172.67454528808594,109259500,0.0,0.0
2023-09-18 00:00:00-04:00,176.47999572753906,179.3800048828125,176.1699981689453,177.97000122070312,175.5950927734375,67257600,0.0,0.0
2023-09-19 00:00:00-04:00,177.52000427246094,179.6300048828125,177.1300048828125,179.07000732421875,176.6803741455078,51826900,0.0,0.0
2023-09-20 00:00:00-04:00,179.25999450683594,179.6999969482422,175.39999389648438,175.49000549316406,173.14816284179688,58436200,0.0,0.0
2023-09-21 00:00:00-04:00,174.5500030517578,176.3000030517578,173.86000061035156,173.92999267578125,171.60897827148438,63149100,0.0,0.0
2023-09-22 00:00:00-04:00,174.6699981689453,177.0800018310547,174.0500030517578,174.7899932861328,172.45748901367188,56725400,0.0,0.0
2023-09-25 00:00:00-04:00,174.1999969482422,176.97000122070312,174.14999389648438,176.0800018310547,173.73028564453125,46172700,0.0,0.0
2023-09-26 00:00:00-04:00,174.82000732421875,175.1999969482422,171.66000366210938,171.9600067138672,169.6652374267578,64588900,0.0,0.0
2023-09-27 00:00:00-04:00,172.6199951171875,173.0399932861328,169.0500030517578,170.42999267578125,168.15565490722656,66921800,0.0,0.0
2023-09-28 00:00:00-04:00,169.33999633789062,172.02999877929688,167.6199951171875,170.69000244140625,168.41221618652344,56294400,0.0,0.0
2023-09-29 00:00:00-04:00,172.02000427246094,173.07000732421875,170.33999633789062,171.2100067138672,168.92526245117188,51861100,0.0,0.0
2023-10-02 00:00:00-04:00,171.22000122070312,174.3000030517578,170.92999267578125,173.75,171.43136596679688,52164500,0.0,0.0
2023-10-03 00:00:00-04:00,172.25999450683594,173.6300048828125,170.82000732421875,172.39999389648438,170.09939575195312,49594600,0.0,0.0
2023-10-04 00:00:00-04:00,171.08999633789062,174.2100067138672,170.97000122070312,173.66000366210938,171.3425750732422,53020300,0.0,0.0
2023-10-05 00:00:00-04:00,173.7899932861328,175.4499969482422,172.67999267578125,174.91000366210938,172.57589721679688,48527900,0.0,0.0
2023-10-06 00:00:00-04:00,173.8000030517578,177.99000549316406,173.17999267578125,177.49000549316406,175.1214599609375,57266700,0.0,0.0
2023-10-09 00:00:00-04:00,176.80999755859375,179.0500030517578,175.8000030517578,178.99000549316406,176.60142517089844,42390800,0.0,0.0
2023-10-10 00:00:00-04:00,178.10000610351562,179.72000122070312,177.9499969482422,178.38999938964844,176.0094451904297,43698000,0.0,0.0
2023-10-11 00:00:00-04:00,178.1999969482422,179.85000610351562,177.60000610351562,179.8000030517578,177.40065002441406,47551100,0.0,0.0
2023-10-12 00:00:00-04:00,180.07000732421875,182.33999633789062,179.0399932861328,180.7100067138672,178.29849243164062,56743100,0.0,0.0
2023-10-13 00:00:00-04:00,181.4199981689453,181.92999267578125,178.13999938964844,178.85000610351562,176.4633331298828,51427100,0.0,0.0
2023-10-16 00:00:00-04:00,176.75,179.0800018310547,176.50999450683594,178.72000122070312,176.33506774902344,52517000,0.0,0.0
2023-10-17 00:00:00-04:00,176.64999389648438,178.4199981689453,174.8000030517578,177.14999389648438,174.78599548339844,57549400,0.0,0.0
2023-10-18 00:00:00-04:00,175.5800018310547,177.5800018310547,175.11000061035156,175.83999633789062,173.49349975585938,54764400,0.0,0.0
2023-10-19 00:00:00-04:00,176.0399932861328,177.83999633789062,175.19000244140625,175.4600067138672,173.11854553222656,59302900,0.0,0.0
2023-10-20 00:00:00-04:00,175.30999755859375,175.4199981689453,172.63999938964844,172.8800048828125,170.57301330566406,64244000,0.0,0.0
2023-10-23 00:00:00-04:00,170.91000366210938,174.00999450683594,169.92999267578125,173.0,170.69137573242188,55980100,0.0,0.0
2023-10-24 00:00:00-04:00,173.0500030517578,173.6699981689453,171.4499969482422,173.44000244140625,171.12548828125,43816600,0.0,0.0
2023-10-25 00:00:00-04:00,171.8800048828125,173.05999755859375,170.64999389648438,171.10000610351562,168.81675720214844,57157000,0.0,0.0
2023-10-26 00:00:00-04:00,170.3699951171875,171.3800048828125,165.6699981689453,166.88999938964844,164.66290283203125,70625300,0.0,0.0
2023-10-27 00:00:00-04:00,166.91000366210938,168.9600067138672,166.8300018310547,168.22000122070312,165.9751739501953,58499100,0.0,0.0
2023-10-30 00:00:00-04:00,169.02000427246094,171.1699981689453,168.8699951171875,170.2899932861328,168.0175018310547,51131000,0.0,0.0
2023-10-31 00:00:00-04:00,169.35000610351562,170.89999389648438,167.89999389648438,170.77000427246094,168.49114990234375,44846000,0.0,0.0
2023-11-01 00:00:00-04:00,171.0,174.22999572753906,170.1199951171875,173.97000122070312,171.64845275878906,56934900,0.0,0.0
2023-11-02 00:00:00-04:00,175.52000427246094,177.77999877929688,175.4600067138672,177.57000732421875,175.2003936767578,77334800,0.0,0.0
2023-11-03 00:00:00-04:00,174.24000549316406,176.82000732421875,173.35000610351562,176.64999389648438,174.2926788330078,79829200,0.0,0.0
2023-11-06 00:00:00-05:00,176.3800048828125,179.42999267578125,176.2100067138672,179.22999572753906,176.83827209472656,63841300,0.0,0.0
2023-11-07 00:00:00-05:00,179.17999267578125,182.44000244140625,178.97000122070312,181.82000732421875,179.39369201660156,70530000,0.0,0.0
2023-11-08 00:00:00-05:00,182.35000610351562,183.4499969482422,181.58999633789062,182.88999938964844,180.44940185546875,49340300,0.0,0.0
2023-11-09 00:00:00-05:00,182.9600067138672,184.1199951171875,181.80999755859375,182.41000366210938,179.97581481933594,53763500,0.0,0.0
2023-11-10 00:00:00-05:00,183.97000122070312,186.57000732421875,183.52999877929688,186.39999389648438,184.15487670898438,66133400,0.24,0.0
2023-11-13 00:00:00-05:00,185.82000732421875,186.02999877929688,184.2100067138672,184.8000030517578,182.5741424560547,43627500,0.0,0.0
2023-11-14 00:00:00-05:00,187.6999969482422,188.11000061035156,186.3000030517578,187.44000244140625,185.182373046875,60108400,0.0,0.0
2023-11-15 00:00:00-05:00,187.85000610351562,189.5,187.77999877929688,188.00999450683594,185.74546813964844,53790500,0.0,0.0
2023-11-16 00:00:00-05:00,189.57000732421875,190.9600067138672,188.64999389648438,189.7100067138672,187.42498779296875,54412900,0.0,0.0
2023-11-17 00:00:00-05:00,190.25,190.3800048828125,188.57000732421875,189.69000244140625,187.4052276611328,50922700,0.0,0.0
2023-11-20 00:00:00-05:00,189.88999938964844,191.91000366210938,189.8800048828125,191.4499969482422,189.14402770996094,46505100,0.0,0.0
2023-11-21 00:00:00-05:00,191.41000366210938,191.52000427246094,189.74000549316406,190.63999938964844,188.34378051757812,38134500,0.0,0.0
2023-11-22 00:00:00-05:00,191.49000549316406,192.92999267578125,190.8300018310547,191.30999755859375,189.00572204589844,39617700,0.0,0.0
2023-11-24 00:00:00-05:00,190.8699951171875,190.89999389648438,189.25,189.97000122070312,187.6818389892578,24048300,0.0,0.0
2023-11-27 00:00:00-05:00,189.9199981689453,190.6699981689453,188.89999389648438,189.7899932861328,187.50401306152344,40552600,0.0,0.0
2023-11-28 00:00:00-05:00,189.77999877929688,191.0800018310547,189.39999389648438,190.39999389648438,188.10665893554688,38415400,0.0,0.0
2023-11-29 00:00:00-05:00,190.89999389648438,192.08999633789062,188.97000122070312,189.3699951171875,187.08909606933594,43014200,0.0,0.0
2023-11-30 00:00:00-05:00,189.83999633789062,190.32000732421875,188.19000244140625,189.9499969482422,187.662109375,48794400,0.0,0.0
2023-12-01 00:00:00-05:00,190.3300018310547,191.55999755859375,189.22999572753906,191.24000549316406,188.93658447265625,45704800,0.0,0.0
2023-12-04 00:00:00-05:00,189.97999572753906,190.0500030517578,187.4499969482422,189.42999267578125,187.1483612060547,43389500,0.0,0.0
2023-12-05 00:00:00-05:00,190.2100067138672,194.39999389648438,190.17999267578125,193.4199981689453,191.0902862548828,66628400,0.0,0.0
2023-12-06 00:00:00-05:00,194.4499969482422,194.75999450683594,192.11000061035156,192.32000732421875,190.0035858154297,41089700,0.0,0.0
2023-12-07 00:00:00-05:00,193.6300048828125,195.0,193.58999633789062,194.27000427246094,191.93008422851562,47477700,0.0,0.0
2023-12-08 00:00:00-05:00,194.1999969482422,195.99000549316406,193.6699981689453,195.7100067138672,193.35272216796875,53406400,0.0,0.0
2023-12-11 00:00:00-05:00,193.11000061035156,193.49000549316406,191.4199981689453,193.17999267578125,190.85317993164062,60943700,0.0,0.0
2023-12-12 00:00:00-05:00,193.0800018310547,194.72000122070312,191.72000122070312,194.7100067138672,192.36476135253906,52696900,0.0,0.0
2023-12-13 00:00:00-05:00,195.08999633789062,198.0,194.85000610351562,197.9600067138672,195.5756072998047,70404200,0.0,0.0
2023-12-14 00:00:00-05:00,198.02000427246094,199.6199951171875,196.16000366210938,198.11000061035156,195.7238006591797,66831600,0.0,0.0
2023-12-15 00:00:00-05:00,197.52999877929688,198.39999389648438,197.0,197.57000732421875,195.1903076171875,128538400,0.0,0.0
2023-12-18 00:00:00-05:00,196.08999633789062,196.6300048828125,194.38999938964844,195.88999938964844,193.53054809570312,55751900,0.0,0.0
2023-12-19 00:00:00-05:00,196.16000366210938,196.9499969482422,195.88999938964844,196.94000244140625,194.56790161132812,40714100,0.0,0.0
2023-12-20 00:00:00-05:00,196.89999389648438,197.67999267578125,194.8300018310547,194.8300018310547,192.4833221435547,52242800,0.0,0.0
2023-12-21 00:00:00-05:00,196.10000610351562,197.0800018310547,193.5,194.67999267578125,192.33511352539062,46482500,0.0,0.0
2023-12-22 00:00:00-05:00,195.17999267578125,195.41000366210938,192.97000122070312,193.60000610351562,191.2681121826172,37149600,0.0,0.0
2023-12-26 00:00:00-05:00,193.61000061035156,193.88999938964844,192.8300018310547,193.0500030517578,190.7247772216797,28919300,0.0,0.0
2023-12-27 00:00:00-05:00,192.49000549316406,193.5,191.08999633789062,193.14999389648438,190.82351684570312,48087700,0.0,0.0
2023-12-28 00:00:00-05:00,194.13999938964844,194.66000366210938,193.1699981689453,193.5800018310547,191.24838256835938,34049900,0.0,0.0
2023-12-29 00:00:00-05:00,193.89999389648438,194.39999389648438,191.72999572753906,192.52999877929688,190.2110137939453,42672100,0.0,0.0
2024-01-02 00:00:00-05:00,187.14999389648438,188.44000244140625,183.88999938964844,185.63999938964844,183.40402221679688,82488700,0.0,0.0
2024-01-03 00:00:00-05:00,184.22000122070312,185.8800048828125,183.42999267578125,184.25,182.03074645996094,58414500,0.0,0.0
2024-01-04 00:00:00-05:00,182.14999389648438,183.08999633789062,180.8800048828125,181.91000366210938,179.71893310546875,71983600,0.0,0.0
2024-01-05 00:00:00-05:00,181.99000549316406,182.75999450683594,180.1699981689453,181.17999267578125,178.9977264404297,62379700,0.0,0.0
2024-01-08 00:00:00-05:00,182.08999633789062,185.60000610351562,181.5,185.55999755859375,183.32498168945312,59144500,0.0,0.0
2024-01-09 00:00:00-05:00,183.9199981689453,185.14999389648438,182.72999572753906,185.13999938964844,182.91004943847656,42841800,0.0,0.0
2024-01-10 00:00:00-05:00,184.35000610351562,186.39999389648438,183.9199981689453,186.19000244140625,183.94740295410156,46792900,0.0,0.0
2024-01-11 00:00:00-05:00,186.5399932861328,187.0500030517578,183.6199951171875,185.58999633789062,183.35458374023438,49128400,0.0,0.0
2024-01-12 00:00:00-05:00,186.05999755859375,186.74000549316406,185.19000244140625,185.9199981689453,183.68063354492188,40477800,0.0,0.0
2024-01-16 00:00:00-05:00,182.16000366210938,184.25999450683594,180.92999267578125,183.6300048828125,181.41822814941406,65603000,0.0,0.0
2024-01-17 00:00:00-05:00,181.27000427246094,182.92999267578125,180.3000030517578,182.67999267578125,180.4796600341797,47317400,0.0,0.0
2024-01-18 00:00:00-05:00,186.08999633789062,189.13999938964844,185.8300018310547,188.6300048828125,186.35801696777344,78005800,0.0,0.0
2024-01-19 00:00:00-05:00,189.3300018310547,191.9499969482422,188.82000732421875,191.55999755859375,189.25270080566406,68903000,0.0,0.0
2024-01-22 00:00:00-05:00,192.3000030517578,195.3300018310547,192.25999450683594,193.88999938964844,191.55465698242188,60133900,0.0,0.0
2024-01-23 00:00:00-05:00,195.02000427246094,195.75,193.8300018310547,195.17999267578125,192.8291015625,42355600,0.0,0.0
2024-01-24 00:00:00-05:00,195.4199981689453,196.3800048828125,194.33999633789062,194.5,192.15733337402344,53631300,0.0,0.0
2024-01-25 00:00:00-05:00,195.22000122070312,196.27000427246094,193.11000061035156,194.1699981689453,191.83126831054688,54822100,0.0,0.0
2024-01-26 00:00:00-05:00,194.27000427246094,194.75999450683594,191.94000244140625,192.4199981689453,190.10232543945312,44594000,0.0,0.0
2024-01-29 00:00:00-05:00,192.00999450683594,192.1999969482422,189.5800018310547,191.72999572753906,189.42066955566406,47145600,0.0,0.0
2024-01-30 00:00:00-05:00,190.94000244140625,191.8000030517578,187.47000122070312,188.0399932861328,185.77511596679688,55859400,0.0,0.0
2024-01-31 00:00:00-05:00,187.0399932861328,187.10000610351562,184.35000610351562,184.39999389648438,182.17892456054688,55467800,0.0,0.0
2024-02-01 00:00:00-05:00,183.99000549316406,186.9499969482422,183.82000732421875,186.86000061035156,184.6093292236328,64885400,0.0,0.0
2024-02-02 00:00:00-05:00,179.86000061035156,187.3300018310547,179.25,185.85000610351562,183.6114959716797,102551700,0.0,0.0
2024-02-05 00:00:00-05:00,188.14999389648438,189.25,185.83999633789062,187.67999267578125,185.41941833496094,69668800,0.0,0.0
2024-02-06 00:00:00-05:00,186.86000061035156,189.30999755859375,186.77000427246094,189.3000030517578,187.0199432373047,43490800,0.0,0.0
2024-02-07 00:00:00-05:00,190.63999938964844,191.0500030517578,188.61000061035156,189.41000366210938,187.1285858154297,53439000,0.0,0.0
2024-02-08 00:00:00-05:00,189.38999938964844,189.5399932861328,187.35000610351562,188.32000732421875,186.05174255371094,40962000,0.0,0.0
2024-02-09 00:00:00-05:00,188.64999389648438,189.99000549316406,188.0,188.85000610351562,186.8134307861328,45155200,0.24,0.0
2024-02-12 00:00:00-05:00,188.4199981689453,188.6699981689453,186.7899932861328,187.14999389648438,185.1317596435547,41781900,0.0,0.0
2024-02-13 00:00:00-05:00,185.77000427246094,186.2100067138672,183.50999450683594,185.0399932861328,183.04449462890625,56529500,0.0,0.0
2024-02-14 00:00:00-05:00,185.32000732421875,185.52999877929688,182.44000244140625,184.14999389648438,182.16407775878906,54630500,0.0,0.0
2024-02-15 00:00:00-05:00,183.5500030517578,184.49000549316406,181.35000610351562,183.86000061035156,181.87722778320312,65434500,0.0,0.0
2024-02-16 00:00:00-05:00,183.4199981689453,184.85000610351562,181.6699981689453,182.30999755859375,180.34396362304688,49752500,0.0,0.0
2024-02-20 00:00:00-05:00,181.7899932861328,182.42999267578125,180.0,181.55999755859375,179.60205078125,53665600,0.0,0.0
2024-02-21 00:00:00-05:00,181.94000244140625,182.88999938964844,180.66000366210938,182.32000732421875,180.35385131835938,41371400,0.0,0.0
2024-02-22 00:00:00-05:00,183.47999572753906,184.9600067138672,182.4600067138672,184.3699951171875,182.3817596435547,52292200,0.0,0.0
2024-02-23 00:00:00-05:00,185.00999450683594,185.0399932861328,182.22999572753906,182.52000427246094,180.55169677734375,45119700,0.0,0.0
2024-02-26 00:00:00-05:00,182.24000549316406,182.75999450683594,180.64999389648438,181.16000366210938,179.20635986328125,40867400,0.0,0.0
2024-02-27 00:00:00-05:00,181.10000610351562,183.9199981689453,179.55999755859375,182.6300048828125,180.6605224609375,54318900,0.0,0.0
2024-02-28 00:00:00-05:00,182.50999450683594,183.1199951171875,180.1300048828125,181.4199981689453,179.4635467529297,48953900,0.0,0.0
2024-02-29 00:00:00-05:00,181.27000427246094,182.57000732421875,179.52999877929688,180.75,178.80078125,136682600,0.0,0.0
2024-03-01 00:00:00-05:00,179.5500030517578,180.52999877929688,177.3800048828125,179.66000366210938,177.7225341796875,73563100,0.0,0.0
2024-03-04 00:00:00-05:00,176.14999389648438,176.89999389648438,173.7899932861328,175.10000610351562,173.21170043945312,81510100,0.0,0.0
2024-03-05 00:00:00-05:00,170.75999450683594,172.0399932861328,169.6199951171875,170.1199951171875,168.28543090820312,95132400,0.0,0.0
2024-03-06 00:00:00-05:00,171.05999755859375,171.24000549316406,168.67999267578125,169.1199951171875,167.2961883544922,68587700,0.0,0.0
2024-03-07 00:00:00-05:00,169.14999389648438,170.72999572753906,168.49000549316406,169.0,167.17750549316406,71765100,0.0,0.0
2024-03-08 00:00:00-05:00,169.0,173.6999969482422,168.94000244140625,170.72999572753906,168.88882446289062,76267000,0.0,0.0
2024-03-11 00:00:00-04:00,172.94000244140625,174.3800048828125,172.0500030517578,172.75,170.88705444335938,60139500,0.0,0.0
2024-03-12 00:00:00-04:00,173.14999389648438,174.02999877929688,171.00999450683594,173.22999572753906,171.36183166503906,59825400,0.0,0.0
2024-03-13 00:00:00-04:00,172.77000427246094,173.19000244140625,170.75999450683594,171.1300048828125,169.28451538085938,52488700,0.0,0.0
2024-03-14 00:00:00-04:00,172.91000366210938,174.30999755859375,172.0500030517578,173.0,171.1343536376953,72913500,0.0,0.0
2024-03-15 00:00:00-04:00,171.1699981689453,172.6199951171875,170.2899932861328,172.6199951171875,170.75845336914062,121752700,0.0,0.0
2024-03-18 00:00:00-04:00,175.57000732421875,177.7100067138672,173.52000427246094,173.72000122070312,171.84657287597656,75604200,0.0,0.0
2024-03-19 00:00:00-04:00,174.33999633789062,176.61000061035156,173.02999877929688,176.0800018310547,174.18115234375,55215200,0.0,0.0
2024-03-20 00:00:00-04:00,175.72000122070312,178.6699981689453,175.08999633789062,178.6699981689453,176.7432098388672,53423100,0.0,0.0
2024-03-21 00:00:00-04:00,177.0500030517578,177.49000549316406,170.83999633789062,171.3699951171875,169.5219268798828,106181300,0.0,0.0
2024-03-22 00:00:00-04:00,171.75999450683594,173.0500030517578,170.05999755859375,172.27999877929688,170.42214965820312,71160100,0.0,0.0
2024-03-25 00:00:00-04:00,170.57000732421875,171.94000244140625,169.4499969482422,170.85000610351562,169.00753784179688,54288300,0.0,0.0
2024-03-26 00:00:00-04:00,170.0,171.4199981689453,169.5800018310547,169.7100067138672,167.87982177734375,57388400,0.0,0.0
2024-03-27 00:00:00-04:00,170.41000366210938,173.60000610351562,170.11000061035156,173.30999755859375,171.44100952148438,60273300,0.0,0.0
2024-03-28 00:00:00-04:00,171.75,172.22999572753906,170.50999450683594,171.47999572753906,169.63075256347656,65672700,0.0,0.0
2024-04-01 00:00:00-04:00,171.19000244140625,171.25,169.47999572753906,170.02999877929688,168.1963653564453,46240500,0.0,0.0
2024-04-02 00:00:00-04:00,169.0800018310547,169.33999633789062,168.22999572753906,168.83999633789062,167.01919555664062,49329500,0.0,0.0
2024-04-03 00:00:00-04:00,168.7899932861328,170.67999267578125,168.5800018310547,169.64999389648438,167.8204803466797,47691700,0.0,0.0
2024-04-04 00:00:00-04:00,170.2899932861328,171.9199981689453,168.82000732421875,168.82000732421875,166.99945068359375,53704400,0.0,0.0
2024-04-05 00:00:00-04:00,169.58999633789062,170.38999938964844,168.9499969482422,169.5800018310547,167.75123596191406,42104800,0.0,0.0
2024-04-08 00:00:00-04:00,169.02999877929688,169.1999969482422,168.24000549316406,168.4499969482422,166.6334228515625,37425500,0.0,0.0
2024-04-09 00:00:00-04:00,168.6999969482422,170.0800018310547,168.35000610351562,169.6699981689453,167.84022521972656,42373800,0.0,0.0
2024-04-10 00:00:00-04:00,168.8000030517578,169.08999633789062,167.11000061035156,167.77999877929688,165.97064208984375,49709300,0.0,0.0
2024-04-11 00:00:00-04:00,168.33999633789062,175.4600067138672,168.16000366210938,175.0399932861328,173.15232849121094,91070300,0.0,0.0
2024-04-12 00:00:00-04:00,174.25999450683594,178.36000061035156,174.2100067138672,176.5500030517578,174.6460723876953,101670900,0.0,0.0
2024-04-15 00:00:00-04:00,175.36000061035156,176.6300048828125,172.5,172.69000244140625,170.8276824951172,73531800,0.0,0.0
2024-04-16 00:00:00-04:00,171.75,173.75999450683594,168.27000427246094,169.3800048828125,167.55340576171875,73711200,0.0,0.0
2024-04-17 00:00:00-04:00,169.61000061035156,170.64999389648438,168.0,168.0,166.18826293945312,50901200,0.0,0.0
2024-04-18 00:00:00-04:00,168.02999877929688,168.63999938964844,166.5500030517578,167.0399932861328,165.23861694335938,43122900,0.0,0.0
2024-04-19 00:00:00-04:00,166.2100067138672,166.39999389648438,164.0800018310547,165.0,163.22064208984375,68149400,0.0,0.0
2024-04-22 00:00:00-04:00,165.52000427246094,167.25999450683594,164.77000427246094,165.83999633789062,164.05157470703125,48116400,0.0,0.0
2024-04-23 00:00:00-04:00,165.35000610351562,167.0500030517578,164.9199981689453,166.89999389648438,165.10011291503906,49537800,0.0,0.0
2024-04-24 00:00:00-04:00,166.5399932861328,169.3000030517578,166.2100067138672,169.02000427246094,167.19728088378906,48251800,0.0,0.0
2024-04-25 00:00:00-04:00,169.52999877929688,170.61000061035156,168.14999389648438,169.88999938964844,168.05789184570312,50558300,0.0,0.0
2024-04-26 00:00:00-04:00,169.8800048828125,171.33999633789062,169.17999267578125,169.3000030517578,167.47425842285156,44838400,0.0,0.0
2024-04-29 00:00:00-04:00,173.3699951171875,176.02999877929688,173.10000610351562,173.5,171.62893676757812,68169400,0.0,0.0
2024-04-30 00:00:00-04:00,173.3300018310547,174.99000549316406,170.0,170.3300018310547,168.49314880371094,65934800,0.0,0.0
2024-05-01 00:00:00-04:00,169.5800018310547,172.7100067138672,169.11000061035156,169.3000030517578,167.47425842285156,50383100,0.0,0.0
2024-05-02 00:00:00-04:00,172.50999450683594,173.4199981689453,170.88999938964844,173.02999877929688,171.1640167236328,94214900,0.0,0.0
2024-05-03 00:00:00-04:00,186.64999389648438,187.0,182.66000366210938,183.3800048828125,181.4023895263672,163224100,0.0,0.0
2024-05-06 00:00:00-04:00,182.35000610351562,184.1999969482422,180.4199981689453,181.7100067138672,179.75042724609375,78569700,0.0,0.0
2024-05-07 00:00:00-04:00,183.4499969482422,184.89999389648438,181.32000732421875,182.39999389648438,180.43295288085938,77305800,0.0,0.0
2024-05-08 00:00:00-04:00,182.85000610351562,183.07000732421875,181.4499969482422,182.74000549316406,180.76931762695312,45057100,0.0,0.0
2024-05-09 00:00:00-04:00,182.55999755859375,184.66000366210938,182.11000061035156,184.57000732421875,182.57960510253906,48983000,0.0,0.0
2024-05-10 00:00:00-04:00,184.89999389648438,185.08999633789062,182.1300048828125,183.0500030517578,181.32156372070312,50759500,0.25,0.0
2024-05-13 00:00:00-04:00,185.44000244140625,187.10000610351562,184.6199951171875,186.27999877929688,184.5210723876953,72044800,0.0,0.0
2024-05-14 00:00:00-04:00,187.50999450683594,188.3000030517578,186.2899932861328,187.42999267578125,185.66021728515625,52393600,0.0,0.0
2024-05-15 00:00:00-04:00,187.91000366210938,190.64999389648438,187.3699951171875,189.72000122070312,187.92861938476562,70400000,0.0,0.0
2024-05-16 00:00:00-04:00,190.47000122070312,191.10000610351562,189.66000366210938,189.83999633789062,188.04745483398438,52845200,0.0,0.0
2024-05-17 00:00:00-04:00,189.50999450683594,190.80999755859375,189.17999267578125,189.8699951171875,188.07716369628906,41282900,0.0,0.0
2024-05-20 00:00:00-04:00,189.3300018310547,191.9199981689453,189.00999450683594,191.0399932861328,189.23611450195312,44361300,0.0,0.0
2024-05-21 00:00:00-04:00,191.08999633789062,192.72999572753906,190.9199981689453,192.35000610351562,190.5337677001953,42309400,0.0,0.0
2024-05-22 00:00:00-04:00,192.27000427246094,192.82000732421875,190.27000427246094,190.89999389648438,189.09742736816406,34648500,0.0,0.0
2024-05-23 00:00:00-04:00,190.97999572753906,191.0,186.6300048828125,186.8800048828125,185.11541748046875,51005900,0.0,0.0
2024-05-24 00:00:00-04:00,188.82000732421875,190.5800018310547,188.0399932861328,189.97999572753906,188.18612670898438,36327000,0.0,0.0
2024-05-28 00:00:00-04:00,191.50999450683594,193.0,189.10000610351562,189.99000549316406,188.19606018066406,52280100,0.0,0.0
2024-05-29 00:00:00-04:00,189.61000061035156,192.25,189.50999450683594,190.2899932861328,188.49322509765625,53068000,0.0,0.0
2024-05-30 00:00:00-04:00,190.75999450683594,192.17999267578125,190.6300048828125,191.2899932861328,189.48377990722656,49889100,0.0,0.0
2024-05-31 00:00:00-04:00,191.44000244140625,192.57000732421875,189.91000366210938,192.25,190.43470764160156,75158300,0.0,0.0
2024-06-03 00:00:00-04:00,192.89999389648438,194.99000549316406,192.52000427246094,194.02999877929688,192.1978759765625,50080500,0.0,0.0
2024-06-04 00:00:00-04:00,194.63999938964844,195.32000732421875,193.02999877929688,194.35000610351562,192.51487731933594,47471400,0.0,0.0
2024-06-05 00:00:00-04:00,195.39999389648438,196.89999389648438,194.8699951171875,195.8699951171875,194.02052307128906,54156800,0.0,0.0
2024-06-06 00:00:00-04:00,195.69000244140625,196.5,194.1699981689453,194.47999572753906,192.64364624023438,41181800,0.0,0.0
2024-06-07 00:00:00-04:00,194.64999389648438,196.94000244140625,194.13999938964844,196.88999938964844,195.03089904785156,53103900,0.0,0.0
2024-06-10 00:00:00-04:00,196.89999389648438,197.3000030517578,192.14999389648438,193.1199951171875,191.29647827148438,97010200,0.0,0.0
2024-06-11 00:00:00-04:00,193.64999389648438,207.16000366210938,193.6300048828125,207.14999389648438,205.19400024414062,172373300,0.0,0.0
2024-06-12 00:00:00-04:00,207.3699951171875,220.1999969482422,206.89999389648438,213.07000732421875,211.05813598632812,198134300,0.0,0.0
2024-06-13 00:00:00-04:00,214.74000549316406,216.75,211.60000610351562,214.24000549316406,212.21707153320312,97862700,0.0,0.0
2024-06-14 00:00:00-04:00,213.85000610351562,215.1699981689453,211.3000030517578,212.49000549316406,210.4835968017578,70122700,0.0,0.0
2024-06-17 00:00:00-04:00,213.3699951171875,218.9499969482422,212.72000122070312,216.6699981689453,214.62413024902344,93728300,0.0,0.0
2024-06-18 00:00:00-04:00,217.58999633789062,218.6300048828125,213.0,214.2899932861328,212.26658630371094,79943300,0.0,0.0
2024-06-20 00:00:00-04:00,213.92999267578125,214.24000549316406,208.85000610351562,209.67999267578125,207.70010375976562,86172500,0.0,0.0
2024-06-21 00:00:00-04:00,210.38999938964844,211.88999938964844,207.11000061035156,207.49000549316406,205.53082275390625,241805100,0.0,0.0
2024-06-24 00:00:00-04:00,207.72000122070312,212.6999969482422,206.58999633789062,208.13999938964844,206.17466735839844,80727000,0.0,0.0
2024-06-25 00:00:00-04:00,209.14999389648438,211.3800048828125,208.61000061035156,209.07000732421875,207.09591674804688,55549700,0.0,0.0
2024-06-26 00:00:00-04:00,211.5,214.86000061035156,210.63999938964844,213.25,211.23641967773438,66213200,0.0,0.0
2024-06-27 00:00:00-04:00,214.69000244140625,215.74000549316406,212.35000610351562,214.10000610351562,212.07839965820312,49772700,0.0,0.0
2024-06-28 00:00:00-04:00,215.77000427246094,216.07000732421875,210.3000030517578,210.6199951171875,208.6312255859375,82542700,0.0,0.0
2024-07-01 00:00:00-04:00,212.08999633789062,217.50999450683594,211.9199981689453,216.75,214.70335388183594,60402900,0.0,0.0
2024-07-02 00:00:00-04:00,216.14999389648438,220.3800048828125,215.10000610351562,220.27000427246094,218.1901092529297,58046200,0.0,0.0
2024-07-03 00:00:00-04:00,220.0,221.5500030517578,219.02999877929688,221.5500030517578,219.4580535888672,37369800,0.0,0.0
2024-07-05 00:00:00-04:00,221.64999389648438,226.4499969482422,221.64999389648438,226.33999633789062,224.20281982421875,60412400,0.0,0.0
2024-07-08 00:00:00-04:00,227.08999633789062,227.85000610351562,223.25,227.82000732421875,225.66883850097656,59085900,0.0,0.0
2024-07-09 00:00:00-04:00,227.92999267578125,229.39999389648438,226.3699951171875,228.67999267578125,226.5207061767578,48076100,0.0,0.0
2024-07-10 00:00:00-04:00,229.3000030517578,233.0800018310547,229.25,232.97999572753906,230.78013610839844,62627700,0.0,0.0
2024-07-11 00:00:00-04:00,231.38999938964844,232.38999938964844,225.77000427246094,227.57000732421875,225.4212188720703,64710600,0.0,0.0
2024-07-12 00:00:00-04:00,228.9199981689453,232.63999938964844,228.67999267578125,230.5399932861328,228.36314392089844,53046500,0.0,0.0
2024-07-15 00:00:00-04:00,236.47999572753906,237.22999572753906,233.08999633789062,234.39999389648438,232.18670654296875,62631300,0.0,0.0
2024-07-16 00:00:00-04:00,235.0,236.27000427246094,232.3300018310547,234.82000732421875,232.60272216796875,43234300,0.0,0.0
2024-07-17 00:00:00-04:00,229.4499969482422,231.4600067138672,226.63999938964844,228.8800048828125,226.71884155273438,57345900,0.0,0.0
2024-07-18 00:00:00-04:00,230.27999877929688,230.44000244140625,222.27000427246094,224.17999267578125,222.06320190429688,66034600,0.0,0.0
2024-07-19 00:00:00-04:00,224.82000732421875,226.8000030517578,223.27999877929688,224.30999755859375,222.19198608398438,49151500,0.0,0.0
2024-07-22 00:00:00-04:00,227.00999450683594,227.77999877929688,223.08999633789062,223.9600067138672,221.84530639648438,48201800,0.0,0.0
2024-07-23 00:00:00-04:00,224.3699951171875,226.94000244140625,222.67999267578125,225.00999450683594,222.88539123535156,39960300,0.0,0.0
2024-07-24 00:00:00-04:00,224.0,224.8000030517578,217.1300048828125,218.5399932861328,216.47645568847656,61777600,0.0,0.0
2024-07-25 00:00:00-04:00,218.92999267578125,220.85000610351562,214.6199951171875,217.49000549316406,215.43638610839844,51391200,0.0,0.0
2024-07-26 00:00:00-04:00,218.6999969482422,219.49000549316406,216.00999450683594,217.9600067138672,215.90196228027344,41601300,0.0,0.0
2024-07-29 00:00:00-04:00,216.9600067138672,219.3000030517578,215.75,218.24000549316406,216.17930603027344,36311800,0.0,0.0
2024-07-30 00:00:00-04:00,219.19000244140625,220.3300018310547,216.1199951171875,218.8000030517578,216.7340087890625,41643800,0.0,0.0
2024-07-31 00:00:00-04:00,221.44000244140625,223.82000732421875,220.6300048828125,222.0800018310547,219.98301696777344,50036300,0.0,0.0
2024-08-01 00:00:00-04:00,224.3699951171875,224.47999572753906,217.02000427246094,218.36000061035156,216.29815673828125,62501000,0.0,0.0
2024-08-02 00:00:00-04:00,219.14999389648438,225.60000610351562,217.7100067138672,219.86000061035156,217.78399658203125,105568600,0.0,0.0
2024-08-05 00:00:00-04:00,199.08999633789062,213.5,196.0,209.27000427246094,207.2939910888672,119548600,0.0,0.0
2024-08-06 00:00:00-04:00,205.3000030517578,209.99000549316406,201.07000732421875,207.22999572753906,205.27325439453125,69660500,0.0,0.0
2024-08-07 00:00:00-04:00,206.89999389648438,213.63999938964844,206.38999938964844,209.82000732421875,207.8387908935547,63516400,0.0,0.0
2024-08-08 00:00:00-04:00,213.11000061035156,214.1999969482422,208.8300018310547,213.30999755859375,211.29583740234375,47161100,0.0,0.0
2024-08-09 00:00:00-04:00,212.10000610351562,216.77999877929688,211.97000122070312,216.24000549316406,214.1981964111328,42201600,0.0,0.0
2024-08-12 00:00:00-04:00,216.07000732421875,219.50999450683594,215.60000610351562,217.52999877929688,215.7254180908203,38028100,0.25,0.0
2024-08-13 00:00:00-04:00,219.00999450683594,221.88999938964844,219.00999450683594,221.27000427246094,219.4344024658203,44155300,0.0,0.0
2024-08-14 00:00:00-04:00,220.57000732421875,223.02999877929688,219.6999969482422,221.72000122070312,219.8806610107422,41960600,0.0,0.0
2024-08-15 00:00:00-04:00,224.60000610351562,225.35000610351562,222.75999450683594,224.72000122070312,222.85577392578125,46414000,0.0,0.0
2024-08-16 00:00:00-04:00,223.9199981689453,226.8300018310547,223.64999389648438,226.0500030517578,224.17474365234375,44340200,0.0,0.0
2024-08-19 00:00:00-04:00,225.72000122070312,225.99000549316406,223.0399932861328,225.88999938964844,224.01605224609375,40687800,0.0,0.0
2024-08-20 00:00:00-04:00,225.77000427246094,227.1699981689453,225.4499969482422,226.50999450683594,224.63092041015625,30299000,0.0,0.0
2024-08-21 00:00:00-04:00,226.52000427246094,227.97999572753906,225.0500030517578,226.39999389648438,224.52182006835938,34765500,0.0,0.0
2024-08-22 00:00:00-04:00,227.7899932861328,228.33999633789062,223.89999389648438,224.52999877929688,222.66732788085938,43695300,0.0,0.0
2024-08-23 00:00:00-04:00,225.66000366210938,228.22000122070312,224.3300018310547,226.83999633789062,224.9581756591797,38677300,0.0,0.0
2024-08-26 00:00:00-04:00,226.75999450683594,227.27999877929688,223.88999938964844,227.17999267578125,225.29534912109375,30602200,0.0,0.0
2024-08-27 00:00:00-04:00,226.0,228.85000610351562,224.88999938964844,228.02999877929688,226.1383056640625,35934600,0.0,0.0
2024-08-28 00:00:00-04:00,227.9199981689453,229.86000061035156,225.67999267578125,226.49000549316406,224.611083984375,38052200,0.0,0.0
2024-08-29 00:00:00-04:00,230.10000610351562,232.9199981689453,228.8800048828125,229.7899932861328,227.88369750976562,51906300,0.0,0.0
2024-08-30 00:00:00-04:00,230.19000244140625,230.39999389648438,227.47999572753906,229.0,227.10025024414062,52990800,0.0,0.0
2024-09-03 00:00:00-04:00,228.5500030517578,229.0,221.1699981689453,222.77000427246094,220.9219512939453,50190600,0.0,0.0
2024-09-04 00:00:00-04:00,221.66000366210938,221.77999877929688,217.47999572753906,220.85000610351562,219.0178985595703,43840200,0.0,0.0
2024-09-05 00:00:00-04:00,221.6300048828125,225.47999572753906,221.52000427246094,222.3800048828125,220.5352020263672,36615400,0.0,0.0
2024-09-06 00:00:00-04:00,223.9499969482422,225.24000549316406,219.77000427246094,220.82000732421875,218.9881134033203,48423000,0.0,0.0
2024-09-09 00:00:00-04:00,220.82000732421875,221.27000427246094,216.7100067138672,220.91000366210938,219.07737731933594,67180000,0.0,0.0
2024-09-10 00:00:00-04:00,218.9199981689453,221.47999572753906,216.72999572753906,220.11000061035156,218.28399658203125,51591000,0.0,0.0
2024-09-11 00:00:00-04:00,221.4600067138672,223.08999633789062,217.88999938964844,222.66000366210938,220.81283569335938,44587100,0.0,0.0
2024-09-12 00:00:00-04:00,222.5,223.5500030517578,219.82000732421875,222.77000427246094,220.9219512939453,37455600,0.0,0.0
2024-09-13 00:00:00-04:00,223.5800018310547,224.0399932861328,221.91000366210938,222.5,220.6541748046875,36766600,0.0,0.0
2024-09-16 00:00:00-04:00,216.5399932861328,217.22000122070312,213.9199981689453,216.32000732421875,214.5254669189453,59357400,0.0,0.0
2024-09-17 00:00:00-04:00,215.75,216.89999389648438,214.5,216.7899932861328,214.99154663085938,45519300,0.0,0.0
2024-09-18 00:00:00-04:00,217.5500030517578,222.7100067138672,217.5399932861328,220.69000244140625,218.85919189453125,59894900,0.0,0.0
2024-09-19 00:00:00-04:00,224.99000549316406,229.82000732421875,224.6300048828125,228.8699951171875,226.97134399414062,66781300,0.0,0.0
2024-09-20 00:00:00-04:00,229.97000122070312,233.08999633789062,227.6199951171875,228.1999969482422,226.3069305419922,318679900,0.0,0.0
2024-09-23 00:00:00-04:00,227.33999633789062,229.4499969482422,225.80999755859375,226.47000122070312,224.59124755859375,54146000,0.0,0.0
2024-09-24 00:00:00-04:00,228.64999389648438,229.35000610351562,225.72999572753906,227.3699951171875,225.48379516601562,43556100,0.0,0.0
2024-09-25 00:00:00-04:00,224.92999267578125,227.2899932861328,224.02000427246094,226.3699951171875,224.49208068847656,42308700,0.0,0.0
2024-09-26 00:00:00-04:00,227.3000030517578,228.5,225.41000366210938,227.52000427246094,225.63253784179688,36636700,0.0,0.0
2024-09-27 00:00:00-04:00,228.4600067138672,229.52000427246094,227.3000030517578,227.7899932861328,225.90028381347656,34026000,0.0,0.0
2024-09-30 00:00:00-04:00,230.0399932861328,233.0,229.64999389648438,233.0,231.0670623779297,54541900,0.0,0.0
2024-10-01 00:00:00-04:00,229.52000427246094,229.64999389648438,223.74000549316406,226.2100067138672,224.33340454101562,63285000,0.0,0.0
2024-10-02 00:00:00-04:00,225.88999938964844,227.3699951171875,223.02000427246094,226.77999877929688,224.898681640625,32880600,0.0,0.0
2024-10-03 00:00:00-04:00,225.13999938964844,226.80999755859375,223.32000732421875,225.6699981689453,223.79786682128906,34044200,0.0,0.0
2024-10-04 00:00:00-04:00,227.89999389648438,228.0,224.1300048828125,226.8000030517578,224.91851806640625,37245100,0.0,0.0
2024-10-07 00:00:00-04:00,224.5,225.69000244140625,221.3300018310547,221.69000244140625,219.85092163085938,39505400,0.0,0.0
2024-10-08 00:00:00-04:00,224.3000030517578,225.97999572753906,223.25,225.77000427246094,223.89706420898438,31855700,0.0,0.0
2024-10-09 00:00:00-04:00,225.22999572753906,229.75,224.8300018310547,229.5399932861328,227.6357879638672,33591100,0.0,0.0
2024-10-10 00:00:00-04:00,227.77999877929688,229.5,227.1699981689453,229.0399932861328,227.13992309570312,28183500,0.0,0.0
2024-10-11 00:00:00-04:00,229.3000030517578,229.41000366210938,227.33999633789062,227.5500030517578,225.66232299804688,31759200,0.0,0.0
2024-10-14 00:00:00-04:00,228.6999969482422,231.72999572753906,228.60000610351562,231.3000030517578,229.3811798095703,39882100,0.0,0.0
2024-10-15 00:00:00-04:00,233.61000061035156,237.49000549316406,232.3699951171875,233.85000610351562,231.9100341796875,64751400,0.0,0.0
2024-10-16 00:00:00-04:00,231.60000610351562,232.1199951171875,229.83999633789062,231.77999877929688,229.85719299316406,34082200,0.0,0.0
2024-10-17 00:00:00-04:00,233.42999267578125,233.85000610351562,230.52000427246094,232.14999389648438,230.22412109375,32993800,0.0,0.0
2024-10-18 00:00:00-04:00,236.17999267578125,236.17999267578125,234.00999450683594,235.0,233.05047607421875,46431500,0.0,0.0
2024-10-21 00:00:00-04:00,234.4499969482422,236.85000610351562,234.4499969482422,236.47999572753906,234.51821899414062,36254500,0.0,0.0
2024-10-22 00:00:00-04:00,233.88999938964844,236.22000122070312,232.60000610351562,235.86000061035156,233.9033660888672,38846600,0.0,0.0
2024-10-23 00:00:00-04:00,234.0800018310547,235.13999938964844,227.75999450683594,230.75999450683594,228.84564208984375,52287000,0.0,0.0
2024-10-24 00:00:00-04:00,229.97999572753906,230.82000732421875,228.41000366210938,230.57000732421875,228.65724182128906,31109500,0.0,0.0
2024-10-25 00:00:00-04:00,229.74000549316406,233.22000122070312,229.57000732421875,231.41000366210938,229.49026489257812,38802300,0.0,0.0
2024-10-28 00:00:00-04:00,233.32000732421875,234.72999572753906,232.5500030517578,233.39999389648438,231.4637451171875,36087100,0.0,0.0
2024-10-29 00:00:00-04:00,233.10000610351562,234.3300018310547,232.32000732421875,233.6699981689453,231.7315216064453,35417200,0.0,0.0
2024-10-30 00:00:00-04:00,232.61000061035156,233.47000122070312,229.5500030517578,230.10000610351562,228.191162109375,47070900,0.0,0.0
2024-10-31 00:00:00-04:00,229.33999633789062,229.8300018310547,225.3699951171875,225.91000366210938,224.03591918945312,64370100,0.0,0.0
2024-11-01 00:00:00-04:00,220.97000122070312,225.35000610351562,220.27000427246094,222.91000366210938,221.060791015625,65276700,0.0,0.0
2024-11-04 00:00:00-05:00,220.99000549316406,222.7899932861328,219.7100067138672,222.00999450683594,220.168212890625,44944500,0.0,0.0
2024-11-05 00:00:00-05:00,221.8000030517578,223.9499969482422,221.13999938964844,223.4499969482422,221.59629821777344,28111300,0.0,0.0
2024-11-06 00:00:00-05:00,222.61000061035156,226.07000732421875,221.19000244140625,222.72000122070312,220.8723602294922,54561100,0.0,0.0
2024-11-07 00:00:00-05:00,224.6300048828125,227.8800048828125,224.57000732421875,227.47999572753906,225.59286499023438,42137700,0.0,0.0
2024-11-08 00:00:00-05:00,227.1699981689453,228.66000366210938,226.41000366210938,226.9600067138672,225.3248291015625,38328800,0.25,0.0
2024-11-11 00:00:00-05:00,225.0,225.6999969482422,221.5,224.22999572753906,222.61447143554688,42005600,0.0,0.0
2024-11-12 00:00:00-05:00,224.5500030517578,225.58999633789062,223.36000061035156,224.22999572753906,222.61447143554688,40398300,0.0,0.0
2024-11-13 00:00:00-05:00,224.00999450683594,226.64999389648438,222.75999450683594,225.1199951171875,223.49806213378906,48566200,0.0,0.0
2024-11-14 00:00:00-05:00,225.02000427246094,228.8699951171875,225.0,228.22000122070312,226.57574462890625,44923900,0.0,0.0
2024-11-15 00:00:00-05:00,226.39999389648438,226.9199981689453,224.27000427246094,225.0,223.37892150878906,47923700,0.0,0.0
2024-11-18 00:00:00-05:00,225.25,229.74000549316406,225.1699981689453,228.02000427246094,226.37718200683594,44633700,0.0,0.0
2024-11-19 00:00:00-05:00,226.97999572753906,230.16000366210938,226.66000366210938,228.27999877929688,226.63531494140625,36211800,0.0,0.0
2024-11-20 00:00:00-05:00,228.05999755859375,229.92999267578125,225.88999938964844,229.0,227.35011291503906,35169600,0.0,0.0
2024-11-21 00:00:00-05:00,228.8800048828125,230.16000366210938,225.7100067138672,228.52000427246094,226.87356567382812,42108300,0.0,0.0
2024-11-22 00:00:00-05:00,228.05999755859375,230.72000122070312,228.05999755859375,229.8699951171875,228.21383666992188,38168300,0.0,0.0
2024-11-25 00:00:00-05:00,231.4600067138672,233.25,229.74000549316406,232.8699951171875,231.19223022460938,90152800,0.0,0.0
2024-11-26 00:00:00-05:00,233.3300018310547,235.57000732421875,233.3300018310547,235.05999755859375,233.366455078125,45986200,0.0,0.0
2024-11-27 00:00:00-05:00,234.47000122070312,235.69000244140625,233.80999755859375,234.92999267578125,233.23741149902344,33498400,0.0,0.0
2024-11-29 00:00:00-05:00,234.80999755859375,237.80999755859375,233.97000122070312,237.3300018310547,235.62010192871094,28481400,0.0,0.0
2024-12-02 00:00:00-05:00,237.27000427246094,240.7899932861328,237.16000366210938,239.58999633789062,237.86383056640625,48137100,0.0,0.0
2024-12-03 00:00:00-05:00,239.80999755859375,242.75999450683594,238.89999389648438,242.64999389648438,240.90176391601562,38861000,0.0,0.0
2024-12-04 00:00:00-05:00,242.8699951171875,244.11000061035156,241.25,243.00999450683594,241.25918579101562,44383900,0.0,0.0
2024-12-05 00:00:00-05:00,243.99000549316406,244.5399932861328,242.1300048828125,243.0399932861328,241.28897094726562,40033900,0.0,0.0
2024-12-06 00:00:00-05:00,242.91000366210938,244.6300048828125,242.0800018310547,242.83999633789062,241.0903778076172,36870600,0.0,0.0
2024-12-09 00:00:00-05:00,241.8300018310547,247.24000549316406,241.75,246.75,244.9722442626953,44649200,0.0,0.0
2024-12-10 00:00:00-05:00,246.88999938964844,248.2100067138672,245.33999633789062,247.77000427246094,245.98487854003906,36914800,0.0,0.0
2024-12-11 00:00:00-05:00,247.9600067138672,250.8000030517578,246.25999450683594,246.49000549316406,244.71409606933594,45205800,0.0,0.0
2024-12-12 00:00:00-05:00,246.88999938964844,248.74000549316406,245.67999267578125,247.9600067138672,246.17352294921875,32777500,0.0,0.0
2024-12-13 00:00:00-05:00,247.82000732421875,249.2899932861328,246.24000549316406,248.1300048828125,246.34228515625,33155300,0.0,0.0
2024-12-16 00:00:00-05:00,247.99000549316406,251.3800048828125,247.64999389648438,251.0399932861328,249.23130798339844,51694800,0.0,0.0
2024-12-17 00:00:00-05:00,250.0800018310547,253.8300018310547,249.77999877929688,253.47999572753906,251.6537322998047,51356400,0.0,0.0
2024-12-18 00:00:00-05:00,252.16000366210938,254.27999877929688,247.74000549316406,248.0500030517578,246.26287841796875,56774100,0.0,0.0
2024-12-19 00:00:00-05:00,247.5,252.0,247.08999633789062,249.7899932861328,247.99032592773438,60882300,0.0,0.0
2024-12-20 00:00:00-05:00,248.0399932861328,255.0,245.69000244140625,254.49000549316406,252.656494140625,147495300,0.0,0.0
2024-12-23 00:00:00-05:00,254.77000427246094,255.64999389648438,253.4499969482422,255.27000427246094,253.4308624267578,40858800,0.0,0.0
2024-12-24 00:00:00-05:00,255.49000549316406,258.2099914550781,255.2899932861328,258.20001220703125,256.33978271484375,23234700,0.0,0.0
2024-12-26 00:00:00-05:00,258.19000244140625,260.1000061035156,257.6300048828125,259.0199890136719,257.15386962890625,27237100,0.0,0.0
2024-12-27 00:00:00-05:00,257.8299865722656,258.70001220703125,253.05999755859375,255.58999633789062,253.74853515625,42355300,0.0,0.0
2024-12-30 00:00:00-05:00,252.22999572753906,253.5,250.75,252.1999969482422,250.38296508789062,35557500,0.0,0.0
2024-12-31 00:00:00-05:00,252.44000244140625,253.27999877929688,249.42999267578125,250.4199981689453,248.61581420898438,39480700,0.0,0.0
2025-01-02 00:00:00-05:00,248.92999267578125,249.10000610351562,241.82000732421875,243.85000610351562,242.0931396484375,55740700,0.0,0.0
2025-01-03 00:00:00-05:00,243.36000061035156,244.17999267578125,241.88999938964844,243.36000061035156,241.60667419433594,40244100,0.0,0.0
2025-01-06 00:00:00-05:00,244.30999755859375,247.3300018310547,243.1999969482422,245.0,243.23484802246094,45045600,0.0,0.0
2025-01-07 00:00:00-05:00,242.97999572753906,245.5500030517578,241.35000610351562,242.2100067138672,240.46495056152344,40856000,0.0,0.0
2025-01-08 00:00:00-05:00,241.9199981689453,243.7100067138672,240.0500030517578,242.6999969482422,240.95140075683594,37628900,0.0,0.0
2025-01-10 00:00:00-05:00,240.00999450683594,240.16000366210938,233.0,236.85000610351562,235.14356994628906,61710900,0.0,0.0
2025-01-13 00:00:00-05:00,233.52999877929688,234.6699981689453,229.72000122070312,234.39999389648438,232.71121215820312,49630700,0.0,0.0
2025-01-14 00:00:00-05:00,234.75,236.1199951171875,232.47000122070312,233.27999877929688,231.59927368164062,39435300,0.0,0.0
2025-01-15 00:00:00-05:00,234.63999938964844,238.9600067138672,234.42999267578125,237.8699951171875,236.1562042236328,39832000,0.0,0.0
2025-01-16 00:00:00-05:00,237.35000610351562,238.00999450683594,228.02999877929688,228.25999450683594,226.61544799804688,71759100,0.0,0.0
2025-01-17 00:00:00-05:00,232.1199951171875,232.2899932861328,228.47999572753906,229.97999572753906,228.32305908203125,68488300,0.0,0.0
2025-01-21 00:00:00-05:00,224.0,224.4199981689453,219.3800048828125,222.63999938964844,221.03594970703125,98070400,0.0,0.0
2025-01-22 00:00:00-05:00,219.7899932861328,224.1199951171875,219.7899932861328,223.8300018310547,222.2173614501953,64126500,0.0,0.0
2025-01-23 00:00:00-05:00,224.74000549316406,227.02999877929688,222.3000030517578,223.66000366210938,222.048583984375,60234800,0.0,0.0
2025-01-24 00:00:00-05:00,224.77999877929688,225.6300048828125,221.41000366210938,222.77999877929688,221.1749267578125,54697900,0.0,0.0
2025-01-27 00:00:00-05:00,224.02000427246094,232.14999389648438,223.97999572753906,229.86000061035156,228.20391845703125,94863400,0.0,0.0
2025-01-28 00:00:00-05:00,230.85000610351562,240.19000244140625,230.80999755859375,238.25999450683594,236.54339599609375,75707600,0.0,0.0
2025-01-29 00:00:00-05:00,234.1199951171875,239.86000061035156,234.00999450683594,239.36000061035156,237.635498046875,45486100,0.0,0.0
2025-01-30 00:00:00-05:00,238.6699981689453,240.7899932861328,237.2100067138672,237.58999633789062,235.8782196044922,55658300,0.0,0.0
2025-01-31 00:00:00-05:00,247.19000244140625,247.19000244140625,233.44000244140625,236.0,234.2996826171875,100959800,0.0,0.0
2025-02-03 00:00:00-05:00,229.99000549316406,231.8300018310547,225.6999969482422,228.00999450683594,226.3672637939453,73063300,0.0,0.0
2025-02-04 00:00:00-05:00,227.25,233.1300048828125,226.64999389648438,232.8000030517578,231.12274169921875,45067300,0.0,0.0
2025-02-05 00:00:00-05:00,228.52999877929688,232.6699981689453,228.27000427246094,232.47000122070312,230.79513549804688,39620300,0.0,0.0
2025-02-06 00:00:00-05:00,231.2899932861328,233.8000030517578,230.42999267578125,233.22000122070312,231.5397186279297,29925300,0.0,0.0
2025-02-07 00:00:00-05:00,232.60000610351562,234.0,227.25999450683594,227.6300048828125,225.99000549316406,39707200,0.0,0.0
2025-02-10 00:00:00-05:00,229.57000732421875,230.58999633789062,227.1999969482422,227.64999389648438,226.2583465576172,33115600,0.25,0.0
2025-02-11 00:00:00-05:00,228.1999969482422,235.22999572753906,228.1300048828125,232.6199951171875,231.1979522705078,53718400,0.0,0.0
2025-02-12 00:00:00-05:00,231.1999969482422,236.9600067138672,230.67999267578125,236.8699951171875,235.42196655273438,45243300,0.0,0.0
2025-02-13 00:00:00-05:00,236.91000366210938,242.33999633789062,235.57000732421875,241.52999877929688,240.05349731445312,53614100,0.0,0.0
2025-02-14 00:00:00-05:00,241.25,245.5500030517578,240.99000549316406,244.60000610351562,243.10470581054688,40896200,0.0,0.0
2025-02-18 00:00:00-05:00,244.14999389648438,245.17999267578125,241.83999633789062,244.47000122070312,242.9755096435547,48822500,0.0,0.0
2025-02-19 00:00:00-05:00,244.66000366210938,246.00999450683594,243.16000366210938,244.8699951171875,243.37306213378906,32204200,0.0,0.0
2025-02-20 00:00:00-05:00,244.94000244140625,246.77999877929688,244.2899932861328,245.8300018310547,244.32720947265625,32316900,0.0,0.0
2025-02-21 00:00:00-05:00,245.9499969482422,248.69000244140625,245.22000122070312,245.5500030517578,244.0489044189453,53197400,0.0,0.0
2025-02-24 00:00:00-05:00,244.92999267578125,248.86000061035156,244.4199981689453,247.10000610351562,245.5894317626953,51326400,0.0,0.0
2025-02-25 00:00:00-05:00,248.0,250.0,244.91000366210938,247.0399932861328,245.52980041503906,48013300,0.0,0.0
2025-02-26 00:00:00-05:00,244.3300018310547,244.97999572753906,239.1300048828125,240.36000061035156,238.890625,44433600,0.0,0.0
2025-02-27 00:00:00-05:00,239.41000366210938,242.4600067138672,237.05999755859375,237.3000030517578,235.84934997558594,41153600,0.0,0.0
2025-02-28 00:00:00-05:00,236.9499969482422,242.08999633789062,230.1999969482422,241.83999633789062,240.36158752441406,56833400,0.0,0.0
2025-03-03 00:00:00-05:00,241.7899932861328,244.02999877929688,236.11000061035156,238.02999877929688,236.5748748779297,47184000,0.0,0.0
2025-03-04 00:00:00-05:00,237.7100067138672,240.07000732421875,234.67999267578125,235.92999267578125,234.4877166748047,53798100,0.0,0.0
2025-03-05 00:00:00-05:00,235.4199981689453,236.5500030517578,229.22999572753906,235.74000549316406,234.29888916015625,47227600,0.0,0.0
2025-03-06 00:00:00-05:00,234.44000244140625,237.86000061035156,233.16000366210938,235.3300018310547,233.89138793945312,45170400,0.0,0.0
2025-03-07 00:00:00-05:00,235.11000061035156,241.3699951171875,234.75999450683594,239.07000732421875,237.6085205078125,46273600,0.0,0.0
2025-03-10 00:00:00-04:00,235.5399932861328,236.16000366210938,224.22000122070312,227.47999572753906,226.08937072753906,72071200,0.0,0.0
2025-03-11 00:00:00-04:00,223.80999755859375,225.83999633789062,217.4499969482422,220.83999633789062,219.48997497558594,76137400,0.0,0.0
2025-03-12 00:00:00-04:00,220.13999938964844,221.75,214.91000366210938,216.97999572753906,215.653564453125,62547500,0.0,0.0
2025-03-13 00:00:00-04:00,215.9499969482422,216.83999633789062,208.4199981689453,209.67999267578125,208.398193359375,61368300,0.0,0.0
2025-03-14 00:00:00-04:00,211.25,213.9499969482422,209.5800018310547,213.49000549316406,212.18490600585938,60107600,0.0,0.0
2025-03-17 00:00:00-04:00,213.30999755859375,215.22000122070312,209.97000122070312,214.0,212.69178771972656,48073400,0.0,0.0
2025-03-18 00:00:00-04:00,214.16000366210938,215.14999389648438,211.49000549316406,212.69000244140625,211.38978576660156,42432400,0.0,0.0
2025-03-19 00:00:00-04:00,214.22000122070312,218.75999450683594,213.75,215.24000549316406,213.9241943359375,54385400,0.0,0.0
2025-03-20 00:00:00-04:00,213.99000549316406,217.49000549316406,212.22000122070312,214.10000610351562,212.79116821289062,48862900,0.0,0.0
2025-03-21 00:00:00-04:00,211.55999755859375,218.83999633789062,211.27999877929688,218.27000427246094,216.93565368652344,94127800,0.0,0.0
2025-03-24 00:00:00-04:00,221.0,221.47999572753906,218.5800018310547,220.72999572753906,219.38064575195312,44299500,0.0,0.0
2025-03-25 00:00:00-04:00,220.77000427246094,224.10000610351562,220.0800018310547,223.75,222.3822021484375,34493600,0.0,0.0
2025-03-26 00:00:00-04:00,223.50999450683594,225.02000427246094,220.47000122070312,221.52999877929688,220.17575073242188,34466100,0.0,0.0
2025-03-27 00:00:00-04:00,221.38999938964844,224.99000549316406,220.55999755859375,223.85000610351562,222.48158264160156,37094800,0.0,0.0
2025-03-28 00:00:00-04:00,221.6699981689453,223.80999755859375,217.67999267578125,217.89999389648438,216.5679473876953,39818600,0.0,0.0
2025-03-31 00:00:00-04:00,217.00999450683594,225.6199951171875,216.22999572753906,222.1300048828125,220.7720947265625,65299300,0.0,0.0
2025-04-01 00:00:00-04:00,219.80999755859375,223.67999267578125,218.89999389648438,223.19000244140625,221.82559204101562,36412700,0.0,0.0
2025-04-02 00:00:00-04:00,221.32000732421875,225.19000244140625,221.02000427246094,223.88999938964844,222.5213165283203,35905900,0.0,0.0
2025-04-03 00:00:00-04:00,205.5399932861328,207.49000549316406,201.25,203.19000244140625,201.94786071777344,103419000,0.0,0.0
2025-04-04 00:00:00-04:00,193.88999938964844,199.8800048828125,187.33999633789062,188.3800048828125,187.22840881347656,125910900,0.0,0.0
2025-04-07 00:00:00-04:00,177.1999969482422,194.14999389648438,174.6199951171875,181.4600067138672,180.3507080078125,160466300,0.0,0.0
2025-04-08 00:00:00-04:00,186.6999969482422,190.33999633789062,169.2100067138672,172.4199981689453,171.365966796875,120859500,0.0,0.0
2025-04-09 00:00:00-04:00,171.9499969482422,200.61000061035156,171.88999938964844,198.85000610351562,197.63441467285156,184395900,0.0,0.0
2025-04-10 00:00:00-04:00,189.07000732421875,194.77999877929688,183.0,190.4199981689453,189.2559356689453,121880000,0.0,0.0
2025-04-11 00:00:00-04:00,186.10000610351562,199.5399932861328,186.05999755859375,198.14999389648438,196.9386749267578,87435900,0.0,0.0
2025-04-14 00:00:00-04:00,211.44000244140625,212.94000244140625,201.16000366210938,202.52000427246094,201.281982421875,101352900,0.0,0.0
2025-04-15 00:00:00-04:00,201.86000061035156,203.50999450683594,199.8000030517578,202.13999938964844,200.90428161621094,51343900,0.0,0.0
2025-04-16 00:00:00-04:00,198.36000061035156,200.6999969482422,192.3699951171875,194.27000427246094,193.08241271972656,59732400,0.0,0.0
2025-04-17 00:00:00-04:00,197.1999969482422,198.8300018310547,194.4199981689453,196.97999572753906,195.7758331298828,52164700,0.0,0.0
2025-04-21 00:00:00-04:00,193.27000427246094,193.8000030517578,189.80999755859375,193.16000366210938,191.97915649414062,46742500,0.0,0.0
2025-04-22 00:00:00-04:00,196.1199951171875,201.58999633789062,195.97000122070312,199.74000549316406,198.51895141601562,52976400,0.0,0.0
2025-04-23 00:00:00-04:00,206.0,208.0,202.8000030517578,204.60000610351562,203.34925842285156,52929200,0.0,0.0
2025-04-24 00:00:00-04:00,204.88999938964844,208.8300018310547,202.94000244140625,208.3699951171875,207.09620666503906,47311000,0.0,0.0
2025-04-25 00:00:00-04:00,206.3699951171875,209.75,206.1999969482422,209.27999877929688,208.00062561035156,38222300,0.0,0.0
2025-04-28 00:00:00-04:00,210.0,211.5,207.4600067138672,210.13999938964844,208.85537719726562,38743100,0.0,0.0
2025-04-29 00:00:00-04:00,208.69000244140625,212.24000549316406,208.3699951171875,211.2100067138672,209.91883850097656,36827600,0.0,0.0
2025-04-30 00:00:00-04:00,209.3000030517578,213.5800018310547,206.6699981689453,212.5,211.20095825195312,52286500,0.0,0.0
2025-05-01 00:00:00-04:00,209.0800018310547,214.55999755859375,208.89999389648438,213.32000732421875,212.0159454345703,57365700,0.0,0.0
2025-05-02 00:00:00-04:00,206.08999633789062,206.99000549316406,202.16000366210938,205.35000610351562,204.09466552734375,101010600,0.0,0.0
2025-05-05 00:00:00-04:00,203.10000610351562,204.10000610351562,198.2100067138672,198.88999938964844,197.6741485595703,69018500,0.0,0.0
2025-05-06 00:00:00-04:00,198.2100067138672,200.64999389648438,197.02000427246094,198.50999450683594,197.2964630126953,51216500,0.0,0.0
2025-05-07 00:00:00-04:00,199.1699981689453,199.44000244140625,193.25,196.25,195.05027770996094,68536700,0.0,0.0
2025-05-08 00:00:00-04:00,197.72000122070312,200.0500030517578,194.67999267578125,197.49000549316406,196.28269958496094,50478900,0.0,0.0
2025-05-09 00:00:00-04:00,199.0,200.5399932861328,197.5399932861328,198.52999877929688,197.3163604736328,36453900,0.0,0.0
2025-05-12 00:00:00-04:00,210.97000122070312,211.27000427246094,206.75,210.7899932861328,209.77613830566406,63775800,0.26,0.0
2025-05-13 00:00:00-04:00,210.42999267578125,213.39999389648438,209.0,212.92999267578125,211.9058380126953,51909300,0.0,0.0
2025-05-14 00:00:00-04:00,212.42999267578125,213.94000244140625,210.5800018310547,212.3300018310547,211.3087158203125,49325800,0.0,0.0
2025-05-15 00:00:00-04:00,210.9499969482422,212.9600067138672,209.5399932861328,211.4499969482422,210.43295288085938,45029500,0.0,0.0
2025-05-16 00:00:00-04:00,212.36000061035156,212.57000732421875,209.77000427246094,211.25999450683594,210.24388122558594,54737900,0.0,0.0
2025-05-19 00:00:00-04:00,207.91000366210938,209.47999572753906,204.25999450683594,208.77999877929688,207.77581787109375,46140500,0.0,0.0
2025-05-20 00:00:00-04:00,207.6699981689453,208.47000122070312,205.02999877929688,206.86000061035156,205.8650360107422,42496600,0.0,0.0
2025-05-21 00:00:00-04:00,205.1699981689453,207.0399932861328,200.7100067138672,202.08999633789062,201.11798095703125,59211800,0.0,0.0
2025-05-22 00:00:00-04:00,200.7100067138672,202.75,199.6999969482422,201.36000061035156,200.3914794921875,46742400,0.0,0.0
2025-05-23 00:00:00-04:00,193.6699981689453,197.6999969482422,193.4600067138672,195.27000427246094,194.33079528808594,78432900,0.0,0.0
2025-05-27 00:00:00-04:00,198.3000030517578,200.74000549316406,197.42999267578125,200.2100067138672,199.24703979492188,56288500,0.0,0.0
2025-05-28 00:00:00-04:00,200.58999633789062,202.72999572753906,199.89999389648438,200.4199981689453,199.4560089111328,45339700,0.0,0.0
2025-05-29 00:00:00-04:00,203.5800018310547,203.80999755859375,198.50999450683594,199.9499969482422,198.98828125,51396800,0.0,0.0
2025-05-30 00:00:00-04:00,199.3699951171875,201.9600067138672,196.77999877929688,200.85000610351562,199.8839569091797,70819900,0.0,0.0
2025-06-02 00:00:00-04:00,200.27999877929688,202.1300048828125,200.1199951171875,201.6999969482422,200.7298583984375,35423300,0.0,0.0
2025-06-03 00:00:00-04:00,201.35000610351562,203.77000427246094,200.9600067138672,203.27000427246094,202.29232788085938,46381600,0.0,0.0
2025-06-04 00:00:00-04:00,202.91000366210938,206.24000549316406,202.10000610351562,202.82000732421875,201.844482421875,43604000,0.0,0.0
2025-06-05 00:00:00-04:00,203.5,204.75,200.14999389648438,200.6300048828125,199.6649932861328,55126100,0.0,0.0
2025-06-06 00:00:00-04:00,203.0,205.6999969482422,202.0500030517578,203.9199981689453,202.93917846679688,46607700,0.0,0.0
2025-06-09 00:00:00-04:00,204.38999938964844,206.0,200.02000427246094,201.4499969482422,200.48106384277344,72862600,0.0,0.0
2025-06-10 00:00:00-04:00,200.60000610351562,204.35000610351562,200.57000732421875,202.6699981689453,201.69517517089844,54672600,0.0,0.0
2025-06-11 00:00:00-04:00,203.5,204.5,198.41000366210938,198.77999877929688,197.82391357421875,60989900,0.0,0.0
2025-06-12 00:00:00-04:00,199.0800018310547,199.67999267578125,197.36000061035156,199.1999969482422,198.2418670654297,43904600,0.0,0.0
2025-06-13 00:00:00-04:00,199.72999572753906,200.3699951171875,195.6999969482422,196.4499969482422,195.5050811767578,51447300,0.0,0.0
2025-06-16 00:00:00-04:00,197.3000030517578,198.69000244140625,196.55999755859375,198.4199981689453,197.4656219482422,43020700,0.0,0.0
2025-06-17 00:00:00-04:00,197.1999969482422,198.38999938964844,195.2100067138672,195.63999938964844,194.69898986816406,38856200,0.0,0.0
2025-06-18 00:00:00-04:00,195.94000244140625,197.57000732421875,195.07000732421875,196.5800018310547,195.63449096679688,45394700,0.0,0.0
2025-06-20 00:00:00-04:00,198.24000549316406,201.6999969482422,196.86000061035156,201.0,200.03323364257812,96813500,0.0,0.0
2025-06-23 00:00:00-04:00,201.6300048828125,202.3000030517578,198.9600067138672,201.5,200.5308074951172,55814300,0.0,0.0
2025-06-24 00:00:00-04:00,202.58999633789062,203.44000244140625,200.1999969482422,200.3000030517578,199.33657836914062,54064000,0.0,0.0
2025-06-25 00:00:00-04:00,201.4499969482422,203.6699981689453,200.6199951171875,201.55999755859375,200.59051513671875,39525700,0.0,0.0
2025-06-26 00:00:00-04:00,201.42999267578125,202.63999938964844,199.4600067138672,201.0,200.03323364257812,50799100,0.0,0.0
2025-06-27 00:00:00-04:00,201.88999938964844,203.22000122070312,200.0,201.0800018310547,200.1128387451172,73188600,0.0,0.0
2025-06-30 00:00:00-04:00,202.00999450683594,207.38999938964844,199.25999450683594,205.1699981689453,204.1831512451172,91912800,0.0,0.0
2025-07-01 00:00:00-04:00,206.6699981689453,210.19000244140625,206.13999938964844,207.82000732421875,206.8204345703125,78788900,0.0,0.0
2025-07-02 00:00:00-04:00,208.91000366210938,213.33999633789062,208.13999938964844,212.44000244140625,211.418212890625,67941800,0.0,0.0
2025-07-03 00:00:00-04:00,212.14999389648438,214.64999389648438,211.80999755859375,213.5500030517578,212.5228729248047,34955800,0.0,0.0
2025-07-07 00:00:00-04:00,212.67999267578125,216.22999572753906,208.8000030517578,209.9499969482422,208.94017028808594,50229000,0.0,0.0
2025-07-08 00:00:00-04:00,210.10000610351562,211.42999267578125,208.4499969482422,210.00999450683594,208.99989318847656,42848900,0.0,0.0
2025-07-09 00:00:00-04:00,209.52999877929688,211.3300018310547,207.22000122070312,211.13999938964844,210.12445068359375,48749400,0.0,0.0
2025-07-10 00:00:00-04:00,210.50999450683594,213.47999572753906,210.02999877929688,212.41000366210938,211.3883514404297,44443600,0.0,0.0
2025-07-11 00:00:00-04:00,210.57000732421875,212.1300048828125,209.86000061035156,211.16000366210938,210.14434814453125,39765800,0.0,0.0
2025-07-14 00:00:00-04:00,209.92999267578125,210.91000366210938,207.5399932861328,208.6199951171875,207.6165771484375,38840100,0.0,0.0
2025-07-15 00:00:00-04:00,209.22000122070312,211.88999938964844,208.9199981689453,209.11000061035156,208.10421752929688,42296300,0.0,0.0
2025-07-16 00:00:00-04:00,210.3000030517578,212.39999389648438,208.63999938964844,210.16000366210938,209.149169921875,47490500,0.0,0.0
2025-07-17 00:00:00-04:00,210.57000732421875,211.8000030517578,209.58999633789062,210.02000427246094,209.0098419189453,48068100,0.0,0.0
2025-07-18 00:00:00-04:00,210.8699951171875,211.7899932861328,209.6999969482422,211.17999267578125,210.16424560546875,48974600,0.0,0.0
2025-07-21 00:00:00-04:00,212.10000610351562,215.77999877929688,211.6300048828125,212.47999572753906,211.4580078125,51377400,0.0,0.0
2025-07-22 00:00:00-04:00,213.13999938964844,214.9499969482422,212.22999572753906,214.39999389648438,213.3687744140625,46404100,0.0,0.0
2025-07-23 00:00:00-04:00,215.0,215.14999389648438,212.41000366210938,214.14999389648438,213.11997985839844,46989300,0.0,0.0
2025-07-24 00:00:00-04:00,213.89999389648438,215.69000244140625,213.52999877929688,213.75999450683594,212.7318572998047,46022600,0.0,0.0
2025-07-25 00:00:00-04:00,214.6999969482422,215.24000549316406,213.39999389648438,213.8800048828125,212.85128784179688,40268800,0.0,0.0
2025-07-28 00:00:00-04:00,214.02999877929688,214.85000610351562,213.05999755859375,214.0500030517578,213.02044677734375,37858000,0.0,0.0
2025-07-29 00:00:00-04:00,214.17999267578125,214.80999755859375,210.82000732421875,211.27000427246094,210.25381469726562,51411700,0.0,0.0
2025-07-30 00:00:00-04:00,211.89999389648438,212.38999938964844,207.72000122070312,209.0500030517578,208.04449462890625,45512500,0.0,0.0
2025-07-31 00:00:00-04:00,208.49000549316406,209.83999633789062,207.16000366210938,207.57000732421875,206.57162475585938,80698400,0.0,0.0
2025-08-01 00:00:00-04:00,210.8699951171875,213.5800018310547,201.5,202.3800048828125,201.40660095214844,104434500,0.0,0.0
2025-08-04 00:00:00-04:00,204.50999450683594,207.8800048828125,201.67999267578125,203.35000610351562,202.37193298339844,75109300,0.0,0.0
2025-08-05 00:00:00-04:00,203.39999389648438,205.33999633789062,202.16000366210938,202.9199981689453,201.94400024414062,44155100,0.0,0.0
2025-08-06 00:00:00-04:00,205.6300048828125,215.3800048828125,205.58999633789062,213.25,212.2242889404297,108483100,0.0,0.0
2025-08-07 00:00:00-04:00,218.8800048828125,220.85000610351562,216.5800018310547,220.02999877929688,218.97171020507812,90224800,0.0,0.0
2025-08-08 00:00:00-04:00,220.8300018310547,231.0,219.25,229.35000610351562,228.2468719482422,113854000,0.0,0.0
2025-08-11 00:00:00-04:00,227.9199981689453,229.55999755859375,224.75999450683594,227.17999267578125,226.34388732910156,61806100,0.26,0.0
2025-08-12 00:00:00-04:00,228.00999450683594,230.8000030517578,227.07000732421875,229.64999389648438,228.80479431152344,55626200,0.0,0.0
2025-08-13 00:00:00-04:00,231.07000732421875,235.0,230.42999267578125,233.3300018310547,232.47125244140625,69878500,0.0,0.0
2025-08-14 00:00:00-04:00,234.05999755859375,235.1199951171875,230.85000610351562,232.77999877929688,231.9232940673828,51916300,0.0,0.0
2025-08-15 00:00:00-04:00,234.0,234.27999877929688,229.33999633789062,231.58999633789062,230.73765563964844,56038700,0.0,0.0
2025-08-18 00:00:00-04:00,231.6999969482422,233.1199951171875,230.11000061035156,230.88999938964844,230.04022216796875,37476200,0.0,0.0
2025-08-19 00:00:00-04:00,231.27999877929688,232.8699951171875,229.35000610351562,230.55999755859375,229.71145629882812,39402600,0.0,0.0
2025-08-20 00:00:00-04:00,229.97999572753906,230.47000122070312,225.77000427246094,226.00999450683594,225.17819213867188,42263900,0.0,0.0
2025-08-21 00:00:00-04:00,226.27000427246094,226.52000427246094,223.77999877929688,224.89999389648438,224.07228088378906,30621200,0.0,0.0
2025-08-22 00:00:00-04:00,226.1699981689453,229.08999633789062,225.41000366210938,227.75999450683594,226.9217529296875,42477800,0.0,0.0
2025-08-25 00:00:00-04:00,226.47999572753906,229.3000030517578,226.22999572753906,227.16000366210938,226.323974609375,30983100,0.0,0.0
2025-08-26 00:00:00-04:00,226.8699951171875,229.49000549316406,224.69000244140625,229.30999755859375,228.46603393554688,54575100,0.0,0.0
2025-08-27 00:00:00-04:00,228.61000061035156,230.89999389648438,228.25999450683594,230.49000549316406,229.64170837402344,31259500,0.0,0.0
2025-08-28 00:00:00-04:00,230.82000732421875,233.41000366210938,229.33999633789062,232.55999755859375,231.70408630371094,38074700,0.0,0.0
2025-08-29 00:00:00-04:00,232.50999450683594,233.3800048828125,231.3699951171875,232.13999938964844,231.28564453125,39418400,0.0,0.0
2025-09-02 00:00:00-04:00,229.25,230.85000610351562,226.97000122070312,229.72000122070312,228.87454223632812,44075600,0.0,0.0
2025-09-03 00:00:00-04:00,237.2100067138672,238.85000610351562,234.36000061035156,238.47000122070312,237.59234619140625,66427800,0.0,0.0
2025-09-04 00:00:00-04:00,238.4499969482422,239.89999389648438,236.74000549316406,239.77999877929688,238.89752197265625,47549400,0.0,0.0
2025-09-05 00:00:00-04:00,240.0,241.32000732421875,238.49000549316406,239.69000244140625,238.80784606933594,54870400,0.0,0.0
2025-09-08 00:00:00-04:00,239.3000030517578,240.14999389648438,236.33999633789062,237.8800048828125,237.0045166015625,48999500,0.0,0.0
2025-09-09 00:00:00-04:00,237.0,238.77999877929688,233.36000061035156,234.35000610351562,233.4875030517578,66313900,0.0,0.0
2025-09-10 00:00:00-04:00,232.19000244140625,232.4199981689453,225.9499969482422,226.7899932861328,225.95533752441406,83440800,0.0,0.0
2025-09-11 00:00:00-04:00,226.8800048828125,230.4499969482422,226.64999389648438,230.02999877929688,229.18341064453125,50208600,0.0,0.0
2025-09-12 00:00:00-04:00,229.22000122070312,234.50999450683594,229.02000427246094,234.07000732421875,233.20855712890625,55824200,0.0,0.0
2025-09-15 00:00:00-04:00,237.0,238.19000244140625,235.02999877929688,236.6999969482422,235.82884216308594,42699500,0.0,0.0
2025-09-16 00:00:00-04:00,237.17999267578125,241.22000122070312,236.32000732421875,238.14999389648438,237.2735137939453,63421100,0.0,0.0
2025-09-17 00:00:00-04:00,238.97000122070312,240.10000610351562,237.72999572753906,238.99000549316406,238.1104278564453,46508000,0.0,0.0
2025-09-18 00:00:00-04:00,239.97000122070312,241.1999969482422,236.64999389648438,237.8800048828125,237.0045166015625,44249600,0.0,0.0
2025-09-19 00:00:00-04:00,241.22999572753906,246.3000030517578,240.2100067138672,245.5,244.59645080566406,163741300,0.0,0.0
2025-09-22 00:00:00-04:00,248.3000030517578,256.6400146484375,248.1199951171875,256.0799865722656,255.13751220703125,105517400,0.0,0.0
2025-09-23 00:00:00-04:00,255.8800048828125,257.3399963378906,253.5800018310547,254.42999267578125,253.49359130859375,60275200,0.0,0.0
2025-09-24 00:00:00-04:00,255.22000122070312,255.74000549316406,251.0399932861328,252.30999755859375,251.38140869140625,42303700,0.0,0.0
2025-09-25 00:00:00-04:00,253.2100067138672,257.1700134277344,251.7100067138672,256.8699951171875,255.9246063232422,55202100,0.0,0.0
2025-09-26 00:00:00-04:00,254.10000610351562,257.6000061035156,253.77999877929688,255.4600067138672,254.51980590820312,46076300,0.0,0.0
2025-09-29 00:00:00-04:00,254.55999755859375,255.0,253.00999450683594,254.42999267578125,253.49359130859375,40127700,0.0,0.0
2025-09-30 00:00:00-04:00,254.86000061035156,255.9199981689453,253.11000061035156,254.6300048828125,253.69287109375,37704300,0.0,0.0
2025-10-01 00:00:00-04:00,255.0399932861328,258.7900085449219,254.92999267578125,255.4499969482422,254.50985717773438,48713900,0.0,0.0
2025-10-02 00:00:00-04:00,256.5799865722656,258.17999267578125,254.14999389648438,257.1300048828125,256.18365478515625,42630200,0.0,0.0
2025-10-03 00:00:00-04:00,254.6699981689453,259.239990234375,253.9499969482422,258.0199890136719,257.07037353515625,49155600,0.0,0.0
2025-10-06 00:00:00-04:00,257.989990234375,259.07000732421875,255.0500030517578,256.69000244140625,255.7452850341797,44664100,0.0,0.0
2025-10-07 00:00:00-04:00,256.80999755859375,257.3999938964844,255.42999267578125,256.4800109863281,255.53607177734375,31955800,0.0,0.0
2025-10-08 00:00:00-04:00,256.5199890136719,258.5199890136719,256.1099853515625,258.05999755859375,257.1102294921875,36496900,0.0,0.0
2025-10-09 00:00:00-04:00,257.80999755859375,258.0,253.13999938964844,254.0399932861328,253.1050262451172,38322000,0.0,0.0
2025-10-10 00:00:00-04:00,254.94000244140625,256.3800048828125,244.0,245.27000427246094,244.3673095703125,61999100,0.0,0.0
2025-10-13 00:00:00-04:00,249.3800048828125,249.69000244140625,245.55999755859375,247.66000366210938,246.74851989746094,38142900,0.0,0.0
2025-10-14 00:00:00-04:00,246.60000610351562,248.85000610351562,244.6999969482422,247.77000427246094,246.85812377929688,35478000,0.0,0.0
2025-10-15 00:00:00-04:00,249.49000549316406,251.82000732421875,247.47000122070312,249.33999633789062,248.4223175048828,33893600,0.0,0.0
2025-10-16 00:00:00-04:00,248.25,249.0399932861328,245.1300048828125,247.4499969482422,246.53929138183594,39777000,0.0,0.0
2025-10-17 00:00:00-04:00,248.02000427246094,253.3800048828125,247.27000427246094,252.2899932861328,251.36146545410156,49147000,0.0,0.0
2025-10-20 00:00:00-04:00,255.88999938964844,264.3800048828125,255.6300048828125,262.239990234375,261.27484130859375,90483000,0.0,0.0
2025-10-21 00:00:00-04:00,261.8800048828125,265.2900085449219,261.8299865722656,262.7699890136719,261.8028869628906,46695900,0.0,0.0
2025-10-22 00:00:00-04:00,262.6499938964844,262.8500061035156,255.42999267578125,258.45001220703125,257.4988098144531,45015300,0.0,0.0
2025-10-23 00:00:00-04:00,259.94000244140625,260.6199951171875,258.010009765625,259.5799865722656,258.6246032714844,32754900,0.0,0.0
2025-10-24 00:00:00-04:00,261.19000244140625,264.1300048828125,259.17999267578125,262.82000732421875,261.8527526855469,38253700,0.0,0.0
2025-10-27 00:00:00-04:00,264.8800048828125,269.1199951171875,264.6499938964844,268.80999755859375,267.8207092285156,44888200,0.0,0.0
2025-10-28 00:00:00-04:00,268.989990234375,269.8900146484375,268.1499938964844,269.0,268.010009765625,41534800,0.0,0.0
2025-10-29 00:00:00-04:00,269.2799987792969,271.4100036621094,267.1099853515625,269.70001220703125,268.7074279785156,51086700,0.0,0.0
2025-10-30 00:00:00-04:00,271.989990234375,274.1400146484375,268.4800109863281,271.3999938964844,270.4011535644531,69886500,0.0,0.0
2025-10-31 00:00:00-04:00,276.989990234375,277.32000732421875,269.1600036621094,270.3699951171875,269.37493896484375,86167100,0.0,0.0
2025-11-03 00:00:00-05:00,270.4200134277344,270.8500061035156,266.25,269.04998779296875,268.05975341796875,50194600,0.0,0.0
2025-11-04 00:00:00-05:00,268.3299865722656,271.489990234375,267.6199951171875,270.0400085449219,269.0461730957031,49274800,0.0,0.0
2025-11-05 00:00:00-05:00,268.6099853515625,271.70001220703125,266.92999267578125,270.1400146484375,269.14581298828125,43683100,0.0,0.0
2025-11-06 00:00:00-05:00,267.8900146484375,273.3999938964844,267.8900146484375,269.7699890136719,268.7771301269531,51204000,0.0,0.0
2025-11-07 00:00:00-05:00,269.79998779296875,272.2900085449219,266.7699890136719,268.4700012207031,267.48193359375,48227400,0.0,0.0
2025-11-10 00:00:00-05:00,268.9599914550781,273.7300109863281,267.4599914550781,269.42999267578125,268.6986083984375,41312400,0.26,0.0
2025-11-11 00:00:00-05:00,269.80999755859375,275.9100036621094,269.79998779296875,275.25,274.5028076171875,46208300,0.0,0.0
2025-11-12 00:00:00-05:00,275.0,275.7300109863281,271.70001220703125,273.4700012207031,272.7276306152344,48398000,0.0,0.0
2025-11-13 00:00:00-05:00,274.1099853515625,276.70001220703125,272.0899963378906,272.95001220703125,272.2090759277344,49602800,0.0,0.0
2025-11-14 00:00:00-05:00,271.04998779296875,275.9599914550781,269.6000061035156,272.4100036621094,271.6705017089844,47431300,0.0,0.0
2025-11-17 00:00:00-05:00,268.82000732421875,270.489990234375,265.7300109863281,267.4599914550781,266.73394775390625,45018300,0.0,0.0
2025-11-18 00:00:00-05:00,269.989990234375,270.7099914550781,265.32000732421875,267.44000244140625,266.71405029296875,45677300,0.0,0.0
2025-11-19 00:00:00-05:00,265.5299987792969,272.2099914550781,265.5,268.55999755859375,267.8309631347656,40424500,0.0,0.0
2025-11-20 00:00:00-05:00,270.8299865722656,275.42999267578125,265.9200134277344,266.25,265.5272521972656,45823600,0.0,0.0
2025-11-21 00:00:00-05:00,265.95001220703125,273.3299865722656,265.6700134277344,271.489990234375,270.75299072265625,59030800,0.0,0.0
2025-11-24 00:00:00-05:00,270.8999938964844,277.0,270.8999938964844,275.9200134277344,275.1710205078125,65585800,0.0,0.0
2025-11-25 00:00:00-05:00,275.2699890136719,280.3800048828125,275.25,276.9700012207031,276.2181701660156,46914200,0.0,0.0
2025-11-26 00:00:00-05:00,276.9599914550781,279.5299987792969,276.6300048828125,277.54998779296875,276.79656982421875,33431400,0.0,0.0
2025-11-28 00:00:00-05:00,277.260009765625,279.0,275.989990234375,278.8500061035156,278.0930480957031,20135600,0.0,0.0
2025-12-01 00:00:00-05:00,278.010009765625,283.4200134277344,276.1400146484375,283.1000061035156,282.3315124511719,46587700,0.0,0.0
2025-12-02 00:00:00-05:00,283.0,287.3999938964844,282.6300048828125,286.19000244140625,285.4131164550781,53669500,0.0,0.0
2025-12-03 00:00:00-05:00,286.20001220703125,288.6199951171875,283.29998779296875,284.1499938964844,283.378662109375,43538700,0.0,0.0
2025-12-04 00:00:00-05:00,284.1000061035156,284.7300109863281,278.5899963378906,280.70001220703125,279.9380187988281,43989100,0.0,0.0
2025-12-05 00:00:00-05:00,280.5400085449219,281.1400146484375,278.04998779296875,278.7799987792969,278.02325439453125,47265800,0.0,0.0
2025-12-08 00:00:00-05:00,278.1300048828125,279.6700134277344,276.1499938964844,277.8900146484375,277.1356506347656,38211800,0.0,0.0
2025-12-09 00:00:00-05:00,278.1600036621094,280.0299987792969,276.9200134277344,277.17999267578125,276.4275817871094,32193300,0.0,0.0
2025-12-10 00:00:00-05:00,277.75,279.75,276.44000244140625,278.7799987792969,278.02325439453125,33038300,0.0,0.0
2025-12-11 00:00:00-05:00,279.1000061035156,279.5899963378906,273.80999755859375,278.0299987792969,277.2752685546875,33248000,0.0,0.0
2025-12-12 00:00:00-05:00,277.8999938964844,279.2200012207031,276.82000732421875,278.2799987792969,277.5246276855469,39532900,0.0,0.0
2025-12-15 00:00:00-05:00,280.1499938964844,280.1499938964844,272.8399963378906,274.1099853515625,273.3658752441406,50409100,0.0,0.0
2025-12-16 00:00:00-05:00,272.82000732421875,275.5,271.7900085449219,274.6099853515625,273.8645324707031,37648600,0.0,0.0
2025-12-17 00:00:00-05:00,275.010009765625,276.1600036621094,271.6400146484375,271.8399963378906,271.10205078125,50138700,0.0,0.0
2025-12-18 00:00:00-05:00,273.6099853515625,273.6300048828125,266.95001220703125,272.19000244140625,271.4511413574219,51630700,0.0,0.0
2025-12-19 00:00:00-05:00,272.1499938964844,274.6000061035156,269.8999938964844,273.6700134277344,272.9271240234375,144632000,0.0,0.0
2025-12-22 00:00:00-05:00,272.8599853515625,273.8800048828125,270.510009765625,270.9700012207031,270.23443603515625,36571800,0.0,0.0
2025-12-23 00:00:00-05:00,270.8399963378906,272.5,269.55999755859375,272.3599853515625,271.62066650390625,29642000,0.0,0.0
2025-12-24 00:00:00-05:00,272.3399963378906,275.42999267578125,272.20001220703125,273.80999755859375,273.06671142578125,17910600,0.0,0.0
2025-12-26 00:00:00-05:00,274.1600036621094,275.3699951171875,272.8599853515625,273.3999938964844,272.6578063964844,21521800,0.0,0.0
2025-12-29 00:00:00-05:00,272.69000244140625,274.3599853515625,272.3500061035156,273.760009765625,273.0168762207031,23715200,0.0,0.0
2025-12-30 00:00:00-05:00,272.80999755859375,274.0799865722656,272.2799987792969,273.0799865722656,272.33868408203125,22139600,0.0,0.0
2025-12-31 00:00:00-05:00,273.05999755859375,273.67999267578125,271.75,271.8599853515625,271.12200927734375,27293600,0.0,0.0
2026-01-02 00:00:00-05:00,272.260009765625,277.8399963378906,269.0,271.010009765625,270.2743225097656,37838100,0.0,0.0
2026-01-05 00:00:00-05:00,270.6400146484375,271.510009765625,266.1400146484375,267.260009765625,266.5345153808594,45647200,0.0,0.0
2026-01-06 00:00:00-05:00,267.0,267.54998779296875,262.1199951171875,262.3599853515625,261.6477966308594,52352100,0.0,0.0
2026-01-07 00:00:00-05:00,263.20001220703125,263.67999267578125,259.80999755859375,260.3299865722656,259.623291015625,48309800,0.0,0.0
2026-01-08 00:00:00-05:00,257.0199890136719,259.2900085449219,255.6999969482422,259.0400085449219,258.3368225097656,50419300,0.0,0.0
2026-01-09 00:00:00-05:00,259.0799865722656,260.2099914550781,256.2200012207031,259.3699951171875,258.6659240722656,39997000,0.0,0.0
2026-01-12 00:00:00-05:00,259.1600036621094,261.29998779296875,256.79998779296875,260.25,259.54351806640625,45263800,0.0,0.0
2026-01-13 00:00:00-05:00,258.7200012207031,261.80999755859375,258.3900146484375,261.04998779296875,260.3413391113281,45730800,0.0,0.0
2026-01-14 00:00:00-05:00,259.489990234375,261.82000732421875,256.7099914550781,259.9599914550781,259.25433349609375,40019400,0.0,0.0
2026-01-15 00:00:00-05:00,260.6499938964844,261.0400085449219,257.04998779296875,258.2099914550781,257.5090637207031,39388600,0.0,0.0
2026-01-16 00:00:00-05:00,257.8999938964844,258.8999938964844,254.92999267578125,255.52999877929688,254.8363494873047,72142800,0.0,0.0
2026-01-20 00:00:00-05:00,252.72999572753906,254.7899932861328,243.4199981689453,246.6999969482422,246.0303192138672,80267500,0.0,0.0
2026-01-21 00:00:00-05:00,248.6999969482422,251.55999755859375,245.17999267578125,247.64999389648438,246.97775268554688,54641700,0.0,0.0
2026-01-22 00:00:00-05:00,249.1999969482422,251.0,248.14999389648438,248.35000610351562,247.67584228515625,39708300,0.0,0.0
2026-01-23 00:00:00-05:00,247.32000732421875,249.41000366210938,244.67999267578125,248.0399932861328,247.36668395996094,41689000,0.0,0.0
2026-01-26 00:00:00-05:00,251.47999572753906,256.55999755859375,249.8000030517578,255.41000366210938,254.7166748046875,55969200,0.0,0.0
2026-01-27 00:00:00-05:00,259.1700134277344,261.95001220703125,258.2099914550781,258.2699890136719,257.5688781738281,49648300,0.0,0.0
2026-01-28 00:00:00-05:00,257.6499938964844,258.8599853515625,254.50999450683594,256.44000244140625,255.743896484375,41288000,0.0,0.0
2026-01-29 00:00:00-05:00,258.0,259.6499938964844,254.41000366210938,258.2799987792969,257.5788879394531,67253000,0.0,0.0
2026-01-30 00:00:00-05:00,255.1699981689453,261.8999938964844,252.17999267578125,259.4800109863281,258.775634765625,92443400,0.0,0.0
2026-02-02 00:00:00-05:00,260.0299987792969,270.489990234375,259.2099914550781,270.010009765625,269.2770690917969,73913400,0.0,0.0
2026-02-03 00:00:00-05:00,269.20001220703125,271.8800048828125,267.6099853515625,269.4800109863281,268.7485046386719,64394700,0.0,0.0
2026-02-04 00:00:00-05:00,272.2900085449219,278.95001220703125,272.2900085449219,276.489990234375,275.7394104003906,90545700,0.0,0.0
2026-02-05 00:00:00-05:00,278.1300048828125,279.5,273.2300109863281,275.9100036621094,275.1610412597656,52977400,0.0,0.0
2026-02-06 00:00:00-05:00,277.1199951171875,280.9100036621094,276.92999267578125,278.1199951171875,277.364990234375,50453400,0.0,0.0
2026-02-09 00:00:00-05:00,277.9100036621094,278.20001220703125,271.70001220703125,274.6199951171875,274.13079833984375,44623400,0.26,0.0
2026-02-10 00:00:00-05:00,274.8900146484375,275.3699951171875,272.94000244140625,273.67999267578125,273.19244384765625,34376900,0.0,0.0
2026-02-11 00:00:00-05:00,274.70001220703125,280.17999267578125,274.45001220703125,275.5,275.00921630859375,51931300,0.0,0.0
2026-02-12 00:00:00-05:00,275.5899963378906,275.7200012207031,260.17999267578125,261.7300109863281,261.2637634277344,81077200,0.0,0.0
2026-02-13 00:00:00-05:00,262.010009765625,262.2300109863281,255.4499969482422,255.77999877929688,255.32435607910156,56290700,0.0,0.0
2026-02-17 00:00:00-05:00,258.04998779296875,266.2900085449219,255.5399932861328,263.8800048828125,263.4099426269531,58469100,0.0,0.0
2026-02-18 00:00:00-05:00,263.6000061035156,266.82000732421875,262.45001220703125,264.3500061035156,263.8791198730469,34203300,0.0,0.0
2026-02-19 00:00:00-05:00,262.6000061035156,264.4800109863281,260.04998779296875,260.5799865722656,260.11578369140625,30845300,0.0,0.0
2026-02-20 00:00:00-05:00,258.9700012207031,264.75,258.1600036621094,264.5799865722656,264.1086730957031,42070500,0.0,0.0
2026-02-23 00:00:00-05:00,263.489990234375,269.42999267578125,263.3800048828125,266.17999267578125,265.705810546875,37308200,0.0,0.0
2026-02-24 00:00:00-05:00,267.8599853515625,274.8900146484375,267.7099914550781,272.1400146484375,271.6552429199219,47014600,0.0,0.0
2026-02-25 00:00:00-05:00,271.7799987792969,274.94000244140625,271.04998779296875,274.2300109863281,273.74151611328125,33714300,0.0,0.0
2026-02-26 00:00:00-05:00,274.95001220703125,276.1099853515625,270.79998779296875,272.95001220703125,272.4637756347656,32345100,0.0,0.0
2026-02-27 00:00:00-05:00,272.80999755859375,272.80999755859375,262.8900146484375,264.17999267578125,263.70941162109375,72366500,0.0,0.0
2026-03-02 00:00:00-05:00,262.4100036621094,266.5299987792969,260.20001220703125,264.7200012207031,264.2484130859375,41827900,0.0,0.0
2026-03-03 00:00:00-05:00,263.4800109863281,265.55999755859375,260.1300048828125,263.75,263.2801818847656,38568900,0.0,0.0
2026-03-04 00:00:00-05:00,264.6499938964844,266.1499938964844,261.4200134277344,262.5199890136719,262.0523376464844,39803100,0.0,0.0
2026-03-05 00:00:00-05:00,260.7900085449219,261.55999755859375,257.25,260.2900085449219,259.8263244628906,49658600,0.0,0.0
2026-03-06 00:00:00-05:00,258.6300048828125,258.7699890136719,254.3699951171875,257.4599914550781,257.0013427734375,41120000,0.0,0.0
2026-03-09 00:00:00-04:00,255.69000244140625,261.1499938964844,253.67999267578125,259.8800048828125,259.41705322265625,38218500,0.0,0.0
2026-03-10 00:00:00-04:00,257.6499938964844,262.4800109863281,256.95001220703125,260.8299865722656,260.3653564453125,30590800,0.0,0.0
2026-03-11 00:00:00-04:00,261.0899963378906,262.1300048828125,259.54998779296875,260.80999755859375,260.34539794921875,26218900,0.0,0.0
2026-03-12 00:00:00-04:00,258.6600036621094,258.95001220703125,254.17999267578125,255.75999450683594,255.3043975830078,40794000,0.0,0.0
2026-03-13 00:00:00-04:00,255.47999572753906,256.3299865722656,249.52000427246094,250.1199951171875,249.6744384765625,36930000,0.0,0.0
2026-03-16 00:00:00-04:00,252.11000061035156,253.88999938964844,249.8800048828125,252.82000732421875,252.36964416503906,32074200,0.0,0.0
2026-03-17 00:00:00-04:00,252.9600067138672,255.1300048828125,252.17999267578125,254.22999572753906,253.77711486816406,32361600,0.0,0.0
2026-03-18 00:00:00-04:00,252.6300048828125,254.94000244140625,249.0,249.94000244140625,249.49476623535156,35757900,0.0,0.0
2026-03-19 00:00:00-04:00,249.39999389648438,251.8300018310547,247.3000030517578,248.9600067138672,248.5165252685547,34864100,0.0,0.0
2026-03-20 00:00:00-04:00,247.97999572753906,249.1999969482422,246.0,247.99000549316406,247.54823303222656,88331100,0.0,0.0
2026-03-23 00:00:00-04:00,253.97000122070312,254.60000610351562,250.27999877929688,251.49000549316406,251.04200744628906,40546100,0.0,0.0
2026-03-24 00:00:00-04:00,250.35000610351562,254.8300018310547,249.5500030517578,251.63999938964844,251.1917266845703,45152300,0.0,0.0
2026-03-25 00:00:00-04:00,254.10000610351562,255.0,251.60000610351562,252.6199951171875,252.16998291015625,28476700,0.0,0.0
2026-03-26 00:00:00-04:00,252.1199951171875,257.0,250.77000427246094,252.88999938964844,252.43951416015625,41796700,0.0,0.0
2026-03-27 00:00:00-04:00,253.89999389648438,255.49000549316406,248.07000732421875,248.8000030517578,248.35679626464844,47900000,0.0,0.0
2026-03-30 00:00:00-04:00,250.07000732421875,250.8699951171875,245.50999450683594,246.6300048828125,246.19065856933594,39446200,0.0,0.0
2026-03-31 00:00:00-04:00,247.91000366210938,255.47999572753906,247.10000610351562,253.7899932861328,253.33790588378906,49598100,0.0,0.0
2026-04-01 00:00:00-04:00,254.0800018310547,256.17999267578125,253.3300018310547,255.6300048828125,255.1746368408203,40059400,0.0,0.0
2026-04-02 00:00:00-04:00,254.1999969482422,256.1300048828125,250.64999389648438,255.9199981689453,255.464111328125,31289400,0.0,0.0
2026-04-06 00:00:00-04:00,256.510009765625,262.1600036621094,256.4599914550781,258.8599853515625,258.39886474609375,29329900,0.0,0.0
2026-04-07 00:00:00-04:00,256.1600036621094,256.20001220703125,245.6999969482422,253.5,253.0484161376953,62148000,0.0,0.0
2026-04-08 00:00:00-04:00,258.45001220703125,259.75,256.5299987792969,258.8999938964844,258.4388122558594,41032800,0.0,0.0
2026-04-09 00:00:00-04:00,259.0,261.1199951171875,256.07000732421875,260.489990234375,260.0259704589844,28121600,0.0,0.0
2026-04-10 00:00:00-04:00,259.9800109863281,262.19000244140625,259.0199890136719,260.4800109863281,260.0159912109375,31291500,0.0,0.0
2026-04-13 00:00:00-04:00,259.7300109863281,260.17999267578125,256.6600036621094,259.20001220703125,258.73828125,36234700,0.0,0.0
2026-04-14 00:00:00-04:00,259.25,261.92999267578125,257.19000244140625,258.8299865722656,258.3689270019531,48370700,0.0,0.0
2026-04-15 00:00:00-04:00,258.1600036621094,266.55999755859375,257.80999755859375,266.42999267578125,265.95538330078125,49913500,0.0,0.0
2026-04-16 00:00:00-04:00,266.79998779296875,267.1600036621094,261.2699890136719,263.3999938964844,262.9307861328125,43323100,0.0,0.0
2026-04-17 00:00:00-04:00,266.9599914550781,272.29998779296875,266.7200012207031,270.2300109863281,269.7486267089844,61436200,0.0,0.0
2026-04-20 00:00:00-04:00,270.3299865722656,274.2799987792969,270.2900085449219,273.04998779296875,272.5635681152344,36590200,0.0,0.0
2026-04-21 00:00:00-04:00,271.5,272.79998779296875,265.3999938964844,266.1700134277344,265.69586181640625,50209800,0.0,0.0
2026-04-22 00:00:00-04:00,267.82000732421875,273.739990234375,266.8699951171875,273.1700134277344,272.68341064453125,43249200,0.0,0.0
2026-04-23 00:00:00-04:00,275.04998779296875,275.7699890136719,271.6499938964844,273.42999267578125,272.9429016113281,33399600,0.0,0.0
2026-04-24 00:00:00-04:00,272.760009765625,273.05999755859375,269.6499938964844,271.05999755859375,270.5771179199219,38157100,0.0,0.0
2026-04-27 00:00:00-04:00,266.0899963378906,268.3599853515625,265.07000732421875,267.6099853515625,267.1332702636719,41466800,0.0,0.0
2026-04-28 00:00:00-04:00,272.3399963378906,273.2300109863281,268.6600036621094,270.7099914550781,270.2277526855469,40018900,0.0,0.0
2026-04-29 00:00:00-04:00,267.54998779296875,271.0400085449219,267.0400085449219,270.1700134277344,269.688720703125,30047900,0.0,0.0
2026-04-30 00:00:00-04:00,270.5,276.0,268.1400146484375,271.3500061035156,270.86663818359375,91848200,0.0,0.0
2026-05-01 00:00:00-04:00,278.8599853515625,287.2200012207031,278.3699951171875,280.1400146484375,279.6409912109375,79915400,0.0,0.0
2026-05-04 00:00:00-04:00,279.6600036621094,280.6300048828125,274.8599853515625,276.8299865722656,276.3368225097656,46668400,0.0,0.0
2026-05-05 00:00:00-04:00,276.92999267578125,284.57000732421875,276.5,284.17999267578125,283.67376708984375,49311700,0.0,0.0
2026-05-06 00:00:00-04:00,281.9200134277344,288.0299987792969,281.07000732421875,287.510009765625,286.99786376953125,58336100,0.0,0.0
2026-05-07 00:00:00-04:00,289.2699890136719,292.1300048828125,285.7799987792969,287.44000244140625,286.927978515625,45224300,0.0,0.0
2026-05-08 00:00:00-04:00,290.010009765625,294.760009765625,290.0,293.32000732421875,292.7974853515625,52692800,0.0,0.0
2026-05-11 00:00:00-04:00,291.9800109863281,293.8800048828125,290.2300109863281,292.67999267578125,292.42779541015625,42247300,0.27,0.0
2026-05-12 00:00:00-04:00,292.55999755859375,295.2699890136719,292.55999755859375,294.79998779296875,294.54595947265625,45748100,0.0,0.0
2026-05-13 00:00:00-04:00,293.5,300.9200134277344,293.5,298.8699951171875,298.6124572753906,52684300,0.0,0.0
2026-05-14 00:00:00-04:00,299.82000732421875,300.45001220703125,295.3800048828125,298.2099914550781,297.9530334472656,35324900,0.0,0.0
2026-05-15 00:00:00-04:00,297.8999938964844,303.20001220703125,296.5199890136719,300.2300109863281,299.9713134765625,54862800,0.0,0.0
2026-05-18 00:00:00-04:00,300.239990234375,300.6600036621094,294.9100036621094,297.8399963378906,297.5833435058594,34483000,0.0,0.0
2026-05-19 00:00:00-04:00,296.9700012207031,300.510009765625,296.3500061035156,298.9700012207031,298.7123718261719,42243600,0.0,0.0
2026-05-20 00:00:00-04:00,298.17999267578125,302.79998779296875,298.0799865722656,302.25,301.98956298828125,38229800,0.0,0.0
2026-05-21 00:00:00-04:00,301.05999755859375,305.5400085449219,300.3999938964844,304.989990234375,304.7271728515625,42965100,0.0,0.0
2026-05-22 00:00:00-04:00,306.1199951171875,311.3999938964844,305.8399963378906,308.82000732421875,308.55389404296875,43670200,0.0,0.0
2026-05-26 00:00:00-04:00,309.55999755859375,311.82000732421875,307.6700134277344,308.3299865722656,308.0643005371094,48000500,0.0,0.0
2026-05-27 00:00:00-04:00,308.3299865722656,313.260009765625,308.29998779296875,310.8500061035156,310.5821533203125,50430900,0.0,0.0
2026-05-28 00:00:00-04:00,310.67999267578125,312.79998779296875,309.57000732421875,312.510009765625,312.24072265625,48220400,0.0,0.0
2026-05-29 00:00:00-04:00,311.7799987792969,315.0,309.5299987792969,312.05999755859375,311.7911071777344,70026800,0.0,0.0
2026-06-01 00:00:00-04:00,309.6300048828125,310.94000244140625,305.0199890136719,306.30999755859375,306.0460510253906,48849900,0.0,0.0
2026-06-02 00:00:00-04:00,307.4599914550781,315.45001220703125,306.69000244140625,315.20001220703125,314.92840576171875,44534700,0.0,0.0
2026-06-03 00:00:00-04:00,314.17999267578125,316.94000244140625,308.8500061035156,310.260009765625,309.9926452636719,50836700,0.0,0.0
2026-06-04 00:00:00-04:00,313.2300109863281,313.5400085449219,309.6499938964844,311.2300109863281,310.9618225097656,44869100,0.0,0.0
2026-06-05 00:00:00-04:00,312.8599853515625,315.1700134277344,307.1499938964844,307.3399963378906,307.0751647949219,65310500,0.0,0.0
2026-06-08 00:00:00-04:00,308.739990234375,317.3999938964844,301.1700134277344,301.5400085449219,301.2801818847656,77949100,0.0,0.0
2026-06-09 00:00:00-04:00,300.2799987792969,300.75,287.7799987792969,290.54998779296875,290.29962158203125,70108800,0.0,0.0
2026-06-10 00:00:00-04:00,290.739990234375,294.75,287.3800048828125,291.5799865722656,291.3287353515625,52793300,0.0,0.0
2026-06-11 00:00:00-04:00,293.7200012207031,297.0,289.5899963378906,295.6300048828125,295.375244140625,42572500,0.0,0.0
2026-06-12 00:00:00-04:00,296.0299987792969,297.1400146484375,289.6199951171875,291.1300048828125,290.879150390625,38742100,0.0,0.0
2026-06-15 00:00:00-04:00,294.1199951171875,297.7799987792969,291.70001220703125,296.4200134277344,296.1645812988281,45732600,0.0,0.0
2026-06-16 00:00:00-04:00,295.25,300.4800109863281,293.9700012207031,299.239990234375,298.9821472167969,39874400,0.0,0.0
2026-06-17 00:00:00-04:00,300.8500061035156,302.07000732421875,294.3599853515625,295.95001220703125,295.6949768066406,42745100,0.0,0.0
2026-06-18 00:00:00-04:00,298.1099853515625,300.57000732421875,295.6199951171875,298.010009765625,297.7532043457031,85962200,0.0,0.0
2026-06-22 00:00:00-04:00,297.30999755859375,302.4200134277344,296.760009765625,297.010009765625,296.75408935546875,44879900,0.0,0.0
2026-06-23 00:00:00-04:00,297.5400085449219,301.6400146484375,294.17999267578125,294.29998779296875,294.04638671875,52010900,0.0,0.0
2026-06-24 00:00:00-04:00,295.3599853515625,299.70001220703125,292.94000244140625,293.0799865722656,292.8274230957031,53081900,0.0,0.0
2026-06-25 00:00:00-04:00,287.3999938964844,288.79998779296875,273.75,275.1499938964844,274.91290283203125,107013700,0.0,0.0
2026-06-26 00:00:00-04:00,275.0,285.95001220703125,274.2099914550781,283.7799987792969,283.53546142578125,261775500,0.0,0.0
2026-06-29 00:00:00-04:00,286.7300109863281,288.3699951171875,279.8500061035156,281.739990234375,281.4972229003906,66427000,0.0,0.0
2026-06-30 00:00:00-04:00,281.1700134277344,289.94000244140625,280.70001220703125,289.3599853515625,289.11065673828125,65100200,0.0,0.0
2026-07-01 00:00:00-04:00,293.44000244140625,296.5899963378906,289.20001220703125,294.3800048828125,294.1263427734375,50164200,0.0,0.0
2026-07-02 00:00:00-04:00,294.1199951171875,309.4200134277344,293.67999267578125,308.6300048828125,308.3640441894531,75352800,0.0,0.0
2026-07-06 00:00:00-04:00,307.3599853515625,314.20001220703125,307.0,312.6600036621094,312.3905944824219,53590000,0.0,0.0
2026-07-07 00:00:00-04:00,315.2900085449219,315.4800109863281,310.1499938964844,310.6600036621094,310.3923034667969,42490000,0.0,0.0
2026-07-08 00:00:00-04:00,311.9100036621094,314.82000732421875,307.04998779296875,313.3900146484375,313.1199645996094,41323500,0.0,0.0
2026-07-09 00:00:00-04:00,310.510009765625,316.5299987792969,308.1600036621094,316.2200012207031,315.947509765625,48124500,0.0,0.0
2026-07-10 00:00:00-04:00,314.7200012207031,316.9100036621094,312.1700134277344,315.32000732421875,315.0483093261719,34132300,0.0,0.0
2026-07-13 00:00:00-04:00,317.0199890136719,323.45001220703125,315.7799987792969,317.30999755859375,317.03656005859375,43257800,0.0,0.0
2026-07-14 00:00:00-04:00,313.760009765625,316.19000244140625,311.9100036621094,314.8599853515625,314.58868408203125,36336800,0.0,0.0
2026-07-15 00:00:00-04:00,317.6199951171875,328.7300109863281,317.32000732421875,327.5,327.2178039550781,60957600,0.0,0.0
2026-07-16 00:00:00-04:00,328.010009765625,334.67999267578125,326.7900085449219,333.260009765625,332.97283935546875,62970600,0.0,0.0
2026-07-17 00:00:00-04:00,331.9800109863281,334.989990234375,329.0,333.739990234375,333.452392578125,63407100,0.0,0.0
2026-07-20 00:00:00-04:00,333.510009765625,333.7099914550781,323.67999267578125,326.5899963378906,326.3085632324219,53468000,0.0,0.0
2026-07-21 00:00:00-04:00,323.1300048828125,329.6000061035156,322.2200012207031,327.739990234375,327.45758056640625,41338900,0.0,0.0
2026-07-22 00:00:00-04:00,327.8699951171875,329.0,323.3399963378906,325.8900146484375,325.60919189453125,38755900,0.0,0.0
2026-07-23 00:00:00-04:00,321.7300109863281,323.29998779296875,319.3500061035156,321.6600036621094,321.3828430175781,40840800,0.0,0.0
2026-07-24 00:00:00-04:00,321.7900085449219,334.3699951171875,321.6199951171875,333.0199890136719,332.7330322265625,47489400,0.0,0.0
2026-07-27 00:00:00-04:00,334.5400085449219,339.57000732421875,334.0199890136719,336.9100036621094,336.61968994140625,49604300,0.0,0.0
2026-07-28 00:00:00-04:00,340.0299987792969,342.8900146484375,335.6000061035156,340.0799865722656,339.78692626953125,51859000,0.0,0.0
2026-07-29 00:00:00-04:00,339.7300109863281,344.57000732421875,337.3500061035156,338.19000244140625,337.8985900878906,56090800,0.0,0.0
2026-07-30 00:00:00-04:00,333.1000061035156,334.75,329.5899963378906,333.42999267578125,333.1426696777344,74817800,0.0,0.0
2026-07-31 00:00:00-04:00,304.80999755859375,310.69000244140625,300.0,308.9100036621094,308.6438293457031,132489100,0.0,0.0
2026-08-03 00:00:00-04:00,309.5799865722656,311.79998779296875,302.55999755859375,303.4200134277344,303.1585693359375,75052000,0.0,0.0
2026-08-04 00:00:00-04:00,302.7300109863281,310.4200134277344,301.32000732421875,309.3800048828125,309.1134033203125,68001000,0.0,0.0
2026-08-05 00:00:00-04:00,309.3599853515625,311.7099914550781,305.6700134277344,311.0,310.7320251464844,49438800,0.0,0.0
2026-08-06 00:00:00-04:00,314.3399963378906,316.2900085449219,309.2300109863281,312.4100036621094,312.14080810546875,46139900,0.0,0.0
2026-08-07 00:00:00-04:00,311.45001220703125,314.80999755859375,310.739990234375,313.3299865722656,313.05999755859375,34437200,0.0,0.0
2026-08-10 00:00:00-04:00,306.8299865722656,308.260009765625,304.6099853515625,308.260009765625,308.260009765625,44812500,0.27,0.0
2026-08-11 00:00:00-04:00,307.75,309.9700012207031,302.7900085449219,304.9100036621094,304.9100036621094,37476700,0.0,0.0
2026-08-12 00:00:00-04:00,305.1000061035156,305.6600036621094,300.57000732421875,302.25,302.25,41657800,0.0,0.0
2026-08-13 00:00:00-04:00,304.2099914550781,306.0,302.04998779296875,305.260009765625,305.260009765625,40349300,0.0,0.0
2026-08-14 00:00:00-04:00,306.0,307.489990234375,304.29998779296875,305.92999267578125,305.92999267578125,28229400,0.0,0.0
2026-08-17 00:00:00-04:00,306.2099914550781,307.6600036621094,302.94000244140625,305.5899963378906,305.5899963378906,38169300,0.0,0.0
2026-08-18 00:00:00-04:00,307.5799865722656,311.489990234375,305.739990234375,310.0299987792969,310.0299987792969,53424500,0.0,0.0
2026-08-19 00:00:00-04:00,310.1400146484375,319.2799987792969,309.6000061035156,316.8299865722656,316.8299865722656,50505600,0.0,0.0
2026-08-20 00:00:00-04:00,317.4599914550781,320.2799987792969,310.6499938964844,311.29998779296875,311.29998779296875,40959200,0.0,0.0
2026-08-21 00:00:00-04:00,312.04998779296875,312.3800048828125,307.010009765625,309.3500061035156,309.3500061035156,46876800,0.0,0.0
2026-08-24 00:00:00-04:00,311.4700012207031,313.3599853515625,309.9700012207031,310.3399963378906,310.3399963378906,34673600,0.0,0.0
2026-08-25 00:00:00-04:00,310.7900085449219,313.5899963378906,308.2099914550781,309.8999938964844,309.8999938964844,25869800,0.0,0.0
2026-08-26 00:00:00-04:00,310.29998779296875,315.42999267578125,308.79998779296875,313.45001220703125,313.45001220703125,34024500,0.0,0.0
2026-08-27 00:00:00-04:00,310.54998779296875,315.3999938964844,309.3999938964844,314.5799865722656,314.5799865722656,32419200,0.0,0.0
2026-08-28 00:00:00-04:00,316.8500061035156,322.3699951171875,315.45001220703125,319.70001220703125,319.70001220703125,38649400,0.0,0.0
2026-08-31 00:00:00-04:00,319.6000061035156,321.239990234375,312.79998779296875,316.8500061035156,316.8500061035156,41242700,0.0,0.0
