Date,Open,High,Low,Close,Adj Close,Volume,Dividends,Stock Splits
2020-01-02 00:00:00-05:00,243.0,243.19000244140625,238.97999572753906,240.10000610351562,195.60499572753906,2088000,0.0,0.0
2020-01-03 00:00:00-05:00,237.16000366210938,240.25999450683594,236.24000549316406,238.47000122070312,194.2770538330078,1879000,0.0,0.0
2020-01-06 00:00:00-05:00,237.1999969482422,240.4499969482422,236.55999755859375,240.3000030517578,195.76788330078125,1802800,0.0,0.0
2020-01-07 00:00:00-05:00,239.30999755859375,240.0,237.58999633789062,238.0399932861328,193.92666625976562,1518900,0.0,0.0
2020-01-08 00:00:00-05:00,237.92999267578125,239.5800018310547,236.61000061035156,238.22000122070312,194.07339477539062,2214700,0.0,0.0
2020-01-09 00:00:00-05:00,239.69000244140625,239.69000244140625,237.97000122070312,238.92999267578125,194.65171813964844,1629000,0.0,0.0
2020-01-10 00:00:00-05:00,238.67999267578125,240.92999267578125,237.61000061035156,238.25999450683594,194.10598754882812,1777600,0.0,0.0
2020-01-13 00:00:00-05:00,238.25999450683594,238.3300018310547,234.7899932861328,236.9199981689453,193.01425170898438,2004400,0.0,0.0
2020-01-14 00:00:00-05:00,235.8000030517578,240.67999267578125,235.1699981689453,240.0,195.52352905273438,2239100,0.0,0.0
2020-01-15 00:00:00-05:00,240.6699981689453,242.60000610351562,240.0500030517578,241.6999969482422,196.908447265625,1920700,0.0,0.0
2020-01-16 00:00:00-05:00,242.17999267578125,243.85000610351562,239.85000610351562,240.5,195.9308624267578,2085700,0.0,0.0
2020-01-17 00:00:00-05:00,242.11000061035156,242.13999938964844,239.27000427246094,241.49000549316406,196.73736572265625,2582800,0.0,0.0
2020-01-21 00:00:00-05:00,240.97000122070312,242.00999450683594,237.25999450683594,237.60000610351562,193.56825256347656,3094200,0.0,0.0
2020-01-22 00:00:00-05:00,238.75,239.6999969482422,235.75999450683594,236.75,192.87579345703125,1998200,0.0,0.0
2020-01-23 00:00:00-05:00,237.05999755859375,237.05999755859375,233.07000732421875,235.0399932861328,191.48265075683594,2088700,0.0,0.0
2020-01-24 00:00:00-05:00,235.8000030517578,235.8800048828125,224.5,225.58999633789062,183.783935546875,5019900,0.0,0.0
2020-01-27 00:00:00-05:00,223.67999267578125,224.92999267578125,221.1699981689453,222.9499969482422,181.6331329345703,2843600,0.0,0.0
2020-01-28 00:00:00-05:00,223.57000732421875,226.6999969482422,222.85000610351562,224.83999633789062,183.17294311523438,2103900,0.0,0.0
2020-01-29 00:00:00-05:00,225.5,228.92999267578125,225.0,227.14999389648438,185.05487060546875,2001100,0.0,0.0
2020-01-30 00:00:00-05:00,226.0,226.97000122070312,223.30999755859375,226.14999389648438,184.24014282226562,2581600,0.0,0.0
2020-01-31 00:00:00-05:00,218.75999450683594,219.0800018310547,210.00999450683594,216.0500030517578,176.01185607910156,5968900,0.0,0.0
2020-02-03 00:00:00-05:00,216.38999938964844,219.6199951171875,215.55999755859375,216.8800048828125,176.68804931640625,2565400,0.0,0.0
2020-02-04 00:00:00-05:00,220.77000427246094,223.85000610351562,220.47999572753906,221.80999755859375,180.70443725585938,2765300,0.0,0.0
2020-02-05 00:00:00-05:00,223.74000549316406,234.63999938964844,223.74000549316406,231.94000244140625,188.9571990966797,3669500,0.0,0.0
2020-02-06 00:00:00-05:00,233.72000122070312,233.88999938964844,229.33999633789062,231.4499969482422,188.55796813964844,2007500,0.0,0.0
2020-02-07 00:00:00-05:00,231.41000366210938,232.17999267578125,227.6699981689453,229.3300018310547,186.8308563232422,2295100,0.0,0.0
2020-02-10 00:00:00-05:00,228.14999389648438,228.9600067138672,226.25999450683594,227.4199981689453,185.27481079101562,2144700,0.0,0.0
2020-02-11 00:00:00-05:00,227.6999969482422,229.47000122070312,226.8000030517578,228.9600067138672,186.5294189453125,1934500,0.0,0.0
2020-02-12 00:00:00-05:00,229.47000122070312,230.22999572753906,225.8800048828125,227.0,184.93267822265625,2501300,0.0,0.0
2020-02-13 00:00:00-05:00,224.99000549316406,226.52000427246094,222.82000732421875,223.0399932861328,182.99635314941406,1946500,1.6,0.0
2020-02-14 00:00:00-05:00,222.92999267578125,223.49000549316406,221.33999633789062,223.47999572753906,183.35733032226562,1611900,0.0,0.0
2020-02-18 00:00:00-05:00,224.14999389648438,224.35000610351562,220.9199981689453,221.69000244140625,181.88873291015625,1936400,0.0,0.0
2020-02-19 00:00:00-05:00,222.94000244140625,224.0500030517578,222.0500030517578,222.9600067138672,182.9307098388672,1322900,0.0,0.0
2020-02-20 00:00:00-05:00,223.1999969482422,223.47999572753906,218.50999450683594,222.13999938964844,182.2579345703125,1638000,0.0,0.0
2020-02-21 00:00:00-05:00,222.24000549316406,223.8000030517578,220.99000549316406,222.7899932861328,182.7912139892578,2047500,0.0,0.0
2020-02-24 00:00:00-05:00,219.8800048828125,223.99000549316406,215.75999450683594,217.8800048828125,178.76275634765625,3049600,0.0,0.0
2020-02-25 00:00:00-05:00,218.0800018310547,219.55999755859375,209.82000732421875,210.3800048828125,172.60926818847656,3915500,0.0,0.0
2020-02-26 00:00:00-05:00,216.17999267578125,216.6999969482422,212.02000427246094,214.5399932861328,176.02239990234375,3314000,0.0,0.0
2020-02-27 00:00:00-05:00,214.9199981689453,215.27999877929688,203.22000122070312,203.5,166.9644775390625,4071100,0.0,0.0
2020-02-28 00:00:00-05:00,198.0500030517578,203.0,195.17999267578125,199.72999572753906,163.87132263183594,5316100,0.0,0.0
2020-03-02 00:00:00-05:00,199.89999389648438,212.3699951171875,198.7100067138672,212.1999969482422,174.10250854492188,4245700,0.0,0.0
2020-03-03 00:00:00-05:00,210.33999633789062,216.16000366210938,202.66000366210938,204.4199981689453,167.71929931640625,3975100,0.0,0.0
2020-03-04 00:00:00-05:00,209.52999877929688,215.2899932861328,207.6199951171875,215.11000061035156,176.49005126953125,3880200,0.0,0.0
2020-03-05 00:00:00-05:00,207.66000366210938,216.38999938964844,207.5800018310547,212.1199951171875,174.036865234375,3185400,0.0,0.0
2020-03-06 00:00:00-05:00,203.97000122070312,211.61000061035156,203.82000732421875,210.64999389648438,172.83074951171875,3100500,0.0,0.0
2020-03-09 00:00:00-04:00,197.74000549316406,203.6199951171875,190.75,198.3699951171875,162.7554931640625,4065600,0.0,0.0
2020-03-10 00:00:00-04:00,203.36000061035156,207.10000610351562,194.6699981689453,206.8000030517578,169.6720428466797,3928700,0.0,0.0
2020-03-11 00:00:00-04:00,201.0,203.9199981689453,195.80999755859375,198.64999389648438,162.9851837158203,3777000,0.0,0.0
2020-03-12 00:00:00-04:00,184.6300048828125,196.25999450683594,181.77000427246094,182.24000549316406,149.5214385986328,4902600,0.0,0.0
2020-03-13 00:00:00-04:00,189.75999450683594,203.1699981689453,188.52000427246094,202.10000610351562,165.81581115722656,6903900,0.0,0.0
2020-03-16 00:00:00-04:00,184.6699981689453,204.72000122070312,182.9600067138672,188.67999267578125,154.80517578125,4932400,0.0,0.0
2020-03-17 00:00:00-04:00,192.2100067138672,210.91000366210938,191.64999389648438,207.8000030517578,170.4924774169922,5912800,0.0,0.0
2020-03-18 00:00:00-04:00,198.55999755859375,210.89999389648438,196.74000549316406,204.8800048828125,168.09671020507812,5597900,0.0,0.0
2020-03-19 00:00:00-04:00,201.0,208.75,195.27000427246094,198.75999450683594,163.075439453125,4796500,0.0,0.0
2020-03-20 00:00:00-04:00,198.88999938964844,201.97000122070312,186.0,188.25,154.45240783691406,5726800,0.0,0.0
2020-03-23 00:00:00-04:00,188.88999938964844,191.9600067138672,177.0500030517578,185.92999267578125,152.54888916015625,4396600,0.0,0.0
2020-03-24 00:00:00-04:00,191.47000122070312,202.85000610351562,190.00999450683594,202.33999633789062,166.01272583007812,5288200,0.0,0.0
2020-03-25 00:00:00-04:00,197.77000427246094,201.36000061035156,190.00999450683594,193.13999938964844,158.46446228027344,5301000,0.0,0.0
2020-03-26 00:00:00-04:00,193.1199951171875,199.72000122070312,190.5,198.49000549316406,162.8539581298828,5162200,0.0,0.0
2020-03-27 00:00:00-04:00,194.4199981689453,205.8699951171875,194.00999450683594,198.27000427246094,162.67347717285156,4119600,0.0,0.0
2020-03-30 00:00:00-04:00,200.0500030517578,209.4499969482422,200.0500030517578,208.47999572753906,171.05038452148438,3219000,0.0,0.0
2020-03-31 00:00:00-04:00,203.49000549316406,207.25,200.6999969482422,202.72999572753906,166.33274841308594,2929000,0.0,0.0
2020-04-01 00:00:00-04:00,197.55999755859375,201.3800048828125,194.99000549316406,197.80999755859375,162.29603576660156,2747900,0.0,0.0
2020-04-02 00:00:00-04:00,194.41000366210938,209.52999877929688,194.2100067138672,208.8800048828125,171.37860107421875,3867300,0.0,0.0
2020-04-03 00:00:00-04:00,207.42999267578125,209.75,203.02999877929688,205.41000366210938,168.53158569335938,2281400,0.0,0.0
2020-04-06 00:00:00-04:00,212.0,212.7100067138672,206.85000610351562,211.5800018310547,173.5938262939453,3702100,0.0,0.0
2020-04-07 00:00:00-04:00,213.4499969482422,215.17999267578125,207.3300018310547,208.77999877929688,171.29653930664062,2447500,0.0,0.0
2020-04-08 00:00:00-04:00,208.89999389648438,219.82000732421875,207.33999633789062,219.19000244140625,179.8375701904297,2861500,0.0,0.0
2020-04-09 00:00:00-04:00,217.39999389648438,219.35000610351562,215.6999969482422,218.2100067138672,179.03346252441406,2503300,0.0,0.0
2020-04-13 00:00:00-04:00,216.97999572753906,219.17999267578125,215.14999389648438,218.27000427246094,179.08273315429688,2168000,0.0,0.0
2020-04-14 00:00:00-04:00,221.00999450683594,228.32000732421875,220.25,226.8000030517578,186.081298828125,3029000,0.0,0.0
2020-04-15 00:00:00-04:00,224.99000549316406,225.50999450683594,219.30999755859375,221.8000030517578,181.97897338867188,3107000,0.0,0.0
2020-04-16 00:00:00-04:00,225.0,232.10000610351562,223.22000122070312,230.89999389648438,189.44517517089844,2617300,0.0,0.0
2020-04-17 00:00:00-04:00,236.8300018310547,236.99000549316406,229.22000122070312,234.97000122070312,192.7844696044922,2864200,0.0,0.0
2020-04-20 00:00:00-04:00,234.1999969482422,239.55999755859375,232.38999938964844,236.60000610351562,194.12185668945312,2824000,0.0,0.0
2020-04-21 00:00:00-04:00,235.0,235.77000427246094,229.0,230.75,189.32212829589844,2672900,0.0,0.0
2020-04-22 00:00:00-04:00,233.35000610351562,234.0,227.58999633789062,229.2899932861328,188.124267578125,2845100,0.0,0.0
2020-04-23 00:00:00-04:00,229.08999633789062,235.64999389648438,228.8800048828125,232.49000549316406,190.74972534179688,3226400,0.0,0.0
2020-04-24 00:00:00-04:00,234.0399932861328,236.92999267578125,230.8000030517578,236.27999877929688,193.85931396484375,1946200,0.0,0.0
2020-04-27 00:00:00-04:00,236.6300048828125,243.0,235.0,242.42999267578125,198.90513610839844,2472600,0.0,0.0
2020-04-28 00:00:00-04:00,243.0,244.9499969482422,236.86000061035156,237.6699981689453,194.99974060058594,2548900,0.0,0.0
2020-04-29 00:00:00-04:00,238.89999389648438,239.30999755859375,235.24000549316406,235.69000244140625,193.37522888183594,3365100,0.0,0.0
2020-04-30 00:00:00-04:00,236.02000427246094,240.07000732421875,231.91000366210938,239.22000122070312,196.2714385986328,5704500,0.0,0.0
2020-05-01 00:00:00-04:00,233.0,237.0500030517578,228.0,230.97999572753906,189.5108184814453,3045400,0.0,0.0
2020-05-04 00:00:00-04:00,232.44000244140625,232.9199981689453,228.10000610351562,230.91000366210938,189.45343017578125,2035800,0.0,0.0
2020-05-05 00:00:00-04:00,231.27999877929688,237.97999572753906,229.1699981689453,236.36000061035156,193.92494201660156,1975500,0.0,0.0
2020-05-06 00:00:00-04:00,237.30999755859375,239.67999267578125,235.69000244140625,236.58999633789062,194.11367797851562,1980500,0.0,0.0
2020-05-07 00:00:00-04:00,236.89999389648438,237.97000122070312,232.10000610351562,233.3300018310547,191.43893432617188,2451200,0.0,0.0
2020-05-08 00:00:00-04:00,234.9499969482422,235.72999572753906,231.60000610351562,234.82000732421875,192.66143798828125,1534300,0.0,0.0
2020-05-11 00:00:00-04:00,233.07000732421875,243.49000549316406,232.50999450683594,242.74000549316406,199.1595001220703,2163700,0.0,0.0
2020-05-12 00:00:00-04:00,242.67999267578125,244.5,237.0500030517578,237.2100067138672,194.62232971191406,2241000,0.0,0.0
2020-05-13 00:00:00-04:00,235.22000122070312,243.94000244140625,235.22000122070312,236.8300018310547,194.310546875,2292700,0.0,0.0
2020-05-14 00:00:00-04:00,235.9499969482422,238.97000122070312,233.8000030517578,237.97999572753906,195.2540740966797,3322700,0.0,0.0
2020-05-15 00:00:00-04:00,234.42999267578125,240.42999267578125,233.88999938964844,240.1999969482422,198.4094696044922,3111500,1.6,0.0
2020-05-18 00:00:00-04:00,243.66000366210938,244.38999938964844,231.8000030517578,233.19000244140625,192.6190643310547,5631400,0.0,0.0
2020-05-19 00:00:00-04:00,232.63999938964844,233.44000244140625,227.1699981689453,227.42999267578125,187.86122131347656,3835800,0.0,0.0
2020-05-20 00:00:00-04:00,229.27000427246094,230.1199951171875,225.63999938964844,227.8699951171875,188.2246551513672,3714600,0.0,0.0
2020-05-21 00:00:00-04:00,228.11000061035156,228.24000549316406,224.0,224.77999877929688,185.6722869873047,2377500,0.0,0.0
2020-05-22 00:00:00-04:00,224.1699981689453,226.77000427246094,223.61000061035156,226.42999267578125,187.03521728515625,2334300,0.0,0.0
2020-05-26 00:00:00-04:00,227.52999877929688,228.35000610351562,221.72999572753906,222.39999389648438,183.7063751220703,2397800,0.0,0.0
2020-05-27 00:00:00-04:00,222.32000732421875,225.1300048828125,217.47000122070312,224.80999755859375,185.69705200195312,2932100,0.0,0.0
2020-05-28 00:00:00-04:00,226.25999450683594,226.6199951171875,222.25,224.1300048828125,185.13536071777344,2591000,0.0,0.0
2020-05-29 00:00:00-04:00,225.0,230.57000732421875,222.05999755859375,229.6999969482422,189.7362823486328,4251200,0.0,0.0
2020-06-01 00:00:00-04:00,228.88999938964844,230.5399932861328,225.7100067138672,226.91000366210938,187.43167114257812,1816700,0.0,0.0
2020-06-02 00:00:00-04:00,225.8000030517578,226.36000061035156,222.5800018310547,223.72000122070312,184.7966766357422,3198900,0.0,0.0
2020-06-03 00:00:00-04:00,223.49000549316406,224.2899932861328,218.25,221.0,182.54994201660156,3660500,0.0,0.0
2020-06-04 00:00:00-04:00,220.77000427246094,223.4499969482422,219.2100067138672,220.8800048828125,182.45082092285156,2392800,0.0,0.0
2020-06-05 00:00:00-04:00,219.6999969482422,225.9499969482422,218.1999969482422,225.6699981689453,186.407470703125,3714600,0.0,0.0
2020-06-08 00:00:00-04:00,223.27000427246094,226.25,221.75,225.75,186.47352600097656,2270500,0.0,0.0
2020-06-09 00:00:00-04:00,226.0,228.30999755859375,224.57000732421875,224.89999389648438,185.7713623046875,2403600,0.0,0.0
2020-06-10 00:00:00-04:00,226.67999267578125,229.49000549316406,225.52000427246094,227.1199951171875,187.6051483154297,2851300,0.0,0.0
2020-06-11 00:00:00-04:00,228.05999755859375,229.77999877929688,218.6699981689453,218.89999389648438,180.81527709960938,3900700,0.0,0.0
2020-06-12 00:00:00-04:00,221.10000610351562,222.35000610351562,214.1999969482422,217.89999389648438,179.98924255371094,2426600,0.0,0.0
2020-06-15 00:00:00-04:00,215.80999755859375,221.0,213.86000061035156,219.77999877929688,181.54217529296875,2471800,0.0,0.0
2020-06-16 00:00:00-04:00,222.8300018310547,228.8800048828125,222.6199951171875,226.8699951171875,187.39866638183594,2581600,0.0,0.0
2020-06-17 00:00:00-04:00,228.5399932861328,228.80999755859375,224.52999877929688,225.97000122070312,186.65524291992188,2751100,0.0,0.0
2020-06-18 00:00:00-04:00,226.86000061035156,231.47999572753906,225.67999267578125,230.32000732421875,190.2484130859375,2469800,0.0,0.0
2020-06-19 00:00:00-04:00,233.3800048828125,239.07000732421875,231.30999755859375,238.6999969482422,197.17044067382812,5319500,0.0,0.0
2020-06-22 00:00:00-04:00,236.30999755859375,237.64999389648438,233.05999755859375,234.19000244140625,193.4451141357422,2337000,0.0,0.0
2020-06-23 00:00:00-04:00,234.8699951171875,239.1699981689453,233.44000244140625,235.75,194.7337188720703,2171500,0.0,0.0
2020-06-24 00:00:00-04:00,235.2100067138672,237.0,231.39999389648438,232.50999450683594,192.05738830566406,1972900,0.0,0.0
2020-06-25 00:00:00-04:00,231.5,235.44000244140625,230.38999938964844,235.11000061035156,194.20504760742188,2080300,0.0,0.0
2020-06-26 00:00:00-04:00,235.3699951171875,236.86000061035156,231.82000732421875,232.83999633789062,192.32998657226562,3613300,0.0,0.0
2020-06-29 00:00:00-04:00,233.39999389648438,234.13999938964844,229.97999572753906,231.55999755859375,191.272705078125,1938000,0.0,0.0
2020-06-30 00:00:00-04:00,233.30999755859375,237.32000732421875,231.8000030517578,235.86000061035156,194.8245849609375,2589000,0.0,0.0
2020-07-01 00:00:00-04:00,235.52000427246094,256.2300109863281,232.5800018310547,255.1199951171875,210.73365783691406,6575800,0.0,0.0
2020-07-02 00:00:00-04:00,252.8699951171875,261.4599914550781,252.8699951171875,258.239990234375,213.3108367919922,3338000,0.0,0.0
2020-07-06 00:00:00-04:00,260.0299987792969,264.9700012207031,253.89999389648438,256.25,211.6670379638672,3460400,0.0,0.0
2020-07-07 00:00:00-04:00,253.60000610351562,258.9100036621094,252.08999633789062,253.14999389648438,209.1063995361328,2365900,0.0,0.0
2020-07-08 00:00:00-04:00,253.14999389648438,253.97999572753906,249.25,251.58999633789062,207.81781005859375,1993700,0.0,0.0
2020-07-09 00:00:00-04:00,250.25,253.8300018310547,248.83999633789062,251.66000366210938,207.8756561279297,1739600,0.0,0.0
2020-07-10 00:00:00-04:00,250.64999389648438,251.57000732421875,247.07000732421875,249.0399932861328,205.7114715576172,1326100,0.0,0.0
2020-07-13 00:00:00-04:00,249.8300018310547,255.42999267578125,249.27999877929688,250.0399932861328,206.53750610351562,2528100,0.0,0.0
2020-07-14 00:00:00-04:00,242.75999450683594,253.7899932861328,240.47999572753906,253.08999633789062,209.05682373046875,2368300,0.0,0.0
2020-07-15 00:00:00-04:00,254.57000732421875,254.57000732421875,250.77000427246094,253.30999755859375,209.23854064941406,1650100,0.0,0.0
2020-07-16 00:00:00-04:00,252.05999755859375,255.2899932861328,249.9199981689453,255.1999969482422,210.7997283935547,1530900,0.0,0.0
2020-07-17 00:00:00-04:00,256.70001220703125,259.95001220703125,254.75999450683594,258.4599914550781,213.4925537109375,2044800,0.0,0.0
2020-07-20 00:00:00-04:00,260.0799865722656,262.82000732421875,258.32000732421875,260.95001220703125,215.54931640625,1497400,0.0,0.0
2020-07-21 00:00:00-04:00,258.6199951171875,260.0299987792969,257.2799987792969,257.9100036621094,213.03822326660156,1821600,0.0,0.0
2020-07-22 00:00:00-04:00,259.7900085449219,260.0,255.8000030517578,256.9800109863281,212.27003479003906,1598100,0.0,0.0
2020-07-23 00:00:00-04:00,259.5400085449219,260.0,251.60000610351562,252.24000549316406,208.35472106933594,2532000,0.0,0.0
2020-07-24 00:00:00-04:00,251.25999450683594,251.8300018310547,245.5,247.97999572753906,204.8358612060547,2187900,0.0,0.0
2020-07-27 00:00:00-04:00,247.3000030517578,255.10000610351562,247.02999877929688,253.64999389648438,209.51939392089844,2155700,0.0,0.0
2020-07-28 00:00:00-04:00,254.4600067138672,258.3999938964844,253.77000427246094,255.27000427246094,210.85757446289062,2266600,0.0,0.0
2020-07-29 00:00:00-04:00,250.39999389648438,252.85000610351562,245.74000549316406,248.85000610351562,205.55455017089844,3286700,0.0,0.0
2020-07-30 00:00:00-04:00,246.39999389648438,247.82000732421875,245.1999969482422,246.13999938964844,203.3160400390625,1967400,0.0,0.0
2020-07-31 00:00:00-04:00,245.6300048828125,246.10000610351562,239.38999938964844,244.6699981689453,202.1017608642578,2830100,0.0,0.0
2020-08-03 00:00:00-04:00,244.85000610351562,249.02000427246094,244.52999877929688,247.36000061035156,204.32376098632812,1853900,0.0,0.0
2020-08-04 00:00:00-04:00,245.97000122070312,246.1699981689453,241.33999633789062,243.58999633789062,201.2096710205078,1912100,0.0,0.0
2020-08-05 00:00:00-04:00,243.91000366210938,245.41000366210938,240.8000030517578,241.47000122070312,199.45849609375,1736400,0.0,0.0
2020-08-06 00:00:00-04:00,240.85000610351562,242.1999969482422,239.11000061035156,241.5500030517578,199.52462768554688,1747000,0.0,0.0
2020-08-07 00:00:00-04:00,243.5800018310547,243.6199951171875,238.57000732421875,240.69000244140625,198.81423950195312,1352300,0.0,0.0
2020-08-10 00:00:00-04:00,240.25999450683594,240.6699981689453,236.2100067138672,238.1699981689453,196.732666015625,1533200,0.0,0.0
2020-08-11 00:00:00-04:00,238.17999267578125,238.89999389648438,234.36000061035156,234.64999389648438,193.82504272460938,2296200,0.0,0.0
2020-08-12 00:00:00-04:00,234.69000244140625,243.0,234.69000244140625,241.72000122070312,199.66500854492188,2325500,0.0,0.0
2020-08-13 00:00:00-04:00,241.30999755859375,242.77000427246094,239.61000061035156,240.4600067138672,198.62425231933594,1362800,0.0,0.0
2020-08-14 00:00:00-04:00,239.2100067138672,240.05999755859375,238.6199951171875,239.7100067138672,199.33103942871094,1225000,1.6,0.0
2020-08-17 00:00:00-04:00,240.2100067138672,244.74000549316406,240.2100067138672,243.00999450683594,202.0751953125,1697500,0.0,0.0
2020-08-18 00:00:00-04:00,243.52000427246094,244.30999755859375,240.02000427246094,241.5,200.8195343017578,1123800,0.0,0.0
2020-08-19 00:00:00-04:00,241.02000427246094,243.72999572753906,238.5,240.49000549316406,199.9796905517578,1900500,0.0,0.0
2020-08-20 00:00:00-04:00,240.1300048828125,240.69000244140625,237.3000030517578,238.72999572753906,198.51611328125,1172800,0.0,0.0
2020-08-21 00:00:00-04:00,238.8800048828125,238.8800048828125,235.50999450683594,237.63999938964844,197.6097412109375,1959900,0.0,0.0
2020-08-24 00:00:00-04:00,237.72999572753906,238.44000244140625,233.55999755859375,235.57000732421875,195.888427734375,1565300,0.0,0.0
2020-08-25 00:00:00-04:00,242.89999389648438,249.9600067138672,240.8000030517578,248.22000122070312,206.4075469970703,6392100,0.0,0.0
2020-08-26 00:00:00-04:00,248.3300018310547,251.3800048828125,245.75999450683594,250.17999267578125,208.0373992919922,3125000,0.0,0.0
2020-08-27 00:00:00-04:00,252.24000549316406,256.9100036621094,250.41000366210938,252.80999755859375,210.22434997558594,3928300,0.0,0.0
2020-08-28 00:00:00-04:00,253.39999389648438,254.13999938964844,247.7899932861328,253.1199951171875,210.4821319580078,12838400,0.0,0.0
2020-08-31 00:00:00-04:00,252.92999267578125,256.04998779296875,250.10000610351562,253.32000732421875,210.64845275878906,4053900,0.0,0.0
2020-09-01 00:00:00-04:00,250.0500030517578,252.0399932861328,248.67999267578125,250.86000061035156,208.60284423828125,2869000,0.0,0.0
2020-09-02 00:00:00-04:00,251.22000122070312,258.79998779296875,251.22000122070312,258.1199951171875,214.639892578125,2871600,0.0,0.0
2020-09-03 00:00:00-04:00,259.2900085449219,260.05999755859375,246.35000610351562,247.91000366210938,206.14974975585938,3137700,0.0,0.0
2020-09-04 00:00:00-04:00,251.3300018310547,252.27000427246094,244.5800018310547,248.39999389648438,206.55722045898438,2910200,0.0,0.0
2020-09-08 00:00:00-04:00,246.22999572753906,246.99000549316406,239.52999877929688,241.17999267578125,200.5534210205078,3358600,0.0,0.0
2020-09-09 00:00:00-04:00,242.63999938964844,247.49000549316406,241.82000732421875,245.57000732421875,204.20394897460938,2244300,0.0,0.0
2020-09-10 00:00:00-04:00,244.55999755859375,246.13999938964844,238.89999389648438,240.63999938964844,200.10438537597656,2126400,0.0,0.0
2020-09-11 00:00:00-04:00,241.6999969482422,245.49000549316406,241.07000732421875,243.2100067138672,202.24151611328125,1899400,0.0,0.0
2020-09-14 00:00:00-04:00,244.83999633789062,247.83999633789062,244.25,246.75,205.18515014648438,2086500,0.0,0.0
2020-09-15 00:00:00-04:00,248.6999969482422,251.9199981689453,248.10000610351562,248.35000610351562,206.5156707763672,2243900,0.0,0.0
2020-09-16 00:00:00-04:00,251.35000610351562,251.35000610351562,247.0,247.75999450683594,206.0250244140625,2325300,0.0,0.0
2020-09-17 00:00:00-04:00,243.52999877929688,249.72000122070312,243.02000427246094,248.0800018310547,206.2911376953125,2801100,0.0,0.0
2020-09-18 00:00:00-04:00,248.69000244140625,249.83999633789062,242.35000610351562,247.72000122070312,205.99179077148438,6042400,0.0,0.0
2020-09-21 00:00:00-04:00,247.0399932861328,247.0399932861328,238.1999969482422,243.19000244140625,202.22483825683594,2745300,0.0,0.0
2020-09-22 00:00:00-04:00,241.5500030517578,248.2899932861328,240.89999389648438,247.5,205.80880737304688,2172600,0.0,0.0
2020-09-23 00:00:00-04:00,247.3000030517578,249.22999572753906,241.47999572753906,242.58999633789062,201.72592163085938,2104300,0.0,0.0
2020-09-24 00:00:00-04:00,242.14999389648438,242.67999267578125,237.77999877929688,240.32000732421875,199.83828735351562,1827200,0.0,0.0
2020-09-25 00:00:00-04:00,239.50999450683594,244.17999267578125,237.80999755859375,243.82000732421875,202.74876403808594,2635700,0.0,0.0
2020-09-28 00:00:00-04:00,247.67999267578125,249.0399932861328,244.77000427246094,247.02999877929688,205.4180145263672,2213900,0.0,0.0
2020-09-29 00:00:00-04:00,247.5500030517578,249.0500030517578,245.47999572753906,248.3000030517578,206.47409057617188,2008000,0.0,0.0
2020-09-30 00:00:00-04:00,249.80999755859375,256.1199951171875,248.10000610351562,254.16000366210938,211.34693908691406,3526600,0.0,0.0
2020-10-01 00:00:00-04:00,255.07000732421875,258.510009765625,254.0500030517578,255.38999938964844,212.3697509765625,2428300,0.0,0.0
2020-10-02 00:00:00-04:00,252.39999389648438,254.66000366210938,244.00999450683594,245.41000366210938,204.07089233398438,2514100,0.0,0.0
2020-10-05 00:00:00-04:00,246.52000427246094,256.6499938964844,246.24000549316406,256.010009765625,212.8853759765625,2852300,0.0,0.0
2020-10-06 00:00:00-04:00,257.3999938964844,257.3999938964844,252.13999938964844,252.69000244140625,210.12454223632812,2431400,0.0,0.0
2020-10-07 00:00:00-04:00,253.9600067138672,258.3999938964844,253.10000610351562,257.6700134277344,214.26573181152344,1842800,0.0,0.0
2020-10-08 00:00:00-04:00,249.27000427246094,250.05999755859375,239.0,240.08999633789062,199.6470184326172,5592300,0.0,0.0
2020-10-09 00:00:00-04:00,238.5,239.5800018310547,234.02000427246094,236.6999969482422,196.828125,4183000,0.0,0.0
2020-10-12 00:00:00-04:00,237.72999572753906,241.9199981689453,235.75999450683594,239.50999450683594,199.16470336914062,2881600,0.0,0.0
2020-10-13 00:00:00-04:00,239.1999969482422,241.8699951171875,238.8699951171875,239.33999633789062,199.02337646484375,2065600,0.0,0.0
2020-10-14 00:00:00-04:00,240.39999389648438,242.27000427246094,237.1999969482422,237.64999389648438,197.6180877685547,2693600,0.0,0.0
2020-10-15 00:00:00-04:00,236.0,236.99000549316406,232.8699951171875,235.00999450683594,195.4227294921875,2531000,0.0,0.0
2020-10-16 00:00:00-04:00,235.35000610351562,239.16000366210938,233.8000030517578,235.72000122070312,196.01315307617188,2059300,0.0,0.0
2020-10-19 00:00:00-04:00,236.2100067138672,237.44000244140625,230.00999450683594,230.7100067138672,191.84710693359375,2749800,0.0,0.0
2020-10-20 00:00:00-04:00,231.05999755859375,232.89999389648438,229.36000061035156,231.10000610351562,192.17141723632812,1950100,0.0,0.0
2020-10-21 00:00:00-04:00,229.4600067138672,231.11000061035156,227.5399932861328,228.97000122070312,190.4001922607422,1978700,0.0,0.0
2020-10-22 00:00:00-04:00,228.10000610351562,229.92999267578125,226.16000366210938,227.97999572753906,189.57696533203125,2172900,0.0,0.0
2020-10-23 00:00:00-04:00,228.72000122070312,230.07000732421875,226.3000030517578,227.16000366210938,188.89505004882812,2104200,0.0,0.0
2020-10-26 00:00:00-04:00,226.02000427246094,228.22999572753906,221.7899932861328,224.88999938964844,187.0075225830078,3087100,0.0,0.0
2020-10-27 00:00:00-04:00,225.05999755859375,225.9499969482422,223.13999938964844,223.4600067138672,185.81837463378906,1934400,0.0,0.0
2020-10-28 00:00:00-04:00,219.02000427246094,221.05999755859375,215.92999267578125,216.3800048828125,179.9309844970703,2874000,0.0,0.0
2020-10-29 00:00:00-04:00,213.6300048828125,220.3300018310547,210.27999877929688,217.82000732421875,181.1283721923828,2994100,0.0,0.0
2020-10-30 00:00:00-04:00,216.22000122070312,217.27000427246094,213.9600067138672,216.94000244140625,180.39663696289062,3262500,0.0,0.0
2020-11-02 00:00:00-05:00,221.55999755859375,222.3699951171875,217.1999969482422,220.2100067138672,183.11581420898438,2029000,0.0,0.0
2020-11-03 00:00:00-05:00,221.75999450683594,223.0800018310547,218.4600067138672,220.05999755859375,182.9910888671875,2533600,0.0,0.0
2020-11-04 00:00:00-05:00,226.2899932861328,235.97999572753906,225.10000610351562,230.3300018310547,191.5311279296875,3810000,0.0,0.0
2020-11-05 00:00:00-05:00,233.77000427246094,233.8300018310547,230.0,231.97000122070312,192.8948516845703,2070300,0.0,0.0
2020-11-06 00:00:00-05:00,232.66000366210938,233.2100067138672,230.0399932861328,231.6699981689453,192.6453857421875,2028500,0.0,0.0
2020-11-09 00:00:00-05:00,242.94000244140625,244.8000030517578,234.0,235.0,195.4144287109375,2996200,0.0,0.0
2020-11-10 00:00:00-05:00,244.0,245.83999633789062,239.47000122070312,241.60000610351562,200.9026641845703,3742800,0.0,0.0
2020-11-11 00:00:00-05:00,242.52000427246094,245.6699981689453,238.5,240.69000244140625,200.14601135253906,2244800,0.0,0.0
2020-11-12 00:00:00-05:00,240.5500030517578,240.88999938964844,235.63999938964844,237.13999938964844,197.19395446777344,2438200,0.0,0.0
2020-11-13 00:00:00-05:00,236.88999938964844,238.58999633789062,235.0,237.36000061035156,198.7176971435547,1767100,1.6,0.0
2020-11-16 00:00:00-05:00,237.4199981689453,239.82000732421875,235.25999450683594,236.66000366210938,198.13162231445312,2069200,0.0,0.0
2020-11-17 00:00:00-05:00,235.00999450683594,236.92999267578125,232.1199951171875,232.44000244140625,194.59864807128906,1935100,0.0,0.0
2020-11-18 00:00:00-05:00,234.0500030517578,234.3699951171875,227.63999938964844,227.75999450683594,190.6805877685547,2466200,0.0,0.0
2020-11-19 00:00:00-05:00,226.97000122070312,226.97000122070312,223.58999633789062,224.6699981689453,188.09359741210938,2595700,0.0,0.0
2020-11-20 00:00:00-05:00,223.22000122070312,225.08999633789062,221.47999572753906,223.1699981689453,186.83779907226562,2956200,0.0,0.0
2020-11-23 00:00:00-05:00,222.05999755859375,223.1699981689453,220.33999633789062,222.22000122070312,186.0424346923828,2032600,0.0,0.0
2020-11-24 00:00:00-05:00,222.4499969482422,223.0500030517578,219.82000732421875,220.4600067138672,184.5690155029297,3198300,0.0,0.0
2020-11-25 00:00:00-05:00,221.10000610351562,223.77000427246094,218.9199981689453,220.30999755859375,184.4434051513672,2550300,0.0,0.0
2020-11-27 00:00:00-05:00,221.41000366210938,226.2100067138672,221.38999938964844,224.80999755859375,188.2108154296875,1698300,0.0,0.0
2020-11-30 00:00:00-05:00,224.3300018310547,225.27999877929688,219.4499969482422,222.0399932861328,185.89173889160156,4857700,0.0,0.0
2020-12-01 00:00:00-05:00,224.8800048828125,225.77999877929688,222.72000122070312,225.0800018310547,188.4368438720703,3050600,0.0,0.0
2020-12-02 00:00:00-05:00,225.0800018310547,230.0800018310547,224.61000061035156,226.55999755859375,189.67591857910156,2641200,0.0,0.0
2020-12-03 00:00:00-05:00,226.0,228.4499969482422,225.52000427246094,226.91000366210938,189.9689483642578,2167800,0.0,0.0
2020-12-04 00:00:00-05:00,225.75,230.3300018310547,225.75,229.2100067138672,191.89450073242188,2008800,0.0,0.0
2020-12-07 00:00:00-05:00,229.0,229.2100067138672,225.11000061035156,226.4499969482422,189.58383178710938,2250300,0.0,0.0
2020-12-08 00:00:00-05:00,229.00999450683594,229.10000610351562,226.35000610351562,228.94000244140625,191.66845703125,2124500,0.0,0.0
2020-12-09 00:00:00-05:00,229.77999877929688,231.58999633789062,227.8800048828125,229.85000610351562,192.4303436279297,2210000,0.0,0.0
2020-12-10 00:00:00-05:00,229.6199951171875,230.0,227.52000427246094,228.16000366210938,191.01541137695312,1558100,0.0,0.0
2020-12-11 00:00:00-05:00,226.47000122070312,227.8000030517578,225.5,227.39999389648438,190.37916564941406,2019300,0.0,0.0
2020-12-14 00:00:00-05:00,229.47999572753906,232.19000244140625,227.5800018310547,229.4600067138672,192.1038055419922,2904700,0.0,0.0
2020-12-15 00:00:00-05:00,229.00999450683594,231.27999877929688,227.0,230.52999877929688,192.99961853027344,2566600,0.0,0.0
2020-12-16 00:00:00-05:00,229.99000549316406,231.27999877929688,228.11000061035156,228.44000244140625,191.24984741210938,2589100,0.0,0.0
2020-12-17 00:00:00-05:00,229.1199951171875,231.3800048828125,228.8300018310547,231.24000549316406,193.59402465820312,2510400,0.0,0.0
2020-12-18 00:00:00-05:00,232.0399932861328,232.0399932861328,227.25,228.49000549316406,191.29173278808594,5888900,0.0,0.0
2020-12-21 00:00:00-05:00,225.67999267578125,227.94000244140625,221.5800018310547,227.30999755859375,190.3038330078125,2311400,0.0,0.0
2020-12-22 00:00:00-05:00,225.72000122070312,226.47999572753906,220.0800018310547,220.99000549316406,185.01271057128906,3571600,0.0,0.0
2020-12-23 00:00:00-05:00,221.47999572753906,223.5800018310547,220.66000366210938,222.94000244140625,186.64523315429688,1763500,0.0,0.0
2020-12-24 00:00:00-05:00,223.24000549316406,224.5800018310547,222.2899932861328,222.92999267578125,186.63687133789062,955400,0.0,0.0
2020-12-28 00:00:00-05:00,223.02999877929688,226.89999389648438,223.02999877929688,223.64999389648438,187.23963928222656,1495100,0.0,0.0
2020-12-29 00:00:00-05:00,225.8800048828125,229.47000122070312,225.27000427246094,226.8699951171875,189.9354705810547,1564400,0.0,0.0
2020-12-30 00:00:00-05:00,227.97999572753906,229.02999877929688,226.5800018310547,227.1699981689453,190.1865997314453,1891400,0.0,0.0
2020-12-31 00:00:00-05:00,227.30999755859375,230.25,225.88999938964844,229.9199981689453,192.48890686035156,1821000,0.0,0.0
2021-01-04 00:00:00-05:00,231.25,231.25,223.6699981689453,226.66000366210938,189.7596435546875,3088200,0.0,0.0
2021-01-05 00:00:00-05:00,226.94000244140625,228.89999389648438,224.35000610351562,227.75999450683594,190.6805877685547,2494000,0.0,0.0
2021-01-06 00:00:00-05:00,225.0,233.52999877929688,225.0,233.25,195.27676391601562,3754800,0.0,0.0
2021-01-07 00:00:00-05:00,231.86000061035156,235.3699951171875,231.47000122070312,234.02000427246094,195.92144775390625,2647800,0.0,0.0
2021-01-08 00:00:00-05:00,235.52999877929688,238.86000061035156,235.10000610351562,238.49000549316406,199.6637420654297,2511100,0.0,0.0
2021-01-11 00:00:00-05:00,240.0,240.35000610351562,234.42999267578125,237.57000732421875,198.89346313476562,2600500,0.0,0.0
2021-01-12 00:00:00-05:00,237.1199951171875,238.77999877929688,235.35000610351562,236.58999633789062,198.07301330566406,1771500,0.0,0.0
2021-01-13 00:00:00-05:00,235.99000549316406,238.5,235.22000122070312,237.74000549316406,199.03579711914062,1412300,0.0,0.0
2021-01-14 00:00:00-05:00,236.5,243.49000549316406,235.67999267578125,241.66000366210938,202.31765747070312,2594000,0.0,0.0
2021-01-15 00:00:00-05:00,241.17999267578125,246.83999633789062,240.02000427246094,245.49000549316406,205.5241241455078,2855200,0.0,0.0
2021-01-19 00:00:00-05:00,246.5,249.0,246.3800048828125,248.27000427246094,207.8515167236328,2172900,0.0,0.0
2021-01-20 00:00:00-05:00,247.4199981689453,253.35000610351562,246.1199951171875,252.36000061035156,211.27566528320312,2768200,0.0,0.0
2021-01-21 00:00:00-05:00,252.0,252.72999572753906,249.52000427246094,252.02999877929688,210.99940490722656,2215900,0.0,0.0
2021-01-22 00:00:00-05:00,252.25999450683594,255.22999572753906,250.55999755859375,253.5,212.23007202148438,1866600,0.0,0.0
2021-01-25 00:00:00-05:00,252.0500030517578,257.1099853515625,251.85000610351562,257.1000061035156,215.24398803710938,1830700,0.0,0.0
2021-01-26 00:00:00-05:00,256.5899963378906,259.07000732421875,254.86000061035156,258.6000061035156,216.4998016357422,2008900,0.0,0.0
2021-01-27 00:00:00-05:00,255.47000122070312,259.44000244140625,250.32000732421875,251.05999755859375,210.18731689453125,3237900,0.0,0.0
2021-01-28 00:00:00-05:00,252.47999572753906,276.69000244140625,243.4499969482422,247.75,207.41616821289062,5205600,0.0,0.0
2021-01-29 00:00:00-05:00,244.92999267578125,246.47000122070312,240.25,241.42999267578125,202.12506103515625,3792800,0.0,0.0
2021-02-01 00:00:00-05:00,244.3000030517578,245.47999572753906,239.5800018310547,240.42999267578125,201.287841796875,2173500,0.0,0.0
2021-02-02 00:00:00-05:00,240.0,241.9499969482422,236.8000030517578,240.49000549316406,201.3380889892578,2444200,0.0,0.0
2021-02-03 00:00:00-05:00,231.55999755859375,239.8699951171875,231.38999938964844,237.0800018310547,198.48324584960938,4479200,0.0,0.0
2021-02-04 00:00:00-05:00,236.27999877929688,237.86000061035156,233.75,237.22000122070312,198.6004638671875,2819700,0.0,0.0
2021-02-05 00:00:00-05:00,238.30999755859375,238.8800048828125,235.3800048828125,236.32000732421875,197.84701538085938,2421800,0.0,0.0
2021-02-08 00:00:00-05:00,237.99000549316406,239.6300048828125,235.85000610351562,237.57000732421875,198.89346313476562,2258200,0.0,0.0
2021-02-09 00:00:00-05:00,237.27999877929688,237.6699981689453,234.7899932861328,236.64999389648438,198.12327575683594,1996500,0.0,0.0
2021-02-10 00:00:00-05:00,238.39999389648438,240.3000030517578,236.6999969482422,238.4600067138672,199.6386260986328,2964400,0.0,0.0
2021-02-11 00:00:00-05:00,238.63999938964844,239.1300048828125,233.99000549316406,235.0399932861328,198.23849487304688,1633900,1.76,0.0
2021-02-12 00:00:00-05:00,235.0399932861328,237.35000610351562,233.49000549316406,237.2100067138672,200.06871032714844,1460300,0.0,0.0
2021-02-16 00:00:00-05:00,236.00999450683594,237.69000244140625,232.52999877929688,232.83999633789062,196.38294982910156,2018100,0.0,0.0
2021-02-17 00:00:00-05:00,232.3300018310547,235.83999633789062,231.24000549316406,235.61000061035156,198.71926879882812,1575400,0.0,0.0
2021-02-18 00:00:00-05:00,235.42999267578125,235.42999267578125,232.3000030517578,232.52999877929688,196.12149047851562,1945300,0.0,0.0
2021-02-19 00:00:00-05:00,232.00999450683594,233.14999389648438,230.85000610351562,231.69000244140625,195.41302490234375,2471500,0.0,0.0
2021-02-22 00:00:00-05:00,230.3300018310547,233.8000030517578,230.1199951171875,231.47000122070312,195.22747802734375,2334800,0.0,0.0
2021-02-23 00:00:00-05:00,232.64999389648438,238.0,230.97000122070312,232.4600067138672,196.0624542236328,2919200,0.0,0.0
2021-02-24 00:00:00-05:00,229.8699951171875,230.7899932861328,227.7100067138672,229.99000549316406,193.97921752929688,2690500,0.0,0.0
2021-02-25 00:00:00-05:00,229.99000549316406,230.5,226.89999389648438,227.52000427246094,191.89596557617188,2769200,0.0,0.0
2021-02-26 00:00:00-05:00,230.30999755859375,230.30999755859375,223.6199951171875,224.9199981689453,189.7030487060547,3453500,0.0,0.0
2021-03-01 00:00:00-05:00,225.8800048828125,227.92999267578125,225.22999572753906,227.0399932861328,191.49110412597656,2178100,0.0,0.0
2021-03-02 00:00:00-05:00,227.0,227.88999938964844,225.27999877929688,225.69000244140625,190.3524627685547,2407500,0.0,0.0
2021-03-03 00:00:00-05:00,223.52000427246094,225.69000244140625,221.30999755859375,223.94000244140625,188.87649536132812,2610600,0.0,0.0
2021-03-04 00:00:00-05:00,227.82000732421875,227.8699951171875,220.25,221.91000366210938,187.1643524169922,3577000,0.0,0.0
2021-03-05 00:00:00-05:00,222.4499969482422,228.14999389648438,221.4499969482422,227.72999572753906,192.0730438232422,3021300,0.0,0.0
2021-03-08 00:00:00-05:00,228.0800018310547,232.1999969482422,226.6999969482422,227.80999755859375,192.1405487060547,3101000,0.0,0.0
2021-03-09 00:00:00-05:00,230.0,233.1199951171875,228.77999877929688,228.99000549316406,193.13577270507812,3057300,0.0,0.0
2021-03-10 00:00:00-05:00,231.4600067138672,233.49000549316406,229.02000427246094,229.9600067138672,193.9539337158203,2309800,0.0,0.0
2021-03-11 00:00:00-05:00,230.66000366210938,233.9600067138672,228.77999877929688,231.1699981689453,194.97445678710938,2244000,0.0,0.0
2021-03-12 00:00:00-05:00,230.24000549316406,230.75999450683594,228.69000244140625,230.36000061035156,194.291259765625,1752600,0.0,0.0
2021-03-15 00:00:00-04:00,230.0,236.16000366210938,229.8000030517578,235.9600067138672,199.01441955566406,2911000,0.0,0.0
2021-03-16 00:00:00-04:00,238.1199951171875,242.02000427246094,236.6199951171875,240.32000732421875,202.69178771972656,3386300,0.0,0.0
2021-03-17 00:00:00-04:00,240.30999755859375,245.89999389648438,239.22000122070312,244.27000427246094,206.02330017089844,3255500,0.0,0.0
2021-03-18 00:00:00-04:00,240.5,247.13999938964844,240.5,244.4199981689453,206.14979553222656,3063100,0.0,0.0
2021-03-19 00:00:00-04:00,245.74000549316406,247.39999389648438,241.6300048828125,245.94000244140625,207.4318084716797,12589900,0.0,0.0
2021-03-22 00:00:00-04:00,242.36000061035156,249.77000427246094,242.36000061035156,249.69000244140625,210.59463500976562,2059800,0.0,0.0
2021-03-23 00:00:00-04:00,249.99000549316406,250.0,244.89999389648438,245.0399932861328,206.67271423339844,2604700,0.0,0.0
2021-03-24 00:00:00-04:00,245.0,247.38999938964844,243.82000732421875,245.47000122070312,207.03538513183594,2237500,0.0,0.0
2021-03-25 00:00:00-04:00,247.0399932861328,247.5399932861328,244.97999572753906,246.25,207.69326782226562,2707600,0.0,0.0
2021-03-26 00:00:00-04:00,245.97000122070312,253.27999877929688,245.5399932861328,252.86000061035156,213.26834106445312,2638900,0.0,0.0
2021-03-29 00:00:00-04:00,251.52999877929688,256.6000061035156,251.4499969482422,254.9600067138672,215.03953552246094,2488100,0.0,0.0
2021-03-30 00:00:00-04:00,253.17999267578125,254.00999450683594,248.8300018310547,249.75,210.64529418945312,1979000,0.0,0.0
2021-03-31 00:00:00-04:00,249.22999572753906,249.9499969482422,247.36000061035156,248.80999755859375,209.85243225097656,3571900,0.0,0.0
2021-04-01 00:00:00-04:00,249.72999572753906,250.0,246.41000366210938,249.1699981689453,210.15606689453125,2176900,0.0,0.0
2021-04-05 00:00:00-04:00,249.05999755859375,252.6300048828125,249.05999755859375,252.02000427246094,212.55982971191406,2230500,0.0,0.0
2021-04-06 00:00:00-04:00,251.74000549316406,252.5399932861328,248.24000549316406,249.10000610351562,210.09703063964844,2040100,0.0,0.0
2021-04-07 00:00:00-04:00,248.1699981689453,250.22000122070312,247.10000610351562,248.1199951171875,209.2704620361328,1583500,0.0,0.0
2021-04-08 00:00:00-04:00,249.10000610351562,249.47999572753906,245.97999572753906,246.8800048828125,208.22463989257812,1633600,0.0,0.0
2021-04-09 00:00:00-04:00,247.7100067138672,249.10000610351562,245.80999755859375,248.9499969482422,209.97056579589844,1368600,0.0,0.0
2021-04-12 00:00:00-04:00,248.52000427246094,250.0,247.7899932861328,248.94000244140625,209.96206665039062,1722000,0.0,0.0
2021-04-13 00:00:00-04:00,249.14999389648438,250.35000610351562,247.08999633789062,249.9499969482422,210.81396484375,1766000,0.0,0.0
2021-04-14 00:00:00-04:00,249.97999572753906,251.5,249.0,249.6199951171875,210.53561401367188,1753800,0.0,0.0
2021-04-15 00:00:00-04:00,251.10000610351562,257.0,250.5,255.1300048828125,215.18292236328125,2366300,0.0,0.0
2021-04-16 00:00:00-04:00,256.44000244140625,258.82000732421875,254.6699981689453,255.7100067138672,215.67208862304688,2768700,0.0,0.0
2021-04-19 00:00:00-04:00,252.85000610351562,256.1099853515625,252.63999938964844,255.97000122070312,215.891357421875,2345100,0.0,0.0
2021-04-20 00:00:00-04:00,254.83999633789062,260.3599853515625,254.83999633789062,259.1400146484375,218.56503295898438,1579300,0.0,0.0
2021-04-21 00:00:00-04:00,260.4100036621094,261.0,257.75,258.7799987792969,218.2613983154297,2173600,0.0,0.0
2021-04-22 00:00:00-04:00,257.5400085449219,258.4800109863281,253.66000366210938,255.0500030517578,215.11541748046875,3370700,0.0,0.0
2021-04-23 00:00:00-04:00,254.97999572753906,258.1400146484375,253.6699981689453,257.0299987792969,216.78543090820312,2426900,0.0,0.0
2021-04-26 00:00:00-04:00,256.6499938964844,256.75,254.4199981689453,255.52000427246094,215.51182556152344,1782700,0.0,0.0
2021-04-27 00:00:00-04:00,255.19000244140625,256.5299987792969,253.75999450683594,255.1300048828125,215.18292236328125,2184900,0.0,0.0
2021-04-28 00:00:00-04:00,241.52000427246094,243.97000122070312,233.75999450683594,236.7100067138672,199.64698791503906,7550800,0.0,0.0
2021-04-29 00:00:00-04:00,235.07000732421875,236.0,231.02999877929688,234.7100067138672,197.96018981933594,4053400,0.0,0.0
2021-04-30 00:00:00-04:00,234.27000427246094,240.66000366210938,234.1999969482422,239.63999938964844,202.1182403564453,3420900,0.0,0.0
2021-05-03 00:00:00-04:00,240.6699981689453,247.02000427246094,240.5500030517578,245.3800048828125,206.9595184326172,3587700,0.0,0.0
2021-05-04 00:00:00-04:00,247.27000427246094,247.5800018310547,242.8699951171875,247.36000061035156,208.62950134277344,3555900,0.0,0.0
2021-05-05 00:00:00-04:00,246.2899932861328,249.97999572753906,245.91000366210938,249.35000610351562,210.30787658691406,2765100,0.0,0.0
2021-05-06 00:00:00-04:00,249.27999877929688,251.47999572753906,246.9600067138672,251.3000030517578,211.95260620117188,2790800,0.0,0.0
2021-05-07 00:00:00-04:00,251.77999877929688,255.72999572753906,251.77999877929688,254.2100067138672,214.4069366455078,2512700,0.0,0.0
2021-05-10 00:00:00-04:00,256.0,258.80999755859375,252.05999755859375,252.6199951171875,213.06590270996094,4079900,0.0,0.0
2021-05-11 00:00:00-04:00,253.16000366210938,255.9600067138672,251.6199951171875,252.3000030517578,212.7960205078125,2307100,0.0,0.0
2021-05-12 00:00:00-04:00,251.41000366210938,253.72000122070312,249.67999267578125,250.8300018310547,211.55615234375,2431900,0.0,0.0
2021-05-13 00:00:00-04:00,250.1699981689453,254.08999633789062,249.7899932861328,252.07000732421875,212.60205078125,3275300,0.0,0.0
2021-05-14 00:00:00-04:00,252.88999938964844,254.58999633789062,251.14999389648438,251.3800048828125,213.5108184814453,2286800,1.76,0.0
2021-05-17 00:00:00-04:00,252.2899932861328,254.66000366210938,250.63999938964844,252.3800048828125,214.36021423339844,1922200,0.0,0.0
2021-05-18 00:00:00-04:00,252.0800018310547,253.10000610351562,250.32000732421875,250.86000061035156,213.06918334960938,1729400,0.0,0.0
2021-05-19 00:00:00-04:00,248.38999938964844,249.08999633789062,246.75,248.6300048828125,211.1750946044922,2652500,0.0,0.0
2021-05-20 00:00:00-04:00,248.00999450683594,254.38999938964844,247.91000366210938,251.92999267578125,213.97796630859375,2227400,0.0,0.0
2021-05-21 00:00:00-04:00,253.7100067138672,254.05999755859375,250.74000549316406,251.00999450683594,213.19656372070312,2177900,0.0,0.0
2021-05-24 00:00:00-04:00,250.55999755859375,253.47999572753906,247.57000732421875,247.75,210.42767333984375,2552000,0.0,0.0
2021-05-25 00:00:00-04:00,246.66000366210938,247.75,241.77999877929688,242.0,205.5438690185547,3210600,0.0,0.0
2021-05-26 00:00:00-04:00,241.83999633789062,242.47999572753906,238.3300018310547,238.5500030517578,202.61363220214844,3812100,0.0,0.0
2021-05-27 00:00:00-04:00,238.91000366210938,239.4600067138672,234.5800018310547,235.30999755859375,199.86167907714844,3701100,0.0,0.0
2021-05-28 00:00:00-04:00,236.2100067138672,240.8699951171875,236.1300048828125,237.94000244140625,202.0955047607422,3239300,0.0,0.0
2021-06-01 00:00:00-04:00,242.1999969482422,242.27999877929688,232.94000244140625,233.5800018310547,198.39230346679688,3799600,0.0,0.0
2021-06-02 00:00:00-04:00,234.89999389648438,236.69000244140625,233.88999938964844,235.16000366210938,199.73428344726562,2266800,0.0,0.0
2021-06-03 00:00:00-04:00,233.6699981689453,236.5800018310547,233.36000061035156,235.74000549316406,200.22691345214844,2010600,0.0,0.0
2021-06-04 00:00:00-04:00,236.74000549316406,239.27999877929688,235.75,236.85000610351562,201.16970825195312,1875700,0.0,0.0
2021-06-07 00:00:00-04:00,236.9199981689453,240.57000732421875,235.1999969482422,237.19000244140625,201.45848083496094,2153800,0.0,0.0
2021-06-08 00:00:00-04:00,238.92999267578125,239.1199951171875,235.25,236.82000732421875,201.14422607421875,1638000,0.0,0.0
2021-06-09 00:00:00-04:00,237.9199981689453,241.30999755859375,236.72999572753906,239.52000427246094,203.4375,3047700,0.0,0.0
2021-06-10 00:00:00-04:00,239.57000732421875,245.3300018310547,239.22000122070312,244.63999938964844,207.78619384765625,2655900,0.0,0.0
2021-06-11 00:00:00-04:00,244.8800048828125,245.5,241.97999572753906,242.77000427246094,206.19789123535156,2002300,0.0,0.0
2021-06-14 00:00:00-04:00,242.55999755859375,242.72000122070312,239.2899932861328,241.19000244140625,204.85594177246094,2083200,0.0,0.0
2021-06-15 00:00:00-04:00,241.74000549316406,241.97999572753906,239.0500030517578,239.85000610351562,203.71780395507812,2508800,0.0,0.0
2021-06-16 00:00:00-04:00,240.8699951171875,244.50999450683594,238.0,239.5800018310547,203.48843383789062,3185600,0.0,0.0
2021-06-17 00:00:00-04:00,239.5399932861328,242.42999267578125,238.33999633789062,240.75999450683594,204.4906768798828,2142800,0.0,0.0
2021-06-18 00:00:00-04:00,239.5800018310547,241.0,236.47000122070312,238.67999267578125,202.72401428222656,5560400,0.0,0.0
2021-06-21 00:00:00-04:00,239.63999938964844,240.91000366210938,237.64999389648438,240.24000549316406,204.0490264892578,2149000,0.0,0.0
2021-06-22 00:00:00-04:00,239.7100067138672,240.75,238.2899932861328,239.91000366210938,203.7687225341797,1780400,0.0,0.0
2021-06-23 00:00:00-04:00,239.64999389648438,239.75,236.92999267578125,238.7100067138672,202.74949645996094,1654300,0.0,0.0
2021-06-24 00:00:00-04:00,240.41000366210938,243.02999877929688,239.2899932861328,240.9499969482422,204.65206909179688,1943000,0.0,0.0
2021-06-25 00:00:00-04:00,241.63999938964844,243.64999389648438,240.11000061035156,242.67999267578125,206.1214599609375,4309900,0.0,0.0
2021-06-28 00:00:00-04:00,244.02999877929688,245.50999450683594,242.66000366210938,242.83999633789062,206.25732421875,1680700,0.0,0.0
2021-06-29 00:00:00-04:00,243.22000122070312,243.94000244140625,242.05999755859375,242.4600067138672,205.9346160888672,1337200,0.0,0.0
2021-06-30 00:00:00-04:00,242.72000122070312,244.27000427246094,242.05999755859375,243.75,207.03024291992188,2325100,0.0,0.0
2021-07-01 00:00:00-04:00,243.74000549316406,247.10000610351562,243.5500030517578,246.89999389648438,209.70571899414062,2091600,0.0,0.0
2021-07-02 00:00:00-04:00,247.3300018310547,249.89999389648438,246.25,248.6999969482422,211.2345428466797,1943600,0.0,0.0
2021-07-06 00:00:00-04:00,247.25999450683594,248.1199951171875,243.1699981689453,243.64999389648438,206.94532775878906,2792300,0.0,0.0
2021-07-07 00:00:00-04:00,244.07000732421875,244.27999877929688,241.33999633789062,243.22000122070312,206.58009338378906,2381700,0.0,0.0
2021-07-08 00:00:00-04:00,244.24000549316406,246.6999969482422,242.4499969482422,244.27999877929688,207.48040771484375,1994300,0.0,0.0
2021-07-09 00:00:00-04:00,243.08999633789062,245.92999267578125,241.7100067138672,245.1999969482422,208.26182556152344,1609900,0.0,0.0
2021-07-12 00:00:00-04:00,244.49000549316406,247.89999389648438,243.5399932861328,244.3699951171875,207.55682373046875,2149400,0.0,0.0
2021-07-13 00:00:00-04:00,245.38999938964844,246.75,242.97999572753906,244.8300018310547,207.94757080078125,1618200,0.0,0.0
2021-07-14 00:00:00-04:00,244.22000122070312,245.3300018310547,241.49000549316406,244.6999969482422,207.8371124267578,2185200,0.0,0.0
2021-07-15 00:00:00-04:00,244.3300018310547,247.57000732421875,242.13999938964844,246.6300048828125,209.47640991210938,2106700,0.0,0.0
2021-07-16 00:00:00-04:00,248.0800018310547,249.52999877929688,246.5399932861328,247.9600067138672,210.60604858398438,3141400,0.0,0.0
2021-07-19 00:00:00-04:00,247.8000030517578,249.9499969482422,244.85000610351562,246.72999572753906,209.5613555908203,2529900,0.0,0.0
2021-07-20 00:00:00-04:00,247.27000427246094,250.38999938964844,245.7100067138672,246.88999938964844,209.69723510742188,3035200,0.0,0.0
2021-07-21 00:00:00-04:00,246.91000366210938,246.9600067138672,242.69000244140625,244.85000610351562,207.9645233154297,1901900,0.0,0.0
2021-07-22 00:00:00-04:00,243.97999572753906,246.22000122070312,243.1300048828125,244.74000549316406,207.87107849121094,1379800,0.0,0.0
2021-07-23 00:00:00-04:00,246.27000427246094,248.55999755859375,244.8699951171875,247.72000122070312,210.40216064453125,1747300,0.0,0.0
2021-07-26 00:00:00-04:00,247.72000122070312,248.38999938964844,244.80999755859375,245.0800018310547,208.15989685058594,1518500,0.0,0.0
2021-07-27 00:00:00-04:00,244.1199951171875,245.61000061035156,243.3800048828125,244.67999267578125,207.82015991210938,2166400,0.0,0.0
2021-07-28 00:00:00-04:00,244.5500030517578,247.6999969482422,243.52000427246094,244.25,207.45492553710938,1649100,0.0,0.0
2021-07-29 00:00:00-04:00,244.4600067138672,245.16000366210938,242.2100067138672,242.4600067138672,205.9346160888672,1498900,0.0,0.0
2021-07-30 00:00:00-04:00,242.6199951171875,243.10000610351562,240.6300048828125,241.5399932861328,205.15313720703125,2284100,0.0,0.0
2021-08-02 00:00:00-04:00,242.1199951171875,242.47999572753906,238.3699951171875,239.7899932861328,203.66680908203125,1849400,0.0,0.0
2021-08-03 00:00:00-04:00,240.75999450683594,244.38999938964844,239.41000366210938,244.0800018310547,207.31048583984375,2320400,0.0,0.0
2021-08-04 00:00:00-04:00,238.3699951171875,239.4199981689453,227.10000610351562,228.30999755859375,193.9162139892578,6952800,0.0,0.0
2021-08-05 00:00:00-04:00,228.75,234.0399932861328,228.05999755859375,233.99000549316406,198.7405548095703,3294100,0.0,0.0
2021-08-06 00:00:00-04:00,231.85000610351562,233.25,228.77000427246094,230.14999389648438,195.47901916503906,2363800,0.0,0.0
2021-08-09 00:00:00-04:00,230.52000427246094,231.39999389648438,227.22000122070312,227.88999938964844,193.55947875976562,2250300,0.0,0.0
2021-08-10 00:00:00-04:00,228.1999969482422,228.1999969482422,223.94000244140625,227.9600067138672,193.618896484375,2860200,0.0,0.0
2021-08-11 00:00:00-04:00,229.13999938964844,230.0,227.49000549316406,228.1300048828125,193.7633514404297,2104900,0.0,0.0
2021-08-12 00:00:00-04:00,228.1999969482422,229.47999572753906,225.80999755859375,228.14999389648438,193.7803192138672,1798600,0.0,0.0
2021-08-13 00:00:00-04:00,229.11000061035156,231.88999938964844,228.75999450683594,229.67999267578125,195.07980346679688,1797300,0.0,0.0
2021-08-16 00:00:00-04:00,228.25999450683594,231.2899932861328,227.9199981689453,231.07000732421875,197.77598571777344,2434500,1.76,0.0
2021-08-17 00:00:00-04:00,229.66000366210938,231.27999877929688,229.52000427246094,231.1999969482422,197.88722229003906,2666500,0.0,0.0
2021-08-18 00:00:00-04:00,230.52000427246094,231.3300018310547,226.60000610351562,226.83999633789062,194.15545654296875,2988100,0.0,0.0
2021-08-19 00:00:00-04:00,225.69000244140625,227.6999969482422,223.3000030517578,224.38999938964844,192.05845642089844,2669000,0.0,0.0
2021-08-20 00:00:00-04:00,224.38999938964844,226.24000549316406,222.00999450683594,223.52999877929688,191.32237243652344,2811600,0.0,0.0
2021-08-23 00:00:00-04:00,224.17999267578125,227.44000244140625,223.77000427246094,225.63999938964844,193.1283721923828,1932600,0.0,0.0
2021-08-24 00:00:00-04:00,225.52000427246094,225.67999267578125,223.55999755859375,224.3800048828125,192.0499267578125,1790400,0.0,0.0
2021-08-25 00:00:00-04:00,224.30999755859375,224.8300018310547,221.17999267578125,221.58999633789062,189.66189575195312,2173200,0.0,0.0
2021-08-26 00:00:00-04:00,222.05999755859375,222.05999755859375,220.16000366210938,221.47000122070312,189.55918884277344,2844500,0.0,0.0
2021-08-27 00:00:00-04:00,222.22000122070312,225.36000061035156,220.22000122070312,222.77999877929688,190.68045043945312,2660900,0.0,0.0
2021-08-30 00:00:00-04:00,222.27999877929688,225.30999755859375,222.10000610351562,224.1300048828125,191.83590698242188,1881800,0.0,0.0
2021-08-31 00:00:00-04:00,224.94000244140625,225.64999389648438,223.33999633789062,225.52999877929688,193.03419494628906,2904700,0.0,0.0
2021-09-01 00:00:00-04:00,225.5500030517578,226.1199951171875,221.8800048828125,223.35000610351562,191.16831970214844,2699000,0.0,0.0
2021-09-02 00:00:00-04:00,223.63999938964844,226.02999877929688,223.42999267578125,225.9600067138672,193.4022216796875,1817800,0.0,0.0
2021-09-03 00:00:00-04:00,225.75999450683594,227.19000244140625,224.1999969482422,226.3699951171875,193.75315856933594,1664100,0.0,0.0
2021-09-07 00:00:00-04:00,223.0,224.94000244140625,219.52000427246094,221.33999633789062,189.44789123535156,3281800,0.0,0.0
2021-09-08 00:00:00-04:00,221.3300018310547,222.2899932861328,220.10000610351562,220.8699951171875,189.0456085205078,2140400,0.0,0.0
2021-09-09 00:00:00-04:00,220.5,220.64999389648438,215.41000366210938,215.5800018310547,184.5178680419922,3273600,0.0,0.0
2021-09-10 00:00:00-04:00,216.5,216.99000549316406,213.5500030517578,213.75,182.95150756835938,2217800,0.0,0.0
2021-09-13 00:00:00-04:00,217.05999755859375,219.0500030517578,215.07000732421875,216.72000122070312,185.49356079101562,2553400,0.0,0.0
2021-09-14 00:00:00-04:00,217.60000610351562,217.9199981689453,215.1199951171875,216.0399932861328,184.91156005859375,1999300,0.0,0.0
2021-09-15 00:00:00-04:00,216.77000427246094,219.9199981689453,215.86000061035156,218.1300048828125,186.70042419433594,2555600,0.0,0.0
2021-09-16 00:00:00-04:00,218.02000427246094,218.64999389648438,214.0,217.36000061035156,186.0413818359375,2695600,0.0,0.0
2021-09-17 00:00:00-04:00,217.22999572753906,219.8800048828125,215.8699951171875,219.3800048828125,187.7703094482422,5659900,0.0,0.0
2021-09-20 00:00:00-04:00,218.3800048828125,219.85000610351562,214.27999877929688,215.11000061035156,184.1155548095703,3293000,0.0,0.0
2021-09-21 00:00:00-04:00,215.7100067138672,218.10000610351562,214.36000061035156,215.36000061035156,184.32955932617188,2112100,0.0,0.0
2021-09-22 00:00:00-04:00,216.55999755859375,216.55999755859375,213.4600067138672,213.63999938964844,182.85736083984375,2542800,0.0,0.0
2021-09-23 00:00:00-04:00,212.50999450683594,215.55999755859375,212.3000030517578,215.0500030517578,184.06422424316406,2181500,0.0,0.0
2021-09-24 00:00:00-04:00,214.75,215.52999877929688,213.1999969482422,213.61000061035156,182.83168029785156,1908600,0.0,0.0
2021-09-27 00:00:00-04:00,213.25,214.9499969482422,212.6999969482422,213.11000061035156,182.40374755859375,1943000,0.0,0.0
2021-09-28 00:00:00-04:00,212.3000030517578,214.75999450683594,211.64999389648438,212.27000427246094,181.68478393554688,2919000,0.0,0.0
2021-09-29 00:00:00-04:00,212.5,216.8000030517578,211.85000610351562,214.89999389648438,183.93582153320312,1900800,0.0,0.0
2021-09-30 00:00:00-04:00,215.7899932861328,216.6699981689453,212.52000427246094,212.64999389648438,182.01002502441406,2491900,0.0,0.0
2021-10-01 00:00:00-04:00,213.58999633789062,214.61000061035156,210.8000030517578,213.9199981689453,183.0970001220703,2629400,0.0,0.0
2021-10-04 00:00:00-04:00,214.10000610351562,215.63999938964844,210.77000427246094,211.44000244140625,180.97439575195312,2856300,0.0,0.0
2021-10-05 00:00:00-04:00,211.2100067138672,213.99000549316406,211.0800018310547,211.86000061035156,181.33383178710938,2481900,0.0,0.0
2021-10-06 00:00:00-04:00,211.32000732421875,212.0800018310547,208.97000122070312,209.97999572753906,179.7247314453125,2928200,0.0,0.0
2021-10-07 00:00:00-04:00,208.52999877929688,212.4499969482422,208.52999877929688,209.1199951171875,178.98866271972656,3331700,0.0,0.0
2021-10-08 00:00:00-04:00,210.1300048828125,210.17999267578125,207.64999389648438,208.9499969482422,178.84312438964844,2349800,0.0,0.0
2021-10-11 00:00:00-04:00,209.05999755859375,209.88999938964844,206.58999633789062,206.6999969482422,176.91734313964844,1982200,0.0,0.0
2021-10-12 00:00:00-04:00,207.42999267578125,207.55999755859375,200.47000122070312,201.88999938964844,172.8003692626953,3544000,0.0,0.0
2021-10-13 00:00:00-04:00,202.82000732421875,204.88999938964844,202.10000610351562,203.61000061035156,174.27256774902344,3303300,0.0,0.0
2021-10-14 00:00:00-04:00,204.49000549316406,207.5,204.49000549316406,206.77999877929688,176.9857940673828,3015100,0.0,0.0
2021-10-15 00:00:00-04:00,208.49000549316406,209.02000427246094,206.22999572753906,207.83999633789062,177.89309692382812,3684600,0.0,0.0
2021-10-18 00:00:00-04:00,206.36000061035156,207.0,202.4499969482422,203.1300048828125,173.86170959472656,2812500,0.0,0.0
2021-10-19 00:00:00-04:00,204.49000549316406,206.89999389648438,203.0800018310547,206.77999877929688,176.9857940673828,2480500,0.0,0.0
2021-10-20 00:00:00-04:00,207.39999389648438,211.58999633789062,206.25,209.66000366210938,179.4508819580078,2308600,0.0,0.0
2021-10-21 00:00:00-04:00,210.14999389648438,210.25999450683594,207.6699981689453,208.99000549316406,178.87738037109375,1921100,0.0,0.0
2021-10-22 00:00:00-04:00,209.6999969482422,210.5,208.5,209.24000549316406,179.0913543701172,1349300,0.0,0.0
2021-10-25 00:00:00-04:00,209.5,209.82000732421875,206.97000122070312,207.6300048828125,177.71334838867188,1916500,0.0,0.0
2021-10-26 00:00:00-04:00,208.1999969482422,209.97999572753906,207.6300048828125,208.67999267578125,178.612060546875,1664400,0.0,0.0
2021-10-27 00:00:00-04:00,209.8699951171875,210.39999389648438,205.80999755859375,206.5800018310547,176.81463623046875,2003300,0.0,0.0
2021-10-28 00:00:00-04:00,207.08999633789062,209.49000549316406,205.61000061035156,207.1699981689453,177.31961059570312,2166500,0.0,0.0
2021-10-29 00:00:00-04:00,206.35000610351562,207.6999969482422,204.1999969482422,206.97000122070312,177.14842224121094,2592300,0.0,0.0
2021-11-01 00:00:00-04:00,208.0,212.08999633789062,207.77000427246094,209.7899932861328,179.56210327148438,3105300,0.0,0.0
2021-11-02 00:00:00-04:00,210.50999450683594,214.72000122070312,208.13999938964844,214.25999450683594,183.38803100585938,3329300,0.0,0.0
2021-11-03 00:00:00-04:00,210.91000366210938,219.25,209.8000030517578,218.1300048828125,186.70042419433594,3775600,0.0,0.0
2021-11-04 00:00:00-04:00,218.3000030517578,218.4499969482422,211.72000122070312,214.92999267578125,183.9614715576172,2781300,0.0,0.0
2021-11-05 00:00:00-04:00,215.61000061035156,217.4199981689453,212.72999572753906,213.77000427246094,182.96865844726562,2300100,0.0,0.0
2021-11-08 00:00:00-05:00,214.05999755859375,214.44000244140625,210.92999267578125,211.3699951171875,180.91445922851562,2532900,0.0,0.0
2021-11-09 00:00:00-05:00,211.02000427246094,213.6999969482422,210.47000122070312,211.7100067138672,181.2054901123047,2296300,0.0,0.0
2021-11-10 00:00:00-05:00,213.27999877929688,215.5,212.52999877929688,213.2100067138672,182.48934936523438,2360400,0.0,0.0
2021-11-11 00:00:00-05:00,214.0800018310547,214.0800018310547,210.55999755859375,211.55999755859375,181.07704162597656,2615700,0.0,0.0
2021-11-12 00:00:00-05:00,212.3000030517578,212.8800048828125,210.3800048828125,211.38999938964844,180.9315948486328,4614100,0.0,0.0
2021-11-15 00:00:00-05:00,210.69000244140625,210.88999938964844,207.0800018310547,207.39999389648438,179.00685119628906,3129200,1.76,0.0
2021-11-16 00:00:00-05:00,208.02999877929688,209.0399932861328,205.27000427246094,205.38999938964844,177.27200317382812,2942500,0.0,0.0
2021-11-17 00:00:00-05:00,205.2100067138672,207.35000610351562,203.60000610351562,205.82000732421875,177.64317321777344,3329300,0.0,0.0
2021-11-18 00:00:00-05:00,205.6300048828125,206.22999572753906,203.72999572753906,204.02000427246094,176.08958435058594,4261500,0.0,0.0
2021-11-19 00:00:00-05:00,205.27000427246094,206.1999969482422,203.6699981689453,206.0800018310547,177.86753845214844,3217100,0.0,0.0
2021-11-22 00:00:00-05:00,205.4499969482422,206.3000030517578,200.75,202.72999572753906,174.97618103027344,2835100,0.0,0.0
2021-11-23 00:00:00-05:00,202.22999572753906,205.47999572753906,201.27000427246094,204.52999877929688,176.52975463867188,2149300,0.0,0.0
2021-11-24 00:00:00-05:00,204.3000030517578,205.27999877929688,202.9499969482422,203.97000122070312,176.04641723632812,1699800,0.0,0.0
2021-11-26 00:00:00-05:00,204.74000549316406,206.0,200.52000427246094,201.08999633789062,173.56069946289062,3197900,0.0,0.0
2021-11-29 00:00:00-05:00,202.47999572753906,204.8300018310547,201.58999633789062,203.47000122070312,175.6148681640625,2519900,0.0,0.0
2021-11-30 00:00:00-05:00,202.72999572753906,203.8699951171875,198.72999572753906,198.8800048828125,171.65328979492188,5400100,0.0,0.0
2021-12-01 00:00:00-05:00,200.44000244140625,205.63999938964844,198.63999938964844,200.8000030517578,173.3103790283203,3057700,0.0,0.0
2021-12-02 00:00:00-05:00,200.72999572753906,203.10000610351562,199.30999755859375,201.1699981689453,173.6297149658203,2858200,0.0,0.0
2021-12-03 00:00:00-05:00,201.3800048828125,203.8000030517578,200.83999633789062,202.44000244140625,174.7258758544922,3591900,0.0,0.0
2021-12-06 00:00:00-05:00,206.3800048828125,211.7899932861328,205.97000122070312,208.7899932861328,180.20657348632812,3998600,0.0,0.0
2021-12-07 00:00:00-05:00,209.14999389648438,212.44000244140625,207.36000061035156,211.32000732421875,182.3902587890625,3309500,0.0,0.0
2021-12-08 00:00:00-05:00,212.88999938964844,213.91000366210938,210.42999267578125,213.52999877929688,184.29762268066406,2624400,0.0,0.0
2021-12-09 00:00:00-05:00,213.52999877929688,213.97999572753906,209.5,212.57000732421875,183.46910095214844,2699800,0.0,0.0
2021-12-10 00:00:00-05:00,213.3000030517578,214.4499969482422,210.00999450683594,210.88999938964844,182.01907348632812,2812200,0.0,0.0
2021-12-13 00:00:00-05:00,210.42999267578125,213.19000244140625,209.0,211.38999938964844,182.4506072998047,2721300,0.0,0.0
2021-12-14 00:00:00-05:00,211.32000732421875,214.80999755859375,210.22999572753906,213.74000549316406,184.47889709472656,2602600,0.0,0.0
2021-12-15 00:00:00-05:00,214.0,219.5,213.1199951171875,219.25,189.23460388183594,3924500,0.0,0.0
2021-12-16 00:00:00-05:00,220.0,231.0399932861328,220.0,222.5800018310547,192.10873413085938,6027200,0.0,0.0
2021-12-17 00:00:00-05:00,222.69000244140625,224.16000366210938,219.32000732421875,222.5,192.0396728515625,6424000,0.0,0.0
2021-12-20 00:00:00-05:00,222.25,222.49000549316406,218.69000244140625,219.99000549316406,189.873291015625,2922200,0.0,0.0
2021-12-21 00:00:00-05:00,220.5500030517578,223.25,219.9600067138672,220.9199981689453,190.67596435546875,2987500,0.0,0.0
2021-12-22 00:00:00-05:00,220.0,221.89999389648438,217.75999450683594,221.52999877929688,191.2024688720703,2677700,0.0,0.0
2021-12-23 00:00:00-05:00,222.3699951171875,224.47999572753906,221.5,223.7899932861328,193.15309143066406,1668800,0.0,0.0
2021-12-27 00:00:00-05:00,223.80999755859375,225.4600067138672,222.6699981689453,225.1699981689453,194.34414672851562,1763200,0.0,0.0
2021-12-28 00:00:00-05:00,225.1699981689453,226.97999572753906,225.0500030517578,225.77000427246094,194.86199951171875,1304500,0.0,0.0
2021-12-29 00:00:00-05:00,225.5800018310547,228.2100067138672,224.99000549316406,227.60000610351562,196.44149780273438,1389400,0.0,0.0
2021-12-30 00:00:00-05:00,227.60000610351562,229.5500030517578,226.13999938964844,226.47000122070312,195.46617126464844,1507400,0.0,0.0
2021-12-31 00:00:00-05:00,226.25999450683594,227.74000549316406,224.8000030517578,224.97000122070312,194.1715545654297,1668400,0.0,0.0
2022-01-03 00:00:00-05:00,223.6300048828125,226.97000122070312,222.02999877929688,226.69000244140625,195.6560821533203,2742800,0.0,0.0
2022-01-04 00:00:00-05:00,225.75999450683594,228.8000030517578,224.25,227.83999633789062,196.64862060546875,2491700,0.0,0.0
2022-01-05 00:00:00-05:00,227.0399932861328,229.8699951171875,224.52000427246094,225.13999938964844,194.3182373046875,2806000,0.0,0.0
2022-01-06 00:00:00-05:00,225.13999938964844,226.66000366210938,223.69000244140625,225.1699981689453,194.34414672851562,2198300,0.0,0.0
2022-01-07 00:00:00-05:00,223.5399932861328,228.19000244140625,223.5399932861328,227.2899932861328,196.17388916015625,2343000,0.0,0.0
2022-01-10 00:00:00-05:00,229.25,230.63999938964844,226.0,230.3699951171875,198.83226013183594,3191900,0.0,0.0
2022-01-11 00:00:00-05:00,230.47000122070312,232.50999450683594,228.11000061035156,232.3800048828125,200.56710815429688,2317900,0.0,0.0
2022-01-12 00:00:00-05:00,232.3800048828125,232.61000061035156,228.52000427246094,231.75999450683594,200.03195190429688,1885800,0.0,0.0
2022-01-13 00:00:00-05:00,232.0500030517578,233.22999572753906,230.3300018310547,230.85000610351562,199.24652099609375,2152900,0.0,0.0
2022-01-14 00:00:00-05:00,230.69000244140625,235.8000030517578,229.99000549316406,235.36000061035156,203.1391143798828,3012000,0.0,0.0
2022-01-18 00:00:00-05:00,233.52000427246094,234.77000427246094,231.6999969482422,233.8300018310547,201.81857299804688,3720400,0.0,0.0
2022-01-19 00:00:00-05:00,233.8000030517578,234.3300018310547,230.6999969482422,231.3000030517578,199.6349639892578,2061200,0.0,0.0
2022-01-20 00:00:00-05:00,233.72999572753906,233.72999572753906,228.80999755859375,228.89999389648438,197.56349182128906,2093700,0.0,0.0
2022-01-21 00:00:00-05:00,230.60000610351562,231.4600067138672,227.30999755859375,227.72000122070312,196.54505920410156,3534800,0.0,0.0
2022-01-24 00:00:00-05:00,227.47999572753906,229.13999938964844,219.97999572753906,226.0800018310547,195.1295623779297,4419100,0.0,0.0
2022-01-25 00:00:00-05:00,223.67999267578125,227.5,222.27000427246094,225.0399932861328,194.23194885253906,2769900,0.0,0.0
2022-01-26 00:00:00-05:00,221.6199951171875,226.92999267578125,221.1199951171875,222.5399932861328,192.07420349121094,2861600,0.0,0.0
2022-01-27 00:00:00-05:00,222.39999389648438,228.0399932861328,222.30999755859375,224.0,193.33428955078125,2744000,0.0,0.0
2022-01-28 00:00:00-05:00,224.0500030517578,229.14999389648438,222.25,229.13999938964844,197.7706756591797,2502100,0.0,0.0
2022-01-31 00:00:00-05:00,226.97999572753906,227.94000244140625,225.52000427246094,227.13999938964844,196.04443359375,4504300,0.0,0.0
2022-02-01 00:00:00-05:00,227.13999938964844,229.1999969482422,225.52000427246094,228.67999267578125,197.37359619140625,2498200,0.0,0.0
2022-02-02 00:00:00-05:00,228.13999938964844,229.13999938964844,225.74000549316406,228.92999267578125,197.5894012451172,2397800,0.0,0.0
2022-02-03 00:00:00-05:00,228.66000366210938,229.0,223.75,224.0399932861328,193.36883544921875,3002400,0.0,0.0
2022-02-04 00:00:00-05:00,222.1199951171875,224.75999450683594,220.97000122070312,222.11000061035156,191.7030487060547,3162000,0.0,0.0
2022-02-07 00:00:00-05:00,222.08999633789062,224.75999450683594,220.6300048828125,223.52999877929688,192.92864990234375,3596400,0.0,0.0
2022-02-08 00:00:00-05:00,232.94000244140625,244.7100067138672,232.2100067138672,241.00999450683594,208.01560974121094,8394800,0.0,0.0
2022-02-09 00:00:00-05:00,241.0399932861328,241.0399932861328,235.32000732421875,237.19000244140625,204.71859741210938,5075200,0.0,0.0
2022-02-10 00:00:00-05:00,235.0,236.13999938964844,227.7100067138672,228.82000732421875,197.49447631835938,5035000,0.0,0.0
2022-02-11 00:00:00-05:00,228.52000427246094,231.47000122070312,228.14999389648438,228.1999969482422,196.9593505859375,3557700,0.0,0.0
2022-02-14 00:00:00-05:00,226.61000061035156,226.92999267578125,220.86000061035156,224.27000427246094,195.22705078125,3931500,1.94,0.0
2022-02-15 00:00:00-05:00,225.0,226.16000366210938,221.22000122070312,223.94000244140625,194.9397735595703,2474500,0.0,0.0
2022-02-16 00:00:00-05:00,223.47000122070312,225.10000610351562,221.0399932861328,222.66000366210938,193.8255615234375,2369000,0.0,0.0
2022-02-17 00:00:00-05:00,221.47999572753906,223.2899932861328,219.42999267578125,221.67999267578125,192.97244262695312,2157000,0.0,0.0
2022-02-18 00:00:00-05:00,220.97000122070312,223.97999572753906,219.7899932861328,220.77000427246094,192.18026733398438,2795800,0.0,0.0
2022-02-22 00:00:00-05:00,220.75999450683594,222.89999389648438,219.3000030517578,221.41000366210938,192.73741149902344,2835900,0.0,0.0
2022-02-23 00:00:00-05:00,222.67999267578125,223.75,220.6199951171875,221.0,192.38050842285156,2994800,0.0,0.0
2022-02-24 00:00:00-05:00,218.92999267578125,219.89999389648438,214.38999938964844,219.27000427246094,190.87452697753906,3746700,0.0,0.0
2022-02-25 00:00:00-05:00,222.49000549316406,228.13999938964844,221.9600067138672,227.02999877929688,197.62960815429688,3557100,0.0,0.0
2022-02-28 00:00:00-05:00,224.02999877929688,226.75,222.52999877929688,226.47999572753906,197.1508026123047,4738100,0.0,0.0
2022-03-01 00:00:00-05:00,225.27999877929688,227.7899932861328,223.74000549316406,225.2100067138672,196.04531860351562,4573500,0.0,0.0
2022-03-02 00:00:00-05:00,225.0399932861328,230.39999389648438,224.64999389648438,228.58999633789062,198.98760986328125,3387200,0.0,0.0
2022-03-03 00:00:00-05:00,230.8800048828125,234.27000427246094,230.00999450683594,232.63999938964844,202.51312255859375,3638400,0.0,0.0
2022-03-04 00:00:00-05:00,230.6999969482422,235.74000549316406,230.13999938964844,232.91000366210938,202.74813842773438,3764400,0.0,0.0
2022-03-07 00:00:00-05:00,231.2899932861328,239.66000366210938,231.22999572753906,234.36000061035156,204.01036071777344,3713200,0.0,0.0
2022-03-08 00:00:00-05:00,233.86000061035156,236.8800048828125,230.55999755859375,231.10000610351562,201.1725311279297,2974900,0.0,0.0
2022-03-09 00:00:00-05:00,234.22999572753906,234.52999877929688,230.42999267578125,231.4600067138672,201.4859619140625,2640900,0.0,0.0
2022-03-10 00:00:00-05:00,229.66000366210938,230.4199981689453,226.0800018310547,226.9499969482422,197.55999755859375,3957200,0.0,0.0
2022-03-11 00:00:00-05:00,228.11000061035156,230.02999877929688,226.77000427246094,228.85000610351562,199.21392822265625,2667000,0.0,0.0
2022-03-14 00:00:00-04:00,231.0800018310547,232.4499969482422,228.9199981689453,229.2100067138672,199.52728271484375,2902700,0.0,0.0
2022-03-15 00:00:00-04:00,231.3800048828125,233.05999755859375,228.11000061035156,231.55999755859375,201.572998046875,3178200,0.0,0.0
2022-03-16 00:00:00-04:00,232.52000427246094,232.52000427246094,228.4499969482422,231.6699981689453,201.66871643066406,4220300,0.0,0.0
2022-03-17 00:00:00-04:00,231.72000122070312,236.57000732421875,231.22000122070312,235.86000061035156,205.3161163330078,3262300,0.0,0.0
2022-03-18 00:00:00-04:00,234.91000366210938,236.39999389648438,232.75,236.25,205.65562438964844,7617100,0.0,0.0
2022-03-21 00:00:00-04:00,237.07000732421875,240.32000732421875,234.72999572753906,236.32000732421875,205.71656799316406,2385200,0.0,0.0
2022-03-22 00:00:00-04:00,236.32000732421875,237.52000427246094,234.5399932861328,236.47000122070312,205.84715270996094,2212200,0.0,0.0
2022-03-23 00:00:00-04:00,237.2899932861328,239.3800048828125,234.0399932861328,234.17999267578125,203.85365295410156,2533100,0.0,0.0
2022-03-24 00:00:00-04:00,235.8000030517578,237.85000610351562,234.0,236.8699951171875,206.1953582763672,2349000,0.0,0.0
2022-03-25 00:00:00-04:00,236.8699951171875,239.49000549316406,236.2100067138672,238.7899932861328,207.86666870117188,1424500,0.0,0.0
2022-03-28 00:00:00-04:00,238.82000732421875,240.57000732421875,237.97999572753906,240.47000122070312,209.3291473388672,2045300,0.0,0.0
2022-03-29 00:00:00-04:00,241.66000366210938,242.61000061035156,238.61000061035156,241.5399932861328,210.26052856445312,2230600,0.0,0.0
2022-03-30 00:00:00-04:00,243.57000732421875,244.72999572753906,242.02000427246094,242.57000732421875,211.15719604492188,2593300,0.0,0.0
2022-03-31 00:00:00-04:00,244.17999267578125,245.47999572753906,241.67999267578125,241.82000732421875,210.50433349609375,3102800,0.0,0.0
2022-04-01 00:00:00-04:00,243.02999877929688,243.9499969482422,240.72999572753906,243.1199951171875,211.63597106933594,1883900,0.0,0.0
2022-04-04 00:00:00-04:00,242.83999633789062,246.4499969482422,242.64999389648438,244.8699951171875,213.1593017578125,3518800,0.0,0.0
2022-04-05 00:00:00-04:00,243.74000549316406,248.75,243.74000549316406,244.55999755859375,212.8894805908203,2180800,0.0,0.0
2022-04-06 00:00:00-04:00,244.85000610351562,251.4600067138672,244.85000610351562,249.92999267578125,217.5640411376953,3869000,0.0,0.0
2022-04-07 00:00:00-04:00,249.1999969482422,252.72999572753906,249.02000427246094,251.63999938964844,219.05262756347656,2674400,0.0,0.0
2022-04-08 00:00:00-04:00,251.52999877929688,253.88999938964844,250.5399932861328,252.02000427246094,219.38339233398438,2745800,0.0,0.0
2022-04-11 00:00:00-04:00,253.60000610351562,258.45001220703125,250.14999389648438,250.8699951171875,218.38233947753906,2975200,0.0,0.0
2022-04-12 00:00:00-04:00,250.97000122070312,252.5500030517578,246.77000427246094,250.0399932861328,217.65982055664062,2261100,0.0,0.0
2022-04-13 00:00:00-04:00,251.13999938964844,253.97000122070312,249.77000427246094,253.50999450683594,220.68043518066406,2402800,0.0,0.0
2022-04-14 00:00:00-04:00,254.39999389648438,257.57000732421875,253.64999389648438,254.02000427246094,221.1244354248047,2861800,0.0,0.0
2022-04-18 00:00:00-04:00,252.49000549316406,255.38999938964844,251.14999389648438,251.92999267578125,219.3050537109375,3615500,0.0,0.0
2022-04-19 00:00:00-04:00,252.49000549316406,255.72999572753906,250.35000610351562,253.3699951171875,220.55856323242188,2355100,0.0,0.0
2022-04-20 00:00:00-04:00,254.07000732421875,256.8999938964844,253.5,255.3800048828125,222.30833435058594,1888100,0.0,0.0
2022-04-21 00:00:00-04:00,256.4100036621094,258.3900146484375,254.9499969482422,255.4600067138672,222.3779296875,2117300,0.0,0.0
2022-04-22 00:00:00-04:00,254.10000610351562,255.89999389648438,250.05999755859375,250.35000610351562,217.92965698242188,2617800,0.0,0.0
2022-04-25 00:00:00-04:00,251.00999450683594,252.64999389648438,247.91000366210938,252.1699981689453,219.51394653320312,2271000,0.0,0.0
2022-04-26 00:00:00-04:00,250.3000030517578,253.0,249.72000122070312,249.8699951171875,217.51182556152344,3306000,0.0,0.0
2022-04-27 00:00:00-04:00,249.0399932861328,252.02000427246094,246.44000244140625,248.7899932861328,216.57167053222656,2973500,0.0,0.0
2022-04-28 00:00:00-04:00,235.72999572753906,242.91000366210938,231.14999389648438,238.1300048828125,207.29214477539062,6609500,0.0,0.0
2022-04-29 00:00:00-04:00,236.5,240.47999572753906,232.74000549316406,233.19000244140625,202.99188232421875,4029300,0.0,0.0
2022-05-02 00:00:00-04:00,233.3699951171875,234.0500030517578,227.32000732421875,230.9199981689453,201.015869140625,4154800,0.0,0.0
2022-05-03 00:00:00-04:00,233.75,234.19000244140625,229.60000610351562,232.19000244140625,202.12139892578125,2443800,0.0,0.0
2022-05-04 00:00:00-04:00,232.57000732421875,237.11000061035156,231.39999389648438,236.10000610351562,205.5250244140625,2494900,0.0,0.0
2022-05-05 00:00:00-04:00,235.5,238.83999633789062,232.24000549316406,234.35000610351562,204.00164794921875,3357100,0.0,0.0
2022-05-06 00:00:00-04:00,231.75999450683594,237.4600067138672,231.75,236.5,205.87322998046875,4682100,0.0,0.0
2022-05-09 00:00:00-04:00,236.5800018310547,242.77999877929688,234.5399932861328,239.24000549316406,208.25840759277344,4376300,0.0,0.0
2022-05-10 00:00:00-04:00,242.2100067138672,244.41000366210938,240.47000122070312,240.7100067138672,209.5380401611328,4234800,0.0,0.0
2022-05-11 00:00:00-04:00,240.36000061035156,243.3800048828125,239.2100067138672,240.63999938964844,209.4771270751953,3411700,0.0,0.0
2022-05-12 00:00:00-04:00,240.05999755859375,244.83999633789062,239.0500030517578,244.72000122070312,213.02874755859375,3733300,0.0,0.0
2022-05-13 00:00:00-04:00,244.63999938964844,245.0,241.2899932861328,243.39999389648438,211.87973022460938,2631900,0.0,0.0
2022-05-16 00:00:00-04:00,241.24000549316406,245.11000061035156,241.16000366210938,243.8699951171875,213.9944610595703,2414500,1.94,0.0
2022-05-17 00:00:00-04:00,245.13999938964844,246.22000122070312,239.25999450683594,245.35000610351562,215.2931671142578,2344100,0.0,0.0
2022-05-18 00:00:00-04:00,246.49000549316406,247.2899932861328,243.0,243.9600067138672,214.07342529296875,3376800,0.0,0.0
2022-05-19 00:00:00-04:00,242.35000610351562,245.86000061035156,241.86000061035156,244.77000427246094,214.78421020507812,2414200,0.0,0.0
2022-05-20 00:00:00-04:00,244.05999755859375,247.66000366210938,242.9600067138672,247.5,217.1797637939453,3860500,0.0,0.0
2022-05-23 00:00:00-04:00,249.67999267578125,251.0500030517578,247.8800048828125,249.0399932861328,218.5310821533203,2272600,0.0,0.0
2022-05-24 00:00:00-04:00,248.6699981689453,252.39999389648438,248.3300018310547,251.88999938964844,221.0319366455078,2667300,0.0,0.0
2022-05-25 00:00:00-04:00,253.0,254.80999755859375,250.02999877929688,253.00999450683594,222.01475524902344,3538400,0.0,0.0
2022-05-26 00:00:00-04:00,253.38999938964844,255.61000061035156,252.0800018310547,253.0500030517578,222.04983520507812,2222300,0.0,0.0
2022-05-27 00:00:00-04:00,253.5,256.2300109863281,250.9199981689453,255.25999450683594,223.98907470703125,2678900,0.0,0.0
2022-05-31 00:00:00-04:00,255.0,257.260009765625,251.00999450683594,256.739990234375,225.2877960205078,6737500,0.0,0.0
2022-06-01 00:00:00-04:00,257.8800048828125,257.9700012207031,251.35000610351562,253.4199981689453,222.37454223632812,2664600,0.0,0.0
2022-06-02 00:00:00-04:00,252.6199951171875,252.72999572753906,243.85000610351562,248.27999877929688,217.86422729492188,3916200,0.0,0.0
2022-06-03 00:00:00-04:00,248.3000030517578,250.69000244140625,247.72000122070312,248.4499969482422,218.01339721679688,2086500,0.0,0.0
2022-06-06 00:00:00-04:00,248.3300018310547,248.8300018310547,243.61000061035156,245.44000244140625,215.37213134765625,2413700,0.0,0.0
2022-06-07 00:00:00-04:00,244.64999389648438,246.8000030517578,243.3699951171875,246.41000366210938,216.2232666015625,2693800,0.0,0.0
2022-06-08 00:00:00-04:00,246.66000366210938,246.8800048828125,243.5800018310547,245.47999572753906,215.40721130371094,2353900,0.0,0.0
2022-06-09 00:00:00-04:00,244.72000122070312,246.72000122070312,241.44000244140625,241.75,212.13418579101562,2695200,0.0,0.0
2022-06-10 00:00:00-04:00,240.02000427246094,242.0800018310547,237.39999389648438,240.00999450683594,210.6072998046875,2910900,0.0,0.0
2022-06-13 00:00:00-04:00,237.94000244140625,239.0500030517578,235.99000549316406,236.77000427246094,207.7642364501953,4462300,0.0,0.0
2022-06-14 00:00:00-04:00,236.97000122070312,238.6999969482422,233.44000244140625,235.6999969482422,206.8253173828125,3020800,0.0,0.0
2022-06-15 00:00:00-04:00,236.52999877929688,237.25999450683594,231.97999572753906,235.5800018310547,206.7200469970703,3076700,0.0,0.0
2022-06-16 00:00:00-04:00,233.60000610351562,234.5399932861328,229.58999633789062,230.7100067138672,202.44664001464844,4102700,0.0,0.0
2022-06-17 00:00:00-04:00,230.1300048828125,238.25,229.49000549316406,234.72000122070312,205.96536254882812,13114500,0.0,0.0
2022-06-21 00:00:00-04:00,236.83999633789062,238.86000061035156,233.92999267578125,238.41000366210938,209.203369140625,3882200,0.0,0.0
2022-06-22 00:00:00-04:00,237.1699981689453,242.33999633789062,236.89999389648438,240.13999938964844,210.7213897705078,4172900,0.0,0.0
2022-06-23 00:00:00-04:00,241.72000122070312,244.02000427246094,240.91000366210938,243.08999633789062,213.3099822998047,3229600,0.0,0.0
2022-06-24 00:00:00-04:00,244.0,246.0,242.8800048828125,245.3699951171875,215.31068420410156,4527700,0.0,0.0
2022-06-27 00:00:00-04:00,245.1699981689453,246.2899932861328,244.02999877929688,244.85000610351562,214.85440063476562,2767500,0.0,0.0
2022-06-28 00:00:00-04:00,245.92999267578125,247.5800018310547,243.38999938964844,243.50999450683594,213.67855834960938,2430100,0.0,0.0
2022-06-29 00:00:00-04:00,246.25999450683594,247.10000610351562,243.72000122070312,245.42999267578125,215.3633270263672,2610400,0.0,0.0
2022-06-30 00:00:00-04:00,244.1699981689453,245.0,240.72999572753906,243.3000030517578,213.49429321289062,3033800,0.0,0.0
2022-07-01 00:00:00-04:00,243.25,246.0,240.72000122070312,245.5500030517578,215.46865844726562,2745500,0.0,0.0
2022-07-05 00:00:00-04:00,245.19000244140625,246.74000549316406,242.32000732421875,246.72999572753906,216.50405883789062,2483600,0.0,0.0
2022-07-06 00:00:00-04:00,246.6199951171875,248.0800018310547,244.5399932861328,245.25,215.2053680419922,4320500,0.0,0.0
2022-07-07 00:00:00-04:00,244.5,248.02999877929688,244.2899932861328,247.4199981689453,217.10958862304688,3068200,0.0,0.0
2022-07-08 00:00:00-04:00,248.14999389648438,250.24000549316406,247.1999969482422,248.47999572753906,218.03970336914062,2215400,0.0,0.0
2022-07-11 00:00:00-04:00,249.27999877929688,250.11000061035156,246.99000549316406,247.77999877929688,217.4254608154297,1805000,0.0,0.0
2022-07-12 00:00:00-04:00,247.77999877929688,250.08999633789062,245.67999267578125,246.97000122070312,216.7146759033203,2699300,0.0,0.0
2022-07-13 00:00:00-04:00,246.3699951171875,248.75,245.16000366210938,247.08999633789062,216.8199920654297,2498000,0.0,0.0
2022-07-14 00:00:00-04:00,245.02000427246094,246.82000732421875,242.9499969482422,245.58999633789062,215.5037384033203,2886400,0.0,0.0
2022-07-15 00:00:00-04:00,247.38999938964844,249.1300048828125,245.44000244140625,248.69000244140625,218.2239990234375,2805500,0.0,0.0
2022-07-18 00:00:00-04:00,248.5500030517578,249.4499969482422,242.9199981689453,243.83999633789062,213.9681396484375,2231400,0.0,0.0
2022-07-19 00:00:00-04:00,246.9600067138672,247.77999877929688,245.0399932861328,247.32000732421875,217.0218505859375,3375000,0.0,0.0
2022-07-20 00:00:00-04:00,246.6999969482422,248.4600067138672,244.64999389648438,246.6300048828125,216.4163360595703,2664600,0.0,0.0
2022-07-21 00:00:00-04:00,245.74000549316406,246.8000030517578,243.61000061035156,245.77999877929688,215.6704864501953,2009500,0.0,0.0
2022-07-22 00:00:00-04:00,246.8000030517578,249.1300048828125,245.22000122070312,245.9499969482422,215.8196258544922,1843600,0.0,0.0
2022-07-25 00:00:00-04:00,246.86000061035156,249.08999633789062,246.55999755859375,248.72000122070312,218.25027465820312,1771100,0.0,0.0
2022-07-26 00:00:00-04:00,249.6300048828125,253.77000427246094,248.75,251.13999938964844,220.3738250732422,2528600,0.0,0.0
2022-07-27 00:00:00-04:00,249.16000366210938,252.75,248.08999633789062,251.72000122070312,220.8827667236328,2180900,0.0,0.0
2022-07-28 00:00:00-04:00,251.72000122070312,251.72000122070312,245.72999572753906,249.75,219.1540985107422,2214400,0.0,0.0
2022-07-29 00:00:00-04:00,248.4600067138672,249.57000732421875,245.74000549316406,247.47000122070312,217.15341186523438,3289700,0.0,0.0
2022-08-01 00:00:00-04:00,247.33999633789062,248.16000366210938,244.64999389648438,245.63999938964844,215.54759216308594,1960500,0.0,0.0
2022-08-02 00:00:00-04:00,246.69000244140625,247.85000610351562,243.77999877929688,243.91000366210938,214.02955627441406,2295100,0.0,0.0
2022-08-03 00:00:00-04:00,245.94000244140625,249.3300018310547,245.17999267578125,247.13999938964844,216.86386108398438,2061400,0.0,0.0
2022-08-04 00:00:00-04:00,247.0,249.0,246.1999969482422,246.97999572753906,216.72344970703125,2650600,0.0,0.0
2022-08-05 00:00:00-04:00,246.4600067138672,247.0800018310547,241.7899932861328,246.25,216.08285522460938,2723900,0.0,0.0
2022-08-08 00:00:00-04:00,245.0,247.74000549316406,244.30999755859375,247.2899932861328,216.99546813964844,2784400,0.0,0.0
2022-08-09 00:00:00-04:00,247.2100067138672,249.72000122070312,247.2100067138672,248.36000061035156,217.9343719482422,2061600,0.0,0.0
2022-08-10 00:00:00-04:00,249.80999755859375,252.4600067138672,248.52999877929688,252.08999633789062,221.20742797851562,2628600,0.0,0.0
2022-08-11 00:00:00-04:00,252.0399932861328,253.36000061035156,247.99000549316406,248.35000610351562,217.92564392089844,2686900,0.0,0.0
2022-08-12 00:00:00-04:00,248.52000427246094,249.85000610351562,246.3000030517578,248.38999938964844,217.96072387695312,3461100,0.0,0.0
2022-08-15 00:00:00-04:00,249.07000732421875,251.52999877929688,247.8800048828125,251.0800018310547,220.32118225097656,2659100,0.0,0.0
2022-08-16 00:00:00-04:00,251.86000061035156,254.16000366210938,251.66000366210938,253.14999389648438,222.13758850097656,2206100,0.0,0.0
2022-08-17 00:00:00-04:00,251.19000244140625,252.64999389648438,249.75,250.5800018310547,221.58047485351562,1882200,1.94,0.0
2022-08-18 00:00:00-04:00,250.92999267578125,251.0399932861328,247.9499969482422,249.6999969482422,220.8023223876953,1888800,0.0,0.0
2022-08-19 00:00:00-04:00,247.6300048828125,252.00999450683594,247.6300048828125,250.86000061035156,221.82809448242188,2207500,0.0,0.0
2022-08-22 00:00:00-04:00,249.97999572753906,251.22999572753906,246.5399932861328,246.89999389648438,218.3263702392578,3078300,0.0,0.0
2022-08-23 00:00:00-04:00,246.69000244140625,246.69000244140625,242.85000610351562,244.47000122070312,216.17762756347656,2659700,0.0,0.0
2022-08-24 00:00:00-04:00,243.57000732421875,244.97999572753906,242.61000061035156,244.49000549316406,216.19528198242188,2329200,0.0,0.0
2022-08-25 00:00:00-04:00,246.00999450683594,246.05999755859375,243.80999755859375,245.67999267578125,217.24761962890625,1725400,0.0,0.0
2022-08-26 00:00:00-04:00,244.0500030517578,246.36000061035156,240.4499969482422,240.64999389648438,212.79969787597656,2969400,0.0,0.0
2022-08-29 00:00:00-04:00,238.83999633789062,241.02999877929688,238.00999450683594,239.3800048828125,211.67669677734375,2113000,0.0,0.0
2022-08-30 00:00:00-04:00,239.8800048828125,240.30999755859375,238.2899932861328,239.1199951171875,211.44676208496094,3673000,0.0,0.0
2022-08-31 00:00:00-04:00,241.58999633789062,243.88999938964844,239.85000610351562,240.3000030517578,212.4901885986328,4303900,0.0,0.0
2022-09-01 00:00:00-04:00,241.1199951171875,245.74000549316406,240.74000549316406,245.5,217.0884246826172,2488200,0.0,0.0
2022-09-02 00:00:00-04:00,246.47999572753906,247.77999877929688,241.33999633789062,242.3699951171875,214.32066345214844,2325100,0.0,0.0
2022-09-06 00:00:00-04:00,243.74000549316406,244.58999633789062,241.5399932861328,242.22000122070312,214.18801879882812,2102600,0.0,0.0
2022-09-07 00:00:00-04:00,242.8000030517578,245.32000732421875,242.27000427246094,244.7899932861328,216.46055603027344,2127300,0.0,0.0
2022-09-08 00:00:00-04:00,244.8000030517578,246.0,242.91000366210938,245.4499969482422,217.04421997070312,2895800,0.0,0.0
2022-09-09 00:00:00-04:00,245.4499969482422,249.22999572753906,245.02999877929688,247.69000244140625,219.02496337890625,2318000,0.0,0.0
2022-09-12 00:00:00-04:00,238.0,241.6999969482422,235.11000061035156,237.6199951171875,210.12037658691406,6294600,0.0,0.0
2022-09-13 00:00:00-04:00,237.02999877929688,237.13999938964844,226.6199951171875,226.86000061035156,200.6055908203125,4447200,0.0,0.0
2022-09-14 00:00:00-04:00,227.52999877929688,228.77999877929688,226.1300048828125,228.1199951171875,201.71978759765625,2715600,0.0,0.0
2022-09-15 00:00:00-04:00,228.10000610351562,229.00999450683594,225.86000061035156,227.66000366210938,201.3130340576172,2206100,0.0,0.0
2022-09-16 00:00:00-04:00,226.88999938964844,232.22000122070312,226.61000061035156,231.13999938964844,204.39027404785156,4604100,0.0,0.0
2022-09-19 00:00:00-04:00,230.63999938964844,230.86000061035156,227.10000610351562,230.75999450683594,204.05426025390625,1981400,0.0,0.0
2022-09-20 00:00:00-04:00,228.5,229.99000549316406,226.52999877929688,227.7100067138672,201.35723876953125,1745900,0.0,0.0
2022-09-21 00:00:00-04:00,229.1300048828125,230.6199951171875,224.36000061035156,224.4600067138672,198.48333740234375,2186300,0.0,0.0
2022-09-22 00:00:00-04:00,223.5500030517578,229.3699951171875,223.3000030517578,227.75,201.39259338378906,2081200,0.0,0.0
2022-09-23 00:00:00-04:00,227.99000549316406,228.61000061035156,224.55999755859375,226.97000122070312,200.70286560058594,2148600,0.0,0.0
2022-09-26 00:00:00-04:00,226.77000427246094,228.63999938964844,225.3800048828125,226.8699951171875,200.61444091796875,2454000,0.0,0.0
2022-09-27 00:00:00-04:00,226.97000122070312,229.9600067138672,225.02000427246094,225.99000549316406,199.8362579345703,2009800,0.0,0.0
2022-09-28 00:00:00-04:00,229.9600067138672,231.8699951171875,227.74000549316406,230.97999572753906,204.24880981445312,2782400,0.0,0.0
2022-09-29 00:00:00-04:00,231.5500030517578,231.5500030517578,226.97000122070312,228.41000366210938,201.9762420654297,2335700,0.0,0.0
2022-09-30 00:00:00-04:00,228.4199981689453,230.0,225.1699981689453,225.39999389648438,199.3145751953125,2543400,0.0,0.0
2022-10-03 00:00:00-04:00,228.27000427246094,230.9499969482422,226.4199981689453,230.44000244140625,203.77130126953125,2521700,0.0,0.0
2022-10-04 00:00:00-04:00,230.97999572753906,234.08999633789062,229.8000030517578,233.02000427246094,206.052734375,2331000,0.0,0.0
2022-10-05 00:00:00-04:00,232.6300048828125,235.4199981689453,230.9600067138672,233.82000732421875,206.7601318359375,2060400,0.0,0.0
2022-10-06 00:00:00-04:00,232.52000427246094,233.13999938964844,230.22999572753906,230.94000244140625,204.2134246826172,1523800,0.0,0.0
2022-10-07 00:00:00-04:00,230.0,231.52000427246094,228.57000732421875,229.02999877929688,202.5244598388672,2060000,0.0,0.0
2022-10-10 00:00:00-04:00,231.0800018310547,234.13999938964844,229.88999938964844,232.14999389648438,205.2834014892578,1630100,0.0,0.0
2022-10-11 00:00:00-04:00,239.49000549316406,250.47999572753906,237.83999633789062,245.44000244140625,217.0353546142578,6256000,0.0,0.0
2022-10-12 00:00:00-04:00,244.36000061035156,248.72999572753906,243.41000366210938,246.44000244140625,217.9196319580078,2639800,0.0,0.0
2022-10-13 00:00:00-04:00,244.77000427246094,252.3699951171875,242.83999633789062,251.66000366210938,222.5355224609375,3288900,0.0,0.0
2022-10-14 00:00:00-04:00,252.0,253.11000061035156,250.22999572753906,251.33999633789062,222.25254821777344,2864400,0.0,0.0
2022-10-17 00:00:00-04:00,251.4199981689453,253.4199981689453,249.49000549316406,252.92999267578125,223.65853881835938,2577100,0.0,0.0
2022-10-18 00:00:00-04:00,253.86000061035156,254.6999969482422,251.02999877929688,252.1199951171875,222.94227600097656,2060000,0.0,0.0
2022-10-19 00:00:00-04:00,251.30999755859375,252.35000610351562,246.94000244140625,248.19000244140625,219.4671173095703,1883000,0.0,0.0
2022-10-20 00:00:00-04:00,247.5500030517578,249.05999755859375,246.00999450683594,247.4499969482422,218.812744140625,2058000,0.0,0.0
2022-10-21 00:00:00-04:00,247.52000427246094,252.38999938964844,247.00999450683594,251.94000244140625,222.78309631347656,3531200,0.0,0.0
2022-10-24 00:00:00-04:00,254.9499969482422,261.5899963378906,254.89999389648438,261.32000732421875,231.07762145996094,2883200,0.0,0.0
2022-10-25 00:00:00-04:00,260.489990234375,261.7900085449219,257.19000244140625,259.989990234375,229.9014892578125,2548900,0.0,0.0
2022-10-26 00:00:00-04:00,262.989990234375,267.9800109863281,261.510009765625,266.6600036621094,235.79957580566406,3008900,0.0,0.0
2022-10-27 00:00:00-04:00,268.0,269.30999755859375,265.8800048828125,267.2300109863281,236.3036346435547,2260900,0.0,0.0
2022-10-28 00:00:00-04:00,269.67999267578125,274.5400085449219,269.1199951171875,273.80999755859375,242.1221160888672,2924100,0.0,0.0
2022-10-31 00:00:00-04:00,269.20001220703125,271.80999755859375,268.0,270.3500061035156,239.06251525878906,3033600,0.0,0.0
2022-11-01 00:00:00-04:00,269.6000061035156,272.8699951171875,268.3800048828125,272.05999755859375,240.57461547851562,2062600,0.0,0.0
2022-11-02 00:00:00-04:00,271.6400146484375,274.8800048828125,268.95001220703125,269.010009765625,237.87757873535156,2637300,0.0,0.0
2022-11-03 00:00:00-04:00,268.5299987792969,268.6000061035156,265.0199890136719,265.8800048828125,235.10984802246094,2779500,0.0,0.0
2022-11-04 00:00:00-04:00,261.94000244140625,269.29998779296875,259.8399963378906,269.0400085449219,237.9041290283203,3402000,0.0,0.0
2022-11-07 00:00:00-05:00,268.1499938964844,277.4800109863281,267.75,277.0199890136719,244.96063232421875,2926700,0.0,0.0
2022-11-08 00:00:00-05:00,282.57000732421875,296.6700134277344,282.2200012207031,292.3900146484375,258.5517883300781,6911300,0.0,0.0
2022-11-09 00:00:00-05:00,290.0,296.2200012207031,289.260009765625,289.6499938964844,256.12890625,3469100,0.0,0.0
2022-11-10 00:00:00-05:00,294.0799865722656,294.4800109863281,285.3500061035156,291.010009765625,257.33154296875,4083200,0.0,0.0
2022-11-11 00:00:00-05:00,288.54998779296875,289.3599853515625,279.6199951171875,285.0199890136719,252.0347442626953,3255100,0.0,0.0
2022-11-14 00:00:00-05:00,284.70001220703125,290.8999938964844,284.70001220703125,285.29998779296875,252.28237915039062,2812800,0.0,0.0
2022-11-15 00:00:00-05:00,286.0199890136719,289.42999267578125,280.2200012207031,283.6000061035156,250.77914428710938,2763200,0.0,0.0
2022-11-16 00:00:00-05:00,284.0199890136719,286.989990234375,282.55999755859375,283.7699890136719,252.65780639648438,2443500,1.94,0.0
2022-11-17 00:00:00-05:00,282.9200134277344,288.79998779296875,282.6600036621094,287.29998779296875,255.80072021484375,2172000,0.0,0.0
2022-11-18 00:00:00-05:00,284.42999267578125,288.739990234375,284.42999267578125,287.2900085449219,255.79183959960938,2371700,0.0,0.0
2022-11-21 00:00:00-05:00,289.0899963378906,291.6000061035156,287.8999938964844,288.1600036621094,256.56640625,2795100,0.0,0.0
2022-11-22 00:00:00-05:00,288.010009765625,289.3999938964844,283.5199890136719,287.04998779296875,255.57815551757812,3636000,0.0,0.0
2022-11-23 00:00:00-05:00,287.44000244140625,289.5400085449219,281.6000061035156,283.3999938964844,252.328369140625,2875600,0.0,0.0
2022-11-25 00:00:00-05:00,281.95001220703125,285.57000732421875,281.4100036621094,283.739990234375,252.63104248046875,1220700,0.0,0.0
2022-11-28 00:00:00-05:00,285.0,288.2799987792969,282.19000244140625,282.6199951171875,251.6338348388672,2375900,0.0,0.0
2022-11-29 00:00:00-05:00,283.3800048828125,283.3800048828125,279.67999267578125,281.989990234375,251.07293701171875,2135300,0.0,0.0
2022-11-30 00:00:00-05:00,282.55999755859375,287.9599914550781,278.92999267578125,286.3999938964844,254.99942016601562,5776200,0.0,0.0
2022-12-01 00:00:00-05:00,288.0,288.0899963378906,279.8800048828125,285.94000244140625,254.58984375,2914600,0.0,0.0
2022-12-02 00:00:00-05:00,284.05999755859375,286.1199951171875,283.19000244140625,285.510009765625,254.20704650878906,2267000,0.0,0.0
2022-12-05 00:00:00-05:00,283.7900085449219,286.7799987792969,283.0,284.9100036621094,253.6728057861328,3274700,0.0,0.0
2022-12-06 00:00:00-05:00,285.8399963378906,287.44000244140625,281.69000244140625,283.2900085449219,252.23040771484375,2608800,0.0,0.0
2022-12-07 00:00:00-05:00,283.4100036621094,285.92999267578125,281.80999755859375,285.760009765625,254.4296112060547,2492600,0.0,0.0
2022-12-08 00:00:00-05:00,286.510009765625,286.5899963378906,283.739990234375,285.57000732421875,254.26043701171875,1769800,0.0,0.0
2022-12-09 00:00:00-05:00,284.19000244140625,285.1700134277344,278.3399963378906,278.6499938964844,248.0991668701172,2205700,0.0,0.0
2022-12-12 00:00:00-05:00,272.82000732421875,279.4800109863281,272.6300048828125,276.7799987792969,246.4341583251953,3427400,0.0,0.0
2022-12-13 00:00:00-05:00,282.0199890136719,282.6700134277344,271.6199951171875,272.260009765625,242.4097137451172,3871300,0.0,0.0
2022-12-14 00:00:00-05:00,271.9700012207031,273.3699951171875,267.2900085449219,271.1300048828125,241.40362548828125,3795000,0.0,0.0
2022-12-15 00:00:00-05:00,270.44000244140625,271.1199951171875,263.45001220703125,266.1400146484375,236.9607391357422,3200400,0.0,0.0
2022-12-16 00:00:00-05:00,264.95001220703125,267.9800109863281,264.30999755859375,267.4100036621094,238.0914764404297,8789000,0.0,0.0
2022-12-19 00:00:00-05:00,266.82000732421875,268.9100036621094,263.80999755859375,265.70001220703125,236.56893920898438,2679800,0.0,0.0
2022-12-20 00:00:00-05:00,266.69000244140625,267.67999267578125,262.82000732421875,264.75,235.72311401367188,1609100,0.0,0.0
2022-12-21 00:00:00-05:00,264.8800048828125,267.3999938964844,264.25,266.260009765625,237.0675811767578,2057000,0.0,0.0
2022-12-22 00:00:00-05:00,265.79998779296875,266.1700134277344,263.19000244140625,265.260009765625,236.17721557617188,1979100,0.0,0.0
2022-12-23 00:00:00-05:00,264.8800048828125,265.2900085449219,262.8999938964844,263.9200134277344,234.98416137695312,1465500,0.0,0.0
2022-12-27 00:00:00-05:00,265.69000244140625,266.6099853515625,262.8800048828125,263.3900146484375,234.51220703125,1604700,0.0,0.0
2022-12-28 00:00:00-05:00,264.4200134277344,265.6199951171875,261.1400146484375,261.4200134277344,232.7582244873047,1349500,0.0,0.0
2022-12-29 00:00:00-05:00,262.4700012207031,264.8800048828125,262.1400146484375,263.1600036621094,234.30743408203125,1446400,0.0,0.0
2022-12-30 00:00:00-05:00,262.7300109863281,263.2300109863281,259.510009765625,262.6400146484375,233.84445190429688,1622000,0.0,0.0
2023-01-03 00:00:00-05:00,260.8699951171875,262.6000061035156,258.8699951171875,261.6499938964844,232.96299743652344,2594800,0.0,0.0
2023-01-04 00:00:00-05:00,263.010009765625,265.010009765625,261.0,264.3900146484375,235.402587890625,1773800,0.0,0.0
2023-01-05 00:00:00-05:00,264.07000732421875,268.0,262.5199890136719,266.8599853515625,237.60174560546875,2056000,0.0,0.0
2023-01-06 00:00:00-05:00,270.0400085449219,276.82000732421875,269.0299987792969,275.20001220703125,245.02735900878906,2887800,0.0,0.0
2023-01-09 00:00:00-05:00,275.5799865722656,275.5799865722656,268.6600036621094,270.1199951171875,240.50437927246094,2160700,0.0,0.0
2023-01-10 00:00:00-05:00,271.95001220703125,274.6099853515625,270.1099853515625,273.8800048828125,243.8520965576172,1783400,0.0,0.0
2023-01-11 00:00:00-05:00,275.9700012207031,276.8399963378906,270.17999267578125,272.9100036621094,242.98846435546875,2044400,0.0,0.0
2023-01-12 00:00:00-05:00,271.9200134277344,272.6499938964844,268.8900146484375,270.9200134277344,241.21661376953125,1454100,0.0,0.0
2023-01-13 00:00:00-05:00,270.94000244140625,272.2300109863281,270.20001220703125,271.7300109863281,241.9378662109375,1696800,0.0,0.0
2023-01-17 00:00:00-05:00,272.20001220703125,273.8299865722656,268.8299865722656,269.4200134277344,239.88107299804688,2472800,0.0,0.0
2023-01-18 00:00:00-05:00,269.4200134277344,270.5199890136719,263.6499938964844,264.3900146484375,235.402587890625,2218100,0.0,0.0
2023-01-19 00:00:00-05:00,262.0,263.5199890136719,260.92999267578125,262.0299987792969,233.30136108398438,2090500,0.0,0.0
2023-01-20 00:00:00-05:00,262.0299987792969,263.8399963378906,259.8699951171875,263.239990234375,234.37867736816406,2574100,0.0,0.0
2023-01-23 00:00:00-05:00,264.0,264.7300109863281,259.80999755859375,260.9700012207031,232.35752868652344,2025000,0.0,0.0
2023-01-24 00:00:00-05:00,261.8500061035156,262.0,257.5199890136719,259.70001220703125,231.226806640625,1596900,0.0,0.0
2023-01-25 00:00:00-05:00,260.0899963378906,261.54998779296875,256.0199890136719,256.5400085449219,228.41323852539062,1910600,0.0,0.0
2023-01-26 00:00:00-05:00,256.5400085449219,256.69000244140625,253.00999450683594,254.8800048828125,226.93527221679688,2522100,0.0,0.0
2023-01-27 00:00:00-05:00,254.8699951171875,255.5,252.5399932861328,253.64999389648438,225.84010314941406,2109900,0.0,0.0
2023-01-30 00:00:00-05:00,253.4600067138672,254.16000366210938,250.60000610351562,251.58999633789062,224.0059356689453,2042800,0.0,0.0
2023-01-31 00:00:00-05:00,253.86000061035156,253.86000061035156,249.88999938964844,252.39999389648438,224.72715759277344,3418300,0.0,0.0
2023-02-01 00:00:00-05:00,249.16000366210938,249.5500030517578,240.0,246.41000366210938,219.39389038085938,5344700,0.0,0.0
2023-02-02 00:00:00-05:00,243.77999877929688,246.57000732421875,236.3699951171875,246.52999877929688,219.50071716308594,5489100,0.0,0.0
2023-02-03 00:00:00-05:00,249.9600067138672,249.9600067138672,242.2100067138672,245.1699981689453,218.28985595703125,3073000,0.0,0.0
2023-02-06 00:00:00-05:00,245.36000061035156,246.8000030517578,243.4499969482422,243.85000610351562,217.11459350585938,2196900,0.0,0.0
2023-02-07 00:00:00-05:00,243.02000427246094,244.94000244140625,241.4199981689453,244.0,217.2481231689453,2408000,0.0,0.0
2023-02-08 00:00:00-05:00,242.99000549316406,243.55999755859375,239.60000610351562,240.1999969482422,213.86474609375,2761200,0.0,0.0
2023-02-09 00:00:00-05:00,241.1199951171875,243.4600067138672,238.99000549316406,240.0,213.68666076660156,3056200,0.0,0.0
2023-02-10 00:00:00-05:00,241.9199981689453,244.13999938964844,240.41000366210938,242.5,215.91259765625,2687200,0.0,0.0
2023-02-13 00:00:00-05:00,243.1999969482422,243.8300018310547,241.3000030517578,243.66000366210938,216.94540405273438,2321900,0.0,0.0
2023-02-14 00:00:00-05:00,242.6999969482422,243.0,239.11000061035156,241.02999877929688,216.49630737304688,2015900,2.13,0.0
2023-02-15 00:00:00-05:00,240.2100067138672,240.5399932861328,238.72999572753906,240.07000732421875,215.63400268554688,1783300,0.0,0.0
2023-02-16 00:00:00-05:00,238.4600067138672,239.00999450683594,234.0399932861328,234.22000122070312,210.37945556640625,3291800,0.0,0.0
2023-02-17 00:00:00-05:00,235.33999633789062,241.72000122070312,233.7100067138672,240.52999877929688,216.04722595214844,2978100,0.0,0.0
2023-02-21 00:00:00-05:00,240.7899932861328,241.9199981689453,238.1999969482422,238.24000549316406,213.99024963378906,2524100,0.0,0.0
2023-02-22 00:00:00-05:00,240.3000030517578,240.99000549316406,235.75,236.16000366210938,212.12200927734375,2187600,0.0,0.0
2023-02-23 00:00:00-05:00,236.6999969482422,237.86000061035156,234.75,237.6199951171875,213.43338012695312,2211600,0.0,0.0
2023-02-24 00:00:00-05:00,236.8300018310547,237.05999755859375,233.1199951171875,233.66000366210938,209.87644958496094,1853900,0.0,0.0
2023-02-27 00:00:00-05:00,235.22000122070312,235.22000122070312,232.88999938964844,234.4499969482422,210.58604431152344,1723000,0.0,0.0
2023-02-28 00:00:00-05:00,233.6300048828125,234.47000122070312,231.60000610351562,231.66000366210938,208.08004760742188,2615700,0.0,0.0
2023-03-01 00:00:00-05:00,230.3699951171875,236.44000244140625,230.13999938964844,236.19000244140625,212.14894104003906,2441300,0.0,0.0
2023-03-02 00:00:00-05:00,236.1199951171875,236.3699951171875,233.89999389648438,234.74000549316406,210.84654235839844,1777100,0.0,0.0
2023-03-03 00:00:00-05:00,235.0,235.88999938964844,233.60000610351562,234.80999755859375,210.9093780517578,2214500,0.0,0.0
2023-03-06 00:00:00-05:00,235.0,235.6300048828125,233.63999938964844,235.11000061035156,211.17886352539062,2591000,0.0,0.0
2023-03-07 00:00:00-05:00,235.11000061035156,235.1999969482422,228.35000610351562,228.72000122070312,205.4392852783203,2362200,0.0,0.0
2023-03-08 00:00:00-05:00,230.16000366210938,231.8000030517578,227.3699951171875,228.42999267578125,205.17881774902344,1842200,0.0,0.0
2023-03-09 00:00:00-05:00,229.49000549316406,229.8300018310547,225.39999389648438,225.7899932861328,202.80751037597656,1736900,0.0,0.0
2023-03-10 00:00:00-05:00,226.77000427246094,230.27999877929688,225.6300048828125,227.8699951171875,204.67576599121094,2661800,0.0,0.0
2023-03-13 00:00:00-04:00,231.17999267578125,237.27000427246094,230.5,233.17999267578125,209.4453125,3146000,0.0,0.0
2023-03-14 00:00:00-04:00,233.4600067138672,233.4600067138672,229.41000366210938,230.5800018310547,207.10997009277344,3227100,0.0,0.0
2023-03-15 00:00:00-04:00,230.39999389648438,235.57000732421875,228.5500030517578,234.89999389648438,210.99020385742188,3092300,0.0,0.0
2023-03-16 00:00:00-04:00,233.74000549316406,234.66000366210938,230.05999755859375,234.57000732421875,210.69386291503906,2326000,0.0,0.0
2023-03-17 00:00:00-04:00,233.57000732421875,233.80999755859375,228.52000427246094,229.7899932861328,206.40037536621094,7817000,0.0,0.0
2023-03-20 00:00:00-04:00,230.5800018310547,235.16000366210938,230.13999938964844,234.72000122070312,210.82858276367188,2020800,0.0,0.0
2023-03-21 00:00:00-04:00,234.72000122070312,235.27999877929688,231.0399932861328,232.9499969482422,209.2387237548828,2128600,0.0,0.0
2023-03-22 00:00:00-04:00,233.4499969482422,233.9499969482422,229.58999633789062,229.8300018310547,206.43629455566406,1725100,0.0,0.0
2023-03-23 00:00:00-04:00,230.0399932861328,234.10000610351562,229.88999938964844,233.10000610351562,209.37347412109375,2175700,0.0,0.0
2023-03-24 00:00:00-04:00,234.22000122070312,238.5,233.00999450683594,238.02999877929688,213.8016357421875,2547300,0.0,0.0
2023-03-27 00:00:00-04:00,239.61000061035156,239.9499969482422,235.07000732421875,236.75999450683594,212.66090393066406,2129100,0.0,0.0
2023-03-28 00:00:00-04:00,237.0,238.67999267578125,236.91000366210938,238.47999572753906,214.20584106445312,1887800,0.0,0.0
2023-03-29 00:00:00-04:00,239.7100067138672,241.58999633789062,238.3300018310547,241.02999877929688,216.49630737304688,2744000,0.0,0.0
2023-03-30 00:00:00-04:00,242.52999877929688,242.80999755859375,240.11000061035156,241.5,216.91845703125,2577000,0.0,0.0
2023-03-31 00:00:00-04:00,241.42999267578125,242.39999389648438,239.14999389648438,241.75,217.1429901123047,2762500,0.0,0.0
2023-04-03 00:00:00-04:00,242.0,244.75,241.36000061035156,244.44000244140625,219.5592041015625,2478700,0.0,0.0
2023-04-04 00:00:00-04:00,244.52000427246094,248.11000061035156,243.8000030517578,247.52999877929688,222.33470153808594,2942800,0.0,0.0
2023-04-05 00:00:00-04:00,248.57000732421875,253.7100067138672,248.22999572753906,253.3699951171875,227.58021545410156,2468000,0.0,0.0
2023-04-06 00:00:00-04:00,254.36000061035156,255.42999267578125,252.92999267578125,253.32000732421875,227.5353546142578,2047800,0.0,0.0
2023-04-10 00:00:00-04:00,256.44000244140625,256.44000244140625,250.0500030517578,250.89999389648438,225.3616180419922,1595600,0.0,0.0
2023-04-11 00:00:00-04:00,251.4199981689453,253.0800018310547,250.97999572753906,251.42999267578125,225.83766174316406,1272800,0.0,0.0
2023-04-12 00:00:00-04:00,252.5,252.7100067138672,248.8800048828125,249.5,224.10415649414062,2268900,0.0,0.0
2023-04-13 00:00:00-04:00,248.60000610351562,251.89999389648438,248.27000427246094,251.44000244140625,225.84666442871094,2020900,0.0,0.0
2023-04-14 00:00:00-04:00,250.6199951171875,251.75999450683594,248.9600067138672,250.0,224.5532684326172,1866200,0.0,0.0
2023-04-17 00:00:00-04:00,250.88999938964844,251.5,247.5800018310547,248.07000732421875,222.8197021484375,1784800,0.0,0.0
2023-04-18 00:00:00-04:00,248.3699951171875,249.00999450683594,244.64999389648438,246.08999633789062,221.04124450683594,1638800,0.0,0.0
2023-04-19 00:00:00-04:00,245.25,246.75999450683594,244.3699951171875,246.2100067138672,221.14906311035156,1246500,0.0,0.0
2023-04-20 00:00:00-04:00,246.1199951171875,246.39999389648438,243.0500030517578,243.4600067138672,218.67893981933594,1691300,0.0,0.0
2023-04-21 00:00:00-04:00,243.4600067138672,243.9199981689453,242.64999389648438,243.86000061035156,219.0382537841797,1721300,0.0,0.0
2023-04-24 00:00:00-04:00,243.1999969482422,245.3699951171875,242.3300018310547,244.4499969482422,219.5681610107422,1232100,0.0,0.0
2023-04-25 00:00:00-04:00,245.1199951171875,246.52999877929688,244.30999755859375,244.8699951171875,219.94540405273438,1509700,0.0,0.0
2023-04-26 00:00:00-04:00,242.0800018310547,243.5500030517578,238.5800018310547,238.8000030517578,214.49325561523438,2002900,0.0,0.0
2023-04-27 00:00:00-04:00,239.24000549316406,240.7100067138672,235.39999389648438,240.33999633789062,215.8765106201172,2533900,0.0,0.0
2023-04-28 00:00:00-04:00,236.82000732421875,240.10000610351562,233.1699981689453,239.74000549316406,215.3376007080078,2721400,0.0,0.0
2023-05-01 00:00:00-04:00,240.02999877929688,241.3000030517578,238.08999633789062,238.89999389648438,214.58309936523438,1920500,0.0,0.0
2023-05-02 00:00:00-04:00,238.0800018310547,239.0,235.38999938964844,235.97000122070312,211.9513397216797,2127200,0.0,0.0
2023-05-03 00:00:00-04:00,235.97000122070312,236.3000030517578,228.97999572753906,229.30999755859375,205.96925354003906,2998000,0.0,0.0
2023-05-04 00:00:00-04:00,230.30999755859375,232.02999877929688,229.14999389648438,231.88999938964844,208.28662109375,2228500,0.0,0.0
2023-05-05 00:00:00-04:00,232.66000366210938,237.0399932861328,232.07000732421875,236.52999877929688,212.4542999267578,2806800,0.0,0.0
2023-05-08 00:00:00-04:00,235.33999633789062,235.74000549316406,232.1999969482422,234.6199951171875,210.73875427246094,1667800,0.0,0.0
2023-05-09 00:00:00-04:00,234.63999938964844,235.44000244140625,233.22000122070312,234.42999267578125,210.56808471679688,1468900,0.0,0.0
2023-05-10 00:00:00-04:00,234.88999938964844,235.0,231.35000610351562,234.11000061035156,210.28065490722656,1530800,0.0,0.0
2023-05-11 00:00:00-04:00,234.64999389648438,234.99000549316406,230.41000366210938,232.2899932861328,208.64590454101562,1612400,0.0,0.0
2023-05-12 00:00:00-04:00,233.02999877929688,233.5500030517578,231.2100067138672,232.9499969482422,209.2387237548828,1295600,0.0,0.0
2023-05-15 00:00:00-04:00,233.27000427246094,233.9199981689453,232.1199951171875,233.52999877929688,209.75965881347656,1551300,0.0,0.0
2023-05-16 00:00:00-04:00,234.2100067138672,234.50999450683594,227.74000549316406,227.8800048828125,204.684814453125,2646500,0.0,0.0
2023-05-17 00:00:00-04:00,226.02000427246094,226.08999633789062,220.44000244140625,225.02000427246094,204.02291870117188,3352900,2.13,0.0
2023-05-18 00:00:00-04:00,224.75,224.75,221.9199981689453,224.22999572753906,203.30661010742188,2245300,0.0,0.0
2023-05-19 00:00:00-04:00,224.44000244140625,225.8800048828125,222.77999877929688,223.4199981689453,202.57220458984375,2395700,0.0,0.0
2023-05-22 00:00:00-04:00,224.85000610351562,226.82000732421875,222.82000732421875,223.99000549316406,203.08901977539062,1848600,0.0,0.0
2023-05-23 00:00:00-04:00,224.2100067138672,226.82000732421875,222.8000030517578,224.44000244140625,203.49705505371094,2296600,0.0,0.0
2023-05-24 00:00:00-04:00,225.63999938964844,225.9600067138672,221.0399932861328,221.32000732421875,200.6681671142578,1765000,0.0,0.0
2023-05-25 00:00:00-04:00,220.10000610351562,220.10000610351562,214.92999267578125,217.4600067138672,197.1683807373047,2968200,0.0,0.0
2023-05-26 00:00:00-04:00,215.9600067138672,218.47999572753906,214.47999572753906,216.92999267578125,196.6877899169922,3081000,0.0,0.0
2023-05-30 00:00:00-04:00,215.02999877929688,219.0,214.72000122070312,218.52999877929688,198.13848876953125,3125900,0.0,0.0
2023-05-31 00:00:00-04:00,219.5800018310547,221.85000610351562,217.19000244140625,220.64999389648438,200.06065368652344,3884700,0.0,0.0
2023-06-01 00:00:00-04:00,219.9600067138672,220.60000610351562,211.7100067138672,214.27000427246094,194.27601623535156,4831400,0.0,0.0
2023-06-02 00:00:00-04:00,213.75,218.75999450683594,212.02000427246094,218.07000732421875,197.72146606445312,3687200,0.0,0.0
2023-06-05 00:00:00-04:00,219.6699981689453,223.0399932861328,218.47000122070312,221.8800048828125,201.17591857910156,2498700,0.0,0.0
2023-06-06 00:00:00-04:00,223.0800018310547,223.1699981689453,219.27999877929688,221.22000122070312,200.5775146484375,1736100,0.0,0.0
2023-06-07 00:00:00-04:00,220.75999450683594,221.8699951171875,219.72999572753906,221.25,200.60467529296875,2555400,0.0,0.0
2023-06-08 00:00:00-04:00,221.25999450683594,221.88999938964844,219.36000061035156,220.75999450683594,200.160400390625,1877300,0.0,0.0
2023-06-09 00:00:00-04:00,219.33999633789062,220.94000244140625,217.77000427246094,218.75999450683594,198.3470458984375,1707900,0.0,0.0
2023-06-12 00:00:00-04:00,219.25,219.25,215.32000732421875,217.36000061035156,197.07766723632812,2704300,0.0,0.0
2023-06-13 00:00:00-04:00,217.42999267578125,222.33999633789062,216.92999267578125,221.99000549316406,201.27565002441406,2318500,0.0,0.0
2023-06-14 00:00:00-04:00,223.25999450683594,223.69000244140625,221.10000610351562,222.27999877929688,201.53857421875,2453000,0.0,0.0
2023-06-15 00:00:00-04:00,223.00999450683594,228.85000610351562,222.97000122070312,228.44000244140625,207.12379455566406,2633900,0.0,0.0
2023-06-16 00:00:00-04:00,230.0399932861328,231.9499969482422,227.75,229.66000366210938,208.2299346923828,6765000,0.0,0.0
2023-06-20 00:00:00-04:00,229.02999877929688,230.83999633789062,227.19000244140625,228.58999633789062,207.25979614257812,2492700,0.0,0.0
2023-06-21 00:00:00-04:00,228.17999267578125,230.0,225.58999633789062,227.0399932861328,205.8544158935547,2282600,0.0,0.0
2023-06-22 00:00:00-04:00,227.30999755859375,229.8800048828125,226.75999450683594,229.66000366210938,208.2299346923828,1607200,0.0,0.0
2023-06-23 00:00:00-04:00,229.8699951171875,230.5399932861328,226.41000366210938,227.11000061035156,205.91787719726562,4130700,0.0,0.0
2023-06-26 00:00:00-04:00,226.8000030517578,226.8000030517578,220.1199951171875,224.72999572753906,203.7599639892578,2565500,0.0,0.0
2023-06-27 00:00:00-04:00,224.16000366210938,224.63999938964844,221.1300048828125,222.61000061035156,201.8377685546875,2705900,0.0,0.0
2023-06-28 00:00:00-04:00,222.24000549316406,222.35000610351562,218.64999389648438,221.30999755859375,200.65907287597656,2263400,0.0,0.0
2023-06-29 00:00:00-04:00,219.6199951171875,221.66000366210938,218.8800048828125,221.16000366210938,200.52310180664062,1860300,0.0,0.0
2023-06-30 00:00:00-04:00,222.0,223.11000061035156,221.00999450683594,222.02000427246094,201.3028564453125,2843300,0.0,0.0
2023-07-03 00:00:00-04:00,221.2100067138672,225.57000732421875,219.83999633789062,225.00999450683594,204.0138397216797,1479200,0.0,0.0
2023-07-05 00:00:00-04:00,224.66000366210938,227.32000732421875,222.41000366210938,225.8800048828125,204.80264282226562,2440400,0.0,0.0
2023-07-06 00:00:00-04:00,224.9199981689453,225.99000549316406,221.6999969482422,222.97999572753906,202.17324829101562,2457800,0.0,0.0
2023-07-07 00:00:00-04:00,221.86000061035156,222.16000366210938,218.44000244140625,218.64999389648438,198.24729919433594,2841500,0.0,0.0
2023-07-10 00:00:00-04:00,219.16000366210938,224.89999389648438,218.61000061035156,224.72999572753906,203.7599639892578,2501700,0.0,0.0
2023-07-11 00:00:00-04:00,223.8300018310547,225.5800018310547,222.27000427246094,223.86000061035156,202.97116088867188,2021500,0.0,0.0
2023-07-12 00:00:00-04:00,225.1699981689453,227.32000732421875,224.08999633789062,225.67999267578125,204.621337890625,2619500,0.0,0.0
2023-07-13 00:00:00-04:00,225.85000610351562,228.1199951171875,225.0,227.66000366210938,206.41656494140625,1803600,0.0,0.0
2023-07-14 00:00:00-04:00,227.83999633789062,228.66000366210938,225.9600067138672,227.42999267578125,206.20802307128906,2044700,0.0,0.0
2023-07-17 00:00:00-04:00,226.8699951171875,228.60000610351562,224.33999633789062,227.83999633789062,206.5797576904297,2049200,0.0,0.0
2023-07-18 00:00:00-04:00,227.7899932861328,234.07000732421875,227.39999389648438,232.57000732421875,210.86839294433594,2621200,0.0,0.0
2023-07-19 00:00:00-04:00,232.97999572753906,234.5500030517578,231.99000549316406,232.0500030517578,210.39691162109375,2047200,0.0,0.0
2023-07-20 00:00:00-04:00,233.80999755859375,238.47999572753906,232.91000366210938,233.22999572753906,211.466796875,3741300,0.0,0.0
2023-07-21 00:00:00-04:00,233.77000427246094,236.3800048828125,232.77999877929688,234.82000732421875,212.90846252441406,9381100,0.0,0.0
2023-07-24 00:00:00-04:00,235.0,236.1300048828125,233.9199981689453,235.4199981689453,213.4524383544922,1771300,0.0,0.0
2023-07-25 00:00:00-04:00,234.36000061035156,236.57000732421875,234.27999877929688,235.30999755859375,213.35272216796875,1325600,0.0,0.0
2023-07-26 00:00:00-04:00,233.9499969482422,235.74000549316406,232.44000244140625,235.2100067138672,213.26205444335938,1576800,0.0,0.0
2023-07-27 00:00:00-04:00,234.47999572753906,238.47999572753906,234.30999755859375,236.0500030517578,214.023681640625,2439600,0.0,0.0
2023-07-28 00:00:00-04:00,236.82000732421875,238.17999267578125,235.08999633789062,236.3699951171875,214.3137969970703,1889500,0.0,0.0
2023-07-31 00:00:00-04:00,236.47999572753906,236.47999572753906,233.02000427246094,234.14999389648438,212.3009490966797,2826600,0.0,0.0
2023-08-01 00:00:00-04:00,234.92999267578125,235.3800048828125,230.58999633789062,232.1199951171875,210.4603729248047,1843400,0.0,0.0
2023-08-02 00:00:00-04:00,232.72000122070312,233.02999877929688,228.6999969482422,230.41000366210938,208.90997314453125,2593500,0.0,0.0
2023-08-03 00:00:00-04:00,230.7899932861328,231.10000610351562,228.2100067138672,230.6999969482422,209.1728973388672,2322200,0.0,0.0
2023-08-04 00:00:00-04:00,237.91000366210938,246.4199981689453,237.0,243.27999877929688,220.57899475097656,5181200,0.0,0.0
2023-08-07 00:00:00-04:00,244.25,253.82000732421875,243.4600067138672,252.94000244140625,229.33761596679688,4076600,0.0,0.0
2023-08-08 00:00:00-04:00,257.5199890136719,263.7900085449219,256.5,260.79998779296875,236.46417236328125,5321600,0.0,0.0
2023-08-09 00:00:00-04:00,259.9200134277344,263.7699890136719,259.1199951171875,259.32000732421875,235.12232971191406,2428100,0.0,0.0
2023-08-10 00:00:00-04:00,261.5400085449219,264.7799987792969,260.4599914550781,262.05999755859375,237.60662841796875,1919200,0.0,0.0
2023-08-11 00:00:00-04:00,261.70001220703125,264.1099853515625,260.8299865722656,262.510009765625,238.01467895507812,1560600,0.0,0.0
2023-08-14 00:00:00-04:00,262.2200012207031,263.4700012207031,259.8500061035156,260.9700012207031,236.61831665039062,1966100,0.0,0.0
2023-08-15 00:00:00-04:00,261.32000732421875,266.6300048828125,259.9599914550781,266.010009765625,241.18804931640625,2781200,0.0,0.0
2023-08-16 00:00:00-04:00,266.3299865722656,268.239990234375,264.5799865722656,265.0199890136719,240.2904510498047,2244000,0.0,0.0
2023-08-17 00:00:00-04:00,263.8699951171875,266.5799865722656,263.2699890136719,263.8500061035156,241.1678924560547,2256100,2.13,0.0
2023-08-18 00:00:00-04:00,262.6099853515625,262.989990234375,261.07000732421875,261.82000732421875,239.3124237060547,2814500,0.0,0.0
2023-08-21 00:00:00-04:00,261.5799865722656,262.4700012207031,259.010009765625,260.70001220703125,238.2886962890625,2324100,0.0,0.0
2023-08-22 00:00:00-04:00,260.239990234375,260.3999938964844,257.3500061035156,257.6199951171875,235.47344970703125,1720300,0.0,0.0
2023-08-23 00:00:00-04:00,259.5,259.8500061035156,255.97999572753906,257.3599853515625,235.2357940673828,2256800,0.0,0.0
2023-08-24 00:00:00-04:00,256.7300109863281,260.19000244140625,256.1700134277344,256.6199951171875,234.5594024658203,1888900,0.0,0.0
2023-08-25 00:00:00-04:00,257.1099853515625,257.739990234375,254.80999755859375,256.3800048828125,234.34010314941406,1786600,0.0,0.0
2023-08-28 00:00:00-04:00,256.9599914550781,258.1199951171875,255.13999938964844,256.54998779296875,234.4954071044922,1661300,0.0,0.0
2023-08-29 00:00:00-04:00,257.3599853515625,259.8500061035156,256.82000732421875,259.6400146484375,237.31982421875,2216600,0.0,0.0
2023-08-30 00:00:00-04:00,260.0,260.8699951171875,256.95001220703125,257.8800048828125,235.7111053466797,1694300,0.0,0.0
2023-08-31 00:00:00-04:00,258.2200012207031,259.0,256.2900085449219,256.3399963378906,234.30348205566406,2065000,0.0,0.0
2023-09-01 00:00:00-04:00,258.67999267578125,259.0299987792969,256.1000061035156,256.7099914550781,234.6416778564453,1350200,0.0,0.0
2023-09-05 00:00:00-04:00,256.7099914550781,257.3900146484375,253.9199981689453,254.00999450683594,232.17381286621094,1763600,0.0,0.0
2023-09-06 00:00:00-04:00,254.44000244140625,254.44000244140625,248.3800048828125,249.00999450683594,227.60360717773438,1988900,0.0,0.0
2023-09-07 00:00:00-04:00,250.5399932861328,254.6999969482422,250.39999389648438,254.38999938964844,232.52113342285156,2228300,0.0,0.0
2023-09-08 00:00:00-04:00,255.75,260.3399963378906,254.97000122070312,259.42999267578125,237.1278533935547,2449000,0.0,0.0
2023-09-11 00:00:00-04:00,258.2099914550781,262.80999755859375,257.4100036621094,261.7200012207031,239.2209930419922,2135100,0.0,0.0
2023-09-12 00:00:00-04:00,262.67999267578125,263.0199890136719,257.8599853515625,260.30999755859375,237.9322052001953,1574000,0.0,0.0
2023-09-13 00:00:00-04:00,259.3399963378906,260.2200012207031,257.0199890136719,257.2300109863281,235.1169891357422,2182800,0.0,0.0
2023-09-14 00:00:00-04:00,258.8999938964844,263.1400146484375,258.5400085449219,262.29998779296875,239.7511444091797,3072400,0.0,0.0
2023-09-15 00:00:00-04:00,263.760009765625,263.92999267578125,259.82000732421875,260.7200012207031,238.3069610595703,6161100,0.0,0.0
2023-09-18 00:00:00-04:00,263.3800048828125,265.2200012207031,261.92999267578125,263.1499938964844,240.52806091308594,1770100,0.0,0.0
2023-09-19 00:00:00-04:00,263.1400146484375,265.7699890136719,262.44000244140625,264.30999755859375,241.5883331298828,1528200,0.0,0.0
2023-09-20 00:00:00-04:00,265.0,273.0799865722656,263.9700012207031,271.4599914550781,248.12368774414062,3575300,0.0,0.0
2023-09-21 00:00:00-04:00,272.07000732421875,272.4800109863281,267.70001220703125,269.4100036621094,246.24993896484375,2437100,0.0,0.0
2023-09-22 00:00:00-04:00,267.6700134277344,269.5,266.5199890136719,267.70001220703125,244.68695068359375,1894100,0.0,0.0
2023-09-25 00:00:00-04:00,267.5400085449219,267.80999755859375,265.010009765625,266.8599853515625,243.9191436767578,1705300,0.0,0.0
2023-09-26 00:00:00-04:00,266.67999267578125,269.8900146484375,265.6700134277344,269.0400085449219,245.9117431640625,2367600,0.0,0.0
2023-09-27 00:00:00-04:00,271.7300109863281,273.6099853515625,266.760009765625,268.9800109863281,245.8568878173828,2331900,0.0,0.0
2023-09-28 00:00:00-04:00,267.7900085449219,271.3800048828125,266.5400085449219,270.82000732421875,247.53872680664062,2430700,0.0,0.0
2023-09-29 00:00:00-04:00,271.0,271.0,267.2200012207031,268.760009765625,245.65577697753906,2118100,0.0,0.0
2023-10-02 00:00:00-04:00,267.7099914550781,268.489990234375,264.3800048828125,266.30999755859375,243.41641235351562,1912300,0.0,0.0
2023-10-03 00:00:00-04:00,264.0400085449219,266.0199890136719,259.6700134277344,261.010009765625,238.57203674316406,2797900,0.0,0.0
2023-10-04 00:00:00-04:00,262.1000061035156,266.1400146484375,260.9100036621094,265.44000244140625,242.62115478515625,2526400,0.0,0.0
2023-10-05 00:00:00-04:00,266.19000244140625,267.9200134277344,262.5400085449219,265.0799865722656,242.2921600341797,2883700,0.0,0.0
2023-10-06 00:00:00-04:00,263.1499938964844,268.5899963378906,262.2300109863281,267.4700012207031,244.47671508789062,2838000,0.0,0.0
2023-10-09 00:00:00-04:00,271.0400085449219,272.6000061035156,268.5799865722656,271.5400085449219,248.19686889648438,2284300,0.0,0.0
2023-10-10 00:00:00-04:00,270.8900146484375,272.0899963378906,268.1199951171875,271.25,247.9317626953125,1808700,0.0,0.0
2023-10-11 00:00:00-04:00,274.8599853515625,284.3299865722656,274.1499938964844,283.6000061035156,259.2200622558594,4523100,0.0,0.0
2023-10-12 00:00:00-04:00,283.9800109863281,287.8500061035156,283.6000061035156,285.0400085449219,260.5362548828125,3052600,0.0,0.0
2023-10-13 00:00:00-04:00,287.70001220703125,288.4599914550781,280.0,284.1000061035156,259.6770324707031,3473200,0.0,0.0
2023-10-16 00:00:00-04:00,284.5,287.80999755859375,283.80999755859375,286.8800048828125,262.21807861328125,2459400,0.0,0.0
2023-10-17 00:00:00-04:00,285.19000244140625,287.3399963378906,282.5,284.4200134277344,259.9696350097656,2863200,0.0,0.0
2023-10-18 00:00:00-04:00,283.29998779296875,285.25,280.989990234375,283.5799865722656,259.2017517089844,2789100,0.0,0.0
2023-10-19 00:00:00-04:00,282.0899963378906,283.2099914550781,278.1000061035156,280.6000061035156,256.47802734375,2536400,0.0,0.0
2023-10-20 00:00:00-04:00,280.6000061035156,281.05999755859375,275.75,278.80999755859375,254.84185791015625,2455000,0.0,0.0
2023-10-23 00:00:00-04:00,280.1199951171875,280.1199951171875,272.70001220703125,273.05999755859375,249.5861358642578,2433500,0.0,0.0
2023-10-24 00:00:00-04:00,272.0899963378906,277.05999755859375,271.1300048828125,276.1199951171875,252.38307189941406,2253000,0.0,0.0
2023-10-25 00:00:00-04:00,275.0899963378906,276.69000244140625,272.0899963378906,272.1600036621094,248.7635498046875,2302300,0.0,0.0
2023-10-26 00:00:00-04:00,271.5,273.44000244140625,269.1400146484375,269.7099914550781,246.52415466308594,2269900,0.0,0.0
2023-10-27 00:00:00-04:00,268.95001220703125,269.3599853515625,260.1600036621094,261.57000732421875,239.0839080810547,2874900,0.0,0.0
2023-10-30 00:00:00-04:00,265.0,266.3500061035156,262.5,263.19000244140625,240.5646209716797,2974600,0.0,0.0
2023-10-31 00:00:00-04:00,255.88999938964844,257.4200134277344,249.6999969482422,255.6999969482422,233.71852111816406,4885100,0.0,0.0
2023-11-01 00:00:00-04:00,256.2699890136719,261.19000244140625,255.08999633789062,260.8399963378906,238.4166717529297,2509600,0.0,0.0
2023-11-02 00:00:00-04:00,263.29998779296875,268.1000061035156,262.4599914550781,266.5899963378906,243.67237854003906,2470400,0.0,0.0
2023-11-03 00:00:00-04:00,268.5199890136719,270.54998779296875,265.5,269.8599853515625,246.66122436523438,2509800,0.0,0.0
2023-11-06 00:00:00-05:00,270.7699890136719,274.95001220703125,270.75,272.8299865722656,249.37588500976562,2768100,0.0,0.0
2023-11-07 00:00:00-05:00,272.9700012207031,274.0,269.3800048828125,271.1099853515625,247.80374145507812,2526500,0.0,0.0
2023-11-08 00:00:00-05:00,272.4200134277344,274.7699890136719,270.75,273.260009765625,249.76895141601562,1916800,0.0,0.0
2023-11-09 00:00:00-05:00,272.1300048828125,273.2300109863281,263.70001220703125,264.05999755859375,241.35983276367188,2266000,0.0,0.0
2023-11-10 00:00:00-05:00,266.6400146484375,267.94000244140625,262.510009765625,267.30999755859375,244.3304443359375,2070600,0.0,0.0
2023-11-13 00:00:00-05:00,265.67999267578125,267.2200012207031,263.5199890136719,266.69000244140625,243.7637481689453,1579800,0.0,0.0
2023-11-14 00:00:00-05:00,269.2200012207031,272.95001220703125,268.3599853515625,270.0199890136719,246.80746459960938,2060000,0.0,0.0
2023-11-15 00:00:00-05:00,270.2799987792969,274.6099853515625,270.0199890136719,273.0299987792969,249.5587158203125,2795100,0.0,0.0
2023-11-16 00:00:00-05:00,272.6099853515625,274.44000244140625,267.8699951171875,269.0,247.80841064453125,2366200,2.13,0.0
2023-11-17 00:00:00-05:00,269.4100036621094,269.4100036621094,264.6000061035156,265.3900146484375,244.48280334472656,2642900,0.0,0.0
2023-11-20 00:00:00-05:00,262.5899963378906,266.70001220703125,261.45001220703125,265.3500061035156,244.4459686279297,2213900,0.0,0.0
2023-11-21 00:00:00-05:00,265.3399963378906,266.0400085449219,260.5199890136719,262.82000732421875,242.1152801513672,2636600,0.0,0.0
2023-11-22 00:00:00-05:00,264.7900085449219,266.4700012207031,262.260009765625,264.5899963378906,243.74581909179688,1649100,0.0,0.0
2023-11-24 00:00:00-05:00,265.1199951171875,266.1000061035156,264.8900146484375,265.4599914550781,244.54730224609375,930800,0.0,0.0
2023-11-27 00:00:00-05:00,265.42999267578125,265.57000732421875,261.6600036621094,264.2699890136719,243.4510040283203,1846400,0.0,0.0
2023-11-28 00:00:00-05:00,264.3599853515625,266.6000061035156,263.6499938964844,265.5199890136719,244.60260009765625,1753400,0.0,0.0
2023-11-29 00:00:00-05:00,264.739990234375,268.1099853515625,263.5,266.6000061035156,245.5974884033203,2005200,0.0,0.0
2023-11-30 00:00:00-05:00,267.7099914550781,270.55999755859375,267.3399963378906,269.6400146484375,248.39801025390625,2686400,0.0,0.0
2023-12-01 00:00:00-05:00,269.9599914550781,272.5899963378906,267.6199951171875,272.45001220703125,250.98666381835938,2303900,0.0,0.0
2023-12-04 00:00:00-05:00,270.8800048828125,273.42999267578125,270.1000061035156,272.5400085449219,251.06959533691406,2357400,0.0,0.0
2023-12-05 00:00:00-05:00,271.8699951171875,272.0,268.4700012207031,270.8699951171875,249.5310821533203,1853600,0.0,0.0
2023-12-06 00:00:00-05:00,271.4100036621094,271.9599914550781,269.1300048828125,269.3500061035156,248.13084411621094,1765900,0.0,0.0
2023-12-07 00:00:00-05:00,270.5,273.4100036621094,266.6300048828125,271.30999755859375,249.9364471435547,2081300,0.0,0.0
2023-12-08 00:00:00-05:00,271.1700134277344,271.9700012207031,268.82000732421875,269.1199951171875,247.91897583007812,2608200,0.0,0.0
2023-12-11 00:00:00-05:00,271.9599914550781,275.8999938964844,270.4200134277344,272.1400146484375,250.7010498046875,2838600,0.0,0.0
2023-12-12 00:00:00-05:00,277.1300048828125,277.25,273.260009765625,273.989990234375,252.4053192138672,2556900,0.0,0.0
2023-12-13 00:00:00-05:00,274.1600036621094,281.8500061035156,273.30999755859375,281.6199951171875,259.4342041015625,2380000,0.0,0.0
2023-12-14 00:00:00-05:00,281.32000732421875,282.7300109863281,274.0799865722656,276.32000732421875,254.5517578125,2935200,0.0,0.0
2023-12-15 00:00:00-05:00,276.2699890136719,279.2699890136719,273.3299865722656,275.45001220703125,253.75027465820312,8731000,0.0,0.0
2023-12-18 00:00:00-05:00,277.0,277.1000061035156,274.3500061035156,275.4800109863281,253.77792358398438,2227600,0.0,0.0
2023-12-19 00:00:00-05:00,278.69000244140625,280.57000732421875,276.5899963378906,278.44000244140625,256.5047302246094,2484100,0.0,0.0
2023-12-20 00:00:00-05:00,277.8299865722656,278.79998779296875,275.010009765625,275.17999267578125,253.50157165527344,2561200,0.0,0.0
2023-12-21 00:00:00-05:00,276.54998779296875,279.82000732421875,276.3999938964844,279.3299865722656,257.3246154785156,1850000,0.0,0.0
2023-12-22 00:00:00-05:00,280.0,285.67999267578125,280.0,284.1600036621094,261.7741394042969,1814200,0.0,0.0
2023-12-26 00:00:00-05:00,284.1199951171875,284.7200012207031,281.6700134277344,283.8999938964844,261.53460693359375,1330400,0.0,0.0
2023-12-27 00:00:00-05:00,284.5,287.2900085449219,283.3500061035156,286.5299987792969,263.9573974609375,1866800,0.0,0.0
2023-12-28 00:00:00-05:00,287.8800048828125,289.0400085449219,287.6300048828125,288.4599914550781,265.7353515625,1228400,0.0,0.0
2023-12-29 00:00:00-05:00,287.8599853515625,288.489990234375,286.3900146484375,288.0199890136719,265.3300476074219,1766600,0.0,0.0
2024-01-02 00:00:00-05:00,287.2799987792969,300.6499938964844,287.2799987792969,297.3900146484375,273.96185302734375,3374900,0.0,0.0
2024-01-03 00:00:00-05:00,300.04998779296875,303.25,297.04998779296875,300.69000244140625,277.00189208984375,2771500,0.0,0.0
2024-01-04 00:00:00-05:00,301.5,305.0899963378906,298.5899963378906,303.1700134277344,279.2864990234375,3357900,0.0,0.0
2024-01-05 00:00:00-05:00,302.20001220703125,303.5299987792969,299.760009765625,303.0,279.1299133300781,1874400,0.0,0.0
2024-01-08 00:00:00-05:00,301.4700012207031,311.04998779296875,300.3500061035156,310.8800048828125,286.38916015625,3467700,0.0,0.0
2024-01-09 00:00:00-05:00,308.0199890136719,309.9700012207031,305.94000244140625,307.260009765625,283.0543518066406,2603700,0.0,0.0
2024-01-10 00:00:00-05:00,307.1600036621094,307.6400146484375,304.2699890136719,304.57000732421875,280.57623291015625,2210900,0.0,0.0
2024-01-11 00:00:00-05:00,303.42999267578125,304.6099853515625,300.0,303.1000061035156,279.2220153808594,2137100,0.0,0.0
2024-01-12 00:00:00-05:00,305.239990234375,306.95001220703125,303.3999938964844,306.510009765625,282.3634338378906,1567900,0.0,0.0
2024-01-16 00:00:00-05:00,306.510009765625,308.0,301.17999267578125,303.4800109863281,279.5721130371094,1996300,0.0,0.0
2024-01-17 00:00:00-05:00,302.4599914550781,304.6300048828125,301.1000061035156,304.0799865722656,280.12481689453125,2210400,0.0,0.0
2024-01-18 00:00:00-05:00,302.25,305.6499938964844,299.54998779296875,304.489990234375,280.5025329589844,2357000,0.0,0.0
2024-01-19 00:00:00-05:00,304.7300109863281,309.0899963378906,301.1099853515625,307.80999755859375,283.5610046386719,2566500,0.0,0.0
2024-01-22 00:00:00-05:00,308.70001220703125,312.1600036621094,306.6000061035156,310.1600036621094,285.72589111328125,2599900,0.0,0.0
2024-01-23 00:00:00-05:00,309.5299987792969,311.29998779296875,309.1000061035156,309.9100036621094,285.49560546875,1775400,0.0,0.0
2024-01-24 00:00:00-05:00,309.9200134277344,312.45001220703125,305.239990234375,305.5,281.4329833984375,1954200,0.0,0.0
2024-01-25 00:00:00-05:00,308.7200012207031,310.32000732421875,305.70001220703125,310.260009765625,285.8179931640625,2005400,0.0,0.0
2024-01-26 00:00:00-05:00,310.57000732421875,312.0199890136719,309.8599853515625,311.7699890136719,287.2090148925781,2035800,0.0,0.0
2024-01-29 00:00:00-05:00,311.44000244140625,313.6199951171875,309.8900146484375,313.45001220703125,288.7567138671875,2447600,0.0,0.0
2024-01-30 00:00:00-05:00,312.5299987792969,314.9200134277344,310.5199890136719,314.6199951171875,289.8345031738281,2637000,0.0,0.0
2024-01-31 00:00:00-05:00,316.0,316.6400146484375,312.6199951171875,314.260009765625,289.5028381347656,3456700,0.0,0.0
2024-02-01 00:00:00-05:00,314.5,324.82000732421875,313.70001220703125,324.55999755859375,298.991455078125,3883200,0.0,0.0
2024-02-02 00:00:00-05:00,323.6400146484375,325.7699890136719,320.75,323.19000244140625,297.7294006347656,2585900,0.0,0.0
2024-02-05 00:00:00-05:00,323.5299987792969,329.7200012207031,317.7099914550781,321.9700012207031,296.60546875,3563300,0.0,0.0
2024-02-06 00:00:00-05:00,325.3999938964844,326.9599914550781,314.75,316.07000732421875,291.1703186035156,5767400,0.0,0.0
2024-02-07 00:00:00-05:00,315.510009765625,315.510009765625,295.2699890136719,295.8699951171875,272.5616760253906,8411300,0.0,0.0
2024-02-08 00:00:00-05:00,297.0,298.0,288.7799987792969,294.8500061035156,271.6219482421875,5946100,0.0,0.0
2024-02-09 00:00:00-05:00,294.8500061035156,295.0,289.7099914550781,291.1199951171875,268.185791015625,3341100,0.0,0.0
2024-02-12 00:00:00-05:00,289.9700012207031,294.6000061035156,288.8599853515625,294.42999267578125,271.2350769042969,3298500,0.0,0.0
2024-02-13 00:00:00-05:00,294.6099853515625,295.5199890136719,286.8900146484375,290.4800109863281,267.59625244140625,3610100,0.0,0.0
2024-02-14 00:00:00-05:00,289.8800048828125,290.8699951171875,287.54998779296875,290.07000732421875,267.218505859375,2617300,0.0,0.0
2024-02-15 00:00:00-05:00,287.8800048828125,290.3500061035156,285.6000061035156,289.07000732421875,268.37908935546875,2902000,2.25,0.0
2024-02-16 00:00:00-05:00,287.7099914550781,287.7099914550781,283.2699890136719,283.70001220703125,263.3934631347656,3596800,0.0,0.0
2024-02-20 00:00:00-05:00,283.8500061035156,285.29998779296875,280.54998779296875,283.510009765625,263.2170715332031,3402000,0.0,0.0
2024-02-21 00:00:00-05:00,284.8399963378906,285.7799987792969,280.79998779296875,283.4599914550781,263.17059326171875,1934300,0.0,0.0
2024-02-22 00:00:00-05:00,282.4800109863281,285.7200012207031,281.29998779296875,285.17999267578125,264.76751708984375,2992700,0.0,0.0
2024-02-23 00:00:00-05:00,286.5199890136719,292.239990234375,286.010009765625,289.17999267578125,268.48114013671875,2462400,0.0,0.0
2024-02-26 00:00:00-05:00,288.2799987792969,289.8699951171875,285.42999267578125,286.3699951171875,265.872314453125,2448900,0.0,0.0
2024-02-27 00:00:00-05:00,279.1000061035156,281.2200012207031,277.0899963378906,278.489990234375,258.5563659667969,3353700,0.0,0.0
2024-02-28 00:00:00-05:00,278.989990234375,280.42999267578125,277.0899963378906,277.4599914550781,257.60009765625,3027000,0.0,0.0
2024-02-29 00:00:00-05:00,278.5199890136719,279.8299865722656,273.42999267578125,273.8299865722656,254.22988891601562,5863400,0.0,0.0
2024-03-01 00:00:00-05:00,276.5,281.92999267578125,274.8800048828125,280.3299865722656,260.2646484375,3772700,0.0,0.0
2024-03-04 00:00:00-05:00,283.260009765625,285.8900146484375,277.6499938964844,279.3900146484375,259.3919982910156,2470300,0.0,0.0
2024-03-05 00:00:00-05:00,279.6199951171875,279.75,275.0199890136719,276.6499938964844,256.8480224609375,3064000,0.0,0.0
2024-03-06 00:00:00-05:00,275.3800048828125,278.9700012207031,274.54998779296875,276.5899963378906,256.7923278808594,2240200,0.0,0.0
2024-03-07 00:00:00-05:00,276.29998779296875,276.80999755859375,269.5799865722656,272.8599853515625,253.32931518554688,4066300,0.0,0.0
2024-03-08 00:00:00-05:00,272.80999755859375,276.55999755859375,272.010009765625,273.75,254.1556396484375,2251100,0.0,0.0
2024-03-11 00:00:00-04:00,274.510009765625,278.19000244140625,272.989990234375,275.3599853515625,255.65036010742188,1851000,0.0,0.0
2024-03-12 00:00:00-04:00,276.8500061035156,278.1499938964844,274.1400146484375,276.5400085449219,256.74591064453125,1738700,0.0,0.0
2024-03-13 00:00:00-04:00,278.17999267578125,278.55999755859375,275.2099914550781,275.989990234375,256.2352600097656,1641000,0.0,0.0
2024-03-14 00:00:00-04:00,276.8399963378906,277.2300109863281,270.45001220703125,271.5400085449219,252.1038818359375,2370500,0.0,0.0
2024-03-15 00:00:00-04:00,272.0899963378906,275.17999267578125,268.1700134277344,268.8699951171875,249.6249237060547,8795800,0.0,0.0
2024-03-18 00:00:00-04:00,270.0,273.5799865722656,269.2099914550781,270.8999938964844,251.50962829589844,3608300,0.0,0.0
2024-03-19 00:00:00-04:00,270.17999267578125,273.1600036621094,269.510009765625,271.7300109863281,252.28021240234375,3037500,0.0,0.0
2024-03-20 00:00:00-04:00,271.2099914550781,273.0799865722656,269.239990234375,273.04998779296875,253.50575256347656,2564500,0.0,0.0
2024-03-21 00:00:00-04:00,274.6300048828125,277.9200134277344,274.3900146484375,276.95001220703125,257.1266174316406,2489400,0.0,0.0
2024-03-22 00:00:00-04:00,277.3900146484375,278.2900085449219,275.1000061035156,276.1700134277344,256.4024658203125,2303100,0.0,0.0
2024-03-25 00:00:00-04:00,276.42999267578125,281.3299865722656,275.4100036621094,280.82000732421875,260.7195739746094,2954400,0.0,0.0
2024-03-26 00:00:00-04:00,282.1499938964844,284.5,280.70001220703125,281.7699890136719,261.6015625,3343000,0.0,0.0
2024-03-27 00:00:00-04:00,284.2200012207031,286.82000732421875,282.54998779296875,286.29998779296875,265.8073425292969,2256300,0.0,0.0
2024-03-28 00:00:00-04:00,287.8599853515625,288.57000732421875,284.2099914550781,284.32000732421875,263.9690856933594,2289900,0.0,0.0
2024-04-01 00:00:00-04:00,282.1099853515625,283.8299865722656,279.0,283.0400085449219,262.78070068359375,1868600,0.0,0.0
2024-04-02 00:00:00-04:00,283.3399963378906,283.9100036621094,276.0400085449219,276.2099914550781,256.4395751953125,2220500,0.0,0.0
2024-04-03 00:00:00-04:00,275.69000244140625,276.4700012207031,273.67999267578125,274.4200134277344,254.77767944335938,1669200,0.0,0.0
2024-04-04 00:00:00-04:00,276.04998779296875,276.7300109863281,267.75,268.0899963378906,248.9007568359375,2451200,0.0,0.0
2024-04-05 00:00:00-04:00,265.8999938964844,273.07000732421875,265.0799865722656,269.95001220703125,250.62765502929688,2293800,0.0,0.0
2024-04-08 00:00:00-04:00,269.4800109863281,270.2099914550781,267.55999755859375,269.20001220703125,249.93133544921875,1830800,0.0,0.0
2024-04-09 00:00:00-04:00,270.19000244140625,271.2900085449219,268.5799865722656,270.3599853515625,251.00830078125,1792600,0.0,0.0
2024-04-10 00:00:00-04:00,267.9599914550781,268.3800048828125,264.6300048828125,266.45001220703125,247.37815856933594,1949500,0.0,0.0
2024-04-11 00:00:00-04:00,270.2200012207031,273.0,268.45001220703125,270.0,250.6740264892578,2169600,0.0,0.0
2024-04-12 00:00:00-04:00,268.7699890136719,269.29998779296875,266.1700134277344,267.2799987792969,248.14871215820312,2140100,0.0,0.0
2024-04-15 00:00:00-04:00,269.92999267578125,270.92999267578125,264.3500061035156,265.510009765625,246.5054473876953,1740000,0.0,0.0
2024-04-16 00:00:00-04:00,266.8299865722656,267.510009765625,263.80999755859375,265.6400146484375,246.6261444091797,2017600,0.0,0.0
2024-04-17 00:00:00-04:00,267.5400085449219,268.7699890136719,263.3900146484375,264.07000732421875,245.16851806640625,2175100,0.0,0.0
2024-04-18 00:00:00-04:00,265.6400146484375,265.9200134277344,262.5799865722656,262.75,243.94300842285156,2082700,0.0,0.0
2024-04-19 00:00:00-04:00,264.6300048828125,269.3800048828125,260.67999267578125,268.92999267578125,249.6806182861328,3380100,0.0,0.0
2024-04-22 00:00:00-04:00,269.8399963378906,273.1400146484375,269.8399963378906,271.9100036621094,252.44732666015625,2165800,0.0,0.0
2024-04-23 00:00:00-04:00,272.1400146484375,274.4800109863281,271.04998779296875,273.5400085449219,253.96067810058594,2493300,0.0,0.0
2024-04-24 00:00:00-04:00,270.6300048828125,274.8599853515625,269.6499938964844,273.010009765625,253.4686279296875,2467100,0.0,0.0
2024-04-25 00:00:00-04:00,273.45001220703125,274.3500061035156,267.239990234375,269.3800048828125,250.09841918945312,1794000,0.0,0.0
2024-04-26 00:00:00-04:00,265.7200012207031,271.67999267578125,265.7200012207031,269.9800109863281,250.65550231933594,2436900,0.0,0.0
2024-04-29 00:00:00-04:00,269.17999267578125,276.8599853515625,268.989990234375,276.3800048828125,256.597412109375,2678900,0.0,0.0
2024-04-30 00:00:00-04:00,276.1099853515625,276.1199951171875,272.3500061035156,273.94000244140625,254.33203125,2477300,0.0,0.0
2024-05-01 00:00:00-04:00,274.17999267578125,279.8399963378906,273.3800048828125,277.3699951171875,257.5165100097656,2323700,0.0,0.0
2024-05-02 00:00:00-04:00,277.69000244140625,278.6300048828125,274.8999938964844,278.3900146484375,258.46356201171875,3177500,0.0,0.0
2024-05-03 00:00:00-04:00,313.3900146484375,322.6000061035156,308.67999267578125,311.2900085449219,289.0086364746094,9644700,0.0,0.0
2024-05-06 00:00:00-04:00,310.8800048828125,312.7300109863281,297.5199890136719,299.4800109863281,278.0439453125,4717600,0.0,0.0
2024-05-07 00:00:00-04:00,301.75,302.9100036621094,298.510009765625,300.29998779296875,278.8052062988281,2452100,0.0,0.0
2024-05-08 00:00:00-04:00,300.1199951171875,307.57000732421875,298.8900146484375,307.30999755859375,285.3135070800781,2859600,0.0,0.0
2024-05-09 00:00:00-04:00,309.5299987792969,314.6000061035156,306.32000732421875,312.8599853515625,290.46624755859375,2921300,0.0,0.0
2024-05-10 00:00:00-04:00,312.8900146484375,314.8900146484375,309.82000732421875,310.1499938964844,287.9502258300781,2611800,0.0,0.0
2024-05-13 00:00:00-04:00,312.1499938964844,312.1499938964844,307.05999755859375,308.45001220703125,286.37188720703125,1558500,0.0,0.0
2024-05-14 00:00:00-04:00,308.7300109863281,312.3999938964844,307.4700012207031,311.4100036621094,289.1200866699219,1631100,0.0,0.0
2024-05-15 00:00:00-04:00,314.82000732421875,321.44000244140625,312.8699951171875,319.0400085449219,296.203857421875,3466000,0.0,0.0
2024-05-16 00:00:00-04:00,314.6300048828125,316.1400146484375,310.760009765625,314.7200012207031,294.26837158203125,2367800,2.25,0.0
2024-05-17 00:00:00-04:00,315.2799987792969,315.2799987792969,310.3699951171875,312.4700012207031,292.16461181640625,1974200,0.0,0.0
2024-05-20 00:00:00-04:00,314.4100036621094,315.80999755859375,312.6199951171875,314.5400085449219,294.1001281738281,1394600,0.0,0.0
2024-05-21 00:00:00-04:00,314.1099853515625,316.6700134277344,311.8999938964844,314.8500061035156,294.3899841308594,1705900,0.0,0.0
2024-05-22 00:00:00-04:00,314.70001220703125,315.0,308.5199890136719,309.4100036621094,289.303466796875,2849100,0.0,0.0
2024-05-23 00:00:00-04:00,308.4700012207031,311.989990234375,304.3800048828125,306.5,286.5826110839844,2139700,0.0,0.0
2024-05-24 00:00:00-04:00,306.4200134277344,307.5,303.8999938964844,305.8399963378906,285.9654235839844,2425800,0.0,0.0
2024-05-28 00:00:00-04:00,303.1099853515625,303.510009765625,298.30999755859375,300.19000244140625,280.6826171875,2636700,0.0,0.0
2024-05-29 00:00:00-04:00,299.0400085449219,299.05999755859375,295.80999755859375,296.3699951171875,277.11083984375,2475900,0.0,0.0
2024-05-30 00:00:00-04:00,297.17999267578125,303.57000732421875,295.489990234375,301.0,281.44000244140625,2727100,0.0,0.0
2024-05-31 00:00:00-04:00,302.010009765625,305.8999938964844,299.5,305.8500061035156,285.974853515625,4488900,0.0,0.0
2024-06-03 00:00:00-04:00,306.7900085449219,311.4800109863281,303.8500061035156,307.4200134277344,287.4427795410156,2447400,0.0,0.0
2024-06-04 00:00:00-04:00,308.0,310.9200134277344,307.04998779296875,307.3699951171875,287.3960266113281,1830200,0.0,0.0
2024-06-05 00:00:00-04:00,307.79998779296875,310.30999755859375,306.3999938964844,307.3800048828125,287.4054260253906,1748600,0.0,0.0
2024-06-06 00:00:00-04:00,306.9200134277344,310.010009765625,304.30999755859375,305.69000244140625,285.8252258300781,1927900,0.0,0.0
2024-06-07 00:00:00-04:00,306.7200012207031,307.9599914550781,304.4800109863281,305.0199890136719,285.1986999511719,1925000,0.0,0.0
2024-06-10 00:00:00-04:00,304.54998779296875,305.5299987792969,300.8900146484375,304.7200012207031,284.91827392578125,1992800,0.0,0.0
2024-06-11 00:00:00-04:00,302.2900085449219,302.5799865722656,299.79998779296875,300.70001220703125,281.1595153808594,1740200,0.0,0.0
2024-06-12 00:00:00-04:00,301.2900085449219,303.5400085449219,299.42999267578125,301.0799865722656,281.5148010253906,1640100,0.0,0.0
2024-06-13 00:00:00-04:00,296.9599914550781,299.3399963378906,295.29998779296875,298.5,279.10247802734375,1732700,0.0,0.0
2024-06-14 00:00:00-04:00,297.6099853515625,299.739990234375,295.8999938964844,298.6199951171875,279.21466064453125,1713600,0.0,0.0
2024-06-17 00:00:00-04:00,298.489990234375,303.9700012207031,296.55999755859375,303.2799987792969,283.57177734375,1875900,0.0,0.0
2024-06-18 00:00:00-04:00,302.75,306.54998779296875,302.0199890136719,305.989990234375,286.1057434082031,2166200,0.0,0.0
2024-06-20 00:00:00-04:00,304.8299865722656,310.29998779296875,303.54998779296875,309.8900146484375,289.7522888183594,2890200,0.0,0.0
2024-06-21 00:00:00-04:00,313.1300048828125,313.44000244140625,307.2900085449219,308.1600036621094,288.1346740722656,6596800,0.0,0.0
2024-06-24 00:00:00-04:00,310.0,318.3399963378906,307.9200134277344,318.1499938964844,297.47552490234375,3389300,0.0,0.0
2024-06-25 00:00:00-04:00,319.2300109863281,326.1199951171875,318.3999938964844,319.30999755859375,298.56011962890625,3150600,0.0,0.0
2024-06-26 00:00:00-04:00,317.17999267578125,317.489990234375,311.7200012207031,312.82000732421875,292.4919128417969,2800200,0.0,0.0
2024-06-27 00:00:00-04:00,311.7300109863281,316.7900085449219,310.7200012207031,313.69000244140625,293.30535888671875,2082200,0.0,0.0
2024-06-28 00:00:00-04:00,313.70001220703125,316.67999267578125,310.5899963378906,312.45001220703125,292.1459045410156,3518100,0.0,0.0
2024-07-01 00:00:00-04:00,313.3399963378906,319.0,310.2300109863281,311.010009765625,290.79949951171875,1769400,0.0,0.0
2024-07-02 00:00:00-04:00,310.25,312.42999267578125,307.6400146484375,310.7699890136719,290.5750732421875,1542700,0.0,0.0
2024-07-03 00:00:00-04:00,311.489990234375,312.5400085449219,306.1099853515625,309.3800048828125,289.2754211425781,1000700,0.0,0.0
2024-07-05 00:00:00-04:00,311.0299987792969,313.4100036621094,308.57000732421875,310.8800048828125,290.677978515625,1274400,0.0,0.0
2024-07-08 00:00:00-04:00,311.3599853515625,315.4800109863281,310.6099853515625,311.4599914550781,291.2202453613281,1167200,0.0,0.0
2024-07-09 00:00:00-04:00,311.6199951171875,316.0799865722656,307.6300048828125,315.9100036621094,295.38104248046875,1852500,0.0,0.0
2024-07-10 00:00:00-04:00,317.05999755859375,322.8800048828125,314.6400146484375,321.6700134277344,300.76678466796875,2192100,0.0,0.0
2024-07-11 00:00:00-04:00,322.0,327.989990234375,320.17999267578125,325.0899963378906,303.96453857421875,2254000,0.0,0.0
2024-07-12 00:00:00-04:00,327.82000732421875,333.8500061035156,326.010009765625,330.8299865722656,309.33148193359375,2191300,0.0,0.0
2024-07-15 00:00:00-04:00,331.8800048828125,332.80999755859375,327.8699951171875,330.1499938964844,308.69573974609375,1688800,0.0,0.0
2024-07-16 00:00:00-04:00,330.4599914550781,335.9100036621094,328.0,333.1400146484375,311.49139404296875,1879400,0.0,0.0
2024-07-17 00:00:00-04:00,330.0,336.6099853515625,328.6000061035156,335.6700134277344,313.8570251464844,1933200,0.0,0.0
2024-07-18 00:00:00-04:00,334.20001220703125,338.9800109863281,330.6700134277344,330.9700012207031,309.4624328613281,2228400,0.0,0.0
2024-07-19 00:00:00-04:00,333.6499938964844,333.9800109863281,328.42999267578125,331.2900085449219,309.7616271972656,1848700,0.0,0.0
2024-07-22 00:00:00-04:00,333.2300109863281,337.0899963378906,332.4700012207031,335.9700012207031,314.1375427246094,1733700,0.0,0.0
2024-07-23 00:00:00-04:00,334.3599853515625,337.0400085449219,331.30999755859375,333.239990234375,311.58489990234375,1458200,0.0,0.0
2024-07-24 00:00:00-04:00,333.25,337.17999267578125,330.3399963378906,335.6099853515625,313.8008728027344,2459300,0.0,0.0
2024-07-25 00:00:00-04:00,335.989990234375,346.8500061035156,333.0199890136719,334.29998779296875,312.5760803222656,2435700,0.0,0.0
2024-07-26 00:00:00-04:00,334.55999755859375,338.94000244140625,333.2799987792969,334.8500061035156,313.0903015136719,1515500,0.0,0.0
2024-07-29 00:00:00-04:00,334.0799865722656,334.8399963378906,331.29998779296875,332.510009765625,310.9023742675781,1611200,0.0,0.0
2024-07-30 00:00:00-04:00,333.0,338.57000732421875,331.6700134277344,333.2799987792969,311.6222839355469,1584000,0.0,0.0
2024-07-31 00:00:00-04:00,331.54998779296875,336.4100036621094,330.57000732421875,332.4700012207031,310.8649597167969,2120500,0.0,0.0
2024-08-01 00:00:00-04:00,336.0899963378906,340.8900146484375,333.4599914550781,335.5299987792969,313.72613525390625,2387700,0.0,0.0
2024-08-02 00:00:00-04:00,337.4200134277344,338.3500061035156,325.7300109863281,333.989990234375,312.2861633300781,2106200,0.0,0.0
2024-08-05 00:00:00-04:00,332.7200012207031,333.3399963378906,321.4100036621094,325.2200012207031,304.0860900878906,2974900,0.0,0.0
2024-08-06 00:00:00-04:00,325.2300109863281,332.9800109863281,323.5199890136719,328.95001220703125,307.5736999511719,2436500,0.0,0.0
2024-08-07 00:00:00-04:00,320.989990234375,323.0,306.5899963378906,312.5,292.19268798828125,4618400,0.0,0.0
2024-08-08 00:00:00-04:00,314.0,325.1199951171875,312.7900085449219,324.69000244140625,303.590576171875,2746700,0.0,0.0
2024-08-09 00:00:00-04:00,323.75,325.0400085449219,319.3299865722656,322.489990234375,301.5334777832031,1786400,0.0,0.0
2024-08-12 00:00:00-04:00,323.8999938964844,323.8999938964844,317.92999267578125,320.0,299.205322265625,1828700,0.0,0.0
2024-08-13 00:00:00-04:00,321.7799987792969,324.0,319.1700134277344,323.45001220703125,302.43115234375,1632800,0.0,0.0
2024-08-14 00:00:00-04:00,320.42999267578125,324.3599853515625,319.55999755859375,322.7300109863281,301.7579345703125,1656100,0.0,0.0
2024-08-15 00:00:00-04:00,323.8800048828125,327.1600036621094,321.94000244140625,325.3900146484375,304.24505615234375,1886800,0.0,0.0
2024-08-16 00:00:00-04:00,323.6499938964844,324.82000732421875,320.5,321.44000244140625,302.64447021484375,1442500,2.25,0.0
2024-08-19 00:00:00-04:00,321.4599914550781,328.17999267578125,321.4100036621094,327.9700012207031,308.7926025390625,1214200,0.0,0.0
2024-08-20 00:00:00-04:00,328.1199951171875,330.5,326.6199951171875,328.54998779296875,309.3387145996094,1352600,0.0,0.0
2024-08-21 00:00:00-04:00,329.54998779296875,330.989990234375,327.9100036621094,329.1499938964844,309.9035949707031,1138200,0.0,0.0
2024-08-22 00:00:00-04:00,329.5,329.5,323.1199951171875,324.5299987792969,305.5538024902344,2172000,0.0,0.0
2024-08-23 00:00:00-04:00,326.2699890136719,331.2900085449219,325.3800048828125,328.79998779296875,309.5740661621094,1771100,0.0,0.0
2024-08-26 00:00:00-04:00,328.4100036621094,330.260009765625,325.5,326.7799987792969,307.6722106933594,1769900,0.0,0.0
2024-08-27 00:00:00-04:00,328.4200134277344,329.8299865722656,325.5799865722656,326.92999267578125,307.8134460449219,1444300,0.0,0.0
2024-08-28 00:00:00-04:00,325.94000244140625,330.510009765625,325.3900146484375,329.489990234375,310.2237243652344,1444200,0.0,0.0
2024-08-29 00:00:00-04:00,331.6700134277344,334.2699890136719,329.25,331.010009765625,311.6548767089844,1294300,0.0,0.0
2024-08-30 00:00:00-04:00,331.95001220703125,335.6600036621094,330.30999755859375,333.8299865722656,314.3099365234375,2173400,0.0,0.0
2024-09-03 00:00:00-04:00,331.8900146484375,333.1400146484375,329.1000061035156,330.510009765625,311.18414306640625,2120500,0.0,0.0
2024-09-04 00:00:00-04:00,329.92999267578125,331.1000061035156,327.6000061035156,330.6400146484375,311.30645751953125,1622100,0.0,0.0
2024-09-05 00:00:00-04:00,330.8999938964844,331.8599853515625,321.9100036621094,324.3599853515625,305.3936767578125,1977400,0.0,0.0
2024-09-06 00:00:00-04:00,324.70001220703125,326.9700012207031,319.0,320.55999755859375,301.81585693359375,2242400,0.0,0.0
2024-09-09 00:00:00-04:00,322.5199890136719,327.80999755859375,320.1000061035156,325.9200134277344,306.86248779296875,1707800,0.0,0.0
2024-09-10 00:00:00-04:00,327.0,329.2300109863281,322.3900146484375,328.92999267578125,309.6965026855469,1408400,0.0,0.0
2024-09-11 00:00:00-04:00,327.80999755859375,330.6499938964844,320.29998779296875,329.9800109863281,310.68511962890625,1711000,0.0,0.0
2024-09-12 00:00:00-04:00,330.2200012207031,332.3800048828125,326.4100036621094,330.05999755859375,310.7603759765625,1590000,0.0,0.0
2024-09-13 00:00:00-04:00,327.9599914550781,334.45001220703125,327.1499938964844,332.45001220703125,313.0106506347656,1397000,0.0,0.0
2024-09-16 00:00:00-04:00,335.8399963378906,337.55999755859375,332.9200134277344,335.260009765625,315.6563415527344,2360600,0.0,0.0
2024-09-17 00:00:00-04:00,334.5799865722656,334.5799865722656,331.0799865722656,332.79998779296875,313.34014892578125,2014000,0.0,0.0
2024-09-18 00:00:00-04:00,333.92999267578125,339.0,331.0,332.9200134277344,313.4532165527344,1366600,0.0,0.0
2024-09-19 00:00:00-04:00,337.0299987792969,338.70001220703125,334.6099853515625,335.95001220703125,316.3059997558594,1626100,0.0,0.0
2024-09-20 00:00:00-04:00,335.1499938964844,338.9700012207031,334.2699890136719,337.3800048828125,317.65240478515625,4068200,0.0,0.0
2024-09-23 00:00:00-04:00,339.0,339.1700134277344,333.3599853515625,335.6099853515625,315.98583984375,1677500,0.0,0.0
2024-09-24 00:00:00-04:00,333.1499938964844,335.4100036621094,330.5,330.9200134277344,311.57012939453125,2101000,0.0,0.0
2024-09-25 00:00:00-04:00,329.0,329.5,312.1600036621094,312.8599853515625,294.5661926269531,4249500,0.0,0.0
2024-09-26 00:00:00-04:00,313.67999267578125,319.7799987792969,313.3699951171875,319.1000061035156,300.4412841796875,2555700,0.0,0.0
2024-09-27 00:00:00-04:00,322.70001220703125,327.9800109863281,320.5199890136719,322.6700134277344,303.80255126953125,2432600,0.0,0.0
2024-09-30 00:00:00-04:00,321.32000732421875,323.2300109863281,318.7900085449219,322.2099914550781,303.369384765625,1966900,0.0,0.0
2024-10-01 00:00:00-04:00,322.04998779296875,322.20001220703125,316.9200134277344,320.32000732421875,301.58990478515625,2097400,0.0,0.0
2024-10-02 00:00:00-04:00,317.6300048828125,320.6700134277344,316.17999267578125,319.7300109863281,301.034423828125,2614400,0.0,0.0
2024-10-03 00:00:00-04:00,317.1099853515625,319.7300109863281,315.4599914550781,317.4800109863281,298.916015625,1525300,0.0,0.0
2024-10-04 00:00:00-04:00,318.7200012207031,320.739990234375,316.42999267578125,319.6600036621094,300.96856689453125,1467800,0.0,0.0
2024-10-07 00:00:00-04:00,320.0799865722656,320.2099914550781,315.9200134277344,317.45001220703125,298.8877868652344,1262300,0.0,0.0
2024-10-08 00:00:00-04:00,319.1700134277344,319.95001220703125,316.4800109863281,317.67999267578125,299.1043395996094,1453300,0.0,0.0
2024-10-09 00:00:00-04:00,316.6600036621094,322.989990234375,314.70001220703125,322.4100036621094,303.5577087402344,1379400,0.0,0.0
2024-10-10 00:00:00-04:00,320.95001220703125,322.57000732421875,318.75,321.010009765625,302.2395935058594,1254600,0.0,0.0
2024-10-11 00:00:00-04:00,322.20001220703125,329.1700134277344,320.1000061035156,328.3500061035156,309.1504211425781,1567200,0.0,0.0
2024-10-14 00:00:00-04:00,325.5899963378906,326.95001220703125,322.5899963378906,324.6199951171875,305.6384582519531,1613300,0.0,0.0
2024-10-15 00:00:00-04:00,326.0299987792969,327.3299865722656,324.0299987792969,325.0899963378906,306.0810241699219,1956200,0.0,0.0
2024-10-16 00:00:00-04:00,326.20001220703125,326.7300109863281,321.32000732421875,321.6300048828125,302.82330322265625,1776700,0.0,0.0
2024-10-17 00:00:00-04:00,325.9200134277344,325.9200134277344,320.5,321.3299865722656,302.5408630371094,1635600,0.0,0.0
2024-10-18 00:00:00-04:00,320.6099853515625,322.55999755859375,319.17999267578125,321.6600036621094,302.8515625,1552100,0.0,0.0
2024-10-21 00:00:00-04:00,320.1600036621094,321.79998779296875,315.8699951171875,316.739990234375,298.2192687988281,1533200,0.0,0.0
2024-10-22 00:00:00-04:00,315.239990234375,321.0799865722656,313.9800109863281,319.6600036621094,300.96856689453125,2106500,0.0,0.0
2024-10-23 00:00:00-04:00,316.010009765625,318.54998779296875,313.70001220703125,314.8999938964844,296.4868469238281,1526300,0.0,0.0
2024-10-24 00:00:00-04:00,314.42999267578125,317.239990234375,313.6300048828125,315.69000244140625,297.23065185546875,1326600,0.0,0.0
2024-10-25 00:00:00-04:00,318.489990234375,319.20001220703125,314.8800048828125,316.9800109863281,298.4451904296875,1604400,0.0,0.0
2024-10-28 00:00:00-04:00,318.05999755859375,320.1400146484375,315.8999938964844,317.1700134277344,298.6241455078125,1816000,0.0,0.0
2024-10-29 00:00:00-04:00,317.010009765625,319.2099914550781,314.82000732421875,316.0,297.52252197265625,1466500,0.0,0.0
2024-10-30 00:00:00-04:00,311.95001220703125,317.8999938964844,310.6300048828125,315.5400085449219,297.0894775390625,2223600,0.0,0.0
2024-10-31 00:00:00-04:00,317.69000244140625,323.3999938964844,315.6499938964844,320.1600036621094,301.43927001953125,2713500,0.0,0.0
2024-11-01 00:00:00-04:00,318.69000244140625,321.70001220703125,316.9100036621094,319.2200012207031,300.55419921875,1826700,0.0,0.0
2024-11-04 00:00:00-05:00,320.5799865722656,320.5799865722656,314.6099853515625,316.9100036621094,298.3793640136719,2090100,0.0,0.0
2024-11-05 00:00:00-05:00,316.1600036621094,319.5199890136719,313.0199890136719,319.2900085449219,300.6201477050781,1472300,0.0,0.0
2024-11-06 00:00:00-05:00,325.0,325.3900146484375,318.1700134277344,321.7900085449219,302.9739990234375,2208600,0.0,0.0
2024-11-07 00:00:00-05:00,322.0,322.9700012207031,318.5400085449219,321.9100036621094,303.0869445800781,2654700,0.0,0.0
2024-11-08 00:00:00-05:00,322.4800109863281,328.25,321.2799987792969,325.2799987792969,306.2599182128906,1978100,0.0,0.0
2024-11-11 00:00:00-05:00,325.9100036621094,327.5799865722656,321.6099853515625,321.80999755859375,302.9927978515625,2457000,0.0,0.0
2024-11-12 00:00:00-05:00,319.5899963378906,321.2200012207031,293.79998779296875,298.8399963378906,281.3659362792969,6680300,0.0,0.0
2024-11-13 00:00:00-05:00,306.0,307.42999267578125,298.9100036621094,301.44000244140625,283.81390380859375,3725600,0.0,0.0
2024-11-14 00:00:00-05:00,297.9100036621094,298.4800109863281,292.3299865722656,295.92999267578125,278.6260681152344,3515600,0.0,0.0
2024-11-15 00:00:00-05:00,291.5,291.5,279.6199951171875,283.6099853515625,267.02642822265625,5324700,0.0,0.0
2024-11-18 00:00:00-05:00,279.3800048828125,281.3599853515625,276.55999755859375,278.760009765625,264.5589294433594,3174600,2.25,0.0
2024-11-19 00:00:00-05:00,277.6700134277344,281.6000061035156,275.55999755859375,279.95001220703125,265.68829345703125,3210300,0.0,0.0
2024-11-20 00:00:00-05:00,281.1000061035156,288.4800109863281,278.55999755859375,287.8699951171875,273.2048034667969,4759200,0.0,0.0
2024-11-21 00:00:00-05:00,288.17999267578125,291.1099853515625,284.1400146484375,289.8999938964844,275.1314392089844,3553200,0.0,0.0
2024-11-22 00:00:00-05:00,290.8399963378906,295.4800109863281,288.7799987792969,294.5299987792969,279.5255432128906,3053200,0.0,0.0
2024-11-25 00:00:00-05:00,293.54998779296875,297.32000732421875,293.5,294.0,279.0225524902344,4695700,0.0,0.0
2024-11-26 00:00:00-05:00,264.2200012207031,280.3399963378906,257.79998779296875,280.010009765625,265.74530029296875,17010300,0.0,0.0
2024-11-27 00:00:00-05:00,279.0,282.69000244140625,278.0,280.07000732421875,265.8021545410156,6622800,0.0,0.0
2024-11-29 00:00:00-05:00,279.4599914550781,283.6400146484375,277.6400146484375,282.8699951171875,268.4595642089844,2232800,0.0,0.0
2024-12-02 00:00:00-05:00,282.0799865722656,282.3900146484375,276.8900146484375,278.1000061035156,263.9325866699219,4677800,0.0,0.0
2024-12-03 00:00:00-05:00,277.0,281.3800048828125,276.5,278.32000732421875,264.1413879394531,5468800,0.0,0.0
2024-12-04 00:00:00-05:00,275.80999755859375,279.4100036621094,273.8599853515625,278.260009765625,264.0844421386719,4173900,0.0,0.0
2024-12-05 00:00:00-05:00,277.0,279.0400085449219,273.1499938964844,274.3299865722656,260.3546142578125,3187000,0.0,0.0
2024-12-06 00:00:00-05:00,275.010009765625,275.3599853515625,271.4800109863281,272.5799865722656,258.6937561035156,3970200,0.0,0.0
2024-12-09 00:00:00-05:00,273.1600036621094,280.0,272.2799987792969,277.6300048828125,263.4865417480469,3222100,0.0,0.0
2024-12-10 00:00:00-05:00,277.8599853515625,277.8999938964844,272.3599853515625,275.75,261.70233154296875,2791400,0.0,0.0
2024-12-11 00:00:00-05:00,276.0,276.2799987792969,270.5799865722656,273.4100036621094,259.48150634765625,4493500,0.0,0.0
2024-12-12 00:00:00-05:00,273.80999755859375,275.8800048828125,272.1499938964844,274.05999755859375,260.0983581542969,3749200,0.0,0.0
2024-12-13 00:00:00-05:00,272.9599914550781,274.07000732421875,270.0199890136719,270.6199951171875,256.83355712890625,2906300,0.0,0.0
2024-12-16 00:00:00-05:00,270.6199951171875,272.69000244140625,266.2200012207031,266.5,252.9235076904297,3711100,0.0,0.0
2024-12-17 00:00:00-05:00,265.4599914550781,270.260009765625,264.80999755859375,265.95001220703125,252.4015350341797,4742500,0.0,0.0
2024-12-18 00:00:00-05:00,265.17999267578125,267.19000244140625,258.67999267578125,258.7799987792969,245.59677124023438,4093600,0.0,0.0
2024-12-19 00:00:00-05:00,258.0,261.80999755859375,253.3000030517578,261.19000244140625,247.884033203125,4725800,0.0,0.0
2024-12-20 00:00:00-05:00,269.0,269.6099853515625,262.2099914550781,263.3800048828125,249.96246337890625,13687600,0.0,0.0
2024-12-23 00:00:00-05:00,263.1099853515625,264.79998779296875,260.8699951171875,264.0,250.55087280273438,3025700,0.0,0.0
2024-12-24 00:00:00-05:00,262.4800109863281,264.54998779296875,261.3599853515625,264.489990234375,251.01588439941406,1520600,0.0,0.0
2024-12-26 00:00:00-05:00,262.2099914550781,264.7300109863281,261.760009765625,263.17999267578125,249.7726287841797,1637300,0.0,0.0
2024-12-27 00:00:00-05:00,261.1000061035156,263.5,260.510009765625,262.6499938964844,249.26963806152344,2157400,0.0,0.0
2024-12-30 00:00:00-05:00,260.8299865722656,261.55999755859375,258.5,259.29998779296875,246.0902862548828,3039300,0.0,0.0
2024-12-31 00:00:00-05:00,260.75,261.5400085449219,258.8500061035156,260.6400146484375,247.362060546875,1966200,0.0,0.0
2025-01-02 00:00:00-05:00,262.17999267578125,263.5799865722656,258.30999755859375,259.2799987792969,246.07130432128906,2357400,0.0,0.0
2025-01-03 00:00:00-05:00,260.0,262.0799865722656,259.7900085449219,261.2200012207031,247.91249084472656,2979700,0.0,0.0
2025-01-06 00:00:00-05:00,259.04998779296875,261.19000244140625,257.04998779296875,258.5899963378906,245.41647338867188,4668200,0.0,0.0
2025-01-07 00:00:00-05:00,260.2200012207031,265.2099914550781,259.3500061035156,262.05999755859375,248.709716796875,3173700,0.0,0.0
2025-01-08 00:00:00-05:00,261.9700012207031,264.25,259.82000732421875,264.2099914550781,250.75015258789062,2421500,0.0,0.0
2025-01-10 00:00:00-05:00,260.7900085449219,264.7900085449219,260.54998779296875,262.2300109863281,248.87103271484375,2721800,0.0,0.0
2025-01-13 00:00:00-05:00,262.1099853515625,270.489990234375,261.2799987792969,270.19000244140625,256.4255676269531,3365900,0.0,0.0
2025-01-14 00:00:00-05:00,271.6099853515625,271.6099853515625,264.9100036621094,267.1000061035156,253.49290466308594,2942300,0.0,0.0
2025-01-15 00:00:00-05:00,269.3299865722656,272.82000732421875,268.5799865722656,268.94000244140625,255.23919677734375,3737500,0.0,0.0
2025-01-16 00:00:00-05:00,268.9200134277344,270.30999755859375,267.1499938964844,269.42999267578125,255.70423889160156,2684500,0.0,0.0
2025-01-17 00:00:00-05:00,276.9700012207031,276.9700012207031,269.7799987792969,272.1099853515625,258.2476806640625,3244000,0.0,0.0
2025-01-21 00:00:00-05:00,272.1400146484375,276.5,270.2799987792969,274.80999755859375,260.81011962890625,3928500,0.0,0.0
2025-01-22 00:00:00-05:00,272.6600036621094,275.0199890136719,272.07000732421875,273.44000244140625,259.50994873046875,3518300,0.0,0.0
2025-01-23 00:00:00-05:00,273.44000244140625,278.0,272.32000732421875,277.8800048828125,263.7237854003906,2496000,0.0,0.0
2025-01-24 00:00:00-05:00,276.260009765625,277.3599853515625,273.5,275.4200134277344,261.38916015625,2008600,0.0,0.0
2025-01-27 00:00:00-05:00,277.3699951171875,283.2300109863281,276.17999267578125,282.95001220703125,268.5355224609375,3493200,0.0,0.0
2025-01-28 00:00:00-05:00,280.1300048828125,283.5,279.9700012207031,280.29998779296875,266.02044677734375,2735500,0.0,0.0
2025-01-29 00:00:00-05:00,280.0299987792969,283.0400085449219,279.30999755859375,281.67999267578125,267.33013916015625,2454900,0.0,0.0
2025-01-30 00:00:00-05:00,285.0,285.69000244140625,281.6400146484375,284.0199890136719,269.55096435546875,2556100,0.0,0.0
2025-01-31 00:00:00-05:00,282.17999267578125,286.69000244140625,281.9800109863281,285.4200134277344,270.879638671875,3799900,0.0,0.0
2025-02-03 00:00:00-05:00,286.9100036621094,289.5799865722656,283.3999938964844,288.8699951171875,274.1538391113281,4473500,0.0,0.0
2025-02-04 00:00:00-05:00,285.5799865722656,290.4800109863281,284.5199890136719,289.0199890136719,274.2962341308594,3262400,0.0,0.0
2025-02-05 00:00:00-05:00,290.69000244140625,308.2200012207031,289.5199890136719,307.80999755859375,292.1289978027344,5890600,0.0,0.0
2025-02-06 00:00:00-05:00,309.489990234375,309.489990234375,297.1199951171875,297.7799987792969,282.6099548339844,4624500,0.0,0.0
2025-02-07 00:00:00-05:00,299.1600036621094,299.6099853515625,292.5799865722656,293.5400085449219,278.58599853515625,3388300,0.0,0.0
2025-02-10 00:00:00-05:00,296.8800048828125,296.8800048828125,290.6700134277344,294.7900085449219,279.77227783203125,2375600,0.0,0.0
2025-02-11 00:00:00-05:00,290.55999755859375,297.95001220703125,288.3599853515625,296.6600036621094,281.54705810546875,3506900,0.0,0.0
2025-02-12 00:00:00-05:00,293.82000732421875,296.20001220703125,292.6300048828125,295.05999755859375,280.0285339355469,2629900,0.0,0.0
2025-02-13 00:00:00-05:00,297.54998779296875,298.3500061035156,293.54998779296875,296.9700012207031,281.8412170410156,2061700,0.0,0.0
2025-02-14 00:00:00-05:00,294.75,295.1600036621094,290.45001220703125,291.1600036621094,278.5597229003906,2189300,2.38,0.0
2025-02-18 00:00:00-05:00,291.760009765625,293.3299865722656,289.0,292.79998779296875,280.1286926269531,2162200,0.0,0.0
2025-02-19 00:00:00-05:00,292.0,295.9700012207031,291.79998779296875,294.2699890136719,281.5350646972656,2806900,0.0,0.0
2025-02-20 00:00:00-05:00,294.6700134277344,298.1300048828125,293.92999267578125,297.92999267578125,285.0367126464844,2319000,0.0,0.0
2025-02-21 00:00:00-05:00,299.2300109863281,305.3299865722656,297.19000244140625,303.010009765625,289.8968811035156,3261400,0.0,0.0
2025-02-24 00:00:00-05:00,305.2799987792969,313.75,304.3999938964844,309.7200012207031,296.3164978027344,4286600,0.0,0.0
2025-02-25 00:00:00-05:00,311.79998779296875,318.29998779296875,310.29998779296875,315.6300048828125,301.9707336425781,4365700,0.0,0.0
2025-02-26 00:00:00-05:00,311.95001220703125,313.6300048828125,305.54998779296875,306.3800048828125,293.12103271484375,2786900,0.0,0.0
2025-02-27 00:00:00-05:00,305.29998779296875,311.0,303.1000061035156,305.82000732421875,292.5852355957031,3249100,0.0,0.0
2025-02-28 00:00:00-05:00,308.510009765625,308.6199951171875,303.5199890136719,308.05999755859375,294.72833251953125,3173000,0.0,0.0
2025-03-03 00:00:00-05:00,307.3399963378906,312.4800109863281,307.3399963378906,310.7799987792969,297.3305969238281,2970700,0.0,0.0
2025-03-04 00:00:00-05:00,316.5299987792969,319.82000732421875,312.1000061035156,312.19000244140625,298.6795654296875,3820000,0.0,0.0
2025-03-05 00:00:00-05:00,310.6300048828125,318.94000244140625,310.1400146484375,316.57000732421875,302.8700256347656,2629000,0.0,0.0
2025-03-06 00:00:00-05:00,316.4200134277344,318.67999267578125,312.5,317.82000732421875,304.0659484863281,3076500,0.0,0.0
2025-03-07 00:00:00-05:00,318.95001220703125,328.19000244140625,317.7799987792969,324.8599853515625,310.80126953125,3944900,0.0,0.0
2025-03-10 00:00:00-04:00,324.1300048828125,335.8800048828125,322.7699890136719,327.3599853515625,313.1930847167969,4120700,0.0,0.0
2025-03-11 00:00:00-04:00,328.79998779296875,329.1000061035156,318.4200134277344,318.8900146484375,305.0896301269531,3080100,0.0,0.0
2025-03-12 00:00:00-04:00,311.3900146484375,316.0199890136719,308.6400146484375,312.5,298.9761657714844,3182200,0.0,0.0
2025-03-13 00:00:00-04:00,313.6600036621094,316.75,311.989990234375,312.6400146484375,299.1101379394531,2062700,0.0,0.0
2025-03-14 00:00:00-04:00,312.2300109863281,314.510009765625,310.29998779296875,313.7099914550781,300.1338195800781,2396800,0.0,0.0
2025-03-17 00:00:00-04:00,314.6400146484375,318.6600036621094,311.7900085449219,317.1700134277344,303.444091796875,2292900,0.0,0.0
2025-03-18 00:00:00-04:00,317.55999755859375,319.30999755859375,315.17999267578125,318.6499938964844,304.86004638671875,2549300,0.0,0.0
2025-03-19 00:00:00-04:00,317.510009765625,318.9200134277344,313.3999938964844,315.75,302.08551025390625,1834300,0.0,0.0
2025-03-20 00:00:00-04:00,314.17999267578125,315.989990234375,312.239990234375,315.0400085449219,301.4062194824219,2049700,0.0,0.0
2025-03-21 00:00:00-04:00,311.82000732421875,316.489990234375,311.1600036621094,316.0400085449219,302.36297607421875,9995000,0.0,0.0
2025-03-24 00:00:00-04:00,315.0,317.5799865722656,313.42999267578125,314.3800048828125,300.7748107910156,2439400,0.0,0.0
2025-03-25 00:00:00-04:00,313.9800109863281,314.2200012207031,303.510009765625,306.8599853515625,293.5802307128906,2565300,0.0,0.0
2025-03-26 00:00:00-04:00,306.44000244140625,309.0899963378906,304.3500061035156,305.7099914550781,292.4800109863281,2375200,0.0,0.0
2025-03-27 00:00:00-04:00,306.2200012207031,307.57000732421875,304.2900085449219,305.7699890136719,292.53741455078125,1736900,0.0,0.0
2025-03-28 00:00:00-04:00,307.44000244140625,308.1700134277344,304.7099914550781,306.95001220703125,293.66632080078125,1768400,0.0,0.0
2025-03-31 00:00:00-04:00,307.5799865722656,315.0,305.54998779296875,311.54998779296875,298.0672607421875,3336200,0.0,0.0
2025-04-01 00:00:00-04:00,310.5799865722656,312.6199951171875,305.0,306.9200134277344,293.6376647949219,3042300,0.0,0.0
2025-04-02 00:00:00-04:00,305.4100036621094,306.760009765625,300.1000061035156,305.70001220703125,292.4704895019531,1912500,0.0,0.0
2025-04-03 00:00:00-04:00,311.17999267578125,314.8999938964844,306.70001220703125,309.8500061035156,296.4408874511719,3280300,0.0,0.0
2025-04-04 00:00:00-04:00,312.1099853515625,312.1099853515625,293.7200012207031,294.3900146484375,281.6499328613281,5253100,0.0,0.0
2025-04-07 00:00:00-04:00,287.69000244140625,296.94000244140625,281.70001220703125,289.69000244140625,277.1532897949219,4923000,0.0,0.0
2025-04-08 00:00:00-04:00,289.25,294.010009765625,277.510009765625,280.260009765625,268.1314392089844,4097200,0.0,0.0
2025-04-09 00:00:00-04:00,268.9100036621094,291.5,267.3999938964844,291.0899963378906,278.4927062988281,6055700,0.0,0.0
2025-04-10 00:00:00-04:00,287.9800109863281,288.5199890136719,269.6700134277344,281.4100036621094,269.23162841796875,4679100,0.0,0.0
2025-04-11 00:00:00-04:00,282.5,287.8999938964844,277.1000061035156,285.9800109863281,273.6038818359375,3467100,0.0,0.0
2025-04-14 00:00:00-04:00,286.7699890136719,295.17999267578125,285.2099914550781,293.9200134277344,281.20025634765625,2492700,0.0,0.0
2025-04-15 00:00:00-04:00,294.30999755859375,296.1700134277344,292.1400146484375,295.29998779296875,282.5204772949219,2593600,0.0,0.0
2025-04-16 00:00:00-04:00,294.739990234375,294.75,281.0299987792969,282.6400146484375,270.40838623046875,2656300,0.0,0.0
2025-04-17 00:00:00-04:00,277.0400085449219,278.67999267578125,268.5,277.2900085449219,265.2899169921875,4371800,0.0,0.0
2025-04-21 00:00:00-04:00,277.2900085449219,278.25,270.3599853515625,273.67999267578125,261.8361511230469,1803600,0.0,0.0
2025-04-22 00:00:00-04:00,275.70001220703125,278.7300109863281,274.489990234375,278.3999938964844,266.3518981933594,2081000,0.0,0.0
2025-04-23 00:00:00-04:00,279.9100036621094,283.6000061035156,276.4200134277344,277.8999938964844,265.87353515625,2679500,0.0,0.0
2025-04-24 00:00:00-04:00,278.4700012207031,282.260009765625,274.4200134277344,279.8399963378906,267.72955322265625,2260500,0.0,0.0
2025-04-25 00:00:00-04:00,279.4700012207031,282.19000244140625,276.44000244140625,280.8399963378906,268.686279296875,1994600,0.0,0.0
2025-04-28 00:00:00-04:00,280.6300048828125,284.1000061035156,280.0,283.0899963378906,270.8388977050781,2082400,0.0,0.0
2025-04-29 00:00:00-04:00,281.1199951171875,289.8999938964844,279.05999755859375,288.55999755859375,276.07220458984375,2147700,0.0,0.0
2025-04-30 00:00:00-04:00,289.44000244140625,292.0,286.0899963378906,290.9200134277344,278.330078125,2612300,0.0,0.0
2025-05-01 00:00:00-04:00,287.0400085449219,287.8800048828125,282.07000732421875,283.7799987792969,271.4990539550781,2942700,0.0,0.0
2025-05-02 00:00:00-04:00,291.5,291.6099853515625,275.20001220703125,281.2200012207031,269.0498352050781,4537000,0.0,0.0
2025-05-05 00:00:00-04:00,281.57000732421875,281.9700012207031,276.0899963378906,280.05999755859375,267.9400634765625,2781400,0.0,0.0
2025-05-06 00:00:00-04:00,277.0899963378906,277.6099853515625,268.80999755859375,270.44000244140625,258.7363586425781,3253400,0.0,0.0
2025-05-07 00:00:00-04:00,272.0299987792969,276.67999267578125,270.44000244140625,275.8399963378906,263.90264892578125,2363400,0.0,0.0
2025-05-08 00:00:00-04:00,269.45001220703125,274.7799987792969,266.0199890136719,272.04998779296875,260.2767028808594,3618000,0.0,0.0
2025-05-09 00:00:00-04:00,270.6600036621094,273.4800109863281,265.6600036621094,265.8599853515625,254.35455322265625,3328900,0.0,0.0
2025-05-12 00:00:00-04:00,266.4700012207031,276.0899963378906,262.989990234375,274.760009765625,262.86944580078125,4216800,0.0,0.0
2025-05-13 00:00:00-04:00,273.8299865722656,273.9200134277344,268.5299987792969,270.45001220703125,258.7459716796875,2660700,0.0,0.0
2025-05-14 00:00:00-04:00,269.8399963378906,270.3399963378906,261.42999267578125,262.2799987792969,250.92950439453125,3933000,0.0,0.0
2025-05-15 00:00:00-04:00,265.29998779296875,271.69000244140625,264.1499938964844,271.69000244140625,259.9322814941406,3995100,0.0,0.0
2025-05-16 00:00:00-04:00,270.6600036621094,272.5400085449219,267.7300109863281,272.4100036621094,262.9243469238281,2589300,2.38,0.0
2025-05-19 00:00:00-04:00,272.5799865722656,276.0,272.0,275.8500061035156,266.24456787109375,2189400,0.0,0.0
2025-05-20 00:00:00-04:00,275.9100036621094,276.8999938964844,274.2799987792969,275.010009765625,265.43377685546875,2188300,0.0,0.0
2025-05-21 00:00:00-04:00,274.17999267578125,275.5899963378906,270.510009765625,271.3399963378906,261.8915710449219,2559700,0.0,0.0
2025-05-22 00:00:00-04:00,271.3399963378906,272.44000244140625,269.1000061035156,271.8999938964844,262.4320983886719,1919800,0.0,0.0
2025-05-23 00:00:00-04:00,269.4800109863281,272.5199890136719,269.1300048828125,271.6600036621094,262.2004699707031,2532000,0.0,0.0
2025-05-27 00:00:00-04:00,273.70001220703125,279.6300048828125,273.1199951171875,279.45001220703125,269.7192077636719,2917100,0.0,0.0
2025-05-28 00:00:00-04:00,279.0199890136719,281.3399963378906,276.6199951171875,278.3999938964844,268.70574951171875,3863800,0.0,0.0
2025-05-29 00:00:00-04:00,279.2200012207031,283.82000732421875,278.3999938964844,283.5400085449219,273.6667785644531,2801900,0.0,0.0
2025-05-30 00:00:00-04:00,282.6099853515625,288.80999755859375,281.0400085449219,288.17999267578125,278.14520263671875,5439200,0.0,0.0
2025-06-02 00:00:00-04:00,285.6400146484375,289.45001220703125,284.7699890136719,288.4700012207031,278.4250793457031,2394000,0.0,0.0
2025-06-03 00:00:00-04:00,285.5199890136719,291.760009765625,283.0400085449219,289.57000732421875,279.4867858886719,2320400,0.0,0.0
2025-06-04 00:00:00-04:00,290.19000244140625,293.2099914550781,286.8900146484375,287.010009765625,277.01593017578125,2338300,0.0,0.0
2025-06-05 00:00:00-04:00,286.3299865722656,291.3599853515625,284.989990234375,287.1000061035156,277.1028137207031,2522400,0.0,0.0
2025-06-06 00:00:00-04:00,289.79998779296875,293.57000732421875,289.010009765625,290.3299865722656,280.2203063964844,1996100,0.0,0.0
2025-06-09 00:00:00-04:00,290.4700012207031,291.6600036621094,287.5400085449219,289.9800109863281,279.8825378417969,1967100,0.0,0.0
2025-06-10 00:00:00-04:00,290.0,295.6400146484375,289.7900085449219,293.42999267578125,283.2123718261719,2441500,0.0,0.0
2025-06-11 00:00:00-04:00,293.2099914550781,294.6700134277344,291.1499938964844,291.80999755859375,281.6488037109375,1828300,0.0,0.0
2025-06-12 00:00:00-04:00,294.2099914550781,297.44000244140625,292.67999267578125,297.2900085449219,286.9379577636719,2159700,0.0,0.0
2025-06-13 00:00:00-04:00,294.7300109863281,299.489990234375,294.07000732421875,295.2200012207031,284.9400634765625,2191200,0.0,0.0
2025-06-16 00:00:00-04:00,296.30999755859375,298.7699890136719,292.4599914550781,295.55999755859375,285.2682189941406,2047600,0.0,0.0
2025-06-17 00:00:00-04:00,294.4100036621094,295.79998779296875,289.6300048828125,290.04998779296875,279.9500732421875,2515100,0.0,0.0
2025-06-18 00:00:00-04:00,290.7900085449219,291.8699951171875,286.6000061035156,289.6300048828125,279.54473876953125,2026800,0.0,0.0
2025-06-20 00:00:00-04:00,292.1700134277344,294.54998779296875,288.5400085449219,289.3299865722656,279.255126953125,6801300,0.0,0.0
2025-06-23 00:00:00-04:00,290.0799865722656,290.6600036621094,267.8299865722656,272.44000244140625,262.9532775878906,5764900,0.0,0.0
2025-06-24 00:00:00-04:00,273.1300048828125,280.010009765625,269.010009765625,277.489990234375,267.8274230957031,3686900,0.0,0.0
2025-06-25 00:00:00-04:00,275.79998779296875,280.5400085449219,273.1300048828125,280.3500061035156,270.58782958984375,2740300,0.0,0.0
2025-06-26 00:00:00-04:00,280.0,286.1700134277344,277.75,279.1099853515625,269.3910217285156,2998200,0.0,0.0
2025-06-27 00:00:00-04:00,278.57000732421875,281.32000732421875,275.70001220703125,277.1300048828125,267.4799499511719,2894500,0.0,0.0
2025-06-30 00:00:00-04:00,278.8500061035156,280.0400085449219,276.5799865722656,279.2099914550781,269.4875183105469,2963500,0.0,0.0
2025-07-01 00:00:00-04:00,280.010009765625,293.9800109863281,278.9800109863281,290.5199890136719,280.4037170410156,3502700,0.0,0.0
2025-07-02 00:00:00-04:00,291.0299987792969,297.9100036621094,289.5,296.8500061035156,286.5133056640625,2287000,0.0,0.0
2025-07-03 00:00:00-04:00,297.0,298.989990234375,295.510009765625,298.239990234375,287.8548583984375,1518500,0.0,0.0
2025-07-07 00:00:00-04:00,297.8800048828125,298.0,291.3800048828125,292.95001220703125,282.7491149902344,2144500,0.0,0.0
2025-07-08 00:00:00-04:00,291.9599914550781,298.67999267578125,291.25,297.0,286.6580810546875,1534100,0.0,0.0
2025-07-09 00:00:00-04:00,298.510009765625,301.6600036621094,291.7699890136719,296.5199890136719,286.19476318359375,2098000,0.0,0.0
2025-07-10 00:00:00-04:00,296.19000244140625,302.3800048828125,295.1700134277344,300.3699951171875,289.91070556640625,1925800,0.0,0.0
2025-07-11 00:00:00-04:00,298.2300109863281,299.9100036621094,294.0,295.2699890136719,284.98828125,1619800,0.0,0.0
2025-07-14 00:00:00-04:00,293.8599853515625,297.1400146484375,292.8399963378906,297.0299987792969,286.68701171875,1202300,0.0,0.0
2025-07-15 00:00:00-04:00,297.19000244140625,297.5299987792969,291.94000244140625,292.510009765625,282.32440185546875,1592700,0.0,0.0
2025-07-16 00:00:00-04:00,292.510009765625,299.3399963378906,292.3299865722656,299.0199890136719,288.6076965332031,1881000,0.0,0.0
2025-07-17 00:00:00-04:00,297.5899963378906,299.95001220703125,296.2799987792969,298.25,287.8645324707031,1725600,0.0,0.0
2025-07-18 00:00:00-04:00,300.92999267578125,301.0,293.75,294.760009765625,284.49609375,1967700,0.0,0.0
2025-07-21 00:00:00-04:00,294.75,297.0899963378906,293.6000061035156,295.8699951171875,285.56744384765625,2025100,0.0,0.0
2025-07-22 00:00:00-04:00,296.4599914550781,306.79998779296875,295.8599853515625,305.69000244140625,295.04547119140625,2520800,0.0,0.0
2025-07-23 00:00:00-04:00,307.80999755859375,309.489990234375,305.989990234375,309.2200012207031,298.45257568359375,1782700,0.0,0.0
2025-07-24 00:00:00-04:00,309.2300109863281,311.2799987792969,307.3500061035156,308.54998779296875,297.80584716796875,1531200,0.0,0.0
2025-07-25 00:00:00-04:00,308.5799865722656,309.0299987792969,304.45001220703125,306.5799865722656,295.90447998046875,1451300,0.0,0.0
2025-07-28 00:00:00-04:00,305.82000732421875,306.0,300.1000061035156,301.2900085449219,290.7986755371094,1948000,0.0,0.0
2025-07-29 00:00:00-04:00,301.1199951171875,304.07000732421875,297.7799987792969,303.55999755859375,292.9896545410156,1406500,0.0,0.0
2025-07-30 00:00:00-04:00,304.3299865722656,305.57000732421875,299.6600036621094,301.3699951171875,290.8758850097656,1550400,0.0,0.0
2025-07-31 00:00:00-04:00,298.44000244140625,302.9599914550781,293.6300048828125,295.1000061035156,284.8242492675781,2252700,0.0,0.0
2025-08-01 00:00:00-04:00,297.05999755859375,298.5199890136719,292.5899963378906,296.8800048828125,286.542236328125,2410900,0.0,0.0
2025-08-04 00:00:00-04:00,297.29998779296875,302.3299865722656,296.29998779296875,301.94000244140625,291.4260559082031,2316200,0.0,0.0
2025-08-05 00:00:00-04:00,300.7300109863281,302.1000061035156,297.0199890136719,300.0799865722656,289.63079833984375,2664100,0.0,0.0
2025-08-06 00:00:00-04:00,295.510009765625,298.5400085449219,281.6499938964844,284.6700134277344,274.7574157714844,4576000,0.0,0.0
2025-08-07 00:00:00-04:00,287.3500061035156,289.25,281.69000244140625,284.70001220703125,274.786376953125,2588800,0.0,0.0
2025-08-08 00:00:00-04:00,283.489990234375,288.489990234375,283.489990234375,288.2300109863281,278.19342041015625,1803300,0.0,0.0
2025-08-11 00:00:00-04:00,289.739990234375,291.739990234375,284.7200012207031,285.0899963378906,275.16278076171875,1856800,0.0,0.0
2025-08-12 00:00:00-04:00,285.4800109863281,286.260009765625,282.6000061035156,284.9800109863281,275.0566101074219,2200300,0.0,0.0
2025-08-13 00:00:00-04:00,285.32000732421875,289.5799865722656,284.69000244140625,289.3299865722656,279.255126953125,1784900,0.0,0.0
2025-08-14 00:00:00-04:00,288.8800048828125,291.5400085449219,287.4100036621094,290.2900085449219,280.1817626953125,1932300,0.0,0.0
2025-08-15 00:00:00-04:00,292.0299987792969,296.989990234375,290.5799865722656,296.4700012207031,286.1465148925781,2168300,0.0,0.0
2025-08-18 00:00:00-04:00,296.92999267578125,298.1400146484375,292.29998779296875,292.6199951171875,282.4305725097656,1743800,0.0,0.0
2025-08-19 00:00:00-04:00,292.4100036621094,296.989990234375,292.1099853515625,295.54998779296875,285.258544921875,1858500,0.0,0.0
2025-08-20 00:00:00-04:00,296.25,301.4700012207031,295.79998779296875,296.45001220703125,286.1272277832031,1723700,0.0,0.0
2025-08-21 00:00:00-04:00,295.8999938964844,299.8999938964844,294.489990234375,295.760009765625,285.46124267578125,1843700,0.0,0.0
2025-08-22 00:00:00-04:00,295.489990234375,297.8900146484375,293.3500061035156,293.7200012207031,285.7920227050781,1644000,2.38,0.0
2025-08-25 00:00:00-04:00,292.6099853515625,294.6000061035156,287.55999755859375,288.4700012207031,280.6837463378906,1734300,0.0,0.0
2025-08-26 00:00:00-04:00,287.7699890136719,289.8900146484375,286.5299987792969,289.5799865722656,281.7637939453125,1750400,0.0,0.0
2025-08-27 00:00:00-04:00,288.8399963378906,290.25,286.6499938964844,287.9700012207031,280.197265625,1400800,0.0,0.0
2025-08-28 00:00:00-04:00,287.2300109863281,287.2300109863281,284.8699951171875,285.6099853515625,277.90093994140625,1886700,0.0,0.0
2025-08-29 00:00:00-04:00,285.79998779296875,288.29998779296875,285.1600036621094,287.7099914550781,279.94427490234375,1302700,0.0,0.0
2025-09-02 00:00:00-04:00,287.489990234375,288.739990234375,284.7099914550781,286.9200134277344,279.1756286621094,1948200,0.0,0.0
2025-09-03 00:00:00-04:00,284.0799865722656,286.92999267578125,280.3800048828125,283.8500061035156,276.1884460449219,2604100,0.0,0.0
2025-09-04 00:00:00-04:00,284.760009765625,284.760009765625,278.75,280.1000061035156,272.5397033691406,2622000,0.0,0.0
2025-09-05 00:00:00-04:00,279.79998779296875,285.2900085449219,279.0,283.6400146484375,275.9841613769531,2299400,0.0,0.0
2025-09-08 00:00:00-04:00,281.04998779296875,282.42999267578125,277.32000732421875,280.19000244140625,272.6272277832031,2452900,0.0,0.0
2025-09-09 00:00:00-04:00,279.5,282.0799865722656,278.7799987792969,279.9700012207031,272.4132080078125,1733000,0.0,0.0
2025-09-10 00:00:00-04:00,280.0,280.30999755859375,275.1600036621094,278.510009765625,270.9925842285156,2150700,0.0,0.0
2025-09-11 00:00:00-04:00,278.5199890136719,282.8999938964844,278.0,282.7300109863281,275.0987548828125,2233100,0.0,0.0
2025-09-12 00:00:00-04:00,281.0400085449219,282.94000244140625,276.07000732421875,276.3900146484375,268.9298095703125,2143700,0.0,0.0
2025-09-15 00:00:00-04:00,276.07000732421875,277.239990234375,271.6099853515625,274.3999938964844,266.9935302734375,2563100,0.0,0.0
2025-09-16 00:00:00-04:00,275.8900146484375,277.5899963378906,271.7300109863281,273.0799865722656,265.7091369628906,2157400,0.0,0.0
2025-09-17 00:00:00-04:00,274.1400146484375,277.79998779296875,273.0,274.7099914550781,267.295166015625,1748800,0.0,0.0
2025-09-18 00:00:00-04:00,274.70001220703125,276.5,273.9700012207031,275.8299865722656,268.3849182128906,3322500,0.0,0.0
2025-09-19 00:00:00-04:00,278.6400146484375,286.1499938964844,277.3699951171875,285.4100036621094,277.70635986328125,8735100,0.0,0.0
2025-09-22 00:00:00-04:00,284.1300048828125,287.20001220703125,281.7099914550781,286.0,278.2804260253906,3050500,0.0,0.0
2025-09-23 00:00:00-04:00,283.9599914550781,287.260009765625,283.9599914550781,286.80999755859375,279.068603515625,2342000,0.0,0.0
2025-09-24 00:00:00-04:00,285.4700012207031,286.70001220703125,278.0,279.2200012207031,271.6834411621094,2374200,0.0,0.0
2025-09-25 00:00:00-04:00,279.0,281.04998779296875,270.6400146484375,271.17999267578125,263.8604431152344,2802700,0.0,0.0
2025-09-26 00:00:00-04:00,274.3399963378906,275.5,269.7699890136719,272.9800109863281,265.61187744140625,1812200,0.0,0.0
2025-09-29 00:00:00-04:00,273.1000061035156,274.5199890136719,270.6700134277344,273.9700012207031,266.57513427734375,1769100,0.0,0.0
2025-09-30 00:00:00-04:00,274.1400146484375,284.82000732421875,274.0199890136719,282.20001220703125,274.5830078125,3508700,0.0,0.0
2025-10-01 00:00:00-04:00,284.45001220703125,301.6600036621094,283.0,298.5,290.4430236816406,4835400,0.0,0.0
2025-10-02 00:00:00-04:00,298.30999755859375,300.5,295.4599914550781,297.3999938964844,289.3727722167969,2123200,0.0,0.0
2025-10-03 00:00:00-04:00,297.7200012207031,301.5400085449219,295.6300048828125,297.8900146484375,289.8495178222656,2518500,0.0,0.0
2025-10-06 00:00:00-04:00,297.6199951171875,297.6199951171875,293.0299987792969,294.1199951171875,286.1812744140625,1957300,0.0,0.0
2025-10-07 00:00:00-04:00,293.2699890136719,295.8500061035156,290.2099914550781,295.5400085449219,287.5629577636719,1504300,0.0,0.0
2025-10-08 00:00:00-04:00,295.7900085449219,297.6300048828125,292.2900085449219,294.6199951171875,286.6677551269531,2940600,0.0,0.0
2025-10-09 00:00:00-04:00,294.1300048828125,296.6300048828125,293.70001220703125,295.42999267578125,287.4559020996094,1369000,0.0,0.0
2025-10-10 00:00:00-04:00,296.1600036621094,297.0899963378906,289.5799865722656,290.1300048828125,282.2989807128906,2660500,0.0,0.0
2025-10-13 00:00:00-04:00,291.75,296.1300048828125,289.44000244140625,292.3999938964844,284.5076904296875,1838400,0.0,0.0
2025-10-14 00:00:00-04:00,291.75,296.8699951171875,290.9700012207031,293.8500061035156,285.9185485839844,1975900,0.0,0.0
2025-10-15 00:00:00-04:00,292.82000732421875,298.2099914550781,292.42999267578125,297.32000732421875,289.294921875,2502100,0.0,0.0
2025-10-16 00:00:00-04:00,298.07000732421875,302.2699890136719,294.44000244140625,295.80999755859375,287.82562255859375,1715000,0.0,0.0
2025-10-17 00:00:00-04:00,295.239990234375,299.3699951171875,293.1400146484375,298.80999755859375,290.74468994140625,1959400,0.0,0.0
2025-10-20 00:00:00-04:00,299.4800109863281,303.6600036621094,297.75,303.3299865722656,295.14263916015625,1613400,0.0,0.0
2025-10-21 00:00:00-04:00,302.6000061035156,303.8500061035156,298.0299987792969,301.1400146484375,293.01177978515625,1533400,0.0,0.0
2025-10-22 00:00:00-04:00,301.2900085449219,302.82000732421875,295.6000061035156,295.9800109863281,287.9910888671875,1698500,0.0,0.0
2025-10-23 00:00:00-04:00,296.010009765625,296.4599914550781,291.9100036621094,292.8900146484375,284.9844970703125,1496800,0.0,0.0
2025-10-24 00:00:00-04:00,292.8900146484375,293.94000244140625,290.6600036621094,291.760009765625,283.88494873046875,1376300,0.0,0.0
2025-10-27 00:00:00-04:00,291.2099914550781,292.0,288.260009765625,291.1600036621094,283.30120849609375,1794300,0.0,0.0
2025-10-28 00:00:00-04:00,288.92999267578125,292.6300048828125,288.260009765625,292.0899963378906,284.2060546875,2217200,0.0,0.0
2025-10-29 00:00:00-04:00,291.760009765625,294.80999755859375,289.44000244140625,291.7699890136719,283.8946838378906,2824300,0.0,0.0
2025-10-30 00:00:00-04:00,290.5799865722656,294.55999755859375,289.0,292.0,284.1184997558594,2058200,0.0,0.0
2025-10-31 00:00:00-04:00,288.4599914550781,298.8800048828125,288.0,298.42999267578125,290.3748779296875,2687100,0.0,0.0
2025-11-03 00:00:00-05:00,298.42999267578125,301.0,292.1199951171875,296.29998779296875,288.30242919921875,2753300,0.0,0.0
2025-11-04 00:00:00-05:00,298.7099914550781,299.05999755859375,294.4800109863281,296.70001220703125,288.6916198730469,3412500,0.0,0.0
2025-11-05 00:00:00-05:00,303.1300048828125,322.9800109863281,302.1300048828125,319.8599853515625,311.22650146484375,5486200,0.0,0.0
2025-11-06 00:00:00-05:00,319.1000061035156,321.30999755859375,312.5199890136719,315.5899963378906,307.0717468261719,3330300,0.0,0.0
2025-11-07 00:00:00-05:00,316.0799865722656,321.4200134277344,314.0,320.20001220703125,311.5573425292969,2665200,0.0,0.0
2025-11-10 00:00:00-05:00,320.6000061035156,326.17999267578125,319.5400085449219,323.6600036621094,314.9239501953125,2518600,0.0,0.0
2025-11-11 00:00:00-05:00,323.4200134277344,338.54998779296875,323.4200134277344,338.45001220703125,329.3147277832031,3136500,0.0,0.0
2025-11-12 00:00:00-05:00,338.6400146484375,342.3999938964844,335.82000732421875,336.2799987792969,327.20330810546875,2941000,0.0,0.0
2025-11-13 00:00:00-05:00,337.8999938964844,345.8399963378906,335.1199951171875,336.0,326.9308776855469,3413500,0.0,0.0
2025-11-14 00:00:00-05:00,336.739990234375,339.79998779296875,330.3500061035156,336.739990234375,327.65087890625,3310300,0.0,0.0
2025-11-17 00:00:00-05:00,337.6400146484375,344.05999755859375,336.8299865722656,341.7099914550781,332.4867248535156,2996600,0.0,0.0
2025-11-18 00:00:00-05:00,343.7300109863281,345.489990234375,339.29998779296875,343.989990234375,334.7052001953125,2966600,0.0,0.0
2025-11-19 00:00:00-05:00,343.4700012207031,345.2900085449219,340.0199890136719,342.3999938964844,333.1580810546875,2129800,0.0,0.0
2025-11-20 00:00:00-05:00,344.5199890136719,345.0899963378906,335.0,336.07000732421875,326.9989929199219,3183700,0.0,0.0
2025-11-21 00:00:00-05:00,334.8699951171875,342.8399963378906,334.739990234375,337.5400085449219,330.7717590332031,4128600,2.38,0.0
2025-11-24 00:00:00-05:00,335.8399963378906,338.6600036621094,331.7099914550781,334.29998779296875,327.59674072265625,3551600,0.0,0.0
2025-11-25 00:00:00-05:00,335.4100036621094,341.7300109863281,335.4100036621094,341.1099853515625,334.2701721191406,2868600,0.0,0.0
2025-11-26 00:00:00-05:00,341.5299987792969,345.0299987792969,340.0,344.57000732421875,337.66082763671875,2333100,0.0,0.0
2025-11-28 00:00:00-05:00,344.0,345.6600036621094,342.260009765625,345.4599914550781,338.532958984375,1268800,0.0,0.0
2025-12-01 00:00:00-05:00,343.07000732421875,343.9800109863281,336.25,337.489990234375,330.7227783203125,2383800,0.0,0.0
2025-12-02 00:00:00-05:00,338.8599853515625,342.5,336.3299865722656,338.3599853515625,331.5752868652344,2446500,0.0,0.0
2025-12-03 00:00:00-05:00,340.5400085449219,346.3800048828125,338.8500061035156,345.4200134277344,338.4937438964844,2839100,0.0,0.0
2025-12-04 00:00:00-05:00,344.2300109863281,346.3299865722656,338.94000244140625,340.1600036621094,333.3392333984375,3695700,0.0,0.0
2025-12-05 00:00:00-05:00,340.3599853515625,340.8800048828125,328.6300048828125,329.8900146484375,323.2751770019531,2897700,0.0,0.0
2025-12-08 00:00:00-05:00,329.0899963378906,329.6700134277344,320.1700134277344,321.2300109863281,314.788818359375,3510700,0.0,0.0
2025-12-09 00:00:00-05:00,321.82000732421875,323.0,313.17999267578125,313.8500061035156,307.5567932128906,2924900,0.0,0.0
2025-12-10 00:00:00-05:00,316.25,317.4700012207031,313.0,315.3800048828125,309.0561218261719,3071500,0.0,0.0
2025-12-11 00:00:00-05:00,317.8900146484375,320.19000244140625,312.3900146484375,317.3800048828125,311.0159912109375,2454800,0.0,0.0
2025-12-12 00:00:00-05:00,317.29998779296875,319.4599914550781,315.19000244140625,317.739990234375,311.3688049316406,2247200,0.0,0.0
2025-12-15 00:00:00-05:00,321.2099914550781,325.7699890136719,319.05999755859375,325.30999755859375,318.7869873046875,4049500,0.0,0.0
2025-12-16 00:00:00-05:00,324.82000732421875,327.3399963378906,323.0199890136719,326.739990234375,320.1883544921875,2642500,0.0,0.0
2025-12-17 00:00:00-05:00,327.5199890136719,330.0400085449219,325.42999267578125,326.010009765625,319.4729919433594,2517300,0.0,0.0
2025-12-18 00:00:00-05:00,326.2699890136719,328.239990234375,321.9100036621094,324.4200134277344,317.91485595703125,2669000,0.0,0.0
2025-12-19 00:00:00-05:00,325.55999755859375,331.5,324.7300109863281,327.3800048828125,320.81549072265625,13465700,0.0,0.0
2025-12-22 00:00:00-05:00,327.010009765625,331.8800048828125,326.0799865722656,331.3900146484375,324.7450866699219,2400400,0.0,0.0
2025-12-23 00:00:00-05:00,328.0899963378906,333.6700134277344,328.07000732421875,331.489990234375,324.84307861328125,1552800,0.0,0.0
2025-12-24 00:00:00-05:00,330.7200012207031,334.3800048828125,330.7200012207031,333.9599914550781,327.2635803222656,833700,0.0,0.0
2025-12-26 00:00:00-05:00,333.6499938964844,333.9800109863281,330.8500061035156,332.92999267578125,326.25421142578125,792600,0.0,0.0
2025-12-29 00:00:00-05:00,332.4599914550781,333.5,329.4700012207031,329.6300048828125,323.0203857421875,2181000,0.0,0.0
2025-12-30 00:00:00-05:00,328.6499938964844,329.7699890136719,325.8299865722656,328.69000244140625,322.0992431640625,1255900,0.0,0.0
2025-12-31 00:00:00-05:00,328.69000244140625,329.5,327.05999755859375,327.30999755859375,320.7469177246094,1417300,0.0,0.0
2026-01-02 00:00:00-05:00,328.7699890136719,329.19000244140625,325.010009765625,327.6400146484375,321.0703125,1539700,0.0,0.0
2026-01-05 00:00:00-05:00,324.9200134277344,326.5199890136719,318.2099914550781,320.7200012207031,314.2890319824219,2268700,0.0,0.0
2026-01-06 00:00:00-05:00,319.489990234375,330.94000244140625,318.8299865722656,330.1700134277344,323.549560546875,2722500,0.0,0.0
2026-01-07 00:00:00-05:00,332.1000061035156,343.04998779296875,332.1000061035156,341.6400146484375,334.7895812988281,3599200,0.0,0.0
2026-01-08 00:00:00-05:00,337.760009765625,341.4599914550781,328.2099914550781,330.1099853515625,323.4907531738281,2799300,0.0,0.0
2026-01-09 00:00:00-05:00,328.80999755859375,332.0799865722656,323.8900146484375,326.1000061035156,319.5611877441406,2118400,0.0,0.0
2026-01-12 00:00:00-05:00,328.4700012207031,328.4700012207031,322.739990234375,325.5400085449219,319.01239013671875,2460600,0.0,0.0
2026-01-13 00:00:00-05:00,327.4200134277344,327.75,319.7900085449219,324.29998779296875,317.7972717285156,2382200,0.0,0.0
2026-01-14 00:00:00-05:00,324.0899963378906,329.20001220703125,323.54998779296875,328.9700012207031,322.3736267089844,1897400,0.0,0.0
2026-01-15 00:00:00-05:00,328.9700012207031,332.5,325.19000244140625,330.0299987792969,323.412353515625,2591900,0.0,0.0
2026-01-16 00:00:00-05:00,328.70001220703125,333.0299987792969,326.8999938964844,330.4100036621094,323.78472900390625,4033700,0.0,0.0
2026-01-20 00:00:00-05:00,325.5799865722656,331.3399963378906,321.7099914550781,331.0,324.3629150390625,2947500,0.0,0.0
2026-01-21 00:00:00-05:00,329.95001220703125,343.9800109863281,329.32000732421875,343.6000061035156,336.71026611328125,4148600,0.0,0.0
2026-01-22 00:00:00-05:00,344.1499938964844,349.9800109863281,342.1400146484375,347.07000732421875,340.1106872558594,3025100,0.0,0.0
2026-01-23 00:00:00-05:00,346.17999267578125,349.2300109863281,341.82000732421875,344.75,337.83721923828125,2024900,0.0,0.0
2026-01-26 00:00:00-05:00,344.70001220703125,350.42999267578125,343.6199951171875,349.69000244140625,342.67816162109375,3116100,0.0,0.0
2026-01-27 00:00:00-05:00,348.57000732421875,353.25,346.92999267578125,351.32000732421875,344.27545166015625,3269600,0.0,0.0
2026-01-28 00:00:00-05:00,349.0,351.95001220703125,340.0,342.2200012207031,335.3579406738281,2347800,0.0,0.0
2026-01-29 00:00:00-05:00,341.6600036621094,347.2699890136719,338.75,342.94000244140625,336.0635070800781,3153100,0.0,0.0
2026-01-30 00:00:00-05:00,340.80999755859375,345.5,338.07000732421875,341.8800048828125,335.0247802734375,2522400,0.0,0.0
2026-02-02 00:00:00-05:00,339.4700012207031,345.9800109863281,339.4100036621094,344.67999267578125,337.7685852050781,1899900,0.0,0.0
2026-02-03 00:00:00-05:00,341.239990234375,349.5,338.5899963378906,338.5899963378906,331.80072021484375,4040000,0.0,0.0
2026-02-04 00:00:00-05:00,352.0299987792969,368.75,342.3800048828125,366.20001220703125,358.85711669921875,5899600,0.0,0.0
2026-02-05 00:00:00-05:00,365.7300109863281,374.8999938964844,365.0,367.79998779296875,360.4250183105469,4007300,0.0,0.0
2026-02-06 00:00:00-05:00,369.989990234375,385.1199951171875,368.8999938964844,384.32000732421875,376.61376953125,3840300,0.0,0.0
2026-02-09 00:00:00-05:00,380.70001220703125,384.6199951171875,372.3399963378906,375.82000732421875,368.28424072265625,2843700,0.0,0.0
2026-02-10 00:00:00-05:00,377.0400085449219,377.3599853515625,363.6499938964844,364.6499938964844,357.3381652832031,3526400,0.0,0.0
2026-02-11 00:00:00-05:00,365.1400146484375,368.510009765625,361.0,366.5799865722656,359.2294616699219,2826000,0.0,0.0
2026-02-12 00:00:00-05:00,366.6600036621094,370.8800048828125,365.05999755859375,366.20001220703125,358.85711669921875,2374500,0.0,0.0
2026-02-13 00:00:00-05:00,362.6600036621094,370.4200134277344,361.7099914550781,369.19000244140625,364.2940368652344,2414200,2.52,0.0
2026-02-17 00:00:00-05:00,370.8800048828125,374.7699890136719,369.0,373.3599853515625,368.4087219238281,2255400,0.0,0.0
2026-02-18 00:00:00-05:00,373.5,380.5799865722656,370.44000244140625,379.7300109863281,374.6942443847656,2731900,0.0,0.0
2026-02-19 00:00:00-05:00,377.9100036621094,379.92999267578125,374.1300048828125,375.5,370.52032470703125,2427000,0.0,0.0
2026-02-20 00:00:00-05:00,372.010009765625,377.0,371.3900146484375,374.75,369.7802734375,2911700,0.0,0.0
2026-02-23 00:00:00-05:00,375.260009765625,381.7799987792969,374.739990234375,379.4200134277344,374.3883972167969,2951400,0.0,0.0
2026-02-24 00:00:00-05:00,380.0199890136719,383.20001220703125,378.82000732421875,382.8699951171875,377.7926025390625,2454700,0.0,0.0
2026-02-25 00:00:00-05:00,381.5,387.489990234375,380.5400085449219,384.3299865722656,379.2332458496094,2459500,0.0,0.0
2026-02-26 00:00:00-05:00,385.1400146484375,385.1400146484375,374.25,379.3299865722656,374.299560546875,2589400,0.0,0.0
2026-02-27 00:00:00-05:00,379.2900085449219,390.1400146484375,378.75,388.1600036621094,383.012451171875,3441000,0.0,0.0
2026-03-02 00:00:00-05:00,388.0,391.2900085449219,381.8900146484375,385.70001220703125,380.5850830078125,2837900,0.0,0.0
2026-03-03 00:00:00-05:00,377.9700012207031,381.739990234375,372.7099914550781,377.0,372.0004577636719,2710400,0.0,0.0
2026-03-04 00:00:00-05:00,380.0,380.0899963378906,370.82000732421875,379.2699890136719,374.2403259277344,2028300,0.0,0.0
2026-03-05 00:00:00-05:00,375.17999267578125,377.0899963378906,361.3999938964844,367.6000061035156,362.72509765625,2868400,0.0,0.0
2026-03-06 00:00:00-05:00,364.20001220703125,369.760009765625,361.7099914550781,369.5299987792969,364.6294860839844,2443000,0.0,0.0
2026-03-09 00:00:00-04:00,368.2699890136719,378.82000732421875,366.5299987792969,376.9700012207031,371.9708557128906,2719900,0.0,0.0
2026-03-10 00:00:00-04:00,376.1700134277344,379.260009765625,372.739990234375,375.42999267578125,370.4512634277344,2284500,0.0,0.0
2026-03-11 00:00:00-04:00,375.04998779296875,380.1400146484375,373.0,377.6400146484375,372.6319885253906,2299200,0.0,0.0
2026-03-12 00:00:00-04:00,373.510009765625,375.0,367.760009765625,367.7900085449219,362.91259765625,1990500,0.0,0.0
2026-03-13 00:00:00-04:00,370.67999267578125,372.9800109863281,365.92999267578125,366.2099914550781,361.3535461425781,1500300,0.0,0.0
2026-03-16 00:00:00-04:00,369.3800048828125,370.8900146484375,364.7200012207031,366.25,361.39300537109375,2099100,0.0,0.0
2026-03-17 00:00:00-04:00,368.239990234375,368.7799987792969,359.79998779296875,361.1300048828125,356.3409118652344,2334300,0.0,0.0
2026-03-18 00:00:00-04:00,359.82000732421875,360.69000244140625,350.80999755859375,351.4800109863281,346.8188781738281,2895100,0.0,0.0
2026-03-19 00:00:00-04:00,353.29998779296875,356.32000732421875,347.8500061035156,349.9200134277344,345.27960205078125,2168700,0.0,0.0
2026-03-20 00:00:00-04:00,348.010009765625,351.25,344.95001220703125,347.79998779296875,343.1876525878906,9168800,0.0,0.0
2026-03-23 00:00:00-04:00,351.79998779296875,353.4200134277344,348.6099853515625,349.7699890136719,345.13153076171875,2368700,0.0,0.0
2026-03-24 00:00:00-04:00,346.55999755859375,352.5799865722656,345.79998779296875,348.42999267578125,343.8092956542969,2336700,0.0,0.0
2026-03-25 00:00:00-04:00,350.760009765625,358.0,350.760009765625,353.92999267578125,349.23638916015625,1831900,0.0,0.0
2026-03-26 00:00:00-04:00,350.3299865722656,354.80999755859375,348.5199890136719,353.1600036621094,348.47662353515625,2044800,0.0,0.0
2026-03-27 00:00:00-04:00,355.6600036621094,355.6600036621094,347.79998779296875,348.7699890136719,344.1448059082031,2274800,0.0,0.0
2026-03-30 00:00:00-04:00,351.8299865722656,351.8299865722656,348.1300048828125,349.0,344.37176513671875,2589900,0.0,0.0
2026-03-31 00:00:00-04:00,350.7300109863281,355.489990234375,347.1099853515625,351.8500061035156,347.1839904785156,3747100,0.0,0.0
2026-04-01 00:00:00-04:00,354.8999938964844,357.0,351.6600036621094,353.2799987792969,348.5950012207031,2726600,0.0,0.0
2026-04-02 00:00:00-04:00,352.7200012207031,354.1600036621094,345.8699951171875,347.94000244140625,343.3258361816406,1604300,0.0,0.0
2026-04-06 00:00:00-04:00,345.45001220703125,348.1700134277344,340.6400146484375,342.57000732421875,338.0270690917969,2143700,0.0,0.0
2026-04-07 00:00:00-04:00,340.989990234375,341.8699951171875,335.05999755859375,340.0,335.4911193847656,3162200,0.0,0.0
2026-04-08 00:00:00-04:00,345.6099853515625,351.3299865722656,342.3500061035156,349.80999755859375,345.1710510253906,2666400,0.0,0.0
2026-04-09 00:00:00-04:00,347.4599914550781,359.45001220703125,346.4200134277344,355.6000061035156,350.88427734375,2940700,0.0,0.0
2026-04-10 00:00:00-04:00,357.4599914550781,357.4599914550781,349.75,351.0199890136719,346.3649597167969,2258100,0.0,0.0
2026-04-13 00:00:00-04:00,352.0899963378906,352.6199951171875,345.489990234375,349.82000732421875,345.180908203125,2547700,0.0,0.0
2026-04-14 00:00:00-04:00,346.17999267578125,351.7200012207031,345.4100036621094,350.95001220703125,346.2959289550781,2106800,0.0,0.0
2026-04-15 00:00:00-04:00,351.70001220703125,352.6000061035156,344.2099914550781,348.2200012207031,343.60211181640625,2140000,0.0,0.0
2026-04-16 00:00:00-04:00,346.6300048828125,351.25,346.6000061035156,349.3900146484375,344.7566223144531,1981600,0.0,0.0
2026-04-17 00:00:00-04:00,351.8999938964844,356.69000244140625,349.4200134277344,355.29998779296875,350.58819580078125,3685900,0.0,0.0
2026-04-20 00:00:00-04:00,354.25,356.8999938964844,350.0199890136719,350.1600036621094,345.51641845703125,2107600,0.0,0.0
2026-04-21 00:00:00-04:00,350.2300109863281,350.2300109863281,340.05999755859375,344.8599853515625,340.2866516113281,2066600,0.0,0.0
2026-04-22 00:00:00-04:00,344.0899963378906,347.67999267578125,342.9700012207031,345.9200134277344,341.3326416015625,2136100,0.0,0.0
2026-04-23 00:00:00-04:00,345.5199890136719,350.69000244140625,345.5,348.6199951171875,343.996826171875,2033400,0.0,0.0
2026-04-24 00:00:00-04:00,346.0,347.6600036621094,342.5199890136719,344.54998779296875,339.98077392578125,2201200,0.0,0.0
2026-04-27 00:00:00-04:00,342.3500061035156,348.0400085449219,339.9800109863281,340.17999267578125,335.6687316894531,2653800,0.0,0.0
2026-04-28 00:00:00-04:00,344.5,346.0199890136719,337.82000732421875,339.57000732421875,335.06683349609375,2376400,0.0,0.0
2026-04-29 00:00:00-04:00,335.010009765625,339.1199951171875,333.54998779296875,338.0199890136719,333.537353515625,2516500,0.0,0.0
2026-04-30 00:00:00-04:00,340.75,349.5400085449219,340.04998779296875,346.25,341.6582336425781,3592600,0.0,0.0
2026-05-01 00:00:00-04:00,332.5199890136719,337.0,324.6300048828125,329.82000732421875,325.4461364746094,3821100,0.0,0.0
2026-05-04 00:00:00-04:00,326.0299987792969,326.7900085449219,321.9200134277344,323.8500061035156,319.5552978515625,3481000,0.0,0.0
2026-05-05 00:00:00-04:00,321.9100036621094,329.6600036621094,320.5199890136719,329.5899963378906,325.2191467285156,3321400,0.0,0.0
2026-05-06 00:00:00-04:00,329.1300048828125,332.9800109863281,329.04998779296875,331.1099853515625,326.718994140625,2874400,0.0,0.0
2026-05-07 00:00:00-04:00,330.3900146484375,331.2799987792969,327.2200012207031,329.0899963378906,324.7257995605469,3296900,0.0,0.0
2026-05-08 00:00:00-04:00,329.4800109863281,332.3299865722656,328.0,331.70001220703125,327.30120849609375,2443200,0.0,0.0
2026-05-11 00:00:00-04:00,332.989990234375,334.19000244140625,327.6199951171875,329.5899963378906,325.2191467285156,1918800,0.0,0.0
2026-05-12 00:00:00-04:00,331.95001220703125,338.489990234375,329.79998779296875,336.2900085449219,331.830322265625,3119100,0.0,0.0
2026-05-13 00:00:00-04:00,332.32000732421875,338.0,330.05999755859375,336.45001220703125,331.98822021484375,2183800,0.0,0.0
2026-05-14 00:00:00-04:00,336.260009765625,337.94000244140625,333.4700012207031,336.2300109863281,331.7711486816406,2041600,0.0,0.0
2026-05-15 00:00:00-04:00,336.2300109863281,336.2300109863281,325.1600036621094,326.30999755859375,324.41412353515625,3447700,2.52,0.0
2026-05-18 00:00:00-04:00,325.54998779296875,325.7699890136719,321.2099914550781,324.3900146484375,322.5052795410156,2030100,0.0,0.0
2026-05-19 00:00:00-04:00,323.25,332.3399963378906,320.9700012207031,330.75,328.82830810546875,3040400,0.0,0.0
2026-05-20 00:00:00-04:00,330.75,333.5299987792969,326.79998779296875,331.57000732421875,329.6435546875,4074400,0.0,0.0
2026-05-21 00:00:00-04:00,330.0,337.6300048828125,329.0899963378906,337.4200134277344,335.4595642089844,2001000,0.0,0.0
2026-05-22 00:00:00-04:00,340.260009765625,343.79998779296875,338.3999938964844,339.29998779296875,337.32861328125,1566200,0.0,0.0
2026-05-26 00:00:00-04:00,340.55999755859375,342.489990234375,335.20001220703125,335.94000244140625,333.9881591796875,1860200,0.0,0.0
2026-05-27 00:00:00-04:00,339.5199890136719,341.3900146484375,335.989990234375,336.05999755859375,334.1074523925781,1929500,0.0,0.0
2026-05-28 00:00:00-04:00,336.44000244140625,337.95001220703125,334.1600036621094,336.4800109863281,334.5250244140625,2159000,0.0,0.0
2026-05-29 00:00:00-04:00,336.2200012207031,337.510009765625,333.05999755859375,336.7900085449219,334.8332214355469,2953800,0.0,0.0
2026-06-01 00:00:00-04:00,333.3800048828125,333.8299865722656,326.3500061035156,329.1300048828125,327.2177429199219,2120500,0.0,0.0
2026-06-02 00:00:00-04:00,326.1700134277344,329.4599914550781,322.29998779296875,328.260009765625,326.352783203125,1558800,0.0,0.0
2026-06-03 00:00:00-04:00,327.9800109863281,338.70001220703125,325.9800109863281,338.2200012207031,336.2549133300781,2289300,0.0,0.0
2026-06-04 00:00:00-04:00,345.8699951171875,349.17999267578125,342.25,345.6000061035156,343.592041015625,2907100,0.0,0.0
2026-06-05 00:00:00-04:00,348.760009765625,356.5,347.6600036621094,349.5799865722656,347.54888916015625,3450800,0.0,0.0
2026-06-08 00:00:00-04:00,349.3399963378906,352.1700134277344,344.239990234375,345.7300109863281,343.7212829589844,2488200,0.0,0.0
2026-06-09 00:00:00-04:00,348.239990234375,349.6400146484375,342.6199951171875,344.57000732421875,342.5680236816406,3388200,0.0,0.0
2026-06-10 00:00:00-04:00,346.8599853515625,348.5899963378906,337.489990234375,337.7300109863281,335.76776123046875,3000400,0.0,0.0
2026-06-11 00:00:00-04:00,342.9100036621094,358.4599914550781,341.4599914550781,354.05999755859375,352.00286865234375,4727100,0.0,0.0
2026-06-12 00:00:00-04:00,357.3999938964844,358.1700134277344,351.9599914550781,355.20001220703125,353.1362609863281,2730100,0.0,0.0
2026-06-15 00:00:00-04:00,355.5,358.29998779296875,349.55999755859375,350.5299987792969,348.4933776855469,4371400,0.0,0.0
2026-06-16 00:00:00-04:00,352.0,353.6600036621094,345.8699951171875,347.8399963378906,345.81903076171875,3516400,0.0,0.0
2026-06-17 00:00:00-04:00,347.0799865722656,349.3999938964844,338.8999938964844,341.6600036621094,339.6749267578125,3470300,0.0,0.0
2026-06-18 00:00:00-04:00,344.3800048828125,345.0,334.04998779296875,337.6000061035156,335.6385192871094,8151100,0.0,0.0
2026-06-22 00:00:00-04:00,337.6499938964844,345.1099853515625,337.6000061035156,344.7200012207031,342.7171630859375,2521000,0.0,0.0
2026-06-23 00:00:00-04:00,348.30999755859375,349.3999938964844,345.489990234375,347.010009765625,344.9938659667969,2304600,0.0,0.0
2026-06-24 00:00:00-04:00,348.0,354.4200134277344,346.0,351.42999267578125,349.3881530761719,2391900,0.0,0.0
2026-06-25 00:00:00-04:00,350.05999755859375,359.1000061035156,350.05999755859375,352.82000732421875,350.77008056640625,2340900,0.0,0.0
2026-06-26 00:00:00-04:00,354.69000244140625,362.2699890136719,354.1600036621094,358.3299865722656,356.248046875,3610300,0.0,0.0
2026-06-29 00:00:00-04:00,361.95001220703125,363.1099853515625,358.4599914550781,360.54998779296875,358.4551696777344,2461900,0.0,0.0
2026-06-30 00:00:00-04:00,362.1499938964844,362.7799987792969,356.8699951171875,362.1199951171875,360.01605224609375,2246900,0.0,0.0
2026-07-01 00:00:00-04:00,362.6300048828125,364.0,357.8900146484375,361.3299865722656,359.2306213378906,2244800,0.0,0.0
2026-07-02 00:00:00-04:00,364.739990234375,375.1499938964844,363.3900146484375,374.1499938964844,371.9761657714844,2487600,0.0,0.0
2026-07-06 00:00:00-04:00,371.70001220703125,373.9800109863281,359.4700012207031,366.44000244140625,364.3109436035156,2838000,0.0,0.0
2026-07-07 00:00:00-04:00,374.2799987792969,375.25,366.3599853515625,368.1000061035156,365.9613037109375,1983700,0.0,0.0
2026-07-08 00:00:00-04:00,366.19000244140625,371.4200134277344,363.0,367.989990234375,365.8519287109375,1758800,0.0,0.0
2026-07-09 00:00:00-04:00,367.82000732421875,368.75,361.0299987792969,363.6199951171875,361.50732421875,1728200,0.0,0.0
2026-07-10 00:00:00-04:00,363.0799865722656,364.8999938964844,361.1400146484375,363.3900146484375,361.2786865234375,1632600,0.0,0.0
2026-07-13 00:00:00-04:00,363.0400085449219,363.2900085449219,355.7300109863281,360.45001220703125,358.35577392578125,2064700,0.0,0.0
2026-07-14 00:00:00-04:00,358.17999267578125,358.8599853515625,354.7099914550781,355.25,353.18597412109375,1862900,0.0,0.0
2026-07-15 00:00:00-04:00,354.6600036621094,359.8999938964844,353.95001220703125,358.32000732421875,356.2381286621094,1837800,0.0,0.0
2026-07-16 00:00:00-04:00,358.25,372.1400146484375,357.739990234375,371.5799865722656,369.42108154296875,2355700,0.0,0.0
2026-07-17 00:00:00-04:00,373.9700012207031,378.5400085449219,361.7200012207031,366.2900085449219,364.1618347167969,2861300,0.0,0.0
2026-07-20 00:00:00-04:00,367.95001220703125,370.2900085449219,363.6499938964844,364.1700134277344,362.0541687011719,1922000,0.0,0.0
2026-07-21 00:00:00-04:00,365.0899963378906,368.9100036621094,362.1400146484375,366.239990234375,364.1120910644531,2881800,0.0,0.0
2026-07-22 00:00:00-04:00,369.2300109863281,371.0,364.8599853515625,366.04998779296875,363.9232177734375,1548500,0.0,0.0
2026-07-23 00:00:00-04:00,359.9800109863281,371.8399963378906,359.2099914550781,371.5,369.341552734375,2931900,0.0,0.0
2026-07-24 00:00:00-04:00,372.7300109863281,379.4100036621094,372.1600036621094,376.0400085449219,373.8551940917969,2493800,0.0,0.0
2026-07-27 00:00:00-04:00,378.54998779296875,382.2799987792969,374.3999938964844,376.260009765625,374.07391357421875,2902200,0.0,0.0
2026-07-28 00:00:00-04:00,383.25,398.0,382.2099914550781,393.1000061035156,390.8160705566406,3413000,0.0,0.0
2026-07-29 00:00:00-04:00,395.0299987792969,397.8800048828125,386.5799865722656,387.6400146484375,385.3877868652344,3003700,0.0,0.0
2026-07-30 00:00:00-04:00,379.75,388.4100036621094,378.2200012207031,387.6400146484375,385.3877868652344,3004900,0.0,0.0
2026-07-31 00:00:00-04:00,382.0,386.82000732421875,379.3399963378906,385.1600036621094,382.92218017578125,1954600,0.0,0.0
2026-08-03 00:00:00-04:00,388.5,391.0299987792969,375.9599914550781,378.8699951171875,376.6687316894531,3443100,0.0,0.0
2026-08-04 00:00:00-04:00,380.760009765625,390.9200134277344,376.0199890136719,390.0199890136719,387.7539367675781,3622700,0.0,0.0
2026-08-05 00:00:00-04:00,393.3599853515625,416.239990234375,391.0,407.8299865722656,405.46044921875,5750700,0.0,0.0
2026-08-06 00:00:00-04:00,413.7200012207031,418.3999938964844,401.20001220703125,404.8500061035156,402.497802734375,2609000,0.0,0.0
2026-08-07 00:00:00-04:00,404.0899963378906,411.6000061035156,401.07000732421875,410.95001220703125,408.5623474121094,1821500,0.0,0.0
2026-08-10 00:00:00-04:00,408.4599914550781,417.3599853515625,406.4200134277344,417.20001220703125,414.7760314941406,1959700,0.0,0.0
2026-08-11 00:00:00-04:00,415.5199890136719,421.7900085449219,412.20001220703125,414.29998779296875,411.89288330078125,2029700,0.0,0.0
2026-08-12 00:00:00-04:00,413.30999755859375,418.19000244140625,409.0,416.17999267578125,413.761962890625,2065500,0.0,0.0
2026-08-13 00:00:00-04:00,419.9200134277344,420.260009765625,415.7799987792969,417.8399963378906,415.4123229980469,2777900,0.0,0.0
2026-08-14 00:00:00-04:00,413.760009765625,416.0299987792969,410.5,415.2099914550781,412.7975769042969,2036800,0.0,0.0
2026-08-17 00:00:00-04:00,412.9800109863281,419.6000061035156,410.3999938964844,419.3800048828125,416.943359375,2880500,0.0,0.0
2026-08-18 00:00:00-04:00,421.6400146484375,427.3900146484375,420.7200012207031,425.2799987792969,422.80908203125,2591400,0.0,0.0
2026-08-19 00:00:00-04:00,430.239990234375,443.20001220703125,429.3800048828125,442.3599853515625,439.7898254394531,2544000,0.0,0.0
2026-08-20 00:00:00-04:00,435.7799987792969,441.3399963378906,431.07000732421875,433.7300109863281,431.2099914550781,2914300,0.0,0.0
2026-08-21 00:00:00-04:00,431.7200012207031,440.510009765625,429.3800048828125,439.3299865722656,439.3299865722656,2114300,2.52,0.0
2026-08-24 00:00:00-04:00,440.30999755859375,445.8699951171875,435.510009765625,443.8399963378906,443.8399963378906,2463300,0.0,0.0
2026-08-25 00:00:00-04:00,443.260009765625,447.0299987792969,441.260009765625,442.239990234375,442.239990234375,2100900,0.0,0.0
2026-08-26 00:00:00-04:00,441.0,442.8900146484375,438.239990234375,440.3399963378906,440.3399963378906,2289000,0.0,0.0
2026-08-27 00:00:00-04:00,433.0799865722656,442.1300048828125,431.010009765625,436.989990234375,436.989990234375,1761500,0.0,0.0
2026-08-28 00:00:00-04:00,437.8900146484375,437.8900146484375,430.7200012207031,432.4200134277344,432.4200134277344,1739700,0.0,0.0
2026-08-31 00:00:00-04:00,428.5899963378906,431.8500061035156,426.0,429.8800048828125,429.8800048828125,2339500,0.0,0.0
