Date,Open,High,Low,Close,Adj Close,Volume,Dividends,Stock Splits
2020-01-02 00:00:00-05:00,31.93199920654297,32.25,31.73200035095215,32.23899841308594,27.633760452270508,20329000,0.0,0.0
2020-01-03 00:00:00-05:00,31.750999450683594,32.0,31.408000946044922,31.41900062561035,26.93089485168457,22870000,0.0,0.0
2020-01-06 00:00:00-05:00,31.084999084472656,31.392000198364258,30.96299934387207,31.371999740600586,26.890607833862305,20789000,0.0,0.0
2020-01-07 00:00:00-05:00,31.524999618530273,31.658000946044922,31.225000381469727,31.263999938964844,26.79803466796875,18565000,0.0,0.0
2020-01-08 00:00:00-05:00,31.29800033569336,31.349000930786133,30.840999603271484,30.874000549316406,26.463748931884766,31979000,0.0,0.0
2020-01-09 00:00:00-05:00,31.23200035095215,31.298999786376953,30.30500030517578,30.625999450683594,26.251171112060547,42397000,0.0,0.0
2020-01-10 00:00:00-05:00,30.545000076293945,30.55500030517578,29.8799991607666,29.922000885009766,25.64773941040039,40705000,0.0,0.0
2020-01-13 00:00:00-05:00,30.00200080871582,30.3799991607666,29.966999053955078,30.118000030517578,25.815732955932617,22054000,0.0,0.0
2020-01-14 00:00:00-05:00,30.200000762939453,30.915000915527344,30.159000396728516,30.81800079345703,26.415740966796875,28911000,0.0,0.0
2020-01-15 00:00:00-05:00,30.731000900268555,30.788000106811523,30.06999969482422,30.31399917602539,25.98373794555664,22733000,0.0,0.0
2020-01-16 00:00:00-05:00,30.5,30.785999298095703,30.42099952697754,30.704999923706055,26.318889617919922,21508000,0.0,0.0
2020-01-17 00:00:00-05:00,30.865999221801758,30.893999099731445,30.406999588012695,30.878999710083008,26.468029022216797,26896000,0.0,0.0
2020-01-21 00:00:00-05:00,30.780000686645508,30.951000213623047,30.632999420166016,30.80699920654297,26.406312942504883,21967000,0.0,0.0
2020-01-22 00:00:00-05:00,31.079999923706055,31.79199981689453,31.049999237060547,31.297000885009766,26.826324462890625,29264000,0.0,0.0
2020-01-23 00:00:00-05:00,31.51799964904785,31.979999542236328,31.082000732421875,31.96500015258789,27.398895263671875,30266000,0.0,0.0
2020-01-24 00:00:00-05:00,33.04999923706055,33.15800094604492,32.07699966430664,32.400001525878906,27.771759033203125,55782000,0.0,0.0
2020-01-27 00:00:00-05:00,31.641000747680664,31.988000869750977,30.86400032043457,30.902999877929688,26.488595962524414,38843000,0.0,0.0
2020-01-28 00:00:00-05:00,31.35300064086914,31.92300033569336,31.277000427246094,31.83099937438965,27.28403663635254,23166000,0.0,0.0
2020-01-29 00:00:00-05:00,32.082000732421875,32.542999267578125,31.714000701904297,31.750999450683594,27.215469360351562,23668000,0.0,0.0
2020-01-30 00:00:00-05:00,31.43199920654297,31.552000045776367,30.858999252319336,31.520000457763672,27.017465591430664,21128000,0.0,0.0
2020-01-31 00:00:00-05:00,31.416000366210938,31.45800018310547,30.36199951171875,30.516000747680664,26.156885147094727,22123000,0.0,0.0
2020-02-03 00:00:00-05:00,30.562999725341797,30.65999984741211,30.36400032043457,30.523000717163086,26.16288185119629,21288000,0.0,0.0
2020-02-04 00:00:00-05:00,31.179000854492188,31.457000732421875,30.96500015258789,31.15999984741211,26.70888900756836,22559000,0.0,0.0
2020-02-05 00:00:00-05:00,31.75,31.981000900268555,31.586000442504883,31.738000869750977,27.204326629638672,24825000,0.0,0.0
2020-02-06 00:00:00-05:00,31.884000778198242,31.988000869750977,31.42300033569336,31.9689998626709,27.402326583862305,22683000,0.0,0.0
2020-02-07 00:00:00-05:00,31.832000732421875,31.851999282836914,31.48699951171875,31.523000717163086,27.020036697387695,15883000,0.0,0.0
2020-02-10 00:00:00-05:00,31.23699951171875,31.459999084472656,31.030000686645508,31.420000076293945,26.931753158569336,19218000,0.0,0.0
2020-02-11 00:00:00-05:00,31.665000915527344,32.07899856567383,31.60099983215332,32.01599884033203,27.442611694335938,15527000,0.0,0.0
2020-02-12 00:00:00-05:00,32.20399856567383,32.50899887084961,32.16299819946289,32.470001220703125,27.83176040649414,15310000,0.0,0.0
2020-02-13 00:00:00-05:00,32.14799880981445,32.54600143432617,32.095001220703125,32.39699935913086,27.769187927246094,13857000,0.0,0.0
2020-02-14 00:00:00-05:00,32.48400115966797,32.56999969482422,31.709999084472656,31.777000427246094,27.237756729125977,19137000,0.0,0.0
2020-02-18 00:00:00-05:00,31.5,31.500999450683594,30.80500030517578,31.075000762939453,26.636035919189453,26693000,0.0,0.0
2020-02-19 00:00:00-05:00,31.299999237060547,31.683000564575195,31.170000076293945,31.569000244140625,27.059467315673828,20525000,0.0,0.0
2020-02-20 00:00:00-05:00,31.395999908447266,31.569000244140625,30.61199951171875,30.923999786376953,26.50659942626953,25521000,0.0,0.0
2020-02-21 00:00:00-05:00,30.850000381469727,30.94499969482422,30.229000091552734,30.450000762939453,26.100309371948242,24522000,0.0,0.0
2020-02-24 00:00:00-05:00,29.420000076293945,29.8799991607666,29.006000518798828,29.15999984741211,24.994586944580078,36849000,0.0,0.0
2020-02-25 00:00:00-05:00,29.410999298095703,29.572999954223633,28.10700035095215,28.26799964904785,24.230003356933594,31892000,0.0,0.0
2020-02-26 00:00:00-05:00,28.434999465942383,28.81999969482422,28.399999618530273,28.58799934387207,24.50429344177246,23074000,0.0,0.0
2020-02-27 00:00:00-05:00,28.030000686645508,28.5310001373291,27.354000091552734,27.395000457763672,23.481714248657227,34837000,0.0,0.0
2020-02-28 00:00:00-05:00,26.33300018310547,27.413000106811523,26.27400016784668,27.261999130249023,23.367708206176758,44586000,0.0,0.0
2020-03-02 00:00:00-05:00,27.676000595092773,28.540000915527344,27.114999771118164,28.496999740600586,24.42629623413086,31976000,0.0,0.0
2020-03-03 00:00:00-05:00,28.46500015258789,28.847999572753906,27.156999588012695,27.424999237060547,23.50742530822754,29930000,0.0,0.0
2020-03-04 00:00:00-05:00,27.753999710083008,28.57200050354004,27.476999282836914,28.545000076293945,24.46743392944336,23477000,0.0,0.0
2020-03-05 00:00:00-05:00,27.72599983215332,28.30900001525879,27.2450008392334,27.40399932861328,23.489418029785156,24374000,0.0,0.0
2020-03-06 00:00:00-05:00,26.697999954223633,27.093000411987305,26.25,26.94499969482422,23.095991134643555,30169000,0.0,0.0
2020-03-09 00:00:00-04:00,25.107999801635742,26.027000427246094,24.424999237060547,24.77199935913086,21.233396530151367,43934000,0.0,0.0
2020-03-10 00:00:00-04:00,25.659000396728516,26.368000030517578,24.34000015258789,26.290000915527344,22.534555435180664,55071000,0.0,0.0
2020-03-11 00:00:00-04:00,25.38800048828125,25.64900016784668,24.249000549316406,24.597000122070312,21.08339500427246,36030000,0.0,0.0
2020-03-12 00:00:00-04:00,22.698999404907227,24.275999069213867,21.631999969482422,21.878000259399414,18.752796173095703,64281000,0.0,0.0
2020-03-13 00:00:00-04:00,22.551000595092773,23.44700050354004,20.115999221801758,23.422000885009766,20.07623291015625,84714000,0.0,0.0
2020-03-16 00:00:00-04:00,20.81800079345703,21.8799991607666,18.023000717163086,18.757999420166016,16.078475952148438,76935000,0.0,0.0
2020-03-17 00:00:00-04:00,19.18199920654297,20.000999450683594,18.148000717163086,19.951000213623047,17.10106086730957,70662000,0.0,0.0
2020-03-18 00:00:00-04:00,18.56599998474121,18.74799919128418,15.567000389099121,16.78700065612793,14.389030456542969,98993000,0.0,0.0
2020-03-19 00:00:00-04:00,16.763999938964844,20.746999740600586,16.5,19.44499969482422,16.667341232299805,74438000,0.0,0.0
2020-03-20 00:00:00-04:00,20.200000762939453,20.868000030517578,18.791000366210938,19.222000122070312,16.75625991821289,74044000,0.325,0.0
2020-03-23 00:00:00-04:00,19.288000106811523,19.597000122070312,17.774999618530273,19.347000122070312,16.865224838256836,46921000,0.0,0.0
2020-03-24 00:00:00-04:00,20.56399917602539,21.871000289916992,20.128999710083008,21.275999069213867,18.54677391052246,62970000,0.0,0.0
2020-03-25 00:00:00-04:00,21.2189998626709,24.399999618530273,20.922000885009766,21.7549991607666,18.96433448791504,64442000,0.0,0.0
2020-03-26 00:00:00-04:00,22.60300064086914,24.479999542236328,22.60300064086914,24.316999435424805,21.19768714904785,60213000,0.0,0.0
2020-03-27 00:00:00-04:00,23.299999237060547,24.208999633789062,23.0,23.069000244140625,20.109777450561523,39448000,0.0,0.0
2020-03-30 00:00:00-04:00,23.219999313354492,24.13599967956543,22.8439998626709,24.01099967956543,20.930944442749023,52343000,0.0,0.0
2020-03-31 00:00:00-04:00,23.799999237060547,25.270999908447266,23.606000900268555,23.709999084472656,20.66854476928711,50191000,0.0,0.0
2020-04-01 00:00:00-04:00,22.798999786376953,23.44099998474121,21.968000411987305,22.363000869750977,19.494342803955078,41858000,0.0,0.0
2020-04-02 00:00:00-04:00,22.239999771118164,23.795000076293945,22.145000457763672,23.70599937438965,20.66506576538086,45049000,0.0,0.0
2020-04-03 00:00:00-04:00,23.663999557495117,24.2549991607666,23.05500030517578,23.426000595092773,20.420976638793945,28960000,0.0,0.0
2020-04-06 00:00:00-04:00,24.45800018310547,25.340999603271484,24.356000900268555,25.243999481201172,22.005769729614258,38868000,0.0,0.0
2020-04-07 00:00:00-04:00,26.18400001525879,26.549999237060547,25.253000259399414,25.32699966430664,22.078123092651367,45892000,0.0,0.0
2020-04-08 00:00:00-04:00,25.677000045776367,26.219999313354492,25.36400032043457,26.110000610351562,22.760683059692383,27565000,0.0,0.0
2020-04-09 00:00:00-04:00,26.57900047302246,26.75,25.131000518798828,25.43000030517578,22.16791534423828,34828000,0.0,0.0
2020-04-13 00:00:00-04:00,25.350000381469727,26.152000427246094,25.280000686645508,25.992000579833984,22.657819747924805,25729000,0.0,0.0
2020-04-14 00:00:00-04:00,26.61199951171875,26.83799934387207,26.23200035095215,26.76300048828125,23.32992172241211,23094000,0.0,0.0
2020-04-15 00:00:00-04:00,26.100000381469727,26.23200035095215,25.615999221801758,25.743999481201172,22.441633224487305,25926000,0.0,0.0
2020-04-16 00:00:00-04:00,26.176000595092773,26.176000595092773,25.410999298095703,25.82900047302246,22.515731811523438,26896000,0.0,0.0
2020-04-17 00:00:00-04:00,26.32200050354004,26.743000030517578,25.893999099731445,26.58799934387207,23.177366256713867,34089000,0.0,0.0
2020-04-20 00:00:00-04:00,26.0,26.525999069213867,25.791000366210938,25.827999114990234,22.51485824584961,23801000,0.0,0.0
2020-04-21 00:00:00-04:00,25.45599937438965,25.479000091552734,24.68000030517578,24.764999389648438,21.588211059570312,29138000,0.0,0.0
2020-04-22 00:00:00-04:00,25.476999282836914,26.222000122070312,25.073999404907227,25.996999740600586,22.662181854248047,35438000,0.0,0.0
2020-04-23 00:00:00-04:00,26.024999618530273,26.520000457763672,25.851999282836914,25.89299964904785,22.571523666381836,21659000,0.0,0.0
2020-04-24 00:00:00-04:00,25.981000900268555,26.506999969482422,25.88800048828125,26.481000900268555,23.084091186523438,23373000,0.0,0.0
2020-04-27 00:00:00-04:00,26.434999465942383,27.121999740600586,26.434999465942383,26.844999313354492,23.401397705078125,16588000,0.0,0.0
2020-04-28 00:00:00-04:00,27.423999786376953,27.641000747680664,26.41200065612793,26.472999572753906,23.077117919921875,18988000,0.0,0.0
2020-04-29 00:00:00-04:00,27.107999801635742,27.698999404907227,26.92300033569336,27.601999282836914,24.06129264831543,28871000,0.0,0.0
2020-04-30 00:00:00-04:00,27.35300064086914,27.405000686645508,26.8799991607666,27.16200065612793,23.677738189697266,23379000,0.0,0.0
2020-05-01 00:00:00-04:00,26.600000381469727,26.78499984741211,25.81999969482422,25.969999313354492,22.63864517211914,26836000,0.0,0.0
2020-05-04 00:00:00-04:00,25.92099952697754,26.243000030517578,25.531999588012695,26.22599983215332,22.861806869506836,17046000,0.0,0.0
2020-05-05 00:00:00-04:00,26.655000686645508,26.893999099731445,26.371000289916992,26.48699951171875,23.089319229125977,26462000,0.0,0.0
2020-05-06 00:00:00-04:00,26.83300018310547,27.04800033569336,26.36199951171875,26.417999267578125,23.029170989990234,22727000,0.0,0.0
2020-05-07 00:00:00-04:00,27.0,27.047000885009766,26.600000381469727,26.774999618530273,23.340383529663086,18238000,0.0,0.0
2020-05-08 00:00:00-04:00,27.219999313354492,27.55500030517578,27.003000259399414,27.503000259399414,23.97499656677246,16757000,0.0,0.0
2020-05-11 00:00:00-04:00,27.336999893188477,27.673999786376953,27.174999237060547,27.540000915527344,24.007246017456055,20851000,0.0,0.0
2020-05-12 00:00:00-04:00,27.658000946044922,27.77199935913086,26.82200050354004,26.844999313354492,23.401397705078125,18764000,0.0,0.0
2020-05-13 00:00:00-04:00,27.006999969482422,27.033000946044922,25.93600082397461,26.315000534057617,22.939390182495117,21927000,0.0,0.0
2020-05-14 00:00:00-04:00,26.09600067138672,26.69499969482422,25.475000381469727,26.65999984741211,23.240137100219727,19912000,0.0,0.0
2020-05-15 00:00:00-04:00,25.941999435424805,26.4060001373291,25.677000045776367,26.041000366210938,22.700536727905273,21650000,0.0,0.0
2020-05-18 00:00:00-04:00,26.86199951171875,27.67300033569336,26.799999237060547,27.35300064086914,23.844236373901367,26531000,0.0,0.0
2020-05-19 00:00:00-04:00,27.35300064086914,27.60300064086914,27.160999298095703,27.19499969482422,23.706499099731445,18702000,0.0,0.0
2020-05-20 00:00:00-04:00,27.69700050354004,28.131000518798828,27.607999801635742,27.868000030517578,24.29317283630371,18605000,0.0,0.0
2020-05-21 00:00:00-04:00,27.892000198364258,27.950000762939453,27.46500015258789,27.479999542236328,23.954946517944336,14847000,0.0,0.0
2020-05-22 00:00:00-04:00,27.374000549316406,27.725000381469727,27.051000595092773,27.665000915527344,24.116212844848633,17452000,0.0,0.0
2020-05-26 00:00:00-04:00,28.5,28.708999633789062,28.138999938964844,28.20199966430664,24.58432388305664,23573000,0.0,0.0
2020-05-27 00:00:00-04:00,28.302000045776367,28.780000686645508,28.0,28.759000778198242,25.06987953186035,22812000,0.0,0.0
2020-05-28 00:00:00-04:00,28.5,28.93000030517578,28.243000030517578,28.31399917602539,24.681957244873047,18543000,0.0,0.0
2020-05-29 00:00:00-04:00,28.290000915527344,29.200000762939453,28.19099998474121,29.12700080871582,25.390670776367188,27300000,0.0,0.0
2020-06-01 00:00:00-04:00,29.04199981689453,29.110000610351562,28.73699951171875,28.999000549316406,25.279096603393555,18444000,0.0,0.0
2020-06-02 00:00:00-04:00,29.10300064086914,29.832000732421875,29.009000778198242,29.805999755859375,25.98257827758789,31847000,0.0,0.0
2020-06-03 00:00:00-04:00,30.104999542236328,31.084999084472656,30.051000595092773,30.952999114990234,26.982437133789062,31926000,0.0,0.0
2020-06-04 00:00:00-04:00,30.575000762939453,31.299999237060547,30.209999084472656,30.888999938964844,26.92664337158203,34997000,0.0,0.0
2020-06-05 00:00:00-04:00,31.969999313354492,32.81100082397461,31.509000778198242,31.70800018310547,27.640586853027344,50958000,0.0,0.0
2020-06-08 00:00:00-04:00,31.75,31.884000778198242,31.336000442504883,31.75200080871582,27.67894172668457,23916000,0.0,0.0
2020-06-09 00:00:00-04:00,31.200000762939453,31.88800048828125,31.156999588012695,31.531999588012695,27.487165451049805,22335000,0.0,0.0
2020-06-10 00:00:00-04:00,31.665000915527344,31.92099952697754,31.469999313354492,31.503999710083008,27.46275520324707,25914000,0.0,0.0
2020-06-11 00:00:00-04:00,30.761999130249023,30.854999542236328,29.34000015258789,29.375,25.606857299804688,45115000,0.0,0.0
2020-06-12 00:00:00-04:00,30.281999588012695,30.395000457763672,29.273000717163086,30.024999618530273,26.17348289489746,39439000,0.0,0.0
2020-06-15 00:00:00-04:00,29.5,30.674999237060547,29.240999221801758,30.409000396728516,26.508216857910156,29824000,0.0,0.0
2020-06-16 00:00:00-04:00,31.0,31.454999923706055,30.399999618530273,31.07200050354004,27.086172103881836,30387000,0.0,0.0
2020-06-17 00:00:00-04:00,31.341999053955078,31.67099952697754,31.179000854492188,31.3439998626709,27.323284149169922,20279000,0.0,0.0
2020-06-18 00:00:00-04:00,31.211999893188477,31.91200065612793,31.152000427246094,31.871000289916992,27.782682418823242,33625000,0.0,0.0
2020-06-19 00:00:00-04:00,31.76799964904785,31.809999465942383,30.277000427246094,30.277000427246094,26.66506576538086,58465000,0.325,0.0
2020-06-22 00:00:00-04:00,30.549999237060547,31.417999267578125,30.35300064086914,31.354000091552734,27.61358070373535,27195000,0.0,0.0
2020-06-23 00:00:00-04:00,31.506000518798828,31.743999481201172,31.128999710083008,31.1299991607666,27.416311264038086,22419000,0.0,0.0
2020-06-24 00:00:00-04:00,30.920000076293945,31.097000122070312,30.451000213623047,30.69700050354004,27.034963607788086,19096000,0.0,0.0
2020-06-25 00:00:00-04:00,30.606000900268555,30.947999954223633,30.299999237060547,30.885000228881836,27.200536727905273,15029000,0.0,0.0
2020-06-26 00:00:00-04:00,31.35700035095215,31.577999114990234,30.315000534057617,30.740999221801758,27.073715209960938,31425000,0.0,0.0
2020-06-29 00:00:00-04:00,30.80699920654297,31.041000366210938,30.44499969482422,30.97800064086914,27.282440185546875,14516000,0.0,0.0
2020-06-30 00:00:00-04:00,30.9950008392334,31.707000732421875,30.674999237060547,31.56100082397461,27.7958927154541,25125000,0.0,0.0
2020-07-01 00:00:00-04:00,31.51099967956543,31.684999465942383,31.194000244140625,31.273000717163086,27.542247772216797,15661000,0.0,0.0
2020-07-02 00:00:00-04:00,31.774999618530273,31.937999725341797,31.465999603271484,31.547000885009766,27.7835636138916,16638000,0.0,0.0
2020-07-06 00:00:00-04:00,32.0,32.0989990234375,31.733999252319336,31.878999710083008,28.075952529907227,17561000,0.0,0.0
2020-07-07 00:00:00-04:00,31.733999252319336,31.81599998474121,31.2549991607666,31.312000274658203,27.576595306396484,16150000,0.0,0.0
2020-07-08 00:00:00-04:00,31.61400032043457,31.983999252319336,31.41200065612793,31.957000732421875,28.144649505615234,18023000,0.0,0.0
2020-07-09 00:00:00-04:00,32.000999450683594,32.43299865722656,31.524999618530273,32.150001525878906,28.314624786376953,25225000,0.0,0.0
2020-07-10 00:00:00-04:00,32.191001892089844,32.29899978637695,31.54400062561035,31.944000244140625,28.13319969177246,13280000,0.0,0.0
2020-07-13 00:00:00-04:00,32.167999267578125,32.35300064086914,31.058000564575195,31.131000518798828,27.417186737060547,21549000,0.0,0.0
2020-07-14 00:00:00-04:00,30.89900016784668,31.621999740600586,30.518999099731445,31.507999420166016,27.749210357666016,18363000,0.0,0.0
2020-07-15 00:00:00-04:00,31.594999313354492,31.777000427246094,31.017000198364258,31.378000259399414,27.634723663330078,15253000,0.0,0.0
2020-07-16 00:00:00-04:00,31.06100082397461,31.38800048828125,30.93000030517578,31.134000778198242,27.419832229614258,12929000,0.0,0.0
2020-07-17 00:00:00-04:00,31.415000915527344,31.520999908447266,31.0,31.270999908447266,27.54049301147461,13354000,0.0,0.0
2020-07-20 00:00:00-04:00,31.184999465942383,31.764999389648438,31.025999069213867,31.71299934387207,27.929759979248047,14323000,0.0,0.0
2020-07-21 00:00:00-04:00,31.92300033569336,31.92300033569336,31.267000198364258,31.43400001525879,27.68404197692871,14312000,0.0,0.0
2020-07-22 00:00:00-04:00,31.500999450683594,31.56800079345703,31.03700065612793,31.3799991607666,27.63648223876953,14404000,0.0,0.0
2020-07-23 00:00:00-04:00,31.336999893188477,31.608999252319336,30.83799934387207,30.966999053955078,27.272750854492188,19417000,0.0,0.0
2020-07-24 00:00:00-04:00,30.659000396728516,31.090999603271484,30.417999267578125,30.57900047302246,26.9310359954834,15631000,0.0,0.0
2020-07-27 00:00:00-04:00,30.829999923706055,31.29599952697754,30.749000549316406,31.26799964904785,27.5378475189209,20646000,0.0,0.0
2020-07-28 00:00:00-04:00,31.118000030517578,31.211000442504883,30.615999221801758,30.735000610351562,27.068429946899414,13974000,0.0,0.0
2020-07-29 00:00:00-04:00,30.85300064086914,31.12299919128418,30.743999481201172,30.885000228881836,27.200536727905273,16562000,0.0,0.0
2020-07-30 00:00:00-04:00,30.600000381469727,31.292999267578125,30.600000381469727,31.209999084472656,27.48676300048828,21259000,0.0,0.0
2020-07-31 00:00:00-04:00,31.469999313354492,31.84000015258789,31.139999389648438,31.674999237060547,27.896291732788086,24719000,0.0,0.0
2020-08-03 00:00:00-04:00,31.799999237060547,32.3489990234375,31.72800064086914,32.12300109863281,28.290851593017578,20796000,0.0,0.0
2020-08-04 00:00:00-04:00,32.04999923706055,32.85900115966797,32.03900146484375,32.8390007019043,28.92142677307129,25258000,0.0,0.0
2020-08-05 00:00:00-04:00,32.82500076293945,33.15800094604492,32.58000183105469,32.95399856567383,29.022706985473633,22299000,0.0,0.0
2020-08-06 00:00:00-04:00,32.777000427246094,33.0880012512207,32.54100036621094,32.91600036621094,28.98924446105957,14193000,0.0,0.0
2020-08-07 00:00:00-04:00,32.8390007019043,32.972999572753906,32.14799880981445,32.59299850463867,28.70477867126465,14192000,0.0,0.0
2020-08-10 00:00:00-04:00,32.422000885009766,32.926998138427734,32.40599822998047,32.736000061035156,28.83072280883789,11989000,0.0,0.0
2020-08-11 00:00:00-04:00,32.75699996948242,33.332000732421875,32.2760009765625,32.40299987792969,28.537439346313477,19316000,0.0,0.0
2020-08-12 00:00:00-04:00,32.584999084472656,33.5880012512207,32.5359992980957,33.36399841308594,29.383792877197266,18471000,0.0,0.0
2020-08-13 00:00:00-04:00,33.22100067138672,33.340999603271484,32.78499984741211,32.94200134277344,29.012142181396484,15095000,0.0,0.0
2020-08-14 00:00:00-04:00,32.801998138427734,32.98500061035156,32.599998474121094,32.78200149536133,28.87123680114746,10140000,0.0,0.0
2020-08-17 00:00:00-04:00,32.95100021362305,33.17900085449219,32.900001525878906,33.03200149536133,29.091405868530273,10594000,0.0,0.0
2020-08-18 00:00:00-04:00,33.18600082397461,33.31800079345703,32.81399917602539,32.86399841308594,28.943449020385742,8857000,0.0,0.0
2020-08-19 00:00:00-04:00,32.946998596191406,33.308998107910156,32.82400131225586,32.92100143432617,28.993648529052734,11273000,0.0,0.0
2020-08-20 00:00:00-04:00,32.76900100708008,32.999000549316406,32.60599899291992,32.882999420166016,28.96017837524414,8910000,0.0,0.0
2020-08-21 00:00:00-04:00,32.83000183105469,33.04600143432617,32.5,33.00199890136719,29.06498146057129,11508000,0.0,0.0
2020-08-24 00:00:00-04:00,33.20100021362305,33.61899948120117,33.11399841308594,33.400001525878906,29.415510177612305,11996000,0.0,0.0
2020-08-25 00:00:00-04:00,33.5,33.70899963378906,33.29999923706055,33.61399841308594,29.60397720336914,11140000,0.0,0.0
2020-08-26 00:00:00-04:00,33.4739990234375,34.1510009765625,33.35100173950195,33.96699905395508,29.91486167907715,14844000,0.0,0.0
2020-08-27 00:00:00-04:00,34.04899978637695,34.130001068115234,33.61399841308594,33.91400146484375,29.868186950683594,12552000,0.0,0.0
2020-08-28 00:00:00-04:00,33.900001525878906,34.481998443603516,33.77000045776367,34.481998443603516,30.36842918395996,14589000,0.0,0.0
2020-08-31 00:00:00-04:00,34.35200119018555,35.05799865722656,34.35200119018555,34.71500015258789,30.573637008666992,22229000,0.0,0.0
2020-09-01 00:00:00-04:00,35.0,36.207000732421875,34.742000579833984,35.95399856567383,31.664817810058594,29205000,0.0,0.0
2020-09-02 00:00:00-04:00,36.58599853515625,37.895999908447266,36.356998443603516,37.500999450683594,33.02727127075195,37053000,0.0,0.0
2020-09-03 00:00:00-04:00,36.60100173950195,36.88999938964844,35.01599884033203,35.20899963378906,31.008699417114258,41795000,0.0,0.0
2020-09-04 00:00:00-04:00,36.09700012207031,37.25299835205078,35.349998474121094,36.29499816894531,31.96514892578125,58514000,0.0,0.0
2020-09-08 00:00:00-04:00,35.26599884033203,36.275001525878906,35.0,35.05400085449219,30.8721923828125,26685000,0.0,0.0
2020-09-09 00:00:00-04:00,35.61600112915039,36.185001373291016,35.11000061035156,36.00299835205078,31.70797348022461,26273000,0.0,0.0
2020-09-10 00:00:00-04:00,36.2130012512207,36.78300094604492,35.43899917602539,35.70800018310547,31.448162078857422,22851000,0.0,0.0
2020-09-11 00:00:00-04:00,36.04999923706055,36.426998138427734,35.46799850463867,35.970001220703125,31.67890739440918,17362000,0.0,0.0
2020-09-14 00:00:00-04:00,36.441001892089844,36.5890007019043,35.935001373291016,36.220001220703125,31.899084091186523,16447000,0.0,0.0
2020-09-15 00:00:00-04:00,36.630001068115234,37.11199951171875,36.53499984741211,36.691001892089844,32.313899993896484,16618000,0.0,0.0
2020-09-16 00:00:00-04:00,36.81800079345703,37.20000076293945,36.6349983215332,36.70399856567383,32.32534408569336,18498000,0.0,0.0
2020-09-17 00:00:00-04:00,35.5,37.012001037597656,35.5,36.59199905395508,32.22671127319336,22862000,0.0,0.0
2020-09-18 00:00:00-04:00,36.71200180053711,36.784000396728516,35.505001068115234,35.972999572753906,31.681554794311523,35295000,0.0,0.0
2020-09-21 00:00:00-04:00,35.000999450683594,35.19599914550781,34.347999572753906,35.17900085449219,31.264745712280273,24198000,0.325,0.0
2020-09-22 00:00:00-04:00,35.637001037597656,36.18000030517578,35.29499816894531,36.159000396728516,32.135704040527344,19500000,0.0,0.0
2020-09-23 00:00:00-04:00,36.018001556396484,36.12099838256836,35.005001068115234,35.159000396728516,31.246973037719727,15542000,0.0,0.0
2020-09-24 00:00:00-04:00,35.02000045776367,35.75699996948242,34.909000396728516,35.25199890136719,31.329620361328125,13611000,0.0,0.0
2020-09-25 00:00:00-04:00,35.20500183105469,35.77199935913086,34.827999114990234,35.68000030517578,31.709991455078125,18183000,0.0,0.0
2020-09-28 00:00:00-04:00,36.167999267578125,36.84299850463867,35.90299987792969,36.72999954223633,32.64316940307617,22192000,0.0,0.0
2020-09-29 00:00:00-04:00,36.749000549316406,37.08000183105469,36.39899826049805,36.42599868774414,32.372989654541016,13722000,0.0,0.0
2020-09-30 00:00:00-04:00,36.29499816894531,37.099998474121094,36.17100143432617,36.43199920654297,32.378318786621094,22403000,0.0,0.0
2020-10-01 00:00:00-04:00,36.89799880981445,37.07099914550781,36.481998443603516,36.86000061035156,32.75870895385742,16016000,0.0,0.0
2020-10-02 00:00:00-04:00,36.0,36.492000579833984,35.6150016784668,35.68299865722656,31.712656021118164,17100000,0.0,0.0
2020-10-05 00:00:00-04:00,36.08399963378906,36.685001373291016,35.9900016784668,36.61000061035156,32.536521911621094,18923000,0.0,0.0
2020-10-06 00:00:00-04:00,36.611000061035156,37.20000076293945,36.20199966430664,36.39799880981445,32.34811019897461,16672000,0.0,0.0
2020-10-07 00:00:00-04:00,36.834999084472656,36.986000061035156,36.60599899291992,36.67399978637695,32.59339904785156,12747000,0.0,0.0
2020-10-08 00:00:00-04:00,36.98899841308594,37.42900085449219,36.83100128173828,37.33300018310547,33.1790657043457,17045000,0.0,0.0
2020-10-09 00:00:00-04:00,37.59299850463867,38.0,37.400001525878906,37.66999816894531,33.47858428955078,17253000,0.0,0.0
2020-10-12 00:00:00-04:00,38.17900085449219,38.5099983215332,37.979000091552734,38.24300003051758,33.987831115722656,18839000,0.0,0.0
2020-10-13 00:00:00-04:00,38.441001892089844,38.779998779296875,37.861000061035156,38.14899826049805,33.90427017211914,16731000,0.0,0.0
2020-10-14 00:00:00-04:00,38.354000091552734,38.374000549316406,37.78499984741211,38.029998779296875,33.79850769042969,17298000,0.0,0.0
2020-10-15 00:00:00-04:00,37.505001068115234,38.04899978637695,37.50199890136719,37.99300003051758,33.76564025878906,14361000,0.0,0.0
2020-10-16 00:00:00-04:00,38.327999114990234,38.327999114990234,37.814998626708984,37.8650016784668,33.65187454223633,10295000,0.0,0.0
2020-10-19 00:00:00-04:00,38.124000549316406,38.361000061035156,37.51499938964844,37.57699966430664,33.39592742919922,14803000,0.0,0.0
2020-10-20 00:00:00-04:00,37.70100021362305,38.11399841308594,37.555999755859375,37.69900131225586,33.50434494018555,13297000,0.0,0.0
2020-10-21 00:00:00-04:00,37.57699966430664,37.68600082397461,37.03099822998047,37.20500183105469,33.0653190612793,11896000,0.0,0.0
2020-10-22 00:00:00-04:00,37.108001708984375,37.430999755859375,36.71099853515625,37.33700180053711,33.18263244628906,13547000,0.0,0.0
2020-10-23 00:00:00-04:00,37.32600021362305,37.39400100708008,37.07600021362305,37.27199935913086,33.12485122680664,8868000,0.0,0.0
2020-10-26 00:00:00-04:00,36.959999084472656,36.99599838256836,35.76100158691406,36.30400085449219,32.264564514160156,15509000,0.0,0.0
2020-10-27 00:00:00-04:00,36.518001556396484,36.518001556396484,35.922000885009766,35.959999084472656,31.958845138549805,9620000,0.0,0.0
2020-10-28 00:00:00-04:00,35.400001525878906,35.486000061035156,34.553001403808594,34.72100067138672,30.857690811157227,22331000,0.0,0.0
2020-10-29 00:00:00-04:00,34.72600173950195,35.944000244140625,34.5369987487793,35.500999450683594,31.550907135009766,15697000,0.0,0.0
2020-10-30 00:00:00-04:00,34.93899917602539,35.29899978637695,34.44200134277344,34.9630012512207,31.072778701782227,18530000,0.0,0.0
2020-11-02 00:00:00-05:00,35.50400161743164,35.53900146484375,34.834999084472656,35.125,31.216754913330078,11757000,0.0,0.0
2020-11-03 00:00:00-05:00,35.595001220703125,35.92399978637695,34.66600036621094,35.375999450683594,31.439821243286133,15457000,0.0,0.0
2020-11-04 00:00:00-05:00,36.04800033569336,36.89799880981445,35.7140007019043,36.4630012512207,32.40587615966797,21277000,0.0,0.0
2020-11-05 00:00:00-05:00,37.236000061035156,38.26499938964844,37.20100021362305,38.08700180053711,33.84918212890625,21783000,0.0,0.0
2020-11-06 00:00:00-05:00,38.005001068115234,38.367000579833984,37.71699905395508,38.0620002746582,33.826961517333984,13545000,0.0,0.0
2020-11-09 00:00:00-05:00,38.90999984741211,39.388999938964844,37.500999450683594,37.55400085449219,33.37548065185547,24088000,0.0,0.0
2020-11-10 00:00:00-05:00,37.03200149536133,37.31999969482422,36.0359992980957,36.3129997253418,32.27256393432617,26784000,0.0,0.0
2020-11-11 00:00:00-05:00,37.08599853515625,37.7140007019043,36.85499954223633,37.59199905395508,33.40924835205078,15133000,0.0,0.0
2020-11-12 00:00:00-05:00,37.722999572753906,37.86000061035156,36.827999114990234,37.02000045776367,32.900909423828125,12160000,0.0,0.0
2020-11-13 00:00:00-05:00,37.5,37.733001708984375,37.15800094604492,37.349998474121094,33.19417953491211,10997000,0.0,0.0
2020-11-16 00:00:00-05:00,37.48099899291992,38.137001037597656,37.400001525878906,38.08100128173828,33.843841552734375,12100000,0.0,0.0
2020-11-17 00:00:00-05:00,37.86600112915039,38.24399948120117,37.702999114990234,38.060001373291016,33.82517623901367,11950000,0.0,0.0
2020-11-18 00:00:00-05:00,37.98899841308594,38.49399948120117,37.96200180053711,38.0620002746582,33.826961517333984,13517000,0.0,0.0
2020-11-19 00:00:00-05:00,37.77199935913086,38.48400115966797,37.435001373291016,38.43299865722656,34.15666961669922,14555000,0.0,0.0
2020-11-20 00:00:00-05:00,38.430999755859375,38.8849983215332,38.27000045776367,38.33300018310547,34.067813873291016,16140000,0.0,0.0
2020-11-23 00:00:00-05:00,38.5369987487793,38.915000915527344,38.29999923706055,38.70000076293945,34.39396286010742,12212000,0.0,0.0
2020-11-24 00:00:00-05:00,38.86199951171875,39.28099822998047,38.61800003051758,39.222999572753906,34.8587760925293,13455000,0.0,0.0
2020-11-25 00:00:00-05:00,39.284000396728516,39.54999923706055,38.900001525878906,39.08300018310547,34.73435592651367,11787000,0.0,0.0
2020-11-27 00:00:00-05:00,39.314998626708984,39.91699981689453,39.29999923706055,39.494998931884766,35.10051345825195,6846000,0.0,0.0
2020-11-30 00:00:00-05:00,39.402000427246094,40.215999603271484,39.27399826049805,40.15800094604492,35.689735412597656,15454000,0.0,0.0
2020-12-01 00:00:00-05:00,40.34600067138672,40.667999267578125,40.012001037597656,40.457000732421875,35.955474853515625,18181000,0.0,0.0
2020-12-02 00:00:00-05:00,40.4739990234375,40.54100036621094,40.111000061035156,40.37300109863281,35.880821228027344,10031000,0.0,0.0
2020-12-03 00:00:00-05:00,40.45000076293945,40.66400146484375,39.810001373291016,39.97999954223633,35.53154754638672,16120000,0.0,0.0
2020-12-04 00:00:00-05:00,40.2400016784668,41.2400016784668,40.23899841308594,41.167999267578125,36.58736801147461,20083000,0.0,0.0
2020-12-07 00:00:00-05:00,41.64099884033203,42.284000396728516,41.33399963378906,42.0890007019043,37.40589904785156,19707000,0.0,0.0
2020-12-08 00:00:00-05:00,41.928001403808594,42.66999816894531,41.816001892089844,42.340999603271484,37.629844665527344,18121000,0.0,0.0
2020-12-09 00:00:00-05:00,41.946998596191406,42.61000061035156,41.367000579833984,41.62200164794922,36.990848541259766,20908000,0.0,0.0
2020-12-10 00:00:00-05:00,41.14400100708008,41.525001525878906,40.80099868774414,41.00400161743164,36.44160079956055,26244000,0.0,0.0
2020-12-11 00:00:00-05:00,40.400001525878906,40.70000076293945,39.827999114990234,40.582000732421875,36.06657028198242,26664000,0.0,0.0
2020-12-14 00:00:00-05:00,40.65299987792969,41.43000030517578,40.599998474121094,41.18000030517578,36.59804153442383,26116000,0.0,0.0
2020-12-15 00:00:00-05:00,41.52799987792969,41.93899917602539,41.29899978637695,41.805999755859375,37.15436935424805,21207000,0.0,0.0
2020-12-16 00:00:00-05:00,41.79999923706055,42.71500015258789,41.69599914550781,42.4900016784668,37.762271881103516,23160000,0.0,0.0
2020-12-17 00:00:00-05:00,42.650001525878906,43.000999450683594,42.45500183105469,42.61000061035156,37.868919372558594,17152000,0.0,0.0
2020-12-18 00:00:00-05:00,42.47999954223633,43.564998626708984,42.20000076293945,43.45600128173828,38.949867248535156,45243000,0.36,0.0
2020-12-21 00:00:00-05:00,42.814998626708984,43.20000076293945,42.369998931884766,42.88800048828125,38.44075012207031,19096000,0.0,0.0
2020-12-22 00:00:00-05:00,42.88800048828125,43.35499954223633,42.79999923706055,43.310001373291016,38.819000244140625,17929000,0.0,0.0
2020-12-23 00:00:00-05:00,43.5,43.599998474121094,42.507999420166016,42.54600143432617,38.13421630859375,10533000,0.0,0.0
2020-12-24 00:00:00-05:00,42.8489990234375,43.20000076293945,42.75699996948242,43.145999908447266,38.6720085144043,4123000,0.0,0.0
2020-12-28 00:00:00-05:00,43.433998107910156,43.72700119018555,43.1150016784668,43.1879997253418,38.70966339111328,10625000,0.0,0.0
2020-12-29 00:00:00-05:00,43.58300018310547,43.58300018310547,42.67900085449219,42.90399932861328,38.455101013183594,9593000,0.0,0.0
2020-12-30 00:00:00-05:00,43.16699981689453,43.79999923706055,43.0099983215332,43.483001708984375,38.97406005859375,10553000,0.0,0.0
2020-12-31 00:00:00-05:00,43.63100051879883,43.849998474121094,43.30500030517578,43.78499984741211,39.244747161865234,10211000,0.0,0.0
2021-01-04 00:00:00-05:00,43.93299865722656,44.2239990234375,42.124000549316406,42.52199935913086,38.11272048950195,24171000,0.0,0.0
2021-01-05 00:00:00-05:00,42.505001068115234,42.93899917602539,42.2400016784668,42.810001373291016,38.370845794677734,15069000,0.0,0.0
2021-01-06 00:00:00-05:00,42.33000183105469,43.45800018310547,42.05400085449219,42.54600143432617,38.13421630859375,17226000,0.0,0.0
2021-01-07 00:00:00-05:00,43.20600128173828,44.45899963378906,43.060001373291016,44.3390007019043,39.741302490234375,21267000,0.0,0.0
2021-01-08 00:00:00-05:00,44.70000076293945,44.999000549316406,43.8650016784668,44.56399917602539,39.94297790527344,15271000,0.0,0.0
2021-01-11 00:00:00-05:00,44.06100082397461,44.87799835205078,44.04199981689453,44.57600021362305,39.95372772216797,11660000,0.0,0.0
2021-01-12 00:00:00-05:00,44.777000427246094,45.47600173950195,44.560001373291016,44.93899917602539,40.279075622558594,13846000,0.0,0.0
2021-01-13 00:00:00-05:00,45.029998779296875,45.3489990234375,44.81100082397461,45.12099838256836,40.44221496582031,13118000,0.0,0.0
2021-01-14 00:00:00-05:00,45.35100173950195,45.849998474121094,45.132999420166016,45.207000732421875,40.519287109375,19692000,0.0,0.0
2021-01-15 00:00:00-05:00,44.81800079345703,45.0,44.066001892089844,44.584999084472656,39.961788177490234,18165000,0.0,0.0
2021-01-19 00:00:00-05:00,44.827999114990234,45.94900131225586,44.827999114990234,45.926998138427734,41.16462707519531,18819000,0.0,0.0
2021-01-20 00:00:00-05:00,45.95199966430664,46.57899856567383,45.5,46.1879997253418,41.39857482910156,14710000,0.0,0.0
2021-01-21 00:00:00-05:00,46.21099853515625,46.946998596191406,46.040000915527344,46.68199920654297,41.841339111328125,15749000,0.0,0.0
2021-01-22 00:00:00-05:00,46.37200164794922,46.755001068115234,46.237998962402344,46.50199890136719,41.68000793457031,16248000,0.0,0.0
2021-01-25 00:00:00-05:00,46.95600128173828,47.0,45.608001708984375,46.479000091552734,41.659385681152344,14692000,0.0,0.0
2021-01-26 00:00:00-05:00,46.26499938964844,46.702999114990234,46.1879997253418,46.387001037597656,41.576934814453125,10742000,0.0,0.0
2021-01-27 00:00:00-05:00,45.55400085449219,45.69599914550781,44.1510009765625,44.470001220703125,39.85871505737305,21857000,0.0,0.0
2021-01-28 00:00:00-05:00,45.553001403808594,45.847999572753906,44.702999114990234,45.17399978637695,40.48971939086914,16946000,0.0,0.0
2021-01-29 00:00:00-05:00,44.9900016784668,45.810001373291016,44.76300048828125,45.04999923706055,40.37855911254883,22069000,0.0,0.0
2021-02-01 00:00:00-05:00,45.584999084472656,46.93199920654297,45.35900115966797,46.67399978637695,41.834171295166016,17027000,0.0,0.0
2021-02-02 00:00:00-05:00,46.97600173950195,47.696998596191406,46.79999923706055,47.6879997253418,42.743019104003906,16141000,0.0,0.0
2021-02-03 00:00:00-05:00,47.69300079345703,47.85200119018555,46.45899963378906,46.51900100708008,41.69524383544922,17857000,0.0,0.0
2021-02-04 00:00:00-05:00,46.0,47.11600112915039,45.74800109863281,47.0629997253418,42.18284225463867,15243000,0.0,0.0
2021-02-05 00:00:00-05:00,47.43299865722656,47.69200134277344,46.5359992980957,46.60100173950195,41.768741607666016,12488000,0.0,0.0
2021-02-08 00:00:00-05:00,46.875,47.34199905395508,46.55799865722656,47.27000045776367,42.368370056152344,17610000,0.0,0.0
2021-02-09 00:00:00-05:00,47.20000076293945,47.51900100708008,46.86199951171875,47.4630012512207,42.541358947753906,12758000,0.0,0.0
2021-02-10 00:00:00-05:00,47.72100067138672,47.749000549316406,46.54899978637695,47.005001068115234,42.1308479309082,14587000,0.0,0.0
2021-02-11 00:00:00-05:00,47.36899948120117,47.935001373291016,46.91899871826172,47.8390007019043,42.87837219238281,17123000,0.0,0.0
2021-02-12 00:00:00-05:00,47.8380012512207,48.70199966430664,47.48899841308594,48.63199996948242,43.589141845703125,13551000,0.0,0.0
2021-02-16 00:00:00-05:00,49.0880012512207,49.47800064086914,48.70199966430664,48.91299819946289,43.84099578857422,15163000,0.0,0.0
2021-02-17 00:00:00-05:00,48.42300033569336,48.61199951171875,47.50600051879883,48.24800109863281,43.24496078491211,14084000,0.0,0.0
2021-02-18 00:00:00-05:00,48.02299880981445,48.54100036621094,47.51300048828125,48.32600021362305,43.31486511230469,16715000,0.0,0.0
2021-02-19 00:00:00-05:00,48.724998474121094,49.513999938964844,48.676998138427734,48.99599838256836,43.9153938293457,17992000,0.0,0.0
2021-02-22 00:00:00-05:00,48.400001525878906,48.6609992980957,47.53200149536133,47.63600158691406,42.69642639160156,16967000,0.0,0.0
2021-02-23 00:00:00-05:00,47.11399841308594,47.46200180053711,45.60599899291992,47.189998626708984,42.296669006347656,21303000,0.0,0.0
2021-02-24 00:00:00-05:00,46.768001556396484,48.14099884033203,46.26599884033203,48.0880012512207,43.10154724121094,15125000,0.0,0.0
2021-02-25 00:00:00-05:00,47.474998474121094,47.9379997253418,45.520999908447266,45.715999603271484,40.975502014160156,23148000,0.0,0.0
2021-02-26 00:00:00-05:00,46.75299835205078,47.57600021362305,46.07400131225586,46.98699951171875,42.114715576171875,22640000,0.0,0.0
2021-03-01 00:00:00-05:00,47.970001220703125,49.0,47.38600158691406,48.95800018310547,43.88134002685547,24677000,0.0,0.0
2021-03-02 00:00:00-05:00,49.0369987487793,49.08599853515625,47.959999084472656,48.05099868774414,43.06838607788086,18546000,0.0,0.0
2021-03-03 00:00:00-05:00,47.79999923706055,48.138999938964844,46.196998596191406,46.305999755859375,41.50433349609375,23991000,0.0,0.0
2021-03-04 00:00:00-05:00,46.16699981689453,46.70000076293945,44.143001556396484,44.35900115966797,39.75922775268555,34575000,0.0,0.0
2021-03-05 00:00:00-05:00,45.42499923706055,45.599998474121094,43.29999923706055,45.013999938964844,40.34629440307617,42414000,0.0,0.0
2021-03-08 00:00:00-05:00,44.68299865722656,44.79600143432617,41.92599868774414,42.125,37.756874084472656,45243000,0.0,0.0
2021-03-09 00:00:00-05:00,43.569000244140625,44.689998626708984,43.060001373291016,44.36000061035156,39.760128021240234,37884000,0.0,0.0
2021-03-10 00:00:00-05:00,44.73500061035156,45.40299987792969,43.5099983215332,43.75899887084961,39.221439361572266,19914000,0.0,0.0
2021-03-11 00:00:00-05:00,44.902000427246094,45.744998931884766,44.20899963378906,45.36899948120117,40.66448974609375,26170000,0.0,0.0
2021-03-12 00:00:00-05:00,44.5359992980957,45.3489990234375,44.45199966430664,45.117000579833984,40.43861770629883,18906000,0.0,0.0
2021-03-15 00:00:00-04:00,45.518001556396484,47.12300109863281,45.319000244140625,47.07699966430664,42.19538497924805,31241000,0.0,0.0
2021-03-16 00:00:00-04:00,47.12699890136719,48.400001525878906,46.74100112915039,47.81800079345703,42.85955810546875,31190000,0.0,0.0
2021-03-17 00:00:00-04:00,47.029998779296875,48.72700119018555,47.000999450683594,48.35900115966797,43.344444274902344,23754000,0.0,0.0
2021-03-18 00:00:00-04:00,47.45600128173828,48.334999084472656,46.375,46.415000915527344,41.60203552246094,28728000,0.0,0.0
2021-03-19 00:00:00-04:00,45.70500183105469,47.667999267578125,45.40999984741211,47.44599914550781,42.858543395996094,108602000,0.36,0.0
2021-03-22 00:00:00-04:00,47.29100036621094,48.12799835205078,47.16699981689453,47.52799987792969,42.9326057434082,31805000,0.0,0.0
2021-03-23 00:00:00-04:00,47.37799835205078,47.5369987487793,46.26499938964844,46.40599822998047,41.919090270996094,24712000,0.0,0.0
2021-03-24 00:00:00-04:00,46.94499969482422,46.999000549316406,45.6870002746582,45.72700119018555,41.30574417114258,20882000,0.0,0.0
2021-03-25 00:00:00-04:00,45.49599838256836,46.402000427246094,44.930999755859375,46.16999816894531,41.705909729003906,17537000,0.0,0.0
2021-03-26 00:00:00-04:00,45.66400146484375,48.29999923706055,45.66400146484375,48.20399856567383,43.54324722290039,28925000,0.0,0.0
2021-03-29 00:00:00-04:00,48.040000915527344,48.11600112915039,46.82699966430664,47.262001037597656,42.69233322143555,28410000,0.0,0.0
2021-03-30 00:00:00-04:00,46.38800048828125,46.400001525878906,45.1619987487793,45.61600112915039,41.20547866821289,27935000,0.0,0.0
2021-03-31 00:00:00-04:00,45.900001525878906,46.707000732421875,45.2400016784668,46.36600112915039,41.88296127319336,28684000,0.0,0.0
2021-04-01 00:00:00-04:00,47.207000732421875,47.65800094604492,46.91999816894531,47.595001220703125,42.99312973022461,23528000,0.0,0.0
2021-04-05 00:00:00-04:00,48.029998779296875,48.9640007019043,47.68199920654297,48.847999572753906,44.12498474121094,22966000,0.0,0.0
2021-04-06 00:00:00-04:00,48.3120002746582,48.821998596191406,47.77399826049805,48.387001037597656,43.70855712890625,18063000,0.0,0.0
2021-04-07 00:00:00-04:00,48.000999450683594,48.39099884033203,47.79999923706055,48.24599838256836,43.581180572509766,12074000,0.0,0.0
2021-04-08 00:00:00-04:00,48.79800033569336,48.79800033569336,48.012001037597656,48.54800033569336,43.85399627685547,18121000,0.0,0.0
2021-04-09 00:00:00-04:00,48.0,48.53099822998047,47.65399932861328,48.50899887084961,43.81875228881836,16614000,0.0,0.0
2021-04-12 00:00:00-04:00,48.19300079345703,48.54199981689453,47.86000061035156,48.367000579833984,43.69048309326172,23247000,0.0,0.0
2021-04-13 00:00:00-04:00,48.5,48.821998596191406,48.02899932861328,48.49599838256836,43.8070182800293,15281000,0.0,0.0
2021-04-14 00:00:00-04:00,48.24700164794922,48.91899871826172,47.51900100708008,47.72999954223633,43.115074157714844,18220000,0.0,0.0
2021-04-15 00:00:00-04:00,48.16400146484375,48.23099899291992,47.678001403808594,48.0,43.35896682739258,18370000,0.0,0.0
2021-04-16 00:00:00-04:00,48.04800033569336,48.178001403808594,47.678001403808594,47.87900161743164,43.24967575073242,16263000,0.0,0.0
2021-04-19 00:00:00-04:00,47.65299987792969,47.68000030517578,46.005001068115234,46.20000076293945,41.73301315307617,26319000,0.0,0.0
2021-04-20 00:00:00-04:00,46.000999450683594,46.202999114990234,45.45399856567383,45.72600173950195,41.30484390258789,19128000,0.0,0.0
2021-04-21 00:00:00-04:00,45.52199935913086,46.034000396728516,45.2599983215332,45.979000091552734,41.53337860107422,25947000,0.0,0.0
2021-04-22 00:00:00-04:00,45.5099983215332,46.11399841308594,44.900001525878906,45.51100158691406,41.11063003540039,27057000,0.0,0.0
2021-04-23 00:00:00-04:00,45.8489990234375,46.78499984741211,45.75,46.612998962402344,42.1060791015625,22890000,0.0,0.0
2021-04-26 00:00:00-04:00,46.70199966430664,47.382999420166016,46.356998443603516,47.185001373291016,42.62277603149414,18271000,0.0,0.0
2021-04-27 00:00:00-04:00,47.369998931884766,47.42599868774414,46.50600051879883,46.6349983215332,42.12594223022461,13267000,0.0,0.0
2021-04-28 00:00:00-04:00,46.5369987487793,46.59700012207031,45.60499954223633,45.91999816894531,41.48008346557617,15940000,0.0,0.0
2021-04-29 00:00:00-04:00,46.96900177001953,46.96900177001953,45.90299987792969,46.62900161743164,42.12053298950195,14650000,0.0,0.0
2021-04-30 00:00:00-04:00,45.97100067138672,46.073001861572266,45.38399887084961,45.619998931884766,41.20907974243164,19367000,0.0,0.0
2021-05-03 00:00:00-04:00,45.974998474121094,45.98400115966797,44.827999114990234,45.013999938964844,40.66168212890625,15098000,0.0,0.0
2021-05-04 00:00:00-04:00,44.72200012207031,44.77000045776367,43.73099899291992,44.45399856567383,40.15583038330078,23497000,0.0,0.0
2021-05-05 00:00:00-04:00,45.04100036621094,45.14400100708008,44.23699951171875,44.382999420166016,40.0916862487793,16388000,0.0,0.0
2021-05-06 00:00:00-04:00,44.380001068115234,44.909000396728516,43.98400115966797,44.858001708984375,40.52077102661133,13495000,0.0,0.0
2021-05-07 00:00:00-04:00,45.45899963378906,45.8380012512207,44.91999816894531,45.257999420166016,40.88209533691406,11712000,0.0,0.0
2021-05-10 00:00:00-04:00,44.8380012512207,44.85300064086914,43.57699966430664,43.61000061035156,39.3934326171875,25239000,0.0,0.0
2021-05-11 00:00:00-04:00,42.5,44.17599868774414,42.30500030517578,44.00699996948242,39.75204849243164,17887000,0.0,0.0
2021-05-12 00:00:00-04:00,42.92900085449219,43.08599853515625,41.91400146484375,42.237998962402344,38.15409469604492,29940000,0.0,0.0
2021-05-13 00:00:00-04:00,42.98899841308594,43.481998443603516,42.56399917602539,43.060001373291016,38.896610260009766,21841000,0.0,0.0
2021-05-14 00:00:00-04:00,43.638999938964844,44.512001037597656,43.20500183105469,44.1619987487793,39.892051696777344,16964000,0.0,0.0
2021-05-17 00:00:00-04:00,44.2140007019043,44.2140007019043,43.284000396728516,43.99399948120117,39.74030303955078,15725000,0.0,0.0
2021-05-18 00:00:00-04:00,44.391998291015625,44.444000244140625,43.327999114990234,43.374000549316406,39.18024826049805,17824000,0.0,0.0
2021-05-19 00:00:00-04:00,42.599998474121094,44.25,42.56999969482422,44.172000885009766,39.90109634399414,21369000,0.0,0.0
2021-05-20 00:00:00-04:00,44.57500076293945,45.93000030517578,44.53300094604492,45.5,41.10068893432617,21886000,0.0,0.0
2021-05-21 00:00:00-04:00,45.79899978637695,45.79899978637695,44.933998107910156,45.124000549316406,40.76104736328125,13216000,0.0,0.0
2021-05-24 00:00:00-04:00,45.69200134277344,46.24399948120117,45.63600158691406,45.91899871826172,41.47917556762695,14420000,0.0,0.0
2021-05-25 00:00:00-04:00,46.189998626708984,46.29600143432617,45.650001525878906,45.95399856567383,41.51080322265625,9600000,0.0,0.0
2021-05-26 00:00:00-04:00,46.07699966430664,46.209999084472656,45.553001403808594,46.04899978637695,41.59660720825195,9873000,0.0,0.0
2021-05-27 00:00:00-04:00,46.0,46.84400177001953,45.96500015258789,46.768001556396484,42.24609375,19098000,0.0,0.0
2021-05-28 00:00:00-04:00,47.0,47.46200180053711,46.768001556396484,47.233001708984375,42.66613006591797,19946000,0.0,0.0
2021-06-01 00:00:00-04:00,47.54399871826172,47.79999923706055,46.720001220703125,46.83100128173828,42.30301284790039,16277000,0.0,0.0
2021-06-02 00:00:00-04:00,47.18299865722656,47.77000045776367,46.946998596191406,47.37300109863281,42.792598724365234,13286000,0.0,0.0
2021-06-03 00:00:00-04:00,46.880001068115234,46.97600173950195,46.32600021362305,46.47999954223633,41.98593521118164,20389000,0.0,0.0
2021-06-04 00:00:00-04:00,47.04999923706055,47.84000015258789,46.95199966430664,47.5,42.90731430053711,23865000,0.0,0.0
2021-06-07 00:00:00-04:00,47.29999923706055,47.448001861572266,46.24700164794922,46.37799835205078,41.893802642822266,24142000,0.0,0.0
2021-06-08 00:00:00-04:00,46.80500030517578,47.23899841308594,46.35100173950195,46.35300064086914,41.87122344970703,16615000,0.0,0.0
2021-06-09 00:00:00-04:00,46.71900177001953,46.71900177001953,46.172000885009766,46.393001556396484,41.9073486328125,12126000,0.0,0.0
2021-06-10 00:00:00-04:00,46.54999923706055,46.95399856567383,46.020999908447266,46.867000579833984,42.33551788330078,15413000,0.0,0.0
2021-06-11 00:00:00-04:00,46.84400177001953,47.2130012512207,46.71500015258789,47.06999969482422,42.51888656616211,14508000,0.0,0.0
2021-06-14 00:00:00-04:00,47.04899978637695,47.59000015258789,46.60599899291992,47.58300018310547,42.98228073120117,14675000,0.0,0.0
2021-06-15 00:00:00-04:00,47.65599822998047,47.65700149536133,46.85499954223633,47.07400131225586,42.52251052856445,11131000,0.0,0.0
2021-06-16 00:00:00-04:00,47.027000427246094,47.11199951171875,46.14799880981445,46.57500076293945,42.07175827026367,20437000,0.0,0.0
2021-06-17 00:00:00-04:00,46.487998962402344,47.52399826049805,46.39400100708008,47.117000579833984,42.56134796142578,20881000,0.0,0.0
2021-06-18 00:00:00-04:00,46.72700119018555,46.97600173950195,46.05099868774414,46.349998474121094,41.868507385253906,28537000,0.0,0.0
2021-06-21 00:00:00-04:00,46.117000579833984,46.53799819946289,45.84400177001953,46.46099853515625,42.29728698730469,18591000,0.36,0.0
2021-06-22 00:00:00-04:00,46.65800094604492,46.858001708984375,46.13199996948242,46.44499969482422,42.28273010253906,13722000,0.0,0.0
2021-06-23 00:00:00-04:00,46.38600158691406,46.78799819946289,46.30400085449219,46.66600036621094,42.483917236328125,17674000,0.0,0.0
2021-06-24 00:00:00-04:00,46.98899841308594,47.3650016784668,46.86000061035156,47.00600051879883,42.793460845947266,12502000,0.0,0.0
2021-06-25 00:00:00-04:00,47.1349983215332,47.244998931884766,46.0,46.220001220703125,42.0778923034668,19100000,0.0,0.0
2021-06-28 00:00:00-04:00,46.599998474121094,47.62900161743164,46.55099868774414,47.279998779296875,43.042903900146484,13987000,0.0,0.0
2021-06-29 00:00:00-04:00,47.23699951171875,47.73099899291992,47.07400131225586,47.71500015258789,43.43891525268555,14184000,0.0,0.0
2021-06-30 00:00:00-04:00,47.8129997253418,47.85900115966797,47.25299835205078,47.683998107910156,43.41069412231445,15381000,0.0,0.0
2021-07-01 00:00:00-04:00,47.784000396728516,47.784000396728516,46.893001556396484,46.9640007019043,42.75522232055664,11153000,0.0,0.0
2021-07-02 00:00:00-04:00,47.676998138427734,47.858001708984375,45.57099914550781,46.81700134277344,42.62139129638672,37054000,0.0,0.0
2021-07-06 00:00:00-04:00,47.040000915527344,47.67499923706055,46.83000183105469,47.327999114990234,43.08660125732422,13870000,0.0,0.0
2021-07-07 00:00:00-04:00,47.5,47.5359992980957,46.637001037597656,46.95399856567383,42.74611282348633,12581000,0.0,0.0
2021-07-08 00:00:00-04:00,46.44200134277344,47.108001708984375,46.15599822998047,47.04999923706055,42.83351135253906,16011000,0.0,0.0
2021-07-09 00:00:00-04:00,46.957000732421875,48.0880012512207,46.803001403808594,48.018001556396484,43.71475601196289,16782000,0.0,0.0
2021-07-12 00:00:00-04:00,48.13199996948242,49.402000427246094,47.32600021362305,48.57500076293945,44.22185134887695,33142000,0.0,0.0
2021-07-13 00:00:00-04:00,48.53300094604492,48.75299835205078,48.20000076293945,48.4010009765625,44.06343460083008,11806000,0.0,0.0
2021-07-14 00:00:00-04:00,48.91999816894531,49.20000076293945,48.07500076293945,48.159000396728516,43.84312057495117,14020000,0.0,0.0
2021-07-15 00:00:00-04:00,48.327999114990234,48.44499969482422,47.3120002746582,47.73400115966797,43.45621109008789,12624000,0.0,0.0
2021-07-16 00:00:00-04:00,47.90599822998047,48.02799987792969,46.72600173950195,46.80699920654297,42.612281799316406,13980000,0.0,0.0
2021-07-19 00:00:00-04:00,46.347999572753906,46.59700012207031,45.75899887084961,46.56700134277344,42.393795013427734,14938000,0.0,0.0
2021-07-20 00:00:00-04:00,46.78900146484375,47.224998474121094,46.32699966430664,46.85900115966797,42.65963363647461,20727000,0.0,0.0
2021-07-21 00:00:00-04:00,46.9630012512207,47.928001403808594,46.849998474121094,47.902000427246094,43.60915756225586,13660000,0.0,0.0
2021-07-22 00:00:00-04:00,47.65999984741211,47.89899826049805,47.45100021362305,47.632999420166016,43.364261627197266,12583000,0.0,0.0
2021-07-23 00:00:00-04:00,48.00299835205078,48.358001708984375,47.68299865722656,48.314998626708984,43.98515319824219,13489000,0.0,0.0
2021-07-26 00:00:00-04:00,48.215999603271484,48.36199951171875,47.96799850463867,48.2239990234375,43.90229797363281,11160000,0.0,0.0
2021-07-27 00:00:00-04:00,48.07600021362305,48.180999755859375,46.779998779296875,47.5359992980957,43.27595520019531,14715000,0.0,0.0
2021-07-28 00:00:00-04:00,47.66999816894531,47.90800094604492,47.43199920654297,47.76499938964844,43.484432220458984,8359000,0.0,0.0
2021-07-29 00:00:00-04:00,47.84700012207031,48.58300018310547,47.74399948120117,48.4109992980957,44.072540283203125,9162000,0.0,0.0
2021-07-30 00:00:00-04:00,48.19599914550781,48.63399887084961,47.957000732421875,48.540000915527344,44.189979553222656,11548000,0.0,0.0
2021-08-02 00:00:00-04:00,48.904998779296875,49.459999084472656,48.35100173950195,48.46799850463867,44.12444305419922,15619000,0.0,0.0
2021-08-03 00:00:00-04:00,48.54899978637695,48.7760009765625,47.99599838256836,48.67900085449219,44.31652069091797,11135000,0.0,0.0
2021-08-04 00:00:00-04:00,48.85300064086914,48.99800109863281,48.4010009765625,48.779998779296875,44.408470153808594,12123000,0.0,0.0
2021-08-05 00:00:00-04:00,49.042999267578125,49.042999267578125,48.48899841308594,48.766998291015625,44.39663314819336,8372000,0.0,0.0
2021-08-06 00:00:00-04:00,48.50699996948242,48.8120002746582,48.40299987792969,48.542999267578125,44.19271469116211,9964000,0.0,0.0
2021-08-09 00:00:00-04:00,48.64899826049805,48.68299865722656,48.099998474121094,48.46799850463867,44.12444305419922,5952000,0.0,0.0
2021-08-10 00:00:00-04:00,48.59000015258789,48.64500045776367,47.78300094604492,48.22600173950195,43.90412139892578,9319000,0.0,0.0
2021-08-11 00:00:00-04:00,48.48099899291992,48.59700012207031,47.979000091552734,48.35499954223633,44.02156066894531,9816000,0.0,0.0
2021-08-12 00:00:00-04:00,48.22800064086914,48.5,47.67300033569336,48.42599868774414,44.08620071411133,8702000,0.0,0.0
2021-08-13 00:00:00-04:00,48.26100158691406,48.89699935913086,48.21099853515625,48.61600112915039,44.25917434692383,8582000,0.0,0.0
2021-08-16 00:00:00-04:00,48.483001708984375,48.89099884033203,48.439998626708984,48.81399917602539,44.439414978027344,9188000,0.0,0.0
2021-08-17 00:00:00-04:00,48.558998107910156,48.62200164794922,47.45199966430664,47.86899948120117,43.57911682128906,16499000,0.0,0.0
2021-08-18 00:00:00-04:00,47.665000915527344,47.70800018310547,46.834999084472656,46.89699935913086,42.6942138671875,15616000,0.0,0.0
2021-08-19 00:00:00-04:00,46.6349983215332,47.58300018310547,46.26599884033203,47.35300064086914,43.1093635559082,14044000,0.0,0.0
2021-08-20 00:00:00-04:00,47.28200149536133,47.62300109863281,47.04399871826172,47.516998291015625,43.25865173339844,10007000,0.0,0.0
2021-08-23 00:00:00-04:00,47.632999420166016,48.61899948120117,47.56999969482422,48.244998931884766,43.921409606933594,15707000,0.0,0.0
2021-08-24 00:00:00-04:00,48.2400016784668,48.30400085449219,48.01599884033203,48.143001556396484,43.828556060791016,9429000,0.0,0.0
2021-08-25 00:00:00-04:00,48.15700149536133,48.62699890136719,48.15700149536133,48.340999603271484,44.008811950683594,10017000,0.0,0.0
2021-08-26 00:00:00-04:00,48.29999923706055,48.81100082397461,48.060001373291016,48.57400131225586,44.220943450927734,10836000,0.0,0.0
2021-08-27 00:00:00-04:00,48.80099868774414,49.64400100708008,48.66400146484375,49.59400177001953,45.1495246887207,16459000,0.0,0.0
2021-08-30 00:00:00-04:00,50.0,50.78499984741211,49.82500076293945,49.888999938964844,45.418087005615234,19614000,0.0,0.0
2021-08-31 00:00:00-04:00,50.12900161743164,50.12900161743164,49.27000045776367,49.72100067138672,45.26513671875,17378000,0.0,0.0
2021-09-01 00:00:00-04:00,49.62699890136719,49.92399978637695,49.28900146484375,49.316001892089844,44.89643859863281,12586000,0.0,0.0
2021-09-02 00:00:00-04:00,49.57899856567383,49.597999572753906,49.01599884033203,49.189998626708984,44.78173065185547,16991000,0.0,0.0
2021-09-03 00:00:00-04:00,49.590999603271484,50.599998474121094,49.50400161743164,49.768001556396484,45.30793380737305,25191000,0.0,0.0
2021-09-07 00:00:00-04:00,49.7599983215332,49.7599983215332,49.099998474121094,49.659000396728516,45.20870590209961,12398000,0.0,0.0
2021-09-08 00:00:00-04:00,49.96200180053711,49.98899841308594,48.81100082397461,49.4379997253418,45.00750732421875,13987000,0.0,0.0
2021-09-09 00:00:00-04:00,49.28499984741211,49.869998931884766,49.28499984741211,49.3489990234375,44.92647933959961,13174000,0.0,0.0
2021-09-10 00:00:00-04:00,49.70500183105469,50.5989990234375,49.6510009765625,49.814998626708984,45.35071563720703,16110000,0.0,0.0
2021-09-13 00:00:00-04:00,50.20000076293945,50.24700164794922,49.32600021362305,49.895999908447266,45.424461364746094,14927000,0.0,0.0
2021-09-14 00:00:00-04:00,50.20000076293945,50.54199981689453,49.83599853515625,50.1870002746582,45.68938064575195,14134000,0.0,0.0
2021-09-15 00:00:00-04:00,50.21200180053711,51.06999969482422,49.94200134277344,50.9739990234375,46.40586471557617,23346000,0.0,0.0
2021-09-16 00:00:00-04:00,50.52000045776367,50.915000915527344,50.020999908447266,50.73500061035156,46.18827438354492,17569000,0.0,0.0
2021-09-17 00:00:00-04:00,50.39699935913086,50.762001037597656,50.099998474121094,50.599998474121094,46.06536865234375,34470000,0.0,0.0
2021-09-20 00:00:00-04:00,49.900001525878906,50.29999923706055,48.84400177001953,49.481998443603516,45.04755783081055,30105000,0.0,0.0
2021-09-21 00:00:00-04:00,49.3489990234375,49.375,48.70000076293945,49.0989990234375,45.02647399902344,16935000,0.36,0.0
2021-09-22 00:00:00-04:00,49.42499923706055,50.29999923706055,49.22200012207031,50.058998107910156,45.90685272216797,20610000,0.0,0.0
2021-09-23 00:00:00-04:00,50.250999450683594,50.729000091552734,50.058998107910156,50.43000030517578,46.247074127197266,18370000,0.0,0.0
2021-09-24 00:00:00-04:00,50.22700119018555,50.54999923706055,50.08300018310547,50.492000579833984,46.303932189941406,10605000,0.0,0.0
2021-09-27 00:00:00-04:00,49.97800064086914,50.582000732421875,49.737998962402344,50.48500061035156,46.297515869140625,9831000,0.0,0.0
2021-09-28 00:00:00-04:00,49.70000076293945,50.14500045776367,49.05400085449219,49.10200119018555,45.02922821044922,20124000,0.0,0.0
2021-09-29 00:00:00-04:00,49.362998962402344,49.426998138427734,48.76499938964844,48.948001861572266,44.88800048828125,15783000,0.0,0.0
2021-09-30 00:00:00-04:00,49.45199966430664,49.45199966430664,48.448001861572266,48.49300003051758,44.470733642578125,15735000,0.0,0.0
2021-10-01 00:00:00-04:00,48.78499984741211,48.86600112915039,47.75,48.73500061035156,44.69266891479492,16052000,0.0,0.0
2021-10-04 00:00:00-04:00,48.49300003051758,48.65599822998047,47.27799987792969,47.595001220703125,43.647216796875,20093000,0.0,0.0
2021-10-05 00:00:00-04:00,47.59400177001953,48.979000091552734,47.53300094604492,48.54199981689453,44.51567840576172,16557000,0.0,0.0
2021-10-06 00:00:00-04:00,48.3129997253418,48.935001373291016,47.970001220703125,48.87799835205078,44.82380294799805,12042000,0.0,0.0
2021-10-07 00:00:00-04:00,49.26300048828125,49.9900016784668,49.26300048828125,49.391998291015625,45.295166015625,13261000,0.0,0.0
2021-10-08 00:00:00-04:00,49.68199920654297,49.79999923706055,49.12799835205078,49.28499984741211,45.197044372558594,10279000,0.0,0.0
2021-10-11 00:00:00-04:00,49.124000549316406,49.95899963378906,49.084999084472656,49.23400115966797,45.1502685546875,11186000,0.0,0.0
2021-10-12 00:00:00-04:00,49.58399963378906,49.66999816894531,48.20199966430664,48.52799987792969,44.50283432006836,20991000,0.0,0.0
2021-10-13 00:00:00-04:00,48.117000579833984,48.53799819946289,47.95500183105469,48.500999450683594,44.47806930541992,16424000,0.0,0.0
2021-10-14 00:00:00-04:00,49.18600082397461,49.915000915527344,49.082000732421875,49.7599983215332,45.63264083862305,19233000,0.0,0.0
2021-10-15 00:00:00-04:00,50.439998626708984,50.58599853515625,50.108001708984375,50.32500076293945,46.15078353881836,25103000,0.0,0.0
2021-10-18 00:00:00-04:00,50.03900146484375,50.39799880981445,49.86600112915039,50.33599853515625,46.16086959838867,16042000,0.0,0.0
2021-10-19 00:00:00-04:00,50.43199920654297,51.08700180053711,50.176998138427734,51.03900146484375,46.80555725097656,16383000,0.0,0.0
2021-10-20 00:00:00-04:00,51.099998474121094,51.34299850463867,50.84400177001953,50.93899917602539,46.71385192871094,13458000,0.0,0.0
2021-10-21 00:00:00-04:00,50.94200134277344,51.479000091552734,50.86000061035156,51.415000915527344,47.1503791809082,11787000,0.0,0.0
2021-10-22 00:00:00-04:00,51.4739990234375,52.13800048828125,51.301998138427734,51.54100036621094,47.265926361083984,15367000,0.0,0.0
2021-10-25 00:00:00-04:00,51.749000549316406,52.45000076293945,51.518001556396484,52.207000732421875,47.87667465209961,12416000,0.0,0.0
2021-10-26 00:00:00-04:00,52.52299880981445,53.499000549316406,52.400001525878906,53.387001037597656,48.95880126953125,24043000,0.0,0.0
2021-10-27 00:00:00-04:00,53.18199920654297,53.606998443603516,52.18600082397461,52.31100082397461,47.972049713134766,23500000,0.0,0.0
2021-10-28 00:00:00-04:00,52.41400146484375,52.994998931884766,52.34299850463867,52.957000732421875,48.5644645690918,11872000,0.0,0.0
2021-10-29 00:00:00-04:00,52.349998474121094,53.21500015258789,52.349998474121094,53.16699981689453,48.75705337524414,15564000,0.0,0.0
2021-11-01 00:00:00-04:00,53.034000396728516,53.257999420166016,52.49300003051758,52.80500030517578,48.425079345703125,16896000,0.0,0.0
2021-11-02 00:00:00-04:00,52.744998931884766,54.082000732421875,52.667999267578125,53.707000732421875,49.25225830078125,16262000,0.0,0.0
2021-11-03 00:00:00-04:00,53.904998779296875,54.37900161743164,53.37699890136719,54.23699951171875,49.73830032348633,14038000,0.0,0.0
2021-11-04 00:00:00-04:00,54.380001068115234,54.90700149536133,54.09199905395508,54.86199951171875,50.311458587646484,15956000,0.0,0.0
2021-11-05 00:00:00-04:00,55.0,55.96699905395508,54.98099899291992,55.891998291015625,51.25602340698242,18674000,0.0,0.0
2021-11-08 00:00:00-05:00,56.196998596191406,56.388999938964844,55.810001373291016,55.89500045776367,51.2587776184082,17231000,0.0,0.0
2021-11-09 00:00:00-05:00,55.91899871826172,56.189998626708984,55.513999938964844,55.779998779296875,51.15331268310547,15838000,0.0,0.0
2021-11-10 00:00:00-05:00,55.43000030517578,56.09000015258789,54.80500030517578,54.87699890136719,50.32521057128906,18450000,0.0,0.0
2021-11-11 00:00:00-05:00,55.26900100708008,55.71200180053711,54.88100051879883,55.540000915527344,50.9332160949707,14157000,0.0,0.0
2021-11-12 00:00:00-05:00,55.840999603271484,56.58399963378906,55.45899963378906,56.321998596191406,51.650352478027344,13592000,0.0,0.0
2021-11-15 00:00:00-05:00,56.76900100708008,56.76900100708008,55.983001708984375,56.57699966430664,51.88419723510742,13972000,0.0,0.0
2021-11-16 00:00:00-05:00,56.409000396728516,56.952999114990234,56.27399826049805,56.87699890136719,52.1593132019043,13194000,0.0,0.0
2021-11-17 00:00:00-05:00,56.81399917602539,57.13600158691406,56.40999984741211,56.9640007019043,52.23910903930664,12532000,0.0,0.0
2021-11-18 00:00:00-05:00,57.11000061035156,57.67300033569336,56.9640007019043,57.48099899291992,52.71323013305664,12712000,0.0,0.0
2021-11-19 00:00:00-05:00,57.62799835205078,57.72100067138672,56.59299850463867,56.87200164794922,52.15473937988281,19612000,0.0,0.0
2021-11-22 00:00:00-05:00,57.167999267578125,57.20399856567383,55.24800109863281,55.327999114990234,50.73879623413086,25898000,0.0,0.0
2021-11-23 00:00:00-05:00,55.242000579833984,55.58599853515625,54.85300064086914,55.512001037597656,50.90753936767578,17109000,0.0,0.0
2021-11-24 00:00:00-05:00,55.323001861572266,55.90800094604492,54.73899841308594,55.87300109863281,51.23860168457031,12084000,0.0,0.0
2021-11-26 00:00:00-05:00,55.176998138427734,55.72999954223633,54.332000732421875,54.659000396728516,50.125301361083984,14219000,0.0,0.0
2021-11-29 00:00:00-05:00,55.619998931884766,56.755001068115234,55.36800003051758,56.433998107910156,51.75305938720703,18703000,0.0,0.0
2021-11-30 00:00:00-05:00,56.32699966430664,56.499000549316406,55.20000076293945,55.36800003051758,50.775482177734375,22574000,0.0,0.0
2021-12-01 00:00:00-05:00,56.347999572753906,56.847999572753906,55.33300018310547,55.47600173950195,50.87453079223633,21980000,0.0,0.0
2021-12-02 00:00:00-05:00,54.606998443603516,55.9109992980957,54.400001525878906,55.244998931884766,50.662689208984375,22619000,0.0,0.0
2021-12-03 00:00:00-05:00,56.49399948120117,56.900001525878906,55.040000915527344,55.8120002746582,51.18266296386719,20305000,0.0,0.0
2021-12-06 00:00:00-05:00,56.46500015258789,56.83700180053711,55.595001220703125,56.49800109863281,51.81175994873047,22482000,0.0,0.0
2021-12-07 00:00:00-05:00,57.20000076293945,59.30699920654297,57.20000076293945,59.040000915527344,54.14291763305664,29562000,0.0,0.0
2021-12-08 00:00:00-05:00,59.09400177001953,59.09400177001953,58.24300003051758,58.85599899291992,53.97417068481445,17998000,0.0,0.0
2021-12-09 00:00:00-05:00,58.244998931884766,59.02399826049805,58.244998931884766,58.34199905395508,53.5028076171875,29080000,0.0,0.0
2021-12-10 00:00:00-05:00,62.39799880981445,64.4749984741211,61.85900115966797,63.167999267578125,57.92852020263672,57087000,0.0,0.0
2021-12-13 00:00:00-05:00,63.400001525878906,63.44200134277344,62.12300109863281,62.16600036621094,57.0096321105957,26898000,0.0,0.0
2021-12-14 00:00:00-05:00,61.784000396728516,61.86199951171875,60.56399917602539,61.49100112915039,56.3906135559082,35956000,0.0,0.0
2021-12-15 00:00:00-05:00,61.55699920654297,64.08599853515625,61.034000396728516,63.986000061035156,58.67865753173828,29092000,0.0,0.0
2021-12-16 00:00:00-05:00,63.736000061035156,64.06600189208984,61.150001525878906,62.06800079345703,56.91974639892578,42748000,0.0,0.0
2021-12-17 00:00:00-05:00,61.75299835205078,63.999000549316406,61.5099983215332,63.49599838256836,58.229312896728516,50661000,0.0,0.0
2021-12-20 00:00:00-05:00,62.630001068115234,64.60900115966797,62.50899887084961,64.50299835205078,59.15277862548828,32770000,0.0,0.0
2021-12-21 00:00:00-05:00,64.80999755859375,64.9469985961914,63.33000183105469,64.6240005493164,59.64285659790039,36534000,0.41,0.0
2021-12-22 00:00:00-05:00,64.33200073242188,65.71600341796875,63.92599868774414,65.5199966430664,60.46978759765625,28383000,0.0,0.0
2021-12-23 00:00:00-05:00,65.61299896240234,67.072998046875,65.61299896240234,66.4800033569336,61.35580825805664,23596000,0.0,0.0
2021-12-27 00:00:00-05:00,66.4800033569336,67.62999725341797,66.44599914550781,67.4280014038086,62.2307243347168,19442000,0.0,0.0
2021-12-28 00:00:00-05:00,67.75499725341797,67.7760009765625,66.7030029296875,66.9000015258789,61.7434196472168,17247000,0.0,0.0
2021-12-29 00:00:00-05:00,66.9800033569336,67.69999694824219,66.91200256347656,67.26100158691406,62.07658767700195,14797000,0.0,0.0
2021-12-30 00:00:00-05:00,67.30999755859375,67.56999969482422,66.38400268554688,66.50800323486328,61.381622314453125,11473000,0.0,0.0
2021-12-31 00:00:00-05:00,66.6969985961914,67.13099670410156,66.3270034790039,66.54100036621094,61.41208267211914,12046000,0.0,0.0
2022-01-03 00:00:00-05:00,66.63200378417969,67.16999816894531,66.12200164794922,66.33200073242188,61.219200134277344,22591000,0.0,0.0
2022-01-04 00:00:00-05:00,66.28800201416016,67.21900177001953,65.7229995727539,67.09200286865234,61.92061996459961,21103000,0.0,0.0
2022-01-05 00:00:00-05:00,67.12100219726562,67.12100219726562,64.20099639892578,64.30000305175781,59.34383773803711,34961000,0.0,0.0
2022-01-06 00:00:00-05:00,64.01599884033203,64.86499786376953,63.44300079345703,63.702999114990234,58.792850494384766,28581000,0.0,0.0
2022-01-07 00:00:00-05:00,63.584999084472656,63.99100112915039,61.84600067138672,61.915000915527344,57.14265441894531,27832000,0.0,0.0
2022-01-10 00:00:00-05:00,60.88600158691406,62.20399856567383,60.356998443603516,62.11600112915039,57.32816696166992,29793000,0.0,0.0
2022-01-11 00:00:00-05:00,61.55400085449219,62.79999923706055,61.457000732421875,62.20500183105469,57.410316467285156,19037000,0.0,0.0
2022-01-12 00:00:00-05:00,62.750999450683594,63.0989990234375,61.9739990234375,62.20000076293945,57.40569305419922,18806000,0.0,0.0
2022-01-13 00:00:00-05:00,62.74700164794922,62.78799819946289,59.415000915527344,59.71900177001953,55.11592483520508,30048000,0.0,0.0
2022-01-14 00:00:00-05:00,59.577999114990234,60.03799819946289,59.20000076293945,59.637001037597656,55.040245056152344,25661000,0.0,0.0
2022-01-18 00:00:00-05:00,58.832000732421875,59.104000091552734,57.5989990234375,57.77899932861328,53.32545471191406,35825000,0.0,0.0
2022-01-19 00:00:00-05:00,58.15800094604492,58.472999572753906,56.33300018310547,56.39699935913086,52.04998016357422,22692000,0.0,0.0
2022-01-20 00:00:00-05:00,56.79999923706055,57.013999938964844,54.676998138427734,54.77199935913086,50.550235748291016,25225000,0.0,0.0
2022-01-21 00:00:00-05:00,54.66400146484375,55.540000915527344,53.13399887084961,53.323001861572266,49.21292495727539,38010000,0.0,0.0
2022-01-24 00:00:00-05:00,53.0890007019043,54.35100173950195,51.34000015258789,54.15800094604492,49.983558654785156,54256000,0.0,0.0
2022-01-25 00:00:00-05:00,52.79999923706055,54.540000915527344,52.422000885009766,53.41400146484375,49.296913146972656,38158000,0.0,0.0
2022-01-26 00:00:00-05:00,55.20000076293945,57.41699981689453,55.00699996948242,55.71200180053711,51.41777801513672,49715000,0.0,0.0
2022-01-27 00:00:00-05:00,56.97200012207031,57.0260009765625,54.10300064086914,54.23099899291992,50.05093002319336,34183000,0.0,0.0
2022-01-28 00:00:00-05:00,54.33599853515625,56.04999923706055,53.23899841308594,56.0099983215332,51.692806243896484,30254000,0.0,0.0
2022-01-31 00:00:00-05:00,55.939998626708984,58.637001037597656,55.599998474121094,58.5880012512207,54.07209396362305,40288000,0.0,0.0
2022-02-01 00:00:00-05:00,58.58700180053711,59.38999938964844,57.582000732421875,59.27199935913086,54.7033805847168,25719000,0.0,0.0
2022-02-02 00:00:00-05:00,59.900001525878906,60.47999954223633,59.362998962402344,60.34299850463867,55.69182586669922,24443000,0.0,0.0
2022-02-03 00:00:00-05:00,59.56700134277344,59.902000427246094,58.012001037597656,58.084999084472656,53.607879638671875,30602000,0.0,0.0
2022-02-04 00:00:00-05:00,57.63800048828125,59.65299987792969,57.61399841308594,59.01599884033203,54.46710968017578,20548000,0.0,0.0
2022-02-07 00:00:00-05:00,59.01599884033203,60.15800094604492,58.41600036621094,58.76300048828125,54.233604431152344,18671000,0.0,0.0
2022-02-08 00:00:00-05:00,58.8380012512207,60.185001373291016,58.69900131225586,60.02199935913086,55.395572662353516,14570000,0.0,0.0
2022-02-09 00:00:00-05:00,60.73500061035156,61.172000885009766,60.15599822998047,61.13399887084961,56.42185974121094,22004000,0.0,0.0
2022-02-10 00:00:00-05:00,59.529998779296875,61.4640007019043,58.856998443603516,59.13600158691406,54.57786560058594,24920000,0.0,0.0
2022-02-11 00:00:00-05:00,59.13600158691406,59.97600173950195,56.90800094604492,57.34199905395508,52.922142028808594,27281000,0.0,0.0
2022-02-14 00:00:00-05:00,57.5,58.28099822998047,57.00699996948242,57.858001708984375,53.39836883544922,19291000,0.0,0.0
2022-02-15 00:00:00-05:00,58.90299987792969,60.604000091552734,58.82500076293945,60.277000427246094,55.63092041015625,34284000,0.0,0.0
2022-02-16 00:00:00-05:00,59.40599822998047,60.08100128173828,58.72200012207031,59.72100067138672,55.117767333984375,22931000,0.0,0.0
2022-02-17 00:00:00-05:00,58.970001220703125,59.15800094604492,57.888999938964844,57.900001525878906,53.437129974365234,21424000,0.0,0.0
2022-02-18 00:00:00-05:00,58.09400177001953,58.77399826049805,57.327999114990234,57.999000549316406,53.528507232666016,19708000,0.0,0.0
2022-02-22 00:00:00-05:00,57.999000549316406,59.020999908447266,56.98099899291992,57.74599838256836,53.29499816894531,20204000,0.0,0.0
2022-02-23 00:00:00-05:00,58.02299880981445,58.50699996948242,56.4739990234375,56.51900100708008,52.16257858276367,22416000,0.0,0.0
2022-02-24 00:00:00-05:00,55.15800094604492,58.569000244140625,54.902000427246094,58.0,53.5294303894043,35316000,0.0,0.0
2022-02-25 00:00:00-05:00,57.983001708984375,58.9379997253418,57.400001525878906,58.80099868774414,54.268680572509766,22380000,0.0,0.0
2022-02-28 00:00:00-05:00,58.099998474121094,59.22999954223633,57.63800048828125,58.74399948120117,54.2160758972168,25005000,0.0,0.0
2022-03-01 00:00:00-05:00,58.479000091552734,58.762001037597656,56.529998779296875,57.012001037597656,52.617584228515625,24898000,0.0,0.0
2022-03-02 00:00:00-05:00,57.45199966430664,59.053001403808594,57.358001708984375,58.577999114990234,54.062870025634766,21771000,0.0,0.0
2022-03-03 00:00:00-05:00,59.36800003051758,59.369998931884766,57.43299865722656,57.86000061035156,53.40021896362305,26454000,0.0,0.0
2022-03-04 00:00:00-05:00,59.27899932861328,60.590999603271484,58.4010009765625,59.5989990234375,55.005165100097656,44757000,0.0,0.0
2022-03-07 00:00:00-05:00,59.70800018310547,59.87799835205078,57.0,57.06999969482422,52.67110824584961,26494000,0.0,0.0
2022-03-08 00:00:00-05:00,57.21699905395508,59.60499954223633,56.361000061035156,57.595001220703125,53.1556396484375,26993000,0.0,0.0
2022-03-09 00:00:00-05:00,58.87900161743164,60.16400146484375,58.70000076293945,59.70199966430664,55.1002311706543,22560000,0.0,0.0
2022-03-10 00:00:00-05:00,58.555999755859375,59.00199890136719,57.637001037597656,58.77299880981445,54.24285125732422,19323000,0.0,0.0
2022-03-11 00:00:00-05:00,59.20000076293945,59.44300079345703,57.71200180053711,57.78499984741211,53.33099365234375,19813000,0.0,0.0
2022-03-14 00:00:00-04:00,57.69599914550781,57.99800109863281,56.474998474121094,56.779998779296875,52.40345001220703,25234000,0.0,0.0
2022-03-15 00:00:00-04:00,57.72700119018555,59.67599868774414,57.50400161743164,59.2760009765625,54.707061767578125,28260000,0.0,0.0
2022-03-16 00:00:00-04:00,59.665000915527344,60.770999908447266,58.40599822998047,60.71200180053711,56.03238296508789,29454000,0.0,0.0
2022-03-17 00:00:00-04:00,60.47200012207031,60.70000076293945,59.76300048828125,60.266998291015625,55.621681213378906,18174000,0.0,0.0
2022-03-18 00:00:00-04:00,60.39699935913086,61.32099914550781,59.5989990234375,61.04100036621094,56.33602523803711,41538000,0.0,0.0
2022-03-21 00:00:00-04:00,60.560001373291016,60.560001373291016,58.88600158691406,60.12900161743164,55.86958694458008,25789000,0.41,0.0
2022-03-22 00:00:00-04:00,60.172000885009766,61.349998474121094,59.93299865722656,61.13399887084961,56.80339431762695,19262000,0.0,0.0
2022-03-23 00:00:00-04:00,60.79999923706055,61.137001037597656,59.91600036621094,59.9379997253418,55.69211959838867,13839000,0.0,0.0
2022-03-24 00:00:00-04:00,60.66299819946289,62.72200012207031,60.20000076293945,62.643001556396484,58.20549392700195,26016000,0.0,0.0
2022-03-25 00:00:00-04:00,62.70800018310547,63.04100036621094,62.00699996948242,62.887001037597656,58.432220458984375,14538000,0.0,0.0
2022-03-28 00:00:00-04:00,62.5880012512207,63.33000183105469,61.577999114990234,63.28799819946289,58.8048095703125,14427000,0.0,0.0
2022-03-29 00:00:00-04:00,64.0,64.53099822998047,63.0,64.14700317382812,59.60295486450195,23001000,0.0,0.0
2022-03-30 00:00:00-04:00,63.887001037597656,64.42900085449219,62.733001708984375,63.10900115966797,58.638484954833984,18626000,0.0,0.0
2022-03-31 00:00:00-04:00,63.04800033569336,63.900001525878906,62.80500030517578,62.96799850463867,58.50747299194336,21731000,0.0,0.0
2022-04-01 00:00:00-04:00,63.16899871826172,63.457000732421875,61.86899948120117,62.698001861572266,58.2566032409668,16267000,0.0,0.0
2022-04-04 00:00:00-04:00,62.641998291015625,63.672000885009766,62.45199966430664,63.48500061035156,58.98785400390625,16484000,0.0,0.0
2022-04-05 00:00:00-04:00,62.95500183105469,63.22600173950195,61.29999923706055,61.4119987487793,57.06170654296875,19778000,0.0,0.0
2022-04-06 00:00:00-04:00,60.20800018310547,61.159000396728516,59.37699890136719,60.20000076293945,55.93555450439453,23742000,0.0,0.0
2022-04-07 00:00:00-04:00,59.983001708984375,60.763999938964844,59.32400131225586,60.30500030517578,56.03311538696289,16583000,0.0,0.0
2022-04-08 00:00:00-04:00,59.737998962402344,59.85900115966797,58.59700012207031,58.70000076293945,54.54182052612305,20464000,0.0,0.0
2022-04-11 00:00:00-04:00,58.257999420166016,58.928001403808594,57.94300079345703,58.06100082397461,53.948081970214844,23512000,0.0,0.0
2022-04-12 00:00:00-04:00,58.9109992980957,59.85900115966797,58.21699905395508,58.50699996948242,54.36248016357422,17350000,0.0,0.0
2022-04-13 00:00:00-04:00,58.849998474121094,59.67100143432617,58.60499954223633,59.25400161743164,55.05657196044922,20266000,0.0,0.0
2022-04-14 00:00:00-04:00,59.499000549316406,59.70600128173828,57.2859992980957,57.3849983215332,53.319969177246094,27385000,0.0,0.0
2022-04-18 00:00:00-04:00,57.28499984741211,59.12200164794922,57.28499984741211,58.650001525878906,54.495361328125,21375000,0.0,0.0
2022-04-19 00:00:00-04:00,57.93600082397461,59.869998931884766,57.93600082397461,59.762001037597656,55.528587341308594,16581000,0.0,0.0
2022-04-20 00:00:00-04:00,60.41999816894531,61.34299850463867,59.51300048828125,59.77199935913086,55.537864685058594,13920000,0.0,0.0
2022-04-21 00:00:00-04:00,60.55400085449219,61.58700180053711,59.066001892089844,59.27299880981445,55.07423400878906,20352000,0.0,0.0
2022-04-22 00:00:00-04:00,59.01100158691406,59.874000549316406,58.625999450683594,58.69499969482422,54.53716278076172,21064000,0.0,0.0
2022-04-25 00:00:00-04:00,58.14899826049805,58.875999450683594,57.11199951171875,58.78799819946289,54.62357711791992,26959000,0.0,0.0
2022-04-26 00:00:00-04:00,58.380001068115234,58.54600143432617,55.97100067138672,56.00699996948242,52.03958511352539,35809000,0.0,0.0
2022-04-27 00:00:00-04:00,55.57899856567383,57.007999420166016,55.5,55.95399856567383,51.99033737182617,19313000,0.0,0.0
2022-04-28 00:00:00-04:00,56.59400177001953,58.50199890136719,55.797000885009766,57.89400100708008,53.79290771484375,22334000,0.0,0.0
2022-04-29 00:00:00-04:00,57.262001037597656,57.827999114990234,55.34000015258789,55.43899917602539,51.51182556152344,26108000,0.0,0.0
2022-05-02 00:00:00-04:00,55.7140007019043,57.763999938964844,55.63800048828125,57.6349983215332,53.552249908447266,26725000,0.0,0.0
2022-05-03 00:00:00-04:00,57.60100173950195,58.67499923706055,57.176998138427734,58.117000579833984,54.00011444091797,17064000,0.0,0.0
2022-05-04 00:00:00-04:00,58.17900085449219,60.40700149536133,57.39799880981445,60.36600112915039,56.08979797363281,23896000,0.0,0.0
2022-05-05 00:00:00-04:00,59.42300033569336,59.7869987487793,57.42900085449219,57.999000549316406,53.890472412109375,32806000,0.0,0.0
2022-05-06 00:00:00-04:00,57.49399948120117,58.99800109863281,56.94300079345703,58.0099983215332,53.90068054199219,20745000,0.0,0.0
2022-05-09 00:00:00-04:00,57.28799819946289,57.79999923706055,56.027000427246094,56.29199981689453,52.30439376831055,30074000,0.0,0.0
2022-05-10 00:00:00-04:00,58.04899978637695,59.1150016784668,57.18000030517578,58.138999938964844,54.02054977416992,29271000,0.0,0.0
2022-05-11 00:00:00-04:00,57.45800018310547,58.46900177001953,56.58599853515625,56.71099853515625,52.693702697753906,26660000,0.0,0.0
2022-05-12 00:00:00-04:00,56.34000015258789,57.361000061035156,55.82600021362305,57.15700149536133,53.108123779296875,25518000,0.0,0.0
2022-05-13 00:00:00-04:00,57.70500183105469,59.159000396728516,57.349998474121094,58.82400131225586,54.65702819824219,19449000,0.0,0.0
2022-05-16 00:00:00-04:00,58.4379997253418,58.91400146484375,57.76499938964844,58.266998291015625,54.13948440551758,14189000,0.0,0.0
2022-05-17 00:00:00-04:00,59.54499816894531,60.900001525878906,59.361000061035156,60.814998626708984,56.50698471069336,24676000,0.0,0.0
2022-05-18 00:00:00-04:00,60.0,60.071998596191406,56.61800003051758,57.05699920654297,53.01519012451172,35024000,0.0,0.0
2022-05-19 00:00:00-04:00,55.79999923706055,56.07500076293945,53.895999908447266,54.62099838256836,50.75176239013672,34884000,0.0,0.0
2022-05-20 00:00:00-04:00,55.38999938964844,55.499000549316406,51.24399948120117,54.319000244140625,50.471153259277344,40281000,0.0,0.0
2022-05-23 00:00:00-04:00,52.400001525878906,53.55699920654297,51.42599868774414,52.63600158691406,48.907379150390625,58586000,0.0,0.0
2022-05-24 00:00:00-04:00,52.66600036621094,52.887001037597656,51.61899948120117,52.41999816894531,48.70667266845703,25060000,0.0,0.0
2022-05-25 00:00:00-04:00,52.38999938964844,53.744998931884766,52.38999938964844,53.16299819946289,49.39704895019531,17842000,0.0,0.0
2022-05-26 00:00:00-04:00,53.15399932861328,55.457000732421875,52.77199935913086,55.066001892089844,51.16524124145508,39743000,0.0,0.0
2022-05-27 00:00:00-04:00,56.20899963378906,58.54600143432617,56.000999450683594,58.327999114990234,54.19615936279297,37301000,0.0,0.0
2022-05-31 00:00:00-04:00,58.45000076293945,58.702999114990234,57.599998474121094,58.01300048828125,53.90347671508789,30009000,0.0,0.0
2022-06-01 00:00:00-04:00,58.757999420166016,59.09400177001953,56.84299850463867,57.36199951171875,53.298587799072266,18345000,0.0,0.0
2022-06-02 00:00:00-04:00,57.775001525878906,57.777000427246094,56.8129997253418,57.67399978637695,53.5884895324707,29488000,0.0,0.0
2022-06-03 00:00:00-04:00,56.887001037597656,56.959999084472656,56.097999572753906,56.332000732421875,52.341552734375,20562000,0.0,0.0
2022-06-06 00:00:00-04:00,57.152000427246094,57.27199935913086,55.75400161743164,56.12300109863281,52.147361755371094,14557000,0.0,0.0
2022-06-07 00:00:00-04:00,56.05400085449219,57.45399856567383,55.75299835205078,57.29899978637695,53.24005889892578,15895000,0.0,0.0
2022-06-08 00:00:00-04:00,57.18199920654297,57.62699890136719,56.2140007019043,56.5359992980957,52.53111267089844,24004000,0.0,0.0
2022-06-09 00:00:00-04:00,56.11600112915039,57.36399841308594,55.59299850463867,55.62200164794922,51.68185043334961,18787000,0.0,0.0
2022-06-10 00:00:00-04:00,55.00899887084961,55.104000091552734,53.97200012207031,54.12699890136719,50.29275894165039,24018000,0.0,0.0
2022-06-13 00:00:00-04:00,52.678001403808594,53.29999923706055,51.60200119018555,51.762001037597656,48.09529113769531,31619000,0.0,0.0
2022-06-14 00:00:00-04:00,52.49700164794922,52.49700164794922,51.45899963378906,52.016998291015625,48.33222579956055,24380000,0.0,0.0
2022-06-15 00:00:00-04:00,52.915000915527344,53.382999420166016,51.551998138427734,52.67100143432617,48.93989562988281,19141000,0.0,0.0
2022-06-16 00:00:00-04:00,51.19499969482422,51.44300079345703,49.22800064086914,49.71799850463867,46.196075439453125,37244000,0.0,0.0
2022-06-17 00:00:00-04:00,49.5,50.0359992980957,48.7869987487793,49.8650016784668,46.332672119140625,43504000,0.0,0.0
2022-06-21 00:00:00-04:00,50.40800094604492,51.090999603271484,50.28900146484375,50.37699890136719,47.19645690917969,21901000,0.41,0.0
2022-06-22 00:00:00-04:00,49.63100051879883,50.37699890136719,49.41999816894531,49.61000061035156,46.47789001464844,24721000,0.0,0.0
2022-06-23 00:00:00-04:00,50.17499923706055,50.17499923706055,49.10100173950195,49.65800094604492,46.522857666015625,16707000,0.0,0.0
2022-06-24 00:00:00-04:00,50.5,51.18000030517578,50.14500045776367,50.909000396728516,47.69486618041992,21201000,0.0,0.0
2022-06-27 00:00:00-04:00,51.380001068115234,51.40399932861328,50.28200149536133,50.57099914550781,47.378211975097656,13207000,0.0,0.0
2022-06-28 00:00:00-04:00,51.26100158691406,51.415000915527344,49.81100082397461,49.845001220703125,46.69805145263672,15667000,0.0,0.0
2022-06-29 00:00:00-04:00,49.54800033569336,49.59299850463867,48.66699981689453,49.04100036621094,45.94480514526367,14444000,0.0,0.0
2022-06-30 00:00:00-04:00,48.803001403808594,49.374000549316406,48.07099914550781,48.58100128173828,45.51385498046875,18890000,0.0,0.0
2022-07-01 00:00:00-04:00,47.941001892089844,48.426998138427734,46.94300079345703,47.784000396728516,44.76716995239258,21315000,0.0,0.0
2022-07-05 00:00:00-04:00,47.20000076293945,47.69300079345703,46.39099884033203,47.630001068115234,44.62289047241211,20711000,0.0,0.0
2022-07-06 00:00:00-04:00,48.053001403808594,48.70500183105469,47.54999923706055,48.26100158691406,45.214054107666016,22975000,0.0,0.0
2022-07-07 00:00:00-04:00,48.81100082397461,50.138999938964844,48.81100082397461,49.854000091552734,46.706478118896484,21319000,0.0,0.0
2022-07-08 00:00:00-04:00,49.29899978637695,49.9630012512207,49.0,49.86899948120117,46.72052764892578,12713000,0.0,0.0
2022-07-11 00:00:00-04:00,48.94900131225586,49.1619987487793,48.097999572753906,48.2859992980957,45.23746871948242,21449000,0.0,0.0
2022-07-12 00:00:00-04:00,48.78200149536133,49.2599983215332,48.00699996948242,48.137001037597656,45.097877502441406,21159000,0.0,0.0
2022-07-13 00:00:00-04:00,47.49800109863281,48.56399917602539,47.229000091552734,48.17300033569336,45.131614685058594,17665000,0.0,0.0
2022-07-14 00:00:00-04:00,48.244998931884766,48.667999267578125,47.34299850463867,48.4640007019043,45.40423583984375,19957000,0.0,0.0
2022-07-15 00:00:00-04:00,49.08300018310547,49.4739990234375,48.612998962402344,49.44599914550781,46.32423782348633,18714000,0.0,0.0
2022-07-18 00:00:00-04:00,50.01599884033203,50.24100112915039,48.819000244140625,49.10599899291992,46.00570297241211,18042000,0.0,0.0
2022-07-19 00:00:00-04:00,49.68000030517578,51.1349983215332,49.5890007019043,50.900001525878906,47.686439514160156,27257000,0.0,0.0
2022-07-20 00:00:00-04:00,50.95399856567383,51.76100158691406,50.446998596191406,51.176998138427734,47.94594192504883,27412000,0.0,0.0
2022-07-21 00:00:00-04:00,51.255001068115234,51.78099822998047,50.60200119018555,51.768001556396484,48.4996337890625,13912000,0.0,0.0
2022-07-22 00:00:00-04:00,51.88100051879883,51.979000091552734,50.667999267578125,51.25199890136719,48.01621627807617,17867000,0.0,0.0
2022-07-25 00:00:00-04:00,51.04600143432617,51.332000732421875,50.65299987792969,51.31100082397461,48.07148361206055,15061000,0.0,0.0
2022-07-26 00:00:00-04:00,51.4630012512207,51.680999755859375,50.891998291015625,51.10900115966797,47.88224411010742,17958000,0.0,0.0
2022-07-27 00:00:00-04:00,51.81999969482422,53.01900100708008,51.69300079345703,52.77899932861328,49.44680404663086,25699000,0.0,0.0
2022-07-28 00:00:00-04:00,52.85900115966797,53.652000427246094,52.05799865722656,53.361000061035156,49.992069244384766,14867000,0.0,0.0
2022-07-29 00:00:00-04:00,53.198001861572266,53.78300094604492,53.027000427246094,53.54800033569336,50.167259216308594,18482000,0.0,0.0
2022-08-01 00:00:00-04:00,53.143001556396484,53.979000091552734,53.04399871826172,53.637001037597656,50.250633239746094,11485000,0.0,0.0
2022-08-02 00:00:00-04:00,53.321998596191406,53.91999816894531,52.722999572753906,53.12099838256836,49.767215728759766,13072000,0.0,0.0
2022-08-03 00:00:00-04:00,53.52899932861328,54.79999923706055,53.4119987487793,54.67399978637695,51.22216796875,19228000,0.0,0.0
2022-08-04 00:00:00-04:00,54.840999603271484,55.314998626708984,54.500999450683594,55.279998779296875,51.7899055480957,16293000,0.0,0.0
2022-08-05 00:00:00-04:00,54.4900016784668,55.20000076293945,54.327999114990234,55.14400100708008,51.66250228881836,14357000,0.0,0.0
2022-08-08 00:00:00-04:00,54.935001373291016,55.29899978637695,53.874000549316406,54.553001403808594,51.10880661010742,13722000,0.0,0.0
2022-08-09 00:00:00-04:00,53.909000396728516,53.935001373291016,52.775001525878906,53.279998779296875,49.916175842285156,20072000,0.0,0.0
2022-08-10 00:00:00-04:00,54.60599899291992,55.10200119018555,53.92399978637695,55.04100036621094,51.56599807739258,19519000,0.0,0.0
2022-08-11 00:00:00-04:00,55.39500045776367,55.777000427246094,54.42499923706055,54.542999267578125,51.09943771362305,14268000,0.0,0.0
2022-08-12 00:00:00-04:00,54.78099822998047,55.840999603271484,54.564998626708984,55.823001861572266,52.298622131347656,18399000,0.0,0.0
2022-08-15 00:00:00-04:00,55.42300033569336,55.979000091552734,55.04999923706055,55.895999908447266,52.36701583862305,14329000,0.0,0.0
2022-08-16 00:00:00-04:00,55.75199890136719,55.79399871826172,54.60100173950195,55.165000915527344,51.68217468261719,14782000,0.0,0.0
2022-08-17 00:00:00-04:00,54.4370002746582,54.47100067138672,53.104000091552734,53.85900115966797,50.45862579345703,19022000,0.0,0.0
2022-08-18 00:00:00-04:00,54.340999603271484,56.055999755859375,54.16299819946289,55.845001220703125,52.31924057006836,23459000,0.0,0.0
2022-08-19 00:00:00-04:00,55.08599853515625,55.55799865722656,54.7869987487793,54.84299850463867,51.380496978759766,16923000,0.0,0.0
2022-08-22 00:00:00-04:00,54.25699996948242,54.308998107910156,52.70500183105469,52.875,49.536746978759766,18555000,0.0,0.0
2022-08-23 00:00:00-04:00,53.3849983215332,53.762001037597656,52.89099884033203,52.97800064086914,49.63325119018555,9003000,0.0,0.0
2022-08-24 00:00:00-04:00,52.95600128173828,53.130001068115234,52.34400177001953,53.08399963378906,49.7325439453125,11883000,0.0,0.0
2022-08-25 00:00:00-04:00,53.345001220703125,55.04800033569336,53.22600173950195,55.01300048828125,51.53976821899414,17345000,0.0,0.0
2022-08-26 00:00:00-04:00,54.88399887084961,55.0989990234375,52.0,52.08599853515625,48.797550201416016,25682000,0.0,0.0
2022-08-29 00:00:00-04:00,52.0,52.27399826049805,51.20000076293945,51.417999267578125,48.171730041503906,16580000,0.0,0.0
2022-08-30 00:00:00-04:00,51.683998107910156,51.79100036621094,50.138999938964844,50.638999938964844,47.441917419433594,18282000,0.0,0.0
2022-08-31 00:00:00-04:00,51.01599884033203,51.01599884033203,49.65399932861328,49.9109992980957,46.7598876953125,32445000,0.0,0.0
2022-09-01 00:00:00-04:00,49.14699935913086,49.32899856567383,48.08399963378906,49.20100021362305,46.094703674316406,31930000,0.0,0.0
2022-09-02 00:00:00-04:00,51.79999923706055,51.98099899291992,49.83000183105469,50.02199935913086,46.863868713378906,40426000,0.0,0.0
2022-09-06 00:00:00-04:00,49.85300064086914,50.400001525878906,49.0369987487793,49.81999969482422,46.674625396728516,24738000,0.0,0.0
2022-09-07 00:00:00-04:00,50.29100036621094,50.94300079345703,49.90800094604492,50.51300048828125,47.32387924194336,20440000,0.0,0.0
2022-09-08 00:00:00-04:00,50.2599983215332,51.27399826049805,49.869998931884766,51.19300079345703,47.9609489440918,22535000,0.0,0.0
2022-09-09 00:00:00-04:00,51.54399871826172,52.59700012207031,51.54399871826172,52.2400016784668,48.94183349609375,23019000,0.0,0.0
2022-09-12 00:00:00-04:00,52.67499923706055,53.125999450683594,52.45600128173828,52.90599822998047,49.5657844543457,18157000,0.0,0.0
2022-09-13 00:00:00-04:00,51.38399887084961,51.82699966430664,50.167999267578125,50.3650016784668,47.18521499633789,35136000,0.0,0.0
2022-09-14 00:00:00-04:00,50.7130012512207,51.29999923706055,50.277000427246094,51.07500076293945,47.85038757324219,20605000,0.0,0.0
2022-09-15 00:00:00-04:00,50.893001556396484,51.15599822998047,49.72800064086914,50.013999938964844,46.85637664794922,36574000,0.0,0.0
2022-09-16 00:00:00-04:00,49.77199935913086,50.36899948120117,48.986000061035156,50.25,47.07747268676758,59012000,0.0,0.0
2022-09-19 00:00:00-04:00,49.44200134277344,50.3390007019043,49.44200134277344,50.183998107910156,47.01564025878906,17948000,0.0,0.0
2022-09-20 00:00:00-04:00,49.599998474121094,49.882999420166016,48.97200012207031,49.305999755859375,46.19307327270508,17132000,0.0,0.0
2022-09-21 00:00:00-04:00,49.0989990234375,49.987998962402344,48.176998138427734,48.2140007019043,45.54878234863281,20669000,0.41,0.0
2022-09-22 00:00:00-04:00,48.24300003051758,48.32099914550781,47.29999923706055,47.76100158691406,45.12082290649414,23540000,0.0,0.0
2022-09-23 00:00:00-04:00,47.494998931884766,47.79899978637695,46.20000076293945,46.86800003051758,44.27717971801758,29649000,0.0,0.0
2022-09-26 00:00:00-04:00,46.89799880981445,47.33000183105469,46.13100051879883,46.22600173950195,43.670677185058594,19361000,0.0,0.0
2022-09-27 00:00:00-04:00,46.95500183105469,46.98899841308594,45.6510009765625,46.474998474121094,43.905906677246094,17850000,0.0,0.0
2022-09-28 00:00:00-04:00,46.13399887084961,46.875,45.6349983215332,46.59600067138672,44.02021789550781,27605000,0.0,0.0
2022-09-29 00:00:00-04:00,46.09000015258789,46.137001037597656,44.487998962402344,45.01300048828125,42.52472686767578,39997000,0.0,0.0
2022-09-30 00:00:00-04:00,44.90599822998047,45.78200149536133,44.36399841308594,44.4010009765625,41.946556091308594,27202000,0.0,0.0
2022-10-03 00:00:00-04:00,44.92399978637695,46.095001220703125,44.696998596191406,45.678001403808594,43.15297317504883,21479000,0.0,0.0
2022-10-04 00:00:00-04:00,46.849998474121094,48.01599884033203,46.58599853515625,47.986000061035156,45.3333854675293,27277000,0.0,0.0
2022-10-05 00:00:00-04:00,47.255001068115234,48.808998107910156,47.145999908447266,48.47999954223633,45.80006408691406,18493000,0.0,0.0
2022-10-06 00:00:00-04:00,48.37900161743164,48.970001220703125,47.87200164794922,47.95000076293945,45.29936599731445,17250000,0.0,0.0
2022-10-07 00:00:00-04:00,47.237998962402344,47.33399963378906,45.902000427246094,46.04800033569336,43.50251007080078,28425000,0.0,0.0
2022-10-10 00:00:00-04:00,46.0,46.0099983215332,43.183998107910156,43.77000045776367,41.35043716430664,33454000,0.0,0.0
2022-10-11 00:00:00-04:00,43.52000045776367,43.869998931884766,42.55799865722656,43.07600021362305,40.694801330566406,28046000,0.0,0.0
2022-10-12 00:00:00-04:00,43.224998474121094,43.571998596191406,42.80099868774414,43.05699920654297,40.67684555053711,15046000,0.0,0.0
2022-10-13 00:00:00-04:00,41.742000579833984,44.37699890136719,41.50699996948242,43.797000885009766,41.375946044921875,27980000,0.0,0.0
2022-10-14 00:00:00-04:00,44.327999114990234,44.395999908447266,42.64099884033203,42.709999084472656,40.34902572631836,22816000,0.0,0.0
2022-10-17 00:00:00-04:00,43.95500183105469,44.124000549316406,43.3390007019043,43.5369987487793,41.13031005859375,24120000,0.0,0.0
2022-10-18 00:00:00-04:00,44.82099914550781,44.85499954223633,43.01599884033203,43.483001708984375,41.07929611206055,20341000,0.0,0.0
2022-10-19 00:00:00-04:00,43.323001861572266,43.83000183105469,43.0880012512207,43.529998779296875,41.12370681762695,12702000,0.0,0.0
2022-10-20 00:00:00-04:00,43.51300048828125,44.21900177001953,42.81399917602539,43.029998779296875,40.651344299316406,23402000,0.0,0.0
2022-10-21 00:00:00-04:00,43.20899963378906,45.066001892089844,42.91699981689453,44.972999572753906,42.4869384765625,26980000,0.0,0.0
2022-10-24 00:00:00-04:00,45.27299880981445,45.87900161743164,45.111000061035156,45.652000427246094,43.12840270996094,25287000,0.0,0.0
2022-10-25 00:00:00-04:00,45.79899978637695,46.42599868774414,45.68299865722656,46.00699996948242,43.463775634765625,18246000,0.0,0.0
2022-10-26 00:00:00-04:00,45.79899978637695,47.17599868774414,45.534000396728516,46.11800003051758,43.568641662597656,29291000,0.0,0.0
2022-10-27 00:00:00-04:00,46.60499954223633,47.07699966430664,45.49100112915039,45.540000915527344,43.02259063720703,18512000,0.0,0.0
2022-10-28 00:00:00-04:00,45.69599914550781,47.433998107910156,45.564998626708984,47.290000915527344,44.67585754394531,23094000,0.0,0.0
2022-10-31 00:00:00-04:00,46.685001373291016,47.28099822998047,46.500999450683594,47.012001037597656,44.41322326660156,19259000,0.0,0.0
2022-11-01 00:00:00-04:00,47.58000183105469,47.68299865722656,46.31700134277344,46.790000915527344,44.2034912109375,16324000,0.0,0.0
2022-11-02 00:00:00-04:00,47.02799987792969,48.04499816894531,45.571998596191406,45.60300064086914,43.08211898803711,21070000,0.0,0.0
2022-11-03 00:00:00-04:00,45.09400177001953,45.2859992980957,44.13600158691406,44.4119987487793,41.95694351196289,23887000,0.0,0.0
2022-11-04 00:00:00-04:00,45.68600082397461,46.888999938964844,45.327999114990234,46.529998779296875,43.95785903930664,28891000,0.0,0.0
2022-11-07 00:00:00-05:00,46.676998138427734,47.77399826049805,46.15700149536133,47.52199935913086,44.895023345947266,17687000,0.0,0.0
2022-11-08 00:00:00-05:00,48.125,48.880001068115234,47.349998474121094,48.21099853515625,45.54594039916992,20743000,0.0,0.0
2022-11-09 00:00:00-05:00,47.849998474121094,47.900001525878906,46.90299987792969,46.946998596191406,44.3518180847168,23695000,0.0,0.0
2022-11-10 00:00:00-05:00,49.099998474121094,50.71699905395508,48.71900177001953,50.65700149536133,47.85673522949219,33970000,0.0,0.0
2022-11-11 00:00:00-05:00,50.47999954223633,51.900001525878906,50.20000076293945,51.808998107910156,48.945045471191406,26728000,0.0,0.0
2022-11-14 00:00:00-05:00,51.53900146484375,52.50199890136719,51.29999923706055,51.321998596191406,48.48497009277344,21608000,0.0,0.0
2022-11-15 00:00:00-05:00,52.99599838256836,53.25699996948242,51.590999603271484,52.44200134277344,49.54305648803711,23315000,0.0,0.0
2022-11-16 00:00:00-05:00,51.672000885009766,51.854000091552734,51.02799987792969,51.17300033569336,48.34420394897461,25405000,0.0,0.0
2022-11-17 00:00:00-05:00,50.5,51.27399826049805,50.31399917602539,51.21099853515625,48.380104064941406,20375000,0.0,0.0
2022-11-18 00:00:00-05:00,51.6870002746582,51.77299880981445,51.099998474121094,51.51599884033203,48.66824722290039,14536000,0.0,0.0
2022-11-21 00:00:00-05:00,51.29399871826172,52.084999084472656,51.111000061035156,51.74399948120117,48.88364028930664,18622000,0.0,0.0
2022-11-22 00:00:00-05:00,52.297000885009766,53.02799987792969,51.9010009765625,53.005001068115234,50.07493591308594,18920000,0.0,0.0
2022-11-23 00:00:00-05:00,53.03499984741211,54.14799880981445,52.880001068115234,53.36399841308594,50.414093017578125,13964000,0.0,0.0
2022-11-25 00:00:00-05:00,53.069000244140625,53.45800018310547,52.948001861572266,52.99100112915039,50.061702728271484,7455000,0.0,0.0
2022-11-28 00:00:00-05:00,52.52399826049805,52.875999450683594,51.624000549316406,52.22100067138672,49.33427810668945,23505000,0.0,0.0
2022-11-29 00:00:00-05:00,52.29999923706055,52.584999084472656,51.483001708984375,52.138999938964844,49.256813049316406,12694000,0.0,0.0
2022-11-30 00:00:00-05:00,52.4109992980957,55.16600036621094,51.78300094604492,55.10300064086914,52.05696487426758,47349000,0.0,0.0
2022-12-01 00:00:00-05:00,55.10300064086914,55.242000579833984,54.19599914550781,55.07500076293945,52.03050994873047,23006000,0.0,0.0
2022-12-02 00:00:00-05:00,53.70500183105469,54.27000045776367,53.608001708984375,54.08000183105469,51.090511322021484,19320000,0.0,0.0
2022-12-05 00:00:00-05:00,53.777000427246094,53.948001861572266,52.54899978637695,53.06399917602539,50.13066864013672,18548000,0.0,0.0
2022-12-06 00:00:00-05:00,53.064998626708984,53.356998443603516,52.17499923706055,52.582000732421875,49.675315856933594,19655000,0.0,0.0
2022-12-07 00:00:00-05:00,51.959999084472656,52.5,51.60499954223633,51.849998474121094,48.98377990722656,16524000,0.0,0.0
2022-12-08 00:00:00-05:00,52.08100128173828,53.242000579833984,52.03799819946289,53.108001708984375,50.172245025634766,27514000,0.0,0.0
2022-12-09 00:00:00-05:00,55.09400177001953,55.263999938964844,54.099998474121094,54.47200012207031,51.46084213256836,37028000,0.0,0.0
2022-12-12 00:00:00-05:00,54.474998474121094,55.6870002746582,54.2239990234375,55.66299819946289,52.586002349853516,23416000,0.0,0.0
2022-12-13 00:00:00-05:00,57.582000732421875,58.183998107910156,56.50299835205078,57.104000091552734,53.94734573364258,40414000,0.0,0.0
2022-12-14 00:00:00-05:00,56.85499954223633,58.564998626708984,56.77299880981445,57.444000244140625,54.268558502197266,35218000,0.0,0.0
2022-12-15 00:00:00-05:00,56.37799835205078,56.64899826049805,55.77000045776367,55.79999923706055,52.715431213378906,36876000,0.0,0.0
2022-12-16 00:00:00-05:00,55.744998931884766,55.97999954223633,55.08700180053711,55.590999603271484,52.517982482910156,49549000,0.0,0.0
2022-12-19 00:00:00-05:00,55.402000427246094,55.64799880981445,54.571998596191406,54.9630012512207,52.357940673828125,25092000,0.46,0.0
2022-12-20 00:00:00-05:00,54.516998291015625,54.900001525878906,54.09199905395508,54.402000427246094,51.82353210449219,29831000,0.0,0.0
2022-12-21 00:00:00-05:00,54.766998291015625,56.191001892089844,54.69499969482422,56.12300109863281,53.46297073364258,25619000,0.0,0.0
2022-12-22 00:00:00-05:00,55.334999084472656,55.49399948120117,54.720001220703125,55.308998107910156,52.68754959106445,27553000,0.0,0.0
2022-12-23 00:00:00-05:00,55.0,55.36199951171875,54.744998931884766,55.24300003051758,52.62467956542969,13761000,0.0,0.0
2022-12-27 00:00:00-05:00,55.154998779296875,55.81100082397461,54.694000244140625,55.354000091552734,52.73041534423828,16677000,0.0,0.0
2022-12-28 00:00:00-05:00,55.16400146484375,55.777000427246094,54.244998931884766,54.48899841308594,51.906410217285156,15410000,0.0,0.0
2022-12-29 00:00:00-05:00,55.185001373291016,56.2599983215332,55.04999923706055,55.78099822998047,53.13718032836914,18176000,0.0,0.0
2022-12-30 00:00:00-05:00,55.18199920654297,55.96500015258789,54.80099868774414,55.91299819946289,53.26292037963867,14376000,0.0,0.0
2023-01-03 00:00:00-05:00,56.5,56.75699996948242,55.07899856567383,55.347999572753906,52.724700927734375,20173000,0.0,0.0
2023-01-04 00:00:00-05:00,56.29899978637695,56.816001892089844,55.60300064086914,56.02399826049805,53.368656158447266,17074000,0.0,0.0
2023-01-05 00:00:00-05:00,55.57099914550781,55.98400115966797,55.11199951171875,55.50199890136719,52.871395111083984,16277000,0.0,0.0
2023-01-06 00:00:00-05:00,56.3120002746582,59.099998474121094,56.22999954223633,58.84299850463867,56.05405044555664,35261000,0.0,0.0
2023-01-09 00:00:00-05:00,59.22999954223633,60.16699981689453,56.055999755859375,57.68899917602539,54.95473861694336,37739000,0.0,0.0
2023-01-10 00:00:00-05:00,57.20000076293945,57.51300048828125,54.999000549316406,57.49300003051758,54.76803970336914,44635000,0.0,0.0
2023-01-11 00:00:00-05:00,57.29999923706055,57.83399963378906,56.6870002746582,57.81399917602539,55.07381820678711,22502000,0.0,0.0
2023-01-12 00:00:00-05:00,57.558998107910156,58.51100158691406,57.375999450683594,58.194000244140625,55.43581008911133,19514000,0.0,0.0
2023-01-13 00:00:00-05:00,57.71500015258789,58.19300079345703,57.66699981689453,57.900001525878906,55.15574264526367,19647000,0.0,0.0
2023-01-17 00:00:00-05:00,57.4900016784668,58.5359992980957,57.45399856567383,57.92399978637695,55.17860794067383,15835000,0.0,0.0
2023-01-18 00:00:00-05:00,58.32099914550781,58.75600051879883,57.37200164794922,57.42900085449219,54.70706558227539,15703000,0.0,0.0
2023-01-19 00:00:00-05:00,56.9119987487793,57.00600051879883,56.03099822998047,56.321998596191406,53.652530670166016,22692000,0.0,0.0
2023-01-20 00:00:00-05:00,56.303001403808594,57.13600158691406,55.9109992980957,57.077999114990234,54.37269592285156,22950000,0.0,0.0
2023-01-23 00:00:00-05:00,57.20000076293945,58.479000091552734,56.97800064086914,58.16299819946289,55.40626907348633,23429000,0.0,0.0
2023-01-24 00:00:00-05:00,57.84400177001953,58.66899871826172,57.5629997253418,58.50299835205078,55.730159759521484,13825000,0.0,0.0
2023-01-25 00:00:00-05:00,57.766998291015625,58.696998596191406,57.604000091552734,58.56800079345703,55.792083740234375,13766000,0.0,0.0
2023-01-26 00:00:00-05:00,59.04100036621094,60.055999755859375,58.625999450683594,59.858001708984375,57.02094268798828,24525000,0.0,0.0
2023-01-27 00:00:00-05:00,59.332000732421875,59.92499923706055,59.01900100708008,59.0989990234375,56.297916412353516,19344000,0.0,0.0
2023-01-30 00:00:00-05:00,58.29999923706055,58.96099853515625,57.97600173950195,58.14500045776367,55.38913345336914,16984000,0.0,0.0
2023-01-31 00:00:00-05:00,58.207000732421875,58.722999572753906,58.07400131225586,58.500999450683594,55.72825622558594,23719000,0.0,0.0
2023-02-01 00:00:00-05:00,58.356998443603516,60.83000183105469,58.27000045776367,60.275001525878906,57.41817855834961,26553000,0.0,0.0
2023-02-02 00:00:00-05:00,60.76300048828125,61.31399917602539,59.974998474121094,60.57699966430664,57.70586013793945,24188000,0.0,0.0
2023-02-03 00:00:00-05:00,59.79999923706055,60.80400085449219,59.625,59.762001037597656,56.92948532104492,19093000,0.0,0.0
2023-02-06 00:00:00-05:00,59.33399963378906,60.321998596191406,59.22600173950195,60.130001068115234,57.28005599975586,18709000,0.0,0.0
2023-02-07 00:00:00-05:00,60.066001892089844,61.70100021362305,59.97200012207031,61.44499969482422,58.53271484375,24025000,0.0,0.0
2023-02-08 00:00:00-05:00,60.667999267578125,61.018001556396484,60.0620002746582,60.17100143432617,57.31910705566406,15290000,0.0,0.0
2023-02-09 00:00:00-05:00,61.2599983215332,61.49300003051758,59.54800033569336,59.941001892089844,57.10000991821289,18837000,0.0,0.0
2023-02-10 00:00:00-05:00,59.63100051879883,59.84600067138672,58.9630012512207,59.32500076293945,56.51320266723633,21035000,0.0,0.0
2023-02-13 00:00:00-05:00,59.5,60.14799880981445,59.34700012207031,60.11199951171875,57.262901306152344,19847000,0.0,0.0
2023-02-14 00:00:00-05:00,59.41699981689453,60.55799865722656,59.332000732421875,60.23099899291992,57.37626647949219,17571000,0.0,0.0
2023-02-15 00:00:00-05:00,59.88600158691406,60.827999114990234,59.66999816894531,60.76900100708008,57.888771057128906,12683000,0.0,0.0
2023-02-16 00:00:00-05:00,60.07500076293945,60.89400100708008,59.95500183105469,60.05400085449219,57.207645416259766,17449000,0.0,0.0
2023-02-17 00:00:00-05:00,60.0,60.084999084472656,59.244998931884766,59.558998107910156,56.73611068725586,14215000,0.0,0.0
2023-02-21 00:00:00-05:00,59.0,59.308998107910156,57.98400115966797,58.15399932861328,55.397705078125,22737000,0.0,0.0
2023-02-22 00:00:00-05:00,58.224998474121094,58.308998107910156,57.209999084472656,57.617000579833984,54.88615798950195,23475000,0.0,0.0
2023-02-23 00:00:00-05:00,58.57500076293945,58.59400177001953,57.36800003051758,58.380001068115234,55.61299514770508,18939000,0.0,0.0
2023-02-24 00:00:00-05:00,57.75299835205078,58.02399826049805,57.361000061035156,57.775001525878906,55.03666687011719,15353000,0.0,0.0
2023-02-27 00:00:00-05:00,58.58700180053711,58.97999954223633,58.42599868774414,58.54499816894531,55.770172119140625,18321000,0.0,0.0
2023-02-28 00:00:00-05:00,58.555999755859375,59.858001708984375,58.21799850463867,59.42900085449219,56.61227798461914,27822000,0.0,0.0
2023-03-01 00:00:00-05:00,59.400001525878906,59.82099914550781,59.029998779296875,59.356998443603516,56.5436897277832,15484000,0.0,0.0
2023-03-02 00:00:00-05:00,58.93899917602539,60.09400177001953,58.612998962402344,59.8650016784668,57.02760696411133,27525000,0.0,0.0
2023-03-03 00:00:00-05:00,61.77000045776367,63.573001861572266,61.57500076293945,63.2760009765625,60.276939392089844,46088000,0.0,0.0
2023-03-06 00:00:00-05:00,63.5,64.40499877929688,63.17300033569336,63.29199981689453,60.29218292236328,24983000,0.0,0.0
2023-03-07 00:00:00-05:00,63.48699951171875,63.577999114990234,62.35100173950195,62.51499938964844,59.552005767822266,19334000,0.0,0.0
2023-03-08 00:00:00-05:00,62.77799987792969,63.27299880981445,62.367000579833984,63.22600173950195,60.22931671142578,20912000,0.0,0.0
2023-03-09 00:00:00-05:00,63.007999420166016,64.24400329589844,62.1879997253418,62.25199890136719,59.301475524902344,21775000,0.0,0.0
2023-03-10 00:00:00-05:00,62.819000244140625,63.01599884033203,61.28200149536133,61.483001708984375,58.56892395019531,26098000,0.0,0.0
2023-03-13 00:00:00-04:00,60.70899963378906,62.43899917602539,60.6879997253418,61.64699935913086,58.72515106201172,22364000,0.0,0.0
2023-03-14 00:00:00-04:00,62.3390007019043,63.33700180053711,61.849998474121094,63.24599838256836,60.24835968017578,25893000,0.0,0.0
2023-03-15 00:00:00-04:00,62.766998291015625,63.00699996948242,61.619998931884766,62.604000091552734,59.63679504394531,22963000,0.0,0.0
2023-03-16 00:00:00-04:00,62.185001373291016,63.707000732421875,61.78099822998047,63.650001525878906,60.633216857910156,31716000,0.0,0.0
2023-03-17 00:00:00-04:00,63.650001525878906,63.957000732421875,62.70800018310547,63.09700012207031,60.106422424316406,79303000,0.0,0.0
2023-03-20 00:00:00-04:00,63.27399826049805,64.4739990234375,63.15999984741211,64.37100219726562,61.32004165649414,25857000,0.0,0.0
2023-03-21 00:00:00-04:00,64.30899810791016,64.65899658203125,63.43299865722656,63.67499923706055,61.09360885620117,25000000,0.46,0.0
2023-03-22 00:00:00-04:00,63.689998626708984,64.8499984741211,63.06700134277344,63.09199905395508,60.53423309326172,25799000,0.0,0.0
2023-03-23 00:00:00-04:00,63.88999938964844,64.81800079345703,63.15299987792969,63.92300033569336,61.33155822753906,27162000,0.0,0.0
2023-03-24 00:00:00-04:00,63.803001403808594,63.93000030517578,62.85499954223633,63.617000579833984,61.037960052490234,17228000,0.0,0.0
2023-03-27 00:00:00-04:00,63.900001525878906,63.90999984741211,62.5989990234375,62.683998107910156,60.14277648925781,14707000,0.0,0.0
2023-03-28 00:00:00-04:00,62.52299880981445,62.65399932861328,61.88600158691406,62.470001220703125,59.93745803833008,12439000,0.0,0.0
2023-03-29 00:00:00-04:00,63.27799987792969,63.4010009765625,62.4640007019043,62.54999923706055,60.01421356201172,26395000,0.0,0.0
2023-03-30 00:00:00-04:00,63.27299880981445,63.60499954223633,62.93000030517578,63.375,60.80576705932617,21523000,0.0,0.0
2023-03-31 00:00:00-04:00,63.05400085449219,64.22200012207031,62.590999603271484,64.15399932861328,61.553192138671875,22097000,0.0,0.0
2023-04-03 00:00:00-04:00,63.900001525878906,64.38999938964844,63.64400100708008,64.24700164794922,61.642417907714844,15682000,0.0,0.0
2023-04-04 00:00:00-04:00,64.31500244140625,64.42400360107422,63.20000076293945,63.441001892089844,60.86909866333008,13429000,0.0,0.0
2023-04-05 00:00:00-04:00,63.11399841308594,63.16999816894531,62.56999969482422,62.9010009765625,60.35098648071289,16908000,0.0,0.0
2023-04-06 00:00:00-04:00,62.41600036621094,62.84000015258789,61.89699935913086,62.263999938964844,59.73979949951172,14493000,0.0,0.0
2023-04-10 00:00:00-04:00,61.80500030517578,62.7869987487793,61.64500045776367,62.73899841308594,60.1955451965332,15400000,0.0,0.0
2023-04-11 00:00:00-04:00,63.077999114990234,63.0880012512207,62.082000732421875,62.15700149536133,59.637142181396484,16518000,0.0,0.0
2023-04-12 00:00:00-04:00,62.73400115966797,62.75199890136719,61.625999450683594,61.66999816894531,59.169883728027344,14112000,0.0,0.0
2023-04-13 00:00:00-04:00,61.90700149536133,62.650001525878906,61.71099853515625,62.42399978637695,59.89332580566406,17265000,0.0,0.0
2023-04-14 00:00:00-04:00,62.04800033569336,62.803001403808594,61.520999908447266,61.95399856567383,59.442378997802734,17465000,0.0,0.0
2023-04-17 00:00:00-04:00,61.861000061035156,62.83399963378906,61.78099822998047,62.736000061035156,60.19267654418945,13201000,0.0,0.0
2023-04-18 00:00:00-04:00,63.1619987487793,63.54999923706055,62.7130012512207,63.231998443603516,60.6685676574707,16806000,0.0,0.0
2023-04-19 00:00:00-04:00,62.67900085449219,63.67900085449219,62.55500030517578,63.45000076293945,60.87773895263672,19060000,0.0,0.0
2023-04-20 00:00:00-04:00,62.7859992980957,64.27300262451172,62.7140007019043,63.301998138427734,60.7357292175293,20239000,0.0,0.0
2023-04-21 00:00:00-04:00,63.060001373291016,63.380001068115234,62.19900131225586,63.290000915527344,60.72421646118164,14807000,0.0,0.0
2023-04-24 00:00:00-04:00,63.36399841308594,63.8849983215332,63.17900085449219,63.45399856567383,60.88156509399414,12338000,0.0,0.0
2023-04-25 00:00:00-04:00,63.39899826049805,63.5989990234375,62.17399978637695,62.20199966430664,59.680328369140625,23670000,0.0,0.0
2023-04-26 00:00:00-04:00,61.99700164794922,62.3129997253418,61.35100173950195,61.61899948120117,59.12096405029297,17179000,0.0,0.0
2023-04-27 00:00:00-04:00,61.61899948120117,62.00899887084961,60.323001861572266,61.840999603271484,59.333953857421875,18250000,0.0,0.0
2023-04-28 00:00:00-04:00,61.90700149536133,62.678001403808594,61.45600128173828,62.650001525878906,60.11016082763672,16183000,0.0,0.0
2023-05-01 00:00:00-04:00,62.650001525878906,63.89899826049805,62.619998931884766,63.79499816894531,61.208736419677734,17030000,0.0,0.0
2023-05-02 00:00:00-04:00,62.57600021362305,62.650001525878906,60.50199890136719,61.23400115966797,58.7515754699707,28357000,0.0,0.0
2023-05-03 00:00:00-04:00,61.689998626708984,62.19499969482422,61.2400016784668,61.31999969482422,58.83407974243164,19816000,0.0,0.0
2023-05-04 00:00:00-04:00,61.0,61.395999908447266,60.12900161743164,61.01599884033203,58.542396545410156,17684000,0.0,0.0
2023-05-05 00:00:00-04:00,61.595001220703125,63.14699935913086,61.33700180053711,63.012001037597656,60.45747756958008,24876000,0.0,0.0
2023-05-08 00:00:00-04:00,62.97800064086914,63.073001861572266,62.05799865722656,62.90599822998047,60.35578155517578,13934000,0.0,0.0
2023-05-09 00:00:00-04:00,62.27299880981445,62.40700149536133,61.58599853515625,61.85100173950195,59.34355545043945,16990000,0.0,0.0
2023-05-10 00:00:00-04:00,62.20600128173828,62.79999923706055,61.82699966430664,62.62699890136719,60.08808517456055,19174000,0.0,0.0
2023-05-11 00:00:00-04:00,62.65800094604492,62.847999572753906,61.79899978637695,62.766998291015625,60.2224235534668,14430000,0.0,0.0
2023-05-12 00:00:00-04:00,62.8380012512207,63.27000045776367,62.42100143432617,63.1150016784668,60.55631637573242,11942000,0.0,0.0
2023-05-15 00:00:00-04:00,63.1870002746582,64.00199890136719,62.84700012207031,63.97999954223633,61.38624954223633,14614000,0.0,0.0
2023-05-16 00:00:00-04:00,64.0459976196289,64.69100189208984,63.87300109863281,64.14399719238281,61.54359436035156,14967000,0.0,0.0
2023-05-17 00:00:00-04:00,64.73500061035156,66.08999633789062,64.45800018310547,65.74700164794922,63.08160400390625,24133000,0.0,0.0
2023-05-18 00:00:00-04:00,65.5999984741211,67.93599700927734,65.5999984741211,67.79000091552734,65.04178619384766,26389000,0.0,0.0
2023-05-19 00:00:00-04:00,68.0,68.49500274658203,67.84100341796875,68.2249984741211,65.45915222167969,22968000,0.0,0.0
2023-05-22 00:00:00-04:00,68.13999938964844,68.46800231933594,67.41200256347656,67.83699798583984,65.08688354492188,17796000,0.0,0.0
2023-05-23 00:00:00-04:00,69.06400299072266,69.89900207519531,68.2020034790039,68.6500015258789,65.8669204711914,36088000,0.0,0.0
2023-05-24 00:00:00-04:00,68.14399719238281,68.43099975585938,67.60600280761719,67.9530029296875,65.19818115234375,23021000,0.0,0.0
2023-05-25 00:00:00-04:00,69.94100189208984,73.23899841308594,69.0770034790039,72.87999725341797,69.92544555664062,49263000,0.0,0.0
2023-05-26 00:00:00-04:00,74.74299621582031,81.49800109863281,74.7020034790039,81.27300262451172,77.97818756103516,82500000,0.0,0.0
2023-05-30 00:00:00-04:00,83.51200103759766,92.1780014038086,79.88099670410156,80.33399963378906,77.0772476196289,116912000,0.0,0.0
2023-05-31 00:00:00-04:00,79.48999786376953,82.16699981689453,79.01300048828125,80.7959976196289,77.52052307128906,89998000,0.0,0.0
2023-06-01 00:00:00-04:00,80.06199645996094,80.5790023803711,78.51599884033203,78.99500274658203,75.79254150390625,80792000,0.0,0.0
2023-06-02 00:00:00-04:00,79.06400299072266,82.37699890136719,78.72000122070312,81.19999694824219,77.90814208984375,62815000,0.0,0.0
2023-06-05 00:00:00-04:00,80.91999816894531,80.91999816894531,79.447998046875,80.2300033569336,76.97747039794922,26222000,0.0,0.0
2023-06-06 00:00:00-04:00,80.19999694824219,80.19999694824219,77.63800048828125,79.0,75.79733276367188,37823000,0.0,0.0
2023-06-07 00:00:00-04:00,78.98200225830078,80.54499816894531,78.7509994506836,79.26300048828125,76.04966735839844,28957000,0.0,0.0
2023-06-08 00:00:00-04:00,79.49099731445312,80.5009994506836,78.87799835205078,80.41999816894531,77.1597671508789,21909000,0.0,0.0
2023-06-09 00:00:00-04:00,80.58000183105469,81.7750015258789,80.38800048828125,80.46199798583984,77.20005798339844,19241000,0.0,0.0
2023-06-12 00:00:00-04:00,81.11199951171875,85.80000305175781,81.11199951171875,85.53600311279297,82.068359375,51065000,0.0,0.0
2023-06-13 00:00:00-04:00,86.11299896240234,86.32599639892578,84.0999984741211,85.11199951171875,81.66155242919922,38990000,0.0,0.0
2023-06-14 00:00:00-04:00,85.58999633789062,88.85399627685547,84.72200012207031,88.61799621582031,85.0254135131836,43524000,0.0,0.0
2023-06-15 00:00:00-04:00,88.44100189208984,88.7969970703125,87.10199737548828,88.34300231933594,84.7615737915039,33814000,0.0,0.0
2023-06-16 00:00:00-04:00,88.9280014038086,88.99500274658203,86.54499816894531,86.81099700927734,83.29165649414062,68299000,0.0,0.0
2023-06-20 00:00:00-04:00,86.26599884033203,87.70700073242188,86.10099792480469,86.8030014038086,83.28400421142578,27535000,0.0,0.0
2023-06-21 00:00:00-04:00,86.0,86.5999984741211,84.45999908447266,84.76599884033203,81.76286315917969,23229000,0.46,0.0
2023-06-22 00:00:00-04:00,84.50900268554688,84.89099884033203,83.53099822998047,84.24299621582031,81.25838470458984,23464000,0.0,0.0
2023-06-23 00:00:00-04:00,83.4010009765625,83.60199737548828,81.88500213623047,82.21499633789062,79.30223846435547,37413000,0.0,0.0
2023-06-26 00:00:00-04:00,82.5,83.69999694824219,82.02200317382812,82.16300201416016,79.25209045410156,21372000,0.0,0.0
2023-06-27 00:00:00-04:00,82.86799621582031,85.0,82.0999984741211,84.83999633789062,81.834228515625,24923000,0.0,0.0
2023-06-28 00:00:00-04:00,83.87300109863281,85.85299682617188,83.70600128173828,84.79399871826172,81.78987121582031,19445000,0.0,0.0
2023-06-29 00:00:00-04:00,85.44499969482422,86.28399658203125,84.64099884033203,86.25700378417969,83.2010498046875,23386000,0.0,0.0
2023-06-30 00:00:00-04:00,86.85199737548828,87.45700073242188,86.43299865722656,86.74299621582031,83.6698226928711,23145000,0.0,0.0
2023-07-03 00:00:00-04:00,86.86199951171875,87.6729965209961,86.49199676513672,87.64399719238281,84.53889465332031,9038000,0.0,0.0
2023-07-05 00:00:00-04:00,86.73999786376953,87.69000244140625,86.17500305175781,86.18599700927734,83.13255310058594,14440000,0.0,0.0
2023-07-06 00:00:00-04:00,84.5,85.38999938964844,84.43299865722656,84.80000305175781,81.795654296875,23939000,0.0,0.0
2023-07-07 00:00:00-04:00,85.04299926757812,85.79900360107422,84.46600341796875,84.67500305175781,81.67507934570312,19409000,0.0,0.0
2023-07-10 00:00:00-04:00,84.8280029296875,87.91699981689453,84.8280029296875,87.77300262451172,84.66333770751953,30622000,0.0,0.0
2023-07-11 00:00:00-04:00,88.11100006103516,88.30000305175781,86.46299743652344,88.20500183105469,85.08001708984375,25498000,0.0,0.0
2023-07-12 00:00:00-04:00,88.9000015258789,89.75900268554688,88.19999694824219,88.99500274658203,85.84204864501953,28197000,0.0,0.0
2023-07-13 00:00:00-04:00,89.89399719238281,89.89399719238281,87.8270034790039,89.03600311279297,85.88158416748047,25912000,0.0,0.0
2023-07-14 00:00:00-04:00,88.61599731445312,90.33499908447266,88.61599731445312,88.85800170898438,85.70989990234375,18510000,0.0,0.0
2023-07-17 00:00:00-04:00,89.10099792480469,91.32099914550781,88.97799682617188,91.03500366210938,87.80976104736328,26819000,0.0,0.0
2023-07-18 00:00:00-04:00,90.5979995727539,90.98999786376953,89.82599639892578,90.34300231933594,87.14228820800781,24513000,0.0,0.0
2023-07-19 00:00:00-04:00,89.72699737548828,90.59700012207031,88.56300354003906,90.13700103759766,86.9435806274414,24118000,0.0,0.0
2023-07-20 00:00:00-04:00,89.25399780273438,90.69999694824219,88.5999984741211,88.83399963378906,85.68673706054688,28268000,0.0,0.0
2023-07-21 00:00:00-04:00,90.4489974975586,91.11499786376953,89.38300323486328,89.67500305175781,86.49796295166016,74287000,0.0,0.0
2023-07-24 00:00:00-04:00,90.08000183105469,90.54399871826172,89.4229965209961,90.15899658203125,86.96479797363281,19992000,0.0,0.0
2023-07-25 00:00:00-04:00,90.06199645996094,92.31800079345703,90.06199645996094,91.79900360107422,88.54670715332031,20042000,0.0,0.0
2023-07-26 00:00:00-04:00,90.9000015258789,91.06199645996094,88.76499938964844,89.30899810791016,86.14491271972656,19877000,0.0,0.0
2023-07-27 00:00:00-04:00,90.8499984741211,90.98500061035156,88.5999984741211,89.35299682617188,86.18733978271484,21922000,0.0,0.0
2023-07-28 00:00:00-04:00,89.93199920654297,90.35600280761719,89.3949966430664,89.97899627685547,86.79118347167969,18791000,0.0,0.0
2023-07-31 00:00:00-04:00,89.75,90.0999984741211,89.0999984741211,89.86499786376953,86.68120574951172,14952000,0.0,0.0
2023-08-01 00:00:00-04:00,89.89800262451172,92.06199645996094,89.7699966430664,92.0,88.7405776977539,19683000,0.0,0.0
2023-08-02 00:00:00-04:00,91.2300033569336,91.30000305175781,89.02899932861328,89.2300033569336,86.06871032714844,26877000,0.0,0.0
2023-08-03 00:00:00-04:00,88.66200256347656,89.53299713134766,88.10800170898438,88.49800109863281,85.3626480102539,18281000,0.0,0.0
2023-08-04 00:00:00-04:00,88.49800109863281,89.36199951171875,87.33699798583984,88.16500091552734,85.04144287109375,21156000,0.0,0.0
2023-08-07 00:00:00-04:00,88.76799774169922,89.73699951171875,88.5270004272461,89.70600128173828,86.52784729003906,11146000,0.0,0.0
2023-08-08 00:00:00-04:00,89.00900268554688,89.05999755859375,87.33999633789062,88.31600189208984,85.18709564208984,14081000,0.0,0.0
2023-08-09 00:00:00-04:00,88.27200317382812,88.35299682617188,84.87200164794922,85.072998046875,82.05899810791016,24672000,0.0,0.0
2023-08-10 00:00:00-04:00,85.31199645996094,86.1500015258789,83.70700073242188,84.29000091552734,81.3037338256836,20186000,0.0,0.0
2023-08-11 00:00:00-04:00,83.4010009765625,83.63999938964844,82.3479995727539,82.97599792480469,80.0362777709961,20331000,0.0,0.0
2023-08-14 00:00:00-04:00,83.11299896240234,85.41799926757812,82.73799896240234,85.41000366210938,82.38404083251953,17688000,0.0,0.0
2023-08-15 00:00:00-04:00,84.9209976196289,85.46199798583984,83.64600372314453,84.25199890136719,81.26707458496094,14035000,0.0,0.0
2023-08-16 00:00:00-04:00,84.77899932861328,85.44999694824219,83.19599914550781,83.29900360107422,80.34783935546875,16003000,0.0,0.0
2023-08-17 00:00:00-04:00,83.6510009765625,83.94200134277344,82.70099639892578,82.70999908447266,79.77969360351562,19228000,0.0,0.0
2023-08-18 00:00:00-04:00,82.0,82.81700134277344,81.19999694824219,82.58399963378906,79.65816497802734,17759000,0.0,0.0
2023-08-21 00:00:00-04:00,83.40599822998047,86.73400115966797,83.177001953125,86.51399993896484,83.44893646240234,30012000,0.0,0.0
2023-08-22 00:00:00-04:00,87.34100341796875,87.4749984741211,85.08799743652344,85.5790023803711,82.54705810546875,17079000,0.0,0.0
2023-08-23 00:00:00-04:00,85.0770034790039,87.81900024414062,85.0,87.65799713134766,84.55240631103516,19692000,0.0,0.0
2023-08-24 00:00:00-04:00,90.23500061035156,90.98600006103516,85.24600219726562,85.44599914550781,82.41876983642578,30934000,0.0,0.0
2023-08-25 00:00:00-04:00,85.7020034790039,86.94400024414062,83.76699829101562,85.18199920654297,82.16412353515625,24181000,0.0,0.0
2023-08-28 00:00:00-04:00,85.63899993896484,86.41300201416016,84.71099853515625,86.10800170898438,83.05731964111328,14306000,0.0,0.0
2023-08-29 00:00:00-04:00,85.83999633789062,89.28399658203125,85.64199829101562,88.99299621582031,85.8401107788086,27822000,0.0,0.0
2023-08-30 00:00:00-04:00,89.23899841308594,89.87100219726562,87.91100311279297,89.22799682617188,86.0667724609375,23234000,0.0,0.0
2023-08-31 00:00:00-04:00,89.8010025024414,92.36699676513672,89.37699890136719,92.28900146484375,89.01934051513672,55203000,0.0,0.0
2023-09-01 00:00:00-04:00,90.18699645996094,90.18699645996094,86.46600341796875,87.25199890136719,84.16078186035156,65017000,0.0,0.0
2023-09-05 00:00:00-04:00,86.95099639892578,88.30000305175781,86.69999694824219,87.21700286865234,84.12703704833984,24808000,0.0,0.0
2023-09-06 00:00:00-04:00,87.25,87.73699951171875,86.67400360107422,87.22699737548828,84.13666534423828,20142000,0.0,0.0
2023-09-07 00:00:00-04:00,85.94999694824219,86.16899871826172,84.052001953125,85.7030029296875,82.66665649414062,27789000,0.0,0.0
2023-09-08 00:00:00-04:00,85.5,86.08300018310547,85.01200103759766,85.75499725341797,82.71683502197266,16810000,0.0,0.0
2023-09-11 00:00:00-04:00,86.87699890136719,86.9000015258789,84.56500244140625,85.91400146484375,82.8702163696289,15710000,0.0,0.0
2023-09-12 00:00:00-04:00,85.02400207519531,85.8270034790039,84.16600036621094,84.4520034790039,81.46000671386719,16680000,0.0,0.0
2023-09-13 00:00:00-04:00,84.71900177001953,85.91100311279297,84.42400360107422,85.29299926757812,82.27117919921875,17413000,0.0,0.0
2023-09-14 00:00:00-04:00,85.90299987792969,87.66699981689453,85.5,87.16400146484375,84.0759048461914,19648000,0.0,0.0
2023-09-15 00:00:00-04:00,86.81600189208984,86.81600189208984,84.29000091552734,85.16799926757812,82.15061950683594,50190000,0.0,0.0
2023-09-18 00:00:00-04:00,84.25800323486328,85.63300323486328,84.0,85.0,81.98857116699219,16541000,0.0,0.0
2023-09-19 00:00:00-04:00,84.5989990234375,85.10299682617188,83.8499984741211,84.91999816894531,81.91140747070312,13126000,0.0,0.0
2023-09-20 00:00:00-04:00,84.9990005493164,84.9990005493164,83.03500366210938,83.05699920654297,80.55074310302734,13681000,0.46,0.0
2023-09-21 00:00:00-04:00,79.51100158691406,82.25,79.50900268554688,80.83599853515625,78.39675903320312,53654000,0.0,0.0
2023-09-22 00:00:00-04:00,81.1240005493164,83.05799865722656,81.03800201416016,82.90799713134766,80.40624237060547,27764000,0.0,0.0
2023-09-25 00:00:00-04:00,82.80000305175781,83.85600280761719,82.3010025024414,83.38899993896484,80.87272644042969,15648000,0.0,0.0
2023-09-26 00:00:00-04:00,82.91699981689453,83.0270004272461,81.12100219726562,81.61900329589844,79.1561508178711,17641000,0.0,0.0
2023-09-27 00:00:00-04:00,81.9260025024414,82.36799621582031,80.43800354003906,81.68099975585938,79.21627044677734,15352000,0.0,0.0
2023-09-28 00:00:00-04:00,82.01699829101562,83.88600158691406,81.46800231933594,83.19999694824219,80.6894302368164,16180000,0.0,0.0
2023-09-29 00:00:00-04:00,83.6449966430664,84.40399932861328,82.29100036621094,83.05799865722656,80.55169677734375,16481000,0.0,0.0
2023-10-02 00:00:00-04:00,82.90599822998047,83.85600280761719,82.3499984741211,83.49500274658203,80.97553253173828,14676000,0.0,0.0
2023-10-03 00:00:00-04:00,82.69999694824219,83.57499694824219,80.89099884033203,81.48300170898438,79.02423858642578,18761000,0.0,0.0
2023-10-04 00:00:00-04:00,82.03299713134766,83.05799865722656,81.62999725341797,82.38099670410156,79.8951416015625,16417000,0.0,0.0
2023-10-05 00:00:00-04:00,82.01100158691406,82.86299896240234,81.5479965209961,82.38600158691406,79.89998626708984,11474000,0.0,0.0
2023-10-06 00:00:00-04:00,81.94000244140625,84.83899688720703,81.1719970703125,84.5260009765625,81.97541809082031,21103000,0.0,0.0
2023-10-09 00:00:00-04:00,84.0459976196289,85.66100311279297,83.78299713134766,85.58799743652344,83.00537109375,15760000,0.0,0.0
2023-10-10 00:00:00-04:00,85.71499633789062,87.25499725341797,85.5719985961914,85.84100341796875,83.250732421875,14718000,0.0,0.0
2023-10-11 00:00:00-04:00,85.97100067138672,87.53399658203125,85.65499877929688,87.45600128173828,84.81700134277344,14334000,0.0,0.0
2023-10-12 00:00:00-04:00,87.64299774169922,91.79299926757812,87.64299774169922,90.55999755859375,87.82733917236328,43871000,0.0,0.0
2023-10-13 00:00:00-04:00,90.9000015258789,92.59100341796875,88.20899963378906,88.31800079345703,85.65300750732422,28312000,0.0,0.0
2023-10-16 00:00:00-04:00,89.09700012207031,91.5790023803711,89.09700012207031,90.25700378417969,87.53348541259766,21150000,0.0,0.0
2023-10-17 00:00:00-04:00,88.51499938964844,89.2979965209961,86.5999984741211,88.44000244140625,85.77132415771484,33008000,0.0,0.0
2023-10-18 00:00:00-04:00,87.99500274658203,89.56300354003906,87.5199966430664,88.7030029296875,86.02637481689453,20404000,0.0,0.0
2023-10-19 00:00:00-04:00,88.7020034790039,88.9489974975586,86.56700134277344,86.78299713134766,84.164306640625,26620000,0.0,0.0
2023-10-20 00:00:00-04:00,87.48999786376953,87.48999786376953,85.18399810791016,85.36299896240234,82.78716278076172,26953000,0.0,0.0
2023-10-23 00:00:00-04:00,85.7959976196289,87.36000061035156,84.28199768066406,86.22200012207031,83.62025451660156,16456000,0.0,0.0
2023-10-24 00:00:00-04:00,86.4000015258789,88.30000305175781,86.31199645996094,88.11100006103516,85.45223999023438,14972000,0.0,0.0
2023-10-25 00:00:00-04:00,87.70700073242188,87.87300109863281,84.60800170898438,84.96299743652344,82.39922332763672,21432000,0.0,0.0
2023-10-26 00:00:00-04:00,84.79100036621094,85.44200134277344,81.83399963378906,82.67500305175781,80.18026733398438,27917000,0.0,0.0
2023-10-27 00:00:00-04:00,83.0,84.02100372314453,82.85399627685547,83.83599853515625,81.30623626708984,18236000,0.0,0.0
2023-10-30 00:00:00-04:00,84.11000061035156,84.94300079345703,82.71499633789062,84.125,81.58651733398438,20889000,0.0,0.0
2023-10-31 00:00:00-04:00,84.38899993896484,84.55000305175781,83.26000213623047,84.13700103759766,81.5981674194336,14747000,0.0,0.0
2023-11-01 00:00:00-04:00,84.19999694824219,85.38300323486328,83.55699920654297,85.29399871826172,82.7202377319336,18684000,0.0,0.0
2023-11-02 00:00:00-04:00,86.19999694824219,88.05000305175781,86.0,87.12999725341797,84.50084686279297,18759000,0.0,0.0
2023-11-03 00:00:00-04:00,87.75,88.75,87.10600280761719,88.26799774169922,85.6044921875,18041000,0.0,0.0
2023-11-06 00:00:00-05:00,88.15599822998047,88.58899688720703,87.12100219726562,88.08300018310547,85.42509460449219,12870000,0.0,0.0
2023-11-07 00:00:00-05:00,88.23200225830078,90.177001953125,87.61599731445312,89.78199768066406,87.07281494140625,19365000,0.0,0.0
2023-11-08 00:00:00-05:00,90.0,91.29100036621094,89.9000015258789,91.11299896240234,88.36363983154297,15280000,0.0,0.0
2023-11-09 00:00:00-05:00,91.25,92.9800033569336,90.85600280761719,91.13800048828125,88.38790893554688,24486000,0.0,0.0
2023-11-10 00:00:00-05:00,92.17400360107422,95.8949966430664,91.82099914550781,95.75199890136719,92.8626708984375,36272000,0.0,0.0
2023-11-13 00:00:00-05:00,95.00499725341797,95.23999786376953,94.0479965209961,94.69300079345703,91.83562469482422,16893000,0.0,0.0
2023-11-14 00:00:00-05:00,96.23400115966797,97.677001953125,95.5250015258789,97.2959976196289,94.36007690429688,23886000,0.0,0.0
2023-11-15 00:00:00-05:00,97.95099639892578,98.17500305175781,96.69100189208984,97.54000091552734,94.59671783447266,16099000,0.0,0.0
2023-11-16 00:00:00-05:00,96.4000015258789,96.87000274658203,95.052001953125,95.95500183105469,93.0595474243164,26198000,0.0,0.0
2023-11-17 00:00:00-05:00,95.82099914550781,98.38899993896484,95.0999984741211,97.77300262451172,94.82269287109375,19789000,0.0,0.0
2023-11-20 00:00:00-05:00,97.30000305175781,99.98699951171875,97.30000305175781,99.57099914550781,96.5664291381836,18674000,0.0,0.0
2023-11-21 00:00:00-05:00,97.5,99.0999984741211,97.16300201416016,98.12000274658203,95.15922546386719,43344000,0.0,0.0
2023-11-22 00:00:00-05:00,98.36900329589844,98.79900360107422,97.0999984741211,97.19999694824219,94.2669677734375,33743000,0.0,0.0
2023-11-24 00:00:00-05:00,97.49600219726562,97.98600006103516,96.67500305175781,97.88700103759766,94.93324279785156,23158000,0.0,0.0
2023-11-27 00:00:00-05:00,97.61499786376953,98.10099792480469,94.93299865722656,95.02400207519531,92.15664672851562,96962000,0.0,0.0
2023-11-28 00:00:00-05:00,93.99400329589844,95.08599853515625,93.41600036621094,94.63500213623047,91.77936553955078,39025000,0.0,0.0
2023-11-29 00:00:00-05:00,94.83399963378906,95.94300079345703,93.93699645996094,94.08300018310547,91.24402618408203,34843000,0.0,0.0
2023-11-30 00:00:00-05:00,94.0999984741211,94.24199676513672,91.83699798583984,92.572998046875,89.77958679199219,49571000,0.0,0.0
2023-12-01 00:00:00-05:00,92.24600219726562,93.38999938964844,90.80000305175781,93.0,90.19371032714844,29612000,0.0,0.0
2023-12-04 00:00:00-05:00,92.06400299072266,93.09700012207031,91.64399719238281,92.39700317382812,89.60891723632812,25009000,0.0,0.0
2023-12-05 00:00:00-05:00,91.16000366210938,91.72699737548828,90.58499908447266,91.31199645996094,88.55663299560547,37066000,0.0,0.0
2023-12-06 00:00:00-05:00,92.03600311279297,92.09700012207031,90.30999755859375,90.36399841308594,87.63726043701172,24813000,0.0,0.0
2023-12-07 00:00:00-05:00,90.55400085449219,92.41200256347656,90.36399841308594,92.22599792480469,89.44306945800781,43517000,0.0,0.0
2023-12-08 00:00:00-05:00,92.78399658203125,95.072998046875,91.0530014038086,94.43000030517578,91.58055877685547,69668000,0.0,0.0
2023-12-11 00:00:00-05:00,95.70099639892578,103.95099639892578,95.60900115966797,102.92400360107422,99.81827545166016,101184000,0.0,0.0
2023-12-12 00:00:00-05:00,102.79900360107422,107.93900299072266,102.45800018310547,107.22799682617188,103.99237823486328,90242000,0.0,0.0
2023-12-13 00:00:00-05:00,106.80000305175781,109.97799682617188,106.25399780273438,108.96900177001953,105.68086242675781,71654000,0.0,0.0
2023-12-14 00:00:00-05:00,109.21800231933594,112.14600372314453,109.02799987792969,110.64900207519531,107.31015014648438,66964000,0.0,0.0
2023-12-15 00:00:00-05:00,109.52200317382812,114.98799896240234,109.46199798583984,112.9739990234375,109.56499481201172,118544000,0.0,0.0
2023-12-18 00:00:00-05:00,112.08000183105469,115.18199920654297,111.86399841308594,114.69999694824219,111.23892211914062,54741000,0.0,0.0
2023-12-19 00:00:00-05:00,114.19999694824219,115.0459976196289,113.2509994506836,113.95800018310547,111.02749633789062,36020000,0.525,0.0
2023-12-20 00:00:00-05:00,113.2699966430664,114.13600158691406,110.9260025024414,111.03800201416016,108.1825942993164,34523000,0.0,0.0
2023-12-21 00:00:00-05:00,113.26499938964844,113.54199981689453,111.5,112.72899627685547,109.83009338378906,24106000,0.0,0.0
2023-12-22 00:00:00-05:00,112.7979965209961,113.19999694824219,111.35299682617188,112.197998046875,109.31275177001953,19089000,0.0,0.0
2023-12-26 00:00:00-05:00,112.42400360107422,113.55000305175781,112.302001953125,113.18900299072266,110.27828216552734,16793000,0.0,0.0
2023-12-27 00:00:00-05:00,113.5999984741211,113.95700073242188,112.2959976196289,112.61699676513672,109.7209701538086,20055000,0.0,0.0
2023-12-28 00:00:00-05:00,113.16899871826172,113.2239990234375,111.90499877929688,112.24099731445312,109.35464477539062,21247000,0.0,0.0
2023-12-29 00:00:00-05:00,112.14600372314453,112.43800354003906,111.46700286865234,111.625,108.7544937133789,20558000,0.0,0.0
2024-01-02 00:00:00-05:00,109.21199798583984,110.19999694824219,107.70899963378906,108.53800201416016,105.74687194824219,28831000,0.0,0.0
2024-01-03 00:00:00-05:00,107.0199966430664,107.5,105.53099822998047,105.85800170898438,103.13580322265625,34735000,0.0,0.0
2024-01-04 00:00:00-05:00,105.7959976196289,106.94999694824219,104.73699951171875,104.9010009765625,102.20339965820312,25658000,0.0,0.0
2024-01-05 00:00:00-05:00,105.16000366210938,105.5459976196289,104.1510009765625,104.9280014038086,102.22972106933594,22475000,0.0,0.0
2024-01-08 00:00:00-05:00,105.6500015258789,107.80000305175781,105.19999694824219,107.48500061035156,104.72095489501953,33110000,0.0,0.0
2024-01-09 00:00:00-05:00,106.56199645996094,108.8550033569336,106.47100067138672,108.2490005493164,105.46530151367188,23225000,0.0,0.0
2024-01-10 00:00:00-05:00,108.03500366210938,108.2959976196289,106.26000213623047,108.05699920654297,105.27825164794922,17643000,0.0,0.0
2024-01-11 00:00:00-05:00,108.43199920654297,110.12999725341797,107.45099639892578,109.99800109863281,107.16934204101562,25757000,0.0,0.0
2024-01-12 00:00:00-05:00,111.20999908447266,111.56900024414062,110.0009994506836,110.76799774169922,107.91950988769531,26882000,0.0,0.0
2024-01-16 00:00:00-05:00,111.23400115966797,112.6240005493164,109.86299896240234,111.49600219726562,108.6288070678711,26145000,0.0,0.0
2024-01-17 00:00:00-05:00,110.62899780273438,111.31099700927734,109.02100372314453,110.36699676513672,107.52883911132812,18314000,0.0,0.0
2024-01-18 00:00:00-05:00,112.48999786376953,114.65499877929688,112.18800354003906,114.39099884033203,111.44935607910156,32228000,0.0,0.0
2024-01-19 00:00:00-05:00,115.73100280761719,121.69999694824219,115.5999984741211,121.12000274658203,118.00532531738281,53077000,0.0,0.0
2024-01-22 00:00:00-05:00,121.625,123.13300323486328,120.8219985961914,122.05000305175781,118.91140747070312,31222000,0.0,0.0
2024-01-23 00:00:00-05:00,122.0999984741211,122.697998046875,120.35199737548828,122.63099670410156,119.47746276855469,16952000,0.0,0.0
2024-01-24 00:00:00-05:00,124.2300033569336,128.4550018310547,123.10099792480469,125.38700103759766,122.16259002685547,34805000,0.0,0.0
2024-01-25 00:00:00-05:00,128.10000610351562,128.10000610351562,122.87999725341797,123.0,119.83697509765625,36356000,0.0,0.0
2024-01-26 00:00:00-05:00,121.97000122070312,122.12100219726562,120.02300262451172,120.48799896240234,117.38957214355469,25818000,0.0,0.0
2024-01-29 00:00:00-05:00,121.49099731445312,122.36699676513672,120.4990005493164,121.7770004272461,118.64541625976562,21526000,0.0,0.0
2024-01-30 00:00:00-05:00,121.677001953125,122.80000305175781,120.42900085449219,120.81600189208984,117.70913696289062,20683000,0.0,0.0
2024-01-31 00:00:00-05:00,118.94499969482422,119.72200012207031,117.43099975585938,118.0,114.96556854248047,27400000,0.0,0.0
2024-02-01 00:00:00-05:00,118.73500061035156,120.30899810791016,117.91100311279297,120.0009994506836,116.91510009765625,19411000,0.0,0.0
2024-02-02 00:00:00-05:00,120.875,123.46900177001953,120.51499938964844,122.43399810791016,119.2855224609375,26689000,0.0,0.0
2024-02-05 00:00:00-05:00,122.69599914550781,124.7750015258789,122.21499633789062,124.30999755859375,121.11327362060547,22045000,0.0,0.0
2024-02-06 00:00:00-05:00,126.35700225830078,127.21099853515625,121.19400024414062,122.26499938964844,119.1208724975586,25354000,0.0,0.0
2024-02-07 00:00:00-05:00,123.4000015258789,125.95099639892578,122.66999816894531,125.70600128173828,122.473388671875,25768000,0.0,0.0
2024-02-08 00:00:00-05:00,126.69999694824219,129.5970001220703,126.5009994506836,127.47599792480469,124.1978759765625,29326000,0.0,0.0
2024-02-09 00:00:00-05:00,125.2030029296875,128.5749969482422,124.89900207519531,128.343994140625,125.04353332519531,26293000,0.0,0.0
2024-02-12 00:00:00-05:00,129.00100708007812,129.0070037841797,125.9000015258789,126.5,123.2469711303711,24778000,0.0,0.0
2024-02-13 00:00:00-05:00,123.51200103759766,125.58699798583984,122.70899963378906,125.16500091552734,121.94629669189453,31907000,0.0,0.0
2024-02-14 00:00:00-05:00,126.92400360107422,127.30000305175781,124.13200378417969,126.22200012207031,122.97611999511719,27306000,0.0,0.0
2024-02-15 00:00:00-05:00,127.99500274658203,128.0,124.48500061035156,126.50700378417969,123.2537841796875,21873000,0.0,0.0
2024-02-16 00:00:00-05:00,125.90399932861328,127.56800079345703,124.23899841308594,124.5479965209961,121.34515380859375,21268000,0.0,0.0
2024-02-20 00:00:00-05:00,123.58599853515625,123.77200317382812,121.25599670410156,122.65499877929688,119.5008316040039,26329000,0.0,0.0
2024-02-21 00:00:00-05:00,121.80000305175781,122.80500030517578,120.26399993896484,122.74500274658203,119.5885238647461,20579000,0.0,0.0
2024-02-22 00:00:00-05:00,128.17100524902344,131.09800720214844,127.64700317382812,130.49000549316406,127.1343765258789,40819000,0.0,0.0
2024-02-23 00:00:00-05:00,130.83700561523438,131.96200561523438,128.8820037841797,129.63699340820312,126.30329895019531,23115000,0.0,0.0
2024-02-26 00:00:00-05:00,131.0,131.87899780273438,130.14599609375,130.91299438476562,127.54649353027344,16282000,0.0,0.0
2024-02-27 00:00:00-05:00,130.91299438476562,131.19400024414062,129.2220001220703,129.6230010986328,126.28965759277344,12126000,0.0,0.0
2024-02-28 00:00:00-05:00,129.3000030517578,129.8520050048828,128.2969970703125,128.94200134277344,125.62617492675781,10967000,0.0,0.0
2024-02-29 00:00:00-05:00,130.33099365234375,130.83999633789062,128.72799682617188,130.0489959716797,126.70468139648438,27536000,0.0,0.0
2024-03-01 00:00:00-05:00,132.59300231933594,140.7760009765625,132.0,139.91700744628906,136.31895446777344,44488000,0.0,0.0
2024-03-04 00:00:00-05:00,140.31500244140625,143.81700134277344,138.5189971923828,140.2259979248047,136.61997985839844,34854000,0.0,0.0
2024-03-05 00:00:00-05:00,139.5,139.5,133.23699951171875,134.27499389648438,130.82200622558594,36040000,0.0,0.0
2024-03-06 00:00:00-05:00,139.1580047607422,139.48300170898438,134.70599365234375,135.0,131.5283966064453,43196000,0.0,0.0
2024-03-07 00:00:00-05:00,138.19900512695312,141.43099975585938,137.28900146484375,140.7010040283203,137.08279418945312,62832000,0.0,0.0
2024-03-08 00:00:00-05:00,139.4250030517578,141.3000030517578,130.1580047607422,130.8719940185547,127.50651550292969,74025000,0.0,0.0
2024-03-11 00:00:00-04:00,127.79299926757812,129.90199279785156,125.25599670410156,129.31199645996094,125.98665618896484,31105000,0.0,0.0
2024-03-12 00:00:00-04:00,130.6999969482422,130.7790069580078,125.9280014038086,129.18800354003906,125.86585235595703,42789000,0.0,0.0
2024-03-13 00:00:00-04:00,128.28799438476562,128.28799438476562,125.23600006103516,125.78700256347656,122.55229949951172,37838000,0.0,0.0
2024-03-14 00:00:00-04:00,126.25399780273438,127.31300354003906,124.77100372314453,126.22699737548828,122.98098754882812,38029000,0.0,0.0
2024-03-15 00:00:00-04:00,125.34600067138672,126.73699951171875,123.00700378417969,123.55000305175781,120.37283325195312,88823000,0.0,0.0
2024-03-18 00:00:00-04:00,125.39800262451172,126.28800201416016,123.16999816894531,123.7239990234375,120.54235076904297,25737000,0.0,0.0
2024-03-19 00:00:00-04:00,121.69499969482422,124.0270004272461,120.4020004272461,123.8010025024414,120.61738586425781,24491000,0.0,0.0
2024-03-20 00:00:00-04:00,123.9020004272461,128.7989959716797,122.65899658203125,127.5999984741211,124.84812927246094,40946000,0.525,0.0
2024-03-21 00:00:00-04:00,132.83200073242188,140.36099243164062,131.60000610351562,134.8000030517578,131.8928680419922,72468000,0.0,0.0
2024-03-22 00:00:00-04:00,135.0,137.6219940185547,134.61500549316406,135.3470001220703,132.4280548095703,38624000,0.0,0.0
2024-03-25 00:00:00-04:00,134.5030059814453,135.843994140625,133.7469940185547,135.1580047607422,132.2431182861328,21237000,0.0,0.0
2024-03-26 00:00:00-04:00,136.468994140625,137.99400329589844,133.05099487304688,133.1490020751953,130.2774658203125,23522000,0.0,0.0
2024-03-27 00:00:00-04:00,135.0,135.0,129.6020050048828,131.8730010986328,129.0289764404297,25583000,0.0,0.0
2024-03-28 00:00:00-04:00,131.7899932861328,133.00900268554688,131.1529998779297,132.54100036621094,129.68255615234375,19856000,0.0,0.0
2024-04-01 00:00:00-04:00,132.5679931640625,136.29800415039062,132.54100036621094,135.0260009765625,132.11398315429688,17252000,0.0,0.0
2024-04-02 00:00:00-04:00,131.57899475097656,134.23699951171875,130.34100341796875,133.87600708007812,130.98876953125,24694000,0.0,0.0
2024-04-03 00:00:00-04:00,132.8000030517578,137.6820068359375,132.52699279785156,136.3209991455078,133.38104248046875,28650000,0.0,0.0
2024-04-04 00:00:00-04:00,138.53199768066406,140.3979949951172,131.5,131.75,128.9086151123047,27014000,0.0,0.0
2024-04-05 00:00:00-04:00,132.60000610351562,136.1230010986328,131.4199981689453,133.9429931640625,131.05433654785156,19438000,0.0,0.0
2024-04-08 00:00:00-04:00,133.36500549316406,134.25,131.5749969482422,133.61000061035156,130.72850036621094,17139000,0.0,0.0
2024-04-09 00:00:00-04:00,135.73699951171875,135.947998046875,130.86399841308594,133.4080047607422,130.53085327148438,17986000,0.0,0.0
2024-04-10 00:00:00-04:00,132.3000030517578,133.5749969482422,131.54800415039062,132.23699951171875,129.38514709472656,17467000,0.0,0.0
2024-04-11 00:00:00-04:00,133.26800537109375,139.18699645996094,132.36500549316406,138.24600219726562,135.26451110839844,31713000,0.0,0.0
2024-04-12 00:00:00-04:00,135.2010040283203,136.6510009765625,133.66200256347656,134.40699768066406,131.50831604003906,27823000,0.0,0.0
2024-04-15 00:00:00-04:00,137.0,137.0,130.60000610351562,131.06900024414062,128.24232482910156,24370000,0.0,0.0
2024-04-16 00:00:00-04:00,131.53799438476562,133.6320037841797,131.10000610351562,132.906005859375,130.03970336914062,18923000,0.0,0.0
2024-04-17 00:00:00-04:00,134.31100463867188,134.6999969482422,128.14199829101562,128.26300048828125,125.496826171875,24718000,0.0,0.0
2024-04-18 00:00:00-04:00,128.8000030517578,129.26499938964844,125.5459976196289,125.89900207519531,123.18382263183594,24888000,0.0,0.0
2024-04-19 00:00:00-04:00,125.89900207519531,126.0,119.75599670410156,120.47100067138672,117.87286376953125,44797000,0.0,0.0
2024-04-22 00:00:00-04:00,122.44999694824219,123.31999969482422,120.05400085449219,122.44599914550781,119.8052749633789,25162000,0.0,0.0
2024-04-23 00:00:00-04:00,122.81700134277344,125.79000091552734,122.802001953125,124.91899871826172,122.22494506835938,22025000,0.0,0.0
2024-04-24 00:00:00-04:00,126.38999938964844,128.56199645996094,124.49600219726562,125.68199920654297,122.97148895263672,20108000,0.0,0.0
2024-04-25 00:00:00-04:00,127.24500274658203,130.80299377441406,125.69999694824219,129.44200134277344,126.65038299560547,30410000,0.0,0.0
2024-04-26 00:00:00-04:00,131.0,135.58299255371094,130.31300354003906,134.40699768066406,131.50831604003906,24100000,0.0,0.0
2024-04-29 00:00:00-04:00,134.4080047607422,135.29800415039062,132.57000732421875,133.86199951171875,130.97506713867188,13372000,0.0,0.0
2024-04-30 00:00:00-04:00,132.88800048828125,134.8350067138672,129.90499877929688,130.02699279785156,127.22277069091797,22113000,0.0,0.0
2024-05-01 00:00:00-04:00,127.83300018310547,129.23699951171875,124.13500213623047,124.28600311279297,121.60559844970703,30958000,0.0,0.0
2024-05-02 00:00:00-04:00,125.62799835205078,126.44499969482422,122.33100128173828,123.85700225830078,121.18585205078125,29480000,0.0,0.0
2024-05-03 00:00:00-04:00,125.9000015258789,128.38800048828125,124.71399688720703,127.81099700927734,125.05457305908203,24898000,0.0,0.0
2024-05-06 00:00:00-04:00,128.6219940185547,131.07699584960938,127.50700378417969,131.031005859375,128.20513916015625,16287000,0.0,0.0
2024-05-07 00:00:00-04:00,131.6439971923828,131.8990020751953,129.67599487304688,130.31100463867188,127.50067901611328,12413000,0.0,0.0
2024-05-08 00:00:00-04:00,129.35000610351562,133.79100036621094,128.8489990234375,132.53700256347656,129.6786651611328,13918000,0.0,0.0
2024-05-09 00:00:00-04:00,131.7830047607422,132.16099548339844,130.1999969482422,130.56700134277344,127.75115203857422,12170000,0.0,0.0
2024-05-10 00:00:00-04:00,131.531005859375,134.39999389648438,131.531005859375,133.27999877929688,130.40562438964844,16300000,0.0,0.0
2024-05-13 00:00:00-04:00,134.8000030517578,135.83900451660156,133.01100158691406,133.75100708007812,130.8665008544922,18507000,0.0,0.0
2024-05-14 00:00:00-04:00,133.23399353027344,138.19900512695312,132.5800018310547,138.0030059814453,135.0267791748047,19420000,0.0,0.0
2024-05-15 00:00:00-04:00,138.0,143.89500427246094,136.9980010986328,143.61700439453125,140.51968383789062,32757000,0.0,0.0
2024-05-16 00:00:00-04:00,142.60000610351562,144.5399932861328,140.50599670410156,141.21299743652344,138.1675262451172,28395000,0.0,0.0
2024-05-17 00:00:00-04:00,141.24200439453125,141.9530029296875,138.17799377441406,139.5290069580078,136.51988220214844,18174000,0.0,0.0
2024-05-20 00:00:00-04:00,139.60000610351562,141.69400024414062,139.3159942626953,141.4029998779297,138.3534393310547,27170000,0.0,0.0
2024-05-21 00:00:00-04:00,139.8679962158203,140.93899536132812,139.3459930419922,139.9199981689453,136.90243530273438,15333000,0.0,0.0
2024-05-22 00:00:00-04:00,139.6009979248047,140.5,138.4219970703125,139.2239990234375,136.22142028808594,21002000,0.0,0.0
2024-05-23 00:00:00-04:00,142.84300231933594,142.89999389648438,137.8000030517578,139.32899475097656,136.3241729736328,31039000,0.0,0.0
2024-05-24 00:00:00-04:00,139.97900390625,141.35800170898438,139.20199584960938,140.78399658203125,137.747802734375,16730000,0.0,0.0
2024-05-28 00:00:00-04:00,141.0,141.71800231933594,139.25399780273438,141.2449951171875,138.19883728027344,22919000,0.0,0.0
2024-05-29 00:00:00-04:00,139.91000366210938,139.91000366210938,138.3000030517578,139.06700134277344,136.0678253173828,26861000,0.0,0.0
2024-05-30 00:00:00-04:00,137.89999389648438,138.2779998779297,135.56399536132812,136.4080047607422,133.4661865234375,21717000,0.0,0.0
2024-05-31 00:00:00-04:00,136.13600158691406,136.2550048828125,130.7259979248047,132.85499572753906,129.9897918701172,73091000,0.0,0.0
2024-06-03 00:00:00-04:00,135.27000427246094,135.3000030517578,130.2530059814453,132.19000244140625,129.33914184570312,26278000,0.0,0.0
2024-06-04 00:00:00-04:00,132.0399932861328,133.19900512695312,130.7010040283203,133.08200073242188,130.21188354492188,23048000,0.0,0.0
2024-06-05 00:00:00-04:00,134.60000610351562,141.43499755859375,134.0540008544922,141.3090057373047,138.26145935058594,32947000,0.0,0.0
2024-06-06 00:00:00-04:00,142.18699645996094,142.2689971923828,138.82400512695312,140.1269989013672,137.10498046875,20172000,0.0,0.0
2024-06-07 00:00:00-04:00,140.7779998779297,142.5,139.70199584960938,140.66400146484375,137.63037109375,17859000,0.0,0.0
2024-06-10 00:00:00-04:00,140.97999572753906,144.90499877929688,140.91299438476562,144.0469970703125,140.94041442871094,31042000,0.0,0.0
2024-06-11 00:00:00-04:00,143.82000732421875,146.50100708007812,141.6230010986328,146.10299682617188,142.9520721435547,34844000,0.0,0.0
2024-06-12 00:00:00-04:00,150.0,150.5800018310547,147.63999938964844,149.55099487304688,146.32569885253906,56697000,0.0,0.0
2024-06-13 00:00:00-04:00,171.0,173.5850067138672,165.2519989013672,167.8990020751953,164.27804565429688,89061000,0.0,0.0
2024-06-14 00:00:00-04:00,168.68600463867188,174.7239990234375,168.2100067138672,173.50399780273438,169.7621307373047,69705000,0.0,0.0
2024-06-17 00:00:00-04:00,180.0,184.3000030517578,177.85800170898438,182.88699340820312,178.9427947998047,87528000,0.0,0.0
2024-06-18 00:00:00-04:00,183.95899963378906,185.16200256347656,178.50100708007812,180.2519989013672,176.36459350585938,86797000,0.0,0.0
2024-06-20 00:00:00-04:00,180.3459930419922,180.47500610351562,172.2220001220703,173.45599365234375,169.71514892578125,68157000,0.0,0.0
2024-06-21 00:00:00-04:00,169.5659942626953,171.39999389648438,165.14199829101562,165.86300659179688,162.28594970703125,99289000,0.0,0.0
2024-06-24 00:00:00-04:00,164.2050018310547,166.10000610351562,159.0659942626953,159.2209930419922,156.28182983398438,58575000,0.525,0.0
2024-06-25 00:00:00-04:00,160.01300048828125,160.60400390625,156.39999389648438,158.07899475097656,155.16091918945312,53329000,0.0,0.0
2024-06-26 00:00:00-04:00,159.76199340820312,161.8179931640625,157.35899353027344,159.1999969482422,156.26123046875,46479000,0.0,0.0
2024-06-27 00:00:00-04:00,159.1999969482422,160.56199645996094,157.10000610351562,158.66600036621094,155.73707580566406,31649000,0.0,0.0
2024-06-28 00:00:00-04:00,159.58799743652344,163.92300415039062,158.60000610351562,160.55299377441406,157.58924865722656,69377000,0.0,0.0
2024-07-01 00:00:00-04:00,160.82000732421875,164.875,159.35000610351562,164.0800018310547,161.05113220214844,47623000,0.0,0.0
2024-07-02 00:00:00-04:00,164.0800018310547,165.9199981689453,162.1999969482422,165.7480010986328,162.68833923339844,32539000,0.0,0.0
2024-07-03 00:00:00-04:00,167.0,172.9219970703125,166.4459991455078,172.9219970703125,169.72988891601562,39954000,0.0,0.0
2024-07-05 00:00:00-04:00,175.55599975585938,176.5469970703125,169.60000610351562,170.33099365234375,167.186767578125,45240000,0.0,0.0
2024-07-08 00:00:00-04:00,170.5,175.69000244140625,170.5,174.58599853515625,171.3632049560547,36398000,0.0,0.0
2024-07-09 00:00:00-04:00,175.656005859375,177.09800720214844,170.55599975585938,173.33099365234375,170.13137817382812,37802000,0.0,0.0
2024-07-10 00:00:00-04:00,174.60000610351562,176.6490020751953,172.63600158691406,174.468994140625,171.2483673095703,41074000,0.0,0.0
2024-07-11 00:00:00-04:00,176.46600341796875,176.48699951171875,166.85000610351562,170.59500122070312,167.4458770751953,51026000,0.0,0.0
2024-07-12 00:00:00-04:00,171.10299682617188,172.59100341796875,169.13099670410156,170.06700134277344,166.92764282226562,30453000,0.0,0.0
2024-07-15 00:00:00-04:00,170.0,173.50999450683594,169.25999450683594,171.4199981689453,168.2556610107422,22999200,0.0,10.0
2024-07-16 00:00:00-04:00,172.39999389648438,172.80999755859375,166.39999389648438,169.3800048828125,166.25331115722656,22244900,0.0,0.0
2024-07-17 00:00:00-04:00,162.30999755859375,162.83999633789062,155.61000061035156,155.97999572753906,153.10067749023438,43343400,0.0,0.0
2024-07-18 00:00:00-04:00,158.88999938964844,161.50999450683594,153.89999389648438,160.52000427246094,157.556884765625,37973500,0.0,0.0
2024-07-19 00:00:00-04:00,161.83999633789062,163.9499969482422,157.1199951171875,157.35000610351562,154.4453887939453,26309500,0.0,0.0
2024-07-22 00:00:00-04:00,160.22999572753906,162.99000549316406,157.89999389648438,161.05999755859375,158.08689880371094,28813300,0.0,0.0
2024-07-23 00:00:00-04:00,160.39999389648438,165.3300018310547,159.89999389648438,163.77000427246094,160.7468719482422,21570200,0.0,0.0
2024-07-24 00:00:00-04:00,160.35000610351562,161.41000366210938,151.10000610351562,151.33999633789062,148.54632568359375,37162600,0.0,0.0
2024-07-25 00:00:00-04:00,151.25999450683594,153.5500030517578,145.52000427246094,149.25999450683594,146.5047149658203,30872100,0.0,0.0
2024-07-26 00:00:00-04:00,153.5,153.5800018310547,149.9199981689453,151.6300048828125,148.8309783935547,20839900,0.0,0.0
2024-07-29 00:00:00-04:00,152.02000427246094,155.0,149.14999389648438,150.22000122070312,147.44700622558594,16625800,0.0,0.0
2024-07-30 00:00:00-04:00,153.27999877929688,153.47000122070312,143.35000610351562,143.52000427246094,140.8706817626953,31102300,0.0,0.0
2024-07-31 00:00:00-04:00,151.47000122070312,161.3300018310547,151.0,160.67999267578125,157.71388244628906,45827500,0.0,0.0
2024-08-01 00:00:00-04:00,157.5,158.91000366210938,146.1699981689453,147.02000427246094,144.3060760498047,40320000,0.0,0.0
2024-08-02 00:00:00-04:00,141.92999267578125,145.35000610351562,139.60000610351562,143.82000732421875,141.16513061523438,33745800,0.0,0.0
2024-08-05 00:00:00-04:00,129.61000061035156,145.4199981689453,128.5,142.0800018310547,139.45724487304688,41309300,0.0,0.0
2024-08-06 00:00:00-04:00,141.72999572753906,148.91000366210938,140.25,143.9199981689453,141.26329040527344,24751300,0.0,0.0
2024-08-07 00:00:00-04:00,148.25,150.10000610351562,135.8300018310547,136.27000427246094,133.75450134277344,29749800,0.0,0.0
2024-08-08 00:00:00-04:00,141.1999969482422,146.27000427246094,138.39999389648438,145.74000549316406,143.04969787597656,27583200,0.0,0.0
2024-08-09 00:00:00-04:00,144.1999969482422,149.5500030517578,144.11000061035156,148.25999450683594,145.5231475830078,18438700,0.0,0.0
2024-08-12 00:00:00-04:00,148.0800018310547,151.1300048828125,146.3699951171875,148.6199951171875,145.8765411376953,17778500,0.0,0.0
2024-08-13 00:00:00-04:00,151.5500030517578,156.3800048828125,149.80999755859375,156.16000366210938,153.27734375,22053600,0.0,0.0
2024-08-14 00:00:00-04:00,158.02000427246094,160.25,154.72000122070312,157.69000244140625,154.77908325195312,20184200,0.0,0.0
2024-08-15 00:00:00-04:00,161.1999969482422,166.6699981689453,160.33999633789062,166.1300048828125,163.0633087158203,27945000,0.0,0.0
2024-08-16 00:00:00-04:00,164.47000122070312,166.08999633789062,162.67999267578125,165.72000122070312,162.66085815429688,19296900,0.0,0.0
2024-08-19 00:00:00-04:00,164.86000061035156,167.8300018310547,160.4199981689453,167.7100067138672,164.61415100097656,20441700,0.0,0.0
2024-08-20 00:00:00-04:00,167.0500030517578,168.3699951171875,164.14999389648438,165.9499969482422,162.88661193847656,19417500,0.0,0.0
2024-08-21 00:00:00-04:00,165.1199951171875,166.47000122070312,162.8800048828125,165.77999877929688,162.71974182128906,16097700,0.0,0.0
2024-08-22 00:00:00-04:00,170.83999633789062,172.4199981689453,161.49000549316406,162.33999633789062,159.34326171875,30044500,0.0,0.0
2024-08-23 00:00:00-04:00,165.02999877929688,168.27999877929688,163.4600067138672,166.36000061035156,163.28904724121094,18848000,0.0,0.0
2024-08-26 00:00:00-04:00,164.9600067138672,165.6999969482422,158.66000366210938,159.6199951171875,156.6734619140625,18521200,0.0,0.0
2024-08-27 00:00:00-04:00,157.60000610351562,162.02999877929688,155.8300018310547,161.38999938964844,158.41078186035156,16683100,0.0,0.0
2024-08-28 00:00:00-04:00,160.0800018310547,162.27999877929688,156.25,158.17999267578125,155.26007080078125,18063600,0.0,0.0
2024-08-29 00:00:00-04:00,158.49000549316406,163.1999969482422,155.41000366210938,156.92999267578125,154.0331268310547,23519300,0.0,0.0
2024-08-30 00:00:00-04:00,161.1199951171875,163.24000549316406,158.7100067138672,162.82000732421875,159.8144073486328,25158500,0.0,0.0
2024-09-03 00:00:00-04:00,160.3800048828125,160.74000549316406,151.3800048828125,152.7899932861328,149.96954345703125,37179100,0.0,0.0
2024-09-04 00:00:00-04:00,150.3000030517578,157.7899932861328,149.14999389648438,154.1199951171875,151.27500915527344,20324100,0.0,0.0
2024-09-05 00:00:00-04:00,150.57000732421875,156.36000061035156,150.11000061035156,152.82000732421875,149.9990234375,31548500,0.0,0.0
2024-09-06 00:00:00-04:00,143.25,143.5,136.60000610351562,137.0,134.47103881835938,76634600,0.0,0.0
2024-09-09 00:00:00-04:00,139.11000061035156,141.58999633789062,134.89999389648438,140.82000732421875,138.22052001953125,39516700,0.0,0.0
2024-09-10 00:00:00-04:00,141.22000122070312,149.86000061035156,141.0399932861328,148.2100067138672,145.47412109375,36067500,0.0,0.0
2024-09-11 00:00:00-04:00,148.38999938964844,158.8699951171875,145.0399932861328,158.27000427246094,155.348388671875,39700800,0.0,0.0
2024-09-12 00:00:00-04:00,158.10000610351562,166.32000732421875,156.8300018310547,164.55999755859375,161.52227783203125,43530700,0.0,0.0
2024-09-13 00:00:00-04:00,166.74000549316406,168.0800018310547,164.0399932861328,167.69000244140625,164.59451293945312,29850000,0.0,0.0
2024-09-16 00:00:00-04:00,165.19000244140625,165.5,160.41000366210938,164.02000427246094,160.9922637939453,26126900,0.0,0.0
2024-09-17 00:00:00-04:00,165.49000549316406,166.02000427246094,160.6999969482422,162.47000122070312,159.4708709716797,19844300,0.0,0.0
2024-09-18 00:00:00-04:00,163.77000427246094,167.47000122070312,161.36000061035156,161.6699981689453,158.68563842773438,26557600,0.0,0.0
2024-09-19 00:00:00-04:00,167.67999267578125,170.0,165.66000366210938,167.4199981689453,164.86996459960938,32453100,0.53,0.0
2024-09-20 00:00:00-04:00,167.17999267578125,172.02000427246094,166.47000122070312,171.10000610351562,168.4939422607422,91758500,0.0,0.0
2024-09-23 00:00:00-04:00,172.0,173.32000732421875,168.35000610351562,172.94000244140625,170.305908203125,29431100,0.0,0.0
2024-09-24 00:00:00-04:00,172.80999755859375,175.99000549316406,171.67999267578125,174.83999633789062,172.1769561767578,34223400,0.0,0.0
2024-09-25 00:00:00-04:00,174.64999389648438,177.13999938964844,173.75999450683594,175.52000427246094,172.8466033935547,16613800,0.0,0.0
2024-09-26 00:00:00-04:00,178.5,180.25,175.0,178.08999633789062,175.37745666503906,24340000,0.0,0.0
2024-09-27 00:00:00-04:00,178.1699981689453,178.47000122070312,171.75999450683594,172.69000244140625,170.05970764160156,20580900,0.0,0.0
2024-09-30 00:00:00-04:00,171.8699951171875,172.9199981689453,169.6300048828125,172.5,169.8726043701172,16902000,0.0,0.0
2024-10-01 00:00:00-04:00,172.16000366210938,172.25,165.8000030517578,167.47000122070312,164.91920471191406,23770400,0.0,0.0
2024-10-02 00:00:00-04:00,167.5500030517578,172.83999633789062,167.02000427246094,170.66000366210938,168.06063842773438,14317800,0.0,0.0
2024-10-03 00:00:00-04:00,169.6199951171875,174.94000244140625,169.19000244140625,171.88999938964844,169.27186584472656,13072300,0.0,0.0
2024-10-04 00:00:00-04:00,176.3000030517578,176.89999389648438,172.60000610351562,176.63999938964844,173.9495391845703,17921400,0.0,0.0
2024-10-07 00:00:00-04:00,174.82000732421875,178.30999755859375,173.86000061035156,175.0800018310547,172.4132843017578,15588300,0.0,0.0
2024-10-08 00:00:00-04:00,175.4199981689453,181.60000610351562,174.88999938964844,180.72999572753906,177.9772491455078,20774200,0.0,0.0
2024-10-09 00:00:00-04:00,179.24000549316406,186.4199981689453,176.4199981689453,185.9499969482422,183.1177520751953,25504100,0.0,0.0
2024-10-10 00:00:00-04:00,183.55999755859375,186.30999755859375,182.52999877929688,185.69000244140625,182.8616943359375,16318000,0.0,0.0
2024-10-11 00:00:00-04:00,181.13999938964844,182.58999633789062,177.39999389648438,181.47999572753906,178.7158203125,23070000,0.0,0.0
2024-10-14 00:00:00-04:00,183.3000030517578,184.9499969482422,180.1300048828125,182.30999755859375,179.53317260742188,17195800,0.0,0.0
2024-10-15 00:00:00-04:00,180.7899932861328,181.6999969482422,173.3699951171875,175.97999572753906,173.2996063232422,27657500,0.0,0.0
2024-10-16 00:00:00-04:00,178.50999450683594,179.25,175.3300018310547,176.82000732421875,174.1268310546875,15285100,0.0,0.0
2024-10-17 00:00:00-04:00,181.3699951171875,185.50999450683594,180.69000244140625,181.52999877929688,178.76507568359375,25232400,0.0,0.0
2024-10-18 00:00:00-04:00,182.32000732421875,182.7100067138672,178.67999267578125,179.88999938964844,177.15003967285156,17835200,0.0,0.0
2024-10-21 00:00:00-04:00,179.3800048828125,181.72000122070312,178.25,179.99000549316406,177.24853515625,13695100,0.0,0.0
2024-10-22 00:00:00-04:00,178.66000366210938,180.69000244140625,177.41000366210938,179.3800048828125,176.6478271484375,12062600,0.0,0.0
2024-10-23 00:00:00-04:00,177.58999633789062,178.97999572753906,172.57000732421875,173.50999450683594,170.86720275878906,19513700,0.0,0.0
2024-10-24 00:00:00-04:00,174.25999450683594,174.3000030517578,169.5,171.35000610351562,168.7401123046875,20485200,0.0,0.0
2024-10-25 00:00:00-04:00,174.19000244140625,176.8000030517578,172.72000122070312,173.0,170.36497497558594,19977700,0.0,0.0
2024-10-28 00:00:00-04:00,173.0,173.97000122070312,171.35000610351562,172.02000427246094,169.39993286132812,13195800,0.0,0.0
2024-10-29 00:00:00-04:00,172.44000244140625,180.22999572753906,171.2100067138672,179.24000549316406,176.5099334716797,23702300,0.0,0.0
2024-10-30 00:00:00-04:00,177.47000122070312,179.19000244140625,175.6199951171875,176.63999938964844,173.9495391845703,17911500,0.0,0.0
2024-10-31 00:00:00-04:00,174.4499969482422,174.4499969482422,167.3800048828125,169.77000427246094,167.18417358398438,26086600,0.0,0.0
2024-11-01 00:00:00-04:00,168.25999450683594,171.3300018310547,167.5,168.9199981689453,166.3471221923828,17847000,0.0,0.0
2024-11-04 00:00:00-05:00,169.27999877929688,172.4499969482422,168.4199981689453,168.5500030517578,165.9827423095703,13621300,0.0,0.0
2024-11-05 00:00:00-05:00,170.0500030517578,174.39999389648438,170.0500030517578,173.89999389648438,171.2512664794922,13441800,0.0,0.0
2024-11-06 00:00:00-05:00,179.6300048828125,180.2100067138672,175.9600067138672,179.5500030517578,176.8152313232422,24300800,0.0,0.0
2024-11-07 00:00:00-05:00,181.99000549316406,184.8699951171875,181.7899932861328,183.80999755859375,181.0103302001953,18970600,0.0,0.0
2024-11-08 00:00:00-05:00,182.99000549316406,185.0500030517578,181.8300018310547,183.63999938964844,180.84292602539062,13503200,0.0,0.0
2024-11-11 00:00:00-05:00,183.39999389648438,183.6300048828125,176.82000732421875,178.91000366210938,176.1849822998047,17036700,0.0,0.0
2024-11-12 00:00:00-05:00,178.89999389648438,179.55999755859375,173.1999969482422,176.22000122070312,173.53594970703125,15862000,0.0,0.0
2024-11-13 00:00:00-05:00,174.7100067138672,175.58999633789062,172.60000610351562,173.5800018310547,170.93617248535156,17472500,0.0,0.0
2024-11-14 00:00:00-05:00,174.77000427246094,175.57000732421875,169.8699951171875,170.3800048828125,167.784912109375,20638900,0.0,0.0
2024-11-15 00:00:00-05:00,168.47000122070312,169.13999938964844,163.42999267578125,164.83999633789062,162.3292694091797,20836200,0.0,0.0
2024-11-18 00:00:00-05:00,165.66000366210938,166.35000610351562,162.22000122070312,165.6699981689453,163.14662170410156,17856900,0.0,0.0
2024-11-19 00:00:00-05:00,166.66000366210938,166.8000030517578,164.30999755859375,165.35000610351562,162.83151245117188,18003400,0.0,0.0
2024-11-20 00:00:00-05:00,165.5399932861328,165.5399932861328,160.86000061035156,163.25,160.7635040283203,17196700,0.0,0.0
2024-11-21 00:00:00-05:00,166.25,166.33999633789062,160.60000610351562,163.94000244140625,161.44297790527344,24835300,0.0,0.0
2024-11-22 00:00:00-05:00,164.3000030517578,164.91000366210938,162.39999389648438,164.22999572753906,161.7285614013672,17332500,0.0,0.0
2024-11-25 00:00:00-05:00,165.39999389648438,167.22999572753906,162.88999938964844,164.82000732421875,162.3095703125,26850600,0.0,0.0
2024-11-26 00:00:00-05:00,164.60000610351562,166.3699951171875,162.69000244140625,164.74000549316406,162.23080444335938,16308800,0.0,0.0
2024-11-27 00:00:00-05:00,163.1999969482422,163.1999969482422,157.5399932861328,159.6699981689453,157.23802185058594,19722700,0.0,0.0
2024-11-29 00:00:00-05:00,159.57000732421875,162.69000244140625,159.0800018310547,162.0800018310547,159.61129760742188,11024000,0.0,0.0
2024-12-02 00:00:00-05:00,162.9499969482422,168.3800048828125,162.75,166.50999450683594,163.97381591796875,21472400,0.0,0.0
2024-12-03 00:00:00-05:00,164.47999572753906,168.27000427246094,164.02999877929688,168.14999389648438,165.58885192871094,17024400,0.0,0.0
2024-12-04 00:00:00-05:00,173.44000244140625,175.38999938964844,168.55999755859375,170.55999755859375,167.96214294433594,32748200,0.0,0.0
2024-12-05 00:00:00-05:00,170.75,172.39999389648438,169.1999969482422,170.47000122070312,167.87350463867188,18490000,0.0,0.0
2024-12-06 00:00:00-05:00,170.10000610351562,180.67999267578125,169.3300018310547,179.52999877929688,176.79551696777344,27830800,0.0,0.0
2024-12-09 00:00:00-05:00,178.9499969482422,180.7899932861328,176.02000427246094,178.94000244140625,176.2145233154297,20886300,0.0,0.0
2024-12-10 00:00:00-05:00,177.80999755859375,178.5,169.72999572753906,171.80999755859375,169.193115234375,27762600,0.0,0.0
2024-12-11 00:00:00-05:00,180.00999450683594,184.8699951171875,176.42999267578125,183.1999969482422,180.40963745117188,41295200,0.0,0.0
2024-12-12 00:00:00-05:00,180.92999267578125,182.0,175.99000549316406,180.66000366210938,177.90830993652344,46967200,0.0,0.0
2024-12-13 00:00:00-05:00,213.89999389648438,228.6999969482422,211.11000061035156,224.8000030517578,221.37599182128906,121336600,0.0,0.0
2024-12-16 00:00:00-05:00,231.7899932861328,251.8800048828125,230.80999755859375,250.0,246.19215393066406,111623200,0.0,0.0
2024-12-17 00:00:00-05:00,240.64999389648438,242.47000122070312,233.8000030517578,240.22999572753906,236.5709686279297,70382100,0.0,0.0
2024-12-18 00:00:00-05:00,239.41000366210938,239.85000610351562,219.22000122070312,223.6199951171875,220.21397399902344,53960100,0.0,0.0
2024-12-19 00:00:00-05:00,227.91000366210938,228.0500030517578,217.5800018310547,218.32000732421875,214.9947052001953,40845200,0.0,0.0
2024-12-20 00:00:00-05:00,220.36000061035156,230.2899932861328,218.91000366210938,220.7899932861328,217.42706298828125,131910400,0.0,0.0
2024-12-23 00:00:00-05:00,226.69000244140625,233.39999389648438,225.1300048828125,232.35000610351562,229.42408752441406,40643800,0.59,0.0
2024-12-24 00:00:00-05:00,240.1199951171875,240.22999572753906,234.8000030517578,239.67999267578125,236.66175842285156,22827200,0.0,0.0
2024-12-26 00:00:00-05:00,240.0,247.27999877929688,237.60000610351562,245.36000061035156,242.27024841308594,28459000,0.0,0.0
2024-12-27 00:00:00-05:00,245.63999938964844,245.77999877929688,236.35000610351562,241.75,238.70570373535156,29282200,0.0,0.0
2024-12-30 00:00:00-05:00,234.6999969482422,238.77000427246094,231.6199951171875,235.5800018310547,232.6134033203125,27316800,0.0,0.0
2024-12-31 00:00:00-05:00,235.8800048828125,237.4600067138672,231.30999755859375,231.83999633789062,228.92050170898438,17927700,0.0,0.0
2025-01-02 00:00:00-05:00,236.16000366210938,239.5,230.24000549316406,231.97999572753906,229.0587158203125,31525800,0.0,0.0
2025-01-03 00:00:00-05:00,233.58999633789062,236.49000549316406,229.0,232.5500030517578,229.62155151367188,24973200,0.0,0.0
2025-01-06 00:00:00-05:00,236.5,241.75,233.3000030517578,236.41000366210938,233.43296813964844,34028400,0.0,0.0
2025-01-07 00:00:00-05:00,239.5,239.5,227.60000610351562,228.63999938964844,225.76077270507812,25928600,0.0,0.0
2025-01-08 00:00:00-05:00,229.6999969482422,232.47000122070312,226.05999755859375,229.30999755859375,226.42236328125,18756500,0.0,0.0
2025-01-10 00:00:00-05:00,227.3000030517578,227.8300018310547,221.25,224.30999755859375,221.48532104492188,23864000,0.0,0.0
2025-01-13 00:00:00-05:00,219.99000549316406,229.25999450683594,219.50999450683594,225.2899932861328,222.4529571533203,23772100,0.0,0.0
2025-01-14 00:00:00-05:00,226.57000732421875,230.25999450683594,223.10000610351562,224.6999969482422,221.87039184570312,18143100,0.0,0.0
2025-01-15 00:00:00-05:00,228.5500030517578,230.33999633789062,225.5800018310547,228.0,225.12884521484375,21745600,0.0,0.0
2025-01-16 00:00:00-05:00,235.22000122070312,238.60000610351562,229.2100067138672,229.41000366210938,226.52110290527344,23471900,0.0,0.0
2025-01-17 00:00:00-05:00,237.0800018310547,238.10000610351562,232.66000366210938,237.44000244140625,234.44998168945312,31196600,0.0,0.0
2025-01-21 00:00:00-05:00,241.5,242.75,237.39999389648438,240.30999755859375,237.28384399414062,30903200,0.0,0.0
2025-01-22 00:00:00-05:00,246.75,246.99000549316406,240.69000244140625,240.91000366210938,237.8762969970703,29610500,0.0,0.0
2025-01-23 00:00:00-05:00,238.41000366210938,240.39999389648438,236.1199951171875,240.27999877929688,237.25421142578125,17653900,0.0,0.0
2025-01-24 00:00:00-05:00,244.6999969482422,249.58999633789062,241.91000366210938,244.6999969482422,241.6185302734375,25387800,0.0,0.0
2025-01-27 00:00:00-05:00,213.39999389648438,218.42999267578125,196.22999572753906,202.1300048828125,199.5846405029297,90569400,0.0,0.0
2025-01-28 00:00:00-05:00,208.00999450683594,209.9499969482422,198.88999938964844,207.36000061035156,204.74876403808594,50316000,0.0,0.0
2025-01-29 00:00:00-05:00,208.83999633789062,211.4499969482422,202.77000427246094,206.35000610351562,203.75149536132812,32533700,0.0,0.0
2025-01-30 00:00:00-05:00,218.57000732421875,221.9600067138672,213.6999969482422,215.66000366210938,212.94424438476562,42449500,0.0,0.0
2025-01-31 00:00:00-05:00,219.66000366210938,226.8000030517578,216.3000030517578,221.27000427246094,218.48361206054688,41104700,0.0,0.0
2025-02-03 00:00:00-05:00,215.4600067138672,220.94000244140625,213.50999450683594,217.72999572753906,214.9881591796875,24507300,0.0,0.0
2025-02-04 00:00:00-05:00,219.35000610351562,223.02999877929688,215.3000030517578,222.42999267578125,219.62896728515625,23768500,0.0,0.0
2025-02-05 00:00:00-05:00,233.94000244140625,237.92999267578125,227.5,232.0,229.07847595214844,29196000,0.0,0.0
2025-02-06 00:00:00-05:00,234.5,234.8000030517578,228.55999755859375,231.36000061035156,228.44654846191406,21169500,0.0,0.0
2025-02-07 00:00:00-05:00,235.0,235.64999389648438,224.11000061035156,224.8699951171875,222.0382537841797,22117500,0.0,0.0
2025-02-10 00:00:00-05:00,227.42999267578125,235.82000732421875,227.1199951171875,235.0399932861328,232.0802001953125,23901600,0.0,0.0
2025-02-11 00:00:00-05:00,232.47999572753906,237.88999938964844,229.97000122070312,235.0399932861328,232.0802001953125,18476200,0.0,0.0
2025-02-12 00:00:00-05:00,230.36000061035156,236.47999572753906,230.0,236.35000610351562,233.37371826171875,16397300,0.0,0.0
2025-02-13 00:00:00-05:00,236.05999755859375,236.9499969482422,230.72999572753906,235.8000030517578,232.8306427001953,20962000,0.0,0.0
2025-02-14 00:00:00-05:00,234.52999877929688,235.74000549316406,228.89999389648438,233.0399932861328,230.1053924560547,16988800,0.0,0.0
2025-02-18 00:00:00-05:00,230.10000610351562,232.1999969482422,224.3000030517578,228.52999877929688,225.6521759033203,26080500,0.0,0.0
2025-02-19 00:00:00-05:00,227.85000610351562,229.07000732421875,224.39999389648438,228.72999572753906,225.84963989257812,16375500,0.0,0.0
2025-02-20 00:00:00-05:00,228.64999389648438,228.97999572753906,222.75,226.74000549316406,223.88470458984375,16104000,0.0,0.0
2025-02-21 00:00:00-05:00,225.64999389648438,227.75,215.6300048828125,218.66000366210938,215.90647888183594,24883600,0.0,0.0
2025-02-24 00:00:00-05:00,218.60000610351562,219.47999572753906,207.5399932861328,207.92999267578125,205.31158447265625,33050400,0.0,0.0
2025-02-25 00:00:00-05:00,207.0,208.63999938964844,200.9199981689453,202.5399932861328,199.9894561767578,33100800,0.0,0.0
2025-02-26 00:00:00-05:00,206.91000366210938,213.5399932861328,206.0,212.94000244140625,210.2584991455078,21368300,0.0,0.0
2025-02-27 00:00:00-05:00,217.27999877929688,219.25,197.39999389648438,197.8000030517578,195.30914306640625,27572900,0.0,0.0
2025-02-28 00:00:00-05:00,195.75999450683594,201.19000244140625,193.14999389648438,199.42999267578125,196.9186248779297,39747200,0.0,0.0
2025-03-03 00:00:00-05:00,204.0,204.05999755859375,184.52999877929688,187.3699951171875,185.010498046875,37435600,0.0,0.0
2025-03-04 00:00:00-05:00,189.22000122070312,193.9499969482422,180.47999572753906,187.47999572753906,185.11911010742188,37910500,0.0,0.0
2025-03-05 00:00:00-05:00,191.86000061035156,194.0800018310547,187.10000610351562,191.5800018310547,189.16748046875,25644500,0.0,0.0
2025-03-06 00:00:00-05:00,181.0399932861328,186.8300018310547,177.61000061035156,179.4499969482422,177.1902313232422,56864100,0.0,0.0
2025-03-07 00:00:00-05:00,187.72999572753906,195.47999572753906,181.55999755859375,194.9600067138672,192.50489807128906,74528900,0.0,0.0
2025-03-10 00:00:00-04:00,189.60000610351562,191.97999572753906,180.42999267578125,184.4499969482422,182.12725830078125,44217100,0.0,0.0
2025-03-11 00:00:00-04:00,188.0500030517578,195.6199951171875,185.35000610351562,190.08999633789062,187.6962432861328,42153200,0.0,0.0
2025-03-12 00:00:00-04:00,196.22000122070312,199.97999572753906,192.4499969482422,194.22999572753906,191.7841033935547,30409700,0.0,0.0
2025-03-13 00:00:00-04:00,193.14999389648438,196.32000732421875,189.47000122070312,191.36000061035156,188.95025634765625,27236100,0.0,0.0
2025-03-14 00:00:00-04:00,196.1999969482422,197.5,193.1999969482422,195.5399932861328,193.07762145996094,25900900,0.0,0.0
2025-03-17 00:00:00-04:00,188.0500030517578,196.72000122070312,187.5,194.5,192.0507354736328,26830600,0.0,0.0
2025-03-18 00:00:00-04:00,190.44000244140625,192.88999938964844,186.89999389648438,188.6699981689453,186.29412841796875,24951000,0.0,0.0
2025-03-19 00:00:00-04:00,189.33999633789062,198.27000427246094,186.89999389648438,195.57000732421875,193.1072540283203,37962700,0.0,0.0
2025-03-20 00:00:00-04:00,191.52000427246094,193.83999633789062,188.94000244140625,190.5399932861328,188.70986938476562,31430000,0.59,0.0
2025-03-21 00:00:00-04:00,188.2100067138672,192.07000732421875,187.3699951171875,191.66000366210938,189.81912231445312,43086500,0.0,0.0
2025-03-24 00:00:00-04:00,194.3000030517578,196.69000244140625,190.6699981689453,191.25,189.41305541992188,33180300,0.0,0.0
2025-03-25 00:00:00-04:00,190.88999938964844,191.60000610351562,187.67999267578125,188.25999450683594,186.45176696777344,23417300,0.0,0.0
2025-03-26 00:00:00-04:00,186.66000366210938,188.05999755859375,177.5800018310547,179.27000427246094,177.5481414794922,30578500,0.0,0.0
2025-03-27 00:00:00-04:00,177.66000366210938,178.3800048828125,170.4600067138672,171.99000549316406,170.3380584716797,32151700,0.0,0.0
2025-03-28 00:00:00-04:00,171.92999267578125,173.3000030517578,166.47000122070312,169.1199951171875,167.49560546875,30391500,0.0,0.0
2025-03-31 00:00:00-04:00,164.49000549316406,167.94000244140625,160.6199951171875,167.42999267578125,165.8218536376953,35656400,0.0,0.0
2025-04-01 00:00:00-04:00,166.3699951171875,168.7100067138672,163.4199981689453,168.52000427246094,166.90138244628906,20472400,0.0,0.0
2025-04-02 00:00:00-04:00,166.0800018310547,173.42999267578125,165.5,172.08999633789062,170.4370880126953,19523700,0.0,0.0
2025-04-03 00:00:00-04:00,160.5399932861328,163.42999267578125,153.6999969482422,154.00999450683594,152.53074645996094,44354900,0.0,0.0
2025-04-04 00:00:00-04:00,148.1699981689453,152.8000030517578,139.1699981689453,146.2899932861328,144.8848876953125,72302200,0.0,0.0
2025-04-07 00:00:00-04:00,144.49000549316406,160.42999267578125,138.10000610351562,154.13999938964844,152.65948486328125,68503500,0.0,0.0
2025-04-08 00:00:00-04:00,167.6199951171875,169.77999877929688,153.08999633789062,156.02999877929688,154.53135681152344,58888200,0.0,0.0
2025-04-09 00:00:00-04:00,160.5,187.3300018310547,157.50999450683594,185.14999389648438,183.37164306640625,72708300,0.0,0.0
2025-04-10 00:00:00-04:00,175.3000030517578,176.9499969482422,166.39999389648438,172.3000030517578,170.6450958251953,51212200,0.0,0.0
2025-04-11 00:00:00-04:00,173.6199951171875,182.66000366210938,173.30999755859375,181.94000244140625,180.19248962402344,33964100,0.0,0.0
2025-04-14 00:00:00-04:00,185.0800018310547,186.0,175.82000732421875,178.36000061035156,176.64686584472656,25748300,0.0,0.0
2025-04-15 00:00:00-04:00,179.72999572753906,182.25999450683594,178.0800018310547,178.9499969482422,177.231201171875,17242400,0.0,0.0
2025-04-16 00:00:00-04:00,170.42999267578125,176.0800018310547,166.9199981689453,174.61000061035156,172.9329071044922,34638600,0.0,0.0
2025-04-17 00:00:00-04:00,176.25,176.25,169.9199981689453,170.99000549316406,169.34767150878906,22501800,0.0,0.0
2025-04-21 00:00:00-04:00,166.99000549316406,168.0,161.61000061035156,166.2100067138672,164.6136016845703,23469800,0.0,0.0
2025-04-22 00:00:00-04:00,167.42999267578125,170.52000427246094,165.22000122070312,169.5800018310547,167.9512176513672,18504900,0.0,0.0
2025-04-23 00:00:00-04:00,177.77999877929688,180.4499969482422,175.82000732421875,176.91000366210938,175.2108154296875,24380500,0.0,0.0
2025-04-24 00:00:00-04:00,179.69000244140625,188.57000732421875,178.3000030517578,188.14999389648438,186.3428192138672,27576900,0.0,0.0
2025-04-25 00:00:00-04:00,186.9199981689453,193.3699951171875,186.88999938964844,192.30999755859375,190.46287536621094,21242300,0.0,0.0
2025-04-28 00:00:00-04:00,190.52999877929688,193.10000610351562,187.67999267578125,192.47000122070312,190.621337890625,16385800,0.0,0.0
2025-04-29 00:00:00-04:00,191.72000122070312,193.25,190.10000610351562,191.1699981689453,189.33383178710938,14630000,0.0,0.0
2025-04-30 00:00:00-04:00,185.89999389648438,193.1999969482422,184.02000427246094,192.47000122070312,190.621337890625,22768900,0.0,0.0
2025-05-01 00:00:00-04:00,198.13999938964844,201.39999389648438,196.24000549316406,197.3300018310547,195.43467712402344,24939700,0.0,0.0
2025-05-02 00:00:00-04:00,203.89999389648438,205.67999267578125,201.0800018310547,203.63999938964844,201.6840362548828,17766800,0.0,0.0
2025-05-05 00:00:00-04:00,200.25,203.22999572753906,200.0,200.72000122070312,198.79209899902344,14025400,0.0,0.0
2025-05-06 00:00:00-04:00,196.44000244140625,201.91000366210938,195.94000244140625,200.08999633789062,198.16815185546875,16348800,0.0,0.0
2025-05-07 00:00:00-04:00,199.2899932861328,206.22999572753906,198.42999267578125,204.80999755859375,202.84280395507812,20253700,0.0,0.0
2025-05-08 00:00:00-04:00,208.0,211.16000366210938,203.69000244140625,207.77000427246094,205.77438354492188,18460900,0.0,0.0
2025-05-09 00:00:00-04:00,209.3300018310547,209.9600067138672,206.52000427246094,208.1999969482422,206.20025634765625,13289200,0.0,0.0
2025-05-12 00:00:00-04:00,219.49000549316406,221.8000030517578,215.8800048828125,221.5800018310547,219.45175170898438,25437700,0.0,0.0
2025-05-13 00:00:00-04:00,222.0,235.27999877929688,222.0,232.4199981689453,230.1876220703125,28790500,0.0,0.0
2025-05-14 00:00:00-04:00,230.22999572753906,233.5,228.35000610351562,232.1199951171875,229.89051818847656,19751400,0.0,0.0
2025-05-15 00:00:00-04:00,230.16000366210938,234.4600067138672,228.07000732421875,232.63999938964844,230.405517578125,18803700,0.0,0.0
2025-05-16 00:00:00-04:00,232.32000732421875,232.63999938964844,226.38999938964844,228.61000061035156,226.4142303466797,23094600,0.0,0.0
2025-05-19 00:00:00-04:00,221.85000610351562,231.25,221.60000610351562,230.6300048828125,228.41482543945312,15355500,0.0,0.0
2025-05-20 00:00:00-04:00,226.49000549316406,231.77000427246094,226.33999633789062,231.67999267578125,229.4547576904297,11787200,0.0,0.0
2025-05-21 00:00:00-04:00,228.38999938964844,236.5,227.8300018310547,229.72999572753906,227.5234375,17642900,0.0,0.0
2025-05-22 00:00:00-04:00,228.33999633789062,233.69000244140625,227.42999267578125,230.52999877929688,228.31578063964844,14340200,0.0,0.0
2025-05-23 00:00:00-04:00,226.94000244140625,230.64999389648438,226.17999267578125,228.72000122070312,226.52316284179688,15385600,0.0,0.0
2025-05-27 00:00:00-04:00,232.8699951171875,236.47999572753906,231.1300048828125,235.64999389648438,233.3865966796875,17941700,0.0,0.0
2025-05-28 00:00:00-04:00,237.14999389648438,240.99000549316406,234.42999267578125,239.42999267578125,237.13027954101562,20443000,0.0,0.0
2025-05-29 00:00:00-04:00,245.91000366210938,246.07000732421875,237.39999389648438,241.97000122070312,239.64590454101562,20743700,0.0,0.0
2025-05-30 00:00:00-04:00,241.22000122070312,243.1699981689453,234.89999389648438,242.07000732421875,239.7449493408203,27088600,0.0,0.0
2025-06-02 00:00:00-04:00,243.25,250.0,243.19000244140625,248.7100067138672,246.32118225097656,19197000,0.0,0.0
2025-06-03 00:00:00-04:00,250.0800018310547,257.8800048828125,249.39999389648438,256.8500061035156,254.38296508789062,30380200,0.0,0.0
2025-06-04 00:00:00-04:00,258.05999755859375,265.42999267578125,257.5899963378906,261.0799865722656,258.5722961425781,31536000,0.0,0.0
2025-06-05 00:00:00-04:00,262.95001220703125,264.8900146484375,259.05999755859375,259.92999267578125,257.43341064453125,41970900,0.0,0.0
2025-06-06 00:00:00-04:00,251.13999938964844,255.32000732421875,246.1300048828125,246.92999267578125,244.55824279785156,41146700,0.0,0.0
2025-06-09 00:00:00-04:00,245.0500030517578,248.1699981689453,241.11000061035156,244.27999877929688,241.9337158203125,25334100,0.0,0.0
2025-06-10 00:00:00-04:00,244.22000122070312,246.27999877929688,241.39999389648438,244.6300048828125,242.28033447265625,25491300,0.0,0.0
2025-06-11 00:00:00-04:00,246.36000061035156,254.77000427246094,243.8000030517578,252.91000366210938,250.4808349609375,24599000,0.0,0.0
2025-06-12 00:00:00-04:00,250.19000244140625,257.8900146484375,249.5,256.07000732421875,253.61048889160156,20410900,0.0,0.0
2025-06-13 00:00:00-04:00,250.66000366210938,254.0,248.35000610351562,248.6999969482422,246.31124877929688,19028400,0.0,0.0
2025-06-16 00:00:00-04:00,250.35000610351562,255.19000244140625,249.57000732421875,252.10000610351562,249.67861938476562,20363000,0.0,0.0
2025-06-17 00:00:00-04:00,250.9499969482422,253.9600067138672,247.9199981689453,249.3699951171875,246.97483825683594,22014300,0.0,0.0
2025-06-18 00:00:00-04:00,250.88999938964844,255.63999938964844,249.41000366210938,251.25999450683594,248.8466796875,30435500,0.0,0.0
2025-06-20 00:00:00-04:00,253.2100067138672,253.52000427246094,244.1699981689453,249.99000549316406,248.171630859375,42134900,0.59,0.0
2025-06-23 00:00:00-04:00,249.11000061035156,254.2100067138672,246.4600067138672,253.77000427246094,251.92413330078125,19747000,0.0,0.0
2025-06-24 00:00:00-04:00,258.7699890136719,265.8699951171875,258.7699890136719,263.7699890136719,261.85137939453125,32764900,0.0,0.0
2025-06-25 00:00:00-04:00,266.0,269.8699951171875,263.42999267578125,264.6499938964844,262.7250061035156,18894200,0.0,0.0
2025-06-26 00:00:00-04:00,265.0799865722656,271.6700134277344,264.1300048828125,270.1700134277344,268.2048645019531,23569600,0.0,0.0
2025-06-27 00:00:00-04:00,270.29998779296875,271.8500061035156,266.8800048828125,269.3500061035156,267.3907775878906,27477600,0.0,0.0
2025-06-30 00:00:00-04:00,274.7300109863281,277.7099914550781,272.1300048828125,275.6499938964844,273.6449890136719,24708400,0.0,0.0
2025-07-01 00:00:00-04:00,274.3999938964844,274.5,262.6600036621094,264.739990234375,262.8143310546875,28847600,0.0,0.0
2025-07-02 00:00:00-04:00,263.989990234375,272.0,262.7300109863281,269.8999938964844,267.93682861328125,17582100,0.0,0.0
2025-07-03 00:00:00-04:00,270.7300109863281,275.79998779296875,270.1199951171875,275.17999267578125,273.1783752441406,10592700,0.0,0.0
2025-07-07 00:00:00-04:00,275.1300048828125,277.55999755859375,272.6600036621094,274.17999267578125,272.1856689453125,16760600,0.0,0.0
2025-07-08 00:00:00-04:00,276.3500061035156,276.3500061035156,271.1499938964844,271.79998779296875,269.8229675292969,14869400,0.0,0.0
2025-07-09 00:00:00-04:00,272.9599914550781,279.45001220703125,272.7200012207031,277.8999938964844,275.8786315917969,20133000,0.0,0.0
2025-07-10 00:00:00-04:00,279.7900085449219,281.17999267578125,272.70001220703125,275.3999938964844,273.39678955078125,17891600,0.0,0.0
2025-07-11 00:00:00-04:00,274.1400146484375,276.4700012207031,271.8900146484375,274.3800048828125,272.38421630859375,14274700,0.0,0.0
2025-07-14 00:00:00-04:00,274.1300048828125,278.3599853515625,269.5799865722656,275.6000061035156,273.5953674316406,11934200,0.0,0.0
2025-07-15 00:00:00-04:00,279.80999755859375,283.3599853515625,277.8500061035156,280.94000244140625,278.896484375,17918400,0.0,0.0
2025-07-16 00:00:00-04:00,280.1099853515625,281.510009765625,275.6700134277344,280.80999755859375,278.7674255371094,15031000,0.0,0.0
2025-07-17 00:00:00-04:00,281.1400146484375,288.2799987792969,279.9100036621094,286.45001220703125,284.3664245605469,17231100,0.0,0.0
2025-07-18 00:00:00-04:00,287.1099853515625,287.5299987792969,281.0,283.3399963378906,281.279052734375,15012400,0.0,0.0
2025-07-21 00:00:00-04:00,283.9599914550781,290.5400085449219,283.6300048828125,288.2099914550781,286.1136169433594,17726800,0.0,0.0
2025-07-22 00:00:00-04:00,287.6499938964844,288.0,276.42999267578125,278.5899963378906,276.5635986328125,16564800,0.0,0.0
2025-07-23 00:00:00-04:00,276.7799987792969,284.0,273.0,283.69000244140625,281.62652587890625,20556200,0.0,0.0
2025-07-24 00:00:00-04:00,289.7900085449219,291.20001220703125,283.5,288.7099914550781,286.6099853515625,16413800,0.0,0.0
2025-07-25 00:00:00-04:00,288.07000732421875,292.5899963378906,287.2699890136719,290.17999267578125,288.0693054199219,12476200,0.0,0.0
2025-07-28 00:00:00-04:00,292.4599914550781,295.45001220703125,290.5899963378906,294.29998779296875,292.1593017578125,13683400,0.0,0.0
2025-07-29 00:00:00-04:00,297.5,302.19000244140625,294.8699951171875,297.4200134277344,295.25665283203125,19210800,0.0,0.0
2025-07-30 00:00:00-04:00,297.1499938964844,303.260009765625,295.79998779296875,302.6199951171875,300.4188232421875,16738900,0.0,0.0
2025-07-31 00:00:00-04:00,302.79998779296875,306.95001220703125,290.2300109863281,293.70001220703125,291.5636901855469,25488500,0.0,0.0
2025-08-01 00:00:00-04:00,286.5400085449219,292.6400146484375,281.6099853515625,288.6400146484375,286.5404968261719,21428100,0.0,0.0
2025-08-04 00:00:00-04:00,292.20001220703125,298.4800109863281,291.3999938964844,297.7200012207031,295.554443359375,17164600,0.0,0.0
2025-08-05 00:00:00-04:00,297.80999755859375,301.20001220703125,291.45001220703125,292.92999267578125,290.79925537109375,18477500,0.0,0.0
2025-08-06 00:00:00-04:00,292.8999938964844,302.80999755859375,291.8999938964844,301.6700134277344,299.4757385253906,17392100,0.0,0.0
2025-08-07 00:00:00-04:00,306.1700134277344,310.3399963378906,299.8800048828125,303.760009765625,301.550537109375,16319400,0.0,0.0
2025-08-08 00:00:00-04:00,304.04998779296875,307.8699951171875,302.54998779296875,304.9700012207031,302.7517395019531,12458700,0.0,0.0
2025-08-11 00:00:00-04:00,305.04998779296875,308.30999755859375,301.2900085449219,303.8999938964844,301.68951416015625,12396400,0.0,0.0
2025-08-12 00:00:00-04:00,306.6300048828125,313.44000244140625,304.6700134277344,312.8299865722656,310.5545349121094,17609600,0.0,0.0
2025-08-13 00:00:00-04:00,316.75,317.3500061035156,304.75,309.0899963378906,306.84173583984375,17371200,0.0,0.0
2025-08-14 00:00:00-04:00,307.010009765625,314.1700134277344,307.0,311.2300109863281,308.9661865234375,15717600,0.0,0.0
2025-08-15 00:00:00-04:00,311.0299987792969,311.5,299.760009765625,306.3399963378906,304.1117248535156,22806900,0.0,0.0
2025-08-18 00:00:00-04:00,302.70001220703125,306.1700134277344,299.0,305.760009765625,303.5359802246094,14724700,0.0,0.0
2025-08-19 00:00:00-04:00,302.4200134277344,302.8999938964844,292.3900146484375,294.9100036621094,292.764892578125,20149600,0.0,0.0
2025-08-20 00:00:00-04:00,295.4599914550781,295.489990234375,281.8699951171875,291.1700134277344,289.0520935058594,23600500,0.0,0.0
2025-08-21 00:00:00-04:00,290.05999755859375,292.3900146484375,286.1700134277344,289.6000061035156,287.4934997558594,14946300,0.0,0.0
2025-08-22 00:00:00-04:00,291.75,300.0899963378906,289.010009765625,294.0,291.86151123046875,16301300,0.0,0.0
2025-08-25 00:00:00-04:00,292.80999755859375,298.3999938964844,291.7099914550781,294.2300109863281,292.08984375,15124700,0.0,0.0
2025-08-26 00:00:00-04:00,294.3500061035156,300.25,293.989990234375,298.010009765625,295.84234619140625,25689100,0.0,0.0
2025-08-27 00:00:00-04:00,297.5299987792969,301.17999267578125,293.7799987792969,300.25,298.0660705566406,13830300,0.0,0.0
2025-08-28 00:00:00-04:00,302.92999267578125,311.0,302.3299865722656,308.6499938964844,306.4049072265625,18907100,0.0,0.0
2025-08-29 00:00:00-04:00,307.010009765625,307.010009765625,293.6600036621094,297.3900146484375,295.2268371582031,21610700,0.0,0.0
2025-09-02 00:00:00-04:00,289.3399963378906,298.7099914550781,287.1700134277344,298.239990234375,296.0706481933594,19693000,0.0,0.0
2025-09-03 00:00:00-04:00,302.2900085449219,304.45001220703125,296.3999938964844,302.3900146484375,300.19049072265625,18529400,0.0,0.0
2025-09-04 00:00:00-04:00,305.05999755859375,308.7799987792969,302.25,306.1000061035156,303.87347412109375,31220800,0.0,0.0
2025-09-05 00:00:00-04:00,355.7799987792969,356.3399963378906,331.4200134277344,334.8900146484375,332.4541015625,78401600,0.0,0.0
2025-09-08 00:00:00-04:00,342.75,354.1700134277344,341.25,345.6499938964844,343.13580322265625,43535600,0.0,0.0
2025-09-09 00:00:00-04:00,349.54998779296875,350.9800109863281,335.8299865722656,336.6700134277344,334.2210998535156,26972300,0.0,0.0
2025-09-10 00:00:00-04:00,351.5199890136719,372.9700012207031,350.54998779296875,369.57000732421875,366.8818359375,51086800,0.0,0.0
2025-09-11 00:00:00-04:00,371.17999267578125,374.2300109863281,358.760009765625,359.6300048828125,357.01416015625,29430900,0.0,0.0
2025-09-12 00:00:00-04:00,362.9100036621094,364.3900146484375,357.1600036621094,359.8699951171875,357.25238037109375,31949800,0.0,0.0
2025-09-15 00:00:00-04:00,359.8699951171875,365.5,356.3399963378906,364.0899963378906,361.4416809082031,21792200,0.0,0.0
2025-09-16 00:00:00-04:00,365.42999267578125,365.69000244140625,356.989990234375,360.0,357.3813781738281,21306500,0.0,0.0
2025-09-17 00:00:00-04:00,358.8500061035156,359.92999267578125,341.5,346.1700134277344,343.6520690917969,45197100,0.0,0.0
2025-09-18 00:00:00-04:00,350.0,350.70001220703125,343.7900085449219,345.3500061035156,342.8380126953125,24663900,0.0,0.0
2025-09-19 00:00:00-04:00,344.6499938964844,346.2699890136719,336.42999267578125,344.94000244140625,342.43096923828125,41240100,0.0,0.0
2025-09-22 00:00:00-04:00,342.42999267578125,346.6700134277344,337.94000244140625,338.7900085449219,336.9019775390625,28660000,0.59,0.0
2025-09-23 00:00:00-04:00,340.239990234375,345.2200012207031,337.0199890136719,338.94000244140625,337.0511169433594,21944100,0.0,0.0
2025-09-24 00:00:00-04:00,339.760009765625,340.0799865722656,333.80999755859375,339.30999755859375,337.4190673828125,19677300,0.0,0.0
2025-09-25 00:00:00-04:00,332.989990234375,338.05999755859375,327.29998779296875,336.1000061035156,334.2269592285156,21678200,0.0,0.0
2025-09-26 00:00:00-04:00,337.42999267578125,339.0799865722656,330.5799865722656,334.5299987792969,332.6656799316406,15464700,0.0,0.0
2025-09-29 00:00:00-04:00,336.0,341.04998779296875,327.54998779296875,327.8999938964844,326.0726623535156,21336000,0.0,0.0
2025-09-30 00:00:00-04:00,330.1199951171875,331.04998779296875,324.6099853515625,329.9100036621094,328.0714111328125,20109500,0.0,0.0
2025-10-01 00:00:00-04:00,328.1499938964844,337.95001220703125,324.5,333.3900146484375,331.53204345703125,21122700,0.0,0.0
2025-10-02 00:00:00-04:00,347.6099853515625,347.6099853515625,335.25,338.17999267578125,336.29534912109375,19917600,0.0,0.0
2025-10-03 00:00:00-04:00,341.5,344.3999938964844,335.739990234375,338.3699951171875,336.4842834472656,14749100,0.0,0.0
2025-10-06 00:00:00-04:00,335.9200134277344,344.1300048828125,334.55999755859375,335.489990234375,333.620361328125,18465700,0.0,0.0
2025-10-07 00:00:00-04:00,337.0299987792969,338.1099853515625,326.5799865722656,336.4100036621094,334.53521728515625,18086700,0.0,0.0
2025-10-08 00:00:00-04:00,333.82000732421875,346.5400085449219,332.6199951171875,345.5,343.57452392578125,21478300,0.0,0.0
2025-10-09 00:00:00-04:00,345.75,347.30999755859375,340.3999938964844,345.0199890136719,343.0971984863281,17643700,0.0,0.0
2025-10-10 00:00:00-04:00,345.3900146484375,350.6000061035156,324.04998779296875,324.6300048828125,322.82086181640625,28941000,0.0,0.0
2025-10-13 00:00:00-04:00,352.7699890136719,359.3800048828125,343.5199890136719,356.70001220703125,354.712158203125,45984300,0.0,0.0
2025-10-14 00:00:00-04:00,350.1300048828125,350.6700134277344,339.6499938964844,344.1300048828125,342.2121887207031,22078000,0.0,0.0
2025-10-15 00:00:00-04:00,354.4700012207031,359.3999938964844,347.5,351.3299865722656,349.3720397949219,23918500,0.0,0.0
2025-10-16 00:00:00-04:00,356.79998779296875,363.239990234375,349.489990234375,354.1499938964844,352.17633056640625,20317200,0.0,0.0
2025-10-17 00:00:00-04:00,349.6099853515625,350.9700012207031,340.7799987792969,349.3299865722656,347.3832092285156,20937900,0.0,0.0
2025-10-20 00:00:00-04:00,353.79998779296875,356.5899963378906,347.8399963378906,349.239990234375,347.2937316894531,15640200,0.0,0.0
2025-10-21 00:00:00-04:00,350.0,351.1000061035156,341.30999755859375,342.6600036621094,340.7503967285156,16092600,0.0,0.0
2025-10-22 00:00:00-04:00,347.29998779296875,348.010009765625,335.510009765625,340.29998779296875,338.4035339355469,19268800,0.0,0.0
2025-10-23 00:00:00-04:00,340.3999938964844,346.57000732421875,340.3999938964844,344.2900085449219,342.3713073730469,12859200,0.0,0.0
2025-10-24 00:00:00-04:00,352.510009765625,358.29998779296875,350.8800048828125,354.1300048828125,352.1564636230469,16143700,0.0,0.0
2025-10-27 00:00:00-04:00,361.5400085449219,362.75,355.0799865722656,362.04998779296875,360.03228759765625,20065800,0.0,0.0
2025-10-28 00:00:00-04:00,362.6199951171875,374.05999755859375,362.5299987792969,372.9700012207031,370.8914794921875,21056000,0.0,0.0
2025-10-29 00:00:00-04:00,373.19000244140625,386.4800109863281,373.19000244140625,385.9800109863281,383.8289794921875,24975200,0.0,0.0
2025-10-30 00:00:00-04:00,386.3999938964844,386.3999938964844,370.05999755859375,376.4700012207031,374.3719787597656,24295300,0.0,0.0
2025-10-31 00:00:00-04:00,378.2699890136719,378.82000732421875,365.1000061035156,369.6300048828125,367.5700988769531,21598400,0.0,0.0
2025-11-03 00:00:00-05:00,372.0,374.8500061035156,361.9800109863281,362.54998779296875,360.5295104980469,17198900,0.0,0.0
2025-11-04 00:00:00-05:00,358.5199890136719,368.95001220703125,351.0,351.94000244140625,349.9786682128906,24047500,0.0,0.0
2025-11-05 00:00:00-05:00,350.8900146484375,364.8699951171875,350.0899963378906,358.9800109863281,356.97943115234375,17087600,0.0,0.0
2025-11-06 00:00:00-05:00,360.1099853515625,363.5,352.7099914550781,355.5899963378906,353.60833740234375,19896900,0.0,0.0
2025-11-07 00:00:00-05:00,354.19000244140625,354.5,337.2699890136719,349.42999267578125,347.482666015625,21903200,0.0,0.0
2025-11-10 00:00:00-05:00,357.8999938964844,360.0,354.6099853515625,358.3900146484375,356.3927307128906,16409000,0.0,0.0
2025-11-11 00:00:00-05:00,358.9700012207031,361.8900146484375,349.6700134277344,351.9599914550781,349.9985656738281,16446800,0.0,0.0
2025-11-12 00:00:00-05:00,358.0400085449219,358.8699951171875,351.67999267578125,355.2200012207031,353.2403869628906,12190500,0.0,0.0
2025-11-13 00:00:00-05:00,351.5799865722656,353.54998779296875,334.1600036621094,339.9800109863281,338.0853271484375,22616600,0.0,0.0
2025-11-14 00:00:00-05:00,331.4700012207031,344.739990234375,329.05999755859375,342.4599914550781,340.5514831542969,18500800,0.0,0.0
2025-11-17 00:00:00-05:00,339.82000732421875,352.20001220703125,337.5199890136719,342.6499938964844,340.74041748046875,14799600,0.0,0.0
2025-11-18 00:00:00-05:00,343.20001220703125,347.9700012207031,335.510009765625,340.5,338.6024169921875,21726800,0.0,0.0
2025-11-19 00:00:00-05:00,340.7099914550781,359.69000244140625,337.79998779296875,354.4200134277344,352.4448547363281,21851900,0.0,0.0
2025-11-20 00:00:00-05:00,366.0,376.0799865722656,345.17999267578125,346.82000732421875,344.88720703125,28867000,0.0,0.0
2025-11-21 00:00:00-05:00,345.1600036621094,348.6000061035156,331.79998779296875,340.20001220703125,338.30413818359375,30280300,0.0,0.0
2025-11-24 00:00:00-05:00,347.7300109863281,382.0,347.6600036621094,377.9599914550781,375.8536376953125,47262400,0.0,0.0
2025-11-25 00:00:00-05:00,384.92999267578125,388.1300048828125,371.75,385.0299987792969,382.8842468261719,33507600,0.0,0.0
2025-11-26 00:00:00-05:00,385.54998779296875,399.8699951171875,383.260009765625,397.57000732421875,395.3543701171875,28693000,0.0,0.0
2025-11-28 00:00:00-05:00,399.3500061035156,403.0,397.1600036621094,402.9599914550781,400.7143249511719,13365500,0.0,0.0
2025-12-01 00:00:00-05:00,394.8500061035156,395.4200134277344,385.1000061035156,386.0799865722656,383.92840576171875,23252000,0.0,0.0
2025-12-02 00:00:00-05:00,388.30999755859375,393.5,379.7900085449219,381.57000732421875,379.4435729980469,22207000,0.0,0.0
2025-12-03 00:00:00-05:00,380.0,382.29998779296875,370.6499938964844,380.6099853515625,378.4888916015625,21336400,0.0,0.0
2025-12-04 00:00:00-05:00,380.67999267578125,383.8900146484375,376.5299987792969,381.0299987792969,378.9065856933594,15845900,0.0,0.0
2025-12-05 00:00:00-05:00,386.1700134277344,393.5299987792969,385.1499938964844,390.239990234375,388.0652160644531,24779900,0.0,0.0
2025-12-08 00:00:00-05:00,402.4800109863281,407.2900085449219,397.3999938964844,401.1000061035156,398.8647155761719,30410600,0.0,0.0
2025-12-09 00:00:00-05:00,398.75,406.92999267578125,395.510009765625,406.2900085449219,404.0257873535156,24546000,0.0,0.0
2025-12-10 00:00:00-05:00,402.20001220703125,414.6099853515625,399.55999755859375,412.9700012207031,410.6685791015625,31531000,0.0,0.0
2025-12-11 00:00:00-05:00,404.8299865722656,409.29998779296875,394.19000244140625,406.3699951171875,404.1053161621094,45681600,0.0,0.0
2025-12-12 00:00:00-05:00,379.9599914550781,382.0,355.1499938964844,359.92999267578125,357.92413330078125,95588500,0.0,0.0
2025-12-15 00:00:00-05:00,361.8900146484375,362.0,337.510009765625,339.80999755859375,337.916259765625,65894900,0.0,0.0
2025-12-16 00:00:00-05:00,336.0199890136719,347.5,335.05999755859375,341.29998779296875,339.3979797363281,58061100,0.0,0.0
2025-12-17 00:00:00-05:00,346.6099853515625,346.6099853515625,321.4200134277344,326.0199890136719,324.203125,73300900,0.0,0.0
2025-12-18 00:00:00-05:00,336.0,336.0299987792969,323.6300048828125,329.8800048828125,328.0415954589844,54501900,0.0,0.0
2025-12-19 00:00:00-05:00,333.3399963378906,343.45001220703125,332.5799865722656,340.3599853515625,338.46319580078125,159095200,0.0,0.0
2025-12-22 00:00:00-05:00,346.0299987792969,346.239990234375,337.2200012207031,341.45001220703125,340.19683837890625,28739600,0.65,0.0
2025-12-23 00:00:00-05:00,340.80999755859375,350.1099853515625,338.5400085449219,349.32000732421875,348.0379333496094,28232600,0.0,0.0
2025-12-24 00:00:00-05:00,350.69000244140625,352.8599853515625,347.1400146484375,350.2200012207031,348.93463134765625,11424400,0.0,0.0
2025-12-26 00:00:00-05:00,351.05999755859375,353.25,347.75,352.1300048828125,350.8376159667969,15028100,0.0,0.0
2025-12-29 00:00:00-05:00,348.7200012207031,350.3299865722656,344.69000244140625,349.3900146484375,348.1076965332031,21946900,0.0,0.0
2025-12-30 00:00:00-05:00,349.9700012207031,352.67999267578125,349.29998779296875,349.8500061035156,348.56597900390625,16633600,0.0,0.0
2025-12-31 00:00:00-05:00,349.7300109863281,349.8800048828125,345.4200134277344,346.1000061035156,344.8297424316406,15346100,0.0,0.0
2026-01-02 00:00:00-05:00,352.7799987792969,360.6600036621094,345.55999755859375,347.6199951171875,346.3441467285156,25398600,0.0,0.0
2026-01-05 00:00:00-05:00,354.739990234375,355.0299987792969,336.5,343.4200134277344,342.15960693359375,31136000,0.0,0.0
2026-01-06 00:00:00-05:00,343.6000061035156,349.04998779296875,338.0,343.7699890136719,342.50830078125,27135500,0.0,0.0
2026-01-07 00:00:00-05:00,341.70001220703125,349.70001220703125,335.8800048828125,343.5,342.2392883300781,20249300,0.0,0.0
2026-01-08 00:00:00-05:00,342.7799987792969,343.67999267578125,330.5,332.4800109863281,331.2597351074219,24385200,0.0,0.0
2026-01-09 00:00:00-05:00,337.9200134277344,347.3900146484375,333.5,344.9700012207031,343.70391845703125,22482500,0.0,0.0
2026-01-12 00:00:00-05:00,340.95001220703125,353.8999938964844,340.95001220703125,352.2099914550781,350.9173278808594,20949600,0.0,0.0
2026-01-13 00:00:00-05:00,352.8800048828125,359.489990234375,350.9100036621094,354.6099853515625,353.3085021972656,18308000,0.0,0.0
2026-01-14 00:00:00-05:00,348.9700012207031,350.69000244140625,334.4200134277344,339.8900146484375,338.642578125,30094700,0.0,0.0
2026-01-15 00:00:00-05:00,349.1199951171875,349.67999267578125,341.6700134277344,343.0199890136719,341.76104736328125,22218800,0.0,0.0
2026-01-16 00:00:00-05:00,346.2699890136719,354.510009765625,344.04998779296875,351.7099914550781,350.4191589355469,31291200,0.0,0.0
2026-01-20 00:00:00-05:00,344.1000061035156,345.3999938964844,331.79998779296875,332.6000061035156,331.3793029785156,32293900,0.0,0.0
2026-01-21 00:00:00-05:00,335.510009765625,335.79998779296875,324.20001220703125,328.79998779296875,327.5932312011719,32006600,0.0,0.0
2026-01-22 00:00:00-05:00,335.3500061035156,336.989990234375,324.8900146484375,325.489990234375,324.2953796386719,24275400,0.0,0.0
2026-01-23 00:00:00-05:00,319.29998779296875,321.989990234375,314.1099853515625,320.04998779296875,318.8753356933594,30259500,0.0,0.0
2026-01-26 00:00:00-05:00,319.79998779296875,328.67999267578125,317.6000061035156,324.8500061035156,323.6577453613281,25006400,0.0,0.0
2026-01-27 00:00:00-05:00,329.760009765625,334.760009765625,327.0199890136719,332.7900085449219,331.568603515625,25537600,0.0,0.0
2026-01-28 00:00:00-05:00,338.8500061035156,339.989990234375,326.70001220703125,333.239990234375,332.0169372558594,23001700,0.0,0.0
2026-01-29 00:00:00-05:00,332.55999755859375,335.95001220703125,320.2799987792969,330.7300109863281,329.51617431640625,20447500,0.0,0.0
2026-01-30 00:00:00-05:00,332.44000244140625,338.20001220703125,328.3299865722656,331.29998779296875,330.0840759277344,28313000,0.0,0.0
2026-02-02 00:00:00-05:00,326.1099853515625,336.05999755859375,325.75,331.1099853515625,329.8947448730469,17278200,0.0,0.0
2026-02-03 00:00:00-05:00,336.739990234375,338.8999938964844,308.6499938964844,320.3299865722656,319.1543273925781,36914800,0.0,0.0
2026-02-04 00:00:00-05:00,319.510009765625,319.510009765625,295.29998779296875,308.04998779296875,306.91937255859375,43330300,0.0,0.0
2026-02-05 00:00:00-05:00,314.3399963378906,326.5299987792969,306.70001220703125,310.510009765625,309.3703918457031,42775800,0.0,0.0
2026-02-06 00:00:00-05:00,320.1000061035156,335.0,316.29998779296875,332.9200134277344,331.6981506347656,33003400,0.0,0.0
2026-02-09 00:00:00-05:00,330.7699890136719,352.3399963378906,330.6499938964844,343.94000244140625,342.67767333984375,30091000,0.0,0.0
2026-02-10 00:00:00-05:00,347.4700012207031,348.010009765625,339.8399963378906,340.44000244140625,339.1905212402344,19542700,0.0,0.0
2026-02-11 00:00:00-05:00,346.79998779296875,347.20001220703125,333.739990234375,342.760009765625,341.50201416015625,17004700,0.0,0.0
2026-02-12 00:00:00-05:00,343.8299865722656,346.2900085449219,329.55999755859375,331.1700134277344,329.9545593261719,22007300,0.0,0.0
2026-02-13 00:00:00-05:00,329.8500061035156,334.32000732421875,324.69000244140625,325.1700134277344,323.9765930175781,18397200,0.0,0.0
2026-02-17 00:00:00-05:00,319.67999267578125,335.75,316.30999755859375,332.5400085449219,331.31951904296875,23469700,0.0,0.0
2026-02-18 00:00:00-05:00,329.5199890136719,337.8800048828125,327.2300109863281,333.510009765625,332.28594970703125,13565300,0.0,0.0
2026-02-19 00:00:00-05:00,333.010009765625,338.44000244140625,329.67999267578125,333.989990234375,332.7641906738281,15180900,0.0,0.0
2026-02-20 00:00:00-05:00,332.3599853515625,340.1099853515625,329.5799865722656,332.6499938964844,331.4291076660156,17658900,0.0,0.0
2026-02-23 00:00:00-05:00,332.25,338.5,325.32000732421875,330.3399963378906,329.1275939941406,16472400,0.0,0.0
2026-02-24 00:00:00-05:00,322.5400085449219,328.30999755859375,314.45001220703125,325.489990234375,324.2953796386719,23614400,0.0,0.0
2026-02-25 00:00:00-05:00,330.739990234375,335.9100036621094,329.2799987792969,332.30999755859375,331.0903625488281,20182300,0.0,0.0
2026-02-26 00:00:00-05:00,326.5,326.5799865722656,307.92999267578125,321.70001220703125,320.5193176269531,33025300,0.0,0.0
2026-02-27 00:00:00-05:00,310.70001220703125,320.0,310.0,319.54998779296875,318.377197265625,28004200,0.0,0.0
2026-03-02 00:00:00-05:00,309.3599853515625,320.0400085449219,307.20001220703125,318.82000732421875,317.6498718261719,20567200,0.0,0.0
2026-03-03 00:00:00-05:00,313.0,315.8800048828125,307.3999938964844,313.8399963378906,312.68817138671875,20826200,0.0,0.0
2026-03-04 00:00:00-05:00,315.67999267578125,322.6400146484375,311.739990234375,317.5299987792969,316.3646240234375,34895800,0.0,0.0
2026-03-05 00:00:00-05:00,330.17999267578125,336.1199951171875,323.0299987792969,332.7699890136719,331.54864501953125,57076600,0.0,0.0
2026-03-06 00:00:00-05:00,328.2799987792969,343.510009765625,327.3999938964844,330.4800109863281,329.26708984375,39152200,0.0,0.0
2026-03-09 00:00:00-04:00,327.25,348.489990234375,323.6099853515625,345.75,344.48101806640625,40605800,0.0,0.0
2026-03-10 00:00:00-04:00,348.7300109863281,353.1400146484375,340.79998779296875,342.5799865722656,341.3226318359375,29531700,0.0,0.0
2026-03-11 00:00:00-04:00,342.5899963378906,345.80999755859375,338.2200012207031,341.57000732421875,340.3163757324219,20104100,0.0,0.0
2026-03-12 00:00:00-04:00,337.739990234375,339.8299865722656,332.20001220703125,335.9700012207031,334.7369384765625,21982700,0.0,0.0
2026-03-13 00:00:00-04:00,337.67999267578125,338.32000732421875,321.42999267578125,322.1600036621094,320.9776306152344,34725000,0.0,0.0
2026-03-16 00:00:00-04:00,326.0199890136719,329.20001220703125,320.05999755859375,324.9200134277344,323.7275085449219,31363100,0.0,0.0
2026-03-17 00:00:00-04:00,325.760009765625,327.44000244140625,317.25,321.30999755859375,320.1307373046875,38026500,0.0,0.0
2026-03-18 00:00:00-04:00,320.42999267578125,325.44000244140625,315.54998779296875,315.92999267578125,314.77044677734375,25460600,0.0,0.0
2026-03-19 00:00:00-04:00,312.4700012207031,323.2699890136719,308.510009765625,319.8399963378906,318.6661376953125,23524800,0.0,0.0
2026-03-20 00:00:00-04:00,320.1199951171875,321.510009765625,309.9200134277344,310.510009765625,309.3703918457031,43325900,0.0,0.0
2026-03-23 00:00:00-04:00,318.0,326.4800109863281,314.92999267578125,322.510009765625,322.0003967285156,27369200,0.65,0.0
2026-03-24 00:00:00-04:00,320.0,324.3999938964844,314.8399963378906,318.2900085449219,317.78704833984375,19799000,0.0,0.0
2026-03-25 00:00:00-04:00,322.5899963378906,324.29998779296875,316.7200012207031,318.80999755859375,318.30621337890625,19900000,0.0,0.0
2026-03-26 00:00:00-04:00,314.0199890136719,316.9200134277344,309.1700134277344,309.4200134277344,308.9310607910156,20343700,0.0,0.0
2026-03-27 00:00:00-04:00,307.05999755859375,307.5,298.8699951171875,300.67999267578125,300.2048645019531,23593900,0.0,0.0
2026-03-30 00:00:00-04:00,300.8699951171875,304.7699890136719,289.9599914550781,293.4100036621094,292.94635009765625,28054500,0.0,0.0
2026-03-31 00:00:00-04:00,299.3900146484375,310.30999755859375,296.3399963378906,309.510009765625,309.02093505859375,29289500,0.0,0.0
2026-04-01 00:00:00-04:00,313.3699951171875,315.7900085449219,310.4800109863281,313.489990234375,312.99462890625,19171000,0.0,0.0
2026-04-02 00:00:00-04:00,304.489990234375,314.69000244140625,301.75,314.54998779296875,314.0529479980469,14021100,0.0,0.0
2026-04-06 00:00:00-04:00,315.05999755859375,316.3999938964844,310.2799987792969,314.42999267578125,313.9331359863281,12111300,0.0,0.0
2026-04-07 00:00:00-04:00,326.7300109863281,334.1499938964844,321.79998779296875,333.9700012207031,333.4422607421875,33310900,0.0,0.0
2026-04-08 00:00:00-04:00,351.75,354.1400146484375,342.5299987792969,350.6300048828125,350.0759582519531,31573100,0.0,0.0
2026-04-09 00:00:00-04:00,352.29998779296875,358.70001220703125,351.5,354.9100036621094,354.34918212890625,20514900,0.0,0.0
2026-04-10 00:00:00-04:00,360.94000244140625,376.54998779296875,360.82000732421875,371.54998779296875,370.9628601074219,29958100,0.0,0.0
2026-04-13 00:00:00-04:00,369.6600036621094,380.8599853515625,369.4800109863281,379.75,379.1499328613281,24115800,0.0,0.0
2026-04-14 00:00:00-04:00,377.8999938964844,382.2799987792969,376.32000732421875,380.7799987792969,380.17828369140625,24423000,0.0,0.0
2026-04-15 00:00:00-04:00,389.8800048828125,397.0799865722656,385.57000732421875,396.7200012207031,396.0931091308594,29559300,0.0,0.0
2026-04-16 00:00:00-04:00,395.0,399.67999267578125,392.3500061035156,398.4700012207031,397.8403625488281,18872900,0.0,0.0
2026-04-17 00:00:00-04:00,400.8999938964844,406.7300109863281,399.80999755859375,406.5400085449219,405.8976135253906,20581700,0.0,0.0
2026-04-20 00:00:00-04:00,405.70001220703125,406.4200134277344,395.8999938964844,399.6300048828125,398.9985046386719,16922000,0.0,0.0
2026-04-21 00:00:00-04:00,399.4100036621094,403.6000061035156,394.57000732421875,402.1700134277344,401.5345153808594,16275500,0.0,0.0
2026-04-22 00:00:00-04:00,406.9800109863281,423.20001220703125,404.8599853515625,422.6499938964844,421.98211669921875,23702500,0.0,0.0
2026-04-23 00:00:00-04:00,422.3900146484375,429.30999755859375,417.79998779296875,419.94000244140625,419.27642822265625,19501600,0.0,0.0
2026-04-24 00:00:00-04:00,424.9800109863281,425.0,408.8599853515625,422.760009765625,422.09197998046875,22491100,0.0,0.0
2026-04-27 00:00:00-04:00,420.4800109863281,422.75,414.6300048828125,418.20001220703125,417.5391845703125,17451600,0.0,0.0
2026-04-28 00:00:00-04:00,400.30999755859375,405.80999755859375,394.6499938964844,399.8299865722656,399.19818115234375,25519200,0.0,0.0
2026-04-29 00:00:00-04:00,403.5,405.6400146484375,396.7799987792969,405.45001220703125,404.809326171875,15962500,0.0,0.0
2026-04-30 00:00:00-04:00,415.5199890136719,418.3800048828125,404.2300109863281,417.42999267578125,416.7703857421875,21821600,0.0,0.0
2026-05-01 00:00:00-04:00,415.0899963378906,423.1700134277344,413.2799987792969,421.2799987792969,420.6142883300781,11882600,0.0,0.0
2026-05-04 00:00:00-04:00,418.2200012207031,423.8299865722656,409.5299987792969,416.5,415.84185791015625,15140400,0.0,0.0
2026-05-05 00:00:00-04:00,421.6600036621094,433.3900146484375,419.3500061035156,427.3599853515625,426.6846923828125,21175200,0.0,0.0
2026-05-06 00:00:00-04:00,435.55999755859375,437.67999267578125,417.7799987792969,425.44000244140625,424.7677307128906,20707000,0.0,0.0
2026-05-07 00:00:00-04:00,421.82000732421875,426.489990234375,406.29998779296875,412.55999755859375,411.9080810546875,22791700,0.0,0.0
2026-05-08 00:00:00-04:00,419.79998779296875,435.0,414.0,430.0,429.3205261230469,22561400,0.0,0.0
2026-05-11 00:00:00-04:00,427.6199951171875,433.6499938964844,425.04998779296875,428.42999267578125,427.75299072265625,16825500,0.0,0.0
2026-05-12 00:00:00-04:00,423.42999267578125,429.3399963378906,408.4100036621094,419.29998779296875,418.6374206542969,19004300,0.0,0.0
2026-05-13 00:00:00-04:00,415.80999755859375,418.6300048828125,404.79998779296875,416.7900085449219,416.13140869140625,16981200,0.0,0.0
2026-05-14 00:00:00-04:00,416.7300109863281,442.3599853515625,415.5899963378906,439.7900085449219,439.0950622558594,19733800,0.0,0.0
2026-05-15 00:00:00-04:00,432.80999755859375,432.80999755859375,419.79998779296875,425.19000244140625,424.51812744140625,18957100,0.0,0.0
2026-05-18 00:00:00-04:00,421.4100036621094,422.010009765625,414.3699951171875,420.7099914550781,420.0451965332031,17863300,0.0,0.0
2026-05-19 00:00:00-04:00,409.82000732421875,417.95001220703125,405.8599853515625,411.07000732421875,410.4204406738281,20652100,0.0,0.0
2026-05-20 00:00:00-04:00,412.80999755859375,424.1700134277344,411.4200134277344,417.760009765625,417.0998840332031,16312600,0.0,0.0
2026-05-21 00:00:00-04:00,413.54998779296875,422.25,410.5,414.57000732421875,413.9149169921875,16865300,0.0,0.0
2026-05-22 00:00:00-04:00,417.489990234375,419.989990234375,410.2099914550781,414.1400146484375,413.485595703125,14086400,0.0,0.0
2026-05-26 00:00:00-04:00,418.5,435.30999755859375,417.0,422.010009765625,421.3431701660156,22562900,0.0,0.0
2026-05-27 00:00:00-04:00,425.07000732421875,432.79998779296875,416.489990234375,421.8599853515625,421.193359375,17601000,0.0,0.0
2026-05-28 00:00:00-04:00,421.1400146484375,429.67999267578125,414.010009765625,426.5799865722656,425.9059143066406,17855600,0.0,0.0
2026-05-29 00:00:00-04:00,432.95001220703125,448.8999938964844,431.4700012207031,446.7699890136719,446.06402587890625,41798400,0.0,0.0
2026-06-01 00:00:00-04:00,450.0899963378906,466.04998779296875,442.2200012207031,459.9700012207031,459.2431640625,30586000,0.0,0.0
2026-06-02 00:00:00-04:00,488.7900085449219,488.82000732421875,470.4599914550781,481.57000732421875,480.8090515136719,38306700,0.0,0.0
2026-06-03 00:00:00-04:00,494.7799987792969,495.0,472.6400146484375,479.2300109863281,478.4727478027344,50126400,0.0,0.0
2026-06-04 00:00:00-04:00,408.989990234375,426.4800109863281,403.010009765625,418.9100036621094,418.248046875,80979400,0.0,0.0
2026-06-05 00:00:00-04:00,407.6099853515625,410.5,385.5899963378906,385.7300109863281,385.1204833984375,51146100,0.0,0.0
2026-06-08 00:00:00-04:00,402.6199951171875,402.8399963378906,391.3500061035156,396.6000061035156,395.9732971191406,37099000,0.0,0.0
2026-06-09 00:00:00-04:00,401.6099853515625,407.8699951171875,370.3299865722656,392.1600036621094,391.5403137207031,37026900,0.0,0.0
2026-06-10 00:00:00-04:00,381.5,385.80999755859375,371.1700134277344,372.1000061035156,371.51202392578125,38193500,0.0,0.0
2026-06-11 00:00:00-04:00,372.82000732421875,389.5,370.54998779296875,385.57000732421875,384.9607238769531,35187600,0.0,0.0
2026-06-12 00:00:00-04:00,383.7200012207031,384.9800109863281,377.0,382.07000732421875,381.4662780761719,27600900,0.0,0.0
2026-06-15 00:00:00-04:00,395.510009765625,396.20001220703125,388.6000061035156,393.94000244140625,393.3175048828125,32394200,0.0,0.0
2026-06-16 00:00:00-04:00,390.2099914550781,391.7900085449219,376.4599914550781,376.7099914550781,376.1147155761719,31573700,0.0,0.0
2026-06-17 00:00:00-04:00,388.7099914550781,400.6499938964844,382.6499938964844,392.8999938964844,392.2791442871094,40005500,0.0,0.0
2026-06-18 00:00:00-04:00,409.5799865722656,412.70001220703125,405.3800048828125,411.3500061035156,410.70001220703125,45076100,0.0,0.0
2026-06-22 00:00:00-04:00,413.6600036621094,414.6400146484375,391.9100036621094,392.1300048828125,392.1300048828125,26403700,0.65,0.0
2026-06-23 00:00:00-04:00,377.8699951171875,391.0199890136719,376.6600036621094,380.1499938964844,380.1499938964844,33122200,0.0,0.0
2026-06-24 00:00:00-04:00,386.6199951171875,388.739990234375,376.9599914550781,382.07000732421875,382.07000732421875,29938700,0.0,0.0
2026-06-25 00:00:00-04:00,386.5799865722656,388.79998779296875,372.70001220703125,378.9100036621094,378.9100036621094,23353700,0.0,0.0
2026-06-26 00:00:00-04:00,370.45001220703125,373.69000244140625,363.8299865722656,365.0199890136719,365.0199890136719,34839300,0.0,0.0
2026-06-29 00:00:00-04:00,373.6199951171875,376.2099914550781,360.4599914550781,372.45001220703125,372.45001220703125,24285200,0.0,0.0
2026-06-30 00:00:00-04:00,374.7900085449219,379.6199951171875,370.6400146484375,377.75,377.75,28517400,0.0,0.0
2026-07-01 00:00:00-04:00,371.8699951171875,373.75,368.0299987792969,369.3399963378906,369.3399963378906,23712600,0.0,0.0
2026-07-02 00:00:00-04:00,365.7300109863281,374.0,356.42999267578125,360.45001220703125,360.45001220703125,26749500,0.0,0.0
2026-07-06 00:00:00-04:00,373.6099853515625,383.1600036621094,371.17999267578125,373.8999938964844,373.8999938964844,24544000,0.0,0.0
2026-07-07 00:00:00-04:00,366.55999755859375,372.9599914550781,362.010009765625,370.7799987792969,370.7799987792969,24116700,0.0,0.0
2026-07-08 00:00:00-04:00,377.5199890136719,395.0899963378906,376.8900146484375,388.69000244140625,388.69000244140625,31624100,0.0,0.0
2026-07-09 00:00:00-04:00,402.19000244140625,407.5199890136719,387.92999267578125,401.1099853515625,401.1099853515625,28074000,0.0,0.0
2026-07-10 00:00:00-04:00,398.5,402.44000244140625,395.70001220703125,399.9700012207031,399.9700012207031,14595900,0.0,0.0
2026-07-13 00:00:00-04:00,393.4800109863281,395.75,383.4200134277344,384.04998779296875,384.04998779296875,21294500,0.0,0.0
2026-07-14 00:00:00-04:00,395.7200012207031,397.3299865722656,384.6400146484375,389.1099853515625,389.1099853515625,20118700,0.0,0.0
2026-07-15 00:00:00-04:00,396.0899963378906,399.0,386.739990234375,394.2799987792969,394.2799987792969,16324100,0.0,0.0
2026-07-16 00:00:00-04:00,384.5400085449219,386.739990234375,371.8999938964844,374.45001220703125,374.45001220703125,23407200,0.0,0.0
2026-07-17 00:00:00-04:00,366.04998779296875,377.3500061035156,357.79998779296875,370.8299865722656,370.8299865722656,23272200,0.0,0.0
2026-07-20 00:00:00-04:00,378.760009765625,383.5899963378906,375.9599914550781,378.1600036621094,378.1600036621094,14420500,0.0,0.0
2026-07-21 00:00:00-04:00,390.2099914550781,390.5799865722656,379.2200012207031,386.5,386.5,17291100,0.0,0.0
2026-07-22 00:00:00-04:00,380.20001220703125,398.5899963378906,380.0,396.80999755859375,396.80999755859375,16966200,0.0,0.0
2026-07-23 00:00:00-04:00,392.19000244140625,397.6099853515625,386.82000732421875,392.4700012207031,392.4700012207031,16348700,0.0,0.0
2026-07-24 00:00:00-04:00,387.67999267578125,389.2699890136719,378.75,381.9200134277344,381.9200134277344,15149400,0.0,0.0
2026-07-27 00:00:00-04:00,389.82000732421875,389.8999938964844,373.5,383.2200012207031,383.2200012207031,18502100,0.0,0.0
2026-07-28 00:00:00-04:00,374.3599853515625,385.79998779296875,371.5199890136719,380.9100036621094,380.9100036621094,20328400,0.0,0.0
2026-07-29 00:00:00-04:00,380.6400146484375,386.1199951171875,369.510009765625,370.32000732421875,370.32000732421875,21374400,0.0,0.0
2026-07-30 00:00:00-04:00,380.3500061035156,388.67999267578125,377.5400085449219,387.8399963378906,387.8399963378906,23639800,0.0,0.0
2026-07-31 00:00:00-04:00,394.8299865722656,399.9200134277344,379.7099914550781,389.2799987792969,389.2799987792969,20391000,0.0,0.0
2026-08-03 00:00:00-04:00,384.4100036621094,392.6099853515625,374.6099853515625,392.2300109863281,392.2300109863281,17315100,0.0,0.0
2026-08-04 00:00:00-04:00,402.9700012207031,422.07000732421875,400.67999267578125,418.1600036621094,418.1600036621094,29564200,0.0,0.0
2026-08-05 00:00:00-04:00,421.70001220703125,427.0,416.8900146484375,418.2799987792969,418.2799987792969,16880400,0.0,0.0
2026-08-06 00:00:00-04:00,420.54998779296875,428.0299987792969,410.760009765625,420.57000732421875,420.57000732421875,13907500,0.0,0.0
2026-08-07 00:00:00-04:00,428.3999938964844,430.8399963378906,421.6099853515625,427.760009765625,427.760009765625,14698300,0.0,0.0
2026-08-10 00:00:00-04:00,426.989990234375,432.7300109863281,420.1600036621094,422.3999938964844,422.3999938964844,13854100,0.0,0.0
2026-08-11 00:00:00-04:00,426.07000732421875,426.760009765625,413.2300109863281,416.0799865722656,416.0799865722656,12882700,0.0,0.0
2026-08-12 00:00:00-04:00,426.260009765625,426.5,414.6099853515625,416.04998779296875,416.04998779296875,15859200,0.0,0.0
2026-08-13 00:00:00-04:00,415.80999755859375,424.9200134277344,411.4100036621094,417.82000732421875,417.82000732421875,13180500,0.0,0.0
2026-08-14 00:00:00-04:00,411.9599914550781,412.5,388.5,392.989990234375,392.989990234375,29513600,0.0,0.0
2026-08-17 00:00:00-04:00,397.260009765625,399.3599853515625,391.30999755859375,392.42999267578125,392.42999267578125,20042600,0.0,0.0
2026-08-18 00:00:00-04:00,384.32000732421875,385.7799987792969,377.010009765625,380.0,380.0,22878200,0.0,0.0
2026-08-19 00:00:00-04:00,372.3999938964844,373.9100036621094,357.6099853515625,362.4800109863281,362.4800109863281,35091400,0.0,0.0
2026-08-20 00:00:00-04:00,364.3900146484375,367.1199951171875,362.25,364.0299987792969,364.0299987792969,19729800,0.0,0.0
2026-08-21 00:00:00-04:00,370.69000244140625,375.1300048828125,365.04998779296875,368.45001220703125,368.45001220703125,19037100,0.0,0.0
2026-08-24 00:00:00-04:00,364.9700012207031,366.1700134277344,358.7099914550781,358.760009765625,358.760009765625,18717200,0.0,0.0
2026-08-25 00:00:00-04:00,361.1000061035156,362.989990234375,355.30999755859375,356.739990234375,356.739990234375,18014900,0.0,0.0
2026-08-26 00:00:00-04:00,357.1199951171875,359.4700012207031,350.05999755859375,355.5899963378906,355.5899963378906,19196300,0.0,0.0
2026-08-27 00:00:00-04:00,361.7900085449219,371.7200012207031,360.6099853515625,371.5400085449219,371.5400085449219,21330000,0.0,0.0
2026-08-28 00:00:00-04:00,373.6000061035156,376.5899963378906,365.3500061035156,368.7900085449219,368.7900085449219,16596100,0.0,0.0
2026-08-31 00:00:00-04:00,369.5199890136719,372.75,366.29998779296875,370.3399963378906,370.3399963378906,21948000,0.0,0.0
