Date,Open,High,Low,Close,Adj Close,Volume,Dividends,Stock Splits
2020-01-02 00:00:00-05:00,48.060001373291016,48.41999816894531,47.880001068115234,48.41999816894531,40.10419464111328,16708100,0.35,0.0
2020-01-03 00:00:00-05:00,47.90999984741211,48.13999938964844,47.47999954223633,47.630001068115234,39.44987487792969,15577400,0.0,0.0
2020-01-06 00:00:00-05:00,47.13999938964844,47.81999969482422,47.0099983215332,47.79999923706055,39.59066390991211,22183600,0.0,0.0
2020-01-07 00:00:00-05:00,47.720001220703125,47.720001220703125,47.099998474121094,47.4900016784668,39.33390808105469,16501900,0.0,0.0
2020-01-08 00:00:00-05:00,46.970001220703125,47.790000915527344,46.810001373291016,47.52000045776367,39.358760833740234,25175900,0.0,0.0
2020-01-09 00:00:00-05:00,47.790000915527344,47.880001068115234,47.06999969482422,47.31999969482422,39.193111419677734,18203600,0.0,0.0
2020-01-10 00:00:00-05:00,47.47999954223633,47.560001373291016,47.060001373291016,47.130001068115234,39.035736083984375,13502600,0.0,0.0
2020-01-13 00:00:00-05:00,47.310001373291016,47.97999954223633,47.29999923706055,47.970001220703125,39.73147964477539,18237400,0.0,0.0
2020-01-14 00:00:00-05:00,47.959999084472656,47.9900016784668,47.619998931884766,47.790000915527344,39.58238983154297,17948700,0.0,0.0
2020-01-15 00:00:00-05:00,47.91999816894531,48.400001525878906,47.7599983215332,48.0099983215332,39.76460266113281,16289400,0.0,0.0
2020-01-16 00:00:00-05:00,48.380001068115234,49.08000183105469,48.22999954223633,49.04999923706055,40.62599182128906,20094900,0.0,0.0
2020-01-17 00:00:00-05:00,49.310001373291016,49.540000915527344,48.869998931884766,49.02000045776367,40.601139068603516,27176200,0.0,0.0
2020-01-21 00:00:00-05:00,48.959999084472656,49.20000076293945,48.66999816894531,48.79999923706055,40.41893005371094,21771800,0.0,0.0
2020-01-22 00:00:00-05:00,49.279998779296875,49.529998779296875,49.040000915527344,49.06999969482422,40.642555236816406,15186000,0.0,0.0
2020-01-23 00:00:00-05:00,49.0,49.18000030517578,48.40999984741211,49.0,40.584564208984375,16767700,0.0,0.0
2020-01-24 00:00:00-05:00,49.220001220703125,49.47999954223633,48.540000915527344,48.849998474121094,40.46033477783203,14066700,0.0,0.0
2020-01-27 00:00:00-05:00,47.88999938964844,48.06999969482422,47.27000045776367,47.470001220703125,39.31734848022461,20666000,0.0,0.0
2020-01-28 00:00:00-05:00,47.52000045776367,47.970001220703125,47.5,47.77000045776367,39.56582260131836,14035100,0.0,0.0
2020-01-29 00:00:00-05:00,47.970001220703125,47.97999954223633,46.93000030517578,47.04999923706055,38.969482421875,14273600,0.0,0.0
2020-01-30 00:00:00-05:00,46.540000915527344,47.27000045776367,46.2599983215332,47.2400016784668,39.12683868408203,14822600,0.0,0.0
2020-01-31 00:00:00-05:00,46.9900016784668,47.0,45.84000015258789,45.970001220703125,38.0749626159668,20069900,0.0,0.0
2020-02-03 00:00:00-05:00,46.400001525878906,46.83000183105469,46.209999084472656,46.529998779296875,38.53877639770508,15374900,0.0,0.0
2020-02-04 00:00:00-05:00,47.220001220703125,47.709999084472656,47.11000061035156,47.619998931884766,39.44158172607422,13947300,0.0,0.0
2020-02-05 00:00:00-05:00,48.33000183105469,48.599998474121094,48.150001525878906,48.45000076293945,40.12903594970703,17042300,0.0,0.0
2020-02-06 00:00:00-05:00,48.689998626708984,48.81999969482422,48.220001220703125,48.689998626708984,40.32781219482422,9814800,0.0,0.0
2020-02-07 00:00:00-05:00,48.599998474121094,48.77000045776367,47.869998931884766,47.970001220703125,39.73147964477539,16807500,0.0,0.0
2020-02-10 00:00:00-05:00,47.9900016784668,48.88999938964844,47.880001068115234,48.869998931884766,40.476898193359375,19012700,0.0,0.0
2020-02-11 00:00:00-05:00,49.38999938964844,49.709999084472656,48.86000061035156,49.130001068115234,40.692256927490234,23168300,0.0,0.0
2020-02-12 00:00:00-05:00,49.43000030517578,50.279998779296875,49.400001525878906,49.93000030517578,41.354862213134766,31686200,0.0,0.0
2020-02-13 00:00:00-05:00,47.150001525878906,47.66999816894531,46.58000183105469,47.31999969482422,39.193111419677734,47044700,0.0,0.0
2020-02-14 00:00:00-05:00,47.15999984741211,47.220001220703125,46.47999954223633,46.970001220703125,38.903221130371094,26747200,0.0,0.0
2020-02-18 00:00:00-05:00,46.81999969482422,46.849998474121094,46.290000915527344,46.59000015258789,38.58848571777344,18546300,0.0,0.0
2020-02-19 00:00:00-05:00,46.689998626708984,46.810001373291016,45.900001525878906,46.290000915527344,38.34000015258789,27626400,0.0,0.0
2020-02-20 00:00:00-05:00,46.09000015258789,46.959999084472656,45.900001525878906,46.849998474121094,38.8038330078125,20416700,0.0,0.0
2020-02-21 00:00:00-05:00,46.72999954223633,46.849998474121094,46.04999923706055,46.29999923706055,38.34828186035156,20028700,0.0,0.0
2020-02-24 00:00:00-05:00,45.0,45.68000030517578,44.0,44.0,36.443294525146484,35295900,0.0,0.0
2020-02-25 00:00:00-05:00,44.04999923706055,44.209999084472656,42.06999969482422,42.7400016784668,35.399688720703125,48024700,0.0,0.0
2020-02-26 00:00:00-05:00,42.970001220703125,43.380001068115234,41.939998626708984,42.15999984741211,34.91929626464844,38513200,0.0,0.0
2020-02-27 00:00:00-05:00,41.279998779296875,42.099998474121094,40.0099983215332,40.040000915527344,33.16339874267578,51442900,0.0,0.0
2020-02-28 00:00:00-05:00,38.70000076293945,40.54999923706055,38.349998474121094,39.93000030517578,33.072303771972656,80188000,0.0,0.0
2020-03-02 00:00:00-05:00,40.150001525878906,41.189998626708984,38.91999816894531,41.16999816894531,34.09931945800781,48864300,0.0,0.0
2020-03-03 00:00:00-05:00,41.2599983215332,41.900001525878906,39.709999084472656,40.040000915527344,33.16339874267578,49294700,0.0,0.0
2020-03-04 00:00:00-05:00,40.720001220703125,41.45000076293945,39.79999923706055,41.38999938964844,34.28154373168945,30022100,0.0,0.0
2020-03-05 00:00:00-05:00,40.16999816894531,40.5099983215332,39.290000915527344,39.56999969482422,32.77412033081055,30255900,0.0,0.0
2020-03-06 00:00:00-05:00,38.0,39.95000076293945,37.79999923706055,39.68000030517578,32.86522674560547,48605600,0.0,0.0
2020-03-09 00:00:00-04:00,36.900001525878906,39.560001373291016,36.290000915527344,37.959999084472656,31.440624237060547,61535300,0.0,0.0
2020-03-10 00:00:00-04:00,39.25,40.150001525878906,37.869998931884766,40.08000183105469,33.196533203125,50536500,0.0,0.0
2020-03-11 00:00:00-04:00,39.02000045776367,39.15999984741211,36.369998931884766,37.04999923706055,30.686914443969727,63594300,0.0,0.0
2020-03-12 00:00:00-04:00,34.5,35.81999969482422,33.0,33.20000076293945,27.498123168945312,51855300,0.0,0.0
2020-03-13 00:00:00-04:00,35.18000030517578,37.68000030517578,33.33000183105469,37.63999938964844,31.175575256347656,53859600,0.0,0.0
2020-03-16 00:00:00-04:00,33.22999954223633,36.9900016784668,32.400001525878906,33.709999084472656,27.9205379486084,44211300,0.0,0.0
2020-03-17 00:00:00-04:00,34.70000076293945,36.25,33.599998474121094,35.5,29.40311622619629,41572400,0.0,0.0
2020-03-18 00:00:00-04:00,33.7599983215332,37.709999084472656,33.310001373291016,37.119998931884766,30.744888305664062,56904300,0.0,0.0
2020-03-19 00:00:00-04:00,37.04999923706055,39.31999969482422,36.150001525878906,37.709999084472656,31.23356056213379,58319700,0.0,0.0
2020-03-20 00:00:00-04:00,38.27000045776367,38.470001220703125,35.400001525878906,35.599998474121094,29.48593521118164,48582500,0.0,0.0
2020-03-23 00:00:00-04:00,35.5099983215332,35.81999969482422,33.7400016784668,34.599998474121094,28.657678604125977,39823400,0.0,0.0
2020-03-24 00:00:00-04:00,36.40999984741211,38.68000030517578,35.540000915527344,38.599998474121094,31.97071075439453,48235600,0.0,0.0
2020-03-25 00:00:00-04:00,38.650001525878906,39.95000076293945,37.5,37.66999816894531,31.200420379638672,42873900,0.0,0.0
2020-03-26 00:00:00-04:00,37.970001220703125,40.91999816894531,37.369998931884766,40.58000183105469,33.61066818237305,38473300,0.0,0.0
2020-03-27 00:00:00-04:00,39.209999084472656,40.150001525878906,38.40999984741211,38.81999969482422,32.152931213378906,31278600,0.0,0.0
2020-03-30 00:00:00-04:00,39.45000076293945,40.4900016784668,38.959999084472656,40.31999969482422,33.39531707763672,27120300,0.0,0.0
2020-03-31 00:00:00-04:00,40.130001068115234,40.41999816894531,39.11000061035156,39.310001373291016,32.558773040771484,26014200,0.0,0.0
2020-04-01 00:00:00-04:00,38.16999816894531,38.86000061035156,37.869998931884766,38.33000183105469,31.747072219848633,26790700,0.0,0.0
2020-04-02 00:00:00-04:00,37.84000015258789,39.95000076293945,37.470001220703125,39.79999923706055,33.277156829833984,28180500,0.36,0.0
2020-04-03 00:00:00-04:00,39.81999969482422,40.290000915527344,38.540000915527344,39.060001373291016,32.65843200683594,21235200,0.0,0.0
2020-04-06 00:00:00-04:00,40.459999084472656,41.68000030517578,39.779998779296875,41.43000030517578,34.6400146484375,31641400,0.0,0.0
2020-04-07 00:00:00-04:00,42.65999984741211,42.7400016784668,40.59000015258789,40.63999938964844,33.979488372802734,30366100,0.0,0.0
2020-04-08 00:00:00-04:00,41.16999816894531,42.20000076293945,40.869998931884766,41.7400016784668,34.89921188354492,22683500,0.0,0.0
2020-04-09 00:00:00-04:00,42.09000015258789,42.20000076293945,40.849998474121094,41.20000076293945,34.447715759277344,27643900,0.0,0.0
2020-04-13 00:00:00-04:00,41.040000915527344,41.459999084472656,40.529998779296875,41.220001220703125,34.464439392089844,19592000,0.0,0.0
2020-04-14 00:00:00-04:00,41.90999984741211,42.81999969482422,41.529998779296875,42.779998779296875,35.76876449584961,22882400,0.0,0.0
2020-04-15 00:00:00-04:00,42.20000076293945,42.369998931884766,41.22999954223633,41.52000045776367,34.71527099609375,18428800,0.0,0.0
2020-04-16 00:00:00-04:00,41.7599983215332,41.790000915527344,40.68000030517578,41.5,34.698551177978516,26178000,0.0,0.0
2020-04-17 00:00:00-04:00,42.25,42.63999938964844,41.7400016784668,42.47999954223633,35.51792526245117,30701500,0.0,0.0
2020-04-20 00:00:00-04:00,41.91999816894531,43.290000915527344,41.790000915527344,42.540000915527344,35.56809616088867,23438800,0.0,0.0
2020-04-21 00:00:00-04:00,41.83000183105469,41.9900016784668,40.40999984741211,40.54999923706055,33.904239654541016,31661000,0.0,0.0
2020-04-22 00:00:00-04:00,41.27000045776367,42.09000015258789,41.11000061035156,41.7599983215332,34.915924072265625,18330700,0.0,0.0
2020-04-23 00:00:00-04:00,41.88999938964844,42.54999923706055,41.529998779296875,41.619998931884766,34.798885345458984,16100200,0.0,0.0
2020-04-24 00:00:00-04:00,41.84000015258789,42.65999984741211,41.650001525878906,42.52000045776367,35.5513801574707,14639200,0.0,0.0
2020-04-27 00:00:00-04:00,42.70000076293945,43.220001220703125,42.58000183105469,43.060001373291016,36.00288772583008,17937900,0.0,0.0
2020-04-28 00:00:00-04:00,43.5,43.630001068115234,42.40999984741211,42.4900016784668,35.52629852294922,16427700,0.0,0.0
2020-04-29 00:00:00-04:00,43.349998474121094,43.47999954223633,42.93000030517578,43.34000015258789,36.236995697021484,17430100,0.0,0.0
2020-04-30 00:00:00-04:00,43.16999816894531,43.16999816894531,42.16999816894531,42.380001068115234,35.434326171875,26679900,0.0,0.0
2020-05-01 00:00:00-04:00,41.720001220703125,41.810001373291016,40.77000045776367,40.91999816894531,34.21359634399414,22095300,0.0,0.0
2020-05-04 00:00:00-04:00,40.95000076293945,41.40999984741211,40.4900016784668,41.349998474121094,34.573123931884766,15997700,0.0,0.0
2020-05-05 00:00:00-04:00,41.61000061035156,41.93000030517578,41.38999938964844,41.459999084472656,34.665103912353516,15060200,0.0,0.0
2020-05-06 00:00:00-04:00,41.560001373291016,41.689998626708984,40.970001220703125,41.150001525878906,34.40590286254883,16040300,0.0,0.0
2020-05-07 00:00:00-04:00,41.59000015258789,41.77000045776367,41.220001220703125,41.369998931884766,34.58985900878906,20173600,0.0,0.0
2020-05-08 00:00:00-04:00,42.02000045776367,43.02000045776367,41.70000076293945,42.9900016784668,35.94435119628906,21959100,0.0,0.0
2020-05-11 00:00:00-04:00,42.779998779296875,43.650001525878906,42.61000061035156,43.31999969482422,36.220272064208984,26182700,0.0,0.0
2020-05-12 00:00:00-04:00,43.939998626708984,44.29999923706055,43.189998626708984,43.220001220703125,36.13665771484375,25817100,0.0,0.0
2020-05-13 00:00:00-04:00,43.40999984741211,43.56999969482422,41.310001373291016,41.95000076293945,35.074806213378906,36986700,0.0,0.0
2020-05-14 00:00:00-04:00,43.43000030517578,44.58000183105469,43.2599983215332,43.849998474121094,36.66339874267578,50417700,0.0,0.0
2020-05-15 00:00:00-04:00,42.93000030517578,44.380001068115234,42.849998474121094,44.27000045776367,37.01456832885742,30573000,0.0,0.0
2020-05-18 00:00:00-04:00,45.209999084472656,45.29999923706055,44.33000183105469,45.060001373291016,37.67509841918945,26966500,0.0,0.0
2020-05-19 00:00:00-04:00,44.83000183105469,44.97999954223633,44.40999984741211,44.61000061035156,37.298851013183594,24345400,0.0,0.0
2020-05-20 00:00:00-04:00,45.04999923706055,45.81999969482422,45.029998779296875,45.439998626708984,37.992820739746094,20184500,0.0,0.0
2020-05-21 00:00:00-04:00,45.45000076293945,45.65999984741211,44.560001373291016,44.63999938964844,37.32394027709961,18674900,0.0,0.0
2020-05-22 00:00:00-04:00,44.66999816894531,44.95000076293945,44.119998931884766,44.900001525878906,37.541316986083984,12592800,0.0,0.0
2020-05-26 00:00:00-04:00,45.779998779296875,45.79999923706055,44.68000030517578,44.84000015258789,37.49116134643555,21776900,0.0,0.0
2020-05-27 00:00:00-04:00,45.040000915527344,45.97999954223633,44.79999923706055,45.959999084472656,38.4276008605957,22157200,0.0,0.0
2020-05-28 00:00:00-04:00,45.900001525878906,46.459999084472656,45.369998931884766,45.599998474121094,38.1265983581543,20013000,0.0,0.0
2020-05-29 00:00:00-04:00,46.040000915527344,47.81999969482422,45.40999984741211,47.81999969482422,39.982757568359375,43553600,0.0,0.0
2020-06-01 00:00:00-04:00,47.150001525878906,47.290000915527344,46.22999954223633,46.29999923706055,38.71186447143555,18712400,0.0,0.0
2020-06-02 00:00:00-04:00,46.400001525878906,46.900001525878906,45.880001068115234,46.88999938964844,39.20518112182617,17285900,0.0,0.0
2020-06-03 00:00:00-04:00,46.97999954223633,47.20000076293945,46.540000915527344,46.939998626708984,39.246978759765625,17492000,0.0,0.0
2020-06-04 00:00:00-04:00,46.77000045776367,47.25,46.529998779296875,46.86000061035156,39.18009948730469,14100700,0.0,0.0
2020-06-05 00:00:00-04:00,47.27000045776367,48.290000915527344,47.20000076293945,47.83000183105469,39.991111755371094,22591100,0.0,0.0
2020-06-08 00:00:00-04:00,47.459999084472656,48.15999984741211,47.119998931884766,48.130001068115234,40.24195098876953,17820900,0.0,0.0
2020-06-09 00:00:00-04:00,48.02000045776367,48.2400016784668,47.4900016784668,48.04999923706055,40.17506408691406,18597300,0.0,0.0
2020-06-10 00:00:00-04:00,47.65999984741211,47.83000183105469,47.119998931884766,47.41999816894531,39.648311614990234,18462400,0.0,0.0
2020-06-11 00:00:00-04:00,46.9900016784668,47.0,43.63999938964844,43.66999816894531,36.51290512084961,35582000,0.0,0.0
2020-06-12 00:00:00-04:00,44.959999084472656,45.86000061035156,44.11000061035156,45.06999969482422,37.68345260620117,26125600,0.0,0.0
2020-06-15 00:00:00-04:00,44.119998931884766,45.7599983215332,43.93000030517578,45.349998474121094,37.917572021484375,21300100,0.0,0.0
2020-06-16 00:00:00-04:00,47.40999984741211,47.4900016784668,45.90999984741211,46.47999954223633,38.86237335205078,28074600,0.0,0.0
2020-06-17 00:00:00-04:00,46.75,46.81999969482422,45.900001525878906,46.16999816894531,38.60316848754883,20399100,0.0,0.0
2020-06-18 00:00:00-04:00,45.790000915527344,46.04999923706055,45.349998474121094,45.83000183105469,38.318904876708984,22423500,0.0,0.0
2020-06-19 00:00:00-04:00,46.2599983215332,46.5099983215332,45.04999923706055,45.31999969482422,37.89248275756836,36103200,0.0,0.0
2020-06-22 00:00:00-04:00,45.11000061035156,45.459999084472656,44.810001373291016,45.15999984741211,37.75872039794922,18398600,0.0,0.0
2020-06-23 00:00:00-04:00,45.91999816894531,46.150001525878906,45.31999969482422,45.470001220703125,38.01789855957031,23222400,0.0,0.0
2020-06-24 00:00:00-04:00,45.290000915527344,45.470001220703125,44.38999938964844,44.75,37.415897369384766,22840100,0.0,0.0
2020-06-25 00:00:00-04:00,44.77000045776367,45.31999969482422,44.20000076293945,45.220001220703125,37.808876037597656,19114900,0.0,0.0
2020-06-26 00:00:00-04:00,45.119998931884766,46.5099983215332,44.630001068115234,46.310001373291016,38.72023391723633,106928300,0.0,0.0
2020-06-29 00:00:00-04:00,46.34000015258789,46.45000076293945,45.66999816894531,46.150001525878906,38.58646011352539,23875400,0.0,0.0
2020-06-30 00:00:00-04:00,46.150001525878906,47.0099983215332,46.099998474121094,46.63999938964844,38.996150970458984,21888800,0.0,0.0
2020-07-01 00:00:00-04:00,46.540000915527344,46.720001220703125,46.0,46.060001373291016,38.511207580566406,17129500,0.0,0.0
2020-07-02 00:00:00-04:00,46.06999969482422,46.220001220703125,45.47999954223633,45.630001068115234,38.452213287353516,19632000,0.36,0.0
2020-07-06 00:00:00-04:00,46.06999969482422,46.4900016784668,45.869998931884766,46.41999816894531,39.117942810058594,16152900,0.0,0.0
2020-07-07 00:00:00-04:00,46.119998931884766,46.290000915527344,45.560001373291016,45.630001068115234,38.452213287353516,17102800,0.0,0.0
2020-07-08 00:00:00-04:00,45.59000015258789,46.06999969482422,45.31999969482422,45.810001373291016,38.603904724121094,15020800,0.0,0.0
2020-07-09 00:00:00-04:00,46.599998474121094,47.20000076293945,46.220001220703125,46.70000076293945,39.35390853881836,26027700,0.0,0.0
2020-07-10 00:00:00-04:00,46.72999954223633,46.91999816894531,46.2400016784668,46.65999984741211,39.320194244384766,13775700,0.0,0.0
2020-07-13 00:00:00-04:00,46.869998931884766,46.9900016784668,45.779998779296875,45.93000030517578,38.70503234863281,17965500,0.0,0.0
2020-07-14 00:00:00-04:00,45.4900016784668,46.5,45.40999984741211,46.2599983215332,38.98311233520508,19303500,0.0,0.0
2020-07-15 00:00:00-04:00,46.5,46.83000183105469,45.9900016784668,46.400001525878906,39.101097106933594,15705000,0.0,0.0
2020-07-16 00:00:00-04:00,45.70000076293945,45.83000183105469,45.20000076293945,45.779998779296875,38.57862091064453,17709400,0.0,0.0
2020-07-17 00:00:00-04:00,46.040000915527344,46.93000030517578,45.880001068115234,46.75,39.39603805541992,20389700,0.0,0.0
2020-07-20 00:00:00-04:00,46.66999816894531,47.099998474121094,46.2599983215332,46.970001220703125,39.58143615722656,15966500,0.0,0.0
2020-07-21 00:00:00-04:00,47.279998779296875,47.33000183105469,46.849998474121094,47.02000045776367,39.623558044433594,16044700,0.0,0.0
2020-07-22 00:00:00-04:00,47.02000045776367,47.11000061035156,46.529998779296875,46.900001525878906,39.522438049316406,27218300,0.0,0.0
2020-07-23 00:00:00-04:00,46.97999954223633,47.70000076293945,46.68000030517578,47.40999984741211,39.95220947265625,23750200,0.0,0.0
2020-07-24 00:00:00-04:00,47.4900016784668,47.63999938964844,46.11000061035156,46.400001525878906,39.101097106933594,16983600,0.0,0.0
2020-07-27 00:00:00-04:00,46.65999984741211,47.2599983215332,46.150001525878906,47.189998626708984,39.76681137084961,15576000,0.0,0.0
2020-07-28 00:00:00-04:00,46.97999954223633,47.08000183105469,46.209999084472656,46.279998779296875,38.99996566772461,13975300,0.0,0.0
2020-07-29 00:00:00-04:00,46.400001525878906,46.880001068115234,46.369998931884766,46.709999084472656,39.362327575683594,11618200,0.0,0.0
2020-07-30 00:00:00-04:00,46.130001068115234,46.459999084472656,45.380001068115234,46.439998626708984,39.13480758666992,15385100,0.0,0.0
2020-07-31 00:00:00-04:00,46.38999938964844,47.11000061035156,45.86000061035156,47.099998474121094,39.69098663330078,17701100,0.0,0.0
2020-08-03 00:00:00-04:00,47.13999938964844,47.36000061035156,46.68000030517578,47.15999984741211,39.74154281616211,14141100,0.0,0.0
2020-08-04 00:00:00-04:00,47.0099983215332,47.66999816894531,46.90999984741211,47.66999816894531,40.171321868896484,12839500,0.0,0.0
2020-08-05 00:00:00-04:00,47.66999816894531,47.72999954223633,47.04999923706055,47.33000183105469,39.88479995727539,13075600,0.0,0.0
2020-08-06 00:00:00-04:00,47.22999954223633,47.83000183105469,47.099998474121094,47.77000045776367,40.255584716796875,14190900,0.0,0.0
2020-08-07 00:00:00-04:00,47.33000183105469,47.599998474121094,47.029998779296875,47.43000030517578,39.96906280517578,17054300,0.0,0.0
2020-08-10 00:00:00-04:00,47.15999984741211,48.0,47.15999984741211,47.72999954223633,40.22187805175781,14999200,0.0,0.0
2020-08-11 00:00:00-04:00,47.900001525878906,48.45000076293945,47.09000015258789,47.189998626708984,39.76681137084961,18859600,0.0,0.0
2020-08-12 00:00:00-04:00,47.279998779296875,48.130001068115234,47.27000045776367,48.099998474121094,40.53367233276367,26823700,0.0,0.0
2020-08-13 00:00:00-04:00,43.790000915527344,43.84000015258789,42.380001068115234,42.720001220703125,35.999969482421875,91849500,0.0,0.0
2020-08-14 00:00:00-04:00,42.4900016784668,42.880001068115234,42.27000045776367,42.5,35.814579010009766,32539500,0.0,0.0
2020-08-17 00:00:00-04:00,42.54999923706055,42.7599983215332,41.86000061035156,42.09000015258789,35.46907424926758,30511700,0.0,0.0
2020-08-18 00:00:00-04:00,42.130001068115234,42.290000915527344,41.810001373291016,41.97999954223633,35.37637710571289,23344600,0.0,0.0
2020-08-19 00:00:00-04:00,42.099998474121094,42.349998474121094,41.779998779296875,41.869998931884766,35.2836799621582,20097400,0.0,0.0
2020-08-20 00:00:00-04:00,41.869998931884766,42.41999816894531,41.72999954223633,42.310001373291016,35.65446090698242,18443900,0.0,0.0
2020-08-21 00:00:00-04:00,42.04999923706055,42.29999923706055,41.810001373291016,42.25,35.603904724121094,17389600,0.0,0.0
2020-08-24 00:00:00-04:00,42.06999969482422,42.470001220703125,42.0,42.18000030517578,35.5449104309082,17742900,0.0,0.0
2020-08-25 00:00:00-04:00,42.22999954223633,42.29999923706055,41.779998779296875,41.959999084472656,35.359519958496094,15417400,0.0,0.0
2020-08-26 00:00:00-04:00,41.650001525878906,42.279998779296875,41.45000076293945,42.25,35.603904724121094,21625800,0.0,0.0
2020-08-27 00:00:00-04:00,42.400001525878906,42.470001220703125,42.02000045776367,42.290000915527344,35.63760757446289,22456800,0.0,0.0
2020-08-28 00:00:00-04:00,42.13999938964844,42.29999923706055,42.0,42.20000076293945,35.56177520751953,16573600,0.0,0.0
2020-08-31 00:00:00-04:00,42.099998474121094,42.349998474121094,41.939998626708984,42.220001220703125,35.57862854003906,21298000,0.0,0.0
2020-09-01 00:00:00-04:00,42.0,42.06999969482422,41.5,42.029998779296875,35.41850662231445,23325100,0.0,0.0
2020-09-02 00:00:00-04:00,42.040000915527344,42.689998626708984,42.029998779296875,42.41999816894531,35.747169494628906,30045700,0.0,0.0
2020-09-03 00:00:00-04:00,41.75,41.83000183105469,40.66999816894531,40.95000076293945,34.508399963378906,39288100,0.0,0.0
2020-09-04 00:00:00-04:00,41.20000076293945,41.43000030517578,40.439998626708984,40.81999969482422,34.39884567260742,34867400,0.0,0.0
2020-09-08 00:00:00-04:00,40.04999923706055,40.61000061035156,39.970001220703125,40.0,33.70783615112305,29101800,0.0,0.0
2020-09-09 00:00:00-04:00,40.099998474121094,40.47999954223633,39.720001220703125,40.130001068115234,33.8173942565918,23351600,0.0,0.0
2020-09-10 00:00:00-04:00,40.029998779296875,40.63999938964844,39.41999816894531,39.56999969482422,33.34547424316406,25108800,0.0,0.0
2020-09-11 00:00:00-04:00,39.77000045776367,40.04999923706055,39.52000045776367,39.880001068115234,33.60671615600586,21853000,0.0,0.0
2020-09-14 00:00:00-04:00,40.220001220703125,40.63999938964844,40.04999923706055,40.369998931884766,34.01963424682617,19866700,0.0,0.0
2020-09-15 00:00:00-04:00,40.5099983215332,40.84000015258789,40.380001068115234,40.599998474121094,34.213462829589844,19024100,0.0,0.0
2020-09-16 00:00:00-04:00,40.720001220703125,41.16999816894531,40.38999938964844,40.41999816894531,34.061771392822266,24310200,0.0,0.0
2020-09-17 00:00:00-04:00,39.65999984741211,40.400001525878906,39.5099983215332,40.369998931884766,34.01963424682617,22225900,0.0,0.0
2020-09-18 00:00:00-04:00,40.18000030517578,40.31999969482422,39.58000183105469,39.810001373291016,33.5477294921875,44450800,0.0,0.0
2020-09-21 00:00:00-04:00,39.310001373291016,39.470001220703125,38.689998626708984,39.040000915527344,32.89884948730469,28495000,0.0,0.0
2020-09-22 00:00:00-04:00,39.18000030517578,39.459999084472656,38.880001068115234,39.31999969482422,33.13481521606445,17656800,0.0,0.0
2020-09-23 00:00:00-04:00,39.22999954223633,39.38999938964844,38.18000030517578,38.279998779296875,32.25839614868164,24843200,0.0,0.0
2020-09-24 00:00:00-04:00,38.0,38.15999984741211,37.599998474121094,37.849998474121094,31.896028518676758,30910400,0.0,0.0
2020-09-25 00:00:00-04:00,37.7599983215332,38.540000915527344,37.619998931884766,38.45000076293945,32.40165710449219,22966600,0.0,0.0
2020-09-28 00:00:00-04:00,39.20000076293945,39.290000915527344,38.790000915527344,39.130001068115234,32.97469711303711,24275700,0.0,0.0
2020-09-29 00:00:00-04:00,39.06999969482422,39.380001068115234,38.83000183105469,39.060001373291016,32.91569900512695,16353700,0.0,0.0
2020-09-30 00:00:00-04:00,39.09000015258789,39.70000076293945,39.02000045776367,39.38999938964844,33.19379425048828,27113200,0.0,0.0
2020-10-01 00:00:00-04:00,39.099998474121094,39.310001373291016,38.56999969482422,38.79999923706055,32.99819564819336,20763500,0.36,0.0
2020-10-02 00:00:00-04:00,38.04999923706055,38.54999923706055,37.970001220703125,38.27000045776367,32.547447204589844,24493000,0.0,0.0
2020-10-05 00:00:00-04:00,38.47999954223633,38.790000915527344,38.279998779296875,38.56999969482422,32.802589416503906,26929100,0.0,0.0
2020-10-06 00:00:00-04:00,38.5,39.349998474121094,38.400001525878906,38.56999969482422,32.802589416503906,28430800,0.0,0.0
2020-10-07 00:00:00-04:00,38.97999954223633,39.58000183105469,38.779998779296875,39.400001525878906,33.50846862792969,20593700,0.0,0.0
2020-10-08 00:00:00-04:00,39.79999923706055,40.18000030517578,39.65999984741211,39.790000915527344,33.84014892578125,19031300,0.0,0.0
2020-10-09 00:00:00-04:00,40.150001525878906,40.22999954223633,39.720001220703125,39.849998474121094,33.89117431640625,16167500,0.0,0.0
2020-10-12 00:00:00-04:00,39.93000030517578,40.529998779296875,39.630001068115234,40.36000061035156,34.32490921020508,22757200,0.0,0.0
2020-10-13 00:00:00-04:00,40.540000915527344,40.61000061035156,39.709999084472656,39.810001373291016,33.8571662902832,23438300,0.0,0.0
2020-10-14 00:00:00-04:00,39.849998474121094,40.41999816894531,39.7599983215332,39.88999938964844,33.925201416015625,16439100,0.0,0.0
2020-10-15 00:00:00-04:00,39.470001220703125,40.0,39.349998474121094,39.970001220703125,33.99324035644531,15451400,0.0,0.0
2020-10-16 00:00:00-04:00,39.880001068115234,40.29999923706055,39.54999923706055,40.15999984741211,34.15482711791992,21292500,0.0,0.0
2020-10-19 00:00:00-04:00,40.150001525878906,40.380001068115234,39.15999984741211,39.29999923706055,33.42342758178711,19600500,0.0,0.0
2020-10-20 00:00:00-04:00,39.439998626708984,39.5099983215332,39.029998779296875,39.20000076293945,33.338375091552734,16564900,0.0,0.0
2020-10-21 00:00:00-04:00,39.310001373291016,39.56999969482422,38.97999954223633,39.060001373291016,33.21930694580078,17016300,0.0,0.0
2020-10-22 00:00:00-04:00,38.849998474121094,38.959999084472656,38.380001068115234,38.81999969482422,33.015193939208984,20399000,0.0,0.0
2020-10-23 00:00:00-04:00,38.93000030517578,38.970001220703125,38.650001525878906,38.81999969482422,33.015193939208984,15556100,0.0,0.0
2020-10-26 00:00:00-04:00,38.400001525878906,38.43000030517578,37.150001525878906,37.66999816894531,32.03715896606445,29146500,0.0,0.0
2020-10-27 00:00:00-04:00,37.380001068115234,37.5,36.59000015258789,36.869998931884766,31.356781005859375,37911500,0.0,0.0
2020-10-28 00:00:00-04:00,36.31999969482422,36.5099983215332,35.68000030517578,35.709999084472656,30.370235443115234,34561500,0.0,0.0
2020-10-29 00:00:00-04:00,35.5099983215332,36.06999969482422,35.279998779296875,35.689998626708984,30.35321807861328,35332000,0.0,0.0
2020-10-30 00:00:00-04:00,35.599998474121094,35.93000030517578,35.4900016784668,35.900001525878906,30.531831741333008,29151200,0.0,0.0
2020-11-02 00:00:00-05:00,36.189998626708984,36.349998474121094,35.66999816894531,35.900001525878906,30.531831741333008,23483100,0.0,0.0
2020-11-03 00:00:00-05:00,36.36000061035156,37.33000183105469,36.29999923706055,36.68000030517578,31.195192337036133,27342900,0.0,0.0
2020-11-04 00:00:00-05:00,37.029998779296875,37.29999923706055,36.5,36.56999969482422,31.101638793945312,30121900,0.0,0.0
2020-11-05 00:00:00-05:00,37.02000045776367,37.29999923706055,36.90999984741211,37.22999954223633,31.662939071655273,23149700,0.0,0.0
2020-11-06 00:00:00-05:00,37.560001373291016,37.599998474121094,37.08000183105469,37.529998779296875,31.918094635009766,19475300,0.0,0.0
2020-11-09 00:00:00-05:00,39.91999816894531,40.22999954223633,38.119998931884766,38.20000076293945,32.48790740966797,42649500,0.0,0.0
2020-11-10 00:00:00-05:00,38.209999084472656,39.029998779296875,38.16999816894531,38.720001220703125,32.93014144897461,31514500,0.0,0.0
2020-11-11 00:00:00-05:00,39.0099983215332,39.45000076293945,38.439998626708984,39.33000183105469,33.448944091796875,27332800,0.0,0.0
2020-11-12 00:00:00-05:00,38.97999954223633,39.38999938964844,38.400001525878906,38.66999816894531,32.88762283325195,29368300,0.0,0.0
2020-11-13 00:00:00-05:00,41.20000076293945,41.52000045776367,40.560001373291016,41.400001525878906,35.20941162109375,49106400,0.0,0.0
2020-11-16 00:00:00-05:00,41.7400016784668,42.59000015258789,41.349998474121094,42.540000915527344,36.17893981933594,34572600,0.0,0.0
2020-11-17 00:00:00-05:00,41.91999816894531,42.349998474121094,41.619998931884766,41.880001068115234,35.61763381958008,23140900,0.0,0.0
2020-11-18 00:00:00-05:00,41.900001525878906,42.2400016784668,41.2599983215332,41.31999969482422,35.14136505126953,21327700,0.0,0.0
2020-11-19 00:00:00-05:00,41.0,41.369998931884766,40.77000045776367,41.16999816894531,35.013790130615234,22177700,0.0,0.0
2020-11-20 00:00:00-05:00,41.04999923706055,41.38999938964844,40.91999816894531,40.970001220703125,34.84370422363281,19776300,0.0,0.0
2020-11-23 00:00:00-05:00,41.029998779296875,41.79999923706055,41.02000045776367,41.63999938964844,35.413516998291016,19651400,0.0,0.0
2020-11-24 00:00:00-05:00,42.13999938964844,42.709999084472656,41.900001525878906,42.61000061035156,36.23847579956055,22849700,0.0,0.0
2020-11-25 00:00:00-05:00,42.779998779296875,42.79999923706055,42.209999084472656,42.5,36.144920349121094,22617700,0.0,0.0
2020-11-27 00:00:00-05:00,42.86000061035156,42.97999954223633,42.63999938964844,42.70000076293945,36.31501770019531,10769500,0.0,0.0
2020-11-30 00:00:00-05:00,42.439998626708984,43.04999923706055,42.40999984741211,43.02000045776367,36.587162017822266,34741600,0.0,0.0
2020-12-01 00:00:00-05:00,43.0099983215332,44.06999969482422,43.0099983215332,43.540000915527344,37.0294075012207,23942500,0.0,0.0
2020-12-02 00:00:00-05:00,43.38999938964844,43.959999084472656,43.349998474121094,43.88999938964844,37.32707595825195,17422200,0.0,0.0
2020-12-03 00:00:00-05:00,43.779998779296875,44.13999938964844,43.599998474121094,44.11000061035156,37.51417541503906,27710700,0.0,0.0
2020-12-04 00:00:00-05:00,43.88999938964844,44.5099983215332,43.88999938964844,44.380001068115234,37.743804931640625,17319800,0.0,0.0
2020-12-07 00:00:00-05:00,44.290000915527344,44.4900016784668,43.90999984741211,44.349998474121094,37.71827697753906,14086800,0.0,0.0
2020-12-08 00:00:00-05:00,44.209999084472656,44.529998779296875,43.93000030517578,44.369998931884766,37.735294342041016,13348500,0.0,0.0
2020-12-09 00:00:00-05:00,44.470001220703125,44.83000183105469,44.36000061035156,44.689998626708984,38.00745391845703,22679800,0.0,0.0
2020-12-10 00:00:00-05:00,44.540000915527344,44.61000061035156,44.11000061035156,44.31999969482422,37.69277572631836,17741500,0.0,0.0
2020-12-11 00:00:00-05:00,43.939998626708984,44.33000183105469,43.720001220703125,44.31999969482422,37.69277572631836,14577700,0.0,0.0
2020-12-14 00:00:00-05:00,44.27000045776367,44.90999984741211,44.150001525878906,44.2400016784668,37.62474060058594,16112300,0.0,0.0
2020-12-15 00:00:00-05:00,44.38999938964844,44.79999923706055,44.13999938964844,44.720001220703125,38.03296661376953,18159400,0.0,0.0
2020-12-16 00:00:00-05:00,44.70000076293945,45.13999938964844,44.529998779296875,44.720001220703125,38.03296661376953,16192000,0.0,0.0
2020-12-17 00:00:00-05:00,44.90999984741211,44.93000030517578,44.599998474121094,44.81999969482422,38.118011474609375,16141600,0.0,0.0
2020-12-18 00:00:00-05:00,44.900001525878906,45.56999969482422,44.77000045776367,45.439998626708984,38.645294189453125,41027000,0.0,0.0
2020-12-21 00:00:00-05:00,44.470001220703125,44.959999084472656,44.06999969482422,44.880001068115234,38.169036865234375,19865300,0.0,0.0
2020-12-22 00:00:00-05:00,44.439998626708984,45.06999969482422,44.439998626708984,44.689998626708984,38.00745391845703,16024000,0.0,0.0
2020-12-23 00:00:00-05:00,44.650001525878906,44.79999923706055,44.349998474121094,44.380001068115234,37.743804931640625,12032600,0.0,0.0
2020-12-24 00:00:00-05:00,44.45000076293945,44.59000015258789,44.22999954223633,44.540000915527344,37.8798828125,5720500,0.0,0.0
2020-12-28 00:00:00-05:00,44.93000030517578,45.34000015258789,44.720001220703125,44.91999816894531,38.20305633544922,13458400,0.0,0.0
2020-12-29 00:00:00-05:00,44.970001220703125,45.25,44.529998779296875,44.63999938964844,37.96493148803711,11829000,0.0,0.0
2020-12-30 00:00:00-05:00,44.7400016784668,45.060001373291016,44.439998626708984,44.47999954223633,37.82884979248047,11043100,0.0,0.0
2020-12-31 00:00:00-05:00,44.380001068115234,44.84000015258789,44.15999984741211,44.75,38.0584716796875,15105500,0.0,0.0
2021-01-04 00:00:00-05:00,44.310001373291016,44.369998931884766,43.349998474121094,43.959999084472656,37.6898078918457,24392500,0.36,0.0
2021-01-05 00:00:00-05:00,43.68000030517578,44.06999969482422,43.380001068115234,43.97999954223633,37.70695114135742,17763700,0.0,0.0
2021-01-06 00:00:00-05:00,44.130001068115234,44.869998931884766,43.88999938964844,44.400001525878906,38.067047119140625,21823100,0.0,0.0
2021-01-07 00:00:00-05:00,44.20000076293945,45.11000061035156,44.16999816894531,44.959999084472656,38.54717254638672,18218800,0.0,0.0
2021-01-08 00:00:00-05:00,44.47999954223633,45.40999984741211,44.25,45.060001373291016,38.632911682128906,20936300,0.0,0.0
2021-01-11 00:00:00-05:00,45.150001525878906,45.95000076293945,45.02000045776367,45.36000061035156,38.89012145996094,25058200,0.0,0.0
2021-01-12 00:00:00-05:00,45.29999923706055,45.93000030517578,44.959999084472656,45.790000915527344,39.2587890625,20145000,0.0,0.0
2021-01-13 00:00:00-05:00,45.290000915527344,45.970001220703125,45.18000030517578,45.36000061035156,38.89012145996094,19367300,0.0,0.0
2021-01-14 00:00:00-05:00,44.869998931884766,45.599998474121094,44.849998474121094,45.150001525878906,38.710086822509766,22333500,0.0,0.0
2021-01-15 00:00:00-05:00,44.959999084472656,45.650001525878906,44.880001068115234,45.43000030517578,38.95014190673828,30271700,0.0,0.0
2021-01-19 00:00:00-05:00,45.33000183105469,45.630001068115234,44.77000045776367,45.189998626708984,38.744361877441406,28868800,0.0,0.0
2021-01-20 00:00:00-05:00,45.33000183105469,45.5,45.13999938964844,45.34000015258789,38.87297821044922,16499400,0.0,0.0
2021-01-21 00:00:00-05:00,45.20000076293945,45.2400016784668,44.720001220703125,45.11000061035156,38.675785064697266,17488400,0.0,0.0
2021-01-22 00:00:00-05:00,44.75,44.88999938964844,44.22999954223633,44.77000045776367,38.3842658996582,14643400,0.0,0.0
2021-01-25 00:00:00-05:00,45.040000915527344,45.16999816894531,44.709999084472656,45.029998779296875,38.607181549072266,16581300,0.0,0.0
2021-01-26 00:00:00-05:00,44.88999938964844,45.349998474121094,44.77000045776367,45.2599983215332,38.80438232421875,13087800,0.0,0.0
2021-01-27 00:00:00-05:00,45.2400016784668,46.459999084472656,45.08000183105469,45.70000076293945,39.18162155151367,29634500,0.0,0.0
2021-01-28 00:00:00-05:00,45.90999984741211,46.27000045776367,45.29999923706055,45.34000015258789,38.87297821044922,21166000,0.0,0.0
2021-01-29 00:00:00-05:00,44.849998474121094,45.369998931884766,44.47999954223633,44.58000183105469,38.221370697021484,22608100,0.0,0.0
2021-02-01 00:00:00-05:00,44.91999816894531,45.630001068115234,44.65999984741211,45.400001525878906,38.924415588378906,16776900,0.0,0.0
2021-02-02 00:00:00-05:00,45.52000045776367,45.939998626708984,45.43000030517578,45.83000183105469,39.29308319091797,16520900,0.0,0.0
2021-02-03 00:00:00-05:00,45.75,46.15999984741211,45.540000915527344,45.77000045776367,39.24163818359375,13173600,0.0,0.0
2021-02-04 00:00:00-05:00,45.869998931884766,47.31999969482422,45.77000045776367,47.25,40.51054763793945,22285700,0.0,0.0
2021-02-05 00:00:00-05:00,47.56999969482422,48.34000015258789,47.5,48.08000183105469,41.2221565246582,25488600,0.0,0.0
2021-02-08 00:00:00-05:00,48.560001373291016,49.34000015258789,48.560001373291016,48.939998626708984,41.95949172973633,25215400,0.0,0.0
2021-02-09 00:00:00-05:00,48.77000045776367,48.83000183105469,48.40999984741211,48.5,41.582252502441406,24795000,0.0,0.0
2021-02-10 00:00:00-05:00,46.150001525878906,47.40999984741211,45.83000183105469,47.2400016784668,40.50196838378906,44540900,0.0,0.0
2021-02-11 00:00:00-05:00,47.349998474121094,47.90999984741211,47.20000076293945,47.58000183105469,40.79347229003906,18589900,0.0,0.0
2021-02-12 00:00:00-05:00,47.43000030517578,47.689998626708984,46.90999984741211,47.290000915527344,40.54483413696289,15239800,0.0,0.0
2021-02-16 00:00:00-05:00,47.2599983215332,47.2599983215332,46.400001525878906,46.5099983215332,39.8760871887207,18539000,0.0,0.0
2021-02-17 00:00:00-05:00,46.31999969482422,46.400001525878906,45.869998931884766,46.25,39.65317916870117,13296300,0.0,0.0
2021-02-18 00:00:00-05:00,46.38999938964844,46.400001525878906,45.689998626708984,46.34000015258789,39.7303352355957,16867500,0.0,0.0
2021-02-19 00:00:00-05:00,46.540000915527344,46.61000061035156,45.58000183105469,45.68000030517578,39.16447448730469,25117700,0.0,0.0
2021-02-22 00:00:00-05:00,45.290000915527344,45.68000030517578,44.81999969482422,45.43000030517578,38.95014190673828,21435800,0.0,0.0
2021-02-23 00:00:00-05:00,45.2599983215332,45.779998779296875,45.099998474121094,45.5099983215332,39.01872253417969,19714900,0.0,0.0
2021-02-24 00:00:00-05:00,45.2400016784668,45.79999923706055,45.040000915527344,45.7400016784668,39.21592330932617,17823600,0.0,0.0
2021-02-25 00:00:00-05:00,45.59000015258789,46.2400016784668,45.2400016784668,45.52000045776367,39.02729797363281,21916700,0.0,0.0
2021-02-26 00:00:00-05:00,45.58000183105469,45.779998779296875,44.7599983215332,44.869998931884766,38.47001266479492,22144900,0.0,0.0
2021-03-01 00:00:00-05:00,45.220001220703125,46.220001220703125,45.220001220703125,45.91999816894531,39.370243072509766,17394100,0.0,0.0
2021-03-02 00:00:00-05:00,45.93000030517578,46.08000183105469,45.41999816894531,45.52000045776367,39.02729797363281,14833000,0.0,0.0
2021-03-03 00:00:00-05:00,45.43000030517578,45.529998779296875,45.0,45.130001068115234,38.69293212890625,16851100,0.0,0.0
2021-03-04 00:00:00-05:00,45.13999938964844,45.470001220703125,44.150001525878906,44.560001373291016,38.20423889160156,24653500,0.0,0.0
2021-03-05 00:00:00-05:00,45.45000076293945,46.7400016784668,45.27000045776367,46.25,39.65317916870117,33197600,0.0,0.0
2021-03-08 00:00:00-05:00,46.2400016784668,48.400001525878906,46.20000076293945,47.5099983215332,40.73345184326172,34824500,0.0,0.0
2021-03-09 00:00:00-05:00,47.81999969482422,48.369998931884766,47.720001220703125,47.88999938964844,41.059261322021484,26512700,0.0,0.0
2021-03-10 00:00:00-05:00,48.470001220703125,48.790000915527344,48.189998626708984,48.290000915527344,41.40220260620117,19841500,0.0,0.0
2021-03-11 00:00:00-05:00,48.5099983215332,49.08000183105469,48.22999954223633,48.79999923706055,41.83945846557617,21976600,0.0,0.0
2021-03-12 00:00:00-05:00,48.810001373291016,48.9900016784668,48.470001220703125,48.81999969482422,41.856605529785156,15196500,0.0,0.0
2021-03-15 00:00:00-04:00,48.900001525878906,49.439998626708984,48.900001525878906,49.40999984741211,42.362449645996094,15523600,0.0,0.0
2021-03-16 00:00:00-04:00,49.189998626708984,49.7400016784668,49.189998626708984,49.66999816894531,42.585365295410156,17282300,0.0,0.0
2021-03-17 00:00:00-04:00,49.61000061035156,49.61000061035156,48.88999938964844,49.41999816894531,42.37102508544922,18326900,0.0,0.0
2021-03-18 00:00:00-04:00,48.52000045776367,49.56999969482422,48.52000045776367,48.79999923706055,41.83945846557617,18416900,0.0,0.0
2021-03-19 00:00:00-04:00,48.709999084472656,49.220001220703125,48.31999969482422,48.97999954223633,41.99379348754883,65366800,0.0,0.0
2021-03-22 00:00:00-04:00,48.939998626708984,50.380001068115234,48.939998626708984,50.29999923706055,43.12550354003906,28813900,0.0,0.0
2021-03-23 00:00:00-04:00,50.02000045776367,50.68000030517578,49.900001525878906,50.0099983215332,42.87688064575195,28328200,0.0,0.0
2021-03-24 00:00:00-04:00,49.939998626708984,50.45000076293945,49.619998931884766,49.650001525878906,42.56822967529297,26444700,0.0,0.0
2021-03-25 00:00:00-04:00,50.58000183105469,51.400001525878906,50.290000915527344,50.5099983215332,43.3055534362793,34537700,0.0,0.0
2021-03-26 00:00:00-04:00,50.599998474121094,52.63999938964844,50.560001373291016,52.56999969482422,45.071739196777344,31997000,0.0,0.0
2021-03-29 00:00:00-04:00,52.400001525878906,52.939998626708984,52.279998779296875,52.52000045776367,45.02886199951172,25032800,0.0,0.0
2021-03-30 00:00:00-04:00,52.11000061035156,52.290000915527344,51.18000030517578,51.77000045776367,44.385833740234375,22465100,0.0,0.0
2021-03-31 00:00:00-04:00,51.83000183105469,52.04999923706055,51.54999923706055,51.709999084472656,44.33439254760742,22212400,0.0,0.0
2021-04-01 00:00:00-04:00,51.75,52.06999969482422,51.349998474121094,51.97999954223633,44.56589126586914,17896200,0.0,0.0
2021-04-05 00:00:00-04:00,51.630001068115234,52.91999816894531,51.630001068115234,52.40999984741211,45.256683349609375,19860900,0.37,0.0
2021-04-06 00:00:00-04:00,51.97999954223633,52.220001220703125,51.779998779296875,52.029998779296875,44.928558349609375,15126100,0.0,0.0
2021-04-07 00:00:00-04:00,52.0099983215332,52.13999938964844,51.58000183105469,51.77000045776367,44.704044342041016,15783600,0.0,0.0
2021-04-08 00:00:00-04:00,51.939998626708984,52.0,51.45000076293945,51.90999984741211,44.824928283691406,15111300,0.0,0.0
2021-04-09 00:00:00-04:00,51.83000183105469,52.150001525878906,51.68000030517578,52.09000015258789,44.98036575317383,13135800,0.0,0.0
2021-04-12 00:00:00-04:00,52.06999969482422,52.15999984741211,51.470001220703125,51.56999969482422,44.53135299682617,16441700,0.0,0.0
2021-04-13 00:00:00-04:00,51.63999938964844,51.880001068115234,51.34000015258789,51.65999984741211,44.60905075073242,13353200,0.0,0.0
2021-04-14 00:00:00-04:00,51.5099983215332,51.68000030517578,51.13999938964844,51.369998931884766,44.358646392822266,15376600,0.0,0.0
2021-04-15 00:00:00-04:00,51.7599983215332,51.939998626708984,51.369998931884766,51.63999938964844,44.59178161621094,17869800,0.0,0.0
2021-04-16 00:00:00-04:00,52.45000076293945,53.18000030517578,52.2599983215332,52.79999923706055,45.593467712402344,28327900,0.0,0.0
2021-04-19 00:00:00-04:00,52.529998779296875,52.959999084472656,52.4900016784668,52.849998474121094,45.63663864135742,20245600,0.0,0.0
2021-04-20 00:00:00-04:00,52.59000015258789,52.790000915527344,51.599998474121094,51.790000915527344,44.721309661865234,21257500,0.0,0.0
2021-04-21 00:00:00-04:00,51.84000015258789,52.06999969482422,51.47999954223633,51.93000030517578,44.84220886230469,14015500,0.0,0.0
2021-04-22 00:00:00-04:00,51.810001373291016,52.09000015258789,51.380001068115234,51.5,44.47090530395508,15564800,0.0,0.0
2021-04-23 00:00:00-04:00,51.5,52.130001068115234,51.18000030517578,51.90999984741211,44.824928283691406,14016800,0.0,0.0
2021-04-26 00:00:00-04:00,51.650001525878906,51.77000045776367,51.5,51.63999938964844,44.59178161621094,13778200,0.0,0.0
2021-04-27 00:00:00-04:00,51.58000183105469,51.66999816894531,51.349998474121094,51.369998931884766,44.358646392822266,13601000,0.0,0.0
2021-04-28 00:00:00-04:00,51.560001373291016,51.77000045776367,50.91999816894531,51.11000061035156,44.13412857055664,14984000,0.0,0.0
2021-04-29 00:00:00-04:00,51.18000030517578,51.599998474121094,50.97999954223633,51.459999084472656,44.43635940551758,13916600,0.0,0.0
2021-04-30 00:00:00-04:00,51.220001220703125,51.22999954223633,50.40999984741211,50.90999984741211,43.9614372253418,19930200,0.0,0.0
2021-05-03 00:00:00-04:00,51.209999084472656,51.400001525878906,50.810001373291016,51.16999816894531,44.18593978881836,13465900,0.0,0.0
2021-05-04 00:00:00-04:00,51.11000061035156,51.22999954223633,50.29999923706055,50.709999084472656,43.78873062133789,18164800,0.0,0.0
2021-05-05 00:00:00-04:00,50.9900016784668,51.25,50.68000030517578,51.130001068115234,44.15139389038086,16205300,0.0,0.0
2021-05-06 00:00:00-04:00,51.06999969482422,52.709999084472656,50.95000076293945,52.439998626708984,45.28260040283203,27106800,0.0,0.0
2021-05-07 00:00:00-04:00,52.47999954223633,53.68000030517578,52.220001220703125,53.43000030517578,46.13747787475586,24146000,0.0,0.0
2021-05-10 00:00:00-04:00,53.970001220703125,54.13999938964844,53.15999984741211,53.15999984741211,45.90433120727539,23845600,0.0,0.0
2021-05-11 00:00:00-04:00,53.099998474121094,53.11000061035156,52.11000061035156,52.83000183105469,45.61936950683594,20220900,0.0,0.0
2021-05-12 00:00:00-04:00,52.18000030517578,52.43000030517578,51.470001220703125,51.599998474121094,44.557247161865234,22123300,0.0,0.0
2021-05-13 00:00:00-04:00,52.11000061035156,52.810001373291016,51.880001068115234,52.4900016784668,45.325775146484375,15864000,0.0,0.0
2021-05-14 00:00:00-04:00,52.93000030517578,53.220001220703125,52.599998474121094,52.900001525878906,45.67982482910156,14789400,0.0,0.0
2021-05-17 00:00:00-04:00,52.7599983215332,53.150001525878906,52.68000030517578,52.939998626708984,45.71436309814453,15731000,0.0,0.0
2021-05-18 00:00:00-04:00,52.79999923706055,53.34000015258789,52.7400016784668,52.93000030517578,45.705726623535156,20177200,0.0,0.0
2021-05-19 00:00:00-04:00,51.880001068115234,52.65999984741211,51.86000061035156,52.470001220703125,45.308502197265625,29187900,0.0,0.0
2021-05-20 00:00:00-04:00,50.40999984741211,52.970001220703125,50.099998474121094,52.849998474121094,45.63663864135742,48830800,0.0,0.0
2021-05-21 00:00:00-04:00,52.77000045776367,52.93000030517578,52.2400016784668,52.43000030517578,45.273963928222656,24468400,0.0,0.0
2021-05-24 00:00:00-04:00,52.959999084472656,53.77000045776367,52.790000915527344,53.38999938964844,46.10293197631836,21128900,0.0,0.0
2021-05-25 00:00:00-04:00,53.369998931884766,53.58000183105469,53.13999938964844,53.310001373291016,46.03386306762695,20657200,0.0,0.0
2021-05-26 00:00:00-04:00,53.349998474121094,53.61000061035156,52.81999969482422,52.90999984741211,45.68844985961914,18671200,0.0,0.0
2021-05-27 00:00:00-04:00,52.93000030517578,53.349998474121094,52.58000183105469,52.91999816894531,45.697086334228516,56216100,0.0,0.0
2021-05-28 00:00:00-04:00,53.18000030517578,53.220001220703125,52.84000015258789,52.900001525878906,45.67982482910156,14863500,0.0,0.0
2021-06-01 00:00:00-04:00,52.959999084472656,53.31999969482422,52.43000030517578,52.619998931884766,45.43803787231445,15741700,0.0,0.0
2021-06-02 00:00:00-04:00,52.650001525878906,52.9900016784668,52.400001525878906,52.959999084472656,45.73162841796875,14529300,0.0,0.0
2021-06-03 00:00:00-04:00,52.79999923706055,53.560001373291016,52.619998931884766,53.33000183105469,46.051124572753906,17593100,0.0,0.0
2021-06-04 00:00:00-04:00,53.439998626708984,54.16999816894531,53.439998626708984,54.06999969482422,46.690120697021484,11676700,0.0,0.0
2021-06-07 00:00:00-04:00,54.31999969482422,54.439998626708984,53.790000915527344,53.91999816894531,46.56060028076172,14899800,0.0,0.0
2021-06-08 00:00:00-04:00,53.970001220703125,54.38999938964844,53.88999938964844,54.130001068115234,46.741943359375,15329700,0.0,0.0
2021-06-09 00:00:00-04:00,54.18000030517578,54.41999816894531,53.939998626708984,54.02000045776367,46.646949768066406,14860900,0.0,0.0
2021-06-10 00:00:00-04:00,54.43000030517578,55.08000183105469,54.27000045776367,55.029998779296875,47.51910400390625,22183500,0.0,0.0
2021-06-11 00:00:00-04:00,55.189998626708984,55.349998474121094,54.540000915527344,54.77000045776367,47.294586181640625,17134000,0.0,0.0
2021-06-14 00:00:00-04:00,54.38999938964844,54.529998779296875,53.529998779296875,54.16999816894531,46.77647399902344,15131400,0.0,0.0
2021-06-15 00:00:00-04:00,54.22999954223633,54.31999969482422,53.72999954223633,53.790000915527344,46.448341369628906,12542600,0.0,0.0
2021-06-16 00:00:00-04:00,53.849998474121094,53.91999816894531,53.130001068115234,53.470001220703125,46.17202377319336,15477900,0.0,0.0
2021-06-17 00:00:00-04:00,53.40999984741211,53.54999923706055,53.0099983215332,53.130001068115234,45.878421783447266,18288400,0.0,0.0
2021-06-18 00:00:00-04:00,52.810001373291016,52.84000015258789,51.880001068115234,52.06999969482422,44.96308898925781,35758300,0.0,0.0
2021-06-21 00:00:00-04:00,52.369998931884766,53.40999984741211,52.290000915527344,53.18000030517578,45.921600341796875,17682200,0.0,0.0
2021-06-22 00:00:00-04:00,53.29999923706055,53.36000061035156,52.810001373291016,53.2599983215332,45.99067306518555,16451200,0.0,0.0
2021-06-23 00:00:00-04:00,53.27000045776367,53.290000915527344,52.59000015258789,52.7599983215332,45.55892562866211,14749800,0.0,0.0
2021-06-24 00:00:00-04:00,52.939998626708984,53.04999923706055,52.61000061035156,52.779998779296875,45.57619094848633,13974300,0.0,0.0
2021-06-25 00:00:00-04:00,52.77000045776367,53.20000076293945,52.650001525878906,53.060001373291016,45.8179817199707,16682700,0.0,0.0
2021-06-28 00:00:00-04:00,53.15999984741211,53.290000915527344,52.91999816894531,52.959999084472656,45.73162841796875,14008700,0.0,0.0
2021-06-29 00:00:00-04:00,52.88999938964844,53.189998626708984,52.77000045776367,52.90999984741211,45.68844985961914,10926100,0.0,0.0
2021-06-30 00:00:00-04:00,52.95000076293945,53.06999969482422,52.619998931884766,53.0,45.76616668701172,15826400,0.0,0.0
2021-07-01 00:00:00-04:00,53.04999923706055,53.599998474121094,53.0,53.439998626708984,46.1461067199707,15074800,0.0,0.0
2021-07-02 00:00:00-04:00,53.189998626708984,53.619998931884766,52.84000015258789,53.540000915527344,46.554786682128906,15066000,0.37,0.0
2021-07-06 00:00:00-04:00,53.220001220703125,53.36000061035156,52.34000015258789,52.97999954223633,46.0678596496582,19394500,0.0,0.0
2021-07-07 00:00:00-04:00,53.06999969482422,53.29999923706055,52.66999816894531,53.2599983215332,46.31132125854492,14411600,0.0,0.0
2021-07-08 00:00:00-04:00,53.15999984741211,53.720001220703125,52.90999984741211,53.2599983215332,46.31132125854492,15691800,0.0,0.0
2021-07-09 00:00:00-04:00,53.36000061035156,53.93000030517578,53.290000915527344,53.7400016784668,46.72870635986328,14673400,0.0,0.0
2021-07-12 00:00:00-04:00,54.040000915527344,54.040000915527344,53.130001068115234,53.22999954223633,46.285240173339844,14000600,0.0,0.0
2021-07-13 00:00:00-04:00,53.34000015258789,53.58000183105469,53.20000076293945,53.31999969482422,46.363502502441406,9927400,0.0,0.0
2021-07-14 00:00:00-04:00,53.5,54.20000076293945,53.34000015258789,54.09000015258789,47.03303909301758,17113700,0.0,0.0
2021-07-15 00:00:00-04:00,53.84000015258789,53.869998931884766,53.2400016784668,53.650001525878906,46.65045166015625,14952400,0.0,0.0
2021-07-16 00:00:00-04:00,53.880001068115234,54.40999984741211,53.650001525878906,53.70000076293945,46.69392395019531,14144900,0.0,0.0
2021-07-19 00:00:00-04:00,53.66999816894531,53.70000076293945,52.72999954223633,53.060001373291016,46.13742446899414,19925300,0.0,0.0
2021-07-20 00:00:00-04:00,53.279998779296875,53.93000030517578,53.189998626708984,53.58000183105469,46.58957290649414,17250200,0.0,0.0
2021-07-21 00:00:00-04:00,53.81999969482422,53.900001525878906,53.41999816894531,53.880001068115234,46.85043716430664,14068600,0.0,0.0
2021-07-22 00:00:00-04:00,53.90999984741211,54.54999923706055,53.779998779296875,54.540000915527344,47.424339294433594,15729800,0.0,0.0
2021-07-23 00:00:00-04:00,54.88999938964844,55.34000015258789,54.5099983215332,55.22999954223633,48.0243034362793,13042500,0.0,0.0
2021-07-26 00:00:00-04:00,55.130001068115234,55.650001525878906,55.130001068115234,55.470001220703125,48.23298645019531,10097400,0.0,0.0
2021-07-27 00:00:00-04:00,55.380001068115234,55.40999984741211,54.790000915527344,55.279998779296875,48.06777572631836,14738700,0.0,0.0
2021-07-28 00:00:00-04:00,55.459999084472656,55.52000045776367,54.40999984741211,54.77000045776367,47.624324798583984,18835700,0.0,0.0
2021-07-29 00:00:00-04:00,55.0,55.349998474121094,54.900001525878906,55.06999969482422,47.88517379760742,10680200,0.0,0.0
2021-07-30 00:00:00-04:00,55.08000183105469,55.4900016784668,55.0099983215332,55.369998931884766,48.14603805541992,13438800,0.0,0.0
2021-08-02 00:00:00-04:00,55.599998474121094,55.939998626708984,55.2599983215332,55.45000076293945,48.215599060058594,12468800,0.0,0.0
2021-08-03 00:00:00-04:00,55.540000915527344,56.41999816894531,55.27000045776367,56.25,48.91122817993164,17357400,0.0,0.0
2021-08-04 00:00:00-04:00,56.369998931884766,56.369998931884766,55.470001220703125,55.689998626708984,48.42428970336914,11662400,0.0,0.0
2021-08-05 00:00:00-04:00,55.52000045776367,55.97999954223633,55.5,55.7599983215332,48.48515701293945,10785200,0.0,0.0
2021-08-06 00:00:00-04:00,55.470001220703125,55.95000076293945,55.150001525878906,55.59000015258789,48.33733367919922,18386100,0.0,0.0
2021-08-09 00:00:00-04:00,55.81999969482422,56.06999969482422,55.400001525878906,55.470001220703125,48.23298645019531,8707200,0.0,0.0
2021-08-10 00:00:00-04:00,55.5,55.66999816894531,55.25,55.61000061035156,48.354736328125,10441900,0.0,0.0
2021-08-11 00:00:00-04:00,55.88999938964844,56.0099983215332,55.599998474121094,55.86000061035156,48.57211685180664,12604500,0.0,0.0
2021-08-12 00:00:00-04:00,55.849998474121094,56.45000076293945,55.65999984741211,56.38999938964844,49.032958984375,11209700,0.0,0.0
2021-08-13 00:00:00-04:00,56.38999938964844,56.619998931884766,56.2599983215332,56.470001220703125,49.1025276184082,10841700,0.0,0.0
2021-08-16 00:00:00-04:00,56.29999923706055,56.43000030517578,55.93000030517578,56.279998779296875,48.937313079833984,14407400,0.0,0.0
2021-08-17 00:00:00-04:00,55.869998931884766,56.02000045776367,55.630001068115234,56.0099983215332,48.702545166015625,11987500,0.0,0.0
2021-08-18 00:00:00-04:00,55.790000915527344,56.13999938964844,55.029998779296875,55.150001525878906,47.954742431640625,17111700,0.0,0.0
2021-08-19 00:00:00-04:00,54.7599983215332,57.4900016784668,54.59000015258789,57.27000045776367,49.798152923583984,39881600,0.0,0.0
2021-08-20 00:00:00-04:00,57.25,58.34000015258789,56.849998474121094,58.220001220703125,50.624210357666016,21876500,0.0,0.0
2021-08-23 00:00:00-04:00,57.849998474121094,58.70000076293945,57.7400016784668,58.540000915527344,50.902462005615234,16225400,0.0,0.0
2021-08-24 00:00:00-04:00,58.4900016784668,59.43000030517578,58.43000030517578,59.31999969482422,51.580692291259766,17658300,0.0,0.0
2021-08-25 00:00:00-04:00,59.540000915527344,60.27000045776367,59.16999816894531,59.349998474121094,51.60676956176758,18069600,0.0,0.0
2021-08-26 00:00:00-04:00,59.41999816894531,59.630001068115234,58.9900016784668,59.20000076293945,51.476356506347656,13729400,0.0,0.0
2021-08-27 00:00:00-04:00,59.27000045776367,59.349998474121094,58.86000061035156,59.02000045776367,51.31983184814453,14795200,0.0,0.0
2021-08-30 00:00:00-04:00,58.97999954223633,59.220001220703125,58.79999923706055,59.130001068115234,51.41547775268555,11798600,0.0,0.0
2021-08-31 00:00:00-04:00,59.11000061035156,59.18000030517578,58.58000183105469,59.02000045776367,51.31983184814453,19873900,0.0,0.0
2021-09-01 00:00:00-04:00,59.02000045776367,59.13999938964844,58.65999984741211,59.040000915527344,51.33721923828125,11629700,0.0,0.0
2021-09-02 00:00:00-04:00,59.349998474121094,59.720001220703125,59.060001373291016,59.529998779296875,51.7632942199707,12855700,0.0,0.0
2021-09-03 00:00:00-04:00,59.33000183105469,59.65999984741211,59.279998779296875,59.41999816894531,51.66763687133789,9732200,0.0,0.0
2021-09-07 00:00:00-04:00,59.2400016784668,59.369998931884766,58.75,58.880001068115234,51.198097229003906,15503600,0.0,0.0
2021-09-08 00:00:00-04:00,58.54999923706055,58.93000030517578,58.4900016784668,58.68000030517578,51.024192810058594,13124500,0.0,0.0
2021-09-09 00:00:00-04:00,58.45000076293945,58.939998626708984,58.25,58.599998474121094,50.95462417602539,14958800,0.0,0.0
2021-09-10 00:00:00-04:00,58.75,58.95000076293945,57.81999969482422,57.88999938964844,50.337257385253906,13622100,0.0,0.0
2021-09-13 00:00:00-04:00,58.15999984741211,58.529998779296875,57.72999954223633,58.099998474121094,50.519866943359375,13553200,0.0,0.0
2021-09-14 00:00:00-04:00,58.2400016784668,58.470001220703125,57.65999984741211,57.869998931884766,50.31986999511719,12810300,0.0,0.0
2021-09-15 00:00:00-04:00,57.779998779296875,59.599998474121094,57.060001373291016,57.560001373291016,50.05031967163086,37524600,0.0,0.0
2021-09-16 00:00:00-04:00,58.310001373291016,58.81999969482422,57.130001068115234,57.33000183105469,49.850318908691406,24029600,0.0,0.0
2021-09-17 00:00:00-04:00,57.38999938964844,57.45000076293945,56.470001220703125,56.849998474121094,49.43294906616211,40262700,0.0,0.0
2021-09-20 00:00:00-04:00,56.380001068115234,56.400001525878906,55.290000915527344,55.88999938964844,48.59819793701172,21897000,0.0,0.0
2021-09-21 00:00:00-04:00,55.959999084472656,56.369998931884766,55.22999954223633,55.2599983215332,48.05039596557617,18700600,0.0,0.0
2021-09-22 00:00:00-04:00,55.7599983215332,56.130001068115234,55.369998931884766,55.52000045776367,48.27647018432617,17940600,0.0,0.0
2021-09-23 00:00:00-04:00,55.70000076293945,56.900001525878906,55.599998474121094,56.689998626708984,49.293819427490234,16262500,0.0,0.0
2021-09-24 00:00:00-04:00,56.45000076293945,56.810001373291016,56.220001220703125,56.72999954223633,49.3286018371582,13156400,0.0,0.0
2021-09-27 00:00:00-04:00,56.459999084472656,56.66999816894531,56.04999923706055,56.220001220703125,48.8851318359375,13859500,0.0,0.0
2021-09-28 00:00:00-04:00,55.779998779296875,55.9900016784668,55.40999984741211,55.52000045776367,48.27647018432617,17803200,0.0,0.0
2021-09-29 00:00:00-04:00,55.619998931884766,55.97999954223633,55.34000015258789,55.47999954223633,48.241695404052734,14051700,0.0,0.0
2021-09-30 00:00:00-04:00,55.79999923706055,55.900001525878906,54.40999984741211,54.43000030517578,47.32866668701172,18538000,0.0,0.0
2021-10-01 00:00:00-04:00,54.599998474121094,55.40999984741211,54.040000915527344,55.13999938964844,47.946041107177734,18338000,0.0,0.0
2021-10-04 00:00:00-04:00,54.5,54.68000030517578,53.95000076293945,54.22999954223633,47.473323822021484,17084100,0.37,0.0
2021-10-05 00:00:00-04:00,54.130001068115234,55.029998779296875,54.130001068115234,54.689998626708984,47.876014709472656,14135000,0.0,0.0
2021-10-06 00:00:00-04:00,54.349998474121094,54.380001068115234,52.97999954223633,53.939998626708984,47.21945571899414,26339200,0.0,0.0
2021-10-07 00:00:00-04:00,54.4900016784668,55.40999984741211,54.349998474121094,55.02000045776367,48.16489791870117,14725500,0.0,0.0
2021-10-08 00:00:00-04:00,55.20000076293945,55.29999923706055,54.75,55.08000183105469,48.2174186706543,9255500,0.0,0.0
2021-10-11 00:00:00-04:00,55.25,55.380001068115234,54.900001525878906,54.93000030517578,48.08610534667969,8117600,0.0,0.0
2021-10-12 00:00:00-04:00,54.9900016784668,55.060001373291016,54.06999969482422,54.279998779296875,47.51708984375,14241900,0.0,0.0
2021-10-13 00:00:00-04:00,54.31999969482422,54.75,54.08000183105469,54.619998931884766,47.81473159790039,13737100,0.0,0.0
2021-10-14 00:00:00-04:00,55.09000015258789,55.849998474121094,54.97999954223633,55.650001525878906,48.716400146484375,14455900,0.0,0.0
2021-10-15 00:00:00-04:00,55.88999938964844,55.88999938964844,54.959999084472656,55.25,48.36624526977539,15202200,0.0,0.0
2021-10-18 00:00:00-04:00,55.040000915527344,55.4900016784668,54.56999969482422,55.189998626708984,48.313716888427734,10989600,0.0,0.0
2021-10-19 00:00:00-04:00,55.290000915527344,55.779998779296875,55.029998779296875,55.7400016784668,48.795188903808594,13258400,0.0,0.0
2021-10-20 00:00:00-04:00,55.79999923706055,56.22999954223633,55.79999923706055,56.20000076293945,49.197872161865234,11613600,0.0,0.0
2021-10-21 00:00:00-04:00,56.040000915527344,56.119998931884766,55.529998779296875,55.689998626708984,48.75141143798828,12619900,0.0,0.0
2021-10-22 00:00:00-04:00,55.54999923706055,55.86000061035156,54.939998626708984,55.11000061035156,48.24368667602539,15026600,0.0,0.0
2021-10-25 00:00:00-04:00,55.11000061035156,55.41999816894531,54.810001373291016,55.13999938964844,48.269935607910156,10218900,0.0,0.0
2021-10-26 00:00:00-04:00,55.560001373291016,56.349998474121094,55.400001525878906,55.810001373291016,48.856468200683594,15250000,0.0,0.0
2021-10-27 00:00:00-04:00,56.130001068115234,56.720001220703125,55.93000030517578,56.18000030517578,49.18036651611328,16279000,0.0,0.0
2021-10-28 00:00:00-04:00,56.22999954223633,56.689998626708984,55.88999938964844,56.2400016784668,49.23289489746094,11209200,0.0,0.0
2021-10-29 00:00:00-04:00,56.31999969482422,56.58000183105469,55.86000061035156,55.970001220703125,48.99653625488281,13550400,0.0,0.0
2021-11-01 00:00:00-04:00,55.869998931884766,56.25,55.5,56.099998474121094,49.11033248901367,14341400,0.0,0.0
2021-11-02 00:00:00-04:00,56.369998931884766,57.869998931884766,56.279998779296875,57.619998931884766,50.44095230102539,22097900,0.0,0.0
2021-11-03 00:00:00-04:00,57.58000183105469,57.93000030517578,57.119998931884766,57.650001525878906,50.467220306396484,13219400,0.0,0.0
2021-11-04 00:00:00-04:00,57.599998474121094,57.689998626708984,56.560001373291016,57.119998931884766,50.00325393676758,18070400,0.0,0.0
2021-11-05 00:00:00-04:00,57.380001068115234,57.79999923706055,56.93000030517578,57.06999969482422,49.95948791503906,15637700,0.0,0.0
2021-11-08 00:00:00-05:00,57.099998474121094,57.52000045776367,56.59000015258789,57.0,49.8982048034668,15045300,0.0,0.0
2021-11-09 00:00:00-05:00,57.06999969482422,57.630001068115234,56.900001525878906,57.439998626708984,50.28337860107422,14459800,0.0,0.0
2021-11-10 00:00:00-05:00,57.900001525878906,58.630001068115234,57.689998626708984,57.77000045776367,50.572269439697266,17876300,0.0,0.0
2021-11-11 00:00:00-05:00,57.56999969482422,57.77000045776367,56.689998626708984,56.7599983215332,49.6880989074707,17440700,0.0,0.0
2021-11-12 00:00:00-05:00,56.970001220703125,57.150001525878906,56.310001373291016,56.81999969482422,49.74061584472656,16663600,0.0,0.0
2021-11-15 00:00:00-05:00,56.93000030517578,57.70000076293945,56.83000183105469,57.27000045776367,50.13457107543945,19041800,0.0,0.0
2021-11-16 00:00:00-05:00,57.2400016784668,58.08000183105469,56.93000030517578,57.0,49.8982048034668,21136900,0.0,0.0
2021-11-17 00:00:00-05:00,56.61000061035156,57.13999938964844,56.27000045776367,56.7599983215332,49.6880989074707,31496300,0.0,0.0
2021-11-18 00:00:00-05:00,52.72999954223633,53.93000030517578,51.08000183105469,53.630001068115234,46.94808578491211,70834000,0.0,0.0
2021-11-19 00:00:00-05:00,53.54999923706055,53.689998626708984,52.779998779296875,53.25,46.615421295166016,30030800,0.0,0.0
2021-11-22 00:00:00-05:00,53.349998474121094,55.529998779296875,53.29999923706055,54.599998474121094,47.797218322753906,39949300,0.0,0.0
2021-11-23 00:00:00-05:00,54.61000061035156,55.58000183105469,54.470001220703125,55.29999923706055,48.410003662109375,25653100,0.0,0.0
2021-11-24 00:00:00-05:00,55.150001525878906,55.75,55.150001525878906,55.540000915527344,48.62010955810547,19328700,0.0,0.0
2021-11-26 00:00:00-05:00,54.459999084472656,55.189998626708984,54.459999084472656,54.66999816894531,47.85850143432617,16730300,0.0,0.0
2021-11-29 00:00:00-05:00,55.13999938964844,56.189998626708984,54.83000183105469,55.7599983215332,48.81269454956055,25724500,0.0,0.0
2021-11-30 00:00:00-05:00,55.58000183105469,55.599998474121094,54.150001525878906,54.84000015258789,48.007320404052734,45141300,0.0,0.0
2021-12-01 00:00:00-05:00,55.529998779296875,56.380001068115234,54.93000030517578,55.029998779296875,48.17364501953125,24120500,0.0,0.0
2021-12-02 00:00:00-05:00,55.150001525878906,56.61000061035156,55.08000183105469,56.150001525878906,49.15410614013672,22384700,0.0,0.0
2021-12-03 00:00:00-05:00,56.29999923706055,56.81999969482422,55.66999816894531,56.22999954223633,49.22414779663086,26235400,0.0,0.0
2021-12-06 00:00:00-05:00,56.70000076293945,57.16999816894531,56.470001220703125,56.959999084472656,49.863182067871094,23172800,0.0,0.0
2021-12-07 00:00:00-05:00,57.099998474121094,58.220001220703125,57.0099983215332,58.08000183105469,50.84363555908203,24254800,0.0,0.0
2021-12-08 00:00:00-05:00,58.08000183105469,58.130001068115234,56.630001068115234,57.02000045776367,49.915706634521484,23631300,0.0,0.0
2021-12-09 00:00:00-05:00,57.20000076293945,57.83000183105469,56.93000030517578,57.54999923706055,50.37967300415039,16480200,0.0,0.0
2021-12-10 00:00:00-05:00,57.90999984741211,59.34000015258789,57.90999984741211,59.25,51.867862701416016,19901500,0.0,0.0
2021-12-13 00:00:00-05:00,59.099998474121094,59.5099983215332,58.540000915527344,58.61000061035156,51.30760955810547,18496300,0.0,0.0
2021-12-14 00:00:00-05:00,58.34000015258789,58.529998779296875,57.369998931884766,57.77000045776367,50.572269439697266,19114200,0.0,0.0
2021-12-15 00:00:00-05:00,57.91999816894531,60.029998779296875,57.900001525878906,59.93000030517578,52.4631462097168,27953900,0.0,0.0
2021-12-16 00:00:00-05:00,60.04999923706055,60.7599983215332,59.869998931884766,60.310001373291016,52.79580307006836,24599300,0.0,0.0
2021-12-17 00:00:00-05:00,60.27000045776367,60.79999923706055,59.790000915527344,60.459999084472656,52.92710876464844,62171000,0.0,0.0
2021-12-20 00:00:00-05:00,59.66999816894531,60.40999984741211,59.29999923706055,60.36000061035156,52.83957290649414,21342100,0.0,0.0
2021-12-21 00:00:00-05:00,60.439998626708984,61.2400016784668,60.0,61.029998779296875,53.42608642578125,20761100,0.0,0.0
2021-12-22 00:00:00-05:00,60.970001220703125,61.599998474121094,60.619998931884766,61.529998779296875,53.86379623413086,17095500,0.0,0.0
2021-12-23 00:00:00-05:00,61.790000915527344,62.900001525878906,61.790000915527344,62.279998779296875,54.52035140991211,17771400,0.0,0.0
2021-12-27 00:00:00-05:00,62.40999984741211,63.470001220703125,62.279998779296875,63.41999816894531,55.51831817626953,14779700,0.0,0.0
2021-12-28 00:00:00-05:00,63.41999816894531,63.84000015258789,63.22999954223633,63.529998779296875,55.614620208740234,12865000,0.0,0.0
2021-12-29 00:00:00-05:00,63.650001525878906,64.29000091552734,63.54999923706055,63.959999084472656,55.991031646728516,15069900,0.0,0.0
2021-12-30 00:00:00-05:00,64.04000091552734,64.13999938964844,63.470001220703125,63.619998931884766,55.69340133666992,9076700,0.0,0.0
2021-12-31 00:00:00-05:00,63.54999923706055,63.81999969482422,63.31999969482422,63.369998931884766,55.474552154541016,10359100,0.0,0.0
2022-01-03 00:00:00-05:00,62.900001525878906,63.349998474121094,62.5,63.15999984741211,55.290714263916016,17184300,0.0,0.0
2022-01-04 00:00:00-05:00,62.439998626708984,62.810001373291016,61.11000061035156,61.25,53.93464279174805,29682500,0.37,0.0
2022-01-05 00:00:00-05:00,61.189998626708984,61.63999938964844,60.25,60.279998779296875,53.08049011230469,30317900,0.0,0.0
2022-01-06 00:00:00-05:00,60.0,61.130001068115234,59.90999984741211,60.91999816894531,53.64405059814453,19616600,0.0,0.0
2022-01-07 00:00:00-05:00,60.869998931884766,61.5,60.66999816894531,61.130001068115234,53.82896041870117,20152400,0.0,0.0
2022-01-10 00:00:00-05:00,60.869998931884766,61.900001525878906,60.52000045776367,61.81999969482422,54.43656539916992,24715300,0.0,0.0
2022-01-11 00:00:00-05:00,61.599998474121094,62.43000030517578,61.439998626708984,62.369998931884766,54.92086410522461,22804200,0.0,0.0
2022-01-12 00:00:00-05:00,62.400001525878906,62.81999969482422,61.91999816894531,62.119998931884766,54.70072555541992,13405400,0.0,0.0
2022-01-13 00:00:00-05:00,62.08000183105469,62.150001525878906,61.209999084472656,61.5,54.1547737121582,14871600,0.0,0.0
2022-01-14 00:00:00-05:00,61.470001220703125,61.5,60.939998626708984,61.36000061035156,54.031497955322266,18831900,0.0,0.0
2022-01-18 00:00:00-05:00,59.97999954223633,60.220001220703125,59.4900016784668,59.72999954223633,52.59617614746094,26545800,0.0,0.0
2022-01-19 00:00:00-05:00,58.0,59.4900016784668,57.779998779296875,58.900001525878906,51.86531448364258,24333900,0.0,0.0
2022-01-20 00:00:00-05:00,58.9900016784668,59.34000015258789,58.02000045776367,58.08000183105469,51.14324951171875,17726500,0.0,0.0
2022-01-21 00:00:00-05:00,58.06999969482422,58.34000015258789,56.61000061035156,56.68000030517578,49.91044998168945,25914000,0.0,0.0
2022-01-24 00:00:00-05:00,56.15999984741211,57.0,54.869998931884766,56.900001525878906,50.10417556762695,34180100,0.0,0.0
2022-01-25 00:00:00-05:00,56.09000015258789,56.689998626708984,55.06999969482422,56.11000061035156,49.40852355957031,25156400,0.0,0.0
2022-01-26 00:00:00-05:00,56.11000061035156,56.45000076293945,54.86000061035156,55.33000183105469,48.72169876098633,28632700,0.0,0.0
2022-01-27 00:00:00-05:00,55.5099983215332,56.529998779296875,54.400001525878906,54.619998931884766,48.09648513793945,25967400,0.0,0.0
2022-01-28 00:00:00-05:00,54.5,55.65999984741211,53.45000076293945,55.61000061035156,48.96824264526367,30976600,0.0,0.0
2022-01-31 00:00:00-05:00,55.43000030517578,55.86000061035156,54.869998931884766,55.66999816894531,49.02108383178711,29925300,0.0,0.0
2022-02-01 00:00:00-05:00,55.45000076293945,55.5,54.7400016784668,55.369998931884766,48.75690841674805,22438500,0.0,0.0
2022-02-02 00:00:00-05:00,55.22999954223633,56.31999969482422,55.16999816894531,56.16999816894531,49.46135711669922,23316700,0.0,0.0
2022-02-03 00:00:00-05:00,55.869998931884766,56.150001525878906,55.060001373291016,55.20000076293945,48.60721969604492,19260500,0.0,0.0
2022-02-04 00:00:00-05:00,54.88999938964844,55.619998931884766,54.38999938964844,55.150001525878906,48.56319046020508,19675900,0.0,0.0
2022-02-07 00:00:00-05:00,55.33000183105469,55.529998779296875,54.70000076293945,55.16999816894531,48.58080291748047,14450200,0.0,0.0
2022-02-08 00:00:00-05:00,55.060001373291016,55.4900016784668,54.709999084472656,55.34000015258789,48.730491638183594,15219900,0.0,0.0
2022-02-09 00:00:00-05:00,55.81999969482422,56.380001068115234,55.47999954223633,56.290000915527344,49.567039489746094,19136700,0.0,0.0
2022-02-10 00:00:00-05:00,55.2400016784668,56.029998779296875,54.7400016784668,54.869998931884766,48.316627502441406,19730600,0.0,0.0
2022-02-11 00:00:00-05:00,54.869998931884766,55.09000015258789,53.77000045776367,53.900001525878906,47.462486267089844,20132500,0.0,0.0
2022-02-14 00:00:00-05:00,53.40999984741211,53.650001525878906,52.70000076293945,53.18000030517578,46.8284797668457,21868400,0.0,0.0
2022-02-15 00:00:00-05:00,53.720001220703125,54.29999923706055,53.63999938964844,54.27000045776367,47.78829574584961,17678000,0.0,0.0
2022-02-16 00:00:00-05:00,54.130001068115234,54.439998626708984,53.38999938964844,54.25,47.77067947387695,20388700,0.0,0.0
2022-02-17 00:00:00-05:00,55.5,57.060001373291016,55.400001525878906,55.77000045776367,49.10913848876953,32884700,0.0,0.0
2022-02-18 00:00:00-05:00,55.459999084472656,57.689998626708984,55.380001068115234,57.209999084472656,50.37715148925781,35626200,0.0,0.0
2022-02-22 00:00:00-05:00,56.93000030517578,57.13999938964844,55.7400016784668,56.29999923706055,49.57583999633789,25188300,0.0,0.0
2022-02-23 00:00:00-05:00,56.61000061035156,56.9900016784668,54.369998931884766,54.439998626708984,47.937984466552734,22033700,0.0,0.0
2022-02-24 00:00:00-05:00,54.06999969482422,54.83000183105469,53.209999084472656,54.72999954223633,48.19335174560547,27739300,0.0,0.0
2022-02-25 00:00:00-05:00,54.97999954223633,56.220001220703125,54.4900016784668,56.040000915527344,49.34688949584961,18963700,0.0,0.0
2022-02-28 00:00:00-05:00,55.40999984741211,56.0,54.75,55.77000045776367,49.10913848876953,23868700,0.0,0.0
2022-03-01 00:00:00-05:00,55.529998779296875,55.849998474121094,54.2599983215332,54.619998931884766,48.09648513793945,17799600,0.0,0.0
2022-03-02 00:00:00-05:00,54.77000045776367,56.380001068115234,54.709999084472656,56.150001525878906,49.443756103515625,18660000,0.0,0.0
2022-03-03 00:00:00-05:00,56.7400016784668,57.0,55.84000015258789,56.06999969482422,49.37331771850586,16794600,0.0,0.0
2022-03-04 00:00:00-05:00,55.66999816894531,56.900001525878906,55.25,56.5099983215332,49.76074981689453,16729000,0.0,0.0
2022-03-07 00:00:00-05:00,56.310001373291016,56.439998626708984,55.52000045776367,55.59000015258789,48.95064163208008,21350900,0.0,0.0
2022-03-08 00:00:00-05:00,55.70000076293945,55.86000061035156,54.06999969482422,54.400001525878906,47.90276336669922,23642400,0.0,0.0
2022-03-09 00:00:00-05:00,55.63999938964844,56.25,55.25,55.91999816894531,49.2412223815918,19150900,0.0,0.0
2022-03-10 00:00:00-05:00,54.400001525878906,55.15999984741211,53.970001220703125,54.709999084472656,48.17573165893555,18550900,0.0,0.0
2022-03-11 00:00:00-05:00,55.290000915527344,56.209999084472656,54.599998474121094,54.689998626708984,48.15812683105469,20330300,0.0,0.0
2022-03-14 00:00:00-04:00,54.72999954223633,55.400001525878906,54.0,54.29999923706055,47.81470489501953,17977500,0.0,0.0
2022-03-15 00:00:00-04:00,54.41999816894531,55.72999954223633,54.41999816894531,55.599998474121094,48.95944595336914,18829100,0.0,0.0
2022-03-16 00:00:00-04:00,55.93000030517578,56.0,54.599998474121094,55.810001373291016,49.14435958862305,21821800,0.0,0.0
2022-03-17 00:00:00-04:00,55.4900016784668,56.29999923706055,55.349998474121094,56.16999816894531,49.46135711669922,18830500,0.0,0.0
2022-03-18 00:00:00-04:00,56.029998779296875,56.41999816894531,55.540000915527344,55.970001220703125,49.28526306152344,51807200,0.0,0.0
2022-03-21 00:00:00-04:00,56.060001373291016,56.54999923706055,55.52000045776367,56.0,49.31166458129883,29174600,0.0,0.0
2022-03-22 00:00:00-04:00,56.36000061035156,56.720001220703125,56.09000015258789,56.16999816894531,49.46135711669922,29287900,0.0,0.0
2022-03-23 00:00:00-04:00,55.900001525878906,56.09000015258789,54.45000076293945,54.47999954223633,47.97321319580078,19742100,0.0,0.0
2022-03-24 00:00:00-04:00,54.66999816894531,54.689998626708984,53.68000030517578,54.5,47.990814208984375,20551500,0.0,0.0
2022-03-25 00:00:00-04:00,54.61000061035156,55.18000030517578,54.400001525878906,54.970001220703125,48.404685974121094,18090600,0.0,0.0
2022-03-28 00:00:00-04:00,54.79999923706055,55.15999984741211,54.41999816894531,55.13999938964844,48.55437469482422,17164600,0.0,0.0
2022-03-29 00:00:00-04:00,55.66999816894531,56.310001373291016,55.040000915527344,55.66999816894531,49.02108383178711,20036500,0.0,0.0
2022-03-30 00:00:00-04:00,55.75,56.939998626708984,55.59000015258789,56.04999923706055,49.35570526123047,16125400,0.0,0.0
2022-03-31 00:00:00-04:00,56.040000915527344,56.880001068115234,55.720001220703125,55.7599983215332,49.10033416748047,27587700,0.0,0.0
2022-04-01 00:00:00-04:00,56.16999816894531,56.189998626708984,54.88999938964844,55.65999984741211,49.01227951049805,17465100,0.0,0.0
2022-04-04 00:00:00-04:00,55.459999084472656,56.119998931884766,54.9900016784668,55.869998931884766,49.19719314575195,19629200,0.0,0.0
2022-04-05 00:00:00-04:00,55.20000076293945,55.59000015258789,54.66999816894531,54.91999816894531,48.69183349609375,16063600,0.38,0.0
2022-04-06 00:00:00-04:00,54.689998626708984,54.7599983215332,53.84000015258789,54.369998931884766,48.204200744628906,19644100,0.0,0.0
2022-04-07 00:00:00-04:00,54.43000030517578,54.849998474121094,53.7400016784668,54.630001068115234,48.43471908569336,15739000,0.0,0.0
2022-04-08 00:00:00-04:00,54.84000015258789,54.90999984741211,54.0099983215332,54.279998779296875,48.124420166015625,18148200,0.0,0.0
2022-04-11 00:00:00-04:00,53.91999816894531,53.95000076293945,52.790000915527344,52.880001068115234,46.88317108154297,20992100,0.0,0.0
2022-04-12 00:00:00-04:00,51.70000076293945,52.95000076293945,51.47999954223633,51.81999969482422,45.94338607788086,25254200,0.0,0.0
2022-04-13 00:00:00-04:00,51.84000015258789,52.36000061035156,51.40999984741211,52.150001525878906,46.2359619140625,17004600,0.0,0.0
2022-04-14 00:00:00-04:00,52.08000183105469,52.380001068115234,51.119998931884766,51.16999816894531,45.367095947265625,18024800,0.0,0.0
2022-04-18 00:00:00-04:00,50.880001068115234,51.560001373291016,50.79999923706055,51.11000061035156,45.31390380859375,13990700,0.0,0.0
2022-04-19 00:00:00-04:00,51.0,51.939998626708984,50.91999816894531,51.83000183105469,45.952247619628906,15490900,0.0,0.0
2022-04-20 00:00:00-04:00,52.220001220703125,53.66999816894531,52.150001525878906,53.02000045776367,47.00730895996094,19526200,0.0,0.0
2022-04-21 00:00:00-04:00,53.34000015258789,53.83000183105469,52.72999954223633,52.779998779296875,46.79452133178711,17147300,0.0,0.0
2022-04-22 00:00:00-04:00,52.91999816894531,52.959999084472656,51.290000915527344,51.36000061035156,45.53554916381836,17693000,0.0,0.0
2022-04-25 00:00:00-04:00,51.45000076293945,51.97999954223633,50.540000915527344,51.939998626708984,46.04978561401367,18677000,0.0,0.0
2022-04-26 00:00:00-04:00,51.880001068115234,51.939998626708984,50.869998931884766,50.900001525878906,45.12772750854492,19238300,0.0,0.0
2022-04-27 00:00:00-04:00,50.90999984741211,51.11000061035156,49.25,49.310001373291016,43.71803283691406,33668600,0.0,0.0
2022-04-28 00:00:00-04:00,49.529998779296875,50.779998779296875,49.209999084472656,50.630001068115234,44.88834762573242,20170700,0.0,0.0
2022-04-29 00:00:00-04:00,50.5099983215332,50.63999938964844,48.869998931884766,48.97999954223633,43.425453186035156,20281400,0.0,0.0
2022-05-02 00:00:00-04:00,49.34000015258789,49.90999984741211,48.93000030517578,49.86000061035156,44.205665588378906,22499200,0.0,0.0
2022-05-03 00:00:00-04:00,49.77000045776367,50.36000061035156,49.529998779296875,49.91999816894531,44.25885772705078,15828200,0.0,0.0
2022-05-04 00:00:00-04:00,50.029998779296875,51.65999984741211,49.66999816894531,51.58000183105469,45.73060989379883,23942300,0.0,0.0
2022-05-05 00:00:00-04:00,51.150001525878906,51.209999084472656,49.15999984741211,49.61000061035156,43.98401641845703,24846500,0.0,0.0
2022-05-06 00:00:00-04:00,49.150001525878906,49.84000015258789,48.849998474121094,49.33000183105469,43.73576736450195,21743900,0.0,0.0
2022-05-09 00:00:00-04:00,49.0,49.41999816894531,48.66999816894531,48.959999084472656,43.40772247314453,22421200,0.0,0.0
2022-05-10 00:00:00-04:00,49.709999084472656,50.2400016784668,49.150001525878906,49.54999923706055,43.930816650390625,21741100,0.0,0.0
2022-05-11 00:00:00-04:00,49.09000015258789,49.63999938964844,48.58000183105469,48.650001525878906,43.13288116455078,23872100,0.0,0.0
2022-05-12 00:00:00-04:00,48.630001068115234,48.779998779296875,47.470001220703125,48.290000915527344,42.81370162963867,25951000,0.0,0.0
2022-05-13 00:00:00-04:00,48.709999084472656,49.630001068115234,48.529998779296875,49.560001373291016,43.93968200683594,18954500,0.0,0.0
2022-05-16 00:00:00-04:00,49.65999984741211,49.65999984741211,48.880001068115234,49.0,43.44318389892578,20254500,0.0,0.0
2022-05-17 00:00:00-04:00,49.68000030517578,50.720001220703125,49.5099983215332,50.599998474121094,44.861732482910156,18780600,0.0,0.0
2022-05-18 00:00:00-04:00,50.470001220703125,50.470001220703125,48.209999084472656,48.36000061035156,42.87576675415039,40672700,0.0,0.0
2022-05-19 00:00:00-04:00,43.060001373291016,43.93000030517578,41.02000045776367,41.720001220703125,36.98877716064453,97674600,0.0,0.0
2022-05-20 00:00:00-04:00,41.86000061035156,43.0,41.52000045776367,42.939998626708984,38.0704231262207,46148700,0.0,0.0
2022-05-23 00:00:00-04:00,43.34000015258789,43.81999969482422,42.939998626708984,43.349998474121094,38.43392562866211,27366600,0.0,0.0
2022-05-24 00:00:00-04:00,43.400001525878906,44.060001373291016,42.5,43.77000045776367,38.80629348754883,30053900,0.0,0.0
2022-05-25 00:00:00-04:00,43.75,44.41999816894531,43.189998626708984,44.0,39.01021194458008,25504600,0.0,0.0
2022-05-26 00:00:00-04:00,44.04999923706055,45.529998779296875,44.04999923706055,44.9900016784668,39.88794708251953,28294700,0.0,0.0
2022-05-27 00:00:00-04:00,45.119998931884766,45.63999938964844,44.95000076293945,45.619998931884766,40.446495056152344,23882100,0.0,0.0
2022-05-31 00:00:00-04:00,45.27000045776367,45.61000061035156,44.7400016784668,45.04999923706055,39.941139221191406,64821200,0.0,0.0
2022-06-01 00:00:00-04:00,45.54999923706055,45.79999923706055,44.77000045776367,45.22999954223633,40.10072326660156,20666000,0.0,0.0
2022-06-02 00:00:00-04:00,45.18000030517578,45.79999923706055,44.900001525878906,45.790000915527344,40.59722137451172,20546800,0.0,0.0
2022-06-03 00:00:00-04:00,45.54999923706055,45.7400016784668,45.119998931884766,45.25,40.11845779418945,17947000,0.0,0.0
2022-06-06 00:00:00-04:00,45.599998474121094,46.09000015258789,45.130001068115234,45.33000183105469,40.18938446044922,12641900,0.0,0.0
2022-06-07 00:00:00-04:00,44.81999969482422,45.650001525878906,44.720001220703125,45.56999969482422,40.40216827392578,14667200,0.0,0.0
2022-06-08 00:00:00-04:00,45.45000076293945,45.630001068115234,44.880001068115234,44.91999816894531,39.82588195800781,16263800,0.0,0.0
2022-06-09 00:00:00-04:00,44.83000183105469,45.27000045776367,44.2400016784668,44.2599983215332,39.24073028564453,18417700,0.0,0.0
2022-06-10 00:00:00-04:00,43.79999923706055,43.9900016784668,43.290000915527344,43.4900016784668,38.558048248291016,20262400,0.0,0.0
2022-06-13 00:00:00-04:00,43.060001373291016,43.84000015258789,42.88999938964844,43.2400016784668,38.336402893066406,29050800,0.0,0.0
2022-06-14 00:00:00-04:00,43.630001068115234,43.70000076293945,42.56999969482422,42.90999984741211,38.043819427490234,22499100,0.0,0.0
2022-06-15 00:00:00-04:00,43.369998931884766,44.43000030517578,43.099998474121094,43.79999923706055,38.8328857421875,22525100,0.0,0.0
2022-06-16 00:00:00-04:00,42.810001373291016,43.40999984741211,42.810001373291016,43.31999969482422,38.40732192993164,27049000,0.0,0.0
2022-06-17 00:00:00-04:00,43.36000061035156,44.0,43.2400016784668,43.38999938964844,38.469383239746094,59678600,0.0,0.0
2022-06-21 00:00:00-04:00,43.810001373291016,44.279998779296875,43.70000076293945,44.13999938964844,39.13432693481445,23277900,0.0,0.0
2022-06-22 00:00:00-04:00,43.470001220703125,44.119998931884766,43.16999816894531,43.56999969482422,38.628971099853516,19942300,0.0,0.0
2022-06-23 00:00:00-04:00,43.40999984741211,43.459999084472656,42.720001220703125,42.93000030517578,38.061553955078125,33801700,0.0,0.0
2022-06-24 00:00:00-04:00,43.439998626708984,44.220001220703125,43.2400016784668,44.099998474121094,39.09886169433594,30543800,0.0,0.0
2022-06-27 00:00:00-04:00,44.290000915527344,44.290000915527344,43.630001068115234,43.77000045776367,38.80629348754883,22755300,0.0,0.0
2022-06-28 00:00:00-04:00,43.90999984741211,44.470001220703125,42.9900016784668,43.060001373291016,38.17681121826172,20091300,0.0,0.0
2022-06-29 00:00:00-04:00,43.13999938964844,43.2599983215332,42.689998626708984,42.880001068115234,38.01723098754883,13450800,0.0,0.0
2022-06-30 00:00:00-04:00,42.369998931884766,43.13999938964844,42.189998626708984,42.63999938964844,37.804443359375,24947900,0.0,0.0
2022-07-01 00:00:00-04:00,42.52000045776367,42.70000076293945,41.56999969482422,42.599998474121094,37.76897048950195,24338500,0.0,0.0
2022-07-05 00:00:00-04:00,41.52000045776367,41.970001220703125,40.81999969482422,41.959999084472656,37.5363883972168,24442600,0.38,0.0
2022-07-06 00:00:00-04:00,42.119998931884766,42.93000030517578,42.0099983215332,42.689998626708984,38.189430236816406,17250400,0.0,0.0
2022-07-07 00:00:00-04:00,42.880001068115234,43.36000061035156,42.790000915527344,43.220001220703125,38.66355514526367,22316700,0.0,0.0
2022-07-08 00:00:00-04:00,43.029998779296875,43.61000061035156,42.939998626708984,43.38999938964844,38.81563186645508,11817000,0.0,0.0
2022-07-11 00:00:00-04:00,43.34000015258789,43.68000030517578,43.06999969482422,43.25,38.69038772583008,15245200,0.0,0.0
2022-07-12 00:00:00-04:00,43.58000183105469,43.83000183105469,42.65999984741211,42.86000061035156,38.34150695800781,17385300,0.0,0.0
2022-07-13 00:00:00-04:00,41.849998474121094,43.04999923706055,41.79999923706055,42.70000076293945,38.19837951660156,16854200,0.0,0.0
2022-07-14 00:00:00-04:00,41.790000915527344,42.470001220703125,41.349998474121094,42.33000183105469,37.86737823486328,17336200,0.0,0.0
2022-07-15 00:00:00-04:00,42.5,43.130001068115234,42.5,43.06999969482422,38.52936553955078,19897800,0.0,0.0
2022-07-18 00:00:00-04:00,43.29999923706055,43.31999969482422,42.40999984741211,42.599998474121094,38.108917236328125,16743800,0.0,0.0
2022-07-19 00:00:00-04:00,42.81999969482422,44.09000015258789,42.650001525878906,44.029998779296875,39.388153076171875,22861400,0.0,0.0
2022-07-20 00:00:00-04:00,44.08000183105469,44.31999969482422,43.65999984741211,44.130001068115234,39.477622985839844,15599200,0.0,0.0
2022-07-21 00:00:00-04:00,44.290000915527344,44.689998626708984,44.06999969482422,44.58000183105469,39.88017654418945,15364600,0.0,0.0
2022-07-22 00:00:00-04:00,44.779998779296875,44.91999816894531,44.25,44.459999084472656,39.77281951904297,14854600,0.0,0.0
2022-07-25 00:00:00-04:00,44.65999984741211,44.65999984741211,44.11000061035156,44.34000015258789,39.66547775268555,12954700,0.0,0.0
2022-07-26 00:00:00-04:00,44.369998931884766,44.540000915527344,43.75,43.83000183105469,39.20924758911133,19513000,0.0,0.0
2022-07-27 00:00:00-04:00,44.189998626708984,44.790000915527344,43.83000183105469,44.63999938964844,39.93384552001953,22349000,0.0,0.0
2022-07-28 00:00:00-04:00,44.880001068115234,45.869998931884766,44.709999084472656,45.619998931884766,40.81053924560547,17576200,0.0,0.0
2022-07-29 00:00:00-04:00,45.11000061035156,45.4900016784668,44.83000183105469,45.369998931884766,40.58689880371094,23701700,0.0,0.0
2022-08-01 00:00:00-04:00,45.060001373291016,45.43000030517578,44.7599983215332,45.279998779296875,40.506370544433594,14153400,0.0,0.0
2022-08-02 00:00:00-04:00,45.52000045776367,45.70000076293945,44.900001525878906,44.91999816894531,40.184329986572266,15005400,0.0,0.0
2022-08-03 00:00:00-04:00,44.900001525878906,45.81999969482422,44.790000915527344,45.709999084472656,40.89104461669922,14943800,0.0,0.0
2022-08-04 00:00:00-04:00,45.900001525878906,45.93000030517578,45.0099983215332,45.380001068115234,40.59584045410156,15249300,0.0,0.0
2022-08-05 00:00:00-04:00,44.90999984741211,45.06999969482422,44.540000915527344,45.0099983215332,40.26483917236328,19533900,0.0,0.0
2022-08-08 00:00:00-04:00,45.4900016784668,45.52000045776367,44.86000061035156,45.02000045776367,40.27378845214844,15465600,0.0,0.0
2022-08-09 00:00:00-04:00,45.150001525878906,45.18000030517578,44.720001220703125,44.91999816894531,40.184329986572266,12826200,0.0,0.0
2022-08-10 00:00:00-04:00,45.709999084472656,46.060001373291016,45.43000030517578,46.02000045776367,41.168365478515625,18935400,0.0,0.0
2022-08-11 00:00:00-04:00,46.11000061035156,46.43000030517578,45.77000045776367,45.900001525878906,41.06100845336914,15849000,0.0,0.0
2022-08-12 00:00:00-04:00,46.09000015258789,46.61000061035156,45.970001220703125,46.61000061035156,41.696163177490234,16967600,0.0,0.0
2022-08-15 00:00:00-04:00,46.38999938964844,46.619998931884766,46.029998779296875,46.59000015258789,41.67827606201172,15456100,0.0,0.0
2022-08-16 00:00:00-04:00,46.56999969482422,47.0099983215332,46.439998626708984,46.77000045776367,41.83929443359375,21153700,0.0,0.0
2022-08-17 00:00:00-04:00,46.36000061035156,47.099998474121094,46.22999954223633,46.65999984741211,41.74089050292969,27975600,0.0,0.0
2022-08-18 00:00:00-04:00,49.79999923706055,50.0,49.11000061035156,49.369998931884766,44.16518783569336,39999900,0.0,0.0
2022-08-19 00:00:00-04:00,49.0099983215332,49.459999084472656,48.540000915527344,48.70000076293945,43.56581497192383,23130400,0.0,0.0
2022-08-22 00:00:00-04:00,48.470001220703125,48.5,47.52000045776367,47.709999084472656,42.68019485473633,20534100,0.0,0.0
2022-08-23 00:00:00-04:00,47.59000015258789,48.040000915527344,47.38999938964844,47.40999984741211,42.41182327270508,13764600,0.0,0.0
2022-08-24 00:00:00-04:00,47.09000015258789,47.40999984741211,46.869998931884766,47.06999969482422,42.107666015625,14946500,0.0,0.0
2022-08-25 00:00:00-04:00,47.25,47.43000030517578,46.84000015258789,47.27000045776367,42.28658676147461,23039300,0.0,0.0
2022-08-26 00:00:00-04:00,47.08000183105469,47.27000045776367,45.880001068115234,45.88999938964844,41.05206298828125,20309800,0.0,0.0
2022-08-29 00:00:00-04:00,45.720001220703125,46.0,45.4900016784668,45.709999084472656,40.89104461669922,13425700,0.0,0.0
2022-08-30 00:00:00-04:00,45.75,45.869998931884766,44.959999084472656,45.2400016784668,40.47059631347656,14279100,0.0,0.0
2022-08-31 00:00:00-04:00,45.779998779296875,45.83000183105469,44.59000015258789,44.720001220703125,40.00541687011719,23006100,0.0,0.0
2022-09-01 00:00:00-04:00,44.56999969482422,45.34000015258789,44.400001525878906,45.290000915527344,40.515316009521484,16236400,0.0,0.0
2022-09-02 00:00:00-04:00,45.709999084472656,45.91999816894531,44.279998779296875,44.59000015258789,39.88911819458008,14720900,0.0,0.0
2022-09-06 00:00:00-04:00,44.65999984741211,44.790000915527344,43.97999954223633,44.470001220703125,39.78177261352539,14366100,0.0,0.0
2022-09-07 00:00:00-04:00,44.75,45.16999816894531,44.349998474121094,45.02000045776367,40.27378845214844,18297400,0.0,0.0
2022-09-08 00:00:00-04:00,44.7599983215332,45.470001220703125,44.619998931884766,45.369998931884766,40.58689880371094,14231500,0.0,0.0
2022-09-09 00:00:00-04:00,45.65999984741211,45.88999938964844,45.400001525878906,45.77000045776367,40.94471740722656,15499300,0.0,0.0
2022-09-12 00:00:00-04:00,46.11000061035156,46.72999954223633,45.970001220703125,46.400001525878906,41.508296966552734,17923000,0.0,0.0
2022-09-13 00:00:00-04:00,45.720001220703125,45.90999984741211,44.02000045776367,44.11000061035156,39.45973587036133,23028600,0.0,0.0
2022-09-14 00:00:00-04:00,44.040000915527344,44.27000045776367,43.560001373291016,43.959999084472656,39.32553482055664,27551500,0.0,0.0
2022-09-15 00:00:00-04:00,43.810001373291016,43.869998931884766,43.09000015258789,43.290000915527344,38.72616958618164,18148600,0.0,0.0
2022-09-16 00:00:00-04:00,43.11000061035156,43.58000183105469,42.790000915527344,43.29999923706055,38.73512268066406,32696100,0.0,0.0
2022-09-19 00:00:00-04:00,42.900001525878906,43.439998626708984,42.7599983215332,43.29999923706055,38.73512268066406,13667500,0.0,0.0
2022-09-20 00:00:00-04:00,43.0099983215332,43.02000045776367,42.2599983215332,42.58000183105469,38.091026306152344,16813900,0.0,0.0
2022-09-21 00:00:00-04:00,42.31999969482422,42.869998931884766,41.56999969482422,41.59000015258789,37.20539093017578,21415900,0.0,0.0
2022-09-22 00:00:00-04:00,41.34000015258789,41.54999923706055,41.13999938964844,41.150001525878906,36.8117790222168,16691000,0.0,0.0
2022-09-23 00:00:00-04:00,41.25,41.25,40.119998931884766,40.65999984741211,36.373443603515625,19067700,0.0,0.0
2022-09-26 00:00:00-04:00,40.65999984741211,41.189998626708984,40.369998931884766,40.58000183105469,36.301876068115234,22694800,0.0,0.0
2022-09-27 00:00:00-04:00,41.13999938964844,41.459999084472656,40.22999954223633,40.52000045776367,36.248199462890625,15027900,0.0,0.0
2022-09-28 00:00:00-04:00,40.849998474121094,41.56999969482422,40.59000015258789,41.34000015258789,36.98175048828125,23217700,0.0,0.0
2022-09-29 00:00:00-04:00,41.04999923706055,41.099998474121094,40.150001525878906,40.56999969482422,36.29293441772461,19496400,0.0,0.0
2022-09-30 00:00:00-04:00,40.65999984741211,41.040000915527344,39.959999084472656,40.0,35.783016204833984,27989900,0.0,0.0
2022-10-03 00:00:00-04:00,40.66999816894531,41.529998779296875,40.470001220703125,41.290000915527344,36.93702697753906,22203600,0.0,0.0
2022-10-04 00:00:00-04:00,41.560001373291016,42.040000915527344,41.38999938964844,41.81999969482422,37.75864791870117,22889400,0.38,0.0
2022-10-05 00:00:00-04:00,41.59000015258789,42.25,41.400001525878906,41.9900016784668,37.912139892578125,14289700,0.0,0.0
2022-10-06 00:00:00-04:00,41.650001525878906,42.09000015258789,41.369998931884766,41.52000045776367,37.48778533935547,18198800,0.0,0.0
2022-10-07 00:00:00-04:00,41.25,41.25,40.08000183105469,40.27000045776367,36.35918045043945,19055400,0.0,0.0
2022-10-10 00:00:00-04:00,40.630001068115234,40.810001373291016,39.599998474121094,39.88999938964844,36.016075134277344,16628400,0.0,0.0
2022-10-11 00:00:00-04:00,39.810001373291016,40.11000061035156,39.27000045776367,39.58000183105469,35.73618698120117,19386400,0.0,0.0
2022-10-12 00:00:00-04:00,39.70000076293945,39.86000061035156,39.25,39.27000045776367,35.456295013427734,17279900,0.0,0.0
2022-10-13 00:00:00-04:00,39.029998779296875,40.79999923706055,38.599998474121094,40.61000061035156,36.66615676879883,26328300,0.0,0.0
2022-10-14 00:00:00-04:00,40.84000015258789,40.959999084472656,39.91999816894531,40.20000076293945,36.29597854614258,19571000,0.0,0.0
2022-10-17 00:00:00-04:00,41.040000915527344,41.529998779296875,40.95000076293945,41.29999923706055,37.28915023803711,27845200,0.0,0.0
2022-10-18 00:00:00-04:00,41.91999816894531,42.220001220703125,41.2599983215332,41.790000915527344,37.7315559387207,18223300,0.0,0.0
2022-10-19 00:00:00-04:00,41.630001068115234,42.2400016784668,41.470001220703125,41.880001068115234,37.81281661987305,19071700,0.0,0.0
2022-10-20 00:00:00-04:00,41.560001373291016,42.619998931884766,41.459999084472656,41.709999084472656,37.65932846069336,16830500,0.0,0.0
2022-10-21 00:00:00-04:00,41.849998474121094,42.970001220703125,41.810001373291016,42.79999923706055,38.64347457885742,25035000,0.0,0.0
2022-10-24 00:00:00-04:00,43.119998931884766,43.72999954223633,42.900001525878906,43.540000915527344,39.31160354614258,18785300,0.0,0.0
2022-10-25 00:00:00-04:00,43.34000015258789,44.400001525878906,43.20000076293945,44.36000061035156,40.051971435546875,19165200,0.0,0.0
2022-10-26 00:00:00-04:00,44.93000030517578,45.22999954223633,44.279998779296875,44.380001068115234,40.070037841796875,20051000,0.0,0.0
2022-10-27 00:00:00-04:00,44.77000045776367,45.09000015258789,44.36000061035156,44.41999816894531,40.10614776611328,18102500,0.0,0.0
2022-10-28 00:00:00-04:00,44.689998626708984,45.709999084472656,44.650001525878906,45.63999938964844,41.20766830444336,17978300,0.0,0.0
2022-10-31 00:00:00-04:00,45.310001373291016,45.63999938964844,45.060001373291016,45.43000030517578,41.01806640625,17793700,0.0,0.0
2022-11-01 00:00:00-04:00,45.58000183105469,45.790000915527344,45.060001373291016,45.459999084472656,41.045143127441406,12088700,0.0,0.0
2022-11-02 00:00:00-04:00,45.470001220703125,46.209999084472656,44.54999923706055,44.56999969482422,40.241580963134766,15308800,0.0,0.0
2022-11-03 00:00:00-04:00,44.029998779296875,44.150001525878906,43.38999938964844,43.849998474121094,39.59150314331055,17895600,0.0,0.0
2022-11-04 00:00:00-04:00,44.5,45.08000183105469,43.83000183105469,44.52000045776367,40.19643783569336,19648700,0.0,0.0
2022-11-07 00:00:00-05:00,44.83000183105469,44.97999954223633,44.40999984741211,44.54999923706055,40.2235221862793,21383000,0.0,0.0
2022-11-08 00:00:00-05:00,44.689998626708984,45.349998474121094,44.18000030517578,44.61000061035156,40.27769088745117,17503100,0.0,0.0
2022-11-09 00:00:00-05:00,44.5099983215332,44.720001220703125,43.88999938964844,43.90999984741211,39.64567947387695,19311700,0.0,0.0
2022-11-10 00:00:00-05:00,45.70000076293945,45.810001373291016,44.650001525878906,45.65999984741211,41.22572326660156,27190100,0.0,0.0
2022-11-11 00:00:00-05:00,45.18000030517578,45.31999969482422,43.91999816894531,44.790000915527344,40.440208435058594,25961800,0.0,0.0
2022-11-14 00:00:00-05:00,44.83000183105469,45.439998626708984,44.68000030517578,44.7400016784668,40.39506530761719,21091300,0.0,0.0
2022-11-15 00:00:00-05:00,45.040000915527344,45.2400016784668,44.45000076293945,44.900001525878906,40.53953552246094,19318000,0.0,0.0
2022-11-16 00:00:00-05:00,44.939998626708984,44.97999954223633,44.29999923706055,44.38999938964844,40.07905960083008,24939600,0.0,0.0
2022-11-17 00:00:00-05:00,46.189998626708984,46.849998474121094,45.15999984741211,46.59000015258789,42.065406799316406,38887800,0.0,0.0
2022-11-18 00:00:00-05:00,46.90999984741211,48.040000915527344,46.86000061035156,47.790000915527344,43.148868560791016,30843200,0.0,0.0
2022-11-21 00:00:00-05:00,47.61000061035156,48.290000915527344,47.560001373291016,47.619998931884766,42.9953727722168,17049500,0.0,0.0
2022-11-22 00:00:00-05:00,48.0,48.41999816894531,47.7599983215332,48.380001068115234,43.68157196044922,16367800,0.0,0.0
2022-11-23 00:00:00-05:00,48.400001525878906,48.9900016784668,48.31999969482422,48.56999969482422,43.85312271118164,12065600,0.0,0.0
2022-11-25 00:00:00-05:00,48.75,49.04999923706055,48.349998474121094,48.400001525878906,43.69963455200195,8492600,0.0,0.0
2022-11-28 00:00:00-05:00,48.290000915527344,48.470001220703125,47.91999816894531,48.08000183105469,43.41071319580078,14976600,0.0,0.0
2022-11-29 00:00:00-05:00,48.25,48.40999984741211,47.84000015258789,48.279998779296875,43.59128189086914,13779300,0.0,0.0
2022-11-30 00:00:00-05:00,48.16999816894531,49.83000183105469,47.959999084472656,49.720001220703125,44.891441345214844,29919700,0.0,0.0
2022-12-01 00:00:00-05:00,49.880001068115234,50.459999084472656,49.689998626708984,49.970001220703125,45.11716079711914,18559500,0.0,0.0
2022-12-02 00:00:00-05:00,49.22999954223633,49.84000015258789,48.91999816894531,49.70000076293945,44.873382568359375,12325100,0.0,0.0
2022-12-05 00:00:00-05:00,49.54999923706055,49.63999938964844,49.16999816894531,49.33000183105469,44.53931427001953,13795900,0.0,0.0
2022-12-06 00:00:00-05:00,49.439998626708984,49.439998626708984,48.2599983215332,48.59000015258789,43.871177673339844,15443800,0.0,0.0
2022-12-07 00:00:00-05:00,48.400001525878906,48.54999923706055,48.060001373291016,48.18000030517578,43.50099182128906,15171700,0.0,0.0
2022-12-08 00:00:00-05:00,48.65999984741211,49.20000076293945,48.619998931884766,48.9900016784668,44.23233413696289,16015800,0.0,0.0
2022-12-09 00:00:00-05:00,49.099998474121094,49.16999816894531,48.439998626708984,48.459999084472656,43.75380325317383,14303200,0.0,0.0
2022-12-12 00:00:00-05:00,48.79999923706055,49.31999969482422,48.369998931884766,49.29999923706055,44.51222610473633,15425300,0.0,0.0
2022-12-13 00:00:00-05:00,50.33000183105469,50.709999084472656,49.22999954223633,49.63999938964844,44.81919860839844,22705900,0.0,0.0
2022-12-14 00:00:00-05:00,49.7400016784668,50.060001373291016,48.81999969482422,49.29999923706055,44.51222610473633,19050400,0.0,0.0
2022-12-15 00:00:00-05:00,48.959999084472656,49.04999923706055,47.7400016784668,48.150001525878906,43.473915100097656,19372500,0.0,0.0
2022-12-16 00:00:00-05:00,47.40999984741211,48.0,47.08000183105469,47.810001373291016,43.16693115234375,66125400,0.0,0.0
2022-12-19 00:00:00-05:00,47.65999984741211,47.959999084472656,47.13999938964844,47.400001525878906,42.7967529296875,17986300,0.0,0.0
2022-12-20 00:00:00-05:00,47.40999984741211,47.560001373291016,46.790000915527344,47.369998931884766,42.7696647644043,15086200,0.0,0.0
2022-12-21 00:00:00-05:00,47.689998626708984,47.959999084472656,47.41999816894531,47.65999984741211,43.03150177001953,15599400,0.0,0.0
2022-12-22 00:00:00-05:00,47.4900016784668,47.4900016784668,46.689998626708984,47.31999969482422,42.724510192871094,23118500,0.0,0.0
2022-12-23 00:00:00-05:00,47.25,47.4900016784668,47.0099983215332,47.47999954223633,42.86896896362305,9554400,0.0,0.0
2022-12-27 00:00:00-05:00,47.66999816894531,47.709999084472656,47.220001220703125,47.529998779296875,42.91411590576172,12066200,0.0,0.0
2022-12-28 00:00:00-05:00,47.689998626708984,47.77000045776367,46.97999954223633,47.06999969482422,42.49879455566406,9847400,0.0,0.0
2022-12-29 00:00:00-05:00,47.2599983215332,47.7400016784668,47.2599983215332,47.5,42.88703536987305,11396500,0.0,0.0
2022-12-30 00:00:00-05:00,47.27000045776367,47.66999816894531,46.95000076293945,47.63999938964844,43.0134391784668,13199800,0.0,0.0
2023-01-03 00:00:00-05:00,47.86000061035156,48.04999923706055,47.310001373291016,47.939998626708984,43.284297943115234,17718900,0.0,0.0
2023-01-04 00:00:00-05:00,48.279998779296875,48.47999954223633,47.16999816894531,47.54999923706055,43.27519989013672,18339800,0.38,0.0
2023-01-05 00:00:00-05:00,47.4900016784668,47.4900016784668,46.7599983215332,46.880001068115234,42.66543960571289,17372100,0.0,0.0
2023-01-06 00:00:00-05:00,47.459999084472656,48.59000015258789,47.279998779296875,48.31999969482422,43.975975036621094,20823000,0.0,0.0
2023-01-09 00:00:00-05:00,48.2599983215332,49.209999084472656,48.220001220703125,48.58000183105469,44.212608337402344,13938000,0.0,0.0
2023-01-10 00:00:00-05:00,48.79999923706055,49.209999084472656,48.59000015258789,48.810001373291016,44.42192840576172,12474400,0.0,0.0
2023-01-11 00:00:00-05:00,48.83000183105469,49.22999954223633,48.70000076293945,49.209999084472656,44.78596115112305,12530900,0.0,0.0
2023-01-12 00:00:00-05:00,49.209999084472656,49.43000030517578,48.849998474121094,49.0,44.594852447509766,14241700,0.0,0.0
2023-01-13 00:00:00-05:00,48.560001373291016,49.02000045776367,48.41999816894531,48.880001068115234,44.48563766479492,12649300,0.0,0.0
2023-01-17 00:00:00-05:00,48.91999816894531,48.939998626708984,47.95000076293945,48.08000183105469,43.75755310058594,19290800,0.0,0.0
2023-01-18 00:00:00-05:00,48.189998626708984,48.27000045776367,46.88999938964844,46.900001525878906,42.68363952636719,19882200,0.0,0.0
2023-01-19 00:00:00-05:00,46.95000076293945,47.04999923706055,46.38999938964844,46.459999084472656,42.28318786621094,19118600,0.0,0.0
2023-01-20 00:00:00-05:00,46.060001373291016,46.83000183105469,45.66999816894531,46.779998779296875,42.574424743652344,21847200,0.0,0.0
2023-01-23 00:00:00-05:00,46.900001525878906,47.869998931884766,46.810001373291016,47.5,43.22970199584961,15180500,0.0,0.0
2023-01-24 00:00:00-05:00,47.4900016784668,48.02000045776367,47.060001373291016,47.810001373291016,43.5118293762207,14872700,0.0,0.0
2023-01-25 00:00:00-05:00,47.97999954223633,48.08000183105469,47.22999954223633,47.97999954223633,43.66654586791992,14638700,0.0,0.0
2023-01-26 00:00:00-05:00,48.150001525878906,48.470001220703125,47.83000183105469,48.34000015258789,43.994171142578125,12952700,0.0,0.0
2023-01-27 00:00:00-05:00,48.099998474121094,48.72999954223633,47.970001220703125,48.5099983215332,44.14889144897461,13414800,0.0,0.0
2023-01-30 00:00:00-05:00,48.13999938964844,48.5,48.119998931884766,48.220001220703125,43.884971618652344,19261900,0.0,0.0
2023-01-31 00:00:00-05:00,48.119998931884766,48.689998626708984,48.04999923706055,48.66999816894531,44.29451370239258,16821600,0.0,0.0
2023-02-01 00:00:00-05:00,48.38999938964844,48.900001525878906,47.5099983215332,48.56999969482422,44.2035026550293,19639400,0.0,0.0
2023-02-02 00:00:00-05:00,48.529998779296875,49.560001373291016,48.36000061035156,49.31999969482422,44.886077880859375,17883800,0.0,0.0
2023-02-03 00:00:00-05:00,49.29999923706055,49.29999923706055,48.5099983215332,48.630001068115234,44.25811004638672,17980000,0.0,0.0
2023-02-06 00:00:00-05:00,48.06999969482422,48.279998779296875,47.52000045776367,47.56999969482422,43.293399810791016,13991600,0.0,0.0
2023-02-07 00:00:00-05:00,47.2400016784668,48.150001525878906,46.970001220703125,47.84000015258789,43.539127349853516,16675200,0.0,0.0
2023-02-08 00:00:00-05:00,47.380001068115234,47.540000915527344,46.77000045776367,46.959999084472656,42.738243103027344,18905500,0.0,0.0
2023-02-09 00:00:00-05:00,47.22999954223633,47.40999984741211,46.43000030517578,46.72999954223633,42.52892303466797,18598400,0.0,0.0
2023-02-10 00:00:00-05:00,46.70000076293945,47.31999969482422,46.63999938964844,47.2599983215332,43.01127243041992,17397300,0.0,0.0
2023-02-13 00:00:00-05:00,47.45000076293945,47.9900016784668,47.38999938964844,47.86000061035156,43.55733108520508,19422100,0.0,0.0
2023-02-14 00:00:00-05:00,47.779998779296875,48.0,47.18000030517578,47.70000076293945,43.41171646118164,19134400,0.0,0.0
2023-02-15 00:00:00-05:00,47.5,48.52000045776367,47.33000183105469,48.45000076293945,44.09429168701172,27071200,0.0,0.0
2023-02-16 00:00:00-05:00,49.9900016784668,51.7400016784668,49.79999923706055,50.9900016784668,46.40595245361328,48125300,0.0,0.0
2023-02-17 00:00:00-05:00,51.33000183105469,51.439998626708984,50.599998474121094,50.77000045776367,46.20573806762695,25321400,0.0,0.0
2023-02-21 00:00:00-05:00,50.709999084472656,50.7599983215332,49.619998931884766,49.689998626708984,45.222808837890625,25100500,0.0,0.0
2023-02-22 00:00:00-05:00,49.849998474121094,49.849998474121094,48.88999938964844,49.310001373291016,44.876976013183594,20301900,0.0,0.0
2023-02-23 00:00:00-05:00,49.540000915527344,49.68000030517578,48.54999923706055,49.209999084472656,44.78596115112305,14066200,0.0,0.0
2023-02-24 00:00:00-05:00,48.810001373291016,48.900001525878906,48.16999816894531,48.47999954223633,44.1215934753418,17251600,0.0,0.0
2023-02-27 00:00:00-05:00,48.95000076293945,49.34000015258789,48.54999923706055,48.72999954223633,44.349117279052734,14776400,0.0,0.0
2023-02-28 00:00:00-05:00,48.810001373291016,48.93000030517578,48.380001068115234,48.41999816894531,44.06698226928711,16622400,0.0,0.0
2023-03-01 00:00:00-05:00,48.439998626708984,48.59000015258789,48.02000045776367,48.34000015258789,43.994171142578125,13449300,0.0,0.0
2023-03-02 00:00:00-05:00,48.31999969482422,48.630001068115234,48.119998931884766,48.529998779296875,44.16709518432617,18281800,0.0,0.0
2023-03-03 00:00:00-05:00,48.9900016784668,49.36000061035156,48.81999969482422,49.279998779296875,44.84967041015625,15969900,0.0,0.0
2023-03-06 00:00:00-05:00,49.459999084472656,49.810001373291016,49.2400016784668,49.41999816894531,44.977088928222656,13878400,0.0,0.0
2023-03-07 00:00:00-05:00,49.56999969482422,49.7599983215332,48.630001068115234,48.90999984741211,44.51293182373047,17506600,0.0,0.0
2023-03-08 00:00:00-05:00,49.02000045776367,49.27000045776367,48.7400016784668,49.11000061035156,44.69496154785156,12055500,0.0,0.0
2023-03-09 00:00:00-05:00,49.29999923706055,49.689998626708984,48.709999084472656,48.810001373291016,44.42192840576172,12497700,0.0,0.0
2023-03-10 00:00:00-05:00,48.88999938964844,49.16999816894531,48.29999923706055,48.560001373291016,44.194400787353516,16338200,0.0,0.0
2023-03-13 00:00:00-04:00,48.529998779296875,48.880001068115234,48.119998931884766,48.40999984741211,44.05788803100586,20280800,0.0,0.0
2023-03-14 00:00:00-04:00,48.68000030517578,49.2599983215332,48.5099983215332,49.04999923706055,44.64035415649414,17679600,0.0,0.0
2023-03-15 00:00:00-04:00,48.369998931884766,49.11000061035156,48.369998931884766,49.060001373291016,44.649444580078125,17354900,0.0,0.0
2023-03-16 00:00:00-04:00,48.68000030517578,50.290000915527344,48.5099983215332,50.119998931884766,45.61415481567383,21425100,0.0,0.0
2023-03-17 00:00:00-04:00,50.2599983215332,50.54999923706055,49.7400016784668,50.189998626708984,45.67786407470703,47642700,0.0,0.0
2023-03-20 00:00:00-04:00,50.220001220703125,51.040000915527344,50.0099983215332,50.939998626708984,46.360435485839844,22699700,0.0,0.0
2023-03-21 00:00:00-04:00,51.209999084472656,51.33000183105469,50.33000183105469,50.66999816894531,46.11470413208008,23334000,0.0,0.0
2023-03-22 00:00:00-04:00,50.7400016784668,50.75,49.41999816894531,49.459999084472656,45.01348876953125,21399400,0.0,0.0
2023-03-23 00:00:00-04:00,49.560001373291016,50.25,49.40999984741211,49.72999954223633,45.25921630859375,17775400,0.0,0.0
2023-03-24 00:00:00-04:00,49.900001525878906,50.54999923706055,49.5,50.5099983215332,45.96909713745117,19438800,0.0,0.0
2023-03-27 00:00:00-04:00,50.70000076293945,50.95000076293945,50.47999954223633,50.540000915527344,45.99639129638672,15857200,0.0,0.0
2023-03-28 00:00:00-04:00,50.31999969482422,50.599998474121094,50.27000045776367,50.38999938964844,45.85987854003906,11124300,0.0,0.0
2023-03-29 00:00:00-04:00,50.72999954223633,51.27000045776367,50.63999938964844,51.16999816894531,46.56975555419922,18463400,0.0,0.0
2023-03-30 00:00:00-04:00,51.58000183105469,51.68000030517578,51.130001068115234,51.43000030517578,46.806392669677734,11754600,0.0,0.0
2023-03-31 00:00:00-04:00,51.439998626708984,52.349998474121094,51.38999938964844,52.279998779296875,47.5799674987793,20588800,0.0,0.0
2023-04-03 00:00:00-04:00,52.060001373291016,52.560001373291016,51.9900016784668,52.310001373291016,47.60727310180664,16884600,0.0,0.0
2023-04-04 00:00:00-04:00,52.029998779296875,52.119998931884766,51.43000030517578,51.81999969482422,47.51557922363281,13599900,0.39,0.0
2023-04-05 00:00:00-04:00,52.06999969482422,52.290000915527344,51.68000030517578,51.81999969482422,47.51557922363281,13797900,0.0,0.0
2023-04-06 00:00:00-04:00,50.91999816894531,51.560001373291016,50.72999954223633,51.27000045776367,47.011268615722656,14749000,0.0,0.0
2023-04-10 00:00:00-04:00,51.11000061035156,51.400001525878906,50.880001068115234,51.33000183105469,47.06627655029297,10177700,0.0,0.0
2023-04-11 00:00:00-04:00,51.119998931884766,51.29999923706055,50.52000045776367,50.619998931884766,46.41524887084961,15957900,0.0,0.0
2023-04-12 00:00:00-04:00,50.81999969482422,50.95000076293945,50.04999923706055,50.11000061035156,45.94761276245117,16100700,0.0,0.0
2023-04-13 00:00:00-04:00,50.209999084472656,50.83000183105469,50.09000015258789,50.79999923706055,46.58030319213867,15451700,0.0,0.0
2023-04-14 00:00:00-04:00,50.52000045776367,50.849998474121094,50.20000076293945,50.540000915527344,46.341896057128906,12360100,0.0,0.0
2023-04-17 00:00:00-04:00,50.560001373291016,50.68000030517578,50.04999923706055,50.279998779296875,46.103492736816406,12042300,0.0,0.0
2023-04-18 00:00:00-04:00,50.380001068115234,50.689998626708984,50.06999969482422,50.310001373291016,46.13100051879883,15203600,0.0,0.0
2023-04-19 00:00:00-04:00,49.22999954223633,49.27000045776367,47.9900016784668,48.040000915527344,44.0495719909668,30466700,0.0,0.0
2023-04-20 00:00:00-04:00,47.61000061035156,47.650001525878906,46.36000061035156,46.58000183105469,42.71084213256836,39769400,0.0,0.0
2023-04-21 00:00:00-04:00,46.56999969482422,47.119998931884766,46.2400016784668,47.029998779296875,43.12345886230469,20861000,0.0,0.0
2023-04-24 00:00:00-04:00,47.04999923706055,47.45000076293945,47.0,47.38999938964844,43.453556060791016,17359900,0.0,0.0
2023-04-25 00:00:00-04:00,47.369998931884766,47.43000030517578,46.810001373291016,47.09000015258789,43.178470611572266,20281600,0.0,0.0
2023-04-26 00:00:00-04:00,46.7599983215332,46.849998474121094,46.43000030517578,46.540000915527344,42.674163818359375,22390500,0.0,0.0
2023-04-27 00:00:00-04:00,46.779998779296875,46.79999923706055,45.970001220703125,46.560001373291016,42.692501068115234,22845400,0.0,0.0
2023-04-28 00:00:00-04:00,46.689998626708984,47.2599983215332,46.61000061035156,47.25,43.32518005371094,19665000,0.0,0.0
2023-05-01 00:00:00-04:00,47.20000076293945,47.52000045776367,47.130001068115234,47.34000015258789,43.40770721435547,13122300,0.0,0.0
2023-05-02 00:00:00-04:00,46.90999984741211,47.08000183105469,46.060001373291016,46.36000061035156,42.509117126464844,20175100,0.0,0.0
2023-05-03 00:00:00-04:00,46.41999816894531,46.54999923706055,45.86000061035156,45.959999084472656,42.142333984375,20765700,0.0,0.0
2023-05-04 00:00:00-04:00,45.77000045776367,45.93000030517578,45.560001373291016,45.70000076293945,41.90393829345703,17748900,0.0,0.0
2023-05-05 00:00:00-04:00,46.119998931884766,46.36000061035156,45.91999816894531,46.25,42.40825271606445,14317400,0.0,0.0
2023-05-08 00:00:00-04:00,46.439998626708984,46.52000045776367,46.09000015258789,46.34000015258789,42.49077224731445,12000000,0.0,0.0
2023-05-09 00:00:00-04:00,45.97999954223633,46.52000045776367,45.91999816894531,46.470001220703125,42.6099739074707,15221900,0.0,0.0
2023-05-10 00:00:00-04:00,46.70000076293945,46.93000030517578,46.150001525878906,46.709999084472656,42.83003616333008,15625100,0.0,0.0
2023-05-11 00:00:00-04:00,46.83000183105469,46.849998474121094,46.20000076293945,46.369998931884766,42.51828384399414,12521900,0.0,0.0
2023-05-12 00:00:00-04:00,46.279998779296875,46.810001373291016,46.279998779296875,46.709999084472656,42.83003616333008,14097500,0.0,0.0
2023-05-15 00:00:00-04:00,46.79999923706055,47.2599983215332,46.560001373291016,47.099998474121094,43.18764114379883,13204400,0.0,0.0
2023-05-16 00:00:00-04:00,47.2400016784668,47.33000183105469,46.79999923706055,46.91999816894531,43.02259063720703,16496300,0.0,0.0
2023-05-17 00:00:00-04:00,47.150001525878906,47.7599983215332,47.0099983215332,47.630001068115234,43.673622131347656,29326000,0.0,0.0
2023-05-18 00:00:00-04:00,45.7599983215332,48.25,45.70000076293945,48.20000076293945,44.1962776184082,41475700,0.0,0.0
2023-05-19 00:00:00-04:00,48.43000030517578,49.34000015258789,48.400001525878906,49.130001068115234,45.04903030395508,28564100,0.0,0.0
2023-05-22 00:00:00-04:00,49.11000061035156,49.22999954223633,48.77000045776367,48.81999969482422,44.764774322509766,18667500,0.0,0.0
2023-05-23 00:00:00-04:00,48.61000061035156,49.349998474121094,48.599998474121094,48.90999984741211,44.847293853759766,17645900,0.0,0.0
2023-05-24 00:00:00-04:00,48.95000076293945,49.0,48.16999816894531,48.40999984741211,44.388832092285156,15452900,0.0,0.0
2023-05-25 00:00:00-04:00,47.77000045776367,49.22999954223633,47.720001220703125,49.029998779296875,44.95732879638672,21717000,0.0,0.0
2023-05-26 00:00:00-04:00,49.11000061035156,50.09000015258789,49.11000061035156,49.86000061035156,45.718379974365234,19825600,0.0,0.0
2023-05-30 00:00:00-04:00,49.9900016784668,50.4900016784668,49.7400016784668,50.16999816894531,46.002628326416016,19074800,0.0,0.0
2023-05-31 00:00:00-04:00,49.90999984741211,50.029998779296875,49.61000061035156,49.66999816894531,45.54416275024414,51990300,0.0,0.0
2023-06-01 00:00:00-04:00,49.7599983215332,50.09000015258789,49.2599983215332,49.7400016784668,45.60835647583008,17817000,0.0,0.0
2023-06-02 00:00:00-04:00,49.869998931884766,50.25,49.72999954223633,50.02000045776367,45.86509323120117,19155400,0.0,0.0
2023-06-05 00:00:00-04:00,50.220001220703125,50.58000183105469,50.040000915527344,50.209999084472656,46.03931427001953,13964100,0.0,0.0
2023-06-06 00:00:00-04:00,49.790000915527344,49.90999984741211,49.13999938964844,49.810001373291016,45.67254638671875,16029600,0.0,0.0
2023-06-07 00:00:00-04:00,49.70000076293945,50.13999938964844,49.650001525878906,49.779998779296875,45.645023345947266,15950600,0.0,0.0
2023-06-08 00:00:00-04:00,49.91999816894531,50.0,49.56999969482422,49.68000030517578,45.5533332824707,13289100,0.0,0.0
2023-06-09 00:00:00-04:00,49.529998779296875,49.970001220703125,49.369998931884766,49.65999984741211,45.53499984741211,12173400,0.0,0.0
2023-06-12 00:00:00-04:00,49.91999816894531,50.5099983215332,49.66999816894531,50.47999954223633,46.28688430786133,15495000,0.0,0.0
2023-06-13 00:00:00-04:00,50.689998626708984,50.939998626708984,50.45000076293945,50.79999923706055,46.58030319213867,24035500,0.0,0.0
2023-06-14 00:00:00-04:00,50.79999923706055,51.220001220703125,50.630001068115234,50.959999084472656,46.72700881958008,16630700,0.0,0.0
2023-06-15 00:00:00-04:00,50.90999984741211,52.06999969482422,50.83000183105469,51.93000030517578,47.61644744873047,22496900,0.0,0.0
2023-06-16 00:00:00-04:00,52.20000076293945,52.40999984741211,51.93000030517578,52.06999969482422,47.74481201171875,37134400,0.0,0.0
2023-06-20 00:00:00-04:00,51.939998626708984,52.08000183105469,51.470001220703125,51.54999923706055,47.26800537109375,20138000,0.0,0.0
2023-06-21 00:00:00-04:00,51.380001068115234,51.400001525878906,50.81999969482422,50.849998474121094,46.62615203857422,16939600,0.0,0.0
2023-06-22 00:00:00-04:00,50.650001525878906,51.13999938964844,50.43000030517578,51.119998931884766,46.873722076416016,14993800,0.0,0.0
2023-06-23 00:00:00-04:00,50.63999938964844,50.720001220703125,50.09000015258789,50.33000183105469,46.14934539794922,16544600,0.0,0.0
2023-06-26 00:00:00-04:00,50.310001373291016,50.79999923706055,50.18000030517578,50.209999084472656,46.03931427001953,13032100,0.0,0.0
2023-06-27 00:00:00-04:00,50.310001373291016,51.040000915527344,50.25,50.86000061035156,46.63532257080078,12981000,0.0,0.0
2023-06-28 00:00:00-04:00,50.779998779296875,51.02000045776367,50.439998626708984,50.869998931884766,46.64448928833008,11387600,0.0,0.0
2023-06-29 00:00:00-04:00,50.86000061035156,51.27000045776367,50.81999969482422,51.209999084472656,46.95625305175781,14246000,0.0,0.0
2023-06-30 00:00:00-04:00,51.880001068115234,52.2599983215332,51.52000045776367,51.7400016784668,47.44221878051758,18188300,0.0,0.0
2023-07-03 00:00:00-04:00,51.36000061035156,51.83000183105469,51.33000183105469,51.81999969482422,47.51557922363281,7338300,0.0,0.0
2023-07-05 00:00:00-04:00,50.970001220703125,51.56999969482422,50.93000030517578,51.5099983215332,47.589481353759766,14950500,0.39,0.0
2023-07-06 00:00:00-04:00,51.06999969482422,51.189998626708984,50.650001525878906,51.11000061035156,47.219932556152344,13931100,0.0,0.0
2023-07-07 00:00:00-04:00,51.0,51.650001525878906,50.7400016784668,50.9900016784668,47.109073638916016,15580400,0.0,0.0
2023-07-10 00:00:00-04:00,51.06999969482422,51.5,51.02000045776367,51.400001525878906,47.48786163330078,19046500,0.0,0.0
2023-07-11 00:00:00-04:00,51.56999969482422,52.150001525878906,51.540000915527344,52.119998931884766,48.15306091308594,14998300,0.0,0.0
2023-07-12 00:00:00-04:00,51.560001373291016,51.93000030517578,50.529998779296875,50.7400016784668,46.87809753417969,26332500,0.0,0.0
2023-07-13 00:00:00-04:00,50.689998626708984,51.619998931884766,50.650001525878906,51.529998779296875,47.60795974731445,17864800,0.0,0.0
2023-07-14 00:00:00-04:00,50.41999816894531,50.970001220703125,50.060001373291016,50.380001068115234,46.54549789428711,19566600,0.0,0.0
2023-07-17 00:00:00-04:00,50.20000076293945,50.95000076293945,50.13999938964844,50.810001373291016,46.94276428222656,16140700,0.0,0.0
2023-07-18 00:00:00-04:00,50.97999954223633,51.369998931884766,50.849998474121094,51.2400016784668,47.34004211425781,16430800,0.0,0.0
2023-07-19 00:00:00-04:00,52.209999084472656,52.439998626708984,51.70000076293945,52.43000030517578,48.4394645690918,21745000,0.0,0.0
2023-07-20 00:00:00-04:00,52.060001373291016,52.869998931884766,51.91999816894531,52.369998931884766,48.384033203125,22784400,0.0,0.0
2023-07-21 00:00:00-04:00,52.75,53.0,52.529998779296875,52.630001068115234,48.62424850463867,51284800,0.0,0.0
2023-07-24 00:00:00-04:00,52.689998626708984,53.310001373291016,52.66999816894531,53.11000061035156,49.06770706176758,18390200,0.0,0.0
2023-07-25 00:00:00-04:00,53.189998626708984,53.7599983215332,53.11000061035156,53.599998474121094,49.520416259765625,16136600,0.0,0.0
2023-07-26 00:00:00-04:00,53.540000915527344,53.650001525878906,52.959999084472656,53.220001220703125,49.169334411621094,13563700,0.0,0.0
2023-07-27 00:00:00-04:00,53.599998474121094,53.88999938964844,52.86000061035156,53.0,48.96607971191406,15795500,0.0,0.0
2023-07-28 00:00:00-04:00,52.060001373291016,52.41999816894531,51.77000045776367,52.09000015258789,48.12534713745117,27491300,0.0,0.0
2023-07-31 00:00:00-04:00,51.84000015258789,52.18000030517578,51.7400016784668,52.040000915527344,48.079158782958984,14193500,0.0,0.0
2023-08-01 00:00:00-04:00,52.56999969482422,52.779998779296875,52.310001373291016,52.65999984741211,48.65195846557617,15286200,0.0,0.0
2023-08-02 00:00:00-04:00,52.380001068115234,53.11000061035156,52.31999969482422,52.58000183105469,48.57805252075195,17693700,0.0,0.0
2023-08-03 00:00:00-04:00,52.4900016784668,53.27000045776367,52.2400016784668,53.150001525878906,49.104671478271484,15186400,0.0,0.0
2023-08-04 00:00:00-04:00,52.880001068115234,53.31999969482422,52.540000915527344,52.630001068115234,48.62424850463867,12266700,0.0,0.0
2023-08-07 00:00:00-04:00,52.970001220703125,53.06999969482422,52.68000030517578,53.0099983215332,48.975318908691406,11327900,0.0,0.0
2023-08-08 00:00:00-04:00,52.65999984741211,53.130001068115234,52.36000061035156,53.060001373291016,49.02151107788086,12224800,0.0,0.0
2023-08-09 00:00:00-04:00,52.900001525878906,53.45000076293945,52.65999984741211,52.9900016784668,48.956844329833984,18765500,0.0,0.0
2023-08-10 00:00:00-04:00,53.40999984741211,54.13999938964844,53.16999816894531,53.369998931884766,49.307918548583984,16329500,0.0,0.0
2023-08-11 00:00:00-04:00,53.349998474121094,53.95000076293945,53.189998626708984,53.790000915527344,49.69595718383789,14344500,0.0,0.0
2023-08-14 00:00:00-04:00,53.79999923706055,54.130001068115234,53.720001220703125,53.880001068115234,49.779109954833984,20707300,0.0,0.0
2023-08-15 00:00:00-04:00,53.619998931884766,53.72999954223633,53.18000030517578,53.349998474121094,49.28944396972656,20173400,0.0,0.0
2023-08-16 00:00:00-04:00,53.189998626708984,53.52000045776367,52.869998931884766,52.959999084472656,48.92912673950195,26470200,0.0,0.0
2023-08-17 00:00:00-04:00,54.439998626708984,55.84000015258789,54.369998931884766,54.72999954223633,50.56441116333008,45278000,0.0,0.0
2023-08-18 00:00:00-04:00,54.630001068115234,55.459999084472656,54.619998931884766,55.040000915527344,50.8508186340332,28839800,0.0,0.0
2023-08-21 00:00:00-04:00,55.20000076293945,55.790000915527344,55.150001525878906,55.439998626708984,51.220367431640625,18283200,0.0,0.0
2023-08-22 00:00:00-04:00,55.47999954223633,55.81999969482422,55.279998779296875,55.459999084472656,51.23884963989258,15661300,0.0,0.0
2023-08-23 00:00:00-04:00,55.61000061035156,56.20000076293945,55.400001525878906,55.97999954223633,51.71926498413086,18250000,0.0,0.0
2023-08-24 00:00:00-04:00,56.31999969482422,56.47999954223633,55.209999084472656,55.2400016784668,51.03559112548828,17586400,0.0,0.0
2023-08-25 00:00:00-04:00,55.25,55.869998931884766,55.25,55.70000076293945,51.46058654785156,15731800,0.0,0.0
2023-08-28 00:00:00-04:00,55.88999938964844,56.279998779296875,55.68000030517578,56.20000076293945,51.92252731323242,15189900,0.0,0.0
2023-08-29 00:00:00-04:00,56.349998474121094,56.79999923706055,56.11000061035156,56.560001373291016,52.255130767822266,17859100,0.0,0.0
2023-08-30 00:00:00-04:00,56.630001068115234,56.90999984741211,56.540000915527344,56.810001373291016,52.4860954284668,12145400,0.0,0.0
2023-08-31 00:00:00-04:00,57.099998474121094,57.529998779296875,56.88999938964844,57.349998474121094,52.98500061035156,22619700,0.0,0.0
2023-09-01 00:00:00-04:00,57.38999938964844,58.189998626708984,57.38999938964844,57.84000015258789,53.43770217895508,14080400,0.0,0.0
2023-09-05 00:00:00-04:00,57.81999969482422,57.81999969482422,57.22999954223633,57.2599983215332,52.90184783935547,13885000,0.0,0.0
2023-09-06 00:00:00-04:00,57.099998474121094,57.470001220703125,57.06999969482422,57.15999984741211,52.8094596862793,11380400,0.0,0.0
2023-09-07 00:00:00-04:00,56.970001220703125,57.09000015258789,56.65999984741211,56.790000915527344,52.467620849609375,14762000,0.0,0.0
2023-09-08 00:00:00-04:00,56.7599983215332,57.06999969482422,56.560001373291016,56.66999816894531,52.356746673583984,13992000,0.0,0.0
2023-09-11 00:00:00-04:00,56.720001220703125,56.970001220703125,56.439998626708984,56.84000015258789,52.513816833496094,15842300,0.0,0.0
2023-09-12 00:00:00-04:00,56.650001525878906,56.86000061035156,56.34000015258789,56.38999938964844,52.098060607910156,13916100,0.0,0.0
2023-09-13 00:00:00-04:00,56.31999969482422,56.529998779296875,56.08000183105469,56.279998779296875,51.996429443359375,13092200,0.0,0.0
2023-09-14 00:00:00-04:00,56.41999816894531,56.470001220703125,56.08000183105469,56.369998931884766,52.079593658447266,15760300,0.0,0.0
2023-09-15 00:00:00-04:00,56.310001373291016,56.38999938964844,55.540000915527344,56.040000915527344,51.77470016479492,44029200,0.0,0.0
2023-09-18 00:00:00-04:00,56.0099983215332,56.279998779296875,55.83000183105469,56.11000061035156,51.83938217163086,11825000,0.0,0.0
2023-09-19 00:00:00-04:00,56.18000030517578,56.209999084472656,55.459999084472656,55.84000015258789,51.58992385864258,10748500,0.0,0.0
2023-09-20 00:00:00-04:00,55.95000076293945,56.04999923706055,55.439998626708984,55.5,51.27579879760742,12219900,0.0,0.0
2023-09-21 00:00:00-04:00,53.40999984741211,54.099998474121094,52.849998474121094,53.34000015258789,49.28020477294922,37436100,0.0,0.0
2023-09-22 00:00:00-04:00,53.400001525878906,53.83000183105469,53.20000076293945,53.56999969482422,49.49270248413086,17869500,0.0,0.0
2023-09-25 00:00:00-04:00,53.459999084472656,53.68000030517578,53.15999984741211,53.47999954223633,49.4095458984375,14224400,0.0,0.0
2023-09-26 00:00:00-04:00,53.18000030517578,53.29999923706055,52.58000183105469,52.709999084472656,48.69815444946289,15618400,0.0,0.0
2023-09-27 00:00:00-04:00,52.88999938964844,53.369998931884766,52.529998779296875,53.20000076293945,49.150856018066406,15845500,0.0,0.0
2023-09-28 00:00:00-04:00,53.369998931884766,54.189998626708984,53.349998474121094,53.880001068115234,49.779109954833984,17204400,0.0,0.0
2023-09-29 00:00:00-04:00,54.15999984741211,54.20000076293945,53.5,53.7599983215332,49.66823959350586,13951200,0.0,0.0
2023-10-02 00:00:00-04:00,53.84000015258789,54.400001525878906,53.810001373291016,54.38999938964844,50.250282287597656,13934000,0.0,0.0
2023-10-03 00:00:00-04:00,53.86000061035156,53.88999938964844,53.349998474121094,53.650001525878906,49.924591064453125,15700600,0.39,0.0
2023-10-04 00:00:00-04:00,53.65999984741211,53.849998474121094,53.220001220703125,53.45000076293945,49.73847961425781,17009000,0.0,0.0
2023-10-05 00:00:00-04:00,53.400001525878906,53.470001220703125,52.58000183105469,53.06999969482422,49.38486099243164,14929400,0.0,0.0
2023-10-06 00:00:00-04:00,52.9900016784668,53.75,52.7400016784668,53.45000076293945,49.73847961425781,15665500,0.0,0.0
2023-10-09 00:00:00-04:00,53.349998474121094,53.959999084472656,53.25,53.91999816894531,50.17583465576172,10163600,0.0,0.0
2023-10-10 00:00:00-04:00,53.959999084472656,54.09000015258789,53.650001525878906,53.869998931884766,50.12931442260742,13105600,0.0,0.0
2023-10-11 00:00:00-04:00,53.93000030517578,54.130001068115234,53.349998474121094,53.65999984741211,49.93389129638672,12658000,0.0,0.0
2023-10-12 00:00:00-04:00,54.02000045776367,54.220001220703125,53.5099983215332,53.849998474121094,50.110694885253906,11846100,0.0,0.0
2023-10-13 00:00:00-04:00,53.880001068115234,54.119998931884766,53.439998626708984,53.77000045776367,50.036258697509766,14413800,0.0,0.0
2023-10-16 00:00:00-04:00,54.06999969482422,54.59000015258789,54.040000915527344,54.15999984741211,50.3991813659668,11736600,0.0,0.0
2023-10-17 00:00:00-04:00,53.790000915527344,53.97999954223633,53.16999816894531,53.939998626708984,50.19445037841797,17105900,0.0,0.0
2023-10-18 00:00:00-04:00,53.790000915527344,54.189998626708984,53.599998474121094,53.77000045776367,50.036258697509766,13087300,0.0,0.0
2023-10-19 00:00:00-04:00,53.7599983215332,53.93000030517578,53.20000076293945,53.31999969482422,49.61750793457031,16325600,0.0,0.0
2023-10-20 00:00:00-04:00,53.38999938964844,53.59000015258789,52.79999923706055,52.93000030517578,49.25459289550781,23888700,0.0,0.0
2023-10-23 00:00:00-04:00,52.81999969482422,52.849998474121094,52.15999984741211,52.20000076293945,48.57527542114258,17760000,0.0,0.0
2023-10-24 00:00:00-04:00,52.2599983215332,53.04999923706055,52.060001373291016,53.0099983215332,49.32903289794922,14824200,0.0,0.0
2023-10-25 00:00:00-04:00,53.11000061035156,53.369998931884766,52.33000183105469,52.400001525878906,48.761390686035156,14384700,0.0,0.0
2023-10-26 00:00:00-04:00,51.869998931884766,52.130001068115234,51.310001373291016,51.369998931884766,47.80290222167969,17594500,0.0,0.0
2023-10-27 00:00:00-04:00,51.63999938964844,52.150001525878906,51.400001525878906,51.560001373291016,47.97972106933594,13333900,0.0,0.0
2023-10-30 00:00:00-04:00,51.349998474121094,51.63999938964844,51.09000015258789,51.56999969482422,47.9890251159668,13322400,0.0,0.0
2023-10-31 00:00:00-04:00,51.75,52.16999816894531,51.68000030517578,52.130001068115234,48.51013946533203,13509300,0.0,0.0
2023-11-01 00:00:00-04:00,52.040000915527344,52.279998779296875,51.79999923706055,52.189998626708984,48.56597137451172,14300700,0.0,0.0
2023-11-02 00:00:00-04:00,52.31999969482422,52.79999923706055,52.18000030517578,52.75,49.08708572387695,17459700,0.0,0.0
2023-11-03 00:00:00-04:00,53.2599983215332,53.45000076293945,52.630001068115234,53.0099983215332,49.32903289794922,17644900,0.0,0.0
2023-11-06 00:00:00-05:00,52.970001220703125,53.29999923706055,52.880001068115234,53.290000915527344,49.5895881652832,15429600,0.0,0.0
2023-11-07 00:00:00-05:00,53.34000015258789,53.439998626708984,52.970001220703125,53.130001068115234,49.44070053100586,15153100,0.0,0.0
2023-11-08 00:00:00-05:00,53.38999938964844,53.5,52.77000045776367,53.0,49.319725036621094,13633800,0.0,0.0
2023-11-09 00:00:00-05:00,52.119998931884766,52.56999969482422,51.75,52.0,48.389156341552734,21039400,0.0,0.0
2023-11-10 00:00:00-05:00,52.25,52.630001068115234,51.93000030517578,52.59000015258789,48.938194274902344,17369000,0.0,0.0
2023-11-13 00:00:00-05:00,52.47999954223633,52.63999938964844,52.09000015258789,52.22999954223633,48.603187561035156,14931600,0.0,0.0
2023-11-14 00:00:00-05:00,52.470001220703125,53.369998931884766,52.470001220703125,53.16999816894531,49.47792053222656,18331000,0.0,0.0
2023-11-15 00:00:00-05:00,53.27000045776367,53.43000030517578,53.040000915527344,53.279998779296875,49.58027648925781,32188200,0.0,0.0
2023-11-16 00:00:00-05:00,47.40999984741211,48.060001373291016,46.20000076293945,48.040000915527344,44.70414733886719,79057800,0.0,0.0
2023-11-17 00:00:00-05:00,48.04999923706055,48.36000061035156,47.72999954223633,47.7599983215332,44.44358444213867,32593700,0.0,0.0
2023-11-20 00:00:00-05:00,47.560001373291016,48.369998931884766,47.54999923706055,48.27000045776367,44.91817855834961,27421000,0.0,0.0
2023-11-21 00:00:00-05:00,48.27000045776367,48.349998474121094,47.65999984741211,47.79999923706055,44.480812072753906,21510500,0.0,0.0
2023-11-22 00:00:00-05:00,48.08000183105469,48.349998474121094,47.95000076293945,48.08000183105469,44.74136734008789,17308400,0.0,0.0
2023-11-24 00:00:00-05:00,48.09000015258789,48.400001525878906,48.04999923706055,48.36000061035156,45.00192642211914,8209500,0.0,0.0
2023-11-27 00:00:00-05:00,48.33000183105469,48.369998931884766,47.90999984741211,47.93000030517578,44.601783752441406,17651600,0.0,0.0
2023-11-28 00:00:00-05:00,47.95000076293945,48.189998626708984,47.810001373291016,47.849998474121094,44.52733612060547,16360900,0.0,0.0
2023-11-29 00:00:00-05:00,48.11000061035156,48.439998626708984,48.029998779296875,48.04999923706055,44.71345138549805,16700500,0.0,0.0
2023-11-30 00:00:00-05:00,48.189998626708984,48.5,47.939998626708984,48.380001068115234,45.020538330078125,37165000,0.0,0.0
2023-12-01 00:00:00-05:00,48.279998779296875,48.779998779296875,48.02000045776367,48.470001220703125,45.10429000854492,18744700,0.0,0.0
2023-12-04 00:00:00-05:00,48.060001373291016,48.18000030517578,47.779998779296875,48.04999923706055,44.71345138549805,17812900,0.0,0.0
2023-12-05 00:00:00-05:00,47.75,47.959999084472656,47.59000015258789,47.93000030517578,44.601783752441406,20985000,0.0,0.0
2023-12-06 00:00:00-05:00,48.06999969482422,48.209999084472656,47.650001525878906,47.70000076293945,44.387752532958984,19535500,0.0,0.0
2023-12-07 00:00:00-05:00,47.90999984741211,48.36000061035156,47.79999923706055,48.2599983215332,44.90886306762695,20478500,0.0,0.0
2023-12-08 00:00:00-05:00,48.279998779296875,48.59000015258789,48.209999084472656,48.380001068115234,45.020538330078125,16039900,0.0,0.0
2023-12-11 00:00:00-05:00,48.939998626708984,49.439998626708984,48.849998474121094,49.38999938964844,45.96039581298828,25618900,0.0,0.0
2023-12-12 00:00:00-05:00,49.58000183105469,49.59000015258789,49.11000061035156,49.33000183105469,45.904571533203125,18712200,0.0,0.0
2023-12-13 00:00:00-05:00,49.2400016784668,49.70000076293945,48.810001373291016,49.689998626708984,46.23956298828125,18689200,0.0,0.0
2023-12-14 00:00:00-05:00,50.0,50.0099983215332,49.16999816894531,49.439998626708984,46.00692367553711,28418700,0.0,0.0
2023-12-15 00:00:00-05:00,49.4900016784668,49.93000030517578,49.43000030517578,49.869998931884766,46.407066345214844,58860100,0.0,0.0
2023-12-18 00:00:00-05:00,49.91999816894531,50.29999923706055,49.400001525878906,50.2400016784668,46.751380920410156,20453100,0.0,0.0
2023-12-19 00:00:00-05:00,50.369998931884766,50.459999084472656,49.84000015258789,50.18000030517578,46.69554138183594,17035800,0.0,0.0
2023-12-20 00:00:00-05:00,50.119998931884766,50.33000183105469,49.790000915527344,49.79999923706055,46.34193420410156,17812200,0.0,0.0
2023-12-21 00:00:00-05:00,49.93000030517578,49.97999954223633,49.380001068115234,49.70000076293945,46.248878479003906,18772300,0.0,0.0
2023-12-22 00:00:00-05:00,49.84000015258789,50.38999938964844,49.84000015258789,50.09000015258789,46.611793518066406,12903800,0.0,0.0
2023-12-26 00:00:00-05:00,50.11000061035156,50.400001525878906,50.04999923706055,50.279998779296875,46.78860092163086,9721200,0.0,0.0
2023-12-27 00:00:00-05:00,50.29999923706055,50.560001373291016,50.279998779296875,50.439998626708984,46.9374885559082,10414300,0.0,0.0
2023-12-28 00:00:00-05:00,50.58000183105469,50.630001068115234,50.41999816894531,50.47999954223633,46.974708557128906,8549900,0.0,0.0
2023-12-29 00:00:00-05:00,50.45000076293945,50.59000015258789,50.220001220703125,50.52000045776367,47.01193618774414,12492900,0.0,0.0
2024-01-02 00:00:00-05:00,50.4900016784668,50.86000061035156,50.25,50.5099983215332,47.002628326416016,20242900,0.0,0.0
2024-01-03 00:00:00-05:00,50.16999816894531,50.68000030517578,49.939998626708984,50.5099983215332,47.368370056152344,20303900,0.39,0.0
2024-01-04 00:00:00-05:00,50.439998626708984,50.5099983215332,49.9900016784668,50.08000183105469,46.96512222290039,18134100,0.0,0.0
2024-01-05 00:00:00-05:00,50.18000030517578,50.369998931884766,49.869998931884766,50.09000015258789,46.97449493408203,13989300,0.0,0.0
2024-01-08 00:00:00-05:00,49.75,50.5,49.689998626708984,50.459999084472656,47.32148361206055,18070300,0.0,0.0
2024-01-09 00:00:00-05:00,49.959999084472656,50.040000915527344,49.43000030517578,49.90999984741211,46.805694580078125,20489200,0.0,0.0
2024-01-10 00:00:00-05:00,50.0,50.31999969482422,49.81999969482422,50.2400016784668,47.115169525146484,15174200,0.0,0.0
2024-01-11 00:00:00-05:00,50.45000076293945,50.5,50.040000915527344,50.439998626708984,47.3027229309082,16458300,0.0,0.0
2024-01-12 00:00:00-05:00,50.5,50.81999969482422,50.29999923706055,50.34000015258789,47.208953857421875,18785700,0.0,0.0
2024-01-16 00:00:00-05:00,50.25,50.59000015258789,50.06999969482422,50.59000015258789,47.44340133666992,17015900,0.0,0.0
2024-01-17 00:00:00-05:00,50.2400016784668,50.43000030517578,49.90999984741211,50.29999923706055,47.17143249511719,17370600,0.0,0.0
2024-01-18 00:00:00-05:00,50.29999923706055,50.79999923706055,50.279998779296875,50.75,47.593441009521484,18487500,0.0,0.0
2024-01-19 00:00:00-05:00,50.75,51.38999938964844,50.72999954223633,51.27000045776367,48.08110427856445,23015300,0.0,0.0
2024-01-22 00:00:00-05:00,51.54999923706055,51.779998779296875,51.40999984741211,51.56999969482422,48.36244583129883,20298700,0.0,0.0
2024-01-23 00:00:00-05:00,51.38999938964844,51.81999969482422,51.29999923706055,51.7599983215332,48.54062271118164,15044300,0.0,0.0
2024-01-24 00:00:00-05:00,52.0,52.0,51.209999084472656,51.310001373291016,48.118614196777344,19458500,0.0,0.0
2024-01-25 00:00:00-05:00,51.75,52.560001373291016,51.75,52.33000183105469,49.07517623901367,18936600,0.0,0.0
2024-01-26 00:00:00-05:00,52.41999816894531,52.619998931884766,51.9900016784668,52.13999938964844,48.89698791503906,13160300,0.0,0.0
2024-01-29 00:00:00-05:00,51.84000015258789,52.38999938964844,51.83000183105469,52.290000915527344,49.03766632080078,13492400,0.0,0.0
2024-01-30 00:00:00-05:00,52.29999923706055,52.41999816894531,52.0,52.2400016784668,48.99076843261719,14322100,0.0,0.0
2024-01-31 00:00:00-05:00,51.849998474121094,51.939998626708984,50.06999969482422,50.18000030517578,47.058895111083984,29311800,0.0,0.0
2024-02-01 00:00:00-05:00,50.22999954223633,50.459999084472656,49.81999969482422,50.18000030517578,47.058895111083984,20635700,0.0,0.0
2024-02-02 00:00:00-05:00,50.13999938964844,50.380001068115234,49.619998931884766,50.18000030517578,47.058895111083984,20533100,0.0,0.0
2024-02-05 00:00:00-05:00,49.939998626708984,50.150001525878906,49.2599983215332,49.5099983215332,46.430572509765625,19602000,0.0,0.0
2024-02-06 00:00:00-05:00,50.310001373291016,50.61000061035156,49.790000915527344,49.97999954223633,46.871337890625,19265800,0.0,0.0
2024-02-07 00:00:00-05:00,50.29999923706055,50.349998474121094,49.459999084472656,49.77000045776367,46.674400329589844,16794400,0.0,0.0
2024-02-08 00:00:00-05:00,49.900001525878906,49.9900016784668,49.54999923706055,49.95000076293945,46.843204498291016,19599000,0.0,0.0
2024-02-09 00:00:00-05:00,49.93000030517578,50.2599983215332,49.630001068115234,50.130001068115234,47.01200485229492,24076900,0.0,0.0
2024-02-12 00:00:00-05:00,50.029998779296875,50.20000076293945,49.529998779296875,49.9900016784668,46.880714416503906,19046300,0.0,0.0
2024-02-13 00:00:00-05:00,49.619998931884766,49.939998626708984,49.13999938964844,49.63999938964844,46.55248260498047,23633700,0.0,0.0
2024-02-14 00:00:00-05:00,49.56999969482422,50.34000015258789,49.54999923706055,50.279998779296875,47.15267562866211,31176400,0.0,0.0
2024-02-15 00:00:00-05:00,48.2599983215332,49.689998626708984,48.189998626708984,49.060001373291016,46.0085563659668,42766500,0.0,0.0
2024-02-16 00:00:00-05:00,48.75,49.08000183105469,48.38999938964844,48.439998626708984,45.427120208740234,24912300,0.0,0.0
2024-02-20 00:00:00-05:00,47.970001220703125,48.470001220703125,47.849998474121094,48.279998779296875,45.27708053588867,26402500,0.0,0.0
2024-02-21 00:00:00-05:00,48.45000076293945,48.52000045776367,47.900001525878906,48.47999954223633,45.46463394165039,15981300,0.0,0.0
2024-02-22 00:00:00-05:00,48.27000045776367,48.70000076293945,48.150001525878906,48.56999969482422,45.54903793334961,22020300,0.0,0.0
2024-02-23 00:00:00-05:00,48.619998931884766,49.13999938964844,48.5,48.86000061035156,45.82100296020508,13141900,0.0,0.0
2024-02-26 00:00:00-05:00,48.849998474121094,48.900001525878906,48.36000061035156,48.400001525878906,45.38960647583008,13018700,0.0,0.0
2024-02-27 00:00:00-05:00,48.150001525878906,48.45000076293945,48.02000045776367,48.310001373291016,45.305206298828125,12515400,0.0,0.0
2024-02-28 00:00:00-05:00,48.20000076293945,48.47999954223633,48.0099983215332,48.060001373291016,45.07075881958008,14635100,0.0,0.0
2024-02-29 00:00:00-05:00,48.189998626708984,48.47999954223633,48.130001068115234,48.369998931884766,45.361473083496094,22962500,0.0,0.0
2024-03-01 00:00:00-05:00,48.11000061035156,48.41999816894531,47.65999984741211,48.400001525878906,45.38960647583008,18508100,0.0,0.0
2024-03-04 00:00:00-05:00,48.369998931884766,49.470001220703125,48.22999954223633,49.130001068115234,46.07421112060547,25214500,0.0,0.0
2024-03-05 00:00:00-05:00,49.040000915527344,49.06999969482422,48.56999969482422,48.95000076293945,45.905399322509766,18101300,0.0,0.0
2024-03-06 00:00:00-05:00,48.97999954223633,49.40999984741211,48.970001220703125,49.16999816894531,46.11171340942383,20903600,0.0,0.0
2024-03-07 00:00:00-05:00,49.439998626708984,49.47999954223633,48.83000183105469,48.900001525878906,45.85851287841797,21224700,0.0,0.0
2024-03-08 00:00:00-05:00,48.869998931884766,49.779998779296875,48.849998474121094,49.5,46.42119598388672,19316200,0.0,0.0
2024-03-11 00:00:00-04:00,49.720001220703125,50.29999923706055,49.58000183105469,50.220001220703125,47.096412658691406,17715100,0.0,0.0
2024-03-12 00:00:00-04:00,50.540000915527344,50.54999923706055,49.88999938964844,50.06999969482422,46.95574188232422,17590400,0.0,0.0
2024-03-13 00:00:00-04:00,50.029998779296875,50.150001525878906,49.83000183105469,50.11000061035156,46.99325180053711,16669900,0.0,0.0
2024-03-14 00:00:00-04:00,50.27000045776367,50.349998474121094,49.599998474121094,49.790000915527344,46.69315719604492,17239400,0.0,0.0
2024-03-15 00:00:00-04:00,49.790000915527344,49.959999084472656,48.900001525878906,48.93000030517578,45.88664627075195,57049200,0.0,0.0
2024-03-18 00:00:00-04:00,49.220001220703125,49.65999984741211,48.97999954223633,49.27000045776367,46.20549774169922,17406700,0.0,0.0
2024-03-19 00:00:00-04:00,49.119998931884766,49.599998474121094,48.970001220703125,49.13999938964844,46.083580017089844,19601100,0.0,0.0
2024-03-20 00:00:00-04:00,49.040000915527344,49.58000183105469,48.939998626708984,49.54999923706055,46.468082427978516,18554100,0.0,0.0
2024-03-21 00:00:00-04:00,49.709999084472656,50.189998626708984,49.560001373291016,49.880001068115234,46.777557373046875,26102900,0.0,0.0
2024-03-22 00:00:00-04:00,50.04999923706055,50.099998474121094,49.720001220703125,49.779998779296875,46.68377685546875,15022900,0.0,0.0
2024-03-25 00:00:00-04:00,49.560001373291016,49.7599983215332,49.290000915527344,49.68000030517578,46.589988708496094,16191200,0.0,0.0
2024-03-26 00:00:00-04:00,49.54999923706055,49.810001373291016,49.47999954223633,49.54999923706055,46.468082427978516,13842900,0.0,0.0
2024-03-27 00:00:00-04:00,49.77000045776367,49.900001525878906,49.40999984741211,49.77000045776367,46.674400329589844,17231000,0.0,0.0
2024-03-28 00:00:00-04:00,49.88999938964844,50.20000076293945,49.810001373291016,49.90999984741211,46.805694580078125,18139700,0.0,0.0
2024-04-01 00:00:00-04:00,49.959999084472656,50.20000076293945,49.869998931884766,50.040000915527344,46.92760467529297,15138100,0.0,0.0
2024-04-02 00:00:00-04:00,49.959999084472656,50.09000015258789,49.150001525878906,49.36000061035156,46.28990173339844,16414400,0.0,0.0
2024-04-03 00:00:00-04:00,48.79999923706055,49.220001220703125,48.65999984741211,48.7400016784668,46.08190155029297,22210000,0.4,0.0
2024-04-04 00:00:00-04:00,49.09000015258789,49.54999923706055,48.040000915527344,48.11000061035156,45.48625183105469,17374000,0.0,0.0
2024-04-05 00:00:00-04:00,47.959999084472656,48.66999816894531,47.88999938964844,48.54999923706055,45.90225601196289,18661300,0.0,0.0
2024-04-08 00:00:00-04:00,48.189998626708984,48.65999984741211,48.15999984741211,48.2400016784668,45.609169006347656,15375700,0.0,0.0
2024-04-09 00:00:00-04:00,48.84000015258789,50.20000076293945,48.52000045776367,50.0099983215332,47.28263854980469,26686600,0.0,0.0
2024-04-10 00:00:00-04:00,49.72999954223633,49.77000045776367,48.810001373291016,49.209999084472656,46.52626419067383,20026400,0.0,0.0
2024-04-11 00:00:00-04:00,49.31999969482422,49.59000015258789,49.0,49.529998779296875,46.82881164550781,15703900,0.0,0.0
2024-04-12 00:00:00-04:00,49.209999084472656,49.22999954223633,48.439998626708984,48.4900016784668,45.84553909301758,16418100,0.0,0.0
2024-04-15 00:00:00-04:00,49.720001220703125,49.790000915527344,48.20000076293945,48.2400016784668,45.609169006347656,20310800,0.0,0.0
2024-04-16 00:00:00-04:00,48.470001220703125,48.5099983215332,47.84000015258789,47.91999816894531,45.30662155151367,14233400,0.0,0.0
2024-04-17 00:00:00-04:00,48.0,48.279998779296875,47.709999084472656,47.790000915527344,45.183712005615234,14407600,0.0,0.0
2024-04-18 00:00:00-04:00,48.40999984741211,48.40999984741211,47.880001068115234,48.11000061035156,45.48625183105469,13080900,0.0,0.0
2024-04-19 00:00:00-04:00,48.38999938964844,48.43000030517578,48.029998779296875,48.31999969482422,45.6848030090332,20964400,0.0,0.0
2024-04-22 00:00:00-04:00,48.4900016784668,48.59000015258789,48.0,48.13999938964844,45.514617919921875,20135700,0.0,0.0
2024-04-23 00:00:00-04:00,48.13999938964844,48.459999084472656,48.060001373291016,48.31999969482422,45.6848030090332,16261700,0.0,0.0
2024-04-24 00:00:00-04:00,48.04999923706055,48.380001068115234,47.91999816894531,48.349998474121094,45.71316909790039,14828500,0.0,0.0
2024-04-25 00:00:00-04:00,48.779998779296875,48.93000030517578,47.849998474121094,48.099998474121094,45.47679901123047,18790900,0.0,0.0
2024-04-26 00:00:00-04:00,47.63999938964844,48.279998779296875,47.61000061035156,47.86000061035156,45.24989318847656,14658900,0.0,0.0
2024-04-29 00:00:00-04:00,47.9900016784668,48.310001373291016,47.58000183105469,47.779998779296875,45.174251556396484,11599500,0.0,0.0
2024-04-30 00:00:00-04:00,47.61000061035156,47.689998626708984,46.970001220703125,46.97999954223633,44.417884826660156,18535400,0.0,0.0
2024-05-01 00:00:00-04:00,46.70000076293945,47.56999969482422,46.68000030517578,46.84000015258789,44.2855110168457,18266400,0.0,0.0
2024-05-02 00:00:00-04:00,47.029998779296875,47.119998931884766,46.599998474121094,46.790000915527344,44.238243103027344,15441700,0.0,0.0
2024-05-03 00:00:00-04:00,47.099998474121094,47.400001525878906,46.84000015258789,47.119998931884766,44.55024719238281,17935300,0.0,0.0
2024-05-06 00:00:00-04:00,47.220001220703125,47.439998626708984,46.970001220703125,47.11000061035156,44.540794372558594,14163000,0.0,0.0
2024-05-07 00:00:00-04:00,47.209999084472656,47.459999084472656,47.0099983215332,47.279998779296875,44.70152282714844,14308200,0.0,0.0
2024-05-08 00:00:00-04:00,47.439998626708984,48.13999938964844,47.25,48.0,45.38225173950195,15130200,0.0,0.0
2024-05-09 00:00:00-04:00,48.0,48.09000015258789,47.650001525878906,47.790000915527344,45.183712005615234,12449300,0.0,0.0
2024-05-10 00:00:00-04:00,48.0,48.099998474121094,47.70000076293945,48.060001373291016,45.43898391723633,12096900,0.0,0.0
2024-05-13 00:00:00-04:00,48.310001373291016,48.81999969482422,48.22999954223633,48.68000030517578,46.025169372558594,15149100,0.0,0.0
2024-05-14 00:00:00-04:00,48.97999954223633,49.18000030517578,48.349998474121094,48.95000076293945,46.28044509887695,17379700,0.0,0.0
2024-05-15 00:00:00-04:00,49.189998626708984,49.72999954223633,48.72999954223633,49.66999816894531,46.961177825927734,37342100,0.0,0.0
2024-05-16 00:00:00-04:00,50.08000183105469,50.11000061035156,48.16999816894531,48.34000015258789,45.70370864868164,47829400,0.0,0.0
2024-05-17 00:00:00-04:00,48.2599983215332,48.560001373291016,48.11000061035156,48.16999816894531,45.54298400878906,22020300,0.0,0.0
2024-05-20 00:00:00-04:00,48.0,48.06999969482422,47.0099983215332,47.130001068115234,44.55970001220703,22040700,0.0,0.0
2024-05-21 00:00:00-04:00,47.119998931884766,47.150001525878906,46.61000061035156,46.939998626708984,44.38005828857422,25172200,0.0,0.0
2024-05-22 00:00:00-04:00,47.099998474121094,47.84000015258789,47.040000915527344,47.43000030517578,44.84334182739258,19940600,0.0,0.0
2024-05-23 00:00:00-04:00,47.150001525878906,47.189998626708984,46.5099983215332,46.599998474121094,44.058597564697266,18837500,0.0,0.0
2024-05-24 00:00:00-04:00,46.630001068115234,46.79999923706055,46.380001068115234,46.41999816894531,43.88842010498047,11941100,0.0,0.0
2024-05-28 00:00:00-04:00,46.150001525878906,46.88999938964844,45.97999954223633,46.279998779296875,43.75605392456055,18178800,0.0,0.0
2024-05-29 00:00:00-04:00,45.900001525878906,46.33000183105469,45.849998474121094,46.08000183105469,43.56696701049805,16001100,0.0,0.0
2024-05-30 00:00:00-04:00,46.099998474121094,46.459999084472656,46.0,46.119998931884766,43.60478591918945,19894200,0.0,0.0
2024-05-31 00:00:00-04:00,46.13999938964844,46.56999969482422,46.0099983215332,46.5,43.96406173706055,39269100,0.0,0.0
2024-06-03 00:00:00-04:00,46.720001220703125,46.77000045776367,46.279998779296875,46.650001525878906,44.10588073730469,23295000,0.0,0.0
2024-06-04 00:00:00-04:00,46.650001525878906,47.599998474121094,46.5099983215332,47.41999816894531,44.83388900756836,23330300,0.0,0.0
2024-06-05 00:00:00-04:00,47.52000045776367,47.630001068115234,45.63999938964844,46.02000045776367,43.51023483276367,28746400,0.0,0.0
2024-06-06 00:00:00-04:00,45.939998626708984,46.38999938964844,45.779998779296875,46.22999954223633,43.70878219604492,15456100,0.0,0.0
2024-06-07 00:00:00-04:00,45.95000076293945,46.290000915527344,45.790000915527344,45.84000015258789,43.34005355834961,15734600,0.0,0.0
2024-06-10 00:00:00-04:00,45.79999923706055,45.86000061035156,45.27000045776367,45.849998474121094,43.34950256347656,13400400,0.0,0.0
2024-06-11 00:00:00-04:00,45.689998626708984,45.93000030517578,45.36000061035156,45.77000045776367,43.27387237548828,17450700,0.0,0.0
2024-06-12 00:00:00-04:00,45.9900016784668,46.08000183105469,45.38999938964844,45.619998931884766,43.13205337524414,16803100,0.0,0.0
2024-06-13 00:00:00-04:00,45.41999816894531,45.54999923706055,45.119998931884766,45.52000045776367,43.037513732910156,16149000,0.0,0.0
2024-06-14 00:00:00-04:00,45.31999969482422,45.709999084472656,44.970001220703125,45.68000030517578,43.188777923583984,15274200,0.0,0.0
2024-06-17 00:00:00-04:00,45.400001525878906,45.709999084472656,44.95000076293945,45.689998626708984,43.198238372802734,16382000,0.0,0.0
2024-06-18 00:00:00-04:00,45.5,45.9900016784668,45.5,45.970001220703125,43.46296691894531,17627000,0.0,0.0
2024-06-20 00:00:00-04:00,45.90999984741211,46.869998931884766,45.86000061035156,46.720001220703125,44.17206573486328,25613200,0.0,0.0
2024-06-21 00:00:00-04:00,47.099998474121094,47.84000015258789,47.04999923706055,47.290000915527344,44.71097946166992,64967000,0.0,0.0
2024-06-24 00:00:00-04:00,47.4900016784668,47.779998779296875,47.02000045776367,47.279998779296875,44.70152282714844,19136200,0.0,0.0
2024-06-25 00:00:00-04:00,47.27000045776367,47.81999969482422,46.9900016784668,47.380001068115234,44.79607009887695,17615800,0.0,0.0
2024-06-26 00:00:00-04:00,47.060001373291016,47.40999984741211,46.79999923706055,46.86000061035156,44.30442428588867,13981300,0.0,0.0
2024-06-27 00:00:00-04:00,46.779998779296875,47.5099983215332,46.77000045776367,47.45000076293945,44.86225128173828,16541900,0.0,0.0
2024-06-28 00:00:00-04:00,47.54999923706055,47.86000061035156,47.34000015258789,47.5099983215332,44.918975830078125,23921100,0.0,0.0
2024-07-01 00:00:00-04:00,47.47999954223633,47.84000015258789,47.349998474121094,47.52000045776367,44.928428649902344,17776000,0.0,0.0
2024-07-02 00:00:00-04:00,47.400001525878906,47.790000915527344,46.959999084472656,47.279998779296875,44.70152282714844,19794200,0.0,0.0
2024-07-03 00:00:00-04:00,47.150001525878906,47.52000045776367,47.040000915527344,47.09000015258789,44.52188491821289,8118300,0.0,0.0
2024-07-05 00:00:00-04:00,46.43000030517578,46.7599983215332,46.310001373291016,46.650001525878906,44.48373794555664,14692600,0.4,0.0
2024-07-08 00:00:00-04:00,46.349998474121094,46.779998779296875,45.95000076293945,46.060001373291016,43.92113494873047,19320900,0.0,0.0
2024-07-09 00:00:00-04:00,46.0,46.099998474121094,45.650001525878906,45.79999923706055,43.673213958740234,17343400,0.0,0.0
2024-07-10 00:00:00-04:00,46.060001373291016,46.290000915527344,45.83000183105469,46.27000045776367,44.12138366699219,18737300,0.0,0.0
2024-07-11 00:00:00-04:00,46.18000030517578,46.90999984741211,46.18000030517578,46.7599983215332,44.58863067626953,19741200,0.0,0.0
2024-07-12 00:00:00-04:00,46.779998779296875,47.86000061035156,46.650001525878906,47.380001068115234,45.179847717285156,20936100,0.0,0.0
2024-07-15 00:00:00-04:00,47.40999984741211,47.4900016784668,46.790000915527344,47.400001525878906,45.19891357421875,15925900,0.0,0.0
2024-07-16 00:00:00-04:00,47.45000076293945,47.970001220703125,47.220001220703125,47.41999816894531,45.217987060546875,17037300,0.0,0.0
2024-07-17 00:00:00-04:00,47.459999084472656,48.7400016784668,47.349998474121094,48.52000045776367,46.266902923583984,26638700,0.0,0.0
2024-07-18 00:00:00-04:00,48.150001525878906,48.63999938964844,47.97999954223633,48.040000915527344,45.80919647216797,18462500,0.0,0.0
2024-07-19 00:00:00-04:00,48.09000015258789,48.099998474121094,47.13999938964844,47.31999969482422,45.12262725830078,18289200,0.0,0.0
2024-07-22 00:00:00-04:00,47.31999969482422,47.380001068115234,46.77000045776367,46.81999969482422,44.64584732055664,19899400,0.0,0.0
2024-07-23 00:00:00-04:00,46.75,46.779998779296875,46.34000015258789,46.36000061035156,44.207210540771484,16372000,0.0,0.0
2024-07-24 00:00:00-04:00,46.540000915527344,47.040000915527344,46.2400016784668,46.849998474121094,44.6744499206543,25318200,0.0,0.0
2024-07-25 00:00:00-04:00,47.369998931884766,48.189998626708984,47.060001373291016,47.2400016784668,45.04634475708008,20631200,0.0,0.0
2024-07-26 00:00:00-04:00,47.31999969482422,48.0099983215332,47.2400016784668,47.880001068115234,45.656620025634766,16104900,0.0,0.0
2024-07-29 00:00:00-04:00,47.81999969482422,48.209999084472656,47.439998626708984,47.9900016784668,45.76151657104492,11475700,0.0,0.0
2024-07-30 00:00:00-04:00,48.189998626708984,48.54999923706055,47.88999938964844,48.13999938964844,45.9045524597168,20166000,0.0,0.0
2024-07-31 00:00:00-04:00,48.40999984741211,48.77000045776367,48.2400016784668,48.45000076293945,46.200157165527344,19953600,0.0,0.0
2024-08-01 00:00:00-04:00,48.619998931884766,48.720001220703125,47.20000076293945,47.38999938964844,45.18937683105469,18837500,0.0,0.0
2024-08-02 00:00:00-04:00,47.68000030517578,47.75,46.349998474121094,46.65999984741211,44.4932746887207,24000200,0.0,0.0
2024-08-05 00:00:00-04:00,46.54999923706055,46.68000030517578,44.689998626708984,44.7400016784668,42.662437438964844,29669600,0.0,0.0
2024-08-06 00:00:00-04:00,44.75,45.7400016784668,44.63999938964844,45.15999984741211,43.06292724609375,20524000,0.0,0.0
2024-08-07 00:00:00-04:00,45.41999816894531,46.209999084472656,45.09000015258789,45.119998931884766,43.02478790283203,18301100,0.0,0.0
2024-08-08 00:00:00-04:00,45.279998779296875,46.27000045776367,45.279998779296875,45.83000183105469,43.701820373535156,18369100,0.0,0.0
2024-08-09 00:00:00-04:00,45.70000076293945,46.060001373291016,45.2400016784668,45.470001220703125,43.35853958129883,21217600,0.0,0.0
2024-08-12 00:00:00-04:00,45.529998779296875,45.7400016784668,44.5,44.86000061035156,42.77686309814453,20289500,0.0,0.0
2024-08-13 00:00:00-04:00,44.97999954223633,45.38999938964844,44.88999938964844,45.369998931884766,43.263179779052734,20976900,0.0,0.0
2024-08-14 00:00:00-04:00,45.13999938964844,45.7400016784668,45.040000915527344,45.439998626708984,43.32992935180664,30675600,0.0,0.0
2024-08-15 00:00:00-04:00,48.75,50.279998779296875,48.15999984741211,48.529998779296875,46.27643966674805,45976400,0.0,0.0
2024-08-16 00:00:00-04:00,48.63999938964844,49.72999954223633,48.5,49.459999084472656,47.16324996948242,27424900,0.0,0.0
2024-08-19 00:00:00-04:00,49.33000183105469,49.9900016784668,49.29999923706055,49.97999954223633,47.65910720825195,16436600,0.0,0.0
2024-08-20 00:00:00-04:00,49.97999954223633,50.369998931884766,49.599998474121094,50.2400016784668,47.90703582763672,18697300,0.0,0.0
2024-08-21 00:00:00-04:00,50.290000915527344,50.54999923706055,50.029998779296875,50.45000076293945,48.10728454589844,21177600,0.0,0.0
2024-08-22 00:00:00-04:00,50.720001220703125,50.93000030517578,50.18000030517578,50.220001220703125,47.88795852661133,19143100,0.0,0.0
2024-08-23 00:00:00-04:00,50.5099983215332,50.77000045776367,50.31999969482422,50.7400016784668,48.383819580078125,16474100,0.0,0.0
2024-08-26 00:00:00-04:00,50.790000915527344,51.02000045776367,50.720001220703125,50.790000915527344,48.43149185180664,12016800,0.0,0.0
2024-08-27 00:00:00-04:00,50.66999816894531,50.84000015258789,50.400001525878906,50.709999084472656,48.35520553588867,10243900,0.0,0.0
2024-08-28 00:00:00-04:00,50.45000076293945,50.56999969482422,49.40999984741211,49.849998474121094,47.5351448059082,14571400,0.0,0.0
2024-08-29 00:00:00-04:00,49.970001220703125,50.81999969482422,49.880001068115234,50.38999938964844,48.05006790161133,16324100,0.0,0.0
2024-08-30 00:00:00-04:00,50.54999923706055,50.689998626708984,50.06999969482422,50.540000915527344,48.1931037902832,15615800,0.0,0.0
2024-09-03 00:00:00-04:00,50.310001373291016,50.5,49.900001525878906,50.060001373291016,47.735389709472656,14918600,0.0,0.0
2024-09-04 00:00:00-04:00,49.81999969482422,50.040000915527344,49.58000183105469,49.70000076293945,47.39211654663086,16411700,0.0,0.0
2024-09-05 00:00:00-04:00,49.5,49.650001525878906,48.939998626708984,49.130001068115234,46.84858322143555,16312000,0.0,0.0
2024-09-06 00:00:00-04:00,48.869998931884766,49.22999954223633,48.20000076293945,48.5,46.24782943725586,21040500,0.0,0.0
2024-09-09 00:00:00-04:00,48.470001220703125,49.150001525878906,48.2599983215332,48.70000076293945,46.43854904174805,18677600,0.0,0.0
2024-09-10 00:00:00-04:00,48.790000915527344,48.970001220703125,48.439998626708984,48.790000915527344,46.52436447143555,11754700,0.0,0.0
2024-09-11 00:00:00-04:00,48.75,49.209999084472656,47.849998474121094,49.11000061035156,46.829505920410156,15106600,0.0,0.0
2024-09-12 00:00:00-04:00,49.09000015258789,49.63999938964844,48.86000061035156,49.61000061035156,47.30629348754883,13229500,0.0,0.0
2024-09-13 00:00:00-04:00,49.7400016784668,50.060001373291016,49.66999816894531,49.79999923706055,47.48746871948242,10168900,0.0,0.0
2024-09-16 00:00:00-04:00,49.880001068115234,51.06999969482422,49.779998779296875,51.029998779296875,48.66034698486328,16668200,0.0,0.0
2024-09-17 00:00:00-04:00,51.02000045776367,51.41999816894531,50.56999969482422,50.61000061035156,48.25985336303711,13230300,0.0,0.0
2024-09-18 00:00:00-04:00,50.38999938964844,51.13999938964844,50.27000045776367,50.56999969482422,48.221710205078125,12697700,0.0,0.0
2024-09-19 00:00:00-04:00,51.40999984741211,51.720001220703125,51.150001525878906,51.439998626708984,49.051307678222656,16274000,0.0,0.0
2024-09-20 00:00:00-04:00,51.45000076293945,52.33000183105469,51.41999816894531,51.970001220703125,49.556697845458984,44096600,0.0,0.0
2024-09-23 00:00:00-04:00,52.060001373291016,52.439998626708984,51.88999938964844,52.189998626708984,49.766483306884766,18343400,0.0,0.0
2024-09-24 00:00:00-04:00,52.209999084472656,52.56999969482422,52.0099983215332,52.52000045776367,50.081153869628906,26479300,0.0,0.0
2024-09-25 00:00:00-04:00,52.56999969482422,52.72999954223633,52.369998931884766,52.650001525878906,50.20512008666992,22422200,0.0,0.0
2024-09-26 00:00:00-04:00,53.0,53.290000915527344,52.7599983215332,52.849998474121094,50.39583206176758,18374000,0.0,0.0
2024-09-27 00:00:00-04:00,53.040000915527344,53.220001220703125,52.86000061035156,53.02000045776367,50.55793762207031,13868300,0.0,0.0
2024-09-30 00:00:00-04:00,53.02000045776367,53.310001373291016,52.650001525878906,53.220001220703125,50.7486572265625,17807500,0.0,0.0
2024-10-01 00:00:00-04:00,53.11000061035156,53.20000076293945,52.310001373291016,52.7400016784668,50.29094314575195,16621800,0.0,0.0
2024-10-02 00:00:00-04:00,52.400001525878906,52.84000015258789,52.130001068115234,52.619998931884766,50.55998229980469,11071300,0.4,0.0
2024-10-03 00:00:00-04:00,52.189998626708984,52.65999984741211,52.15999984741211,52.43000030517578,50.377418518066406,11029100,0.0,0.0
2024-10-04 00:00:00-04:00,52.79999923706055,52.90999984741211,52.40999984741211,52.75,50.68489074707031,11724100,0.0,0.0
2024-10-07 00:00:00-04:00,52.58000183105469,52.849998474121094,52.369998931884766,52.5099983215332,50.454288482666016,10941700,0.0,0.0
2024-10-08 00:00:00-04:00,52.63999938964844,52.77000045776367,52.20000076293945,52.72999954223633,50.665672302246094,12365000,0.0,0.0
2024-10-09 00:00:00-04:00,52.650001525878906,53.68000030517578,52.540000915527344,53.560001373291016,51.46318817138672,10586100,0.0,0.0
2024-10-10 00:00:00-04:00,53.70000076293945,53.810001373291016,53.41999816894531,53.540000915527344,51.443965911865234,9377500,0.0,0.0
2024-10-11 00:00:00-04:00,53.52000045776367,54.33000183105469,53.52000045776367,54.25,52.12616729736328,12704500,0.0,0.0
2024-10-14 00:00:00-04:00,54.310001373291016,54.40999984741211,53.790000915527344,54.27000045776367,52.145389556884766,11428600,0.0,0.0
2024-10-15 00:00:00-04:00,54.41999816894531,54.61000061035156,53.91999816894531,54.08000183105469,51.962825775146484,20066300,0.0,0.0
2024-10-16 00:00:00-04:00,55.0,56.40999984741211,54.83000183105469,56.380001068115234,54.172786712646484,32382300,0.0,0.0
2024-10-17 00:00:00-04:00,56.380001068115234,56.58000183105469,55.849998474121094,56.400001525878906,54.19199752807617,18383400,0.0,0.0
2024-10-18 00:00:00-04:00,56.40999984741211,56.869998931884766,56.209999084472656,56.7599983215332,54.537906646728516,17679800,0.0,0.0
2024-10-21 00:00:00-04:00,56.689998626708984,57.060001373291016,56.5099983215332,56.59000015258789,54.37456130981445,14083600,0.0,0.0
2024-10-22 00:00:00-04:00,56.0,56.900001525878906,55.86000061035156,56.599998474121094,54.3841667175293,14956300,0.0,0.0
2024-10-23 00:00:00-04:00,56.15999984741211,56.59000015258789,55.9900016784668,56.279998779296875,54.076698303222656,18723000,0.0,0.0
2024-10-24 00:00:00-04:00,56.380001068115234,56.54999923706055,55.810001373291016,55.959999084472656,53.76921844482422,14699600,0.0,0.0
2024-10-25 00:00:00-04:00,56.25,56.630001068115234,55.66999816894531,55.7400016784668,53.557838439941406,14680500,0.0,0.0
2024-10-28 00:00:00-04:00,55.900001525878906,55.97999954223633,55.209999084472656,55.279998779296875,53.115848541259766,12912300,0.0,0.0
2024-10-29 00:00:00-04:00,55.369998931884766,56.11000061035156,55.27000045776367,55.68000030517578,53.500186920166016,18810100,0.0,0.0
2024-10-30 00:00:00-04:00,55.56999969482422,56.040000915527344,55.369998931884766,55.59000015258789,53.4137077331543,13284300,0.0,0.0
2024-10-31 00:00:00-04:00,55.43000030517578,55.5099983215332,54.709999084472656,54.77000045776367,52.62581253051758,22023400,0.0,0.0
2024-11-01 00:00:00-04:00,54.7400016784668,55.810001373291016,54.529998779296875,55.5,53.327232360839844,19235600,0.0,0.0
2024-11-04 00:00:00-05:00,55.45000076293945,55.90999984741211,55.119998931884766,55.83000183105469,53.644317626953125,13269900,0.0,0.0
2024-11-05 00:00:00-05:00,55.900001525878906,56.27000045776367,55.5,56.15999984741211,53.961395263671875,10183600,0.0,0.0
2024-11-06 00:00:00-05:00,57.189998626708984,58.09000015258789,56.959999084472656,57.869998931884766,55.60444641113281,20506000,0.0,0.0
2024-11-07 00:00:00-05:00,57.79999923706055,58.29999923706055,57.540000915527344,58.08000183105469,55.80622863769531,17880200,0.0,0.0
2024-11-08 00:00:00-05:00,58.09000015258789,58.20000076293945,57.65999984741211,58.060001373291016,55.787010192871094,17517700,0.0,0.0
2024-11-11 00:00:00-05:00,59.0,59.380001068115234,58.36000061035156,58.630001068115234,56.334693908691406,17827000,0.0,0.0
2024-11-12 00:00:00-05:00,58.7599983215332,59.040000915527344,58.43000030517578,58.709999084472656,56.411563873291016,16609400,0.0,0.0
2024-11-13 00:00:00-05:00,58.150001525878906,59.279998779296875,57.84000015258789,59.18000030517578,56.863162994384766,36350600,0.0,0.0
2024-11-14 00:00:00-05:00,58.9900016784668,58.9900016784668,57.52000045776367,57.91999816894531,55.65248489379883,33747700,0.0,0.0
2024-11-15 00:00:00-05:00,57.45000076293945,58.099998474121094,57.22999954223633,57.459999084472656,55.21049499511719,28173700,0.0,0.0
2024-11-18 00:00:00-05:00,57.54999923706055,57.9900016784668,57.22999954223633,57.310001373291016,55.06637191772461,23769300,0.0,0.0
2024-11-19 00:00:00-05:00,56.68000030517578,57.040000915527344,56.349998474121094,57.0099983215332,54.778114318847656,17476200,0.0,0.0
2024-11-20 00:00:00-05:00,56.84000015258789,57.5,56.61000061035156,57.5,55.24893569946289,15345000,0.0,0.0
2024-11-21 00:00:00-05:00,57.290000915527344,57.93000030517578,57.099998474121094,57.560001373291016,55.30658721923828,16162400,0.0,0.0
2024-11-22 00:00:00-05:00,57.59000015258789,58.70000076293945,57.459999084472656,58.54999923706055,56.25782775878906,14952100,0.0,0.0
2024-11-25 00:00:00-05:00,58.650001525878906,58.959999084472656,58.2599983215332,58.7400016784668,56.44039535522461,52408200,0.0,0.0
2024-11-26 00:00:00-05:00,59.0,59.63999938964844,58.939998626708984,59.59000015258789,57.257110595703125,14209700,0.0,0.0
2024-11-27 00:00:00-05:00,59.61000061035156,59.869998931884766,58.93000030517578,59.290000915527344,56.96886444091797,12703300,0.0,0.0
2024-11-29 00:00:00-05:00,59.06999969482422,59.59000015258789,59.040000915527344,59.209999084472656,56.89198684692383,11618400,0.0,0.0
2024-12-02 00:00:00-05:00,59.25,59.70000076293945,59.13999938964844,59.43000030517578,57.10337448120117,15977400,0.0,0.0
2024-12-03 00:00:00-05:00,59.43000030517578,59.529998779296875,59.16999816894531,59.47999954223633,57.15142059326172,11746000,0.0,0.0
2024-12-04 00:00:00-05:00,59.63999938964844,59.84000015258789,59.27000045776367,59.619998931884766,57.28593826293945,16872100,0.0,0.0
2024-12-05 00:00:00-05:00,59.790000915527344,60.22999954223633,59.70000076293945,60.02000045776367,57.67028045654297,19121700,0.0,0.0
2024-12-06 00:00:00-05:00,60.0,60.08000183105469,59.77000045776367,59.88999938964844,57.545372009277344,14622700,0.0,0.0
2024-12-09 00:00:00-05:00,59.83000183105469,59.880001068115234,58.86000061035156,58.95000076293945,56.64216995239258,16517500,0.0,0.0
2024-12-10 00:00:00-05:00,58.5,58.86000061035156,58.130001068115234,58.720001220703125,56.42117691040039,14480200,0.0,0.0
2024-12-11 00:00:00-05:00,58.880001068115234,58.959999084472656,58.310001373291016,58.59000015258789,56.29625701904297,26842900,0.0,0.0
2024-12-12 00:00:00-05:00,58.689998626708984,59.7400016784668,58.630001068115234,58.849998474121094,56.546085357666016,17704600,0.0,0.0
2024-12-13 00:00:00-05:00,58.619998931884766,58.939998626708984,58.380001068115234,58.619998931884766,56.32509231567383,14129700,0.0,0.0
2024-12-16 00:00:00-05:00,58.470001220703125,58.4900016784668,57.849998474121094,58.349998474121094,56.06565475463867,26883200,0.0,0.0
2024-12-17 00:00:00-05:00,58.380001068115234,59.06999969482422,58.16999816894531,58.52000045776367,56.22900390625,24912500,0.0,0.0
2024-12-18 00:00:00-05:00,58.709999084472656,58.709999084472656,57.47999954223633,57.529998779296875,55.27775955200195,24195100,0.0,0.0
2024-12-19 00:00:00-05:00,57.38999938964844,58.13999938964844,57.34000015258789,57.630001068115234,55.37384033203125,21947800,0.0,0.0
2024-12-20 00:00:00-05:00,57.56999969482422,58.779998779296875,57.27000045776367,58.52000045776367,56.22900390625,69544600,0.0,0.0
2024-12-23 00:00:00-05:00,58.130001068115234,59.02000045776367,58.119998931884766,58.97999954223633,56.67099380493164,18671200,0.0,0.0
2024-12-24 00:00:00-05:00,58.79999923706055,59.849998474121094,58.79999923706055,59.849998474121094,57.506935119628906,9922300,0.0,0.0
2024-12-26 00:00:00-05:00,59.619998931884766,60.060001373291016,59.400001525878906,59.97999954223633,57.63184356689453,8524500,0.0,0.0
2024-12-27 00:00:00-05:00,59.56999969482422,60.02000045776367,59.13999938964844,59.61000061035156,57.276329040527344,13021400,0.0,0.0
2024-12-30 00:00:00-05:00,59.09000015258789,59.38999938964844,58.40999984741211,59.189998626708984,56.87276840209961,12948100,0.0,0.0
2024-12-31 00:00:00-05:00,59.220001220703125,59.380001068115234,58.77000045776367,59.20000076293945,56.88238525390625,14173000,0.0,0.0
2025-01-02 00:00:00-05:00,59.27000045776367,59.68000030517578,58.56999969482422,59.099998474121094,56.78630065917969,16144300,0.0,0.0
2025-01-03 00:00:00-05:00,58.84000015258789,59.16999816894531,58.36000061035156,58.86000061035156,56.94108200073242,18859000,0.4,0.0
2025-01-06 00:00:00-05:00,58.90999984741211,59.58000183105469,58.59000015258789,58.77000045776367,56.854007720947266,18543300,0.0,0.0
2025-01-07 00:00:00-05:00,58.970001220703125,59.25,58.650001525878906,58.93000030517578,57.00879669189453,16863800,0.0,0.0
2025-01-08 00:00:00-05:00,58.88999938964844,59.2400016784668,58.27000045776367,59.20000076293945,57.269996643066406,14400300,0.0,0.0
2025-01-10 00:00:00-05:00,58.790000915527344,59.060001373291016,58.540000915527344,58.7400016784668,56.82499313354492,17274500,0.0,0.0
2025-01-13 00:00:00-05:00,58.91999816894531,58.93000030517578,58.16999816894531,58.7599983215332,56.844337463378906,19340700,0.0,0.0
2025-01-14 00:00:00-05:00,58.970001220703125,59.34000015258789,58.75,59.33000183105469,57.3957633972168,16715500,0.0,0.0
2025-01-15 00:00:00-05:00,59.86000061035156,60.34000015258789,59.59000015258789,59.97999954223633,58.02457046508789,19185100,0.0,0.0
2025-01-16 00:00:00-05:00,60.18000030517578,60.45000076293945,59.779998779296875,59.81999969482422,57.869781494140625,18445700,0.0,0.0
2025-01-17 00:00:00-05:00,60.7599983215332,60.95000076293945,60.20000076293945,60.22999954223633,58.26641845703125,23876400,0.0,0.0
2025-01-21 00:00:00-05:00,60.470001220703125,61.33000183105469,60.279998779296875,61.029998779296875,59.04033279418945,18623800,0.0,0.0
2025-01-22 00:00:00-05:00,61.040000915527344,61.7599983215332,60.9900016784668,61.630001068115234,59.62077713012695,19436600,0.0,0.0
2025-01-23 00:00:00-05:00,61.79999923706055,62.31999969482422,61.380001068115234,62.22999954223633,60.201210021972656,14212000,0.0,0.0
2025-01-24 00:00:00-05:00,62.060001373291016,62.290000915527344,61.86000061035156,62.22999954223633,60.201210021972656,17232900,0.0,0.0
2025-01-27 00:00:00-05:00,61.38999938964844,61.459999084472656,58.7599983215332,59.08000183105469,57.153907775878906,33730300,0.0,0.0
2025-01-28 00:00:00-05:00,59.02000045776367,59.560001373291016,58.91999816894531,59.43000030517578,57.492496490478516,25473300,0.0,0.0
2025-01-29 00:00:00-05:00,59.95000076293945,60.540000915527344,59.5099983215332,59.54999923706055,57.608585357666016,17925300,0.0,0.0
2025-01-30 00:00:00-05:00,60.470001220703125,61.08000183105469,60.25,60.470001220703125,58.49858856201172,17079000,0.0,0.0
2025-01-31 00:00:00-05:00,60.529998779296875,61.189998626708984,60.459999084472656,60.599998474121094,58.624351501464844,16554200,0.0,0.0
2025-02-03 00:00:00-05:00,60.189998626708984,61.2599983215332,59.54999923706055,61.040000915527344,59.05000305175781,20375700,0.0,0.0
2025-02-04 00:00:00-05:00,60.84000015258789,61.59000015258789,60.72999954223633,61.34000015258789,59.34022903442383,12742700,0.0,0.0
2025-02-05 00:00:00-05:00,61.45000076293945,62.709999084472656,61.29999923706055,62.56999969482422,60.530128479003906,18997400,0.0,0.0
2025-02-06 00:00:00-05:00,62.81999969482422,62.90999984741211,62.06999969482422,62.27000045776367,60.23991012573242,15521800,0.0,0.0
2025-02-07 00:00:00-05:00,62.7400016784668,63.25,62.209999084472656,62.27000045776367,60.23991012573242,23861000,0.0,0.0
2025-02-10 00:00:00-05:00,63.119998931884766,63.150001525878906,62.380001068115234,62.810001373291016,60.76230239868164,15816200,0.0,0.0
2025-02-11 00:00:00-05:00,62.529998779296875,62.79999923706055,62.18000030517578,62.43000030517578,60.39469528198242,17702500,0.0,0.0
2025-02-12 00:00:00-05:00,61.439998626708984,62.560001373291016,61.20000076293945,62.529998779296875,60.49142837524414,30116300,0.0,0.0
2025-02-13 00:00:00-05:00,66.0999984741211,66.5,62.720001220703125,63.84000015258789,61.75872039794922,43257700,0.0,0.0
2025-02-14 00:00:00-05:00,63.790000915527344,65.06999969482422,63.439998626708984,64.87000274658203,62.75514602661133,23693300,0.0,0.0
2025-02-18 00:00:00-05:00,65.30000305175781,66.25,64.43000030517578,64.58999633789062,62.4842643737793,22047500,0.0,0.0
2025-02-19 00:00:00-05:00,64.5199966430664,64.95999908447266,64.29000091552734,64.83999633789062,62.72611999511719,14164100,0.0,0.0
2025-02-20 00:00:00-05:00,64.95999908447266,65.2300033569336,64.2699966430664,64.66999816894531,62.56166458129883,14836600,0.0,0.0
2025-02-21 00:00:00-05:00,64.68000030517578,64.95999908447266,63.880001068115234,63.97999954223633,61.89415740966797,18905800,0.0,0.0
2025-02-24 00:00:00-05:00,64.43000030517578,64.58000183105469,63.150001525878906,63.2400016784668,61.17828369140625,17287500,0.0,0.0
2025-02-25 00:00:00-05:00,64.5999984741211,64.63999938964844,63.31999969482422,64.2699966430664,62.17470169067383,22100100,0.0,0.0
2025-02-26 00:00:00-05:00,64.05000305175781,64.77999877929688,63.939998626708984,64.08000183105469,61.99089813232422,13452300,0.0,0.0
2025-02-27 00:00:00-05:00,64.7699966430664,65.29000091552734,63.75,63.810001373291016,61.72970199584961,24695600,0.0,0.0
2025-02-28 00:00:00-05:00,63.93000030517578,64.16000366210938,62.83000183105469,64.11000061035156,62.01992416381836,26711800,0.0,0.0
2025-03-03 00:00:00-05:00,64.38999938964844,64.87999725341797,63.189998626708984,63.47999954223633,61.410465240478516,21810700,0.0,0.0
2025-03-04 00:00:00-05:00,63.7400016784668,63.90999984741211,62.61000061035156,63.2599983215332,61.197635650634766,24588300,0.0,0.0
2025-03-05 00:00:00-05:00,63.22999954223633,64.18000030517578,62.79999923706055,63.959999084472656,61.874813079833984,14931500,0.0,0.0
2025-03-06 00:00:00-05:00,63.79999923706055,64.0199966430664,62.7599983215332,63.40999984741211,61.34273910522461,23155100,0.0,0.0
2025-03-07 00:00:00-05:00,62.900001525878906,64.16999816894531,62.189998626708984,63.939998626708984,61.855464935302734,21154800,0.0,0.0
2025-03-10 00:00:00-04:00,63.47999954223633,63.689998626708984,61.68000030517578,62.060001373291016,60.0367546081543,27417600,0.0,0.0
2025-03-11 00:00:00-04:00,62.279998779296875,62.380001068115234,60.529998779296875,60.66999816894531,58.69207000732422,25787400,0.0,0.0
2025-03-12 00:00:00-04:00,60.959999084472656,61.18000030517578,60.25,60.459999084472656,58.488914489746094,18935300,0.0,0.0
2025-03-13 00:00:00-04:00,60.40999984741211,60.4900016784668,59.22999954223633,59.66999816894531,57.724674224853516,16463300,0.0,0.0
2025-03-14 00:00:00-04:00,60.31999969482422,60.619998931884766,59.91999816894531,60.5,58.527610778808594,16250700,0.0,0.0
2025-03-17 00:00:00-04:00,60.400001525878906,61.209999084472656,60.34000015258789,60.88999938964844,58.9048957824707,15335800,0.0,0.0
2025-03-18 00:00:00-04:00,60.66999816894531,60.79999923706055,59.66999816894531,60.29999923706055,58.33413314819336,16669000,0.0,0.0
2025-03-19 00:00:00-04:00,60.630001068115234,61.58000183105469,60.5,61.119998931884766,59.12739944458008,15488800,0.0,0.0
2025-03-20 00:00:00-04:00,60.47999954223633,61.02000045776367,60.34000015258789,60.619998931884766,58.643699645996094,16528600,0.0,0.0
2025-03-21 00:00:00-04:00,60.16999816894531,60.400001525878906,59.43000030517578,60.29999923706055,58.33413314819336,65935200,0.0,0.0
2025-03-24 00:00:00-04:00,61.040000915527344,61.380001068115234,60.880001068115234,60.970001220703125,58.98229217529297,28335600,0.0,0.0
2025-03-25 00:00:00-04:00,60.84000015258789,61.209999084472656,60.70000076293945,60.9900016784668,59.001644134521484,20877600,0.0,0.0
2025-03-26 00:00:00-04:00,61.029998779296875,61.84000015258789,61.0099983215332,61.79999923706055,59.78523254394531,30621200,0.0,0.0
2025-03-27 00:00:00-04:00,61.88999938964844,61.97999954223633,61.33000183105469,61.400001525878906,59.398277282714844,25720200,0.0,0.0
2025-03-28 00:00:00-04:00,61.65999984741211,61.779998779296875,60.5099983215332,60.86000061035156,58.875877380371094,24931700,0.0,0.0
2025-03-31 00:00:00-04:00,60.630001068115234,61.900001525878906,60.2400016784668,61.709999084472656,59.69816207885742,29335700,0.0,0.0
2025-04-01 00:00:00-04:00,61.380001068115234,62.040000915527344,61.060001373291016,61.79999923706055,59.78523254394531,17381400,0.0,0.0
2025-04-02 00:00:00-04:00,61.20000076293945,61.869998931884766,61.099998474121094,61.81999969482422,59.80458068847656,18610700,0.0,0.0
2025-04-03 00:00:00-04:00,59.380001068115234,59.91999816894531,57.2599983215332,57.310001373291016,55.811763763427734,40006300,0.41,0.0
2025-04-04 00:00:00-04:00,56.65999984741211,57.470001220703125,54.439998626708984,54.540000915527344,53.11417770385742,42924400,0.0,0.0
2025-04-07 00:00:00-04:00,53.380001068115234,56.119998931884766,52.11000061035156,54.40999984741211,52.98758316040039,46816200,0.0,0.0
2025-04-08 00:00:00-04:00,54.7400016784668,55.869998931884766,52.720001220703125,53.189998626708984,51.799468994140625,37377000,0.0,0.0
2025-04-09 00:00:00-04:00,53.08000183105469,58.43000030517578,52.66999816894531,58.130001068115234,56.61032485961914,53380800,0.0,0.0
2025-04-10 00:00:00-04:00,57.81999969482422,57.939998626708984,55.0,56.59000015258789,55.11058807373047,31964600,0.0,0.0
2025-04-11 00:00:00-04:00,56.66999816894531,57.79999923706055,56.279998779296875,57.33000183105469,55.83124542236328,23036900,0.0,0.0
2025-04-14 00:00:00-04:00,57.88999938964844,58.209999084472656,57.099998474121094,57.40999984741211,55.909149169921875,15657700,0.0,0.0
2025-04-15 00:00:00-04:00,57.869998931884766,57.90999984741211,57.060001373291016,57.20000076293945,55.70464324951172,18543600,0.0,0.0
2025-04-16 00:00:00-04:00,56.56999969482422,57.08000183105469,55.41999816894531,55.7599983215332,54.30228805541992,20551300,0.0,0.0
2025-04-17 00:00:00-04:00,56.20000076293945,56.40999984741211,55.689998626708984,55.7599983215332,54.30228805541992,15910400,0.0,0.0
2025-04-21 00:00:00-04:00,55.15999984741211,55.33000183105469,53.83000183105469,54.369998931884766,52.9486198425293,15578800,0.0,0.0
2025-04-22 00:00:00-04:00,55.220001220703125,55.279998779296875,54.59000015258789,55.040000915527344,53.60110855102539,19961800,0.0,0.0
2025-04-23 00:00:00-04:00,56.150001525878906,56.97999954223633,55.5,55.630001068115234,54.17568588256836,30231500,0.0,0.0
2025-04-24 00:00:00-04:00,55.29999923706055,56.56999969482422,55.15999984741211,56.290000915527344,54.81843566894531,22782300,0.0,0.0
2025-04-25 00:00:00-04:00,56.209999084472656,56.779998779296875,56.06999969482422,56.709999084472656,55.227447509765625,16493500,0.0,0.0
2025-04-28 00:00:00-04:00,56.529998779296875,57.33000183105469,56.41999816894531,56.84000015258789,55.35405349731445,23140600,0.0,0.0
2025-04-29 00:00:00-04:00,56.689998626708984,57.4900016784668,56.630001068115234,57.34000015258789,55.840980529785156,13466000,0.0,0.0
2025-04-30 00:00:00-04:00,57.099998474121094,57.90999984741211,56.459999084472656,57.72999954223633,56.22078323364258,19921200,0.0,0.0
2025-05-01 00:00:00-04:00,57.779998779296875,58.470001220703125,57.68000030517578,58.119998931884766,56.600589752197266,16420800,0.0,0.0
2025-05-02 00:00:00-04:00,59.060001373291016,59.41999816894531,58.7400016784668,59.33000183105469,57.77895736694336,18753200,0.0,0.0
2025-05-05 00:00:00-04:00,59.0,59.650001525878906,58.880001068115234,59.31999969482422,57.76921844482422,14758500,0.0,0.0
2025-05-06 00:00:00-04:00,58.630001068115234,59.5099983215332,58.58000183105469,59.220001220703125,57.67183303833008,13766500,0.0,0.0
2025-05-07 00:00:00-04:00,59.20000076293945,59.900001525878906,59.06999969482422,59.56999969482422,58.01268005371094,14078300,0.0,0.0
2025-05-08 00:00:00-04:00,59.959999084472656,60.279998779296875,59.43000030517578,59.709999084472656,58.149024963378906,16196700,0.0,0.0
2025-05-09 00:00:00-04:00,60.65999984741211,60.83000183105469,59.439998626708984,59.77000045776367,58.207454681396484,17480700,0.0,0.0
2025-05-12 00:00:00-04:00,61.61000061035156,61.849998474121094,61.119998931884766,61.66999816894531,60.05778121948242,23700000,0.0,0.0
2025-05-13 00:00:00-04:00,61.68000030517578,62.2400016784668,61.61000061035156,61.779998779296875,60.16490936279297,18591200,0.0,0.0
2025-05-14 00:00:00-04:00,61.630001068115234,61.869998931884766,60.849998474121094,61.290000915527344,59.68771743774414,34509200,0.0,0.0
2025-05-15 00:00:00-04:00,63.06999969482422,65.75,62.91999816894531,64.26000213623047,62.580074310302734,60718000,0.0,0.0
2025-05-16 00:00:00-04:00,63.90999984741211,64.02999877929688,62.97999954223633,63.619998931884766,61.9567985534668,30289900,0.0,0.0
2025-05-19 00:00:00-04:00,63.43000030517578,64.12999725341797,63.18000030517578,63.91999816894531,62.24896240234375,16249000,0.0,0.0
2025-05-20 00:00:00-04:00,63.7400016784668,63.849998474121094,63.06999969482422,63.41999816894531,61.762027740478516,14995200,0.0,0.0
2025-05-21 00:00:00-04:00,62.9900016784668,63.90999984741211,62.970001220703125,63.20000076293945,61.547786712646484,15595900,0.0,0.0
2025-05-22 00:00:00-04:00,63.40999984741211,63.720001220703125,62.95000076293945,63.36000061035156,61.70360565185547,15641100,0.0,0.0
2025-05-23 00:00:00-04:00,62.709999084472656,63.220001220703125,62.529998779296875,63.11000061035156,61.460140228271484,15645400,0.0,0.0
2025-05-27 00:00:00-04:00,63.7599983215332,63.9900016784668,63.34000015258789,63.75,62.083404541015625,17429400,0.0,0.0
2025-05-28 00:00:00-04:00,63.88999938964844,63.9900016784668,63.25,63.34000015258789,61.68412780761719,13814500,0.0,0.0
2025-05-29 00:00:00-04:00,63.72999954223633,63.7400016784668,62.4900016784668,63.04999923706055,61.40170669555664,13982800,0.0,0.0
2025-05-30 00:00:00-04:00,62.91999816894531,63.18000030517578,62.29999923706055,63.040000915527344,61.3919677734375,25829000,0.0,0.0
2025-06-02 00:00:00-04:00,62.72999954223633,63.880001068115234,62.709999084472656,63.849998474121094,62.180789947509766,15816000,0.0,0.0
2025-06-03 00:00:00-04:00,63.79999923706055,64.45999908447266,63.720001220703125,64.36000061035156,62.67745590209961,15156900,0.0,0.0
2025-06-04 00:00:00-04:00,64.66000366210938,64.88999938964844,64.3499984741211,64.38999938964844,62.70667266845703,14770900,0.0,0.0
2025-06-05 00:00:00-04:00,64.4800033569336,64.91000366210938,64.27999877929688,64.62000274658203,62.9306640625,17025200,0.0,0.0
2025-06-06 00:00:00-04:00,65.31999969482422,66.16000366210938,65.2300033569336,66.05999755859375,64.3330078125,20943800,0.0,0.0
2025-06-09 00:00:00-04:00,66.11000061035156,66.36000061035156,65.58999633789062,65.9000015258789,64.17720031738281,13689800,0.0,0.0
2025-06-10 00:00:00-04:00,66.01000213623047,66.08000183105469,64.80999755859375,65.1500015258789,63.446807861328125,17214900,0.0,0.0
2025-06-11 00:00:00-04:00,65.11000061035156,65.1500015258789,63.869998931884766,64.19000244140625,62.51190185546875,20442600,0.0,0.0
2025-06-12 00:00:00-04:00,64.31999969482422,65.20999908447266,64.11000061035156,65.0999984741211,63.398109436035156,15160800,0.0,0.0
2025-06-13 00:00:00-04:00,64.58999633789062,64.72000122070312,63.93000030517578,64.08999633789062,62.41450881958008,14635000,0.0,0.0
2025-06-16 00:00:00-04:00,65.19000244140625,65.61000061035156,64.8499984741211,65.51000213623047,63.79739761352539,16957700,0.0,0.0
2025-06-17 00:00:00-04:00,65.63999938964844,66.1500015258789,65.0199966430664,65.33000183105469,63.622100830078125,18845200,0.0,0.0
2025-06-18 00:00:00-04:00,65.69000244140625,66.33999633789062,65.37999725341797,65.83999633789062,64.11875915527344,22664200,0.0,0.0
2025-06-20 00:00:00-04:00,66.48999786376953,66.6500015258789,65.72000122070312,66.31999969482422,64.58621978759766,50421700,0.0,0.0
2025-06-23 00:00:00-04:00,66.3499984741211,67.48999786376953,66.20999908447266,67.37999725341797,65.6185073852539,34030000,0.0,0.0
2025-06-24 00:00:00-04:00,67.77999877929688,68.04000091552734,67.36000061035156,67.88999938964844,66.11517333984375,23162700,0.0,0.0
2025-06-25 00:00:00-04:00,67.8499984741211,68.52999877929688,67.77999877929688,68.19000244140625,66.40733337402344,19395700,0.0,0.0
2025-06-26 00:00:00-04:00,68.72000122070312,69.16000366210938,68.41999816894531,68.94999694824219,67.14746856689453,23154000,0.0,0.0
2025-06-27 00:00:00-04:00,68.87000274658203,69.22000122070312,68.33999633789062,68.6500015258789,66.85530090332031,26224600,0.0,0.0
2025-06-30 00:00:00-04:00,68.83000183105469,69.77999877929688,68.75,69.37999725341797,67.56621551513672,32561200,0.0,0.0
2025-07-01 00:00:00-04:00,69.37999725341797,69.55000305175781,68.63999938964844,69.0999984741211,67.29354095458984,21939500,0.0,0.0
2025-07-02 00:00:00-04:00,68.68000030517578,68.94000244140625,68.18000030517578,68.58999633789062,66.796875,16655200,0.0,0.0
2025-07-03 00:00:00-04:00,68.18000030517578,69.47000122070312,68.18000030517578,69.37000274658203,67.9627456665039,17973500,0.41,0.0
2025-07-07 00:00:00-04:00,69.08000183105469,69.30000305175781,68.61000061035156,68.93000030517578,67.53166198730469,23985200,0.0,0.0
2025-07-08 00:00:00-04:00,68.80000305175781,68.91999816894531,68.3499984741211,68.58999633789062,67.19855499267578,21182600,0.0,0.0
2025-07-09 00:00:00-04:00,68.54000091552734,69.31999969482422,68.30999755859375,69.2699966430664,67.86475372314453,23765900,0.0,0.0
2025-07-10 00:00:00-04:00,69.26000213623047,69.38999938964844,68.55999755859375,68.76000213623047,67.3651123046875,15005300,0.0,0.0
2025-07-11 00:00:00-04:00,68.29000091552734,68.5,67.69000244140625,67.94999694824219,66.57154083251953,14699400,0.0,0.0
2025-07-14 00:00:00-04:00,67.83000183105469,68.02999877929688,67.19999694824219,67.81999969482422,66.44418334960938,16451400,0.0,0.0
2025-07-15 00:00:00-04:00,67.68000030517578,67.87999725341797,67.1500015258789,67.18000030517578,65.81716918945312,13944600,0.0,0.0
2025-07-16 00:00:00-04:00,67.1500015258789,67.55999755859375,66.9800033569336,67.37000274658203,66.00330352783203,15156100,0.0,0.0
2025-07-17 00:00:00-04:00,67.55000305175781,68.47000122070312,67.51000213623047,68.30000305175781,66.91444396972656,20400000,0.0,0.0
2025-07-18 00:00:00-04:00,68.77999877929688,68.83999633789062,67.95999908447266,68.05000305175781,66.66951751708984,16145100,0.0,0.0
2025-07-21 00:00:00-04:00,67.9000015258789,68.62000274658203,67.79000091552734,68.33999633789062,66.95362091064453,14674200,0.0,0.0
2025-07-22 00:00:00-04:00,68.33999633789062,68.5999984741211,68.08000183105469,68.16000366210938,66.77729034423828,14527200,0.0,0.0
2025-07-23 00:00:00-04:00,68.3499984741211,68.83000183105469,68.05999755859375,68.62000274658203,67.22795104980469,13042300,0.0,0.0
2025-07-24 00:00:00-04:00,68.36000061035156,68.58999633789062,67.91999816894531,68.29000091552734,66.9046401977539,13534000,0.0,0.0
2025-07-25 00:00:00-04:00,68.37999725341797,68.81999969482422,68.06999969482422,68.69000244140625,67.2965316772461,11590000,0.0,0.0
2025-07-28 00:00:00-04:00,67.75,67.95999908447266,67.37000274658203,67.91999816894531,66.54214477539062,20558400,0.0,0.0
2025-07-29 00:00:00-04:00,68.2300033569336,68.72000122070312,67.83000183105469,67.95999908447266,66.58133697509766,15261800,0.0,0.0
2025-07-30 00:00:00-04:00,67.83999633789062,68.58000183105469,67.3499984741211,68.27999877929688,66.89484405517578,15518200,0.0,0.0
2025-07-31 00:00:00-04:00,68.30999755859375,69.1500015258789,67.87999725341797,68.08000183105469,66.69890594482422,18529200,0.0,0.0
2025-08-01 00:00:00-04:00,67.51000213623047,67.61000061035156,66.5199966430664,67.11000061035156,65.74858093261719,21650000,0.0,0.0
2025-08-04 00:00:00-04:00,67.7699966430664,68.51000213623047,67.61000061035156,68.48999786376953,67.1005859375,17052200,0.0,0.0
2025-08-05 00:00:00-04:00,68.69000244140625,68.87000274658203,67.44000244140625,67.5199966430664,66.15026092529297,15434500,0.0,0.0
2025-08-06 00:00:00-04:00,67.95999908447266,69.3499984741211,67.7699966430664,69.20999908447266,67.80597686767578,23107800,0.0,0.0
2025-08-07 00:00:00-04:00,69.80000305175781,70.13999938964844,69.20999908447266,69.9000015258789,68.48198699951172,22579600,0.0,0.0
2025-08-08 00:00:00-04:00,70.23999786376953,72.0199966430664,70.22000122070312,71.79000091552734,70.3336410522461,31662400,0.0,0.0
2025-08-11 00:00:00-04:00,72.30000305175781,72.55000305175781,70.33999633789062,70.66999816894531,69.23636627197266,28911400,0.0,0.0
2025-08-12 00:00:00-04:00,70.79000091552734,71.5,70.55999755859375,71.37999725341797,69.93195343017578,21912100,0.0,0.0
2025-08-13 00:00:00-04:00,71.86000061035156,72.02999877929688,70.25,70.4000015258789,68.97183990478516,38096400,0.0,0.0
2025-08-14 00:00:00-04:00,68.0,70.61000061035156,67.4800033569336,69.30000305175781,67.8941650390625,39317300,0.0,0.0
2025-08-15 00:00:00-04:00,68.44999694824219,68.6500015258789,65.86000061035156,66.19999694824219,64.85704040527344,40877300,0.0,0.0
2025-08-18 00:00:00-04:00,66.08000183105469,67.11000061035156,65.75,66.94999694824219,65.5918197631836,20903400,0.0,0.0
2025-08-19 00:00:00-04:00,66.76000213623047,67.5199966430664,66.4800033569336,66.76000213623047,65.40568542480469,18746600,0.0,0.0
2025-08-20 00:00:00-04:00,66.81999969482422,67.19000244140625,66.54000091552734,67.11000061035156,65.74858093261719,14946400,0.0,0.0
2025-08-21 00:00:00-04:00,67.0999984741211,67.22000122070312,66.47000122070312,67.0199966430664,65.660400390625,12456600,0.0,0.0
2025-08-22 00:00:00-04:00,67.33000183105469,68.04000091552734,67.01000213623047,67.31999969482422,65.9543228149414,16830600,0.0,0.0
2025-08-25 00:00:00-04:00,67.27999877929688,67.5,67.11000061035156,67.13999938964844,65.77796936035156,11724500,0.0,0.0
2025-08-26 00:00:00-04:00,67.16999816894531,68.75,67.11000061035156,68.38999938964844,67.00261688232422,28307900,0.0,0.0
2025-08-27 00:00:00-04:00,68.31999969482422,68.75,68.1500015258789,68.44000244140625,67.05159759521484,13876700,0.0,0.0
2025-08-28 00:00:00-04:00,68.36000061035156,69.58000183105469,68.3499984741211,69.43000030517578,68.02151489257812,15256000,0.0,0.0
2025-08-29 00:00:00-04:00,69.11000061035156,69.45999908447266,68.83000183105469,69.08999633789062,67.68841552734375,14953000,0.0,0.0
2025-09-02 00:00:00-04:00,68.11000061035156,68.31999969482422,67.37999725341797,67.80000305175781,66.4245834350586,18928800,0.0,0.0
2025-09-03 00:00:00-04:00,68.05000305175781,68.12999725341797,67.33000183105469,67.66999816894531,66.29722595214844,14320100,0.0,0.0
2025-09-04 00:00:00-04:00,68.0999984741211,68.41000366210938,67.41000366210938,67.98999786376953,66.61072540283203,14388500,0.0,0.0
2025-09-05 00:00:00-04:00,67.72000122070312,68.0999984741211,66.4800033569336,66.9000015258789,65.5428466796875,21050800,0.0,0.0
2025-09-08 00:00:00-04:00,66.72000122070312,67.01000213623047,66.3499984741211,66.87999725341797,65.52323913574219,14038000,0.0,0.0
2025-09-09 00:00:00-04:00,66.73999786376953,67.44000244140625,66.63999938964844,67.33999633789062,65.97391510009766,11649400,0.0,0.0
2025-09-10 00:00:00-04:00,67.58999633789062,68.31999969482422,67.12000274658203,68.12999725341797,66.74788665771484,14689500,0.0,0.0
2025-09-11 00:00:00-04:00,68.30999755859375,68.56999969482422,67.51000213623047,67.69000244140625,66.31681823730469,17560800,0.0,0.0
2025-09-12 00:00:00-04:00,66.87999725341797,67.33999633789062,66.12999725341797,66.52999877929688,65.18035125732422,18529200,0.0,0.0
2025-09-15 00:00:00-04:00,66.51000213623047,67.19999694824219,66.3499984741211,67.0199966430664,65.660400390625,16203100,0.0,0.0
2025-09-16 00:00:00-04:00,67.0199966430664,67.37999725341797,66.55000305175781,66.93000030517578,65.57223510742188,18019300,0.0,0.0
2025-09-17 00:00:00-04:00,67.0,67.87999725341797,66.37999725341797,67.72000122070312,66.34620666503906,18652100,0.0,0.0
2025-09-18 00:00:00-04:00,67.9000015258789,68.76000213623047,67.4800033569336,68.68000030517578,67.28673553466797,20279000,0.0,0.0
2025-09-19 00:00:00-04:00,68.91999816894531,68.91999816894531,67.18000030517578,68.20999908447266,66.82626342773438,47822500,0.0,0.0
2025-09-22 00:00:00-04:00,67.86000061035156,68.0,67.30000305175781,67.75,66.37560272216797,20396700,0.0,0.0
2025-09-23 00:00:00-04:00,67.58000183105469,68.22000122070312,67.06999969482422,67.54000091552734,66.16986083984375,22240000,0.0,0.0
2025-09-24 00:00:00-04:00,67.69999694824219,67.86000061035156,66.88999938964844,67.31999969482422,65.9543228149414,17433100,0.0,0.0
2025-09-25 00:00:00-04:00,67.31999969482422,68.23999786376953,67.11000061035156,67.8499984741211,66.47356414794922,22351700,0.0,0.0
2025-09-26 00:00:00-04:00,67.87000274658203,67.91000366210938,66.8499984741211,67.22000122070312,65.85635375976562,15077400,0.0,0.0
2025-09-29 00:00:00-04:00,67.72000122070312,67.94999694824219,67.44000244140625,67.72000122070312,66.34620666503906,14358300,0.0,0.0
2025-09-30 00:00:00-04:00,67.70999908447266,68.7699966430664,67.69000244140625,68.41999816894531,67.03199768066406,20498900,0.0,0.0
2025-10-01 00:00:00-04:00,67.9000015258789,68.81999969482422,67.69000244140625,68.75,67.35530853271484,15530700,0.0,0.0
2025-10-02 00:00:00-04:00,69.18000030517578,69.48999786376953,68.26000213623047,68.30999755859375,66.92424011230469,15708300,0.0,0.0
2025-10-03 00:00:00-04:00,67.94999694824219,68.58000183105469,67.6500015258789,67.91999816894531,66.9439468383789,11113200,0.41,0.0
2025-10-06 00:00:00-04:00,68.44000244140625,68.94999694824219,67.80999755859375,68.91000366210938,67.91973114013672,21952700,0.0,0.0
2025-10-07 00:00:00-04:00,68.91999816894531,69.22000122070312,68.44000244140625,68.98999786376953,67.99857330322266,16493200,0.0,0.0
2025-10-08 00:00:00-04:00,69.80999755859375,70.76000213623047,69.0,70.33000183105469,69.31932067871094,34246300,0.0,0.0
2025-10-09 00:00:00-04:00,70.30999755859375,70.62000274658203,69.02999877929688,69.95999908447266,68.95463562011719,21209500,0.0,0.0
2025-10-10 00:00:00-04:00,70.41000366210938,70.80999755859375,67.88999938964844,67.94000244140625,66.96366119384766,20961500,0.0,0.0
2025-10-13 00:00:00-04:00,68.55000305175781,68.88999938964844,67.12999725341797,67.45999908447266,66.49056243896484,14127900,0.0,0.0
2025-10-14 00:00:00-04:00,67.11000061035156,69.16000366210938,66.80999755859375,68.66000366210938,67.67332458496094,15402000,0.0,0.0
2025-10-15 00:00:00-04:00,69.30999755859375,70.30000305175781,68.81999969482422,69.5199966430664,68.52095794677734,16260500,0.0,0.0
2025-10-16 00:00:00-04:00,69.77999877929688,70.06999969482422,68.56999969482422,69.08999633789062,68.09713745117188,13950600,0.0,0.0
2025-10-17 00:00:00-04:00,69.05999755859375,70.7699966430664,68.94999694824219,70.12999725341797,69.12218475341797,16286900,0.0,0.0
2025-10-20 00:00:00-04:00,70.12000274658203,70.97000122070312,70.12000274658203,70.6500015258789,69.63472747802734,12183500,0.0,0.0
2025-10-21 00:00:00-04:00,70.58000183105469,71.23999786376953,70.37999725341797,70.72000122070312,69.70372009277344,15763300,0.0,0.0
2025-10-22 00:00:00-04:00,70.86000061035156,70.97000122070312,69.8499984741211,70.66000366210938,69.64458465576172,14967200,0.0,0.0
2025-10-23 00:00:00-04:00,70.5999984741211,71.23999786376953,70.2300033569336,70.2699966430664,69.26017761230469,14614100,0.0,0.0
2025-10-24 00:00:00-04:00,70.63999938964844,70.94000244140625,70.05999755859375,70.62999725341797,69.61500549316406,13075600,0.0,0.0
2025-10-27 00:00:00-04:00,70.54000091552734,71.45999908447266,70.43000030517578,71.38999938964844,70.36408233642578,15986800,0.0,0.0
2025-10-28 00:00:00-04:00,71.19999694824219,72.68000030517578,71.02999877929688,72.62000274658203,71.57640838623047,19896800,0.0,0.0
2025-10-29 00:00:00-04:00,72.68000030517578,72.81999969482422,70.91999816894531,71.33000183105469,70.30494689941406,18020600,0.0,0.0
2025-10-30 00:00:00-04:00,71.37000274658203,73.11000061035156,71.33999633789062,72.91000366210938,71.86224365234375,18101800,0.0,0.0
2025-10-31 00:00:00-04:00,72.72000122070312,73.4800033569336,72.43000030517578,73.11000061035156,72.05936431884766,24008000,0.0,0.0
2025-11-03 00:00:00-05:00,74.61000061035156,74.83999633789062,73.62000274658203,74.44999694824219,73.38011169433594,21733400,0.0,0.0
2025-11-04 00:00:00-05:00,73.9000015258789,73.98999786376953,71.9800033569336,72.31999969482422,71.28072357177734,22345000,0.0,0.0
2025-11-05 00:00:00-05:00,72.22000122070312,72.58000183105469,71.33999633789062,72.0999984741211,71.06388092041016,16113500,0.0,0.0
2025-11-06 00:00:00-05:00,71.70999908447266,72.2300033569336,70.69000244140625,71.04000091552734,70.01911926269531,16469900,0.0,0.0
2025-11-07 00:00:00-05:00,71.38999938964844,71.58999633789062,70.54000091552734,71.06999969482422,70.04869079589844,16913700,0.0,0.0
2025-11-10 00:00:00-05:00,71.76000213623047,72.5,71.1500015258789,72.08999633789062,71.05402374267578,22201200,0.0,0.0
2025-11-11 00:00:00-05:00,71.73999786376953,72.25,71.0999984741211,71.70999908447266,70.67948913574219,21412900,0.0,0.0
2025-11-12 00:00:00-05:00,71.91000366210938,74.20999908447266,71.72000122070312,73.95999908447266,72.89715576171875,57591600,0.0,0.0
2025-11-13 00:00:00-05:00,77.94999694824219,79.5,76.6500015258789,77.37999725341797,76.26800537109375,57638500,0.0,0.0
2025-11-14 00:00:00-05:00,76.58000183105469,78.66999816894531,75.83999633789062,78.0,76.87909698486328,38819600,0.0,0.0
2025-11-17 00:00:00-05:00,77.88999938964844,79.38999938964844,77.47000122070312,77.77999877929688,76.66226196289062,28720100,0.0,0.0
2025-11-18 00:00:00-05:00,77.55000305175781,78.19999694824219,76.44999694824219,77.37000274658203,76.2581558227539,26025500,0.0,0.0
2025-11-19 00:00:00-05:00,77.30000305175781,78.93000030517578,77.16000366210938,78.38999938964844,77.26349639892578,24759700,0.0,0.0
2025-11-20 00:00:00-05:00,79.12000274658203,80.05999755859375,75.31999969482422,75.44000244140625,74.35588836669922,27381900,0.0,0.0
2025-11-21 00:00:00-05:00,75.63999938964844,76.94000244140625,75.47000122070312,76.0999984741211,75.00640106201172,24428800,0.0,0.0
2025-11-24 00:00:00-05:00,76.48999786376953,76.87999725341797,75.68000030517578,76.23999786376953,75.1443862915039,26691500,0.0,0.0
2025-11-25 00:00:00-05:00,76.48999786376953,77.05999755859375,76.08000183105469,76.31999969482422,75.2232437133789,18818800,0.0,0.0
2025-11-26 00:00:00-05:00,76.45999908447266,76.5999984741211,75.33999633789062,76.06999969482422,74.9768295288086,15972600,0.0,0.0
2025-11-28 00:00:00-05:00,76.13999938964844,76.95999908447266,75.80999755859375,76.94000244140625,75.83433532714844,7320900,0.0,0.0
2025-12-01 00:00:00-05:00,76.66999816894531,76.81999969482422,75.93000030517578,76.04000091552734,74.947265625,15529600,0.0,0.0
2025-12-02 00:00:00-05:00,76.16000366210938,77.0,75.76000213623047,76.87000274658203,75.76533508300781,14619100,0.0,0.0
2025-12-03 00:00:00-05:00,76.58999633789062,77.81999969482422,75.6500015258789,77.75,76.6326904296875,16088400,0.0,0.0
2025-12-04 00:00:00-05:00,77.69000244140625,77.86000061035156,77.16999816894531,77.76000213623047,76.64254760742188,12572600,0.0,0.0
2025-12-05 00:00:00-05:00,77.97000122070312,78.19000244140625,77.4000015258789,77.97000122070312,76.84953308105469,12579400,0.0,0.0
2025-12-08 00:00:00-05:00,78.20999908447266,79.37999725341797,78.12000274658203,78.86000061035156,77.72673797607422,17454500,0.0,0.0
2025-12-09 00:00:00-05:00,78.79000091552734,79.87999725341797,78.51000213623047,79.51000213623047,78.36740112304688,15737500,0.0,0.0
2025-12-10 00:00:00-05:00,78.83000183105469,80.81999969482422,78.80000305175781,80.25,79.09676361083984,21302700,0.0,0.0
2025-12-11 00:00:00-05:00,80.23999786376953,80.37000274658203,78.83000183105469,79.2699966430664,78.13084411621094,18652300,0.0,0.0
2025-12-12 00:00:00-05:00,79.45999908447266,79.55999755859375,77.72000122070312,77.80000305175781,76.68197631835938,16672300,0.0,0.0
2025-12-15 00:00:00-05:00,78.20999908447266,78.70999908447266,77.54000091552734,78.25,77.1255111694336,17646000,0.0,0.0
2025-12-16 00:00:00-05:00,78.11000061035156,78.61000061035156,77.37999725341797,77.55000305175781,76.4355697631836,17737200,0.0,0.0
2025-12-17 00:00:00-05:00,77.9000015258789,78.19999694824219,75.91999816894531,76.0,74.9078369140625,26094400,0.0,0.0
2025-12-18 00:00:00-05:00,76.33000183105469,77.80999755859375,76.26000213623047,76.94999694824219,75.84418487548828,19249400,0.0,0.0
2025-12-19 00:00:00-05:00,76.97000122070312,79.16999816894531,76.79000091552734,78.41999816894531,77.29306030273438,84881900,0.0,0.0
2025-12-22 00:00:00-05:00,79.0199966430664,79.1500015258789,77.95999908447266,78.11000061035156,76.98751831054688,18016100,0.0,0.0
2025-12-23 00:00:00-05:00,77.61000061035156,78.12000274658203,77.58999633789062,78.0199966430664,76.8988037109375,16712600,0.0,0.0
2025-12-24 00:00:00-05:00,78.0199966430664,78.29000091552734,77.8499984741211,78.0199966430664,76.8988037109375,9104400,0.0,0.0
2025-12-26 00:00:00-05:00,78.0999984741211,78.27999877929688,77.93000030517578,78.16000366210938,77.03679656982422,10158000,0.0,0.0
2025-12-29 00:00:00-05:00,78.02999877929688,78.30000305175781,77.5199966430664,77.79000091552734,76.672119140625,17941800,0.0,0.0
2025-12-30 00:00:00-05:00,77.80999755859375,77.80999755859375,77.16999816894531,77.41000366210938,76.2975845336914,13952200,0.0,0.0
2025-12-31 00:00:00-05:00,77.33999633789062,77.81999969482422,76.87999725341797,77.02999877929688,75.92304229736328,13570500,0.0,0.0
2026-01-02 00:00:00-05:00,76.6500015258789,76.94999694824219,75.61000061035156,76.04000091552734,75.34831237792969,15749800,0.41,0.0
2026-01-05 00:00:00-05:00,76.44999694824219,76.7699966430664,75.20999908447266,75.58000183105469,74.89250183105469,16328800,0.0,0.0
2026-01-06 00:00:00-05:00,75.52999877929688,75.7300033569336,74.80999755859375,75.2300033569336,74.54568481445312,17017200,0.0,0.0
2026-01-07 00:00:00-05:00,75.12000274658203,75.37999725341797,74.19999694824219,74.72000122070312,74.04032135009766,20347400,0.0,0.0
2026-01-08 00:00:00-05:00,74.30999755859375,74.45999908447266,73.55000305175781,73.95999908447266,73.2872314453125,17192200,0.0,0.0
2026-01-09 00:00:00-05:00,73.44999694824219,74.33000183105469,73.33999633789062,73.87999725341797,73.20795440673828,19104100,0.0,0.0
2026-01-12 00:00:00-05:00,72.91000366210938,74.05000305175781,72.80000305175781,74.01000213623047,73.33678436279297,20985700,0.0,0.0
2026-01-13 00:00:00-05:00,73.98999786376953,75.5,73.86000061035156,75.47000122070312,74.78349304199219,17809900,0.0,0.0
2026-01-14 00:00:00-05:00,74.93000030517578,75.11000061035156,73.81999969482422,74.41000366210938,73.73313903808594,17801300,0.0,0.0
2026-01-15 00:00:00-05:00,75.22000122070312,76.05000305175781,74.91000366210938,75.25,74.56549835205078,18213000,0.0,0.0
2026-01-16 00:00:00-05:00,75.63999938964844,75.98999786376953,74.5999984741211,75.19000244140625,74.50604248046875,25743300,0.0,0.0
2026-01-20 00:00:00-05:00,74.5199966430664,74.87000274658203,73.20999908447266,73.3499984741211,72.68277740478516,23999700,0.0,0.0
2026-01-21 00:00:00-05:00,73.94999694824219,74.36000061035156,73.01000213623047,73.69000244140625,73.01969146728516,18210200,0.0,0.0
2026-01-22 00:00:00-05:00,74.11000061035156,74.77999877929688,73.87999725341797,74.33000183105469,73.65386962890625,12879800,0.0,0.0
2026-01-23 00:00:00-05:00,73.94999694824219,75.06999969482422,73.70999908447266,74.58999633789062,73.9114990234375,13125500,0.0,0.0
2026-01-26 00:00:00-05:00,76.47000122070312,77.41999816894531,75.63999938964844,77.01000213623047,76.30948638916016,24714400,0.0,0.0
2026-01-27 00:00:00-05:00,77.19000244140625,78.91000366210938,77.05000305175781,78.68000030517578,77.96429443359375,17756700,0.0,0.0
2026-01-28 00:00:00-05:00,78.93000030517578,79.04000091552734,78.0199966430664,78.95999908447266,78.24174499511719,14022900,0.0,0.0
2026-01-29 00:00:00-05:00,79.11000061035156,79.4800033569336,77.62999725341797,78.43000030517578,77.71656799316406,22642900,0.0,0.0
2026-01-30 00:00:00-05:00,78.08999633789062,78.80000305175781,77.72000122070312,78.31999969482422,77.6075668334961,26458400,0.0,0.0
2026-02-02 00:00:00-05:00,78.12000274658203,81.16000366210938,78.0,80.63999938964844,79.9064712524414,28238600,0.0,0.0
2026-02-03 00:00:00-05:00,80.80999755859375,83.25,80.80999755859375,83.11000061035156,82.35399627685547,34962100,0.0,0.0
2026-02-04 00:00:00-05:00,83.9800033569336,84.23999786376953,81.13999938964844,81.16000366210938,80.42174530029297,39765700,0.0,0.0
2026-02-05 00:00:00-05:00,80.86000061035156,83.30999755859375,80.80999755859375,82.36000061035156,81.6108169555664,24236500,0.0,0.0
2026-02-06 00:00:00-05:00,83.55999755859375,85.0,82.80999755859375,84.81999969482422,84.04844665527344,23936600,0.0,0.0
2026-02-09 00:00:00-05:00,84.7300033569336,87.25,84.30999755859375,86.77999877929688,85.99061584472656,22908400,0.0,0.0
2026-02-10 00:00:00-05:00,86.97000122070312,88.19000244140625,86.12999725341797,86.29000091552734,85.50507354736328,32113800,0.0,0.0
2026-02-11 00:00:00-05:00,86.05999755859375,87.13999938964844,85.12999725341797,85.54000091552734,84.76189422607422,34455800,0.0,0.0
2026-02-12 00:00:00-05:00,79.61000061035156,80.37000274658203,74.08999633789062,75.0,74.3177719116211,68098600,0.0,0.0
2026-02-13 00:00:00-05:00,74.37999725341797,77.30000305175781,73.41999816894531,76.8499984741211,76.15093994140625,42886400,0.0,0.0
2026-02-17 00:00:00-05:00,76.94999694824219,77.56999969482422,76.4800033569336,76.8499984741211,76.15093994140625,24792700,0.0,0.0
2026-02-18 00:00:00-05:00,76.55000305175781,78.5999984741211,76.48999786376953,78.18000030517578,77.46884155273438,20648800,0.0,0.0
2026-02-19 00:00:00-05:00,77.98999786376953,79.16000366210938,77.87000274658203,78.55999755859375,77.84539031982422,18443200,0.0,0.0
2026-02-20 00:00:00-05:00,78.12999725341797,79.33000183105469,78.12999725341797,79.19999694824219,78.47956085205078,29461600,0.0,0.0
2026-02-23 00:00:00-05:00,78.8499984741211,79.4800033569336,76.94000244140625,77.73999786376953,77.03284454345703,24485900,0.0,0.0
2026-02-24 00:00:00-05:00,77.73999786376953,78.70999908447266,77.47000122070312,78.13999938964844,77.42920684814453,19485100,0.0,0.0
2026-02-25 00:00:00-05:00,78.44999694824219,79.41999816894531,78.26000213623047,79.12000274658203,78.4002914428711,22721800,0.0,0.0
2026-02-26 00:00:00-05:00,78.94000244140625,79.33999633789062,77.72000122070312,78.0999984741211,77.38957214355469,19608000,0.0,0.0
2026-02-27 00:00:00-05:00,77.6500015258789,79.52999877929688,77.06999969482422,79.45999908447266,78.73719787597656,27498000,0.0,0.0
2026-03-02 00:00:00-05:00,78.75,79.5199966430664,77.69000244140625,79.41999816894531,78.69756317138672,18540400,0.0,0.0
2026-03-03 00:00:00-05:00,78.37999725341797,79.44000244140625,77.56999969482422,78.95999908447266,78.24174499511719,17521100,0.0,0.0
2026-03-04 00:00:00-05:00,79.19999694824219,80.95999908447266,78.52999877929688,80.87000274658203,80.1343765258789,20388100,0.0,0.0
2026-03-05 00:00:00-05:00,79.98999786376953,81.16999816894531,79.05000305175781,80.01000213623047,79.28219604492188,26844800,0.0,0.0
2026-03-06 00:00:00-05:00,78.5199966430664,79.5199966430664,78.3499984741211,78.63999938964844,77.9246597290039,20621200,0.0,0.0
2026-03-09 00:00:00-04:00,77.18000030517578,77.55999755859375,75.19999694824219,76.20999908447266,75.51676177978516,32855900,0.0,0.0
2026-03-10 00:00:00-04:00,77.13999938964844,79.01000213623047,77.0999984741211,77.69999694824219,76.99320983886719,24836000,0.0,0.0
2026-03-11 00:00:00-04:00,77.63999938964844,78.5,77.12000274658203,78.0999984741211,77.38957214355469,14719900,0.0,0.0
2026-03-12 00:00:00-04:00,76.94999694824219,78.12999725341797,76.94999694824219,77.73999786376953,77.03284454345703,19969500,0.0,0.0
2026-03-13 00:00:00-04:00,78.06999969482422,79.26000213623047,77.94000244140625,78.33000183105469,77.61747741699219,19080400,0.0,0.0
2026-03-16 00:00:00-04:00,78.91999816894531,79.16999816894531,78.19000244140625,78.9000015258789,78.18229675292969,14715100,0.0,0.0
2026-03-17 00:00:00-04:00,79.18000030517578,80.05000305175781,78.81999969482422,79.2699966430664,78.5489273071289,16210500,0.0,0.0
2026-03-18 00:00:00-04:00,79.73999786376953,80.02999877929688,77.52999877929688,77.5999984741211,76.89411926269531,18827600,0.0,0.0
2026-03-19 00:00:00-04:00,77.55000305175781,78.87999725341797,76.91999816894531,78.51000213623047,77.79584503173828,17519600,0.0,0.0
2026-03-20 00:00:00-04:00,78.44999694824219,79.04000091552734,76.70999908447266,77.6500015258789,76.94366455078125,90380800,0.0,0.0
2026-03-23 00:00:00-04:00,78.63999938964844,79.51000213623047,78.41999816894531,78.81999969482422,78.10302734375,20072200,0.0,0.0
2026-03-24 00:00:00-04:00,78.37000274658203,80.94000244140625,78.12999725341797,80.86000061035156,80.12446594238281,23528000,0.0,0.0
2026-03-25 00:00:00-04:00,81.0,82.68000030517578,80.88999938964844,81.83000183105469,81.08563995361328,23146000,0.0,0.0
2026-03-26 00:00:00-04:00,82.06999969482422,83.11000061035156,81.80999755859375,82.16000366210938,81.41264343261719,26649600,0.0,0.0
2026-03-27 00:00:00-04:00,81.9800033569336,82.12000274658203,79.4000015258789,79.91999816894531,79.19300842285156,20557400,0.0,0.0
2026-03-30 00:00:00-04:00,79.86000061035156,80.38999938964844,76.58999633789062,77.04000091552734,76.3392105102539,24306300,0.0,0.0
2026-03-31 00:00:00-04:00,77.88999938964844,78.19000244140625,76.30999755859375,77.58999633789062,76.88420867919922,25105700,0.0,0.0
2026-04-01 00:00:00-04:00,78.0,79.12000274658203,77.80999755859375,77.93000030517578,77.22112274169922,21309000,0.0,0.0
2026-04-02 00:00:00-04:00,76.7300033569336,79.0999984741211,76.54000091552734,79.0199966430664,78.7254867553711,12634900,0.42,0.0
2026-04-06 00:00:00-04:00,79.12000274658203,80.4800033569336,79.0199966430664,80.44000244140625,80.14019775390625,16388600,0.0,0.0
2026-04-07 00:00:00-04:00,80.0199966430664,80.88999938964844,79.41999816894531,80.68000030517578,80.37930297851562,13428100,0.0,0.0
2026-04-08 00:00:00-04:00,82.30999755859375,83.73999786376953,81.5,83.69999694824219,83.38804626464844,19621900,0.0,0.0
2026-04-09 00:00:00-04:00,83.8499984741211,84.7699966430664,82.1500015258789,83.16999816894531,82.86002349853516,17611700,0.0,0.0
2026-04-10 00:00:00-04:00,83.88999938964844,84.55999755859375,81.62000274658203,82.22000122070312,81.91356658935547,17571100,0.0,0.0
2026-04-13 00:00:00-04:00,82.04000091552734,82.38999938964844,81.25,82.3499984741211,82.04307556152344,19997500,0.0,0.0
2026-04-14 00:00:00-04:00,82.02999877929688,82.6500015258789,81.36000061035156,82.61000061035156,82.30210876464844,17856800,0.0,0.0
2026-04-15 00:00:00-04:00,82.52999877929688,82.66000366210938,80.87999725341797,82.36000061035156,82.05303955078125,15066400,0.0,0.0
2026-04-16 00:00:00-04:00,82.08000183105469,84.52999877929688,82.0,84.5,84.18506622314453,14609000,0.0,0.0
2026-04-17 00:00:00-04:00,85.19000244140625,86.37999725341797,84.5999984741211,86.25,85.92854309082031,20321900,0.0,0.0
2026-04-20 00:00:00-04:00,86.19999694824219,88.3499984741211,85.86000061035156,87.70999908447266,87.38310241699219,16695600,0.0,0.0
2026-04-21 00:00:00-04:00,87.91999816894531,89.80000305175781,87.16000366210938,89.69999694824219,89.36568450927734,18653400,0.0,0.0
2026-04-22 00:00:00-04:00,89.93000030517578,90.44999694824219,89.4800033569336,89.80000305175781,89.46531677246094,16986100,0.0,0.0
2026-04-23 00:00:00-04:00,89.31999969482422,90.0,88.2699966430664,88.58999633789062,88.25981903076172,21156700,0.0,0.0
2026-04-24 00:00:00-04:00,87.41000366210938,89.7300033569336,87.41000366210938,89.01000213623047,88.67826080322266,18969900,0.0,0.0
2026-04-27 00:00:00-04:00,89.27999877929688,89.5,87.63999938964844,88.26000213623047,87.9310531616211,13810500,0.0,0.0
2026-04-28 00:00:00-04:00,88.55000305175781,88.55000305175781,85.77999877929688,86.86000061035156,86.53627014160156,16889300,0.0,0.0
2026-04-29 00:00:00-04:00,87.31999969482422,89.62999725341797,86.83999633789062,89.56999969482422,89.23616790771484,15427900,0.0,0.0
2026-04-30 00:00:00-04:00,89.81999969482422,91.66999816894531,89.31999969482422,91.5,91.15898132324219,21686700,0.0,0.0
2026-05-01 00:00:00-04:00,91.75,92.91999816894531,91.16000366210938,91.8499984741211,91.50767517089844,16095700,0.0,0.0
2026-05-04 00:00:00-04:00,91.8499984741211,93.0999984741211,91.19000244140625,92.62999725341797,92.2847671508789,12684800,0.0,0.0
2026-05-05 00:00:00-04:00,93.81999969482422,94.72000122070312,93.37999725341797,94.30000305175781,93.94854736328125,13456200,0.0,0.0
2026-05-06 00:00:00-04:00,92.63999938964844,93.41999816894531,91.0,91.63999938964844,91.29845428466797,27026600,0.0,0.0
2026-05-07 00:00:00-04:00,92.0,92.7300033569336,91.61000061035156,92.16000366210938,91.81652069091797,17062300,0.0,0.0
2026-05-08 00:00:00-04:00,93.33000183105469,97.0199966430664,93.13999938964844,96.56999969482422,96.2100830078125,24652500,0.0,0.0
2026-05-11 00:00:00-04:00,96.3499984741211,98.83000183105469,95.33000183105469,98.72000122070312,98.3520736694336,31852500,0.0,0.0
2026-05-12 00:00:00-04:00,99.5199966430664,99.93000030517578,97.7699966430664,99.29000091552734,98.9199447631836,28810800,0.0,0.0
2026-05-13 00:00:00-04:00,99.4000015258789,102.01000213623047,99.29000091552734,101.87000274658203,101.4903335571289,45241600,0.0,0.0
2026-05-14 00:00:00-04:00,117.55000305175781,119.36000061035156,113.97000122070312,115.52999877929688,115.09941864013672,70932300,0.0,0.0
2026-05-15 00:00:00-04:00,114.61000061035156,118.83000183105469,114.0,118.20999908447266,117.76942443847656,38519600,0.0,0.0
2026-05-18 00:00:00-04:00,118.80000305175781,119.38999938964844,116.02999877929688,118.87999725341797,118.43692779541016,24763500,0.0,0.0
2026-05-19 00:00:00-04:00,117.04000091552734,118.5,114.79000091552734,115.37999725341797,114.9499740600586,32525500,0.0,0.0
2026-05-20 00:00:00-04:00,115.69000244140625,116.91999816894531,113.8499984741211,114.3499984741211,113.92381286621094,26154800,0.0,0.0
2026-05-21 00:00:00-04:00,114.12999725341797,118.5999984741211,113.56999969482422,118.19999694824219,117.75946044921875,22700600,0.0,0.0
2026-05-22 00:00:00-04:00,118.45999908447266,120.79000091552734,117.68000030517578,120.41000366210938,119.96123504638672,22237200,0.0,0.0
2026-05-26 00:00:00-04:00,120.54000091552734,120.7699966430664,117.0999984741211,118.33000183105469,117.88898468017578,26607200,0.0,0.0
2026-05-27 00:00:00-04:00,117.94000244140625,120.38999938964844,116.7699966430664,119.66999816894531,119.22398376464844,21705100,0.0,0.0
2026-05-28 00:00:00-04:00,120.52999877929688,120.72000122070312,117.95999908447266,118.63999938964844,118.19782257080078,20631300,0.0,0.0
2026-05-29 00:00:00-04:00,117.81999969482422,121.43000030517578,117.01000213623047,120.41999816894531,119.97119140625,42179300,0.0,0.0
2026-06-01 00:00:00-04:00,119.80000305175781,121.94999694824219,118.30000305175781,121.33000183105469,120.87779998779297,23966800,0.0,0.0
2026-06-02 00:00:00-04:00,122.48999786376953,128.22000122070312,122.48999786376953,128.0,127.52294158935547,26451500,0.0,0.0
2026-06-03 00:00:00-04:00,126.16000366210938,129.4199981689453,124.91999816894531,126.5,126.02853393554688,29972500,0.0,0.0
2026-06-04 00:00:00-04:00,126.05999755859375,130.3699951171875,124.13999938964844,130.0,129.51548767089844,23339500,0.0,0.0
2026-06-05 00:00:00-04:00,128.66000366210938,128.83999633789062,121.55000305175781,121.63999938964844,121.1866455078125,33169300,0.0,0.0
2026-06-08 00:00:00-04:00,123.55999755859375,126.44000244140625,122.0,124.1500015258789,123.68729400634766,24288200,0.0,0.0
2026-06-09 00:00:00-04:00,123.26000213623047,124.22000122070312,117.0999984741211,120.36000061035156,119.91141510009766,22744100,0.0,0.0
2026-06-10 00:00:00-04:00,119.72000122070312,120.94999694824219,118.36000061035156,118.80000305175781,118.35723114013672,19740500,0.0,0.0
2026-06-11 00:00:00-04:00,117.18000030517578,122.55000305175781,116.5,121.83000183105469,121.37593841552734,24625500,0.0,0.0
2026-06-12 00:00:00-04:00,122.3499984741211,122.79000091552734,120.7300033569336,121.0999984741211,120.6486587524414,18222800,0.0,0.0
2026-06-15 00:00:00-04:00,122.55999755859375,122.58999633789062,119.52999877929688,120.16999816894531,119.72212219238281,23148000,0.0,0.0
2026-06-16 00:00:00-04:00,120.29000091552734,120.7699966430664,119.19999694824219,119.56999969482422,119.12435913085938,16644300,0.0,0.0
2026-06-17 00:00:00-04:00,118.95999908447266,119.66000366210938,116.94000244140625,117.33000183105469,116.89270782470703,18472000,0.0,0.0
2026-06-18 00:00:00-04:00,118.5999984741211,120.31999969482422,117.30000305175781,119.54000091552734,119.09447479248047,52284400,0.0,0.0
2026-06-22 00:00:00-04:00,119.5999984741211,122.08999633789062,119.5999984741211,121.52999877929688,121.07705688476562,20174100,0.0,0.0
2026-06-23 00:00:00-04:00,118.54000091552734,122.33999633789062,117.6500015258789,121.1500015258789,120.69847106933594,22654400,0.0,0.0
2026-06-24 00:00:00-04:00,120.56999969482422,122.88999938964844,119.02999877929688,119.7300033569336,119.28376770019531,21752900,0.0,0.0
2026-06-25 00:00:00-04:00,120.80999755859375,121.13999938964844,117.55999755859375,118.97000122070312,118.52659606933594,26918700,0.0,0.0
2026-06-26 00:00:00-04:00,117.18000030517578,117.18000030517578,112.86000061035156,113.7699966430664,113.3459701538086,51641400,0.0,0.0
2026-06-29 00:00:00-04:00,114.9800033569336,118.18000030517578,114.7300033569336,117.69999694824219,117.2613296508789,22447200,0.0,0.0
2026-06-30 00:00:00-04:00,116.77999877929688,119.0999984741211,116.19999694824219,117.45999908447266,117.02222442626953,32465500,0.0,0.0
2026-07-01 00:00:00-04:00,116.54000091552734,117.43000030517578,114.98999786376953,117.01000213623047,116.57390594482422,32016000,0.0,0.0
2026-07-02 00:00:00-04:00,117.02999877929688,117.13999938964844,111.9000015258789,112.69000244140625,112.27000427246094,24251000,0.0,0.0
2026-07-06 00:00:00-04:00,113.05000305175781,115.4800033569336,112.68000030517578,113.9800033569336,113.9800033569336,22920000,0.42,0.0
2026-07-07 00:00:00-04:00,112.79000091552734,114.02999877929688,111.66999816894531,111.79000091552734,111.79000091552734,16650900,0.0,0.0
2026-07-08 00:00:00-04:00,111.68000030517578,114.05000305175781,111.33000183105469,113.81999969482422,113.81999969482422,18314100,0.0,0.0
2026-07-09 00:00:00-04:00,115.27999877929688,119.4800033569336,115.27999877929688,118.30999755859375,118.30999755859375,21293400,0.0,0.0
2026-07-10 00:00:00-04:00,117.62999725341797,121.61000061035156,117.02999877929688,121.30999755859375,121.30999755859375,26178700,0.0,0.0
2026-07-13 00:00:00-04:00,119.97000122070312,120.33999633789062,117.26000213623047,119.25,119.25,17569200,0.0,0.0
2026-07-14 00:00:00-04:00,119.75,120.05999755859375,116.55999755859375,117.08999633789062,117.08999633789062,21935600,0.0,0.0
2026-07-15 00:00:00-04:00,117.19999694824219,117.5,110.22000122070312,111.7699966430664,111.7699966430664,23829100,0.0,0.0
2026-07-16 00:00:00-04:00,110.22000122070312,111.23999786376953,107.52999877929688,109.66000366210938,109.66000366210938,25222400,0.0,0.0
2026-07-17 00:00:00-04:00,109.1500015258789,113.2300033569336,108.91000366210938,111.94000244140625,111.94000244140625,28459500,0.0,0.0
2026-07-20 00:00:00-04:00,112.27999877929688,113.2300033569336,110.6500015258789,110.69999694824219,110.69999694824219,15821200,0.0,0.0
2026-07-21 00:00:00-04:00,112.69999694824219,113.18000030517578,110.93000030517578,112.18000030517578,112.18000030517578,17031500,0.0,0.0
2026-07-22 00:00:00-04:00,111.5199966430664,113.77999877929688,111.36000061035156,112.20999908447266,112.20999908447266,13726600,0.0,0.0
2026-07-23 00:00:00-04:00,112.0,113.9000015258789,111.83000183105469,112.76000213623047,112.76000213623047,15175500,0.0,0.0
2026-07-24 00:00:00-04:00,112.37000274658203,114.56999969482422,112.19999694824219,114.16999816894531,114.16999816894531,19131700,0.0,0.0
2026-07-27 00:00:00-04:00,115.16000366210938,115.37999725341797,112.73999786376953,114.56999969482422,114.56999969482422,15974600,0.0,0.0
2026-07-28 00:00:00-04:00,114.12999725341797,117.06999969482422,111.7300033569336,115.58000183105469,115.58000183105469,27972100,0.0,0.0
2026-07-29 00:00:00-04:00,117.0199966430664,117.27999877929688,112.3499984741211,112.4800033569336,112.4800033569336,22761500,0.0,0.0
2026-07-30 00:00:00-04:00,112.69000244140625,114.33000183105469,111.66000366210938,113.55999755859375,113.55999755859375,25570000,0.0,0.0
2026-07-31 00:00:00-04:00,115.33000183105469,117.25,113.88999938964844,115.98999786376953,115.98999786376953,18812000,0.0,0.0
2026-08-03 00:00:00-04:00,114.5999984741211,116.2699966430664,113.81999969482422,115.86000061035156,115.86000061035156,17712400,0.0,0.0
2026-08-04 00:00:00-04:00,119.38999938964844,121.9000015258789,118.7300033569336,121.73999786376953,121.73999786376953,26637900,0.0,0.0
2026-08-05 00:00:00-04:00,124.0,124.20999908447266,114.87999725341797,121.5,121.5,18468700,0.0,0.0
2026-08-06 00:00:00-04:00,121.4800033569336,122.19000244140625,119.9000015258789,120.87999725341797,120.87999725341797,14049700,0.0,0.0
2026-08-07 00:00:00-04:00,121.87999725341797,122.58999633789062,119.44999694824219,121.43000030517578,121.43000030517578,15964600,0.0,0.0
2026-08-10 00:00:00-04:00,123.05000305175781,124.70999908447266,122.2699966430664,122.56999969482422,122.56999969482422,21131900,0.0,0.0
2026-08-11 00:00:00-04:00,123.0,123.16000366210938,120.12000274658203,120.43000030517578,120.43000030517578,16377800,0.0,0.0
2026-08-12 00:00:00-04:00,122.75,124.44999694824219,122.26000213623047,123.87999725341797,123.87999725341797,36223000,0.0,0.0
2026-08-13 00:00:00-04:00,113.93000030517578,115.94999694824219,111.4800033569336,113.47000122070312,113.47000122070312,61560400,0.0,0.0
2026-08-14 00:00:00-04:00,112.80000305175781,113.68000030517578,110.05999755859375,111.68000030517578,111.68000030517578,29415200,0.0,0.0
2026-08-17 00:00:00-04:00,110.95999908447266,113.8499984741211,110.80999755859375,112.9000015258789,112.9000015258789,22793800,0.0,0.0
2026-08-18 00:00:00-04:00,111.75,112.75,110.36000061035156,111.61000061035156,111.61000061035156,20060500,0.0,0.0
2026-08-19 00:00:00-04:00,112.30000305175781,112.37999725341797,110.51000213623047,110.55000305175781,110.55000305175781,18019600,0.0,0.0
2026-08-20 00:00:00-04:00,110.12999725341797,111.58000183105469,109.2300033569336,109.58999633789062,109.58999633789062,12637900,0.0,0.0
2026-08-21 00:00:00-04:00,110.8499984741211,112.19000244140625,110.44999694824219,111.04000091552734,111.04000091552734,18407800,0.0,0.0
2026-08-24 00:00:00-04:00,109.97000122070312,111.22000122070312,109.30000305175781,110.2300033569336,110.2300033569336,12632700,0.0,0.0
2026-08-25 00:00:00-04:00,112.2300033569336,112.5,110.61000061035156,111.11000061035156,111.11000061035156,11818200,0.0,0.0
2026-08-26 00:00:00-04:00,111.51000213623047,112.94999694824219,111.19000244140625,112.36000061035156,112.36000061035156,10311500,0.0,0.0
2026-08-27 00:00:00-04:00,112.1500015258789,112.56999969482422,111.61000061035156,112.1500015258789,112.1500015258789,13545800,0.0,0.0
2026-08-28 00:00:00-04:00,112.30999755859375,112.5,109.70999908447266,109.93000030517578,109.93000030517578,13040600,0.0,0.0
2026-08-31 00:00:00-04:00,110.27999877929688,111.37999725341797,109.61000061035156,110.48999786376953,110.48999786376953,20842200,0.0,0.0
