Date,Open,High,Low,Close,Adj Close,Volume,Dividends,Stock Splits
2020-01-02 00:00:00-05:00,158.77999877929688,160.72999572753906,158.3300018310547,160.6199951171875,151.54429626464844,22622100,0.0,0.0
2020-01-03 00:00:00-05:00,158.32000732421875,159.9499969482422,158.05999755859375,158.6199951171875,149.6573028564453,21116200,0.0,0.0
2020-01-06 00:00:00-05:00,157.0800018310547,159.10000610351562,156.50999450683594,159.02999877929688,150.0441436767578,20813700,0.0,0.0
2020-01-07 00:00:00-05:00,159.32000732421875,159.6699981689453,157.32000732421875,157.5800018310547,148.6760711669922,21634100,0.0,0.0
2020-01-08 00:00:00-05:00,158.92999267578125,160.8000030517578,157.9499969482422,160.08999633789062,151.04417419433594,27746500,0.0,0.0
2020-01-09 00:00:00-05:00,161.83999633789062,162.22000122070312,161.02999877929688,162.08999633789062,152.93118286132812,21385000,0.0,0.0
2020-01-10 00:00:00-05:00,162.82000732421875,163.22000122070312,161.17999267578125,161.33999633789062,152.22360229492188,20725900,0.0,0.0
2020-01-13 00:00:00-05:00,161.75999450683594,163.30999755859375,161.25999450683594,163.27999877929688,154.05398559570312,21626500,0.0,0.0
2020-01-14 00:00:00-05:00,163.38999938964844,163.60000610351562,161.72000122070312,162.1300048828125,152.96896362304688,23477400,0.0,0.0
2020-01-15 00:00:00-05:00,162.6199951171875,163.94000244140625,162.57000732421875,163.17999267578125,153.95960998535156,21417900,0.0,0.0
2020-01-16 00:00:00-05:00,164.35000610351562,166.24000549316406,164.02999877929688,166.1699981689453,156.7806854248047,23865400,0.0,0.0
2020-01-17 00:00:00-05:00,167.4199981689453,167.47000122070312,165.42999267578125,167.10000610351562,157.65814208984375,34371700,0.0,0.0
2020-01-21 00:00:00-05:00,166.67999267578125,168.19000244140625,166.42999267578125,166.5,157.09205627441406,29517200,0.0,0.0
2020-01-22 00:00:00-05:00,167.39999389648438,167.49000549316406,165.67999267578125,165.6999969482422,156.33721923828125,24138800,0.0,0.0
2020-01-23 00:00:00-05:00,166.19000244140625,166.8000030517578,165.27000427246094,166.72000122070312,157.2996063232422,19680800,0.0,0.0
2020-01-24 00:00:00-05:00,167.50999450683594,167.52999877929688,164.4499969482422,165.0399932861328,155.71449279785156,24918100,0.0,0.0
2020-01-27 00:00:00-05:00,161.14999389648438,163.3800048828125,160.1999969482422,162.27999877929688,153.11045837402344,32078100,0.0,0.0
2020-01-28 00:00:00-05:00,163.77999877929688,165.75999450683594,163.07000732421875,165.4600067138672,156.11085510253906,24899900,0.0,0.0
2020-01-29 00:00:00-05:00,167.83999633789062,168.75,165.69000244140625,168.0399932861328,158.5449981689453,34754500,0.0,0.0
2020-01-30 00:00:00-05:00,174.0500030517578,174.0500030517578,170.7899932861328,172.77999877929688,163.01719665527344,51597500,0.0,0.0
2020-01-31 00:00:00-05:00,172.2100067138672,172.39999389648438,169.5800018310547,170.22999572753906,160.61126708984375,36142700,0.0,0.0
2020-02-03 00:00:00-05:00,170.42999267578125,174.5,170.39999389648438,174.3800048828125,164.5267791748047,30107000,0.0,0.0
2020-02-04 00:00:00-05:00,177.13999938964844,180.63999938964844,176.30999755859375,180.1199951171875,169.9424285888672,36433300,0.0,0.0
2020-02-05 00:00:00-05:00,184.02999877929688,184.1999969482422,178.41000366210938,179.89999389648438,169.73486328125,39186300,0.0,0.0
2020-02-06 00:00:00-05:00,180.97000122070312,183.82000732421875,180.05999755859375,183.6300048828125,173.25411987304688,27751400,0.0,0.0
2020-02-07 00:00:00-05:00,182.85000610351562,185.6300048828125,182.47999572753906,183.88999938964844,173.49937438964844,33529100,0.0,0.0
2020-02-10 00:00:00-05:00,183.5800018310547,188.83999633789062,183.25,188.6999969482422,178.0376434326172,35844300,0.0,0.0
2020-02-11 00:00:00-05:00,190.64999389648438,190.6999969482422,183.5,184.44000244140625,174.0183563232422,53159900,0.0,0.0
2020-02-12 00:00:00-05:00,185.5800018310547,185.85000610351562,181.85000610351562,184.7100067138672,174.27304077148438,47062900,0.0,0.0
2020-02-13 00:00:00-05:00,183.0800018310547,186.22999572753906,182.8699951171875,183.7100067138672,173.32960510253906,35295800,0.0,0.0
2020-02-14 00:00:00-05:00,183.25,185.41000366210938,182.64999389648438,185.35000610351562,174.87693786621094,23149500,0.0,0.0
2020-02-18 00:00:00-05:00,185.61000061035156,187.6999969482422,185.5,187.22999572753906,176.65065002441406,27792200,0.0,0.0
2020-02-19 00:00:00-05:00,188.05999755859375,188.17999267578125,186.47000122070312,187.27999877929688,177.1804656982422,29997500,0.51,0.0
2020-02-20 00:00:00-05:00,186.9499969482422,187.25,181.10000610351562,184.4199981689453,174.47474670410156,36862400,0.0,0.0
2020-02-21 00:00:00-05:00,183.1699981689453,183.5,177.25,178.58999633789062,168.95912170410156,48572600,0.0,0.0
2020-02-24 00:00:00-05:00,167.77000427246094,174.5500030517578,163.22999572753906,170.88999938964844,161.6743621826172,68311100,0.0,0.0
2020-02-25 00:00:00-05:00,174.1999969482422,174.83999633789062,167.64999389648438,168.07000732421875,159.00640869140625,68073300,0.0,0.0
2020-02-26 00:00:00-05:00,169.7100067138672,173.25999450683594,168.2100067138672,170.1699981689453,160.99319458007812,56206100,0.0,0.0
2020-02-27 00:00:00-05:00,163.32000732421875,167.02999877929688,157.97999572753906,158.17999267578125,149.64976501464844,93174900,0.0,0.0
2020-02-28 00:00:00-05:00,152.41000366210938,163.7100067138672,152.0,162.00999450683594,153.2732696533203,97012700,0.0,0.0
2020-03-02 00:00:00-05:00,165.30999755859375,172.9199981689453,162.30999755859375,172.7899932861328,163.4718780517578,71030800,0.0,0.0
2020-03-03 00:00:00-05:00,173.8000030517578,175.0,162.25999450683594,164.50999450683594,155.63841247558594,71677000,0.0,0.0
2020-03-04 00:00:00-05:00,168.49000549316406,170.6999969482422,165.6199951171875,170.5500030517578,161.3527069091797,49814400,0.0,0.0
2020-03-05 00:00:00-05:00,166.0500030517578,170.8699951171875,165.69000244140625,166.27000427246094,157.30349731445312,47817300,0.0,0.0
2020-03-06 00:00:00-05:00,162.61000061035156,163.11000061035156,156.0,161.57000732421875,152.85693359375,72821100,0.0,0.0
2020-03-09 00:00:00-04:00,151.0,157.75,150.0,150.6199951171875,142.49746704101562,70419300,0.0,0.0
2020-03-10 00:00:00-04:00,158.16000366210938,161.02999877929688,152.5800018310547,160.9199981689453,152.2419891357422,65354400,0.0,0.0
2020-03-11 00:00:00-04:00,157.1300048828125,157.6999969482422,151.14999389648438,153.6300048828125,145.3451690673828,56371600,0.0,0.0
2020-03-12 00:00:00-04:00,145.3000030517578,153.47000122070312,138.5800018310547,139.05999755859375,131.5608367919922,93226400,0.0,0.0
2020-03-13 00:00:00-04:00,147.5,161.91000366210938,140.72999572753906,158.8300018310547,150.26470947265625,92727400,0.0,0.0
2020-03-16 00:00:00-04:00,140.0,149.35000610351562,135.0,135.4199981689453,128.11717224121094,87905900,0.0,0.0
2020-03-17 00:00:00-04:00,140.0,147.5,135.0,146.57000732421875,138.6658477783203,81059800,0.0,0.0
2020-03-18 00:00:00-04:00,138.0,146.0,135.02000427246094,140.39999389648438,132.8285675048828,81593200,0.0,0.0
2020-03-19 00:00:00-04:00,142.77000427246094,150.14999389648438,139.0,142.7100067138672,135.01402282714844,85922700,0.0,0.0
2020-03-20 00:00:00-04:00,146.0,147.10000610351562,135.86000061035156,137.35000610351562,129.94308471679688,84866200,0.0,0.0
2020-03-23 00:00:00-04:00,137.00999450683594,140.57000732421875,132.52000427246094,135.97999572753906,128.64698791503906,78975200,0.0,0.0
2020-03-24 00:00:00-04:00,143.75,149.60000610351562,141.27000427246094,148.33999633789062,140.3403778076172,82516700,0.0,0.0
2020-03-25 00:00:00-04:00,148.91000366210938,154.3300018310547,144.44000244140625,146.9199981689453,138.9970245361328,75638200,0.0,0.0
2020-03-26 00:00:00-04:00,148.39999389648438,156.66000366210938,148.3699951171875,156.11000061035156,147.69139099121094,64568100,0.0,0.0
2020-03-27 00:00:00-04:00,151.75,154.88999938964844,149.1999969482422,149.6999969482422,141.6270751953125,57042300,0.0,0.0
2020-03-30 00:00:00-04:00,152.44000244140625,160.60000610351562,150.00999450683594,160.22999572753906,151.58921813964844,63420300,0.0,0.0
2020-03-31 00:00:00-04:00,159.39999389648438,164.77999877929688,156.55999755859375,157.7100067138672,149.20513916015625,77927200,0.0,0.0
2020-04-01 00:00:00-04:00,153.0,157.75,150.82000732421875,152.11000061035156,143.90711975097656,57969900,0.0,0.0
2020-04-02 00:00:00-04:00,151.86000061035156,155.47999572753906,150.36000061035156,155.25999450683594,146.8872528076172,49630700,0.0,0.0
2020-04-03 00:00:00-04:00,155.10000610351562,157.3800048828125,152.19000244140625,153.8300018310547,145.5343475341797,41243300,0.0,0.0
2020-04-06 00:00:00-04:00,160.32000732421875,166.5,157.5800018310547,165.27000427246094,156.35739135742188,67111700,0.0,0.0
2020-04-07 00:00:00-04:00,169.58999633789062,170.0,163.25999450683594,163.49000549316406,154.67343139648438,62769000,0.0,0.0
2020-04-08 00:00:00-04:00,165.6699981689453,166.6699981689453,163.5,165.1300048828125,156.2249755859375,48318200,0.0,0.0
2020-04-09 00:00:00-04:00,166.36000061035156,167.3699951171875,163.3300018310547,165.13999938964844,156.23443603515625,51385100,0.0,0.0
2020-04-13 00:00:00-04:00,164.35000610351562,165.57000732421875,162.3000030517578,165.50999450683594,156.58447265625,41905300,0.0,0.0
2020-04-14 00:00:00-04:00,169.0,173.75,168.0,173.6999969482422,164.33282470703125,52874300,0.0,0.0
2020-04-15 00:00:00-04:00,171.1999969482422,173.57000732421875,169.24000549316406,171.8800048828125,162.61099243164062,40940800,0.0,0.0
2020-04-16 00:00:00-04:00,174.3000030517578,177.27999877929688,172.89999389648438,177.0399932861328,167.4927215576172,50479600,0.0,0.0
2020-04-17 00:00:00-04:00,179.5,180.0,175.8699951171875,178.60000610351562,168.96859741210938,52765600,0.0,0.0
2020-04-20 00:00:00-04:00,176.6300048828125,178.75,174.99000549316406,175.05999755859375,165.61947631835938,36669600,0.0,0.0
2020-04-21 00:00:00-04:00,173.5,173.6699981689453,166.11000061035156,167.82000732421875,158.76991271972656,56203700,0.0,0.0
2020-04-22 00:00:00-04:00,171.38999938964844,174.0,170.82000732421875,173.52000427246094,164.16253662109375,34620200,0.0,0.0
2020-04-23 00:00:00-04:00,174.11000061035156,175.05999755859375,170.91000366210938,171.4199981689453,162.17579650878906,32790800,0.0,0.0
2020-04-24 00:00:00-04:00,172.05999755859375,174.55999755859375,170.7100067138672,174.5500030517578,165.1370086669922,34277600,0.0,0.0
2020-04-27 00:00:00-04:00,176.58999633789062,176.89999389648438,173.3000030517578,174.0500030517578,164.66397094726562,33194400,0.0,0.0
2020-04-28 00:00:00-04:00,175.58999633789062,175.6699981689453,169.38999938964844,169.80999755859375,160.65261840820312,34392700,0.0,0.0
2020-04-29 00:00:00-04:00,173.22000122070312,177.67999267578125,171.8800048828125,177.42999267578125,167.86172485351562,51286600,0.0,0.0
2020-04-30 00:00:00-04:00,180.0,180.39999389648438,176.22999572753906,179.2100067138672,169.5457000732422,53875900,0.0,0.0
2020-05-01 00:00:00-04:00,175.8000030517578,178.63999938964844,174.00999450683594,174.57000732421875,165.15589904785156,39370500,0.0,0.0
2020-05-04 00:00:00-04:00,174.49000549316406,179.0,173.8000030517578,178.83999633789062,169.19564819335938,30372900,0.0,0.0
2020-05-05 00:00:00-04:00,180.6199951171875,183.64999389648438,179.89999389648438,180.75999450683594,171.01210021972656,36839200,0.0,0.0
2020-05-06 00:00:00-04:00,182.0800018310547,184.1999969482422,181.6300048828125,182.5399932861328,172.69615173339844,32139300,0.0,0.0
2020-05-07 00:00:00-04:00,184.1699981689453,184.5500030517578,182.5800018310547,183.60000610351562,173.698974609375,28316000,0.0,0.0
2020-05-08 00:00:00-04:00,184.97999572753906,185.0,183.36000061035156,184.67999267578125,174.72071838378906,30877800,0.0,0.0
2020-05-11 00:00:00-04:00,183.14999389648438,187.50999450683594,182.85000610351562,186.74000549316406,176.6696014404297,30892700,0.0,0.0
2020-05-12 00:00:00-04:00,186.8000030517578,187.0399932861328,182.3000030517578,182.50999450683594,172.667724609375,32038200,0.0,0.0
2020-05-13 00:00:00-04:00,182.5500030517578,184.0500030517578,176.5399932861328,179.75,170.05657958984375,44711500,0.0,0.0
2020-05-14 00:00:00-04:00,177.5399932861328,180.69000244140625,175.67999267578125,180.52999877929688,170.79452514648438,41873900,0.0,0.0
2020-05-15 00:00:00-04:00,179.05999755859375,187.05999755859375,177.0,183.16000366210938,173.28260803222656,46610400,0.0,0.0
2020-05-18 00:00:00-04:00,185.75,186.1999969482422,183.9600067138672,184.91000366210938,174.93832397460938,35264500,0.0,0.0
2020-05-19 00:00:00-04:00,185.02999877929688,186.60000610351562,183.49000549316406,183.6300048828125,173.72727966308594,26799100,0.0,0.0
2020-05-20 00:00:00-04:00,184.80999755859375,185.85000610351562,183.94000244140625,185.66000366210938,176.13706970214844,31261300,0.51,0.0
2020-05-21 00:00:00-04:00,185.39999389648438,186.6699981689453,183.2899932861328,183.42999267578125,174.0214080810547,29119500,0.0,0.0
2020-05-22 00:00:00-04:00,183.19000244140625,184.4600067138672,182.5399932861328,183.50999450683594,174.0973358154297,20826900,0.0,0.0
2020-05-26 00:00:00-04:00,186.33999633789062,186.5,181.10000610351562,181.57000732421875,172.25685119628906,36073600,0.0,0.0
2020-05-27 00:00:00-04:00,180.1999969482422,181.99000549316406,176.60000610351562,181.80999755859375,172.4845428466797,39517100,0.0,0.0
2020-05-28 00:00:00-04:00,180.74000549316406,184.14999389648438,180.3800048828125,181.39999389648438,172.0955352783203,33810200,0.0,0.0
2020-05-29 00:00:00-04:00,182.72999572753906,184.27000427246094,180.41000366210938,183.25,173.8506622314453,42130400,0.0,0.0
2020-06-01 00:00:00-04:00,182.5399932861328,183.0,181.4600067138672,182.8300018310547,173.4521942138672,22622400,0.0,0.0
2020-06-02 00:00:00-04:00,184.25,185.0,181.35000610351562,184.91000366210938,175.425537109375,30794600,0.0,0.0
2020-06-03 00:00:00-04:00,184.82000732421875,185.94000244140625,183.5800018310547,185.36000061035156,175.8524627685547,27311000,0.0,0.0
2020-06-04 00:00:00-04:00,184.3000030517578,185.83999633789062,182.3000030517578,182.9199981689453,173.53759765625,28761800,0.0,0.0
2020-06-05 00:00:00-04:00,182.6199951171875,187.72999572753906,182.00999450683594,187.1999969482422,177.5980682373047,39893600,0.0,0.0
2020-06-08 00:00:00-04:00,185.94000244140625,188.5500030517578,184.44000244140625,188.36000061035156,178.6985626220703,33211600,0.0,0.0
2020-06-09 00:00:00-04:00,188.0,190.6999969482422,187.25999450683594,189.8000030517578,180.06472778320312,29783900,0.0,0.0
2020-06-10 00:00:00-04:00,191.1300048828125,198.52000427246094,191.00999450683594,196.83999633789062,186.74359130859375,43872300,0.0,0.0
2020-06-11 00:00:00-04:00,193.1300048828125,195.75999450683594,186.07000732421875,186.27000427246094,176.7157440185547,52854700,0.0,0.0
2020-06-12 00:00:00-04:00,190.5399932861328,191.72000122070312,185.17999267578125,187.74000549316406,178.1103515625,43373600,0.0,0.0
2020-06-15 00:00:00-04:00,184.5800018310547,190.82000732421875,184.00999450683594,188.94000244140625,179.24880981445312,32770200,0.0,0.0
2020-06-16 00:00:00-04:00,192.88999938964844,195.5800018310547,191.4600067138672,193.57000732421875,183.64134216308594,42556700,0.0,0.0
2020-06-17 00:00:00-04:00,195.02999877929688,196.32000732421875,193.69000244140625,194.24000549316406,184.2769012451172,25687800,0.0,0.0
2020-06-18 00:00:00-04:00,194.0,196.49000549316406,194.0,196.32000732421875,186.25022888183594,23061600,0.0,0.0
2020-06-19 00:00:00-04:00,198.58999633789062,199.2899932861328,194.3699951171875,195.14999389648438,185.1403045654297,44441100,0.0,0.0
2020-06-22 00:00:00-04:00,195.7899932861328,200.75999450683594,195.22999572753906,200.57000732421875,190.2823028564453,32818900,0.0,0.0
2020-06-23 00:00:00-04:00,202.08999633789062,203.9499969482422,201.42999267578125,201.91000366210938,191.55355834960938,30917400,0.0,0.0
2020-06-24 00:00:00-04:00,201.60000610351562,203.25,196.55999755859375,197.83999633789062,187.69232177734375,36740600,0.0,0.0
2020-06-25 00:00:00-04:00,197.8000030517578,200.61000061035156,195.47000122070312,200.33999633789062,190.06410217285156,27803900,0.0,0.0
2020-06-26 00:00:00-04:00,199.72999572753906,199.88999938964844,194.8800048828125,196.3300018310547,186.259765625,54675800,0.0,0.0
2020-06-29 00:00:00-04:00,195.77999877929688,198.52999877929688,193.5500030517578,198.44000244140625,188.2615509033203,26701600,0.0,0.0
2020-06-30 00:00:00-04:00,197.8800048828125,204.39999389648438,197.74000549316406,203.50999450683594,193.07147216796875,34310300,0.0,0.0
2020-07-01 00:00:00-04:00,203.13999938964844,206.35000610351562,201.77000427246094,204.6999969482422,194.200439453125,32061200,0.0,0.0
2020-07-02 00:00:00-04:00,205.67999267578125,208.02000427246094,205.0,206.25999450683594,195.68043518066406,29315800,0.0,0.0
2020-07-06 00:00:00-04:00,208.8300018310547,211.1300048828125,208.08999633789062,210.6999969482422,199.8926544189453,31897600,0.0,0.0
2020-07-07 00:00:00-04:00,210.4499969482422,214.6699981689453,207.99000549316406,208.25,197.56834411621094,33600700,0.0,0.0
2020-07-08 00:00:00-04:00,210.07000732421875,213.25999450683594,208.69000244140625,212.8300018310547,201.9134521484375,33600000,0.0,0.0
2020-07-09 00:00:00-04:00,216.3300018310547,216.3800048828125,211.47000122070312,214.32000732421875,203.32701110839844,33121700,0.0,0.0
2020-07-10 00:00:00-04:00,213.6199951171875,214.0800018310547,211.0800018310547,213.6699981689453,202.71029663085938,26177600,0.0,0.0
2020-07-13 00:00:00-04:00,214.47999572753906,215.8000030517578,206.5,207.07000732421875,196.44888305664062,38135600,0.0,0.0
2020-07-14 00:00:00-04:00,206.1300048828125,208.85000610351562,202.02999877929688,208.35000610351562,197.66322326660156,37591800,0.0,0.0
2020-07-15 00:00:00-04:00,209.55999755859375,211.3300018310547,205.02999877929688,208.0399932861328,197.36907958984375,32179400,0.0,0.0
2020-07-16 00:00:00-04:00,205.39999389648438,205.6999969482422,202.30999755859375,203.9199981689453,193.46046447753906,29940700,0.0,0.0
2020-07-17 00:00:00-04:00,204.47000122070312,205.0399932861328,201.38999938964844,202.8800048828125,192.4737548828125,31635300,0.0,0.0
2020-07-20 00:00:00-04:00,205.0,212.3000030517578,203.00999450683594,211.60000610351562,200.7465057373047,36884800,0.0,0.0
2020-07-21 00:00:00-04:00,213.66000366210938,213.94000244140625,208.02999877929688,208.75,198.04270935058594,37990400,0.0,0.0
2020-07-22 00:00:00-04:00,209.1999969482422,212.3000030517578,208.38999938964844,211.75,200.88882446289062,49605700,0.0,0.0
2020-07-23 00:00:00-04:00,207.19000244140625,210.9199981689453,202.14999389648438,202.5399932861328,192.15122985839844,67457000,0.0,0.0
2020-07-24 00:00:00-04:00,200.4199981689453,202.86000061035156,197.50999450683594,201.3000030517578,190.97483825683594,39827000,0.0,0.0
2020-07-27 00:00:00-04:00,201.47000122070312,203.97000122070312,200.86000061035156,203.85000610351562,193.39404296875,30160900,0.0,0.0
2020-07-28 00:00:00-04:00,203.61000061035156,204.6999969482422,201.74000549316406,202.02000427246094,191.65789794921875,23251400,0.0,0.0
2020-07-29 00:00:00-04:00,202.5,204.64999389648438,202.00999450683594,204.05999755859375,193.59326171875,19632600,0.0,0.0
2020-07-30 00:00:00-04:00,201.0,204.4600067138672,199.57000732421875,203.89999389648438,193.44146728515625,25079600,0.0,0.0
2020-07-31 00:00:00-04:00,204.39999389648438,205.10000610351562,199.00999450683594,205.00999450683594,194.4945068359375,51044000,0.0,0.0
2020-08-03 00:00:00-04:00,211.52000427246094,217.63999938964844,210.44000244140625,216.5399932861328,205.43312072753906,78983000,0.0,0.0
2020-08-04 00:00:00-04:00,214.1699981689453,214.77000427246094,210.30999755859375,213.2899932861328,202.34983825683594,49280100,0.0,0.0
2020-08-05 00:00:00-04:00,214.89999389648438,215.0,211.57000732421875,212.94000244140625,202.01776123046875,28806400,0.0,0.0
2020-08-06 00:00:00-04:00,212.33999633789062,216.3699951171875,211.5500030517578,216.35000610351562,205.25283813476562,32656800,0.0,0.0
2020-08-07 00:00:00-04:00,214.85000610351562,215.6999969482422,210.92999267578125,212.47999572753906,201.58139038085938,27820400,0.0,0.0
2020-08-10 00:00:00-04:00,211.6699981689453,211.8800048828125,206.35000610351562,208.25,197.56834411621094,36716500,0.0,0.0
2020-08-11 00:00:00-04:00,207.16000366210938,207.64999389648438,203.13999938964844,203.3800048828125,192.94813537597656,36446500,0.0,0.0
2020-08-12 00:00:00-04:00,205.2899932861328,210.27999877929688,204.75,209.19000244140625,198.4601593017578,28013100,0.0,0.0
2020-08-13 00:00:00-04:00,209.44000244140625,211.35000610351562,208.14999389648438,208.6999969482422,197.99526977539062,22588900,0.0,0.0
2020-08-14 00:00:00-04:00,208.75999450683594,209.58999633789062,207.50999450683594,208.89999389648438,198.1850128173828,17958900,0.0,0.0
2020-08-17 00:00:00-04:00,209.60000610351562,211.19000244140625,208.9199981689453,210.27999877929688,199.49420166015625,20184800,0.0,0.0
2020-08-18 00:00:00-04:00,210.52999877929688,212.36000061035156,209.2100067138672,211.49000549316406,200.64218139648438,21336200,0.0,0.0
2020-08-19 00:00:00-04:00,211.49000549316406,212.10000610351562,209.25,209.6999969482422,199.4248809814453,27627600,0.51,0.0
2020-08-20 00:00:00-04:00,209.5399932861328,215.0,208.91000366210938,214.5800018310547,204.0657501220703,26981500,0.0,0.0
2020-08-21 00:00:00-04:00,213.86000061035156,216.25,212.85000610351562,213.02000427246094,202.58221435546875,36249300,0.0,0.0
2020-08-24 00:00:00-04:00,214.7899932861328,215.52000427246094,212.42999267578125,213.69000244140625,203.2193603515625,25460100,0.0,0.0
2020-08-25 00:00:00-04:00,213.10000610351562,216.61000061035156,213.10000610351562,216.47000122070312,205.8631591796875,23043700,0.0,0.0
2020-08-26 00:00:00-04:00,217.8800048828125,222.08999633789062,217.36000061035156,221.14999389648438,210.31382751464844,39600800,0.0,0.0
2020-08-27 00:00:00-04:00,222.88999938964844,231.14999389648438,219.39999389648438,226.5800018310547,215.47779846191406,57602200,0.0,0.0
2020-08-28 00:00:00-04:00,228.17999267578125,230.63999938964844,226.5800018310547,228.91000366210938,217.69363403320312,26292900,0.0,0.0
2020-08-31 00:00:00-04:00,227.0,228.6999969482422,224.30999755859375,225.52999877929688,214.47918701171875,28774200,0.0,0.0
2020-09-01 00:00:00-04:00,225.50999450683594,227.4499969482422,224.42999267578125,227.27000427246094,216.13394165039062,25725500,0.0,0.0
2020-09-02 00:00:00-04:00,227.97000122070312,232.86000061035156,227.35000610351562,231.64999389648438,220.29934692382812,34080800,0.0,0.0
2020-09-03 00:00:00-04:00,229.27000427246094,229.30999755859375,214.9600067138672,217.3000030517578,206.65248107910156,58400300,0.0,0.0
2020-09-04 00:00:00-04:00,215.10000610351562,218.36000061035156,205.19000244140625,214.25,203.75192260742188,59664100,0.0,0.0
2020-09-08 00:00:00-04:00,206.5,210.02999877929688,202.1999969482422,202.66000366210938,192.72984313964844,52924300,0.0,0.0
2020-09-09 00:00:00-04:00,207.60000610351562,214.83999633789062,206.6999969482422,211.2899932861328,200.93695068359375,45679000,0.0,0.0
2020-09-10 00:00:00-04:00,213.39999389648438,214.74000549316406,204.11000061035156,205.3699951171875,195.30703735351562,35461500,0.0,0.0
2020-09-11 00:00:00-04:00,207.1999969482422,208.6300048828125,201.24000549316406,204.02999877929688,194.03274536132812,33620100,0.0,0.0
2020-09-14 00:00:00-04:00,204.24000549316406,209.1999969482422,204.02999877929688,205.41000366210938,195.34506225585938,30375800,0.0,0.0
2020-09-15 00:00:00-04:00,208.4199981689453,209.77999877929688,206.92999267578125,208.77999877929688,198.54995727539062,21823900,0.0,0.0
2020-09-16 00:00:00-04:00,210.6199951171875,210.64999389648438,204.63999938964844,205.0500030517578,195.0027313232422,26328100,0.0,0.0
2020-09-17 00:00:00-04:00,200.0500030517578,204.3300018310547,199.9600067138672,202.91000366210938,192.96754455566406,34011300,0.0,0.0
2020-09-18 00:00:00-04:00,202.8000030517578,203.64999389648438,196.25,200.38999938964844,190.57107543945312,55225300,0.0,0.0
2020-09-21 00:00:00-04:00,197.19000244140625,202.7100067138672,196.3800048828125,202.5399932861328,192.61573791503906,39839700,0.0,0.0
2020-09-22 00:00:00-04:00,205.05999755859375,208.10000610351562,202.0800018310547,207.4199981689453,197.25660705566406,33517100,0.0,0.0
2020-09-23 00:00:00-04:00,207.89999389648438,208.10000610351562,200.02999877929688,200.58999633789062,190.76126098632812,30803800,0.0,0.0
2020-09-24 00:00:00-04:00,199.85000610351562,205.57000732421875,199.1999969482422,203.19000244140625,193.23385620117188,31202500,0.0,0.0
2020-09-25 00:00:00-04:00,203.5500030517578,209.0399932861328,202.5399932861328,207.82000732421875,197.63702392578125,29437300,0.0,0.0
2020-09-28 00:00:00-04:00,210.8800048828125,212.57000732421875,208.05999755859375,209.44000244140625,199.17759704589844,32004900,0.0,0.0
2020-09-29 00:00:00-04:00,209.35000610351562,210.07000732421875,206.80999755859375,207.25999450683594,197.10443115234375,24221900,0.0,0.0
2020-09-30 00:00:00-04:00,207.72999572753906,211.97999572753906,206.5399932861328,210.3300018310547,200.02403259277344,33829100,0.0,0.0
2020-10-01 00:00:00-04:00,213.49000549316406,213.99000549316406,211.32000732421875,212.4600067138672,202.04965209960938,27158400,0.0,0.0
2020-10-02 00:00:00-04:00,208.0,210.99000549316406,205.5399932861328,206.19000244140625,196.08685302734375,33154800,0.0,0.0
2020-10-05 00:00:00-04:00,207.22000122070312,210.41000366210938,206.97999572753906,210.3800048828125,200.07154846191406,21331600,0.0,0.0
2020-10-06 00:00:00-04:00,208.82000732421875,210.17999267578125,204.82000732421875,205.91000366210938,195.82061767578125,28554300,0.0,0.0
2020-10-07 00:00:00-04:00,207.05999755859375,210.11000061035156,206.72000122070312,209.8300018310547,199.54852294921875,25681100,0.0,0.0
2020-10-08 00:00:00-04:00,210.50999450683594,211.19000244140625,208.32000732421875,210.5800018310547,200.26177978515625,19925800,0.0,0.0
2020-10-09 00:00:00-04:00,211.22999572753906,215.86000061035156,211.22999572753906,215.80999755859375,205.23548889160156,26458000,0.0,0.0
2020-10-12 00:00:00-04:00,218.7899932861328,223.86000061035156,216.80999755859375,221.39999389648438,210.55162048339844,40461400,0.0,0.0
2020-10-13 00:00:00-04:00,222.72000122070312,225.2100067138672,220.42999267578125,222.86000061035156,211.94009399414062,28950800,0.0,0.0
2020-10-14 00:00:00-04:00,223.0,224.22000122070312,219.1300048828125,220.86000061035156,210.0380401611328,23421700,0.0,0.0
2020-10-15 00:00:00-04:00,217.10000610351562,220.36000061035156,216.00999450683594,219.66000366210938,208.89688110351562,22733100,0.0,0.0
2020-10-16 00:00:00-04:00,220.14999389648438,222.2899932861328,219.32000732421875,219.66000366210938,208.89688110351562,26057900,0.0,0.0
2020-10-19 00:00:00-04:00,220.4199981689453,222.3000030517578,213.72000122070312,214.22000122070312,203.72340393066406,27625800,0.0,0.0
2020-10-20 00:00:00-04:00,215.8000030517578,217.3699951171875,213.08999633789062,214.64999389648438,204.13232421875,22753500,0.0,0.0
2020-10-21 00:00:00-04:00,213.1199951171875,216.9199981689453,213.1199951171875,214.8000030517578,204.27500915527344,22724900,0.0,0.0
2020-10-22 00:00:00-04:00,213.92999267578125,216.05999755859375,211.6999969482422,214.88999938964844,204.3605499267578,22351500,0.0,0.0
2020-10-23 00:00:00-04:00,215.02999877929688,216.27999877929688,213.16000366210938,216.22999572753906,205.63491821289062,18879600,0.0,0.0
2020-10-26 00:00:00-04:00,213.85000610351562,216.33999633789062,208.10000610351562,210.0800018310547,199.7863006591797,37111600,0.0,0.0
2020-10-27 00:00:00-04:00,211.58999633789062,214.6699981689453,210.3300018310547,213.25,202.80096435546875,36700300,0.0,0.0
2020-10-28 00:00:00-04:00,207.6699981689453,208.83999633789062,202.10000610351562,202.67999267578125,192.748779296875,51195600,0.0,0.0
2020-10-29 00:00:00-04:00,204.07000732421875,207.36000061035156,203.3699951171875,204.72000122070312,194.68890380859375,31432600,0.0,0.0
2020-10-30 00:00:00-04:00,203.5,204.2899932861328,199.6199951171875,202.47000122070312,192.54916381835938,36953700,0.0,0.0
2020-11-02 00:00:00-05:00,204.2899932861328,205.27999877929688,200.1199951171875,202.3300018310547,192.41600036621094,30842200,0.0,0.0
2020-11-03 00:00:00-05:00,203.88999938964844,208.1199951171875,203.1199951171875,206.42999267578125,196.31507873535156,27512000,0.0,0.0
2020-11-04 00:00:00-05:00,214.02000427246094,218.32000732421875,212.4199981689453,216.38999938964844,205.78704833984375,42311800,0.0,0.0
2020-11-05 00:00:00-05:00,222.0399932861328,224.1199951171875,221.14999389648438,223.2899932861328,212.3489532470703,36080100,0.0,0.0
2020-11-06 00:00:00-05:00,222.25999450683594,224.36000061035156,218.02999877929688,223.72000122070312,212.75791931152344,25231900,0.0,0.0
2020-11-09 00:00:00-05:00,224.44000244140625,228.1199951171875,217.8800048828125,218.38999938964844,207.68905639648438,44395000,0.0,0.0
2020-11-10 00:00:00-05:00,214.5,216.5,209.72000122070312,211.00999450683594,200.67068481445312,44045100,0.0,0.0
2020-11-11 00:00:00-05:00,212.38999938964844,218.0399932861328,212.1999969482422,216.5500030517578,205.93923950195312,29440800,0.0,0.0
2020-11-12 00:00:00-05:00,217.2100067138672,219.11000061035156,214.4600067138672,215.44000244140625,204.88363647460938,21593900,0.0,0.0
2020-11-13 00:00:00-05:00,216.36000061035156,217.4199981689453,214.16000366210938,216.50999450683594,205.9011993408203,18621100,0.0,0.0
2020-11-16 00:00:00-05:00,214.8699951171875,217.74000549316406,214.52000427246094,217.22999572753906,206.58590698242188,24953300,0.0,0.0
2020-11-17 00:00:00-05:00,216.10000610351562,217.67999267578125,214.0800018310547,214.4600067138672,203.95167541503906,24154100,0.0,0.0
2020-11-18 00:00:00-05:00,213.64999389648438,215.1699981689453,210.92999267578125,211.0800018310547,201.26280212402344,28372800,0.56,0.0
2020-11-19 00:00:00-05:00,211.3800048828125,213.02999877929688,209.92999267578125,212.4199981689453,202.5404815673828,24792700,0.0,0.0
2020-11-20 00:00:00-05:00,212.1999969482422,213.2899932861328,210.0,210.38999938964844,200.60487365722656,22843100,0.0,0.0
2020-11-23 00:00:00-05:00,210.9499969482422,212.2899932861328,208.16000366210938,210.11000061035156,200.337890625,25683500,0.0,0.0
2020-11-24 00:00:00-05:00,209.58999633789062,214.25,208.86000061035156,213.86000061035156,203.9135284423828,33979700,0.0,0.0
2020-11-25 00:00:00-05:00,215.11000061035156,215.2899932861328,212.4600067138672,213.8699951171875,203.92306518554688,21012900,0.0,0.0
2020-11-27 00:00:00-05:00,214.85000610351562,216.27000427246094,214.0399932861328,215.22999572753906,205.21978759765625,14512200,0.0,0.0
2020-11-30 00:00:00-05:00,214.10000610351562,214.75999450683594,210.83999633789062,214.07000732421875,204.11375427246094,33064800,0.0,0.0
2020-12-01 00:00:00-05:00,214.50999450683594,217.32000732421875,213.35000610351562,216.2100067138672,206.15420532226562,30904500,0.0,0.0
2020-12-02 00:00:00-05:00,214.8800048828125,215.47000122070312,212.8000030517578,215.3699951171875,205.35328674316406,23724500,0.0,0.0
2020-12-03 00:00:00-05:00,214.61000061035156,216.3800048828125,213.64999389648438,214.24000549316406,204.27587890625,25120900,0.0,0.0
2020-12-04 00:00:00-05:00,214.22000122070312,215.3800048828125,213.17999267578125,214.36000061035156,204.39024353027344,24666000,0.0,0.0
2020-12-07 00:00:00-05:00,214.3699951171875,215.5399932861328,212.99000549316406,214.2899932861328,204.3235321044922,24620000,0.0,0.0
2020-12-08 00:00:00-05:00,213.97000122070312,216.9499969482422,212.88999938964844,216.00999450683594,205.96351623535156,23284100,0.0,0.0
2020-12-09 00:00:00-05:00,215.16000366210938,215.22999572753906,211.2100067138672,211.8000030517578,201.94931030273438,32440600,0.0,0.0
2020-12-10 00:00:00-05:00,211.77000427246094,213.0800018310547,210.36000061035156,210.52000427246094,200.7288818359375,26733300,0.0,0.0
2020-12-11 00:00:00-05:00,210.0500030517578,213.32000732421875,209.11000061035156,213.25999450683594,203.34141540527344,30979400,0.0,0.0
2020-12-14 00:00:00-05:00,213.10000610351562,216.2100067138672,212.8800048828125,214.1999969482422,204.2377166748047,28798400,0.0,0.0
2020-12-15 00:00:00-05:00,215.1699981689453,215.4199981689453,212.24000549316406,214.1300048828125,204.17095947265625,27000600,0.0,0.0
2020-12-16 00:00:00-05:00,214.75,220.11000061035156,214.72000122070312,219.27999877929688,209.08140563964844,35023300,0.0,0.0
2020-12-17 00:00:00-05:00,219.8699951171875,220.88999938964844,217.9199981689453,219.4199981689453,209.21493530273438,32515800,0.0,0.0
2020-12-18 00:00:00-05:00,218.58999633789062,219.69000244140625,216.02000427246094,218.58999633789062,208.42347717285156,63354900,0.0,0.0
2020-12-21 00:00:00-05:00,217.5500030517578,224.0,217.27999877929688,222.58999633789062,212.23748779296875,37181900,0.0,0.0
2020-12-22 00:00:00-05:00,222.69000244140625,225.6300048828125,221.85000610351562,223.94000244140625,213.5247039794922,22612200,0.0,0.0
2020-12-23 00:00:00-05:00,223.11000061035156,223.55999755859375,220.8000030517578,221.02000427246094,210.74053955078125,18699600,0.0,0.0
2020-12-24 00:00:00-05:00,221.4199981689453,223.61000061035156,221.1999969482422,222.75,212.3900146484375,10550600,0.0,0.0
2020-12-28 00:00:00-05:00,224.4499969482422,226.02999877929688,223.02000427246094,224.9600067138672,214.4972381591797,17933500,0.0,0.0
2020-12-29 00:00:00-05:00,226.30999755859375,227.17999267578125,223.5800018310547,224.14999389648438,213.72488403320312,17403200,0.0,0.0
2020-12-30 00:00:00-05:00,225.22999572753906,225.6300048828125,221.47000122070312,221.67999267578125,211.3698272705078,20272300,0.0,0.0
2020-12-31 00:00:00-05:00,221.6999969482422,223.0,219.67999267578125,222.4199981689453,212.07537841796875,20942100,0.0,0.0
2021-01-04 00:00:00-05:00,222.52999877929688,223.0,214.80999755859375,217.69000244140625,207.5653533935547,37130100,0.0,0.0
2021-01-05 00:00:00-05:00,217.25999450683594,218.52000427246094,215.6999969482422,217.89999389648438,207.76560974121094,23823000,0.0,0.0
2021-01-06 00:00:00-05:00,212.1699981689453,216.49000549316406,211.94000244140625,212.25,202.37838745117188,35930700,0.0,0.0
2021-01-07 00:00:00-05:00,214.0399932861328,219.33999633789062,213.7100067138672,218.2899932861328,208.137451171875,27694500,0.0,0.0
2021-01-08 00:00:00-05:00,218.67999267578125,220.5800018310547,217.02999877929688,219.6199951171875,209.40560913085938,22956200,0.0,0.0
2021-01-11 00:00:00-05:00,218.47000122070312,218.91000366210938,216.72999572753906,217.49000549316406,207.37469482421875,23031300,0.0,0.0
2021-01-12 00:00:00-05:00,216.5,217.10000610351562,213.32000732421875,214.92999267578125,204.93373107910156,23249300,0.0,0.0
2021-01-13 00:00:00-05:00,214.02000427246094,216.75999450683594,213.92999267578125,216.33999633789062,206.2781524658203,20087100,0.0,0.0
2021-01-14 00:00:00-05:00,215.91000366210938,217.4600067138672,212.74000549316406,213.02000427246094,203.1125946044922,29480800,0.0,0.0
2021-01-15 00:00:00-05:00,213.52000427246094,214.50999450683594,212.02999877929688,212.64999389648438,202.759765625,31746500,0.0,0.0
2021-01-19 00:00:00-05:00,213.75,216.97999572753906,212.6300048828125,216.44000244140625,206.3734893798828,30480900,0.0,0.0
2021-01-20 00:00:00-05:00,217.6999969482422,225.7899932861328,217.2899932861328,224.33999633789062,213.9061279296875,37777300,0.0,0.0
2021-01-21 00:00:00-05:00,224.6999969482422,226.3000030517578,222.4199981689453,224.97000122070312,214.5067901611328,30709400,0.0,0.0
2021-01-22 00:00:00-05:00,227.0800018310547,230.07000732421875,225.8000030517578,225.9499969482422,215.44119262695312,30172700,0.0,0.0
2021-01-25 00:00:00-05:00,229.1199951171875,229.77999877929688,224.22000122070312,229.52999877929688,218.85472106933594,33152100,0.0,0.0
2021-01-26 00:00:00-05:00,231.86000061035156,234.17999267578125,230.0800018310547,232.3300018310547,221.52452087402344,49169600,0.0,0.0
2021-01-27 00:00:00-05:00,238.0,240.44000244140625,230.13999938964844,232.89999389648438,222.0679473876953,69870600,0.0,0.0
2021-01-28 00:00:00-05:00,235.61000061035156,242.63999938964844,235.08999633789062,238.92999267578125,227.8175048828125,49111200,0.0,0.0
2021-01-29 00:00:00-05:00,235.99000549316406,238.02000427246094,231.35000610351562,231.9600067138672,221.17172241210938,42503100,0.0,0.0
2021-02-01 00:00:00-05:00,235.05999755859375,242.5,232.42999267578125,239.64999389648438,228.5040283203125,33314200,0.0,0.0
2021-02-02 00:00:00-05:00,241.3000030517578,242.30999755859375,238.69000244140625,239.50999450683594,228.37059020996094,25916300,0.0,0.0
2021-02-03 00:00:00-05:00,239.57000732421875,245.08999633789062,239.25999450683594,243.0,231.69821166992188,27158100,0.0,0.0
2021-02-04 00:00:00-05:00,242.66000366210938,243.24000549316406,240.3699951171875,242.00999450683594,230.75425720214844,25296100,0.0,0.0
2021-02-05 00:00:00-05:00,242.22999572753906,243.27999877929688,240.4199981689453,242.1999969482422,230.9354248046875,18054800,0.0,0.0
2021-02-08 00:00:00-05:00,243.14999389648438,243.67999267578125,240.80999755859375,242.47000122070312,231.1928253173828,22211900,0.0,0.0
2021-02-09 00:00:00-05:00,241.8699951171875,244.75999450683594,241.3800048828125,243.77000427246094,232.43238830566406,23565000,0.0,0.0
2021-02-10 00:00:00-05:00,245.0,245.9199981689453,240.88999938964844,242.82000732421875,231.52659606933594,22186700,0.0,0.0
2021-02-11 00:00:00-05:00,244.77999877929688,245.14999389648438,242.14999389648438,244.49000549316406,233.11895751953125,15751100,0.0,0.0
2021-02-12 00:00:00-05:00,243.92999267578125,245.3000030517578,242.72999572753906,244.99000549316406,233.595703125,16561100,0.0,0.0
2021-02-16 00:00:00-05:00,245.02999877929688,246.1300048828125,242.9199981689453,243.6999969482422,232.36569213867188,26728500,0.0,0.0
2021-02-17 00:00:00-05:00,241.32000732421875,244.30999755859375,240.94000244140625,244.1999969482422,233.37872314453125,21653500,0.56,0.0
2021-02-18 00:00:00-05:00,241.8000030517578,243.92999267578125,240.86000061035156,243.7899932861328,232.98687744140625,16925600,0.0,0.0
2021-02-19 00:00:00-05:00,243.75,243.86000061035156,240.17999267578125,240.97000122070312,230.29183959960938,25262600,0.0,0.0
2021-02-22 00:00:00-05:00,237.4199981689453,237.92999267578125,232.39999389648438,234.50999450683594,224.1181182861328,36446900,0.0,0.0
2021-02-23 00:00:00-05:00,230.3300018310547,234.8300018310547,228.72999572753906,233.27000427246094,222.93309020996094,30228700,0.0,0.0
2021-02-24 00:00:00-05:00,230.00999450683594,235.1999969482422,229.0,234.5500030517578,224.1563262939453,26339700,0.0,0.0
2021-02-25 00:00:00-05:00,232.0800018310547,234.58999633789062,227.8800048828125,228.99000549316406,218.8426971435547,39542200,0.0,0.0
2021-02-26 00:00:00-05:00,231.52999877929688,235.3699951171875,229.5399932861328,232.3800048828125,222.08245849609375,37819200,0.0,0.0
2021-03-01 00:00:00-05:00,235.89999389648438,237.47000122070312,233.14999389648438,236.94000244140625,226.44041442871094,25324000,0.0,0.0
2021-03-02 00:00:00-05:00,237.00999450683594,237.3000030517578,233.4499969482422,233.8699951171875,223.50643920898438,22812500,0.0,0.0
2021-03-03 00:00:00-05:00,232.16000366210938,233.5800018310547,227.25999450683594,227.55999755859375,217.47604370117188,34029500,0.0,0.0
2021-03-04 00:00:00-05:00,226.74000549316406,232.49000549316406,224.25999450683594,226.72999572753906,216.682861328125,44727800,0.0,0.0
2021-03-05 00:00:00-05:00,229.52000427246094,233.27000427246094,226.4600067138672,231.60000610351562,221.3370361328125,41872800,0.0,0.0
2021-03-08 00:00:00-05:00,231.3699951171875,233.3699951171875,227.1300048828125,227.38999938964844,217.31358337402344,35267400,0.0,0.0
2021-03-09 00:00:00-05:00,232.8800048828125,235.3800048828125,231.6699981689453,233.77999877929688,223.42044067382812,33080500,0.0,0.0
2021-03-10 00:00:00-05:00,237.0,237.0,232.0399932861328,232.4199981689453,222.12071228027344,29746800,0.0,0.0
2021-03-11 00:00:00-05:00,234.9600067138672,239.1699981689453,234.30999755859375,237.1300048828125,226.62197875976562,29907600,0.0,0.0
2021-03-12 00:00:00-05:00,234.00999450683594,235.82000732421875,233.22999572753906,235.75,225.30311584472656,22653700,0.0,0.0
2021-03-15 00:00:00-04:00,234.9600067138672,235.19000244140625,231.80999755859375,234.80999755859375,224.40478515625,26034900,0.0,0.0
2021-03-16 00:00:00-04:00,236.27999877929688,240.05999755859375,235.94000244140625,237.7100067138672,227.17630004882812,28092200,0.0,0.0
2021-03-17 00:00:00-04:00,236.14999389648438,238.5500030517578,233.22999572753906,237.0399932861328,226.53598022460938,29562100,0.0,0.0
2021-03-18 00:00:00-04:00,232.55999755859375,234.19000244140625,230.3300018310547,230.72000122070312,220.4960174560547,34833000,0.0,0.0
2021-03-19 00:00:00-04:00,231.02000427246094,232.47000122070312,229.35000610351562,230.35000610351562,220.1424102783203,46430700,0.0,0.0
2021-03-22 00:00:00-04:00,230.27000427246094,236.89999389648438,230.13999938964844,235.99000549316406,225.53248596191406,30127000,0.0,0.0
2021-03-23 00:00:00-04:00,237.49000549316406,241.0500030517578,237.07000732421875,237.5800018310547,227.0520782470703,31638400,0.0,0.0
2021-03-24 00:00:00-04:00,237.85000610351562,238.0,235.32000732421875,235.4600067138672,225.02603149414062,25620100,0.0,0.0
2021-03-25 00:00:00-04:00,235.3000030517578,236.94000244140625,231.57000732421875,232.33999633789062,222.04425048828125,34061900,0.0,0.0
2021-03-26 00:00:00-04:00,231.5500030517578,236.7100067138672,231.5500030517578,236.47999572753906,226.0007781982422,25479900,0.0,0.0
2021-03-29 00:00:00-04:00,236.58999633789062,236.8000030517578,231.8800048828125,235.24000549316406,224.8157501220703,25227500,0.0,0.0
2021-03-30 00:00:00-04:00,233.52999877929688,233.85000610351562,231.10000610351562,231.85000610351562,221.57594299316406,24792000,0.0,0.0
2021-03-31 00:00:00-04:00,232.91000366210938,239.10000610351562,232.38999938964844,235.77000427246094,225.32223510742188,43623500,0.0,0.0
2021-04-01 00:00:00-04:00,238.47000122070312,242.83999633789062,238.0500030517578,242.35000610351562,231.61068725585938,30338000,0.0,0.0
2021-04-05 00:00:00-04:00,242.75999450683594,249.9600067138672,242.6999969482422,249.07000732421875,238.0328826904297,36910600,0.0,0.0
2021-04-06 00:00:00-04:00,247.61000061035156,249.39999389648438,246.8800048828125,247.86000061035156,236.87649536132812,22931900,0.0,0.0
2021-04-07 00:00:00-04:00,247.80999755859375,250.92999267578125,247.19000244140625,249.89999389648438,238.8260955810547,22719800,0.0,0.0
2021-04-08 00:00:00-04:00,252.77000427246094,254.13999938964844,252.0,253.25,242.0276641845703,23625200,0.0,0.0
2021-04-09 00:00:00-04:00,252.8699951171875,255.99000549316406,252.44000244140625,255.85000610351562,244.512451171875,24326800,0.0,0.0
2021-04-12 00:00:00-04:00,254.7100067138672,257.6700134277344,254.6199951171875,255.91000366210938,244.56979370117188,27148700,0.0,0.0
2021-04-13 00:00:00-04:00,257.260009765625,259.19000244140625,256.8299865722656,258.489990234375,247.03549194335938,23837500,0.0,0.0
2021-04-14 00:00:00-04:00,257.4800109863281,258.8299865722656,255.16000366210938,255.58999633789062,244.26394653320312,23070900,0.0,0.0
2021-04-15 00:00:00-04:00,257.92999267578125,259.92999267578125,257.7300109863281,259.5,248.00070190429688,25627500,0.0,0.0
2021-04-16 00:00:00-04:00,259.4700012207031,261.0,257.6000061035156,260.739990234375,249.1857147216797,24878600,0.0,0.0
2021-04-19 00:00:00-04:00,260.19000244140625,261.4800109863281,257.82000732421875,258.739990234375,247.27432250976562,23209300,0.0,0.0
2021-04-20 00:00:00-04:00,257.82000732421875,260.20001220703125,256.8399963378906,258.260009765625,246.815673828125,19722900,0.0,0.0
2021-04-21 00:00:00-04:00,258.94000244140625,260.67999267578125,257.25,260.5799865722656,249.03280639648438,24030400,0.0,0.0
2021-04-22 00:00:00-04:00,260.2099914550781,261.7799987792969,255.63999938964844,257.1700134277344,245.77391052246094,25606200,0.0,0.0
2021-04-23 00:00:00-04:00,257.8800048828125,261.510009765625,257.2699890136719,261.1499938964844,249.57757568359375,21462600,0.0,0.0
2021-04-26 00:00:00-04:00,261.6600036621094,262.44000244140625,260.1700134277344,261.54998779296875,249.9598388671875,19763300,0.0,0.0
2021-04-27 00:00:00-04:00,261.5799865722656,263.19000244140625,260.1199951171875,261.9700012207031,250.3612518310547,31014200,0.0,0.0
2021-04-28 00:00:00-04:00,256.0799865722656,256.5400085449219,252.9499969482422,254.55999755859375,243.2795867919922,46903100,0.0,0.0
2021-04-29 00:00:00-04:00,255.4600067138672,256.1000061035156,249.0,252.50999450683594,241.32044982910156,40589000,0.0,0.0
2021-04-30 00:00:00-04:00,249.74000549316406,253.0800018310547,249.60000610351562,252.17999267578125,241.00509643554688,30945100,0.0,0.0
2021-05-03 00:00:00-04:00,253.39999389648438,254.35000610351562,251.1199951171875,251.86000061035156,240.69923400878906,19626600,0.0,0.0
2021-05-04 00:00:00-04:00,250.97000122070312,251.2100067138672,245.75999450683594,247.7899932861328,236.80960083007812,32756100,0.0,0.0
2021-05-05 00:00:00-04:00,249.05999755859375,249.5,245.82000732421875,246.47000122070312,235.548095703125,21901300,0.0,0.0
2021-05-06 00:00:00-04:00,246.4499969482422,249.86000061035156,244.69000244140625,249.72999572753906,238.66363525390625,26491100,0.0,0.0
2021-05-07 00:00:00-04:00,252.14999389648438,254.3000030517578,251.1699981689453,252.4600067138672,241.27267456054688,27032900,0.0,0.0
2021-05-10 00:00:00-04:00,250.8699951171875,251.72999572753906,247.1199951171875,247.17999267578125,236.22662353515625,29299900,0.0,0.0
2021-05-11 00:00:00-04:00,244.5500030517578,246.60000610351562,242.57000732421875,246.22999572753906,235.31871032714844,33641600,0.0,0.0
2021-05-12 00:00:00-04:00,242.1699981689453,244.3800048828125,238.07000732421875,239.0,228.4091033935547,36684400,0.0,0.0
2021-05-13 00:00:00-04:00,241.8000030517578,245.60000610351562,241.4199981689453,243.02999877929688,232.26052856445312,29624300,0.0,0.0
2021-05-14 00:00:00-04:00,245.5800018310547,249.17999267578125,245.49000549316406,248.14999389648438,237.15365600585938,23901100,0.0,0.0
2021-05-17 00:00:00-04:00,246.5500030517578,246.58999633789062,243.52000427246094,245.17999267578125,234.31527709960938,24970200,0.0,0.0
2021-05-18 00:00:00-04:00,246.27000427246094,246.41000366210938,242.89999389648438,243.0800018310547,232.308349609375,20168000,0.0,0.0
2021-05-19 00:00:00-04:00,239.30999755859375,243.22999572753906,238.60000610351562,243.1199951171875,232.88307189941406,25739800,0.56,0.0
2021-05-20 00:00:00-04:00,243.9600067138672,247.9499969482422,243.86000061035156,246.47999572753906,236.10157775878906,21800700,0.0,0.0
2021-05-21 00:00:00-04:00,247.57000732421875,248.3300018310547,244.74000549316406,245.1699981689453,234.84674072265625,21863100,0.0,0.0
2021-05-24 00:00:00-04:00,247.7899932861328,251.16000366210938,247.50999450683594,250.77999877929688,240.22055053710938,21411500,0.0,0.0
2021-05-25 00:00:00-04:00,251.77000427246094,252.75,250.82000732421875,251.72000122070312,241.1209259033203,17704300,0.0,0.0
2021-05-26 00:00:00-04:00,251.42999267578125,252.94000244140625,250.75,251.49000549316406,240.90066528320312,17771600,0.0,0.0
2021-05-27 00:00:00-04:00,251.1699981689453,251.47999572753906,249.25,249.30999755859375,238.81243896484375,24426200,0.0,0.0
2021-05-28 00:00:00-04:00,251.0,252.0800018310547,249.55999755859375,249.67999267578125,239.1668243408203,18270200,0.0,0.0
2021-06-01 00:00:00-04:00,251.22999572753906,251.2899932861328,246.9600067138672,247.39999389648438,236.98280334472656,23213300,0.0,0.0
2021-06-02 00:00:00-04:00,248.1300048828125,249.27000427246094,245.83999633789062,247.3000030517578,236.88706970214844,19406700,0.0,0.0
2021-06-03 00:00:00-04:00,245.22000122070312,246.33999633789062,243.0,245.7100067138672,235.36399841308594,25307700,0.0,0.0
2021-06-04 00:00:00-04:00,247.75999450683594,251.64999389648438,247.50999450683594,250.7899932861328,240.23011779785156,25281100,0.0,0.0
2021-06-07 00:00:00-04:00,249.97999572753906,254.08999633789062,249.80999755859375,253.80999755859375,243.1229705810547,23079200,0.0,0.0
2021-06-08 00:00:00-04:00,255.16000366210938,256.010009765625,252.50999450683594,252.57000732421875,241.93516540527344,22455000,0.0,0.0
2021-06-09 00:00:00-04:00,253.80999755859375,255.52999877929688,253.2100067138672,253.58999633789062,242.91220092773438,17937600,0.0,0.0
2021-06-10 00:00:00-04:00,254.2899932861328,257.4599914550781,253.6699981689453,257.239990234375,246.40850830078125,24563600,0.0,0.0
2021-06-11 00:00:00-04:00,257.989990234375,258.489990234375,256.6099853515625,257.8900146484375,247.0311737060547,18999700,0.0,0.0
2021-06-14 00:00:00-04:00,257.8999938964844,259.95001220703125,256.79998779296875,259.8900146484375,248.9469757080078,19150500,0.0,0.0
2021-06-15 00:00:00-04:00,259.7699890136719,259.989990234375,257.67999267578125,258.3599853515625,247.48133850097656,18038900,0.0,0.0
2021-06-16 00:00:00-04:00,259.3999938964844,260.5799865722656,254.4199981689453,257.3800048828125,246.54266357421875,27220000,0.0,0.0
2021-06-17 00:00:00-04:00,256.07000732421875,261.75,256.010009765625,260.8999938964844,249.91439819335938,27565500,0.0,0.0
2021-06-18 00:00:00-04:00,259.6300048828125,262.29998779296875,258.75,259.42999267578125,248.50628662109375,37202200,0.0,0.0
2021-06-21 00:00:00-04:00,259.82000732421875,263.5199890136719,257.9200134277344,262.6300048828125,251.571533203125,26696100,0.0,0.0
2021-06-22 00:00:00-04:00,262.7200012207031,265.7900085449219,262.3999938964844,265.510009765625,254.3302459716797,24694100,0.0,0.0
2021-06-23 00:00:00-04:00,265.989990234375,266.8299865722656,264.42999267578125,265.2699890136719,254.10040283203125,19518700,0.0,0.0
2021-06-24 00:00:00-04:00,266.1600036621094,267.8500061035156,265.4700012207031,266.69000244140625,255.46063232421875,21446900,0.0,0.0
2021-06-25 00:00:00-04:00,266.2300109863281,267.25,264.760009765625,265.0199890136719,253.86090087890625,25611100,0.0,0.0
2021-06-28 00:00:00-04:00,266.19000244140625,268.8999938964844,265.9100036621094,268.7200012207031,257.4051513671875,19590000,0.0,0.0
2021-06-29 00:00:00-04:00,268.8699951171875,271.6499938964844,267.9800109863281,271.3999938964844,259.97235107421875,19937800,0.0,0.0
2021-06-30 00:00:00-04:00,270.69000244140625,271.3599853515625,269.6000061035156,270.8999938964844,259.49334716796875,21656500,0.0,0.0
2021-07-01 00:00:00-04:00,269.6099853515625,271.8399963378906,269.6000061035156,271.6000061035156,260.1638488769531,16725300,0.0,0.0
2021-07-02 00:00:00-04:00,272.82000732421875,278.0,272.5,277.6499938964844,265.9591064453125,26458000,0.0,0.0
2021-07-06 00:00:00-04:00,278.0299987792969,279.3699951171875,274.29998779296875,277.6600036621094,265.96875,31565600,0.0,0.0
2021-07-07 00:00:00-04:00,279.3999938964844,280.69000244140625,277.1499938964844,279.92999267578125,268.1430969238281,23260000,0.0,0.0
2021-07-08 00:00:00-04:00,276.8999938964844,278.7300109863281,274.8699951171875,277.4200134277344,265.73876953125,24618600,0.0,0.0
2021-07-09 00:00:00-04:00,275.7200012207031,278.04998779296875,275.32000732421875,277.94000244140625,266.2368469238281,23916700,0.0,0.0
2021-07-12 00:00:00-04:00,279.1600036621094,279.7699890136719,276.5799865722656,277.32000732421875,265.64306640625,18931700,0.0,0.0
2021-07-13 00:00:00-04:00,277.5199890136719,282.8500061035156,277.3900146484375,280.9800109863281,269.14886474609375,26120100,0.0,0.0
2021-07-14 00:00:00-04:00,282.3500061035156,283.6600036621094,280.54998779296875,282.510009765625,270.614501953125,23113700,0.0,0.0
2021-07-15 00:00:00-04:00,282.0,282.510009765625,279.8299865722656,281.0299987792969,269.1968078613281,22604200,0.0,0.0
2021-07-16 00:00:00-04:00,282.07000732421875,284.1000061035156,279.4599914550781,280.75,268.9285888671875,26186800,0.0,0.0
2021-07-19 00:00:00-04:00,278.92999267578125,280.3699951171875,274.45001220703125,277.010009765625,265.3461608886719,32935600,0.0,0.0
2021-07-20 00:00:00-04:00,278.0299987792969,280.9700012207031,276.260009765625,279.32000732421875,267.5588073730469,26259700,0.0,0.0
2021-07-21 00:00:00-04:00,278.8999938964844,281.5199890136719,277.2900085449219,281.3999938964844,269.5512390136719,24364300,0.0,0.0
2021-07-22 00:00:00-04:00,283.8399963378906,286.4200134277344,283.4200134277344,286.1400146484375,274.0916442871094,23384100,0.0,0.0
2021-07-23 00:00:00-04:00,287.3699951171875,289.989990234375,286.5,289.6700134277344,277.4730224609375,22768100,0.0,0.0
2021-07-26 00:00:00-04:00,289.0,289.69000244140625,286.6400146484375,289.04998779296875,276.8791198730469,23176100,0.0,0.0
2021-07-27 00:00:00-04:00,289.42999267578125,289.5799865722656,282.95001220703125,286.5400085449219,274.47479248046875,33604100,0.0,0.0
2021-07-28 00:00:00-04:00,288.989990234375,290.1499938964844,283.8299865722656,286.2200012207031,274.1683044433594,33566900,0.0,0.0
2021-07-29 00:00:00-04:00,286.239990234375,288.6199951171875,286.0799865722656,286.5,274.4364318847656,18168300,0.0,0.0
2021-07-30 00:00:00-04:00,285.1700134277344,286.6600036621094,283.9100036621094,284.9100036621094,272.9134216308594,20944800,0.0,0.0
2021-08-02 00:00:00-04:00,286.3599853515625,286.7699890136719,283.739990234375,284.82000732421875,272.8272705078125,16267400,0.0,0.0
2021-08-03 00:00:00-04:00,285.4200134277344,287.2300109863281,284.0,287.1199951171875,275.0303649902344,17879000,0.0,0.0
2021-08-04 00:00:00-04:00,286.2200012207031,287.5899963378906,284.6499938964844,286.510009765625,274.446044921875,16191300,0.0,0.0
2021-08-05 00:00:00-04:00,286.8800048828125,289.6300048828125,286.1000061035156,289.5199890136719,277.3293151855469,13900200,0.0,0.0
2021-08-06 00:00:00-04:00,288.510009765625,289.5,287.6199951171875,289.4599914550781,277.2718505859375,16589300,0.0,0.0
2021-08-09 00:00:00-04:00,289.75,291.54998779296875,287.80999755859375,288.3299865722656,276.18939208984375,16117600,0.0,0.0
2021-08-10 00:00:00-04:00,288.79998779296875,289.25,285.20001220703125,286.44000244140625,274.3790283203125,18616600,0.0,0.0
2021-08-11 00:00:00-04:00,287.2099914550781,288.6600036621094,285.8599853515625,286.95001220703125,274.8675537109375,13955900,0.0,0.0
2021-08-12 00:00:00-04:00,286.6300048828125,289.9700012207031,286.3399963378906,289.80999755859375,277.6070556640625,14561300,0.0,0.0
2021-08-13 00:00:00-04:00,289.4800109863281,292.8999938964844,289.29998779296875,292.8500061035156,280.5190734863281,18249000,0.0,0.0
2021-08-16 00:00:00-04:00,293.19000244140625,294.82000732421875,290.0199890136719,294.6000061035156,282.1954040527344,22507600,0.0,0.0
2021-08-17 00:00:00-04:00,292.3900146484375,293.42999267578125,291.0799865722656,293.0799865722656,280.7393798828125,20075300,0.0,0.0
2021-08-18 00:00:00-04:00,292.0400085449219,294.82000732421875,290.2699890136719,290.7300109863281,279.0214538574219,21813000,0.56,0.0
2021-08-19 00:00:00-04:00,288.69000244140625,297.4700012207031,288.6400146484375,296.7699890136719,284.8182678222656,29850500,0.0,0.0
2021-08-20 00:00:00-04:00,299.7200012207031,305.8399963378906,298.05999755859375,304.3599853515625,292.1025695800781,40817600,0.0,0.0
2021-08-23 00:00:00-04:00,303.25,305.3999938964844,301.8500061035156,304.6499938964844,292.3808898925781,22830200,0.0,0.0
2021-08-24 00:00:00-04:00,305.0199890136719,305.6499938964844,302.0,302.6199951171875,290.4327392578125,18175800,0.0,0.0
2021-08-25 00:00:00-04:00,304.29998779296875,304.5899963378906,300.4200134277344,302.010009765625,289.8472595214844,20006100,0.0,0.0
2021-08-26 00:00:00-04:00,300.989990234375,302.42999267578125,298.95001220703125,299.0899963378906,287.0448303222656,17666100,0.0,0.0
2021-08-27 00:00:00-04:00,298.989990234375,300.8699951171875,296.8299865722656,299.7200012207031,287.64947509765625,22605700,0.0,0.0
2021-08-30 00:00:00-04:00,301.1199951171875,304.2200012207031,301.05999755859375,303.5899963378906,291.3635559082031,16348100,0.0,0.0
2021-08-31 00:00:00-04:00,304.4200134277344,304.5,301.5,301.8800048828125,289.722412109375,26285300,0.0,0.0
2021-09-01 00:00:00-04:00,302.8699951171875,305.19000244140625,301.489990234375,301.8299865722656,289.6744384765625,18983800,0.0,0.0
2021-09-02 00:00:00-04:00,302.20001220703125,303.3599853515625,300.17999267578125,301.1499938964844,289.0218811035156,16285600,0.0,0.0
2021-09-03 00:00:00-04:00,300.989990234375,302.6000061035156,300.260009765625,301.1400146484375,289.01226806640625,14747900,0.0,0.0
2021-09-07 00:00:00-04:00,301.010009765625,301.0899963378906,298.20001220703125,300.17999267578125,288.0909729003906,17180400,0.0,0.0
2021-09-08 00:00:00-04:00,299.7799987792969,300.6099853515625,297.4700012207031,300.2099914550781,288.1197509765625,15046800,0.0,0.0
2021-09-09 00:00:00-04:00,300.82000732421875,302.1400146484375,297.0,297.25,285.27899169921875,19927000,0.0,0.0
2021-09-10 00:00:00-04:00,298.4200134277344,299.9200134277344,295.3800048828125,295.7099914550781,283.8009338378906,19633400,0.0,0.0
2021-09-13 00:00:00-04:00,297.54998779296875,298.5400085449219,294.0799865722656,296.989990234375,285.0293884277344,23652900,0.0,0.0
2021-09-14 00:00:00-04:00,299.55999755859375,301.3900146484375,298.1000061035156,299.7900085449219,287.71661376953125,21853400,0.0,0.0
2021-09-15 00:00:00-04:00,303.260009765625,305.32000732421875,301.82000732421875,304.82000732421875,292.5440368652344,28356300,0.0,0.0
2021-09-16 00:00:00-04:00,303.760009765625,305.30999755859375,300.760009765625,305.2200012207031,292.927978515625,19550800,0.0,0.0
2021-09-17 00:00:00-04:00,304.1700134277344,304.5,299.5299987792969,299.8699951171875,287.7934265136719,41372500,0.0,0.0
2021-09-20 00:00:00-04:00,296.3299865722656,298.7200012207031,289.5199890136719,294.29998779296875,282.44775390625,38278700,0.0,0.0
2021-09-21 00:00:00-04:00,295.69000244140625,297.5400085449219,294.07000732421875,294.79998779296875,282.9276123046875,22364100,0.0,0.0
2021-09-22 00:00:00-04:00,296.7300109863281,300.2200012207031,294.510009765625,298.5799865722656,286.5553894042969,26626300,0.0,0.0
2021-09-23 00:00:00-04:00,298.8500061035156,300.8999938964844,297.5299987792969,299.55999755859375,287.4958190917969,18604600,0.0,0.0
2021-09-24 00:00:00-04:00,298.2300109863281,299.79998779296875,296.92999267578125,299.3500061035156,287.29437255859375,14999000,0.0,0.0
2021-09-27 00:00:00-04:00,296.1400146484375,296.4700012207031,292.94000244140625,294.1700134277344,282.3229064941406,23571700,0.0,0.0
2021-09-28 00:00:00-04:00,289.79998779296875,290.7799987792969,282.75,283.5199890136719,272.10186767578125,43186200,0.0,0.0
2021-09-29 00:00:00-04:00,285.1000061035156,286.7699890136719,283.010009765625,284.0,272.5625305175781,26353700,0.0,0.0
2021-09-30 00:00:00-04:00,285.7099914550781,287.8299865722656,281.6199951171875,281.9200134277344,270.56634521484375,32343600,0.0,0.0
2021-10-01 00:00:00-04:00,282.1199951171875,289.9800109863281,281.2900085449219,289.1000061035156,277.45721435546875,30086300,0.0,0.0
2021-10-04 00:00:00-04:00,287.3999938964844,287.75,280.25,283.1099853515625,271.70831298828125,31350700,0.0,0.0
2021-10-05 00:00:00-04:00,284.04998779296875,290.3999938964844,284.04998779296875,288.760009765625,277.1308898925781,24993000,0.0,0.0
2021-10-06 00:00:00-04:00,285.7799987792969,293.6300048828125,285.510009765625,293.1099853515625,281.3056335449219,28002600,0.0,0.0
2021-10-07 00:00:00-04:00,295.17999267578125,296.6400146484375,293.9200134277344,294.8500061035156,282.9756164550781,20430500,0.0,0.0
2021-10-08 00:00:00-04:00,296.2200012207031,296.6400146484375,293.760009765625,294.8500061035156,282.9756164550781,17685700,0.0,0.0
2021-10-11 00:00:00-04:00,292.9200134277344,297.9700012207031,292.75,294.2300109863281,282.380615234375,19298600,0.0,0.0
2021-10-12 00:00:00-04:00,295.3399963378906,295.44000244140625,292.3500061035156,292.8800048828125,281.0848693847656,17974100,0.0,0.0
2021-10-13 00:00:00-04:00,294.9100036621094,297.2799987792969,293.489990234375,296.30999755859375,284.3768005371094,23416300,0.0,0.0
2021-10-14 00:00:00-04:00,299.2099914550781,303.2699890136719,297.8299865722656,302.75,290.55743408203125,27262900,0.0,0.0
2021-10-15 00:00:00-04:00,302.3399963378906,304.45001220703125,300.5199890136719,304.2099914550781,291.9585876464844,25384800,0.0,0.0
2021-10-18 00:00:00-04:00,303.57000732421875,308.2099914550781,302.69000244140625,307.2900085449219,294.91461181640625,22729300,0.0,0.0
2021-10-19 00:00:00-04:00,308.3500061035156,309.29998779296875,307.2200012207031,308.2300109863281,295.8167724609375,17682100,0.0,0.0
2021-10-20 00:00:00-04:00,309.2099914550781,309.70001220703125,306.1099853515625,307.4100036621094,295.02978515625,16537100,0.0,0.0
2021-10-21 00:00:00-04:00,307.1700134277344,311.0199890136719,306.3599853515625,310.760009765625,298.2448425292969,16918100,0.0,0.0
2021-10-22 00:00:00-04:00,310.3999938964844,311.0899963378906,307.79998779296875,309.1600036621094,296.7092590332031,17449300,0.0,0.0
2021-10-25 00:00:00-04:00,309.3599853515625,309.3999938964844,306.4599914550781,308.1300048828125,295.7208557128906,17554500,0.0,0.0
2021-10-26 00:00:00-04:00,311.0,312.3999938964844,308.6000061035156,310.1099853515625,297.6209716796875,28107300,0.0,0.0
2021-10-27 00:00:00-04:00,316.0,326.1000061035156,316.0,323.1700134277344,310.15509033203125,52588700,0.0,0.0
2021-10-28 00:00:00-04:00,324.3299865722656,324.8699951171875,321.3599853515625,324.3500061035156,311.2875061035156,26297900,0.0,0.0
2021-10-29 00:00:00-04:00,324.1300048828125,332.0,323.8999938964844,331.6199951171875,318.2647705078125,34766000,0.0,0.0
2021-11-01 00:00:00-04:00,331.3599853515625,331.489990234375,326.3699951171875,329.3699951171875,316.10540771484375,27073200,0.0,0.0
2021-11-02 00:00:00-04:00,330.30999755859375,333.45001220703125,330.0,333.1300048828125,319.71392822265625,26487100,0.0,0.0
2021-11-03 00:00:00-04:00,333.8999938964844,334.8999938964844,330.6499938964844,334.0,320.5489501953125,21500100,0.0,0.0
2021-11-04 00:00:00-04:00,332.8900146484375,336.5400085449219,329.510009765625,336.44000244140625,322.89068603515625,23992200,0.0,0.0
2021-11-05 00:00:00-04:00,338.510009765625,338.7900085449219,334.4200134277344,336.05999755859375,322.5259704589844,22570100,0.0,0.0
2021-11-08 00:00:00-05:00,337.29998779296875,337.6499938964844,334.44000244140625,336.989990234375,323.4184875488281,20897000,0.0,0.0
2021-11-09 00:00:00-05:00,337.1099853515625,338.7200012207031,334.5299987792969,335.95001220703125,322.42041015625,21307400,0.0,0.0
2021-11-10 00:00:00-05:00,334.57000732421875,334.6300048828125,329.9200134277344,330.79998779296875,317.4777526855469,25500900,0.0,0.0
2021-11-11 00:00:00-05:00,331.25,333.7699890136719,330.510009765625,332.42999267578125,319.0421142578125,16849800,0.0,0.0
2021-11-12 00:00:00-05:00,333.9200134277344,337.2300109863281,333.7900085449219,336.7200012207031,323.1593933105469,23831000,0.0,0.0
2021-11-15 00:00:00-05:00,337.5400085449219,337.8800048828125,334.0299987792969,336.07000732421875,322.5355224609375,16723000,0.0,0.0
2021-11-16 00:00:00-05:00,335.67999267578125,340.6700134277344,335.510009765625,339.510009765625,325.8370361328125,20886800,0.0,0.0
2021-11-17 00:00:00-05:00,338.94000244140625,342.19000244140625,338.0,339.1199951171875,326.05810546875,19053400,0.62,0.0
2021-11-18 00:00:00-05:00,338.17999267578125,342.45001220703125,337.1199951171875,341.2699890136719,328.12530517578125,22463500,0.0,0.0
2021-11-19 00:00:00-05:00,342.6400146484375,345.1000061035156,342.20001220703125,343.1099853515625,329.89447021484375,21963400,0.0,0.0
2021-11-22 00:00:00-05:00,344.6199951171875,349.6700134277344,339.54998779296875,339.8299865722656,326.74078369140625,31031100,0.0,0.0
2021-11-23 00:00:00-05:00,337.04998779296875,339.45001220703125,333.55999755859375,337.67999267578125,324.67364501953125,30427600,0.0,0.0
2021-11-24 00:00:00-05:00,336.2799987792969,338.1600036621094,333.9100036621094,337.9100036621094,324.8948059082031,21661300,0.0,0.0
2021-11-26 00:00:00-05:00,334.3500061035156,337.92999267578125,328.1199951171875,329.67999267578125,316.98175048828125,24217200,0.0,0.0
2021-11-29 00:00:00-05:00,334.94000244140625,339.0299987792969,334.739990234375,336.6300048828125,323.66400146484375,28563500,0.0,0.0
2021-11-30 00:00:00-05:00,335.32000732421875,337.7799987792969,328.989990234375,330.5899963378906,317.856689453125,42885600,0.0,0.0
2021-12-01 00:00:00-05:00,335.1300048828125,339.2799987792969,329.3900146484375,330.0799865722656,317.36627197265625,33337600,0.0,0.0
2021-12-02 00:00:00-05:00,330.29998779296875,333.489990234375,327.79998779296875,329.489990234375,316.7990417480469,30766000,0.0,0.0
2021-12-03 00:00:00-05:00,331.989990234375,332.70001220703125,318.0299987792969,323.010009765625,310.5687255859375,41779300,0.0,0.0
2021-12-06 00:00:00-05:00,323.95001220703125,327.45001220703125,319.2300109863281,326.19000244140625,313.6261901855469,30032600,0.0,0.0
2021-12-07 00:00:00-05:00,331.6400146484375,335.79998779296875,330.1000061035156,334.9200134277344,322.01995849609375,31021900,0.0,0.0
2021-12-08 00:00:00-05:00,335.30999755859375,335.5,330.79998779296875,334.9700012207031,322.0680236816406,24761000,0.0,0.0
2021-12-09 00:00:00-05:00,334.4100036621094,336.489990234375,332.1199951171875,333.1000061035156,320.2700500488281,22214200,0.0,0.0
2021-12-10 00:00:00-05:00,334.9800109863281,343.0,334.7900085449219,342.5400085449219,329.346435546875,38095700,0.0,0.0
2021-12-13 00:00:00-05:00,340.67999267578125,343.7900085449219,339.0799865722656,339.3999938964844,326.32733154296875,28899400,0.0,0.0
2021-12-14 00:00:00-05:00,333.2200012207031,334.6400146484375,324.1099853515625,328.3399963378906,315.69342041015625,44438700,0.0,0.0
2021-12-15 00:00:00-05:00,328.6099853515625,335.19000244140625,324.5,334.6499938964844,321.7602233886719,35381100,0.0,0.0
2021-12-16 00:00:00-05:00,335.7099914550781,336.760009765625,323.0199890136719,324.8999938964844,312.3858642578125,35034800,0.0,0.0
2021-12-17 00:00:00-05:00,320.8800048828125,324.9200134277344,317.25,323.79998779296875,311.3282775878906,47750300,0.0,0.0
2021-12-20 00:00:00-05:00,320.04998779296875,322.79998779296875,317.57000732421875,319.9100036621094,307.5880432128906,28326500,0.0,0.0
2021-12-21 00:00:00-05:00,323.2900085449219,327.7300109863281,319.79998779296875,327.2900085449219,314.68377685546875,24740600,0.0,0.0
2021-12-22 00:00:00-05:00,328.29998779296875,333.6099853515625,325.75,333.20001220703125,320.3661193847656,24831500,0.0,0.0
2021-12-23 00:00:00-05:00,332.75,336.3900146484375,332.7300109863281,334.69000244140625,321.7987976074219,19617800,0.0,0.0
2021-12-27 00:00:00-05:00,335.4599914550781,342.4800109863281,335.42999267578125,342.45001220703125,329.2599182128906,19947000,0.0,0.0
2021-12-28 00:00:00-05:00,343.1499938964844,343.80999755859375,340.32000732421875,341.25,328.1060791015625,15661500,0.0,0.0
2021-12-29 00:00:00-05:00,341.29998779296875,344.29998779296875,339.67999267578125,341.95001220703125,328.77911376953125,15042000,0.0,0.0
2021-12-30 00:00:00-05:00,341.9100036621094,343.1300048828125,338.82000732421875,339.32000732421875,326.2504577636719,15994500,0.0,0.0
2021-12-31 00:00:00-05:00,338.510009765625,339.3599853515625,335.8500061035156,336.32000732421875,323.3659973144531,18000800,0.0,0.0
2022-01-03 00:00:00-05:00,335.3500061035156,338.0,329.7799987792969,334.75,321.8564758300781,28865100,0.0,0.0
2022-01-04 00:00:00-05:00,334.8299865722656,335.20001220703125,326.1199951171875,329.010009765625,316.33758544921875,32674300,0.0,0.0
2022-01-05 00:00:00-05:00,325.8599853515625,326.07000732421875,315.9800109863281,316.3800048828125,304.1940612792969,40054300,0.0,0.0
2022-01-06 00:00:00-05:00,313.1499938964844,318.70001220703125,311.489990234375,313.8800048828125,301.7903137207031,39646100,0.0,0.0
2022-01-07 00:00:00-05:00,314.1499938964844,316.5,310.0899963378906,314.0400085449219,301.9441833496094,32720000,0.0,0.0
2022-01-10 00:00:00-05:00,309.489990234375,314.7200012207031,304.69000244140625,314.2699890136719,302.165283203125,44289500,0.0,0.0
2022-01-11 00:00:00-05:00,313.3800048828125,316.6099853515625,309.8900146484375,314.9800109863281,302.8479309082031,29386800,0.0,0.0
2022-01-12 00:00:00-05:00,319.6700134277344,323.4100036621094,317.0799865722656,318.2699890136719,306.01116943359375,34372200,0.0,0.0
2022-01-13 00:00:00-05:00,320.4700012207031,320.8800048828125,304.0,304.79998779296875,293.05999755859375,45366000,0.0,0.0
2022-01-14 00:00:00-05:00,304.25,310.82000732421875,303.75,310.20001220703125,298.2520446777344,39846400,0.0,0.0
2022-01-18 00:00:00-05:00,304.07000732421875,309.79998779296875,301.739990234375,302.6499938964844,290.9928283691406,42333200,0.0,0.0
2022-01-19 00:00:00-05:00,306.2900085449219,313.9100036621094,302.70001220703125,303.3299865722656,291.64666748046875,45933900,0.0,0.0
2022-01-20 00:00:00-05:00,309.07000732421875,311.6499938964844,301.1400146484375,301.6000061035156,289.98333740234375,35380700,0.0,0.0
2022-01-21 00:00:00-05:00,302.69000244140625,304.1099853515625,295.6099853515625,296.0299987792969,284.6278381347656,57984400,0.0,0.0
2022-01-24 00:00:00-05:00,292.20001220703125,297.1099853515625,276.04998779296875,296.3699951171875,284.9547424316406,85731500,0.0,0.0
2022-01-25 00:00:00-05:00,291.5199890136719,294.989990234375,285.1700134277344,288.489990234375,277.3782043457031,72848600,0.0,0.0
2022-01-26 00:00:00-05:00,307.989990234375,308.5,293.0299987792969,296.7099914550781,285.2816467285156,90428900,0.0,0.0
2022-01-27 00:00:00-05:00,302.6600036621094,307.29998779296875,297.92999267578125,299.8399963378906,288.29107666015625,53481300,0.0,0.0
2022-01-28 00:00:00-05:00,300.2300109863281,308.4800109863281,294.45001220703125,308.260009765625,296.3867492675781,49743700,0.0,0.0
2022-01-31 00:00:00-05:00,308.95001220703125,312.3800048828125,306.3699951171875,310.9800109863281,299.0019836425781,46444500,0.0,0.0
2022-02-01 00:00:00-05:00,310.4100036621094,310.6300048828125,305.1300048828125,308.760009765625,296.86749267578125,40950400,0.0,0.0
2022-02-02 00:00:00-05:00,309.6300048828125,315.1199951171875,308.8800048828125,313.4599914550781,301.3865051269531,36636000,0.0,0.0
2022-02-03 00:00:00-05:00,309.489990234375,311.2300109863281,299.9599914550781,301.25,289.64678955078125,43730000,0.0,0.0
2022-02-04 00:00:00-05:00,300.2099914550781,308.79998779296875,299.9700012207031,305.94000244140625,294.15618896484375,35096500,0.0,0.0
2022-02-07 00:00:00-05:00,306.1700134277344,307.8399963378906,299.8999938964844,300.95001220703125,289.3583068847656,28533300,0.0,0.0
2022-02-08 00:00:00-05:00,301.25,305.55999755859375,299.95001220703125,304.55999755859375,292.8293151855469,32421200,0.0,0.0
2022-02-09 00:00:00-05:00,309.8699951171875,311.92999267578125,307.3900146484375,311.2099914550781,299.22314453125,31284700,0.0,0.0
2022-02-10 00:00:00-05:00,304.0400085449219,309.1199951171875,300.70001220703125,302.3800048828125,290.7332763671875,45386200,0.0,0.0
2022-02-11 00:00:00-05:00,303.19000244140625,304.2900085449219,294.2200012207031,295.0400085449219,283.676025390625,39175600,0.0,0.0
2022-02-14 00:00:00-05:00,293.7699890136719,296.760009765625,291.3500061035156,295.0,283.63751220703125,36359500,0.0,0.0
2022-02-15 00:00:00-05:00,300.010009765625,300.79998779296875,297.0199890136719,300.4700012207031,288.8968505859375,27058300,0.0,0.0
2022-02-16 00:00:00-05:00,298.3699951171875,300.8699951171875,293.67999267578125,299.5,288.55963134765625,29982100,0.62,0.0
2022-02-17 00:00:00-05:00,296.3599853515625,296.79998779296875,290.0,290.7300109863281,280.1099853515625,32461600,0.0,0.0
2022-02-18 00:00:00-05:00,293.04998779296875,293.8599853515625,286.30999755859375,287.92999267578125,277.4122314453125,34264000,0.0,0.0
2022-02-22 00:00:00-05:00,285.0,291.5400085449219,284.5,287.7200012207031,277.2099914550781,41736100,0.0,0.0
2022-02-23 00:00:00-05:00,290.17999267578125,291.70001220703125,280.1000061035156,280.2699890136719,270.03204345703125,37811200,0.0,0.0
2022-02-24 00:00:00-05:00,272.510009765625,295.1600036621094,271.5199890136719,294.5899963378906,283.8290710449219,56989700,0.0,0.0
2022-02-25 00:00:00-05:00,295.1400146484375,297.6300048828125,291.6499938964844,297.30999755859375,286.4495544433594,32546700,0.0,0.0
2022-02-28 00:00:00-05:00,294.30999755859375,299.1400146484375,293.0,298.7900085449219,287.8755798339844,34627500,0.0,0.0
2022-03-01 00:00:00-05:00,296.3999938964844,299.9700012207031,292.1499938964844,294.95001220703125,284.17584228515625,31217800,0.0,0.0
2022-03-02 00:00:00-05:00,295.3599853515625,301.4700012207031,293.70001220703125,300.19000244140625,289.224365234375,31873000,0.0,0.0
2022-03-03 00:00:00-05:00,302.8900146484375,303.1300048828125,294.04998779296875,295.9200134277344,285.1104431152344,27314500,0.0,0.0
2022-03-04 00:00:00-05:00,294.2900085449219,295.6600036621094,287.1700134277344,289.8599853515625,279.2716979980469,32356500,0.0,0.0
2022-03-07 00:00:00-05:00,288.5299987792969,289.69000244140625,278.5299987792969,278.9100036621094,268.72174072265625,43157200,0.0,0.0
2022-03-08 00:00:00-05:00,277.79998779296875,283.9599914550781,270.0,275.8500061035156,265.7735290527344,48159500,0.0,0.0
2022-03-09 00:00:00-05:00,283.44000244140625,289.6000061035156,280.7799987792969,288.5,277.96148681640625,35204500,0.0,0.0
2022-03-10 00:00:00-05:00,283.0199890136719,286.6000061035156,280.5799865722656,285.5899963378906,275.1576843261719,30628000,0.0,0.0
2022-03-11 00:00:00-05:00,287.9599914550781,289.510009765625,279.42999267578125,280.07000732421875,269.8393859863281,27209300,0.0,0.0
2022-03-14 00:00:00-04:00,280.3399963378906,285.3999938964844,275.82000732421875,276.44000244140625,266.3420104980469,30660700,0.0,0.0
2022-03-15 00:00:00-04:00,280.3500061035156,287.82000732421875,278.7300109863281,287.1499938964844,276.6607360839844,34245100,0.0,0.0
2022-03-16 00:00:00-04:00,289.1099853515625,294.57000732421875,283.20001220703125,294.3900146484375,283.63629150390625,37826300,0.0,0.0
2022-03-17 00:00:00-04:00,293.2900085449219,295.6099853515625,289.3699951171875,295.2200012207031,284.4359436035156,30816600,0.0,0.0
2022-03-18 00:00:00-04:00,295.3699951171875,301.0,292.7300109863281,300.42999267578125,289.45562744140625,43390600,0.0,0.0
2022-03-21 00:00:00-04:00,298.8900146484375,300.1400146484375,294.8999938964844,299.1600036621094,288.2320556640625,28351200,0.0,0.0
2022-03-22 00:00:00-04:00,299.79998779296875,305.0,298.7699890136719,304.05999755859375,292.9529724121094,27599700,0.0,0.0
2022-03-23 00:00:00-04:00,300.510009765625,303.2300109863281,297.7200012207031,299.489990234375,288.54998779296875,25715400,0.0,0.0
2022-03-24 00:00:00-04:00,299.1400146484375,304.20001220703125,298.32000732421875,304.1000061035156,292.99163818359375,24484500,0.0,0.0
2022-03-25 00:00:00-04:00,305.2300109863281,305.5,299.2900085449219,303.67999267578125,292.5869445800781,22566500,0.0,0.0
2022-03-28 00:00:00-04:00,304.3299865722656,310.79998779296875,304.3299865722656,310.70001220703125,299.35052490234375,29578200,0.0,0.0
2022-03-29 00:00:00-04:00,313.9100036621094,315.82000732421875,309.04998779296875,315.4100036621094,303.8883972167969,30393400,0.0,0.0
2022-03-30 00:00:00-04:00,313.760009765625,315.95001220703125,311.5799865722656,313.8599853515625,302.39495849609375,28163600,0.0,0.0
2022-03-31 00:00:00-04:00,313.8999938964844,315.1400146484375,307.8900146484375,308.30999755859375,297.04779052734375,33422100,0.0,0.0
2022-04-01 00:00:00-04:00,309.3699951171875,310.1300048828125,305.5400085449219,309.4200134277344,298.11724853515625,27110500,0.0,0.0
2022-04-04 00:00:00-04:00,310.0899963378906,315.1099853515625,309.7099914550781,314.9700012207031,303.4645690917969,24289600,0.0,0.0
2022-04-05 00:00:00-04:00,313.2699890136719,314.8699951171875,309.8699951171875,310.8800048828125,299.5238952636719,23156700,0.0,0.0
2022-04-06 00:00:00-04:00,305.19000244140625,307.0,296.7099914550781,299.5,288.55963134765625,40110400,0.0,0.0
2022-04-07 00:00:00-04:00,296.6600036621094,303.6499938964844,296.3500061035156,301.3699951171875,290.3613586425781,31411200,0.0,0.0
2022-04-08 00:00:00-04:00,300.44000244140625,301.1199951171875,296.2799987792969,296.9700012207031,286.1220397949219,24361900,0.0,0.0
2022-04-11 00:00:00-04:00,291.7900085449219,292.6099853515625,285.0,285.260009765625,274.8397521972656,34569300,0.0,0.0
2022-04-12 00:00:00-04:00,289.239990234375,290.739990234375,280.489990234375,282.05999755859375,271.756591796875,30966700,0.0,0.0
2022-04-13 00:00:00-04:00,282.7300109863281,288.5799865722656,281.29998779296875,287.6199951171875,277.11358642578125,21907200,0.0,0.0
2022-04-14 00:00:00-04:00,288.0899963378906,288.30999755859375,279.32000732421875,279.8299865722656,269.60809326171875,28221600,0.0,0.0
2022-04-18 00:00:00-04:00,278.9100036621094,282.4599914550781,278.3399963378906,280.5199890136719,270.2729187011719,20778000,0.0,0.0
2022-04-19 00:00:00-04:00,279.3800048828125,286.1700134277344,278.4100036621094,285.29998779296875,274.8782958984375,22297700,0.0,0.0
2022-04-20 00:00:00-04:00,289.3999938964844,289.70001220703125,285.3699951171875,286.3599853515625,275.8995666503906,22906700,0.0,0.0
2022-04-21 00:00:00-04:00,288.5799865722656,293.29998779296875,280.05999755859375,280.80999755859375,270.5523376464844,29454600,0.0,0.0
2022-04-22 00:00:00-04:00,281.67999267578125,283.20001220703125,273.3800048828125,274.0299987792969,264.02001953125,29405800,0.0,0.0
2022-04-25 00:00:00-04:00,273.2900085449219,281.1099853515625,270.7699890136719,280.7200012207031,270.4656677246094,35678900,0.0,0.0
2022-04-26 00:00:00-04:00,277.5,278.3599853515625,270.0,270.2200012207031,260.3492126464844,46518400,0.0,0.0
2022-04-27 00:00:00-04:00,282.1000061035156,290.9700012207031,279.1600036621094,283.2200012207031,272.87432861328125,63477700,0.0,0.0
2022-04-28 00:00:00-04:00,285.19000244140625,290.9800109863281,281.4599914550781,289.6300048828125,279.0501708984375,33646600,0.0,0.0
2022-04-29 00:00:00-04:00,288.6099853515625,289.8800048828125,276.5,277.5199890136719,267.3825378417969,37073900,0.0,0.0
2022-05-02 00:00:00-04:00,277.7099914550781,284.94000244140625,276.2200012207031,284.4700012207031,274.0785827636719,35151100,0.0,0.0
2022-05-03 00:00:00-04:00,283.9599914550781,284.1300048828125,280.1499938964844,281.7799987792969,271.4869384765625,25978600,0.0,0.0
2022-05-04 00:00:00-04:00,282.5899963378906,290.8800048828125,276.7300109863281,289.9800109863281,279.38739013671875,33599300,0.0,0.0
2022-05-05 00:00:00-04:00,285.5400085449219,286.3500061035156,274.3399963378906,277.3500061035156,267.2187805175781,43260400,0.0,0.0
2022-05-06 00:00:00-04:00,274.80999755859375,279.25,271.2699890136719,274.7300109863281,264.6944274902344,37780300,0.0,0.0
2022-05-09 00:00:00-04:00,270.05999755859375,272.3599853515625,263.32000732421875,264.5799865722656,254.9152069091797,47726000,0.0,0.0
2022-05-10 00:00:00-04:00,271.69000244140625,273.75,265.07000732421875,269.5,259.6555480957031,39336400,0.0,0.0
2022-05-11 00:00:00-04:00,265.67999267578125,271.3599853515625,259.29998779296875,260.54998779296875,251.03236389160156,48975900,0.0,0.0
2022-05-12 00:00:00-04:00,257.69000244140625,259.8800048828125,250.02000427246094,255.35000610351562,246.02236938476562,51033800,0.0,0.0
2022-05-13 00:00:00-04:00,257.3500061035156,263.0400085449219,255.35000610351562,261.1199951171875,251.58155822753906,34925100,0.0,0.0
2022-05-16 00:00:00-04:00,259.9599914550781,265.82000732421875,255.77999877929688,261.5,251.94766235351562,32550900,0.0,0.0
2022-05-17 00:00:00-04:00,266.1099853515625,268.3299865722656,262.4599914550781,266.82000732421875,257.0733947753906,28828800,0.0,0.0
2022-05-18 00:00:00-04:00,263.0,263.6000061035156,252.77000427246094,254.0800018310547,245.368896484375,31356000,0.62,0.0
2022-05-19 00:00:00-04:00,253.89999389648438,257.6700134277344,251.8800048828125,253.13999938964844,244.46115112304688,32692300,0.0,0.0
2022-05-20 00:00:00-04:00,257.239990234375,258.5400085449219,246.44000244140625,252.55999755859375,243.90103149414062,39199300,0.0,0.0
2022-05-23 00:00:00-04:00,255.49000549316406,261.5,253.42999267578125,260.6499938964844,251.71365356445312,33175400,0.0,0.0
2022-05-24 00:00:00-04:00,257.8900146484375,261.3299865722656,253.5,259.6199951171875,250.7189178466797,29043900,0.0,0.0
2022-05-25 00:00:00-04:00,258.1400146484375,264.5799865722656,257.1300048828125,262.5199890136719,253.51959228515625,28547900,0.0,0.0
2022-05-26 00:00:00-04:00,262.2699890136719,267.1099853515625,261.42999267578125,265.8999938964844,256.78369140625,25002100,0.0,0.0
2022-05-27 00:00:00-04:00,268.4800109863281,273.3399963378906,267.55999755859375,273.239990234375,263.87200927734375,26910800,0.0,0.0
2022-05-31 00:00:00-04:00,272.5299987792969,274.7699890136719,268.92999267578125,271.8699951171875,262.54901123046875,37827700,0.0,0.0
2022-06-01 00:00:00-04:00,275.20001220703125,277.69000244140625,270.0400085449219,272.4200134277344,263.08013916015625,25292200,0.0,0.0
2022-06-02 00:00:00-04:00,264.45001220703125,274.6499938964844,261.6000061035156,274.5799865722656,265.1661376953125,44008200,0.0,0.0
2022-06-03 00:00:00-04:00,270.30999755859375,273.45001220703125,268.4100036621094,270.0199890136719,260.76239013671875,28059000,0.0,0.0
2022-06-06 00:00:00-04:00,272.05999755859375,274.17999267578125,267.2200012207031,268.75,259.53594970703125,22400300,0.0,0.0
2022-06-07 00:00:00-04:00,266.6400146484375,273.1300048828125,265.94000244140625,272.5,263.1573791503906,22860700,0.0,0.0
2022-06-08 00:00:00-04:00,271.7099914550781,273.0,269.6099853515625,270.4100036621094,261.13909912109375,17372300,0.0,0.0
2022-06-09 00:00:00-04:00,267.7799987792969,272.7099914550781,264.6300048828125,264.7900085449219,255.7117156982422,26439700,0.0,0.0
2022-06-10 00:00:00-04:00,260.5799865722656,260.5799865722656,252.52999877929688,252.99000549316406,244.3162841796875,31422800,0.0,0.0
2022-06-13 00:00:00-04:00,245.11000061035156,249.02000427246094,241.52999877929688,242.25999450683594,233.9541473388672,46135800,0.0,0.0
2022-06-14 00:00:00-04:00,243.86000061035156,245.74000549316406,241.50999450683594,244.49000549316406,236.10772705078125,28651500,0.0,0.0
2022-06-15 00:00:00-04:00,248.30999755859375,255.3000030517578,246.4199981689453,251.75999450683594,243.1284637451172,33111700,0.0,0.0
2022-06-16 00:00:00-04:00,245.97999572753906,247.4199981689453,243.02000427246094,244.97000122070312,236.57125854492188,33169200,0.0,0.0
2022-06-17 00:00:00-04:00,244.6999969482422,250.5,244.02999877929688,247.64999389648438,239.1593475341797,43084800,0.0,0.0
2022-06-21 00:00:00-04:00,250.25999450683594,254.75,249.50999450683594,253.74000549316406,245.04058837890625,29928300,0.0,0.0
2022-06-22 00:00:00-04:00,251.88999938964844,257.1700134277344,250.3699951171875,253.1300048828125,244.45147705078125,25939900,0.0,0.0
2022-06-23 00:00:00-04:00,255.57000732421875,259.3699951171875,253.6300048828125,258.8599853515625,249.9850616455078,25861400,0.0,0.0
2022-06-24 00:00:00-04:00,261.80999755859375,267.9800109863281,261.7200012207031,267.70001220703125,258.52197265625,33923200,0.0,0.0
2022-06-27 00:00:00-04:00,268.2099914550781,268.29998779296875,263.2799987792969,264.8900146484375,255.80828857421875,24615100,0.0,0.0
2022-06-28 00:00:00-04:00,263.9800109863281,266.9100036621094,256.32000732421875,256.4800109863281,247.68667602539062,27295500,0.0,0.0
2022-06-29 00:00:00-04:00,257.5899963378906,261.9700012207031,255.75999450683594,260.260009765625,251.33706665039062,20069800,0.0,0.0
2022-06-30 00:00:00-04:00,257.04998779296875,259.5299987792969,252.89999389648438,256.8299865722656,248.02459716796875,31730900,0.0,0.0
2022-07-01 00:00:00-04:00,256.3900146484375,259.7699890136719,254.61000061035156,259.5799865722656,250.6803436279297,22837700,0.0,0.0
2022-07-05 00:00:00-04:00,256.1600036621094,262.9800109863281,254.74000549316406,262.8500061035156,253.8382568359375,22941000,0.0,0.0
2022-07-06 00:00:00-04:00,263.75,267.989990234375,262.3999938964844,266.2099914550781,257.0830383300781,23824400,0.0,0.0
2022-07-07 00:00:00-04:00,265.1199951171875,269.05999755859375,265.0199890136719,268.3999938964844,259.19793701171875,20859900,0.0,0.0
2022-07-08 00:00:00-04:00,264.7900085449219,268.1000061035156,263.2900085449219,267.6600036621094,258.48333740234375,19658800,0.0,0.0
2022-07-11 00:00:00-04:00,265.6499938964844,266.5299987792969,262.17999267578125,264.510009765625,255.44137573242188,19455200,0.0,0.0
2022-07-12 00:00:00-04:00,265.8800048828125,265.94000244140625,252.0399932861328,253.6699981689453,244.9729461669922,35868500,0.0,0.0
2022-07-13 00:00:00-04:00,250.19000244140625,253.5500030517578,248.11000061035156,252.72000122070312,244.0555419921875,29497400,0.0,0.0
2022-07-14 00:00:00-04:00,250.57000732421875,255.13999938964844,245.94000244140625,254.0800018310547,245.368896484375,25102800,0.0,0.0
2022-07-15 00:00:00-04:00,255.72000122070312,260.3699951171875,254.77000427246094,256.7200012207031,247.9184112548828,29774100,0.0,0.0
2022-07-18 00:00:00-04:00,259.75,260.8399963378906,253.3000030517578,254.25,245.53306579589844,20975000,0.0,0.0
2022-07-19 00:00:00-04:00,257.5799865722656,259.7200012207031,253.67999267578125,259.5299987792969,250.63211059570312,25012600,0.0,0.0
2022-07-20 00:00:00-04:00,259.8999938964844,264.8699951171875,258.9100036621094,262.2699890136719,253.27813720703125,22788300,0.0,0.0
2022-07-21 00:00:00-04:00,259.7900085449219,264.8900146484375,257.0299987792969,264.8399963378906,255.760009765625,22404700,0.0,0.0
2022-07-22 00:00:00-04:00,265.239990234375,265.3299865722656,259.07000732421875,260.3599853515625,251.43360900878906,21881300,0.0,0.0
2022-07-25 00:00:00-04:00,261.0,261.5,256.80999755859375,258.8299865722656,249.95606994628906,21056000,0.0,0.0
2022-07-26 00:00:00-04:00,259.8599853515625,259.8800048828125,249.57000732421875,251.89999389648438,243.26365661621094,39348000,0.0,0.0
2022-07-27 00:00:00-04:00,261.1600036621094,270.04998779296875,258.8500061035156,268.739990234375,259.5263671875,45994000,0.0,0.0
2022-07-28 00:00:00-04:00,269.75,277.8399963378906,267.8699951171875,276.4100036621094,266.9333190917969,33459300,0.0,0.0
2022-07-29 00:00:00-04:00,277.70001220703125,282.0,276.6300048828125,280.739990234375,271.11492919921875,32152800,0.0,0.0
2022-08-01 00:00:00-04:00,277.82000732421875,281.2799987792969,275.8399963378906,278.010009765625,268.47857666015625,21539600,0.0,0.0
2022-08-02 00:00:00-04:00,276.0,277.8900146484375,272.3800048828125,274.82000732421875,265.3978271484375,22754200,0.0,0.0
2022-08-03 00:00:00-04:00,276.760009765625,283.5,276.6099853515625,282.4700012207031,272.7855529785156,23518900,0.0,0.0
2022-08-04 00:00:00-04:00,281.79998779296875,283.79998779296875,280.1700134277344,283.6499938964844,273.92510986328125,18098700,0.0,0.0
2022-08-05 00:00:00-04:00,279.1499938964844,283.6499938964844,278.67999267578125,282.9100036621094,273.21051025390625,16774600,0.0,0.0
2022-08-08 00:00:00-04:00,284.04998779296875,285.9200134277344,279.32000732421875,280.32000732421875,270.7092590332031,18739200,0.0,0.0
2022-08-09 00:00:00-04:00,279.6400146484375,283.0799865722656,277.6099853515625,282.29998779296875,272.621337890625,23405200,0.0,0.0
2022-08-10 00:00:00-04:00,288.1700134277344,289.80999755859375,286.94000244140625,289.1600036621094,279.2462463378906,24687800,0.0,0.0
2022-08-11 00:00:00-04:00,290.8500061035156,291.2099914550781,286.510009765625,287.0199890136719,277.1795654296875,20065900,0.0,0.0
2022-08-12 00:00:00-04:00,288.4800109863281,291.9100036621094,286.94000244140625,291.9100036621094,281.9019775390625,22619700,0.0,0.0
2022-08-15 00:00:00-04:00,291.0,294.17999267578125,290.1099853515625,293.4700012207031,283.40838623046875,18085700,0.0,0.0
2022-08-16 00:00:00-04:00,291.989990234375,294.0400085449219,290.4200134277344,292.7099914550781,282.6744689941406,18102900,0.0,0.0
2022-08-17 00:00:00-04:00,289.739990234375,293.3500061035156,289.4700012207031,291.32000732421875,281.9293518066406,18253400,0.62,0.0
2022-08-18 00:00:00-04:00,290.19000244140625,291.9100036621094,289.0799865722656,290.1700134277344,280.81640625,17186200,0.0,0.0
2022-08-19 00:00:00-04:00,288.8999938964844,289.25,285.55999755859375,286.1499938964844,276.9259948730469,20570000,0.0,0.0
2022-08-22 00:00:00-04:00,282.0799865722656,282.4599914550781,277.2200012207031,277.75,268.7967529296875,25061100,0.0,0.0
2022-08-23 00:00:00-04:00,276.44000244140625,278.8599853515625,275.3999938964844,276.44000244140625,267.5289001464844,17527400,0.0,0.0
2022-08-24 00:00:00-04:00,275.4100036621094,277.2300109863281,275.1099853515625,275.7900085449219,266.8999938964844,18137000,0.0,0.0
2022-08-25 00:00:00-04:00,277.3299865722656,279.0199890136719,274.5199890136719,278.8500061035156,269.8612976074219,16583400,0.0,0.0
2022-08-26 00:00:00-04:00,279.0799865722656,280.3399963378906,267.9800109863281,268.0899963378906,259.4480895996094,27549300,0.0,0.0
2022-08-29 00:00:00-04:00,265.8500061035156,267.3999938964844,263.8500061035156,265.2300109863281,256.6803283691406,20338500,0.0,0.0
2022-08-30 00:00:00-04:00,266.6700134277344,267.04998779296875,260.6600036621094,262.9700012207031,254.49319458007812,22767100,0.0,0.0
2022-08-31 00:00:00-04:00,265.3900146484375,267.1099853515625,261.3299865722656,261.4700012207031,253.0414581298828,24791800,0.0,0.0
2022-09-01 00:00:00-04:00,258.8699951171875,260.8900146484375,255.41000366210938,260.3999938964844,252.00604248046875,23263400,0.0,0.0
2022-09-02 00:00:00-04:00,261.70001220703125,264.739990234375,254.47000122070312,256.05999755859375,247.805908203125,22855400,0.0,0.0
2022-09-06 00:00:00-04:00,256.20001220703125,257.8299865722656,251.94000244140625,253.25,245.0865020751953,21328200,0.0,0.0
2022-09-07 00:00:00-04:00,254.6999969482422,258.8299865722656,253.22000122070312,258.0899963378906,249.7704620361328,24126700,0.0,0.0
2022-09-08 00:00:00-04:00,257.510009765625,260.42999267578125,254.7899932861328,258.5199890136719,250.1866455078125,20319900,0.0,0.0
2022-09-09 00:00:00-04:00,260.5,265.2300109863281,260.2900085449219,264.4599914550781,255.93511962890625,22084700,0.0,0.0
2022-09-12 00:00:00-04:00,265.7799987792969,267.45001220703125,265.1600036621094,266.6499938964844,258.0545654296875,18747700,0.0,0.0
2022-09-13 00:00:00-04:00,258.8399963378906,260.3999938964844,251.58999633789062,251.99000549316406,243.8671112060547,33353300,0.0,0.0
2022-09-14 00:00:00-04:00,253.52999877929688,254.22999572753906,249.86000061035156,252.22000122070312,244.0897216796875,23913000,0.0,0.0
2022-09-15 00:00:00-04:00,249.77000427246094,251.39999389648438,244.02000427246094,245.3800048828125,237.4701690673828,31530900,0.0,0.0
2022-09-16 00:00:00-04:00,244.25999450683594,245.3000030517578,242.05999755859375,244.74000549316406,236.850830078125,39791800,0.0,0.0
2022-09-19 00:00:00-04:00,242.47000122070312,245.13999938964844,240.85000610351562,244.52000427246094,236.63790893554688,26826900,0.0,0.0
2022-09-20 00:00:00-04:00,242.07000732421875,243.50999450683594,239.63999938964844,242.4499969482422,234.6345977783203,26660300,0.0,0.0
2022-09-21 00:00:00-04:00,244.27000427246094,247.66000366210938,238.89999389648438,238.9499969482422,231.24742126464844,28625600,0.0,0.0
2022-09-22 00:00:00-04:00,237.8699951171875,243.86000061035156,237.57000732421875,240.97999572753906,233.21200561523438,31061200,0.0,0.0
2022-09-23 00:00:00-04:00,239.5399932861328,241.1300048828125,235.1999969482422,237.9199981689453,230.2506561279297,34176000,0.0,0.0
2022-09-26 00:00:00-04:00,237.0500030517578,241.4499969482422,236.89999389648438,237.4499969482422,229.79580688476562,27694200,0.0,0.0
2022-09-27 00:00:00-04:00,239.97999572753906,241.8000030517578,234.5,236.41000366210938,228.78933715820312,27018700,0.0,0.0
2022-09-28 00:00:00-04:00,236.80999755859375,242.3300018310547,234.72999572753906,241.07000732421875,233.29913330078125,29029700,0.0,0.0
2022-09-29 00:00:00-04:00,238.88999938964844,239.9499969482422,234.41000366210938,237.5,229.84417724609375,27484200,0.0,0.0
2022-09-30 00:00:00-04:00,238.2899932861328,240.5399932861328,232.72999572753906,232.89999389648438,225.3924560546875,35694800,0.0,0.0
2022-10-03 00:00:00-04:00,235.41000366210938,241.61000061035156,234.66000366210938,240.74000549316406,232.979736328125,28880400,0.0,0.0
2022-10-04 00:00:00-04:00,245.08999633789062,250.36000061035156,244.97999572753906,248.8800048828125,240.85736083984375,34888400,0.0,0.0
2022-10-05 00:00:00-04:00,245.99000549316406,250.5800018310547,244.10000610351562,249.1999969482422,241.16705322265625,20347100,0.0,0.0
2022-10-06 00:00:00-04:00,247.92999267578125,250.33999633789062,246.0800018310547,246.7899932861328,238.834716796875,20239900,0.0,0.0
2022-10-07 00:00:00-04:00,240.89999389648438,241.32000732421875,233.1699981689453,234.24000549316406,226.68923950195312,37769600,0.0,0.0
2022-10-10 00:00:00-04:00,233.0500030517578,234.55999755859375,226.72999572753906,229.25,221.86013793945312,29743600,0.0,0.0
2022-10-11 00:00:00-04:00,227.6199951171875,229.05999755859375,224.11000061035156,225.41000366210938,218.14393615722656,30474000,0.0,0.0
2022-10-12 00:00:00-04:00,225.39999389648438,227.86000061035156,223.9600067138672,225.75,218.47293090820312,21903900,0.0,0.0
2022-10-13 00:00:00-04:00,219.85000610351562,236.10000610351562,219.1300048828125,234.24000549316406,226.68923950195312,42551800,0.0,0.0
2022-10-14 00:00:00-04:00,235.5399932861328,237.24000549316406,228.33999633789062,228.55999755859375,221.19235229492188,30198600,0.0,0.0
2022-10-17 00:00:00-04:00,235.82000732421875,238.9600067138672,235.13999938964844,237.52999877929688,229.8732147216797,28142300,0.0,0.0
2022-10-18 00:00:00-04:00,243.24000549316406,243.92999267578125,235.3699951171875,238.5,230.8119659423828,26329600,0.0,0.0
2022-10-19 00:00:00-04:00,237.0399932861328,239.61000061035156,234.2899932861328,236.47999572753906,228.85707092285156,19985700,0.0,0.0
2022-10-20 00:00:00-04:00,235.77000427246094,241.30999755859375,234.8699951171875,236.14999389648438,228.53768920898438,21811000,0.0,0.0
2022-10-21 00:00:00-04:00,234.74000549316406,243.0,234.5,242.1199951171875,234.31529235839844,26299700,0.0,0.0
2022-10-24 00:00:00-04:00,243.75999450683594,247.83999633789062,241.3000030517578,247.25,239.27989196777344,24911200,0.0,0.0
2022-10-25 00:00:00-04:00,247.25999450683594,251.0399932861328,245.8300018310547,250.66000366210938,242.5800018310547,34775500,0.0,0.0
2022-10-26 00:00:00-04:00,231.1699981689453,238.3000030517578,230.05999755859375,231.32000732421875,223.86341857910156,82543200,0.0,0.0
2022-10-27 00:00:00-04:00,231.0399932861328,233.69000244140625,225.77999877929688,226.75,219.44070434570312,40424600,0.0,0.0
2022-10-28 00:00:00-04:00,226.24000549316406,236.60000610351562,226.0500030517578,235.8699951171875,228.26673889160156,40647700,0.0,0.0
2022-10-31 00:00:00-04:00,233.75999450683594,234.9199981689453,231.14999389648438,232.1300048828125,224.64727783203125,28357300,0.0,0.0
2022-11-01 00:00:00-04:00,234.60000610351562,235.74000549316406,227.3300018310547,228.1699981689453,220.81494140625,30592300,0.0,0.0
2022-11-02 00:00:00-04:00,229.4600067138672,231.3000030517578,220.0399932861328,220.10000610351562,213.00509643554688,38407000,0.0,0.0
2022-11-03 00:00:00-04:00,220.08999633789062,220.41000366210938,213.97999572753906,214.25,207.34364318847656,36633900,0.0,0.0
2022-11-04 00:00:00-04:00,217.5500030517578,221.58999633789062,213.42999267578125,221.38999938964844,214.25347900390625,36789100,0.0,0.0
2022-11-07 00:00:00-05:00,221.99000549316406,228.41000366210938,221.27999877929688,227.8699951171875,220.52462768554688,33498000,0.0,0.0
2022-11-08 00:00:00-05:00,228.6999969482422,231.64999389648438,225.83999633789062,228.8699951171875,221.4923858642578,28192500,0.0,0.0
2022-11-09 00:00:00-05:00,227.3699951171875,228.6300048828125,224.3300018310547,224.50999450683594,217.2729034423828,27852900,0.0,0.0
2022-11-10 00:00:00-05:00,235.42999267578125,243.3300018310547,235.0,242.97999572753906,235.1475372314453,46268000,0.0,0.0
2022-11-11 00:00:00-05:00,242.99000549316406,247.99000549316406,241.92999267578125,247.11000061035156,239.1444091796875,34620200,0.0,0.0
2022-11-14 00:00:00-05:00,241.99000549316406,243.91000366210938,239.2100067138672,241.5500030517578,233.7636260986328,31123300,0.0,0.0
2022-11-15 00:00:00-05:00,245.66000366210938,247.0,240.02999877929688,241.97000122070312,234.17010498046875,31390100,0.0,0.0
2022-11-16 00:00:00-05:00,242.7899932861328,243.8000030517578,240.4199981689453,241.72999572753906,234.5971221923828,24093300,0.68,0.0
2022-11-17 00:00:00-05:00,237.77999877929688,243.25,237.6300048828125,241.67999267578125,234.54855346679688,23123500,0.0,0.0
2022-11-18 00:00:00-05:00,243.50999450683594,243.74000549316406,239.02999877929688,241.22000122070312,234.1021728515625,27613500,0.0,0.0
2022-11-21 00:00:00-05:00,241.42999267578125,244.6699981689453,241.19000244140625,242.0500030517578,234.9076690673828,26394700,0.0,0.0
2022-11-22 00:00:00-05:00,243.58999633789062,245.30999755859375,240.7100067138672,245.02999877929688,237.79974365234375,19665700,0.0,0.0
2022-11-23 00:00:00-05:00,245.11000061035156,248.27999877929688,244.27000427246094,247.5800018310547,240.2744903564453,19508500,0.0,0.0
2022-11-25 00:00:00-05:00,247.30999755859375,248.6999969482422,246.72999572753906,247.49000549316406,240.18716430664062,9200800,0.0,0.0
2022-11-28 00:00:00-05:00,246.0800018310547,246.64999389648438,240.8000030517578,241.75999450683594,234.62620544433594,24778200,0.0,0.0
2022-11-29 00:00:00-05:00,241.39999389648438,242.7899932861328,238.2100067138672,240.3300018310547,233.2384490966797,17956300,0.0,0.0
2022-11-30 00:00:00-05:00,240.57000732421875,255.3300018310547,239.86000061035156,255.13999938964844,247.61141967773438,47594200,0.0,0.0
2022-12-01 00:00:00-05:00,253.8699951171875,256.1199951171875,250.9199981689453,254.69000244140625,247.17469787597656,26041500,0.0,0.0
2022-12-02 00:00:00-05:00,249.82000732421875,256.05999755859375,249.69000244140625,255.02000427246094,247.49497985839844,21528500,0.0,0.0
2022-12-05 00:00:00-05:00,252.00999450683594,253.82000732421875,248.05999755859375,250.1999969482422,242.81716918945312,23435300,0.0,0.0
2022-12-06 00:00:00-05:00,250.82000732421875,251.86000061035156,243.77999877929688,245.1199951171875,237.8870849609375,22463700,0.0,0.0
2022-12-07 00:00:00-05:00,244.8300018310547,246.16000366210938,242.2100067138672,244.3699951171875,237.15919494628906,20481500,0.0,0.0
2022-12-08 00:00:00-05:00,244.83999633789062,248.74000549316406,243.05999755859375,247.39999389648438,240.09979248046875,22611800,0.0,0.0
2022-12-09 00:00:00-05:00,244.6999969482422,248.30999755859375,244.16000366210938,245.4199981689453,238.17822265625,20609700,0.0,0.0
2022-12-12 00:00:00-05:00,247.4499969482422,252.5399932861328,247.1699981689453,252.50999450683594,245.0590362548828,30665100,0.0,0.0
2022-12-13 00:00:00-05:00,261.69000244140625,263.9200134277344,253.07000732421875,256.9200134277344,249.33889770507812,42196900,0.0,0.0
2022-12-14 00:00:00-05:00,257.1300048828125,262.5899963378906,254.30999755859375,257.2200012207031,249.63002014160156,35410900,0.0,0.0
2022-12-15 00:00:00-05:00,253.72000122070312,254.1999969482422,247.33999633789062,249.00999450683594,241.66229248046875,35560400,0.0,0.0
2022-12-16 00:00:00-05:00,248.5500030517578,249.83999633789062,243.50999450683594,244.69000244140625,237.46978759765625,86102000,0.0,0.0
2022-12-19 00:00:00-05:00,244.86000061035156,245.2100067138672,238.7100067138672,240.4499969482422,233.3549041748047,29696400,0.0,0.0
2022-12-20 00:00:00-05:00,239.39999389648438,242.91000366210938,238.4199981689453,241.8000030517578,234.66505432128906,25150800,0.0,0.0
2022-12-21 00:00:00-05:00,241.69000244140625,245.6199951171875,240.11000061035156,244.42999267578125,237.21743774414062,23690600,0.0,0.0
2022-12-22 00:00:00-05:00,241.25999450683594,241.99000549316406,233.8699951171875,238.19000244140625,231.1615753173828,28651700,0.0,0.0
2022-12-23 00:00:00-05:00,236.11000061035156,238.8699951171875,233.94000244140625,238.72999572753906,231.68565368652344,21207000,0.0,0.0
2022-12-27 00:00:00-05:00,238.6999969482422,238.92999267578125,235.8300018310547,236.9600067138672,229.96788024902344,16688600,0.0,0.0
2022-12-28 00:00:00-05:00,236.88999938964844,239.72000122070312,234.1699981689453,234.52999877929688,227.60955810546875,17457100,0.0,0.0
2022-12-29 00:00:00-05:00,235.64999389648438,241.9199981689453,235.64999389648438,241.00999450683594,233.8983612060547,19770700,0.0,0.0
2022-12-30 00:00:00-05:00,238.2100067138672,239.9600067138672,236.66000366210938,239.82000732421875,232.7434844970703,21938500,0.0,0.0
2023-01-03 00:00:00-05:00,243.0800018310547,245.75,237.39999389648438,239.5800018310547,232.5105438232422,25740000,0.0,0.0
2023-01-04 00:00:00-05:00,232.27999877929688,232.8699951171875,225.9600067138672,229.10000610351562,222.3397979736328,50623400,0.0,0.0
2023-01-05 00:00:00-05:00,227.1999969482422,227.5500030517578,221.75999450683594,222.30999755859375,215.7501678466797,39585600,0.0,0.0
2023-01-06 00:00:00-05:00,223.0,225.75999450683594,219.35000610351562,224.92999267578125,218.2928466796875,43613600,0.0,0.0
2023-01-09 00:00:00-05:00,226.4499969482422,231.24000549316406,226.41000366210938,227.1199951171875,220.41822814941406,27369800,0.0,0.0
2023-01-10 00:00:00-05:00,227.75999450683594,231.30999755859375,227.3300018310547,228.85000610351562,222.09716796875,27033900,0.0,0.0
2023-01-11 00:00:00-05:00,231.2899932861328,235.9499969482422,231.11000061035156,235.77000427246094,228.81297302246094,28669300,0.0,0.0
2023-01-12 00:00:00-05:00,235.25999450683594,239.89999389648438,233.55999755859375,238.50999450683594,231.47213745117188,27269500,0.0,0.0
2023-01-13 00:00:00-05:00,237.0,239.3699951171875,234.9199981689453,239.22999572753906,232.17086791992188,21333300,0.0,0.0
2023-01-17 00:00:00-05:00,237.97000122070312,240.91000366210938,237.08999633789062,240.35000610351562,233.25782775878906,29831300,0.0,0.0
2023-01-18 00:00:00-05:00,241.57000732421875,242.3800048828125,235.52000427246094,235.80999755859375,228.85183715820312,30028700,0.0,0.0
2023-01-19 00:00:00-05:00,233.77999877929688,235.52000427246094,230.67999267578125,231.92999267578125,225.08627319335938,28623000,0.0,0.0
2023-01-20 00:00:00-05:00,234.86000061035156,240.74000549316406,234.50999450683594,240.22000122070312,233.13168334960938,35389800,0.0,0.0
2023-01-23 00:00:00-05:00,241.10000610351562,245.1699981689453,239.64999389648438,242.5800018310547,235.4220428466797,31934000,0.0,0.0
2023-01-24 00:00:00-05:00,242.5,243.9499969482422,240.44000244140625,242.0399932861328,234.89797973632812,40234400,0.0,0.0
2023-01-25 00:00:00-05:00,234.47999572753906,243.3000030517578,230.89999389648438,240.61000061035156,233.5101776123047,66526600,0.0,0.0
2023-01-26 00:00:00-05:00,243.64999389648438,248.30999755859375,242.0,248.0,240.6820831298828,33454500,0.0,0.0
2023-01-27 00:00:00-05:00,248.99000549316406,249.8300018310547,246.8300018310547,248.16000366210938,240.83741760253906,26498900,0.0,0.0
2023-01-30 00:00:00-05:00,244.50999450683594,245.60000610351562,242.1999969482422,242.7100067138672,235.5482177734375,25867400,0.0,0.0
2023-01-31 00:00:00-05:00,243.4499969482422,247.9499969482422,242.9499969482422,247.80999755859375,240.49769592285156,26541100,0.0,0.0
2023-02-01 00:00:00-05:00,248.0,255.17999267578125,245.47000122070312,252.75,245.29196166992188,31259900,0.0,0.0
2023-02-02 00:00:00-05:00,258.82000732421875,264.69000244140625,257.25,264.6000061035156,256.7922668457031,39940400,0.0,0.0
2023-02-03 00:00:00-05:00,259.5400085449219,264.20001220703125,257.1000061035156,258.3500061035156,250.72669982910156,29077300,0.0,0.0
2023-02-06 00:00:00-05:00,257.44000244140625,258.29998779296875,254.77999877929688,256.7699890136719,249.1933135986328,22518000,0.0,0.0
2023-02-07 00:00:00-05:00,260.5299987792969,268.7699890136719,260.0799865722656,267.55999755859375,259.6648864746094,50841400,0.0,0.0
2023-02-08 00:00:00-05:00,273.20001220703125,276.760009765625,266.2099914550781,266.7300109863281,258.8594055175781,54686000,0.0,0.0
2023-02-09 00:00:00-05:00,273.79998779296875,273.9800109863281,262.79998779296875,263.6199951171875,255.84120178222656,42375100,0.0,0.0
2023-02-10 00:00:00-05:00,261.5299987792969,264.0899963378906,260.6600036621094,263.1000061035156,255.33653259277344,25818500,0.0,0.0
2023-02-13 00:00:00-05:00,267.6400146484375,274.6000061035156,267.1499938964844,271.32000732421875,263.31396484375,44630900,0.0,0.0
2023-02-14 00:00:00-05:00,272.6700134277344,274.9700012207031,269.2799987792969,272.1700134277344,264.1389465332031,37047900,0.0,0.0
2023-02-15 00:00:00-05:00,268.32000732421875,270.7300109863281,266.17999267578125,269.32000732421875,262.02764892578125,28922400,0.68,0.0
2023-02-16 00:00:00-05:00,264.0199890136719,266.739990234375,261.8999938964844,262.1499938964844,255.05181884765625,29603600,0.0,0.0
2023-02-17 00:00:00-05:00,259.3900146484375,260.0899963378906,256.0,258.05999755859375,251.0725555419922,30000100,0.0,0.0
2023-02-21 00:00:00-05:00,254.47999572753906,255.49000549316406,251.58999633789062,252.6699981689453,245.8284912109375,28397400,0.0,0.0
2023-02-22 00:00:00-05:00,254.08999633789062,254.33999633789062,250.33999633789062,251.50999450683594,244.69992065429688,22491100,0.0,0.0
2023-02-23 00:00:00-05:00,255.55999755859375,256.8399963378906,250.47999572753906,254.77000427246094,247.87164306640625,29219100,0.0,0.0
2023-02-24 00:00:00-05:00,249.9600067138672,251.0,248.10000610351562,249.22000122070312,242.47189331054688,24990900,0.0,0.0
2023-02-27 00:00:00-05:00,252.4600067138672,252.82000732421875,249.38999938964844,250.16000366210938,243.38644409179688,21190000,0.0,0.0
2023-02-28 00:00:00-05:00,249.07000732421875,251.49000549316406,248.72999572753906,249.4199981689453,242.66650390625,22491000,0.0,0.0
2023-03-01 00:00:00-05:00,250.75999450683594,250.92999267578125,245.7899932861328,246.27000427246094,239.60174560546875,27565300,0.0,0.0
2023-03-02 00:00:00-05:00,246.5500030517578,251.39999389648438,245.61000061035156,251.11000061035156,244.31076049804688,24808200,0.0,0.0
2023-03-03 00:00:00-05:00,252.19000244140625,255.6199951171875,251.38999938964844,255.2899932861328,248.37754821777344,30760100,0.0,0.0
2023-03-06 00:00:00-05:00,256.42999267578125,260.1199951171875,255.97999572753906,256.8699951171875,249.91477966308594,24109800,0.0,0.0
2023-03-07 00:00:00-05:00,256.29998779296875,257.69000244140625,253.38999938964844,254.14999389648438,247.26841735839844,21473200,0.0,0.0
2023-03-08 00:00:00-05:00,254.0399932861328,254.5399932861328,250.80999755859375,253.6999969482422,246.8306121826172,17340200,0.0,0.0
2023-03-09 00:00:00-05:00,255.82000732421875,259.55999755859375,251.5800018310547,252.32000732421875,245.4879913330078,26653400,0.0,0.0
2023-03-10 00:00:00-05:00,251.0800018310547,252.7899932861328,247.60000610351562,248.58999633789062,241.85897827148438,28333900,0.0,0.0
2023-03-13 00:00:00-04:00,247.39999389648438,257.9100036621094,245.72999572753906,253.9199981689453,247.04466247558594,33339700,0.0,0.0
2023-03-14 00:00:00-04:00,256.75,261.07000732421875,255.86000061035156,260.7900085449219,253.72862243652344,33620300,0.0,0.0
2023-03-15 00:00:00-04:00,259.9800109863281,266.4800109863281,259.2099914550781,265.44000244140625,258.252685546875,46028000,0.0,0.0
2023-03-16 00:00:00-04:00,265.2099914550781,276.55999755859375,263.2799987792969,276.20001220703125,268.72137451171875,54768800,0.0,0.0
2023-03-17 00:00:00-04:00,278.260009765625,283.3299865722656,276.32000732421875,279.42999267578125,271.86395263671875,69527400,0.0,0.0
2023-03-20 00:00:00-04:00,276.9800109863281,277.4800109863281,269.8500061035156,272.2300109863281,264.85882568359375,43466600,0.0,0.0
2023-03-21 00:00:00-04:00,274.8800048828125,275.0,269.5199890136719,273.7799987792969,266.36688232421875,34558700,0.0,0.0
2023-03-22 00:00:00-04:00,273.3999938964844,281.0400085449219,272.17999267578125,272.2900085449219,264.9172668457031,34873300,0.0,0.0
2023-03-23 00:00:00-04:00,277.94000244140625,281.05999755859375,275.20001220703125,277.6600036621094,270.141845703125,36610900,0.0,0.0
2023-03-24 00:00:00-04:00,277.239990234375,280.6300048828125,275.2799987792969,280.57000732421875,272.9730529785156,28172000,0.0,0.0
2023-03-27 00:00:00-04:00,280.5,281.4599914550781,275.5199890136719,276.3800048828125,268.896484375,26840200,0.0,0.0
2023-03-28 00:00:00-04:00,275.7900085449219,276.1400146484375,272.04998779296875,275.2300109863281,267.7776184082031,21878600,0.0,0.0
2023-03-29 00:00:00-04:00,278.9599914550781,281.1400146484375,278.4100036621094,280.510009765625,272.9146728515625,25087000,0.0,0.0
2023-03-30 00:00:00-04:00,284.2300109863281,284.4599914550781,281.4800109863281,284.04998779296875,276.3588562011719,25053400,0.0,0.0
2023-03-31 00:00:00-04:00,283.7300109863281,289.2699890136719,283.0,288.29998779296875,280.4937438964844,32766000,0.0,0.0
2023-04-03 00:00:00-04:00,286.5199890136719,288.2699890136719,283.95001220703125,287.2300109863281,279.4526672363281,24883300,0.0,0.0
2023-04-04 00:00:00-04:00,287.2300109863281,290.45001220703125,285.6700134277344,287.17999267578125,279.4040222167969,25824300,0.0,0.0
2023-04-05 00:00:00-04:00,285.8500061035156,287.1499938964844,282.9200134277344,284.3399963378906,276.64093017578125,22064800,0.0,0.0
2023-04-06 00:00:00-04:00,283.2099914550781,292.0799865722656,282.0299987792969,291.6000061035156,283.7043762207031,29770300,0.0,0.0
2023-04-10 00:00:00-04:00,289.2099914550781,289.6000061035156,284.7099914550781,289.3900146484375,281.55426025390625,23103000,0.0,0.0
2023-04-11 00:00:00-04:00,285.75,285.9800109863281,281.6400146484375,282.8299865722656,275.1718444824219,27276600,0.0,0.0
2023-04-12 00:00:00-04:00,284.7900085449219,287.010009765625,281.9599914550781,283.489990234375,275.81396484375,27403400,0.0,0.0
2023-04-13 00:00:00-04:00,283.5899963378906,289.8999938964844,283.1700134277344,289.8399963378906,281.9919738769531,24222700,0.0,0.0
2023-04-14 00:00:00-04:00,287.0,288.4800109863281,283.69000244140625,286.1400146484375,278.3922424316406,20987900,0.0,0.0
2023-04-17 00:00:00-04:00,289.92999267578125,291.6000061035156,286.1600036621094,288.79998779296875,280.9801330566406,23836200,0.0,0.0
2023-04-18 00:00:00-04:00,291.57000732421875,291.760009765625,287.010009765625,288.3699951171875,280.561767578125,20161800,0.0,0.0
2023-04-19 00:00:00-04:00,285.989990234375,289.04998779296875,284.5400085449219,288.45001220703125,280.6397399902344,17150300,0.0,0.0
2023-04-20 00:00:00-04:00,285.25,289.0299987792969,285.0799865722656,286.1099853515625,278.363037109375,23244400,0.0,0.0
2023-04-21 00:00:00-04:00,285.010009765625,286.2699890136719,283.05999755859375,285.760009765625,278.0225524902344,21676400,0.0,0.0
2023-04-24 00:00:00-04:00,282.0899963378906,284.95001220703125,278.7200012207031,281.7699890136719,274.1405029296875,26611000,0.0,0.0
2023-04-25 00:00:00-04:00,279.510009765625,281.6000061035156,275.3699951171875,275.4200134277344,267.9625244140625,45772200,0.0,0.0
2023-04-26 00:00:00-04:00,296.70001220703125,299.57000732421875,292.7300109863281,295.3699951171875,287.372314453125,64599200,0.0,0.0
2023-04-27 00:00:00-04:00,295.9700012207031,305.20001220703125,295.25,304.8299865722656,296.57611083984375,46462600,0.0,0.0
2023-04-28 00:00:00-04:00,304.010009765625,308.92999267578125,303.30999755859375,307.260009765625,298.94036865234375,36469600,0.0,0.0
2023-05-01 00:00:00-04:00,306.9700012207031,308.6000061035156,305.1499938964844,305.55999755859375,297.286376953125,21294100,0.0,0.0
2023-05-02 00:00:00-04:00,307.760009765625,309.17999267578125,303.9100036621094,305.4100036621094,297.1404724121094,26404400,0.0,0.0
2023-05-03 00:00:00-04:00,306.6199951171875,308.6099853515625,304.0899963378906,304.3999938964844,296.15771484375,22360800,0.0,0.0
2023-05-04 00:00:00-04:00,306.239990234375,307.760009765625,303.3999938964844,305.4100036621094,297.1404724121094,22519900,0.0,0.0
2023-05-05 00:00:00-04:00,305.7200012207031,311.9700012207031,304.2699890136719,310.6499938964844,302.23858642578125,28197100,0.0,0.0
2023-05-08 00:00:00-04:00,310.1300048828125,310.20001220703125,306.0899963378906,308.6499938964844,300.292724609375,21318600,0.0,0.0
2023-05-09 00:00:00-04:00,308.0,310.0400085449219,306.30999755859375,307.0,298.6874084472656,21340800,0.0,0.0
2023-05-10 00:00:00-04:00,308.6199951171875,313.0,307.6700134277344,312.30999755859375,303.8536376953125,30078000,0.0,0.0
2023-05-11 00:00:00-04:00,310.1000061035156,311.1199951171875,306.260009765625,310.1099853515625,301.713134765625,31680200,0.0,0.0
2023-05-12 00:00:00-04:00,310.54998779296875,310.6499938964844,306.6000061035156,308.9700012207031,300.60406494140625,19774700,0.0,0.0
2023-05-15 00:00:00-04:00,309.1000061035156,309.8999938964844,307.5899963378906,309.4599914550781,301.080810546875,16336500,0.0,0.0
2023-05-16 00:00:00-04:00,309.8299865722656,313.7099914550781,309.8299865722656,311.739990234375,303.299072265625,26730300,0.0,0.0
2023-05-17 00:00:00-04:00,312.2900085449219,314.42999267578125,310.739990234375,314.0,306.16571044921875,24315000,0.68,0.0
2023-05-18 00:00:00-04:00,314.5299987792969,319.0400085449219,313.7200012207031,318.5199890136719,310.57293701171875,27276000,0.0,0.0
2023-05-19 00:00:00-04:00,316.739990234375,318.75,316.3699951171875,318.3399963378906,310.3974304199219,27546700,0.0,0.0
2023-05-22 00:00:00-04:00,318.6000061035156,322.5899963378906,318.010009765625,321.17999267578125,313.1665344238281,24115700,0.0,0.0
2023-05-23 00:00:00-04:00,320.0299987792969,322.7200012207031,315.25,315.260009765625,307.394287109375,30797200,0.0,0.0
2023-05-24 00:00:00-04:00,314.7300109863281,316.5,312.6099853515625,313.8500061035156,306.01947021484375,23384900,0.0,0.0
2023-05-25 00:00:00-04:00,323.239990234375,326.8999938964844,320.0,325.9200134277344,317.7883605957031,43301700,0.0,0.0
2023-05-26 00:00:00-04:00,324.0199890136719,333.3999938964844,323.8800048828125,332.8900146484375,324.58441162109375,36630600,0.0,0.0
2023-05-30 00:00:00-04:00,335.2300109863281,335.739990234375,330.5199890136719,331.2099914550781,322.9463195800781,29503100,0.0,0.0
2023-05-31 00:00:00-04:00,332.2900085449219,335.94000244140625,327.3299865722656,328.3900146484375,320.1966857910156,45950600,0.0,0.0
2023-06-01 00:00:00-04:00,325.92999267578125,333.5299987792969,324.7200012207031,332.5799865722656,324.2821350097656,26773900,0.0,0.0
2023-06-02 00:00:00-04:00,334.25,337.5,332.54998779296875,335.3999938964844,327.0318298339844,25873800,0.0,0.0
2023-06-05 00:00:00-04:00,335.2200012207031,338.55999755859375,334.6600036621094,335.94000244140625,327.55828857421875,21307100,0.0,0.0
2023-06-06 00:00:00-04:00,335.3299865722656,335.3699951171875,332.1700134277344,333.67999267578125,325.3547058105469,20396200,0.0,0.0
2023-06-07 00:00:00-04:00,331.6499938964844,334.489990234375,322.5,323.3800048828125,315.311767578125,40717100,0.0,0.0
2023-06-08 00:00:00-04:00,323.94000244140625,326.6400146484375,323.3500061035156,325.260009765625,317.1447448730469,23277700,0.0,0.0
2023-06-09 00:00:00-04:00,324.989990234375,329.989990234375,324.4100036621094,326.7900085449219,318.6366271972656,22529000,0.0,0.0
2023-06-12 00:00:00-04:00,328.5799865722656,332.1000061035156,325.1600036621094,331.8500061035156,323.5703430175781,24260300,0.0,0.0
2023-06-13 00:00:00-04:00,334.4700012207031,336.9800109863281,330.3900146484375,334.2900085449219,325.949462890625,22951300,0.0,0.0
2023-06-14 00:00:00-04:00,334.3399963378906,339.0400085449219,332.80999755859375,337.3399963378906,328.92340087890625,26003800,0.0,0.0
2023-06-15 00:00:00-04:00,337.4800109863281,349.8399963378906,337.20001220703125,348.1000061035156,339.4148864746094,38899100,0.0,0.0
2023-06-16 00:00:00-04:00,351.32000732421875,351.4700012207031,341.95001220703125,342.3299865722656,333.78887939453125,46552000,0.0,0.0
2023-06-20 00:00:00-04:00,339.30999755859375,342.0799865722656,335.8599853515625,338.04998779296875,329.6156311035156,26375400,0.0,0.0
2023-06-21 00:00:00-04:00,336.3699951171875,337.7300109863281,332.07000732421875,333.55999755859375,325.2377014160156,25117800,0.0,0.0
2023-06-22 00:00:00-04:00,334.1199951171875,340.1199951171875,333.3399963378906,339.7099914550781,331.2342834472656,23556800,0.0,0.0
2023-06-23 00:00:00-04:00,334.3599853515625,337.9599914550781,333.45001220703125,335.0199890136719,326.6612548828125,23146900,0.0,0.0
2023-06-26 00:00:00-04:00,333.7200012207031,336.1099853515625,328.489990234375,328.6000061035156,320.40142822265625,21520600,0.0,0.0
2023-06-27 00:00:00-04:00,331.8599853515625,336.1499938964844,329.29998779296875,334.57000732421875,326.22247314453125,24354100,0.0,0.0
2023-06-28 00:00:00-04:00,334.6600036621094,337.9800109863281,333.80999755859375,335.8500061035156,327.4705505371094,20259500,0.0,0.0
2023-06-29 00:00:00-04:00,334.7099914550781,336.1099853515625,332.6199951171875,335.04998779296875,326.69049072265625,16997000,0.0,0.0
2023-06-30 00:00:00-04:00,337.75,342.7300109863281,337.20001220703125,340.5400085449219,332.0435485839844,26832800,0.0,0.0
2023-07-03 00:00:00-04:00,339.19000244140625,340.8999938964844,336.57000732421875,337.989990234375,329.55712890625,12508700,0.0,0.0
2023-07-05 00:00:00-04:00,335.0899963378906,341.6499938964844,334.7300109863281,338.1499938964844,329.713134765625,18172400,0.0,0.0
2023-07-06 00:00:00-04:00,337.29998779296875,342.989990234375,335.5,341.2699890136719,332.7552795410156,28161200,0.0,0.0
2023-07-07 00:00:00-04:00,339.32000732421875,341.7900085449219,337.0,337.2200012207031,328.8063659667969,21214800,0.0,0.0
2023-07-10 00:00:00-04:00,334.6000061035156,335.2300109863281,327.5899963378906,331.8299865722656,323.5508728027344,32791400,0.0,0.0
2023-07-11 00:00:00-04:00,331.05999755859375,332.8599853515625,327.0,332.4700012207031,324.17486572265625,26698200,0.0,0.0
2023-07-12 00:00:00-04:00,336.6000061035156,341.6499938964844,335.6700134277344,337.20001220703125,328.786865234375,29995300,0.0,0.0
2023-07-13 00:00:00-04:00,339.55999755859375,343.739990234375,339.0199890136719,342.6600036621094,334.1106262207031,20567200,0.0,0.0
2023-07-14 00:00:00-04:00,347.5899963378906,351.42999267578125,344.30999755859375,345.239990234375,336.62628173828125,28352700,0.0,0.0
2023-07-17 00:00:00-04:00,345.67999267578125,346.989990234375,342.20001220703125,345.7300109863281,337.1040344238281,20363900,0.0,0.0
2023-07-18 00:00:00-04:00,345.8299865722656,366.7799987792969,342.1700134277344,359.489990234375,350.520751953125,64738600,0.0,0.0
2023-07-19 00:00:00-04:00,361.75,362.4599914550781,352.44000244140625,355.0799865722656,346.2207336425781,39732900,0.0,0.0
2023-07-20 00:00:00-04:00,353.57000732421875,357.9700012207031,345.3699951171875,346.8699951171875,338.2156066894531,33778400,0.0,0.0
2023-07-21 00:00:00-04:00,349.1499938964844,350.29998779296875,339.8299865722656,343.7699890136719,335.1929016113281,69405400,0.0,0.0
2023-07-24 00:00:00-04:00,345.8500061035156,346.9200134277344,342.30999755859375,345.1099853515625,336.4994812011719,26678100,0.0,0.0
2023-07-25 00:00:00-04:00,347.1099853515625,351.8900146484375,345.07000732421875,350.9800109863281,342.2230529785156,41637700,0.0,0.0
2023-07-26 00:00:00-04:00,341.44000244140625,344.6700134277344,333.1099853515625,337.7699890136719,329.3426208496094,58383700,0.0,0.0
2023-07-27 00:00:00-04:00,340.4800109863281,341.3299865722656,329.04998779296875,330.7200012207031,322.4685363769531,39635300,0.0,0.0
2023-07-28 00:00:00-04:00,333.6700134277344,340.010009765625,333.1700134277344,338.3699951171875,329.92767333984375,28484900,0.0,0.0
2023-07-31 00:00:00-04:00,336.9200134277344,337.70001220703125,333.3599853515625,335.9200134277344,327.53875732421875,25446000,0.0,0.0
2023-08-01 00:00:00-04:00,335.19000244140625,338.5400085449219,333.70001220703125,336.3399963378906,327.9483642578125,18311900,0.0,0.0
2023-08-02 00:00:00-04:00,333.6300048828125,333.6300048828125,326.3599853515625,327.5,319.328857421875,27761300,0.0,0.0
2023-08-03 00:00:00-04:00,326.0,329.8800048828125,325.95001220703125,326.6600036621094,318.5098876953125,18253700,0.0,0.0
2023-08-04 00:00:00-04:00,331.8800048828125,335.1400146484375,327.239990234375,327.7799987792969,319.60186767578125,23741500,0.0,0.0
2023-08-07 00:00:00-04:00,328.3699951171875,331.1099853515625,327.5199890136719,330.1099853515625,321.87371826171875,17741500,0.0,0.0
2023-08-08 00:00:00-04:00,326.9599914550781,328.75,323.0,326.04998779296875,317.9150085449219,22327600,0.0,0.0
2023-08-09 00:00:00-04:00,326.4700012207031,327.1099853515625,321.04998779296875,322.2300109863281,314.19036865234375,22373300,0.0,0.0
2023-08-10 00:00:00-04:00,326.0199890136719,328.260009765625,321.17999267578125,322.92999267578125,314.87286376953125,20113700,0.0,0.0
2023-08-11 00:00:00-04:00,320.260009765625,322.4100036621094,319.2099914550781,321.010009765625,313.0008239746094,24355500,0.0,0.0
2023-08-14 00:00:00-04:00,321.3900146484375,324.05999755859375,320.0799865722656,324.0400085449219,315.95526123046875,18836100,0.0,0.0
2023-08-15 00:00:00-04:00,323.0,325.0899963378906,320.8999938964844,321.8599853515625,313.82952880859375,16966300,0.0,0.0
2023-08-16 00:00:00-04:00,320.79998779296875,324.4200134277344,319.79998779296875,320.3999938964844,313.0675048828125,20698900,0.68,0.0
2023-08-17 00:00:00-04:00,320.5400085449219,321.8699951171875,316.2099914550781,316.8800048828125,309.62799072265625,21257200,0.0,0.0
2023-08-18 00:00:00-04:00,314.489990234375,318.3800048828125,311.54998779296875,316.4800109863281,309.2372131347656,24755000,0.0,0.0
2023-08-21 00:00:00-04:00,317.92999267578125,322.7699890136719,317.0400085449219,321.8800048828125,314.51361083984375,24040000,0.0,0.0
2023-08-22 00:00:00-04:00,325.5,326.0799865722656,321.4599914550781,322.4599914550781,315.0802917480469,16084600,0.0,0.0
2023-08-23 00:00:00-04:00,323.82000732421875,329.20001220703125,323.4599914550781,327.0,319.5164794921875,21166400,0.0,0.0
2023-08-24 00:00:00-04:00,332.8500061035156,332.9800109863281,319.9599914550781,319.9700012207031,312.64727783203125,23281400,0.0,0.0
2023-08-25 00:00:00-04:00,321.4700012207031,325.3599853515625,318.79998779296875,322.9800109863281,315.58843994140625,21684100,0.0,0.0
2023-08-28 00:00:00-04:00,325.6600036621094,326.1499938964844,321.7200012207031,323.70001220703125,316.2919616699219,14808500,0.0,0.0
2023-08-29 00:00:00-04:00,321.8800048828125,328.9800109863281,321.8800048828125,328.4100036621094,320.8941345214844,19284600,0.0,0.0
2023-08-30 00:00:00-04:00,328.6700134277344,329.80999755859375,326.45001220703125,328.7900085449219,321.26544189453125,15222100,0.0,0.0
2023-08-31 00:00:00-04:00,329.20001220703125,330.9100036621094,326.7799987792969,327.760009765625,320.259033203125,26411000,0.0,0.0
2023-09-01 00:00:00-04:00,331.30999755859375,331.989990234375,326.7799987792969,328.6600036621094,321.1383972167969,14942000,0.0,0.0
2023-09-05 00:00:00-04:00,329.0,334.8500061035156,328.6600036621094,333.54998779296875,325.91650390625,18553900,0.0,0.0
2023-09-06 00:00:00-04:00,333.3800048828125,334.4599914550781,330.17999267578125,332.8800048828125,325.2618713378906,17535800,0.0,0.0
2023-09-07 00:00:00-04:00,331.2900085449219,333.0799865722656,329.0299987792969,329.9100036621094,322.35980224609375,18381000,0.0,0.0
2023-09-08 00:00:00-04:00,330.0899963378906,336.1600036621094,329.4599914550781,334.2699890136719,326.6199951171875,19530100,0.0,0.0
2023-09-11 00:00:00-04:00,337.239990234375,338.4200134277344,335.42999267578125,337.94000244140625,330.2060546875,16583300,0.0,0.0
2023-09-12 00:00:00-04:00,335.82000732421875,336.7900085449219,331.4800109863281,331.7699890136719,324.17724609375,17565500,0.0,0.0
2023-09-13 00:00:00-04:00,331.30999755859375,336.8500061035156,331.1700134277344,336.05999755859375,328.36907958984375,16544400,0.0,0.0
2023-09-14 00:00:00-04:00,339.1499938964844,340.8599853515625,336.57000732421875,338.70001220703125,330.94866943359375,20267000,0.0,0.0
2023-09-15 00:00:00-04:00,336.9200134277344,337.3999938964844,329.6499938964844,330.2200012207031,322.6627197265625,37679800,0.0,0.0
2023-09-18 00:00:00-04:00,327.79998779296875,330.3999938964844,326.3599853515625,329.05999755859375,321.5292663574219,16834200,0.0,0.0
2023-09-19 00:00:00-04:00,326.1700134277344,329.3900146484375,324.510009765625,328.6499938964844,321.128662109375,16505900,0.0,0.0
2023-09-20 00:00:00-04:00,329.510009765625,329.5899963378906,320.510009765625,320.7699890136719,313.4289855957031,21436500,0.0,0.0
2023-09-21 00:00:00-04:00,319.260009765625,325.3500061035156,315.0,319.5299987792969,312.2173767089844,35560400,0.0,0.0
2023-09-22 00:00:00-04:00,321.32000732421875,321.45001220703125,316.1499938964844,317.010009765625,309.7550048828125,21447900,0.0,0.0
2023-09-25 00:00:00-04:00,316.5899963378906,317.6700134277344,315.0,317.5400085449219,310.27294921875,17836000,0.0,0.0
2023-09-26 00:00:00-04:00,315.1300048828125,315.8800048828125,310.0199890136719,312.1400146484375,304.99652099609375,26297600,0.0,0.0
2023-09-27 00:00:00-04:00,312.29998779296875,314.29998779296875,309.69000244140625,312.7900085449219,305.6316223144531,19410100,0.0,0.0
2023-09-28 00:00:00-04:00,310.989990234375,315.4800109863281,309.45001220703125,313.6400146484375,306.462158203125,19683600,0.0,0.0
2023-09-29 00:00:00-04:00,317.75,319.4700012207031,314.9800109863281,315.75,308.5238342285156,24147300,0.0,0.0
2023-10-02 00:00:00-04:00,316.2799987792969,321.8900146484375,315.17999267578125,321.79998779296875,314.4353942871094,20570000,0.0,0.0
2023-10-03 00:00:00-04:00,320.8299865722656,321.3900146484375,311.2099914550781,313.3900146484375,306.2178955078125,21033500,0.0,0.0
2023-10-04 00:00:00-04:00,314.0299987792969,320.0400085449219,314.0,318.9599914550781,311.6604309082031,20720100,0.0,0.0
2023-10-05 00:00:00-04:00,319.0899963378906,319.9800109863281,314.8999938964844,319.3599853515625,312.05126953125,16965600,0.0,0.0
2023-10-06 00:00:00-04:00,316.54998779296875,329.19000244140625,316.29998779296875,327.260009765625,319.7705383300781,25673600,0.0,0.0
2023-10-09 00:00:00-04:00,324.75,330.29998779296875,323.17999267578125,329.82000732421875,322.2718811035156,19891200,0.0,0.0
2023-10-10 00:00:00-04:00,330.9599914550781,331.1000061035156,327.6700134277344,328.3900146484375,320.8746032714844,20557100,0.0,0.0
2023-10-11 00:00:00-04:00,331.2099914550781,332.82000732421875,329.1400146484375,332.4200134277344,324.8124084472656,20063200,0.0,0.0
2023-10-12 00:00:00-04:00,330.57000732421875,333.6300048828125,328.7200012207031,331.1600036621094,323.5811767578125,19313100,0.0,0.0
2023-10-13 00:00:00-04:00,332.3800048828125,333.8299865722656,326.3599853515625,327.7300109863281,320.22967529296875,21072400,0.0,0.0
2023-10-16 00:00:00-04:00,331.04998779296875,336.1400146484375,330.6000061035156,332.6400146484375,325.0273132324219,22158000,0.0,0.0
2023-10-17 00:00:00-04:00,329.5899963378906,333.4599914550781,327.4100036621094,332.05999755859375,324.46063232421875,18338500,0.0,0.0
2023-10-18 00:00:00-04:00,332.489990234375,335.5899963378906,328.29998779296875,330.1099853515625,322.5552062988281,23153600,0.0,0.0
2023-10-19 00:00:00-04:00,332.1499938964844,336.8800048828125,330.9100036621094,331.32000732421875,323.73748779296875,25052100,0.0,0.0
2023-10-20 00:00:00-04:00,331.7200012207031,331.9200134277344,325.45001220703125,326.6700134277344,319.1939697265625,25027700,0.0,0.0
2023-10-23 00:00:00-04:00,325.4700012207031,332.7300109863281,324.3900146484375,329.32000732421875,321.7833251953125,24374700,0.0,0.0
2023-10-24 00:00:00-04:00,331.29998779296875,331.8399963378906,327.6000061035156,330.5299987792969,322.965576171875,31153600,0.0,0.0
2023-10-25 00:00:00-04:00,345.0199890136719,346.20001220703125,337.6199951171875,340.6700134277344,332.87359619140625,55053800,0.0,0.0
2023-10-26 00:00:00-04:00,340.5400085449219,341.6300048828125,326.94000244140625,327.8900146484375,320.3860778808594,37828500,0.0,0.0
2023-10-27 00:00:00-04:00,330.42999267578125,336.7200012207031,328.3999938964844,329.80999755859375,322.2620849609375,29856500,0.0,0.0
2023-10-30 00:00:00-04:00,333.4100036621094,339.45001220703125,331.8299865722656,337.30999755859375,329.5904541015625,22828100,0.0,0.0
2023-10-31 00:00:00-04:00,338.8500061035156,339.0,334.69000244140625,338.1099853515625,330.3721618652344,20265300,0.0,0.0
2023-11-01 00:00:00-04:00,339.7900085449219,347.4200134277344,339.6499938964844,346.07000732421875,338.14996337890625,28158800,0.0,0.0
2023-11-02 00:00:00-04:00,347.239990234375,348.8299865722656,344.7699890136719,348.32000732421875,340.3485107421875,24348100,0.0,0.0
2023-11-03 00:00:00-04:00,349.6300048828125,354.3900146484375,347.3299865722656,352.79998779296875,344.7259216308594,23637700,0.0,0.0
2023-11-06 00:00:00-05:00,353.45001220703125,357.5400085449219,353.3500061035156,356.5299987792969,348.3706359863281,23828300,0.0,0.0
2023-11-07 00:00:00-05:00,359.3999938964844,362.4599914550781,357.6300048828125,360.5299987792969,352.279052734375,25833900,0.0,0.0
2023-11-08 00:00:00-05:00,361.67999267578125,363.8699951171875,360.54998779296875,363.20001220703125,354.88800048828125,26767800,0.0,0.0
2023-11-09 00:00:00-05:00,362.29998779296875,364.7900085449219,360.3599853515625,360.69000244140625,352.4354248046875,24847300,0.0,0.0
2023-11-10 00:00:00-05:00,361.489990234375,370.1000061035156,361.07000732421875,369.6700134277344,361.2099304199219,28042100,0.0,0.0
2023-11-13 00:00:00-05:00,368.2200012207031,368.4700012207031,365.8999938964844,366.67999267578125,358.2882995605469,19986500,0.0,0.0
2023-11-14 00:00:00-05:00,371.010009765625,371.95001220703125,367.3500061035156,370.2699890136719,361.796142578125,27683900,0.0,0.0
2023-11-15 00:00:00-05:00,371.2799987792969,373.1300048828125,367.1099853515625,369.6700134277344,361.94305419921875,26860100,0.75,0.0
2023-11-16 00:00:00-05:00,370.9599914550781,376.3500061035156,370.17999267578125,376.1700134277344,368.3071594238281,27182300,0.0,0.0
2023-11-17 00:00:00-05:00,373.6099853515625,374.3699951171875,367.0,369.8500061035156,362.1192932128906,40157000,0.0,0.0
2023-11-20 00:00:00-05:00,371.2200012207031,378.8699951171875,371.0,377.44000244140625,369.5506286621094,52465100,0.0,0.0
2023-11-21 00:00:00-05:00,375.6700134277344,376.2200012207031,371.1199951171875,373.07000732421875,365.2720031738281,28423100,0.0,0.0
2023-11-22 00:00:00-05:00,378.0,379.7900085449219,374.9700012207031,377.8500061035156,369.9520263671875,23345300,0.0,0.0
2023-11-24 00:00:00-05:00,377.3299865722656,377.9700012207031,375.1400146484375,377.42999267578125,369.5408020019531,10176600,0.0,0.0
2023-11-27 00:00:00-05:00,376.7799987792969,380.6400146484375,376.20001220703125,378.6099853515625,370.6961364746094,22179200,0.0,0.0
2023-11-28 00:00:00-05:00,378.3500061035156,383.0,378.1600036621094,382.70001220703125,374.7006530761719,20453100,0.0,0.0
2023-11-29 00:00:00-05:00,383.760009765625,384.29998779296875,377.44000244140625,378.8500061035156,370.93115234375,28963400,0.0,0.0
2023-11-30 00:00:00-05:00,378.489990234375,380.0899963378906,375.4700012207031,378.9100036621094,370.98980712890625,30554400,0.0,0.0
2023-12-01 00:00:00-05:00,376.760009765625,378.1600036621094,371.30999755859375,374.510009765625,366.68182373046875,33040500,0.0,0.0
2023-12-04 00:00:00-05:00,369.1000061035156,369.5199890136719,362.8999938964844,369.1400146484375,361.4241027832031,32063300,0.0,0.0
2023-12-05 00:00:00-05:00,366.45001220703125,373.0799865722656,365.6199951171875,372.5199890136719,364.73345947265625,23065000,0.0,0.0
2023-12-06 00:00:00-05:00,373.5400085449219,374.17999267578125,368.0299987792969,368.79998779296875,361.0911865234375,21182100,0.0,0.0
2023-12-07 00:00:00-05:00,368.2300109863281,371.45001220703125,366.32000732421875,370.95001220703125,363.19622802734375,23118900,0.0,0.0
2023-12-08 00:00:00-05:00,369.20001220703125,374.4599914550781,368.2300109863281,374.2300109863281,366.4077453613281,20154400,0.0,0.0
2023-12-11 00:00:00-05:00,368.4800109863281,371.6000061035156,366.1000061035156,371.29998779296875,363.53900146484375,27708800,0.0,0.0
2023-12-12 00:00:00-05:00,370.8500061035156,374.4200134277344,370.4599914550781,374.3800048828125,366.5545654296875,24838300,0.0,0.0
2023-12-13 00:00:00-05:00,376.0199890136719,377.6400146484375,370.7699890136719,374.3699951171875,366.5447692871094,30955500,0.0,0.0
2023-12-14 00:00:00-05:00,373.30999755859375,373.760009765625,364.1300048828125,365.92999267578125,358.2811584472656,43277500,0.0,0.0
2023-12-15 00:00:00-05:00,366.8500061035156,372.3999938964844,366.2799987792969,370.7300109863281,362.98089599609375,78502300,0.0,0.0
2023-12-18 00:00:00-05:00,369.45001220703125,373.0,368.67999267578125,372.6499938964844,364.8607177734375,21802900,0.0,0.0
2023-12-19 00:00:00-05:00,371.489990234375,373.260009765625,369.8399963378906,373.260009765625,365.45794677734375,20603700,0.0,0.0
2023-12-20 00:00:00-05:00,375.0,376.0299987792969,370.5299987792969,370.6199951171875,362.8731689453125,26316700,0.0,0.0
2023-12-21 00:00:00-05:00,372.55999755859375,374.4100036621094,370.0400085449219,373.5400085449219,365.732177734375,17708000,0.0,0.0
2023-12-22 00:00:00-05:00,373.67999267578125,375.17999267578125,372.7099914550781,374.5799865722656,366.75042724609375,17107500,0.0,0.0
2023-12-26 00:00:00-05:00,375.0,376.94000244140625,373.5,374.6600036621094,366.8287353515625,12673100,0.0,0.0
2023-12-27 00:00:00-05:00,373.69000244140625,375.05999755859375,372.80999755859375,374.07000732421875,366.2510070800781,14905400,0.0,0.0
2023-12-28 00:00:00-05:00,375.3699951171875,376.4599914550781,374.1600036621094,375.2799987792969,367.4357604980469,14327000,0.0,0.0
2023-12-29 00:00:00-05:00,376.0,377.1600036621094,373.4800109863281,376.0400085449219,368.17987060546875,18730800,0.0,0.0
2024-01-02 00:00:00-05:00,373.8599853515625,375.8999938964844,366.7699890136719,370.8699951171875,363.11798095703125,25258600,0.0,0.0
2024-01-03 00:00:00-05:00,369.010009765625,373.260009765625,368.510009765625,370.6000061035156,362.85357666015625,23083500,0.0,0.0
2024-01-04 00:00:00-05:00,370.6700134277344,373.1000061035156,367.1700134277344,367.94000244140625,360.2491455078125,20901500,0.0,0.0
2024-01-05 00:00:00-05:00,368.9700012207031,372.05999755859375,366.5,367.75,360.0631408691406,21004600,0.0,0.0
2024-01-08 00:00:00-05:00,369.29998779296875,375.20001220703125,369.010009765625,374.69000244140625,366.8580627441406,23134000,0.0,0.0
2024-01-09 00:00:00-05:00,372.010009765625,375.989990234375,371.19000244140625,375.7900085449219,367.93511962890625,20830000,0.0,0.0
2024-01-10 00:00:00-05:00,376.3699951171875,384.1700134277344,376.32000732421875,382.7699890136719,374.7691955566406,25514200,0.0,0.0
2024-01-11 00:00:00-05:00,386.0,390.67999267578125,380.3800048828125,384.6300048828125,376.59033203125,27850800,0.0,0.0
2024-01-12 00:00:00-05:00,385.489990234375,388.67999267578125,384.6499938964844,388.4700012207031,380.35009765625,21661200,0.0,0.0
2024-01-16 00:00:00-05:00,393.6600036621094,394.0299987792969,387.6199951171875,390.2699890136719,382.1124267578125,27202300,0.0,0.0
2024-01-17 00:00:00-05:00,387.9800109863281,390.1099853515625,384.80999755859375,389.4700012207031,381.32916259765625,22234100,0.0,0.0
2024-01-18 00:00:00-05:00,391.7200012207031,393.989990234375,390.1199951171875,393.8699951171875,385.6371154785156,23392100,0.0,0.0
2024-01-19 00:00:00-05:00,395.760009765625,398.6700134277344,393.5,398.6700134277344,390.3368225097656,29331100,0.0,0.0
2024-01-22 00:00:00-05:00,400.0199890136719,400.6199951171875,393.5899963378906,396.510009765625,388.2220153808594,27016900,0.0,0.0
2024-01-23 00:00:00-05:00,395.75,399.3800048828125,393.92999267578125,398.8999938964844,390.56201171875,20525900,0.0,0.0
2024-01-24 00:00:00-05:00,401.5400085449219,405.6300048828125,400.45001220703125,402.55999755859375,394.14556884765625,24867000,0.0,0.0
2024-01-25 00:00:00-05:00,404.32000732421875,407.010009765625,402.5299987792969,404.8699951171875,396.4072570800781,21021200,0.0,0.0
2024-01-26 00:00:00-05:00,404.3699951171875,406.1700134277344,402.42999267578125,403.92999267578125,395.4869384765625,17803300,0.0,0.0
2024-01-29 00:00:00-05:00,406.05999755859375,409.9800109863281,404.3299865722656,409.7200012207031,401.1559143066406,24510200,0.0,0.0
2024-01-30 00:00:00-05:00,412.260009765625,413.04998779296875,406.45001220703125,408.5899963378906,400.04949951171875,33477600,0.0,0.0
2024-01-31 00:00:00-05:00,406.9599914550781,415.32000732421875,397.2099914550781,397.5799865722656,389.26959228515625,47871100,0.0,0.0
2024-02-01 00:00:00-05:00,401.8299865722656,408.0,401.79998779296875,403.7799987792969,395.34002685546875,30657700,0.0,0.0
2024-02-02 00:00:00-05:00,403.80999755859375,412.6499938964844,403.55999755859375,411.2200012207031,402.62457275390625,28256700,0.0,0.0
2024-02-05 00:00:00-05:00,409.8999938964844,411.1600036621094,403.989990234375,405.6499938964844,397.1708984375,25352300,0.0,0.0
2024-02-06 00:00:00-05:00,405.8800048828125,407.9700012207031,402.9100036621094,405.489990234375,397.0142517089844,18382600,0.0,0.0
2024-02-07 00:00:00-05:00,407.44000244140625,414.29998779296875,407.3999938964844,414.04998779296875,405.3953552246094,22340500,0.0,0.0
2024-02-08 00:00:00-05:00,414.04998779296875,415.55999755859375,412.5299987792969,414.1099853515625,405.4541320800781,21225300,0.0,0.0
2024-02-09 00:00:00-05:00,415.25,420.82000732421875,415.0899963378906,420.54998779296875,411.7594909667969,22032800,0.0,0.0
2024-02-12 00:00:00-05:00,420.55999755859375,420.739990234375,414.75,415.260009765625,406.5800476074219,21202900,0.0,0.0
2024-02-13 00:00:00-05:00,404.94000244140625,410.07000732421875,403.3900146484375,406.32000732421875,397.82696533203125,27824900,0.0,0.0
2024-02-14 00:00:00-05:00,408.07000732421875,409.8399963378906,404.57000732421875,409.489990234375,401.6720886230469,20401200,0.75,0.0
2024-02-15 00:00:00-05:00,408.1400146484375,409.1300048828125,404.2900085449219,406.55999755859375,398.7980041503906,21825500,0.0,0.0
2024-02-16 00:00:00-05:00,407.9599914550781,408.2900085449219,403.44000244140625,404.05999755859375,396.3457946777344,22296500,0.0,0.0
2024-02-20 00:00:00-05:00,403.239990234375,404.489990234375,398.010009765625,402.7900085449219,395.10003662109375,24307900,0.0,0.0
2024-02-21 00:00:00-05:00,400.1700134277344,402.2900085449219,397.2200012207031,402.17999267578125,394.50164794921875,18518900,0.0,0.0
2024-02-22 00:00:00-05:00,410.19000244140625,412.8299865722656,408.57000732421875,411.6499938964844,403.79083251953125,27009900,0.0,0.0
2024-02-23 00:00:00-05:00,415.6700134277344,415.8599853515625,408.9700012207031,410.3399963378906,402.50579833984375,16295900,0.0,0.0
2024-02-26 00:00:00-05:00,411.4599914550781,412.1600036621094,407.3599853515625,407.5400085449219,399.7593688964844,16193500,0.0,0.0
2024-02-27 00:00:00-05:00,407.989990234375,408.32000732421875,403.8500061035156,407.4800109863281,399.7004699707031,14835800,0.0,0.0
2024-02-28 00:00:00-05:00,408.17999267578125,409.29998779296875,405.32000732421875,407.7200012207031,399.9359130859375,13183100,0.0,0.0
2024-02-29 00:00:00-05:00,408.6400146484375,414.20001220703125,405.9200134277344,413.6400146484375,405.74285888671875,31947300,0.0,0.0
2024-03-01 00:00:00-05:00,411.2699890136719,415.8699951171875,410.8800048828125,415.5,407.56732177734375,17823400,0.0,0.0
2024-03-04 00:00:00-05:00,413.44000244140625,417.3500061035156,412.32000732421875,414.9200134277344,406.9984436035156,17596000,0.0,0.0
2024-03-05 00:00:00-05:00,413.9599914550781,414.25,400.6400146484375,402.6499938964844,394.9626770019531,26919200,0.0,0.0
2024-03-06 00:00:00-05:00,402.9700012207031,405.1600036621094,398.3900146484375,402.0899963378906,394.413330078125,22344100,0.0,0.0
2024-03-07 00:00:00-05:00,406.1199951171875,409.7799987792969,402.239990234375,409.1400146484375,401.32879638671875,18718500,0.0,0.0
2024-03-08 00:00:00-05:00,407.9599914550781,410.4200134277344,404.3299865722656,406.2200012207031,398.46453857421875,18002200,0.0,0.0
2024-03-11 00:00:00-04:00,403.760009765625,405.67999267578125,401.260009765625,404.5199890136719,396.79693603515625,16120800,0.0,0.0
2024-03-12 00:00:00-04:00,407.6199951171875,415.57000732421875,406.7900085449219,415.2799987792969,407.35162353515625,22457000,0.0,0.0
2024-03-13 00:00:00-04:00,418.1000061035156,418.17999267578125,411.45001220703125,415.1000061035156,407.1750183105469,17115900,0.0,0.0
2024-03-14 00:00:00-04:00,420.239990234375,427.82000732421875,417.989990234375,425.2200012207031,417.10174560546875,34157300,0.0,0.0
2024-03-15 00:00:00-04:00,419.2900085449219,422.6000061035156,412.7900085449219,416.4200134277344,408.4698181152344,45079900,0.0,0.0
2024-03-18 00:00:00-04:00,414.25,420.7300109863281,413.7799987792969,417.32000732421875,409.3526611328125,20106000,0.0,0.0
2024-03-19 00:00:00-04:00,417.8299865722656,421.6700134277344,415.54998779296875,421.4100036621094,413.364501953125,19837900,0.0,0.0
2024-03-20 00:00:00-04:00,422.0,425.9599914550781,420.6600036621094,425.2300109863281,417.111572265625,17860100,0.0,0.0
2024-03-21 00:00:00-04:00,429.8299865722656,430.82000732421875,427.1600036621094,429.3699951171875,421.17254638671875,21296200,0.0,0.0
2024-03-22 00:00:00-04:00,429.70001220703125,429.8599853515625,426.07000732421875,428.739990234375,420.5545654296875,17648500,0.0,0.0
2024-03-25 00:00:00-04:00,425.239990234375,427.4100036621094,421.6099853515625,422.8599853515625,414.7868347167969,18060500,0.0,0.0
2024-03-26 00:00:00-04:00,425.6099853515625,425.989990234375,421.3500061035156,421.6499938964844,413.5999450683594,16725600,0.0,0.0
2024-03-27 00:00:00-04:00,424.44000244140625,424.45001220703125,419.010009765625,421.42999267578125,413.3841552734375,16705000,0.0,0.0
2024-03-28 00:00:00-04:00,420.9599914550781,421.8699951171875,419.1199951171875,420.7200012207031,412.68768310546875,21871200,0.0,0.0
2024-04-01 00:00:00-04:00,423.95001220703125,427.8900146484375,422.2200012207031,424.57000732421875,416.46417236328125,16316000,0.0,0.0
2024-04-02 00:00:00-04:00,420.1099853515625,422.3800048828125,417.8399963378906,421.44000244140625,413.39398193359375,17912000,0.0,0.0
2024-04-03 00:00:00-04:00,419.7300109863281,423.260009765625,419.0899963378906,420.45001220703125,412.4228820800781,16502300,0.0,0.0
2024-04-04 00:00:00-04:00,424.989990234375,428.6700134277344,417.57000732421875,417.8800048828125,409.9019775390625,19370900,0.0,0.0
2024-04-05 00:00:00-04:00,420.010009765625,426.510009765625,418.32000732421875,425.5199890136719,417.3961181640625,16554800,0.0,0.0
2024-04-08 00:00:00-04:00,425.1700134277344,427.2799987792969,423.29998779296875,424.5899963378906,416.4838562011719,14272400,0.0,0.0
2024-04-09 00:00:00-04:00,426.44000244140625,427.739990234375,421.6199951171875,426.2799987792969,418.1415710449219,12496900,0.0,0.0
2024-04-10 00:00:00-04:00,422.19000244140625,424.0299987792969,419.70001220703125,423.260009765625,415.17919921875,16216600,0.0,0.0
2024-04-11 00:00:00-04:00,425.82000732421875,429.3699951171875,422.3599853515625,427.92999267578125,419.760009765625,17966400,0.0,0.0
2024-04-12 00:00:00-04:00,424.04998779296875,425.17999267578125,419.7699890136719,421.8999938964844,413.8451843261719,19253800,0.0,0.0
2024-04-15 00:00:00-04:00,426.6000061035156,426.82000732421875,413.42999267578125,413.6400146484375,405.74285888671875,20273500,0.0,0.0
2024-04-16 00:00:00-04:00,414.57000732421875,418.3999938964844,413.7300109863281,414.5799865722656,406.6649475097656,16765600,0.0,0.0
2024-04-17 00:00:00-04:00,417.25,418.8800048828125,410.3299865722656,411.8399963378906,403.9772033691406,15855500,0.0,0.0
2024-04-18 00:00:00-04:00,410.6300048828125,411.8900146484375,403.95001220703125,404.2699890136719,396.5517883300781,21029900,0.0,0.0
2024-04-19 00:00:00-04:00,404.0299987792969,405.4800109863281,397.7699890136719,399.1199951171875,391.5000915527344,30565800,0.0,0.0
2024-04-22 00:00:00-04:00,400.0799865722656,402.8500061035156,395.75,400.9599914550781,393.3049621582031,20286900,0.0,0.0
2024-04-23 00:00:00-04:00,404.239990234375,408.20001220703125,403.05999755859375,407.57000732421875,399.7887878417969,15734500,0.0,0.0
2024-04-24 00:00:00-04:00,409.55999755859375,412.4700012207031,406.7799987792969,409.05999755859375,401.25030517578125,15065300,0.0,0.0
2024-04-25 00:00:00-04:00,394.0299987792969,399.8900146484375,388.0299987792969,399.0400085449219,391.421630859375,40586500,0.0,0.0
2024-04-26 00:00:00-04:00,412.1700134277344,413.0,405.760009765625,406.32000732421875,398.5626525878906,29694700,0.0,0.0
2024-04-29 00:00:00-04:00,405.25,406.32000732421875,399.19000244140625,402.25,394.5703430175781,19582100,0.0,0.0
2024-04-30 00:00:00-04:00,401.489990234375,402.1600036621094,389.1700134277344,389.3299865722656,381.89691162109375,28781400,0.0,0.0
2024-05-01 00:00:00-04:00,392.6099853515625,401.7200012207031,390.30999755859375,394.94000244140625,387.3998718261719,23562500,0.0,0.0
2024-05-02 00:00:00-04:00,397.6600036621094,399.92999267578125,394.6499938964844,397.8399963378906,390.2445068359375,17709400,0.0,0.0
2024-05-03 00:00:00-04:00,402.2799987792969,407.1499938964844,401.8599853515625,406.6600036621094,398.8961181640625,17446700,0.0,0.0
2024-05-06 00:00:00-04:00,408.760009765625,413.92999267578125,406.3699951171875,413.5400085449219,405.6448059082031,16996600,0.0,0.0
2024-05-07 00:00:00-04:00,414.6600036621094,414.6700134277344,409.0899963378906,409.3399963378906,401.52490234375,20018200,0.0,0.0
2024-05-08 00:00:00-04:00,408.1700134277344,412.2300109863281,406.7099914550781,410.5400085449219,402.7020568847656,11792300,0.0,0.0
2024-05-09 00:00:00-04:00,410.57000732421875,412.7200012207031,409.1000061035156,412.32000732421875,404.44805908203125,14689700,0.0,0.0
2024-05-10 00:00:00-04:00,412.94000244140625,415.3800048828125,411.79998779296875,414.739990234375,406.8218688964844,13402300,0.0,0.0
2024-05-13 00:00:00-04:00,418.010009765625,418.3500061035156,410.82000732421875,413.7200012207031,405.8213195800781,15440200,0.0,0.0
2024-05-14 00:00:00-04:00,412.0199890136719,417.489990234375,411.54998779296875,416.55999755859375,408.6070861816406,15109300,0.0,0.0
2024-05-15 00:00:00-04:00,417.8999938964844,423.80999755859375,417.2699890136719,423.0799865722656,415.75115966796875,22239500,0.75,0.0
2024-05-16 00:00:00-04:00,421.79998779296875,425.4200134277344,420.3500061035156,420.989990234375,413.6973571777344,17530100,0.0,0.0
2024-05-17 00:00:00-04:00,422.5400085449219,422.9200134277344,418.0299987792969,420.2099914550781,412.930908203125,15352200,0.0,0.0
2024-05-20 00:00:00-04:00,420.2099914550781,426.7699890136719,419.989990234375,425.3399963378906,417.9720153808594,16272100,0.0,0.0
2024-05-21 00:00:00-04:00,426.8299865722656,432.9700012207031,424.8500061035156,429.0400085449219,421.6079406738281,21453300,0.0,0.0
2024-05-22 00:00:00-04:00,430.0899963378906,432.4100036621094,427.1300048828125,430.5199890136719,423.06231689453125,18073700,0.0,0.0
2024-05-23 00:00:00-04:00,432.9700012207031,433.6000061035156,425.4200134277344,427.0,419.603271484375,17211700,0.0,0.0
2024-05-24 00:00:00-04:00,427.19000244140625,431.05999755859375,424.4100036621094,430.1600036621094,422.70855712890625,11855300,0.0,0.0
2024-05-28 00:00:00-04:00,429.6300048828125,430.82000732421875,426.6000061035156,430.32000732421875,422.86578369140625,15718000,0.0,0.0
2024-05-29 00:00:00-04:00,425.69000244140625,430.94000244140625,425.69000244140625,429.1700134277344,421.7357177734375,15517100,0.0,0.0
2024-05-30 00:00:00-04:00,424.29998779296875,424.29998779296875,414.239990234375,414.6700134277344,407.48687744140625,28394500,0.0,0.0
2024-05-31 00:00:00-04:00,416.75,416.75,404.510009765625,415.1300048828125,407.9389343261719,47995300,0.0,0.0
2024-06-03 00:00:00-04:00,415.5299987792969,416.42999267578125,408.9200134277344,413.5199890136719,406.35675048828125,17484700,0.0,0.0
2024-06-04 00:00:00-04:00,412.42999267578125,416.44000244140625,409.67999267578125,416.07000732421875,408.86260986328125,14348900,0.0,0.0
2024-06-05 00:00:00-04:00,417.80999755859375,424.0799865722656,416.29998779296875,424.010009765625,416.66510009765625,16988000,0.0,0.0
2024-06-06 00:00:00-04:00,424.010009765625,425.30999755859375,420.5799865722656,424.5199890136719,417.16619873046875,14861300,0.0,0.0
2024-06-07 00:00:00-04:00,426.20001220703125,426.2799987792969,423.0,423.8500061035156,416.5078125,13621700,0.0,0.0
2024-06-10 00:00:00-04:00,424.70001220703125,428.0799865722656,423.8900146484375,427.8699951171875,420.45819091796875,13982900,0.0,0.0
2024-06-11 00:00:00-04:00,425.4800109863281,432.82000732421875,425.25,432.67999267578125,425.1849060058594,14551100,0.0,0.0
2024-06-12 00:00:00-04:00,435.32000732421875,443.3999938964844,433.25,441.05999755859375,433.4197692871094,22366200,0.0,0.0
2024-06-13 00:00:00-04:00,440.8500061035156,443.3900146484375,439.3699951171875,441.5799865722656,433.93072509765625,15960600,0.0,0.0
2024-06-14 00:00:00-04:00,438.2799987792969,443.1400146484375,436.7200012207031,442.57000732421875,434.9035949707031,13582000,0.0,0.0
2024-06-17 00:00:00-04:00,442.5899963378906,450.94000244140625,440.7200012207031,448.3699951171875,440.60308837890625,20790000,0.0,0.0
2024-06-18 00:00:00-04:00,449.7099914550781,450.1400146484375,444.8900146484375,446.3399963378906,438.6082763671875,17112500,0.0,0.0
2024-06-20 00:00:00-04:00,446.29998779296875,446.5299987792969,441.2699890136719,445.70001220703125,437.9794006347656,19877400,0.0,0.0
2024-06-21 00:00:00-04:00,447.3800048828125,450.5799865722656,446.510009765625,449.7799987792969,441.9886474609375,34187100,0.0,0.0
2024-06-24 00:00:00-04:00,449.79998779296875,452.75,446.4100036621094,447.6700134277344,439.9152526855469,15913700,0.0,0.0
2024-06-25 00:00:00-04:00,448.25,451.4200134277344,446.75,450.95001220703125,443.1383972167969,16413400,0.0,0.0
2024-06-26 00:00:00-04:00,449.0,453.6000061035156,448.19000244140625,452.1600036621094,444.3274841308594,16507000,0.0,0.0
2024-06-27 00:00:00-04:00,452.17999267578125,456.1700134277344,451.7699890136719,452.8500061035156,445.0055236816406,14806300,0.0,0.0
2024-06-28 00:00:00-04:00,453.07000732421875,455.3800048828125,446.4100036621094,446.95001220703125,439.2077331542969,28362300,0.0,0.0
2024-07-01 00:00:00-04:00,448.6600036621094,457.3699951171875,445.6600036621094,456.7300109863281,448.81829833984375,17662800,0.0,0.0
2024-07-02 00:00:00-04:00,453.20001220703125,459.5899963378906,453.1099853515625,459.2799987792969,451.32415771484375,13979800,0.0,0.0
2024-07-03 00:00:00-04:00,458.19000244140625,461.0199890136719,457.8800048828125,460.7699890136719,452.788330078125,9932800,0.0,0.0
2024-07-05 00:00:00-04:00,459.6099853515625,468.3500061035156,458.9700012207031,467.55999755859375,459.4606628417969,16000300,0.0,0.0
2024-07-08 00:00:00-04:00,466.54998779296875,467.70001220703125,464.4599914550781,466.239990234375,458.1635437011719,12962300,0.0,0.0
2024-07-09 00:00:00-04:00,467.0,467.3299865722656,458.0,459.5400085449219,451.57958984375,17207200,0.0,0.0
2024-07-10 00:00:00-04:00,461.2200012207031,466.4599914550781,458.8599853515625,466.25,458.17340087890625,18196100,0.0,0.0
2024-07-11 00:00:00-04:00,462.9800109863281,464.7799987792969,451.54998779296875,454.70001220703125,446.82342529296875,23111200,0.0,0.0
2024-07-12 00:00:00-04:00,454.3299865722656,456.3599853515625,450.6499938964844,453.54998779296875,445.69329833984375,16324300,0.0,0.0
2024-07-15 00:00:00-04:00,453.29998779296875,457.260009765625,451.42999267578125,453.9599914550781,446.09625244140625,14429400,0.0,0.0
2024-07-16 00:00:00-04:00,454.2200012207031,454.29998779296875,446.6600036621094,449.5199890136719,441.733154296875,17175700,0.0,0.0
2024-07-17 00:00:00-04:00,442.5899963378906,444.8500061035156,439.17999267578125,443.5199890136719,435.8371276855469,21778000,0.0,0.0
2024-07-18 00:00:00-04:00,444.3399963378906,444.6499938964844,434.3999938964844,440.3699951171875,432.74169921875,20794800,0.0,0.0
2024-07-19 00:00:00-04:00,433.1000061035156,441.1400146484375,432.0,437.1099853515625,429.5381164550781,20940400,0.0,0.0
2024-07-22 00:00:00-04:00,441.7900085449219,444.6000061035156,438.9100036621094,442.94000244140625,435.26715087890625,15808800,0.0,0.0
2024-07-23 00:00:00-04:00,443.8999938964844,448.3900146484375,443.1000061035156,444.8500061035156,437.14410400390625,13107100,0.0,0.0
2024-07-24 00:00:00-04:00,440.45001220703125,441.4800109863281,427.5899963378906,428.8999938964844,421.470458984375,26805800,0.0,0.0
2024-07-25 00:00:00-04:00,428.79998779296875,429.79998779296875,417.510009765625,418.3999938964844,411.1522521972656,29943800,0.0,0.0
2024-07-26 00:00:00-04:00,418.20001220703125,428.9200134277344,417.2699890136719,425.2699890136719,417.9032287597656,23583800,0.0,0.0
2024-07-29 00:00:00-04:00,431.5799865722656,432.1499938964844,424.70001220703125,426.7300109863281,419.3380126953125,15125800,0.0,0.0
2024-07-30 00:00:00-04:00,427.7200012207031,429.04998779296875,417.3599853515625,422.9200134277344,415.593994140625,32687600,0.0,0.0
2024-07-31 00:00:00-04:00,420.5,421.7799987792969,412.2099914550781,418.3500061035156,411.1031188964844,42891400,0.0,0.0
2024-08-01 00:00:00-04:00,420.7900085449219,427.4599914550781,413.0899963378906,417.1099853515625,409.8846435546875,30296400,0.0,0.0
2024-08-02 00:00:00-04:00,412.489990234375,415.0,404.3399963378906,408.489990234375,401.4139099121094,29437900,0.0,0.0
2024-08-05 00:00:00-04:00,389.1700134277344,401.0400085449219,385.5799865722656,395.1499938964844,388.3050231933594,40709200,0.0,0.0
2024-08-06 00:00:00-04:00,400.0,405.6700134277344,398.5,399.6099853515625,392.687744140625,24946500,0.0,0.0
2024-08-07 00:00:00-04:00,408.6400146484375,410.0799865722656,397.4700012207031,398.42999267578125,391.5282287597656,20650900,0.0,0.0
2024-08-08 00:00:00-04:00,402.44000244140625,405.8599853515625,399.94000244140625,402.69000244140625,395.71441650390625,20203000,0.0,0.0
2024-08-09 00:00:00-04:00,404.0299987792969,408.04998779296875,402.260009765625,406.0199890136719,398.9866943359375,19276700,0.0,0.0
2024-08-12 00:00:00-04:00,407.05999755859375,408.760009765625,404.239990234375,406.80999755859375,399.76300048828125,16762900,0.0,0.0
2024-08-13 00:00:00-04:00,409.5899963378906,414.95001220703125,409.57000732421875,414.010009765625,406.8383483886719,19414300,0.0,0.0
2024-08-14 00:00:00-04:00,414.79998779296875,417.7200012207031,412.45001220703125,416.8599853515625,409.638916015625,18267000,0.0,0.0
2024-08-15 00:00:00-04:00,419.79998779296875,421.1099853515625,417.6600036621094,421.0299987792969,414.4824523925781,20752100,0.75,0.0
2024-08-16 00:00:00-04:00,420.6000061035156,421.3399963378906,417.29998779296875,418.4700012207031,411.96221923828125,22775600,0.0,0.0
2024-08-19 00:00:00-04:00,418.9599914550781,421.75,416.4599914550781,421.5299987792969,414.9746398925781,15234000,0.0,0.0
2024-08-20 00:00:00-04:00,421.70001220703125,425.8599853515625,421.6400146484375,424.79998779296875,418.1938171386719,16387600,0.0,0.0
2024-08-21 00:00:00-04:00,424.0799865722656,426.3999938964844,421.7200012207031,424.1400146484375,417.54412841796875,16067300,0.0,0.0
2024-08-22 00:00:00-04:00,424.3599853515625,426.7900085449219,414.6099853515625,415.54998779296875,409.08758544921875,19361900,0.0,0.0
2024-08-23 00:00:00-04:00,416.9800109863281,419.260009765625,412.0899963378906,416.7900085449219,410.308349609375,18493800,0.0,0.0
2024-08-26 00:00:00-04:00,416.3699951171875,417.2799987792969,411.3399963378906,413.489990234375,407.05963134765625,13152800,0.0,0.0
2024-08-27 00:00:00-04:00,412.8599853515625,414.3599853515625,410.25,413.8399963378906,407.40423583984375,13492900,0.0,0.0
2024-08-28 00:00:00-04:00,414.8800048828125,415.0,407.30999755859375,410.6000061035156,404.2146301269531,14882700,0.0,0.0
2024-08-29 00:00:00-04:00,414.94000244140625,422.04998779296875,410.6000061035156,413.1199951171875,406.6954040527344,17045200,0.0,0.0
2024-08-30 00:00:00-04:00,415.6000061035156,417.489990234375,412.1300048828125,417.1400146484375,410.6529235839844,24308300,0.0,0.0
2024-09-03 00:00:00-04:00,417.9100036621094,419.8800048828125,407.0299987792969,409.44000244140625,403.0726623535156,20313600,0.0,0.0
2024-09-04 00:00:00-04:00,405.9100036621094,411.239990234375,404.3699951171875,408.8999938964844,402.541015625,15135800,0.0,0.0
2024-09-05 00:00:00-04:00,407.6199951171875,413.1000061035156,406.1300048828125,408.3900146484375,402.0389404296875,14195500,0.0,0.0
2024-09-06 00:00:00-04:00,409.05999755859375,410.6499938964844,400.79998779296875,401.70001220703125,395.45306396484375,19609500,0.0,0.0
2024-09-09 00:00:00-04:00,407.239990234375,408.6499938964844,402.1499938964844,405.7200012207031,399.4105529785156,15295100,0.0,0.0
2024-09-10 00:00:00-04:00,408.20001220703125,416.3299865722656,407.70001220703125,414.20001220703125,407.7586364746094,19594300,0.0,0.0
2024-09-11 00:00:00-04:00,415.5,423.989990234375,409.5799865722656,423.0400085449219,416.461181640625,19266900,0.0,0.0
2024-09-12 00:00:00-04:00,423.30999755859375,427.3699951171875,419.75,427.0,420.35955810546875,17395700,0.0,0.0
2024-09-13 00:00:00-04:00,425.8299865722656,431.8299865722656,425.4599914550781,430.5899963378906,423.893798828125,15874600,0.0,0.0
2024-09-16 00:00:00-04:00,430.6000061035156,433.5299987792969,428.2200012207031,431.3399963378906,424.632080078125,13834700,0.0,0.0
2024-09-17 00:00:00-04:00,440.2300109863281,441.8500061035156,432.2699890136719,435.1499938964844,428.38287353515625,18874200,0.0,0.0
2024-09-18 00:00:00-04:00,435.0,436.0299987792969,430.4100036621094,430.80999755859375,424.1103515625,18898000,0.0,0.0
2024-09-19 00:00:00-04:00,441.2300109863281,441.5,436.8999938964844,438.69000244140625,431.8678283691406,21706600,0.0,0.0
2024-09-20 00:00:00-04:00,437.2200012207031,439.239990234375,434.2200012207031,435.2699890136719,428.5009460449219,55167100,0.0,0.0
2024-09-23 00:00:00-04:00,434.2799987792969,436.4599914550781,430.3900146484375,433.510009765625,426.7684020996094,15128900,0.0,0.0
2024-09-24 00:00:00-04:00,433.0,433.3500061035156,426.1000061035156,429.1700134277344,422.495849609375,17015800,0.0,0.0
2024-09-25 00:00:00-04:00,429.8299865722656,433.1199951171875,428.57000732421875,432.1099853515625,425.3901062011719,13396400,0.0,0.0
2024-09-26 00:00:00-04:00,435.0899963378906,435.29998779296875,429.1300048828125,431.30999755859375,424.6025695800781,14492000,0.0,0.0
2024-09-27 00:00:00-04:00,431.5199890136719,431.8500061035156,427.4700012207031,428.0199890136719,421.3636779785156,14896100,0.0,0.0
2024-09-30 00:00:00-04:00,428.2099914550781,430.4200134277344,425.3699951171875,430.29998779296875,423.6082458496094,16807300,0.0,0.0
2024-10-01 00:00:00-04:00,428.45001220703125,428.4800109863281,418.80999755859375,420.69000244140625,414.1477355957031,19092900,0.0,0.0
2024-10-02 00:00:00-04:00,422.5799865722656,422.82000732421875,416.7099914550781,417.1300048828125,410.6430969238281,16582300,0.0,0.0
2024-10-03 00:00:00-04:00,417.6300048828125,419.54998779296875,414.2900085449219,416.5400085449219,410.0622863769531,13686400,0.0,0.0
2024-10-04 00:00:00-04:00,418.239990234375,419.75,414.9700012207031,416.05999755859375,409.5897216796875,19169700,0.0,0.0
2024-10-07 00:00:00-04:00,416.0,417.1099853515625,409.0,409.5400085449219,403.1711120605469,20919800,0.0,0.0
2024-10-08 00:00:00-04:00,410.8999938964844,415.6600036621094,408.1700134277344,414.7099914550781,408.2607116699219,19229300,0.0,0.0
2024-10-09 00:00:00-04:00,415.8599853515625,420.3800048828125,414.29998779296875,417.4599914550781,410.9678955078125,14974300,0.0,0.0
2024-10-10 00:00:00-04:00,415.2300109863281,417.3500061035156,413.1499938964844,415.8399963378906,409.3731384277344,13848400,0.0,0.0
2024-10-11 00:00:00-04:00,416.1400146484375,417.1300048828125,413.25,416.32000732421875,409.8456726074219,14144900,0.0,0.0
2024-10-14 00:00:00-04:00,417.7699890136719,424.0400085449219,417.5199890136719,419.1400146484375,412.6217956542969,16653100,0.0,0.0
2024-10-15 00:00:00-04:00,422.17999267578125,422.4800109863281,415.260009765625,418.739990234375,412.2280578613281,18900200,0.0,0.0
2024-10-16 00:00:00-04:00,415.1700134277344,416.3599853515625,410.4800109863281,416.1199951171875,409.6487731933594,15508900,0.0,0.0
2024-10-17 00:00:00-04:00,422.3599853515625,422.5,415.5899963378906,416.7200012207031,410.2394714355469,14820000,0.0,0.0
2024-10-18 00:00:00-04:00,417.1400146484375,419.6499938964844,416.260009765625,418.1600036621094,411.6570739746094,17145300,0.0,0.0
2024-10-21 00:00:00-04:00,416.1199951171875,418.9599914550781,413.75,418.7799987792969,412.2673645019531,14206100,0.0,0.0
2024-10-22 00:00:00-04:00,418.489990234375,430.5799865722656,418.0400085449219,427.510009765625,420.8616638183594,25482200,0.0,0.0
2024-10-23 00:00:00-04:00,430.8599853515625,431.0799865722656,422.5299987792969,424.6000061035156,417.9969482421875,19654400,0.0,0.0
2024-10-24 00:00:00-04:00,425.3299865722656,425.9800109863281,422.3999938964844,424.7300109863281,418.12493896484375,13581600,0.0,0.0
2024-10-25 00:00:00-04:00,426.760009765625,432.5199890136719,426.57000732421875,428.1499938964844,421.49169921875,16899100,0.0,0.0
2024-10-28 00:00:00-04:00,431.6600036621094,431.94000244140625,426.29998779296875,426.5899963378906,419.9559326171875,14882400,0.0,0.0
2024-10-29 00:00:00-04:00,428.0,433.1700134277344,425.79998779296875,431.95001220703125,425.23260498046875,17644100,0.0,0.0
2024-10-30 00:00:00-04:00,437.44000244140625,438.5,432.1000061035156,432.5299987792969,425.8036193847656,29749100,0.0,0.0
2024-10-31 00:00:00-04:00,415.3599853515625,416.1600036621094,406.29998779296875,406.3500061035156,400.0307312011719,53971000,0.0,0.0
2024-11-01 00:00:00-04:00,409.010009765625,415.5,407.5,410.3699951171875,403.9881591796875,24230400,0.0,0.0
2024-11-04 00:00:00-05:00,409.79998779296875,410.4200134277344,405.57000732421875,408.4599914550781,402.1078796386719,19672300,0.0,0.0
2024-11-05 00:00:00-05:00,408.3699951171875,414.8999938964844,408.0799865722656,411.4599914550781,405.0612487792969,17626000,0.0,0.0
2024-11-06 00:00:00-05:00,412.4200134277344,420.45001220703125,410.5199890136719,420.17999267578125,413.6456298828125,26681800,0.0,0.0
2024-11-07 00:00:00-05:00,421.2799987792969,426.8500061035156,419.8800048828125,425.42999267578125,418.8139953613281,19901800,0.0,0.0
2024-11-08 00:00:00-05:00,425.32000732421875,426.5,421.7799987792969,422.5400085449219,415.9689636230469,16891400,0.0,0.0
2024-11-11 00:00:00-05:00,422.5199890136719,424.80999755859375,416.0,418.010009765625,411.5093994140625,24503300,0.0,0.0
2024-11-12 00:00:00-05:00,418.25,424.44000244140625,417.20001220703125,423.0299987792969,416.4513244628906,19401200,0.0,0.0
2024-11-13 00:00:00-05:00,421.6400146484375,429.3299865722656,418.2099914550781,425.20001220703125,418.5876159667969,21502200,0.0,0.0
2024-11-14 00:00:00-05:00,425.0,428.1700134277344,420.0,426.8900146484375,420.2513122558594,30246900,0.0,0.0
2024-11-15 00:00:00-05:00,419.82000732421875,422.79998779296875,413.6400146484375,415.0,408.54620361328125,28247600,0.0,0.0
2024-11-18 00:00:00-05:00,414.8699951171875,418.3999938964844,412.1000061035156,415.760009765625,409.2944030761719,24727000,0.0,0.0
2024-11-19 00:00:00-05:00,413.1099853515625,417.94000244140625,411.54998779296875,417.7900085449219,411.2928771972656,18133500,0.0,0.0
2024-11-20 00:00:00-05:00,416.8699951171875,417.2900085449219,410.5799865722656,415.489990234375,409.0285949707031,19191700,0.0,0.0
2024-11-21 00:00:00-05:00,419.5,419.7799987792969,410.2900085449219,412.8699951171875,407.26287841796875,20780200,0.83,0.0
2024-11-22 00:00:00-05:00,411.3699951171875,417.3999938964844,411.05999755859375,417.0,411.3367919921875,24814600,0.0,0.0
2024-11-25 00:00:00-05:00,418.3800048828125,421.0799865722656,414.8500061035156,418.7900085449219,413.1025085449219,27691100,0.0,0.0
2024-11-26 00:00:00-05:00,419.5899963378906,429.0400085449219,418.8500061035156,427.989990234375,422.17755126953125,23458900,0.0,0.0
2024-11-27 00:00:00-05:00,425.1099853515625,427.2300109863281,422.0199890136719,422.989990234375,417.2454528808594,18332400,0.0,0.0
2024-11-29 00:00:00-05:00,420.0899963378906,424.8800048828125,417.79998779296875,423.4599914550781,417.7090759277344,16271900,0.0,0.0
2024-12-02 00:00:00-05:00,421.57000732421875,433.0,421.30999755859375,430.9800109863281,425.126953125,20207200,0.0,0.0
2024-12-03 00:00:00-05:00,429.8399963378906,432.4700012207031,427.739990234375,431.20001220703125,425.343994140625,18302000,0.0,0.0
2024-12-04 00:00:00-05:00,433.0299987792969,439.6700134277344,432.6300048828125,437.4200134277344,431.4794921875,26009400,0.0,0.0
2024-12-05 00:00:00-05:00,437.9200134277344,444.6600036621094,436.1700134277344,442.6199951171875,436.60888671875,21697800,0.0,0.0
2024-12-06 00:00:00-05:00,442.29998779296875,446.1000061035156,441.7699890136719,443.57000732421875,437.5459289550781,18821000,0.0,0.0
2024-12-09 00:00:00-05:00,442.6000061035156,448.3299865722656,440.5,446.0199890136719,439.9626770019531,19144400,0.0,0.0
2024-12-10 00:00:00-05:00,444.3900146484375,449.6199951171875,441.6000061035156,443.3299865722656,437.3092346191406,18469500,0.0,0.0
2024-12-11 00:00:00-05:00,444.04998779296875,450.3500061035156,444.04998779296875,448.989990234375,442.892333984375,19200200,0.0,0.0
2024-12-12 00:00:00-05:00,449.1099853515625,456.1600036621094,449.1099853515625,449.55999755859375,443.45458984375,20834800,0.0,0.0
2024-12-13 00:00:00-05:00,448.44000244140625,451.42999267578125,445.5799865722656,447.2699890136719,441.1956787109375,20177800,0.0,0.0
2024-12-16 00:00:00-05:00,447.2699890136719,452.17999267578125,445.2799987792969,451.5899963378906,445.4570617675781,23598800,0.0,0.0
2024-12-17 00:00:00-05:00,451.010009765625,455.2900085449219,449.57000732421875,454.4599914550781,448.28802490234375,22733500,0.0,0.0
2024-12-18 00:00:00-05:00,451.32000732421875,452.6499938964844,437.0199890136719,437.3900146484375,431.4499206542969,24444500,0.0,0.0
2024-12-19 00:00:00-05:00,441.6199951171875,443.17999267578125,436.32000732421875,437.0299987792969,431.0947570800781,22963700,0.0,0.0
2024-12-20 00:00:00-05:00,433.1099853515625,443.739990234375,428.6300048828125,436.6000061035156,430.6706237792969,64263700,0.0,0.0
2024-12-23 00:00:00-05:00,436.739990234375,437.6499938964844,432.8299865722656,435.25,429.33892822265625,19152500,0.0,0.0
2024-12-24 00:00:00-05:00,434.6499938964844,439.6000061035156,434.19000244140625,439.3299865722656,433.3634948730469,7164500,0.0,0.0
2024-12-26 00:00:00-05:00,439.0799865722656,440.94000244140625,436.6300048828125,438.1099853515625,432.16009521484375,8194200,0.0,0.0
2024-12-27 00:00:00-05:00,434.6000061035156,435.2200012207031,426.3500061035156,430.5299987792969,424.6830749511719,18117700,0.0,0.0
2024-12-30 00:00:00-05:00,426.05999755859375,427.54998779296875,421.8999938964844,424.8299865722656,419.06048583984375,13158700,0.0,0.0
2024-12-31 00:00:00-05:00,426.1000061035156,426.7300109863281,420.6600036621094,421.5,415.77569580078125,13246500,0.0,0.0
2025-01-02 00:00:00-05:00,425.5299987792969,426.07000732421875,414.8500061035156,418.5799865722656,412.89532470703125,16896500,0.0,0.0
2025-01-03 00:00:00-05:00,421.0799865722656,424.0299987792969,419.5400085449219,423.3500061035156,417.6005859375,16662900,0.0,0.0
2025-01-06 00:00:00-05:00,428.0,434.32000732421875,425.4800109863281,427.8500061035156,422.0394287109375,20573600,0.0,0.0
2025-01-07 00:00:00-05:00,429.0,430.6499938964844,420.79998779296875,422.3699951171875,416.6339111328125,18139100,0.0,0.0
2025-01-08 00:00:00-05:00,423.4599914550781,426.9700012207031,421.5400085449219,424.55999755859375,418.7941589355469,15054600,0.0,0.0
2025-01-10 00:00:00-05:00,424.6300048828125,424.7099914550781,415.0199890136719,418.95001220703125,413.2603454589844,20201100,0.0,0.0
2025-01-13 00:00:00-05:00,415.239990234375,418.5,412.2900085449219,417.19000244140625,411.52423095703125,17604800,0.0,0.0
2025-01-14 00:00:00-05:00,417.80999755859375,419.739990234375,410.7200012207031,415.6700134277344,410.02484130859375,16935900,0.0,0.0
2025-01-15 00:00:00-05:00,419.1300048828125,428.1499938964844,418.2699890136719,426.30999755859375,420.5203857421875,19637800,0.0,0.0
2025-01-16 00:00:00-05:00,428.70001220703125,429.489990234375,424.3900146484375,424.5799865722656,418.8138122558594,15300000,0.0,0.0
2025-01-17 00:00:00-05:00,434.0899963378906,434.4800109863281,428.1700134277344,429.0299987792969,423.2033996582031,26197500,0.0,0.0
2025-01-21 00:00:00-05:00,430.20001220703125,430.8999938964844,425.6000061035156,428.5,422.68060302734375,26085700,0.0,0.0
2025-01-22 00:00:00-05:00,437.55999755859375,447.2699890136719,436.0,446.20001220703125,440.1402587890625,27803800,0.0,0.0
2025-01-23 00:00:00-05:00,442.0,446.75,441.5,446.7099914550781,440.6433410644531,18389300,0.0,0.0
2025-01-24 00:00:00-05:00,445.1600036621094,446.6499938964844,441.3999938964844,444.05999755859375,438.029296875,15549500,0.0,0.0
2025-01-27 00:00:00-05:00,424.010009765625,435.20001220703125,423.5,434.55999755859375,428.6583251953125,35647800,0.0,0.0
2025-01-28 00:00:00-05:00,434.6000061035156,448.3800048828125,431.3800048828125,447.20001220703125,441.1266784667969,23491700,0.0,0.0
2025-01-29 00:00:00-05:00,446.69000244140625,446.8800048828125,440.3999938964844,442.3299865722656,436.3227844238281,23581400,0.0,0.0
2025-01-30 00:00:00-05:00,418.7699890136719,422.8599853515625,413.1600036621094,414.989990234375,409.3540954589844,54586300,0.0,0.0
2025-01-31 00:00:00-05:00,418.9800109863281,420.69000244140625,414.9100036621094,415.05999755859375,409.423095703125,34161900,0.0,0.0
2025-02-03 00:00:00-05:00,411.6000061035156,415.4100036621094,408.6600036621094,410.9200134277344,405.3393859863281,25679100,0.0,0.0
2025-02-04 00:00:00-05:00,412.69000244140625,413.9200134277344,409.739990234375,412.3699951171875,406.7696838378906,20532100,0.0,0.0
2025-02-05 00:00:00-05:00,412.3500061035156,413.8299865722656,410.3999938964844,413.2900085449219,407.67718505859375,16316700,0.0,0.0
2025-02-06 00:00:00-05:00,414.0,418.20001220703125,414.0,415.82000732421875,410.1728515625,16309800,0.0,0.0
2025-02-07 00:00:00-05:00,416.4800109863281,418.6499938964844,408.1000061035156,409.75,404.18524169921875,22886800,0.0,0.0
2025-02-10 00:00:00-05:00,413.7099914550781,415.4599914550781,410.9200134277344,412.2200012207031,406.6217346191406,20817900,0.0,0.0
2025-02-11 00:00:00-05:00,409.6400146484375,412.489990234375,409.29998779296875,411.44000244140625,405.8523254394531,18140600,0.0,0.0
2025-02-12 00:00:00-05:00,407.2099914550781,410.75,404.3699951171875,409.0400085449219,403.48492431640625,19121700,0.0,0.0
2025-02-13 00:00:00-05:00,407.0,411.0,406.3599853515625,410.5400085449219,404.96453857421875,23891700,0.0,0.0
2025-02-14 00:00:00-05:00,407.7900085449219,408.9100036621094,405.8800048828125,408.42999267578125,402.8831787109375,22758500,0.0,0.0
2025-02-18 00:00:00-05:00,408.0,410.6000061035156,406.5,409.6400146484375,404.0767517089844,21423100,0.0,0.0
2025-02-19 00:00:00-05:00,407.8800048828125,415.489990234375,407.6499938964844,414.7699890136719,409.1370544433594,24114200,0.0,0.0
2025-02-20 00:00:00-05:00,415.2900085449219,419.30999755859375,412.5400085449219,416.1300048828125,411.3016662597656,23508700,0.83,0.0
2025-02-21 00:00:00-05:00,417.3399963378906,418.04998779296875,407.8900146484375,408.2099914550781,403.47357177734375,27524800,0.0,0.0
2025-02-24 00:00:00-05:00,408.510009765625,409.3699951171875,399.32000732421875,404.0,399.3124084472656,26443700,0.0,0.0
2025-02-25 00:00:00-05:00,401.1000061035156,401.9200134277344,396.70001220703125,397.8999938964844,393.283203125,29387400,0.0,0.0
2025-02-26 00:00:00-05:00,398.010009765625,403.6000061035156,394.25,399.7300109863281,395.0919494628906,19619000,0.0,0.0
2025-02-27 00:00:00-05:00,401.2699890136719,405.739990234375,392.1700134277344,392.5299987792969,387.97552490234375,21127400,0.0,0.0
2025-02-28 00:00:00-05:00,392.6600036621094,397.6300048828125,386.57000732421875,396.989990234375,392.38372802734375,32845700,0.0,0.0
2025-03-03 00:00:00-05:00,398.82000732421875,398.82000732421875,386.1600036621094,388.489990234375,383.982421875,23007700,0.0,0.0
2025-03-04 00:00:00-05:00,383.3999938964844,392.5799865722656,381.0,388.6099853515625,384.1009826660156,29342900,0.0,0.0
2025-03-05 00:00:00-05:00,389.3399963378906,401.6700134277344,388.80999755859375,401.0199890136719,396.3669738769531,23433100,0.0,0.0
2025-03-06 00:00:00-05:00,394.2799987792969,402.1499938964844,392.67999267578125,396.8900146484375,392.284912109375,23304600,0.0,0.0
2025-03-07 00:00:00-05:00,392.32000732421875,394.79998779296875,385.5400085449219,393.30999755859375,388.7464904785156,22034100,0.0,0.0
2025-03-10 00:00:00-04:00,385.8399963378906,386.3999938964844,377.2200012207031,380.1600036621094,375.7490539550781,32840100,0.0,0.0
2025-03-11 00:00:00-04:00,379.0,386.0,376.9100036621094,380.45001220703125,376.03570556640625,30380200,0.0,0.0
2025-03-12 00:00:00-04:00,382.95001220703125,385.2200012207031,378.95001220703125,383.2699890136719,378.8229064941406,24253600,0.0,0.0
2025-03-13 00:00:00-04:00,383.1600036621094,385.32000732421875,377.45001220703125,378.7699890136719,374.37518310546875,20473000,0.0,0.0
2025-03-14 00:00:00-04:00,379.7799987792969,390.2300109863281,379.510009765625,388.55999755859375,384.05157470703125,19952800,0.0,0.0
2025-03-17 00:00:00-04:00,386.70001220703125,392.7099914550781,385.57000732421875,388.70001220703125,384.1899719238281,22474300,0.0,0.0
2025-03-18 00:00:00-04:00,387.07000732421875,387.3699951171875,381.1000061035156,383.5199890136719,379.0700378417969,19486900,0.0,0.0
2025-03-19 00:00:00-04:00,385.5299987792969,389.67999267578125,384.0,387.82000732421875,383.3202209472656,19185500,0.0,0.0
2025-03-20 00:00:00-04:00,385.739990234375,391.7900085449219,383.2799987792969,386.8399963378906,382.3515625,18470500,0.0,0.0
2025-03-21 00:00:00-04:00,383.2200012207031,391.739990234375,382.79998779296875,391.260009765625,386.7202453613281,39675900,0.0,0.0
2025-03-24 00:00:00-04:00,395.3999938964844,395.3999938964844,389.80999755859375,393.0799865722656,388.5191345214844,21004500,0.0,0.0
2025-03-25 00:00:00-04:00,393.9200134277344,396.3599853515625,392.6400146484375,395.1600036621094,390.5749816894531,15775000,0.0,0.0
2025-03-26 00:00:00-04:00,395.0,395.30999755859375,388.57000732421875,389.9700012207031,385.4452209472656,16108400,0.0,0.0
2025-03-27 00:00:00-04:00,390.1300048828125,392.239990234375,387.3999938964844,390.5799865722656,386.048095703125,13766800,0.0,0.0
2025-03-28 00:00:00-04:00,388.0799865722656,389.1300048828125,376.92999267578125,378.79998779296875,374.4048156738281,21632000,0.0,0.0
2025-03-31 00:00:00-04:00,372.5400085449219,377.07000732421875,367.239990234375,375.3900146484375,371.0344543457031,35184700,0.0,0.0
2025-04-01 00:00:00-04:00,374.6499938964844,382.8500061035156,373.2300109863281,382.19000244140625,377.7554931640625,19689500,0.0,0.0
2025-04-02 00:00:00-04:00,377.9700012207031,385.0799865722656,376.6199951171875,382.1400146484375,377.7060852050781,16092600,0.0,0.0
2025-04-03 00:00:00-04:00,374.7900085449219,377.4800109863281,369.3500061035156,373.1099853515625,368.7807922363281,30198000,0.0,0.0
2025-04-04 00:00:00-04:00,364.1300048828125,374.5899963378906,359.4800109863281,359.8399963378906,355.664794921875,49209900,0.0,0.0
2025-04-07 00:00:00-04:00,350.8800048828125,371.0,344.7900085449219,357.8599853515625,353.7077941894531,50425000,0.0,0.0
2025-04-08 00:00:00-04:00,368.260009765625,373.6499938964844,350.25,354.55999755859375,350.44610595703125,35868900,0.0,0.0
2025-04-09 00:00:00-04:00,353.5400085449219,393.2300109863281,353.1000061035156,390.489990234375,385.9591979980469,50199700,0.0,0.0
2025-04-10 00:00:00-04:00,382.05999755859375,383.8999938964844,367.79998779296875,381.3500061035156,376.92523193359375,38024400,0.0,0.0
2025-04-11 00:00:00-04:00,380.6400146484375,390.04998779296875,378.8900146484375,388.45001220703125,383.9429016113281,23839200,0.0,0.0
2025-04-14 00:00:00-04:00,393.2200012207031,394.6499938964844,384.2099914550781,387.80999755859375,383.3102722167969,19251200,0.0,0.0
2025-04-15 00:00:00-04:00,388.510009765625,391.8900146484375,384.1600036621094,385.7300109863281,381.2544250488281,17199900,0.0,0.0
2025-04-16 00:00:00-04:00,380.6700134277344,381.6099853515625,368.0,371.6099853515625,367.2982177734375,21967800,0.0,0.0
2025-04-17 00:00:00-04:00,373.75,374.32000732421875,366.8900146484375,367.7799987792969,363.51263427734375,21120200,0.0,0.0
2025-04-21 00:00:00-04:00,362.82000732421875,364.4800109863281,355.6700134277344,359.1199951171875,354.9531555175781,20807300,0.0,0.0
2025-04-22 00:00:00-04:00,363.3800048828125,367.7699890136719,359.8599853515625,366.82000732421875,362.5638427734375,19485000,0.0,0.0
2025-04-23 00:00:00-04:00,376.05999755859375,380.3900146484375,373.0199890136719,374.3900146484375,370.0460205078125,20545500,0.0,0.0
2025-04-24 00:00:00-04:00,375.70001220703125,388.45001220703125,375.19000244140625,387.29998779296875,382.80615234375,22232300,0.0,0.0
2025-04-25 00:00:00-04:00,387.0,392.1600036621094,384.6000061035156,391.8500061035156,387.3034362792969,18973200,0.0,0.0
2025-04-28 00:00:00-04:00,391.9599914550781,392.739990234375,386.6400146484375,391.1600036621094,386.62139892578125,16579400,0.0,0.0
2025-04-29 00:00:00-04:00,391.29998779296875,395.1000061035156,390.3800048828125,394.0400085449219,389.468017578125,14974000,0.0,0.0
2025-04-30 00:00:00-04:00,390.29998779296875,396.6600036621094,384.44000244140625,395.260009765625,390.673828125,36461100,0.0,0.0
2025-05-01 00:00:00-04:00,431.1099853515625,436.989990234375,424.8999938964844,425.3999938964844,420.464111328125,58938100,0.0,0.0
2025-05-02 00:00:00-04:00,431.739990234375,439.44000244140625,429.989990234375,435.2799987792969,430.2294921875,30757400,0.0,0.0
2025-05-05 00:00:00-04:00,432.8699951171875,439.5,432.1099853515625,436.1700134277344,431.10919189453125,20136100,0.0,0.0
2025-05-06 00:00:00-04:00,432.20001220703125,437.7300109863281,431.1700134277344,433.30999755859375,428.2823486328125,15104200,0.0,0.0
2025-05-07 00:00:00-04:00,433.8399963378906,438.1199951171875,431.1099853515625,433.3500061035156,428.3218688964844,23295300,0.0,0.0
2025-05-08 00:00:00-04:00,437.92999267578125,443.6700134277344,435.6600036621094,438.1700134277344,433.0859680175781,23491300,0.0,0.0
2025-05-09 00:00:00-04:00,440.0,440.739990234375,435.8800048828125,438.7300109863281,433.6394958496094,15324200,0.0,0.0
2025-05-12 00:00:00-04:00,445.94000244140625,449.3699951171875,439.7799987792969,449.260009765625,444.0472717285156,22821900,0.0,0.0
2025-05-13 00:00:00-04:00,447.7799987792969,450.6700134277344,445.3599853515625,449.1400146484375,443.9286804199219,23618800,0.0,0.0
2025-05-14 00:00:00-04:00,448.1400146484375,453.8999938964844,448.1400146484375,452.94000244140625,447.6845703125,19902800,0.0,0.0
2025-05-15 00:00:00-04:00,450.7699890136719,456.19000244140625,450.42999267578125,453.1300048828125,448.6946105957031,21992300,0.83,0.0
2025-05-16 00:00:00-04:00,452.04998779296875,454.3599853515625,448.7300109863281,454.2699890136719,449.82342529296875,23849800,0.0,0.0
2025-05-19 00:00:00-04:00,450.8800048828125,459.5899963378906,450.79998779296875,458.8699951171875,454.37841796875,21336500,0.0,0.0
2025-05-20 00:00:00-04:00,455.5899963378906,458.3399963378906,454.32000732421875,458.1700134277344,453.685302734375,15441800,0.0,0.0
2025-05-21 00:00:00-04:00,454.57000732421875,457.7799987792969,451.80999755859375,452.57000732421875,448.14007568359375,19216900,0.0,0.0
2025-05-22 00:00:00-04:00,454.95001220703125,460.25,453.8999938964844,454.8599853515625,450.40765380859375,18025600,0.0,0.0
2025-05-23 00:00:00-04:00,449.9800109863281,453.69000244140625,448.9100036621094,450.17999267578125,445.7734680175781,16883500,0.0,0.0
2025-05-27 00:00:00-04:00,456.4800109863281,460.95001220703125,456.1199951171875,460.69000244140625,456.1806335449219,20974300,0.0,0.0
2025-05-28 00:00:00-04:00,461.2200012207031,462.5199890136719,456.92999267578125,457.3599853515625,452.8831787109375,17086300,0.0,0.0
2025-05-29 00:00:00-04:00,461.54998779296875,461.7200012207031,455.30999755859375,458.67999267578125,454.1903076171875,13974800,0.0,0.0
2025-05-30 00:00:00-04:00,459.7200012207031,461.67999267578125,455.5400085449219,460.3599853515625,455.85382080078125,34770500,0.0,0.0
2025-06-02 00:00:00-04:00,457.1400146484375,462.1099853515625,456.8900146484375,461.9700012207031,457.4480895996094,16626500,0.0,0.0
2025-06-03 00:00:00-04:00,461.4700012207031,464.1400146484375,460.8599853515625,462.9700012207031,458.4382629394531,15743800,0.0,0.0
2025-06-04 00:00:00-04:00,464.0,465.69000244140625,463.0199890136719,463.8699951171875,459.3294677734375,14162700,0.0,0.0
2025-06-05 00:00:00-04:00,464.9599914550781,469.6499938964844,464.0299987792969,467.67999267578125,463.1021728515625,20131700,0.0,0.0
2025-06-06 00:00:00-04:00,470.0899963378906,473.3399963378906,468.7799987792969,470.3800048828125,465.7757568359375,15285600,0.0,0.0
2025-06-09 00:00:00-04:00,469.70001220703125,473.42999267578125,468.6199951171875,472.75,468.12255859375,16469900,0.0,0.0
2025-06-10 00:00:00-04:00,471.19000244140625,472.79998779296875,466.9599914550781,470.9200134277344,466.31048583984375,15375900,0.0,0.0
2025-06-11 00:00:00-04:00,470.0199890136719,475.4700012207031,469.6600036621094,472.6199951171875,467.9938049316406,16399200,0.0,0.0
2025-06-12 00:00:00-04:00,475.0199890136719,480.4200134277344,473.5199890136719,478.8699951171875,474.1826477050781,18950600,0.0,0.0
2025-06-13 00:00:00-04:00,476.4100036621094,479.17999267578125,472.760009765625,474.9599914550781,470.3108825683594,16814500,0.0,0.0
2025-06-16 00:00:00-04:00,475.2099914550781,480.69000244140625,475.0,479.1400146484375,474.4500427246094,15626100,0.0,0.0
2025-06-17 00:00:00-04:00,475.3999938964844,478.739990234375,474.0799865722656,478.0400085449219,473.36077880859375,15414100,0.0,0.0
2025-06-18 00:00:00-04:00,478.0,481.0,474.4599914550781,480.239990234375,475.53924560546875,17526500,0.0,0.0
2025-06-20 00:00:00-04:00,482.2300109863281,483.4599914550781,476.8699951171875,477.3999938964844,472.72698974609375,37576200,0.0,0.0
2025-06-23 00:00:00-04:00,478.2099914550781,487.75,472.510009765625,486.0,481.2428894042969,24864000,0.0,0.0
2025-06-24 00:00:00-04:00,488.95001220703125,491.8500061035156,486.79998779296875,490.1099853515625,485.3126220703125,22305600,0.0,0.0
2025-06-25 00:00:00-04:00,492.0400085449219,494.55999755859375,489.3900146484375,492.2699890136719,487.4515075683594,17495100,0.0,0.0
2025-06-26 00:00:00-04:00,492.9800109863281,498.0400085449219,492.80999755859375,497.45001220703125,492.580810546875,21578900,0.0,0.0
2025-06-27 00:00:00-04:00,497.54998779296875,499.29998779296875,493.0299987792969,495.94000244140625,491.0855712890625,34539200,0.0,0.0
2025-06-30 00:00:00-04:00,497.0400085449219,500.760009765625,495.3299865722656,497.4100036621094,492.5411682128906,28369000,0.0,0.0
2025-07-01 00:00:00-04:00,496.4700012207031,498.04998779296875,490.9800109863281,492.04998779296875,487.2336120605469,19945400,0.0,0.0
2025-07-02 00:00:00-04:00,489.989990234375,493.5,488.70001220703125,491.0899963378906,486.2830505371094,16319600,0.0,0.0
2025-07-03 00:00:00-04:00,493.80999755859375,500.1300048828125,493.44000244140625,498.8399963378906,493.95721435546875,13984800,0.0,0.0
2025-07-07 00:00:00-04:00,497.3800048828125,498.75,495.2300109863281,497.7200012207031,492.8481140136719,13981600,0.0,0.0
2025-07-08 00:00:00-04:00,497.239990234375,498.20001220703125,494.1099853515625,496.6199951171875,491.7588806152344,11846600,0.0,0.0
2025-07-09 00:00:00-04:00,500.29998779296875,506.7799987792969,499.739990234375,503.510009765625,498.5815124511719,18659500,0.0,0.0
2025-07-10 00:00:00-04:00,503.04998779296875,504.44000244140625,497.75,501.4800109863281,496.57135009765625,16492100,0.0,0.0
2025-07-11 00:00:00-04:00,498.4700012207031,505.0299987792969,497.79998779296875,503.32000732421875,498.393310546875,16459500,0.0,0.0
2025-07-14 00:00:00-04:00,501.5199890136719,503.9700012207031,501.0299987792969,503.0199890136719,498.09625244140625,12058800,0.0,0.0
2025-07-15 00:00:00-04:00,503.0199890136719,508.29998779296875,502.7900085449219,505.82000732421875,500.8688659667969,14927200,0.0,0.0
2025-07-16 00:00:00-04:00,505.17999267578125,506.7200012207031,501.8900146484375,505.6199951171875,500.67083740234375,15154400,0.0,0.0
2025-07-17 00:00:00-04:00,505.67999267578125,513.3699951171875,505.6199951171875,511.70001220703125,506.6913146972656,17503100,0.0,0.0
2025-07-18 00:00:00-04:00,514.47998046875,514.6400146484375,507.42999267578125,510.04998779296875,505.0574645996094,21209700,0.0,0.0
2025-07-21 00:00:00-04:00,506.7099914550781,512.0900268554688,505.54998779296875,510.05999755859375,505.0673522949219,14066800,0.0,0.0
2025-07-22 00:00:00-04:00,510.9700012207031,511.20001220703125,505.2699890136719,505.2699890136719,500.3242492675781,13868600,0.0,0.0
2025-07-23 00:00:00-04:00,506.75,506.7900085449219,500.70001220703125,505.8699951171875,500.9183349609375,16396600,0.0,0.0
2025-07-24 00:00:00-04:00,508.7699890136719,513.6699829101562,507.29998779296875,510.8800048828125,505.87933349609375,16107000,0.0,0.0
2025-07-25 00:00:00-04:00,512.469970703125,518.2899780273438,510.3599853515625,513.7100219726562,508.6816711425781,19125700,0.0,0.0
2025-07-28 00:00:00-04:00,514.0800170898438,515.0,510.1199951171875,512.5,507.48345947265625,14308000,0.0,0.0
2025-07-29 00:00:00-04:00,515.530029296875,517.6199951171875,511.55999755859375,512.5700073242188,507.55279541015625,16469200,0.0,0.0
2025-07-30 00:00:00-04:00,515.1699829101562,515.9500122070312,509.44000244140625,513.239990234375,508.21624755859375,26380400,0.0,0.0
2025-07-31 00:00:00-04:00,555.22998046875,555.4500122070312,531.9000244140625,533.5,528.27783203125,51617300,0.0,0.0
2025-08-01 00:00:00-04:00,535.0,535.7999877929688,520.8599853515625,524.1099853515625,518.9798583984375,28977600,0.0,0.0
2025-08-04 00:00:00-04:00,528.27001953125,538.25,528.1300048828125,535.6400146484375,530.3969116210938,25349000,0.0,0.0
2025-08-05 00:00:00-04:00,537.1799926757812,537.2999877929688,527.239990234375,527.75,522.5841674804688,19171600,0.0,0.0
2025-08-06 00:00:00-04:00,530.9000244140625,531.7000122070312,524.030029296875,524.9400024414062,519.8016967773438,21355700,0.0,0.0
2025-08-07 00:00:00-04:00,526.7999877929688,528.0900268554688,517.5499877929688,520.8400268554688,515.7418212890625,16079100,0.0,0.0
2025-08-08 00:00:00-04:00,522.5999755859375,524.6599731445312,519.4099731445312,522.0399780273438,516.9301147460938,15531000,0.0,0.0
2025-08-11 00:00:00-04:00,522.2999877929688,527.5900268554688,519.719970703125,521.77001953125,516.6627197265625,20194400,0.0,0.0
2025-08-12 00:00:00-04:00,523.75,530.97998046875,522.7000122070312,529.239990234375,524.0596313476562,18667000,0.0,0.0
2025-08-13 00:00:00-04:00,532.1099853515625,532.7000122070312,519.3699951171875,520.5800170898438,515.484375,19619200,0.0,0.0
2025-08-14 00:00:00-04:00,522.5599975585938,525.9500122070312,520.1400146484375,522.47998046875,517.36572265625,20269100,0.0,0.0
2025-08-15 00:00:00-04:00,522.77001953125,526.0999755859375,519.0800170898438,520.1699829101562,515.0783081054688,25213300,0.0,0.0
2025-08-18 00:00:00-04:00,521.5900268554688,522.8200073242188,514.02001953125,517.0999755859375,512.0384521484375,23760600,0.0,0.0
2025-08-19 00:00:00-04:00,515.0,515.1599731445312,508.54998779296875,509.7699890136719,504.7801818847656,21481000,0.0,0.0
2025-08-20 00:00:00-04:00,509.8699951171875,511.0,504.44000244140625,505.7200012207031,500.76983642578125,27723000,0.0,0.0
2025-08-21 00:00:00-04:00,503.69000244140625,507.6300048828125,502.7200012207031,504.239990234375,500.1250915527344,18443300,0.83,0.0
2025-08-22 00:00:00-04:00,504.25,510.7300109863281,502.4100036621094,507.2300109863281,503.09075927734375,24324200,0.0,0.0
2025-08-25 00:00:00-04:00,506.6300048828125,508.19000244140625,504.1199951171875,504.260009765625,500.1449890136719,21638600,0.0,0.0
2025-08-26 00:00:00-04:00,504.3599853515625,504.9800109863281,498.510009765625,502.0400085449219,497.943115234375,30835700,0.0,0.0
2025-08-27 00:00:00-04:00,502.0,507.2900085449219,499.8999938964844,506.739990234375,502.6047058105469,17277900,0.0,0.0
2025-08-28 00:00:00-04:00,507.0899963378906,511.0899963378906,505.5,509.6400146484375,505.4810791015625,18015600,0.0,0.0
2025-08-29 00:00:00-04:00,508.6600036621094,509.6000061035156,504.489990234375,506.69000244140625,502.5551452636719,20961600,0.0,0.0
2025-09-02 00:00:00-04:00,500.4700012207031,506.0,496.80999755859375,505.1199951171875,500.9979248046875,18128000,0.0,0.0
2025-09-03 00:00:00-04:00,503.7900085449219,507.7900085449219,502.32000732421875,505.3500061035156,501.22607421875,16345100,0.0,0.0
2025-09-04 00:00:00-04:00,504.29998779296875,508.1499938964844,503.1499938964844,507.9700012207031,503.82470703125,15509500,0.0,0.0
2025-09-05 00:00:00-04:00,509.07000732421875,511.9700012207031,492.3699951171875,495.0,490.9605407714844,31994800,0.0,0.0
2025-09-08 00:00:00-04:00,498.1099853515625,501.20001220703125,495.0299987792969,498.20001220703125,494.1344299316406,16771000,0.0,0.0
2025-09-09 00:00:00-04:00,501.42999267578125,502.25,497.70001220703125,498.4100036621094,494.3427429199219,14410500,0.0,0.0
2025-09-10 00:00:00-04:00,502.9800109863281,503.2300109863281,496.7200012207031,500.3699951171875,496.2867126464844,21611800,0.0,0.0
2025-09-11 00:00:00-04:00,502.25,503.1700134277344,497.8800048828125,501.010009765625,496.9215087890625,18881600,0.0,0.0
2025-09-12 00:00:00-04:00,506.6499938964844,512.5499877929688,503.8500061035156,509.8999938964844,505.73895263671875,23624900,0.0,0.0
2025-09-15 00:00:00-04:00,508.7900085449219,515.469970703125,507.0,515.3599853515625,511.1543884277344,17143800,0.0,0.0
2025-09-16 00:00:00-04:00,516.8800048828125,517.22998046875,508.6000061035156,509.0400085449219,504.8859558105469,19711900,0.0,0.0
2025-09-17 00:00:00-04:00,510.6199951171875,511.2900085449219,505.92999267578125,510.0199890136719,505.85797119140625,15816600,0.0,0.0
2025-09-18 00:00:00-04:00,511.489990234375,513.0700073242188,507.6600036621094,508.45001220703125,504.3008117675781,18913700,0.0,0.0
2025-09-19 00:00:00-04:00,510.55999755859375,519.2999877929688,510.30999755859375,517.9299926757812,513.703369140625,52474100,0.0,0.0
2025-09-22 00:00:00-04:00,515.5900268554688,517.739990234375,512.5399780273438,514.4500122070312,510.25177001953125,20009300,0.0,0.0
2025-09-23 00:00:00-04:00,513.7999877929688,514.5900268554688,507.30999755859375,509.2300109863281,505.074462890625,19799600,0.0,0.0
2025-09-24 00:00:00-04:00,510.3800048828125,512.47998046875,506.9200134277344,510.1499938964844,505.9869079589844,13533700,0.0,0.0
2025-09-25 00:00:00-04:00,508.29998779296875,510.010009765625,505.0400085449219,507.0299987792969,502.8923645019531,15786500,0.0,0.0
2025-09-26 00:00:00-04:00,510.05999755859375,513.9400024414062,506.6199951171875,511.4599914550781,507.28619384765625,16213100,0.0,0.0
2025-09-29 00:00:00-04:00,511.5,516.8499755859375,508.8800048828125,514.5999755859375,510.4005432128906,17617800,0.0,0.0
2025-09-30 00:00:00-04:00,513.239990234375,518.1599731445312,509.6600036621094,517.9500122070312,513.7232666015625,19728200,0.0,0.0
2025-10-01 00:00:00-04:00,514.7999877929688,520.510009765625,511.69000244140625,519.7100219726562,515.4689331054688,22632300,0.0,0.0
2025-10-02 00:00:00-04:00,517.6400146484375,521.5999755859375,510.67999267578125,515.739990234375,511.53131103515625,21222900,0.0,0.0
2025-10-03 00:00:00-04:00,517.0999755859375,520.489990234375,515.0,517.3499755859375,513.1281127929688,15112300,0.0,0.0
2025-10-06 00:00:00-04:00,518.6099853515625,531.030029296875,518.2000122070312,528.5700073242188,524.256591796875,21388600,0.0,0.0
2025-10-07 00:00:00-04:00,528.2899780273438,529.7999877929688,521.4400024414062,523.97998046875,519.7040405273438,14615200,0.0,0.0
2025-10-08 00:00:00-04:00,523.280029296875,526.9500122070312,523.0900268554688,524.8499755859375,520.56689453125,13363400,0.0,0.0
2025-10-09 00:00:00-04:00,522.3400268554688,524.3300170898438,517.4000244140625,522.4000244140625,518.136962890625,18343600,0.0,0.0
2025-10-10 00:00:00-04:00,519.6400146484375,523.5800170898438,509.6300048828125,510.9599914550781,506.790283203125,24133800,0.0,0.0
2025-10-13 00:00:00-04:00,516.4099731445312,516.4099731445312,511.67999267578125,514.0499877929688,509.8550720214844,14284200,0.0,0.0
2025-10-14 00:00:00-04:00,510.2300109863281,515.280029296875,506.0,513.5700073242188,509.37896728515625,14684300,0.0,0.0
2025-10-15 00:00:00-04:00,514.9600219726562,517.1900024414062,510.0,513.4299926757812,509.2401123046875,14694700,0.0,0.0
2025-10-16 00:00:00-04:00,512.5800170898438,516.8499755859375,508.1300048828125,511.6099853515625,507.4349670410156,15559600,0.0,0.0
2025-10-17 00:00:00-04:00,509.0400085449219,515.47998046875,507.30999755859375,513.5800170898438,509.38897705078125,19867800,0.0,0.0
2025-10-20 00:00:00-04:00,514.6099853515625,518.7000122070312,513.4299926757812,516.7899780273438,512.5726928710938,14665600,0.0,0.0
2025-10-21 00:00:00-04:00,517.5,518.6900024414062,513.0399780273438,517.6599731445312,513.4356079101562,15586200,0.0,0.0
2025-10-22 00:00:00-04:00,521.1500244140625,525.22998046875,517.7100219726562,520.5399780273438,516.2921142578125,18962700,0.0,0.0
2025-10-23 00:00:00-04:00,522.4600219726562,523.9500122070312,518.6099853515625,520.5599975585938,516.3119506835938,14023500,0.0,0.0
2025-10-24 00:00:00-04:00,522.7899780273438,525.3499755859375,520.7100219726562,523.6099853515625,519.3370361328125,15532400,0.0,0.0
2025-10-27 00:00:00-04:00,531.780029296875,534.5800170898438,529.010009765625,531.52001953125,527.1825561523438,18734700,0.0,0.0
2025-10-28 00:00:00-04:00,550.0,553.719970703125,540.77001953125,542.0700073242188,537.6464233398438,29986700,0.0,0.0
2025-10-29 00:00:00-04:00,544.9400024414062,546.27001953125,536.72998046875,541.5499877929688,537.1306762695312,36023000,0.0,0.0
2025-10-30 00:00:00-04:00,530.47998046875,534.969970703125,522.1199951171875,525.760009765625,521.469482421875,41023100,0.0,0.0
2025-10-31 00:00:00-04:00,528.8800048828125,529.3200073242188,515.0999755859375,517.8099975585938,513.5843505859375,34006400,0.0,0.0
2025-11-03 00:00:00-05:00,519.8099975585938,524.9600219726562,514.5900268554688,517.030029296875,512.8107299804688,22374700,0.0,0.0
2025-11-04 00:00:00-05:00,511.760009765625,515.5499877929688,507.8399963378906,514.3300170898438,510.1328430175781,20958700,0.0,0.0
2025-11-05 00:00:00-05:00,513.2999877929688,514.8300170898438,506.5799865722656,507.1600036621094,503.02130126953125,23024300,0.0,0.0
2025-11-06 00:00:00-05:00,505.6600036621094,505.70001220703125,495.80999755859375,497.1000061035156,493.04339599609375,27406500,0.0,0.0
2025-11-07 00:00:00-05:00,496.95001220703125,499.3800048828125,493.25,496.82000732421875,492.76568603515625,24019800,0.0,0.0
2025-11-10 00:00:00-05:00,500.0400085449219,506.8500061035156,498.79998779296875,506.0,501.8707275390625,26101500,0.0,0.0
2025-11-11 00:00:00-05:00,504.79998779296875,509.6000061035156,502.3500061035156,508.67999267578125,504.5289001464844,17980000,0.0,0.0
2025-11-12 00:00:00-05:00,509.3599853515625,511.6700134277344,499.1199951171875,511.1400146484375,506.9688415527344,26574900,0.0,0.0
2025-11-13 00:00:00-05:00,510.30999755859375,513.5,501.2900085449219,503.2900085449219,499.182861328125,25273100,0.0,0.0
2025-11-14 00:00:00-05:00,498.2300109863281,511.6000061035156,497.44000244140625,510.17999267578125,506.01666259765625,28505700,0.0,0.0
2025-11-17 00:00:00-05:00,508.45001220703125,512.1199951171875,504.9100036621094,507.489990234375,503.34857177734375,19092800,0.0,0.0
2025-11-18 00:00:00-05:00,495.3699951171875,502.9800109863281,486.7799987792969,493.7900085449219,489.76043701171875,33815100,0.0,0.0
2025-11-19 00:00:00-05:00,490.1000061035156,495.19000244140625,482.8299865722656,487.1199951171875,483.14483642578125,23245300,0.0,0.0
2025-11-20 00:00:00-05:00,492.7099914550781,493.57000732421875,475.5,478.42999267578125,475.4139099121094,26802500,0.91,0.0
2025-11-21 00:00:00-05:00,478.5,478.9200134277344,468.2699890136719,472.1199951171875,469.1436462402344,31769200,0.0,0.0
2025-11-24 00:00:00-05:00,475.0,476.8999938964844,468.0199890136719,474.0,471.0118408203125,34421000,0.0,0.0
2025-11-25 00:00:00-05:00,474.07000732421875,479.1499938964844,464.8900146484375,476.989990234375,473.9829406738281,28019800,0.0,0.0
2025-11-26 00:00:00-05:00,486.30999755859375,488.30999755859375,481.20001220703125,485.5,482.4393005371094,25709100,0.0,0.0
2025-11-28 00:00:00-05:00,487.6000061035156,492.6300048828125,486.6499938964844,492.010009765625,488.9082946777344,14386700,0.0,0.0
2025-12-01 00:00:00-05:00,488.44000244140625,489.8599853515625,484.6499938964844,486.739990234375,483.6714782714844,23964000,0.0,0.0
2025-12-02 00:00:00-05:00,486.7200012207031,493.5,486.32000732421875,490.0,486.91094970703125,19562700,0.0,0.0
2025-12-03 00:00:00-05:00,476.32000732421875,484.239990234375,475.20001220703125,477.7300109863281,474.7182922363281,34615100,0.0,0.0
2025-12-04 00:00:00-05:00,479.760009765625,481.32000732421875,476.489990234375,480.8399963378906,477.8086853027344,22318200,0.0,0.0
2025-12-05 00:00:00-05:00,482.5199890136719,483.3999938964844,478.8800048828125,483.1600036621094,480.11407470703125,22608700,0.0,0.0
2025-12-08 00:00:00-05:00,484.8900146484375,492.29998779296875,484.3800048828125,491.0199890136719,487.9245300292969,21965900,0.0,0.0
2025-12-09 00:00:00-05:00,489.1000061035156,492.1199951171875,488.5,492.0199890136719,488.9181823730469,14696100,0.0,0.0
2025-12-10 00:00:00-05:00,484.0299987792969,484.25,475.0799865722656,478.55999755859375,475.5430603027344,35756200,0.0,0.0
2025-12-11 00:00:00-05:00,476.6300048828125,486.0299987792969,475.8599853515625,483.4700012207031,480.422119140625,24669200,0.0,0.0
2025-12-12 00:00:00-05:00,479.82000732421875,482.45001220703125,476.3399963378906,478.5299987792969,475.51324462890625,21248100,0.0,0.0
2025-12-15 00:00:00-05:00,480.1000061035156,480.7200012207031,472.5199890136719,474.82000732421875,471.82666015625,23727700,0.0,0.0
2025-12-16 00:00:00-05:00,471.9100036621094,477.8900146484375,470.8800048828125,476.3900146484375,473.38677978515625,20705600,0.0,0.0
2025-12-17 00:00:00-05:00,476.9100036621094,480.0,475.0,476.1199951171875,473.1184387207031,24527200,0.0,0.0
2025-12-18 00:00:00-05:00,478.19000244140625,489.6000061035156,477.8900146484375,483.9800109863281,480.92889404296875,28573500,0.0,0.0
2025-12-19 00:00:00-05:00,487.3599853515625,487.8500061035156,482.489990234375,485.9200134277344,482.8566589355469,70836100,0.0,0.0
2025-12-22 00:00:00-05:00,486.1199951171875,488.7300109863281,482.69000244140625,484.9200134277344,481.8630065917969,16963000,0.0,0.0
2025-12-23 00:00:00-05:00,484.9800109863281,487.8299865722656,484.739990234375,486.8500061035156,483.78082275390625,14683600,0.0,0.0
2025-12-24 00:00:00-05:00,485.67999267578125,489.1600036621094,484.8299865722656,488.0199890136719,484.94342041015625,5855900,0.0,0.0
2025-12-26 00:00:00-05:00,486.7099914550781,488.1199951171875,485.9599914550781,487.7099914550781,484.6354064941406,8842200,0.0,0.0
2025-12-29 00:00:00-05:00,484.8599853515625,488.3500061035156,484.17999267578125,487.1000061035156,484.02923583984375,10893400,0.0,0.0
2025-12-30 00:00:00-05:00,485.92999267578125,489.67999267578125,485.5,487.4800109863281,484.4068603515625,13944500,0.0,0.0
2025-12-31 00:00:00-05:00,487.8399963378906,488.1400146484375,483.29998779296875,483.6199951171875,480.5711669921875,15601600,0.0,0.0
2026-01-02 00:00:00-05:00,484.3900146484375,484.6600036621094,470.1600036621094,472.94000244140625,469.95849609375,25571600,0.0,0.0
2026-01-05 00:00:00-05:00,474.05999755859375,476.07000732421875,469.5,472.8500061035156,469.86907958984375,25250300,0.0,0.0
2026-01-06 00:00:00-05:00,473.79998779296875,478.739990234375,469.75,478.510009765625,475.493408203125,23037700,0.0,0.0
2026-01-07 00:00:00-05:00,479.760009765625,489.70001220703125,477.95001220703125,483.4700012207031,480.422119140625,25564200,0.0,0.0
2026-01-08 00:00:00-05:00,481.239990234375,482.6600036621094,475.8599853515625,478.1099853515625,475.09588623046875,18162600,0.0,0.0
2026-01-09 00:00:00-05:00,474.05999755859375,479.82000732421875,472.20001220703125,479.2799987792969,476.2585144042969,18491000,0.0,0.0
2026-01-12 00:00:00-05:00,476.6700134277344,480.989990234375,475.67999267578125,477.17999267578125,474.1717529296875,23519900,0.0,0.0
2026-01-13 00:00:00-05:00,474.67999267578125,475.7799987792969,465.95001220703125,470.6700134277344,467.70281982421875,28545800,0.0,0.0
2026-01-14 00:00:00-05:00,466.4599914550781,468.20001220703125,457.1700134277344,459.3800048828125,456.4840087890625,28184300,0.0,0.0
2026-01-15 00:00:00-05:00,464.1199951171875,464.25,455.8999938964844,456.6600036621094,453.7811584472656,23225800,0.0,0.0
2026-01-16 00:00:00-05:00,457.8299865722656,463.19000244140625,456.4800109863281,459.8599853515625,456.9609680175781,34246700,0.0,0.0
2026-01-20 00:00:00-05:00,451.2200012207031,456.79998779296875,449.2799987792969,454.5199890136719,451.65460205078125,26130000,0.0,0.0
2026-01-21 00:00:00-05:00,452.6000061035156,452.69000244140625,438.67999267578125,444.1099853515625,441.3102111816406,37980500,0.0,0.0
2026-01-22 00:00:00-05:00,447.6199951171875,452.8399963378906,444.70001220703125,451.1400146484375,448.2959289550781,25349400,0.0,0.0
2026-01-23 00:00:00-05:00,451.8699951171875,471.1000061035156,450.5299987792969,465.95001220703125,463.0125732421875,38000200,0.0,0.0
2026-01-26 00:00:00-05:00,465.30999755859375,474.25,462.0,470.2799987792969,467.31524658203125,29291200,0.0,0.0
2026-01-27 00:00:00-05:00,473.70001220703125,482.8699951171875,473.1600036621094,480.5799865722656,477.55035400390625,29213900,0.0,0.0
2026-01-28 00:00:00-05:00,483.2099914550781,483.739990234375,478.0,481.6300048828125,478.59368896484375,36875400,0.0,0.0
2026-01-29 00:00:00-05:00,439.989990234375,442.5,421.0199890136719,433.5,430.76715087890625,128855300,0.0,0.0
2026-01-30 00:00:00-05:00,439.1700134277344,439.6000061035156,426.45001220703125,430.2900085449219,427.5773620605469,58566800,0.0,0.0
2026-02-02 00:00:00-05:00,430.239990234375,430.739990234375,422.25,423.3699951171875,420.7010192871094,42219900,0.0,0.0
2026-02-03 00:00:00-05:00,422.010009765625,422.04998779296875,408.55999755859375,411.2099914550781,408.6176452636719,61424100,0.0,0.0
2026-02-04 00:00:00-05:00,411.0,419.79998779296875,409.239990234375,414.19000244140625,411.5788879394531,45012400,0.0,0.0
2026-02-05 00:00:00-05:00,407.44000244140625,408.29998779296875,392.32000732421875,393.6700134277344,391.188232421875,66289200,0.0,0.0
2026-02-06 00:00:00-05:00,399.1700134277344,401.7900085449219,392.9200134277344,401.1400146484375,398.61114501953125,53515300,0.0,0.0
2026-02-09 00:00:00-05:00,404.8500061035156,414.8900146484375,400.8699951171875,413.6000061035156,410.9925842285156,45480500,0.0,0.0
2026-02-10 00:00:00-05:00,419.6199951171875,423.67999267578125,412.70001220703125,413.2699890136719,410.6646728515625,44857900,0.0,0.0
2026-02-11 00:00:00-05:00,416.17999267578125,416.4599914550781,401.010009765625,404.3699951171875,401.82073974609375,42491000,0.0,0.0
2026-02-12 00:00:00-05:00,405.0,406.20001220703125,398.010009765625,401.8399963378906,399.30670166015625,40802400,0.0,0.0
2026-02-13 00:00:00-05:00,404.45001220703125,405.5400085449219,398.04998779296875,401.32000732421875,398.7900085449219,34091600,0.0,0.0
2026-02-17 00:00:00-05:00,399.2200012207031,400.5199890136719,394.5299987792969,396.8599853515625,394.3581237792969,32078800,0.0,0.0
2026-02-18 00:00:00-05:00,398.1300048828125,402.55999755859375,396.32000732421875,399.6000061035156,397.0808410644531,23223400,0.0,0.0
2026-02-19 00:00:00-05:00,400.69000244140625,404.42999267578125,396.6700134277344,398.4599914550781,396.8517761230469,28234000,0.91,0.0
2026-02-20 00:00:00-05:00,396.1099853515625,400.1199951171875,395.1600036621094,397.2300109863281,395.6267395019531,34015200,0.0,0.0
2026-02-23 00:00:00-05:00,395.0,395.3599853515625,383.1000061035156,384.4700012207031,382.918212890625,43238300,0.0,0.0
2026-02-24 00:00:00-05:00,384.1400146484375,389.3599853515625,381.7099914550781,389.0,387.4299621582031,33884700,0.0,0.0
2026-02-25 00:00:00-05:00,390.5299987792969,401.4700012207031,390.1600036621094,400.6000061035156,398.9831237792969,43625500,0.0,0.0
2026-02-26 00:00:00-05:00,404.7099914550781,407.489990234375,398.739990234375,401.7200012207031,400.0986022949219,34405900,0.0,0.0
2026-02-27 00:00:00-05:00,390.8800048828125,396.82000732421875,389.8800048828125,392.739990234375,391.15484619140625,51367200,0.0,0.0
2026-03-02 00:00:00-05:00,392.8599853515625,401.19000244140625,390.6300048828125,398.54998779296875,396.9413757324219,35474900,0.0,0.0
2026-03-03 00:00:00-05:00,393.1400146484375,406.70001220703125,392.6700134277344,403.92999267578125,402.2996826171875,38199200,0.0,0.0
2026-03-04 00:00:00-05:00,401.2699890136719,411.0299987792969,400.30999755859375,405.20001220703125,403.5645751953125,35808000,0.0,0.0
2026-03-05 00:00:00-05:00,404.4200134277344,411.6099853515625,404.3999938964844,410.67999267578125,409.0224304199219,39001300,0.0,0.0
2026-03-06 00:00:00-05:00,409.20001220703125,413.04998779296875,408.510009765625,408.9599914550781,407.30938720703125,31123900,0.0,0.0
2026-03-09 00:00:00-04:00,404.9200134277344,410.2099914550781,403.5,409.4100036621094,407.757568359375,30131900,0.0,0.0
2026-03-10 00:00:00-04:00,410.0299987792969,410.20001220703125,402.92999267578125,405.760009765625,404.122314453125,31706400,0.0,0.0
2026-03-11 00:00:00-04:00,405.57000732421875,409.010009765625,401.5899963378906,404.8800048828125,403.245849609375,25512100,0.0,0.0
2026-03-12 00:00:00-04:00,404.6300048828125,406.1199951171875,401.7099914550781,401.8599853515625,400.238037109375,27263900,0.0,0.0
2026-03-13 00:00:00-04:00,401.0,404.79998779296875,394.25,395.54998779296875,393.9534912109375,26848000,0.0,0.0
2026-03-16 00:00:00-04:00,398.07000732421875,400.6300048828125,394.7900085449219,399.95001220703125,398.33575439453125,27733700,0.0,0.0
2026-03-17 00:00:00-04:00,400.2699890136719,404.3999938964844,397.75,399.4100036621094,397.79791259765625,26228300,0.0,0.0
2026-03-18 00:00:00-04:00,397.1300048828125,398.0,391.0,391.7900085449219,390.2087097167969,25908500,0.0,0.0
2026-03-19 00:00:00-04:00,390.1000061035156,392.489990234375,387.05999755859375,389.0199890136719,387.4498596191406,25138800,0.0,0.0
2026-03-20 00:00:00-04:00,386.7900085449219,387.0,380.1199951171875,381.8699951171875,380.3287353515625,50853200,0.0,0.0
2026-03-23 00:00:00-04:00,383.8999938964844,387.2099914550781,381.67999267578125,383.0,381.4541931152344,29680100,0.0,0.0
2026-03-24 00:00:00-04:00,382.3599853515625,382.4700012207031,371.8500061035156,372.739990234375,371.2355651855469,42733600,0.0,0.0
2026-03-25 00:00:00-04:00,376.9200134277344,377.05999755859375,369.6300048828125,371.0400085449219,369.5424499511719,31181200,0.0,0.0
2026-03-26 00:00:00-04:00,370.82000732421875,374.7200012207031,365.19000244140625,365.9700012207031,364.492919921875,36836600,0.0,0.0
2026-03-27 00:00:00-04:00,361.8999938964844,362.45001220703125,356.510009765625,356.7699890136719,355.33001708984375,37883400,0.0,0.0
2026-03-30 00:00:00-04:00,361.8999938964844,365.3599853515625,356.2799987792969,358.9599914550781,357.51116943359375,44797000,0.0,0.0
2026-03-31 00:00:00-04:00,364.54998779296875,372.8999938964844,363.07000732421875,370.1700134277344,368.67596435546875,45244400,0.0,0.0
2026-04-01 00:00:00-04:00,373.489990234375,373.989990234375,368.20001220703125,369.3699951171875,367.8791809082031,29417200,0.0,0.0
2026-04-02 00:00:00-04:00,367.2099914550781,373.6400146484375,364.1499938964844,373.4599914550781,371.9526672363281,24099100,0.0,0.0
2026-04-06 00:00:00-04:00,373.489990234375,373.7300109863281,369.5,372.8800048828125,371.375,16146600,0.0,0.0
2026-04-07 00:00:00-04:00,370.3399963378906,372.45001220703125,366.55999755859375,372.2900085449219,370.78741455078125,21443300,0.0,0.0
2026-04-08 00:00:00-04:00,384.9800109863281,385.0,371.4100036621094,374.3299865722656,372.81915283203125,33064800,0.0,0.0
2026-04-09 00:00:00-04:00,372.5,373.5,367.04998779296875,373.07000732421875,371.56427001953125,30435300,0.0,0.0
2026-04-10 00:00:00-04:00,372.9800109863281,375.6400146484375,370.0299987792969,370.8699951171875,369.3731384277344,28111100,0.0,0.0
2026-04-13 00:00:00-04:00,373.6099853515625,384.5400085449219,371.0199890136719,384.3699951171875,382.8186340332031,35745800,0.0,0.0
2026-04-14 00:00:00-04:00,387.9200134277344,394.69000244140625,386.5199890136719,393.1099853515625,391.5233459472656,37504500,0.0,0.0
2026-04-15 00:00:00-04:00,398.0,414.3699951171875,396.7300109863281,411.2200012207031,409.5602722167969,45063400,0.0,0.0
2026-04-16 00:00:00-04:00,419.8599853515625,420.82000732421875,412.1400146484375,420.260009765625,418.56378173828125,41642400,0.0,0.0
2026-04-17 00:00:00-04:00,424.82000732421875,431.5799865722656,420.69000244140625,422.7900085449219,421.0835876464844,48568200,0.0,0.0
2026-04-20 00:00:00-04:00,421.1499938964844,423.3299865722656,416.29998779296875,418.07000732421875,416.38262939453125,27582200,0.0,0.0
2026-04-21 00:00:00-04:00,420.239990234375,427.17999267578125,417.20001220703125,424.1600036621094,422.44805908203125,32048500,0.0,0.0
2026-04-22 00:00:00-04:00,426.19000244140625,433.70001220703125,423.6700134277344,432.9200134277344,431.1726989746094,29378200,0.0,0.0
2026-04-23 00:00:00-04:00,419.8900146484375,423.6600036621094,411.4100036621094,415.75,414.07196044921875,38308000,0.0,0.0
2026-04-24 00:00:00-04:00,416.9700012207031,424.95001220703125,415.79998779296875,424.6199951171875,422.90618896484375,27457400,0.0,0.0
2026-04-27 00:00:00-04:00,422.3800048828125,427.1099853515625,417.07000732421875,424.82000732421875,423.1053771972656,30867300,0.0,0.0
2026-04-28 00:00:00-04:00,424.57000732421875,429.9200134277344,421.8999938964844,429.25,427.5174865722656,30438100,0.0,0.0
2026-04-29 00:00:00-04:00,424.5799865722656,426.82000732421875,420.2900085449219,424.4599914550781,422.7467956542969,38288300,0.0,0.0
2026-04-30 00:00:00-04:00,410.80999755859375,414.4200134277344,398.010009765625,407.7799987792969,406.1341552734375,70909400,0.0,0.0
2026-05-01 00:00:00-04:00,412.79998779296875,417.1099853515625,410.44000244140625,414.44000244140625,412.76727294921875,31372400,0.0,0.0
2026-05-04 00:00:00-04:00,411.5400085449219,420.7799987792969,410.79998779296875,413.6199951171875,411.9505615234375,28066500,0.0,0.0
2026-05-05 00:00:00-04:00,415.32000732421875,416.7799987792969,408.79998779296875,411.3800048828125,409.7196350097656,25700900,0.0,0.0
2026-05-06 00:00:00-04:00,408.0,418.4200134277344,405.1099853515625,413.9599914550781,412.2891845703125,30285900,0.0,0.0
2026-05-07 00:00:00-04:00,420.1099853515625,427.9800109863281,418.760009765625,420.7699890136719,419.07171630859375,34942400,0.0,0.0
2026-05-08 00:00:00-04:00,417.3900146484375,418.6300048828125,414.0,415.1199951171875,413.44451904296875,33383800,0.0,0.0
2026-05-11 00:00:00-04:00,407.8699951171875,412.69000244140625,405.5,412.6600036621094,410.99444580078125,35657900,0.0,0.0
2026-05-12 00:00:00-04:00,414.4800109863281,415.5,406.6400146484375,407.7699890136719,406.1241760253906,38594200,0.0,0.0
2026-05-13 00:00:00-04:00,403.20001220703125,406.30999755859375,401.0299987792969,405.2099914550781,403.57452392578125,29667100,0.0,0.0
2026-05-14 00:00:00-04:00,404.4800109863281,411.8399963378906,400.8800048828125,409.42999267578125,407.7774963378906,27077500,0.0,0.0
2026-05-15 00:00:00-04:00,414.2699890136719,428.1700134277344,412.9100036621094,421.9200134277344,420.2170715332031,50771200,0.0,0.0
2026-05-18 00:00:00-04:00,416.6199951171875,425.1199951171875,415.6099853515625,423.5400085449219,421.83056640625,32564100,0.0,0.0
2026-05-19 00:00:00-04:00,429.8999938964844,432.70001220703125,416.489990234375,417.4200134277344,415.7352600097656,33018700,0.0,0.0
2026-05-20 00:00:00-04:00,414.1700134277344,422.1000061035156,411.29998779296875,421.05999755859375,419.36053466796875,27864000,0.0,0.0
2026-05-21 00:00:00-04:00,424.75,426.3399963378906,415.7099914550781,419.0899963378906,418.3025207519531,31393500,0.91,0.0
2026-05-22 00:00:00-04:00,419.5400085449219,424.3999938964844,416.3299865722656,418.57000732421875,417.7835388183594,22390300,0.0,0.0
2026-05-26 00:00:00-04:00,416.42999267578125,419.7699890136719,413.0199890136719,416.0299987792969,415.248291015625,30398000,0.0,0.0
2026-05-27 00:00:00-04:00,411.010009765625,415.94000244140625,409.5799865722656,412.6700134277344,411.8946228027344,28901500,0.0,0.0
2026-05-28 00:00:00-04:00,412.9800109863281,429.489990234375,412.6700134277344,426.989990234375,426.18768310546875,47250500,0.0,0.0
2026-05-29 00:00:00-04:00,432.54998779296875,450.3299865722656,432.3599853515625,450.239990234375,449.3940124511719,79654400,0.0,0.0
2026-06-01 00:00:00-04:00,464.8399963378906,466.32000732421875,458.2699890136719,460.5199890136719,459.6546936035156,53628900,0.0,0.0
2026-06-02 00:00:00-04:00,446.8800048828125,453.5,440.42999267578125,441.30999755859375,440.48077392578125,37036800,0.0,0.0
2026-06-03 00:00:00-04:00,438.45001220703125,440.3900146484375,424.25,427.3399963378906,426.53704833984375,39037000,0.0,0.0
2026-06-04 00:00:00-04:00,435.80999755859375,436.1499938964844,426.4100036621094,428.04998779296875,427.2456970214844,26899500,0.0,0.0
2026-06-05 00:00:00-04:00,428.3399963378906,429.4700012207031,414.3999938964844,416.6700134277344,415.8870849609375,34782200,0.0,0.0
2026-06-08 00:00:00-04:00,414.1400146484375,417.1600036621094,408.55999755859375,411.739990234375,410.9663391113281,32086700,0.0,0.0
2026-06-09 00:00:00-04:00,409.0299987792969,411.9800109863281,398.4800109863281,403.4100036621094,402.6520080566406,35317300,0.0,0.0
2026-06-10 00:00:00-04:00,398.54998779296875,405.0400085449219,397.1600036621094,397.3599853515625,396.61334228515625,32576000,0.0,0.0
2026-06-11 00:00:00-04:00,395.2099914550781,396.8500061035156,384.0,390.3399963378906,389.6065673828125,47224100,0.0,0.0
2026-06-12 00:00:00-04:00,391.42999267578125,391.739990234375,382.2699890136719,390.739990234375,390.00579833984375,34865800,0.0,0.0
2026-06-15 00:00:00-04:00,396.79998779296875,401.75,392.8500061035156,399.760009765625,399.0088806152344,32266400,0.0,0.0
2026-06-16 00:00:00-04:00,395.7900085449219,396.8399963378906,390.69000244140625,393.8299865722656,393.0899963378906,31506800,0.0,0.0
2026-06-17 00:00:00-04:00,390.25,390.3699951171875,377.32000732421875,378.9100036621094,378.1980285644531,41987800,0.0,0.0
2026-06-18 00:00:00-04:00,377.82000732421875,381.3699951171875,373.2799987792969,379.3999938964844,378.6871032714844,59714200,0.0,0.0
2026-06-22 00:00:00-04:00,375.739990234375,381.6300048828125,367.07000732421875,367.3399963378906,366.6497802734375,45171100,0.0,0.0
2026-06-23 00:00:00-04:00,372.3800048828125,377.2200012207031,370.6700134277344,373.94000244140625,373.23736572265625,40647600,0.0,0.0
2026-06-24 00:00:00-04:00,371.57000732421875,378.8800048828125,364.7799987792969,365.4599914550781,364.7733154296875,44509900,0.0,0.0
2026-06-25 00:00:00-04:00,362.7699890136719,364.2300109863281,349.20001220703125,352.8299865722656,352.1670227050781,66179000,0.0,0.0
2026-06-26 00:00:00-04:00,357.1499938964844,376.6099853515625,355.42999267578125,372.9700012207031,372.2691955566406,186201600,0.0,0.0
2026-06-29 00:00:00-04:00,377.5,380.5,359.8999938964844,368.57000732421875,367.8774719238281,51229900,0.0,0.0
2026-06-30 00:00:00-04:00,371.0299987792969,374.1499938964844,367.45001220703125,373.0199890136719,372.319091796875,44945700,0.0,0.0
2026-07-01 00:00:00-04:00,380.8299865722656,388.8299865722656,374.8900146484375,384.2799987792969,383.5579528808594,48065800,0.0,0.0
2026-07-02 00:00:00-04:00,384.4800109863281,392.20001220703125,383.70001220703125,390.489990234375,389.7562561035156,42128900,0.0,0.0
2026-07-06 00:00:00-04:00,387.0400085449219,389.1499938964844,381.2200012207031,386.739990234375,386.0133056640625,34224500,0.0,0.0
2026-07-07 00:00:00-04:00,392.489990234375,395.57000732421875,388.2200012207031,388.8399963378906,388.109375,29297500,0.0,0.0
2026-07-08 00:00:00-04:00,384.0299987792969,385.30999755859375,381.3299865722656,383.3399963378906,382.6197204589844,25908300,0.0,0.0
2026-07-09 00:00:00-04:00,374.45001220703125,384.6499938964844,373.3500061035156,384.3599853515625,383.6377868652344,31083200,0.0,0.0
2026-07-10 00:00:00-04:00,387.79998779296875,391.9100036621094,381.5,385.1000061035156,384.37640380859375,24644600,0.0,0.0
2026-07-13 00:00:00-04:00,387.75,393.6499938964844,384.1499938964844,390.989990234375,390.2553405761719,28914900,0.0,0.0
2026-07-14 00:00:00-04:00,382.82000732421875,388.19000244140625,378.6499938964844,384.92999267578125,384.20672607421875,27863900,0.0,0.0
2026-07-15 00:00:00-04:00,387.79998779296875,398.9599914550781,386.3999938964844,395.6300048828125,394.8866271972656,36253700,0.0,0.0
2026-07-16 00:00:00-04:00,398.30999755859375,405.989990234375,392.04998779296875,401.1000061035156,400.3463439941406,37047400,0.0,0.0
2026-07-17 00:00:00-04:00,394.8599853515625,398.3900146484375,389.3900146484375,393.82000732421875,393.08001708984375,33049800,0.0,0.0
2026-07-20 00:00:00-04:00,391.4100036621094,403.17999267578125,389.6499938964844,402.2900085449219,401.53411865234375,27915800,0.0,0.0
2026-07-21 00:00:00-04:00,398.80999755859375,401.4700012207031,396.32000732421875,397.75,397.00262451171875,24126600,0.0,0.0
2026-07-22 00:00:00-04:00,399.5799865722656,401.0,386.9599914550781,390.3399963378906,389.6065673828125,28142500,0.0,0.0
2026-07-23 00:00:00-04:00,389.9700012207031,391.7799987792969,377.3900146484375,381.5799865722656,380.8630065917969,30351800,0.0,0.0
2026-07-24 00:00:00-04:00,387.04998779296875,389.0299987792969,380.6499938964844,381.70001220703125,380.9828186035156,27659400,0.0,0.0
2026-07-27 00:00:00-04:00,390.0799865722656,394.20001220703125,387.989990234375,389.1000061035156,388.368896484375,27856200,0.0,0.0
2026-07-28 00:00:00-04:00,393.1600036621094,400.32000732421875,391.29998779296875,393.3500061035156,392.61090087890625,32367500,0.0,0.0
2026-07-29 00:00:00-04:00,393.3999938964844,401.25,388.739990234375,390.5400085449219,389.8061828613281,47209000,0.0,0.0
2026-07-30 00:00:00-04:00,437.8999938964844,458.69000244140625,432.44000244140625,451.1000061035156,450.2524108886719,110160700,0.0,0.0
2026-07-31 00:00:00-04:00,450.0,466.8399963378906,449.3299865722656,464.7200012207031,463.8468017578125,60846000,0.0,0.0
2026-08-03 00:00:00-04:00,476.1300048828125,491.6499938964844,475.0,487.6499938964844,486.73370361328125,66762100,0.0,0.0
2026-08-04 00:00:00-04:00,480.8999938964844,499.44000244140625,479.1700134277344,492.80999755859375,491.884033203125,50455500,0.0,0.0
2026-08-05 00:00:00-04:00,496.3599853515625,498.239990234375,485.67999267578125,487.4599914550781,486.5440673828125,33388900,0.0,0.0
2026-08-06 00:00:00-04:00,488.54998779296875,501.55999755859375,488.5199890136719,499.8599853515625,498.9207458496094,36441500,0.0,0.0
2026-08-07 00:00:00-04:00,499.2099914550781,505.17999267578125,498.7300109863281,499.989990234375,499.0505065917969,28846200,0.0,0.0
2026-08-10 00:00:00-04:00,503.44000244140625,513.72998046875,502.2699890136719,506.05999755859375,505.109130859375,31206100,0.0,0.0
2026-08-11 00:00:00-04:00,504.3299865722656,505.3299865722656,499.54998779296875,503.80999755859375,502.86334228515625,23049800,0.0,0.0
2026-08-12 00:00:00-04:00,499.989990234375,501.5,491.5199890136719,492.42999267578125,491.5047302246094,29001500,0.0,0.0
2026-08-13 00:00:00-04:00,493.2699890136719,501.3399963378906,493.010009765625,496.8800048828125,495.9463806152344,23039000,0.0,0.0
2026-08-14 00:00:00-04:00,496.3599853515625,500.010009765625,493.9200134277344,495.3999938964844,494.4691467285156,16217600,0.0,0.0
2026-08-17 00:00:00-04:00,490.1400146484375,492.6600036621094,478.4100036621094,480.3500061035156,479.44744873046875,29635800,0.0,0.0
2026-08-18 00:00:00-04:00,481.5400085449219,484.2699890136719,477.1499938964844,481.6300048828125,480.72503662109375,24087600,0.0,0.0
2026-08-19 00:00:00-04:00,480.07000732421875,489.29998779296875,479.3599853515625,484.30999755859375,483.3999938964844,19961900,0.0,0.0
2026-08-20 00:00:00-04:00,483.29998779296875,484.1600036621094,479.5,481.1499938964844,481.1499938964844,20020800,0.91,0.0
2026-08-21 00:00:00-04:00,479.8800048828125,486.3599853515625,478.5299987792969,483.239990234375,483.239990234375,22510800,0.0,0.0
2026-08-24 00:00:00-04:00,483.2099914550781,490.6099853515625,481.8599853515625,487.30999755859375,487.30999755859375,17230800,0.0,0.0
2026-08-25 00:00:00-04:00,485.44000244140625,492.44000244140625,484.29998779296875,491.7099914550781,491.7099914550781,19519000,0.0,0.0
2026-08-26 00:00:00-04:00,487.8500061035156,497.3999938964844,487.30999755859375,496.3699951171875,496.3699951171875,20758900,0.0,0.0
2026-08-27 00:00:00-04:00,494.8800048828125,506.4800109863281,490.0799865722656,505.05999755859375,505.05999755859375,28688800,0.0,0.0
2026-08-28 00:00:00-04:00,505.3299865722656,517.780029296875,504.8699951171875,513.530029296875,513.530029296875,29207300,0.0,0.0
2026-08-31 00:00:00-04:00,510.3800048828125,512.1900024414062,506.3900146484375,507.2900085449219,507.2900085449219,27208900,0.0,0.0
