Date,Open,High,Low,Close,Adj Close,Volume,Dividends,Stock Splits
2020-01-02 00:00:00-05:00,89.05000305175781,89.80999755859375,88.08000183105469,88.69000244140625,76.45105743408203,8413900,0.0,0.0
2020-01-03 00:00:00-05:00,87.26000213623047,87.63999938964844,86.44000244140625,87.0199966430664,75.0114974975586,8340300,0.0,0.0
2020-01-06 00:00:00-05:00,85.91000366210938,86.55000305175781,85.54000091552734,86.51000213623047,74.57188415527344,8381400,0.0,0.0
2020-01-07 00:00:00-05:00,87.04000091552734,89.48999786376953,86.91000366210938,88.97000122070312,76.69242095947266,8377400,0.0,0.0
2020-01-08 00:00:00-05:00,88.9000015258789,89.47000122070312,87.91999816894531,88.70999908447266,76.4682846069336,7619900,0.0,0.0
2020-01-09 00:00:00-05:00,89.66000366210938,90.72000122070312,88.83000183105469,89.91000366210938,77.502685546875,9155500,0.0,0.0
2020-01-10 00:00:00-05:00,90.51000213623047,92.38999938964844,89.87000274658203,90.26000213623047,77.80440521240234,9668300,0.0,0.0
2020-01-13 00:00:00-05:00,91.05000305175781,92.7300033569336,90.55000305175781,90.97000122070312,78.41641235351562,10367800,0.0,0.0
2020-01-14 00:00:00-05:00,91.12999725341797,91.61000061035156,90.29000091552734,90.55999755859375,78.06298828125,7800100,0.0,0.0
2020-01-15 00:00:00-05:00,90.75,91.18000030517578,89.25,89.66999816894531,77.29582214355469,7259100,0.0,0.0
2020-01-16 00:00:00-05:00,90.22000122070312,92.2300033569336,89.81999969482422,91.79000091552734,79.12326049804688,9295500,0.0,0.0
2020-01-17 00:00:00-05:00,93.0,96.16999816894531,92.94999694824219,95.91000366210938,82.6747055053711,23694400,0.0,0.0
2020-01-21 00:00:00-05:00,95.33000183105469,95.72000122070312,93.41999816894531,94.54000091552734,81.49374389648438,10868500,0.0,0.0
2020-01-22 00:00:00-05:00,95.26000213623047,95.38999938964844,92.70999908447266,92.97000122070312,80.14041137695312,8342300,0.0,0.0
2020-01-23 00:00:00-05:00,92.8499984741211,92.94999694824219,91.45999908447266,92.0,79.30426788330078,11282000,0.0,0.0
2020-01-24 00:00:00-05:00,92.68000030517578,93.25,88.83000183105469,89.6500015258789,77.278564453125,9471700,0.0,0.0
2020-01-27 00:00:00-05:00,87.30000305175781,88.22000122070312,86.44999694824219,87.05000305175781,75.03736877441406,9240200,0.0,0.0
2020-01-28 00:00:00-05:00,88.1500015258789,89.54000091552734,87.38999938964844,89.1500015258789,76.84754943847656,9187000,0.0,0.0
2020-01-29 00:00:00-05:00,88.66000366210938,89.0199966430664,87.3499984741211,88.2300033569336,76.05452728271484,8158500,0.0,0.0
2020-01-30 00:00:00-05:00,87.30999755859375,87.86000061035156,86.19000244140625,87.77999877929688,75.66661071777344,8379400,0.0,0.0
2020-01-31 00:00:00-05:00,87.05000305175781,87.16999816894531,85.04000091552734,85.30999755859375,73.53748321533203,9503600,0.0,0.0
2020-02-03 00:00:00-05:00,85.55000305175781,86.58000183105469,85.16000366210938,86.4800033569336,74.54600524902344,7792700,0.0,0.0
2020-02-04 00:00:00-05:00,88.25,88.94999694824219,87.37000274658203,88.93000030517578,76.65792083740234,9236400,0.0,0.0
2020-02-05 00:00:00-05:00,90.98999786376953,91.13999938964844,89.2699966430664,90.91000366210938,78.36469268798828,14220900,0.0,0.0
2020-02-06 00:00:00-05:00,88.05999755859375,90.77999877929688,86.19000244140625,90.61000061035156,78.10609436035156,21059000,0.0,0.0
2020-02-07 00:00:00-05:00,89.62000274658203,90.02999877929688,87.37999725341797,87.41999816894531,75.35629272460938,10725100,0.0,0.0
2020-02-10 00:00:00-05:00,86.77999877929688,88.63999938964844,86.5,88.5999984741211,76.37345886230469,7481300,0.0,0.0
2020-02-11 00:00:00-05:00,89.37000274658203,91.47000122070312,88.9000015258789,90.0,77.58026123046875,9452800,0.0,0.0
2020-02-12 00:00:00-05:00,91.6500015258789,92.44000244140625,91.29000091552734,91.72000122070312,79.06291198730469,9824200,0.0,0.0
2020-02-13 00:00:00-05:00,91.02999877929688,91.37999725341797,89.77999877929688,90.02999877929688,77.60611724853516,8428300,0.0,0.0
2020-02-14 00:00:00-05:00,90.55000305175781,90.80000305175781,88.79000091552734,89.5999984741211,77.23546600341797,6256500,0.0,0.0
2020-02-18 00:00:00-05:00,87.83000183105469,89.0,87.52999877929688,88.02999877929688,75.88211822509766,7248100,0.0,0.0
2020-02-19 00:00:00-05:00,88.91999816894531,90.62000274658203,88.6500015258789,90.55999755859375,78.06298828125,7820900,0.0,0.0
2020-02-20 00:00:00-05:00,90.80999755859375,91.87999725341797,88.68000030517578,89.47000122070312,77.12340545654297,9754900,0.0,0.0
2020-02-21 00:00:00-05:00,88.55999755859375,89.02999877929688,86.33000183105469,87.02999877929688,75.02010345458984,12257600,0.0,0.0
2020-02-24 00:00:00-05:00,83.9000015258789,84.83000183105469,82.70999908447266,83.31999969482422,71.82208251953125,12158500,0.0,0.0
2020-02-25 00:00:00-05:00,83.94000244140625,84.4000015258789,79.63999938964844,80.22000122070312,69.14987182617188,14725000,0.0,0.0
2020-02-26 00:00:00-05:00,81.0,82.02999877929688,79.08999633789062,79.66000366210938,68.66716766357422,13125000,0.0,0.0
2020-02-27 00:00:00-05:00,77.12999725341797,78.19000244140625,75.33000183105469,75.94000244140625,65.46050262451172,17898300,0.0,0.0
2020-02-28 00:00:00-05:00,73.76000213623047,79.80999755859375,73.33999633789062,78.30000305175781,67.49483489990234,20843300,0.0,0.0
2020-03-02 00:00:00-05:00,79.0199966430664,80.70999908447266,77.12999725341797,80.55999755859375,69.44296264648438,15043400,0.0,0.0
2020-03-03 00:00:00-05:00,80.81999969482422,82.6500015258789,77.83000183105469,78.55999755859375,67.71895599365234,16356200,0.0,0.0
2020-03-04 00:00:00-05:00,79.12000274658203,81.91000366210938,78.05000305175781,81.80000305175781,71.0727310180664,9894900,0.62,0.0
2020-03-05 00:00:00-05:00,79.45999908447266,81.37000274658203,78.69999694824219,79.16999816894531,68.78765869140625,9396200,0.0,0.0
2020-03-06 00:00:00-05:00,76.33000183105469,78.08000183105469,75.83000183105469,77.47000122070312,67.31059265136719,11536500,0.0,0.0
2020-03-09 00:00:00-04:00,72.4000015258789,76.0999984741211,71.83000183105469,72.63999938964844,63.113983154296875,13898500,0.0,0.0
2020-03-10 00:00:00-04:00,74.80000305175781,79.04000091552734,74.16000366210938,78.88999938964844,68.54438018798828,13615600,0.0,0.0
2020-03-11 00:00:00-04:00,76.29000091552734,77.79000091552734,73.72000122070312,74.62000274658203,64.83432006835938,13376500,0.0,0.0
2020-03-12 00:00:00-04:00,69.5199966430664,72.52999877929688,67.0,67.0199966430664,58.23099899291992,19386200,0.0,0.0
2020-03-13 00:00:00-04:00,71.18000030517578,76.66999816894531,67.26000213623047,75.80999755859375,65.8682861328125,15971400,0.0,0.0
2020-03-16 00:00:00-04:00,68.27999877929688,71.16999816894531,64.45999908447266,64.4800033569336,56.02409744262695,16134700,0.0,0.0
2020-03-17 00:00:00-04:00,65.91000366210938,69.80999755859375,62.20000076293945,68.86000061035156,59.8297004699707,16864500,0.0,0.0
2020-03-18 00:00:00-04:00,63.560001373291016,65.55999755859375,58.0,61.189998626708984,53.16554260253906,18381200,0.0,0.0
2020-03-19 00:00:00-04:00,61.119998931884766,67.55000305175781,59.040000915527344,65.0,56.475894927978516,17127400,0.0,0.0
2020-03-20 00:00:00-04:00,65.02999877929688,67.9800033569336,60.790000915527344,60.90999984741211,52.92226028442383,16591500,0.0,0.0
2020-03-23 00:00:00-04:00,61.54999923706055,64.86000061035156,59.11000061035156,62.529998779296875,54.32981491088867,14920300,0.0,0.0
2020-03-24 00:00:00-04:00,66.0,67.62000274658203,62.189998626708984,65.45999908447266,56.87557601928711,18966800,0.0,0.0
2020-03-25 00:00:00-04:00,65.9000015258789,66.95999908447266,62.459999084472656,63.08000183105469,54.807682037353516,15969800,0.0,0.0
2020-03-26 00:00:00-04:00,64.0,69.66000366210938,63.25,68.9800033569336,59.933963775634766,15820300,0.0,0.0
2020-03-27 00:00:00-04:00,66.5,69.12000274658203,65.93000030517578,66.58999633789062,57.85737991333008,9739100,0.0,0.0
2020-03-30 00:00:00-04:00,67.19000244140625,69.5,66.05999755859375,69.02999877929688,59.97743225097656,9880800,0.0,0.0
2020-03-31 00:00:00-04:00,69.30000305175781,70.36000061035156,66.66000366210938,67.6500015258789,58.77839279174805,13213900,0.0,0.0
2020-04-01 00:00:00-04:00,65.0,68.69999694824219,65.0,65.9000015258789,57.25787353515625,14167900,0.0,0.0
2020-04-02 00:00:00-04:00,65.87000274658203,68.26000213623047,65.30999755859375,68.0199966430664,59.0998649597168,15432900,0.0,0.0
2020-04-03 00:00:00-04:00,67.68000030517578,68.69000244140625,64.55000305175781,65.2300033569336,56.67572784423828,8600700,0.0,0.0
2020-04-06 00:00:00-04:00,68.5,71.37000274658203,67.6500015258789,70.94999694824219,61.64560317993164,12153100,0.0,0.0
2020-04-07 00:00:00-04:00,73.66000366210938,74.9000015258789,70.86000061035156,72.7300033569336,63.19219970703125,11285600,0.0,0.0
2020-04-08 00:00:00-04:00,73.69999694824219,74.37999725341797,72.41999816894531,73.33000183105469,63.71351623535156,10695600,0.0,0.0
2020-04-09 00:00:00-04:00,74.62000274658203,74.83999633789062,70.0,71.58000183105469,62.193016052246094,15459400,0.0,0.0
2020-04-13 00:00:00-04:00,71.70999908447266,73.51000213623047,71.44000244140625,73.30000305175781,63.68744659423828,7896500,0.0,0.0
2020-04-14 00:00:00-04:00,75.0,77.66999816894531,74.97000122070312,77.55000305175781,67.38011169433594,11314100,0.0,0.0
2020-04-15 00:00:00-04:00,75.86000061035156,76.33999633789062,74.02999877929688,75.98999786376953,66.02467346191406,9951700,0.0,0.0
2020-04-16 00:00:00-04:00,76.86000061035156,77.69000244140625,75.37999725341797,76.8499984741211,66.77188873291016,8819700,0.0,0.0
2020-04-17 00:00:00-04:00,77.31999969482422,78.25,75.4800033569336,76.16999816894531,66.18106079101562,9926000,0.0,0.0
2020-04-20 00:00:00-04:00,75.0199966430664,76.2300033569336,74.0999984741211,74.30999755859375,64.56499481201172,7217700,0.0,0.0
2020-04-21 00:00:00-04:00,73.30999755859375,73.97000122070312,71.75,71.83999633789062,62.41889953613281,9273800,0.0,0.0
2020-04-22 00:00:00-04:00,73.79000091552734,75.33999633789062,72.75,74.68000030517578,64.88646697998047,7365300,0.0,0.0
2020-04-23 00:00:00-04:00,75.0,76.16999816894531,73.76000213623047,73.80999755859375,64.13054656982422,7673800,0.0,0.0
2020-04-24 00:00:00-04:00,73.91999816894531,76.11000061035156,73.66000366210938,76.04000091552734,66.06810760498047,6071300,0.0,0.0
2020-04-27 00:00:00-04:00,76.58999633789062,77.81999969482422,75.48999786376953,75.9800033569336,66.0159912109375,7219500,0.0,0.0
2020-04-28 00:00:00-04:00,77.11000061035156,77.77999877929688,75.16000366210938,75.29000091552734,65.41651153564453,6250500,0.0,0.0
2020-04-29 00:00:00-04:00,77.16999816894531,79.23999786376953,76.83000183105469,78.97000122070312,68.61388397216797,11950200,0.0,0.0
2020-04-30 00:00:00-04:00,80.2699966430664,80.87000274658203,77.27999877929688,78.66999816894531,68.35323333740234,17113500,0.0,0.0
2020-05-01 00:00:00-04:00,76.8499984741211,77.58999633789062,74.68000030517578,75.63999938964844,65.72057342529297,9742100,0.0,0.0
2020-05-04 00:00:00-04:00,75.16000366210938,75.94000244140625,74.08999633789062,75.68000030517578,65.75532531738281,7202400,0.0,0.0
2020-05-05 00:00:00-04:00,76.75,78.80999755859375,76.55999755859375,77.62999725341797,67.44960021972656,7540800,0.0,0.0
2020-05-06 00:00:00-04:00,78.80999755859375,80.13999938964844,78.5199966430664,78.87000274658203,68.5270004272461,8179700,0.0,0.0
2020-05-07 00:00:00-04:00,79.69999694824219,80.16999816894531,78.26000213623047,78.83000183105469,68.49224090576172,7291800,0.0,0.0
2020-05-08 00:00:00-04:00,79.69999694824219,81.08999633789062,79.36000061035156,80.55999755859375,69.99539184570312,7887200,0.0,0.0
2020-05-11 00:00:00-04:00,80.29000091552734,81.2699966430664,79.54000091552734,80.4800033569336,69.92584991455078,6604600,0.0,0.0
2020-05-12 00:00:00-04:00,81.29000091552734,81.79000091552734,78.4000015258789,78.41999816894531,68.13599395751953,7318100,0.0,0.0
2020-05-13 00:00:00-04:00,78.86000061035156,79.51000213623047,76.75,78.0,67.7710952758789,9584800,0.0,0.0
2020-05-14 00:00:00-04:00,77.5,80.0,76.47000122070312,79.87000274658203,69.39585876464844,9956800,0.0,0.0
2020-05-15 00:00:00-04:00,74.66999816894531,77.69999694824219,74.37000274658203,75.7699966430664,65.83351135253906,29597800,0.0,0.0
2020-05-18 00:00:00-04:00,77.2699966430664,80.18000030517578,77.20999908447266,79.94000244140625,69.4566650390625,13191000,0.0,0.0
2020-05-19 00:00:00-04:00,79.75,80.1500015258789,78.0,78.08999633789062,67.84927368164062,8118400,0.0,0.0
2020-05-20 00:00:00-04:00,79.95999908447266,81.95999908447266,79.69000244140625,80.62999725341797,70.05615234375,11379200,0.0,0.0
2020-05-21 00:00:00-04:00,79.47000122070312,80.08999633789062,77.87000274658203,78.0,67.7710952758789,8141500,0.0,0.0
2020-05-22 00:00:00-04:00,78.26000213623047,78.76000213623047,77.29000091552734,78.69999694824219,68.3792724609375,5530400,0.0,0.0
2020-05-26 00:00:00-04:00,80.19000244140625,80.56999969482422,77.77999877929688,78.0199966430664,67.78845977783203,10067300,0.0,0.0
2020-05-27 00:00:00-04:00,78.2699966430664,79.31999969482422,76.16000366210938,79.29000091552734,68.89191436767578,9125900,0.0,0.0
2020-05-28 00:00:00-04:00,80.23999786376953,81.4800033569336,77.7300033569336,78.11000061035156,67.86666107177734,11161700,0.0,0.0
2020-05-29 00:00:00-04:00,78.69999694824219,81.19999694824219,77.9000015258789,80.87999725341797,70.2734146118164,10558700,0.0,0.0
2020-06-01 00:00:00-04:00,79.88999938964844,80.4800033569336,79.23999786376953,79.7300033569336,69.27421569824219,6474800,0.0,0.0
2020-06-02 00:00:00-04:00,79.93000030517578,84.87999725341797,79.91000366210938,84.62999725341797,73.53163146972656,13255300,0.0,0.0
2020-06-03 00:00:00-04:00,84.94999694824219,85.94999694824219,83.62000274658203,84.11000061035156,73.64546203613281,13029300,0.65,0.0
2020-06-04 00:00:00-04:00,83.94999694824219,86.69999694824219,83.94999694824219,86.04000091552734,75.33533477783203,12109000,0.0,0.0
2020-06-05 00:00:00-04:00,88.0,89.4800033569336,87.81999969482422,88.55000305175781,77.53303527832031,11882100,0.0,0.0
2020-06-08 00:00:00-04:00,89.0,91.5,88.33999633789062,91.37000274658203,80.002197265625,9748300,0.0,0.0
2020-06-09 00:00:00-04:00,90.2300033569336,90.38999938964844,89.05999755859375,89.75,78.58375549316406,7327700,0.0,0.0
2020-06-10 00:00:00-04:00,90.25,92.13999938964844,90.02999877929688,91.01000213623047,79.68700408935547,9079700,0.0,0.0
2020-06-11 00:00:00-04:00,88.62000274658203,89.05999755859375,83.91000366210938,84.0199966430664,73.56666564941406,15241700,0.0,0.0
2020-06-12 00:00:00-04:00,86.25,87.13999938964844,83.52999877929688,85.23999786376953,74.63488006591797,10113200,0.0,0.0
2020-06-15 00:00:00-04:00,83.66999816894531,86.56999969482422,83.0999984741211,86.38999938964844,75.64179229736328,9852600,0.0,0.0
2020-06-16 00:00:00-04:00,89.9000015258789,90.44000244140625,87.76000213623047,89.5199966430664,78.38235473632812,12639800,0.0,0.0
2020-06-17 00:00:00-04:00,90.68000030517578,91.08999633789062,89.30000305175781,89.94000244140625,78.7500991821289,7620300,0.0,0.0
2020-06-18 00:00:00-04:00,89.8499984741211,90.48999786376953,89.02999877929688,89.91999816894531,78.73259735107422,5709500,0.0,0.0
2020-06-19 00:00:00-04:00,89.87000274658203,90.25,87.54000091552734,88.80999755859375,77.76069641113281,23213800,0.0,0.0
2020-06-22 00:00:00-04:00,88.72000122070312,89.44000244140625,87.61000061035156,89.12999725341797,78.04088592529297,8028000,0.0,0.0
2020-06-23 00:00:00-04:00,90.13999938964844,90.61000061035156,89.11000061035156,89.3499984741211,78.2335205078125,7778700,0.0,0.0
2020-06-24 00:00:00-04:00,89.16999816894531,89.83000183105469,87.41999816894531,89.13999938964844,78.04963684082031,8208800,0.0,0.0
2020-06-25 00:00:00-04:00,88.69999694824219,89.45999908447266,87.31999969482422,88.95999908447266,77.89203643798828,7062600,0.0,0.0
2020-06-26 00:00:00-04:00,89.06999969482422,89.7300033569336,87.54000091552734,88.0199966430664,77.06898498535156,9126500,0.0,0.0
2020-06-29 00:00:00-04:00,88.20999908447266,89.1500015258789,86.68000030517578,89.01000213623047,77.93583679199219,5870400,0.0,0.0
2020-06-30 00:00:00-04:00,89.19999694824219,91.93000030517578,89.0,91.20999908447266,79.86210632324219,9378500,0.0,0.0
2020-07-01 00:00:00-04:00,91.01000213623047,91.30000305175781,89.58000183105469,89.77999877929688,78.6100082397461,6990600,0.0,0.0
2020-07-02 00:00:00-04:00,91.08999633789062,92.5,90.80000305175781,91.87000274658203,80.43999481201172,8317300,0.0,0.0
2020-07-06 00:00:00-04:00,93.20999908447266,93.75,92.0999984741211,92.91999816894531,81.35936737060547,6933100,0.0,0.0
2020-07-07 00:00:00-04:00,92.97000122070312,93.55000305175781,91.91000366210938,92.13999938964844,80.6763916015625,6722400,0.0,0.0
2020-07-08 00:00:00-04:00,93.2699966430664,93.5999984741211,92.33999633789062,93.52999877929688,81.8934555053711,6692700,0.0,0.0
2020-07-09 00:00:00-04:00,93.94999694824219,93.94999694824219,91.44000244140625,93.25,81.64828491210938,6287700,0.0,0.0
2020-07-10 00:00:00-04:00,93.0,93.5199966430664,91.55999755859375,92.51000213623047,81.00038146972656,5687600,0.0,0.0
2020-07-13 00:00:00-04:00,93.30000305175781,94.12999725341797,91.19999694824219,91.33000183105469,79.96717071533203,7606400,0.0,0.0
2020-07-14 00:00:00-04:00,90.86000061035156,92.62000274658203,89.19999694824219,92.37999725341797,80.88653564453125,6571000,0.0,0.0
2020-07-15 00:00:00-04:00,92.93000030517578,92.93000030517578,91.01000213623047,92.55000305175781,81.03539276123047,6154100,0.0,0.0
2020-07-16 00:00:00-04:00,91.26000213623047,91.75,90.68000030517578,91.19999694824219,79.85334777832031,6178700,0.0,0.0
2020-07-17 00:00:00-04:00,91.68000030517578,92.45999908447266,91.0,92.2300033569336,80.75521850585938,5985700,0.0,0.0
2020-07-20 00:00:00-04:00,92.19000244140625,93.2699966430664,91.30000305175781,93.16999816894531,81.57823181152344,5407500,0.0,0.0
2020-07-21 00:00:00-04:00,93.55000305175781,93.8499984741211,91.80999755859375,92.30999755859375,80.82526397705078,7098600,0.0,0.0
2020-07-22 00:00:00-04:00,92.73999786376953,93.29000091552734,91.66999816894531,92.5999984741211,81.07915496826172,4366400,0.0,0.0
2020-07-23 00:00:00-04:00,92.91000366210938,92.97000122070312,89.2300033569336,89.66999816894531,78.51372528076172,9438500,0.0,0.0
2020-07-24 00:00:00-04:00,89.20999908447266,90.29000091552734,87.51000213623047,88.88999938964844,77.83074951171875,9520000,0.0,0.0
2020-07-27 00:00:00-04:00,90.0199966430664,92.83999633789062,89.26000213623047,92.69999694824219,81.16671752929688,8021700,0.0,0.0
2020-07-28 00:00:00-04:00,92.16999816894531,92.58999633789062,90.56999969482422,91.44999694824219,80.07225036621094,5818400,0.0,0.0
2020-07-29 00:00:00-04:00,92.08000183105469,93.62000274658203,91.73999786376953,93.02999877929688,81.45568084716797,11453000,0.0,0.0
2020-07-30 00:00:00-04:00,102.41999816894531,107.69000244140625,100.69999694824219,107.19000244140625,93.85393524169922,42122500,0.0,0.0
2020-07-31 00:00:00-04:00,105.66000366210938,107.75,104.51000213623047,105.61000061035156,92.47052001953125,16765100,0.0,0.0
2020-08-03 00:00:00-04:00,107.4000015258789,113.0,107.02999877929688,109.58999633789062,95.95536041259766,18899400,0.0,0.0
2020-08-04 00:00:00-04:00,109.48999786376953,111.0199966430664,108.66000366210938,110.94999694824219,97.14614868164062,10205400,0.0,0.0
2020-08-05 00:00:00-04:00,111.0,112.45999908447266,110.08000183105469,111.38999938964844,97.53140258789062,7967400,0.0,0.0
2020-08-06 00:00:00-04:00,111.2300033569336,111.36000061035156,109.93000030517578,111.05999755859375,97.24246978759766,6392200,0.0,0.0
2020-08-07 00:00:00-04:00,110.01000213623047,111.05000305175781,106.0,108.25,94.78205108642578,11155900,0.0,0.0
2020-08-10 00:00:00-04:00,108.5999984741211,108.98999786376953,105.72000122070312,106.36000061035156,93.12720489501953,10087100,0.0,0.0
2020-08-11 00:00:00-04:00,106.19999694824219,112.01000213623047,104.73999786376953,108.83000183105469,95.28990936279297,17803000,0.0,0.0
2020-08-12 00:00:00-04:00,110.38999938964844,116.25,109.6500015258789,115.79000091552734,101.38400268554688,18664700,0.0,0.0
2020-08-13 00:00:00-04:00,116.19999694824219,116.19999694824219,112.7699966430664,113.41000366210938,99.3000717163086,9958400,0.0,0.0
2020-08-14 00:00:00-04:00,113.30000305175781,114.5199966430664,112.56999969482422,113.73999786376953,99.58905029296875,6641000,0.0,0.0
2020-08-17 00:00:00-04:00,113.29000091552734,114.48999786376953,110.62999725341797,112.18000030517578,98.22311401367188,10283000,0.0,0.0
2020-08-18 00:00:00-04:00,112.91000366210938,113.37999725341797,111.5199966430664,112.02999877929688,98.091796875,6387000,0.0,0.0
2020-08-19 00:00:00-04:00,112.33000183105469,113.47000122070312,110.75,111.04000091552734,97.2249526977539,7747600,0.0,0.0
2020-08-20 00:00:00-04:00,110.0,110.9800033569336,109.66999816894531,110.66000366210938,96.89222717285156,7200300,0.0,0.0
2020-08-21 00:00:00-04:00,110.2300033569336,113.1500015258789,109.94999694824219,113.0,98.94109344482422,8546900,0.0,0.0
2020-08-24 00:00:00-04:00,114.37000274658203,116.0,113.2699966430664,115.91000366210938,101.48905944824219,10235000,0.0,0.0
2020-08-25 00:00:00-04:00,116.11000061035156,117.0999984741211,114.44000244140625,115.94999694824219,101.52408599853516,6208000,0.0,0.0
2020-08-26 00:00:00-04:00,116.25,116.55000305175781,115.16999816894531,116.04000091552734,101.60286712646484,7487400,0.0,0.0
2020-08-27 00:00:00-04:00,116.43000030517578,118.18000030517578,115.3499984741211,116.0199966430664,101.58536529541016,8206200,0.0,0.0
2020-08-28 00:00:00-04:00,116.70999908447266,118.26000213623047,116.16999816894531,118.19999694824219,103.49412536621094,6280300,0.0,0.0
2020-08-31 00:00:00-04:00,118.33000183105469,121.05999755859375,118.12000274658203,119.0999984741211,104.28216552734375,9694600,0.0,0.0
2020-09-01 00:00:00-04:00,121.08000183105469,122.56999969482422,119.51000213623047,122.01000213623047,106.83013153076172,9091900,0.0,0.0
2020-09-02 00:00:00-04:00,123.26000213623047,123.93000030517578,121.80999755859375,123.18000030517578,108.43222045898438,9167700,0.65,0.0
2020-09-03 00:00:00-04:00,121.30000305175781,121.70999908447266,115.5999984741211,116.43000030517578,102.4903564453125,13560800,0.0,0.0
2020-09-04 00:00:00-04:00,115.69000244140625,117.81999969482422,112.37999725341797,115.97000122070312,102.08544921875,11064300,0.0,0.0
2020-09-08 00:00:00-04:00,111.94000244140625,113.87999725341797,109.62000274658203,109.7699966430664,96.62773132324219,10245200,0.0,0.0
2020-09-09 00:00:00-04:00,113.4800033569336,115.7699966430664,112.30000305175781,114.0199966430664,100.36891174316406,9708400,0.0,0.0
2020-09-10 00:00:00-04:00,115.1500015258789,115.80999755859375,111.56999969482422,112.44000244140625,98.97805786132812,6166300,0.0,0.0
2020-09-11 00:00:00-04:00,113.37999725341797,114.8499984741211,112.4000015258789,113.41999816894531,99.84074401855469,6740200,0.0,0.0
2020-09-14 00:00:00-04:00,115.23999786376953,115.43000030517578,112.6500015258789,113.45999908447266,99.87593841552734,5397300,0.0,0.0
2020-09-15 00:00:00-04:00,114.94000244140625,117.80999755859375,114.79000091552734,116.58000183105469,102.62240600585938,8773700,0.0,0.0
2020-09-16 00:00:00-04:00,118.0,118.0,114.54000091552734,114.55999755859375,100.84424591064453,6340100,0.0,0.0
2020-09-17 00:00:00-04:00,111.91999816894531,115.69999694824219,111.0,114.87999725341797,101.12593841552734,7418100,0.0,0.0
2020-09-18 00:00:00-04:00,115.04000091552734,115.43000030517578,109.80000305175781,110.69000244140625,97.43759155273438,15443200,0.0,0.0
2020-09-21 00:00:00-04:00,109.16000366210938,112.13999938964844,108.30000305175781,111.91999816894531,98.52032470703125,8197600,0.0,0.0
2020-09-22 00:00:00-04:00,112.61000061035156,114.25,110.41999816894531,113.81999969482422,100.19284057617188,6911200,0.0,0.0
2020-09-23 00:00:00-04:00,113.63999938964844,113.93000030517578,110.06999969482422,110.56999969482422,97.33195495605469,6553300,0.0,0.0
2020-09-24 00:00:00-04:00,109.38999938964844,113.29000091552734,109.23999786376953,112.19000244140625,98.75800323486328,6849000,0.0,0.0
2020-09-25 00:00:00-04:00,113.55000305175781,115.75,111.80000305175781,114.5,100.79141998291016,11718000,0.0,0.0
2020-09-28 00:00:00-04:00,115.95999908447266,118.73999786376953,114.91999816894531,118.47000122070312,104.2861328125,9043600,0.0,0.0
2020-09-29 00:00:00-04:00,118.13999938964844,119.25,117.19999694824219,117.37999725341797,103.32662200927734,5655700,0.0,0.0
2020-09-30 00:00:00-04:00,117.5,119.26000213623047,116.91999816894531,117.68000030517578,103.59069061279297,5829700,0.0,0.0
2020-10-01 00:00:00-04:00,119.93000030517578,120.20999908447266,117.69999694824219,119.5199966430664,105.21039581298828,5316800,0.0,0.0
2020-10-02 00:00:00-04:00,116.77999877929688,118.66000366210938,115.43000030517578,115.47000122070312,101.64529418945312,5834300,0.0,0.0
2020-10-05 00:00:00-04:00,116.9000015258789,120.6500015258789,116.7300033569336,120.5199966430664,106.0906982421875,5835900,0.0,0.0
2020-10-06 00:00:00-04:00,120.44999694824219,122.5199966430664,119.0999984741211,119.54000091552734,105.22801971435547,7637000,0.0,0.0
2020-10-07 00:00:00-04:00,121.23999786376953,123.36000061035156,120.6500015258789,123.02999877929688,108.30017852783203,7410300,0.0,0.0
2020-10-08 00:00:00-04:00,124.0,124.43000030517578,121.83999633789062,122.33999633789062,107.69276428222656,4757500,0.0,0.0
2020-10-09 00:00:00-04:00,123.93000030517578,125.88999938964844,122.79000091552734,124.87000274658203,109.91988372802734,11073400,0.0,0.0
2020-10-12 00:00:00-04:00,127.69999694824219,127.69999694824219,124.94999694824219,126.69000244140625,111.5219955444336,7893800,0.0,0.0
2020-10-13 00:00:00-04:00,127.47000122070312,128.17999267578125,125.4000015258789,127.45999908447266,112.19979095458984,7605700,0.0,0.0
2020-10-14 00:00:00-04:00,129.0800018310547,132.4199981689453,128.92999267578125,129.8800048828125,114.33006286621094,13177100,0.0,0.0
2020-10-15 00:00:00-04:00,127.30000305175781,129.13999938964844,126.6500015258789,128.5800018310547,113.18568420410156,7376600,0.0,0.0
2020-10-16 00:00:00-04:00,129.6999969482422,130.19000244140625,127.73999786376953,129.02999877929688,113.5818099975586,6625400,0.0,0.0
2020-10-19 00:00:00-04:00,130.1300048828125,131.9600067138672,127.69999694824219,128.4199981689453,113.04486083984375,5765800,0.0,0.0
2020-10-20 00:00:00-04:00,129.17999267578125,129.3300018310547,127.51000213623047,128.3000030517578,112.93923950195312,4409800,0.0,0.0
2020-10-21 00:00:00-04:00,128.0399932861328,130.4199981689453,126.37000274658203,128.5500030517578,113.15928649902344,4344000,0.0,0.0
2020-10-22 00:00:00-04:00,129.50999450683594,129.58999633789062,126.86000061035156,128.3800048828125,113.0096435546875,3895100,0.0,0.0
2020-10-23 00:00:00-04:00,128.58999633789062,129.10000610351562,127.0999984741211,128.8800048828125,113.44979095458984,3943100,0.0,0.0
2020-10-26 00:00:00-04:00,127.52999877929688,128.6699981689453,124.4000015258789,126.19999694824219,111.09064483642578,6065900,0.0,0.0
2020-10-27 00:00:00-04:00,126.51000213623047,126.95999908447266,125.19000244140625,125.91000366210938,110.83538055419922,5825500,0.0,0.0
2020-10-28 00:00:00-04:00,123.5,123.81999969482422,121.05000305175781,121.58000183105469,107.02377319335938,8234800,0.0,0.0
2020-10-29 00:00:00-04:00,122.05999755859375,127.69000244140625,121.88999938964844,126.44000244140625,111.30191040039062,7053300,0.0,0.0
2020-10-30 00:00:00-04:00,123.68000030517578,125.25,121.5999984741211,123.36000061035156,108.59066772460938,7811200,0.0,0.0
2020-11-02 00:00:00-05:00,124.5,126.16999816894531,122.41000366210938,123.97000122070312,109.12763977050781,5860300,0.0,0.0
2020-11-03 00:00:00-05:00,125.44000244140625,126.91999816894531,124.69000244140625,125.44999694824219,110.43045043945312,5832800,0.0,0.0
2020-11-04 00:00:00-05:00,129.32000732421875,129.57000732421875,126.06999969482422,128.97000122070312,113.52899932861328,12608900,0.0,0.0
2020-11-05 00:00:00-05:00,145.82000732421875,148.8000030517578,141.8300018310547,145.41000366210938,128.000732421875,27910900,0.0,0.0
2020-11-06 00:00:00-05:00,146.00999450683594,146.22999572753906,143.9600067138672,145.00999450683594,127.64861297607422,7278500,0.0,0.0
2020-11-09 00:00:00-05:00,149.41000366210938,149.41000366210938,142.44000244140625,142.61000061035156,125.5359878540039,10666300,0.0,0.0
2020-11-10 00:00:00-05:00,140.14999389648438,143.1699981689453,138.52999877929688,140.11000061035156,123.33525085449219,12019900,0.0,0.0
2020-11-11 00:00:00-05:00,144.5,148.08999633789062,144.0,147.69000244140625,130.00772094726562,10222700,0.0,0.0
2020-11-12 00:00:00-05:00,147.57000732421875,148.50999450683594,143.07000732421875,143.91000366210938,126.68031311035156,8580700,0.0,0.0
2020-11-13 00:00:00-05:00,145.5399932861328,146.25,143.22999572753906,144.25999450683594,126.98837280273438,5899200,0.0,0.0
2020-11-16 00:00:00-05:00,145.1999969482422,149.25,144.5500030517578,149.07000732421875,131.22251892089844,7598500,0.0,0.0
2020-11-17 00:00:00-05:00,149.02000427246094,149.85000610351562,147.17999267578125,148.74000549316406,130.93203735351562,7438600,0.0,0.0
2020-11-18 00:00:00-05:00,149.24000549316406,153.3300018310547,146.91000366210938,147.0500030517578,129.4443817138672,12124500,0.0,0.0
2020-11-19 00:00:00-05:00,146.55999755859375,149.3000030517578,145.4600067138672,147.52999877929688,129.8668975830078,7743700,0.0,0.0
2020-11-20 00:00:00-05:00,148.27999877929688,149.10000610351562,145.94000244140625,146.02999877929688,128.5465087890625,5551900,0.0,0.0
2020-11-23 00:00:00-05:00,142.35000610351562,147.0,141.8800048828125,143.82000732421875,126.60111999511719,11649400,0.0,0.0
2020-11-24 00:00:00-05:00,143.38999938964844,146.3300018310547,141.11000061035156,145.92999267578125,128.4584503173828,10800800,0.0,0.0
2020-11-25 00:00:00-05:00,145.9499969482422,147.49000549316406,144.0399932861328,144.0800018310547,126.82994842529297,6398900,0.0,0.0
2020-11-27 00:00:00-05:00,145.49000549316406,146.42999267578125,143.6999969482422,143.8300018310547,126.60990142822266,3878000,0.0,0.0
2020-11-30 00:00:00-05:00,144.6300048828125,147.2899932861328,144.0500030517578,147.1699981689453,129.54994201660156,8712500,0.0,0.0
2020-12-01 00:00:00-05:00,148.7899932861328,152.38999938964844,147.7899932861328,151.25999450683594,133.15029907226562,11906100,0.0,0.0
2020-12-02 00:00:00-05:00,150.50999450683594,151.49000549316406,149.6199951171875,149.97999572753906,132.59336853027344,7800300,0.65,0.0
2020-12-03 00:00:00-05:00,151.0399932861328,152.77000427246094,149.63999938964844,149.91000366210938,132.531494140625,6355300,0.0,0.0
2020-12-04 00:00:00-05:00,150.3000030517578,158.08999633789062,150.0,157.6199951171875,139.34768676757812,12759900,0.0,0.0
2020-12-07 00:00:00-05:00,158.5500030517578,158.97000122070312,156.7100067138672,158.02000427246094,139.7012939453125,7009300,0.0,0.0
2020-12-08 00:00:00-05:00,157.4600067138672,159.2899932861328,155.8699951171875,158.8000030517578,140.3909149169922,6088300,0.0,0.0
2020-12-09 00:00:00-05:00,158.60000610351562,161.07000732421875,155.5500030517578,156.02000427246094,137.9331817626953,7947200,0.0,0.0
2020-12-10 00:00:00-05:00,154.4199981689453,157.85000610351562,152.72999572753906,155.75,137.6945037841797,7522200,0.0,0.0
2020-12-11 00:00:00-05:00,149.24000549316406,150.27000427246094,141.88999938964844,144.27999877929688,127.55413055419922,25923100,0.0,0.0
2020-12-14 00:00:00-05:00,144.89999389648438,147.75,143.3300018310547,146.2899932861328,129.3311004638672,12258500,0.0,0.0
2020-12-15 00:00:00-05:00,149.3699951171875,149.9199981689453,147.10000610351562,148.36000061035156,131.16116333007812,6616400,0.0,0.0
2020-12-16 00:00:00-05:00,149.13999938964844,150.44000244140625,146.7100067138672,149.74000549316406,132.3811798095703,6610900,0.0,0.0
2020-12-17 00:00:00-05:00,150.8699951171875,151.22999572753906,148.3800048828125,149.52999877929688,132.1955108642578,7039000,0.0,0.0
2020-12-18 00:00:00-05:00,150.7899932861328,150.7899932861328,146.1199951171875,147.4199981689453,130.33013916015625,13288300,0.0,0.0
2020-12-21 00:00:00-05:00,145.00999450683594,147.36000061035156,144.41000366210938,146.8000030517578,129.7820281982422,7024600,0.0,0.0
2020-12-22 00:00:00-05:00,146.61000061035156,147.02999877929688,144.72000122070312,146.33999633789062,129.37533569335938,5751500,0.0,0.0
2020-12-23 00:00:00-05:00,147.6300048828125,151.5399932861328,146.8699951171875,146.9600067138672,129.9234619140625,5186700,0.0,0.0
2020-12-24 00:00:00-05:00,147.8000030517578,148.89999389648438,147.1999969482422,148.7899932861328,131.5413360595703,2120200,0.0,0.0
2020-12-28 00:00:00-05:00,150.6199951171875,151.07000732421875,147.44000244140625,147.74000549316406,130.61306762695312,4576600,0.0,0.0
2020-12-29 00:00:00-05:00,148.97000122070312,148.99000549316406,147.02999877929688,148.49000549316406,131.27610778808594,3543800,0.0,0.0
2020-12-30 00:00:00-05:00,149.1199951171875,151.61000061035156,148.9199981689453,149.9499969482422,132.5668487548828,3965600,0.0,0.0
2020-12-31 00:00:00-05:00,150.32000732421875,152.55999755859375,150.10000610351562,152.33999633789062,134.67977905273438,4941700,0.0,0.0
2021-01-04 00:00:00-05:00,153.00999450683594,155.14999389648438,147.13999938964844,148.5,131.284912109375,9827000,0.0,0.0
2021-01-05 00:00:00-05:00,148.64999389648438,152.6999969482422,148.5,152.42999267578125,134.75933837890625,8507200,0.0,0.0
2021-01-06 00:00:00-05:00,151.52999877929688,153.8699951171875,149.47000122070312,151.19000244140625,133.66310119628906,7174600,0.0,0.0
2021-01-07 00:00:00-05:00,152.3300018310547,156.4199981689453,152.25999450683594,155.6999969482422,137.6502685546875,8482300,0.0,0.0
2021-01-08 00:00:00-05:00,157.22999572753906,157.52999877929688,154.5399932861328,156.63999938964844,138.48130798339844,6252400,0.0,0.0
2021-01-11 00:00:00-05:00,156.10000610351562,158.1300048828125,154.9199981689453,156.11000061035156,138.01271057128906,5147800,0.0,0.0
2021-01-12 00:00:00-05:00,156.63999938964844,156.8699951171875,153.9600067138672,154.4499969482422,136.54518127441406,4385700,0.0,0.0
2021-01-13 00:00:00-05:00,155.19000244140625,157.92999267578125,153.64999389648438,157.4199981689453,139.17088317871094,5479900,0.0,0.0
2021-01-14 00:00:00-05:00,159.39999389648438,163.17999267578125,158.5,160.85000610351562,142.2032470703125,10102400,0.0,0.0
2021-01-15 00:00:00-05:00,160.77000427246094,160.86000061035156,156.8800048828125,157.08999633789062,138.8791046142578,8607400,0.0,0.0
2021-01-19 00:00:00-05:00,158.94000244140625,164.10000610351562,158.4499969482422,163.77000427246094,144.7847442626953,8209000,0.0,0.0
2021-01-20 00:00:00-05:00,164.72000122070312,167.94000244140625,164.44000244140625,164.60000610351562,145.51852416992188,7943300,0.0,0.0
2021-01-21 00:00:00-05:00,165.80999755859375,166.49000549316406,163.33999633789062,164.75,145.65115356445312,6295700,0.0,0.0
2021-01-22 00:00:00-05:00,164.0,164.27000427246094,161.52000427246094,162.4199981689453,143.59129333496094,5062300,0.0,0.0
2021-01-25 00:00:00-05:00,164.32000732421875,167.0500030517578,161.72999572753906,164.39999389648438,145.34170532226562,5370800,0.0,0.0
2021-01-26 00:00:00-05:00,164.1999969482422,164.64999389648438,160.91000366210938,162.5500030517578,143.7061767578125,6554200,0.0,0.0
2021-01-27 00:00:00-05:00,158.49000549316406,160.72999572753906,152.69000244140625,153.6699981689453,135.85560607910156,9854000,0.0,0.0
2021-01-28 00:00:00-05:00,156.27999877929688,158.97000122070312,153.11000061035156,155.5500030517578,137.517578125,8087400,0.0,0.0
2021-01-29 00:00:00-05:00,160.25,160.63999938964844,154.75,156.27999877929688,138.16302490234375,9502100,0.0,0.0
2021-02-01 00:00:00-05:00,157.3699951171875,162.39999389648438,156.49000549316406,161.5800018310547,142.84861755371094,8265100,0.0,0.0
2021-02-02 00:00:00-05:00,164.50999450683594,165.3800048828125,161.3000030517578,164.77999877929688,145.67767333984375,6926500,0.0,0.0
2021-02-03 00:00:00-05:00,167.5800018310547,167.5800018310547,161.8000030517578,162.3000030517578,143.4851531982422,14156700,0.0,0.0
2021-02-04 00:00:00-05:00,150.17999267578125,151.77999877929688,145.1999969482422,147.97000122070312,130.81639099121094,46141800,0.0,0.0
2021-02-05 00:00:00-05:00,148.85000610351562,148.89999389648438,144.6199951171875,145.83999633789062,128.9333038330078,24695400,0.0,0.0
2021-02-08 00:00:00-05:00,147.10000610351562,147.60000610351562,145.3000030517578,147.3800048828125,130.2947540283203,12181600,0.0,0.0
2021-02-09 00:00:00-05:00,147.5500030517578,148.5,145.89999389648438,146.11000061035156,129.17198181152344,11681300,0.0,0.0
2021-02-10 00:00:00-05:00,147.6199951171875,147.75,144.3699951171875,145.5,128.63267517089844,11701300,0.0,0.0
2021-02-11 00:00:00-05:00,145.77999877929688,146.57000732421875,143.52999877929688,145.55999755859375,128.68576049804688,11600200,0.0,0.0
2021-02-12 00:00:00-05:00,145.57000732421875,151.39999389648438,144.8699951171875,147.97999572753906,130.82521057128906,9155200,0.0,0.0
2021-02-16 00:00:00-05:00,149.0,149.74000549316406,146.05999755859375,147.16000366210938,130.1002655029297,10211900,0.0,0.0
2021-02-17 00:00:00-05:00,145.82000732421875,146.88999938964844,143.4199981689453,144.75,127.96964263916016,11937200,0.0,0.0
2021-02-18 00:00:00-05:00,143.5399932861328,144.6999969482422,142.9600067138672,143.91000366210938,127.22703552246094,8404400,0.0,0.0
2021-02-19 00:00:00-05:00,144.77999877929688,145.85000610351562,143.49000549316406,144.94000244140625,128.13763427734375,10012500,0.0,0.0
2021-02-22 00:00:00-05:00,142.25,144.1199951171875,139.0800018310547,139.4600067138672,123.29290771484375,12763900,0.0,0.0
2021-02-23 00:00:00-05:00,136.3800048828125,138.47999572753906,134.44000244140625,137.1199951171875,121.22415924072266,14425300,0.0,0.0
2021-02-24 00:00:00-05:00,136.39999389648438,141.17999267578125,135.08999633789062,141.10000610351562,124.7428207397461,13146200,0.0,0.0
2021-02-25 00:00:00-05:00,139.55999755859375,140.8300018310547,135.02000427246094,135.52999877929688,119.81847381591797,12701100,0.0,0.0
2021-02-26 00:00:00-05:00,136.75999450683594,138.14999389648438,134.6999969482422,136.19000244140625,120.40199279785156,11772600,0.0,0.0
2021-03-01 00:00:00-05:00,137.5,139.6300048828125,136.4600067138672,139.49000549316406,123.31942749023438,9421400,0.0,0.0
2021-03-02 00:00:00-05:00,140.0,140.10000610351562,136.77000427246094,137.0399932861328,121.15341186523438,8693200,0.0,0.0
2021-03-03 00:00:00-05:00,135.60000610351562,136.17999267578125,131.5399932861328,131.66000366210938,116.95186614990234,14862700,0.65,0.0
2021-03-04 00:00:00-05:00,132.35000610351562,134.1999969482422,126.58000183105469,127.80000305175781,113.52306365966797,15831100,0.0,0.0
2021-03-05 00:00:00-05:00,130.9199981689453,131.1699981689453,125.4000015258789,129.75,115.25521850585938,13292000,0.0,0.0
2021-03-08 00:00:00-05:00,129.0,129.77000427246094,122.98999786376953,123.19999694824219,109.43694305419922,15256100,0.0,0.0
2021-03-09 00:00:00-05:00,127.38999938964844,129.9199981689453,126.33000183105469,129.11000061035156,114.68672943115234,13130200,0.0,0.0
2021-03-10 00:00:00-05:00,130.6699981689453,131.10000610351562,127.63999938964844,127.87000274658203,113.58525848388672,12492300,0.0,0.0
2021-03-11 00:00:00-05:00,131.00999450683594,133.24000549316406,130.00999450683594,131.74000549316406,117.02291107177734,11920200,0.0,0.0
2021-03-12 00:00:00-05:00,129.89999389648438,130.3300018310547,127.62000274658203,129.97999572753906,115.45954895019531,9365700,0.0,0.0
2021-03-15 00:00:00-04:00,130.05999755859375,131.75999450683594,129.1199951171875,131.63999938964844,116.93408203125,7807200,0.0,0.0
2021-03-16 00:00:00-04:00,132.88999938964844,135.44000244140625,132.2899932861328,133.64999389648438,118.71951293945312,10434700,0.0,0.0
2021-03-17 00:00:00-04:00,131.30999755859375,135.60000610351562,129.67999267578125,133.9199981689453,118.9593505859375,10781500,0.0,0.0
2021-03-18 00:00:00-04:00,132.44000244140625,133.60000610351562,129.66000366210938,129.75,115.25521850585938,9579000,0.0,0.0
2021-03-19 00:00:00-04:00,129.7899932861328,132.47999572753906,129.1699981689453,131.02000427246094,116.38334655761719,17599900,0.0,0.0
2021-03-22 00:00:00-04:00,132.9600067138672,135.5500030517578,132.60000610351562,134.08999633789062,119.11038970947266,9036900,0.0,0.0
2021-03-23 00:00:00-04:00,134.0,134.35000610351562,131.41000366210938,132.52000427246094,117.71576690673828,7425700,0.0,0.0
2021-03-24 00:00:00-04:00,132.99000549316406,133.05999755859375,127.11000061035156,127.18000030517578,112.97232818603516,10962300,0.0,0.0
2021-03-25 00:00:00-04:00,126.66000366210938,127.63999938964844,124.38999938964844,127.27999877929688,113.0611343383789,10460800,0.0,0.0
2021-03-26 00:00:00-04:00,127.05999755859375,133.35000610351562,127.04000091552734,132.99000549316406,118.13325500488281,11071600,0.0,0.0
2021-03-29 00:00:00-04:00,132.5399932861328,133.33999633789062,129.77000427246094,131.27000427246094,116.60543060302734,9750100,0.0,0.0
2021-03-30 00:00:00-04:00,130.1699981689453,131.24000549316406,129.07000732421875,130.11000061035156,115.57501983642578,7097300,0.0,0.0
2021-03-31 00:00:00-04:00,130.9600067138672,133.52000427246094,130.57000732421875,132.58999633789062,117.77798461914062,8361300,0.0,0.0
2021-04-01 00:00:00-04:00,134.5,138.42999267578125,133.60000610351562,137.7899932861328,122.39705657958984,14069600,0.0,0.0
2021-04-05 00:00:00-04:00,139.0399932861328,140.5,138.22999572753906,140.3300018310547,124.65330505371094,12562800,0.0,0.0
2021-04-06 00:00:00-04:00,139.85000610351562,140.22999572753906,137.63999938964844,138.05999755859375,122.63690185546875,9100000,0.0,0.0
2021-04-07 00:00:00-04:00,138.3300018310547,139.9499969482422,137.39999389648438,139.42999267578125,123.85382843017578,6958500,0.0,0.0
2021-04-08 00:00:00-04:00,140.0,140.3699951171875,138.80999755859375,140.33999633789062,124.66218566894531,7304900,0.0,0.0
2021-04-09 00:00:00-04:00,139.89999389648438,140.67999267578125,138.8800048828125,140.57000732421875,124.86649322509766,6033200,0.0,0.0
2021-04-12 00:00:00-04:00,138.86000061035156,139.88999938964844,136.0500030517578,137.44000244140625,122.0861587524414,10355500,0.0,0.0
2021-04-13 00:00:00-04:00,138.3800048828125,138.77000427246094,135.75,137.3000030517578,121.96178436279297,9225200,0.0,0.0
2021-04-14 00:00:00-04:00,137.0800018310547,137.83999633789062,133.91000366210938,134.75,119.6966781616211,9967800,0.0,0.0
2021-04-15 00:00:00-04:00,136.0,137.99000549316406,135.57000732421875,137.83999633789062,122.44145202636719,11733200,0.0,0.0
2021-04-16 00:00:00-04:00,137.6199951171875,139.00999450683594,136.64999389648438,138.2100067138672,122.77015686035156,6583900,0.0,0.0
2021-04-19 00:00:00-04:00,136.89999389648438,137.0500030517578,134.08999633789062,135.25,120.14083099365234,8728900,0.0,0.0
2021-04-20 00:00:00-04:00,134.5500030517578,134.77999877929688,132.7899932861328,133.39999389648438,118.4974594116211,7473700,0.0,0.0
2021-04-21 00:00:00-04:00,132.82000732421875,136.3699951171875,132.5,136.19000244140625,120.9758071899414,7237900,0.0,0.0
2021-04-22 00:00:00-04:00,135.3699951171875,135.9600067138672,132.47000122070312,132.97000122070312,118.11551666259766,8345100,0.0,0.0
2021-04-23 00:00:00-04:00,133.74000549316406,136.11000061035156,133.5399932861328,135.42999267578125,120.30070495605469,7666600,0.0,0.0
2021-04-26 00:00:00-04:00,135.3300018310547,139.69000244140625,135.1199951171875,138.9600067138672,123.43639373779297,9715400,0.0,0.0
2021-04-27 00:00:00-04:00,138.7100067138672,139.3800048828125,136.97999572753906,138.00999450683594,122.59246826171875,9284500,0.0,0.0
2021-04-28 00:00:00-04:00,138.1699981689453,138.27000427246094,135.75,136.57000732421875,121.31333923339844,13118100,0.0,0.0
2021-04-29 00:00:00-04:00,145.00999450683594,145.3000030517578,140.6699981689453,142.67999267578125,126.74077606201172,20502100,0.0,0.0
2021-04-30 00:00:00-04:00,141.07000732421875,142.08999633789062,138.25999450683594,138.8000030517578,123.29423522949219,11374600,0.0,0.0
2021-05-03 00:00:00-04:00,139.6999969482422,139.75999450683594,136.8699951171875,137.42999267578125,122.07725524902344,7920300,0.0,0.0
2021-05-04 00:00:00-04:00,136.0,136.0,132.4199981689453,134.1199951171875,119.13704681396484,11996300,0.0,0.0
2021-05-05 00:00:00-04:00,136.0800018310547,136.4499969482422,134.11000061035156,134.64999389648438,119.60783386230469,6285500,0.0,0.0
2021-05-06 00:00:00-04:00,134.49000549316406,136.5399932861328,133.10000610351562,136.0,120.80703735351562,8352500,0.0,0.0
2021-05-07 00:00:00-04:00,136.94000244140625,138.69000244140625,136.2899932861328,137.85000610351562,122.45035552978516,6893700,0.0,0.0
2021-05-10 00:00:00-04:00,136.02000427246094,136.67999267578125,128.82000732421875,128.94000244140625,114.53572082519531,19537200,0.0,0.0
2021-05-11 00:00:00-04:00,125.25,128.55999755859375,124.7699966430664,128.3699951171875,114.02937316894531,11948000,0.0,0.0
2021-05-12 00:00:00-04:00,126.02999877929688,127.12999725341797,123.68000030517578,124.62000274658203,110.69831085205078,13529600,0.0,0.0
2021-05-13 00:00:00-04:00,127.12000274658203,128.47999572753906,125.87000274658203,127.11000061035156,112.91014099121094,10633000,0.0,0.0
2021-05-14 00:00:00-04:00,128.6300048828125,131.4199981689453,127.80999755859375,130.14999389648438,115.61052703857422,9391100,0.0,0.0
2021-05-17 00:00:00-04:00,129.2899932861328,129.8300018310547,127.70999908447266,129.8000030517578,115.29965209960938,5917400,0.0,0.0
2021-05-18 00:00:00-04:00,130.63999938964844,131.24000549316406,128.7899932861328,128.91000366210938,114.50906372070312,8651100,0.0,0.0
2021-05-19 00:00:00-04:00,127.19000244140625,130.8300018310547,126.44999694824219,130.66000366210938,116.06356811523438,8112900,0.0,0.0
2021-05-20 00:00:00-04:00,131.52999877929688,133.27999877929688,131.4600067138672,132.63999938964844,117.82237243652344,9208400,0.0,0.0
2021-05-21 00:00:00-04:00,132.13999938964844,132.69000244140625,130.49000549316406,131.4600067138672,116.77420806884766,8674000,0.0,0.0
2021-05-24 00:00:00-04:00,131.3300018310547,134.0,131.3300018310547,132.91000366210938,118.06220245361328,8229300,0.0,0.0
2021-05-25 00:00:00-04:00,133.5399932861328,134.3000030517578,132.8000030517578,133.75,118.80836486816406,7271400,0.0,0.0
2021-05-26 00:00:00-04:00,133.8699951171875,134.52000427246094,132.22000122070312,133.08999633789062,118.22208404541016,6663300,0.0,0.0
2021-05-27 00:00:00-04:00,132.72999572753906,134.63999938964844,132.7100067138672,133.63999938964844,118.71067810058594,7379300,0.0,0.0
2021-05-28 00:00:00-04:00,134.14999389648438,135.63999938964844,133.9499969482422,134.5399932861328,119.51009368896484,7042200,0.0,0.0
2021-06-01 00:00:00-04:00,135.10000610351562,136.07000732421875,133.52999877929688,133.94000244140625,118.97714233398438,7059600,0.0,0.0
2021-06-02 00:00:00-04:00,133.17999267578125,134.72999572753906,132.47000122070312,133.82000732421875,119.47714233398438,6026000,0.68,0.0
2021-06-03 00:00:00-04:00,132.64999389648438,133.38999938964844,131.4199981689453,131.77999877929688,117.65576171875,6644000,0.0,0.0
2021-06-04 00:00:00-04:00,132.52999877929688,135.0500030517578,132.1999969482422,134.33999633789062,119.94141387939453,7416700,0.0,0.0
2021-06-07 00:00:00-04:00,133.6999969482422,133.77000427246094,132.63999938964844,133.32000732421875,119.03072357177734,5563300,0.0,0.0
2021-06-08 00:00:00-04:00,134.05999755859375,135.38999938964844,133.0,134.1999969482422,119.8163833618164,9657900,0.0,0.0
2021-06-09 00:00:00-04:00,135.10000610351562,135.35000610351562,132.7899932861328,132.88999938964844,118.64680480957031,6717200,0.0,0.0
2021-06-10 00:00:00-04:00,133.0500030517578,135.10000610351562,132.5800018310547,134.22000122070312,119.8342514038086,5522300,0.0,0.0
2021-06-11 00:00:00-04:00,133.8000030517578,134.64999389648438,133.64999389648438,134.6199951171875,120.19139099121094,6529900,0.0,0.0
2021-06-14 00:00:00-04:00,135.1999969482422,137.30999755859375,134.7899932861328,137.30999755859375,122.59306335449219,7912600,0.0,0.0
2021-06-15 00:00:00-04:00,137.13999938964844,137.3800048828125,135.22999572753906,135.5800018310547,121.04850006103516,5723600,0.0,0.0
2021-06-16 00:00:00-04:00,136.47000122070312,137.0500030517578,133.66000366210938,134.9499969482422,120.48603057861328,7404700,0.0,0.0
2021-06-17 00:00:00-04:00,134.30999755859375,136.6199951171875,134.08999633789062,135.35000610351562,120.8431396484375,6618300,0.0,0.0
2021-06-18 00:00:00-04:00,134.5500030517578,134.5800018310547,132.24000549316406,133.0,118.7450180053711,12753600,0.0,0.0
2021-06-21 00:00:00-04:00,133.0500030517578,135.10000610351562,132.66000366210938,133.9600067138672,119.60211944580078,6371400,0.0,0.0
2021-06-22 00:00:00-04:00,134.22000122070312,135.30999755859375,133.2899932861328,135.0800018310547,120.6020736694336,5976400,0.0,0.0
2021-06-23 00:00:00-04:00,134.88999938964844,136.22999572753906,134.80999755859375,135.52000427246094,120.99491882324219,6613800,0.0,0.0
2021-06-24 00:00:00-04:00,136.6199951171875,138.50999450683594,136.35000610351562,137.9199981689453,123.1376724243164,7941700,0.0,0.0
2021-06-25 00:00:00-04:00,138.4499969482422,139.47000122070312,136.97000122070312,137.64999389648438,122.89659881591797,7949200,0.0,0.0
2021-06-28 00:00:00-04:00,138.22999572753906,140.1699981689453,137.97999572753906,139.72000122070312,124.74476623535156,6645500,0.0,0.0
2021-06-29 00:00:00-04:00,139.6300048828125,142.9499969482422,139.25,142.6199951171875,127.3339614868164,6885400,0.0,0.0
2021-06-30 00:00:00-04:00,142.35000610351562,143.6300048828125,141.83999633789062,142.92999267578125,127.61067962646484,6449700,0.0,0.0
2021-07-01 00:00:00-04:00,142.91000366210938,143.02000427246094,140.35000610351562,140.8000030517578,125.70903015136719,6094100,0.0,0.0
2021-07-02 00:00:00-04:00,141.99000549316406,142.67999267578125,141.25,142.5800018310547,127.2982406616211,5399100,0.0,0.0
2021-07-06 00:00:00-04:00,143.0,143.17999267578125,139.67999267578125,141.19000244140625,126.05716705322266,7095200,0.0,0.0
2021-07-07 00:00:00-04:00,142.24000549316406,142.36000061035156,139.05999755859375,139.97000122070312,124.96797180175781,5034900,0.0,0.0
2021-07-08 00:00:00-04:00,137.72000122070312,138.8699951171875,135.60000610351562,138.2899932861328,123.46800994873047,7501100,0.0,0.0
2021-07-09 00:00:00-04:00,137.88999938964844,141.72999572753906,137.80999755859375,141.42999267578125,126.2714614868164,7356800,0.0,0.0
2021-07-12 00:00:00-04:00,141.39999389648438,143.02000427246094,141.1999969482422,142.47000122070312,127.20003509521484,6786500,0.0,0.0
2021-07-13 00:00:00-04:00,142.44000244140625,142.66000366210938,140.4199981689453,141.17999267578125,126.04826354980469,5657600,0.0,0.0
2021-07-14 00:00:00-04:00,143.5,146.33999633789062,142.5,143.75,128.34283447265625,11305700,0.0,0.0
2021-07-15 00:00:00-04:00,144.1199951171875,144.13999938964844,140.72000122070312,141.4600067138672,126.29827117919922,6667400,0.0,0.0
2021-07-16 00:00:00-04:00,141.8699951171875,142.50999450683594,139.52999877929688,139.7100067138672,124.73583221435547,5914300,0.0,0.0
2021-07-19 00:00:00-04:00,138.32000732421875,138.89999389648438,136.80999755859375,138.7899932861328,123.91442108154297,9371300,0.0,0.0
2021-07-20 00:00:00-04:00,139.02000427246094,140.4199981689453,137.1999969482422,139.5500030517578,124.59296417236328,6020400,0.0,0.0
2021-07-21 00:00:00-04:00,139.64999389648438,142.22000122070312,139.64999389648438,142.1699981689453,126.93212890625,6161900,0.0,0.0
2021-07-22 00:00:00-04:00,142.0,142.85000610351562,141.5,142.44000244140625,127.17324829101562,3862600,0.0,0.0
2021-07-23 00:00:00-04:00,143.4499969482422,144.99000549316406,142.02999877929688,144.8800048828125,129.35171508789062,6310400,0.0,0.0
2021-07-26 00:00:00-04:00,143.9499969482422,144.3800048828125,142.24000549316406,143.5,128.11961364746094,6253900,0.0,0.0
2021-07-27 00:00:00-04:00,142.49000549316406,143.0,138.2100067138672,140.92999267578125,125.8250732421875,7575800,0.0,0.0
2021-07-28 00:00:00-04:00,141.27000427246094,142.91000366210938,140.13999938964844,142.44000244140625,127.17324829101562,9303400,0.0,0.0
2021-07-29 00:00:00-04:00,146.5,151.52000427246094,146.41000366210938,150.99000549316406,134.80685424804688,19446900,0.0,0.0
2021-07-30 00:00:00-04:00,149.1999969482422,150.41000366210938,148.36000061035156,149.8000030517578,133.74435424804688,8404800,0.0,0.0
2021-08-02 00:00:00-04:00,150.0,152.27999877929688,148.2100067138672,148.86000061035156,132.9051513671875,10823800,0.0,0.0
2021-08-03 00:00:00-04:00,148.91000366210938,149.5800018310547,146.55999755859375,147.9499969482422,132.09266662597656,6223400,0.0,0.0
2021-08-04 00:00:00-04:00,148.02000427246094,149.1999969482422,147.3300018310547,148.22000122070312,132.33375549316406,5556400,0.0,0.0
2021-08-05 00:00:00-04:00,147.24000549316406,147.47000122070312,144.57000732421875,146.8300018310547,131.09271240234375,7169200,0.0,0.0
2021-08-06 00:00:00-04:00,146.1300048828125,148.22999572753906,145.9199981689453,146.27999877929688,130.60166931152344,5733300,0.0,0.0
2021-08-09 00:00:00-04:00,146.7899932861328,147.72000122070312,145.75,146.9199981689453,131.17303466796875,4966600,0.0,0.0
2021-08-10 00:00:00-04:00,147.32000732421875,147.5,142.39999389648438,145.8699951171875,130.23561096191406,4197100,0.0,0.0
2021-08-11 00:00:00-04:00,146.05999755859375,146.7899932861328,144.39999389648438,146.67999267578125,130.95880126953125,6216000,0.0,0.0
2021-08-12 00:00:00-04:00,147.75999450683594,148.0,146.38999938964844,147.14999389648438,131.37843322753906,5777700,0.0,0.0
2021-08-13 00:00:00-04:00,147.0,149.30999755859375,146.92999267578125,148.63999938964844,132.70872497558594,5764000,0.0,0.0
2021-08-16 00:00:00-04:00,148.39999389648438,149.0800018310547,146.72000122070312,148.1300048828125,132.25338745117188,4410800,0.0,0.0
2021-08-17 00:00:00-04:00,146.9499969482422,147.0,143.57000732421875,144.41000366210938,128.93211364746094,7256800,0.0,0.0
2021-08-18 00:00:00-04:00,143.83999633789062,144.66000366210938,141.97999572753906,142.17999267578125,126.94108581542969,6546500,0.0,0.0
2021-08-19 00:00:00-04:00,140.64999389648438,141.4499969482422,138.9600067138672,140.61000061035156,125.53936004638672,8661000,0.0,0.0
2021-08-20 00:00:00-04:00,140.61000061035156,142.25999450683594,140.3000030517578,142.08999633789062,126.86077880859375,6141000,0.0,0.0
2021-08-23 00:00:00-04:00,142.64999389648438,144.61000061035156,142.35000610351562,144.13999938964844,128.69102478027344,6936900,0.0,0.0
2021-08-24 00:00:00-04:00,144.58999633789062,145.58999633789062,143.83999633789062,144.4600067138672,128.9767608642578,7066800,0.0,0.0
2021-08-25 00:00:00-04:00,144.4600067138672,145.42999267578125,143.47000122070312,143.8699951171875,128.44996643066406,5721600,0.0,0.0
2021-08-26 00:00:00-04:00,143.19000244140625,143.75999450683594,141.6199951171875,142.3800048828125,127.1196517944336,6825100,0.0,0.0
2021-08-27 00:00:00-04:00,142.1999969482422,144.9499969482422,141.9199981689453,144.85000610351562,129.32492065429688,6274500,0.0,0.0
2021-08-30 00:00:00-04:00,145.58999633789062,147.86000061035156,145.55999755859375,145.94000244140625,130.29808044433594,5263600,0.0,0.0
2021-08-31 00:00:00-04:00,146.8000030517578,147.52999877929688,144.55999755859375,146.69000244140625,130.9677276611328,7820500,0.0,0.0
2021-09-01 00:00:00-04:00,146.83999633789062,148.10000610351562,146.22000122070312,146.4499969482422,131.36239624023438,6451400,0.68,0.0
2021-09-02 00:00:00-04:00,146.6999969482422,146.88999938964844,144.50999450683594,145.1199951171875,130.1693878173828,6006700,0.0,0.0
2021-09-03 00:00:00-04:00,145.1199951171875,145.99000549316406,144.22999572753906,144.6300048828125,129.72988891601562,5505800,0.0,0.0
2021-09-07 00:00:00-04:00,144.67999267578125,144.75999450683594,143.1199951171875,143.75,128.94053649902344,6361200,0.0,0.0
2021-09-08 00:00:00-04:00,143.36000061035156,143.6199951171875,141.49000549316406,142.52000427246094,127.83726501464844,5981300,0.0,0.0
2021-09-09 00:00:00-04:00,142.47000122070312,143.5399932861328,141.4499969482422,141.5800018310547,126.99410247802734,6190800,0.0,0.0
2021-09-10 00:00:00-04:00,143.1300048828125,146.0,142.5399932861328,142.67999267578125,127.98078155517578,6263300,0.0,0.0
2021-09-13 00:00:00-04:00,144.02000427246094,144.72999572753906,142.02999877929688,143.41000366210938,128.63560485839844,4312800,0.0,0.0
2021-09-14 00:00:00-04:00,144.47000122070312,144.80999755859375,140.6199951171875,141.13999938964844,126.59941864013672,6442100,0.0,0.0
2021-09-15 00:00:00-04:00,140.80999755859375,141.0,137.52000427246094,138.24000549316406,123.99818420410156,11289100,0.0,0.0
2021-09-16 00:00:00-04:00,137.32000732421875,138.9600067138672,137.32000732421875,138.39999389648438,124.14173126220703,6719900,0.0,0.0
2021-09-17 00:00:00-04:00,137.80999755859375,138.0,133.13999938964844,133.60000610351562,119.83622741699219,14550500,0.0,0.0
2021-09-20 00:00:00-04:00,131.47000122070312,133.1199951171875,130.61000061035156,132.75999450683594,119.0827407836914,9647100,0.0,0.0
2021-09-21 00:00:00-04:00,133.58999633789062,133.91000366210938,131.27999877929688,131.75,118.17681121826172,6175300,0.0,0.0
2021-09-22 00:00:00-04:00,132.58999633789062,133.49000549316406,131.97999572753906,133.00999450683594,119.30699920654297,5163000,0.0,0.0
2021-09-23 00:00:00-04:00,133.75,135.16000366210938,133.22000122070312,133.91000366210938,120.1142807006836,5918900,0.0,0.0
2021-09-24 00:00:00-04:00,133.11000061035156,134.5500030517578,132.8000030517578,133.8800048828125,120.08736419677734,4554600,0.0,0.0
2021-09-27 00:00:00-04:00,132.42999267578125,134.0399932861328,132.02000427246094,133.47999572753906,119.72858428955078,4319500,0.0,0.0
2021-09-28 00:00:00-04:00,131.75,132.74000549316406,129.6999969482422,129.89999389648438,116.51738739013672,8851700,0.0,0.0
2021-09-29 00:00:00-04:00,130.58999633789062,131.4499969482422,128.88999938964844,129.27999877929688,115.96125793457031,7037200,0.0,0.0
2021-09-30 00:00:00-04:00,130.35000610351562,131.0800018310547,128.6999969482422,128.97999572753906,115.69218444824219,6976800,0.0,0.0
2021-10-01 00:00:00-04:00,129.8000030517578,130.02000427246094,126.47000122070312,128.7100067138672,115.45001220703125,6863700,0.0,0.0
2021-10-04 00:00:00-04:00,128.9199981689453,129.7899932861328,125.91999816894531,126.68000030517578,113.62914276123047,8470300,0.0,0.0
2021-10-05 00:00:00-04:00,126.12999725341797,128.77000427246094,125.69000244140625,127.52999877929688,114.39157104492188,9244300,0.0,0.0
2021-10-06 00:00:00-04:00,126.55000305175781,128.27000427246094,126.06999969482422,128.05999755859375,114.8669662475586,8513700,0.0,0.0
2021-10-07 00:00:00-04:00,129.25999450683594,130.72000122070312,127.58999633789062,127.83999633789062,114.66963958740234,8010600,0.0,0.0
2021-10-08 00:00:00-04:00,128.58999633789062,128.58999633789062,126.20999908447266,126.55000305175781,113.51253509521484,6920500,0.0,0.0
2021-10-11 00:00:00-04:00,126.05999755859375,127.2300033569336,124.87999725341797,124.94000244140625,112.06838989257812,6288200,0.0,0.0
2021-10-12 00:00:00-04:00,125.37999725341797,125.47000122070312,122.16999816894531,122.94999694824219,110.28341674804688,10531500,0.0,0.0
2021-10-13 00:00:00-04:00,125.19999694824219,126.31999969482422,123.5199966430664,125.04000091552734,112.1581039428711,12373800,0.0,0.0
2021-10-14 00:00:00-04:00,126.16000366210938,129.3000030517578,125.98999786376953,128.66000366210938,115.40515899658203,10637900,0.0,0.0
2021-10-15 00:00:00-04:00,129.02000427246094,130.47999572753906,128.67999267578125,130.1999969482422,116.78650665283203,7609700,0.0,0.0
2021-10-18 00:00:00-04:00,129.32000732421875,130.27000427246094,128.24000549316406,130.1199951171875,116.7147445678711,5290000,0.0,0.0
2021-10-19 00:00:00-04:00,131.02000427246094,132.8000030517578,130.32000732421875,132.5,118.84954833984375,7330700,0.0,0.0
2021-10-20 00:00:00-04:00,132.5,133.00999450683594,131.25999450683594,132.16000366210938,118.5445556640625,4804100,0.0,0.0
2021-10-21 00:00:00-04:00,132.0,133.25999450683594,131.39999389648438,133.0500030517578,119.34290313720703,4579200,0.0,0.0
2021-10-22 00:00:00-04:00,132.89999389648438,133.69000244140625,131.42999267578125,131.6199951171875,118.0601806640625,5216200,0.0,0.0
2021-10-25 00:00:00-04:00,131.82000732421875,133.1699981689453,131.3000030517578,131.92999267578125,118.33826446533203,4876300,0.0,0.0
2021-10-26 00:00:00-04:00,132.89999389648438,133.7899932861328,131.07000732421875,131.94000244140625,118.34723663330078,5802200,0.0,0.0
2021-10-27 00:00:00-04:00,131.94000244140625,132.36000061035156,130.50999450683594,131.1999969482422,117.6834487915039,5090400,0.0,0.0
2021-10-28 00:00:00-04:00,131.99000549316406,133.8300018310547,131.8699951171875,133.69000244140625,119.91695404052734,5016700,0.0,0.0
2021-10-29 00:00:00-04:00,132.86000061035156,133.67999267578125,132.4499969482422,133.0399932861328,119.33390045166016,5251100,0.0,0.0
2021-11-01 00:00:00-04:00,132.44000244140625,134.8699951171875,132.44000244140625,134.80999755859375,120.92155456542969,6903000,0.0,0.0
2021-11-02 00:00:00-04:00,134.5500030517578,135.72999572753906,134.1199951171875,135.22999572753906,121.29830932617188,7321900,0.0,0.0
2021-11-03 00:00:00-04:00,135.75,138.85000610351562,135.0399932861328,138.47999572753906,124.2134780883789,13216000,0.0,0.0
2021-11-04 00:00:00-04:00,156.32000732421875,159.5800018310547,153.3000030517578,156.11000061035156,140.02719116210938,48321500,0.0,0.0
2021-11-05 00:00:00-04:00,157.07000732421875,168.5500030517578,155.91000366210938,163.02999877929688,146.23431396484375,27226600,0.0,0.0
2021-11-08 00:00:00-05:00,163.2100067138672,167.7100067138672,161.27999877929688,165.85000610351562,148.76377868652344,14541400,0.0,0.0
2021-11-09 00:00:00-05:00,166.50999450683594,169.52000427246094,164.3800048828125,166.74000549316406,149.56207275390625,12353900,0.0,0.0
2021-11-10 00:00:00-05:00,165.08999633789062,166.1199951171875,159.02999877929688,159.8000030517578,143.33702087402344,11327100,0.0,0.0
2021-11-11 00:00:00-05:00,161.8000030517578,165.55999755859375,161.38999938964844,164.4199981689453,147.48106384277344,7624200,0.0,0.0
2021-11-12 00:00:00-05:00,165.0,166.02000427246094,164.3300018310547,164.94000244140625,147.94752502441406,7371000,0.0,0.0
2021-11-15 00:00:00-05:00,166.5,169.94000244140625,165.80999755859375,168.50999450683594,151.14971923828125,12350200,0.0,0.0
2021-11-16 00:00:00-05:00,168.11000061035156,183.72999572753906,167.05999755859375,181.80999755859375,163.07949829101562,33338200,0.0,0.0
2021-11-17 00:00:00-05:00,180.7899932861328,186.3300018310547,178.6300048828125,183.5399932861328,164.6313018798828,21678900,0.0,0.0
2021-11-18 00:00:00-05:00,185.24000549316406,188.72000122070312,182.75,186.32000732421875,167.12489318847656,15542600,0.0,0.0
2021-11-19 00:00:00-05:00,184.69000244140625,186.60000610351562,182.3000030517578,185.0,165.94088745117188,11889100,0.0,0.0
2021-11-22 00:00:00-05:00,181.11000061035156,188.77000427246094,180.97999572753906,181.39999389648438,162.71176147460938,16062800,0.0,0.0
2021-11-23 00:00:00-05:00,180.33999633789062,181.3300018310547,177.02000427246094,180.94000244140625,162.29913330078125,10696200,0.0,0.0
2021-11-24 00:00:00-05:00,179.52000427246094,180.77999877929688,177.3300018310547,180.7100067138672,162.09288024902344,7886200,0.0,0.0
2021-11-26 00:00:00-05:00,175.6699981689453,180.25,175.05999755859375,175.74000549316406,157.6348419189453,7835900,0.0,0.0
2021-11-29 00:00:00-05:00,179.47999572753906,184.07000732421875,179.0,183.74000549316406,164.81069946289062,10440500,0.0,0.0
2021-11-30 00:00:00-05:00,183.22000122070312,186.80999755859375,180.33999633789062,180.55999755859375,161.95826721191406,19309200,0.0,0.0
2021-12-01 00:00:00-05:00,180.88999938964844,183.14999389648438,175.32000732421875,175.6300048828125,158.13174438476562,10637700,0.68,0.0
2021-12-02 00:00:00-05:00,172.08999633789062,177.88999938964844,171.2100067138672,177.02999877929688,159.3922576904297,13101400,0.0,0.0
2021-12-03 00:00:00-05:00,178.0399932861328,180.27000427246094,173.7100067138672,176.50999450683594,158.9240264892578,12111800,0.0,0.0
2021-12-06 00:00:00-05:00,176.8800048828125,176.97999572753906,172.27000427246094,175.4499969482422,157.9696807861328,8577500,0.0,0.0
2021-12-07 00:00:00-05:00,179.07000732421875,184.77999877929688,178.5,183.72000122070312,165.41571044921875,9910100,0.0,0.0
2021-12-08 00:00:00-05:00,183.00999450683594,183.72000122070312,180.77999877929688,182.6300048828125,164.43434143066406,4799400,0.0,0.0
2021-12-09 00:00:00-05:00,181.77000427246094,187.83999633789062,181.50999450683594,182.25999450683594,164.10116577148438,9398900,0.0,0.0
2021-12-10 00:00:00-05:00,185.5500030517578,185.5500030517578,181.14999389648438,183.8800048828125,165.55979919433594,6854800,0.0,0.0
2021-12-13 00:00:00-05:00,186.85000610351562,191.3000030517578,183.11000061035156,183.32000732421875,165.0555419921875,16346800,0.0,0.0
2021-12-14 00:00:00-05:00,181.1999969482422,183.89999389648438,179.41000366210938,181.97999572753906,163.84909057617188,8542800,0.0,0.0
2021-12-15 00:00:00-05:00,183.97000122070312,189.77999877929688,179.97999572753906,189.27999877929688,170.4217987060547,11082000,0.0,0.0
2021-12-16 00:00:00-05:00,190.3000030517578,192.67999267578125,176.11000061035156,178.14999389648438,160.40061950683594,14873000,0.0,0.0
2021-12-17 00:00:00-05:00,175.72999572753906,180.1199951171875,175.02000427246094,176.8000030517578,159.18516540527344,16232300,0.0,0.0
2021-12-20 00:00:00-05:00,174.2899932861328,177.0800018310547,173.4600067138672,176.6699981689453,159.06809997558594,6306400,0.0,0.0
2021-12-21 00:00:00-05:00,179.3800048828125,180.14999389648438,174.22000122070312,179.5800018310547,161.6881866455078,7702400,0.0,0.0
2021-12-22 00:00:00-05:00,179.0,181.52000427246094,177.6300048828125,181.3800048828125,163.30885314941406,5227200,0.0,0.0
2021-12-23 00:00:00-05:00,181.52999877929688,183.7100067138672,181.3800048828125,182.74000549316406,164.53338623046875,4918900,0.0,0.0
2021-12-27 00:00:00-05:00,183.2100067138672,186.41000366210938,183.02000427246094,186.3300018310547,167.76568603515625,4865900,0.0,0.0
2021-12-28 00:00:00-05:00,186.58999633789062,186.72999572753906,183.49000549316406,184.82000732421875,166.40611267089844,5399400,0.0,0.0
2021-12-29 00:00:00-05:00,184.67999267578125,187.38999938964844,184.55999755859375,186.1999969482422,167.64866638183594,5417200,0.0,0.0
2021-12-30 00:00:00-05:00,185.8800048828125,186.52000427246094,182.30999755859375,182.72999572753906,164.52435302734375,4108400,0.0,0.0
2021-12-31 00:00:00-05:00,183.30999755859375,185.14999389648438,182.60000610351562,182.8699951171875,164.65040588378906,4113300,0.0,0.0
2022-01-03 00:00:00-05:00,182.91000366210938,186.8800048828125,182.24000549316406,186.2100067138672,167.65760803222656,5990200,0.0,0.0
2022-01-04 00:00:00-05:00,187.0,188.92999267578125,181.00999450683594,187.22999572753906,168.57601928710938,8484200,0.0,0.0
2022-01-05 00:00:00-05:00,186.5,193.5800018310547,184.72999572753906,186.5,167.91873168945312,17141200,0.0,0.0
2022-01-06 00:00:00-05:00,184.52000427246094,188.47000122070312,183.0,185.9499969482422,167.42355346679688,9117700,0.0,0.0
2022-01-07 00:00:00-05:00,186.60000610351562,188.36000061035156,180.1199951171875,180.41000366210938,162.4355010986328,7386200,0.0,0.0
2022-01-10 00:00:00-05:00,178.27000427246094,180.0,173.75999450683594,179.67999267578125,161.77821350097656,11159300,0.0,0.0
2022-01-11 00:00:00-05:00,179.19000244140625,185.64999389648438,177.22000122070312,185.39999389648438,166.9282989501953,9591000,0.0,0.0
2022-01-12 00:00:00-05:00,186.60000610351562,189.4600067138672,185.19000244140625,186.4199981689453,167.84671020507812,7317500,0.0,0.0
2022-01-13 00:00:00-05:00,188.6999969482422,191.5800018310547,183.2899932861328,183.88999938964844,165.56875610351562,10190900,0.0,0.0
2022-01-14 00:00:00-05:00,182.8000030517578,190.08999633789062,182.00999450683594,188.69000244140625,169.89056396484375,9587300,0.0,0.0
2022-01-18 00:00:00-05:00,185.8699951171875,186.0,178.27000427246094,178.86000061035156,161.03990173339844,10471200,0.0,0.0
2022-01-19 00:00:00-05:00,180.57000732421875,181.2100067138672,172.27000427246094,172.47000122070312,155.28659057617188,10082700,0.0,0.0
2022-01-20 00:00:00-05:00,174.52999877929688,174.99000549316406,166.2899932861328,166.5,149.91136169433594,9468500,0.0,0.0
2022-01-21 00:00:00-05:00,166.24000549316406,172.0399932861328,164.57000732421875,164.92999267578125,148.49781799316406,11898700,0.0,0.0
2022-01-24 00:00:00-05:00,162.17999267578125,170.82000732421875,158.60000610351562,170.07000732421875,153.12570190429688,17489100,0.0,0.0
2022-01-25 00:00:00-05:00,166.1699981689453,170.32000732421875,161.1999969482422,165.4499969482422,148.96597290039062,10708500,0.0,0.0
2022-01-26 00:00:00-05:00,168.5800018310547,174.5500030517578,163.89999389648438,167.0,150.36154174804688,10492200,0.0,0.0
2022-01-27 00:00:00-05:00,169.30999755859375,171.4499969482422,160.61000061035156,161.1999969482422,145.13941955566406,10743000,0.0,0.0
2022-01-28 00:00:00-05:00,162.00999450683594,166.94000244140625,157.3800048828125,166.80999755859375,150.1904754638672,10320800,0.0,0.0
2022-01-31 00:00:00-05:00,167.05999755859375,175.9499969482422,165.8000030517578,175.75999450683594,158.24879455566406,11273500,0.0,0.0
2022-02-01 00:00:00-05:00,176.44000244140625,177.42999267578125,173.11000061035156,177.1300048828125,159.48226928710938,9724600,0.0,0.0
2022-02-02 00:00:00-05:00,180.94000244140625,188.63999938964844,180.25999450683594,188.1999969482422,169.4493408203125,25646300,0.0,0.0
2022-02-03 00:00:00-05:00,180.8000030517578,192.10000610351562,177.2899932861328,179.10000610351562,161.25599670410156,36120200,0.0,0.0
2022-02-04 00:00:00-05:00,178.99000549316406,182.41000366210938,176.80999755859375,179.47000122070312,161.58914184570312,15708400,0.0,0.0
2022-02-07 00:00:00-05:00,179.6699981689453,180.64999389648438,174.44000244140625,175.08999633789062,157.64553833007812,10376300,0.0,0.0
2022-02-08 00:00:00-05:00,174.30999755859375,179.2899932861328,173.97999572753906,178.58999633789062,160.79681396484375,10163900,0.0,0.0
2022-02-09 00:00:00-05:00,181.39999389648438,184.0,178.9499969482422,183.9499969482422,165.622802734375,9666900,0.0,0.0
2022-02-10 00:00:00-05:00,179.39999389648438,181.99000549316406,173.4499969482422,174.07000732421875,156.72715759277344,14362200,0.0,0.0
2022-02-11 00:00:00-05:00,174.6999969482422,175.47999572753906,163.5500030517578,164.63999938964844,148.2366485595703,13572000,0.0,0.0
2022-02-14 00:00:00-05:00,165.35000610351562,167.85000610351562,162.47999572753906,165.1300048828125,148.67787170410156,8381700,0.0,0.0
2022-02-15 00:00:00-05:00,169.0,173.9600067138672,168.25,173.0,155.7637939453125,11100000,0.0,0.0
2022-02-16 00:00:00-05:00,170.67999267578125,173.2100067138672,168.25999450683594,172.60000610351562,155.4036407470703,8340600,0.0,0.0
2022-02-17 00:00:00-05:00,169.8800048828125,170.77000427246094,166.6999969482422,166.8000030517578,150.18145751953125,8878900,0.0,0.0
2022-02-18 00:00:00-05:00,167.47000122070312,170.4499969482422,164.24000549316406,167.63999938964844,150.93777465820312,9591700,0.0,0.0
2022-02-22 00:00:00-05:00,164.05999755859375,169.9600067138672,163.60000610351562,165.88999938964844,149.36212158203125,9835500,0.0,0.0
2022-02-23 00:00:00-05:00,166.64999389648438,169.16000366210938,161.32000732421875,161.6199951171875,145.51754760742188,9749000,0.0,0.0
2022-02-24 00:00:00-05:00,156.88999938964844,168.36000061035156,155.7899932861328,167.97999572753906,151.24395751953125,12567000,0.0,0.0
2022-02-25 00:00:00-05:00,167.61000061035156,171.08999633789062,165.60000610351562,170.92999267578125,153.9000244140625,7350200,0.0,0.0
2022-02-28 00:00:00-05:00,168.3000030517578,172.99000549316406,168.1999969482422,171.99000549316406,154.85438537597656,10638900,0.0,0.0
2022-03-01 00:00:00-05:00,170.9600067138672,171.83999633789062,161.72000122070312,163.69000244140625,147.38133239746094,10723300,0.0,0.0
2022-03-02 00:00:00-05:00,165.25,170.49000549316406,164.35000610351562,169.25,153.02308654785156,7299400,0.68,0.0
2022-03-03 00:00:00-05:00,170.6699981689453,170.8300018310547,164.5,165.35000610351562,149.49697875976562,8553900,0.0,0.0
2022-03-04 00:00:00-05:00,163.85000610351562,166.07000732421875,159.88999938964844,162.25999450683594,146.70321655273438,9057300,0.0,0.0
2022-03-07 00:00:00-05:00,162.32000732421875,163.16000366210938,150.0,150.10000610351562,135.70909118652344,13416100,0.0,0.0
2022-03-08 00:00:00-05:00,150.66000366210938,158.33999633789062,147.8800048828125,150.75999450683594,136.30581665039062,11878400,0.0,0.0
2022-03-09 00:00:00-05:00,156.00999450683594,158.47999572753906,154.1699981689453,157.11000061035156,142.04698181152344,9276800,0.0,0.0
2022-03-10 00:00:00-05:00,154.0399932861328,155.3000030517578,150.3300018310547,154.7100067138672,139.87710571289062,8888800,0.0,0.0
2022-03-11 00:00:00-05:00,157.9499969482422,158.32000732421875,152.02000427246094,152.33999633789062,137.73431396484375,7394400,0.0,0.0
2022-03-14 00:00:00-04:00,150.8000030517578,151.2899932861328,140.47000122070312,141.2899932861328,127.74373626708984,16154200,0.0,0.0
2022-03-15 00:00:00-04:00,142.5,144.42999267578125,139.0500030517578,144.2100067138672,130.38381958007812,13893000,0.0,0.0
2022-03-16 00:00:00-04:00,146.97000122070312,151.55999755859375,143.57000732421875,150.4499969482422,136.0255584716797,11727700,0.0,0.0
2022-03-17 00:00:00-04:00,149.19000244140625,152.94000244140625,146.5800018310547,152.8300018310547,138.1773681640625,8602900,0.0,0.0
2022-03-18 00:00:00-04:00,152.52000427246094,156.02999877929688,149.00999450683594,153.99000549316406,139.22616577148438,18454200,0.0,0.0
2022-03-21 00:00:00-04:00,153.99000549316406,157.7100067138672,152.80999755859375,155.58999633789062,140.6727294921875,8986400,0.0,0.0
2022-03-22 00:00:00-04:00,155.4499969482422,159.94000244140625,154.77000427246094,157.61000061035156,142.49903869628906,7220500,0.0,0.0
2022-03-23 00:00:00-04:00,156.11000061035156,157.2100067138672,152.5800018310547,152.8699951171875,138.21348571777344,7245600,0.0,0.0
2022-03-24 00:00:00-04:00,154.3000030517578,158.55999755859375,153.58999633789062,158.4600067138672,143.26756286621094,9261000,0.0,0.0
2022-03-25 00:00:00-04:00,157.97000122070312,158.4600067138672,155.17999267578125,157.97000122070312,142.8245391845703,7198700,0.0,0.0
2022-03-28 00:00:00-04:00,156.5,158.5,154.0500030517578,158.4499969482422,143.25852966308594,9470800,0.0,0.0
2022-03-29 00:00:00-04:00,161.2100067138672,161.3000030517578,156.64999389648438,161.07000732421875,145.62733459472656,10212400,0.0,0.0
2022-03-30 00:00:00-04:00,159.38999938964844,160.27000427246094,151.7899932861328,152.72999572753906,138.0869140625,14777800,0.0,0.0
2022-03-31 00:00:00-04:00,152.88999938964844,155.13999938964844,151.02999877929688,152.82000732421875,138.1682891845703,13364200,0.0,0.0
2022-04-01 00:00:00-04:00,151.94000244140625,152.8699951171875,142.55999755859375,146.99000549316406,132.89724731445312,19762100,0.0,0.0
2022-04-04 00:00:00-04:00,147.74000549316406,154.1300048828125,146.66000366210938,153.80999755859375,139.06336975097656,12116000,0.0,0.0
2022-04-05 00:00:00-04:00,151.80999755859375,152.00999450683594,145.27000427246094,145.4600067138672,131.51397705078125,15946100,0.0,0.0
2022-04-06 00:00:00-04:00,142.89999389648438,143.0,137.4600067138672,139.27999877929688,125.92646789550781,21054200,0.0,0.0
2022-04-07 00:00:00-04:00,139.7899932861328,141.49000549316406,136.9199981689453,139.22000122070312,125.87222290039062,10201200,0.0,0.0
2022-04-08 00:00:00-04:00,138.5399932861328,139.9600067138672,136.36000061035156,136.69000244140625,123.58480072021484,12992500,0.0,0.0
2022-04-11 00:00:00-04:00,134.2899932861328,137.61000061035156,133.69000244140625,135.36000061035156,122.38229370117188,11210400,0.0,0.0
2022-04-12 00:00:00-04:00,137.9199981689453,140.16000366210938,135.5,136.08999633789062,123.04229736328125,10591300,0.0,0.0
2022-04-13 00:00:00-04:00,137.5399932861328,142.58999633789062,136.47999572753906,140.5,127.02948760986328,10440800,0.0,0.0
2022-04-14 00:00:00-04:00,141.0500030517578,141.55999755859375,136.67999267578125,136.91000366210938,123.78370666503906,8002600,0.0,0.0
2022-04-18 00:00:00-04:00,135.6199951171875,140.35000610351562,135.55999755859375,139.32000732421875,125.96261596679688,8785700,0.0,0.0
2022-04-19 00:00:00-04:00,138.8300018310547,141.39999389648438,137.5399932861328,141.0500030517578,127.5267562866211,7213800,0.0,0.0
2022-04-20 00:00:00-04:00,143.2100067138672,144.80999755859375,140.05999755859375,140.33999633789062,126.88483428955078,7731600,0.0,0.0
2022-04-21 00:00:00-04:00,142.33999633789062,143.63999938964844,135.25999450683594,136.11000061035156,123.0604019165039,8576500,0.0,0.0
2022-04-22 00:00:00-04:00,136.1300048828125,137.3300018310547,132.64999389648438,132.80999755859375,120.07674407958984,8315100,0.0,0.0
2022-04-25 00:00:00-04:00,131.32000732421875,136.80999755859375,130.91000366210938,136.55999755859375,123.46722412109375,9673200,0.0,0.0
2022-04-26 00:00:00-04:00,135.02000427246094,136.35000610351562,132.6300048828125,133.5,120.70059967041016,9262800,0.0,0.0
2022-04-27 00:00:00-04:00,130.82000732421875,138.11000061035156,130.66000366210938,135.10000610351562,122.14720916748047,13855900,0.0,0.0
2022-04-28 00:00:00-04:00,142.8699951171875,151.1999969482422,139.1300048828125,148.19000244140625,133.98220825195312,31111100,0.0,0.0
2022-04-29 00:00:00-04:00,145.80999755859375,147.5,139.52000427246094,139.69000244140625,126.29715728759766,13693100,0.0,0.0
2022-05-02 00:00:00-04:00,140.60000610351562,145.66000366210938,139.16000366210938,145.27000427246094,131.34213256835938,13320900,0.0,0.0
2022-05-03 00:00:00-04:00,144.7100067138672,145.69000244140625,142.75999450683594,144.25999450683594,130.4290008544922,7556800,0.0,0.0
2022-05-04 00:00:00-04:00,144.5800018310547,149.5,140.35000610351562,149.0500030517578,134.759765625,11038100,0.0,0.0
2022-05-05 00:00:00-04:00,146.97999572753906,146.97999572753906,139.17999267578125,141.63999938964844,128.06019592285156,14561400,0.0,0.0
2022-05-06 00:00:00-04:00,141.25,144.10000610351562,137.8800048828125,140.5800018310547,127.10179901123047,10080600,0.0,0.0
2022-05-09 00:00:00-04:00,137.99000549316406,140.11000061035156,134.05999755859375,134.9199981689453,121.98448944091797,11668100,0.0,0.0
2022-05-10 00:00:00-04:00,139.5,139.8000030517578,134.6300048828125,136.80999755859375,123.6932601928711,8841200,0.0,0.0
2022-05-11 00:00:00-04:00,135.02999877929688,138.2899932861328,131.88999938964844,132.3000030517578,119.61567687988281,11530900,0.0,0.0
2022-05-12 00:00:00-04:00,131.0,133.05999755859375,127.81999969482422,131.77000427246094,119.1364974975586,10749800,0.0,0.0
2022-05-13 00:00:00-04:00,134.2899932861328,135.99000549316406,132.5,134.92999267578125,121.99351501464844,9280700,0.0,0.0
2022-05-16 00:00:00-04:00,133.97999572753906,135.97999572753906,132.0,133.91000366210938,121.07132720947266,6378800,0.0,0.0
2022-05-17 00:00:00-04:00,137.25,140.0,136.6999969482422,139.69000244140625,126.29715728759766,9094100,0.0,0.0
2022-05-18 00:00:00-04:00,136.8300018310547,137.27999877929688,129.8800048828125,130.4499969482422,117.94303131103516,11992700,0.0,0.0
2022-05-19 00:00:00-04:00,130.4499969482422,133.38999938964844,129.47999572753906,130.57000732421875,118.0515365600586,8419500,0.0,0.0
2022-05-20 00:00:00-04:00,132.8800048828125,133.2899932861328,125.86000061035156,131.60000610351562,118.98278045654297,11370100,0.0,0.0
2022-05-23 00:00:00-04:00,129.9499969482422,132.42999267578125,128.14999389648438,132.1199951171875,119.4529037475586,10023400,0.0,0.0
2022-05-24 00:00:00-04:00,130.33999633789062,130.33999633789062,126.05000305175781,128.52999877929688,116.20712280273438,9157100,0.0,0.0
2022-05-25 00:00:00-04:00,127.80000305175781,132.07000732421875,127.25,131.22999572753906,118.64826202392578,9766000,0.0,0.0
2022-05-26 00:00:00-04:00,130.00999450683594,136.0,129.86000061035156,134.83999633789062,121.91215515136719,7932800,0.0,0.0
2022-05-27 00:00:00-04:00,136.10000610351562,140.13999938964844,136.10000610351562,139.75999450683594,126.36045837402344,9180800,0.0,0.0
2022-05-31 00:00:00-04:00,139.5,143.97000122070312,137.44000244140625,143.22000122070312,129.48870849609375,16007300,0.0,0.0
2022-06-01 00:00:00-04:00,142.5500030517578,143.91000366210938,138.1699981689453,140.02000427246094,127.26194763183594,8514300,0.75,0.0
2022-06-02 00:00:00-04:00,140.25999450683594,146.25,139.6999969482422,146.1999969482422,132.8788604736328,9589500,0.0,0.0
2022-06-03 00:00:00-04:00,142.17999267578125,143.44000244140625,140.61000061035156,141.22000122070312,128.35260009765625,7458900,0.0,0.0
2022-06-06 00:00:00-04:00,144.9499969482422,144.97000122070312,139.9199981689453,140.44000244140625,127.64363861083984,7238700,0.0,0.0
2022-06-07 00:00:00-04:00,139.1300048828125,142.14999389648438,138.49000549316406,141.88999938964844,128.9615478515625,6062800,0.0,0.0
2022-06-08 00:00:00-04:00,140.75,141.75999450683594,137.4499969482422,138.9600067138672,126.29853820800781,6773000,0.0,0.0
2022-06-09 00:00:00-04:00,137.77000427246094,140.44000244140625,136.69000244140625,136.7100067138672,124.25354766845703,7153200,0.0,0.0
2022-06-10 00:00:00-04:00,134.75,136.05999755859375,132.4199981689453,133.1999969482422,121.0633316040039,8544700,0.0,0.0
2022-06-13 00:00:00-04:00,130.58999633789062,131.35000610351562,126.5999984741211,128.66000366210938,116.93701934814453,12320900,0.0,0.0
2022-06-14 00:00:00-04:00,130.2100067138672,131.92999267578125,128.82000732421875,130.25999450683594,118.39122772216797,6794700,0.0,0.0
2022-06-15 00:00:00-04:00,131.6699981689453,133.27999877929688,128.2100067138672,131.02999877929688,119.09107971191406,7860000,0.0,0.0
2022-06-16 00:00:00-04:00,126.26000213623047,126.6500015258789,119.02999877929688,120.81999969482422,109.81137084960938,16422800,0.0,0.0
2022-06-17 00:00:00-04:00,121.41999816894531,122.83000183105469,118.36000061035156,120.98999786376953,109.96586608886719,17273400,0.0,0.0
2022-06-21 00:00:00-04:00,123.7699966430664,126.12000274658203,123.72000122070312,124.38999938964844,113.05608367919922,9208500,0.0,0.0
2022-06-22 00:00:00-04:00,121.80000305175781,123.66000366210938,120.36000061035156,122.16000366210938,111.02926635742188,9081000,0.0,0.0
2022-06-23 00:00:00-04:00,122.75,122.93000030517578,118.2300033569336,120.08999633789062,109.14789581298828,7908900,0.0,0.0
2022-06-24 00:00:00-04:00,122.37999725341797,125.37000274658203,121.76000213623047,125.0999984741211,113.70137786865234,8128000,0.0,0.0
2022-06-27 00:00:00-04:00,126.19999694824219,130.0399932861328,125.44000244140625,127.18000030517578,115.59186553955078,9947300,0.0,0.0
2022-06-28 00:00:00-04:00,129.77999877929688,136.4499969482422,126.5999984741211,131.60000610351562,119.60914611816406,27081900,0.0,0.0
2022-06-29 00:00:00-04:00,130.0800018310547,131.57000732421875,126.9000015258789,130.22999572753906,118.36396789550781,9973300,0.0,0.0
2022-06-30 00:00:00-04:00,127.61000061035156,130.08999633789062,125.33000183105469,127.73999786376953,116.10083770751953,9277900,0.0,0.0
2022-07-01 00:00:00-04:00,125.75,126.76000213623047,122.0999984741211,123.52999877929688,112.27444458007812,7672800,0.0,0.0
2022-07-05 00:00:00-04:00,121.0999984741211,126.16999816894531,120.36000061035156,125.83000183105469,114.36487579345703,8113100,0.0,0.0
2022-07-06 00:00:00-04:00,126.05999755859375,128.22999572753906,125.05999755859375,127.05999755859375,115.48279571533203,6038400,0.0,0.0
2022-07-07 00:00:00-04:00,130.64999389648438,134.7100067138672,130.25999450683594,134.39999389648438,122.15401458740234,9408100,0.0,0.0
2022-07-08 00:00:00-04:00,132.52000427246094,136.38999938964844,131.6199951171875,136.00999450683594,123.61732482910156,8393200,0.0,0.0
2022-07-11 00:00:00-04:00,133.58999633789062,134.60000610351562,131.32000732421875,132.24000549316406,120.19082641601562,5887200,0.0,0.0
2022-07-12 00:00:00-04:00,133.74000549316406,135.35000610351562,131.9600067138672,132.9499969482422,120.83613586425781,5991300,0.0,0.0
2022-07-13 00:00:00-04:00,130.5500030517578,136.77999877929688,130.52000427246094,135.63999938964844,123.28103637695312,7200200,0.0,0.0
2022-07-14 00:00:00-04:00,134.94000244140625,142.35000610351562,133.85000610351562,141.89999389648438,128.97061157226562,10718700,0.0,0.0
2022-07-15 00:00:00-04:00,143.75999450683594,145.47999572753906,142.02999877929688,144.3699951171875,131.21556091308594,11880500,0.0,0.0
2022-07-18 00:00:00-04:00,145.97000122070312,146.42999267578125,140.82000732421875,141.69000244140625,128.77978515625,7856600,0.0,0.0
2022-07-19 00:00:00-04:00,144.13999938964844,148.47000122070312,143.17999267578125,147.3699951171875,133.9422149658203,9686500,0.0,0.0
2022-07-20 00:00:00-04:00,147.42999267578125,152.3300018310547,146.6199951171875,151.7100067138672,137.88682556152344,8517400,0.0,0.0
2022-07-21 00:00:00-04:00,152.8800048828125,155.9199981689453,150.6300048828125,155.86000061035156,141.65869140625,8060400,0.0,0.0
2022-07-22 00:00:00-04:00,155.66000366210938,156.66000366210938,152.35000610351562,153.6999969482422,139.69546508789062,7200100,0.0,0.0
2022-07-25 00:00:00-04:00,152.8000030517578,154.0399932861328,151.6699981689453,153.25,139.2864990234375,4928900,0.0,0.0
2022-07-26 00:00:00-04:00,152.6199951171875,152.6999969482422,149.80999755859375,149.97000122070312,136.30532836914062,5941800,0.0,0.0
2022-07-27 00:00:00-04:00,151.52999877929688,154.8000030517578,150.5500030517578,153.4199981689453,139.44097900390625,12863000,0.0,0.0
2022-07-28 00:00:00-04:00,149.77999877929688,149.99000549316406,143.0,146.4499969482422,133.10609436035156,17051000,0.0,0.0
2022-07-29 00:00:00-04:00,144.60000610351562,145.30999755859375,140.6699981689453,145.05999755859375,131.84271240234375,11749400,0.0,0.0
2022-08-01 00:00:00-04:00,144.30999755859375,149.4600067138672,144.07000732421875,147.42999267578125,133.9967498779297,7611400,0.0,0.0
2022-08-02 00:00:00-04:00,145.69000244140625,149.39999389648438,144.83999633789062,147.02999877929688,133.6332244873047,5946400,0.0,0.0
2022-08-03 00:00:00-04:00,147.66000366210938,150.33999633789062,146.58999633789062,149.16000366210938,135.56915283203125,6890200,0.0,0.0
2022-08-04 00:00:00-04:00,148.67999267578125,151.16000366210938,147.7100067138672,151.00999450683594,137.2506103515625,6254700,0.0,0.0
2022-08-05 00:00:00-04:00,148.57000732421875,151.27999877929688,147.6699981689453,150.2100067138672,136.52349853515625,5041300,0.0,0.0
2022-08-08 00:00:00-04:00,149.80999755859375,151.19000244140625,146.5500030517578,147.80999755859375,134.34217834472656,5553300,0.0,0.0
2022-08-09 00:00:00-04:00,145.58999633789062,146.5,141.30999755859375,142.50999450683594,129.52503967285156,6770800,0.0,0.0
2022-08-10 00:00:00-04:00,145.85000610351562,147.17999267578125,143.69000244140625,146.99000549316406,133.5968475341797,6840000,0.0,0.0
2022-08-11 00:00:00-04:00,148.30999755859375,151.63999938964844,147.02000427246094,147.8300018310547,134.3603057861328,6243200,0.0,0.0
2022-08-12 00:00:00-04:00,148.0,151.47000122070312,147.17999267578125,151.2899932861328,137.5050506591797,4967500,0.0,0.0
2022-08-15 00:00:00-04:00,150.32000732421875,152.6999969482422,148.39999389648438,152.1300048828125,138.26852416992188,4502900,0.0,0.0
2022-08-16 00:00:00-04:00,151.4499969482422,152.49000549316406,148.85000610351562,150.02999877929688,136.35987854003906,5270800,0.0,0.0
2022-08-17 00:00:00-04:00,148.22999572753906,149.6300048828125,146.36000061035156,148.52999877929688,134.9965362548828,5169600,0.0,0.0
2022-08-18 00:00:00-04:00,148.07000732421875,152.91000366210938,147.75999450683594,151.3800048828125,137.58685302734375,7808200,0.0,0.0
2022-08-19 00:00:00-04:00,149.2899932861328,150.3800048828125,146.89999389648438,147.60000610351562,134.1512908935547,5400300,0.0,0.0
2022-08-22 00:00:00-04:00,145.3000030517578,145.80999755859375,141.10000610351562,141.61000061035156,128.70704650878906,6736800,0.0,0.0
2022-08-23 00:00:00-04:00,142.08999633789062,143.61000061035156,140.55999755859375,140.72000122070312,127.89817810058594,4499300,0.0,0.0
2022-08-24 00:00:00-04:00,140.25,141.7100067138672,138.61000061035156,141.30999755859375,128.43435668945312,5113100,0.0,0.0
2022-08-25 00:00:00-04:00,142.33999633789062,147.0,142.02000427246094,146.25,132.92430114746094,5618800,0.0,0.0
2022-08-26 00:00:00-04:00,146.16000366210938,147.36000061035156,138.0500030517578,138.3800048828125,125.77137756347656,7918600,0.0,0.0
2022-08-29 00:00:00-04:00,137.80999755859375,139.1300048828125,136.11000061035156,137.0800018310547,124.58984375,6852300,0.0,0.0
2022-08-30 00:00:00-04:00,137.8000030517578,138.3000030517578,132.94000244140625,134.41000366210938,122.1631088256836,6147400,0.0,0.0
2022-08-31 00:00:00-04:00,133.7899932861328,134.1699981689453,131.3000030517578,132.27000427246094,120.89266204833984,8701100,0.75,0.0
2022-09-01 00:00:00-04:00,129.97999572753906,130.1300048828125,126.08000183105469,129.9199981689453,118.74480438232422,8716300,0.0,0.0
2022-09-02 00:00:00-04:00,131.63999938964844,132.6699981689453,127.55999755859375,128.47999572753906,117.42865753173828,6121400,0.0,0.0
2022-09-06 00:00:00-04:00,128.83999633789062,129.52000427246094,126.20999908447266,126.66999816894531,115.77434539794922,6674200,0.0,0.0
2022-09-07 00:00:00-04:00,127.47000122070312,129.77999877929688,126.37000274658203,128.60000610351562,117.5383529663086,5340100,0.0,0.0
2022-09-08 00:00:00-04:00,127.47000122070312,129.8000030517578,125.9000015258789,128.85000610351562,117.76683044433594,6618800,0.0,0.0
2022-09-09 00:00:00-04:00,130.67999267578125,132.61000061035156,130.30999755859375,132.0500030517578,120.69160461425781,5097300,0.0,0.0
2022-09-12 00:00:00-04:00,133.0,134.22000122070312,132.32000732421875,133.0,121.55985260009766,7081300,0.0,0.0
2022-09-13 00:00:00-04:00,128.3800048828125,129.89999389648438,124.48999786376953,124.93000030517578,114.18400573730469,9610900,0.0,0.0
2022-09-14 00:00:00-04:00,126.2699966430664,127.9000015258789,125.5,127.52999877929688,116.56036376953125,7509300,0.0,0.0
2022-09-15 00:00:00-04:00,126.69999694824219,128.0800018310547,124.2300033569336,124.9800033569336,114.229736328125,7459600,0.0,0.0
2022-09-16 00:00:00-04:00,124.12000274658203,125.73999786376953,123.05000305175781,124.94999694824219,114.2022933959961,13818500,0.0,0.0
2022-09-19 00:00:00-04:00,123.62000274658203,127.18000030517578,123.41000366210938,126.6500015258789,115.75607299804688,5922700,0.0,0.0
2022-09-20 00:00:00-04:00,125.73999786376953,126.55000305175781,123.88999938964844,124.7699966430664,114.03778076171875,5672700,0.0,0.0
2022-09-21 00:00:00-04:00,125.44000244140625,129.7899932861328,124.5,124.62000274658203,113.90068817138672,8123700,0.0,0.0
2022-09-22 00:00:00-04:00,124.75,125.16000366210938,122.47000122070312,123.68000030517578,113.04153442382812,8753000,0.0,0.0
2022-09-23 00:00:00-04:00,122.33999633789062,122.68000030517578,119.05000305175781,121.19000244140625,110.76573181152344,10681300,0.0,0.0
2022-09-26 00:00:00-04:00,121.54000091552734,123.18000030517578,119.58999633789062,119.73999786376953,109.44043731689453,6424600,0.0,0.0
2022-09-27 00:00:00-04:00,121.55999755859375,122.68000030517578,118.75,120.33999633789062,109.98883819580078,5544400,0.0,0.0
2022-09-28 00:00:00-04:00,118.58000183105469,120.44999694824219,117.77999877929688,118.93000030517578,108.70011901855469,11321200,0.0,0.0
2022-09-29 00:00:00-04:00,117.27999877929688,117.47000122070312,113.45999908447266,114.83999633789062,104.96190643310547,12125800,0.0,0.0
2022-09-30 00:00:00-04:00,113.76000213623047,116.27999877929688,112.91999816894531,112.9800033569336,103.26190948486328,7568100,0.0,0.0
2022-10-03 00:00:00-04:00,114.98999786376953,118.31999969482422,113.66999816894531,117.22000122070312,107.13720703125,7481700,0.0,0.0
2022-10-04 00:00:00-04:00,120.4000015258789,122.44999694824219,120.31999969482422,122.37000274658203,111.84423065185547,6637200,0.0,0.0
2022-10-05 00:00:00-04:00,120.87999725341797,125.55999755859375,120.52999877929688,124.88999938964844,114.1474609375,7070300,0.0,0.0
2022-10-06 00:00:00-04:00,124.51000213623047,127.20999908447266,124.4000015258789,125.27999877929688,114.50390625,6238600,0.0,0.0
2022-10-07 00:00:00-04:00,122.62000274658203,124.11000061035156,120.31999969482422,120.91000366210938,110.50981903076172,8618500,0.0,0.0
2022-10-10 00:00:00-04:00,120.58999633789062,121.04000091552734,113.44999694824219,114.5999984741211,104.74256134033203,9512600,0.0,0.0
2022-10-11 00:00:00-04:00,112.0,112.48999786376953,108.6500015258789,110.02999877929688,100.56566619873047,10758800,0.0,0.0
2022-10-12 00:00:00-04:00,110.31999969482422,110.80000305175781,108.37999725341797,108.63999938964844,99.29521942138672,6987900,0.0,0.0
2022-10-13 00:00:00-04:00,105.37999725341797,115.19999694824219,104.66000366210938,112.86000061035156,103.1522216796875,10455000,0.0,0.0
2022-10-14 00:00:00-04:00,114.62999725341797,114.98999786376953,109.79000091552734,109.94999694824219,100.49253845214844,7989800,0.0,0.0
2022-10-17 00:00:00-04:00,113.91999816894531,114.4800033569336,110.61000061035156,111.58999633789062,101.99146270751953,7886400,0.0,0.0
2022-10-18 00:00:00-04:00,114.94999694824219,116.08999633789062,109.54000091552734,111.20999908447266,101.6441650390625,8908900,0.0,0.0
2022-10-19 00:00:00-04:00,110.86000061035156,113.66999816894531,110.75,112.8499984741211,103.14309692382812,5620200,0.0,0.0
2022-10-20 00:00:00-04:00,113.16999816894531,116.08999633789062,111.72000122070312,111.9800033569336,102.34793090820312,7736400,0.0,0.0
2022-10-21 00:00:00-04:00,111.75,115.98999786376953,111.0199966430664,115.73999786376953,105.78450775146484,7490100,0.0,0.0
2022-10-24 00:00:00-04:00,116.33999633789062,117.0199966430664,114.23999786376953,116.37999725341797,106.36946105957031,6525700,0.0,0.0
2022-10-25 00:00:00-04:00,116.56999969482422,119.94000244140625,116.2300033569336,119.16999816894531,108.91947174072266,6205100,0.0,0.0
2022-10-26 00:00:00-04:00,118.04000091552734,120.73999786376953,116.16000366210938,118.11000061035156,107.95064544677734,7342300,0.0,0.0
2022-10-27 00:00:00-04:00,119.31999969482422,120.5999984741211,114.37999725341797,114.69999694824219,104.83395385742188,8937200,0.0,0.0
2022-10-28 00:00:00-04:00,114.16999816894531,119.44999694824219,112.33000183105469,119.20999908447266,108.9560317993164,9418700,0.0,0.0
2022-10-31 00:00:00-04:00,118.12999725341797,118.37999725341797,115.4000015258789,117.66000366210938,107.53934478759766,6870800,0.0,0.0
2022-11-01 00:00:00-04:00,119.73999786376953,120.62999725341797,116.75,117.33000183105469,107.23772430419922,5749100,0.0,0.0
2022-11-02 00:00:00-04:00,118.70999908447266,118.79000091552734,112.25,112.5,102.82320404052734,13936300,0.0,0.0
2022-11-03 00:00:00-04:00,104.37999725341797,106.5,101.93000030517578,103.87999725341797,94.94464874267578,24706100,0.0,0.0
2022-11-04 00:00:00-04:00,106.61000061035156,107.5,104.33000183105469,106.69000244140625,97.5129623413086,11977900,0.0,0.0
2022-11-07 00:00:00-05:00,107.4800033569336,110.27999877929688,106.26000213623047,110.08999633789062,100.62049102783203,7570800,0.0,0.0
2022-11-08 00:00:00-05:00,111.56999969482422,114.88999938964844,109.91999816894531,112.54000091552734,102.85975646972656,9383600,0.0,0.0
2022-11-09 00:00:00-05:00,111.45999908447266,113.51000213623047,110.2699966430664,110.43000030517578,100.9312515258789,9581300,0.0,0.0
2022-11-10 00:00:00-05:00,115.91000366210938,121.0,114.52999877929688,120.68000030517578,110.29959106445312,11673200,0.0,0.0
2022-11-11 00:00:00-05:00,118.98999786376953,122.16000366210938,118.98999786376953,121.43000030517578,110.98509216308594,9433800,0.0,0.0
2022-11-14 00:00:00-05:00,120.73999786376953,123.20999908447266,120.26000213623047,120.80000305175781,110.4092788696289,6971000,0.0,0.0
2022-11-15 00:00:00-05:00,125.6500015258789,128.1300048828125,123.41999816894531,126.0199966430664,115.18025207519531,12470200,0.0,0.0
2022-11-16 00:00:00-05:00,123.19999694824219,123.83999633789062,119.95999908447266,120.7300033569336,110.34529113769531,9561700,0.0,0.0
2022-11-17 00:00:00-05:00,118.94999694824219,123.12000274658203,118.70999908447266,122.86000061035156,112.29206848144531,7273700,0.0,0.0
2022-11-18 00:00:00-05:00,124.04000091552734,124.48999786376953,122.12999725341797,123.8499984741211,113.1969223022461,6436600,0.0,0.0
2022-11-21 00:00:00-05:00,121.08999633789062,122.5,120.0999984741211,120.19999694824219,109.86088562011719,8204200,0.0,0.0
2022-11-22 00:00:00-05:00,120.83999633789062,123.79000091552734,120.02999877929688,123.6500015258789,113.01411437988281,7010200,0.0,0.0
2022-11-23 00:00:00-05:00,123.54000091552734,127.04000091552734,123.29000091552734,125.1500015258789,114.38511657714844,5481500,0.0,0.0
2022-11-25 00:00:00-05:00,124.86000061035156,125.36000061035156,123.4000015258789,123.44999694824219,112.83132934570312,3153800,0.0,0.0
2022-11-28 00:00:00-05:00,122.16000366210938,123.44999694824219,118.8499984741211,119.54000091552734,109.25764465332031,7087500,0.0,0.0
2022-11-29 00:00:00-05:00,120.13999938964844,121.37000274658203,118.31999969482422,118.37999725341797,108.19741821289062,6277600,0.0,0.0
2022-11-30 00:00:00-05:00,118.75,126.5999984741211,118.06999969482422,126.48999786376953,116.3469467163086,12776700,0.75,0.0
2022-12-01 00:00:00-05:00,126.72000122070312,128.1999969482422,125.68000030517578,126.80999755859375,116.64130401611328,7924800,0.0,0.0
2022-12-02 00:00:00-05:00,123.70999908447266,125.81999969482422,123.12000274658203,125.66000366210938,115.58352661132812,6122200,0.0,0.0
2022-12-05 00:00:00-05:00,124.58000183105469,125.47000122070312,122.43000030517578,123.30000305175781,113.41275024414062,6091600,0.0,0.0
2022-12-06 00:00:00-05:00,122.81999969482422,123.0,118.56999969482422,119.77999877929688,110.17501068115234,5968000,0.0,0.0
2022-12-07 00:00:00-05:00,118.5,120.31999969482422,117.76000213623047,118.20999908447266,108.73091888427734,5427100,0.0,0.0
2022-12-08 00:00:00-05:00,118.9800033569336,122.3499984741211,118.18000030517578,121.75,111.98704528808594,7347600,0.0,0.0
2022-12-09 00:00:00-05:00,120.41000366210938,121.4000015258789,118.8499984741211,119.05000305175781,109.50355529785156,6036000,0.0,0.0
2022-12-12 00:00:00-05:00,116.05999755859375,121.25,116.05999755859375,121.20999908447266,111.4903564453125,9008400,0.0,0.0
2022-12-13 00:00:00-05:00,126.9800033569336,127.94999694824219,121.81999969482422,123.48999786376953,113.58751678466797,9712700,0.0,0.0
2022-12-14 00:00:00-05:00,124.2300033569336,126.58000183105469,120.0999984741211,121.70999908447266,111.95025634765625,9444100,0.0,0.0
2022-12-15 00:00:00-05:00,120.25,120.5199966430664,116.08000183105469,116.63999938964844,107.28680419921875,10207800,0.0,0.0
2022-12-16 00:00:00-05:00,116.08000183105469,116.66000366210938,113.3499984741211,114.52999877929688,105.34600830078125,12733900,0.0,0.0
2022-12-19 00:00:00-05:00,114.01000213623047,115.16000366210938,111.51000213623047,112.61000061035156,103.57998657226562,7720200,0.0,0.0
2022-12-20 00:00:00-05:00,111.4000015258789,112.77999877929688,111.0999984741211,112.0999984741211,103.1108627319336,6260200,0.0,0.0
2022-12-21 00:00:00-05:00,112.76000213623047,114.95999908447266,112.69000244140625,114.58999633789062,105.40119934082031,5843800,0.0,0.0
2022-12-22 00:00:00-05:00,112.56999969482422,112.58999633789062,107.37999725341797,110.68000030517578,101.80474090576172,12051400,0.0,0.0
2022-12-23 00:00:00-05:00,109.69999694824219,110.91999816894531,108.20999908447266,110.83999633789062,101.95191192626953,5356700,0.0,0.0
2022-12-27 00:00:00-05:00,109.75,110.69000244140625,108.88999938964844,109.45999908447266,100.68257904052734,6158100,0.0,0.0
2022-12-28 00:00:00-05:00,108.87000274658203,110.2699966430664,106.81999969482422,106.97000122070312,98.39222717285156,5395600,0.0,0.0
2022-12-29 00:00:00-05:00,108.3499984741211,110.66000366210938,108.11000061035156,109.83999633789062,101.03208923339844,6668600,0.0,0.0
2022-12-30 00:00:00-05:00,107.97000122070312,110.05999755859375,107.22000122070312,109.94000244140625,101.12407684326172,5642300,0.0,0.0
2023-01-03 00:00:00-05:00,111.3499984741211,111.73999786376953,107.12999725341797,107.19999694824219,98.6037826538086,8110400,0.0,0.0
2023-01-04 00:00:00-05:00,109.80000305175781,112.2300033569336,108.80999755859375,111.52999877929688,102.58657836914062,7614200,0.0,0.0
2023-01-05 00:00:00-05:00,109.93000030517578,110.91999816894531,109.12999725341797,109.4000015258789,100.62737274169922,7546000,0.0,0.0
2023-01-06 00:00:00-05:00,110.95999908447266,115.9800033569336,110.05000305175781,115.33999633789062,106.091064453125,10259300,0.0,0.0
2023-01-09 00:00:00-05:00,116.7300033569336,118.8499984741211,113.54000091552734,114.61000061035156,105.41960144042969,10291800,0.0,0.0
2023-01-10 00:00:00-05:00,114.0199966430664,116.97000122070312,113.72000122070312,116.91000366210938,107.5351791381836,6384800,0.0,0.0
2023-01-11 00:00:00-05:00,117.44000244140625,118.5,115.16999816894531,118.38999938964844,108.89647674560547,7374400,0.0,0.0
2023-01-12 00:00:00-05:00,119.23999786376953,122.37999725341797,117.6500015258789,121.58999633789062,111.83987426757812,9527600,0.0,0.0
2023-01-13 00:00:00-05:00,119.81999969482422,121.41999816894531,119.72000122070312,120.23999786376953,110.59812927246094,8040400,0.0,0.0
2023-01-17 00:00:00-05:00,119.73999786376953,121.31999969482422,119.0199966430664,120.27999877929688,110.6349105834961,6179500,0.0,0.0
2023-01-18 00:00:00-05:00,121.62000274658203,123.98999786376953,121.01000213623047,122.04000091552734,112.2538070678711,10960400,0.0,0.0
2023-01-19 00:00:00-05:00,121.05999755859375,121.0999984741211,117.41999816894531,117.58000183105469,108.15142822265625,8716200,0.0,0.0
2023-01-20 00:00:00-05:00,118.41999816894531,122.95999908447266,117.33999633789062,122.9000015258789,113.04483795166016,8895000,0.0,0.0
2023-01-23 00:00:00-05:00,126.54000091552734,132.05999755859375,125.81999969482422,131.02999877929688,120.52289581298828,13419500,0.0,0.0
2023-01-24 00:00:00-05:00,130.5500030517578,132.97000122070312,130.14999389648438,130.6999969482422,120.21935272216797,7952400,0.0,0.0
2023-01-25 00:00:00-05:00,128.4499969482422,131.5399932861328,127.69999694824219,131.1699981689453,120.65167236328125,6880300,0.0,0.0
2023-01-26 00:00:00-05:00,134.41000366210938,134.85000610351562,131.16000366210938,133.9600067138672,123.21796417236328,7413600,0.0,0.0
2023-01-27 00:00:00-05:00,131.49000549316406,134.88999938964844,131.4199981689453,133.39999389648438,122.7028579711914,6581900,0.0,0.0
2023-01-30 00:00:00-05:00,131.0500030517578,132.39999389648438,130.14999389648438,131.6300048828125,121.0748062133789,9854300,0.0,0.0
2023-01-31 00:00:00-05:00,131.32000732421875,133.63999938964844,131.32000732421875,133.2100067138672,122.5280990600586,7125100,0.0,0.0
2023-02-01 00:00:00-05:00,132.67999267578125,139.94000244140625,132.67999267578125,138.4600067138672,127.35709381103516,10500600,0.0,0.0
2023-02-02 00:00:00-05:00,138.4600067138672,139.16000366210938,134.8000030517578,135.85000610351562,124.95638275146484,17673200,0.0,0.0
2023-02-03 00:00:00-05:00,131.16000366210938,138.39999389648438,128.57000732421875,135.02000427246094,124.1929702758789,13187300,0.0,0.0
2023-02-06 00:00:00-05:00,132.27000427246094,134.8800048828125,131.86000061035156,132.92999267578125,122.27054595947266,6830500,0.0,0.0
2023-02-07 00:00:00-05:00,133.14999389648438,137.3800048828125,132.3300018310547,136.6300048828125,125.67383575439453,7664200,0.0,0.0
2023-02-08 00:00:00-05:00,135.30999755859375,136.27999877929688,131.75999450683594,132.1699981689453,121.57148742675781,7151700,0.0,0.0
2023-02-09 00:00:00-05:00,133.88999938964844,135.22999572753906,129.9199981689453,130.52999877929688,120.06298828125,5717500,0.0,0.0
2023-02-10 00:00:00-05:00,129.2899932861328,129.94000244140625,127.62000274658203,128.99000549316406,118.64649200439453,5319200,0.0,0.0
2023-02-13 00:00:00-05:00,129.4600067138672,131.42999267578125,128.38999938964844,130.83999633789062,120.34814453125,5550400,0.0,0.0
2023-02-14 00:00:00-05:00,129.1999969482422,132.8800048828125,128.36000061035156,132.33999633789062,121.72785186767578,5579900,0.0,0.0
2023-02-15 00:00:00-05:00,130.60000610351562,133.3300018310547,130.3000030517578,133.07000732421875,122.39933013916016,3501100,0.0,0.0
2023-02-16 00:00:00-05:00,130.75,132.58999633789062,129.9499969482422,130.16000366210938,119.72269439697266,5788400,0.0,0.0
2023-02-17 00:00:00-05:00,129.5,129.80999755859375,126.95999908447266,127.72000122070312,117.47832489013672,6022500,0.0,0.0
2023-02-21 00:00:00-05:00,125.45999908447266,127.62000274658203,123.55000305175781,123.69999694824219,113.78068542480469,8164400,0.0,0.0
2023-02-22 00:00:00-05:00,124.31999969482422,124.97000122070312,122.91999816894531,123.94999694824219,114.0106430053711,5517800,0.0,0.0
2023-02-23 00:00:00-05:00,126.61000061035156,127.2300033569336,123.66999816894531,126.19999694824219,116.0802001953125,6440200,0.0,0.0
2023-02-24 00:00:00-05:00,124.23999786376953,124.70999908447266,123.18000030517578,124.33999633789062,114.3693618774414,7357200,0.0,0.0
2023-02-27 00:00:00-05:00,126.5,126.5999984741211,123.04000091552734,123.41999816894531,113.52314758300781,7787200,0.0,0.0
2023-02-28 00:00:00-05:00,123.62000274658203,125.0999984741211,122.91999816894531,123.52999877929688,113.62431335449219,6491800,0.0,0.0
2023-03-01 00:00:00-05:00,123.77999877929688,125.47000122070312,122.9800033569336,123.68000030517578,114.45719909667969,5530600,0.75,0.0
2023-03-02 00:00:00-05:00,122.16000366210938,124.26000213623047,120.86000061035156,123.77999877929688,114.54975128173828,5258900,0.0,0.0
2023-03-03 00:00:00-05:00,123.98999786376953,124.20999908447266,121.66999816894531,123.5999984741211,114.38316345214844,7052100,0.0,0.0
2023-03-06 00:00:00-05:00,124.27999877929688,125.16999816894531,122.02999877929688,122.41000366210938,113.28191375732422,7031300,0.0,0.0
2023-03-07 00:00:00-05:00,122.4800033569336,122.5,118.27999877929688,119.19000244140625,110.3020248413086,8879700,0.0,0.0
2023-03-08 00:00:00-05:00,119.55000305175781,121.75,119.3499984741211,121.19999694824219,112.16213989257812,7633900,0.0,0.0
2023-03-09 00:00:00-05:00,121.27999877929688,121.91999816894531,116.94000244140625,117.22000122070312,108.47891998291016,8055500,0.0,0.0
2023-03-10 00:00:00-05:00,117.54000091552734,118.2300033569336,114.52999877929688,115.19000244140625,106.60029602050781,6884500,0.0,0.0
2023-03-13 00:00:00-04:00,113.76000213623047,116.23999786376953,113.27999877929688,114.43000030517578,105.89697265625,7673700,0.0,0.0
2023-03-14 00:00:00-04:00,116.41000366210938,117.05999755859375,113.91999816894531,116.55000305175781,107.85888671875,8312100,0.0,0.0
2023-03-15 00:00:00-04:00,115.25,116.18000030517578,113.13999938964844,115.48999786376953,106.8779296875,8596900,0.0,0.0
2023-03-16 00:00:00-04:00,117.0,120.83000183105469,115.91000366210938,120.51000213623047,111.52357482910156,11207800,0.0,0.0
2023-03-17 00:00:00-04:00,120.77999877929688,122.87000274658203,119.1500015258789,120.7300033569336,111.72718811035156,12304100,0.0,0.0
2023-03-20 00:00:00-04:00,120.7699966430664,122.0199966430664,119.80999755859375,121.81999969482422,112.73590850830078,5945000,0.0,0.0
2023-03-21 00:00:00-04:00,122.98999786376953,125.06999969482422,122.1500015258789,123.80000305175781,114.56826782226562,6900600,0.0,0.0
2023-03-22 00:00:00-04:00,124.0,126.23999786376953,121.87000274658203,121.97000122070312,112.87471008300781,7072700,0.0,0.0
2023-03-23 00:00:00-04:00,123.94000244140625,127.0,122.0999984741211,124.1500015258789,114.89215087890625,7353800,0.0,0.0
2023-03-24 00:00:00-04:00,123.62999725341797,124.93000030517578,122.25,124.76000213623047,115.4566650390625,6987200,0.0,0.0
2023-03-27 00:00:00-04:00,125.73999786376953,126.05999755859375,123.31999969482422,123.5999984741211,114.38316345214844,4818000,0.0,0.0
2023-03-28 00:00:00-04:00,123.5999984741211,123.68000030517578,120.20999908447266,121.33999633789062,112.29169464111328,5272100,0.0,0.0
2023-03-29 00:00:00-04:00,123.41999816894531,125.95999908447266,123.25,125.08999633789062,115.7620620727539,6410100,0.0,0.0
2023-03-30 00:00:00-04:00,127.08000183105469,128.19000244140625,126.43000030517578,127.4000015258789,117.89981079101562,8156400,0.0,0.0
2023-03-31 00:00:00-04:00,126.6500015258789,127.97000122070312,126.29000091552734,127.58000183105469,118.06639099121094,6222400,0.0,0.0
2023-04-03 00:00:00-04:00,126.98999786376953,127.56999969482422,123.61000061035156,124.73999786376953,115.43815612792969,6367800,0.0,0.0
2023-04-04 00:00:00-04:00,124.93000030517578,125.22000122070312,121.80999755859375,122.30000305175781,113.18011474609375,6962700,0.0,0.0
2023-04-05 00:00:00-04:00,121.41999816894531,123.22000122070312,121.25,123.04000091552734,113.86492156982422,6920900,0.0,0.0
2023-04-06 00:00:00-04:00,122.33999633789062,123.8499984741211,121.05000305175781,123.0,113.82791137695312,5260600,0.0,0.0
2023-04-10 00:00:00-04:00,122.08999633789062,124.58000183105469,121.68000030517578,124.29000091552734,115.021728515625,5243700,0.0,0.0
2023-04-11 00:00:00-04:00,125.25,125.25,123.16999816894531,123.56999969482422,114.35540008544922,5001400,0.0,0.0
2023-04-12 00:00:00-04:00,124.41000366210938,124.5,120.1500015258789,120.2699966430664,111.30148315429688,5288300,0.0,0.0
2023-04-13 00:00:00-04:00,120.05000305175781,121.66000366210938,119.12000274658203,121.12999725341797,112.09735107421875,6077100,0.0,0.0
2023-04-14 00:00:00-04:00,120.87000274658203,121.91999816894531,118.76000213623047,120.16000366210938,111.1996841430664,4833100,0.0,0.0
2023-04-17 00:00:00-04:00,119.12999725341797,119.83999633789062,118.16999816894531,119.37999725341797,110.47785186767578,6370200,0.0,0.0
2023-04-18 00:00:00-04:00,120.33999633789062,120.80000305175781,117.41000366210938,118.36000061035156,109.5339126586914,4829900,0.0,0.0
2023-04-19 00:00:00-04:00,117.25,118.69000244140625,116.44999694824219,118.54000091552734,109.70050048828125,4241900,0.0,0.0
2023-04-20 00:00:00-04:00,117.29000091552734,119.9000015258789,117.12000274658203,118.63999938964844,109.79303741455078,5125000,0.0,0.0
2023-04-21 00:00:00-04:00,117.87000274658203,118.19000244140625,116.55000305175781,117.76000213623047,108.9786605834961,4980700,0.0,0.0
2023-04-24 00:00:00-04:00,117.81999969482422,117.83000183105469,116.56999969482422,117.3499984741211,108.59922790527344,4097900,0.0,0.0
2023-04-25 00:00:00-04:00,116.73999786376953,116.83999633789062,113.68000030517578,114.05000305175781,105.54530334472656,7045200,0.0,0.0
2023-04-26 00:00:00-04:00,114.29000091552734,115.0999984741211,113.20999908447266,114.16000366210938,105.64710998535156,4671100,0.0,0.0
2023-04-27 00:00:00-04:00,113.87999725341797,114.30999755859375,112.1500015258789,113.91999816894531,105.42500305175781,6945700,0.0,0.0
2023-04-28 00:00:00-04:00,115.0999984741211,116.9000015258789,113.7300033569336,116.80000305175781,108.09025573730469,8652500,0.0,0.0
2023-05-01 00:00:00-04:00,117.20999908447266,117.58000183105469,115.51000213623047,115.83999633789062,107.20183563232422,6208500,0.0,0.0
2023-05-02 00:00:00-04:00,116.12999725341797,117.05999755859375,114.44000244140625,116.11000061035156,107.45169067382812,7081200,0.0,0.0
2023-05-03 00:00:00-04:00,116.66000366210938,116.81999969482422,112.5999984741211,112.83000183105469,104.41629028320312,11491700,0.0,0.0
2023-05-04 00:00:00-04:00,104.02999877929688,107.12000274658203,103.5,106.58000183105469,98.63233947753906,22117500,0.0,0.0
2023-05-05 00:00:00-04:00,108.20999908447266,109.2699966430664,105.7699966430664,108.77999877929688,100.66828155517578,10745600,0.0,0.0
2023-05-08 00:00:00-04:00,108.37999725341797,108.83000183105469,106.87000274658203,108.30999755859375,100.23333740234375,6694400,0.0,0.0
2023-05-09 00:00:00-04:00,107.0,107.43000030517578,105.30000305175781,105.7699966430664,97.88273620605469,7804100,0.0,0.0
2023-05-10 00:00:00-04:00,107.0,107.4800033569336,105.13999938964844,106.45999908447266,98.52128601074219,7980100,0.0,0.0
2023-05-11 00:00:00-04:00,106.29000091552734,106.51000213623047,103.68000030517578,104.05999755859375,96.30025482177734,10630500,0.0,0.0
2023-05-12 00:00:00-04:00,104.47000122070312,104.73999786376953,102.61000061035156,103.62000274658203,95.89307403564453,7635900,0.0,0.0
2023-05-15 00:00:00-04:00,103.76000213623047,106.4000015258789,102.88999938964844,106.27999877929688,98.3547134399414,7444900,0.0,0.0
2023-05-16 00:00:00-04:00,105.66999816894531,106.4800033569336,103.72000122070312,103.79000091552734,96.05039978027344,7027000,0.0,0.0
2023-05-17 00:00:00-04:00,104.19000244140625,105.44999694824219,103.58000183105469,104.80999755859375,96.99433135986328,9504700,0.0,0.0
2023-05-18 00:00:00-04:00,104.80999755859375,107.12000274658203,104.80999755859375,106.95999908447266,98.98402404785156,9142000,0.0,0.0
2023-05-19 00:00:00-04:00,106.94999694824219,107.12000274658203,105.5199966430664,105.86000061035156,97.9660415649414,5783200,0.0,0.0
2023-05-22 00:00:00-04:00,103.66999816894531,105.87000274658203,103.25,105.27999877929688,97.42927551269531,7912400,0.0,0.0
2023-05-23 00:00:00-04:00,104.06999969482422,105.63999938964844,103.47000122070312,103.55999755859375,95.83753204345703,7452500,0.0,0.0
2023-05-24 00:00:00-04:00,102.08000183105469,103.13999938964844,101.58000183105469,103.0199966430664,95.33781433105469,8193700,0.0,0.0
2023-05-25 00:00:00-04:00,101.93000030517578,104.11000061035156,101.47000122070312,104.0199966430664,96.26325225830078,11677400,0.0,0.0
2023-05-26 00:00:00-04:00,104.94000244140625,111.27999877929688,104.81999969482422,110.3499984741211,102.1212158203125,15969900,0.0,0.0
2023-05-30 00:00:00-04:00,114.5,116.69000244140625,112.61000061035156,116.0,107.34989166259766,18291800,0.0,0.0
2023-05-31 00:00:00-04:00,113.55999755859375,114.0,111.5999984741211,113.41000366210938,105.68187713623047,14924000,0.8,0.0
2023-06-01 00:00:00-04:00,114.55999755859375,116.55999755859375,112.30999755859375,115.83000183105469,107.93696594238281,8616500,0.0,0.0
2023-06-02 00:00:00-04:00,117.23999786376953,117.4000015258789,114.69000244140625,115.62000274658203,107.74127960205078,7873400,0.0,0.0
2023-06-05 00:00:00-04:00,115.43000030517578,115.91999816894531,112.63999938964844,112.7300033569336,105.0482177734375,7769300,0.0,0.0
2023-06-06 00:00:00-04:00,112.58000183105469,116.79000091552734,112.23999786376953,116.36000061035156,108.43084716796875,7594500,0.0,0.0
2023-06-07 00:00:00-04:00,116.62999725341797,117.16000366210938,114.48999786376953,115.18000030517578,107.33125305175781,7555400,0.0,0.0
2023-06-08 00:00:00-04:00,115.5999984741211,116.63999938964844,114.0999984741211,116.3499984741211,108.4215316772461,5793400,0.0,0.0
2023-06-09 00:00:00-04:00,117.48999786376953,120.8499984741211,117.37999725341797,119.11000061035156,110.99344635009766,13807000,0.0,0.0
2023-06-12 00:00:00-04:00,121.04000091552734,122.30999755859375,119.7699966430664,122.13999938964844,113.81698608398438,9675100,0.0,0.0
2023-06-13 00:00:00-04:00,124.27999877929688,125.4000015258789,122.75,124.43000030517578,115.95092010498047,8873200,0.0,0.0
2023-06-14 00:00:00-04:00,124.3499984741211,124.43000030517578,121.5,123.4000015258789,114.99112701416016,7324600,0.0,0.0
2023-06-15 00:00:00-04:00,121.58000183105469,124.69000244140625,121.04000091552734,123.61000061035156,115.18681335449219,8132600,0.0,0.0
2023-06-16 00:00:00-04:00,124.58999633789062,124.9800033569336,122.0999984741211,122.68000030517578,114.32018280029297,12905700,0.0,0.0
2023-06-20 00:00:00-04:00,121.94000244140625,122.37000274658203,118.70999908447266,119.81999969482422,111.65508270263672,8667400,0.0,0.0
2023-06-21 00:00:00-04:00,118.61000061035156,119.0199966430664,115.66999816894531,115.76000213623047,107.87174224853516,7925400,0.0,0.0
2023-06-22 00:00:00-04:00,116.01000213623047,116.68000030517578,114.91000366210938,116.4000015258789,108.46813201904297,7283000,0.0,0.0
2023-06-23 00:00:00-04:00,114.08999633789062,115.27999877929688,113.02999877929688,113.43000030517578,105.70050811767578,11958500,0.0,0.0
2023-06-26 00:00:00-04:00,114.55999755859375,117.61000061035156,114.30000305175781,116.62999725341797,108.68244171142578,9377000,0.0,0.0
2023-06-27 00:00:00-04:00,116.73999786376953,119.94000244140625,115.6500015258789,119.79000091552734,111.62711334228516,7308900,0.0,0.0
2023-06-28 00:00:00-04:00,117.0199966430664,118.0999984741211,116.58000183105469,117.54000091552734,109.53044891357422,6384800,0.0,0.0
2023-06-29 00:00:00-04:00,117.55999755859375,118.1500015258789,116.87999725341797,118.05999755859375,110.01502227783203,5138500,0.0,0.0
2023-06-30 00:00:00-04:00,119.5999984741211,119.86000061035156,118.37999725341797,119.04000091552734,110.92823028564453,6565100,0.0,0.0
2023-07-03 00:00:00-04:00,119.2699966430664,120.4800033569336,118.45999908447266,120.08999633789062,111.90669250488281,2662000,0.0,0.0
2023-07-05 00:00:00-04:00,119.0199966430664,119.05000305175781,117.0999984741211,117.12999725341797,109.14837646484375,6249200,0.0,0.0
2023-07-06 00:00:00-04:00,115.16000366210938,116.19999694824219,113.62000274658203,115.22000122070312,107.36854553222656,7544600,0.0,0.0
2023-07-07 00:00:00-04:00,115.37000274658203,117.7300033569336,114.76000213623047,115.94000244140625,108.03948211669922,6108400,0.0,0.0
2023-07-10 00:00:00-04:00,116.47000122070312,118.27999877929688,116.47000122070312,117.12000274658203,109.1390609741211,6037000,0.0,0.0
2023-07-11 00:00:00-04:00,117.80000305175781,117.87000274658203,114.88999938964844,116.87000274658203,108.9061050415039,5784000,0.0,0.0
2023-07-12 00:00:00-04:00,117.55999755859375,119.2300033569336,117.0999984741211,118.68000030517578,110.5927505493164,8371300,0.0,0.0
2023-07-13 00:00:00-04:00,120.0,123.41999816894531,119.87999725341797,123.12000274658203,114.7302017211914,9823000,0.0,0.0
2023-07-14 00:00:00-04:00,123.0,123.18000030517578,121.12999725341797,122.55999755859375,114.20836639404297,7892200,0.0,0.0
2023-07-17 00:00:00-04:00,122.33000183105469,124.45999908447266,120.76000213623047,123.4000015258789,114.99112701416016,6125000,0.0,0.0
2023-07-18 00:00:00-04:00,122.31999969482422,123.2300033569336,121.26000213623047,122.86000061035156,114.4879150390625,7481200,0.0,0.0
2023-07-19 00:00:00-04:00,125.33999633789062,127.0999984741211,124.30000305175781,124.41999816894531,115.94161987304688,8866700,0.0,0.0
2023-07-20 00:00:00-04:00,123.5199966430664,124.5999984741211,120.2300033569336,120.72000122070312,112.4937515258789,9148600,0.0,0.0
2023-07-21 00:00:00-04:00,121.93000030517578,126.66000366210938,121.37999725341797,124.72000122070312,116.22117614746094,23704100,0.0,0.0
2023-07-24 00:00:00-04:00,124.72000122070312,125.5999984741211,123.16999816894531,124.0999984741211,115.64344024658203,5859300,0.0,0.0
2023-07-25 00:00:00-04:00,124.19999694824219,125.9800033569336,124.19999694824219,125.06999969482422,116.54732513427734,5592100,0.0,0.0
2023-07-26 00:00:00-04:00,123.19999694824219,125.23999786376953,122.33999633789062,124.0199966430664,115.5688705444336,5291800,0.0,0.0
2023-07-27 00:00:00-04:00,126.55999755859375,127.7699966430664,124.91999816894531,125.8499984741211,117.274169921875,7917900,0.0,0.0
2023-07-28 00:00:00-04:00,128.3000030517578,129.9199981689453,127.55999755859375,129.47999572753906,120.65681457519531,11762200,0.0,0.0
2023-07-31 00:00:00-04:00,129.99000549316406,132.97000122070312,129.10000610351562,132.1699981689453,123.16351318359375,11029600,0.0,0.0
2023-08-01 00:00:00-04:00,131.9199981689453,132.38999938964844,130.24000549316406,132.0800018310547,123.07963562011719,7128700,0.0,0.0
2023-08-02 00:00:00-04:00,130.1999969482422,131.5800018310547,128.8300018310547,129.27000427246094,120.46112823486328,13711100,0.0,0.0
2023-08-03 00:00:00-04:00,116.97000122070312,119.11000061035156,114.88999938964844,118.69999694824219,110.61138916015625,29239600,0.0,0.0
2023-08-04 00:00:00-04:00,117.76000213623047,122.0,117.76000213623047,121.5,113.22059631347656,12658700,0.0,0.0
2023-08-07 00:00:00-04:00,122.20999908447266,122.73999786376953,117.91999816894531,119.33999633789062,111.2077865600586,7706500,0.0,0.0
2023-08-08 00:00:00-04:00,117.0,117.87999725341797,115.95999908447266,117.66000366210938,109.64225769042969,8934600,0.0,0.0
2023-08-09 00:00:00-04:00,117.2300033569336,118.11000061035156,116.5199966430664,116.56999969482422,108.62655639648438,5642500,0.0,0.0
2023-08-10 00:00:00-04:00,117.68000030517578,118.38999938964844,115.06999969482422,115.61000061035156,107.73196411132812,6224500,0.0,0.0
2023-08-11 00:00:00-04:00,114.12999725341797,115.45999908447266,113.72000122070312,114.61000061035156,106.80010223388672,5712500,0.0,0.0
2023-08-14 00:00:00-04:00,113.87999725341797,114.5199966430664,112.80999755859375,114.0199966430664,106.25030517578125,8537500,0.0,0.0
2023-08-15 00:00:00-04:00,113.33999633789062,113.51000213623047,111.4000015258789,111.68000030517578,104.06976318359375,6843600,0.0,0.0
2023-08-16 00:00:00-04:00,111.3499984741211,111.91999816894531,110.05000305175781,110.1500015258789,102.64403533935547,6426700,0.0,0.0
2023-08-17 00:00:00-04:00,110.19000244140625,111.12999725341797,109.66000366210938,110.08000183105469,102.57878112792969,6250500,0.0,0.0
2023-08-18 00:00:00-04:00,108.81999969482422,110.5199966430664,108.5,110.0999984741211,102.5974349975586,6384700,0.0,0.0
2023-08-21 00:00:00-04:00,109.83999633789062,110.95999908447266,109.0,110.68000030517578,103.13790893554688,6539800,0.0,0.0
2023-08-22 00:00:00-04:00,111.47000122070312,111.83999633789062,109.13999938964844,109.47000122070312,102.01036071777344,4587000,0.0,0.0
2023-08-23 00:00:00-04:00,109.33999633789062,111.52999877929688,108.8499984741211,111.16999816894531,103.5945053100586,6873900,0.0,0.0
2023-08-24 00:00:00-04:00,112.16000366210938,112.56999969482422,108.16000366210938,108.51000213623047,101.11576843261719,8698100,0.0,0.0
2023-08-25 00:00:00-04:00,108.88999938964844,110.5199966430664,107.76000213623047,110.31999969482422,102.80242919921875,6669900,0.0,0.0
2023-08-28 00:00:00-04:00,111.30000305175781,112.19000244140625,110.62000274658203,111.68000030517578,104.06976318359375,4316400,0.0,0.0
2023-08-29 00:00:00-04:00,110.5199966430664,113.98999786376953,110.5199966430664,113.77999877929688,106.02665710449219,6971400,0.0,0.0
2023-08-30 00:00:00-04:00,112.55999755859375,113.45999908447266,111.66999816894531,113.2699966430664,106.2988052368164,6490300,0.8,0.0
2023-08-31 00:00:00-04:00,112.43000030517578,115.16000366210938,112.43000030517578,114.52999877929688,107.48125457763672,7962500,0.0,0.0
2023-09-01 00:00:00-04:00,115.69999694824219,115.69999694824219,114.41000366210938,115.38999938964844,108.28834533691406,5310700,0.0,0.0
2023-09-05 00:00:00-04:00,114.91000366210938,117.05999755859375,114.91000366210938,116.55000305175781,109.37694549560547,7294800,0.0,0.0
2023-09-06 00:00:00-04:00,116.0,116.72000122070312,113.62999725341797,114.68000030517578,107.62203216552734,7411900,0.0,0.0
2023-09-07 00:00:00-04:00,110.5999984741211,110.69999694824219,106.06999969482422,106.4000015258789,99.85163116455078,17947800,0.0,0.0
2023-09-08 00:00:00-04:00,106.16999816894531,107.06999969482422,105.51000213623047,106.13999938964844,99.60762786865234,9819300,0.0,0.0
2023-09-11 00:00:00-04:00,111.2699966430664,111.83999633789062,108.81999969482422,110.27999877929688,103.49283599853516,18771700,0.0,0.0
2023-09-12 00:00:00-04:00,109.58000183105469,112.73999786376953,109.51000213623047,111.2300033569336,104.38436126708984,9250100,0.0,0.0
2023-09-13 00:00:00-04:00,111.58000183105469,113.5999984741211,111.52999877929688,112.63999938964844,105.70757293701172,8131500,0.0,0.0
2023-09-14 00:00:00-04:00,113.7699966430664,114.73999786376953,113.0,114.04000091552734,107.02142333984375,7138100,0.0,0.0
2023-09-15 00:00:00-04:00,113.97000122070312,115.19000244140625,112.45999908447266,113.13999938964844,106.17681121826172,12247400,0.0,0.0
2023-09-18 00:00:00-04:00,112.88999938964844,113.83000183105469,112.45999908447266,112.75,105.81080627441406,5065100,0.0,0.0
2023-09-19 00:00:00-04:00,112.19999694824219,112.33999633789062,109.91000366210938,110.72000122070312,103.90575408935547,5658800,0.0,0.0
2023-09-20 00:00:00-04:00,111.73999786376953,111.80000305175781,109.16000366210938,109.22000122070312,102.4980697631836,7073800,0.0,0.0
2023-09-21 00:00:00-04:00,107.9800033569336,109.58999633789062,107.8499984741211,107.95999908447266,101.31560516357422,7007200,0.0,0.0
2023-09-22 00:00:00-04:00,108.7699966430664,109.77999877929688,107.36000061035156,107.68000030517578,101.05284118652344,6965500,0.0,0.0
2023-09-25 00:00:00-04:00,106.83999633789062,110.4800033569336,106.70999908447266,110.43000030517578,103.63359832763672,6782500,0.0,0.0
2023-09-26 00:00:00-04:00,109.8499984741211,110.63999938964844,109.33999633789062,109.72000122070312,102.96730041503906,6559800,0.0,0.0
2023-09-27 00:00:00-04:00,110.7300033569336,110.80999755859375,107.43000030517578,109.19000244140625,102.46990966796875,7225000,0.0,0.0
2023-09-28 00:00:00-04:00,109.76000213623047,111.91000366210938,109.18000030517578,111.0999984741211,104.26235961914062,4851300,0.0,0.0
2023-09-29 00:00:00-04:00,111.87999725341797,112.2300033569336,110.63999938964844,111.05999755859375,104.22482299804688,4869300,0.0,0.0
2023-10-02 00:00:00-04:00,110.4000015258789,111.79000091552734,109.5999984741211,111.0999984741211,104.26235961914062,5751500,0.0,0.0
2023-10-03 00:00:00-04:00,110.80999755859375,112.26000213623047,109.37999725341797,110.19000244140625,103.40837860107422,7750700,0.0,0.0
2023-10-04 00:00:00-04:00,110.80000305175781,111.06999969482422,108.80000305175781,109.8499984741211,103.08930206298828,7189400,0.0,0.0
2023-10-05 00:00:00-04:00,109.69999694824219,110.45999908447266,108.94999694824219,109.80000305175781,103.04237365722656,5089700,0.0,0.0
2023-10-06 00:00:00-04:00,110.87000274658203,111.33000183105469,108.05000305175781,110.87999725341797,104.05591583251953,7930600,0.0,0.0
2023-10-09 00:00:00-04:00,110.31999969482422,111.9800033569336,109.4800033569336,111.80000305175781,104.9192886352539,4714500,0.0,0.0
2023-10-10 00:00:00-04:00,111.5,112.98999786376953,110.43000030517578,112.30999755859375,105.39789581298828,6253000,0.0,0.0
2023-10-11 00:00:00-04:00,112.27999877929688,112.63999938964844,109.58000183105469,111.12000274658203,104.28113555908203,6378600,0.0,0.0
2023-10-12 00:00:00-04:00,111.9800033569336,112.20999908447266,110.31999969482422,111.45999908447266,104.6001968383789,5371700,0.0,0.0
2023-10-13 00:00:00-04:00,111.72000122070312,111.97000122070312,108.54000091552734,108.66000366210938,101.9725341796875,6035600,0.0,0.0
2023-10-16 00:00:00-04:00,109.08999633789062,111.08000183105469,108.94999694824219,110.51000213623047,103.70867156982422,6254700,0.0,0.0
2023-10-17 00:00:00-04:00,108.80999755859375,112.2699966430664,108.0199966430664,112.19999694824219,105.2946548461914,7334000,0.0,0.0
2023-10-18 00:00:00-04:00,111.05999755859375,112.11000061035156,110.02999877929688,110.9800033569336,104.14974212646484,7174500,0.0,0.0
2023-10-19 00:00:00-04:00,112.38999938964844,114.4000015258789,110.83999633789062,111.27999877929688,104.43128967285156,10511500,0.0,0.0
2023-10-20 00:00:00-04:00,111.5199966430664,111.61000061035156,108.62999725341797,108.62999725341797,101.94436645507812,7756500,0.0,0.0
2023-10-23 00:00:00-04:00,107.94000244140625,110.56999969482422,107.68000030517578,108.66000366210938,101.9725341796875,6679200,0.0,0.0
2023-10-24 00:00:00-04:00,109.30000305175781,110.33000183105469,108.44000244140625,109.38999938964844,102.65760040283203,8578600,0.0,0.0
2023-10-25 00:00:00-04:00,108.80999755859375,109.29000091552734,104.43000030517578,104.77999877929688,98.33132934570312,8571600,0.0,0.0
2023-10-26 00:00:00-04:00,104.75,106.47000122070312,104.33000183105469,105.62000274658203,99.11962890625,8705200,0.0,0.0
2023-10-27 00:00:00-04:00,106.9000015258789,107.88999938964844,105.83999633789062,106.45999908447266,99.90792846679688,7292000,0.0,0.0
2023-10-30 00:00:00-04:00,106.70999908447266,109.33000183105469,106.18000030517578,107.83000183105469,101.19361114501953,6634000,0.0,0.0
2023-10-31 00:00:00-04:00,108.30000305175781,109.20999908447266,106.69000244140625,108.98999786376953,102.2822265625,6485500,0.0,0.0
2023-11-01 00:00:00-04:00,109.16999816894531,111.19000244140625,108.69999694824219,110.88999938964844,104.06527709960938,12809900,0.0,0.0
2023-11-02 00:00:00-04:00,117.97000122070312,119.08000183105469,114.44999694824219,117.36000061035156,110.1370849609375,22106100,0.0,0.0
2023-11-03 00:00:00-04:00,117.94999694824219,120.0999984741211,117.36000061035156,119.5199966430664,112.16414642333984,10670100,0.0,0.0
2023-11-06 00:00:00-05:00,120.0,120.55999755859375,118.37999725341797,119.93000030517578,112.54891967773438,7756400,0.0,0.0
2023-11-07 00:00:00-05:00,119.8499984741211,121.08000183105469,119.16999816894531,120.72000122070312,113.29031372070312,7898400,0.0,0.0
2023-11-08 00:00:00-05:00,121.4000015258789,122.05999755859375,119.1500015258789,120.05999755859375,112.6709213256836,7681900,0.0,0.0
2023-11-09 00:00:00-05:00,121.12000274658203,122.43000030517578,119.8499984741211,120.0999984741211,112.70845031738281,9002700,0.0,0.0
2023-11-10 00:00:00-05:00,121.9000015258789,124.80999755859375,120.97000122070312,124.20999908447266,116.56549835205078,12191600,0.0,0.0
2023-11-13 00:00:00-05:00,124.0,124.55000305175781,122.62999725341797,123.8499984741211,116.22765350341797,7959200,0.0,0.0
2023-11-14 00:00:00-05:00,127.33999633789062,128.22000122070312,126.08000183105469,127.36000061035156,119.52163696289062,11255400,0.0,0.0
2023-11-15 00:00:00-05:00,127.91999816894531,129.72999572753906,127.55999755859375,128.9199981689453,120.98562622070312,7789100,0.0,0.0
2023-11-16 00:00:00-05:00,129.08999633789062,130.3699951171875,128.30999755859375,128.6999969482422,120.77915954589844,11655700,0.0,0.0
2023-11-17 00:00:00-05:00,129.3000030517578,129.7899932861328,128.4199981689453,129.47000122070312,121.50177001953125,6543300,0.0,0.0
2023-11-20 00:00:00-05:00,129.44000244140625,130.1199951171875,129.02000427246094,129.50999450683594,121.53932189941406,7148600,0.0,0.0
2023-11-21 00:00:00-05:00,126.88999938964844,127.47000122070312,125.75,127.0199966430664,119.20255279541016,14641800,0.0,0.0
2023-11-22 00:00:00-05:00,127.88999938964844,129.50999450683594,127.16000366210938,127.5,119.65303039550781,6647400,0.0,0.0
2023-11-24 00:00:00-05:00,128.22999572753906,128.22999572753906,127.55999755859375,127.75,119.88764190673828,3708200,0.0,0.0
2023-11-27 00:00:00-05:00,127.2699966430664,129.02000427246094,126.79000091552734,128.1999969482422,120.30992889404297,8586400,0.0,0.0
2023-11-28 00:00:00-05:00,127.19999694824219,127.30999755859375,125.66999816894531,126.58999633789062,118.79903411865234,8817900,0.0,0.0
2023-11-29 00:00:00-05:00,129.24000549316406,130.60000610351562,127.62000274658203,127.91000366210938,120.80121612548828,10608300,0.8,0.0
2023-11-30 00:00:00-05:00,129.27000427246094,129.39999389648438,127.48999786376953,129.0500030517578,121.87786102294922,11731800,0.0,0.0
2023-12-01 00:00:00-05:00,129.05999755859375,130.27000427246094,128.50999450683594,129.6699981689453,122.4634017944336,8866500,0.0,0.0
2023-12-04 00:00:00-05:00,129.3300018310547,130.0500030517578,128.02999877929688,129.9499969482422,122.72784423828125,7485000,0.0,0.0
2023-12-05 00:00:00-05:00,129.08999633789062,130.85000610351562,128.9499969482422,130.75,123.4833755493164,6231600,0.0,0.0
2023-12-06 00:00:00-05:00,131.97999572753906,132.13999938964844,129.66000366210938,129.9600067138672,122.73728942871094,6912400,0.0,0.0
2023-12-07 00:00:00-05:00,131.3300018310547,133.3300018310547,130.38999938964844,132.94000244140625,125.55166625976562,7815700,0.0,0.0
2023-12-08 00:00:00-05:00,131.22000122070312,133.97000122070312,131.17999267578125,132.97000122070312,125.57999420166016,7678600,0.0,0.0
2023-12-11 00:00:00-05:00,134.50999450683594,136.60000610351562,134.07000732421875,136.10000610351562,128.53607177734375,11010700,0.0,0.0
2023-12-12 00:00:00-05:00,135.97999572753906,137.22999572753906,135.5,136.67999267578125,129.08380126953125,7380400,0.0,0.0
2023-12-13 00:00:00-05:00,136.3800048828125,138.99000549316406,136.0800018310547,138.8000030517578,131.0860137939453,7507700,0.0,0.0
2023-12-14 00:00:00-05:00,139.60000610351562,142.75999450683594,139.60000610351562,141.5,133.6359405517578,11468900,0.0,0.0
2023-12-15 00:00:00-05:00,142.0500030517578,143.49000549316406,141.3800048828125,143.1300048828125,135.1753692626953,25053500,0.0,0.0
2023-12-18 00:00:00-05:00,142.50999450683594,143.1199951171875,141.2899932861328,141.64999389648438,133.77760314941406,7832100,0.0,0.0
2023-12-19 00:00:00-05:00,142.02999877929688,143.42999267578125,141.44000244140625,143.22999572753906,135.269775390625,5658400,0.0,0.0
2023-12-20 00:00:00-05:00,141.97000122070312,142.97999572753906,140.36000061035156,140.44000244140625,132.63485717773438,7264800,0.0,0.0
2023-12-21 00:00:00-05:00,141.8000030517578,142.69000244140625,140.99000549316406,142.44000244140625,134.52371215820312,8361600,0.0,0.0
2023-12-22 00:00:00-05:00,143.25,144.39999389648438,142.75,143.49000549316406,135.5153350830078,4659200,0.0,0.0
2023-12-26 00:00:00-05:00,144.1699981689453,146.0500030517578,143.9600067138672,145.4600067138672,137.3758544921875,4381200,0.0,0.0
2023-12-27 00:00:00-05:00,145.85000610351562,146.22000122070312,145.0399932861328,145.72000122070312,137.62139892578125,4470300,0.0,0.0
2023-12-28 00:00:00-05:00,146.17999267578125,146.88999938964844,145.72999572753906,145.86000061035156,137.75360107421875,4928800,0.0,0.0
2023-12-29 00:00:00-05:00,145.41000366210938,145.6199951171875,143.7899932861328,144.6300048828125,136.5919952392578,4839300,0.0,0.0
2024-01-02 00:00:00-05:00,142.19000244140625,142.1999969482422,138.77999877929688,140.22999572753906,132.43650817871094,8495800,0.0,0.0
2024-01-03 00:00:00-05:00,138.88999938964844,138.88999938964844,136.99000549316406,137.60000610351562,129.95269775390625,8133300,0.0,0.0
2024-01-04 00:00:00-05:00,135.44000244140625,137.3300018310547,134.94000244140625,136.1699981689453,128.60215759277344,6770300,0.0,0.0
2024-01-05 00:00:00-05:00,136.16000366210938,138.07000732421875,135.85000610351562,136.72999572753906,129.13104248046875,6827300,0.0,0.0
2024-01-08 00:00:00-05:00,136.99000549316406,139.14999389648438,136.63999938964844,139.02999877929688,131.30322265625,7729400,0.0,0.0
2024-01-09 00:00:00-05:00,137.5399932861328,140.9499969482422,137.13999938964844,139.88999938964844,132.11541748046875,5856900,0.0,0.0
2024-01-10 00:00:00-05:00,139.88999938964844,140.02999877929688,137.7899932861328,139.30999755859375,131.567626953125,5652500,0.0,0.0
2024-01-11 00:00:00-05:00,139.0,139.9499969482422,136.02999877929688,139.02999877929688,131.30322265625,7374900,0.0,0.0
2024-01-12 00:00:00-05:00,142.1199951171875,142.66000366210938,139.16000366210938,140.1999969482422,132.40817260742188,6546600,0.0,0.0
2024-01-16 00:00:00-05:00,140.0,141.22999572753906,137.97999572753906,141.1199951171875,133.2770538330078,7483000,0.0,0.0
2024-01-17 00:00:00-05:00,139.6199951171875,139.6300048828125,137.35000610351562,139.32000732421875,131.57708740234375,6584700,0.0,0.0
2024-01-18 00:00:00-05:00,143.14999389648438,145.64999389648438,142.3300018310547,145.2899932861328,137.21530151367188,12893000,0.0,0.0
2024-01-19 00:00:00-05:00,147.25999450683594,152.77000427246094,146.74000549316406,151.9600067138672,143.51461791992188,16193900,0.0,0.0
2024-01-22 00:00:00-05:00,152.75,154.57000732421875,151.8699951171875,152.8699951171875,144.37400817871094,10456100,0.0,0.0
2024-01-23 00:00:00-05:00,152.8699951171875,153.74000549316406,151.41000366210938,153.5,144.96900939941406,6232300,0.0,0.0
2024-01-24 00:00:00-05:00,154.7899932861328,156.32000732421875,153.89999389648438,154.3699951171875,145.79066467285156,8331900,0.0,0.0
2024-01-25 00:00:00-05:00,157.60000610351562,157.97999572753906,153.6699981689453,154.47000122070312,145.8850860595703,7740900,0.0,0.0
2024-01-26 00:00:00-05:00,152.2100067138672,152.97999572753906,150.3800048828125,150.72000122070312,142.34349060058594,7744700,0.0,0.0
2024-01-29 00:00:00-05:00,150.39999389648438,151.24000549316406,148.4199981689453,149.63999938964844,141.3235321044922,10770700,0.0,0.0
2024-01-30 00:00:00-05:00,148.0,148.8000030517578,145.57000732421875,145.97999572753906,137.86695861816406,9132800,0.0,0.0
2024-01-31 00:00:00-05:00,145.33999633789062,150.16000366210938,144.33999633789062,148.50999450683594,140.25631713867188,21184200,0.0,0.0
2024-02-01 00:00:00-05:00,140.8699951171875,143.91000366210938,140.08999633789062,141.11000061035156,133.2676239013672,22810600,0.0,0.0
2024-02-02 00:00:00-05:00,140.64999389648438,142.13999938964844,139.25999450683594,141.69000244140625,133.81536865234375,10442700,0.0,0.0
2024-02-05 00:00:00-05:00,141.86000061035156,144.64999389648438,141.2100067138672,144.02999877929688,136.0253143310547,8032600,0.0,0.0
2024-02-06 00:00:00-05:00,144.5,144.80999755859375,142.42999267578125,144.10000610351562,136.09144592285156,7286300,0.0,0.0
2024-02-07 00:00:00-05:00,145.16000366210938,145.9499969482422,143.6300048828125,145.88999938964844,137.78195190429688,7361900,0.0,0.0
2024-02-08 00:00:00-05:00,146.85000610351562,148.61000061035156,146.2899932861328,148.17999267578125,139.94467163085938,9448700,0.0,0.0
2024-02-09 00:00:00-05:00,149.0,153.39999389648438,148.35000610351562,151.0,142.6079559326172,11981500,0.0,0.0
2024-02-12 00:00:00-05:00,150.3800048828125,154.75999450683594,150.25,153.10000610351562,144.59124755859375,11806300,0.0,0.0
2024-02-13 00:00:00-05:00,150.0,151.25,148.41000366210938,150.0399932861328,141.70130920410156,8976300,0.0,0.0
2024-02-14 00:00:00-05:00,151.30999755859375,154.38999938964844,151.0500030517578,153.94000244140625,145.38458251953125,8715100,0.0,0.0
2024-02-15 00:00:00-05:00,155.0,157.1699981689453,154.49000549316406,155.97999572753906,147.31117248535156,9372400,0.0,0.0
2024-02-16 00:00:00-05:00,157.47000122070312,157.75999450683594,152.60000610351562,152.69000244140625,144.20401000976562,8429100,0.0,0.0
2024-02-20 00:00:00-05:00,151.88999938964844,152.89999389648438,149.8699951171875,151.9600067138672,143.51461791992188,8745500,0.0,0.0
2024-02-21 00:00:00-05:00,149.8300018310547,152.0500030517578,148.89999389648438,152.00999450683594,143.56179809570312,9760300,0.0,0.0
2024-02-22 00:00:00-05:00,154.77000427246094,155.50999450683594,152.32000732421875,154.75,146.14956665039062,11407500,0.0,0.0
2024-02-23 00:00:00-05:00,155.6999969482422,156.91000366210938,154.3300018310547,154.91000366210938,146.30062866210938,5953300,0.0,0.0
2024-02-26 00:00:00-05:00,156.0,157.47999572753906,155.7899932861328,157.02999877929688,148.30284118652344,6307600,0.0,0.0
2024-02-27 00:00:00-05:00,157.75,159.1999969482422,157.49000549316406,158.3000030517578,149.5022735595703,6021400,0.0,0.0
2024-02-28 00:00:00-05:00,156.0,156.5399932861328,154.9600067138672,155.85000610351562,147.93603515625,5211000,0.8,0.0
2024-02-29 00:00:00-05:00,156.8699951171875,158.1999969482422,156.17999267578125,157.7899932861328,149.77749633789062,8321400,0.0,0.0
2024-03-01 00:00:00-05:00,159.38999938964844,164.0,158.07000732421875,163.08999633789062,154.80838012695312,10405700,0.0,0.0
2024-03-04 00:00:00-05:00,165.1199951171875,167.8300018310547,164.72000122070312,166.55999755859375,158.10218811035156,11865100,0.0,0.0
2024-03-05 00:00:00-05:00,164.72999572753906,165.58999633789062,160.22999572753906,161.4499969482422,153.2516632080078,9608800,0.0,0.0
2024-03-06 00:00:00-05:00,164.82000732421875,169.25,164.3300018310547,167.88999938964844,159.36465454101562,12230500,0.0,0.0
2024-03-07 00:00:00-05:00,169.60000610351562,177.58999633789062,169.42999267578125,175.72000122070312,166.79702758789062,14495100,0.0,0.0
2024-03-08 00:00:00-05:00,174.82000732421875,175.47000122070312,170.5399932861328,170.57000732421875,161.90855407714844,11318000,0.0,0.0
2024-03-11 00:00:00-04:00,169.0,171.97999572753906,168.1199951171875,171.1199951171875,162.43064880371094,7256300,0.0,0.0
2024-03-12 00:00:00-04:00,172.91000366210938,173.89999389648438,170.5800018310547,173.0800018310547,164.29107666015625,7642200,0.0,0.0
2024-03-13 00:00:00-04:00,171.22000122070312,171.5,168.60000610351562,169.25,160.6555633544922,8730500,0.0,0.0
2024-03-14 00:00:00-04:00,169.60000610351562,169.9499969482422,166.7100067138672,168.4499969482422,159.89620971679688,8151000,0.0,0.0
2024-03-15 00:00:00-04:00,167.10000610351562,168.77000427246094,165.85000610351562,167.1999969482422,158.70968627929688,16414600,0.0,0.0
2024-03-18 00:00:00-04:00,170.91000366210938,171.4600067138672,166.35000610351562,166.9199981689453,158.44387817382812,6653700,0.0,0.0
2024-03-19 00:00:00-04:00,166.08999633789062,166.4600067138672,163.6300048828125,164.10000610351562,155.76708984375,7404400,0.0,0.0
2024-03-20 00:00:00-04:00,164.10000610351562,168.1699981689453,163.8300018310547,167.6699981689453,159.1558380126953,5995800,0.0,0.0
2024-03-21 00:00:00-04:00,170.74000549316406,172.9199981689453,169.6300048828125,170.85000610351562,162.17434692382812,8497500,0.0,0.0
2024-03-22 00:00:00-04:00,169.5500030517578,171.89999389648438,169.3000030517578,170.10000610351562,161.46243286132812,5645500,0.0,0.0
2024-03-25 00:00:00-04:00,167.8800048828125,168.77000427246094,166.97000122070312,167.52000427246094,159.01344299316406,5682500,0.0,0.0
2024-03-26 00:00:00-04:00,168.0500030517578,169.4199981689453,167.0,167.07000732421875,158.5863037109375,5289900,0.0,0.0
2024-03-27 00:00:00-04:00,169.4499969482422,169.47999572753906,166.97000122070312,169.1300048828125,160.5416717529297,6309700,0.0,0.0
2024-03-28 00:00:00-04:00,169.10000610351562,169.88999938964844,167.97999572753906,169.3000030517578,160.7030487060547,5324000,0.0,0.0
2024-04-01 00:00:00-04:00,168.27000427246094,172.8000030517578,168.2100067138672,171.72000122070312,163.0001678466797,6679100,0.0,0.0
2024-04-02 00:00:00-04:00,170.47000122070312,171.39999389648438,169.27999877929688,171.0399932861328,162.3546905517578,7436300,0.0,0.0
2024-04-03 00:00:00-04:00,170.0,173.9600067138672,169.3300018310547,173.91000366210938,165.07896423339844,6943200,0.0,0.0
2024-04-04 00:00:00-04:00,175.0,175.9499969482422,169.41000366210938,169.75999450683594,161.1396942138672,9031200,0.0,0.0
2024-04-05 00:00:00-04:00,170.17999267578125,172.24000549316406,169.7100067138672,171.52999877929688,162.81980895996094,5863300,0.0,0.0
2024-04-08 00:00:00-04:00,172.92999267578125,174.38999938964844,172.36000061035156,173.6199951171875,164.80368041992188,4812000,0.0,0.0
2024-04-09 00:00:00-04:00,175.27000427246094,175.99000549316406,173.3699951171875,175.57000732421875,166.65467834472656,5028500,0.0,0.0
2024-04-10 00:00:00-04:00,172.4199981689453,173.7100067138672,170.07000732421875,170.86000061035156,162.183837890625,6177400,0.0,0.0
2024-04-11 00:00:00-04:00,171.6699981689453,175.6300048828125,170.5,175.1300048828125,166.23699951171875,6262600,0.0,0.0
2024-04-12 00:00:00-04:00,172.27999877929688,173.38999938964844,170.9600067138672,171.2899932861328,162.59201049804688,8216700,0.0,0.0
2024-04-15 00:00:00-04:00,174.27000427246094,174.3800048828125,168.5800018310547,169.83999633789062,161.2156219482422,6570600,0.0,0.0
2024-04-16 00:00:00-04:00,169.5,169.57000732421875,167.4499969482422,168.5800018310547,160.01962280273438,6390100,0.0,0.0
2024-04-17 00:00:00-04:00,169.22000122070312,170.19000244140625,163.77000427246094,164.32000732421875,155.9759521484375,8082000,0.0,0.0
2024-04-18 00:00:00-04:00,162.36000061035156,164.10000610351562,159.86000061035156,161.44000244140625,153.24217224121094,9209400,0.0,0.0
2024-04-19 00:00:00-04:00,161.2899932861328,161.38999938964844,156.33999633789062,157.6300048828125,149.62564086914062,10292200,0.0,0.0
2024-04-22 00:00:00-04:00,158.0399932861328,161.63999938964844,157.16000366210938,160.17999267578125,152.04615783691406,7848700,0.0,0.0
2024-04-23 00:00:00-04:00,160.9600067138672,162.25999450683594,159.67999267578125,161.35000610351562,153.15675354003906,6616700,0.0,0.0
2024-04-24 00:00:00-04:00,163.8699951171875,165.92999267578125,162.0,163.6300048828125,155.32098388671875,6130500,0.0,0.0
2024-04-25 00:00:00-04:00,164.0800018310547,164.6300048828125,161.72999572753906,163.3000030517578,155.0077362060547,6230700,0.0,0.0
2024-04-26 00:00:00-04:00,162.89999389648438,166.52000427246094,162.50999450683594,165.66000366210938,157.24786376953125,7141300,0.0,0.0
2024-04-29 00:00:00-04:00,165.1999969482422,169.27000427246094,165.1999969482422,169.1999969482422,160.60813903808594,6623900,0.0,0.0
2024-04-30 00:00:00-04:00,169.22999572753906,169.24000549316406,165.80999755859375,165.85000610351562,157.42823791503906,6914200,0.0,0.0
2024-05-01 00:00:00-04:00,164.50999450683594,169.63999938964844,163.7899932861328,164.11000061035156,155.776611328125,13113600,0.0,0.0
2024-05-02 00:00:00-04:00,175.47000122070312,181.69000244140625,175.2899932861328,180.10000610351562,170.9546661376953,25894800,0.0,0.0
2024-05-03 00:00:00-04:00,182.24000549316406,183.19000244140625,177.8000030517578,179.63999938964844,170.5180206298828,10043900,0.0,0.0
2024-05-06 00:00:00-04:00,181.91000366210938,182.39999389648438,180.39999389648438,181.85000610351562,172.61578369140625,6980100,0.0,0.0
2024-05-07 00:00:00-04:00,182.4499969482422,184.30999755859375,179.22000122070312,180.14999389648438,171.00209045410156,8011100,0.0,0.0
2024-05-08 00:00:00-04:00,176.72999572753906,180.7899932861328,176.6199951171875,180.5500030517578,171.3817901611328,6242600,0.0,0.0
2024-05-09 00:00:00-04:00,181.0,181.7100067138672,179.44000244140625,180.5399932861328,171.37229919433594,5513500,0.0,0.0
2024-05-10 00:00:00-04:00,182.0,183.5500030517578,181.24000549316406,182.0800018310547,172.83409118652344,4702500,0.0,0.0
2024-05-13 00:00:00-04:00,183.17999267578125,184.72999572753906,182.89999389648438,184.2100067138672,174.85592651367188,6384800,0.0,0.0
2024-05-14 00:00:00-04:00,184.50999450683594,189.2899932861328,184.49000549316406,188.97000122070312,179.3742218017578,7713400,0.0,0.0
2024-05-15 00:00:00-04:00,190.00999450683594,196.0800018310547,190.0,194.61000061035156,184.7278289794922,11349100,0.0,0.0
2024-05-16 00:00:00-04:00,195.0,195.6300048828125,192.77999877929688,193.27000427246094,183.45587158203125,8173400,0.0,0.0
2024-05-17 00:00:00-04:00,192.89999389648438,195.44000244140625,191.8699951171875,193.86000061035156,184.01589965820312,5799700,0.0,0.0
2024-05-20 00:00:00-04:00,194.0,199.99000549316406,193.27999877929688,197.75999450683594,187.7178497314453,8879700,0.0,0.0
2024-05-21 00:00:00-04:00,196.00999450683594,201.97999572753906,195.75999450683594,200.85000610351562,190.6509552001953,11498800,0.0,0.0
2024-05-22 00:00:00-04:00,202.92999267578125,204.83999633789062,201.6999969482422,202.92999267578125,192.6253204345703,11170100,0.0,0.0
2024-05-23 00:00:00-04:00,205.8800048828125,207.9499969482422,199.4199981689453,201.75999450683594,191.51475524902344,14475100,0.0,0.0
2024-05-24 00:00:00-04:00,203.88999938964844,211.3000030517578,203.55999755859375,210.36000061035156,199.6780548095703,13809900,0.0,0.0
2024-05-28 00:00:00-04:00,217.22999572753906,217.42999267578125,211.3000030517578,213.0800018310547,202.2599334716797,12485400,0.0,0.0
2024-05-29 00:00:00-04:00,208.64999389648438,210.66000366210938,206.6999969482422,208.25999450683594,197.68467712402344,12552500,0.0,0.0
2024-05-30 00:00:00-04:00,208.0,209.3699951171875,203.82000732421875,204.8000030517578,195.19708251953125,12245300,0.85,0.0
2024-05-31 00:00:00-04:00,208.0,209.0500030517578,198.7100067138672,204.0500030517578,194.4822235107422,15064900,0.0,0.0
2024-06-03 00:00:00-04:00,209.55999755859375,210.97999572753906,202.41000366210938,205.91000366210938,196.25502014160156,12419500,0.0,0.0
2024-06-04 00:00:00-04:00,205.91000366210938,206.22999572753906,201.66000366210938,204.3699951171875,194.78724670410156,6629100,0.0,0.0
2024-06-05 00:00:00-04:00,206.92999267578125,212.5,205.3699951171875,211.89999389648438,201.96414184570312,11626300,0.0,0.0
2024-06-06 00:00:00-04:00,211.89999389648438,212.24000549316406,208.7899932861328,209.44000244140625,199.61947631835938,7597200,0.0,0.0
2024-06-07 00:00:00-04:00,209.72999572753906,209.8000030517578,204.88999938964844,206.6199951171875,196.93173217773438,5714400,0.0,0.0
2024-06-10 00:00:00-04:00,205.2899932861328,210.5800018310547,204.55999755859375,209.35000610351562,199.53369140625,6465100,0.0,0.0
2024-06-11 00:00:00-04:00,207.14999389648438,209.4499969482422,204.77999877929688,208.52000427246094,198.7426300048828,8197500,0.0,0.0
2024-06-12 00:00:00-04:00,212.5,215.6199951171875,210.8800048828125,215.38999938964844,205.29051208496094,9502800,0.0,0.0
2024-06-13 00:00:00-04:00,216.36000061035156,218.36000061035156,213.00999450683594,217.80999755859375,207.59701538085938,10102800,0.0,0.0
2024-06-14 00:00:00-04:00,217.63999938964844,218.0500030517578,213.64999389648438,215.3300018310547,205.23330688476562,6438200,0.0,0.0
2024-06-17 00:00:00-04:00,217.08999633789062,222.6699981689453,213.39999389648438,222.22000122070312,211.8002471923828,12109100,0.0,0.0
2024-06-18 00:00:00-04:00,226.82000732421875,230.6300048828125,226.0,227.08999633789062,216.44190979003906,22037500,0.0,0.0
2024-06-20 00:00:00-04:00,224.1999969482422,225.89999389648438,212.83999633789062,215.47000122070312,205.36676025390625,18701200,0.0,0.0
2024-06-21 00:00:00-04:00,211.75999450683594,215.47000122070312,209.41000366210938,212.52999877929688,202.56459045410156,22286500,0.0,0.0
2024-06-24 00:00:00-04:00,206.91000366210938,207.02999877929688,200.24000549316406,200.83999633789062,191.42276000976562,16087700,0.0,0.0
2024-06-25 00:00:00-04:00,203.13999938964844,203.14999389648438,199.1699981689453,202.1699981689453,192.69036865234375,11974900,0.0,0.0
2024-06-26 00:00:00-04:00,200.30999755859375,201.14999389648438,195.6999969482422,197.3300018310547,188.0773468017578,10023800,0.0,0.0
2024-06-27 00:00:00-04:00,196.8699951171875,198.57000732421875,193.83999633789062,195.14999389648438,185.99954223632812,11936600,0.0,0.0
2024-06-28 00:00:00-04:00,196.0,203.94000244140625,195.61000061035156,199.17999267578125,189.840576171875,15547500,0.0,0.0
2024-07-01 00:00:00-04:00,199.47000122070312,200.6699981689453,196.0800018310547,200.02999877929688,190.65069580078125,6800600,0.0,0.0
2024-07-02 00:00:00-04:00,198.25,200.47999572753906,197.08999633789062,200.16000366210938,190.77464294433594,5632900,0.0,0.0
2024-07-03 00:00:00-04:00,202.67999267578125,204.86000061035156,200.44000244140625,203.80999755859375,194.25347900390625,4996200,0.0,0.0
2024-07-05 00:00:00-04:00,205.85000610351562,206.75,203.97999572753906,205.75,196.10250854492188,6375200,0.0,0.0
2024-07-08 00:00:00-04:00,207.24000549316406,210.44000244140625,206.14999389648438,207.88999938964844,198.1421661376953,6920400,0.0,0.0
2024-07-09 00:00:00-04:00,206.47999572753906,208.5500030517578,204.66000366210938,207.1199951171875,197.40826416015625,5272600,0.0,0.0
2024-07-10 00:00:00-04:00,208.74000549316406,209.24000549316406,206.55999755859375,208.8000030517578,199.00950622558594,5159400,0.0,0.0
2024-07-11 00:00:00-04:00,210.02000427246094,210.1300048828125,199.77000427246094,199.85000610351562,190.4791717529297,8602200,0.0,0.0
2024-07-12 00:00:00-04:00,201.66000366210938,206.0800018310547,200.25,202.42999267578125,192.9381866455078,7217200,0.0,0.0
2024-07-15 00:00:00-04:00,203.0,209.24000549316406,202.7899932861328,208.17999267578125,198.41854858398438,7463700,0.0,0.0
2024-07-16 00:00:00-04:00,210.0,211.08999633789062,206.6199951171875,209.63999938964844,199.8101348876953,5998500,0.0,0.0
2024-07-17 00:00:00-04:00,199.72999572753906,200.0,190.55999755859375,191.60000610351562,182.61599731445312,16156200,0.0,0.0
2024-07-18 00:00:00-04:00,193.77999877929688,193.89999389648438,186.9499969482422,191.4600067138672,182.48257446289062,9960600,0.0,0.0
2024-07-19 00:00:00-04:00,191.69000244140625,193.08999633789062,185.75999450683594,186.2100067138672,177.478759765625,9195700,0.0,0.0
2024-07-22 00:00:00-04:00,191.0,195.5,189.0500030517578,194.97000122070312,185.8280029296875,7590000,0.0,0.0
2024-07-23 00:00:00-04:00,194.1999969482422,196.24000549316406,192.14999389648438,193.35000610351562,184.28395080566406,5796700,0.0,0.0
2024-07-24 00:00:00-04:00,189.33999633789062,189.61000061035156,180.69000244140625,181.07000732421875,172.5797576904297,13295300,0.0,0.0
2024-07-25 00:00:00-04:00,179.6199951171875,180.24000549316406,173.27000427246094,175.38999938964844,167.16607666015625,12700100,0.0,0.0
2024-07-26 00:00:00-04:00,179.00999450683594,181.3000030517578,177.57000732421875,180.0500030517578,171.60757446289062,6567800,0.0,0.0
2024-07-29 00:00:00-04:00,181.5,182.63999938964844,177.85000610351562,178.63999938964844,170.2637176513672,6051600,0.0,0.0
2024-07-30 00:00:00-04:00,179.33999633789062,179.39999389648438,166.77000427246094,166.94000244140625,159.11228942871094,15338900,0.0,0.0
2024-07-31 00:00:00-04:00,175.5800018310547,181.0800018310547,173.41000366210938,180.9499969482422,172.46536254882812,19222200,0.0,0.0
2024-08-01 00:00:00-04:00,171.75999450683594,176.97000122070312,161.3300018310547,164.0,156.31015014648438,24795000,0.0,0.0
2024-08-02 00:00:00-04:00,160.52000427246094,164.25999450683594,157.52999877929688,159.30999755859375,151.8400421142578,16618900,0.0,0.0
2024-08-05 00:00:00-04:00,153.27000427246094,162.82000732421875,151.38999938964844,157.9499969482422,150.5438232421875,12733900,0.0,0.0
2024-08-06 00:00:00-04:00,158.4199981689453,163.6300048828125,156.5,158.72000122070312,151.27774047851562,9301000,0.0,0.0
2024-08-07 00:00:00-04:00,163.5800018310547,164.32000732421875,155.5,156.1199951171875,148.79962158203125,9266900,0.0,0.0
2024-08-08 00:00:00-04:00,160.74000549316406,165.58999633789062,157.8699951171875,164.9499969482422,157.21560668945312,9590900,0.0,0.0
2024-08-09 00:00:00-04:00,164.07000732421875,165.88999938964844,161.97999572753906,164.47999572753906,156.7676544189453,4824600,0.0,0.0
2024-08-12 00:00:00-04:00,160.55999755859375,163.38999938964844,157.4199981689453,162.88999938964844,155.25218200683594,8548000,0.0,0.0
2024-08-13 00:00:00-04:00,164.3000030517578,169.55999755859375,163.27999877929688,169.47000122070312,161.52366638183594,11102100,0.0,0.0
2024-08-14 00:00:00-04:00,170.63999938964844,171.25999450683594,164.72000122070312,167.14999389648438,159.3124237060547,7208200,0.0,0.0
2024-08-15 00:00:00-04:00,171.75,174.63999938964844,170.61000061035156,173.33999633789062,165.2122039794922,10752100,0.0,0.0
2024-08-16 00:00:00-04:00,172.2899932861328,173.3800048828125,170.6300048828125,172.17999267578125,164.1065673828125,5435700,0.0,0.0
2024-08-19 00:00:00-04:00,171.57000732421875,174.32000732421875,168.74000549316406,174.25999450683594,166.0890655517578,6708100,0.0,0.0
2024-08-20 00:00:00-04:00,173.86000061035156,175.42999267578125,171.14999389648438,172.11000061035156,164.0398712158203,6222400,0.0,0.0
2024-08-21 00:00:00-04:00,172.99000549316406,174.8699951171875,172.0800018310547,174.22000122070312,166.05093383789062,6309500,0.0,0.0
2024-08-22 00:00:00-04:00,174.3000030517578,174.58999633789062,168.3800048828125,169.0,161.07568359375,6743500,0.0,0.0
2024-08-23 00:00:00-04:00,171.75999450683594,174.6199951171875,170.6300048828125,173.5,165.3647003173828,6823600,0.0,0.0
2024-08-26 00:00:00-04:00,171.97000122070312,172.3800048828125,168.52999877929688,169.49000549316406,161.54270935058594,7437600,0.0,0.0
2024-08-27 00:00:00-04:00,169.1699981689453,174.44000244140625,168.27000427246094,173.92999267578125,165.7745361328125,6498800,0.0,0.0
2024-08-28 00:00:00-04:00,174.3800048828125,175.72000122070312,169.6300048828125,171.85000610351562,163.79208374023438,6534600,0.0,0.0
2024-08-29 00:00:00-04:00,173.4199981689453,176.36000061035156,168.92999267578125,169.49000549316406,161.54270935058594,12514200,0.0,0.0
2024-08-30 00:00:00-04:00,172.2899932861328,175.4600067138672,170.8000030517578,175.3000030517578,167.08033752441406,11110800,0.0,0.0
2024-09-03 00:00:00-04:00,171.88999938964844,172.16000366210938,162.0,163.24000549316406,155.5857696533203,11620300,0.0,0.0
2024-09-04 00:00:00-04:00,163.0,168.24000549316406,162.6300048828125,165.3300018310547,157.57777404785156,6737000,0.0,0.0
2024-09-05 00:00:00-04:00,163.0800018310547,165.8000030517578,161.85000610351562,163.6999969482422,156.83053588867188,5600000,0.85,0.0
2024-09-06 00:00:00-04:00,162.74000549316406,163.19000244140625,157.1300048828125,158.19000244140625,151.5517578125,10703000,0.0,0.0
2024-09-09 00:00:00-04:00,161.08999633789062,162.3699951171875,158.57000732421875,160.77000427246094,154.02346801757812,7494900,0.0,0.0
2024-09-10 00:00:00-04:00,160.0,162.05999755859375,157.67999267578125,161.67999267578125,154.89527893066406,7918100,0.0,0.0
2024-09-11 00:00:00-04:00,162.36000061035156,166.89999389648438,159.25,166.55999755859375,159.57049560546875,8275400,0.0,0.0
2024-09-12 00:00:00-04:00,165.8800048828125,166.30999755859375,162.89999389648438,164.97999572753906,158.0568084716797,6039200,0.0,0.0
2024-09-13 00:00:00-04:00,165.80999755859375,168.3000030517578,165.44000244140625,167.72999572753906,160.69139099121094,4049900,0.0,0.0
2024-09-16 00:00:00-04:00,164.92999267578125,167.33999633789062,163.7899932861328,166.61000061035156,159.61839294433594,6510000,0.0,0.0
2024-09-17 00:00:00-04:00,168.8800048828125,169.5,166.0800018310547,168.6999969482422,161.62069702148438,5828000,0.0,0.0
2024-09-18 00:00:00-04:00,169.52000427246094,172.4199981689453,167.6999969482422,168.3000030517578,161.2374725341797,5877600,0.0,0.0
2024-09-19 00:00:00-04:00,174.4199981689453,176.8000030517578,172.49000549316406,173.9199981689453,166.6216583251953,10900000,0.0,0.0
2024-09-20 00:00:00-04:00,172.69000244140625,173.07000732421875,164.3000030517578,168.9199981689453,161.83148193359375,27546400,0.0,0.0
2024-09-23 00:00:00-04:00,168.4199981689453,169.97999572753906,165.35000610351562,165.9600067138672,158.99569702148438,9810000,0.0,0.0
2024-09-24 00:00:00-04:00,167.4199981689453,169.36000061035156,165.97999572753906,166.9499969482422,159.9441375732422,9666800,0.0,0.0
2024-09-25 00:00:00-04:00,166.27999877929688,168.58999633789062,165.75999450683594,168.27000427246094,161.20872497558594,5095500,0.0,0.0
2024-09-26 00:00:00-04:00,174.91000366210938,175.75,166.77999877929688,172.66000366210938,165.41452026367188,8475000,0.0,0.0
2024-09-27 00:00:00-04:00,173.0,173.4499969482422,169.8300018310547,170.1300048828125,162.99070739746094,5880700,0.0,0.0
2024-09-30 00:00:00-04:00,171.3699951171875,172.22999572753906,167.75,170.0500030517578,162.91403198242188,8099700,0.0,0.0
2024-10-01 00:00:00-04:00,169.8000030517578,170.2899932861328,164.0800018310547,165.77999877929688,158.8232421875,8277600,0.0,0.0
2024-10-02 00:00:00-04:00,166.14999389648438,169.75,165.14999389648438,168.32000732421875,161.25665283203125,4484600,0.0,0.0
2024-10-03 00:00:00-04:00,165.9499969482422,169.52999877929688,165.66000366210938,168.9199981689453,161.83148193359375,6260200,0.0,0.0
2024-10-04 00:00:00-04:00,172.5500030517578,172.8000030517578,166.47999572753906,168.89999389648438,161.81231689453125,6586500,0.0,0.0
2024-10-07 00:00:00-04:00,167.63999938964844,168.72000122070312,165.74000549316406,166.94000244140625,159.9345703125,4359300,0.0,0.0
2024-10-08 00:00:00-04:00,164.86000061035156,167.72000122070312,163.66000366210938,166.33999633789062,159.35975646972656,7843500,0.0,0.0
2024-10-09 00:00:00-04:00,165.9499969482422,170.3000030517578,164.6699981689453,170.22000122070312,163.07691955566406,5486500,0.0,0.0
2024-10-10 00:00:00-04:00,167.22999572753906,168.75,165.3300018310547,168.52000427246094,161.44827270507812,5048000,0.0,0.0
2024-10-11 00:00:00-04:00,168.0,170.42999267578125,166.8699951171875,169.97999572753906,162.84695434570312,3801400,0.0,0.0
2024-10-14 00:00:00-04:00,171.33999633789062,178.8699951171875,170.89999389648438,178.0399932861328,170.5687713623047,9933600,0.0,0.0
2024-10-15 00:00:00-04:00,177.22000122070312,179.8300018310547,172.75,174.08999633789062,166.78451538085938,12910400,0.0,0.0
2024-10-16 00:00:00-04:00,174.6199951171875,174.6699981689453,170.22000122070312,171.47999572753906,164.28404235839844,6495700,0.0,0.0
2024-10-17 00:00:00-04:00,175.6199951171875,175.6199951171875,171.02000427246094,171.10000610351562,163.9199676513672,6093200,0.0,0.0
2024-10-18 00:00:00-04:00,172.11000061035156,172.5800018310547,169.4199981689453,170.9199981689453,163.74754333496094,6432700,0.0,0.0
2024-10-21 00:00:00-04:00,169.63999938964844,170.1699981689453,166.07000732421875,169.00999450683594,161.91769409179688,7297700,0.0,0.0
2024-10-22 00:00:00-04:00,169.00999450683594,173.47999572753906,168.22999572753906,173.17999267578125,165.91268920898438,7313000,0.0,0.0
2024-10-23 00:00:00-04:00,169.33999633789062,172.63999938964844,164.3000030517578,166.60000610351562,159.60882568359375,9788200,0.0,0.0
2024-10-24 00:00:00-04:00,166.61000061035156,168.94000244140625,165.52999877929688,168.10000610351562,161.04586791992188,4933400,0.0,0.0
2024-10-25 00:00:00-04:00,170.27999877929688,173.17999267578125,169.80999755859375,170.27000427246094,163.1248321533203,5496600,0.0,0.0
2024-10-28 00:00:00-04:00,169.4199981689453,173.14999389648438,169.3699951171875,172.22000122070312,164.99301147460938,5024600,0.0,0.0
2024-10-29 00:00:00-04:00,172.1999969482422,176.57000732421875,171.25999450683594,176.0,168.61436462402344,6427700,0.0,0.0
2024-10-30 00:00:00-04:00,169.9199981689453,171.74000549316406,167.52999877929688,167.6199951171875,160.5860137939453,8819700,0.0,0.0
2024-10-31 00:00:00-04:00,167.6199951171875,167.77999877929688,162.0800018310547,162.77000427246094,155.9395294189453,10261200,0.0,0.0
2024-11-01 00:00:00-04:00,163.0800018310547,166.0800018310547,162.77000427246094,165.27000427246094,158.33462524414062,6498100,0.0,0.0
2024-11-04 00:00:00-05:00,165.05999755859375,167.5,163.63999938964844,165.17999267578125,158.24839782714844,4949800,0.0,0.0
2024-11-05 00:00:00-05:00,165.0,167.58999633789062,164.25,165.91000366210938,158.94778442382812,5373200,0.0,0.0
2024-11-06 00:00:00-05:00,169.25,178.4499969482422,168.6699981689453,172.99000549316406,165.73068237304688,17661900,0.0,0.0
2024-11-07 00:00:00-05:00,180.27000427246094,182.10000610351562,171.6300048828125,172.91000366210938,165.65403747558594,23586300,0.0,0.0
2024-11-08 00:00:00-05:00,172.08999633789062,173.49000549316406,168.75,170.91000366210938,163.7379608154297,10736600,0.0,0.0
2024-11-11 00:00:00-05:00,170.0,170.7899932861328,166.08999633789062,168.2899932861328,161.22792053222656,7829500,0.0,0.0
2024-11-12 00:00:00-05:00,167.0500030517578,167.3300018310547,161.86000061035156,163.41000366210938,156.5526885986328,8483300,0.0,0.0
2024-11-13 00:00:00-05:00,162.7899932861328,162.94000244140625,159.75,160.4199981689453,153.68817138671875,7921700,0.0,0.0
2024-11-14 00:00:00-05:00,162.9499969482422,164.91000366210938,161.8699951171875,163.97000122070312,157.0891876220703,7012600,0.0,0.0
2024-11-15 00:00:00-05:00,163.0,164.3300018310547,159.60000610351562,160.5,153.76480102539062,9737000,0.0,0.0
2024-11-18 00:00:00-05:00,162.60000610351562,165.13999938964844,162.0,164.5,157.59695434570312,7814200,0.0,0.0
2024-11-19 00:00:00-05:00,164.02999877929688,166.22999572753906,162.64999389648438,164.7100067138672,157.79815673828125,6176800,0.0,0.0
2024-11-20 00:00:00-05:00,164.0,164.1999969482422,152.9499969482422,154.27000427246094,147.79623413085938,14483000,0.0,0.0
2024-11-21 00:00:00-05:00,155.16000366210938,156.94000244140625,153.58999633789062,155.4600067138672,148.93629455566406,10685800,0.0,0.0
2024-11-22 00:00:00-05:00,154.7899932861328,156.8800048828125,153.72999572753906,156.7899932861328,150.21047973632812,5709300,0.0,0.0
2024-11-25 00:00:00-05:00,158.94000244140625,159.64999389648438,157.22000122070312,158.82000732421875,152.1553192138672,9189800,0.0,0.0
2024-11-26 00:00:00-05:00,159.75,161.47000122070312,156.08999633789062,156.92999267578125,150.34458923339844,9489900,0.0,0.0
2024-11-27 00:00:00-05:00,156.92999267578125,157.64999389648438,154.4600067138672,156.39999389648438,149.83685302734375,6337900,0.0,0.0
2024-11-29 00:00:00-05:00,158.11000061035156,161.52000427246094,157.75,158.52999877929688,151.87747192382812,6112000,0.0,0.0
2024-12-02 00:00:00-05:00,158.3800048828125,163.3699951171875,158.3800048828125,163.02999877929688,156.18862915039062,9812700,0.0,0.0
2024-12-03 00:00:00-05:00,161.5,163.86000061035156,161.32000732421875,162.5800018310547,155.7575225830078,6961400,0.0,0.0
2024-12-04 00:00:00-05:00,164.47999572753906,165.0,162.24000549316406,163.33999633789062,156.48561096191406,6721600,0.0,0.0
2024-12-05 00:00:00-05:00,162.58999633789062,164.4499969482422,159.92999267578125,160.38999938964844,154.46322631835938,7279800,0.85,0.0
2024-12-06 00:00:00-05:00,160.38999938964844,160.38999938964844,157.24000549316406,159.50999450683594,153.61575317382812,9918400,0.0,0.0
2024-12-09 00:00:00-05:00,157.47999572753906,162.92999267578125,157.47000122070312,160.74000549316406,154.80027770996094,9481200,0.0,0.0
2024-12-10 00:00:00-05:00,160.77000427246094,161.49000549316406,156.0399932861328,156.4600067138672,150.67843627929688,8683600,0.0,0.0
2024-12-11 00:00:00-05:00,157.2899932861328,160.4600067138672,156.97000122070312,159.8300018310547,153.92391967773438,7081800,0.0,0.0
2024-12-12 00:00:00-05:00,158.6699981689453,159.4600067138672,156.9199981689453,158.24000549316406,152.39266967773438,5796100,0.0,0.0
2024-12-13 00:00:00-05:00,158.24000549316406,159.67999267578125,156.6199951171875,158.52999877929688,152.6719512939453,8886700,0.0,0.0
2024-12-16 00:00:00-05:00,158.16000366210938,158.7100067138672,154.02000427246094,157.88999938964844,152.0556182861328,9951100,0.0,0.0
2024-12-17 00:00:00-05:00,156.49000549316406,159.97999572753906,156.49000549316406,157.9199981689453,152.08448791503906,7187400,0.0,0.0
2024-12-18 00:00:00-05:00,158.25,161.16000366210938,152.32000732421875,153.0500030517578,147.39447021484375,10295200,0.0,0.0
2024-12-19 00:00:00-05:00,154.02999877929688,155.47000122070312,150.05999755859375,150.39999389648438,144.84237670898438,8414800,0.0,0.0
2024-12-20 00:00:00-05:00,149.5800018310547,154.57000732421875,149.42999267578125,152.88999938964844,147.2403564453125,17347100,0.0,0.0
2024-12-23 00:00:00-05:00,155.66000366210938,158.69000244140625,154.5500030517578,158.24000549316406,152.39266967773438,8863200,0.0,0.0
2024-12-24 00:00:00-05:00,158.63999938964844,159.39999389648438,157.5399932861328,159.36000061035156,153.47129821777344,2839600,0.0,0.0
2024-12-26 00:00:00-05:00,157.39999389648438,159.55999755859375,157.35000610351562,158.52999877929688,152.6719512939453,3846900,0.0,0.0
2024-12-27 00:00:00-05:00,157.19000244140625,157.75,155.52000427246094,157.24000549316406,151.42962646484375,7232500,0.0,0.0
2024-12-30 00:00:00-05:00,155.22999572753906,156.1300048828125,153.8000030517578,154.5800018310547,148.867919921875,5356000,0.0,0.0
2024-12-31 00:00:00-05:00,154.72000122070312,155.83999633789062,153.2100067138672,153.6199951171875,147.94337463378906,4423300,0.0,0.0
2025-01-02 00:00:00-05:00,155.00999450683594,157.50999450683594,152.7899932861328,153.63999938964844,147.962646484375,5009100,0.0,0.0
2025-01-03 00:00:00-05:00,155.4199981689453,158.44000244140625,154.49000549316406,157.8300018310547,151.99783325195312,5885800,0.0,0.0
2025-01-06 00:00:00-05:00,159.3300018310547,165.6699981689453,159.3300018310547,159.85000610351562,153.9431915283203,9599800,0.0,0.0
2025-01-07 00:00:00-05:00,162.0,163.4499969482422,159.25,160.52000427246094,154.5884246826172,7666000,0.0,0.0
2025-01-08 00:00:00-05:00,160.0500030517578,160.19000244140625,156.94000244140625,159.0800018310547,153.20164489746094,7731900,0.0,0.0
2025-01-10 00:00:00-05:00,157.6999969482422,158.27999877929688,155.5500030517578,156.97999572753906,151.17922973632812,6236800,0.0,0.0
2025-01-13 00:00:00-05:00,155.22000122070312,157.3699951171875,154.8000030517578,157.1300048828125,151.32366943359375,5714700,0.0,0.0
2025-01-14 00:00:00-05:00,160.13999938964844,161.00999450683594,156.55999755859375,159.52999877929688,153.63499450683594,6476500,0.0,0.0
2025-01-15 00:00:00-05:00,162.10000610351562,165.4499969482422,162.08999633789062,164.41000366210938,158.3346710205078,9284000,0.0,0.0
2025-01-16 00:00:00-05:00,165.35000610351562,165.83999633789062,161.27999877929688,161.42999267578125,155.4647674560547,7188900,0.0,0.0
2025-01-17 00:00:00-05:00,165.3800048828125,165.61000061035156,163.10000610351562,164.55999755859375,158.47914123535156,8097500,0.0,0.0
2025-01-21 00:00:00-05:00,166.0,168.67999267578125,165.35000610351562,167.27000427246094,161.08900451660156,7380500,0.0,0.0
2025-01-22 00:00:00-05:00,168.32000732421875,172.08999633789062,168.19000244140625,170.24000549316406,163.94923400878906,7281700,0.0,0.0
2025-01-23 00:00:00-05:00,170.3800048828125,174.3800048828125,169.3800048828125,174.36000061035156,167.91700744628906,7172300,0.0,0.0
2025-01-24 00:00:00-05:00,175.10000610351562,175.1999969482422,171.94000244140625,172.11000061035156,165.75013732910156,5825800,0.0,0.0
2025-01-27 00:00:00-05:00,172.10000610351562,172.1999969482422,167.27999877929688,171.17999267578125,164.85450744628906,15632600,0.0,0.0
2025-01-28 00:00:00-05:00,170.22000122070312,173.49000549316406,169.80999755859375,171.5500030517578,165.21083068847656,8720200,0.0,0.0
2025-01-29 00:00:00-05:00,171.5500030517578,173.49000549316406,170.22000122070312,171.7100067138672,165.3649444580078,5118900,0.0,0.0
2025-01-30 00:00:00-05:00,172.33999633789062,173.5399932861328,170.97000122070312,171.92999267578125,165.57681274414062,6010600,0.0,0.0
2025-01-31 00:00:00-05:00,172.50999450683594,176.7899932861328,172.2899932861328,172.92999267578125,166.53985595703125,7800500,0.0,0.0
2025-02-03 00:00:00-05:00,168.8800048828125,172.5800018310547,168.05999755859375,170.24000549316406,163.94923400878906,7447100,0.0,0.0
2025-02-04 00:00:00-05:00,168.5,173.7899932861328,168.5,173.0399932861328,166.64576721191406,5457900,0.0,0.0
2025-02-05 00:00:00-05:00,173.0,177.0,169.89999389648438,175.86000061035156,169.361572265625,15197800,0.0,0.0
2025-02-06 00:00:00-05:00,167.83999633789062,169.49000549316406,165.39999389648438,169.32000732421875,163.06324768066406,16293500,0.0,0.0
2025-02-07 00:00:00-05:00,169.8300018310547,171.3000030517578,166.05999755859375,167.9600067138672,161.75350952148438,7841700,0.0,0.0
2025-02-10 00:00:00-05:00,169.72999572753906,171.8000030517578,169.0,171.36000061035156,165.02786254882812,6237700,0.0,0.0
2025-02-11 00:00:00-05:00,169.64999389648438,172.6999969482422,169.11000061035156,171.99000549316406,165.6345672607422,6588100,0.0,0.0
2025-02-12 00:00:00-05:00,169.5500030517578,170.92999267578125,168.24000549316406,170.2899932861328,163.9973907470703,5505700,0.0,0.0
2025-02-13 00:00:00-05:00,170.19000244140625,172.36000061035156,169.47000122070312,172.14999389648438,165.78866577148438,6362200,0.0,0.0
2025-02-14 00:00:00-05:00,172.60000610351562,172.82000732421875,171.0399932861328,172.22999572753906,165.86569213867188,4691300,0.0,0.0
2025-02-18 00:00:00-05:00,173.25999450683594,173.72000122070312,171.24000549316406,173.63999938964844,167.22361755371094,7292600,0.0,0.0
2025-02-19 00:00:00-05:00,173.99000549316406,176.5,173.35000610351562,175.22000122070312,168.74520874023438,6849600,0.0,0.0
2025-02-20 00:00:00-05:00,176.0,176.38999938964844,172.89999389648438,173.6999969482422,167.2813720703125,6316400,0.0,0.0
2025-02-21 00:00:00-05:00,174.97999572753906,175.42999267578125,165.2100067138672,165.42999267578125,159.3169708251953,12531900,0.0,0.0
2025-02-24 00:00:00-05:00,165.91000366210938,166.58999633789062,160.99000549316406,161.10000610351562,155.14697265625,9827800,0.0,0.0
2025-02-25 00:00:00-05:00,161.66000366210938,163.3300018310547,159.44000244140625,161.22000122070312,155.2625732421875,8244900,0.0,0.0
2025-02-26 00:00:00-05:00,161.8300018310547,164.13999938964844,160.92999267578125,162.10000610351562,156.1100311279297,9161900,0.0,0.0
2025-02-27 00:00:00-05:00,162.33999633789062,163.25,154.10000610351562,154.44000244140625,148.73309326171875,10807200,0.0,0.0
2025-02-28 00:00:00-05:00,155.10000610351562,157.30999755859375,153.39999389648438,157.1699981689453,151.36219787597656,10149500,0.0,0.0
2025-03-03 00:00:00-05:00,158.99000549316406,160.0800018310547,152.52000427246094,153.6199951171875,147.94337463378906,9601900,0.0,0.0
2025-03-04 00:00:00-05:00,155.27000427246094,157.1999969482422,151.35000610351562,154.4600067138672,148.7523651123047,8956800,0.0,0.0
2025-03-05 00:00:00-05:00,155.0399932861328,159.14999389648438,153.02999877929688,158.49000549316406,152.63345336914062,6786900,0.0,0.0
2025-03-06 00:00:00-05:00,154.11000061035156,157.8800048828125,154.08999633789062,156.0399932861328,151.08424377441406,7808100,0.85,0.0
2025-03-07 00:00:00-05:00,155.22000122070312,161.82000732421875,155.22000122070312,161.22000122070312,156.09974670410156,8727600,0.0,0.0
2025-03-10 00:00:00-04:00,157.35000610351562,159.25999450683594,152.61000061035156,154.97999572753906,150.0579071044922,10139900,0.0,0.0
2025-03-11 00:00:00-04:00,154.85000610351562,156.22999572753906,150.86000061035156,153.10000610351562,148.2376251220703,8692900,0.0,0.0
2025-03-12 00:00:00-04:00,154.2100067138672,155.86000061035156,151.9199981689453,152.8000030517578,147.9471435546875,7117400,0.0,0.0
2025-03-13 00:00:00-04:00,152.60000610351562,155.6300048828125,150.4199981689453,151.94000244140625,147.11447143554688,5861700,0.0,0.0
2025-03-14 00:00:00-04:00,153.55999755859375,156.9499969482422,153.5399932861328,156.5800018310547,151.60708618164062,5309400,0.0,0.0
2025-03-17 00:00:00-04:00,155.60000610351562,158.72000122070312,155.44000244140625,157.9499969482422,152.93357849121094,5781000,0.0,0.0
2025-03-18 00:00:00-04:00,157.9499969482422,159.72999572753906,155.9199981689453,156.2899932861328,151.32630920410156,6898400,0.0,0.0
2025-03-19 00:00:00-04:00,156.42999267578125,160.50999450683594,155.05999755859375,158.25999450683594,153.23374938964844,5871000,0.0,0.0
2025-03-20 00:00:00-04:00,158.0,159.1199951171875,156.52000427246094,157.9499969482422,152.93357849121094,5089300,0.0,0.0
2025-03-21 00:00:00-04:00,154.97999572753906,157.4199981689453,153.55999755859375,156.82000732421875,151.83949279785156,10949300,0.0,0.0
2025-03-24 00:00:00-04:00,160.0,161.0,158.8000030517578,160.0800018310547,154.99594116210938,6033400,0.0,0.0
2025-03-25 00:00:00-04:00,159.8800048828125,161.47000122070312,159.4199981689453,160.14999389648438,155.06370544433594,3978200,0.0,0.0
2025-03-26 00:00:00-04:00,159.4499969482422,160.80999755859375,156.85000610351562,158.38999938964844,153.359619140625,5960300,0.0,0.0
2025-03-27 00:00:00-04:00,158.2100067138672,159.25,155.75,157.97000122070312,152.9529571533203,6102000,0.0,0.0
2025-03-28 00:00:00-04:00,156.9199981689453,157.63999938964844,151.55999755859375,152.72000122070312,147.86968994140625,8918000,0.0,0.0
2025-03-31 00:00:00-04:00,150.80999755859375,153.85000610351562,147.8800048828125,153.61000061035156,148.73143005371094,8613600,0.0,0.0
2025-04-01 00:00:00-04:00,152.38999938964844,153.32000732421875,150.25999450683594,153.0500030517578,148.18922424316406,5708900,0.0,0.0
2025-04-02 00:00:00-04:00,150.7899932861328,155.4600067138672,150.3699951171875,154.0800018310547,149.18650817871094,5377200,0.0,0.0
2025-04-03 00:00:00-04:00,147.0,147.39999389648438,138.55999755859375,139.4199981689453,134.99208068847656,16465000,0.0,0.0
2025-04-04 00:00:00-04:00,134.33999633789062,135.86000061035156,126.68000030517578,127.45999908447266,123.41192626953125,19018600,0.0,0.0
2025-04-07 00:00:00-04:00,124.58999633789062,137.1999969482422,120.80000305175781,129.72000122070312,125.60015869140625,17938300,0.0,0.0
2025-04-08 00:00:00-04:00,131.1300048828125,135.2899932861328,121.73999786376953,124.66000366210938,120.70085906982422,14965900,0.0,0.0
2025-04-09 00:00:00-04:00,125.16000366210938,144.86000061035156,124.19000244140625,143.58999633789062,139.02963256835938,21242600,0.0,0.0
2025-04-10 00:00:00-04:00,137.00999450683594,139.05999755859375,129.2899932861328,134.39999389648438,130.13153076171875,14898800,0.0,0.0
2025-04-11 00:00:00-04:00,134.0,140.64999389648438,131.11000061035156,139.25,134.82749938964844,10955300,0.0,0.0
2025-04-14 00:00:00-04:00,142.75,143.11000061035156,136.8300018310547,139.19000244140625,134.7694091796875,6930300,0.0,0.0
2025-04-15 00:00:00-04:00,139.4600067138672,140.83999633789062,138.02999877929688,138.60000610351562,134.19815063476562,6346800,0.0,0.0
2025-04-16 00:00:00-04:00,133.67999267578125,137.30999755859375,131.7899932861328,135.74000549316406,131.42897033691406,10417200,0.0,0.0
2025-04-17 00:00:00-04:00,137.3800048828125,138.14999389648438,135.7100067138672,136.66000366210938,132.3197479248047,7135900,0.0,0.0
2025-04-21 00:00:00-04:00,134.72999572753906,136.5500030517578,133.36000061035156,136.13999938964844,131.8162841796875,8128300,0.0,0.0
2025-04-22 00:00:00-04:00,136.75,139.10000610351562,136.49000549316406,138.74000549316406,134.3336944580078,8228000,0.0,0.0
2025-04-23 00:00:00-04:00,142.5800018310547,143.8800048828125,139.77999877929688,140.4600067138672,135.9990692138672,9073500,0.0,0.0
2025-04-24 00:00:00-04:00,142.77999877929688,147.82000732421875,141.99000549316406,147.2100067138672,142.53468322753906,8810600,0.0,0.0
2025-04-25 00:00:00-04:00,146.0800018310547,149.1999969482422,146.0800018310547,148.55999755859375,143.84182739257812,5145600,0.0,0.0
2025-04-28 00:00:00-04:00,148.17999267578125,149.3000030517578,145.44000244140625,147.6199951171875,142.93167114257812,5743500,0.0,0.0
2025-04-29 00:00:00-04:00,146.66000366210938,148.25999450683594,145.52000427246094,146.8800048828125,142.2151641845703,6692000,0.0,0.0
2025-04-30 00:00:00-04:00,145.1999969482422,148.85000610351562,143.8800048828125,148.4600067138672,143.7449951171875,10851900,0.0,0.0
2025-05-01 00:00:00-04:00,138.7899932861328,138.9600067138672,134.8699951171875,135.2100067138672,130.91580200195312,22836600,0.0,0.0
2025-05-02 00:00:00-04:00,137.85000610351562,141.41000366210938,137.2899932861328,139.80999755859375,135.3697052001953,13185600,0.0,0.0
2025-05-05 00:00:00-04:00,138.3000030517578,140.77000427246094,138.2899932861328,139.44000244140625,135.01144409179688,7165300,0.0,0.0
2025-05-06 00:00:00-04:00,137.82000732421875,140.8000030517578,137.4600067138672,139.89999389648438,135.4568328857422,6957900,0.0,0.0
2025-05-07 00:00:00-04:00,140.3800048828125,144.6999969482422,140.25,144.3000030517578,139.71710205078125,10196400,0.0,0.0
2025-05-08 00:00:00-04:00,145.63999938964844,147.5,143.88999938964844,145.10000610351562,140.49169921875,8489100,0.0,0.0
2025-05-09 00:00:00-04:00,145.66000366210938,146.97999572753906,144.60000610351562,145.17999267578125,140.56915283203125,6217100,0.0,0.0
2025-05-12 00:00:00-04:00,154.0800018310547,154.36000061035156,149.8300018310547,152.1199951171875,147.28871154785156,11414600,0.0,0.0
2025-05-13 00:00:00-04:00,152.00999450683594,153.2899932861328,150.9600067138672,151.33999633789062,146.53350830078125,10160900,0.0,0.0
2025-05-14 00:00:00-04:00,151.92999267578125,153.27000427246094,150.42999267578125,152.97999572753906,148.12142944335938,6971200,0.0,0.0
2025-05-15 00:00:00-04:00,151.7100067138672,153.38999938964844,150.17999267578125,152.61000061035156,147.76316833496094,6941200,0.0,0.0
2025-05-16 00:00:00-04:00,152.8699951171875,153.05999755859375,151.3000030517578,152.5,147.6566619873047,6668000,0.0,0.0
2025-05-19 00:00:00-04:00,150.5500030517578,153.82000732421875,150.11000061035156,153.6999969482422,148.81857299804688,7241100,0.0,0.0
2025-05-20 00:00:00-04:00,153.0399932861328,153.88999938964844,151.92999267578125,153.82000732421875,148.9347686767578,5269500,0.0,0.0
2025-05-21 00:00:00-04:00,153.5800018310547,156.1300048828125,150.8300018310547,151.30999755859375,146.50445556640625,9684500,0.0,0.0
2025-05-22 00:00:00-04:00,151.38999938964844,151.5800018310547,147.22000122070312,147.3699951171875,142.68959045410156,9539100,0.0,0.0
2025-05-23 00:00:00-04:00,143.4199981689453,146.49000549316406,141.77000427246094,145.3800048828125,140.7628173828125,8994600,0.0,0.0
2025-05-27 00:00:00-04:00,147.5500030517578,149.35000610351562,146.42999267578125,148.6300048828125,143.9095916748047,9788800,0.0,0.0
2025-05-28 00:00:00-04:00,148.82000732421875,149.49000549316406,147.36000061035156,147.60000610351562,142.9123077392578,7032300,0.0,0.0
2025-05-29 00:00:00-04:00,149.86000061035156,150.5,147.24000549316406,148.33999633789062,143.62879943847656,5980700,0.0,0.0
2025-05-30 00:00:00-04:00,148.0,148.02000427246094,143.47999572753906,145.1999969482422,140.58851623535156,13755600,0.0,0.0
2025-06-02 00:00:00-04:00,144.8000030517578,147.2100067138672,144.47999572753906,146.6300048828125,141.97311401367188,6419500,0.0,0.0
2025-06-03 00:00:00-04:00,146.7100067138672,149.77999877929688,145.50999450683594,148.94000244140625,144.20973205566406,6164100,0.0,0.0
2025-06-04 00:00:00-04:00,150.0,150.0500030517578,147.3800048828125,149.0500030517578,144.31625366210938,7143800,0.0,0.0
2025-06-05 00:00:00-04:00,148.8000030517578,150.0800018310547,147.0,147.55999755859375,143.7318115234375,5605500,0.89,0.0
2025-06-06 00:00:00-04:00,149.8000030517578,150.58999633789062,149.0500030517578,149.24000549316406,145.36822509765625,5794700,0.0,0.0
2025-06-09 00:00:00-04:00,151.80999755859375,156.1199951171875,151.1699981689453,155.41000366210938,151.378173828125,10589400,0.0,0.0
2025-06-10 00:00:00-04:00,156.19000244140625,159.50999450683594,155.07000732421875,159.1300048828125,155.0016632080078,9068400,0.0,0.0
2025-06-11 00:00:00-04:00,160.0,162.13999938964844,157.6999969482422,159.47999572753906,155.34255981445312,8859900,0.0,0.0
2025-06-12 00:00:00-04:00,159.0,159.61000061035156,157.9499969482422,158.6999969482422,154.58279418945312,5689400,0.0,0.0
2025-06-13 00:00:00-04:00,156.33999633789062,157.1699981689453,154.44000244140625,154.72000122070312,150.7060546875,8446400,0.0,0.0
2025-06-16 00:00:00-04:00,157.02999877929688,158.4499969482422,155.63999938964844,156.8699951171875,152.80027770996094,8686300,0.0,0.0
2025-06-17 00:00:00-04:00,156.64999389648438,157.5800018310547,154.38999938964844,154.4600067138672,150.45281982421875,7146900,0.0,0.0
2025-06-18 00:00:00-04:00,155.0,156.10000610351562,153.14999389648438,153.6300048828125,149.6443328857422,6708700,0.0,0.0
2025-06-20 00:00:00-04:00,154.22999572753906,155.1199951171875,150.6300048828125,151.32000732421875,147.39427185058594,15501900,0.0,0.0
2025-06-23 00:00:00-04:00,151.22999572753906,153.52000427246094,149.67999267578125,153.13999938964844,149.1670379638672,6860700,0.0,0.0
2025-06-24 00:00:00-04:00,154.72999572753906,156.3000030517578,154.14999389648438,155.7100067138672,151.67039489746094,7692700,0.0,0.0
2025-06-25 00:00:00-04:00,156.10000610351562,156.52999877929688,154.58999633789062,155.92999267578125,151.8846435546875,5280100,0.0,0.0
2025-06-26 00:00:00-04:00,156.5,158.4199981689453,155.91000366210938,158.19000244140625,154.0860137939453,6278200,0.0,0.0
2025-06-27 00:00:00-04:00,158.64999389648438,161.10000610351562,157.57000732421875,158.5399932861328,154.4269561767578,22100300,0.0,0.0
2025-06-30 00:00:00-04:00,158.38999938964844,159.86000061035156,157.8000030517578,159.25999450683594,155.12826538085938,7988200,0.0,0.0
2025-07-01 00:00:00-04:00,158.22000122070312,161.64999389648438,157.97999572753906,159.39999389648438,155.26461791992188,8942300,0.0,0.0
2025-07-02 00:00:00-04:00,159.67999267578125,162.7899932861328,158.8000030517578,162.32000732421875,158.10890197753906,8916400,0.0,0.0
2025-07-03 00:00:00-04:00,163.0399932861328,163.9600067138672,162.08999633789062,162.2100067138672,158.0017547607422,4280800,0.0,0.0
2025-07-07 00:00:00-04:00,161.11000061035156,161.49000549316406,157.57000732421875,158.08999633789062,153.9886016845703,7187400,0.0,0.0
2025-07-08 00:00:00-04:00,159.47000122070312,161.8300018310547,158.61000061035156,159.4499969482422,155.31333923339844,6879100,0.0,0.0
2025-07-09 00:00:00-04:00,159.39999389648438,161.47999572753906,158.25,159.35000610351562,155.21595764160156,4190100,0.0,0.0
2025-07-10 00:00:00-04:00,158.99000549316406,160.2899932861328,157.7899932861328,159.08999633789062,154.96267700195312,5674400,0.0,0.0
2025-07-11 00:00:00-04:00,159.0,159.1699981689453,157.14999389648438,157.4600067138672,153.37496948242188,5907700,0.0,0.0
2025-07-14 00:00:00-04:00,156.4199981689453,156.5,153.47999572753906,154.2899932861328,150.28721618652344,7382600,0.0,0.0
2025-07-15 00:00:00-04:00,156.2899932861328,156.7100067138672,154.1199951171875,154.3000030517578,150.2969512939453,6467300,0.0,0.0
2025-07-16 00:00:00-04:00,154.3000030517578,154.5,151.5399932861328,154.07000732421875,150.07293701171875,7106700,0.0,0.0
2025-07-17 00:00:00-04:00,153.0,153.52999877929688,151.8000030517578,152.61000061035156,148.65078735351562,7018600,0.0,0.0
2025-07-18 00:00:00-04:00,153.0399932861328,155.42999267578125,152.72999572753906,154.8000030517578,150.7839813232422,7433900,0.0,0.0
2025-07-21 00:00:00-04:00,154.9199981689453,159.92999267578125,154.91000366210938,158.97000122070312,154.84579467773438,7662300,0.0,0.0
2025-07-22 00:00:00-04:00,158.9600067138672,159.0399932861328,156.1699981689453,157.99000549316406,153.89120483398438,6951600,0.0,0.0
2025-07-23 00:00:00-04:00,158.58999633789062,160.0399932861328,156.92999267578125,159.8800048828125,155.73220825195312,7296200,0.0,0.0
2025-07-24 00:00:00-04:00,158.35000610351562,159.08999633789062,156.7899932861328,158.83999633789062,154.71917724609375,5014800,0.0,0.0
2025-07-25 00:00:00-04:00,158.89999389648438,159.1999969482422,157.41000366210938,158.39999389648438,154.29058837890625,4808200,0.0,0.0
2025-07-28 00:00:00-04:00,159.75999450683594,161.9600067138672,159.16000366210938,161.0500030517578,156.87185668945312,9627300,0.0,0.0
2025-07-29 00:00:00-04:00,162.0399932861328,163.60000610351562,161.13999938964844,162.0800018310547,157.87510681152344,9460900,0.0,0.0
2025-07-30 00:00:00-04:00,163.0,163.27000427246094,158.0,159.05999755859375,154.93345642089844,14382500,0.0,0.0
2025-07-31 00:00:00-04:00,153.11000061035156,156.8000030517578,145.5800018310547,146.75999450683594,142.95257568359375,24440100,0.0,0.0
2025-08-01 00:00:00-04:00,146.4600067138672,149.1699981689453,145.7899932861328,148.19000244140625,144.345458984375,12706700,0.0,0.0
2025-08-04 00:00:00-04:00,148.50999450683594,150.7899932861328,147.07000732421875,147.50999450683594,143.68309020996094,8150200,0.0,0.0
2025-08-05 00:00:00-04:00,148.52000427246094,148.64999389648438,145.6699981689453,146.7100067138672,142.90386962890625,7794500,0.0,0.0
2025-08-06 00:00:00-04:00,146.64999389648438,146.7100067138672,144.11000061035156,145.83999633789062,142.0564422607422,8475700,0.0,0.0
2025-08-07 00:00:00-04:00,148.32000732421875,148.32000732421875,144.80999755859375,145.89999389648438,142.11485290527344,6753500,0.0,0.0
2025-08-08 00:00:00-04:00,146.35000610351562,148.02000427246094,145.69000244140625,147.55999755859375,143.7318115234375,5028700,0.0,0.0
2025-08-11 00:00:00-04:00,148.57000732421875,151.05999755859375,147.7100067138672,147.97000122070312,144.1311798095703,6215900,0.0,0.0
2025-08-12 00:00:00-04:00,148.7899932861328,153.89999389648438,148.57000732421875,153.72999572753906,149.74172973632812,9304100,0.0,0.0
2025-08-13 00:00:00-04:00,153.97000122070312,157.11000061035156,153.6300048828125,156.58999633789062,152.5275421142578,7103300,0.0,0.0
2025-08-14 00:00:00-04:00,154.89999389648438,158.64999389648438,154.89999389648438,158.08999633789062,153.9886016845703,6294800,0.0,0.0
2025-08-15 00:00:00-04:00,158.0399932861328,159.25999450683594,156.69000244140625,157.85000610351562,153.75485229492188,7583700,0.0,0.0
2025-08-18 00:00:00-04:00,157.77999877929688,159.75,157.24000549316406,158.89999389648438,154.777587890625,4774400,0.0,0.0
2025-08-19 00:00:00-04:00,159.07000732421875,159.42999267578125,156.0500030517578,156.25,152.19635009765625,6396500,0.0,0.0
2025-08-20 00:00:00-04:00,156.38999938964844,156.63999938964844,153.4600067138672,155.44000244140625,151.40736389160156,7151700,0.0,0.0
2025-08-21 00:00:00-04:00,154.82000732421875,155.1999969482422,153.0500030517578,154.1300048828125,150.13136291503906,4997300,0.0,0.0
2025-08-22 00:00:00-04:00,154.8300018310547,159.88999938964844,154.55999755859375,158.00999450683594,153.91070556640625,7711500,0.0,0.0
2025-08-25 00:00:00-04:00,157.61000061035156,158.0500030517578,155.39999389648438,156.4199981689453,152.36195373535156,4653000,0.0,0.0
2025-08-26 00:00:00-04:00,157.66000366210938,159.9600067138672,157.41000366210938,159.1699981689453,155.04061889648438,9173000,0.0,0.0
2025-08-27 00:00:00-04:00,158.36000061035156,159.97000122070312,157.8000030517578,159.77000427246094,155.62506103515625,4549900,0.0,0.0
2025-08-28 00:00:00-04:00,159.91000366210938,161.22000122070312,159.02999877929688,160.8000030517578,156.62832641601562,8156300,0.0,0.0
2025-08-29 00:00:00-04:00,159.52999877929688,161.60000610351562,159.39999389648438,160.72999572753906,156.5601348876953,9949100,0.0,0.0
2025-09-02 00:00:00-04:00,157.82000732421875,158.94000244140625,154.60000610351562,158.77999877929688,154.6607208251953,7520300,0.0,0.0
2025-09-03 00:00:00-04:00,159.39999389648438,159.57000732421875,156.05999755859375,157.27999877929688,153.19964599609375,6336400,0.0,0.0
2025-09-04 00:00:00-04:00,156.1999969482422,159.86000061035156,154.47000122070312,159.7100067138672,156.45191955566406,7781200,0.89,0.0
2025-09-05 00:00:00-04:00,160.0800018310547,163.49000549316406,159.14999389648438,159.83999633789062,156.57923889160156,7954200,0.0,0.0
2025-09-08 00:00:00-04:00,160.2899932861328,160.2899932861328,158.00999450683594,160.24000549316406,156.97109985351562,7019700,0.0,0.0
2025-09-09 00:00:00-04:00,160.3699951171875,161.60000610351562,157.57000732421875,158.66000366210938,155.42332458496094,6126000,0.0,0.0
2025-09-10 00:00:00-04:00,158.6199951171875,159.2100067138672,156.61000061035156,158.9499969482422,155.70741271972656,8256900,0.0,0.0
2025-09-11 00:00:00-04:00,159.19000244140625,162.07000732421875,157.9600067138672,161.50999450683594,158.21519470214844,8360200,0.0,0.0
2025-09-12 00:00:00-04:00,161.3300018310547,162.3300018310547,159.5800018310547,161.8300018310547,158.52865600585938,5430600,0.0,0.0
2025-09-15 00:00:00-04:00,161.39999389648438,162.67999267578125,160.2100067138672,161.22000122070312,157.93112182617188,5604800,0.0,0.0
2025-09-16 00:00:00-04:00,161.82000732421875,165.0,161.5,164.13999938964844,160.7915496826172,7997500,0.0,0.0
2025-09-17 00:00:00-04:00,164.67999267578125,166.3699951171875,163.22999572753906,165.25999450683594,161.88868713378906,6057800,0.0,0.0
2025-09-18 00:00:00-04:00,166.8800048828125,168.86000061035156,166.22999572753906,168.1300048828125,164.70013427734375,10421200,0.0,0.0
2025-09-19 00:00:00-04:00,169.1699981689453,169.5800018310547,166.2899932861328,166.85000610351562,163.44627380371094,19444400,0.0,0.0
2025-09-22 00:00:00-04:00,166.85000610351562,170.22000122070312,165.9199981689453,169.72000122070312,166.25770568847656,6196600,0.0,0.0
2025-09-23 00:00:00-04:00,169.82000732421875,170.85000610351562,168.3000030517578,169.52999877929688,166.0715789794922,5468400,0.0,0.0
2025-09-24 00:00:00-04:00,169.0500030517578,174.44000244140625,168.6699981689453,173.5500030517578,170.00958251953125,9213700,0.0,0.0
2025-09-25 00:00:00-04:00,171.2100067138672,171.97000122070312,167.94000244140625,169.67999267578125,166.21852111816406,8093700,0.0,0.0
2025-09-26 00:00:00-04:00,169.67999267578125,170.92999267578125,168.1300048828125,169.1999969482422,165.74830627441406,4846000,0.0,0.0
2025-09-29 00:00:00-04:00,169.1999969482422,169.83999633789062,164.75999450683594,165.3000030517578,161.9279022216797,7523100,0.0,0.0
2025-09-30 00:00:00-04:00,165.63999938964844,166.83999633789062,164.8800048828125,166.36000061035156,162.9662628173828,5593300,0.0,0.0
2025-10-01 00:00:00-04:00,165.8000030517578,166.77000427246094,164.49000549316406,166.49000549316406,163.09361267089844,6153000,0.0,0.0
2025-10-02 00:00:00-04:00,167.75,169.5399932861328,167.17999267578125,168.85000610351562,165.40545654296875,5499500,0.0,0.0
2025-10-03 00:00:00-04:00,168.85000610351562,171.75,168.74000549316406,169.17999267578125,165.7287139892578,5137900,0.0,0.0
2025-10-06 00:00:00-04:00,170.5399932861328,170.8800048828125,167.72000122070312,168.6199951171875,165.18014526367188,8265800,0.0,0.0
2025-10-07 00:00:00-04:00,169.89999389648438,171.97999572753906,165.13999938964844,165.4600067138672,162.08462524414062,7147500,0.0,0.0
2025-10-08 00:00:00-04:00,166.24000549316406,168.5500030517578,163.88999938964844,167.77000427246094,164.3474884033203,7302200,0.0,0.0
2025-10-09 00:00:00-04:00,167.3699951171875,167.61000061035156,163.22999572753906,165.66000366210938,162.28053283691406,6928400,0.0,0.0
2025-10-10 00:00:00-04:00,164.82000732421875,165.08999633789062,153.35000610351562,153.58999633789062,150.45675659179688,15818600,0.0,0.0
2025-10-13 00:00:00-04:00,155.9499969482422,162.38999938964844,155.77999877929688,161.77999877929688,158.47967529296875,10311000,0.0,0.0
2025-10-14 00:00:00-04:00,159.3000030517578,164.27000427246094,159.25999450683594,161.74000549316406,158.4405059814453,8675200,0.0,0.0
2025-10-15 00:00:00-04:00,164.24000549316406,164.24000549316406,160.30999755859375,162.97000122070312,159.64540100097656,7334100,0.0,0.0
2025-10-16 00:00:00-04:00,164.49000549316406,165.19000244140625,162.2100067138672,164.0800018310547,160.73275756835938,5686700,0.0,0.0
2025-10-17 00:00:00-04:00,162.86000061035156,163.7899932861328,161.6699981689453,163.4499969482422,160.1156005859375,4833100,0.0,0.0
2025-10-20 00:00:00-04:00,163.33999633789062,167.64999389648438,162.05999755859375,167.0399932861328,163.6323699951172,8194100,0.0,0.0
2025-10-21 00:00:00-04:00,166.8000030517578,169.24000549316406,166.1999969482422,168.8300018310547,165.3858642578125,6176100,0.0,0.0
2025-10-22 00:00:00-04:00,167.49000549316406,169.77999877929688,166.02000427246094,169.27000427246094,165.81687927246094,10083800,0.0,0.0
2025-10-23 00:00:00-04:00,168.3300018310547,171.25,167.8800048828125,170.02999877929688,166.56138610839844,6546400,0.0,0.0
2025-10-24 00:00:00-04:00,171.69000244140625,172.4199981689453,168.47000122070312,168.94000244140625,165.49362182617188,6256000,0.0,0.0
2025-10-27 00:00:00-04:00,168.9499969482422,205.9499969482422,168.82000732421875,187.67999267578125,183.851318359375,81799300,0.0,0.0
2025-10-28 00:00:00-04:00,183.92999267578125,185.91000366210938,179.41000366210938,181.02999877929688,177.3369903564453,20323100,0.0,0.0
2025-10-29 00:00:00-04:00,182.0,183.49000549316406,178.1999969482422,178.6699981689453,175.02513122558594,11614600,0.0,0.0
2025-10-30 00:00:00-04:00,178.67999267578125,179.8800048828125,177.19000244140625,177.25999450683594,173.6438751220703,7862900,0.0,0.0
2025-10-31 00:00:00-04:00,178.52000427246094,182.14999389648438,176.8300018310547,180.89999389648438,177.20960998535156,9452800,0.0,0.0
2025-11-03 00:00:00-05:00,182.9499969482422,183.4499969482422,179.08999633789062,180.72000122070312,177.03330993652344,8535100,0.0,0.0
2025-11-04 00:00:00-05:00,177.47999572753906,179.33999633789062,172.2899932861328,172.83999633789062,169.31405639648438,12323600,0.0,0.0
2025-11-05 00:00:00-05:00,174.75999450683594,183.42999267578125,174.32000732421875,179.72000122070312,176.0537109375,18845500,0.0,0.0
2025-11-06 00:00:00-05:00,177.8000030517578,178.50999450683594,170.05999755859375,173.1999969482422,169.6667022705078,16184700,0.0,0.0
2025-11-07 00:00:00-05:00,172.72999572753906,174.25,168.25,170.88999938964844,167.40382385253906,10614700,0.0,0.0
2025-11-10 00:00:00-05:00,173.75999450683594,174.8000030517578,169.5,171.57000732421875,168.06997680664062,10129300,0.0,0.0
2025-11-11 00:00:00-05:00,171.0,175.97999572753906,171.0,173.97999572753906,170.43080139160156,8419100,0.0,0.0
2025-11-12 00:00:00-05:00,175.0,177.4199981689453,174.8800048828125,176.6699981689453,173.06593322753906,8785800,0.0,0.0
2025-11-13 00:00:00-05:00,176.6300048828125,178.8300018310547,173.02999877929688,174.5,170.940185546875,9526100,0.0,0.0
2025-11-14 00:00:00-05:00,171.77999877929688,175.69000244140625,171.39999389648438,173.97999572753906,170.43080139160156,7949900,0.0,0.0
2025-11-17 00:00:00-05:00,172.8000030517578,174.83999633789062,165.1699981689453,166.75,163.34829711914062,10211100,0.0,0.0
2025-11-18 00:00:00-05:00,164.88999938964844,166.7899932861328,161.38999938964844,165.05999755859375,161.69276428222656,11073200,0.0,0.0
2025-11-19 00:00:00-05:00,164.69000244140625,167.50999450683594,164.11000061035156,166.11000061035156,162.72134399414062,8176500,0.0,0.0
2025-11-20 00:00:00-05:00,167.1300048828125,168.8800048828125,158.85000610351562,159.58999633789062,156.33436584472656,12075400,0.0,0.0
2025-11-21 00:00:00-05:00,160.75,165.27000427246094,159.10000610351562,163.3000030517578,159.96868896484375,10815000,0.0,0.0
2025-11-24 00:00:00-05:00,164.3699951171875,166.94000244140625,163.72000122070312,165.05999755859375,161.69276428222656,12070100,0.0,0.0
2025-11-25 00:00:00-05:00,163.99000549316406,164.97000122070312,161.8699951171875,163.3000030517578,159.96868896484375,7758100,0.0,0.0
2025-11-26 00:00:00-05:00,164.1199951171875,166.25,163.14999389648438,165.13999938964844,161.77113342285156,7967700,0.0,0.0
2025-11-28 00:00:00-05:00,165.02999877929688,168.19000244140625,164.1300048828125,168.08999633789062,164.66098022460938,5068800,0.0,0.0
2025-12-01 00:00:00-05:00,165.91000366210938,169.02999877929688,165.5,168.0399932861328,164.61196899414062,6818300,0.0,0.0
2025-12-02 00:00:00-05:00,168.75,171.1699981689453,167.63999938964844,170.6999969482422,167.21771240234375,9159100,0.0,0.0
2025-12-03 00:00:00-05:00,170.89999389648438,175.08999633789062,170.35000610351562,175.07000732421875,171.49856567382812,7624300,0.0,0.0
2025-12-04 00:00:00-05:00,174.3300018310547,174.92999267578125,173.22999572753906,174.35000610351562,171.66595458984375,7245000,0.89,0.0
2025-12-05 00:00:00-05:00,174.74000549316406,177.25,174.5,174.80999755859375,172.11886596679688,8400100,0.0,0.0
2025-12-08 00:00:00-05:00,174.74000549316406,175.5,173.72000122070312,175.30999755859375,172.61117553710938,6690200,0.0,0.0
2025-12-09 00:00:00-05:00,174.5,176.35000610351562,172.32000732421875,176.0,173.29054260253906,7719100,0.0,0.0
2025-12-10 00:00:00-05:00,175.80999755859375,183.44000244140625,175.25,182.2100067138672,179.4049530029297,11100100,0.0,0.0
2025-12-11 00:00:00-05:00,181.3699951171875,181.63999938964844,178.08999633789062,181.27000427246094,178.4794158935547,6319200,0.0,0.0
2025-12-12 00:00:00-05:00,181.25,183.11000061035156,177.8699951171875,178.2899932861328,175.5452880859375,8865800,0.0,0.0
2025-12-15 00:00:00-05:00,179.72000122070312,180.30999755859375,176.38999938964844,179.25999450683594,176.5003662109375,6954700,0.0,0.0
2025-12-16 00:00:00-05:00,179.19000244140625,179.19000244140625,174.80999755859375,176.1199951171875,173.40869140625,7136000,0.0,0.0
2025-12-17 00:00:00-05:00,176.1199951171875,177.47999572753906,172.0500030517578,172.33999633789062,169.6868896484375,8501900,0.0,0.0
2025-12-18 00:00:00-05:00,175.7100067138672,177.0800018310547,173.52999877929688,174.19000244140625,171.50840759277344,8967500,0.0,0.0
2025-12-19 00:00:00-05:00,174.44000244140625,177.19000244140625,174.1999969482422,175.25,172.55209350585938,25223500,0.0,0.0
2025-12-22 00:00:00-05:00,177.55999755859375,178.32000732421875,173.89999389648438,174.22000122070312,171.53794860839844,6422100,0.0,0.0
2025-12-23 00:00:00-05:00,173.61000061035156,175.27000427246094,173.50999450683594,174.75,172.05979919433594,4690400,0.0,0.0
2025-12-24 00:00:00-05:00,175.0399932861328,175.49000549316406,174.4199981689453,174.77000427246094,172.07948303222656,1645300,0.0,0.0
2025-12-26 00:00:00-05:00,175.0,175.5,174.35000610351562,174.80999755859375,172.11886596679688,2442800,0.0,0.0
2025-12-29 00:00:00-05:00,174.00999450683594,175.19000244140625,172.7899932861328,173.42999267578125,170.76010131835938,3978400,0.0,0.0
2025-12-30 00:00:00-05:00,174.05999755859375,174.39999389648438,173.33999633789062,173.64999389648438,170.97671508789062,3429300,0.0,0.0
2025-12-31 00:00:00-05:00,173.61000061035156,173.77999877929688,171.00999450683594,171.0500030517578,168.416748046875,4682600,0.0,0.0
2026-01-02 00:00:00-05:00,173.8000030517578,174.67999267578125,172.1999969482422,172.97999572753906,170.31703186035156,6532200,0.0,0.0
2026-01-05 00:00:00-05:00,175.4600067138672,178.85000610351562,174.00999450683594,176.30999755859375,173.59576416015625,8972200,0.0,0.0
2026-01-06 00:00:00-05:00,177.2100067138672,184.4499969482422,176.6199951171875,182.4499969482422,179.64125061035156,11033900,0.0,0.0
2026-01-07 00:00:00-05:00,182.38999938964844,184.07000732421875,177.11000061035156,180.19000244140625,177.4160614013672,9853000,0.0,0.0
2026-01-08 00:00:00-05:00,178.8000030517578,184.30999755859375,176.1999969482422,181.8699951171875,179.07017517089844,8353500,0.0,0.0
2026-01-09 00:00:00-05:00,178.1199951171875,179.44000244140625,174.8000030517578,177.77999877929688,175.04315185546875,9662200,0.0,0.0
2026-01-12 00:00:00-05:00,175.8800048828125,175.8800048828125,169.24000549316406,169.27000427246094,166.66415405273438,13657600,0.0,0.0
2026-01-13 00:00:00-05:00,166.97999572753906,168.35000610351562,164.97000122070312,165.2899932861328,162.74542236328125,9993300,0.0,0.0
2026-01-14 00:00:00-05:00,163.69000244140625,164.74000549316406,162.35000610351562,164.5399932861328,162.0069580078125,7959900,0.0,0.0
2026-01-15 00:00:00-05:00,166.4499969482422,166.5,161.02999877929688,161.38999938964844,158.9054718017578,9241600,0.0,0.0
2026-01-16 00:00:00-05:00,161.38999938964844,161.6999969482422,159.2100067138672,159.4199981689453,156.96578979492188,11990800,0.0,0.0
2026-01-20 00:00:00-05:00,154.9499969482422,157.72000122070312,153.25,154.07000732421875,151.6981658935547,11971400,0.0,0.0
2026-01-21 00:00:00-05:00,156.3300018310547,157.52999877929688,154.6199951171875,156.3699951171875,153.96273803710938,9181900,0.0,0.0
2026-01-22 00:00:00-05:00,158.47000122070312,159.42999267578125,156.80999755859375,157.8000030517578,155.3707275390625,7450300,0.0,0.0
2026-01-23 00:00:00-05:00,157.0399932861328,157.97999572753906,154.85000610351562,155.82000732421875,153.4212188720703,7106700,0.0,0.0
2026-01-26 00:00:00-05:00,154.8000030517578,156.1999969482422,154.3000030517578,154.52000427246094,152.14122009277344,8004200,0.0,0.0
2026-01-27 00:00:00-05:00,156.3300018310547,156.74000549316406,152.66000366210938,153.0399932861328,150.6840057373047,8354600,0.0,0.0
2026-01-28 00:00:00-05:00,152.0,154.0,150.39999389648438,152.6999969482422,150.3492431640625,8539000,0.0,0.0
2026-01-29 00:00:00-05:00,153.08999633789062,153.22999572753906,149.72999572753906,152.22000122070312,149.8766326904297,9142900,0.0,0.0
2026-01-30 00:00:00-05:00,149.9600067138672,153.07000732421875,149.8300018310547,151.58999633789062,149.25631713867188,9577200,0.0,0.0
2026-02-02 00:00:00-05:00,150.97000122070312,153.63999938964844,150.82000732421875,152.6199951171875,150.27047729492188,9099100,0.0,0.0
2026-02-03 00:00:00-05:00,150.72000122070312,150.72000122070312,144.3000030517578,147.17999267578125,144.91419982910156,11966400,0.0,0.0
2026-02-04 00:00:00-05:00,148.7100067138672,153.47000122070312,148.1699981689453,148.88999938964844,146.597900390625,19249300,0.0,0.0
2026-02-05 00:00:00-05:00,132.9199981689453,139.3300018310547,132.72999572753906,136.3000030517578,134.20172119140625,30229600,0.0,0.0
2026-02-06 00:00:00-05:00,136.8699951171875,139.14999389648438,135.27999877929688,137.33999633789062,135.2257080078125,15036800,0.0,0.0
2026-02-09 00:00:00-05:00,137.10000610351562,139.94000244140625,136.5,138.92999267578125,136.7912139892578,11022700,0.0,0.0
2026-02-10 00:00:00-05:00,138.14999389648438,140.41000366210938,136.7899932861328,140.08999633789062,137.93336486816406,9762900,0.0,0.0
2026-02-11 00:00:00-05:00,140.02999877929688,142.38999938964844,139.11000061035156,141.0399932861328,138.8687286376953,9379300,0.0,0.0
2026-02-12 00:00:00-05:00,140.86000061035156,141.5,136.74000549316406,138.47000122070312,136.33831787109375,12416600,0.0,0.0
2026-02-13 00:00:00-05:00,137.1199951171875,141.47999572753906,136.74000549316406,140.6999969482422,138.53396606445312,13134400,0.0,0.0
2026-02-17 00:00:00-05:00,141.0,143.5,140.00999450683594,142.6300048828125,140.43426513671875,10670700,0.0,0.0
2026-02-18 00:00:00-05:00,143.5,144.47999572753906,140.72000122070312,143.24000549316406,141.03489685058594,9944500,0.0,0.0
2026-02-19 00:00:00-05:00,141.8800048828125,142.32000732421875,139.89999389648438,141.27000427246094,139.09521484375,8219400,0.0,0.0
2026-02-20 00:00:00-05:00,140.30999755859375,144.07000732421875,140.10000610351562,142.8800048828125,140.680419921875,10265100,0.0,0.0
2026-02-23 00:00:00-05:00,141.97000122070312,144.05999755859375,139.63999938964844,140.41000366210938,138.24844360351562,8260100,0.0,0.0
2026-02-24 00:00:00-05:00,142.55999755859375,146.3699951171875,142.05999755859375,144.77999877929688,142.55116271972656,11085700,0.0,0.0
2026-02-25 00:00:00-05:00,145.60000610351562,146.02999877929688,144.02000427246094,145.82000732421875,143.57516479492188,7358300,0.0,0.0
2026-02-26 00:00:00-05:00,145.9199981689453,146.94000244140625,144.52000427246094,145.58999633789062,143.34869384765625,8642100,0.0,0.0
2026-02-27 00:00:00-05:00,142.86000061035156,143.91000366210938,141.35000610351562,142.36000061035156,140.16842651367188,12439900,0.0,0.0
2026-03-02 00:00:00-05:00,137.8300018310547,142.00999450683594,136.88999938964844,141.02999877929688,138.85890197753906,8963900,0.0,0.0
2026-03-03 00:00:00-05:00,138.27000427246094,139.1999969482422,136.3000030517578,138.1300048828125,136.00355529785156,10372400,0.0,0.0
2026-03-04 00:00:00-05:00,138.22000122070312,139.88999938964844,137.4199981689453,139.50999450683594,137.36228942871094,9309800,0.0,0.0
2026-03-05 00:00:00-05:00,137.58999633789062,139.66000366210938,135.8000030517578,137.0,135.7570037841797,8981000,0.89,0.0
2026-03-06 00:00:00-05:00,134.1699981689453,137.17999267578125,133.4199981689453,135.69000244140625,134.45887756347656,9197000,0.0,0.0
2026-03-09 00:00:00-04:00,133.49000549316406,138.5800018310547,132.4600067138672,138.11000061035156,136.85693359375,12304600,0.0,0.0
2026-03-10 00:00:00-04:00,134.6999969482422,136.75,132.16000366210938,135.1999969482422,133.97332763671875,10447300,0.0,0.0
2026-03-11 00:00:00-04:00,136.4499969482422,138.1999969482422,133.9600067138672,134.1199951171875,132.9031219482422,7830500,0.0,0.0
2026-03-12 00:00:00-04:00,133.47000122070312,134.8699951171875,130.61000061035156,131.14999389648438,129.96006774902344,9162800,0.0,0.0
2026-03-13 00:00:00-04:00,131.14999389648438,133.4199981689453,129.22000122070312,129.82000732421875,128.64215087890625,7786700,0.0,0.0
2026-03-16 00:00:00-04:00,131.07000732421875,131.8699951171875,128.94000244140625,129.38999938964844,128.21604919433594,10132900,0.0,0.0
2026-03-17 00:00:00-04:00,133.52000427246094,134.0500030517578,131.17999267578125,131.58999633789062,130.3960723876953,10544300,0.0,0.0
2026-03-18 00:00:00-04:00,130.72999572753906,132.74000549316406,129.92999267578125,130.47000122070312,129.28623962402344,9894300,0.0,0.0
2026-03-19 00:00:00-04:00,129.13999938964844,132.67999267578125,128.89999389648438,131.27999877929688,130.08889770507812,9846700,0.0,0.0
2026-03-20 00:00:00-04:00,131.30999755859375,132.75,129.77999877929688,129.89999389648438,128.72142028808594,78568000,0.0,0.0
2026-03-23 00:00:00-04:00,133.14999389648438,133.97000122070312,127.41000366210938,128.35000610351562,127.18548583984375,11431600,0.0,0.0
2026-03-24 00:00:00-04:00,128.33999633789062,129.17999267578125,127.30999755859375,128.6699981689453,127.50257110595703,8409200,0.0,0.0
2026-03-25 00:00:00-04:00,130.16000366210938,131.92999267578125,129.9499969482422,130.35000610351562,129.16734313964844,6669400,0.0,0.0
2026-03-26 00:00:00-04:00,128.7899932861328,132.33999633789062,128.30999755859375,130.5399932861328,129.3555908203125,11912500,0.0,0.0
2026-03-27 00:00:00-04:00,129.88999938964844,130.0399932861328,126.68000030517578,127.11000061035156,125.95672607421875,8964900,0.0,0.0
2026-03-30 00:00:00-04:00,127.44999694824219,128.60000610351562,126.33999633789062,127.06999969482422,125.91709899902344,11555900,0.0,0.0
2026-03-31 00:00:00-04:00,128.39999389648438,129.2899932861328,125.77999877929688,128.77999877929688,127.61157989501953,12219800,0.0,0.0
2026-04-01 00:00:00-04:00,128.0,130.22999572753906,126.9800033569336,127.27999877929688,126.12518310546875,10210700,0.0,0.0
2026-04-02 00:00:00-04:00,125.2300033569336,127.0,124.01000213623047,126.80000305175781,125.64954376220703,8575300,0.0,0.0
2026-04-06 00:00:00-04:00,126.55999755859375,127.43000030517578,123.70999908447266,125.7300033569336,124.5892562866211,8038600,0.0,0.0
2026-04-07 00:00:00-04:00,125.06999969482422,125.41000366210938,121.98999786376953,124.06999969482422,122.9443130493164,8840400,0.0,0.0
2026-04-08 00:00:00-04:00,128.64999389648438,128.88999938964844,125.62000274658203,127.51000213623047,126.35310363769531,12535800,0.0,0.0
2026-04-09 00:00:00-04:00,127.26000213623047,128.58999633789062,126.80000305175781,127.75,126.59092712402344,9352700,0.0,0.0
2026-04-10 00:00:00-04:00,128.8000030517578,130.61000061035156,127.8499984741211,128.05999755859375,126.89810943603516,8427400,0.0,0.0
2026-04-13 00:00:00-04:00,128.0,131.30999755859375,126.45999908447266,131.24000549316406,130.0492706298828,8615000,0.0,0.0
2026-04-14 00:00:00-04:00,132.1999969482422,132.94000244140625,131.0500030517578,132.83999633789062,131.63473510742188,7608300,0.0,0.0
2026-04-15 00:00:00-04:00,133.44000244140625,134.33999633789062,132.27999877929688,133.0500030517578,131.84283447265625,9691500,0.0,0.0
2026-04-16 00:00:00-04:00,131.7899932861328,135.6999969482422,131.7899932861328,134.47000122070312,133.2499542236328,8163700,0.0,0.0
2026-04-17 00:00:00-04:00,136.69000244140625,136.97000122070312,134.41000366210938,136.1999969482422,134.96424865722656,9667600,0.0,0.0
2026-04-20 00:00:00-04:00,136.41000366210938,138.5,136.0800018310547,137.52000427246094,136.27227783203125,7953800,0.0,0.0
2026-04-21 00:00:00-04:00,138.1199951171875,138.25999450683594,135.0500030517578,135.55999755859375,134.33006286621094,11874600,0.0,0.0
2026-04-22 00:00:00-04:00,136.63999938964844,137.49000549316406,135.5500030517578,136.07000732421875,134.83544921875,9432700,0.0,0.0
2026-04-23 00:00:00-04:00,136.0,136.99000549316406,132.0500030517578,133.9499969482422,132.7346649169922,10164900,0.0,0.0
2026-04-24 00:00:00-04:00,145.61000061035156,151.5399932861328,143.5800018310547,148.85000610351562,147.49949645996094,29449600,0.0,0.0
2026-04-27 00:00:00-04:00,156.30999755859375,161.0,147.0500030517578,150.25999450683594,148.8966827392578,41744000,0.0,0.0
2026-04-28 00:00:00-04:00,145.0800018310547,151.5,144.0,150.0,148.6390380859375,22921300,0.0,0.0
2026-04-29 00:00:00-04:00,151.4499969482422,157.2899932861328,151.0,156.0,154.58460998535156,37571200,0.0,0.0
2026-04-30 00:00:00-04:00,172.0500030517578,186.88999938964844,163.55999755859375,179.5800018310547,177.95066833496094,61132700,0.0,0.0
2026-05-01 00:00:00-04:00,179.1300048828125,179.99000549316406,171.14999389648438,177.00999450683594,175.40399169921875,21111500,0.0,0.0
2026-05-04 00:00:00-04:00,177.22000122070312,180.49000549316406,166.8300018310547,168.3800048828125,166.852294921875,23117400,0.0,0.0
2026-05-05 00:00:00-04:00,167.64999389648438,187.22000122070312,164.7899932861328,186.5500030517578,184.85743713378906,34274900,0.0,0.0
2026-05-06 00:00:00-04:00,195.17999267578125,197.5,188.22000122070312,192.57000732421875,190.82281494140625,30145000,0.0,0.0
2026-05-07 00:00:00-04:00,190.6699981689453,223.66000366210938,187.63999938964844,202.5500030517578,200.71226501464844,51092200,0.0,0.0
2026-05-08 00:00:00-04:00,213.0,228.0500030517578,208.6300048828125,219.08999633789062,217.10218811035156,37850000,0.0,0.0
2026-05-11 00:00:00-04:00,232.00999450683594,247.89999389648438,231.1999969482422,237.52999877929688,235.3748779296875,45474000,0.0,0.0
2026-05-12 00:00:00-04:00,229.83999633789062,230.0,202.0,210.30999755859375,208.40185546875,38590100,0.0,0.0
2026-05-13 00:00:00-04:00,216.6300048828125,219.49000549316406,207.14999389648438,213.1699981689453,211.23590087890625,26226300,0.0,0.0
2026-05-14 00:00:00-04:00,208.50999450683594,209.52999877929688,199.66000366210938,200.0800018310547,198.26467895507812,24883900,0.0,0.0
2026-05-15 00:00:00-04:00,201.64999389648438,207.39999389648438,199.16000366210938,201.49000549316406,199.66188049316406,25876800,0.0,0.0
2026-05-18 00:00:00-04:00,206.77000427246094,210.8000030517578,193.5800018310547,203.63999938964844,201.79237365722656,21082500,0.0,0.0
2026-05-19 00:00:00-04:00,196.86000061035156,201.5,191.02000427246094,195.61000061035156,193.83523559570312,19605200,0.0,0.0
2026-05-20 00:00:00-04:00,197.0,203.58999633789062,194.0,202.50999450683594,200.67262268066406,19037500,0.0,0.0
2026-05-21 00:00:00-04:00,202.77999877929688,214.00999450683594,197.60000610351562,213.41000366210938,211.47372436523438,28163700,0.0,0.0
2026-05-22 00:00:00-04:00,214.42999267578125,243.0,214.1699981689453,238.16000366210938,235.99917602539062,30375700,0.0,0.0
2026-05-26 00:00:00-04:00,240.72000122070312,258.0,235.8000030517578,248.82000732421875,246.56246948242188,30646400,0.0,0.0
2026-05-27 00:00:00-04:00,245.42999267578125,248.27000427246094,224.17999267578125,233.39999389648438,231.2823486328125,25694700,0.0,0.0
2026-05-28 00:00:00-04:00,236.0,249.4600067138672,231.52000427246094,243.2899932861328,241.08261108398438,21118400,0.0,0.0
2026-05-29 00:00:00-04:00,250.19000244140625,259.9200134277344,247.50999450683594,251.02000427246094,248.74249267578125,28781800,0.0,0.0
2026-06-01 00:00:00-04:00,233.3300018310547,238.02000427246094,226.80999755859375,228.99000549316406,226.91238403320312,21185200,0.0,0.0
2026-06-02 00:00:00-04:00,232.0,245.19000244140625,226.0500030517578,240.83999633789062,238.65484619140625,18508500,0.0,0.0
2026-06-03 00:00:00-04:00,235.02000427246094,255.08999633789062,233.02000427246094,250.00999450683594,247.7416534423828,19467000,0.0,0.0
2026-06-04 00:00:00-04:00,239.4499969482422,246.6999969482422,235.32000732421875,242.57000732421875,241.2569580078125,14185600,0.92,0.0
2026-06-05 00:00:00-04:00,237.64999389648438,238.44000244140625,215.0,215.94000244140625,214.77110290527344,24189200,0.0,0.0
2026-06-08 00:00:00-04:00,221.02999877929688,221.92999267578125,214.6300048828125,217.77000427246094,216.59120178222656,17180600,0.0,0.0
2026-06-09 00:00:00-04:00,216.4600067138672,219.63999938964844,192.6699981689453,205.4199981689453,204.30804443359375,29906300,0.0,0.0
2026-06-10 00:00:00-04:00,199.4600067138672,204.89999389648438,190.10000610351562,191.1999969482422,190.16502380371094,18426600,0.0,0.0
2026-06-11 00:00:00-04:00,190.9199981689453,203.83999633789062,190.75,202.9600067138672,201.8613739013672,18933100,0.0,0.0
2026-06-12 00:00:00-04:00,201.85000610351562,215.00999450683594,200.10000610351562,211.72000122070312,210.57394409179688,14123700,0.0,0.0
2026-06-15 00:00:00-04:00,219.77000427246094,226.4600067138672,216.27999877929688,220.80999755859375,219.61474609375,13993800,0.0,0.0
2026-06-16 00:00:00-04:00,225.8300018310547,231.19000244140625,213.8000030517578,214.07000732421875,212.91123962402344,19629600,0.0,0.0
2026-06-17 00:00:00-04:00,219.0399932861328,221.32000732421875,212.67999267578125,212.97000122070312,211.8171844482422,11955800,0.0,0.0
2026-06-18 00:00:00-04:00,220.7100067138672,229.4199981689453,214.72999572753906,226.11000061035156,224.88604736328125,47081500,0.0,0.0
2026-06-22 00:00:00-04:00,222.92999267578125,233.44000244140625,215.5,221.89999389648438,220.69883728027344,18203400,0.0,0.0
2026-06-23 00:00:00-04:00,207.33999633789062,209.17999267578125,198.44000244140625,204.1300048828125,203.02503967285156,23781900,0.0,0.0
2026-06-24 00:00:00-04:00,202.57000732421875,202.97000122070312,191.02000427246094,197.41000366210938,196.34141540527344,25519600,0.0,0.0
2026-06-25 00:00:00-04:00,219.42999267578125,219.42999267578125,199.82000732421875,204.89999389648438,203.79086303710938,34793200,0.0,0.0
2026-06-26 00:00:00-04:00,201.6999969482422,208.86000061035156,186.17999267578125,189.38999938964844,188.3648223876953,37128900,0.0,0.0
2026-06-29 00:00:00-04:00,193.02999877929688,194.58999633789062,183.5800018310547,188.72000122070312,187.69845581054688,21599500,0.0,0.0
2026-06-30 00:00:00-04:00,188.99000549316406,193.5,183.5,184.7899932861328,183.7897186279297,22056100,0.0,0.0
2026-07-01 00:00:00-04:00,183.58999633789062,190.99000549316406,181.60000610351562,181.9199981689453,180.9352569580078,23313200,0.0,0.0
2026-07-02 00:00:00-04:00,182.1699981689453,185.8000030517578,172.1199951171875,176.25,175.2959442138672,18661200,0.0,0.0
2026-07-06 00:00:00-04:00,178.1300048828125,188.6699981689453,177.10000610351562,186.47999572753906,185.47056579589844,15510500,0.0,0.0
2026-07-07 00:00:00-04:00,179.0,185.8800048828125,179.0,182.97000122070312,181.9795684814453,16253600,0.0,0.0
2026-07-08 00:00:00-04:00,180.52000427246094,187.1199951171875,180.50999450683594,186.55999755859375,185.55014038085938,10306800,0.0,0.0
2026-07-09 00:00:00-04:00,192.47000122070312,196.08999633789062,187.44000244140625,191.11000061035156,190.0755157470703,12895200,0.0,0.0
2026-07-10 00:00:00-04:00,187.50999450683594,190.19000244140625,185.72000122070312,189.16000366210938,188.1360626220703,7064000,0.0,0.0
2026-07-13 00:00:00-04:00,185.05999755859375,188.16000366210938,181.80999755859375,183.97999572753906,182.98410034179688,13007300,0.0,0.0
2026-07-14 00:00:00-04:00,189.3300018310547,189.99000549316406,177.4499969482422,178.10000610351562,177.1359405517578,13090400,0.0,0.0
2026-07-15 00:00:00-04:00,180.0,180.7100067138672,174.75999450683594,177.97999572753906,177.01658630371094,9440900,0.0,0.0
2026-07-16 00:00:00-04:00,173.0800018310547,173.9600067138672,168.99000549316406,170.61000061035156,169.6864776611328,15951600,0.0,0.0
2026-07-17 00:00:00-04:00,166.63999938964844,172.38999938964844,164.77000427246094,171.77999877929688,170.8501434326172,16291100,0.0,0.0
2026-07-20 00:00:00-04:00,175.5500030517578,176.25,169.89999389648438,170.32000732421875,169.39805603027344,9649600,0.0,0.0
2026-07-21 00:00:00-04:00,175.49000549316406,175.49000549316406,170.13999938964844,173.5,172.5608367919922,13243200,0.0,0.0
2026-07-22 00:00:00-04:00,170.7100067138672,178.64999389648438,170.60000610351562,175.6300048828125,174.67930603027344,7777600,0.0,0.0
2026-07-23 00:00:00-04:00,171.17999267578125,173.9499969482422,168.30999755859375,171.11000061035156,170.18377685546875,10827500,0.0,0.0
2026-07-24 00:00:00-04:00,169.69000244140625,171.10000610351562,165.77000427246094,166.97000122070312,166.06617736816406,9998000,0.0,0.0
2026-07-27 00:00:00-04:00,169.77000427246094,171.19000244140625,165.2899932861328,170.0399932861328,169.1195526123047,12487100,0.0,0.0
2026-07-28 00:00:00-04:00,164.89999389648438,167.9199981689453,162.16000366210938,162.8800048828125,161.99832153320312,16147500,0.0,0.0
2026-07-29 00:00:00-04:00,162.5800018310547,164.55999755859375,155.0,155.67999267578125,154.83729553222656,19240700,0.0,0.0
2026-07-30 00:00:00-04:00,146.5500030517578,154.16000366210938,146.0,151.60000610351562,150.77938842773438,24336800,0.0,0.0
2026-07-31 00:00:00-04:00,152.9600067138672,153.72999572753906,146.14999389648438,147.61000061035156,146.81097412109375,13811200,0.0,0.0
2026-08-03 00:00:00-04:00,146.1999969482422,151.67999267578125,142.88999938964844,151.57000732421875,150.7495574951172,13700700,0.0,0.0
2026-08-04 00:00:00-04:00,156.97999572753906,163.47999572753906,155.30999755859375,162.6699981689453,161.78945922851562,16351500,0.0,0.0
2026-08-05 00:00:00-04:00,161.3000030517578,162.8000030517578,157.10000610351562,157.52999877929688,156.67727661132812,9725700,0.0,0.0
2026-08-06 00:00:00-04:00,155.4199981689453,162.60000610351562,155.22000122070312,160.38999938964844,159.5218048095703,7232800,0.0,0.0
2026-08-07 00:00:00-04:00,163.07000732421875,167.99000549316406,162.3000030517578,167.86000061035156,166.9513702392578,9723300,0.0,0.0
2026-08-10 00:00:00-04:00,168.16000366210938,168.8699951171875,162.0800018310547,162.1699981689453,161.2921600341797,9260000,0.0,0.0
2026-08-11 00:00:00-04:00,163.75,164.61000061035156,161.42999267578125,162.67999267578125,161.7993927001953,6326700,0.0,0.0
2026-08-12 00:00:00-04:00,166.88999938964844,166.94000244140625,161.07000732421875,163.07000732421875,162.1873016357422,7731700,0.0,0.0
2026-08-13 00:00:00-04:00,163.33999633789062,166.77000427246094,162.50999450683594,164.7899932861328,163.89797973632812,7716600,0.0,0.0
2026-08-14 00:00:00-04:00,165.6300048828125,166.97000122070312,163.17999267578125,165.7899932861328,164.89256286621094,5807700,0.0,0.0
2026-08-17 00:00:00-04:00,166.25,166.33999633789062,161.4499969482422,162.17999267578125,161.30210876464844,8967700,0.0,0.0
2026-08-18 00:00:00-04:00,157.88999938964844,161.80999755859375,156.72999572753906,160.19000244140625,159.32289123535156,11069500,0.0,0.0
2026-08-19 00:00:00-04:00,163.02999877929688,166.5,160.19000244140625,161.91000366210938,161.0335693359375,8099500,0.0,0.0
2026-08-20 00:00:00-04:00,163.14999389648438,165.11000061035156,159.41000366210938,160.74000549316406,159.86990356445312,8509900,0.0,0.0
2026-08-21 00:00:00-04:00,162.9199981689453,163.3300018310547,159.1699981689453,160.75,159.87985229492188,8517400,0.0,0.0
2026-08-24 00:00:00-04:00,159.39999389648438,160.24000549316406,156.22999572753906,158.52999877929688,157.67185974121094,10514800,0.0,0.0
2026-08-25 00:00:00-04:00,160.33999633789062,161.7899932861328,159.0800018310547,160.55999755859375,159.6908721923828,11420600,0.0,0.0
2026-08-26 00:00:00-04:00,160.10000610351562,163.8699951171875,159.88999938964844,163.72000122070312,162.83377075195312,10480300,0.0,0.0
2026-08-27 00:00:00-04:00,165.16000366210938,166.9499969482422,161.9199981689453,164.77999877929688,163.88803100585938,15065100,0.0,0.0
2026-08-28 00:00:00-04:00,164.58999633789062,165.49000549316406,161.89999389648438,164.19000244140625,163.30123901367188,7752100,0.0,0.0
2026-08-31 00:00:00-04:00,164.7899932861328,171.3800048828125,164.19000244140625,170.47999572753906,169.5571746826172,12734600,0.0,0.0
