Date,Open,High,Low,Close,Adj Close,Volume,Dividends,Stock Splits
2020-01-01 00:00:00+07:00,25186.76953125,25186.76953125,25186.76953125,25186.76953125,24073.78125,0,0.0,0.0
2020-01-02 00:00:00+07:00,25104.904296875,25759.81640625,25050.330078125,25596.087890625,24465.009765625,1598911,0.0,0.0
2020-01-03 00:00:00+07:00,25841.6796875,25923.54296875,25486.935546875,25486.935546875,24360.681640625,1106606,0.0,0.0
2020-01-06 00:00:00+07:00,25486.935546875,25486.935546875,24995.75390625,24995.75390625,23891.205078125,1455752,0.0,0.0
2020-01-07 00:00:00+07:00,24995.75390625,25486.935546875,24668.298828125,25486.935546875,24360.681640625,965426,0.0,0.0
2020-01-08 00:00:00+07:00,25104.904296875,26141.84765625,24995.75390625,25705.240234375,24569.337890625,2255263,0.0,0.0
2020-01-09 00:00:00+07:00,26059.982421875,27233.365234375,25978.119140625,27096.923828125,25899.5234375,2882573,0.0,0.0
2020-01-10 00:00:00+07:00,27096.923828125,28379.45703125,27069.63671875,27997.427734375,26760.23828125,2760211,0.0,0.0
2020-01-13 00:00:00+07:00,27233.365234375,28106.578125,27015.060546875,27342.515625,26134.263671875,998133,0.0,0.0
2020-01-14 00:00:00+07:00,27342.515625,28106.578125,27233.365234375,27342.515625,26134.263671875,1378264,0.0,0.0
2020-01-15 00:00:00+07:00,27233.365234375,27997.427734375,27233.365234375,27833.69921875,26603.7421875,1273987,0.0,0.0
2020-01-16 00:00:00+07:00,27833.69921875,29525.55078125,27833.69921875,29470.9765625,28168.669921875,1839787,0.0,0.0
2020-01-17 00:00:00+07:00,29525.55078125,29798.431640625,28979.79296875,29198.095703125,27907.845703125,1179073,0.0,0.0
2020-01-20 00:00:00+07:00,29198.095703125,29580.126953125,29034.369140625,29088.9453125,27803.521484375,1395579,0.0,0.0
2020-01-21 00:00:00+07:00,29088.9453125,29743.85546875,29088.9453125,29470.9765625,28168.669921875,1116976,0.0,0.0
2020-01-22 00:00:00+07:00,29470.9765625,30453.341796875,29361.82421875,30289.61328125,28951.130859375,1431749,0.0,0.0
2020-01-23 00:00:00+07:00,30289.61328125,30289.61328125,30289.61328125,30289.61328125,28951.130859375,0,0.0,0.0
2020-01-24 00:00:00+07:00,30289.61328125,30289.61328125,30289.61328125,30289.61328125,28951.130859375,0,0.0,0.0
2020-01-27 00:00:00+07:00,30289.61328125,30289.61328125,30289.61328125,30289.61328125,28951.130859375,0,0.0,0.0
2020-01-28 00:00:00+07:00,30289.61328125,30289.61328125,30289.61328125,30289.61328125,28951.130859375,0,0.0,0.0
2020-01-29 00:00:00+07:00,30289.61328125,30289.61328125,30289.61328125,30289.61328125,28951.130859375,0,0.0,0.0
2020-01-30 00:00:00+07:00,29743.85546875,29962.158203125,28379.45703125,28761.48828125,27490.53515625,2544548,0.0,0.0
2020-01-31 00:00:00+07:00,28543.185546875,29252.671875,28106.578125,28106.578125,26864.5625,2115531,0.0,0.0
2020-02-03 00:00:00+07:00,27178.7890625,30016.734375,26141.84765625,29198.095703125,27907.845703125,2863096,0.0,0.0
2020-02-04 00:00:00+07:00,29689.279296875,29853.005859375,29252.671875,29689.279296875,28377.32421875,2576724,0.0,0.0
2020-02-05 00:00:00+07:00,29962.158203125,30125.88671875,29198.095703125,29198.095703125,27907.845703125,1316900,0.0,0.0
2020-02-06 00:00:00+07:00,29143.51953125,29525.55078125,28925.216796875,29034.369140625,27751.35546875,2693369,0.0,0.0
2020-02-07 00:00:00+07:00,28761.48828125,29088.9453125,28161.154296875,28215.73046875,26968.892578125,2750555,0.0,0.0
2020-02-10 00:00:00+07:00,27779.123046875,27942.8515625,26796.7578125,26796.7578125,25612.623046875,2036943,0.0,0.0
2020-02-11 00:00:00+07:00,26796.7578125,28052.001953125,26796.7578125,27724.546875,26499.4140625,1680375,0.0,0.0
2020-02-12 00:00:00+07:00,28106.578125,28270.306640625,27669.970703125,27724.546875,26499.4140625,1290954,0.0,0.0
2020-02-13 00:00:00+07:00,27669.970703125,27833.69921875,27233.365234375,27506.244140625,26290.7578125,1060578,0.0,0.0
2020-02-14 00:00:00+07:00,27342.515625,27615.396484375,27287.939453125,27287.939453125,26082.099609375,1148932,0.0,0.0
2020-02-17 00:00:00+07:00,27397.091796875,28106.578125,27342.515625,28106.578125,26864.5625,1582622,0.0,0.0
2020-02-18 00:00:00+07:00,28324.8828125,28706.9140625,28106.578125,28379.45703125,27125.3828125,1611389,0.0,0.0
2020-02-19 00:00:00+07:00,28379.45703125,28434.033203125,27942.8515625,27997.427734375,26760.23828125,682077,0.0,0.0
2020-02-20 00:00:00+07:00,28324.8828125,28379.45703125,27942.8515625,27997.427734375,26760.23828125,1012919,0.0,0.0
2020-02-21 00:00:00+07:00,27997.427734375,27997.427734375,26605.7421875,27015.060546875,25821.27734375,4798859,0.0,0.0
2020-02-24 00:00:00+07:00,26305.57421875,26633.029296875,25268.6328125,25268.6328125,24152.02734375,1981113,0.0,0.0
2020-02-25 00:00:00+07:00,24559.146484375,26633.029296875,24559.146484375,26633.029296875,25456.130859375,1609886,0.0,0.0
2020-02-26 00:00:00+07:00,25978.119140625,26360.150390625,25568.80078125,25650.6640625,24517.173828125,1147668,0.0,0.0
2020-02-27 00:00:00+07:00,25650.6640625,26032.6953125,25350.49609375,25705.240234375,24569.337890625,1324174,0.0,0.0
2020-02-28 00:00:00+07:00,25104.904296875,25323.208984375,24586.43359375,24832.025390625,23734.712890625,1781592,0.0,0.0
2020-03-02 00:00:00+07:00,25050.330078125,25050.330078125,24559.146484375,24641.009765625,23552.13671875,1041284,0.0,0.0
2020-03-03 00:00:00+07:00,25541.51171875,26059.982421875,24941.177734375,25596.087890625,24465.009765625,1863277,0.0,0.0
2020-03-05 00:00:00+07:00,25405.072265625,25787.103515625,25377.78515625,25459.6484375,24334.599609375,1598893,0.0,0.0
2020-03-06 00:00:00+07:00,24832.025390625,25732.52734375,24832.025390625,25568.80078125,24438.927734375,1018746,0.0,0.0
2020-03-09 00:00:00+07:00,23849.66015625,24395.41796875,23795.083984375,23795.083984375,22743.591796875,1729738,0.0,0.0
2020-03-10 00:00:00+07:00,23194.75,24013.38671875,22539.837890625,23140.173828125,22117.619140625,2503340,0.0,0.0
2020-03-11 00:00:00+07:00,23740.5078125,23740.5078125,21530.185546875,21530.185546875,20578.77734375,2788832,0.0,0.0
2020-03-12 00:00:00+07:00,20056.63671875,20575.107421875,20029.34765625,20029.34765625,19144.263671875,2805525,0.0,0.0
2020-03-13 00:00:00+07:00,18637.6640625,20029.34765625,18637.6640625,19101.55859375,18257.46875,4269816,0.0,0.0
2020-03-16 00:00:00+07:00,19101.55859375,19620.029296875,17764.44921875,17900.888671875,17109.859375,4015675,0.0,0.0
2020-03-17 00:00:00+07:00,16700.21875,18501.22265625,16700.21875,18446.6484375,17631.5,3251143,0.0,0.0
2020-03-18 00:00:00+07:00,18555.798828125,19374.4375,18528.51171875,18855.966796875,18022.732421875,3195495,0.0,0.0
2020-03-19 00:00:00+07:00,18528.51171875,18664.951171875,17873.6015625,18228.34375,17422.841796875,1660935,0.0,0.0
2020-03-20 00:00:00+07:00,18337.49609375,18583.087890625,17955.46484375,18064.6171875,17266.3515625,1413298,0.0,0.0
2020-03-23 00:00:00+07:00,16918.5234375,17409.705078125,16809.37109375,16809.37109375,16066.5732421875,4999846,0.0,0.0
2020-03-24 00:00:00+07:00,16918.5234375,17436.994140625,16754.794921875,17245.978515625,16483.888671875,2248282,0.0,0.0
2020-03-25 00:00:00+07:00,18228.34375,18255.6328125,17900.888671875,18119.193359375,17318.515625,2953649,0.0,0.0
2020-03-26 00:00:00+07:00,18010.041015625,18664.951171875,17546.146484375,18173.767578125,17370.677734375,2104556,0.0,0.0
2020-03-27 00:00:00+07:00,18064.6171875,18419.359375,17682.5859375,18010.041015625,17214.1875,2067231,0.0,0.0
2020-03-30 00:00:00+07:00,16918.5234375,17409.705078125,16754.794921875,16863.947265625,16118.7373046875,2509221,0.0,0.0
2020-03-31 00:00:00+07:00,17464.28125,17546.146484375,16099.884765625,16836.66015625,16092.65625,1866703,0.0,0.0
2020-04-01 00:00:00+07:00,16863.947265625,18010.041015625,16809.37109375,17518.857421875,16744.708984375,2182209,0.0,0.0
2020-04-02 00:00:00+07:00,17518.857421875,17518.857421875,17518.857421875,17518.857421875,16744.708984375,0,0.0,0.0
2020-04-03 00:00:00+07:00,17791.736328125,18719.52734375,17791.736328125,18719.52734375,17892.322265625,2834622,0.0,0.0
2020-04-06 00:00:00+07:00,19483.58984375,20029.34765625,19156.134765625,20029.34765625,19144.263671875,3447750,0.0,0.0
2020-04-07 00:00:00+07:00,20465.955078125,20575.107421875,19647.31640625,20193.076171875,19300.75390625,3285425,0.0,0.0
2020-04-08 00:00:00+07:00,19538.166015625,20738.833984375,19156.134765625,20711.546875,19796.314453125,2668138,0.0,0.0
2020-04-09 00:00:00+07:00,20711.546875,21066.2890625,20547.818359375,20575.107421875,19665.904296875,2471787,0.0,0.0
2020-04-10 00:00:00+07:00,20356.802734375,20629.68359375,20029.34765625,20138.5,19248.58984375,2196171,0.0,0.0
2020-04-13 00:00:00+07:00,20029.34765625,20575.107421875,19974.771484375,20274.939453125,19379.0,1936661,0.0,0.0
2020-04-14 00:00:00+07:00,20220.36328125,20493.244140625,19538.166015625,19920.197265625,19039.935546875,2236079,0.0,0.0
2020-04-15 00:00:00+07:00,20029.34765625,20575.107421875,20029.34765625,20356.802734375,19457.24609375,2028496,0.0,0.0
2020-04-16 00:00:00+07:00,20302.228515625,20356.802734375,20056.63671875,20356.802734375,19457.24609375,2217591,0.0,0.0
2020-04-17 00:00:00+07:00,20656.970703125,20847.986328125,20302.228515625,20411.37890625,19509.41015625,2110291,0.0,0.0
2020-04-20 00:00:00+07:00,20684.259765625,20738.833984375,20165.787109375,20247.65234375,19352.919921875,2513619,0.0,0.0
2020-04-21 00:00:00+07:00,19647.31640625,20083.923828125,18937.830078125,18937.830078125,18100.978515625,4102508,0.0,0.0
2020-04-22 00:00:00+07:00,18064.6171875,20220.36328125,18064.6171875,19756.46875,18883.44140625,2590521,0.0,0.0
2020-04-23 00:00:00+07:00,20193.076171875,20302.228515625,19701.892578125,19756.46875,18883.44140625,1447397,0.0,0.0
2020-04-24 00:00:00+07:00,19892.908203125,19892.908203125,19265.28515625,19647.31640625,18779.109375,1086395,0.0,0.0
2020-04-27 00:00:00+07:00,19756.46875,19865.62109375,19156.134765625,19156.134765625,18309.63671875,2209181,0.0,0.0
2020-04-28 00:00:00+07:00,19156.134765625,19538.166015625,18828.6796875,19183.421875,18335.716796875,1080129,0.0,0.0
2020-04-29 00:00:00+07:00,19101.55859375,19592.740234375,19101.55859375,19429.013671875,18570.455078125,1091123,0.0,0.0
2020-04-30 00:00:00+07:00,19429.013671875,19429.013671875,19429.013671875,19429.013671875,18570.455078125,0,0.0,0.0
2020-05-01 00:00:00+07:00,19429.013671875,19429.013671875,19429.013671875,19429.013671875,18570.455078125,0,0.0,0.0
2020-05-04 00:00:00+07:00,19429.013671875,19865.62109375,19156.134765625,19265.28515625,18413.962890625,1201318,0.0,0.0
2020-05-05 00:00:00+07:00,19265.28515625,19538.166015625,19210.7109375,19265.28515625,18413.962890625,783587,0.0,0.0
2020-05-06 00:00:00+07:00,19347.150390625,19647.31640625,19265.28515625,19647.31640625,18779.109375,1354664,0.0,0.0
2020-05-07 00:00:00+07:00,19811.044921875,20520.53125,19811.044921875,20493.244140625,19587.66015625,4625578,0.0,0.0
2020-05-08 00:00:00+07:00,20711.546875,21448.3203125,20493.244140625,20738.833984375,19822.39453125,4697258,0.0,0.0
2020-05-11 00:00:00+07:00,21011.71484375,21284.59375,20711.546875,21011.71484375,20083.21875,2216601,0.0,0.0
2020-05-12 00:00:00+07:00,20902.5625,21093.578125,20711.546875,21039.001953125,20109.298828125,3015911,0.0,0.0
2020-05-13 00:00:00+07:00,20902.5625,21721.201171875,20629.68359375,21612.048828125,20657.0234375,4994697,0.0,0.0
2020-05-14 00:00:00+07:00,21284.59375,22103.232421875,21284.59375,21666.625,20709.1875,3655259,0.0,0.0
2020-05-15 00:00:00+07:00,21666.625,21666.625,21666.625,21666.625,20709.1875,0,0.0,0.0
2020-05-18 00:00:00+07:00,21666.625,21666.625,21666.625,21666.625,20709.1875,0,0.0,0.0
2020-05-19 00:00:00+07:00,21775.77734375,21775.77734375,21230.017578125,21775.77734375,20813.515625,3089716,0.0,0.0
2020-05-20 00:00:00+07:00,21775.77734375,21775.77734375,21775.77734375,21775.77734375,20813.515625,0,0.0,0.0
2020-05-21 00:00:00+07:00,21557.47265625,21912.216796875,21530.185546875,21666.625,20709.1875,4534548,0.0,0.0
2020-05-22 00:00:00+07:00,21666.625,21830.3515625,21448.3203125,21830.3515625,20865.6796875,2090355,0.0,0.0
2020-05-25 00:00:00+07:00,21448.3203125,21721.201171875,21284.59375,21639.3359375,20683.10546875,1627642,0.0,0.0
2020-05-26 00:00:00+07:00,21693.912109375,22921.869140625,21693.912109375,22921.869140625,21908.962890625,5412867,0.0,0.0
2020-05-27 00:00:00+07:00,23331.189453125,23331.189453125,21721.201171875,21721.201171875,20761.353515625,4201929,0.0,0.0
2020-05-28 00:00:00+07:00,21830.3515625,22348.822265625,21721.201171875,22212.3828125,21230.828125,3506842,0.0,0.0
2020-05-29 00:00:00+07:00,22048.65625,22103.232421875,21721.201171875,21884.927734375,20917.845703125,3059465,0.0,0.0
2020-06-01 00:00:00+07:00,21994.080078125,22676.279296875,21966.791015625,22621.703125,21622.0625,2023476,0.0,0.0
2020-06-02 00:00:00+07:00,22648.990234375,22867.294921875,22103.232421875,22130.51953125,21152.58203125,2742237,0.0,0.0
2020-06-03 00:00:00+07:00,22321.53515625,22485.263671875,22103.232421875,22376.111328125,21387.322265625,1641989,0.0,0.0
2020-06-04 00:00:00+07:00,22485.263671875,23085.59765625,22430.6875,22812.71875,21804.638671875,3689138,0.0,0.0
2020-06-05 00:00:00+07:00,22812.71875,23031.021484375,22512.55078125,22976.4453125,21961.126953125,2228383,0.0,0.0
2020-06-08 00:00:00+07:00,22976.4453125,22976.4453125,22976.4453125,22976.4453125,21961.126953125,0,0.0,0.0
2020-06-09 00:00:00+07:00,22976.4453125,22976.4453125,22976.4453125,22976.4453125,21961.126953125,0,0.0,0.0
2020-06-10 00:00:00+07:00,23522.205078125,24067.962890625,23194.75,23740.5078125,22691.427734375,2377240,0.0,0.0
2020-06-11 00:00:00+07:00,23740.5078125,23849.66015625,22103.232421875,22103.232421875,21126.501953125,4373122,0.0,0.0
2020-06-12 00:00:00+07:00,21557.47265625,23194.75,21557.47265625,23194.75,22169.787109375,3506292,0.0,0.0
2020-06-15 00:00:00+07:00,23085.59765625,23085.59765625,21775.77734375,21775.77734375,20813.515625,2754843,0.0,0.0
2020-06-16 00:00:00+07:00,22648.990234375,22703.56640625,22103.232421875,22212.3828125,21230.828125,1756783,0.0,0.0
2020-06-17 00:00:00+07:00,22212.3828125,22430.6875,21748.48828125,21994.080078125,21022.173828125,1498024,0.0,0.0
2020-06-18 00:00:00+07:00,21994.080078125,22157.806640625,21830.3515625,22103.232421875,21126.501953125,1153348,0.0,0.0
2020-06-19 00:00:00+07:00,22485.263671875,22621.703125,22212.3828125,22621.703125,21622.0625,1320033,0.0,0.0
2020-06-22 00:00:00+07:00,22648.990234375,22840.005859375,22266.958984375,22539.837890625,21543.81640625,1141383,0.0,0.0
2020-06-23 00:00:00+07:00,22403.3984375,22567.126953125,22103.232421875,22212.3828125,21230.828125,2034048,0.0,0.0
2020-06-24 00:00:00+07:00,22212.3828125,22485.263671875,21939.50390625,21994.080078125,21022.173828125,1268124,0.0,0.0
2020-06-25 00:00:00+07:00,21830.3515625,21966.791015625,21721.201171875,21830.3515625,20865.6796875,1450860,0.0,0.0
2020-06-26 00:00:00+07:00,22321.53515625,22321.53515625,21666.625,21775.77734375,20813.515625,1314463,0.0,0.0
2020-06-29 00:00:00+07:00,21448.3203125,21557.47265625,20957.138671875,21011.71484375,20083.21875,2444687,0.0,0.0
2020-06-30 00:00:00+07:00,21284.59375,21311.880859375,20629.68359375,20684.259765625,19770.232421875,1579562,0.0,0.0
2020-07-01 00:00:00+07:00,20684.259765625,21502.896484375,20684.259765625,21393.74609375,20448.369140625,1409615,0.0,0.0
2020-07-02 00:00:00+07:00,21530.185546875,21530.185546875,21120.865234375,21284.59375,20344.0390625,918904,0.0,0.0
2020-07-03 00:00:00+07:00,21421.033203125,21448.3203125,21175.44140625,21339.169921875,20396.205078125,1002915,0.0,0.0
2020-07-06 00:00:00+07:00,21502.896484375,21939.50390625,21339.169921875,21884.927734375,20917.845703125,1388323,0.0,0.0
2020-07-07 00:00:00+07:00,22048.65625,22294.248046875,21966.791015625,22157.806640625,21178.6640625,2011089,0.0,0.0
2020-07-08 00:00:00+07:00,22103.232421875,22212.3828125,21830.3515625,22130.51953125,21152.58203125,1408424,0.0,0.0
2020-07-09 00:00:00+07:00,22130.51953125,22867.294921875,22130.51953125,22703.56640625,21700.30859375,2806697,0.0,0.0
2020-07-10 00:00:00+07:00,22703.56640625,22703.56640625,22703.56640625,22703.56640625,21700.30859375,0,0.0,0.0
2020-07-13 00:00:00+07:00,22730.853515625,22840.005859375,22376.111328125,22539.837890625,21543.81640625,1904724,0.0,0.0
2020-07-14 00:00:00+07:00,22294.248046875,22539.837890625,22212.3828125,22512.55078125,21517.734375,1815453,0.0,0.0
2020-07-15 00:00:00+07:00,22758.142578125,22758.142578125,22539.837890625,22567.126953125,21569.8984375,1265100,0.0,0.0
2020-07-16 00:00:00+07:00,22567.126953125,22594.4140625,22376.111328125,22567.126953125,21569.8984375,867214,0.0,0.0
2020-07-17 00:00:00+07:00,22594.4140625,22840.005859375,22594.4140625,22703.56640625,21700.30859375,2461893,0.0,0.0
2020-07-20 00:00:00+07:00,22758.142578125,22785.4296875,22266.958984375,22266.958984375,21282.99609375,1525160,0.0,0.0
2020-07-21 00:00:00+07:00,22376.111328125,22376.111328125,22021.3671875,22266.958984375,21282.99609375,686347,0.0,0.0
2020-07-22 00:00:00+07:00,22376.111328125,22376.111328125,21557.47265625,21830.3515625,20865.6796875,1375332,0.0,0.0
2020-07-23 00:00:00+07:00,21830.3515625,22075.943359375,21639.3359375,21748.48828125,20787.431640625,1400435,0.0,0.0
2020-07-24 00:00:00+07:00,21748.48828125,21748.48828125,20602.39453125,20847.986328125,19926.724609375,3312397,0.0,0.0
2020-07-27 00:00:00+07:00,19647.31640625,20629.68359375,19401.7265625,19401.7265625,18544.375,2831708,0.0,0.0
2020-07-28 00:00:00+07:00,19647.31640625,20656.970703125,19647.31640625,20656.970703125,19744.1484375,2186955,0.0,0.0
2020-07-29 00:00:00+07:00,20083.923828125,20302.228515625,19538.166015625,20165.787109375,19274.671875,1329634,0.0,0.0
2020-07-30 00:00:00+07:00,20465.955078125,20465.955078125,19647.31640625,20302.228515625,19405.083984375,769424,0.0,0.0
2020-07-31 00:00:00+07:00,19647.31640625,20329.515625,19647.31640625,20002.060546875,19118.181640625,879307,0.0,0.0
2020-08-03 00:00:00+07:00,19811.044921875,20384.091796875,19811.044921875,20302.228515625,19405.083984375,1184845,0.0,0.0
2020-08-04 00:00:00+07:00,20738.833984375,20738.833984375,20465.955078125,20684.259765625,19770.232421875,905216,0.0,0.0
2020-08-05 00:00:00+07:00,20629.68359375,21284.59375,20520.53125,21148.154296875,20213.62890625,1671012,0.0,0.0
2020-08-06 00:00:00+07:00,21093.578125,21230.017578125,20847.986328125,20875.2734375,19952.806640625,1094366,0.0,0.0
2020-08-07 00:00:00+07:00,20875.2734375,21066.2890625,20711.546875,20793.41015625,19874.560546875,974899,0.0,0.0
2020-08-10 00:00:00+07:00,20984.42578125,21120.865234375,20793.41015625,20793.41015625,19874.560546875,979956,0.0,0.0
2020-08-11 00:00:00+07:00,20929.849609375,21066.2890625,20793.41015625,21011.71484375,20083.21875,1430595,0.0,0.0
2020-08-12 00:00:00+07:00,21066.2890625,21475.609375,21066.2890625,21393.74609375,20448.369140625,1765083,0.0,0.0
2020-08-13 00:00:00+07:00,21557.47265625,21666.625,21448.3203125,21639.3359375,20683.10546875,1234043,0.0,0.0
2020-08-14 00:00:00+07:00,21475.609375,21612.048828125,21175.44140625,21284.59375,20344.0390625,1806127,0.0,0.0
2020-08-17 00:00:00+07:00,21230.017578125,21284.59375,20984.42578125,21120.865234375,20187.544921875,1156206,0.0,0.0
2020-08-18 00:00:00+07:00,21284.59375,21284.59375,20957.138671875,20957.138671875,20031.052734375,1215353,0.0,0.0
2020-08-19 00:00:00+07:00,20957.138671875,21202.73046875,20957.138671875,21066.2890625,20135.380859375,634639,0.0,0.0
2020-08-20 00:00:00+07:00,21066.2890625,21202.73046875,20875.2734375,20875.2734375,19952.806640625,1574523,0.0,0.0
2020-08-21 00:00:00+07:00,20957.138671875,21421.033203125,20957.138671875,21257.3046875,20317.95703125,2012628,0.0,0.0
2020-08-24 00:00:00+07:00,21557.47265625,21775.77734375,21393.74609375,21639.3359375,20683.10546875,1723801,0.0,0.0
2020-08-25 00:00:00+07:00,21775.77734375,21830.3515625,21502.896484375,21557.47265625,20604.859375,1624472,0.0,0.0
2020-08-26 00:00:00+07:00,21557.47265625,21557.47265625,21448.3203125,21475.609375,20526.61328125,1523933,0.0,0.0
2020-08-27 00:00:00+07:00,21448.3203125,21502.896484375,21284.59375,21339.169921875,20396.205078125,2006857,0.0,0.0
2020-08-28 00:00:00+07:00,21557.47265625,22376.111328125,21448.3203125,22130.51953125,21152.58203125,5556612,0.0,0.0
2020-08-31 00:00:00+07:00,22157.806640625,22539.837890625,22130.51953125,22348.822265625,21361.240234375,3676440,0.0,0.0
2020-09-01 00:00:00+07:00,22103.232421875,22594.4140625,22048.65625,22594.4140625,21595.978515625,3892232,0.0,0.0
2020-09-02 00:00:00+07:00,22594.4140625,22594.4140625,22594.4140625,22594.4140625,21595.978515625,0,0.0,0.0
2020-09-03 00:00:00+07:00,22648.990234375,23031.021484375,22485.263671875,23031.021484375,22013.29296875,4885253,0.0,0.0
2020-09-04 00:00:00+07:00,22539.837890625,23085.59765625,22512.55078125,22976.4453125,21961.126953125,3667993,0.0,0.0
2020-09-07 00:00:00+07:00,23031.021484375,23031.021484375,22157.806640625,22157.806640625,21178.6640625,4116177,0.0,0.0
2020-09-08 00:00:00+07:00,22266.958984375,22376.111328125,21857.640625,22294.248046875,21309.076171875,2311478,0.0,0.0
2020-09-09 00:00:00+07:00,21939.50390625,22348.822265625,21884.927734375,22266.958984375,21282.99609375,1473471,0.0,0.0
2020-09-10 00:00:00+07:00,22430.6875,22457.974609375,22103.232421875,22103.232421875,21126.501953125,1551619,0.0,0.0
2020-09-11 00:00:00+07:00,22103.232421875,22103.232421875,22103.232421875,22103.232421875,21126.501953125,0,0.0,0.0
2020-09-14 00:00:00+07:00,22130.51953125,22266.958984375,22075.943359375,22103.232421875,21126.501953125,1706504,0.0,0.0
2020-09-15 00:00:00+07:00,22212.3828125,22485.263671875,22048.65625,22239.671875,21256.912109375,2033517,0.0,0.0
2020-09-16 00:00:00+07:00,22321.53515625,22321.53515625,22075.943359375,22130.51953125,21152.58203125,1000991,0.0,0.0
2020-09-17 00:00:00+07:00,22212.3828125,22430.6875,21994.080078125,22103.232421875,21126.501953125,2786322,0.0,0.0
2020-09-18 00:00:00+07:00,22157.806640625,22376.111328125,22103.232421875,22376.111328125,21387.322265625,2568882,0.0,0.0
2020-09-21 00:00:00+07:00,22485.263671875,22648.990234375,22212.3828125,22266.958984375,21282.99609375,1844257,0.0,0.0
2020-09-22 00:00:00+07:00,22212.3828125,22321.53515625,22075.943359375,22212.3828125,21230.828125,2126818,0.0,0.0
2020-09-23 00:00:00+07:00,22266.958984375,22867.294921875,22266.958984375,22594.4140625,21595.978515625,3858627,0.0,0.0
2020-09-24 00:00:00+07:00,22485.263671875,22676.279296875,22266.958984375,22321.53515625,21335.158203125,2792039,0.0,0.0
2020-09-25 00:00:00+07:00,22376.111328125,22430.6875,22130.51953125,22266.958984375,21282.99609375,2445695,0.0,0.0
2020-09-28 00:00:00+07:00,22403.3984375,22758.142578125,22266.958984375,22539.837890625,21543.81640625,3576671,0.0,0.0
2020-09-29 00:00:00+07:00,22648.990234375,22894.58203125,22157.806640625,22185.095703125,21204.748046875,3704969,0.0,0.0
2020-09-30 00:00:00+07:00,22212.3828125,22321.53515625,22103.232421875,22266.958984375,21282.99609375,1710554,0.0,0.0
2020-10-01 00:00:00+07:00,22266.958984375,22457.974609375,22266.958984375,22348.822265625,21361.240234375,2121504,0.0,0.0
2020-10-02 00:00:00+07:00,22376.111328125,22621.703125,21011.71484375,22185.095703125,21204.748046875,3223017,0.0,0.0
2020-10-05 00:00:00+07:00,22376.111328125,22376.111328125,21939.50390625,22048.65625,21074.3359375,2872917,0.0,0.0
2020-10-06 00:00:00+07:00,22130.51953125,22266.958984375,21994.080078125,22075.943359375,21100.41796875,2762740,0.0,0.0
2020-10-07 00:00:00+07:00,22048.65625,22321.53515625,21994.080078125,22075.943359375,21100.41796875,2157949,0.0,0.0
2020-10-08 00:00:00+07:00,22157.806640625,22185.095703125,21721.201171875,22048.65625,21074.3359375,3469279,0.0,0.0
2020-10-09 00:00:00+07:00,21994.080078125,22103.232421875,21884.927734375,22021.3671875,21048.25390625,1556236,0.0,0.0
2020-10-12 00:00:00+07:00,22703.56640625,22894.58203125,22212.3828125,22348.822265625,21361.240234375,6474563,0.0,0.0
2020-10-13 00:00:00+07:00,22376.111328125,22840.005859375,22157.806640625,22512.55078125,21517.734375,3629332,0.0,0.0
2020-10-14 00:00:00+07:00,22812.71875,23440.33984375,22648.990234375,23413.052734375,22378.44140625,12498286,0.0,0.0
2020-10-15 00:00:00+07:00,23713.220703125,23713.220703125,23031.021484375,23058.310546875,22039.375,5419610,0.0,0.0
2020-10-16 00:00:00+07:00,23058.310546875,23576.78125,22812.71875,23031.021484375,22013.29296875,4418893,0.0,0.0
2020-10-19 00:00:00+07:00,23167.4609375,23167.4609375,22758.142578125,22867.294921875,21856.80078125,4929375,0.0,0.0
2020-10-20 00:00:00+07:00,22648.990234375,23194.75,22648.990234375,22921.869140625,21908.962890625,3524249,0.0,0.0
2020-10-21 00:00:00+07:00,23140.173828125,23740.5078125,23003.734375,23112.884765625,22091.537109375,5533470,0.0,0.0
2020-10-22 00:00:00+07:00,23085.59765625,23440.33984375,22867.294921875,23440.33984375,22404.5234375,3175432,0.0,0.0
2020-10-23 00:00:00+07:00,23685.931640625,23685.931640625,23358.4765625,23358.4765625,22326.279296875,3554683,0.0,0.0
2020-10-26 00:00:00+07:00,23194.75,23467.62890625,22376.111328125,22376.111328125,21387.322265625,6192314,0.0,0.0
2020-10-27 00:00:00+07:00,22376.111328125,22648.990234375,22212.3828125,22212.3828125,21230.828125,4829899,0.0,0.0
2020-10-28 00:00:00+07:00,22103.232421875,22212.3828125,21448.3203125,21448.3203125,20500.53125,5312786,0.0,0.0
2020-10-29 00:00:00+07:00,21175.44140625,21557.47265625,20984.42578125,21093.578125,20161.46484375,5172962,0.0,0.0
2020-10-30 00:00:00+07:00,21284.59375,21393.74609375,20820.69921875,21011.71484375,20083.21875,3075112,0.0,0.0
2020-11-02 00:00:00+07:00,21011.71484375,21339.169921875,21011.71484375,21230.017578125,20291.875,1987562,0.0,0.0
2020-11-03 00:00:00+07:00,21284.59375,21557.47265625,21284.59375,21502.896484375,20552.6953125,1896863,0.0,0.0
2020-11-04 00:00:00+07:00,21502.896484375,21884.927734375,21475.609375,21693.912109375,20735.26953125,1974755,0.0,0.0
2020-11-05 00:00:00+07:00,21693.912109375,21693.912109375,21311.880859375,21311.880859375,20370.12109375,2345779,0.0,0.0
2020-11-06 00:00:00+07:00,21530.185546875,21530.185546875,21202.73046875,21311.880859375,20370.12109375,1184882,0.0,0.0
2020-11-09 00:00:00+07:00,21530.185546875,21530.185546875,21339.169921875,21421.033203125,20474.451171875,2176071,0.0,0.0
2020-11-10 00:00:00+07:00,21748.48828125,21830.3515625,21502.896484375,21502.896484375,20552.6953125,2494123,0.0,0.0
2020-11-11 00:00:00+07:00,21502.896484375,21639.3359375,21366.45703125,21502.896484375,20552.6953125,1326300,0.0,0.0
2020-11-12 00:00:00+07:00,21557.47265625,21721.201171875,21502.896484375,21612.048828125,20657.0234375,2063255,0.0,0.0
2020-11-13 00:00:00+07:00,21666.625,21994.080078125,21639.3359375,21994.080078125,21022.173828125,3359267,0.0,0.0
2020-11-16 00:00:00+07:00,22021.3671875,22266.958984375,21775.77734375,21775.77734375,20813.515625,3553969,0.0,0.0
2020-11-17 00:00:00+07:00,21830.3515625,21994.080078125,21693.912109375,21994.080078125,21022.173828125,2667020,0.0,0.0
2020-11-18 00:00:00+07:00,21994.080078125,22021.3671875,21830.3515625,21857.640625,20891.763671875,2880778,0.0,0.0
2020-11-19 00:00:00+07:00,21884.927734375,22266.958984375,21884.927734375,22048.65625,21074.3359375,3275219,0.0,0.0
2020-11-20 00:00:00+07:00,22212.3828125,22512.55078125,22212.3828125,22485.263671875,21491.65234375,4622353,0.0,0.0
2020-11-23 00:00:00+07:00,22648.990234375,22648.990234375,22130.51953125,22430.6875,21439.48828125,2410002,0.0,0.0
2020-11-24 00:00:00+07:00,22403.3984375,22430.6875,22048.65625,22212.3828125,21230.828125,3588599,0.0,0.0
2020-11-25 00:00:00+07:00,22376.111328125,22621.703125,22130.51953125,22539.837890625,21543.81640625,5084663,0.0,0.0
2020-11-26 00:00:00+07:00,22539.837890625,23249.32421875,22376.111328125,23249.32421875,22221.94921875,7982244,0.0,0.0
2020-11-27 00:00:00+07:00,23358.4765625,23385.765625,22949.158203125,23167.4609375,22143.703125,4257595,0.0,0.0
2020-11-30 00:00:00+07:00,23167.4609375,23194.75,22758.142578125,22758.142578125,21752.47265625,3129935,0.0,0.0
2020-12-01 00:00:00+07:00,22376.111328125,22812.71875,22266.958984375,22758.142578125,21752.47265625,5338383,0.0,0.0
2020-12-02 00:00:00+07:00,22785.4296875,22921.869140625,22594.4140625,22648.990234375,21648.14453125,3358846,0.0,0.0
2020-12-03 00:00:00+07:00,22676.279296875,22867.294921875,22594.4140625,22703.56640625,21700.30859375,3365570,0.0,0.0
2020-12-04 00:00:00+07:00,22703.56640625,23085.59765625,22648.990234375,22730.853515625,21726.390625,4696287,0.0,0.0
2020-12-07 00:00:00+07:00,22921.869140625,23576.78125,22840.005859375,23467.62890625,22430.60546875,7550643,0.0,0.0
2020-12-08 00:00:00+07:00,23631.35546875,23631.35546875,23167.4609375,23303.900390625,22274.11328125,3942657,0.0,0.0
2020-12-09 00:00:00+07:00,23413.052734375,24013.38671875,23331.189453125,23904.236328125,22847.923828125,6742593,0.0,0.0
2020-12-10 00:00:00+07:00,23904.236328125,24449.994140625,23849.66015625,23986.099609375,22926.166015625,7019327,0.0,0.0
2020-12-11 00:00:00+07:00,23958.8125,24995.75390625,23795.083984375,24995.75390625,23891.205078125,8368073,0.0,0.0
2020-12-14 00:00:00+07:00,25186.76953125,25405.072265625,25023.041015625,25377.78515625,24256.353515625,5378731,0.0,0.0
2020-12-15 00:00:00+07:00,25186.76953125,25650.6640625,25023.041015625,25159.48046875,24047.6953125,6270865,0.0,0.0
2020-12-16 00:00:00+07:00,25159.48046875,25896.255859375,25159.48046875,25868.966796875,24725.830078125,5667430,0.0,0.0
2020-12-17 00:00:00+07:00,25541.51171875,25978.119140625,25323.208984375,25323.208984375,24204.189453125,7136082,0.0,0.0
2020-12-18 00:00:00+07:00,25486.935546875,25923.54296875,25323.208984375,25650.6640625,24517.173828125,4457170,0.0,0.0
2020-12-21 00:00:00+07:00,26196.421875,26196.421875,25377.78515625,25896.255859375,24751.9140625,4537242,0.0,0.0
2020-12-22 00:00:00+07:00,25896.255859375,25896.255859375,25432.361328125,25568.80078125,24438.927734375,5011792,0.0,0.0
2020-12-23 00:00:00+07:00,25650.6640625,25923.54296875,25323.208984375,25432.361328125,24308.51953125,3858151,0.0,0.0
2020-12-24 00:00:00+07:00,25432.361328125,25541.51171875,23958.8125,24832.025390625,23734.712890625,5744625,0.0,0.0
2020-12-25 00:00:00+07:00,24832.025390625,25486.935546875,24559.146484375,25432.361328125,24308.51953125,2863719,0.0,0.0
2020-12-28 00:00:00+07:00,25623.376953125,26196.421875,25541.51171875,25896.255859375,24751.9140625,5783287,0.0,0.0
2020-12-29 00:00:00+07:00,25814.390625,26551.166015625,25814.390625,26387.4375,25221.388671875,5554230,0.0,0.0
2020-12-30 00:00:00+07:00,26414.7265625,26633.029296875,26196.421875,26223.7109375,25064.900390625,2642485,0.0,0.0
2020-12-31 00:00:00+07:00,25787.103515625,26141.84765625,25650.6640625,26141.84765625,25409.708984375,2459657,436.60706,0.0
2021-01-01 00:00:00+07:00,26141.84765625,26141.84765625,26141.84765625,26141.84765625,25409.708984375,0,0.0,0.0
2021-01-04 00:00:00+07:00,26059.982421875,26442.013671875,26059.982421875,26332.86328125,25595.373046875,365326,0.0,0.0
2021-01-05 00:00:00+07:00,26141.84765625,26250.998046875,26005.40625,26141.84765625,25409.708984375,394991,0.0,0.0
2021-01-06 00:00:00+07:00,26360.150390625,27615.396484375,25950.83203125,26633.029296875,25887.1328125,673282,0.0,0.0
2021-01-07 00:00:00+07:00,26633.029296875,27233.365234375,26469.302734375,26687.60546875,25940.181640625,307553,0.0,0.0
2021-01-08 00:00:00+07:00,26905.91015625,26905.91015625,26305.57421875,26469.302734375,25727.990234375,372857,0.0,0.0
2021-01-11 00:00:00+07:00,26469.302734375,26523.87890625,26141.84765625,26332.86328125,25595.373046875,505498,0.0,0.0
2021-01-12 00:00:00+07:00,26332.86328125,26742.181640625,26141.84765625,26605.7421875,25860.611328125,401147,0.0,0.0
2021-01-13 00:00:00+07:00,26633.029296875,26851.333984375,26414.7265625,26442.013671875,25701.466796875,302368,0.0,0.0
2021-01-14 00:00:00+07:00,26469.302734375,26742.181640625,26196.421875,26660.318359375,25913.658203125,349018,0.0,0.0
2021-01-15 00:00:00+07:00,26905.91015625,27015.060546875,26660.318359375,26660.318359375,25913.658203125,440615,0.0,0.0
2021-01-18 00:00:00+07:00,26687.60546875,26742.181640625,26523.87890625,26551.166015625,25807.5625,308762,0.0,0.0
2021-01-19 00:00:00+07:00,26523.87890625,26523.87890625,24695.5859375,24695.5859375,24003.94921875,494925,0.0,0.0
2021-01-20 00:00:00+07:00,24695.5859375,25377.78515625,23194.75,24832.025390625,24136.5703125,422622,0.0,0.0
2021-01-21 00:00:00+07:00,24886.6015625,25377.78515625,24668.298828125,25377.78515625,24667.04296875,246812,0.0,0.0
2021-01-22 00:00:00+07:00,25377.78515625,25405.072265625,24613.72265625,24695.5859375,24003.94921875,405270,0.0,0.0
2021-01-25 00:00:00+07:00,24559.146484375,24668.298828125,24231.69140625,24340.84375,23659.142578125,251374,0.0,0.0
2021-01-26 00:00:00+07:00,24204.40234375,24204.40234375,22812.71875,23222.037109375,22571.669921875,336558,0.0,0.0
2021-01-27 00:00:00+07:00,23222.037109375,23685.931640625,22157.806640625,22539.837890625,21908.578125,385170,0.0,0.0
2021-01-28 00:00:00+07:00,21284.59375,21830.3515625,20984.42578125,20984.42578125,20396.724609375,493258,0.0,0.0
2021-01-29 00:00:00+07:00,19920.197265625,22294.248046875,19920.197265625,21775.77734375,21165.9140625,367964,0.0,0.0
2021-02-01 00:00:00+07:00,21775.77734375,22376.111328125,21093.578125,21339.169921875,20741.537109375,283092,0.0,0.0
2021-02-02 00:00:00+07:00,21230.017578125,21803.064453125,21039.001953125,21475.609375,20874.154296875,457583,0.0,0.0
2021-02-03 00:00:00+07:00,21884.927734375,22648.990234375,21666.625,22567.126953125,21935.103515625,339325,0.0,0.0
2021-02-04 00:00:00+07:00,22594.4140625,22703.56640625,22321.53515625,22648.990234375,22014.673828125,252584,0.0,0.0
2021-02-05 00:00:00+07:00,22648.990234375,22976.4453125,22539.837890625,22812.71875,22173.81640625,234462,0.0,0.0
2021-02-08 00:00:00+07:00,22812.71875,22921.869140625,21311.880859375,21884.927734375,21272.009765625,343540,0.0,0.0
2021-02-09 00:00:00+07:00,21884.927734375,21884.927734375,21884.927734375,21884.927734375,21272.009765625,0,0.0,0.0
2021-02-10 00:00:00+07:00,21884.927734375,21884.927734375,21884.927734375,21884.927734375,21272.009765625,0,0.0,0.0
2021-02-11 00:00:00+07:00,21884.927734375,21884.927734375,21884.927734375,21884.927734375,21272.009765625,0,0.0,0.0
2021-02-12 00:00:00+07:00,21884.927734375,21884.927734375,21884.927734375,21884.927734375,21272.009765625,0,0.0,0.0
2021-02-15 00:00:00+07:00,21884.927734375,21884.927734375,21884.927734375,21884.927734375,21272.009765625,0,0.0,0.0
2021-02-16 00:00:00+07:00,21884.927734375,21884.927734375,21884.927734375,21884.927734375,21272.009765625,0,0.0,0.0
2021-02-17 00:00:00+07:00,22294.248046875,22976.4453125,22294.248046875,22976.4453125,22332.955078125,263669,0.0,0.0
2021-02-18 00:00:00+07:00,23031.021484375,23740.5078125,22758.142578125,23685.931640625,23022.572265625,428705,0.0,0.0
2021-02-19 00:00:00+07:00,23467.62890625,24286.267578125,23385.765625,24067.962890625,23393.904296875,371446,0.0,0.0
2021-02-22 00:00:00+07:00,24067.962890625,24286.267578125,23849.66015625,23876.947265625,23208.240234375,279207,0.0,0.0
2021-02-23 00:00:00+07:00,23876.947265625,24067.962890625,23576.78125,24013.38671875,23340.857421875,280911,0.0,0.0
2021-02-24 00:00:00+07:00,23958.8125,24122.5390625,23249.32421875,23494.916015625,22836.90625,300499,0.0,0.0
2021-02-25 00:00:00+07:00,23549.4921875,23904.236328125,23031.021484375,23440.33984375,22783.859375,317576,0.0,0.0
2021-02-26 00:00:00+07:00,23358.4765625,23849.66015625,23085.59765625,23795.083984375,23128.66796875,252767,0.0,0.0
2021-03-01 00:00:00+07:00,23795.083984375,24231.69140625,23795.083984375,24067.962890625,23393.904296875,412526,0.0,0.0
2021-03-02 00:00:00+07:00,24286.267578125,24340.84375,23931.5234375,24040.67578125,23367.3828125,389182,0.0,0.0
2021-03-03 00:00:00+07:00,24040.67578125,24122.5390625,23849.66015625,23904.236328125,23234.765625,290201,0.0,0.0
2021-03-04 00:00:00+07:00,24013.38671875,24149.828125,23085.59765625,23331.189453125,22677.765625,382861,0.0,0.0
2021-03-05 00:00:00+07:00,23331.189453125,23631.35546875,22921.869140625,23140.173828125,22492.09765625,340296,0.0,0.0
2021-03-08 00:00:00+07:00,23685.931640625,23685.931640625,23085.59765625,23167.4609375,22518.623046875,292308,0.0,0.0
2021-03-09 00:00:00+07:00,23140.173828125,23140.173828125,22648.990234375,22840.005859375,22200.337890625,445379,0.0,0.0
2021-03-10 00:00:00+07:00,22921.869140625,23031.021484375,22594.4140625,22921.869140625,22279.908203125,376814,0.0,0.0
2021-03-11 00:00:00+07:00,23303.900390625,23795.083984375,23222.037109375,23631.35546875,22969.525390625,306435,0.0,0.0
2021-03-12 00:00:00+07:00,23740.5078125,23849.66015625,23522.205078125,23658.64453125,22996.05078125,464747,0.0,0.0
2021-03-15 00:00:00+07:00,23740.5078125,23795.083984375,23358.4765625,23467.62890625,22810.3828125,509327,0.0,0.0
2021-03-16 00:00:00+07:00,23467.62890625,23576.78125,23085.59765625,23140.173828125,22492.09765625,407451,0.0,0.0
2021-03-17 00:00:00+07:00,23194.75,23685.931640625,22894.58203125,23631.35546875,22969.525390625,796414,0.0,0.0
2021-03-18 00:00:00+07:00,24013.38671875,24722.873046875,23767.796875,24559.146484375,23871.33203125,1038279,0.0,0.0
2021-03-19 00:00:00+07:00,24559.146484375,24777.44921875,24395.41796875,24559.146484375,23871.33203125,528695,0.0,0.0
2021-03-22 00:00:00+07:00,24559.146484375,24559.146484375,24286.267578125,24368.130859375,23685.666015625,469584,0.0,0.0
2021-03-23 00:00:00+07:00,24286.267578125,24313.5546875,23522.205078125,23849.66015625,23181.716796875,833573,0.0,0.0
2021-03-24 00:00:00+07:00,23467.62890625,23631.35546875,22867.294921875,23003.734375,22359.48046875,612340,0.0,0.0
2021-03-25 00:00:00+07:00,23194.75,23440.33984375,22894.58203125,23058.310546875,22412.52734375,434074,0.0,0.0
2021-03-26 00:00:00+07:00,22894.58203125,23140.173828125,22103.232421875,22976.4453125,22332.955078125,448018,0.0,0.0
2021-03-29 00:00:00+07:00,23194.75,23276.61328125,23003.734375,23222.037109375,22571.669921875,246977,0.0,0.0
2021-03-30 00:00:00+07:00,23467.62890625,23494.916015625,23085.59765625,23385.765625,22730.8125,422201,0.0,0.0
2021-03-31 00:00:00+07:00,23440.33984375,23713.220703125,23358.4765625,23440.33984375,22783.859375,397629,0.0,0.0
2021-04-01 00:00:00+07:00,23467.62890625,24013.38671875,23467.62890625,23986.099609375,23314.333984375,679146,0.0,0.0
2021-04-02 00:00:00+07:00,24231.69140625,24832.025390625,24040.67578125,24559.146484375,23871.33203125,1061659,0.0,0.0
2021-04-05 00:00:00+07:00,24941.177734375,25050.330078125,24613.72265625,24859.314453125,24163.09375,1093779,0.0,0.0
2021-04-06 00:00:00+07:00,24777.44921875,25241.345703125,24586.43359375,24968.46484375,24269.1875,753776,0.0,0.0
2021-04-07 00:00:00+07:00,24941.177734375,24968.46484375,24750.162109375,24859.314453125,24163.09375,478050,0.0,0.0
2021-04-08 00:00:00+07:00,24941.177734375,24995.75390625,24395.41796875,24449.994140625,23765.234375,808489,0.0,0.0
2021-04-09 00:00:00+07:00,24395.41796875,24449.994140625,24040.67578125,24177.115234375,23500.0,822652,0.0,0.0
2021-04-12 00:00:00+07:00,24286.267578125,24722.873046875,24067.962890625,24422.70703125,23738.712890625,943512,0.0,0.0
2021-04-13 00:00:00+07:00,24559.146484375,24613.72265625,23740.5078125,23822.37109375,23155.19140625,724129,0.0,0.0
2021-04-14 00:00:00+07:00,23740.5078125,24177.115234375,23467.62890625,24013.38671875,23340.857421875,520248,0.0,0.0
2021-04-15 00:00:00+07:00,24067.962890625,24122.5390625,23467.62890625,23494.916015625,22836.90625,678889,0.0,0.0
2021-04-16 00:00:00+07:00,23385.765625,23740.5078125,22840.005859375,22921.869140625,22279.908203125,855194,0.0,0.0
2021-04-19 00:00:00+07:00,22921.869140625,23522.205078125,22812.71875,23467.62890625,22810.3828125,585240,0.0,0.0
2021-04-20 00:00:00+07:00,23522.205078125,24013.38671875,23440.33984375,23576.78125,22916.48046875,490344,0.0,0.0
2021-04-21 00:00:00+07:00,23576.78125,23576.78125,23576.78125,23576.78125,22916.48046875,0,0.0,0.0
2021-04-22 00:00:00+07:00,23576.78125,23576.78125,22376.111328125,22376.111328125,21749.435546875,536812,0.0,0.0
2021-04-23 00:00:00+07:00,22376.111328125,23003.734375,22294.248046875,22921.869140625,22279.908203125,564022,0.0,0.0
2021-04-26 00:00:00+07:00,22785.4296875,22921.869140625,22103.232421875,22103.232421875,21484.19921875,609848,0.0,0.0
2021-04-27 00:00:00+07:00,22103.232421875,22266.958984375,21939.50390625,22021.3671875,21404.626953125,362522,0.0,0.0
2021-04-28 00:00:00+07:00,22021.3671875,22321.53515625,22021.3671875,22157.806640625,21537.244140625,252712,0.0,0.0
2021-04-29 00:00:00+07:00,22157.806640625,22867.294921875,22157.806640625,22376.111328125,21749.435546875,357135,0.0,0.0
2021-04-30 00:00:00+07:00,22376.111328125,22376.111328125,22376.111328125,22376.111328125,21749.435546875,0,0.0,0.0
2021-05-03 00:00:00+07:00,22376.111328125,22376.111328125,22376.111328125,22376.111328125,21749.435546875,0,0.0,0.0
2021-05-04 00:00:00+07:00,21830.3515625,22812.71875,21830.3515625,22539.837890625,21908.578125,397959,0.0,0.0
2021-05-05 00:00:00+07:00,22758.142578125,23112.884765625,22648.990234375,22867.294921875,22226.86328125,493294,0.0,0.0
2021-05-06 00:00:00+07:00,22867.294921875,22867.294921875,22485.263671875,22512.55078125,21882.0546875,411555,0.0,0.0
2021-05-07 00:00:00+07:00,22157.806640625,22485.263671875,22103.232421875,22185.095703125,21563.76953125,679164,0.0,0.0
2021-05-10 00:00:00+07:00,22103.232421875,22648.990234375,22021.3671875,22594.4140625,21961.625,554787,0.0,0.0
2021-05-11 00:00:00+07:00,22921.869140625,23740.5078125,22812.71875,22976.4453125,22332.955078125,980158,0.0,0.0
2021-05-12 00:00:00+07:00,22921.869140625,23303.900390625,22812.71875,23276.61328125,22624.71875,610434,0.0,0.0
2021-05-13 00:00:00+07:00,23194.75,23685.931640625,22921.869140625,23249.32421875,22598.193359375,638358,0.0,0.0
2021-05-14 00:00:00+07:00,23358.4765625,23467.62890625,23085.59765625,23112.884765625,22465.57421875,499231,0.0,0.0
2021-05-17 00:00:00+07:00,23194.75,23467.62890625,22758.142578125,22812.71875,22173.81640625,548300,0.0,0.0
2021-05-18 00:00:00+07:00,22758.142578125,22758.142578125,22266.958984375,22321.53515625,21696.388671875,715169,0.0,0.0
2021-05-19 00:00:00+07:00,22376.111328125,22594.4140625,22157.806640625,22321.53515625,21696.388671875,526258,0.0,0.0
2021-05-20 00:00:00+07:00,22321.53515625,22867.294921875,21830.3515625,22840.005859375,22200.337890625,640392,0.0,0.0
2021-05-21 00:00:00+07:00,22921.869140625,24422.70703125,22840.005859375,24422.70703125,23738.712890625,2387043,0.0,0.0
2021-05-24 00:00:00+07:00,24832.025390625,25323.208984375,24832.025390625,25104.904296875,24401.8046875,1281536,0.0,0.0
2021-05-25 00:00:00+07:00,25104.904296875,25568.80078125,24804.73828125,25486.935546875,24773.13671875,1159779,0.0,0.0
2021-05-26 00:00:00+07:00,25486.935546875,25705.240234375,25214.056640625,25459.6484375,24746.61328125,1350376,0.0,0.0
2021-05-27 00:00:00+07:00,25541.51171875,25541.51171875,24586.43359375,24777.44921875,24083.51953125,1074155,0.0,0.0
2021-05-28 00:00:00+07:00,24886.6015625,26032.6953125,24504.5703125,25732.52734375,25011.849609375,1439646,0.0,0.0
2021-05-31 00:00:00+07:00,26087.271484375,26633.029296875,25923.54296875,26578.453125,25834.0859375,1025709,0.0,0.0
2021-06-01 00:00:00+07:00,26660.318359375,26742.181640625,26196.421875,26196.421875,25462.75390625,750533,0.0,0.0
2021-06-02 00:00:00+07:00,25814.390625,26169.134765625,25759.81640625,25868.966796875,25144.46875,1107375,0.0,0.0
2021-06-03 00:00:00+07:00,26087.271484375,27015.060546875,25868.966796875,26633.029296875,25887.1328125,1230470,0.0,0.0
2021-06-04 00:00:00+07:00,26578.453125,27015.060546875,26196.421875,26742.181640625,25993.228515625,1088319,0.0,0.0
2021-06-07 00:00:00+07:00,26469.302734375,26523.87890625,24886.6015625,25541.51171875,24826.18359375,9665625,0.0,0.0
2021-06-08 00:00:00+07:00,25541.51171875,25541.51171875,25541.51171875,25541.51171875,24826.18359375,0,0.0,0.0
2021-06-09 00:00:00+07:00,24559.146484375,24941.177734375,24013.38671875,24804.73828125,24110.044921875,8161663,0.0,0.0
2021-06-10 00:00:00+07:00,24804.73828125,24886.6015625,23958.8125,23958.8125,23287.8125,8178338,0.0,0.0
2021-06-11 00:00:00+07:00,24013.38671875,24695.5859375,23740.5078125,24668.298828125,23977.427734375,11709018,0.0,0.0
2021-06-14 00:00:00+07:00,24832.025390625,24886.6015625,24368.130859375,24504.5703125,23818.283203125,6219414,0.0,0.0
2021-06-15 00:00:00+07:00,24422.70703125,24641.009765625,24013.38671875,24504.5703125,23818.283203125,5967837,0.0,0.0
2021-06-16 00:00:00+07:00,24395.41796875,25486.935546875,24122.5390625,24722.873046875,24030.47265625,7727955,0.0,0.0
2021-06-17 00:00:00+07:00,24340.84375,25295.919921875,24340.84375,25050.330078125,24348.759765625,6558391,0.0,0.0
2021-06-18 00:00:00+07:00,25241.345703125,25377.78515625,24941.177734375,25186.76953125,24481.37890625,5863762,0.0,0.0
2021-06-21 00:00:00+07:00,25050.330078125,25104.904296875,24477.283203125,24559.146484375,23871.33203125,7764602,0.0,0.0
2021-06-22 00:00:00+07:00,24722.873046875,24804.73828125,24504.5703125,24559.146484375,23871.33203125,5097306,0.0,0.0
2021-06-23 00:00:00+07:00,24504.5703125,25323.208984375,24504.5703125,24777.44921875,24083.51953125,4716735,0.0,0.0
2021-06-24 00:00:00+07:00,24777.44921875,25050.330078125,24559.146484375,24668.298828125,23977.427734375,3867459,0.0,0.0
2021-06-25 00:00:00+07:00,24613.72265625,25104.904296875,24395.41796875,24859.314453125,24163.09375,4713254,0.0,0.0
2021-06-28 00:00:00+07:00,25104.904296875,25705.240234375,24913.888671875,25596.087890625,24879.232421875,12249183,0.0,0.0
2021-06-29 00:00:00+07:00,25650.6640625,26141.84765625,25432.361328125,25596.087890625,24879.232421875,7229750,0.0,0.0
2021-06-30 00:00:00+07:00,25596.087890625,25896.255859375,25568.80078125,25787.103515625,25064.896484375,7332543,0.0,0.0
2021-07-01 00:00:00+07:00,25923.54296875,26005.40625,25568.80078125,25814.390625,25091.419921875,8431563,0.0,0.0
2021-07-02 00:00:00+07:00,25923.54296875,26059.982421875,25596.087890625,25677.951171875,24958.802734375,7704319,0.0,0.0
2021-07-05 00:00:00+07:00,25677.951171875,25677.951171875,25677.951171875,25677.951171875,24958.802734375,0,0.0,0.0
2021-07-06 00:00:00+07:00,25677.951171875,25677.951171875,25677.951171875,25677.951171875,24958.802734375,0,0.0,0.0
2021-07-07 00:00:00+07:00,25677.951171875,25677.951171875,25677.951171875,25677.951171875,24958.802734375,0,0.0,0.0
2021-07-08 00:00:00+07:00,25677.951171875,25677.951171875,25677.951171875,25677.951171875,24958.802734375,0,0.0,0.0
2021-07-09 00:00:00+07:00,24668.298828125,25104.904296875,24013.38671875,24504.5703125,23818.283203125,6573966,0.0,0.0
2021-07-12 00:00:00+07:00,24504.5703125,24504.5703125,24504.5703125,24504.5703125,23818.283203125,0,0.0,0.0
2021-07-13 00:00:00+07:00,23194.75,23331.189453125,22676.279296875,23140.173828125,22492.09765625,3632557,0.0,0.0
2021-07-14 00:00:00+07:00,23140.173828125,23140.173828125,23140.173828125,23140.173828125,22492.09765625,0,0.0,0.0
2021-07-15 00:00:00+07:00,22949.158203125,23549.4921875,22921.869140625,23303.900390625,22651.240234375,3285700,0.0,0.0
2021-07-16 00:00:00+07:00,23303.900390625,23303.900390625,23303.900390625,23303.900390625,22651.240234375,0,0.0,0.0
2021-07-19 00:00:00+07:00,22430.6875,22867.294921875,21639.3359375,21639.3359375,21033.294921875,5425107,0.0,0.0
2021-07-20 00:00:00+07:00,21666.625,22376.111328125,21230.017578125,22376.111328125,21749.435546875,4972159,0.0,0.0
2021-07-21 00:00:00+07:00,22594.4140625,22594.4140625,22103.232421875,22212.3828125,21590.291015625,2121266,0.0,0.0
2021-07-22 00:00:00+07:00,22157.806640625,22430.6875,22157.806640625,22376.111328125,21749.435546875,3116578,0.0,0.0
2021-07-23 00:00:00+07:00,22321.53515625,22648.990234375,21939.50390625,21939.50390625,21325.056640625,3341219,0.0,0.0
2021-07-26 00:00:00+07:00,21830.3515625,22021.3671875,21557.47265625,21830.3515625,21218.9609375,2632848,0.0,0.0
2021-07-27 00:00:00+07:00,22048.65625,22266.958984375,21912.216796875,21939.50390625,21325.056640625,2618189,0.0,0.0
2021-07-28 00:00:00+07:00,21939.50390625,22103.232421875,21830.3515625,22103.232421875,21484.19921875,2259789,0.0,0.0
2021-07-29 00:00:00+07:00,22266.958984375,22376.111328125,22157.806640625,22376.111328125,21749.435546875,2161944,0.0,0.0
2021-07-30 00:00:00+07:00,22539.837890625,22567.126953125,22348.822265625,22430.6875,21802.484375,3722340,0.0,0.0
2021-08-02 00:00:00+07:00,22921.869140625,23440.33984375,22921.869140625,23222.037109375,22571.669921875,7258517,0.0,0.0
2021-08-03 00:00:00+07:00,23085.59765625,23658.64453125,22976.4453125,23658.64453125,22996.05078125,5067439,0.0,0.0
2021-08-04 00:00:00+07:00,23658.64453125,23658.64453125,23658.64453125,23658.64453125,22996.05078125,0,0.0,0.0
2021-08-05 00:00:00+07:00,23249.32421875,23740.5078125,23085.59765625,23440.33984375,22783.859375,3878269,0.0,0.0
2021-08-06 00:00:00+07:00,23440.33984375,23685.931640625,23249.32421875,23413.052734375,22757.3359375,3423307,0.0,0.0
2021-08-09 00:00:00+07:00,23222.037109375,23549.4921875,23112.884765625,23549.4921875,22889.955078125,3195184,0.0,0.0
2021-08-10 00:00:00+07:00,23549.4921875,23549.4921875,23549.4921875,23549.4921875,22889.955078125,0,0.0,0.0
2021-08-11 00:00:00+07:00,23631.35546875,24067.962890625,23413.052734375,23522.205078125,22863.4296875,5018883,0.0,0.0
2021-08-12 00:00:00+07:00,23658.64453125,23685.931640625,23358.4765625,23358.4765625,22704.2890625,3132152,0.0,0.0
2021-08-13 00:00:00+07:00,23276.61328125,23467.62890625,22812.71875,23222.037109375,22571.669921875,4231906,0.0,0.0
2021-08-16 00:00:00+07:00,23112.884765625,23740.5078125,22921.869140625,23631.35546875,22969.525390625,6021524,0.0,0.0
2021-08-17 00:00:00+07:00,23631.35546875,23631.35546875,23631.35546875,23631.35546875,22969.525390625,0,0.0,0.0
2021-08-18 00:00:00+07:00,23413.052734375,23467.62890625,23194.75,23276.61328125,22624.71875,2775035,0.0,0.0
2021-08-19 00:00:00+07:00,23249.32421875,23249.32421875,23003.734375,23194.75,22545.1484375,3305306,0.0,0.0
2021-08-20 00:00:00+07:00,23249.32421875,23413.052734375,21830.3515625,22103.232421875,21484.19921875,7995290,0.0,0.0
2021-08-23 00:00:00+07:00,22103.232421875,22266.958984375,21448.3203125,21448.3203125,20847.62890625,5024747,0.0,0.0
2021-08-24 00:00:00+07:00,21448.3203125,21666.625,21230.017578125,21502.896484375,20900.677734375,4655719,0.0,0.0
2021-08-25 00:00:00+07:00,21557.47265625,21584.76171875,21284.59375,21530.185546875,20927.201171875,2022138,0.0,0.0
2021-08-26 00:00:00+07:00,21639.3359375,21639.3359375,20738.833984375,21066.2890625,20476.296875,3748175,0.0,0.0
2021-08-27 00:00:00+07:00,21011.71484375,21284.59375,20629.68359375,21120.865234375,20529.34375,3493301,0.0,0.0
2021-08-30 00:00:00+07:00,21284.59375,21557.47265625,21175.44140625,21530.185546875,20927.201171875,2583925,0.0,0.0
2021-08-31 00:00:00+07:00,21612.048828125,21612.048828125,21257.3046875,21257.3046875,20661.96484375,3325278,0.0,0.0
2021-09-01 00:00:00+07:00,21175.44140625,21339.169921875,21093.578125,21284.59375,20688.48828125,2488095,0.0,0.0
2021-09-02 00:00:00+07:00,21284.59375,21284.59375,21284.59375,21284.59375,20688.48828125,0,0.0,0.0
2021-09-03 00:00:00+07:00,21284.59375,21284.59375,21284.59375,21284.59375,20688.48828125,0,0.0,0.0
2021-09-06 00:00:00+07:00,21311.880859375,21557.47265625,21257.3046875,21339.169921875,20741.537109375,2500371,0.0,0.0
2021-09-07 00:00:00+07:00,21448.3203125,21939.50390625,21366.45703125,21666.625,21059.818359375,3132885,0.0,0.0
2021-09-08 00:00:00+07:00,21666.625,21666.625,21666.625,21666.625,21059.818359375,0,0.0,0.0
2021-09-09 00:00:00+07:00,21612.048828125,21721.201171875,21584.76171875,21721.201171875,21112.8671875,1538774,0.0,0.0
2021-09-10 00:00:00+07:00,21830.3515625,21830.3515625,21612.048828125,21639.3359375,21033.294921875,1454488,0.0,0.0
2021-09-13 00:00:00+07:00,21639.3359375,21639.3359375,21284.59375,21366.45703125,20768.05859375,3178510,0.0,0.0
2021-09-14 00:00:00+07:00,21339.169921875,21366.45703125,21066.2890625,21120.865234375,20529.34375,2593270,0.0,0.0
2021-09-15 00:00:00+07:00,21066.2890625,21284.59375,21066.2890625,21175.44140625,20582.39453125,1933271,0.0,0.0
2021-09-16 00:00:00+07:00,21339.169921875,21557.47265625,21311.880859375,21502.896484375,20900.677734375,2685435,0.0,0.0
2021-09-17 00:00:00+07:00,21612.048828125,22075.943359375,21612.048828125,21830.3515625,21218.9609375,3269026,0.0,0.0
2021-09-20 00:00:00+07:00,21857.640625,21994.080078125,21775.77734375,21775.77734375,21165.9140625,3585833,0.0,0.0
2021-09-21 00:00:00+07:00,21775.77734375,21775.77734375,21775.77734375,21775.77734375,21165.9140625,0,0.0,0.0
2021-09-22 00:00:00+07:00,21775.77734375,21775.77734375,21775.77734375,21775.77734375,21165.9140625,0,0.0,0.0
2021-09-23 00:00:00+07:00,21721.201171875,21775.77734375,21530.185546875,21530.185546875,20927.201171875,1987324,0.0,0.0
2021-09-24 00:00:00+07:00,21557.47265625,21721.201171875,21557.47265625,21666.625,21059.818359375,176799712,0.0,0.0
2021-09-27 00:00:00+07:00,21666.625,21884.927734375,21393.74609375,21502.896484375,20900.677734375,2218562,0.0,0.0
2021-09-28 00:00:00+07:00,21502.896484375,22021.3671875,21393.74609375,21884.927734375,21272.009765625,4008547,0.0,0.0
2021-09-29 00:00:00+07:00,21857.640625,21857.640625,21448.3203125,21775.77734375,21165.9140625,2167807,0.0,0.0
2021-09-30 00:00:00+07:00,21748.48828125,21830.3515625,21475.609375,21530.185546875,20927.201171875,2010595,0.0,0.0
2021-10-01 00:00:00+07:00,21448.3203125,21530.185546875,21175.44140625,21175.44140625,20582.39453125,3038155,0.0,0.0
2021-10-04 00:00:00+07:00,21202.73046875,21612.048828125,21011.71484375,21230.017578125,20635.44140625,193327159,0.0,0.0
2021-10-05 00:00:00+07:00,21284.59375,21584.76171875,21284.59375,21448.3203125,20847.62890625,1337770,0.0,0.0
2021-10-06 00:00:00+07:00,21448.3203125,21448.3203125,21448.3203125,21448.3203125,20847.62890625,0,0.0,0.0
2021-10-07 00:00:00+07:00,21502.896484375,21557.47265625,21366.45703125,21366.45703125,20768.05859375,1871705,0.0,0.0
2021-10-08 00:00:00+07:00,21366.45703125,21366.45703125,21366.45703125,21366.45703125,20768.05859375,0,0.0,0.0
2021-10-11 00:00:00+07:00,21366.45703125,21366.45703125,21366.45703125,21366.45703125,20768.05859375,0,0.0,0.0
2021-10-12 00:00:00+07:00,21939.50390625,22239.671875,21857.640625,21966.791015625,21351.580078125,3638786,0.0,0.0
2021-10-13 00:00:00+07:00,21994.080078125,22075.943359375,21612.048828125,21775.77734375,21165.9140625,2608478,0.0,0.0
2021-10-14 00:00:00+07:00,21775.77734375,21775.77734375,21775.77734375,21775.77734375,21165.9140625,0,0.0,0.0
2021-10-15 00:00:00+07:00,21584.76171875,21748.48828125,21557.47265625,21557.47265625,20953.724609375,2024520,0.0,0.0
2021-10-18 00:00:00+07:00,21557.47265625,21557.47265625,21557.47265625,21557.47265625,20953.724609375,0,0.0,0.0
2021-10-19 00:00:00+07:00,21448.3203125,22130.51953125,21284.59375,21857.640625,21245.486328125,4053622,0.0,0.0
2021-10-20 00:00:00+07:00,21857.640625,21939.50390625,21448.3203125,21693.912109375,21086.341796875,1978163,0.0,0.0
2021-10-21 00:00:00+07:00,21693.912109375,21775.77734375,21557.47265625,21557.47265625,20953.724609375,1158387,0.0,0.0
2021-10-22 00:00:00+07:00,21557.47265625,21666.625,21448.3203125,21448.3203125,20847.62890625,1932905,0.0,0.0
2021-10-25 00:00:00+07:00,21448.3203125,21448.3203125,21448.3203125,21448.3203125,20847.62890625,0,0.0,0.0
2021-10-26 00:00:00+07:00,21448.3203125,21448.3203125,21448.3203125,21448.3203125,20847.62890625,0,0.0,0.0
2021-10-27 00:00:00+07:00,21448.3203125,21448.3203125,21448.3203125,21448.3203125,20847.62890625,0,0.0,0.0
2021-10-28 00:00:00+07:00,21830.3515625,21939.50390625,21666.625,21748.48828125,21139.388671875,2266752,0.0,0.0
2021-10-29 00:00:00+07:00,21830.3515625,22758.142578125,21775.77734375,22648.990234375,22014.673828125,6835070,0.0,0.0
2021-11-01 00:00:00+07:00,22648.990234375,22648.990234375,22648.990234375,22648.990234375,22014.673828125,0,0.0,0.0
2021-11-02 00:00:00+07:00,22812.71875,22894.58203125,22703.56640625,23194.75,22545.1484375,2799221,0.0,0.0
2021-11-03 00:00:00+07:00,23085.59765625,24067.962890625,22921.869140625,23494.916015625,22836.90625,1026405790,0.0,0.0
2021-11-04 00:00:00+07:00,23549.4921875,24149.828125,23303.900390625,24013.38671875,23340.857421875,8025889,0.0,0.0
2021-11-05 00:00:00+07:00,24013.38671875,24231.69140625,23604.068359375,23795.083984375,23128.66796875,3556332,0.0,0.0
2021-11-08 00:00:00+07:00,23795.083984375,24231.69140625,23549.4921875,23958.8125,23287.8125,4923053,0.0,0.0
2021-11-09 00:00:00+07:00,24013.38671875,24095.251953125,23467.62890625,23467.62890625,22810.3828125,4655902,0.0,0.0
2021-11-10 00:00:00+07:00,23522.205078125,23740.5078125,23112.884765625,23467.62890625,22810.3828125,3918397,0.0,0.0
2021-11-11 00:00:00+07:00,23685.931640625,23740.5078125,23031.021484375,23358.4765625,22704.2890625,4474137,0.0,0.0
2021-11-12 00:00:00+07:00,23112.884765625,23631.35546875,23112.884765625,23576.78125,22916.48046875,3441080,0.0,0.0
2021-11-15 00:00:00+07:00,23658.64453125,23740.5078125,22921.869140625,23358.4765625,22704.2890625,2791159,0.0,0.0
2021-11-16 00:00:00+07:00,23303.900390625,23522.205078125,23167.4609375,23358.4765625,22704.2890625,2321355,0.0,0.0
2021-11-17 00:00:00+07:00,23276.61328125,23904.236328125,23167.4609375,23795.083984375,23128.66796875,4479634,0.0,0.0
2021-11-18 00:00:00+07:00,24013.38671875,24504.5703125,23685.931640625,24286.267578125,23606.095703125,6432878,0.0,0.0
2021-11-19 00:00:00+07:00,24313.5546875,25132.193359375,22921.869140625,24231.69140625,23553.046875,7430205,0.0,0.0
2021-11-22 00:00:00+07:00,24231.69140625,25214.056640625,24013.38671875,24859.314453125,24163.09375,9056931,0.0,0.0
2021-11-23 00:00:00+07:00,24832.025390625,24832.025390625,24122.5390625,24395.41796875,23712.1875,3288998,0.0,0.0
2021-11-24 00:00:00+07:00,24531.857421875,25159.48046875,24340.84375,25132.193359375,24428.330078125,7563047,0.0,0.0
2021-11-25 00:00:00+07:00,25323.208984375,25323.208984375,24722.873046875,24750.162109375,24056.998046875,4923053,0.0,0.0
2021-11-26 00:00:00+07:00,25159.48046875,25214.056640625,24013.38671875,24804.73828125,24110.044921875,7571293,0.0,0.0
2021-11-29 00:00:00+07:00,24286.267578125,24559.146484375,24067.962890625,24286.267578125,23606.095703125,5974250,0.0,0.0
2021-11-30 00:00:00+07:00,24504.5703125,24913.888671875,23795.083984375,24231.69140625,23553.046875,4657918,0.0,0.0
2021-12-01 00:00:00+07:00,24231.69140625,24395.41796875,23849.66015625,24177.115234375,23500.0,3216988,0.0,0.0
2021-12-02 00:00:00+07:00,24149.828125,24777.44921875,24013.38671875,24122.5390625,23446.953125,2505319,0.0,0.0
2021-12-03 00:00:00+07:00,24286.267578125,24286.267578125,22921.869140625,22921.869140625,22279.908203125,4029435,0.0,0.0
2021-12-06 00:00:00+07:00,23467.62890625,23467.62890625,22730.853515625,22894.58203125,22253.38671875,5236928,0.0,0.0
2021-12-07 00:00:00+07:00,22949.158203125,23876.947265625,22949.158203125,23795.083984375,23128.66796875,3029726,0.0,0.0
2021-12-08 00:00:00+07:00,23849.66015625,24177.115234375,23713.220703125,24013.38671875,23340.857421875,2097996,0.0,0.0
2021-12-09 00:00:00+07:00,23986.099609375,24095.251953125,23767.796875,24013.38671875,23340.857421875,1795115,0.0,0.0
2021-12-10 00:00:00+07:00,24177.115234375,24668.298828125,24177.115234375,24340.84375,23659.142578125,3782989,0.0,0.0
2021-12-13 00:00:00+07:00,24832.025390625,24995.75390625,24613.72265625,24832.025390625,24136.5703125,4539551,0.0,0.0
2021-12-14 00:00:00+07:00,24941.177734375,24941.177734375,24668.298828125,24722.873046875,24030.47265625,3135084,0.0,0.0
2021-12-15 00:00:00+07:00,24668.298828125,24832.025390625,24422.70703125,24504.5703125,23818.283203125,2614158,0.0,0.0
2021-12-16 00:00:00+07:00,24559.146484375,24559.146484375,24013.38671875,24504.5703125,23818.283203125,3068205,0.0,0.0
2021-12-17 00:00:00+07:00,24504.5703125,24832.025390625,24067.962890625,24504.5703125,23818.283203125,3392890,0.0,0.0
2021-12-20 00:00:00+07:00,24449.994140625,24531.857421875,24286.267578125,24340.84375,23659.142578125,2252460,0.0,0.0
2021-12-21 00:00:00+07:00,24286.267578125,24368.130859375,23904.236328125,23904.236328125,23234.765625,5107934,0.0,0.0
2021-12-22 00:00:00+07:00,24013.38671875,24149.828125,23440.33984375,23631.35546875,22969.525390625,5181409,0.0,0.0
2021-12-23 00:00:00+07:00,23886.978515625,23955.619140625,23131.9296875,23681.0546875,23152.330078125,3378168,137.28148,1.257712
2021-12-24 00:00:00+07:00,23681.0546875,24298.822265625,23681.0546875,24024.259765625,23487.873046875,2221712,0.0,0.0
2021-12-27 00:00:00+07:00,24161.541015625,24367.462890625,24024.259765625,24230.181640625,23689.197265625,1751292,0.0,0.0
2021-12-28 00:00:00+07:00,24367.462890625,24367.462890625,23955.619140625,24161.541015625,23622.08984375,1981184,0.0,0.0
2021-12-29 00:00:00+07:00,24401.783203125,24401.783203125,24092.900390625,24161.541015625,23622.08984375,2304170,0.0,0.0
2021-12-30 00:00:00+07:00,24298.822265625,24504.744140625,24161.541015625,24298.822265625,23756.3046875,1437921,0.0,0.0
2021-12-31 00:00:00+07:00,24436.103515625,25877.55859375,24367.462890625,25465.71484375,24897.14453125,7075972,0.0,0.0
2022-01-03 00:00:00+07:00,25465.71484375,25465.71484375,25465.71484375,25465.71484375,24897.14453125,0,0.0,0.0
2022-01-04 00:00:00+07:00,25808.91796875,26083.48046875,25568.67578125,25671.63671875,25098.46875,2577478,0.0,0.0
2022-01-05 00:00:00+07:00,26014.83984375,26014.83984375,25328.43359375,25431.39453125,24863.591796875,2800377,0.0,0.0
2022-01-06 00:00:00+07:00,25053.87109375,26632.607421875,24882.267578125,26083.48046875,25501.119140625,8739416,0.0,0.0
2022-01-07 00:00:00+07:00,26529.646484375,27078.771484375,25843.23828125,26907.169921875,26306.41796875,6363130,0.0,0.0
2022-01-10 00:00:00+07:00,26907.169921875,27662.21875,26632.607421875,26666.927734375,26071.5390625,4633691,0.0,0.0
2022-01-11 00:00:00+07:00,26632.607421875,27387.65625,26289.404296875,27044.451171875,26440.634765625,6230264,0.0,0.0
2022-01-12 00:00:00+07:00,27044.451171875,28932.072265625,27044.451171875,28932.072265625,28286.111328125,11696115,0.0,0.0
2022-01-13 00:00:00+07:00,29172.314453125,30956.974609375,29172.314453125,30201.92578125,29527.611328125,14080267,0.0,0.0
2022-01-14 00:00:00+07:00,29721.44140625,30956.974609375,29721.44140625,30373.52734375,29695.3828125,4757233,0.0,0.0
2022-01-17 00:00:00+07:00,30201.92578125,32261.1484375,29927.36328125,29961.68359375,29292.732421875,11277704,0.0,0.0
2022-01-18 00:00:00+07:00,29790.08203125,31197.216796875,29790.08203125,30819.69140625,30131.583984375,7064609,0.0,0.0
2022-01-19 00:00:00+07:00,30922.654296875,31437.458984375,29893.04296875,29961.68359375,29292.732421875,4330955,0.0,0.0
2022-01-20 00:00:00+07:00,29584.158203125,32055.2265625,29000.712890625,32055.2265625,31339.53515625,8213635,0.0,0.0
2022-01-21 00:00:00+07:00,32295.46875,33496.6796875,31917.943359375,32501.390625,31775.736328125,6657853,0.0,0.0
2022-01-24 00:00:00+07:00,32192.5078125,33290.7578125,32158.1875,32192.5078125,31473.75,6067970,0.0,0.0
2022-01-25 00:00:00+07:00,31780.662109375,33633.9609375,31506.099609375,33633.9609375,32883.0234375,6851907,0.0,0.0
2022-01-26 00:00:00+07:00,33977.16796875,34286.05078125,33016.1953125,33016.1953125,32279.046875,5904510,0.0,0.0
2022-01-27 00:00:00+07:00,32947.5546875,33290.7578125,32535.7109375,32672.9921875,31943.5078125,2798775,0.0,0.0
2022-01-28 00:00:00+07:00,32672.9921875,33633.9609375,32467.0703125,32913.234375,32178.38671875,4307791,0.0,0.0
2022-01-31 00:00:00+07:00,32913.234375,32913.234375,32913.234375,32913.234375,32178.38671875,0,0.0,0.0
2022-02-01 00:00:00+07:00,32913.234375,32913.234375,32913.234375,32913.234375,32178.38671875,0,0.0,0.0
2022-02-02 00:00:00+07:00,32913.234375,32913.234375,32913.234375,32913.234375,32178.38671875,0,0.0,0.0
2022-02-03 00:00:00+07:00,32913.234375,32913.234375,32913.234375,32913.234375,32178.38671875,0,0.0,0.0
2022-02-04 00:00:00+07:00,32913.234375,32913.234375,32913.234375,32913.234375,32178.38671875,0,0.0,0.0
2022-02-07 00:00:00+07:00,33222.1171875,33359.3984375,32398.4296875,32535.7109375,31809.291015625,5065796,0.0,0.0
2022-02-08 00:00:00+07:00,32535.7109375,33222.1171875,31917.943359375,32501.390625,31775.736328125,3893606,0.0,0.0
2022-02-09 00:00:00+07:00,32467.0703125,33565.3203125,32261.1484375,33222.1171875,32480.373046875,6646198,0.0,0.0
2022-02-10 00:00:00+07:00,33359.3984375,33565.3203125,32947.5546875,33222.1171875,32480.373046875,3993983,0.0,0.0
2022-02-11 00:00:00+07:00,33084.8359375,33290.7578125,32810.2734375,32878.9140625,32144.83203125,2500118,0.0,0.0
2022-02-14 00:00:00+07:00,32398.4296875,32672.9921875,30716.73046875,30716.73046875,30030.923828125,10385960,0.0,0.0
2022-02-15 00:00:00+07:00,30716.73046875,30716.73046875,30716.73046875,30716.73046875,30030.923828125,0,0.0,0.0
2022-02-16 00:00:00+07:00,31643.380859375,31643.380859375,30682.41015625,30991.294921875,30299.357421875,4073091,0.0,0.0
2022-02-17 00:00:00+07:00,31368.818359375,31574.740234375,30682.41015625,31574.740234375,30869.77734375,2608072,0.0,0.0
2022-02-18 00:00:00+07:00,31197.216796875,31609.060546875,30682.41015625,30682.41015625,29997.369140625,4363880,0.0,0.0
2022-02-21 00:00:00+07:00,30751.05078125,31197.216796875,29996.00390625,31059.935546875,30366.46484375,4308228,0.0,0.0
2022-02-22 00:00:00+07:00,30819.69140625,31574.740234375,30682.41015625,31574.740234375,30869.77734375,3336648,0.0,0.0
2022-02-23 00:00:00+07:00,31917.943359375,32192.5078125,31231.537109375,31300.177734375,30601.34375,4303566,0.0,0.0
2022-02-24 00:00:00+07:00,31094.255859375,31265.857421875,29927.36328125,30613.76953125,29930.259765625,4932784,0.0,0.0
2022-02-25 00:00:00+07:00,30613.76953125,31300.177734375,30545.12890625,30579.44921875,29896.70703125,3419980,0.0,0.0
2022-02-28 00:00:00+07:00,30407.84765625,30579.44921875,29996.00390625,29996.00390625,29326.287109375,3932067,0.0,0.0
2022-03-01 00:00:00+07:00,30030.32421875,30888.333984375,29927.36328125,30270.56640625,29594.71875,3490055,0.0,0.0
2022-03-02 00:00:00+07:00,29996.00390625,30201.92578125,29069.353515625,29137.994140625,28487.43359375,4501845,0.0,0.0
2022-03-03 00:00:00+07:00,29069.353515625,29652.798828125,28829.111328125,29378.236328125,28722.3125,3603836,0.0,0.0
2022-03-04 00:00:00+07:00,29378.236328125,29858.72265625,29172.314453125,29721.44140625,29057.85546875,2419554,0.0,0.0
2022-03-07 00:00:00+07:00,29378.236328125,29378.236328125,28932.072265625,29000.712890625,28353.21875,3301392,0.0,0.0
2022-03-08 00:00:00+07:00,28691.830078125,29206.634765625,28417.265625,28554.548828125,27917.015625,3767150,0.0,0.0
2022-03-09 00:00:00+07:00,28554.548828125,28760.470703125,27799.5,27799.5,27178.82421875,2871035,0.0,0.0
2022-03-10 00:00:00+07:00,28485.90625,28829.111328125,28108.3828125,28108.3828125,27480.8125,2277219,0.0,0.0
2022-03-11 00:00:00+07:00,28108.3828125,28726.150390625,28108.3828125,28726.150390625,28084.787109375,2151054,0.0,0.0
2022-03-14 00:00:00+07:00,28726.150390625,28966.392578125,28348.625,28348.625,27715.689453125,1948259,0.0,0.0
2022-03-15 00:00:00+07:00,28348.625,28966.392578125,28142.703125,28897.751953125,28252.556640625,2207581,0.0,0.0
2022-03-16 00:00:00+07:00,29035.033203125,29035.033203125,28485.90625,28554.548828125,27917.015625,1939664,0.0,0.0
2022-03-17 00:00:00+07:00,28966.392578125,30373.52734375,28142.703125,29858.72265625,29192.072265625,8478783,0.0,0.0
2022-03-18 00:00:00+07:00,29996.00390625,30613.76953125,29858.72265625,30133.28515625,29460.50390625,4059688,0.0,0.0
2022-03-21 00:00:00+07:00,30133.28515625,30270.56640625,29721.44140625,30064.64453125,29393.396484375,1863324,0.0,0.0
2022-03-22 00:00:00+07:00,30064.64453125,30167.60546875,29652.798828125,29858.72265625,29192.072265625,4115631,0.0,0.0
2022-03-23 00:00:00+07:00,29824.40234375,30476.48828125,29618.478515625,29790.08203125,29124.962890625,2907748,0.0,0.0
2022-03-24 00:00:00+07:00,29790.08203125,29824.40234375,29515.517578125,29584.158203125,28923.638671875,1874979,0.0,0.0
2022-03-25 00:00:00+07:00,29618.478515625,30098.96484375,29240.955078125,29824.40234375,29158.517578125,2868558,0.0,0.0
2022-03-28 00:00:00+07:00,29515.517578125,29824.40234375,28451.5859375,28554.548828125,27917.015625,5803987,0.0,0.0
2022-03-29 00:00:00+07:00,28623.189453125,29172.314453125,28485.90625,29103.673828125,28453.880859375,2525905,0.0,0.0
2022-03-30 00:00:00+07:00,28897.751953125,30888.333984375,28623.189453125,29893.04296875,29225.626953125,5117660,0.0,0.0
2022-03-31 00:00:00+07:00,30030.32421875,30167.60546875,29790.08203125,29858.72265625,29192.072265625,2103706,0.0,0.0
2022-04-01 00:00:00+07:00,29858.72265625,30545.12890625,29790.08203125,30442.16796875,29762.490234375,4612275,0.0,0.0
2022-04-04 00:00:00+07:00,30854.01171875,30854.01171875,30373.52734375,30373.52734375,29695.3828125,3033038,0.0,0.0
2022-04-05 00:00:00+07:00,29858.72265625,30064.64453125,29618.478515625,29721.44140625,29057.85546875,4232180,0.0,0.0
2022-04-06 00:00:00+07:00,29515.517578125,30064.64453125,29275.275390625,29858.72265625,29192.072265625,4724016,0.0,0.0
2022-04-07 00:00:00+07:00,29858.72265625,30442.16796875,29549.837890625,29549.837890625,28890.083984375,4593190,0.0,0.0
2022-04-08 00:00:00+07:00,29515.517578125,29652.798828125,28691.830078125,28760.470703125,28118.341796875,4583429,0.0,0.0
2022-04-11 00:00:00+07:00,28760.470703125,28760.470703125,28760.470703125,28760.470703125,28118.341796875,0,0.0,0.0
2022-04-12 00:00:00+07:00,29035.033203125,29035.033203125,27765.1796875,27765.1796875,27145.271484375,4643743,0.0,0.0
2022-04-13 00:00:00+07:00,27799.5,28417.265625,27524.9375,28074.0625,27447.2578125,2908039,0.0,0.0
2022-04-14 00:00:00+07:00,28417.265625,28417.265625,27799.5,27799.5,27178.82421875,2754777,0.0,0.0
2022-04-15 00:00:00+07:00,27868.140625,28279.984375,26769.888671875,26975.810546875,26373.525390625,3654826,0.0,0.0
2022-04-18 00:00:00+07:00,27147.412109375,27250.373046875,25946.19921875,26049.16015625,25467.564453125,4109221,0.0,0.0
2022-04-19 00:00:00+07:00,26323.724609375,26907.169921875,25740.27734375,26049.16015625,25467.564453125,3383559,0.0,0.0
2022-04-20 00:00:00+07:00,26049.16015625,26632.607421875,25980.51953125,26049.16015625,25467.564453125,2124540,0.0,0.0
2022-04-21 00:00:00+07:00,26014.83984375,26598.287109375,25843.23828125,26426.685546875,25836.662109375,3050812,0.0,0.0
2022-04-22 00:00:00+07:00,26495.326171875,26838.529296875,26083.48046875,26426.685546875,25836.662109375,3829941,0.0,0.0
2022-04-25 00:00:00+07:00,26426.685546875,26495.326171875,24607.705078125,24607.705078125,24058.29296875,4291037,0.0,0.0
2022-04-26 00:00:00+07:00,24127.220703125,25568.67578125,24127.220703125,25328.43359375,24762.9296875,2706555,0.0,0.0
2022-04-27 00:00:00+07:00,25397.07421875,25740.27734375,25019.548828125,25534.35546875,24964.25390625,1089877,0.0,0.0
2022-04-28 00:00:00+07:00,25534.35546875,25534.35546875,25191.15234375,25191.15234375,24628.712890625,1420293,0.0,0.0
2022-04-29 00:00:00+07:00,25294.11328125,25911.87890625,25259.79296875,25568.67578125,24997.80859375,2212388,0.0,0.0
2022-05-02 00:00:00+07:00,25568.67578125,25568.67578125,25568.67578125,25568.67578125,24997.80859375,0,0.0,0.0
2022-05-03 00:00:00+07:00,25568.67578125,25568.67578125,25568.67578125,25568.67578125,24997.80859375,0,0.0,0.0
2022-05-04 00:00:00+07:00,25568.67578125,25877.55859375,25362.75390625,25568.67578125,24997.80859375,2274159,0.0,0.0
2022-05-05 00:00:00+07:00,25808.91796875,26220.763671875,25397.07421875,26220.763671875,25635.3359375,2900027,0.0,0.0
2022-05-06 00:00:00+07:00,25637.31640625,25980.51953125,25397.07421875,25397.07421875,24830.037109375,2301257,0.0,0.0
2022-05-09 00:00:00+07:00,25122.51171875,25328.43359375,23646.734375,23646.734375,23118.77734375,3517007,0.0,0.0
2022-05-10 00:00:00+07:00,23406.4921875,24642.025390625,22994.6484375,24573.384765625,24024.73828125,2516872,0.0,0.0
2022-05-11 00:00:00+07:00,24539.064453125,24779.306640625,24058.580078125,24779.306640625,24226.064453125,1257125,0.0,0.0
2022-05-12 00:00:00+07:00,24298.822265625,24573.384765625,23063.2890625,23063.2890625,22548.359375,2196800,0.0,0.0
2022-05-13 00:00:00+07:00,23200.5703125,23337.8515625,21827.755859375,21827.755859375,21340.41015625,3429304,0.0,0.0
2022-05-16 00:00:00+07:00,22788.7265625,22823.046875,22102.318359375,22102.318359375,21608.84375,1865801,0.0,0.0
2022-05-17 00:00:00+07:00,22308.240234375,23646.734375,21999.357421875,23646.734375,23118.77734375,1627022,0.0,0.0
2022-05-18 00:00:00+07:00,23955.619140625,24367.462890625,23475.1328125,23955.619140625,23420.765625,1877602,0.0,0.0
2022-05-19 00:00:00+07:00,23337.8515625,24024.259765625,23269.2109375,23784.015625,23252.994140625,1304036,0.0,0.0
2022-05-20 00:00:00+07:00,23612.4140625,23955.619140625,23543.7734375,23681.0546875,23152.330078125,1643484,0.0,0.0
2022-05-23 00:00:00+07:00,23612.4140625,23818.3359375,22651.443359375,22891.6875,22380.587890625,1460939,0.0,0.0
2022-05-24 00:00:00+07:00,23131.9296875,23234.890625,22720.0859375,23166.25,22649.01953125,1118869,0.0,0.0
2022-05-25 00:00:00+07:00,23337.8515625,24092.900390625,23337.8515625,23955.619140625,23420.765625,1554179,0.0,0.0
2022-05-26 00:00:00+07:00,24436.103515625,24539.064453125,24024.259765625,24092.900390625,23554.982421875,1739637,0.0,0.0
2022-05-27 00:00:00+07:00,24092.900390625,24298.822265625,23955.619140625,24230.181640625,23689.197265625,1298062,0.0,0.0
2022-05-30 00:00:00+07:00,24367.462890625,24607.705078125,24161.541015625,24539.064453125,23991.18359375,1585210,0.0,0.0
2022-05-31 00:00:00+07:00,24367.462890625,24436.103515625,24024.259765625,24230.181640625,23689.197265625,1496633,0.0,0.0
2022-06-01 00:00:00+07:00,24092.900390625,24401.783203125,23989.939453125,24127.220703125,23588.537109375,1560443,0.0,0.0
2022-06-02 00:00:00+07:00,24127.220703125,24127.220703125,24127.220703125,24127.220703125,23588.537109375,0,0.0,0.0
2022-06-03 00:00:00+07:00,23818.3359375,23852.65625,23337.8515625,23578.09375,23051.669921875,831430,0.0,0.0
2022-06-06 00:00:00+07:00,23578.09375,23784.015625,23200.5703125,23475.1328125,22951.005859375,1338563,0.0,0.0
2022-06-07 00:00:00+07:00,23406.4921875,23475.1328125,22720.0859375,23063.2890625,22548.359375,1708169,0.0,0.0
2022-06-08 00:00:00+07:00,23131.9296875,23886.978515625,23097.609375,23543.7734375,23018.115234375,1431948,0.0,0.0
2022-06-09 00:00:00+07:00,23578.09375,23852.65625,23406.4921875,23681.0546875,23152.330078125,574585,0.0,0.0
2022-06-10 00:00:00+07:00,23372.171875,23543.7734375,23200.5703125,23200.5703125,22682.57421875,1145092,0.0,0.0
2022-06-13 00:00:00+07:00,22685.763671875,22891.6875,21930.716796875,21930.716796875,21441.07421875,2107931,0.0,0.0
2022-06-14 00:00:00+07:00,21896.396484375,22514.162109375,21347.26953125,22170.958984375,21675.951171875,1717493,0.0,0.0
2022-06-15 00:00:00+07:00,21965.037109375,22308.240234375,21278.62890625,21965.037109375,21474.626953125,1990217,0.0,0.0
2022-06-16 00:00:00+07:00,21965.037109375,22514.162109375,21965.037109375,22170.958984375,21675.951171875,1884449,0.0,0.0
2022-06-17 00:00:00+07:00,21930.716796875,21930.716796875,21415.91015625,21690.474609375,21206.193359375,1775476,0.0,0.0
2022-06-20 00:00:00+07:00,21759.115234375,21827.755859375,20249.017578125,20249.017578125,19796.921875,1416942,0.0,0.0
2022-06-21 00:00:00+07:00,19974.455078125,21038.38671875,19871.494140625,20798.14453125,20333.7890625,2044995,0.0,0.0
2022-06-22 00:00:00+07:00,20798.14453125,21690.474609375,20454.94140625,20935.42578125,20468.00390625,2232930,0.0,0.0
2022-06-23 00:00:00+07:00,20935.42578125,21278.62890625,20626.54296875,21278.62890625,20803.544921875,615232,0.0,0.0
2022-06-24 00:00:00+07:00,21415.91015625,22136.638671875,21347.26953125,21415.91015625,20937.759765625,1935002,0.0,0.0
2022-06-27 00:00:00+07:00,21484.55078125,21827.755859375,21381.58984375,21793.435546875,21306.857421875,1203804,0.0,0.0
2022-06-28 00:00:00+07:00,21690.474609375,23303.53125,21690.474609375,23097.609375,22581.912109375,3514967,0.0,0.0
2022-06-29 00:00:00+07:00,22651.443359375,23955.619140625,22651.443359375,23955.619140625,23420.765625,3412259,0.0,0.0
2022-06-30 00:00:00+07:00,24024.259765625,24024.259765625,22994.6484375,22994.6484375,22481.25,2182960,0.0,0.0
2022-07-01 00:00:00+07:00,22582.802734375,24504.744140625,22033.677734375,24058.580078125,23521.427734375,5129169,0.0,0.0
2022-07-04 00:00:00+07:00,24367.462890625,24539.064453125,23955.619140625,24058.580078125,23521.427734375,2662413,0.0,0.0
2022-07-05 00:00:00+07:00,24058.580078125,25740.27734375,24024.259765625,24916.587890625,24360.279296875,7187422,0.0,0.0
2022-07-06 00:00:00+07:00,24573.384765625,25328.43359375,24367.462890625,24436.103515625,23890.5234375,3979560,0.0,0.0
2022-07-07 00:00:00+07:00,24298.822265625,25156.83203125,23543.7734375,24916.587890625,24360.279296875,4115194,0.0,0.0
2022-07-08 00:00:00+07:00,24985.228515625,25019.548828125,24024.259765625,24024.259765625,23487.873046875,2883710,0.0,0.0
2022-07-11 00:00:00+07:00,23955.619140625,24127.220703125,22651.443359375,23681.0546875,23152.330078125,2998947,0.0,0.0
2022-07-12 00:00:00+07:00,23681.0546875,23681.0546875,23681.0546875,23681.0546875,23152.330078125,0,0.0,0.0
2022-07-13 00:00:00+07:00,24847.947265625,25534.35546875,24573.384765625,24744.986328125,24192.509765625,3871024,0.0,0.0
2022-07-14 00:00:00+07:00,24573.384765625,25328.43359375,24539.064453125,24813.626953125,24259.615234375,2191409,0.0,0.0
2022-07-15 00:00:00+07:00,24779.306640625,25225.47265625,24573.384765625,24573.384765625,24024.73828125,2021102,0.0,0.0
2022-07-18 00:00:00+07:00,24710.666015625,24710.666015625,24298.822265625,24367.462890625,23823.4140625,2474332,0.0,0.0
2022-07-19 00:00:00+07:00,24367.462890625,24607.705078125,24024.259765625,24470.423828125,23924.076171875,1423207,0.0,0.0
2022-07-20 00:00:00+07:00,24847.947265625,25328.43359375,24676.345703125,24985.228515625,24427.38671875,2313203,0.0,0.0
2022-07-21 00:00:00+07:00,24847.947265625,25294.11328125,24847.947265625,25053.87109375,24494.498046875,2213117,0.0,0.0
2022-07-22 00:00:00+07:00,25328.43359375,25328.43359375,24367.462890625,24367.462890625,23823.4140625,1817288,0.0,0.0
2022-07-25 00:00:00+07:00,24367.462890625,24642.025390625,23886.978515625,24298.822265625,23756.3046875,1743570,0.0,0.0
2022-07-26 00:00:00+07:00,24573.384765625,24710.666015625,24367.462890625,24401.783203125,23856.96875,1290487,0.0,0.0
2022-07-27 00:00:00+07:00,24401.783203125,24470.423828125,24024.259765625,24401.783203125,23856.96875,1056515,0.0,0.0
2022-07-28 00:00:00+07:00,24710.666015625,25294.11328125,24504.744140625,25053.87109375,24494.498046875,2986273,0.0,0.0
2022-07-29 00:00:00+07:00,25191.15234375,26014.83984375,25156.83203125,25602.99609375,25031.36328125,6081956,0.0,0.0
2022-08-01 00:00:00+07:00,25671.63671875,26769.888671875,25602.99609375,26769.888671875,26172.203125,4905832,0.0,0.0
2022-08-02 00:00:00+07:00,26495.326171875,26769.888671875,26220.763671875,26426.685546875,25836.662109375,2843500,0.0,0.0
2022-08-03 00:00:00+07:00,26049.16015625,26975.810546875,26014.83984375,26975.810546875,26373.525390625,3126714,0.0,0.0
2022-08-04 00:00:00+07:00,26975.810546875,27216.052734375,26426.685546875,26975.810546875,26373.525390625,3528079,0.0,0.0
2022-08-05 00:00:00+07:00,26907.169921875,26907.169921875,26426.685546875,26769.888671875,26172.203125,1499692,0.0,0.0
2022-08-08 00:00:00+07:00,26769.888671875,26941.490234375,26563.966796875,26632.607421875,26037.984375,1439232,0.0,0.0
2022-08-09 00:00:00+07:00,26632.607421875,26907.169921875,26495.326171875,26529.646484375,25937.322265625,2283920,0.0,0.0
2022-08-10 00:00:00+07:00,26426.685546875,26632.607421875,26358.044921875,26358.044921875,25769.552734375,1437921,0.0,0.0
2022-08-11 00:00:00+07:00,26769.888671875,26975.810546875,26220.763671875,26289.404296875,25702.443359375,2533626,0.0,0.0
2022-08-12 00:00:00+07:00,26289.404296875,26907.169921875,26186.44140625,26907.169921875,26306.41796875,2387794,0.0,0.0
2022-08-15 00:00:00+07:00,26975.810546875,28245.6640625,26975.810546875,28142.703125,27514.365234375,5495570,0.0,0.0
2022-08-16 00:00:00+07:00,28108.3828125,28211.34375,27799.5,27799.5,27178.82421875,1429763,0.0,0.0
2022-08-17 00:00:00+07:00,27799.5,27868.140625,27456.296875,27456.296875,26843.283203125,2032175,0.0,0.0
2022-08-18 00:00:00+07:00,27250.373046875,27524.9375,27181.732421875,27181.732421875,26574.849609375,2157465,0.0,0.0
2022-08-19 00:00:00+07:00,27147.412109375,27456.296875,26907.169921875,27010.130859375,26407.080078125,2115070,0.0,0.0
2022-08-22 00:00:00+07:00,27010.130859375,27010.130859375,26323.724609375,26392.365234375,25803.107421875,2566697,0.0,0.0
2022-08-23 00:00:00+07:00,26323.724609375,27113.091796875,26220.763671875,27113.091796875,26507.7421875,2524011,0.0,0.0
2022-08-24 00:00:00+07:00,27250.373046875,27319.013671875,26735.568359375,26975.810546875,26373.525390625,1412863,0.0,0.0
2022-08-25 00:00:00+07:00,26769.888671875,27113.091796875,26735.568359375,26975.810546875,26373.525390625,1853272,0.0,0.0
2022-08-26 00:00:00+07:00,26975.810546875,27559.2578125,26975.810546875,27044.451171875,26440.634765625,2922754,0.0,0.0
2022-08-29 00:00:00+07:00,26495.326171875,26975.810546875,26186.44140625,26769.888671875,26172.203125,1960060,0.0,0.0
2022-08-30 00:00:00+07:00,26804.208984375,27765.1796875,26769.888671875,27319.013671875,26709.06640625,3394048,0.0,0.0
2022-08-31 00:00:00+07:00,27319.013671875,27593.578125,27181.732421875,27456.296875,26843.283203125,2363173,0.0,0.0
2022-09-01 00:00:00+07:00,27456.296875,27456.296875,27456.296875,27456.296875,26843.283203125,0,0.0,0.0
2022-09-02 00:00:00+07:00,27456.296875,27456.296875,27456.296875,27456.296875,26843.283203125,0,0.0,0.0
2022-09-05 00:00:00+07:00,27456.296875,27490.6171875,26941.490234375,27113.091796875,26507.7421875,1171024,0.0,0.0
2022-09-06 00:00:00+07:00,27113.091796875,27833.8203125,27078.771484375,27490.6171875,26876.837890625,2592629,0.0,0.0
2022-09-07 00:00:00+07:00,27387.65625,27387.65625,25946.19921875,25946.19921875,25366.90234375,4388064,0.0,0.0
2022-09-08 00:00:00+07:00,26014.83984375,26323.724609375,25122.51171875,25191.15234375,24628.712890625,3191107,0.0,0.0
2022-09-09 00:00:00+07:00,25191.15234375,25465.71484375,24813.626953125,25397.07421875,24830.037109375,1618572,0.0,0.0
2022-09-12 00:00:00+07:00,25397.07421875,25740.27734375,25259.79296875,25328.43359375,24762.9296875,1366244,0.0,0.0
2022-09-13 00:00:00+07:00,25328.43359375,25568.67578125,25156.83203125,25259.79296875,24695.822265625,1224054,0.0,0.0
2022-09-14 00:00:00+07:00,24710.666015625,25053.87109375,24676.345703125,25053.87109375,24494.498046875,1359396,0.0,0.0
2022-09-15 00:00:00+07:00,25053.87109375,25259.79296875,24470.423828125,24539.064453125,23991.18359375,2834468,0.0,0.0
2022-09-16 00:00:00+07:00,24710.666015625,24847.947265625,24367.462890625,24367.462890625,23823.4140625,1420293,0.0,0.0
2022-09-19 00:00:00+07:00,24333.142578125,24333.142578125,23406.4921875,23475.1328125,22951.005859375,1858954,0.0,0.0
2022-09-20 00:00:00+07:00,23543.7734375,24195.861328125,23543.7734375,24127.220703125,23588.537109375,1626730,0.0,0.0
2022-09-21 00:00:00+07:00,23886.978515625,24092.900390625,23852.65625,23852.65625,23320.1015625,721728,0.0,0.0
2022-09-22 00:00:00+07:00,23715.375,24230.181640625,23646.734375,24127.220703125,23588.537109375,1423790,0.0,0.0
2022-09-23 00:00:00+07:00,24436.103515625,24436.103515625,23681.0546875,23852.65625,23320.1015625,1144218,0.0,0.0
2022-09-26 00:00:00+07:00,23406.4921875,23509.453125,22239.599609375,22926.0078125,22414.142578125,2937614,0.0,0.0
2022-09-27 00:00:00+07:00,22994.6484375,23372.171875,22651.443359375,23131.9296875,22615.466796875,884751,0.0,0.0
2022-09-28 00:00:00+07:00,23131.9296875,23269.2109375,22891.6875,22994.6484375,22481.25,1133291,0.0,0.0
2022-09-29 00:00:00+07:00,23337.8515625,23406.4921875,22960.328125,22994.6484375,22481.25,1457006,0.0,0.0
2022-09-30 00:00:00+07:00,22514.162109375,23269.2109375,22170.958984375,23269.2109375,22749.68359375,2648427,0.0,0.0
2022-10-03 00:00:00+07:00,22720.0859375,23063.2890625,21656.154296875,21656.154296875,21172.640625,2292224,0.0,0.0
2022-10-04 00:00:00+07:00,21965.037109375,21999.357421875,21209.98828125,21278.62890625,20803.544921875,1741531,0.0,0.0
2022-10-05 00:00:00+07:00,21827.755859375,21965.037109375,21484.55078125,21827.755859375,21340.41015625,751885,0.0,0.0
2022-10-06 00:00:00+07:00,21930.716796875,21930.716796875,21278.62890625,21278.62890625,20803.544921875,1334193,0.0,0.0
2022-10-07 00:00:00+07:00,20935.42578125,21004.06640625,19837.173828125,20043.095703125,19595.595703125,2500410,0.0,0.0
2022-10-10 00:00:00+07:00,19322.369140625,20901.10546875,19219.40625,20592.22265625,20132.462890625,1458026,0.0,0.0
2022-10-11 00:00:00+07:00,20592.22265625,20592.22265625,19562.611328125,19562.611328125,19125.83984375,1322683,0.0,0.0
2022-10-12 00:00:00+07:00,19905.814453125,20901.10546875,19699.892578125,20901.10546875,20434.44921875,2151200,0.0,0.0
2022-10-13 00:00:00+07:00,20969.74609375,22273.919921875,20901.10546875,22273.919921875,21776.61328125,2059564,0.0,0.0
2022-10-14 00:00:00+07:00,22651.443359375,22788.7265625,22376.880859375,22651.443359375,22145.70703125,2506965,0.0,0.0
2022-10-17 00:00:00+07:00,22617.123046875,22617.123046875,21759.115234375,22445.521484375,21944.384765625,1587395,0.0,0.0
2022-10-18 00:00:00+07:00,22651.443359375,22960.328125,22445.521484375,22514.162109375,22011.4921875,1285533,0.0,0.0
2022-10-19 00:00:00+07:00,22514.162109375,22994.6484375,22239.599609375,22651.443359375,22145.70703125,1097453,0.0,0.0
2022-10-20 00:00:00+07:00,22376.880859375,23337.8515625,22308.240234375,22754.40625,22246.373046875,2150763,0.0,0.0
2022-10-21 00:00:00+07:00,22754.40625,22754.40625,22033.677734375,22376.880859375,21877.275390625,2414455,0.0,0.0
2022-10-24 00:00:00+07:00,22617.123046875,22617.123046875,20832.46484375,20832.46484375,20367.33984375,2002018,0.0,0.0
2022-10-25 00:00:00+07:00,20592.22265625,22273.919921875,20111.736328125,21484.55078125,21004.8671875,2133572,0.0,0.0
2022-10-26 00:00:00+07:00,21621.833984375,22308.240234375,21484.55078125,21759.115234375,21273.302734375,996492,0.0,0.0
2022-10-27 00:00:00+07:00,21827.755859375,23269.2109375,21827.755859375,23269.2109375,22749.68359375,2963983,0.0,0.0
2022-10-28 00:00:00+07:00,23543.7734375,23989.939453125,23200.5703125,23200.5703125,22682.57421875,3068440,0.0,0.0
2022-10-31 00:00:00+07:00,23200.5703125,23921.298828125,23131.9296875,23715.375,23185.884765625,3880202,0.0,0.0
2022-11-01 00:00:00+07:00,23749.6953125,24127.220703125,23337.8515625,23372.171875,22850.345703125,2353121,0.0,0.0
2022-11-02 00:00:00+07:00,23372.171875,23578.09375,23028.96875,23131.9296875,22615.466796875,1930631,0.0,0.0
2022-11-03 00:00:00+07:00,22754.40625,23200.5703125,22651.443359375,22651.443359375,22145.70703125,1639551,0.0,0.0
2022-11-04 00:00:00+07:00,22651.443359375,23097.609375,21656.154296875,22857.3671875,22347.033203125,3462375,0.0,0.0
2022-11-07 00:00:00+07:00,22514.162109375,23406.4921875,22514.162109375,22857.3671875,22347.033203125,2305045,0.0,0.0
2022-11-08 00:00:00+07:00,22651.443359375,24024.259765625,22651.443359375,23955.619140625,23420.765625,4485819,0.0,0.0
2022-11-09 00:00:00+07:00,24092.900390625,25259.79296875,24058.580078125,24813.626953125,24259.615234375,6558350,0.0,0.0
2022-11-10 00:00:00+07:00,24676.345703125,24676.345703125,23097.609375,23818.3359375,23286.546875,3641714,0.0,0.0
2022-11-11 00:00:00+07:00,24710.666015625,25053.87109375,24298.822265625,24710.666015625,24158.955078125,3154977,0.0,0.0
2022-11-14 00:00:00+07:00,24436.103515625,25328.43359375,23955.619140625,24642.025390625,24091.845703125,1932962,0.0,0.0
2022-11-15 00:00:00+07:00,24024.259765625,24539.064453125,22926.0078125,22926.0078125,22414.142578125,2751572,0.0,0.0
2022-11-16 00:00:00+07:00,21896.396484375,24504.744140625,21656.154296875,24504.744140625,23957.630859375,2335347,0.0,0.0
2022-11-17 00:00:00+07:00,24847.947265625,25053.87109375,24367.462890625,24470.423828125,23924.076171875,2173927,0.0,0.0
2022-11-18 00:00:00+07:00,24470.423828125,24744.986328125,23337.8515625,24676.345703125,24125.400390625,2015712,0.0,0.0
2022-11-21 00:00:00+07:00,25053.87109375,25053.87109375,24367.462890625,24367.462890625,23823.4140625,1872503,0.0,0.0
2022-11-22 00:00:00+07:00,23749.6953125,25225.47265625,23749.6953125,25019.548828125,24460.94140625,3072665,0.0,0.0
2022-11-23 00:00:00+07:00,24985.228515625,26083.48046875,24676.345703125,25671.63671875,25098.46875,3518610,0.0,0.0
2022-11-24 00:00:00+07:00,25534.35546875,26358.044921875,25259.79296875,26083.48046875,25501.119140625,2606760,0.0,0.0
2022-11-25 00:00:00+07:00,26358.044921875,27456.296875,26220.763671875,27456.296875,26843.283203125,3735973,0.0,0.0
2022-11-28 00:00:00+07:00,27456.296875,27868.140625,26769.888671875,27113.091796875,26507.7421875,3796287,0.0,0.0
2022-11-29 00:00:00+07:00,27113.091796875,28142.703125,26666.927734375,28142.703125,27514.365234375,3713829,0.0,0.0
2022-11-30 00:00:00+07:00,28142.703125,29035.033203125,27113.091796875,28211.34375,27581.47265625,2993703,0.0,0.0
2022-12-01 00:00:00+07:00,28211.34375,28485.90625,26769.888671875,26769.888671875,26172.203125,2819753,0.0,0.0
2022-12-02 00:00:00+07:00,26769.888671875,28348.625,26735.568359375,28279.984375,27648.580078125,2189661,0.0,0.0
2022-12-05 00:00:00+07:00,28417.265625,28829.111328125,27833.8203125,28314.3046875,27682.134765625,2426838,0.0,0.0
2022-12-06 00:00:00+07:00,28211.34375,28211.34375,26838.529296875,26838.529296875,26239.30859375,3894188,0.0,0.0
2022-12-07 00:00:00+07:00,27113.091796875,27113.091796875,26426.685546875,26769.888671875,26172.203125,2619289,0.0,0.0
2022-12-08 00:00:00+07:00,26907.169921875,28279.984375,26632.607421875,26769.888671875,26172.203125,3979415,0.0,0.0
2022-12-09 00:00:00+07:00,26701.248046875,27113.091796875,26289.404296875,26907.169921875,26306.41796875,2366087,0.0,0.0
2022-12-12 00:00:00+07:00,27044.451171875,27387.65625,26152.12109375,26152.12109375,25568.2265625,2889974,0.0,0.0
2022-12-13 00:00:00+07:00,26117.80078125,27113.091796875,26117.80078125,26563.966796875,25970.876953125,2485987,0.0,0.0
2022-12-14 00:00:00+07:00,27250.373046875,27250.373046875,26632.607421875,26632.607421875,26037.984375,960653,0.0,0.0
2022-12-15 00:00:00+07:00,26495.326171875,27353.333984375,26495.326171875,26769.888671875,26172.203125,2126871,0.0,0.0
2022-12-16 00:00:00+07:00,26529.646484375,27113.091796875,26529.646484375,26701.248046875,26105.09375,1457152,0.0,0.0
2022-12-19 00:00:00+07:00,26632.607421875,27799.5,26632.607421875,26632.607421875,26037.984375,2793384,0.0,0.0
2022-12-20 00:00:00+07:00,26632.607421875,26769.888671875,25740.27734375,26426.685546875,25836.662109375,2407753,0.0,0.0
2022-12-21 00:00:00+07:00,26666.927734375,27181.732421875,26392.365234375,26495.326171875,25903.76953125,2087390,0.0,0.0
2022-12-22 00:00:00+07:00,26666.927734375,27387.65625,26598.287109375,26769.888671875,26172.203125,1945928,0.0,0.0
2022-12-23 00:00:00+07:00,27113.091796875,27113.091796875,26769.888671875,26769.888671875,26172.203125,1006108,0.0,0.0
2022-12-26 00:00:00+07:00,26769.888671875,26838.529296875,26598.287109375,26632.607421875,26037.984375,1829380,0.0,0.0
2022-12-27 00:00:00+07:00,26632.607421875,27456.296875,26563.966796875,27456.296875,26843.283203125,2179463,0.0,0.0
2022-12-28 00:00:00+07:00,27524.9375,29103.673828125,27181.732421875,28760.470703125,28118.341796875,5379895,0.0,0.0
2022-12-29 00:00:00+07:00,28829.111328125,28897.751953125,27456.296875,27456.296875,26843.283203125,1843948,0.0,0.0
2022-12-30 00:00:00+07:00,27627.8984375,28485.90625,26495.326171875,26495.326171875,25903.76953125,3814352,0.0,0.0
2023-01-02 00:00:00+07:00,26495.326171875,26495.326171875,26495.326171875,26495.326171875,25903.76953125,0,0.0,0.0
2023-01-03 00:00:00+07:00,26975.810546875,28279.984375,26804.208984375,28279.984375,27648.580078125,2524593,0.0,0.0
2023-01-04 00:00:00+07:00,28279.984375,28966.392578125,27730.859375,28005.421875,27380.1484375,3016138,0.0,0.0
2023-01-05 00:00:00+07:00,28142.703125,28211.34375,27627.8984375,27971.1015625,27346.59375,1711957,0.0,0.0
2023-01-06 00:00:00+07:00,27971.1015625,29137.994140625,27868.140625,28588.869140625,27950.5703125,4954637,0.0,0.0
2023-01-09 00:00:00+07:00,28966.392578125,28966.392578125,28039.7421875,28142.703125,27514.365234375,1932380,0.0,0.0
2023-01-10 00:00:00+07:00,28554.548828125,28623.189453125,27971.1015625,28348.625,27715.689453125,1346139,0.0,0.0
2023-01-11 00:00:00+07:00,28554.548828125,28966.392578125,28074.0625,28314.3046875,27682.134765625,2230890,0.0,0.0
2023-01-12 00:00:00+07:00,28382.9453125,28794.791015625,28142.703125,28451.5859375,27816.3515625,1031748,0.0,0.0
2023-01-13 00:00:00+07:00,28554.548828125,28966.392578125,28554.548828125,28691.830078125,28051.232421875,2374683,0.0,0.0
2023-01-16 00:00:00+07:00,28829.111328125,30682.41015625,28794.791015625,30682.41015625,29997.369140625,6902460,0.0,0.0
2023-01-17 00:00:00+07:00,30888.333984375,31094.255859375,30613.76953125,30854.01171875,30165.138671875,2184125,0.0,0.0
2023-01-18 00:00:00+07:00,30819.69140625,31265.857421875,30751.05078125,30956.974609375,30265.802734375,2670280,0.0,0.0
2023-01-19 00:00:00+07:00,30956.974609375,31780.662109375,30854.01171875,31540.419921875,30836.22265625,2413726,0.0,0.0
2023-01-20 00:00:00+07:00,31540.419921875,31540.419921875,31540.419921875,31540.419921875,30836.22265625,0,0.0,0.0
2023-01-23 00:00:00+07:00,31540.419921875,31540.419921875,31540.419921875,31540.419921875,30836.22265625,0,0.0,0.0
2023-01-24 00:00:00+07:00,31540.419921875,31540.419921875,31540.419921875,31540.419921875,30836.22265625,0,0.0,0.0
2023-01-25 00:00:00+07:00,31540.419921875,31540.419921875,31540.419921875,31540.419921875,30836.22265625,0,0.0,0.0
2023-01-26 00:00:00+07:00,31540.419921875,31540.419921875,31540.419921875,31540.419921875,30836.22265625,0,0.0,0.0
2023-01-27 00:00:00+07:00,31917.943359375,31986.583984375,30545.12890625,30579.44921875,29896.70703125,2520077,0.0,0.0
2023-01-30 00:00:00+07:00,30201.92578125,30819.69140625,30201.92578125,30545.12890625,29863.15234375,1763238,0.0,0.0
2023-01-31 00:00:00+07:00,30373.52734375,30956.974609375,29893.04296875,30956.974609375,30265.802734375,2394350,0.0,0.0
2023-02-01 00:00:00+07:00,31128.576171875,31231.537109375,29240.955078125,29378.236328125,28722.3125,3657448,0.0,0.0
2023-02-02 00:00:00+07:00,29343.916015625,29927.36328125,28897.751953125,29618.478515625,28957.189453125,4173177,0.0,0.0
2023-02-03 00:00:00+07:00,29858.72265625,30064.64453125,29618.478515625,29755.76171875,29091.41015625,2007408,0.0,0.0
2023-02-06 00:00:00+07:00,29721.44140625,30888.333984375,29446.876953125,30888.333984375,30198.6953125,2545427,0.0,0.0
2023-02-07 00:00:00+07:00,30888.333984375,31128.576171875,29996.00390625,30064.64453125,29393.396484375,2284794,0.0,0.0
2023-02-08 00:00:00+07:00,30133.28515625,31059.935546875,30133.28515625,30545.12890625,29863.15234375,2617541,0.0,0.0
2023-02-09 00:00:00+07:00,30545.12890625,30888.333984375,30201.92578125,30201.92578125,29527.611328125,1726088,0.0,0.0
2023-02-10 00:00:00+07:00,30476.48828125,30579.44921875,29481.197265625,29481.197265625,28822.974609375,2036691,0.0,0.0
2023-02-13 00:00:00+07:00,29481.197265625,30476.48828125,29481.197265625,30476.48828125,29796.04296875,2315971,0.0,0.0
2023-02-14 00:00:00+07:00,30545.12890625,30545.12890625,29721.44140625,29790.08203125,29124.962890625,1930486,0.0,0.0
2023-02-15 00:00:00+07:00,29618.478515625,30510.80859375,29618.478515625,30201.92578125,29527.611328125,880818,0.0,0.0
2023-02-16 00:00:00+07:00,30682.41015625,30888.333984375,30201.92578125,30888.333984375,30198.6953125,1556072,0.0,0.0
2023-02-17 00:00:00+07:00,30888.333984375,31437.458984375,30854.01171875,31437.458984375,30735.55859375,2176112,0.0,0.0
2023-02-20 00:00:00+07:00,31437.458984375,32501.390625,31437.458984375,32398.4296875,31675.076171875,2197383,0.0,0.0
2023-02-21 00:00:00+07:00,32398.4296875,32467.0703125,31746.341796875,31746.341796875,31037.546875,1451907,0.0,0.0
2023-02-22 00:00:00+07:00,31471.779296875,31574.740234375,30888.333984375,30888.333984375,30198.6953125,1448265,0.0,0.0
2023-02-23 00:00:00+07:00,30854.01171875,31265.857421875,29996.00390625,31265.857421875,30567.7890625,1864636,0.0,0.0
2023-02-24 00:00:00+07:00,30922.654296875,31265.857421875,30476.48828125,30613.76953125,29930.259765625,725370,0.0,0.0
2023-02-27 00:00:00+07:00,30545.12890625,30545.12890625,29927.36328125,30373.52734375,29695.3828125,1368283,0.0,0.0
2023-02-28 00:00:00+07:00,30373.52734375,30613.76953125,30236.24609375,30270.56640625,29594.71875,375287,0.0,0.0
2023-03-01 00:00:00+07:00,30201.92578125,31334.498046875,30064.64453125,31334.498046875,30634.896484375,1079388,0.0,0.0
2023-03-02 00:00:00+07:00,31334.498046875,31917.943359375,31162.896484375,31849.302734375,31138.208984375,1422187,0.0,0.0
2023-03-03 00:00:00+07:00,31849.302734375,31917.943359375,31059.935546875,31506.099609375,30802.66796875,1071375,0.0,0.0
2023-03-06 00:00:00+07:00,31506.099609375,32261.1484375,31094.255859375,31437.458984375,30735.55859375,1260038,0.0,0.0
2023-03-07 00:00:00+07:00,31231.537109375,32329.7890625,31231.537109375,32192.5078125,31473.75,2381384,0.0,0.0
2023-03-08 00:00:00+07:00,31849.302734375,32947.5546875,31506.099609375,32947.5546875,32211.939453125,1791501,0.0,0.0
2023-03-09 00:00:00+07:00,32947.5546875,32947.5546875,32295.46875,32707.3125,31977.0625,1705401,0.0,0.0
2023-03-10 00:00:00+07:00,32570.03125,32570.03125,32226.828125,32364.109375,31641.521484375,1256105,0.0,0.0
2023-03-13 00:00:00+07:00,31986.583984375,32192.5078125,31746.341796875,31746.341796875,31037.546875,1360270,0.0,0.0
2023-03-14 00:00:00+07:00,31643.380859375,31814.982421875,30716.73046875,30922.654296875,30232.25,2104435,0.0,0.0
2023-03-15 00:00:00+07:00,31574.740234375,32535.7109375,31197.216796875,32123.8671875,31406.642578125,915491,0.0,0.0
2023-03-16 00:00:00+07:00,31609.060546875,32192.5078125,31609.060546875,31746.341796875,31037.546875,1275772,0.0,0.0
2023-03-17 00:00:00+07:00,32261.1484375,32261.1484375,31574.740234375,31780.662109375,31071.099609375,452646,0.0,0.0
2023-03-20 00:00:00+07:00,31574.740234375,31574.740234375,30888.333984375,31128.576171875,30433.572265625,853429,0.0,0.0
2023-03-21 00:00:00+07:00,31162.896484375,31403.138671875,30751.05078125,31128.576171875,30433.572265625,1080407,0.0,0.0
2023-03-22 00:00:00+07:00,31403.138671875,31712.021484375,31197.216796875,31643.380859375,30936.8828125,817007,0.0,0.0
2023-03-23 00:00:00+07:00,31094.255859375,31574.740234375,31094.255859375,31506.099609375,30802.66796875,604451,0.0,0.0
2023-03-24 00:00:00+07:00,31506.099609375,31780.662109375,31231.537109375,31265.857421875,30567.7890625,531171,0.0,0.0
2023-03-27 00:00:00+07:00,31265.857421875,31677.701171875,30888.333984375,31574.740234375,30869.77734375,979301,0.0,0.0
2023-03-28 00:00:00+07:00,31917.943359375,32123.8671875,31574.740234375,31574.740234375,30869.77734375,734257,0.0,0.0
2023-03-29 00:00:00+07:00,31574.740234375,31814.982421875,31265.857421875,31712.021484375,31003.9921875,441574,0.0,0.0
2023-03-30 00:00:00+07:00,31746.341796875,31986.583984375,31712.021484375,31712.021484375,31003.9921875,1019365,0.0,0.0
2023-03-31 00:00:00+07:00,31712.021484375,32261.1484375,31609.060546875,31712.021484375,31003.9921875,937781,0.0,0.0
2023-04-03 00:00:00+07:00,32020.904296875,32123.8671875,31437.458984375,31506.099609375,30802.66796875,1841034,0.0,0.0
2023-04-04 00:00:00+07:00,31506.099609375,31677.701171875,31368.818359375,31574.740234375,30869.77734375,1296023,0.0,0.0
2023-04-05 00:00:00+07:00,31574.740234375,31780.662109375,31094.255859375,31231.537109375,30534.236328125,1986866,0.0,0.0
2023-04-06 00:00:00+07:00,31231.537109375,31917.943359375,31094.255859375,31574.740234375,30869.77734375,2206706,0.0,0.0
2023-04-07 00:00:00+07:00,31403.138671875,31574.740234375,31231.537109375,31334.498046875,30634.896484375,1066276,0.0,0.0
2023-04-10 00:00:00+07:00,31437.458984375,31437.458984375,30682.41015625,30682.41015625,29997.369140625,2631236,0.0,0.0
2023-04-11 00:00:00+07:00,30510.80859375,30648.08984375,30304.88671875,30476.48828125,29796.04296875,1790627,0.0,0.0
2023-04-12 00:00:00+07:00,30545.12890625,30751.05078125,30339.20703125,30476.48828125,29796.04296875,1129795,0.0,0.0
2023-04-13 00:00:00+07:00,30476.48828125,30888.333984375,30476.48828125,30854.01171875,30165.138671875,1134894,0.0,0.0
2023-04-14 00:00:00+07:00,30888.333984375,30888.333984375,30510.80859375,30510.80859375,29829.59765625,901359,0.0,0.0
2023-04-17 00:00:00+07:00,30510.80859375,30956.974609375,30476.48828125,30888.333984375,30198.6953125,1043986,0.0,0.0
2023-04-18 00:00:00+07:00,30751.05078125,30888.333984375,30407.84765625,30613.76953125,29930.259765625,931953,0.0,0.0
2023-04-19 00:00:00+07:00,30716.73046875,30716.73046875,30339.20703125,30476.48828125,29796.04296875,658646,0.0,0.0
2023-04-20 00:00:00+07:00,30442.16796875,30613.76953125,30304.88671875,30613.76953125,29930.259765625,374267,0.0,0.0
2023-04-21 00:00:00+07:00,30613.76953125,30613.76953125,30339.20703125,30339.20703125,29661.828125,516457,0.0,0.0
2023-04-24 00:00:00+07:00,30339.20703125,30339.20703125,29996.00390625,29996.00390625,29326.287109375,674380,0.0,0.0
2023-04-25 00:00:00+07:00,29927.36328125,30133.28515625,29618.478515625,29893.04296875,29225.626953125,785539,0.0,0.0
2023-04-26 00:00:00+07:00,29858.72265625,30407.84765625,29652.798828125,30270.56640625,29594.71875,590174,0.0,0.0
2023-04-27 00:00:00+07:00,30270.56640625,30270.56640625,29858.72265625,30133.28515625,29460.50390625,237613,0.0,0.0
2023-04-28 00:00:00+07:00,30167.60546875,30270.56640625,29858.72265625,29858.72265625,29192.072265625,604014,0.0,0.0
2023-05-01 00:00:00+07:00,29858.72265625,29858.72265625,29858.72265625,29858.72265625,29192.072265625,0,0.0,0.0
2023-05-02 00:00:00+07:00,29858.72265625,29858.72265625,29858.72265625,29858.72265625,29192.072265625,0,0.0,0.0
2023-05-03 00:00:00+07:00,29858.72265625,29858.72265625,29858.72265625,29858.72265625,29192.072265625,0,0.0,0.0
2023-05-04 00:00:00+07:00,29858.72265625,30339.20703125,29721.44140625,30030.32421875,29359.841796875,548508,0.0,0.0
2023-05-05 00:00:00+07:00,30064.64453125,30098.96484375,29824.40234375,29824.40234375,29158.517578125,431959,0.0,0.0
2023-05-08 00:00:00+07:00,29893.04296875,31231.537109375,29893.04296875,30682.41015625,29997.369140625,1646981,0.0,0.0
2023-05-09 00:00:00+07:00,30682.41015625,31128.576171875,30682.41015625,30956.974609375,30265.802734375,948270,0.0,0.0
2023-05-10 00:00:00+07:00,31094.255859375,31094.255859375,30545.12890625,30888.333984375,30198.6953125,866832,0.0,0.0
2023-05-11 00:00:00+07:00,30888.333984375,31059.935546875,30751.05078125,30888.333984375,30198.6953125,743727,0.0,0.0
2023-05-12 00:00:00+07:00,30888.333984375,30956.974609375,30579.44921875,30888.333984375,30198.6953125,623973,0.0,0.0
2023-05-15 00:00:00+07:00,31574.740234375,31574.740234375,30819.69140625,30819.69140625,30131.583984375,634462,0.0,0.0
2023-05-16 00:00:00+07:00,30956.974609375,30956.974609375,30716.73046875,30888.333984375,30198.6953125,625284,0.0,0.0
2023-05-17 00:00:00+07:00,30888.333984375,30956.974609375,30751.05078125,30751.05078125,30064.4765625,1261495,0.0,0.0
2023-05-18 00:00:00+07:00,30819.69140625,30854.01171875,30545.12890625,30648.08984375,29963.814453125,749846,0.0,0.0
2023-05-19 00:00:00+07:00,30613.76953125,30854.01171875,30407.84765625,30476.48828125,29796.04296875,878778,0.0,0.0
2023-05-22 00:00:00+07:00,30476.48828125,30854.01171875,30476.48828125,30476.48828125,29796.04296875,885479,0.0,0.0
2023-05-23 00:00:00+07:00,30819.69140625,30819.69140625,30098.96484375,30098.96484375,29426.951171875,1097744,0.0,0.0
2023-05-24 00:00:00+07:00,30098.96484375,30098.96484375,30098.96484375,30098.96484375,29426.951171875,0,0.0,0.0
2023-05-25 00:00:00+07:00,29858.72265625,30201.92578125,29824.40234375,30030.32421875,29359.841796875,954826,0.0,0.0
2023-05-26 00:00:00+07:00,30270.56640625,30270.56640625,29790.08203125,29790.08203125,29124.962890625,793697,0.0,0.0
2023-05-29 00:00:00+07:00,30167.60546875,30167.60546875,29790.08203125,30133.28515625,29460.50390625,973328,0.0,0.0
2023-05-30 00:00:00+07:00,30201.92578125,30201.92578125,29927.36328125,30064.64453125,29393.396484375,1166654,0.0,0.0
2023-05-31 00:00:00+07:00,30064.64453125,30201.92578125,29893.04296875,30201.92578125,29527.611328125,1122948,0.0,0.0
2023-06-01 00:00:00+07:00,30201.92578125,30201.92578125,29961.68359375,30133.28515625,29460.50390625,900194,0.0,0.0
2023-06-02 00:00:00+07:00,30201.92578125,30819.69140625,30201.92578125,30682.41015625,29997.369140625,1752312,0.0,0.0
2023-06-05 00:00:00+07:00,30819.69140625,31128.576171875,30682.41015625,30682.41015625,29997.369140625,1397275,0.0,0.0
2023-06-06 00:00:00+07:00,30888.333984375,30888.333984375,30407.84765625,30751.05078125,30064.4765625,1232649,0.0,0.0
2023-06-07 00:00:00+07:00,30751.05078125,30819.69140625,30442.16796875,30442.16796875,29762.490234375,1409804,0.0,0.0
2023-06-08 00:00:00+07:00,30476.48828125,30545.12890625,29996.00390625,29996.00390625,29326.287109375,2411687,0.0,0.0
2023-06-09 00:00:00+07:00,30064.64453125,30236.24609375,29584.158203125,29824.40234375,29158.517578125,1878767,0.0,0.0
2023-06-12 00:00:00+07:00,29927.36328125,29961.68359375,29515.517578125,29961.68359375,29292.732421875,1639842,0.0,0.0
2023-06-13 00:00:00+07:00,29996.00390625,30545.12890625,29961.68359375,30442.16796875,29762.490234375,1935148,0.0,0.0
2023-06-14 00:00:00+07:00,30613.76953125,30682.41015625,30201.92578125,30201.92578125,29527.611328125,1944617,0.0,0.0
2023-06-15 00:00:00+07:00,30133.28515625,30339.20703125,29996.00390625,30098.96484375,29426.951171875,1199579,0.0,0.0
2023-06-16 00:00:00+07:00,30407.84765625,30545.12890625,29961.68359375,29996.00390625,29326.287109375,2100064,0.0,0.0
2023-06-19 00:00:00+07:00,30064.64453125,30098.96484375,29721.44140625,29721.44140625,29057.85546875,1159661,0.0,0.0
2023-06-20 00:00:00+07:00,29824.40234375,29858.72265625,29618.478515625,29858.72265625,29192.072265625,1183990,0.0,0.0
2023-06-21 00:00:00+07:00,29858.72265625,30201.92578125,29721.44140625,29790.08203125,29124.962890625,1184136,0.0,0.0
2023-06-22 00:00:00+07:00,29790.08203125,29790.08203125,29790.08203125,29790.08203125,29124.962890625,0,0.0,0.0
2023-06-23 00:00:00+07:00,30133.28515625,30854.01171875,29996.00390625,30407.84765625,29728.9375,2785372,0.0,0.0
2023-06-26 00:00:00+07:00,30545.12890625,30785.37109375,30133.28515625,30407.84765625,29728.9375,1784800,0.0,0.0
2023-06-27 00:00:00+07:00,30270.56640625,30510.80859375,30201.92578125,30407.84765625,29728.9375,1156456,0.0,0.0
2023-06-28 00:00:00+07:00,30407.84765625,31128.576171875,30304.88671875,31128.576171875,30433.572265625,3405266,0.0,0.0
2023-06-29 00:00:00+07:00,31162.896484375,31506.099609375,30545.12890625,30545.12890625,29863.15234375,2304753,0.0,0.0
2023-06-30 00:00:00+07:00,30545.12890625,30751.05078125,29755.76171875,29755.76171875,29091.41015625,1420439,0.0,0.0
2023-07-03 00:00:00+07:00,30133.28515625,30545.12890625,29996.00390625,30545.12890625,29863.15234375,1581276,0.0,0.0
2023-07-04 00:00:00+07:00,30476.48828125,30579.44921875,30030.32421875,30201.92578125,29527.611328125,1723903,0.0,0.0
2023-07-05 00:00:00+07:00,30339.20703125,30716.73046875,30236.24609375,30442.16796875,29762.490234375,1885760,0.0,0.0
2023-07-06 00:00:00+07:00,30339.20703125,30648.08984375,29927.36328125,30167.60546875,29494.05859375,1947822,0.0,0.0
2023-07-07 00:00:00+07:00,29996.00390625,30407.84765625,29996.00390625,30407.84765625,29728.9375,1282183,0.0,0.0
2023-07-10 00:00:00+07:00,30476.48828125,32226.828125,30339.20703125,32226.828125,31507.3046875,6731279,0.0,0.0
2023-07-11 00:00:00+07:00,32398.4296875,32535.7109375,31917.943359375,31952.263671875,31238.869140625,3817266,0.0,0.0
2023-07-12 00:00:00+07:00,32226.828125,32364.109375,31677.701171875,32055.2265625,31339.53515625,3397544,0.0,0.0
2023-07-13 00:00:00+07:00,32192.5078125,32604.3515625,31952.263671875,32192.5078125,31473.75,2745599,0.0,0.0
2023-07-14 00:00:00+07:00,32192.5078125,32707.3125,31609.060546875,32089.546875,31373.08984375,3796724,0.0,0.0
2023-07-17 00:00:00+07:00,32089.546875,32329.7890625,31712.021484375,31712.021484375,31003.9921875,3250984,0.0,0.0
2023-07-18 00:00:00+07:00,31712.021484375,32055.2265625,31712.021484375,32055.2265625,31339.53515625,2428878,0.0,0.0
2023-07-19 00:00:00+07:00,32192.5078125,32192.5078125,31471.779296875,31746.341796875,31037.546875,3393757,0.0,0.0
2023-07-20 00:00:00+07:00,31712.021484375,31849.302734375,31471.779296875,31746.341796875,31037.546875,1361582,0.0,0.0
2023-07-21 00:00:00+07:00,31746.341796875,32089.546875,31643.380859375,32089.546875,31373.08984375,2071801,0.0,0.0
2023-07-24 00:00:00+07:00,32192.5078125,32672.9921875,32123.8671875,32123.8671875,31406.642578125,2870015,0.0,0.0
2023-07-25 00:00:00+07:00,32089.546875,32398.4296875,32055.2265625,32364.109375,31641.521484375,2362445,0.0,0.0
2023-07-26 00:00:00+07:00,32364.109375,32981.875,32364.109375,32501.390625,31775.736328125,3393174,0.0,0.0
2023-07-27 00:00:00+07:00,32467.0703125,32535.7109375,32020.904296875,32055.2265625,31339.53515625,1995462,0.0,0.0
2023-07-28 00:00:00+07:00,32055.2265625,32467.0703125,31849.302734375,32055.2265625,31339.53515625,2556207,0.0,0.0
2023-07-31 00:00:00+07:00,32261.1484375,32570.03125,32055.2265625,32398.4296875,31675.076171875,2728700,0.0,0.0
2023-08-01 00:00:00+07:00,32638.671875,33977.16796875,32398.4296875,33084.8359375,32346.15625,5556612,0.0,0.0
2023-08-02 00:00:00+07:00,33084.8359375,33839.88671875,33050.515625,33702.6015625,32950.12890625,3431781,0.0,0.0
2023-08-03 00:00:00+07:00,33702.6015625,33736.921875,33222.1171875,33325.078125,32581.033203125,3051249,0.0,0.0
2023-08-04 00:00:00+07:00,33290.7578125,33565.3203125,33084.8359375,33222.1171875,32480.373046875,3199266,0.0,0.0
2023-08-07 00:00:00+07:00,33428.0390625,33942.84765625,33256.4375,33531.0,32782.35546875,2920568,0.0,0.0
2023-08-08 00:00:00+07:00,33565.3203125,33942.84765625,33325.078125,33393.71875,32648.142578125,3066546,0.0,0.0
2023-08-09 00:00:00+07:00,33393.71875,33496.6796875,32981.875,33084.8359375,32346.15625,2625700,0.0,0.0
2023-08-10 00:00:00+07:00,33084.8359375,33222.1171875,31917.943359375,31917.943359375,31205.31640625,3805465,0.0,0.0
2023-08-11 00:00:00+07:00,31917.943359375,32192.5078125,31300.177734375,32055.2265625,31339.53515625,3062904,0.0,0.0
2023-08-14 00:00:00+07:00,32261.1484375,32707.3125,32020.904296875,32672.9921875,31943.5078125,3084319,0.0,0.0
2023-08-15 00:00:00+07:00,32535.7109375,32672.9921875,32158.1875,32261.1484375,31540.857421875,2415475,0.0,0.0
2023-08-16 00:00:00+07:00,32226.828125,32672.9921875,32192.5078125,32604.3515625,31876.3984375,1972152,0.0,0.0
2023-08-17 00:00:00+07:00,32604.3515625,32741.6328125,32329.7890625,32329.7890625,31607.966796875,2427130,0.0,0.0
2023-08-18 00:00:00+07:00,32329.7890625,32329.7890625,30270.56640625,30339.20703125,29661.828125,4145351,0.0,0.0
2023-08-21 00:00:00+07:00,30613.76953125,32158.1875,30545.12890625,31300.177734375,30601.34375,2636917,0.0,0.0
2023-08-22 00:00:00+07:00,30819.69140625,31540.419921875,30545.12890625,31437.458984375,30735.55859375,1875708,0.0,0.0
2023-08-23 00:00:00+07:00,31712.021484375,31712.021484375,31162.896484375,31368.818359375,30668.451171875,1985846,0.0,0.0
2023-08-24 00:00:00+07:00,31368.818359375,31643.380859375,31128.576171875,31437.458984375,30735.55859375,1981476,0.0,0.0
2023-08-25 00:00:00+07:00,31437.458984375,31437.458984375,30922.654296875,31025.615234375,30332.912109375,1711374,0.0,0.0
2023-08-28 00:00:00+07:00,31128.576171875,31506.099609375,31094.255859375,31162.896484375,30467.126953125,1078514,0.0,0.0
2023-08-29 00:00:00+07:00,31162.896484375,31643.380859375,31128.576171875,31437.458984375,30735.55859375,1980747,0.0,0.0
2023-08-30 00:00:00+07:00,31574.740234375,31986.583984375,31437.458984375,31712.021484375,31003.9921875,1637220,0.0,0.0
2023-08-31 00:00:00+07:00,31814.982421875,32226.828125,31780.662109375,32226.828125,31507.3046875,2431354,0.0,0.0
2023-09-01 00:00:00+07:00,32226.828125,32226.828125,32226.828125,32226.828125,31507.3046875,0,0.0,0.0
2023-09-04 00:00:00+07:00,32226.828125,32226.828125,32226.828125,32226.828125,31507.3046875,0,0.0,0.0
2023-09-05 00:00:00+07:00,32261.1484375,32741.6328125,32261.1484375,32604.3515625,31876.3984375,1984681,0.0,0.0
2023-09-06 00:00:00+07:00,32741.6328125,32741.6328125,32364.109375,32467.0703125,31742.181640625,1717201,0.0,0.0
2023-09-07 00:00:00+07:00,32604.3515625,33050.515625,32398.4296875,32501.390625,31775.736328125,1708460,0.0,0.0
2023-09-08 00:00:00+07:00,32604.3515625,32638.671875,32226.828125,32261.1484375,31540.857421875,2331997,0.0,0.0
2023-09-11 00:00:00+07:00,32535.7109375,32535.7109375,31574.740234375,31917.943359375,31205.31640625,1409075,0.0,0.0
2023-09-12 00:00:00+07:00,32089.546875,32261.1484375,31849.302734375,32261.1484375,31540.857421875,1444768,0.0,0.0
2023-09-13 00:00:00+07:00,32329.7890625,32501.390625,31917.943359375,32261.1484375,31540.857421875,1749835,0.0,0.0
2023-09-14 00:00:00+07:00,32261.1484375,32878.9140625,32089.546875,32089.546875,31373.08984375,2730011,0.0,0.0
2023-09-15 00:00:00+07:00,32261.1484375,32535.7109375,32123.8671875,32123.8671875,31406.642578125,1535531,0.0,0.0
2023-09-18 00:00:00+07:00,32261.1484375,32261.1484375,31094.255859375,31403.138671875,30702.005859375,2107494,0.0,0.0
2023-09-19 00:00:00+07:00,31437.458984375,31677.701171875,30888.333984375,31025.615234375,30332.912109375,1733081,0.0,0.0
2023-09-20 00:00:00+07:00,31025.615234375,31368.818359375,30956.974609375,31368.818359375,30668.451171875,980904,0.0,0.0
2023-09-21 00:00:00+07:00,31368.818359375,31609.060546875,30956.974609375,31025.615234375,30332.912109375,1333318,0.0,0.0
2023-09-22 00:00:00+07:00,30751.05078125,31609.060546875,30339.20703125,31609.060546875,30903.328125,2655128,0.0,0.0
2023-09-25 00:00:00+07:00,31609.060546875,31609.060546875,30819.69140625,30956.974609375,30265.802734375,1512658,0.0,0.0
2023-09-26 00:00:00+07:00,31094.255859375,31094.255859375,30339.20703125,30442.16796875,29762.490234375,1634306,0.0,0.0
2023-09-27 00:00:00+07:00,30442.16796875,30682.41015625,30373.52734375,30476.48828125,29796.04296875,1573118,0.0,0.0
2023-09-28 00:00:00+07:00,30442.16796875,30682.41015625,30373.52734375,30442.16796875,29762.490234375,1013392,0.0,0.0
2023-09-29 00:00:00+07:00,30476.48828125,30716.73046875,30339.20703125,30442.16796875,29762.490234375,790492,0.0,0.0
2023-10-02 00:00:00+07:00,30442.16796875,30648.08984375,30064.64453125,30167.60546875,29494.05859375,1002465,0.0,0.0
2023-10-03 00:00:00+07:00,29961.68359375,30030.32421875,28520.2265625,28520.2265625,27883.458984375,1946803,0.0,0.0
2023-10-04 00:00:00+07:00,28142.703125,29481.197265625,28142.703125,29172.314453125,28520.98828125,1300830,0.0,0.0
2023-10-05 00:00:00+07:00,29172.314453125,29412.556640625,28520.2265625,28554.548828125,27917.015625,766454,0.0,0.0
2023-10-06 00:00:00+07:00,28554.548828125,29172.314453125,28279.984375,28966.392578125,28319.6640625,808849,0.0,0.0
2023-10-09 00:00:00+07:00,28966.392578125,29035.033203125,28691.830078125,28794.791015625,28151.892578125,1019511,0.0,0.0
2023-10-10 00:00:00+07:00,28966.392578125,29172.314453125,28760.470703125,28863.431640625,28219.001953125,1277084,0.0,0.0
2023-10-11 00:00:00+07:00,29172.314453125,29172.314453125,28657.509765625,28829.111328125,28185.447265625,1628041,0.0,0.0
2023-10-12 00:00:00+07:00,28863.431640625,29103.673828125,28760.470703125,28932.072265625,28286.111328125,1480024,0.0,0.0
2023-10-13 00:00:00+07:00,28966.392578125,29172.314453125,28897.751953125,29172.314453125,28520.98828125,1496195,0.0,0.0
2023-10-16 00:00:00+07:00,29172.314453125,29172.314453125,28314.3046875,28588.869140625,27950.5703125,1418108,0.0,0.0
2023-10-17 00:00:00+07:00,28760.470703125,28966.392578125,28348.625,28348.625,27715.689453125,1425538,0.0,0.0
2023-10-18 00:00:00+07:00,28348.625,28382.9453125,27456.296875,27456.296875,26843.283203125,2120606,0.0,0.0
2023-10-19 00:00:00+07:00,27593.578125,27868.140625,27250.373046875,27593.578125,26977.501953125,1703944,0.0,0.0
2023-10-20 00:00:00+07:00,27593.578125,27799.5,27147.412109375,27799.5,27178.82421875,1425392,0.0,0.0
2023-10-23 00:00:00+07:00,27662.21875,27799.5,27524.9375,27662.21875,27044.607421875,1029709,0.0,0.0
2023-10-24 00:00:00+07:00,27559.2578125,28451.5859375,27559.2578125,28348.625,27715.689453125,1333610,0.0,0.0
2023-10-25 00:00:00+07:00,28348.625,28554.548828125,27971.1015625,27971.1015625,27346.59375,1080699,0.0,0.0
2023-10-26 00:00:00+07:00,27456.296875,28074.0625,26769.888671875,27833.8203125,27212.37890625,2878756,0.0,0.0
2023-10-27 00:00:00+07:00,27833.8203125,28829.111328125,27593.578125,28829.111328125,28185.447265625,1303161,0.0,0.0
2023-10-30 00:00:00+07:00,28760.470703125,28760.470703125,28142.703125,28142.703125,27514.365234375,787578,0.0,0.0
2023-10-31 00:00:00+07:00,28142.703125,28485.90625,27593.578125,27593.578125,26977.501953125,793989,0.0,0.0
2023-11-01 00:00:00+07:00,28074.0625,28074.0625,27250.373046875,27456.296875,26843.283203125,511212,0.0,0.0
2023-11-02 00:00:00+07:00,28039.7421875,28588.869140625,27868.140625,28588.869140625,27950.5703125,1005525,0.0,0.0
2023-11-03 00:00:00+07:00,29000.712890625,29000.712890625,28485.90625,28485.90625,27849.904296875,820795,0.0,0.0
2023-11-06 00:00:00+07:00,28588.869140625,28966.392578125,28554.548828125,28691.830078125,28051.232421875,855031,0.0,0.0
2023-11-07 00:00:00+07:00,28829.111328125,28829.111328125,28485.90625,28691.830078125,28051.232421875,774030,0.0,0.0
2023-11-08 00:00:00+07:00,28588.869140625,29515.517578125,28520.2265625,29446.876953125,28789.419921875,1408347,0.0,0.0
2023-11-09 00:00:00+07:00,29515.517578125,29618.478515625,29240.955078125,29412.556640625,28755.8671875,1102406,0.0,0.0
2023-11-10 00:00:00+07:00,29103.673828125,29446.876953125,28897.751953125,28966.392578125,28319.6640625,914034,0.0,0.0
2023-11-13 00:00:00+07:00,28966.392578125,29309.595703125,28794.791015625,28897.751953125,28252.556640625,690406,0.0,0.0
2023-11-14 00:00:00+07:00,29000.712890625,29824.40234375,29000.712890625,29515.517578125,28856.529296875,2289602,0.0,0.0
2023-11-15 00:00:00+07:00,29790.08203125,30304.88671875,29652.798828125,30304.88671875,29628.2734375,2111282,0.0,0.0
2023-11-16 00:00:00+07:00,30373.52734375,30476.48828125,29824.40234375,30030.32421875,29359.841796875,1413591,0.0,0.0
2023-11-17 00:00:00+07:00,30201.92578125,30201.92578125,29206.634765625,29446.876953125,28789.419921875,1762364,0.0,0.0
2023-11-20 00:00:00+07:00,28829.111328125,30098.96484375,28829.111328125,29618.478515625,28957.189453125,1179765,0.0,0.0
2023-11-21 00:00:00+07:00,29996.00390625,30167.60546875,29515.517578125,30167.60546875,29494.05859375,1200744,0.0,0.0
2023-11-22 00:00:00+07:00,30167.60546875,30201.92578125,29790.08203125,29927.36328125,29259.1796875,1075308,0.0,0.0
2023-11-23 00:00:00+07:00,30201.92578125,30201.92578125,29515.517578125,29515.517578125,28856.529296875,1100366,0.0,0.0
2023-11-24 00:00:00+07:00,29515.517578125,29961.68359375,29103.673828125,29961.68359375,29292.732421875,1181514,0.0,0.0
2023-11-27 00:00:00+07:00,29961.68359375,29961.68359375,29378.236328125,29515.517578125,28856.529296875,1089149,0.0,0.0
2023-11-28 00:00:00+07:00,30166.98828125,30166.98828125,29548.177734375,30050.9609375,29380.017578125,1078069,0.0,1.1269
2023-11-29 00:00:00+07:00,30166.98828125,30399.041015625,30089.63671875,30399.041015625,29720.326171875,1049498,0.0,0.0
2023-11-30 00:00:00+07:00,30166.98828125,30553.744140625,30012.28515625,30050.9609375,29380.017578125,938963,0.0,0.0
2023-12-01 00:00:00+07:00,30089.63671875,30553.744140625,30050.9609375,30476.392578125,29795.951171875,983953,0.0,0.0
2023-12-04 00:00:00+07:00,30553.744140625,30785.796875,30437.716796875,30785.796875,30098.447265625,920347,0.0,0.0
2023-12-05 00:00:00+07:00,30785.796875,30863.1484375,30476.392578125,30669.771484375,29985.01171875,846010,0.0,0.0
2023-12-06 00:00:00+07:00,30669.771484375,31249.904296875,30476.392578125,30940.5,30249.6953125,1495903,0.0,0.0
2023-12-07 00:00:00+07:00,31211.228515625,31714.01171875,30940.5,31404.607421875,30703.44140625,2527431,0.0,0.0
2023-12-08 00:00:00+07:00,31404.607421875,32487.525390625,31404.607421875,32410.173828125,31686.556640625,3111003,0.0,0.0
2023-12-11 00:00:00+07:00,32487.525390625,32642.2265625,31984.7421875,32023.41796875,31308.435546875,2054782,0.0,0.0
2023-12-12 00:00:00+07:00,32100.76953125,32526.201171875,31868.71484375,32410.173828125,31686.556640625,1236566,0.0,0.0
2023-12-13 00:00:00+07:00,32410.173828125,32487.525390625,31404.607421875,32178.119140625,31459.68359375,1025710,0.0,0.0
2023-12-14 00:00:00+07:00,32216.794921875,32332.822265625,31946.06640625,32178.119140625,31459.68359375,1008128,0.0,0.0
2023-12-15 00:00:00+07:00,32062.09375,32255.470703125,31907.390625,32100.76953125,31384.060546875,726555,0.0,0.0
2023-12-18 00:00:00+07:00,31752.6875,32100.76953125,31327.255859375,31714.01171875,31005.9375,877038,0.0,0.0
2023-12-19 00:00:00+07:00,31714.01171875,32100.76953125,31365.931640625,31868.71484375,31157.1875,1064365,0.0,0.0
2023-12-20 00:00:00+07:00,32410.173828125,32487.525390625,31559.310546875,31946.06640625,31232.8125,1324994,0.0,0.0
2023-12-21 00:00:00+07:00,31636.662109375,32410.173828125,31636.662109375,32332.822265625,31610.931640625,1469788,0.0,0.0
2023-12-22 00:00:00+07:00,32332.822265625,32835.60546875,32023.41796875,32835.60546875,32102.490234375,1537273,0.0,0.0
2023-12-25 00:00:00+07:00,32874.28125,33493.08984375,32487.525390625,33415.73828125,32669.669921875,1516976,0.0,0.0
2023-12-26 00:00:00+07:00,33415.73828125,33686.46875,33028.984375,33261.0390625,32518.42578125,1504565,0.0,0.0
2023-12-27 00:00:00+07:00,33106.3359375,33415.73828125,33106.3359375,33261.0390625,32518.42578125,1213813,0.0,0.0
2023-12-28 00:00:00+07:00,33261.0390625,33377.0625,33028.984375,33028.984375,32291.55078125,1421437,0.0,0.0
2023-12-29 00:00:00+07:00,33028.984375,33570.44140625,32719.578125,33570.44140625,32820.921875,1140382,0.0,0.0
2024-01-01 00:00:00+07:00,33570.44140625,33570.44140625,33570.44140625,33570.44140625,32820.921875,0,0.0,0.0
2024-01-02 00:00:00+07:00,33570.44140625,33725.14453125,33028.984375,33261.0390625,32518.42578125,1437597,0.0,0.0
2024-01-03 00:00:00+07:00,33570.44140625,34111.90234375,33261.0390625,33879.84765625,33123.41796875,2015869,0.0,0.0
2024-01-04 00:00:00+07:00,33957.19921875,34808.0625,33725.14453125,33763.8203125,33009.98046875,4154037,0.0,0.0
2024-01-05 00:00:00+07:00,33802.49609375,34769.38671875,33802.49609375,34421.3046875,33652.78515625,1719170,0.0,0.0
2024-01-08 00:00:00+07:00,34653.359375,35968.33203125,34537.33203125,35890.98046875,35089.6484375,2519674,0.0,0.0
2024-01-09 00:00:00+07:00,36355.0859375,36355.0859375,35620.25,35620.25,34824.9609375,2250900,0.0,0.0
2024-01-10 00:00:00+07:00,35620.25,36973.8984375,35581.57421875,36664.4921875,35845.890625,2768927,0.0,0.0
2024-01-11 00:00:00+07:00,36509.7890625,36548.46484375,35736.27734375,35968.33203125,35165.2734375,4376916,0.0,0.0
2024-01-12 00:00:00+07:00,35504.22265625,36509.7890625,34846.73828125,35581.57421875,34787.15234375,3974725,0.0,0.0
2024-01-15 00:00:00+07:00,35620.25,36355.0859375,35620.25,36045.68359375,35240.8984375,1726798,0.0,0.0
2024-01-16 00:00:00+07:00,35620.25,36316.41015625,35620.25,36277.734375,35467.765625,1461773,0.0,0.0
2024-01-17 00:00:00+07:00,36007.0078125,36355.0859375,35813.62890625,36239.0625,35429.95703125,1891372,0.0,0.0
2024-01-18 00:00:00+07:00,36239.0625,37012.57421875,36084.359375,36741.84375,35921.51171875,2945395,0.0,0.0
2024-01-19 00:00:00+07:00,37051.25,38559.59765625,36509.7890625,38559.59765625,37698.68359375,3818942,0.0,0.0
2024-01-22 00:00:00+07:00,38636.94921875,38830.328125,37670.05859375,38520.921875,37660.87109375,3057998,0.0,0.0
2024-01-23 00:00:00+07:00,38288.8671875,38520.921875,37631.3828125,38211.515625,37358.37109375,2821156,0.0,0.0
2024-01-24 00:00:00+07:00,37515.35546875,38056.81640625,37476.6796875,37824.76171875,36980.25390625,2415862,0.0,0.0
2024-01-25 00:00:00+07:00,37824.76171875,37824.76171875,37824.76171875,37824.76171875,36980.25390625,0,0.0,0.0
2024-01-26 00:00:00+07:00,37438.00390625,37863.4375,37438.00390625,37863.4375,37018.06640625,1050273,0.0,0.0
2024-01-29 00:00:00+07:00,37824.76171875,38056.81640625,37515.35546875,37670.05859375,36829.0078125,1272765,0.0,0.0
2024-01-30 00:00:00+07:00,37747.41015625,37824.76171875,37283.30078125,37476.6796875,36639.94140625,1449621,0.0,0.0
2024-01-31 00:00:00+07:00,37515.35546875,37747.41015625,36741.84375,36896.546875,36072.76171875,2163636,0.0,0.0
2024-02-01 00:00:00+07:00,36741.84375,37089.92578125,36471.11328125,36548.46484375,35732.453125,1994279,0.0,0.0
2024-02-02 00:00:00+07:00,36548.46484375,36548.46484375,36548.46484375,36548.46484375,35732.453125,0,0.0,0.0
2024-02-05 00:00:00+07:00,36432.4375,38211.515625,36393.76171875,37631.3828125,36791.19140625,2908679,0.0,0.0
2024-02-06 00:00:00+07:00,37747.41015625,37747.41015625,37128.6015625,37747.41015625,36904.62890625,1974628,0.0,0.0
2024-02-07 00:00:00+07:00,37747.41015625,37940.7890625,37592.70703125,37863.4375,37018.06640625,2403581,0.0,0.0
2024-02-08 00:00:00+07:00,37863.4375,37863.4375,37863.4375,37863.4375,37018.06640625,0,0.0,0.0
2024-02-09 00:00:00+07:00,37863.4375,37863.4375,37863.4375,37863.4375,37018.06640625,0,0.0,0.0
2024-02-12 00:00:00+07:00,37863.4375,37863.4375,37863.4375,37863.4375,37018.06640625,0,0.0,0.0
2024-02-13 00:00:00+07:00,37863.4375,37863.4375,37863.4375,37863.4375,37018.06640625,0,0.0,0.0
2024-02-14 00:00:00+07:00,37863.4375,37863.4375,37863.4375,37863.4375,37018.06640625,0,0.0,0.0
2024-02-15 00:00:00+07:00,37863.4375,38095.4921875,37476.6796875,37863.4375,37018.06640625,2101582,0.0,0.0
2024-02-16 00:00:00+07:00,37902.11328125,37902.11328125,37360.65234375,37554.03125,36715.5703125,1749163,0.0,0.0
2024-02-19 00:00:00+07:00,37708.734375,38907.6796875,37321.9765625,38134.16796875,37282.75,4244663,0.0,0.0
2024-02-20 00:00:00+07:00,38288.8671875,38830.328125,38211.515625,38211.515625,37358.37109375,2028797,0.0,0.0
2024-02-21 00:00:00+07:00,38482.24609375,38520.921875,37824.76171875,38482.24609375,37623.05859375,2392850,0.0,0.0
2024-02-22 00:00:00+07:00,38520.921875,38598.2734375,38288.8671875,38482.24609375,37623.05859375,2063573,0.0,0.0
2024-02-23 00:00:00+07:00,38520.921875,41150.86328125,38134.16796875,40222.6484375,39324.6015625,8965853,0.0,0.0
2024-02-26 00:00:00+07:00,40841.4609375,42156.4296875,40222.6484375,41460.26953125,40534.58984375,1981868,0.0,0.0
2024-02-27 00:00:00+07:00,41537.62109375,41769.67578125,40996.1640625,40996.1640625,40080.8515625,2252969,0.0,0.0
2024-02-28 00:00:00+07:00,41150.86328125,42388.484375,40454.703125,41692.32421875,40761.46484375,3028134,0.0,0.0
2024-02-29 00:00:00+07:00,41692.32421875,41769.67578125,40996.1640625,40996.1640625,40080.8515625,1728866,0.0,0.0
2024-03-01 00:00:00+07:00,41228.21484375,42001.73046875,40532.0546875,41382.91796875,40458.96875,1610962,0.0,0.0
2024-03-04 00:00:00+07:00,41460.26953125,42156.4296875,40609.40625,41382.91796875,40458.96875,3012750,0.0,0.0
2024-03-05 00:00:00+07:00,41382.91796875,42079.078125,40918.8125,42079.078125,41139.58203125,1551881,0.0,0.0
2024-03-06 00:00:00+07:00,41769.67578125,42388.484375,41382.91796875,42079.078125,41139.58203125,2049482,0.0,0.0
2024-03-07 00:00:00+07:00,42079.078125,42079.078125,41150.86328125,41228.21484375,40307.71875,2747466,0.0,0.0
2024-03-08 00:00:00+07:00,41305.56640625,41305.56640625,38366.21875,39526.48828125,38643.98828125,3543187,0.0,0.0
2024-03-11 00:00:00+07:00,40067.94921875,40532.0546875,39062.3828125,39062.3828125,38190.2421875,1911669,0.0,0.0
2024-03-12 00:00:00+07:00,39139.734375,40300.0,39062.3828125,40222.6484375,39324.6015625,1564422,0.0,0.0
2024-03-13 00:00:00+07:00,40377.3515625,40686.7578125,40067.94921875,40686.7578125,39778.3515625,1807469,0.0,0.0
2024-03-14 00:00:00+07:00,41382.91796875,41382.91796875,39758.54296875,39990.59765625,39097.73046875,1916452,0.0,0.0
2024-03-15 00:00:00+07:00,39913.24609375,40841.4609375,39449.13671875,40377.3515625,39475.85546875,1853492,0.0,0.0
2024-03-18 00:00:00+07:00,40222.6484375,40841.4609375,38598.2734375,40222.6484375,39324.6015625,1914642,0.0,0.0
2024-03-19 00:00:00+07:00,40300.0,40300.0,39449.13671875,39913.24609375,39022.109375,989382,0.0,0.0
2024-03-20 00:00:00+07:00,39913.24609375,41073.515625,39062.3828125,40996.1640625,40080.8515625,4049837,0.0,0.0
2024-03-21 00:00:00+07:00,41150.86328125,41305.56640625,40841.4609375,40996.1640625,40080.8515625,2400866,0.0,0.0
2024-03-22 00:00:00+07:00,41228.21484375,43858.16015625,41228.21484375,41924.37890625,40988.33984375,5638176,0.0,0.0
2024-03-25 00:00:00+07:00,41924.37890625,42929.9453125,40764.109375,40996.1640625,40080.8515625,1631777,0.0,0.0
2024-03-26 00:00:00+07:00,40996.1640625,41692.32421875,40996.1640625,40996.1640625,40080.8515625,1822207,0.0,0.0
2024-03-27 00:00:00+07:00,41228.21484375,41228.21484375,40609.40625,40609.40625,39702.72265625,2078699,0.0,0.0
2024-03-28 00:00:00+07:00,41150.86328125,41692.32421875,40609.40625,40686.7578125,39778.3515625,1756532,0.0,0.0
2024-03-29 00:00:00+07:00,41150.86328125,41150.86328125,40222.6484375,40300.0,39400.2265625,2311921,0.0,0.0
2024-04-01 00:00:00+07:00,40377.3515625,40764.109375,39990.59765625,40300.0,39400.2265625,1761962,0.0,0.0
2024-04-02 00:00:00+07:00,40145.296875,40532.0546875,39835.89453125,40145.296875,39248.98046875,2037846,0.0,0.0
2024-04-03 00:00:00+07:00,40222.6484375,40454.703125,39449.13671875,39449.13671875,38568.36328125,1934681,0.0,0.0
2024-04-04 00:00:00+07:00,40067.94921875,40067.94921875,39449.13671875,39449.13671875,38568.36328125,1413681,0.0,0.0
2024-04-05 00:00:00+07:00,39371.78515625,39371.78515625,38830.328125,38830.328125,37963.3671875,2139461,0.0,0.0
2024-04-08 00:00:00+07:00,38830.328125,39913.24609375,38675.625,39294.43359375,38417.11328125,1169728,0.0,0.0
2024-04-09 00:00:00+07:00,39526.48828125,40764.109375,39294.43359375,40764.109375,39853.9765625,2263699,0.0,0.0
2024-04-10 00:00:00+07:00,40841.4609375,40841.4609375,40145.296875,40222.6484375,39324.6015625,1542573,0.0,0.0
2024-04-11 00:00:00+07:00,39835.89453125,41305.56640625,39681.19140625,40996.1640625,40080.8515625,2942938,0.0,0.0
2024-04-12 00:00:00+07:00,40996.1640625,42156.4296875,40841.4609375,41305.56640625,40383.34375,4362049,0.0,0.0
2024-04-15 00:00:00+07:00,41228.21484375,42156.4296875,38443.5703125,38443.5703125,37585.24609375,3285661,0.0,0.0
2024-04-16 00:00:00+07:00,38443.5703125,39603.83984375,38250.19140625,38907.6796875,38038.99609375,3037959,0.0,0.0
2024-04-17 00:00:00+07:00,39371.78515625,39449.13671875,37128.6015625,37205.953125,36375.26171875,2550960,0.0,0.0
2024-04-18 00:00:00+07:00,37205.953125,37205.953125,37205.953125,37205.953125,36375.26171875,0,0.0,0.0
2024-04-19 00:00:00+07:00,37051.25,38288.8671875,36432.4375,37399.328125,36564.31640625,2805384,0.0,0.0
2024-04-22 00:00:00+07:00,37747.41015625,38752.9765625,37747.41015625,38752.9765625,37887.7421875,1679223,0.0,0.0
2024-04-23 00:00:00+07:00,38056.81640625,39062.3828125,37515.35546875,38211.515625,37358.37109375,2938931,0.0,0.0
2024-04-24 00:00:00+07:00,38250.19140625,38985.03125,38172.84375,38675.625,37812.12109375,1831644,0.0,0.0
2024-04-25 00:00:00+07:00,38482.24609375,38907.6796875,38134.16796875,38366.21875,37509.62109375,1362098,0.0,0.0
2024-04-26 00:00:00+07:00,38366.21875,38752.9765625,37979.46484375,38056.81640625,37207.12890625,1001276,0.0,0.0
2024-04-29 00:00:00+07:00,38056.81640625,38056.81640625,38056.81640625,38056.81640625,37207.12890625,0,0.0,0.0
2024-04-30 00:00:00+07:00,38056.81640625,38056.81640625,38056.81640625,38056.81640625,37207.12890625,0,0.0,0.0
2024-05-01 00:00:00+07:00,38056.81640625,38056.81640625,38056.81640625,38056.81640625,37207.12890625,0,0.0,0.0
2024-05-02 00:00:00+07:00,38134.16796875,38443.5703125,37786.0859375,38056.81640625,37207.12890625,735217,0.0,0.0
2024-05-03 00:00:00+07:00,38404.89453125,38598.2734375,37902.11328125,38056.81640625,37207.12890625,905996,0.0,0.0
2024-05-06 00:00:00+07:00,38134.16796875,39062.3828125,38134.16796875,39062.3828125,38190.2421875,1541022,0.0,0.0
2024-05-07 00:00:00+07:00,39139.734375,39449.13671875,38675.625,38675.625,37812.12109375,1382653,0.0,0.0
2024-05-08 00:00:00+07:00,38752.9765625,39294.43359375,38520.921875,38520.921875,37660.87109375,1367269,0.0,0.0
2024-05-09 00:00:00+07:00,38907.6796875,38907.6796875,38288.8671875,38288.8671875,37434.0,1254795,0.0,0.0
2024-05-10 00:00:00+07:00,38366.21875,38482.24609375,37863.4375,37940.7890625,37093.69140625,1070053,0.0,0.0
2024-05-13 00:00:00+07:00,38056.81640625,38288.8671875,37515.35546875,37592.70703125,36753.37890625,2150837,0.0,0.0
2024-05-14 00:00:00+07:00,37747.41015625,38056.81640625,37167.27734375,37205.953125,36375.26171875,2518769,0.0,0.0
2024-05-15 00:00:00+07:00,37476.6796875,37863.4375,37399.328125,37592.70703125,36753.37890625,1800875,0.0,0.0
2024-05-16 00:00:00+07:00,38018.140625,38907.6796875,37940.7890625,38366.21875,37509.62109375,2711397,0.0,0.0
2024-05-17 00:00:00+07:00,38404.89453125,38443.5703125,38056.81640625,38172.84375,37320.56640625,1962864,0.0,0.0
2024-05-20 00:00:00+07:00,38366.21875,39217.08203125,38288.8671875,38366.21875,37509.62109375,2833696,0.0,0.0
2024-05-21 00:00:00+07:00,38675.625,38907.6796875,38211.515625,38675.625,37812.12109375,2320195,0.0,0.0
2024-05-22 00:00:00+07:00,39062.3828125,39603.83984375,38482.24609375,38520.921875,37660.87109375,3138927,0.0,0.0
2024-05-23 00:00:00+07:00,38520.921875,38830.328125,38211.515625,38288.8671875,37434.0,2312696,0.0,0.0
2024-05-24 00:00:00+07:00,38366.21875,39139.734375,37515.35546875,38056.81640625,37207.12890625,2812624,0.0,0.0
2024-05-27 00:00:00+07:00,38211.515625,38211.515625,37554.03125,37824.76171875,36980.25390625,986667,0.0,0.0
2024-05-28 00:00:00+07:00,37902.11328125,38056.81640625,37592.70703125,37979.46484375,37131.50390625,1591053,0.0,0.0
2024-05-29 00:00:00+07:00,38250.19140625,38250.19140625,37592.70703125,37592.70703125,36753.37890625,1795575,0.0,0.0
2024-05-30 00:00:00+07:00,37438.00390625,37515.35546875,36664.4921875,36896.546875,36072.76171875,2704545,0.0,0.0
2024-05-31 00:00:00+07:00,36896.546875,37360.65234375,36432.4375,36432.4375,35619.015625,2543979,0.0,0.0
2024-06-03 00:00:00+07:00,36432.4375,36432.4375,36432.4375,36432.4375,35619.015625,0,0.0,0.0
2024-06-04 00:00:00+07:00,37012.57421875,37283.30078125,36780.51953125,36819.1953125,35997.140625,1438761,0.0,0.0
2024-06-05 00:00:00+07:00,37051.25,37283.30078125,36857.87109375,36857.87109375,36034.94921875,2326271,0.0,0.0
2024-06-06 00:00:00+07:00,36896.546875,37205.953125,36896.546875,37051.25,36224.01171875,1826731,0.0,0.0
2024-06-07 00:00:00+07:00,37205.953125,37360.65234375,36896.546875,36935.22265625,36110.578125,1594544,0.0,0.0
2024-06-10 00:00:00+07:00,37012.57421875,37554.03125,36780.51953125,36857.87109375,36034.94921875,2666666,0.0,0.0
2024-06-11 00:00:00+07:00,36973.8984375,37012.57421875,36509.7890625,36625.81640625,35808.078125,3277904,0.0,0.0
2024-06-12 00:00:00+07:00,36819.1953125,37089.92578125,36355.0859375,37051.25,36224.01171875,3424896,0.0,0.0
2024-06-13 00:00:00+07:00,37399.328125,37399.328125,37051.25,37399.328125,36564.31640625,3381199,0.0,0.0
2024-06-14 00:00:00+07:00,37438.00390625,37708.734375,36741.84375,36741.84375,35921.51171875,2897044,0.0,0.0
2024-06-17 00:00:00+07:00,36741.84375,36741.84375,35968.33203125,35968.33203125,35165.2734375,3636398,0.0,0.0
2024-06-18 00:00:00+07:00,36123.03515625,36393.76171875,35968.33203125,35968.33203125,35165.2734375,1897836,0.0,0.0
2024-06-19 00:00:00+07:00,36200.38671875,36200.38671875,35465.546875,35658.92578125,34862.7734375,3360643,0.0,0.0
2024-06-20 00:00:00+07:00,35581.57421875,35736.27734375,35078.79296875,35194.8203125,34409.03125,3453337,0.0,0.0
2024-06-21 00:00:00+07:00,35272.171875,35929.65625,35233.49609375,35272.171875,34484.65625,1991176,0.0,0.0
2024-06-24 00:00:00+07:00,35581.57421875,35852.3046875,34808.0625,34808.0625,34030.91015625,2522260,0.0,0.0
2024-06-25 00:00:00+07:00,35117.46875,35349.51953125,33686.46875,34189.25390625,33425.91796875,3737625,0.0,0.0
2024-06-26 00:00:00+07:00,34227.9296875,34653.359375,34034.55078125,34421.3046875,33652.78515625,2184580,0.0,0.0
2024-06-27 00:00:00+07:00,34576.0078125,34808.0625,34111.90234375,34111.90234375,33350.29296875,2034356,0.0,0.0
2024-06-28 00:00:00+07:00,34111.90234375,34498.65625,33454.4140625,33454.4140625,32707.482421875,2741390,0.0,0.0
2024-07-01 00:00:00+07:00,33493.08984375,33957.19921875,33261.0390625,33957.19921875,33199.04296875,1598939,0.0,0.0
2024-07-02 00:00:00+07:00,34227.9296875,35426.87109375,34073.2265625,35388.1953125,34598.0859375,4670254,0.0,0.0
2024-07-03 00:00:00+07:00,35581.57421875,36509.7890625,35233.49609375,36509.7890625,35694.640625,5949225,0.0,0.0
2024-07-04 00:00:00+07:00,36355.0859375,36664.4921875,36200.38671875,36587.140625,35770.265625,3446744,0.0,0.0
2024-07-05 00:00:00+07:00,36625.81640625,37283.30078125,36432.4375,36587.140625,35770.265625,5975339,0.0,0.0
2024-07-08 00:00:00+07:00,36780.51953125,36973.8984375,36161.7109375,36355.0859375,35543.390625,2561949,0.0,0.0
2024-07-09 00:00:00+07:00,36741.84375,37128.6015625,36277.734375,36741.84375,35921.51171875,3325479,0.0,0.0
2024-07-10 00:00:00+07:00,37012.57421875,37051.25,36277.734375,36277.734375,35467.765625,2611334,0.0,0.0
2024-07-11 00:00:00+07:00,36703.16796875,36703.16796875,36200.38671875,36200.38671875,35392.1484375,1672500,0.0,0.0
2024-07-12 00:00:00+07:00,36277.734375,36509.7890625,35774.953125,36045.68359375,35240.8984375,1855949,0.0,0.0
2024-07-15 00:00:00+07:00,36355.0859375,36393.76171875,35813.62890625,36007.0078125,35203.08203125,1532489,0.0,0.0
2024-07-16 00:00:00+07:00,36200.38671875,37360.65234375,35968.33203125,36471.11328125,35656.828125,5274252,0.0,0.0
2024-07-17 00:00:00+07:00,37051.25,38675.625,36780.51953125,37128.6015625,36299.63671875,10154974,0.0,0.0
2024-07-18 00:00:00+07:00,37592.70703125,38134.16796875,37012.57421875,37515.35546875,36677.75390625,4347311,0.0,0.0
2024-07-19 00:00:00+07:00,37747.41015625,37902.11328125,36741.84375,36896.546875,36072.76171875,3985326,0.0,0.0
2024-07-22 00:00:00+07:00,36896.546875,37670.05859375,36509.7890625,36896.546875,36072.76171875,4444789,0.0,0.0
2024-07-23 00:00:00+07:00,36973.8984375,37321.9765625,34421.3046875,35581.57421875,34787.15234375,4343433,0.0,0.0
2024-07-24 00:00:00+07:00,34808.0625,36239.0625,34808.0625,35658.92578125,34862.7734375,3203568,0.0,0.0
2024-07-25 00:00:00+07:00,35929.65625,35929.65625,35194.8203125,35581.57421875,34787.15234375,1893957,0.0,0.0
2024-07-26 00:00:00+07:00,35813.62890625,36007.0078125,35465.546875,35774.953125,34976.2109375,1600879,0.0,0.0
2024-07-29 00:00:00+07:00,35852.3046875,36548.46484375,35852.3046875,36432.4375,35619.015625,1351497,0.0,0.0
2024-07-30 00:00:00+07:00,36625.81640625,36625.81640625,35968.33203125,36200.38671875,35392.1484375,2950307,0.0,0.0
2024-07-31 00:00:00+07:00,36355.0859375,37438.00390625,36277.734375,36819.1953125,35997.140625,4086811,0.0,0.0
2024-08-01 00:00:00+07:00,37051.25,37824.76171875,36200.38671875,36200.38671875,35392.1484375,4945621,0.0,0.0
2024-08-02 00:00:00+07:00,35968.33203125,36935.22265625,35968.33203125,36935.22265625,36110.578125,2545272,0.0,0.0
2024-08-05 00:00:00+07:00,36277.734375,36509.7890625,34808.0625,35658.92578125,34862.7734375,3520434,0.0,0.0
2024-08-06 00:00:00+07:00,35890.98046875,36857.87109375,35465.546875,36161.7109375,35354.33203125,2334933,0.0,0.0
2024-08-07 00:00:00+07:00,36664.4921875,36664.4921875,35581.57421875,35890.98046875,35089.6484375,2773064,0.0,0.0
2024-08-08 00:00:00+07:00,35968.33203125,36200.38671875,35349.51953125,35581.57421875,34787.15234375,1840952,0.0,0.0
2024-08-09 00:00:00+07:00,36355.0859375,36355.0859375,35852.3046875,36123.03515625,35316.51953125,1358607,0.0,0.0
2024-08-12 00:00:00+07:00,36123.03515625,36625.81640625,35968.33203125,36200.38671875,35392.1484375,1756144,0.0,0.0
2024-08-13 00:00:00+07:00,36355.0859375,36471.11328125,35968.33203125,36084.359375,35278.7109375,1312713,0.0,0.0
2024-08-14 00:00:00+07:00,36200.38671875,36935.22265625,36200.38671875,36393.76171875,35581.203125,2202679,0.0,0.0
2024-08-15 00:00:00+07:00,36393.76171875,36703.16796875,36084.359375,36084.359375,35278.7109375,1298362,0.0,0.0
2024-08-16 00:00:00+07:00,36161.7109375,37167.27734375,36161.7109375,36741.84375,35921.51171875,3079717,0.0,0.0
2024-08-19 00:00:00+07:00,36973.8984375,37515.35546875,36819.1953125,37051.25,36224.01171875,2724196,0.0,0.0
2024-08-20 00:00:00+07:00,37360.65234375,38056.81640625,37244.625,38018.140625,37169.3125,5635849,0.0,0.0
2024-08-21 00:00:00+07:00,38250.19140625,39294.43359375,37940.7890625,39139.734375,38265.87109375,7977763,0.0,0.0
2024-08-22 00:00:00+07:00,39449.13671875,39681.19140625,38598.2734375,38907.6796875,38038.99609375,3539697,0.0,0.0
2024-08-23 00:00:00+07:00,38830.328125,39294.43359375,38752.9765625,39062.3828125,38190.2421875,2938801,0.0,0.0
2024-08-26 00:00:00+07:00,39294.43359375,39371.78515625,38752.9765625,38830.328125,37963.3671875,2904284,0.0,0.0
2024-08-27 00:00:00+07:00,38907.6796875,38907.6796875,37979.46484375,38366.21875,37509.62109375,5377805,0.0,0.0
2024-08-28 00:00:00+07:00,38366.21875,38907.6796875,38288.8671875,38366.21875,37509.62109375,1559250,0.0,0.0
2024-08-29 00:00:00+07:00,38134.16796875,39139.734375,38134.16796875,38134.16796875,37282.75,2179796,0.0,0.0
2024-08-30 00:00:00+07:00,38327.54296875,38443.5703125,37824.76171875,37824.76171875,36980.25390625,2324461,0.0,0.0
2024-09-02 00:00:00+07:00,37824.76171875,37824.76171875,37824.76171875,37824.76171875,36980.25390625,0,0.0,0.0
2024-09-03 00:00:00+07:00,37824.76171875,37824.76171875,37824.76171875,37824.76171875,36980.25390625,0,0.0,0.0
2024-09-04 00:00:00+07:00,37515.35546875,38250.19140625,37244.625,37863.4375,37018.06640625,2548116,0.0,0.0
2024-09-05 00:00:00+07:00,37708.734375,38288.8671875,37592.70703125,37670.05859375,36829.0078125,2455551,0.0,0.0
2024-09-06 00:00:00+07:00,37670.05859375,38288.8671875,37631.3828125,38134.16796875,37282.75,3052956,0.0,0.0
2024-09-09 00:00:00+07:00,38056.81640625,38327.54296875,37824.76171875,37940.7890625,37093.69140625,1554467,0.0,0.0
2024-09-10 00:00:00+07:00,38134.16796875,38134.16796875,37476.6796875,37515.35546875,36677.75390625,3102600,0.0,0.0
2024-09-11 00:00:00+07:00,37476.6796875,37631.3828125,37128.6015625,37360.65234375,36526.5078125,1817423,0.0,0.0
2024-09-12 00:00:00+07:00,37515.35546875,37670.05859375,37399.328125,37399.328125,36564.31640625,1428806,0.0,0.0
2024-09-13 00:00:00+07:00,37283.30078125,37554.03125,37283.30078125,37283.30078125,36450.8828125,966241,0.0,0.0
2024-09-16 00:00:00+07:00,37283.30078125,37592.70703125,36935.22265625,36935.22265625,36110.578125,2030607,0.0,0.0
2024-09-17 00:00:00+07:00,36973.8984375,37670.05859375,36741.84375,37670.05859375,36829.0078125,1762479,0.0,0.0
2024-09-18 00:00:00+07:00,37747.41015625,38250.19140625,37515.35546875,37940.7890625,37093.69140625,2373975,0.0,0.0
2024-09-19 00:00:00+07:00,38056.81640625,38211.515625,37747.41015625,38095.4921875,37244.9375,1753171,0.0,0.0
2024-09-20 00:00:00+07:00,38288.8671875,38598.2734375,37940.7890625,37940.7890625,37093.69140625,3428774,0.0,0.0
2024-09-23 00:00:00+07:00,37940.7890625,38211.515625,37670.05859375,37670.05859375,36829.0078125,1574247,0.0,0.0
2024-09-24 00:00:00+07:00,37863.4375,38095.4921875,37515.35546875,38095.4921875,37244.9375,1828283,0.0,0.0
2024-09-25 00:00:00+07:00,38443.5703125,38985.03125,38172.84375,38675.625,37812.12109375,6797433,0.0,0.0
2024-09-26 00:00:00+07:00,38907.6796875,39294.43359375,38559.59765625,38675.625,37812.12109375,5471921,0.0,0.0
2024-09-27 00:00:00+07:00,38907.6796875,39990.59765625,38675.625,38752.9765625,37887.7421875,4142143,0.0,0.0
2024-09-30 00:00:00+07:00,38752.9765625,38830.328125,38366.21875,38443.5703125,37585.24609375,2832016,0.0,0.0
2024-10-01 00:00:00+07:00,38443.5703125,39217.08203125,38443.5703125,38443.5703125,37585.24609375,3642733,0.0,0.0
2024-10-02 00:00:00+07:00,38443.5703125,38830.328125,38366.21875,38520.921875,37660.87109375,2372553,0.0,0.0
2024-10-03 00:00:00+07:00,38520.921875,39294.43359375,38288.8671875,38288.8671875,37434.0,4529726,0.0,0.0
2024-10-04 00:00:00+07:00,38288.8671875,38366.21875,38018.140625,38056.81640625,37207.12890625,2798661,0.0,0.0
2024-10-07 00:00:00+07:00,38288.8671875,38288.8671875,37902.11328125,37940.7890625,37093.69140625,1929509,0.0,0.0
2024-10-08 00:00:00+07:00,37940.7890625,38172.84375,37747.41015625,37824.76171875,36980.25390625,2456456,0.0,0.0
2024-10-09 00:00:00+07:00,38056.81640625,38366.21875,37747.41015625,38250.19140625,37396.18359375,2832404,0.0,0.0
2024-10-10 00:00:00+07:00,38636.94921875,38636.94921875,38211.515625,38482.24609375,37623.05859375,3426447,0.0,0.0
2024-10-11 00:00:00+07:00,38559.59765625,38559.59765625,38134.16796875,38211.515625,37358.37109375,1990659,0.0,0.0
2024-10-14 00:00:00+07:00,38288.8671875,38482.24609375,38211.515625,38211.515625,37358.37109375,1502108,0.0,0.0
2024-10-15 00:00:00+07:00,38288.8671875,39449.13671875,38288.8671875,38675.625,37812.12109375,8957062,0.0,0.0
2024-10-16 00:00:00+07:00,38675.625,39062.3828125,38520.921875,38559.59765625,37698.68359375,2315411,0.0,0.0
2024-10-17 00:00:00+07:00,38830.328125,38907.6796875,38327.54296875,38907.6796875,38038.99609375,2739322,0.0,0.0
2024-10-18 00:00:00+07:00,39217.08203125,39449.13671875,38907.6796875,38907.6796875,38038.99609375,4389198,0.0,0.0
2024-10-21 00:00:00+07:00,38675.625,38830.328125,38404.89453125,38404.89453125,37547.4375,2747466,0.0,0.0
2024-10-22 00:00:00+07:00,38443.5703125,38443.5703125,37670.05859375,37708.734375,36866.81640625,4359205,0.0,0.0
2024-10-23 00:00:00+07:00,37708.734375,37708.734375,37128.6015625,37438.00390625,36602.1328125,3099109,0.0,0.0
2024-10-24 00:00:00+07:00,37205.953125,37786.0859375,37128.6015625,37128.6015625,36299.63671875,1894216,0.0,0.0
2024-10-25 00:00:00+07:00,37167.27734375,37360.65234375,36741.84375,36741.84375,35921.51171875,2193241,0.0,0.0
2024-10-28 00:00:00+07:00,36741.84375,36935.22265625,36587.140625,36741.84375,35921.51171875,2231638,0.0,0.0
2024-10-29 00:00:00+07:00,36896.546875,37476.6796875,36741.84375,36780.51953125,35959.32421875,2813658,0.0,0.0
2024-10-30 00:00:00+07:00,36857.87109375,37283.30078125,36857.87109375,36896.546875,36072.76171875,1830351,0.0,0.0
2024-10-31 00:00:00+07:00,37128.6015625,37476.6796875,36857.87109375,36935.22265625,36110.578125,2316963,0.0,0.0
2024-11-01 00:00:00+07:00,37128.6015625,37205.953125,36780.51953125,36935.22265625,36110.578125,1995055,0.0,0.0
2024-11-04 00:00:00+07:00,36935.22265625,37283.30078125,36780.51953125,36896.546875,36072.76171875,1728608,0.0,0.0
2024-11-05 00:00:00+07:00,36896.546875,37051.25,36625.81640625,36664.4921875,35845.890625,1972818,0.0,0.0
2024-11-06 00:00:00+07:00,36819.1953125,37244.625,36819.1953125,37167.27734375,36337.44921875,1399589,0.0,0.0
2024-11-07 00:00:00+07:00,37438.00390625,37438.00390625,36819.1953125,36819.1953125,35997.140625,1633587,0.0,0.0
2024-11-08 00:00:00+07:00,36896.546875,37051.25,36355.0859375,36664.4921875,35845.890625,3424249,0.0,0.0
2024-11-11 00:00:00+07:00,36664.4921875,36741.84375,35890.98046875,35968.33203125,35165.2734375,3361678,0.0,0.0
2024-11-12 00:00:00+07:00,35968.33203125,36239.0625,35813.62890625,35813.62890625,35014.0234375,2179925,0.0,0.0
2024-11-13 00:00:00+07:00,35813.62890625,35968.33203125,35465.546875,35697.6015625,34900.5859375,2348249,0.0,0.0
2024-11-14 00:00:00+07:00,35774.953125,35774.953125,35194.8203125,35194.8203125,34409.03125,2583668,0.0,0.0
2024-11-15 00:00:00+07:00,35272.171875,35272.171875,34576.0078125,34576.0078125,33804.03515625,2916307,0.0,0.0
2024-11-18 00:00:00+07:00,34537.33203125,35272.171875,34382.62890625,34382.62890625,33614.97265625,2474814,0.0,0.0
2024-11-19 00:00:00+07:00,34962.765625,34962.765625,34498.65625,34498.65625,33728.41015625,1884132,0.0,0.0
2024-11-20 00:00:00+07:00,34576.0078125,35465.546875,34421.3046875,34808.0625,34030.91015625,2829689,0.0,0.0
2024-11-21 00:00:00+07:00,34885.4140625,35310.84375,34885.4140625,35078.79296875,34295.59375,1903524,0.0,0.0
2024-11-22 00:00:00+07:00,35426.87109375,35426.87109375,35001.44140625,35349.51953125,34560.27734375,2423619,0.0,0.0
2024-11-25 00:00:00+07:00,35349.51953125,35426.87109375,35194.8203125,35233.49609375,34446.84375,1435529,0.0,0.0
2024-11-26 00:00:00+07:00,35194.8203125,35774.953125,35194.8203125,35774.953125,34976.2109375,2377854,0.0,0.0
2024-11-27 00:00:00+07:00,35774.953125,35929.65625,35620.25,35852.3046875,35051.8359375,1570627,0.0,0.0
2024-11-28 00:00:00+07:00,35968.33203125,36007.0078125,35658.92578125,35658.92578125,34862.7734375,1660865,0.0,0.0
2024-11-29 00:00:00+07:00,35658.92578125,36161.7109375,35465.546875,36161.7109375,35354.33203125,1865774,0.0,0.0
2024-12-02 00:00:00+07:00,36277.734375,36432.4375,35968.33203125,35968.33203125,35165.2734375,1698873,0.0,0.0
2024-12-03 00:00:00+07:00,35968.33203125,35968.33203125,35620.25,35620.25,34824.9609375,1810054,0.0,0.0
2024-12-04 00:00:00+07:00,35658.92578125,35697.6015625,34924.08984375,34924.08984375,34144.34375,3101565,0.0,0.0
2024-12-05 00:00:00+07:00,35040.1171875,36200.38671875,35040.1171875,35581.57421875,34787.15234375,3138152,0.0,0.0
2024-12-06 00:00:00+07:00,35890.98046875,36316.41015625,35890.98046875,36045.68359375,35240.8984375,3228389,0.0,0.0
2024-12-09 00:00:00+07:00,36084.359375,36355.0859375,36045.68359375,36123.03515625,35316.51953125,2220649,0.0,0.0
2024-12-10 00:00:00+07:00,36200.38671875,36625.81640625,36161.7109375,36161.7109375,35354.33203125,2512305,0.0,0.0
2024-12-11 00:00:00+07:00,36316.41015625,36355.0859375,35968.33203125,36045.68359375,35240.8984375,1663321,0.0,0.0
2024-12-12 00:00:00+07:00,36123.03515625,36471.11328125,36045.68359375,36045.68359375,35240.8984375,2501963,0.0,0.0
2024-12-13 00:00:00+07:00,36007.0078125,36200.38671875,35890.98046875,35890.98046875,35089.6484375,1787818,0.0,0.0
2024-12-16 00:00:00+07:00,36355.0859375,36548.46484375,36123.03515625,36161.7109375,35354.33203125,4197992,0.0,0.0
2024-12-17 00:00:00+07:00,36355.0859375,36471.11328125,36045.68359375,36045.68359375,35240.8984375,2907257,0.0,0.0
2024-12-18 00:00:00+07:00,36239.0625,36355.0859375,36123.03515625,36239.0625,35429.95703125,2147476,0.0,0.0
2024-12-19 00:00:00+07:00,36084.359375,36161.7109375,35890.98046875,35929.65625,35127.4609375,3498327,0.0,0.0
2024-12-20 00:00:00+07:00,35968.33203125,36123.03515625,35852.3046875,35929.65625,35127.4609375,3869879,0.0,0.0
2024-12-23 00:00:00+07:00,36408.4609375,36502.0546875,36034.078125,36127.67578125,35321.05859375,3093540,0.0,1.21
2024-12-24 00:00:00+07:00,36221.26953125,36361.6640625,35612.90234375,35659.69921875,34863.53125,3436080,0.0,0.0
2024-12-25 00:00:00+07:00,35753.29296875,37250.81640625,35659.69921875,36174.47265625,35366.8125,5638441,0.0,0.0
2024-12-26 00:00:00+07:00,36455.2578125,36829.63671875,36314.86328125,36502.0546875,35687.078125,4150007,0.0,0.0
2024-12-27 00:00:00+07:00,36736.04296875,36970.03125,36595.6484375,36642.44921875,35824.33984375,3055184,0.0,0.0
2024-12-30 00:00:00+07:00,36595.6484375,36642.44921875,35800.09375,35800.09375,35000.7890625,4286339,0.0,0.0
2024-12-31 00:00:00+07:00,36034.078125,36268.06640625,35144.92578125,35144.92578125,34360.25390625,3650728,0.0,0.0
2025-01-01 00:00:00+07:00,35144.92578125,35144.92578125,35144.92578125,35144.92578125,34360.25390625,0,0.0,0.0
2025-01-02 00:00:00+07:00,35753.29296875,36174.47265625,35472.5078125,35753.29296875,34955.03515625,3376782,0.0,0.0
2025-01-03 00:00:00+07:00,35753.29296875,36127.67578125,35753.29296875,35753.29296875,34955.03515625,3951599,0.0,0.0
2025-01-06 00:00:00+07:00,35846.890625,36642.44921875,35753.29296875,36314.86328125,35504.06640625,5150701,0.0,0.0
2025-01-07 00:00:00+07:00,36595.6484375,37905.98046875,36548.8515625,37812.38671875,36968.15234375,11163415,0.0,0.0
2025-01-08 00:00:00+07:00,37812.38671875,37812.38671875,37110.421875,37765.5859375,36922.40234375,3339066,0.0,0.0
2025-01-09 00:00:00+07:00,37344.41015625,37484.80078125,36829.63671875,37391.20703125,36556.37890625,3845397,0.0,0.0
2025-01-10 00:00:00+07:00,37344.41015625,37344.41015625,36595.6484375,36595.6484375,35778.58203125,3327634,0.0,0.0
2025-01-13 00:00:00+07:00,36595.6484375,36829.63671875,35940.484375,36782.83984375,35961.59375,2629840,0.0,0.0
2025-01-14 00:00:00+07:00,36689.24609375,36689.24609375,36408.4609375,36502.0546875,35687.078125,1023131,0.0,0.0
2025-01-15 00:00:00+07:00,36689.24609375,36689.24609375,36127.67578125,36689.24609375,35870.09375,1587477,0.0,0.0
2025-01-16 00:00:00+07:00,36689.24609375,36689.24609375,36127.67578125,36689.24609375,35870.09375,1587477,0.0,0.0
2025-01-17 00:00:00+07:00,36689.24609375,36970.03125,36548.8515625,36970.03125,36144.609375,1680538,0.0,0.0
2025-01-20 00:00:00+07:00,36923.234375,37531.6015625,36876.43359375,37344.41015625,36510.625,3049628,0.0,0.0
2025-01-21 00:00:00+07:00,37484.80078125,37484.80078125,36970.03125,37250.81640625,36419.12109375,2286019,0.0,0.0
2025-01-22 00:00:00+07:00,37250.81640625,37250.81640625,36923.234375,36970.03125,36144.609375,2159196,0.0,0.0
2025-01-23 00:00:00+07:00,36970.03125,37531.6015625,36923.234375,37344.41015625,36510.625,3125700,0.0,0.0
2025-01-24 00:00:00+07:00,37344.41015625,37438.00390625,37204.015625,37438.00390625,36602.1328125,2493615,0.0,0.0
2025-01-27 00:00:00+07:00,37438.00390625,37438.00390625,37438.00390625,37438.00390625,36602.1328125,0,0.0,0.0
2025-01-28 00:00:00+07:00,37438.00390625,37438.00390625,37438.00390625,37438.00390625,36602.1328125,0,0.0,0.0
2025-01-29 00:00:00+07:00,37438.00390625,37438.00390625,37438.00390625,37438.00390625,36602.1328125,0,0.0,0.0
2025-01-30 00:00:00+07:00,37438.00390625,37438.00390625,37438.00390625,37438.00390625,36602.1328125,0,0.0,0.0
2025-01-31 00:00:00+07:00,37438.00390625,37438.00390625,37438.00390625,37438.00390625,36602.1328125,0,0.0,0.0
2025-02-03 00:00:00+07:00,37157.21875,37344.41015625,36595.6484375,36876.43359375,36053.09765625,3793471,0.0,0.0
2025-02-04 00:00:00+07:00,36970.03125,37531.6015625,36642.44921875,37110.421875,36281.86328125,4563170,0.0,0.0
2025-02-05 00:00:00+07:00,37344.41015625,37391.20703125,37016.828125,37063.625,36236.109375,2532506,0.0,0.0
2025-02-06 00:00:00+07:00,37110.421875,37438.00390625,37063.625,37250.81640625,36419.12109375,4248196,0.0,0.0
2025-02-07 00:00:00+07:00,37250.81640625,38186.765625,37250.81640625,37905.98046875,37059.66015625,8605159,0.0,0.0
2025-02-10 00:00:00+07:00,37905.98046875,38561.14453125,37531.6015625,37765.5859375,36922.40234375,4911265,0.0,0.0
2025-02-11 00:00:00+07:00,37905.98046875,38139.96875,37531.6015625,37859.18359375,37013.90625,3070462,0.0,0.0
2025-02-12 00:00:00+07:00,37765.5859375,37859.18359375,37344.41015625,37438.00390625,36602.1328125,4632725,0.0,0.0
2025-02-13 00:00:00+07:00,37438.00390625,37671.9921875,37344.41015625,37438.00390625,36602.1328125,2596399,0.0,0.0
2025-02-14 00:00:00+07:00,37765.5859375,38233.5625,37578.3984375,38046.37109375,37196.9140625,4869703,0.0,0.0
2025-02-17 00:00:00+07:00,38046.37109375,38046.37109375,37578.3984375,37625.1953125,36785.14453125,2428655,0.0,0.0
2025-02-18 00:00:00+07:00,37531.6015625,38046.37109375,37484.80078125,37905.98046875,37059.66015625,3547304,0.0,0.0
2025-02-19 00:00:00+07:00,37905.98046875,38280.359375,37812.38671875,38233.5625,37379.9296875,5825524,0.0,0.0
2025-02-20 00:00:00+07:00,38373.95703125,38420.75390625,38046.37109375,38280.359375,37425.6796875,3630962,0.0,0.0
2025-02-21 00:00:00+07:00,38233.5625,38420.75390625,38046.37109375,38280.359375,37425.6796875,3193332,0.0,0.0
2025-02-24 00:00:00+07:00,38280.359375,38748.3359375,38093.171875,38467.55078125,37608.69140625,4453869,0.0,0.0
2025-02-25 00:00:00+07:00,38514.34765625,38701.5390625,38373.95703125,38607.94140625,37745.9453125,4646401,0.0,0.0
2025-02-26 00:00:00+07:00,38561.14453125,38607.94140625,38327.15625,38561.14453125,37700.19921875,3226774,0.0,0.0
2025-02-27 00:00:00+07:00,38561.14453125,38654.73828125,38280.359375,38327.15625,37471.4296875,2726961,0.0,0.0
2025-02-28 00:00:00+07:00,38327.15625,38327.15625,38093.171875,38327.15625,37471.4296875,3260430,0.0,0.0
2025-03-03 00:00:00+07:00,38327.15625,38561.14453125,38233.5625,38327.15625,37471.4296875,2100646,0.0,0.0
2025-03-04 00:00:00+07:00,38186.765625,38280.359375,37812.38671875,38186.765625,37334.17578125,3568673,0.0,0.0
2025-03-05 00:00:00+07:00,38093.171875,38514.34765625,37859.18359375,38046.37109375,37196.9140625,3023451,0.0,0.0
2025-03-06 00:00:00+07:00,38046.37109375,38280.359375,37952.77734375,38186.765625,37334.17578125,2554089,0.0,0.0
2025-03-07 00:00:00+07:00,38186.765625,38514.34765625,38093.171875,38514.34765625,37654.4453125,4938724,0.0,0.0
2025-03-10 00:00:00+07:00,38654.73828125,39309.90625,38561.14453125,38748.3359375,37883.20703125,5215769,0.0,0.0
2025-03-11 00:00:00+07:00,38327.15625,38748.3359375,38139.96875,38748.3359375,37883.20703125,3581601,0.0,0.0
2025-03-12 00:00:00+07:00,38701.5390625,38748.3359375,38233.5625,38280.359375,37425.6796875,4239648,0.0,0.0
2025-03-13 00:00:00+07:00,38280.359375,38280.359375,37531.6015625,37625.1953125,36785.14453125,4253752,0.0,0.0
2025-03-14 00:00:00+07:00,37625.1953125,37812.38671875,37484.80078125,37812.38671875,36968.15234375,2455365,0.0,0.0
2025-03-17 00:00:00+07:00,37812.38671875,37952.77734375,37578.3984375,37765.5859375,36922.40234375,3547090,0.0,0.0
2025-03-18 00:00:00+07:00,37905.98046875,37999.57421875,37438.00390625,37438.00390625,36602.1328125,3653186,0.0,0.0
2025-03-19 00:00:00+07:00,37625.1953125,37625.1953125,37016.828125,37250.81640625,36419.12109375,3399753,0.0,0.0
2025-03-20 00:00:00+07:00,37016.828125,37344.41015625,37016.828125,37250.81640625,36419.12109375,2410171,0.0,0.0
2025-03-21 00:00:00+07:00,37063.625,37250.81640625,36923.234375,36923.234375,36098.85546875,2572359,0.0,0.0
2025-03-24 00:00:00+07:00,36923.234375,36970.03125,36502.0546875,36595.6484375,35778.58203125,3988994,0.0,0.0
2025-03-25 00:00:00+07:00,36689.24609375,37157.21875,36689.24609375,37157.21875,36327.6171875,3137453,0.0,0.0
2025-03-26 00:00:00+07:00,37063.625,37297.61328125,36876.43359375,37016.828125,36190.359375,2781985,0.0,0.0
2025-03-27 00:00:00+07:00,37110.421875,37110.421875,36595.6484375,36595.6484375,35778.58203125,1989849,0.0,0.0
2025-03-28 00:00:00+07:00,36642.44921875,36736.04296875,36548.8515625,36595.6484375,35778.58203125,1497408,0.0,0.0
2025-03-31 00:00:00+07:00,36502.0546875,36502.0546875,36034.078125,36268.06640625,35458.3125,3098028,0.0,0.0
2025-04-01 00:00:00+07:00,36408.4609375,36502.0546875,36221.26953125,36502.0546875,35687.078125,1460547,0.0,0.0
2025-04-02 00:00:00+07:00,36736.04296875,36736.04296875,36221.26953125,36221.26953125,35412.5625,3233078,0.0,0.0
2025-04-03 00:00:00+07:00,34630.15625,35472.5078125,33694.203125,33694.203125,32941.91796875,8034723,0.0,0.0
2025-04-04 00:00:00+07:00,31401.126953125,33694.203125,31401.126953125,33694.203125,32941.91796875,7354238,0.0,0.0
2025-04-07 00:00:00+07:00,33694.203125,33694.203125,33694.203125,33694.203125,32941.91796875,0,0.0,0.0
2025-04-08 00:00:00+07:00,32758.25390625,33226.23046875,31354.330078125,31354.330078125,30654.287109375,5028579,0.0,0.0
2025-04-09 00:00:00+07:00,29201.64453125,32290.279296875,29201.64453125,30371.58203125,29693.48046875,6965221,0.0,0.0
2025-04-10 00:00:00+07:00,32477.46875,32477.46875,32477.46875,32477.46875,31752.349609375,679309,0.0,0.0
2025-04-11 00:00:00+07:00,34536.55859375,34536.55859375,33273.02734375,34396.16796875,33628.20703125,7422938,0.0,0.0
2025-04-14 00:00:00+07:00,34630.15625,34630.15625,33694.203125,34630.15625,33856.97265625,3790159,0.0,0.0
2025-04-15 00:00:00+07:00,34255.7734375,34396.16796875,33694.203125,34162.1796875,33399.4453125,3204337,0.0,0.0
2025-04-16 00:00:00+07:00,33787.80078125,34068.5859375,33413.41796875,33694.203125,32941.91796875,3114054,0.0,0.0
2025-04-17 00:00:00+07:00,32945.4453125,33553.8125,32711.45703125,33553.8125,32804.6640625,3340776,0.0,0.0
2025-04-18 00:00:00+07:00,33881.39453125,33928.19140625,33553.8125,33647.40625,32896.1640625,3715582,0.0,0.0
2025-04-21 00:00:00+07:00,33647.40625,33694.203125,32851.84765625,32992.2421875,32255.62890625,2249692,0.0,0.0
2025-04-22 00:00:00+07:00,32898.6484375,32945.4453125,30699.1640625,32851.84765625,32118.369140625,3845610,0.0,0.0
2025-04-23 00:00:00+07:00,33460.21875,33460.21875,32758.25390625,33085.8359375,32347.134765625,1976173,0.0,0.0
2025-04-24 00:00:00+07:00,33085.8359375,33179.43359375,32664.66015625,33179.43359375,32438.640625,2167530,0.0,0.0
2025-04-25 00:00:00+07:00,33039.0390625,33132.6328125,32758.25390625,32758.25390625,32026.865234375,2868208,0.0,0.0
2025-04-28 00:00:00+07:00,33039.0390625,33039.0390625,32196.68359375,32337.076171875,31615.08984375,3547411,0.0,0.0
2025-04-29 00:00:00+07:00,32383.875,32524.267578125,32149.88671875,32337.076171875,31615.08984375,2607190,0.0,0.0
2025-04-30 00:00:00+07:00,32337.076171875,32337.076171875,32337.076171875,32337.076171875,31615.08984375,0,0.0,0.0
2025-05-01 00:00:00+07:00,32337.076171875,32337.076171875,32337.076171875,32337.076171875,31615.08984375,0,0.0,0.0
2025-05-02 00:00:00+07:00,32337.076171875,32337.076171875,32337.076171875,32337.076171875,31615.08984375,0,0.0,0.0
2025-05-05 00:00:00+07:00,32430.671875,32617.861328125,32103.08984375,32617.861328125,31889.607421875,1960254,0.0,0.0
2025-05-06 00:00:00+07:00,32430.671875,32617.861328125,32103.08984375,32617.861328125,31889.607421875,1960254,0.0,0.0
2025-05-07 00:00:00+07:00,32664.66015625,32945.4453125,32337.076171875,32711.45703125,31981.11328125,3175489,0.0,0.0
2025-05-08 00:00:00+07:00,32571.064453125,32664.66015625,32383.875,32664.66015625,31935.361328125,2275548,0.0,0.0
2025-05-09 00:00:00+07:00,32664.66015625,33273.02734375,32477.46875,33179.43359375,32438.640625,4985522,0.0,0.0
2025-05-12 00:00:00+07:00,32851.84765625,33039.0390625,32758.25390625,32992.2421875,32255.62890625,3351994,0.0,0.0
2025-05-13 00:00:00+07:00,32851.84765625,33039.0390625,32758.25390625,32992.2421875,32255.62890625,3351994,0.0,0.0
2025-05-14 00:00:00+07:00,33179.43359375,33507.015625,33039.0390625,33507.015625,32758.91015625,7043217,0.0,0.0
2025-05-15 00:00:00+07:00,33647.40625,35098.12890625,33600.609375,35051.33203125,34268.74609375,12666807,0.0,0.0
2025-05-16 00:00:00+07:00,35098.12890625,35285.3203125,34770.546875,35004.53515625,34222.9921875,6649713,0.0,0.0
2025-05-19 00:00:00+07:00,34162.1796875,34208.9765625,33787.80078125,33881.39453125,33124.9296875,2930498,0.0,0.0
2025-05-20 00:00:00+07:00,34162.1796875,34208.9765625,33787.80078125,33881.39453125,33124.9296875,2930498,0.0,0.0
2025-05-21 00:00:00+07:00,33928.19140625,34068.5859375,33553.8125,33881.39453125,33124.9296875,4968747,0.0,0.0
2025-05-22 00:00:00+07:00,34021.78515625,34489.76171875,33694.203125,33881.39453125,33124.9296875,3938137,0.0,0.0
2025-05-23 00:00:00+07:00,33881.39453125,33881.39453125,33553.8125,33694.203125,32941.91796875,3719215,0.0,0.0
2025-05-26 00:00:00+07:00,33553.8125,33600.609375,32758.25390625,33553.8125,32804.6640625,2684758,0.0,0.0
2025-05-27 00:00:00+07:00,33553.8125,33600.609375,32758.25390625,33553.8125,32804.6640625,2684758,0.0,0.0
2025-05-28 00:00:00+07:00,33694.203125,34068.5859375,33507.015625,33974.98828125,33216.43359375,3789625,0.0,0.0
2025-05-29 00:00:00+07:00,34583.35546875,34583.35546875,33741.00390625,34162.1796875,33399.4453125,4991612,0.0,0.0
2025-05-30 00:00:00+07:00,34162.1796875,34162.1796875,33787.80078125,34115.3828125,33353.69140625,3237138,0.0,0.0
2025-06-02 00:00:00+07:00,33507.015625,33553.8125,33226.23046875,33413.41796875,32667.400390625,2987872,0.0,0.0
2025-06-03 00:00:00+07:00,33507.015625,33553.8125,33226.23046875,33413.41796875,32667.400390625,2987872,0.0,0.0
2025-06-04 00:00:00+07:00,33600.609375,33834.59765625,33507.015625,33600.609375,32850.4140625,2916074,0.0,0.0
2025-06-05 00:00:00+07:00,33694.203125,33787.80078125,33366.62109375,33460.21875,32713.158203125,3216303,0.0,0.0
2025-06-06 00:00:00+07:00,33600.609375,33600.609375,33179.43359375,33226.23046875,32484.39453125,267215,0.0,0.0
2025-06-09 00:00:00+07:00,32992.2421875,33085.8359375,32758.25390625,32992.2421875,32255.62890625,1773491,0.0,0.0
2025-06-10 00:00:00+07:00,32992.2421875,33085.8359375,32758.25390625,32992.2421875,32255.62890625,1773491,0.0,0.0
2025-06-11 00:00:00+07:00,32992.2421875,33179.43359375,32945.4453125,32945.4453125,32209.876953125,1993268,0.0,0.0
2025-06-12 00:00:00+07:00,33039.0390625,33132.6328125,32758.25390625,32805.05078125,32072.6171875,1321437,0.0,0.0
2025-06-13 00:00:00+07:00,32851.84765625,33132.6328125,32851.84765625,33039.0390625,32301.380859375,1513328,0.0,0.0
2025-06-16 00:00:00+07:00,33273.02734375,33600.609375,33179.43359375,33553.8125,32804.6640625,2892889,0.0,0.0
2025-06-17 00:00:00+07:00,33273.02734375,33600.609375,33179.43359375,33553.8125,32804.6640625,2892889,0.0,0.0
2025-06-18 00:00:00+07:00,33694.203125,33881.39453125,33553.8125,33600.609375,32850.4140625,4002136,0.0,0.0
2025-06-19 00:00:00+07:00,33600.609375,33741.00390625,33319.82421875,33366.62109375,32621.6484375,2773438,0.0,0.0
2025-06-20 00:00:00+07:00,33413.41796875,33600.609375,33226.23046875,33507.015625,32758.91015625,2001175,0.0,0.0
2025-06-23 00:00:00+07:00,33366.62109375,33694.203125,33273.02734375,33553.8125,32804.6640625,2446284,0.0,0.0
2025-06-24 00:00:00+07:00,33366.62109375,33694.203125,33273.02734375,33553.8125,32804.6640625,2446284,0.0,0.0
2025-06-25 00:00:00+07:00,33741.00390625,33881.39453125,33413.41796875,33694.203125,32941.91796875,4718520,0.0,0.0
2025-06-26 00:00:00+07:00,33741.00390625,33928.19140625,33553.8125,33553.8125,32804.6640625,3627650,0.0,0.0
2025-06-27 00:00:00+07:00,33600.609375,33647.40625,33319.82421875,33413.41796875,32667.400390625,2500346,0.0,0.0
2025-06-30 00:00:00+07:00,34021.78515625,34021.78515625,33881.39453125,33974.98828125,33216.43359375,4861370,0.0,0.0
2025-07-01 00:00:00+07:00,34021.78515625,34021.78515625,33881.39453125,33974.98828125,33216.43359375,4861370,0.0,0.0
2025-07-02 00:00:00+07:00,34021.78515625,34489.76171875,33928.19140625,34255.7734375,33490.94921875,7493348,0.0,0.0
2025-07-03 00:00:00+07:00,34255.7734375,34302.5703125,33974.98828125,34068.5859375,33307.9453125,4064746,0.0,0.0
2025-07-04 00:00:00+07:00,34162.1796875,34442.96484375,33834.59765625,33974.98828125,33216.43359375,6470643,0.0,0.0
2025-07-07 00:00:00+07:00,34302.5703125,34817.34375,34302.5703125,34817.34375,34039.984375,12007156,0.0,0.0
2025-07-08 00:00:00+07:00,34302.5703125,34817.34375,34302.5703125,34817.34375,34039.984375,12007156,0.0,0.0
2025-07-09 00:00:00+07:00,34817.34375,35098.12890625,34630.15625,35098.12890625,34314.5,7866979,0.0,0.0
2025-07-10 00:00:00+07:00,35238.5234375,35987.28125,35098.12890625,35753.29296875,34955.03515625,11898710,0.0,0.0
2025-07-11 00:00:00+07:00,36034.078125,36221.26953125,35612.90234375,35800.09375,35000.7890625,8262085,0.0,0.0
2025-07-14 00:00:00+07:00,36034.078125,36829.63671875,35846.890625,36174.47265625,35366.8125,8878250,0.0,0.0
2025-07-15 00:00:00+07:00,36034.078125,36829.63671875,35846.890625,36174.47265625,35366.8125,8878250,0.0,0.0
2025-07-16 00:00:00+07:00,36127.67578125,36268.06640625,35659.69921875,35659.69921875,34863.53125,6183983,0.0,0.0
2025-07-17 00:00:00+07:00,35472.5078125,35940.484375,35425.7109375,35940.484375,35138.04296875,7608952,0.0,0.0
2025-07-18 00:00:00+07:00,36314.86328125,36314.86328125,35706.49609375,35846.890625,35046.54296875,6067951,0.0,0.0
2025-07-21 00:00:00+07:00,35987.28125,36174.47265625,35612.90234375,35659.69921875,34863.53125,6625887,0.0,0.0
2025-07-22 00:00:00+07:00,35987.28125,36174.47265625,35612.90234375,35659.69921875,34863.53125,6625887,0.0,0.0
2025-07-23 00:00:00+07:00,35612.90234375,36782.83984375,35566.10546875,36408.4609375,35595.57421875,11565039,0.0,0.0
2025-07-24 00:00:00+07:00,36595.6484375,36689.24609375,36080.87890625,36221.26953125,35412.5625,7460867,0.0,0.0
2025-07-25 00:00:00+07:00,36502.0546875,37110.421875,36221.26953125,36361.6640625,35549.82421875,11702653,0.0,0.0
2025-07-28 00:00:00+07:00,36595.6484375,37250.81640625,36408.4609375,36876.43359375,36053.09765625,11814091,0.0,0.0
2025-07-29 00:00:00+07:00,36595.6484375,37250.81640625,36408.4609375,36876.43359375,36053.09765625,11814091,0.0,0.0
2025-07-30 00:00:00+07:00,37110.421875,37110.421875,35004.53515625,35004.53515625,34222.9921875,16450021,0.0,0.0
2025-07-31 00:00:00+07:00,35004.53515625,36314.86328125,34910.94140625,35659.69921875,34863.53125,9941769,0.0,0.0
2025-08-01 00:00:00+07:00,36034.078125,36034.078125,35098.12890625,35425.7109375,34634.765625,6721939,0.0,0.0
2025-08-04 00:00:00+07:00,34817.34375,35800.09375,34817.34375,35612.90234375,34817.78125,4773651,0.0,0.0
2025-08-05 00:00:00+07:00,34817.34375,35800.09375,34817.34375,35612.90234375,34817.78125,4773651,0.0,0.0
2025-08-06 00:00:00+07:00,35940.484375,37625.1953125,35753.29296875,36268.06640625,35458.3125,30493184,0.0,0.0
2025-08-07 00:00:00+07:00,36502.0546875,37344.41015625,36455.2578125,36970.03125,36144.609375,7462470,0.0,0.0
2025-08-08 00:00:00+07:00,37157.21875,37905.98046875,36970.03125,37859.18359375,37013.90625,13124524,0.0,0.0
2025-08-11 00:00:00+07:00,38373.95703125,38373.95703125,36829.63671875,37157.21875,36327.6171875,17879692,0.0,0.0
2025-08-12 00:00:00+07:00,38373.95703125,38373.95703125,36829.63671875,37157.21875,36327.6171875,17879692,0.0,0.0
2025-08-13 00:00:00+07:00,37905.98046875,39263.109375,37859.18359375,38841.9296875,37974.7109375,16397134,0.0,0.0
2025-08-14 00:00:00+07:00,39122.71484375,39122.71484375,37718.7890625,38701.5390625,37837.45703125,12646079,0.0,0.0
2025-08-15 00:00:00+07:00,38935.5234375,39918.2734375,38514.34765625,39450.296875,38569.49609375,16204816,0.0,0.0
2025-08-18 00:00:00+07:00,38420.75390625,38654.73828125,37999.57421875,38186.765625,37334.17578125,8025961,0.0,0.0
2025-08-19 00:00:00+07:00,38420.75390625,38654.73828125,37999.57421875,38186.765625,37334.17578125,8025961,0.0,0.0
2025-08-20 00:00:00+07:00,38280.359375,38841.9296875,38093.171875,38233.5625,37379.9296875,10603449,0.0,0.0
2025-08-21 00:00:00+07:00,38373.95703125,39169.51171875,37063.625,38093.171875,37242.671875,15538434,0.0,0.0
2025-08-22 00:00:00+07:00,38373.95703125,39871.4765625,38280.359375,39590.69140625,38706.7578125,18507716,0.0,0.0
2025-08-25 00:00:00+07:00,41088.2109375,41088.2109375,38373.95703125,38373.95703125,37517.1875,12084831,0.0,0.0
2025-08-26 00:00:00+07:00,41088.2109375,41088.2109375,38373.95703125,38373.95703125,37517.1875,12084831,0.0,0.0
2025-08-27 00:00:00+07:00,38373.95703125,39169.51171875,37952.77734375,39122.71484375,38249.2265625,11938563,0.0,0.0
2025-08-28 00:00:00+07:00,39450.296875,41649.78125,39169.51171875,40058.6640625,39164.28125,15887919,0.0,0.0
2025-08-29 00:00:00+07:00,40292.65234375,40479.84375,39543.89453125,39777.87890625,38889.765625,6240930,0.0,0.0
2025-09-01 00:00:00+07:00,39777.87890625,39777.87890625,39777.87890625,39777.87890625,38889.765625,0,0.0,0.0
2025-09-02 00:00:00+07:00,39777.87890625,39777.87890625,39777.87890625,39777.87890625,38889.765625,0,0.0,0.0
2025-09-03 00:00:00+07:00,40339.44921875,41088.2109375,39356.703125,40713.83203125,39804.8203125,12126394,0.0,0.0
2025-09-04 00:00:00+07:00,40339.44921875,41088.2109375,39356.703125,40713.83203125,39804.8203125,12126394,0.0,0.0
2025-09-05 00:00:00+07:00,40947.81640625,41135.0078125,40386.24609375,40620.234375,39713.3125,7731181,0.0,0.0
2025-09-08 00:00:00+07:00,39029.12109375,39169.51171875,38046.37109375,38046.37109375,37196.9140625,9695922,0.0,0.0
2025-09-09 00:00:00+07:00,39029.12109375,39169.51171875,38046.37109375,38046.37109375,37196.9140625,9695922,0.0,0.0
2025-09-10 00:00:00+07:00,38046.37109375,38373.95703125,37765.5859375,38046.37109375,37196.9140625,4539451,0.0,0.0
2025-09-11 00:00:00+07:00,38093.171875,38701.5390625,37952.77734375,38093.171875,37242.671875,5847213,0.0,0.0
2025-09-12 00:00:00+07:00,38186.765625,38186.765625,37297.61328125,38046.37109375,37196.9140625,6178320,0.0,0.0
2025-09-15 00:00:00+07:00,38420.75390625,39497.09375,38420.75390625,39497.09375,38615.25,7831934,0.0,0.0
2025-09-16 00:00:00+07:00,38420.75390625,39497.09375,38420.75390625,39497.09375,38615.25,7831934,0.0,0.0
2025-09-17 00:00:00+07:00,39777.87890625,39965.0703125,39309.90625,39356.703125,38477.9921875,7842511,0.0,0.0
2025-09-18 00:00:00+07:00,39309.90625,39684.28515625,38373.95703125,38373.95703125,37517.1875,3953522,0.0,0.0
2025-09-19 00:00:00+07:00,38373.95703125,38795.1328125,37952.77734375,38186.765625,37334.17578125,5005074,0.0,0.0
2025-09-22 00:00:00+07:00,37625.1953125,38373.95703125,37063.625,38373.95703125,37517.1875,8541373,0.0,0.0
2025-09-23 00:00:00+07:00,37625.1953125,38373.95703125,37063.625,38373.95703125,37517.1875,8541373,0.0,0.0
2025-09-24 00:00:00+07:00,38093.171875,38280.359375,37905.98046875,38233.5625,37379.9296875,3703722,0.0,0.0
2025-09-25 00:00:00+07:00,38233.5625,38561.14453125,37625.1953125,38561.14453125,37700.19921875,4989047,0.0,0.0
2025-09-26 00:00:00+07:00,38514.34765625,38514.34765625,38186.765625,38280.359375,37425.6796875,2146695,0.0,0.0
2025-09-29 00:00:00+07:00,37671.9921875,37952.77734375,37531.6015625,37718.7890625,36876.6484375,2254927,0.0,0.0
2025-09-30 00:00:00+07:00,37671.9921875,37952.77734375,37531.6015625,37718.7890625,36876.6484375,2254927,0.0,0.0
2025-10-01 00:00:00+07:00,37625.1953125,37952.77734375,37063.625,37438.00390625,36602.1328125,3936000,0.0,0.0
2025-10-02 00:00:00+07:00,37438.00390625,38046.37109375,37250.81640625,37484.80078125,36647.88671875,1905016,0.0,0.0
2025-10-03 00:00:00+07:00,37578.3984375,38093.171875,37438.00390625,37531.6015625,36693.63671875,2922591,0.0,0.0
2025-10-06 00:00:00+07:00,37718.7890625,38280.359375,37484.80078125,38139.96875,37288.421875,3267374,0.0,0.0
2025-10-07 00:00:00+07:00,37718.7890625,38280.359375,37484.80078125,38139.96875,37288.421875,3267374,0.0,0.0
2025-10-08 00:00:00+07:00,38373.95703125,38373.95703125,37859.18359375,37905.98046875,37059.66015625,2583898,0.0,0.0
2025-10-09 00:00:00+07:00,38280.359375,38280.359375,37671.9921875,37859.18359375,37013.90625,4917569,0.0,0.0
2025-10-10 00:00:00+07:00,37952.77734375,38327.15625,37812.38671875,38186.765625,37334.17578125,4644371,0.0,0.0
2025-10-13 00:00:00+07:00,38373.95703125,38514.34765625,38139.96875,38280.359375,37425.6796875,4622254,0.0,0.0
2025-10-14 00:00:00+07:00,38373.95703125,38514.34765625,38139.96875,38280.359375,37842.03515625,4622254,421.17755,0.0
2025-10-15 00:00:00+07:00,37999.57421875,38139.96875,37063.625,37063.625,36639.23046875,8253110,0.0,0.0
2025-10-16 00:00:00+07:00,37157.21875,37578.3984375,36829.63671875,36829.63671875,36407.921875,4625673,0.0,0.0
2025-10-17 00:00:00+07:00,36829.63671875,37204.015625,36689.24609375,37204.015625,36778.015625,4061220,0.0,0.0
2025-10-20 00:00:00+07:00,36455.2578125,36548.8515625,34162.1796875,34162.1796875,33771.0078125,7899673,0.0,0.0
2025-10-21 00:00:00+07:00,36455.2578125,36548.8515625,34162.1796875,34162.1796875,33771.0078125,7899673,0.0,0.0
2025-10-22 00:00:00+07:00,34208.9765625,35098.12890625,34208.9765625,34676.953125,34279.88671875,4808269,0.0,0.0
2025-10-23 00:00:00+07:00,35098.12890625,35098.12890625,34162.1796875,34817.34375,34418.671875,4242854,0.0,0.0
2025-10-24 00:00:00+07:00,34630.15625,35051.33203125,34489.76171875,34536.55859375,34141.1015625,2893957,0.0,0.0
2025-10-27 00:00:00+07:00,34583.35546875,34817.34375,34162.1796875,34162.1796875,33771.0078125,2203749,0.0,0.0
2025-10-28 00:00:00+07:00,34583.35546875,34817.34375,34162.1796875,34162.1796875,33771.0078125,2203749,0.0,0.0
2025-10-29 00:00:00+07:00,34255.7734375,34770.546875,34255.7734375,34723.75,34326.1484375,2984667,0.0,0.0
2025-10-30 00:00:00+07:00,35098.12890625,35472.5078125,34910.94140625,35378.9140625,34973.8125,3423473,0.0,0.0
2025-10-31 00:00:00+07:00,35519.30859375,35800.09375,35191.7265625,35472.5078125,35066.33203125,2777498,0.0,0.0
2025-11-03 00:00:00+07:00,35191.7265625,35378.9140625,34723.75,34723.75,34326.1484375,2621720,0.0,0.0
2025-11-04 00:00:00+07:00,34723.75,35566.10546875,34536.55859375,35472.5078125,35066.33203125,3720924,0.0,0.0
2025-11-05 00:00:00+07:00,34723.75,35566.10546875,34536.55859375,35472.5078125,35066.33203125,3720924,0.0,0.0
2025-11-06 00:00:00+07:00,36221.26953125,36408.4609375,35893.6875,36034.078125,35621.47265625,2556439,0.0,0.0
2025-11-07 00:00:00+07:00,35893.6875,36174.47265625,35051.33203125,35098.12890625,34696.2421875,3441315,0.0,0.0
2025-11-10 00:00:00+07:00,35098.12890625,35566.10546875,34910.94140625,35004.53515625,34603.71875,2497355,0.0,0.0
2025-11-11 00:00:00+07:00,35191.7265625,35706.49609375,35191.7265625,35566.10546875,35158.859375,2557614,0.0,0.0
2025-11-12 00:00:00+07:00,35753.29296875,35940.484375,35378.9140625,35800.09375,35390.16796875,2168705,0.0,0.0
2025-11-13 00:00:00+07:00,35800.09375,35987.28125,35566.10546875,35846.890625,35436.4296875,2075644,0.0,0.0
2025-11-14 00:00:00+07:00,35753.29296875,36034.078125,35753.29296875,35893.6875,35482.69140625,2387520,0.0,0.0
2025-11-17 00:00:00+07:00,35893.6875,36080.87890625,35846.890625,35940.484375,35528.94921875,1520059,0.0,0.0
2025-11-18 00:00:00+07:00,36034.078125,36034.078125,35800.09375,35940.484375,35528.94921875,1550723,0.0,0.0
2025-11-19 00:00:00+07:00,35846.890625,35987.28125,35659.69921875,35659.69921875,35251.3828125,1391527,0.0,0.0
2025-11-20 00:00:00+07:00,35753.29296875,35753.29296875,35472.5078125,35519.30859375,35112.59765625,1568352,0.0,0.0
2025-11-21 00:00:00+07:00,35472.5078125,35472.5078125,35004.53515625,35191.7265625,34788.765625,1332335,0.0,0.0
2025-11-24 00:00:00+07:00,35191.7265625,35519.30859375,35191.7265625,35238.5234375,34835.02734375,1166408,0.0,0.0
2025-11-25 00:00:00+07:00,35378.9140625,35378.9140625,34630.15625,34630.15625,34233.625,1921149,0.0,0.0
2025-11-26 00:00:00+07:00,34676.953125,35144.92578125,34676.953125,34957.73828125,34557.45703125,1321972,0.0,0.0
2025-11-27 00:00:00+07:00,35051.33203125,35285.3203125,34910.94140625,35144.92578125,34742.50390625,1144612,0.0,0.0
2025-11-28 00:00:00+07:00,35144.92578125,35191.7265625,34723.75,34723.75,34326.1484375,938725,0.0,0.0
2025-12-01 00:00:00+07:00,34817.34375,34910.94140625,34583.35546875,34583.35546875,34187.36328125,1558736,0.0,0.0
2025-12-02 00:00:00+07:00,34583.35546875,34676.953125,34302.5703125,34489.76171875,34094.83984375,1699128,0.0,0.0
2025-12-03 00:00:00+07:00,34630.15625,35987.28125,34630.15625,35940.484375,35528.94921875,4286232,0.0,0.0
2025-12-04 00:00:00+07:00,36034.078125,36080.87890625,35612.90234375,35753.29296875,35343.90234375,2192531,0.0,0.0
2025-12-05 00:00:00+07:00,35846.890625,35987.28125,35378.9140625,35378.9140625,34973.8125,1737378,0.0,0.0
2025-12-08 00:00:00+07:00,35378.9140625,35519.30859375,35051.33203125,35098.12890625,34696.2421875,1818472,0.0,0.0
2025-12-09 00:00:00+07:00,35098.12890625,35519.30859375,34723.75,35051.33203125,34649.98046875,3487685,0.0,0.0
2025-12-10 00:00:00+07:00,35098.12890625,35472.5078125,35051.33203125,35285.3203125,34881.2890625,2034403,0.0,0.0
2025-12-11 00:00:00+07:00,35285.3203125,35659.69921875,35191.7265625,35191.7265625,34788.765625,1210748,0.0,0.0
2025-12-12 00:00:00+07:00,35285.3203125,35285.3203125,34630.15625,34630.15625,34233.625,2005982,0.0,0.0
2025-12-15 00:00:00+07:00,34676.953125,34770.546875,34536.55859375,34630.15625,34233.625,1328489,0.0,0.0
2025-12-16 00:00:00+07:00,34723.75,35332.1171875,34489.76171875,35004.53515625,34603.71875,2201078,0.0,0.0
2025-12-17 00:00:00+07:00,35051.33203125,36034.078125,35051.33203125,35566.10546875,35158.859375,4364655,0.0,0.0
2025-12-18 00:00:00+07:00,35051.33203125,36034.078125,35051.33203125,35566.10546875,35158.859375,4364655,0.0,0.0
2025-12-19 00:00:00+07:00,35566.10546875,35706.49609375,35191.7265625,35285.3203125,34881.2890625,2191035,0.0,0.0
2025-12-22 00:00:00+07:00,35285.3203125,35987.28125,35238.5234375,35940.484375,35528.94921875,2900475,0.0,0.0
2025-12-23 00:00:00+07:00,36034.078125,36314.86328125,35472.5078125,35566.10546875,35158.859375,2050429,0.0,0.0
2025-12-24 00:00:00+07:00,35566.10546875,35987.28125,35378.9140625,35940.484375,35528.94921875,2121907,0.0,0.0
2025-12-25 00:00:00+07:00,35566.10546875,35987.28125,35378.9140625,35940.484375,35528.94921875,2121907,0.0,0.0
2025-12-26 00:00:00+07:00,35987.28125,36314.86328125,35566.10546875,36314.86328125,35899.04296875,2839040,0.0,0.0
2025-12-29 00:00:00+07:00,36314.86328125,36408.4609375,36127.67578125,36314.86328125,35899.04296875,1756824,0.0,0.0
2025-12-30 00:00:00+07:00,36314.86328125,37297.61328125,36174.47265625,36876.43359375,36454.18359375,5747101,0.0,0.0
2025-12-31 00:00:00+07:00,36970.03125,37016.828125,36408.4609375,36408.4609375,35991.5703125,1742293,0.0,0.0
2026-01-01 00:00:00+07:00,36408.4609375,36408.4609375,36408.4609375,36408.4609375,35991.5703125,0,0.0,0.0
2026-01-02 00:00:00+07:00,36408.4609375,36408.4609375,36408.4609375,36408.4609375,35991.5703125,0,0.0,0.0
2026-01-05 00:00:00+07:00,36361.6640625,36408.4609375,35472.5078125,35987.28125,35575.2109375,4151289,0.0,0.0
2026-01-06 00:00:00+07:00,35846.890625,36408.4609375,35378.9140625,36408.4609375,35991.5703125,5187135,0.0,0.0
2026-01-07 00:00:00+07:00,36970.03125,38748.3359375,36970.03125,38327.15625,37888.29296875,14327366,0.0,0.0
2026-01-08 00:00:00+07:00,38654.73828125,40994.6171875,38280.359375,40292.65234375,39831.28515625,29389066,0.0,0.0
2026-01-09 00:00:00+07:00,40994.6171875,43100.50390625,40901.01953125,43100.50390625,42606.984375,24486988,0.0,0.0
2026-01-12 00:00:00+07:00,44832.01171875,46095.54296875,43989.65625,46095.54296875,45567.73046875,8316255,0.0,0.0
2026-01-13 00:00:00+07:00,46189.140625,48295.02734375,45487.17578125,47733.45703125,47186.890625,23366522,0.0,0.0
2026-01-14 00:00:00+07:00,47546.265625,51009.28125,46984.6953125,51009.28125,50425.203125,18854423,0.0,0.0
2026-01-15 00:00:00+07:00,49230.9765625,50541.30859375,47452.671875,47452.671875,46909.3203125,28266142,0.0,0.0
2026-01-16 00:00:00+07:00,47733.45703125,50728.49609375,47171.88671875,47827.05078125,47279.41015625,14930069,0.0,0.0
2026-01-19 00:00:00+07:00,47827.05078125,49230.9765625,47265.48046875,48669.40625,48112.12109375,10053527,0.0,0.0
2026-01-20 00:00:00+07:00,49511.76171875,51758.04296875,48856.59765625,49792.546875,49222.40234375,16611462,0.0,0.0
2026-01-21 00:00:00+07:00,49230.9765625,50447.7109375,47827.05078125,49605.35546875,49037.35546875,12751747,0.0,0.0
2026-01-22 00:00:00+07:00,50073.33203125,52974.77734375,48295.02734375,48669.40625,48112.12109375,19327846,0.0,0.0
2026-01-23 00:00:00+07:00,48482.21484375,49418.16796875,47452.671875,47546.265625,47001.83984375,10770125,0.0,0.0
2026-01-26 00:00:00+07:00,47733.45703125,49230.9765625,47546.265625,49137.3828125,48574.73828125,12765210,0.0,0.0
2026-01-27 00:00:00+07:00,49137.3828125,49418.16796875,46329.53125,49230.9765625,48667.26171875,13332761,0.0,0.0
2026-01-28 00:00:00+07:00,49979.73828125,52319.61328125,48107.8359375,48575.8125,48019.59765625,19122600,0.0,0.0
2026-01-29 00:00:00+07:00,48482.21484375,49418.16796875,47733.45703125,48575.8125,48019.59765625,7566856,0.0,0.0
2026-01-30 00:00:00+07:00,48950.19140625,51009.28125,48575.8125,50447.7109375,49870.0625,14633365,0.0,0.0
2026-02-02 00:00:00+07:00,50354.1171875,51664.4453125,48763.0,51477.2578125,50887.8203125,12750893,0.0,0.0
2026-02-03 00:00:00+07:00,52132.421875,52881.18359375,50541.30859375,50634.90234375,50055.11328125,12365723,0.0,0.0
2026-02-04 00:00:00+07:00,50541.30859375,50915.6875,49230.9765625,49605.35546875,49037.35546875,10305356,0.0,0.0
2026-02-05 00:00:00+07:00,49605.35546875,49886.140625,48201.4296875,48201.4296875,47649.50390625,10489020,0.0,0.0
2026-02-06 00:00:00+07:00,47452.671875,48950.19140625,47452.671875,48107.8359375,47556.98046875,10562208,0.0,0.0
2026-02-09 00:00:00+07:00,48482.21484375,48482.21484375,47359.078125,47359.078125,46816.796875,3841337,0.0,0.0
2026-02-10 00:00:00+07:00,46984.6953125,47265.48046875,44083.25,44083.25,43578.48046875,24545752,0.0,0.0
2026-02-11 00:00:00+07:00,43568.4765625,45627.5703125,43147.30078125,45393.58203125,44873.80859375,9336822,0.0,0.0
2026-02-12 00:00:00+07:00,45206.390625,45393.58203125,44317.23828125,44504.4296875,43994.8359375,5135530,0.0,0.0
2026-02-13 00:00:00+07:00,44504.4296875,44644.8203125,43802.46484375,43896.0625,43393.43359375,7225491,0.0,0.0
2026-02-16 00:00:00+07:00,43896.0625,43896.0625,43896.0625,43896.0625,43393.43359375,0,0.0,0.0
2026-02-17 00:00:00+07:00,43896.0625,43896.0625,43896.0625,43896.0625,43393.43359375,0,0.0,0.0
2026-02-18 00:00:00+07:00,43896.0625,43896.0625,43896.0625,43896.0625,43393.43359375,0,0.0,0.0
2026-02-19 00:00:00+07:00,43896.0625,43896.0625,43896.0625,43896.0625,43393.43359375,0,0.0,0.0
2026-02-20 00:00:00+07:00,43896.0625,43896.0625,43896.0625,43896.0625,43393.43359375,0,0.0,0.0
2026-02-23 00:00:00+07:00,44551.2265625,46516.72265625,44130.046875,45955.15234375,45428.9453125,8074575,0.0,0.0
2026-02-24 00:00:00+07:00,46282.734375,46282.734375,45346.78515625,45627.5703125,45105.1171875,6132164,0.0,0.0
2026-02-25 00:00:00+07:00,45814.7578125,46750.70703125,45393.58203125,45393.58203125,44873.80859375,8948553,0.0,0.0
2026-02-26 00:00:00+07:00,45440.37890625,45767.9609375,44691.6171875,45346.78515625,44827.546875,5011271,0.0,0.0
2026-02-27 00:00:00+07:00,45346.78515625,45955.15234375,44457.6328125,44832.01171875,44318.66796875,6965862,0.0,0.0
2026-03-02 00:00:00+07:00,43100.50390625,44364.03515625,42304.9453125,42304.9453125,41820.53515625,12541266,0.0,0.0
2026-03-03 00:00:00+07:00,43100.50390625,44364.03515625,42304.9453125,42304.9453125,41820.53515625,12541266,0.0,0.0
2026-03-04 00:00:00+07:00,40620.234375,42679.32421875,40620.234375,42679.32421875,42190.62890625,11468987,0.0,0.0
2026-03-05 00:00:00+07:00,43147.30078125,43147.30078125,41556.1875,41556.1875,41080.3515625,6478122,0.0,0.0
2026-03-06 00:00:00+07:00,41181.8046875,42117.75390625,40245.85546875,40760.62890625,40293.90234375,5794219,0.0,0.0
2026-03-09 00:00:00+07:00,37952.77734375,38373.95703125,37952.77734375,37952.77734375,37518.203125,6554622,0.0,0.0
2026-03-10 00:00:00+07:00,38841.9296875,40058.6640625,36970.03125,39122.71484375,38674.7421875,15017360,0.0,0.0
2026-03-11 00:00:00+07:00,38654.73828125,39637.48828125,38654.73828125,39029.12109375,38582.22265625,6575670,0.0,0.0
2026-03-12 00:00:00+07:00,39122.71484375,39216.30859375,38046.37109375,38139.96875,37703.25,6894491,0.0,0.0
2026-03-13 00:00:00+07:00,37999.57421875,38607.94140625,37391.20703125,38046.37109375,37610.72265625,8465728,0.0,0.0
2026-03-16 00:00:00+07:00,37905.98046875,38561.14453125,37438.00390625,37718.7890625,37286.89453125,5528606,0.0,0.0
2026-03-17 00:00:00+07:00,38186.765625,38654.73828125,37765.5859375,37859.18359375,37425.6796875,7395693,0.0,0.0
2026-03-18 00:00:00+07:00,38467.55078125,40245.85546875,38373.95703125,38654.73828125,38212.125,15609058,0.0,0.0
2026-03-19 00:00:00+07:00,38280.359375,38467.55078125,37531.6015625,38046.37109375,37610.72265625,6830171,0.0,0.0
2026-03-20 00:00:00+07:00,38046.37109375,38467.55078125,37063.625,37204.015625,36778.015625,10841710,0.0,0.0
2026-03-23 00:00:00+07:00,36876.43359375,36923.234375,35659.69921875,35987.28125,35575.2109375,11361823,0.0,0.0
2026-03-24 00:00:00+07:00,36782.83984375,37063.625,36034.078125,36595.6484375,36176.61328125,7468774,0.0,0.0
2026-03-25 00:00:00+07:00,36970.03125,37110.421875,36408.4609375,36970.03125,36546.7109375,9318979,0.0,0.0
2026-03-26 00:00:00+07:00,36970.03125,37157.21875,36408.4609375,36408.4609375,35991.5703125,6577273,0.0,0.0
2026-03-27 00:00:00+07:00,36408.4609375,37344.41015625,36408.4609375,37297.61328125,36870.5390625,8757517,0.0,0.0
2026-03-30 00:00:00+07:00,36595.6484375,37016.828125,36455.2578125,36923.234375,36500.44921875,6491585,0.0,0.0
2026-03-31 00:00:00+07:00,37063.625,37250.81640625,36595.6484375,36876.43359375,36454.18359375,7776696,0.0,0.0
2026-04-01 00:00:00+07:00,37438.00390625,37999.57421875,37157.21875,37671.9921875,37240.6328125,10761043,0.0,0.0
2026-04-02 00:00:00+07:00,37438.00390625,37438.00390625,36876.43359375,37157.21875,36731.75390625,7587690,0.0,0.0
2026-04-03 00:00:00+07:00,37157.21875,37204.015625,36548.8515625,36548.8515625,36130.3515625,7777764,0.0,0.0
2026-04-06 00:00:00+07:00,36548.8515625,36876.43359375,36174.47265625,36829.63671875,36407.921875,6068058,0.0,0.0
2026-04-07 00:00:00+07:00,36876.43359375,36970.03125,36502.0546875,36876.43359375,36454.18359375,5126448,0.0,0.0
2026-04-08 00:00:00+07:00,37905.98046875,38795.1328125,37484.80078125,38795.1328125,38350.9140625,16084083,0.0,0.0
2026-04-09 00:00:00+07:00,38373.95703125,38514.34765625,37905.98046875,37999.57421875,37564.46484375,8695762,0.0,0.0
2026-04-10 00:00:00+07:00,38467.55078125,39263.109375,38046.37109375,38186.765625,37749.51171875,9581920,0.0,0.0
2026-04-13 00:00:00+07:00,37905.98046875,38139.96875,37671.9921875,37765.5859375,37333.15625,6165713,0.0,0.0
2026-04-14 00:00:00+07:00,38139.96875,38233.5625,37671.9921875,37812.38671875,37379.41796875,5946150,0.0,0.0
2026-04-15 00:00:00+07:00,38139.96875,38373.95703125,37718.7890625,37718.7890625,37286.89453125,6727602,0.0,0.0
2026-04-16 00:00:00+07:00,37812.38671875,37999.57421875,37578.3984375,37625.1953125,37194.37109375,4589774,0.0,0.0
2026-04-17 00:00:00+07:00,37718.7890625,38093.171875,37531.6015625,37718.7890625,37286.89453125,6185799,0.0,0.0
2026-04-20 00:00:00+07:00,37859.18359375,38139.96875,37671.9921875,37952.77734375,37518.203125,6403332,0.0,0.0
2026-04-21 00:00:00+07:00,38139.96875,38654.73828125,37812.38671875,37812.38671875,37379.41796875,8526843,0.0,0.0
2026-04-22 00:00:00+07:00,37999.57421875,37999.57421875,37625.1953125,37671.9921875,37240.6328125,3867300,0.0,0.0
2026-04-23 00:00:00+07:00,37671.9921875,40292.65234375,37671.9921875,38935.5234375,38489.6953125,25564396,0.0,0.0
2026-04-24 00:00:00+07:00,38935.5234375,38982.32421875,38139.96875,38139.96875,37703.25,5025695,0.0,0.0
2026-04-27 00:00:00+07:00,38139.96875,38139.96875,38139.96875,38139.96875,37703.25,0,0.0,0.0
2026-04-28 00:00:00+07:00,38280.359375,38467.55078125,37484.80078125,37578.3984375,37148.109375,7052405,0.0,0.0
2026-04-29 00:00:00+07:00,37625.1953125,37765.5859375,37157.21875,37531.6015625,37101.84765625,7151022,0.0,0.0
2026-04-30 00:00:00+07:00,37531.6015625,37531.6015625,37531.6015625,37531.6015625,37101.84765625,0,0.0,0.0
2026-05-01 00:00:00+07:00,37531.6015625,37531.6015625,37531.6015625,37531.6015625,37101.84765625,0,0.0,0.0
2026-05-04 00:00:00+07:00,37812.38671875,38654.73828125,37531.6015625,38233.5625,37795.7734375,6940006,0.0,0.0
2026-05-05 00:00:00+07:00,37999.57421875,38186.765625,37625.1953125,37952.77734375,37518.203125,3711736,0.0,0.0
2026-05-06 00:00:00+07:00,38093.171875,38373.95703125,37952.77734375,38280.359375,37842.03515625,4700143,0.0,0.0
2026-05-07 00:00:00+07:00,38561.14453125,38654.73828125,38186.765625,38233.5625,37795.7734375,7657459,0.0,0.0
2026-05-08 00:00:00+07:00,38233.5625,40058.6640625,38233.5625,39684.28515625,39229.8828125,25402956,0.0,0.0
2026-05-11 00:00:00+07:00,39965.0703125,39965.0703125,38841.9296875,38841.9296875,38397.171875,7005822,0.0,0.0
2026-05-12 00:00:00+07:00,38888.7265625,39075.91796875,38420.75390625,39075.91796875,38628.484375,6632618,0.0,0.0
2026-05-13 00:00:00+07:00,39122.71484375,40245.85546875,38514.34765625,40058.6640625,39599.9765625,16272020,0.0,0.0
2026-05-14 00:00:00+07:00,40152.26171875,41415.79296875,40105.4609375,40760.62890625,40293.90234375,11828728,0.0,0.0
2026-05-15 00:00:00+07:00,41181.8046875,41181.8046875,40105.4609375,40199.05859375,39738.76171875,11235214,0.0,0.0
2026-05-18 00:00:00+07:00,40058.6640625,42585.73046875,39497.09375,42398.5390625,41913.05859375,18625458,0.0,0.0
2026-05-19 00:00:00+07:00,42492.13671875,43428.0859375,40433.046875,41415.79296875,40941.56640625,20772260,0.0,0.0
2026-05-20 00:00:00+07:00,40947.81640625,41368.99609375,39216.30859375,41088.2109375,40617.734375,11025373,0.0,0.0
2026-05-21 00:00:00+07:00,41556.1875,41836.96875,40713.83203125,40994.6171875,40525.2109375,7908968,0.0,0.0
2026-05-22 00:00:00+07:00,41041.4140625,41041.4140625,39918.2734375,40245.85546875,39785.0234375,6792669,0.0,0.0
2026-05-25 00:00:00+07:00,40292.65234375,40339.44921875,39684.28515625,40245.85546875,39785.0234375,5428280,0.0,0.0
2026-05-26 00:00:00+07:00,40199.05859375,40994.6171875,40011.8671875,40807.42578125,40340.1640625,4647363,0.0,0.0
2026-05-27 00:00:00+07:00,41041.4140625,41041.4140625,40433.046875,40526.640625,40062.59375,4106415,0.0,0.0
2026-05-28 00:00:00+07:00,40526.640625,40713.83203125,39777.87890625,39777.87890625,39322.40625,4299374,0.0,0.0
2026-05-29 00:00:00+07:00,39731.08203125,39824.6796875,39122.71484375,39309.90625,38859.79296875,6368288,0.0,0.0
2026-06-01 00:00:00+07:00,39356.703125,39731.08203125,38935.5234375,39216.30859375,38767.265625,4810405,0.0,0.0
2026-06-02 00:00:00+07:00,39122.71484375,39543.89453125,38467.55078125,39029.12109375,38582.22265625,4831881,0.0,0.0
2026-06-03 00:00:00+07:00,38935.5234375,39497.09375,38841.9296875,39216.30859375,38767.265625,2903146,0.0,0.0
2026-06-04 00:00:00+07:00,39216.30859375,40058.6640625,39169.51171875,39918.2734375,39461.19140625,4164644,0.0,0.0
2026-06-05 00:00:00+07:00,40058.6640625,40058.6640625,39309.90625,39309.90625,38859.79296875,2420107,0.0,0.0
2026-06-08 00:00:00+07:00,38935.5234375,39216.30859375,38327.15625,38373.95703125,37934.55859375,5475932,0.0,0.0
2026-06-09 00:00:00+07:00,38701.5390625,38748.3359375,38186.765625,38514.34765625,38073.34375,2169773,0.0,0.0
2026-06-10 00:00:00+07:00,38654.73828125,39590.69140625,38607.94140625,38982.32421875,38535.9609375,3906725,0.0,0.0
2026-06-11 00:00:00+07:00,38654.73828125,38935.5234375,38467.55078125,38748.3359375,38304.65234375,1675409,0.0,0.0
2026-06-12 00:00:00+07:00,39122.71484375,39216.30859375,38420.75390625,38420.75390625,37980.8203125,3665045,0.0,0.0
2026-06-15 00:00:00+07:00,38982.32421875,39169.51171875,38748.3359375,38935.5234375,38489.6953125,3070783,0.0,0.0
2026-06-16 00:00:00+07:00,39169.51171875,39497.09375,39075.91796875,39216.30859375,38767.265625,3259254,0.0,0.0
2026-06-17 00:00:00+07:00,39309.90625,40433.046875,39263.109375,40199.05859375,39738.76171875,9183502,0.0,0.0
2026-06-18 00:00:00+07:00,40245.85546875,40292.65234375,39684.28515625,40011.8671875,39553.71484375,4411346,0.0,0.0
2026-06-19 00:00:00+07:00,39965.0703125,39965.0703125,39122.71484375,39122.71484375,38674.7421875,4671189,0.0,0.0
2026-06-22 00:00:00+07:00,39122.71484375,40058.6640625,39029.12109375,39731.08203125,39276.14453125,5204230,0.0,0.0
2026-06-23 00:00:00+07:00,40152.26171875,40713.83203125,39777.87890625,39918.2734375,39461.19140625,8946096,0.0,0.0
2026-06-24 00:00:00+07:00,39871.4765625,40105.4609375,39216.30859375,39403.5,38952.3125,3168438,0.0,0.0
2026-06-25 00:00:00+07:00,39403.5,39543.89453125,39216.30859375,39216.30859375,38767.265625,2849617,0.0,0.0
2026-06-26 00:00:00+07:00,39263.109375,39403.5,39029.12109375,39029.12109375,38582.22265625,3525615,0.0,0.0
2026-06-29 00:00:00+07:00,39356.703125,39731.08203125,39309.90625,39684.28515625,39229.8828125,3049735,0.0,0.0
2026-06-30 00:00:00+07:00,39824.6796875,40058.6640625,39684.28515625,39684.28515625,39229.8828125,3137880,0.0,0.0
2026-07-01 00:00:00+07:00,39824.6796875,40058.6640625,39684.28515625,39684.28515625,39229.8828125,3137880,0.0,0.0
2026-07-02 00:00:00+07:00,40292.65234375,40433.046875,39824.6796875,39824.6796875,39368.671875,3184250,0.0,0.0
2026-07-03 00:00:00+07:00,39871.4765625,40011.8671875,39356.703125,39543.89453125,39091.1015625,4169346,0.0,0.0
2026-07-06 00:00:00+07:00,39590.69140625,39918.2734375,38561.14453125,38701.5390625,38258.390625,5975852,0.0,0.0
2026-07-07 00:00:00+07:00,38748.3359375,39029.12109375,38654.73828125,38982.32421875,38535.9609375,2311661,0.0,0.0
2026-07-08 00:00:00+07:00,38982.32421875,39309.90625,38561.14453125,39122.71484375,38674.7421875,2952400,0.0,0.0
2026-07-09 00:00:00+07:00,38935.5234375,39075.91796875,38561.14453125,38607.94140625,38165.86328125,3097387,0.0,0.0
2026-07-10 00:00:00+07:00,38654.73828125,38841.9296875,38373.95703125,38373.95703125,37934.55859375,2438377,0.0,0.0
2026-07-13 00:00:00+07:00,38373.95703125,38373.95703125,37204.015625,37391.20703125,36963.0625,6465088,0.0,0.0
2026-07-14 00:00:00+07:00,37391.20703125,37905.98046875,36876.43359375,37671.9921875,37240.6328125,2924621,0.0,0.0
2026-07-15 00:00:00+07:00,37765.5859375,37812.38671875,36970.03125,36970.03125,36546.7109375,2872802,0.0,0.0
2026-07-16 00:00:00+07:00,36970.03125,37204.015625,36080.87890625,36782.83984375,36361.66015625,4786579,0.0,0.0
2026-07-17 00:00:00+07:00,36502.0546875,36548.8515625,36221.26953125,36314.86328125,36314.86328125,2042523,421.17755,0.0
2026-07-20 00:00:00+07:00,36314.86328125,36408.4609375,34630.15625,34630.15625,34630.15625,5884394,0.0,0.0
2026-07-21 00:00:00+07:00,34723.75,35285.3203125,34442.96484375,34442.96484375,34442.96484375,3695923,0.0,0.0
2026-07-22 00:00:00+07:00,34630.15625,34770.546875,33553.8125,33553.8125,33553.8125,6424273,0.0,0.0
2026-07-23 00:00:00+07:00,33319.82421875,34349.37109375,32477.46875,33694.203125,33694.203125,6105133,0.0,0.0
2026-07-24 00:00:00+07:00,33694.203125,34396.16796875,33273.02734375,33694.203125,33694.203125,3172070,0.0,0.0
2026-07-27 00:00:00+07:00,33974.98828125,34068.5859375,32477.46875,32477.46875,32477.46875,3804689,0.0,0.0
2026-07-28 00:00:00+07:00,32290.279296875,33366.62109375,32149.88671875,32851.84765625,32851.84765625,2964581,0.0,0.0
2026-07-29 00:00:00+07:00,33085.8359375,33460.21875,32898.6484375,33179.43359375,33179.43359375,2381430,0.0,0.0
2026-07-30 00:00:00+07:00,33319.82421875,34910.94140625,33226.23046875,34864.140625,34864.140625,7055717,0.0,0.0
2026-07-31 00:00:00+07:00,34957.73828125,36876.43359375,34723.75,35566.10546875,35566.10546875,10220843,0.0,0.0
2026-08-03 00:00:00+07:00,35846.890625,36502.0546875,35753.29296875,35800.09375,35800.09375,4815107,0.0,0.0
2026-08-04 00:00:00+07:00,35940.484375,36034.078125,35425.7109375,35566.10546875,35566.10546875,4250119,0.0,0.0
2026-08-05 00:00:00+07:00,35940.484375,36221.26953125,35472.5078125,35566.10546875,35566.10546875,3609914,0.0,0.0
2026-08-06 00:00:00+07:00,35659.69921875,35846.890625,35472.5078125,35472.5078125,35472.5078125,2900902,0.0,0.0
2026-08-07 00:00:00+07:00,35472.5078125,36876.43359375,35472.5078125,36548.8515625,36548.8515625,9240877,0.0,0.0
2026-08-10 00:00:00+07:00,37016.828125,37204.015625,36736.04296875,36970.03125,36970.03125,3226774,0.0,0.0
2026-08-11 00:00:00+07:00,36970.03125,37344.41015625,36595.6484375,36595.6484375,36595.6484375,5162561,0.0,0.0
2026-08-12 00:00:00+07:00,36595.6484375,36970.03125,36455.2578125,36736.04296875,36736.04296875,2884555,0.0,0.0
2026-08-13 00:00:00+07:00,36595.6484375,37063.625,36361.6640625,36361.6640625,36361.6640625,6047544,0.0,0.0
2026-08-14 00:00:00+07:00,36221.26953125,36408.4609375,35519.30859375,35800.09375,35800.09375,5059350,0.0,0.0
2026-08-17 00:00:00+07:00,36000.0,36200.0,35600.0,35900.0,35900.0,2586600,0.0,1.068433
2026-08-18 00:00:00+07:00,36000.0,36400.0,35900.0,36000.0,36000.0,2494000,0.0,0.0
2026-08-19 00:00:00+07:00,36000.0,36000.0,35500.0,35700.0,35700.0,2167600,0.0,0.0
2026-08-20 00:00:00+07:00,35900.0,36100.0,35550.0,35850.0,35850.0,2149900,0.0,0.0
2026-08-21 00:00:00+07:00,36050.0,36950.0,35800.0,36900.0,36900.0,4542300,0.0,0.0
2026-08-24 00:00:00+07:00,37600.0,37750.0,36850.0,36900.0,36900.0,3922800,0.0,0.0
2026-08-25 00:00:00+07:00,36950.0,37350.0,36650.0,36700.0,36700.0,4031600,0.0,0.0
2026-08-26 00:00:00+07:00,36500.0,36950.0,36500.0,36900.0,36900.0,3772300,0.0,0.0
2026-08-27 00:00:00+07:00,36900.0,37400.0,36800.0,36950.0,36950.0,3096800,0.0,0.0
2026-08-28 00:00:00+07:00,36950.0,37200.0,36700.0,36850.0,36850.0,3116700,0.0,0.0
2026-08-31 00:00:00+07:00,36850.0,36850.0,36850.0,36850.0,36850.0,0,0.0,0.0
