Date,Open,High,Low,Close,Adj Close,Volume,Dividends,Stock Splits
2020-07-28 00:00:00+07:00,15107.193359375,15227.4091796875,14425.966796875,15067.12109375,10188.1455078125,1211340,0.0,0.0
2020-07-29 00:00:00+07:00,14906.83203125,14906.83203125,14025.2451171875,14025.2451171875,9483.64453125,1825782,0.0,0.0
2020-07-30 00:00:00+07:00,14025.2451171875,14265.677734375,13744.740234375,13864.95703125,9375.26171875,919466,0.0,0.0
2020-07-31 00:00:00+07:00,13824.884765625,14425.966796875,13424.1630859375,13945.1015625,9429.453125,1607027,0.0,0.0
2020-08-03 00:00:00+07:00,14025.2451171875,14826.6884765625,14025.2451171875,14826.6884765625,10025.568359375,948714,0.0,0.0
2020-08-04 00:00:00+07:00,15207.373046875,15347.6259765625,14906.83203125,15027.048828125,10161.05078125,948789,0.0,0.0
2020-08-05 00:00:00+07:00,15027.048828125,15187.3369140625,14866.759765625,15147.2646484375,10242.3359375,791597,0.0,0.0
2020-08-06 00:00:00+07:00,15027.048828125,15227.4091796875,14986.9765625,15067.12109375,10188.1455078125,1340557,0.0,0.0
2020-08-07 00:00:00+07:00,12943.2978515625,13504.3076171875,12943.2978515625,13143.658203125,8887.53125,1316051,0.0,0.0
2020-08-10 00:00:00+07:00,13424.1630859375,13424.1630859375,13103.5869140625,13143.658203125,8887.53125,756111,0.0,0.0
2020-08-11 00:00:00+07:00,13223.802734375,13263.875,13043.478515625,13123.6220703125,8873.982421875,813807,0.0,0.0
2020-08-12 00:00:00+07:00,13063.5146484375,13063.5146484375,12742.9375,12863.1533203125,8697.8583984375,1660455,0.0,0.0
2020-08-13 00:00:00+07:00,13003.40625,13003.40625,12783.009765625,12903.2255859375,8724.9541015625,552927,0.0,0.0
2020-08-14 00:00:00+07:00,12903.2255859375,13143.658203125,12863.1533203125,13063.5146484375,8833.3388671875,640794,0.0,0.0
2020-08-17 00:00:00+07:00,13023.4423828125,13023.4423828125,12843.1171875,12943.2978515625,8752.0498046875,443625,0.0,0.0
2020-08-18 00:00:00+07:00,12943.2978515625,13023.4423828125,12883.189453125,12883.189453125,8711.404296875,273007,0.0,0.0
2020-08-19 00:00:00+07:00,12883.189453125,13604.48828125,12762.9736328125,13404.126953125,9063.6552734375,1564004,0.0,0.0
2020-08-20 00:00:00+07:00,13544.3798828125,13704.66796875,13424.1630859375,13444.19921875,9090.7509765625,1914597,0.0,0.0
2020-08-21 00:00:00+07:00,13544.3798828125,13604.48828125,13464.2353515625,13544.3798828125,9158.4921875,706051,0.0,0.0
2020-08-24 00:00:00+07:00,13624.5244140625,14486.0751953125,13624.5244140625,14486.0751953125,9795.2509765625,11933231,0.0,0.0
2020-08-25 00:00:00+07:00,15487.8779296875,15487.8779296875,15387.6982421875,15487.8779296875,10472.6533203125,4521546,0.0,0.0
2020-08-26 00:00:00+07:00,16429.572265625,16429.572265625,15668.203125,15828.4912109375,10702.9716796875,5230717,0.0,0.0
2020-08-27 00:00:00+07:00,15668.203125,15848.52734375,15227.4091796875,15668.203125,10594.5869140625,5598579,0.0,0.0
2020-08-28 00:00:00+07:00,15828.4912109375,16229.212890625,15748.3466796875,15828.4912109375,10702.9716796875,3616453,0.0,0.0
2020-08-31 00:00:00+07:00,15828.4912109375,16149.068359375,15307.5537109375,15608.0947265625,10553.943359375,3253682,0.0,0.0
2020-09-01 00:00:00+07:00,15447.8056640625,15608.0947265625,15327.58984375,15507.9140625,10486.2021484375,2079525,0.0,0.0
2020-09-02 00:00:00+07:00,15507.9140625,15507.9140625,15507.9140625,15507.9140625,10486.2021484375,0,0.0,0.0
2020-09-03 00:00:00+07:00,15628.130859375,15948.7080078125,15467.841796875,15928.671875,10770.7109375,4126758,0.0,0.0
2020-09-04 00:00:00+07:00,15708.2744140625,15848.52734375,15547.986328125,15808.455078125,10689.423828125,2374642,0.0,0.0
2020-09-07 00:00:00+07:00,15828.4912109375,16389.501953125,15828.4912109375,16028.8515625,10838.4521484375,6395617,0.0,0.0
2020-09-08 00:00:00+07:00,16028.8515625,16189.140625,15868.5634765625,16189.140625,10946.837890625,2212984,0.0,0.0
2020-09-09 00:00:00+07:00,15868.5634765625,16750.150390625,15868.5634765625,16509.716796875,11163.6044921875,2526169,0.0,0.0
2020-09-10 00:00:00+07:00,16629.93359375,16670.005859375,16169.1044921875,16229.212890625,10973.93359375,3003733,0.0,0.0
2020-09-11 00:00:00+07:00,16229.212890625,16229.212890625,16229.212890625,16229.212890625,10973.93359375,0,0.0,0.0
2020-09-14 00:00:00+07:00,16349.4287109375,16670.005859375,16189.140625,16529.75390625,11177.154296875,3233668,0.0,0.0
2020-09-15 00:00:00+07:00,16529.75390625,16609.8984375,16289.3203125,16289.3203125,11014.5771484375,2337310,0.0,0.0
2020-09-16 00:00:00+07:00,16229.212890625,16349.4287109375,16108.99609375,16269.28515625,11001.0302734375,1676926,0.0,0.0
2020-09-17 00:00:00+07:00,16269.28515625,16349.4287109375,16028.8515625,16149.068359375,10919.740234375,2088309,0.0,0.0
2020-09-18 00:00:00+07:00,16088.9599609375,16309.3564453125,16088.9599609375,16289.3203125,11014.5771484375,1413750,0.0,0.0
2020-09-21 00:00:00+07:00,16389.501953125,16549.7890625,16149.068359375,16149.068359375,10919.740234375,2115485,0.0,0.0
2020-09-22 00:00:00+07:00,16129.0322265625,16229.212890625,16048.8876953125,16169.1044921875,10933.2880859375,1998471,0.0,0.0
2020-09-23 00:00:00+07:00,16189.140625,16209.1767578125,16088.9599609375,16088.9599609375,10879.0966796875,1459667,0.0,0.0
2020-09-24 00:00:00+07:00,16028.8515625,16549.7890625,15908.6357421875,16269.28515625,11001.0302734375,2491856,0.0,0.0
2020-09-25 00:00:00+07:00,16249.2490234375,17150.87109375,16249.2490234375,17150.87109375,11597.1435546875,7309793,0.0,0.0
2020-09-28 00:00:00+07:00,17150.87109375,17571.62890625,17150.87109375,17231.015625,11651.3349609375,1859297,0.0,0.0
2020-09-29 00:00:00+07:00,17231.015625,17451.412109375,16910.439453125,16950.51171875,11461.6650390625,2601209,0.0,0.0
2020-09-30 00:00:00+07:00,16830.294921875,17070.7265625,16589.861328125,17070.7265625,11542.9501953125,3406107,0.0,0.0
2020-10-01 00:00:00+07:00,17150.87109375,17231.015625,16670.005859375,16830.294921875,11380.375,2458466,0.0,0.0
2020-10-02 00:00:00+07:00,16830.294921875,17190.943359375,16629.93359375,16870.3671875,11407.4716796875,3292637,0.0,0.0
2020-10-05 00:00:00+07:00,16990.583984375,17150.87109375,16930.474609375,17030.654296875,11515.8544921875,1698162,0.0,0.0
2020-10-06 00:00:00+07:00,17231.015625,17231.015625,16970.546875,17030.654296875,11515.8544921875,1594175,0.0,0.0
2020-10-07 00:00:00+07:00,17030.654296875,17190.943359375,16970.546875,16990.583984375,11488.7607421875,2335912,0.0,0.0
2020-10-08 00:00:00+07:00,16990.583984375,17110.798828125,16890.40234375,16950.51171875,11461.6650390625,1848466,0.0,0.0
2020-10-09 00:00:00+07:00,17070.7265625,17551.59375,16930.474609375,17391.3046875,11759.720703125,2639714,0.0,0.0
2020-10-12 00:00:00+07:00,17431.376953125,17571.62890625,16950.51171875,16950.51171875,11461.6650390625,2534130,0.0,0.0
2020-10-13 00:00:00+07:00,16970.546875,17110.798828125,16830.294921875,16910.439453125,11434.5673828125,1791369,0.0,0.0
2020-10-14 00:00:00+07:00,17210.98046875,17210.98046875,16950.51171875,17030.654296875,11515.8544921875,1061685,0.0,0.0
2020-10-15 00:00:00+07:00,17070.7265625,17110.798828125,16850.330078125,16870.3671875,11407.4716796875,1530365,0.0,0.0
2020-10-16 00:00:00+07:00,16870.3671875,16870.3671875,16589.861328125,16649.970703125,11258.4423828125,2450705,0.0,0.0
2020-10-19 00:00:00+07:00,16670.005859375,17231.015625,16670.005859375,16830.294921875,11380.375,1585141,0.0,0.0
2020-10-20 00:00:00+07:00,16870.3671875,16870.3671875,16469.64453125,16529.75390625,11177.154296875,1645507,0.0,0.0
2020-10-21 00:00:00+07:00,16629.93359375,16629.93359375,16289.3203125,16289.3203125,11014.5771484375,1340732,0.0,0.0
2020-10-22 00:00:00+07:00,16309.3564453125,16549.7890625,16229.212890625,16469.64453125,11136.509765625,1016392,0.0,0.0
2020-10-23 00:00:00+07:00,16629.93359375,16830.294921875,16509.716796875,16790.22265625,11353.279296875,1309688,0.0,0.0
2020-10-26 00:00:00+07:00,17110.798828125,17110.798828125,16710.078125,16710.078125,11299.0859375,1212288,0.0,0.0
2020-10-27 00:00:00+07:00,16710.078125,16830.294921875,16509.716796875,16549.7890625,11190.701171875,1231329,0.0,0.0
2020-10-28 00:00:00+07:00,16469.64453125,16549.7890625,16149.068359375,16209.1767578125,10960.384765625,1569569,0.0,0.0
2020-10-29 00:00:00+07:00,16028.8515625,16429.572265625,16028.8515625,16209.1767578125,10960.384765625,919716,0.0,0.0
2020-10-30 00:00:00+07:00,16209.1767578125,16349.4287109375,16129.0322265625,16189.140625,10946.837890625,635254,0.0,0.0
2020-11-02 00:00:00+07:00,16229.212890625,17231.015625,16229.212890625,16489.681640625,11150.0576171875,807319,0.0,0.0
2020-11-03 00:00:00+07:00,16489.681640625,16810.2578125,16489.681640625,16710.078125,11299.0859375,784610,0.0,0.0
2020-11-04 00:00:00+07:00,16830.294921875,16830.294921875,16629.93359375,16750.150390625,11326.1826171875,681720,0.0,0.0
2020-11-05 00:00:00+07:00,16750.150390625,17210.98046875,16750.150390625,16930.474609375,11448.115234375,2007405,0.0,0.0
2020-11-06 00:00:00+07:00,16930.474609375,17130.8359375,16850.330078125,16990.583984375,11488.7607421875,849667,0.0,0.0
2020-11-09 00:00:00+07:00,17150.87109375,18172.7109375,17150.87109375,18172.7109375,12288.0947265625,9743005,0.0,0.0
2020-11-10 00:00:00+07:00,18633.541015625,18733.720703125,18152.67578125,18192.74609375,12301.640625,2377887,0.0,0.0
2020-11-11 00:00:00+07:00,18272.890625,18853.9375,18192.74609375,18573.431640625,12559.0546875,2033607,0.0,0.0
2020-11-12 00:00:00+07:00,18513.32421875,18833.900390625,18312.962890625,18753.755859375,12680.9873046875,3318291,0.0,0.0
2020-11-13 00:00:00+07:00,18753.755859375,19114.40625,18633.541015625,18713.685546875,12653.8935546875,2414271,0.0,0.0
2020-11-16 00:00:00+07:00,18673.61328125,18793.828125,18032.458984375,18232.818359375,12328.73828125,3431387,0.0,0.0
2020-11-17 00:00:00+07:00,18353.03515625,18633.541015625,18232.818359375,18633.541015625,12599.69921875,1756532,0.0,0.0
2020-11-18 00:00:00+07:00,18573.431640625,19074.333984375,18553.396484375,18833.900390625,12735.1806640625,2296284,0.0,0.0
2020-11-19 00:00:00+07:00,18833.900390625,18914.044921875,18673.61328125,18833.900390625,12735.1806640625,1922807,0.0,0.0
2020-11-20 00:00:00+07:00,18753.755859375,19635.34375,18733.720703125,19354.837890625,13087.4296875,3471564,0.0,0.0
2020-11-23 00:00:00+07:00,19354.837890625,19595.271484375,19154.478515625,19254.658203125,13019.6904296875,2066798,0.0,0.0
2020-11-24 00:00:00+07:00,19274.6953125,19414.947265625,18934.08203125,19034.26171875,12870.662109375,2833390,0.0,0.0
2020-11-25 00:00:00+07:00,19214.5859375,19214.5859375,18633.541015625,18673.61328125,12626.7958984375,2986589,0.0,0.0
2020-11-26 00:00:00+07:00,18553.396484375,19034.26171875,18473.251953125,18713.685546875,12653.8935546875,1660256,0.0,0.0
2020-11-27 00:00:00+07:00,18753.755859375,18934.08203125,18733.720703125,18894.009765625,12775.8251953125,1427201,0.0,0.0
2020-11-30 00:00:00+07:00,18873.97265625,19014.2265625,18853.9375,18853.9375,12748.73046875,1208870,0.0,0.0
2020-12-01 00:00:00+07:00,18553.396484375,19034.26171875,18553.396484375,19034.26171875,12870.662109375,1436509,0.0,0.0
2020-12-02 00:00:00+07:00,19314.765625,19835.705078125,19114.40625,19635.34375,13277.1044921875,5115824,0.0,0.0
2020-12-03 00:00:00+07:00,19835.705078125,19835.705078125,19555.19921875,19635.34375,13277.1044921875,626220,0.0,0.0
2020-12-04 00:00:00+07:00,19515.126953125,19615.306640625,19434.982421875,19495.091796875,13182.2685546875,1124622,0.0,0.0
2020-12-07 00:00:00+07:00,19495.091796875,19535.1640625,19314.765625,19475.0546875,13168.720703125,1837611,0.0,0.0
2020-12-08 00:00:00+07:00,19575.236328125,19875.77734375,19475.0546875,19815.66796875,13399.03515625,2821287,0.0,0.0
2020-12-09 00:00:00+07:00,19815.66796875,20076.13671875,19715.48828125,19815.66796875,13399.03515625,1678797,0.0,0.0
2020-12-10 00:00:00+07:00,19815.66796875,19875.77734375,19515.126953125,19515.126953125,13195.8125,2198111,0.0,0.0
2020-12-11 00:00:00+07:00,19515.126953125,19835.705078125,19394.91015625,19635.34375,13277.1044921875,1996799,0.0,0.0
2020-12-14 00:00:00+07:00,19354.837890625,19394.91015625,19154.478515625,19254.658203125,13430.8388671875,1580549,601.082,0.0
2020-12-15 00:00:00+07:00,19254.658203125,19595.271484375,19134.44140625,19254.658203125,13430.8388671875,1432916,0.0,0.0
2020-12-16 00:00:00+07:00,19294.73046875,19595.271484375,19254.658203125,19414.947265625,13542.6455078125,1456972,0.0,0.0
2020-12-17 00:00:00+07:00,19134.44140625,19394.91015625,19094.369140625,19234.623046875,13416.86328125,1598342,0.0,0.0
2020-12-18 00:00:00+07:00,19234.623046875,19354.837890625,19174.513671875,19214.5859375,13402.88671875,1311534,0.0,0.0
2020-12-21 00:00:00+07:00,19394.91015625,19434.982421875,19154.478515625,19154.478515625,13360.958984375,1437008,0.0,0.0
2020-12-22 00:00:00+07:00,19154.478515625,19234.623046875,18894.009765625,19214.5859375,13402.88671875,2025971,0.0,0.0
2020-12-23 00:00:00+07:00,19234.623046875,19715.48828125,19234.623046875,19434.982421875,13556.62109375,2519506,0.0,0.0
2020-12-24 00:00:00+07:00,19434.982421875,19555.19921875,18914.044921875,19154.478515625,13360.958984375,1180870,0.0,0.0
2020-12-25 00:00:00+07:00,19074.333984375,19434.982421875,19034.26171875,19394.91015625,13528.6689453125,2102383,0.0,0.0
2020-12-28 00:00:00+07:00,19475.0546875,19555.19921875,19114.40625,19254.658203125,13430.8388671875,1613340,0.0,0.0
2020-12-29 00:00:00+07:00,19354.837890625,20597.07421875,19234.623046875,20597.07421875,14367.22265625,8194672,0.0,0.0
2020-12-30 00:00:00+07:00,20997.796875,20997.796875,20557.001953125,20557.001953125,14339.2705078125,2069942,0.0,0.0
2020-12-31 00:00:00+07:00,20516.9296875,20637.146484375,20276.498046875,20476.857421875,14283.3681640625,1046487,0.0,0.0
2021-01-01 00:00:00+07:00,20476.857421875,20476.857421875,20476.857421875,20476.857421875,14283.3681640625,0,0.0,0.0
2021-01-04 00:00:00+07:00,20637.146484375,20637.146484375,20356.642578125,20436.787109375,14255.4169921875,209347,0.0,0.0
2021-01-05 00:00:00+07:00,20356.642578125,21077.939453125,20236.42578125,20677.21875,14423.126953125,118112,0.0,0.0
2021-01-06 00:00:00+07:00,20757.36328125,20837.5078125,20516.9296875,20557.001953125,14339.2705078125,118037,0.0,0.0
2021-01-07 00:00:00+07:00,20637.146484375,21118.01171875,20316.5703125,20957.724609375,14618.791015625,204306,0.0,0.0
2021-01-08 00:00:00+07:00,20997.796875,21238.228515625,20476.857421875,20957.724609375,14618.791015625,266793,0.0,0.0
2021-01-11 00:00:00+07:00,21037.8671875,21037.8671875,20797.435546875,20997.796875,14646.7412109375,138076,0.0,0.0
2021-01-12 00:00:00+07:00,20997.796875,21638.94921875,20837.5078125,21318.373046875,14870.3564453125,178877,0.0,0.0
2021-01-13 00:00:00+07:00,21358.4453125,21438.58984375,20917.65234375,21037.8671875,14674.693359375,155993,0.0,0.0
2021-01-14 00:00:00+07:00,21238.228515625,21238.228515625,20877.580078125,21118.01171875,14730.595703125,133733,0.0,0.0
2021-01-15 00:00:00+07:00,21238.228515625,21598.87890625,20997.796875,21158.083984375,14758.5498046875,163155,0.0,0.0
2021-01-18 00:00:00+07:00,21238.228515625,22039.671875,21037.8671875,21558.806640625,15038.068359375,417222,0.0,0.0
2021-01-19 00:00:00+07:00,21558.806640625,21558.806640625,20076.13671875,20356.642578125,14199.51171875,238594,0.0,0.0
2021-01-20 00:00:00+07:00,20757.36328125,20797.435546875,19835.705078125,20436.787109375,14255.4169921875,144739,0.0,0.0
2021-01-21 00:00:00+07:00,20637.146484375,21238.228515625,20637.146484375,21238.228515625,14814.451171875,131587,0.0,0.0
2021-01-22 00:00:00+07:00,21238.228515625,22240.03125,21037.8671875,21919.455078125,15289.6328125,408238,0.0,0.0
2021-01-25 00:00:00+07:00,21839.310546875,22240.03125,21839.310546875,21919.455078125,15289.6328125,125498,0.0,0.0
2021-01-26 00:00:00+07:00,21919.455078125,21919.455078125,20837.5078125,20997.796875,14646.7412109375,171166,0.0,0.0
2021-01-27 00:00:00+07:00,20997.796875,21638.94921875,20436.787109375,20957.724609375,14618.791015625,286408,0.0,0.0
2021-01-28 00:00:00+07:00,19635.34375,20557.001953125,19495.091796875,19495.091796875,13598.5498046875,391968,0.0,0.0
2021-01-29 00:00:00+07:00,19495.091796875,20436.787109375,18673.61328125,19915.84765625,13892.0439453125,217832,0.0,0.0
2021-02-01 00:00:00+07:00,19835.705078125,20076.13671875,19455.01953125,19475.0546875,13584.5751953125,183643,0.0,0.0
2021-02-02 00:00:00+07:00,19475.0546875,20036.064453125,19314.765625,19835.705078125,13836.1416015625,95253,0.0,0.0
2021-02-03 00:00:00+07:00,20036.064453125,20436.787109375,19755.560546875,20436.787109375,14255.4169921875,148981,0.0,0.0
2021-02-04 00:00:00+07:00,20316.5703125,20717.291015625,20316.5703125,20717.291015625,14451.0791015625,133908,0.0,0.0
2021-02-05 00:00:00+07:00,20717.291015625,21919.455078125,20677.21875,21679.021484375,15121.9208984375,406342,0.0,0.0
2021-02-08 00:00:00+07:00,21679.021484375,22640.75390625,21518.734375,21839.310546875,15233.728515625,252694,0.0,0.0
2021-02-09 00:00:00+07:00,21839.310546875,21839.310546875,21839.310546875,21839.310546875,15233.728515625,0,0.0,0.0
2021-02-10 00:00:00+07:00,21839.310546875,21839.310546875,21839.310546875,21839.310546875,15233.728515625,0,0.0,0.0
2021-02-11 00:00:00+07:00,21839.310546875,21839.310546875,21839.310546875,21839.310546875,15233.728515625,0,0.0,0.0
2021-02-12 00:00:00+07:00,21839.310546875,21839.310546875,21839.310546875,21839.310546875,15233.728515625,0,0.0,0.0
2021-02-15 00:00:00+07:00,21839.310546875,21839.310546875,21839.310546875,21839.310546875,15233.728515625,0,0.0,0.0
2021-02-16 00:00:00+07:00,21839.310546875,21839.310546875,21839.310546875,21839.310546875,15233.728515625,0,0.0,0.0
2021-02-17 00:00:00+07:00,21959.52734375,23442.1953125,21959.52734375,23442.1953125,16351.80078125,428801,0.0,0.0
2021-02-18 00:00:00+07:00,24043.27734375,24283.7109375,23602.484375,23923.060546875,16687.220703125,299884,0.0,0.0
2021-02-19 00:00:00+07:00,23842.91796875,24363.85546875,23602.484375,23802.845703125,16603.369140625,170018,0.0,0.0
2021-02-22 00:00:00+07:00,23722.701171875,23802.845703125,23482.267578125,23562.412109375,16435.65625,282266,0.0,0.0
2021-02-23 00:00:00+07:00,23281.908203125,24243.638671875,23241.8359375,23842.91796875,16631.3203125,204406,0.0,0.0
2021-02-24 00:00:00+07:00,23842.91796875,23842.91796875,23842.91796875,23842.91796875,16631.3203125,0,0.0,0.0
2021-02-25 00:00:00+07:00,25245.44140625,26247.244140625,25085.15234375,26247.244140625,18308.427734375,278597,0.0,0.0
2021-02-26 00:00:00+07:00,25646.1640625,26327.388671875,25646.1640625,26046.884765625,18168.66796875,193700,0.0,0.0
2021-03-01 00:00:00+07:00,26367.4609375,26367.4609375,25766.37890625,26127.029296875,18224.572265625,170442,0.0,0.0
2021-03-02 00:00:00+07:00,26127.029296875,26167.1015625,25646.1640625,25846.5234375,18028.91015625,213839,0.0,0.0
2021-03-03 00:00:00+07:00,25926.66796875,27649.76953125,25886.595703125,27649.76953125,19286.736328125,401201,0.0,0.0
2021-03-04 00:00:00+07:00,28050.490234375,28851.93359375,27609.697265625,28371.068359375,19789.87109375,247428,0.0,0.0
2021-03-05 00:00:00+07:00,28050.490234375,28731.716796875,27249.048828125,28611.5,19957.583984375,194873,0.0,0.0
2021-03-08 00:00:00+07:00,28771.7890625,29052.294921875,27890.203125,28090.5625,19594.208984375,215760,0.0,0.0
2021-03-09 00:00:00+07:00,28090.5625,28611.5,27850.130859375,28371.068359375,19789.87109375,149929,0.0,0.0
2021-03-10 00:00:00+07:00,28451.212890625,28651.572265625,28330.99609375,28491.28515625,19873.7265625,151077,0.0,0.0
2021-03-11 00:00:00+07:00,28531.35546875,29092.3671875,28210.779296875,28851.93359375,20125.29296875,166200,0.0,0.0
2021-03-12 00:00:00+07:00,28771.7890625,29252.654296875,28691.64453125,29172.509765625,20348.908203125,141370,0.0,0.0
2021-03-15 00:00:00+07:00,29453.015625,30254.458984375,29412.943359375,30214.38671875,21075.65625,179251,0.0,0.0
2021-03-16 00:00:00+07:00,30254.458984375,30294.529296875,29653.376953125,29893.80859375,20852.041015625,125324,0.0,0.0
2021-03-17 00:00:00+07:00,29893.80859375,30254.458984375,29653.376953125,30054.09765625,20963.8515625,111299,0.0,0.0
2021-03-18 00:00:00+07:00,30054.09765625,30134.2421875,29252.654296875,29653.376953125,20684.330078125,207750,0.0,0.0
2021-03-19 00:00:00+07:00,29453.015625,29453.015625,28250.8515625,28731.716796875,20041.4375,331127,0.0,0.0
2021-03-22 00:00:00+07:00,28651.572265625,28651.572265625,27729.9140625,27810.05859375,19398.548828125,345801,0.0,0.0
2021-03-23 00:00:00+07:00,27769.986328125,28611.5,27769.986328125,28050.490234375,19566.2578125,121655,0.0,0.0
2021-03-24 00:00:00+07:00,27810.05859375,27930.275390625,26447.60546875,26888.3984375,18755.654296875,214687,0.0,0.0
2021-03-25 00:00:00+07:00,26928.470703125,27249.048828125,26728.111328125,26968.54296875,18811.560546875,168546,0.0,0.0
2021-03-26 00:00:00+07:00,26968.54296875,27088.759765625,26046.884765625,26808.25390625,18699.751953125,163704,0.0,0.0
2021-03-29 00:00:00+07:00,27449.408203125,28411.140625,26888.3984375,28210.779296875,19678.06640625,224894,0.0,0.0
2021-03-30 00:00:00+07:00,28371.068359375,28411.140625,27249.048828125,27409.3359375,19119.02734375,178353,0.0,0.0
2021-03-31 00:00:00+07:00,27409.3359375,27449.408203125,26928.470703125,27048.6875,18867.462890625,146585,0.0,0.0
2021-04-01 00:00:00+07:00,27048.6875,28250.8515625,26888.3984375,27689.841796875,19314.693359375,128543,0.0,0.0
2021-04-02 00:00:00+07:00,28050.490234375,28210.779296875,27449.408203125,27569.625,19230.8359375,58244,0.0,0.0
2021-04-05 00:00:00+07:00,27649.76953125,27649.76953125,27168.904296875,27569.625,19230.8359375,118910,0.0,0.0
2021-04-06 00:00:00+07:00,27649.76953125,28050.490234375,27449.408203125,27930.275390625,19482.40234375,170667,0.0,0.0
2021-04-07 00:00:00+07:00,28050.490234375,28932.078125,28050.490234375,28411.140625,19817.82421875,226791,0.0,0.0
2021-04-08 00:00:00+07:00,28811.861328125,28811.861328125,28050.490234375,28170.70703125,19650.11328125,68850,0.0,0.0
2021-04-09 00:00:00+07:00,28010.41796875,28531.35546875,28010.41796875,28130.634765625,19622.16015625,62711,0.0,0.0
2021-04-12 00:00:00+07:00,28130.634765625,28210.779296875,27689.841796875,27810.05859375,19398.548828125,144239,0.0,0.0
2021-04-13 00:00:00+07:00,27649.76953125,27689.841796875,27249.048828125,27289.12109375,19035.171875,189583,0.0,0.0
2021-04-14 00:00:00+07:00,27249.048828125,27649.76953125,27048.6875,27609.697265625,19258.7890625,128518,0.0,0.0
2021-04-15 00:00:00+07:00,27649.76953125,27649.76953125,27289.12109375,27649.76953125,19286.736328125,70497,0.0,0.0
2021-04-16 00:00:00+07:00,27649.76953125,27729.9140625,27048.6875,27569.625,19230.8359375,115841,0.0,0.0
2021-04-19 00:00:00+07:00,27649.76953125,29252.654296875,27208.9765625,28731.716796875,20041.4375,285335,0.0,0.0
2021-04-20 00:00:00+07:00,28851.93359375,29172.509765625,28010.41796875,28010.41796875,19538.3046875,205454,0.0,0.0
2021-04-21 00:00:00+07:00,28010.41796875,28010.41796875,28010.41796875,28010.41796875,19538.3046875,0,0.0,0.0
2021-04-22 00:00:00+07:00,27850.130859375,28050.490234375,27249.048828125,27249.048828125,19007.220703125,223347,0.0,0.0
2021-04-23 00:00:00+07:00,26928.470703125,27649.76953125,26848.326171875,27649.76953125,19286.736328125,152275,0.0,0.0
2021-04-26 00:00:00+07:00,27649.76953125,27850.130859375,27128.83203125,27449.408203125,19146.982421875,98497,0.0,0.0
2021-04-27 00:00:00+07:00,27569.625,27810.05859375,27168.904296875,27529.552734375,19202.8828125,94529,0.0,0.0
2021-04-28 00:00:00+07:00,27489.48046875,28811.861328125,27449.408203125,28050.490234375,19566.2578125,195098,0.0,0.0
2021-04-29 00:00:00+07:00,28050.490234375,28651.572265625,27890.203125,27970.345703125,19510.353515625,99470,0.0,0.0
2021-04-30 00:00:00+07:00,27970.345703125,27970.345703125,27970.345703125,27970.345703125,19510.353515625,0,0.0,0.0
2021-05-03 00:00:00+07:00,27970.345703125,27970.345703125,27970.345703125,27970.345703125,19510.353515625,0,0.0,0.0
2021-05-04 00:00:00+07:00,27649.76953125,29893.80859375,27649.76953125,29893.80859375,20852.041015625,631461,0.0,0.0
2021-05-05 00:00:00+07:00,30134.2421875,30655.1796875,30054.09765625,30054.09765625,20963.8515625,218231,0.0,0.0
2021-05-06 00:00:00+07:00,30054.09765625,30414.74609375,29853.736328125,30334.6015625,21159.509765625,273906,0.0,0.0
2021-05-07 00:00:00+07:00,31152.07421875,31612.90234375,30645.162109375,31520.73828125,21986.884765625,403554,0.0,1.15
2021-05-10 00:00:00+07:00,31520.73828125,32304.1484375,31520.73828125,32165.8984375,22436.90625,209969,0.0,0.0
2021-05-11 00:00:00+07:00,31751.15234375,32119.81640625,31336.40625,31474.654296875,21954.73828125,137122,0.0,0.0
2021-05-12 00:00:00+07:00,31336.40625,32211.982421875,31105.990234375,32211.982421875,22469.052734375,207560,0.0,0.0
2021-05-13 00:00:00+07:00,31705.068359375,32027.650390625,31290.322265625,31290.322265625,21826.16015625,315518,0.0,0.0
2021-05-14 00:00:00+07:00,31797.234375,31797.234375,30783.41015625,30783.41015625,21472.5703125,300740,0.0,0.0
2021-05-17 00:00:00+07:00,30783.41015625,31797.234375,30322.580078125,30875.576171875,21536.861328125,389449,0.0,0.0
2021-05-18 00:00:00+07:00,30506.912109375,30829.4921875,30414.74609375,30691.244140625,21408.28125,159169,0.0,0.0
2021-05-19 00:00:00+07:00,30460.830078125,31336.40625,29953.91796875,31105.990234375,21697.58203125,242909,0.0,0.0
2021-05-20 00:00:00+07:00,31059.908203125,31059.908203125,30460.830078125,30829.4921875,21504.71484375,121975,0.0,0.0
2021-05-21 00:00:00+07:00,30967.7421875,32949.30859375,30921.658203125,32442.396484375,22629.77734375,573856,0.0,0.0
2021-05-24 00:00:00+07:00,32718.89453125,32718.89453125,32258.064453125,32626.728515625,22758.353515625,161599,0.0,0.0
2021-05-25 00:00:00+07:00,32626.728515625,33179.72265625,32442.396484375,33041.4765625,23047.654296875,236855,0.0,0.0
2021-05-26 00:00:00+07:00,32903.2265625,33410.13671875,32626.728515625,33133.640625,23111.94140625,238070,0.0,0.0
2021-05-27 00:00:00+07:00,33133.640625,33133.640625,32258.064453125,32949.30859375,22983.365234375,172645,0.0,0.0
2021-05-28 00:00:00+07:00,32949.30859375,32949.30859375,32442.396484375,32811.05859375,22886.9296875,150945,0.0,0.0
2021-05-31 00:00:00+07:00,33133.640625,33502.3046875,32534.5625,33041.4765625,23047.654296875,225875,0.0,0.0
2021-06-01 00:00:00+07:00,33041.4765625,33410.13671875,32626.728515625,32718.89453125,22822.642578125,169802,0.0,0.0
2021-06-02 00:00:00+07:00,32350.23046875,33179.72265625,32350.23046875,33041.4765625,23047.654296875,227003,0.0,0.0
2021-06-03 00:00:00+07:00,33179.72265625,34562.2109375,32949.30859375,34470.046875,24044.13671875,420133,0.0,0.0
2021-06-04 00:00:00+07:00,34562.2109375,34562.2109375,33870.96875,34285.71484375,23915.556640625,151466,0.0,0.0
2021-06-07 00:00:00+07:00,34331.796875,34377.87890625,32258.064453125,33640.5546875,23465.53515625,3299051,0.0,0.0
2021-06-08 00:00:00+07:00,33640.5546875,33640.5546875,33640.5546875,33640.5546875,23465.53515625,0,0.0,0.0
2021-06-09 00:00:00+07:00,32442.396484375,33087.55859375,31797.234375,32718.89453125,22822.642578125,2683639,0.0,0.0
2021-06-10 00:00:00+07:00,32534.5625,33917.05078125,32258.064453125,33548.38671875,23401.244140625,2153291,0.0,0.0
2021-06-11 00:00:00+07:00,33502.3046875,34101.3828125,32949.30859375,33456.22265625,23336.955078125,2641975,0.0,0.0
2021-06-14 00:00:00+07:00,33456.22265625,34562.2109375,33364.0546875,34331.796875,23947.701171875,3540138,0.0,0.0
2021-06-15 00:00:00+07:00,34470.046875,36728.109375,34331.796875,36682.02734375,25587.078125,6985881,0.0,0.0
2021-06-16 00:00:00+07:00,37096.7734375,37788.01953125,36497.6953125,37327.1875,26037.1015625,2632210,0.0,0.0
2021-06-17 00:00:00+07:00,36728.109375,38110.59765625,36635.9453125,37695.8515625,26294.255859375,1770720,0.0,0.0
2021-06-18 00:00:00+07:00,37649.76953125,37788.01953125,37142.85546875,37603.6875,26229.966796875,1112776,0.0,0.0
2021-06-21 00:00:00+07:00,37096.7734375,37603.6875,36912.44140625,37465.4375,26133.53125,2015496,0.0,0.0
2021-06-22 00:00:00+07:00,37788.01953125,38018.43359375,37419.35546875,37419.35546875,26101.390625,1257515,0.0,0.0
2021-06-23 00:00:00+07:00,37096.7734375,37557.60546875,36405.53125,36635.9453125,25554.9296875,2546929,0.0,0.0
2021-06-24 00:00:00+07:00,36635.9453125,37465.4375,36405.53125,36589.86328125,25522.78515625,1699327,0.0,0.0
2021-06-25 00:00:00+07:00,36589.86328125,37511.51953125,36267.28125,37327.1875,26037.1015625,1508150,0.0,0.0
2021-06-28 00:00:00+07:00,37557.60546875,38479.26171875,37373.2734375,38248.84765625,26679.98828125,1882258,0.0,0.0
2021-06-29 00:00:00+07:00,38248.84765625,38294.9296875,37880.18359375,37972.3515625,26487.12109375,1002323,0.0,0.0
2021-06-30 00:00:00+07:00,37788.01953125,38018.43359375,37465.4375,37603.6875,26229.966796875,1067206,0.0,0.0
2021-07-01 00:00:00+07:00,37788.01953125,38663.59375,37788.01953125,38341.015625,26744.283203125,2105551,0.0,0.0
2021-07-02 00:00:00+07:00,38341.015625,38709.67578125,38202.765625,38341.015625,26744.283203125,1005144,0.0,0.0
2021-07-05 00:00:00+07:00,38341.015625,38341.015625,38341.015625,38341.015625,26744.283203125,0,0.0,0.0
2021-07-06 00:00:00+07:00,38341.015625,38341.015625,38341.015625,38341.015625,26744.283203125,0,0.0,0.0
2021-07-07 00:00:00+07:00,38341.015625,38341.015625,38341.015625,38341.015625,26744.283203125,0,0.0,0.0
2021-07-08 00:00:00+07:00,38341.015625,38341.015625,38341.015625,38341.015625,26744.283203125,0,0.0,0.0
2021-07-09 00:00:00+07:00,38433.1796875,41059.90625,38248.84765625,40506.9140625,28255.07421875,4638592,0.0,0.0
2021-07-12 00:00:00+07:00,40506.9140625,40506.9140625,40506.9140625,40506.9140625,28255.07421875,0,0.0,0.0
2021-07-13 00:00:00+07:00,38248.84765625,38663.59375,36451.61328125,37327.1875,26037.1015625,3362415,0.0,0.0
2021-07-14 00:00:00+07:00,37327.1875,37327.1875,37327.1875,37327.1875,26037.1015625,0,0.0,0.0
2021-07-15 00:00:00+07:00,35299.5390625,37373.2734375,35207.375,37235.0234375,25972.80859375,2209277,0.0,0.0
2021-07-16 00:00:00+07:00,37235.0234375,37235.0234375,37235.0234375,37235.0234375,25972.80859375,0,0.0,0.0
2021-07-19 00:00:00+07:00,36866.359375,37557.60546875,36405.53125,36543.77734375,25490.638671875,2262876,0.0,0.0
2021-07-20 00:00:00+07:00,37096.7734375,37557.60546875,36267.28125,37511.51953125,26165.67578125,1640737,0.0,0.0
2021-07-21 00:00:00+07:00,38202.765625,38202.765625,37557.60546875,37788.01953125,26358.54296875,1572382,0.0,0.0
2021-07-22 00:00:00+07:00,38064.515625,40000.0,38064.515625,39815.66796875,27772.904296875,5272883,0.0,0.0
2021-07-23 00:00:00+07:00,39861.75,42580.64453125,39631.3359375,42580.64453125,29701.580078125,11636408,0.0,0.0
2021-07-26 00:00:00+07:00,42488.48046875,45391.703125,42442.39453125,44470.046875,31019.501953125,3675763,0.0,0.0
2021-07-27 00:00:00+07:00,44930.875,44930.875,42396.3125,42857.14453125,29894.44921875,3656450,0.0,0.0
2021-07-28 00:00:00+07:00,42396.3125,43870.96875,42027.6484375,43179.72265625,30119.458984375,2961833,0.0,0.0
2021-07-29 00:00:00+07:00,43364.0546875,44562.2109375,42903.2265625,44239.6328125,30858.78515625,2158499,0.0,0.0
2021-07-30 00:00:00+07:00,44239.6328125,44239.6328125,43502.3046875,44009.21484375,30698.060546875,2044140,0.0,0.0
2021-08-02 00:00:00+07:00,44009.21484375,45622.12109375,43778.80078125,44746.54296875,31212.37109375,4060287,0.0,0.0
2021-08-03 00:00:00+07:00,45023.04296875,45023.04296875,44009.21484375,44654.37890625,31148.08203125,2651740,0.0,0.0
2021-08-04 00:00:00+07:00,44654.37890625,44654.37890625,44654.37890625,44654.37890625,31148.08203125,0,0.0,0.0
2021-08-05 00:00:00+07:00,45253.45703125,46175.11328125,45253.45703125,45898.6171875,32015.990234375,1400518,0.0,0.0
2021-08-06 00:00:00+07:00,45622.12109375,45714.28515625,45069.125,45069.125,31437.3828125,2485084,0.0,0.0
2021-08-09 00:00:00+07:00,44700.4609375,45622.12109375,44470.046875,45391.703125,31662.396484375,1901788,0.0,0.0
2021-08-10 00:00:00+07:00,45391.703125,45391.703125,45391.703125,45391.703125,31662.396484375,0,0.0,0.0
2021-08-11 00:00:00+07:00,46866.359375,47465.4375,45898.6171875,45898.6171875,32015.990234375,1780485,0.0,0.0
2021-08-12 00:00:00+07:00,45622.12109375,46036.8671875,45299.5390625,45391.703125,31662.396484375,2347289,0.0,0.0
2021-08-13 00:00:00+07:00,45069.125,45207.375,43548.38671875,45161.2890625,31501.671875,5746811,0.0,0.0
2021-08-16 00:00:00+07:00,45806.453125,45990.78515625,45161.2890625,45944.69921875,32048.12890625,1939980,0.0,0.0
2021-08-17 00:00:00+07:00,45944.69921875,45944.69921875,45944.69921875,45944.69921875,32048.12890625,0,0.0,0.0
2021-08-18 00:00:00+07:00,46958.5234375,48663.59375,46958.5234375,48387.09765625,33751.79296875,3304910,0.0,0.0
2021-08-19 00:00:00+07:00,48433.1796875,50645.16015625,48433.1796875,50138.25,34973.2890625,3309684,0.0,0.0
2021-08-20 00:00:00+07:00,50276.49609375,50414.74609375,47926.265625,49539.171875,34555.40625,4290958,0.0,0.0
2021-08-23 00:00:00+07:00,48387.09765625,50645.16015625,48387.09765625,50276.49609375,35069.71484375,2262008,0.0,0.0
2021-08-24 00:00:00+07:00,49769.5859375,49907.8359375,48387.09765625,49539.171875,34555.40625,2797781,0.0,0.0
2021-08-25 00:00:00+07:00,49539.171875,50230.4140625,48847.92578125,49723.50390625,34683.98828125,1095199,0.0,0.0
2021-08-26 00:00:00+07:00,49723.50390625,51612.90234375,49539.171875,51013.82421875,35584.03125,2270254,0.0,0.0
2021-08-27 00:00:00+07:00,51152.07421875,52027.6484375,50230.4140625,51520.73828125,35937.62109375,1538313,0.0,0.0
2021-08-30 00:00:00+07:00,51520.73828125,52995.390625,51520.73828125,52995.390625,36966.24609375,1718423,0.0,0.0
2021-08-31 00:00:00+07:00,53456.22265625,54838.7109375,53364.0546875,54377.87890625,37930.58984375,2251809,0.0,0.0
2021-09-01 00:00:00+07:00,54331.796875,54838.7109375,53778.80078125,54009.21484375,37673.4296875,1544389,0.0,0.0
2021-09-02 00:00:00+07:00,54009.21484375,54009.21484375,54009.21484375,54009.21484375,37673.4296875,0,0.0,0.0
2021-09-03 00:00:00+07:00,54009.21484375,54009.21484375,54009.21484375,54009.21484375,37673.4296875,0,0.0,0.0
2021-09-06 00:00:00+07:00,54009.21484375,54009.21484375,53041.4765625,53456.22265625,37287.69921875,1795458,0.0,0.0
2021-09-07 00:00:00+07:00,52995.390625,53271.890625,52165.8984375,52857.14453125,36869.8203125,2693621,0.0,0.0
2021-09-08 00:00:00+07:00,52857.14453125,52857.14453125,52857.14453125,52857.14453125,36869.8203125,0,0.0,0.0
2021-09-09 00:00:00+07:00,53456.22265625,53548.38671875,53133.640625,53271.890625,37159.12109375,660765,0.0,0.0
2021-09-10 00:00:00+07:00,53640.5546875,54377.87890625,53364.0546875,54055.30078125,37705.578125,931581,0.0,0.0
2021-09-13 00:00:00+07:00,54377.87890625,57834.1015625,54377.87890625,57834.1015625,40341.42578125,4224990,0.0,0.0
2021-09-14 00:00:00+07:00,58801.84375,59585.25390625,58294.9296875,58894.0078125,41080.75390625,2037196,0.0,0.0
2021-09-15 00:00:00+07:00,58986.17578125,59354.83984375,58755.76171875,59262.671875,41337.90625,2323636,0.0,0.0
2021-09-16 00:00:00+07:00,59907.8359375,61797.234375,59585.25390625,61152.07421875,42655.8359375,2289567,0.0,0.0
2021-09-17 00:00:00+07:00,63087.55859375,65391.703125,62165.8984375,65391.703125,45613.13671875,4370163,0.0,0.0
2021-09-20 00:00:00+07:00,69124.421875,69953.9140625,67281.109375,67972.3515625,47413.23828125,3464188,0.0,0.0
2021-09-21 00:00:00+07:00,67972.3515625,67972.3515625,67972.3515625,67972.3515625,47413.23828125,0,0.0,0.0
2021-09-22 00:00:00+07:00,67972.3515625,67972.3515625,67972.3515625,67972.3515625,47413.23828125,0,0.0,0.0
2021-09-23 00:00:00+07:00,80645.1640625,82258.0625,71843.3203125,71843.3203125,50113.375,7627984,0.0,0.0
2021-09-24 00:00:00+07:00,69124.421875,70506.9140625,68202.765625,68202.765625,47573.9609375,500098200,0.0,0.0
2021-09-27 00:00:00+07:00,67788.015625,71105.9921875,67788.015625,68294.9296875,47638.24609375,2332533,0.0,0.0
2021-09-28 00:00:00+07:00,68294.9296875,70046.0859375,67788.015625,70046.0859375,48859.7421875,1408981,0.0,0.0
2021-09-29 00:00:00+07:00,69585.25,69585.25,65944.703125,65944.703125,45998.87890625,3640392,0.0,0.0
2021-09-30 00:00:00+07:00,65990.78125,70046.0859375,65990.78125,69539.171875,48506.1484375,1797194,0.0,0.0
2021-10-01 00:00:00+07:00,68248.8515625,74147.46875,68248.8515625,73225.8046875,51077.7109375,3162124,0.0,0.0
2021-10-04 00:00:00+07:00,73963.1328125,75345.625,70506.9140625,70921.65625,49470.48828125,210967400,0.0,0.0
2021-10-05 00:00:00+07:00,70875.578125,72165.8984375,69953.9140625,70092.1640625,48891.88671875,1591912,0.0,0.0
2021-10-06 00:00:00+07:00,70092.1640625,70092.1640625,70092.1640625,70092.1640625,48891.88671875,0,0.0,0.0
2021-10-07 00:00:00+07:00,68894.0078125,70921.65625,68110.6015625,69124.421875,48216.84375,1050714,0.0,0.0
2021-10-08 00:00:00+07:00,69124.421875,69124.421875,69124.421875,69124.421875,48216.84375,0,0.0,0.0
2021-10-11 00:00:00+07:00,69124.421875,69124.421875,69124.421875,69124.421875,48216.84375,0,0.0,0.0
2021-10-12 00:00:00+07:00,69953.9140625,73732.71875,69953.9140625,73732.71875,51431.30859375,5183913,0.0,0.0
2021-10-13 00:00:00+07:00,73732.71875,75760.3671875,73732.71875,74470.046875,51945.6171875,2812754,0.0,0.0
2021-10-14 00:00:00+07:00,74470.046875,74470.046875,74470.046875,74470.046875,51945.6171875,0,0.0,0.0
2021-10-15 00:00:00+07:00,72396.3125,73732.71875,72396.3125,73087.5546875,50981.27734375,1980125,0.0,0.0
2021-10-18 00:00:00+07:00,73087.5546875,73087.5546875,73087.5546875,73087.5546875,50981.27734375,0,0.0,0.0
2021-10-19 00:00:00+07:00,70276.5,71059.90625,69953.9140625,70046.0859375,48859.7421875,4325244,0.0,0.0
2021-10-20 00:00:00+07:00,70783.40625,73732.71875,70184.328125,72903.2265625,50852.6953125,3375218,0.0,0.0
2021-10-21 00:00:00+07:00,72903.2265625,75576.0390625,72857.140625,74193.546875,51752.75,3207260,0.0,0.0
2021-10-22 00:00:00+07:00,74838.7109375,74884.7890625,72857.140625,73410.140625,51206.296875,2453402,0.0,0.0
2021-10-25 00:00:00+07:00,73410.140625,73410.140625,73410.140625,73410.140625,51206.296875,0,0.0,0.0
2021-10-26 00:00:00+07:00,73410.140625,73410.140625,73410.140625,73410.140625,51206.296875,0,0.0,0.0
2021-10-27 00:00:00+07:00,73410.140625,73410.140625,73410.140625,73410.140625,51206.296875,0,0.0,0.0
2021-10-28 00:00:00+07:00,71889.3984375,72811.0625,70829.4921875,70875.578125,49438.33984375,2615284,0.0,0.0
2021-10-29 00:00:00+07:00,70737.328125,70737.328125,70000.0,70414.75,49116.8984375,4125387,0.0,0.0
2021-11-01 00:00:00+07:00,70414.75,70414.75,70414.75,70414.75,49116.8984375,0,0.0,0.0
2021-11-02 00:00:00+07:00,71889.3984375,71797.234375,71244.2421875,72580.6484375,50627.6953125,1806091,0.0,0.0
2021-11-03 00:00:00+07:00,71981.5703125,71981.5703125,70599.078125,70737.328125,49341.91015625,2183888,0.0,0.0
2021-11-04 00:00:00+07:00,70737.328125,72350.2265625,70414.75,72073.734375,50274.1015625,1752709,0.0,0.0
2021-11-05 00:00:00+07:00,73087.5546875,76958.5234375,72119.8125,75207.375,52459.93359375,7742343,0.0,0.0
2021-11-08 00:00:00+07:00,75483.8671875,78018.4296875,75299.5390625,75529.953125,52684.9453125,3785131,0.0,0.0
2021-11-09 00:00:00+07:00,75760.3671875,75760.3671875,73041.4765625,73271.890625,51109.859375,3716342,0.0,0.0
2021-11-10 00:00:00+07:00,72626.7265625,72764.9765625,71428.5703125,71751.1484375,50049.0859375,5563012,0.0,0.0
2021-11-11 00:00:00+07:00,71428.5703125,71751.1484375,71059.90625,71382.4921875,49791.94140625,3658186,0.0,0.0
2021-11-12 00:00:00+07:00,71244.2421875,71658.984375,70967.7421875,71658.984375,49984.79296875,2901507,0.0,0.0
2021-11-15 00:00:00+07:00,71566.8203125,71658.984375,71198.15625,71428.5703125,49824.0703125,2841615,0.0,0.0
2021-11-16 00:00:00+07:00,71198.15625,73271.890625,71198.15625,72350.2265625,50466.9609375,4590635,0.0,0.0
2021-11-17 00:00:00+07:00,72811.0625,75345.625,72811.0625,75345.625,52556.375,7561365,0.0,0.0
2021-11-18 00:00:00+07:00,76036.8671875,78341.015625,76036.8671875,78018.4296875,54420.75390625,6865446,0.0,0.0
2021-11-19 00:00:00+07:00,78110.6015625,79953.9140625,74654.375,78018.4296875,54420.75390625,4952157,0.0,0.0
2021-11-22 00:00:00+07:00,77880.1875,79216.59375,75576.0390625,75990.78125,53006.3984375,4933278,0.0,0.0
2021-11-23 00:00:00+07:00,75576.0390625,76958.5234375,74838.7109375,76728.109375,53520.69921875,3459631,0.0,0.0
2021-11-24 00:00:00+07:00,76958.5234375,78294.9296875,76912.4453125,77235.0234375,53874.29296875,2729643,0.0,0.0
2021-11-25 00:00:00+07:00,77419.3515625,77557.6015625,76082.953125,77096.7734375,53777.8671875,2590112,0.0,0.0
2021-11-26 00:00:00+07:00,76728.109375,77188.9375,74423.9609375,74654.375,52074.203125,4044880,0.0,0.0
2021-11-29 00:00:00+07:00,73317.96875,74285.7109375,72811.0625,73640.5546875,51367.01953125,2400020,0.0,0.0
2021-11-30 00:00:00+07:00,74193.546875,76497.6953125,73317.96875,75299.5390625,52524.22265625,2800819,0.0,0.0
2021-12-01 00:00:00+07:00,75115.2109375,76405.53125,74792.625,75115.2109375,52395.64453125,1420048,0.0,0.0
2021-12-02 00:00:00+07:00,75161.2890625,76267.28125,75115.2109375,75207.375,52459.93359375,1836905,0.0,0.0
2021-12-03 00:00:00+07:00,75576.0390625,75714.2890625,73041.4765625,73041.4765625,50949.140625,2473800,0.0,0.0
2021-12-06 00:00:00+07:00,72903.2265625,73271.890625,71198.15625,71612.90625,49952.65625,3981516,0.0,0.0
2021-12-07 00:00:00+07:00,72119.8125,76036.8671875,72119.8125,75668.203125,52781.37890625,2352714,0.0,0.0
2021-12-08 00:00:00+07:00,76497.6953125,79262.671875,76497.6953125,77880.1875,54324.3203125,3784697,0.0,0.0
2021-12-09 00:00:00+07:00,78110.6015625,80967.7421875,77926.265625,80967.7421875,56478.00390625,5178705,0.0,0.0
2021-12-10 00:00:00+07:00,81105.9921875,83870.96875,81059.90625,81797.234375,57056.6015625,4518591,0.0,0.0
2021-12-13 00:00:00+07:00,81382.4921875,83870.96875,81152.0703125,82488.4765625,57538.765625,3058615,0.0,0.0
2021-12-14 00:00:00+07:00,82488.4765625,82488.4765625,79953.9140625,80691.2421875,56285.13671875,3454640,0.0,0.0
2021-12-15 00:00:00+07:00,79953.9140625,80599.078125,78433.1796875,79723.5,55610.09765625,3059700,0.0,0.0
2021-12-16 00:00:00+07:00,81105.9921875,81105.9921875,79216.59375,80184.328125,55931.54296875,1640737,0.0,0.0
2021-12-17 00:00:00+07:00,79769.5859375,80092.1640625,78801.84375,79493.0859375,55449.37890625,4215659,0.0,0.0
2021-12-20 00:00:00+07:00,79400.921875,79400.921875,76820.2734375,77188.9375,53842.13671875,3243933,0.0,0.0
2021-12-21 00:00:00+07:00,77188.9375,77557.6015625,73179.7265625,74147.46875,51720.609375,5549992,0.0,0.0
2021-12-22 00:00:00+07:00,73594.46875,76036.8671875,73594.46875,75023.0390625,52331.3515625,3168417,0.0,0.0
2021-12-23 00:00:00+07:00,74009.21875,75483.8671875,72580.6484375,73271.890625,51109.859375,3855005,0.0,0.0
2021-12-24 00:00:00+07:00,73732.71875,73732.71875,72119.8125,73686.6328125,51399.15625,1349523,0.0,0.0
2021-12-27 00:00:00+07:00,73317.96875,74838.7109375,73317.96875,74562.2109375,52009.90234375,1088255,0.0,0.0
2021-12-28 00:00:00+07:00,73963.1328125,75345.625,73963.1328125,74562.2109375,52009.90234375,1344098,0.0,0.0
2021-12-29 00:00:00+07:00,74562.2109375,74562.2109375,72811.0625,73271.890625,51427.70703125,1585185,460.8295,0.0
2021-12-30 00:00:00+07:00,72672.8125,73271.890625,72211.984375,72811.0625,51104.26953125,1400518,0.0,0.0
2021-12-31 00:00:00+07:00,73087.5546875,73686.6328125,72350.2265625,73686.6328125,51718.8046875,1147930,0.0,0.0
2022-01-03 00:00:00+07:00,73686.6328125,73686.6328125,73686.6328125,73686.6328125,51718.8046875,0,0.0,0.0
2022-01-04 00:00:00+07:00,73732.71875,74193.546875,73317.96875,73410.140625,51524.7421875,1395527,0.0,0.0
2022-01-05 00:00:00+07:00,73410.140625,73410.140625,72211.984375,72211.984375,50683.78515625,1836905,0.0,0.0
2022-01-06 00:00:00+07:00,71889.3984375,73133.640625,71658.984375,71751.1484375,50360.3359375,1330427,0.0,0.0
2022-01-07 00:00:00+07:00,71797.234375,71981.5703125,70552.9921875,70599.078125,49551.7265625,2192134,0.0,0.0
2022-01-10 00:00:00+07:00,70460.828125,70460.828125,65944.703125,66820.2734375,46899.4765625,4425498,0.0,0.0
2022-01-11 00:00:00+07:00,66912.4453125,66958.5234375,65714.2890625,65898.6171875,46252.59375,2841615,0.0,0.0
2022-01-12 00:00:00+07:00,66820.2734375,69124.421875,66175.1171875,69078.34375,48484.36328125,1646596,0.0,0.0
2022-01-13 00:00:00+07:00,68433.1796875,68894.0078125,67373.2734375,67511.5234375,47384.6484375,879067,0.0,0.0
2022-01-14 00:00:00+07:00,65990.78125,67557.6015625,65990.78125,66405.53125,46608.38671875,674870,0.0,0.0
2022-01-17 00:00:00+07:00,67281.109375,67281.109375,61797.234375,61797.234375,43373.93359375,2214485,0.0,0.0
2022-01-18 00:00:00+07:00,60368.6640625,61751.15234375,58064.515625,59539.171875,41789.05859375,2110325,0.0,0.0
2022-01-19 00:00:00+07:00,59907.8359375,63686.63671875,59907.8359375,63686.63671875,44700.0546875,1135561,0.0,0.0
2022-01-20 00:00:00+07:00,68110.6015625,68110.6015625,66820.2734375,68110.6015625,47805.12890625,1645728,0.0,0.0
2022-01-21 00:00:00+07:00,69815.671875,70000.0,67741.9375,68202.765625,47869.81640625,1300047,0.0,0.0
2022-01-24 00:00:00+07:00,68202.765625,68202.765625,63870.96875,64516.12890625,45282.25390625,1319794,0.0,0.0
2022-01-25 00:00:00+07:00,63364.0546875,66451.609375,63364.0546875,66451.609375,46640.72265625,1168979,0.0,0.0
2022-01-26 00:00:00+07:00,67235.0234375,67741.9375,63732.71875,63824.88671875,44797.09375,1319143,0.0,0.0
2022-01-27 00:00:00+07:00,63640.5546875,64285.71484375,61751.15234375,61751.15234375,43341.58984375,1262723,0.0,0.0
2022-01-28 00:00:00+07:00,60875.57421875,64055.30078125,60829.4921875,63594.46875,44635.3671875,692230,0.0,0.0
2022-01-31 00:00:00+07:00,63594.46875,63594.46875,63594.46875,63594.46875,44635.3671875,0,0.0,0.0
2022-02-01 00:00:00+07:00,63594.46875,63594.46875,63594.46875,63594.46875,44635.3671875,0,0.0,0.0
2022-02-02 00:00:00+07:00,63594.46875,63594.46875,63594.46875,63594.46875,44635.3671875,0,0.0,0.0
2022-02-03 00:00:00+07:00,63594.46875,63594.46875,63594.46875,63594.46875,44635.3671875,0,0.0,0.0
2022-02-04 00:00:00+07:00,63594.46875,63594.46875,63594.46875,63594.46875,44635.3671875,0,0.0,0.0
2022-02-07 00:00:00+07:00,64976.95703125,65898.6171875,63594.46875,65898.6171875,46252.59375,969339,0.0,0.0
2022-02-08 00:00:00+07:00,65806.453125,69078.34375,64976.95703125,67972.3515625,47708.1015625,1200227,0.0,0.0
2022-02-09 00:00:00+07:00,68433.1796875,68433.1796875,66820.2734375,67741.9375,47546.37890625,559209,0.0,0.0
2022-02-10 00:00:00+07:00,67327.1875,67327.1875,65714.2890625,65898.6171875,46252.59375,1441314,0.0,0.0
2022-02-11 00:00:00+07:00,65898.6171875,68202.765625,65852.53125,67281.109375,47222.9296875,997332,0.0,0.0
2022-02-14 00:00:00+07:00,66359.4453125,67235.0234375,64976.95703125,65023.04296875,45638.046875,1492743,0.0,0.0
2022-02-15 00:00:00+07:00,65023.04296875,65023.04296875,65023.04296875,65023.04296875,45638.046875,0,0.0,0.0
2022-02-16 00:00:00+07:00,65299.5390625,66543.78125,64976.95703125,65898.6171875,46252.59375,625394,0.0,0.0
2022-02-17 00:00:00+07:00,65898.6171875,68986.171875,65898.6171875,67741.9375,47546.37890625,2457525,0.0,0.0
2022-02-18 00:00:00+07:00,67695.8515625,69769.5859375,67050.6875,69677.421875,48904.83984375,3187079,0.0,0.0
2022-02-21 00:00:00+07:00,70460.828125,70506.9140625,69354.8359375,69815.671875,49001.87109375,1827574,0.0,0.0
2022-02-22 00:00:00+07:00,68755.7578125,70737.328125,67972.3515625,70506.9140625,49487.0390625,2790620,0.0,0.0
2022-02-23 00:00:00+07:00,70552.9921875,74654.375,70552.9921875,72350.2265625,50780.8125,4051607,0.0,0.0
2022-02-24 00:00:00+07:00,71935.484375,74654.375,71935.484375,74608.296875,52365.6953125,4519893,0.0,0.0
2022-02-25 00:00:00+07:00,75115.2109375,77603.6875,74562.2109375,74562.2109375,52333.34765625,4568718,0.0,0.0
2022-02-28 00:00:00+07:00,75069.125,76036.8671875,73041.4765625,75161.2890625,52753.82421875,3997574,0.0,0.0
2022-03-01 00:00:00+07:00,75483.8671875,76912.4453125,75023.0390625,75207.375,52786.17578125,2705773,0.0,0.0
2022-03-02 00:00:00+07:00,75115.2109375,76497.6953125,74239.6328125,76497.6953125,53691.81640625,3683792,0.0,0.0
2022-03-03 00:00:00+07:00,76958.5234375,81843.3203125,76958.5234375,81843.3203125,57443.78125,11950190,0.0,0.0
2022-03-04 00:00:00+07:00,83870.96875,84331.796875,81566.8203125,81843.3203125,57443.78125,7384510,0.0,0.0
2022-03-07 00:00:00+07:00,83225.8046875,87557.6015625,83225.8046875,87511.5234375,61422.15234375,8830381,0.0,0.0
2022-03-08 00:00:00+07:00,87603.6875,89170.5078125,83410.140625,83870.96875,58866.93359375,6623708,0.0,0.0
2022-03-09 00:00:00+07:00,85115.2109375,87327.1875,83640.5546875,87096.7734375,61131.046875,6501537,0.0,0.0
2022-03-10 00:00:00+07:00,85483.8671875,89354.8359375,85253.453125,86175.1171875,60484.1640625,3118290,0.0,0.0
2022-03-11 00:00:00+07:00,86175.1171875,88940.09375,85668.203125,86682.03125,60839.9453125,5021814,0.0,0.0
2022-03-14 00:00:00+07:00,86958.5234375,88479.265625,82949.3125,82949.3125,58220.046875,5164383,0.0,0.0
2022-03-15 00:00:00+07:00,82949.3125,84331.796875,79493.0859375,82350.2265625,57799.5703125,4721920,0.0,0.0
2022-03-16 00:00:00+07:00,83778.8046875,88018.4296875,82350.2265625,87096.7734375,61131.046875,3630627,0.0,0.0
2022-03-17 00:00:00+07:00,87834.1015625,88018.4296875,83824.8828125,85529.953125,60031.3359375,3470915,0.0,0.0
2022-03-18 00:00:00+07:00,86405.53125,87788.015625,85576.0390625,87142.859375,61163.3984375,4011679,0.0,0.0
2022-03-21 00:00:00+07:00,87788.015625,92165.8984375,87327.1875,91935.484375,64527.21875,7425957,0.0,0.0
2022-03-22 00:00:00+07:00,92073.734375,98341.015625,92073.734375,98341.015625,69023.09375,6712678,0.0,0.0
2022-03-23 00:00:00+07:00,100000.0,104654.375,99907.8359375,104654.375,73454.2890625,6876730,0.0,0.0
2022-03-24 00:00:00+07:00,104147.46875,106451.609375,101382.4921875,102534.5625,71966.4453125,7464583,0.0,0.0
2022-03-25 00:00:00+07:00,101843.3203125,103686.6328125,100552.9921875,103686.6328125,72775.0625,5558672,0.0,0.0
2022-03-28 00:00:00+07:00,103917.046875,108294.9296875,102811.0625,108248.8515625,75977.15625,4711938,0.0,0.0
2022-03-29 00:00:00+07:00,110138.25,110138.25,101843.3203125,105299.5390625,73907.1171875,6261535,0.0,0.0
2022-03-30 00:00:00+07:00,103686.6328125,107373.2734375,101152.0703125,106912.4453125,75039.171875,6960492,0.0,0.0
2022-03-31 00:00:00+07:00,107834.1015625,108525.34375,105069.125,105069.125,73745.390625,3784263,0.0,0.0
2022-04-01 00:00:00+07:00,103686.6328125,105898.6171875,102764.9765625,105069.125,73745.390625,3785348,0.0,0.0
2022-04-04 00:00:00+07:00,104608.296875,104838.7109375,101382.4921875,101843.3203125,71481.28125,4139275,0.0,0.0
2022-04-05 00:00:00+07:00,101612.90625,103225.8046875,98525.34375,99078.34375,69540.609375,3842419,0.0,0.0
2022-04-06 00:00:00+07:00,97373.2734375,101751.1484375,97235.0234375,99907.8359375,70122.8046875,2908668,0.0,0.0
2022-04-07 00:00:00+07:00,99539.171875,103917.046875,99539.171875,102764.9765625,72128.171875,3059700,0.0,0.0
2022-04-08 00:00:00+07:00,102672.8125,103456.21875,99124.421875,99539.171875,69864.0625,2815792,0.0,0.0
2022-04-11 00:00:00+07:00,99539.171875,99539.171875,99539.171875,99539.171875,69864.0625,0,0.0,0.0
2022-04-12 00:00:00+07:00,100000.0,102626.7265625,98387.09375,99539.171875,69864.0625,2413474,0.0,0.0
2022-04-13 00:00:00+07:00,101105.9921875,106497.6953125,100460.828125,106497.6953125,74748.078125,4960186,0.0,0.0
2022-04-14 00:00:00+07:00,109216.59375,113917.046875,108525.34375,113917.046875,79955.53125,5209953,0.0,0.0
2022-04-15 00:00:00+07:00,113824.8828125,116359.4453125,112073.734375,114285.7109375,80214.28125,2735068,0.0,0.0
2022-04-18 00:00:00+07:00,114700.4609375,115668.203125,111059.90625,112903.2265625,79243.953125,3034745,0.0,0.0
2022-04-19 00:00:00+07:00,114285.7109375,120783.40625,113364.0546875,117419.3515625,82413.7109375,5101453,0.0,0.0
2022-04-20 00:00:00+07:00,117465.4375,117972.3515625,110599.078125,111981.5703125,78597.0546875,5312594,0.0,0.0
2022-04-21 00:00:00+07:00,110138.25,116036.8671875,108294.9296875,113824.8828125,79890.8515625,3057313,0.0,0.0
2022-04-22 00:00:00+07:00,115207.375,115207.375,105898.6171875,109677.421875,76979.84375,10136938,0.0,0.0
2022-04-25 00:00:00+07:00,107373.2734375,110737.328125,102027.6484375,102027.6484375,71610.65625,4343255,0.0,0.0
2022-04-26 00:00:00+07:00,94976.9609375,103225.8046875,94930.875,102764.9765625,72128.171875,4641847,0.0,0.0
2022-04-27 00:00:00+07:00,102304.1484375,105069.125,97880.1875,104608.296875,73421.953125,3733051,0.0,0.0
2022-04-28 00:00:00+07:00,104976.9609375,105990.78125,101751.1484375,105069.125,73745.390625,2723784,0.0,0.0
2022-04-29 00:00:00+07:00,104147.46875,112396.3125,103225.8046875,111013.828125,77917.828125,4557434,0.0,0.0
2022-05-02 00:00:00+07:00,111013.828125,111013.828125,111013.828125,111013.828125,77917.828125,0,0.0,0.0
2022-05-03 00:00:00+07:00,111013.828125,111013.828125,111013.828125,111013.828125,77917.828125,0,0.0,0.0
2022-05-04 00:00:00+07:00,110599.078125,113778.8046875,109216.59375,110322.578125,77432.65625,2229024,0.0,0.0
2022-05-05 00:00:00+07:00,111520.734375,111520.734375,104838.7109375,109124.421875,76591.703125,3379558,0.0,0.0
2022-05-06 00:00:00+07:00,105529.953125,110552.9921875,105299.5390625,106451.609375,74715.7265625,3084221,0.0,0.0
2022-05-09 00:00:00+07:00,104608.296875,105529.953125,99032.2578125,99032.2578125,69508.265625,3628457,0.0,0.0
2022-05-10 00:00:00+07:00,94470.046875,98571.4296875,92211.984375,97695.8515625,68570.28125,4556566,0.0,0.0
2022-05-11 00:00:00+07:00,98801.84375,99078.34375,95207.375,97695.8515625,68570.28125,1757049,0.0,0.0
2022-05-12 00:00:00+07:00,95898.6171875,97465.4375,90875.578125,90875.578125,63783.296875,4297902,0.0,0.0
2022-05-13 00:00:00+07:00,89861.75,90783.40625,84516.1328125,84516.1328125,59319.7578125,5444313,0.0,0.0
2022-05-16 00:00:00+07:00,86635.9453125,90414.75,82995.390625,82995.390625,58252.390625,3249792,0.0,0.0
2022-05-17 00:00:00+07:00,80184.328125,88801.84375,80184.328125,88801.84375,62327.79296875,2702084,0.0,0.0
2022-05-18 00:00:00+07:00,89861.75,93732.71875,89861.75,93548.390625,65659.2734375,2638069,0.0,0.0
2022-05-19 00:00:00+07:00,90921.65625,100000.0,89400.921875,99078.34375,69540.609375,3488709,0.0,0.0
2022-05-20 00:00:00+07:00,99032.2578125,100921.65625,97235.0234375,98156.6796875,68893.7265625,2066057,0.0,0.0
2022-05-23 00:00:00+07:00,100000.0,100230.4140625,94470.046875,98894.0078125,69411.234375,2459478,0.0,0.0
2022-05-24 00:00:00+07:00,99631.3359375,104608.296875,98617.5078125,102764.9765625,72128.171875,3270624,0.0,0.0
2022-05-25 00:00:00+07:00,103963.1328125,106866.359375,103225.8046875,105299.5390625,73907.1171875,2158933,0.0,0.0
2022-05-26 00:00:00+07:00,105990.78125,107188.9375,103225.8046875,103640.5546875,72742.7109375,2138318,0.0,0.0
2022-05-27 00:00:00+07:00,101382.4921875,101843.3203125,98479.265625,98617.5078125,69217.15625,6235061,0.0,0.0
2022-05-30 00:00:00+07:00,97281.109375,102304.1484375,97281.109375,99078.34375,69540.609375,2265914,0.0,0.0
2022-05-31 00:00:00+07:00,99769.5859375,105437.7890625,98847.9296875,103041.4765625,72322.234375,2824255,0.0,0.0
2022-06-01 00:00:00+07:00,103917.046875,107603.6875,102073.734375,105898.6171875,74327.59375,3385200,0.0,0.0
2022-06-02 00:00:00+07:00,105898.6171875,105898.6171875,105898.6171875,105898.6171875,74327.59375,0,0.0,0.0
2022-06-03 00:00:00+07:00,115100.0,115100.0,115100.0,115100.0,80785.8125,357200,0.0,2.17
2022-06-06 00:00:00+07:00,123000.0,123000.0,118000.0,118100.0,82891.4375,4625000,0.0,0.0
2022-06-07 00:00:00+07:00,117000.0,125900.0,113000.0,124900.0,87664.1875,2536900,0.0,0.0
2022-06-08 00:00:00+07:00,129000.0,129400.0,126000.0,128000.0,89840.0,1416600,0.0,0.0
2022-06-09 00:00:00+07:00,127500.0,127500.0,124400.0,126000.0,88436.2421875,1418000,0.0,0.0
2022-06-10 00:00:00+07:00,126000.0,134000.0,126000.0,127000.0,89138.125,3482100,0.0,0.0
2022-06-13 00:00:00+07:00,125100.0,129700.0,121000.0,121800.0,85488.375,2602100,0.0,0.0
2022-06-14 00:00:00+07:00,120500.0,126900.0,120300.0,125800.0,88295.875,1739200,0.0,0.0
2022-06-15 00:00:00+07:00,128100.0,130200.0,122600.0,126000.0,88436.2421875,2785500,0.0,0.0
2022-06-16 00:00:00+07:00,128900.0,134800.0,125100.0,134700.0,94542.5625,3492100,0.0,0.0
2022-06-17 00:00:00+07:00,133000.0,139000.0,132000.0,132000.0,92647.5,2656600,0.0,0.0
2022-06-20 00:00:00+07:00,131500.0,132300.0,125000.0,125000.0,87734.3828125,2625300,0.0,0.0
2022-06-21 00:00:00+07:00,123000.0,124900.0,116500.0,116600.0,81838.625,2803300,0.0,0.0
2022-06-22 00:00:00+07:00,118000.0,119800.0,109000.0,112000.0,78610.0,3048900,0.0,0.0
2022-06-23 00:00:00+07:00,110000.0,119800.0,110000.0,119800.0,84084.6328125,980800,0.0,0.0
2022-06-24 00:00:00+07:00,124500.0,126500.0,122200.0,122600.0,86049.875,1230200,0.0,0.0
2022-06-27 00:00:00+07:00,122000.0,126500.0,120000.0,120000.0,84225.0,1615600,0.0,0.0
2022-06-28 00:00:00+07:00,119000.0,122900.0,118000.0,118700.0,83312.5703125,1880900,0.0,0.0
2022-06-29 00:00:00+07:00,116400.0,120700.0,115000.0,119000.0,83523.125,1408800,0.0,0.0
2022-06-30 00:00:00+07:00,120000.0,120700.0,116500.0,116500.0,81768.4375,832500,0.0,0.0
2022-07-01 00:00:00+07:00,116000.0,116400.0,110200.0,112000.0,78610.0,1790000,0.0,0.0
2022-07-04 00:00:00+07:00,112200.0,114800.0,106200.0,106200.0,74539.125,1791900,0.0,0.0
2022-07-05 00:00:00+07:00,106000.0,106000.0,98900.0,98900.0,69415.4296875,3099300,0.0,0.0
2022-07-06 00:00:00+07:00,95900.0,97300.0,92000.0,92000.0,64572.50390625,2148800,0.0,0.0
2022-07-07 00:00:00+07:00,92000.0,98400.0,90300.0,98400.0,69064.5,1776200,0.0,0.0
2022-07-08 00:00:00+07:00,99800.0,102400.0,96000.0,98000.0,68783.7421875,3017500,0.0,0.0
2022-07-11 00:00:00+07:00,96300.0,100400.0,94000.0,95100.0,66748.3203125,1850100,0.0,0.0
2022-07-12 00:00:00+07:00,95100.0,95100.0,95100.0,95100.0,66748.3203125,0,0.0,0.0
2022-07-13 00:00:00+07:00,100000.0,101500.0,96000.0,97000.0,68081.875,1515500,0.0,0.0
2022-07-14 00:00:00+07:00,96000.0,99000.0,95300.0,97000.0,68081.875,1467400,0.0,0.0
2022-07-15 00:00:00+07:00,97600.0,98000.0,95800.0,95800.0,67239.6171875,1555700,0.0,0.0
2022-07-18 00:00:00+07:00,96100.0,97400.0,92100.0,93000.0,65274.37109375,1785800,0.0,0.0
2022-07-19 00:00:00+07:00,92500.0,98400.0,92500.0,97500.0,68432.8125,2419100,0.0,0.0
2022-07-20 00:00:00+07:00,101300.0,102300.0,100000.0,100000.0,70187.4921875,3151200,0.0,0.0
2022-07-21 00:00:00+07:00,100100.0,101800.0,99000.0,100500.0,70538.4375,1852900,0.0,0.0
2022-07-22 00:00:00+07:00,100600.0,101400.0,97900.0,98200.0,68924.1328125,1744700,0.0,0.0
2022-07-25 00:00:00+07:00,97700.0,98000.0,95500.0,96500.0,67730.9453125,1538400,0.0,0.0
2022-07-26 00:00:00+07:00,96700.0,98500.0,95300.0,95700.0,67169.4375,1388100,0.0,0.0
2022-07-27 00:00:00+07:00,95700.0,97000.0,94600.0,96000.0,67380.0,927700,0.0,0.0
2022-07-28 00:00:00+07:00,97500.0,97700.0,95600.0,96000.0,67380.0,2861500,0.0,0.0
2022-07-29 00:00:00+07:00,95600.0,96000.0,89300.0,89300.0,62677.44140625,6404300,0.0,0.0
2022-08-01 00:00:00+07:00,86500.0,91000.0,83600.0,91000.0,63870.625,4464400,0.0,0.0
2022-08-02 00:00:00+07:00,91000.0,91800.0,88300.0,88700.0,62256.3125,1898400,0.0,0.0
2022-08-03 00:00:00+07:00,88000.0,90500.0,86800.0,89000.0,62466.87109375,2012100,0.0,0.0
2022-08-04 00:00:00+07:00,89000.0,92200.0,88700.0,90800.0,63730.24609375,2890700,0.0,0.0
2022-08-05 00:00:00+07:00,90400.0,90400.0,89600.0,89900.0,63098.56640625,1440100,0.0,0.0
2022-08-08 00:00:00+07:00,89800.0,93000.0,89500.0,91500.0,64221.5703125,2455100,0.0,0.0
2022-08-09 00:00:00+07:00,92500.0,97000.0,92200.0,95200.0,66818.4921875,3358200,0.0,0.0
2022-08-10 00:00:00+07:00,94500.0,96000.0,93500.0,93500.0,65625.3125,1586200,0.0,0.0
2022-08-11 00:00:00+07:00,94700.0,94700.0,90500.0,91000.0,63870.625,2311000,0.0,0.0
2022-08-12 00:00:00+07:00,91000.0,92600.0,89500.0,91600.0,64291.75,1833800,0.0,0.0
2022-08-15 00:00:00+07:00,93200.0,94500.0,92000.0,93100.0,65344.5625,1552300,0.0,0.0
2022-08-16 00:00:00+07:00,93100.0,95000.0,93000.0,93600.0,65695.4921875,2092500,0.0,0.0
2022-08-17 00:00:00+07:00,94000.0,94500.0,92300.0,93300.0,65484.94140625,1918700,0.0,0.0
2022-08-18 00:00:00+07:00,93900.0,96600.0,93400.0,94300.0,66186.8125,4051000,0.0,0.0
2022-08-19 00:00:00+07:00,95000.0,95900.0,93100.0,93400.0,65555.125,1792400,0.0,0.0
2022-08-22 00:00:00+07:00,92900.0,93800.0,92100.0,92300.0,64783.0625,1290800,0.0,0.0
2022-08-23 00:00:00+07:00,91400.0,91800.0,90000.0,91600.0,64291.75,2513100,0.0,0.0
2022-08-24 00:00:00+07:00,92500.0,96000.0,91400.0,94900.0,66607.9375,3905400,0.0,0.0
2022-08-25 00:00:00+07:00,95400.0,99600.0,95000.0,98400.0,69064.5,4431300,0.0,0.0
2022-08-26 00:00:00+07:00,98500.0,98500.0,96300.0,96500.0,67730.9453125,2228800,0.0,0.0
2022-08-29 00:00:00+07:00,94600.0,97700.0,94200.0,97300.0,68292.4375,5009000,0.0,0.0
2022-08-30 00:00:00+07:00,98600.0,101800.0,98600.0,100100.0,70257.6875,5403100,0.0,0.0
2022-08-31 00:00:00+07:00,100800.0,100900.0,98600.0,99500.0,69836.5625,2385800,0.0,0.0
2022-09-01 00:00:00+07:00,99500.0,99500.0,99500.0,99500.0,69836.5625,0,0.0,0.0
2022-09-02 00:00:00+07:00,99500.0,99500.0,99500.0,99500.0,69836.5625,0,0.0,0.0
2022-09-05 00:00:00+07:00,100000.0,102500.0,99600.0,101300.0,71099.9375,2608700,0.0,0.0
2022-09-06 00:00:00+07:00,102400.0,103500.0,100500.0,100600.0,70608.625,3950500,0.0,0.0
2022-09-07 00:00:00+07:00,100600.0,100700.0,94300.0,94300.0,66186.8125,4562200,0.0,0.0
2022-09-08 00:00:00+07:00,96000.0,97800.0,94600.0,96800.0,67941.5,3562000,0.0,0.0
2022-09-09 00:00:00+07:00,96500.0,98500.0,94900.0,98500.0,69134.6875,2588000,0.0,0.0
2022-09-12 00:00:00+07:00,98900.0,102300.0,98500.0,101300.0,71099.9375,4096400,0.0,0.0
2022-09-13 00:00:00+07:00,102000.0,103000.0,100700.0,102300.0,71801.8046875,3865700,0.0,0.0
2022-09-14 00:00:00+07:00,100000.0,101700.0,99000.0,101500.0,71240.3125,3084500,0.0,0.0
2022-09-15 00:00:00+07:00,102500.0,102900.0,100100.0,100100.0,70257.6875,3483800,0.0,0.0
2022-09-16 00:00:00+07:00,100000.0,101500.0,97500.0,97500.0,68432.8125,5746900,0.0,0.0
2022-09-19 00:00:00+07:00,98000.0,98400.0,94000.0,94000.0,65976.25,4324400,0.0,0.0
2022-09-20 00:00:00+07:00,95900.0,96800.0,92200.0,96300.0,67590.5625,2499800,0.0,0.0
2022-09-21 00:00:00+07:00,95200.0,96300.0,94200.0,95000.0,66678.1171875,1153500,0.0,0.0
2022-09-22 00:00:00+07:00,94500.0,96000.0,93200.0,96000.0,67380.0,1938400,0.0,0.0
2022-09-23 00:00:00+07:00,95900.0,95900.0,93500.0,93500.0,65625.3125,2117400,0.0,0.0
2022-09-26 00:00:00+07:00,91500.0,92200.0,87000.0,87000.0,61063.125,5696300,0.0,0.0
2022-09-27 00:00:00+07:00,87200.0,87900.0,82400.0,82700.0,58045.0625,3693800,0.0,0.0
2022-09-28 00:00:00+07:00,82000.0,83400.0,78000.0,78000.0,54746.25,4024500,0.0,0.0
2022-09-29 00:00:00+07:00,80500.0,80500.0,72600.0,72600.0,50956.125,3902800,0.0,0.0
2022-09-30 00:00:00+07:00,70900.0,77600.0,69000.0,77600.0,54465.5,5658300,0.0,0.0
2022-10-03 00:00:00+07:00,78000.0,80500.0,73200.0,73800.0,51798.375,3214700,0.0,0.0
2022-10-04 00:00:00+07:00,75200.0,76600.0,73200.0,74100.0,52008.9375,3343700,0.0,0.0
2022-10-05 00:00:00+07:00,76000.0,78300.0,75500.0,76800.0,53904.00390625,2608300,0.0,0.0
2022-10-06 00:00:00+07:00,77500.0,78400.0,71600.0,71600.0,50254.25,3683400,0.0,0.0
2022-10-07 00:00:00+07:00,68100.0,70500.0,66600.0,67300.0,47236.1875,5208000,0.0,0.0
2022-10-10 00:00:00+07:00,66200.0,72000.0,66200.0,72000.0,50535.0,3640500,0.0,0.0
2022-10-11 00:00:00+07:00,71400.0,72500.0,68400.0,69800.0,48990.87109375,3723900,0.0,0.0
2022-10-12 00:00:00+07:00,70100.0,74600.0,69800.0,74000.0,51938.75390625,3911200,0.0,0.0
2022-10-13 00:00:00+07:00,74000.0,76300.0,73600.0,75500.0,52991.5625,2449300,0.0,0.0
2022-10-14 00:00:00+07:00,77800.0,80700.0,77000.0,79800.0,56009.62109375,5940500,0.0,0.0
2022-10-17 00:00:00+07:00,79200.0,83100.0,78100.0,83100.0,58325.8203125,3914900,0.0,0.0
2022-10-18 00:00:00+07:00,84900.0,84900.0,80200.0,81500.0,57202.8125,4176000,0.0,0.0
2022-10-19 00:00:00+07:00,81100.0,83900.0,81100.0,81500.0,57202.8125,3719400,0.0,0.0
2022-10-20 00:00:00+07:00,82000.0,82300.0,77900.0,78500.0,55097.19140625,4231700,0.0,0.0
2022-10-21 00:00:00+07:00,79000.0,79000.0,73100.0,73100.0,51307.06640625,5117900,0.0,0.0
2022-10-24 00:00:00+07:00,74300.0,76800.0,72500.0,73000.0,51236.87109375,4332200,0.0,0.0
2022-10-25 00:00:00+07:00,74000.0,77600.0,71700.0,75000.0,52640.625,4441900,0.0,0.0
2022-10-26 00:00:00+07:00,75900.0,77300.0,75200.0,76300.0,53553.0703125,2676800,0.0,0.0
2022-10-27 00:00:00+07:00,75700.0,79600.0,75200.0,79000.0,55448.125,3568400,0.0,0.0
2022-10-28 00:00:00+07:00,80000.0,80500.0,77400.0,77400.0,54325.12109375,2813400,0.0,0.0
2022-10-31 00:00:00+07:00,77800.0,78100.0,73400.0,76900.0,53974.18359375,4058900,0.0,0.0
2022-11-01 00:00:00+07:00,77100.0,77900.0,74700.0,74700.0,52430.0625,2735600,0.0,0.0
2022-11-02 00:00:00+07:00,74500.0,75600.0,72000.0,72700.0,51026.3125,3544000,0.0,0.0
2022-11-03 00:00:00+07:00,72000.0,74100.0,71600.0,73200.0,51377.2421875,1280300,0.0,0.0
2022-11-04 00:00:00+07:00,73000.0,73000.0,69300.0,71000.0,49833.125,3306600,0.0,0.0
2022-11-07 00:00:00+07:00,71000.0,71800.0,67300.0,70400.0,49411.99609375,3118000,0.0,0.0
2022-11-08 00:00:00+07:00,70400.0,71400.0,69400.0,71000.0,49833.125,2261700,0.0,0.0
2022-11-09 00:00:00+07:00,71800.0,71800.0,69600.0,70900.0,49762.93359375,1378100,0.0,0.0
2022-11-10 00:00:00+07:00,69100.0,69800.0,66000.0,66000.0,46323.75,2874700,0.0,0.0
2022-11-11 00:00:00+07:00,67500.0,67500.0,61400.0,61400.0,43095.12890625,3203300,0.0,0.0
2022-11-14 00:00:00+07:00,57200.0,57200.0,57200.0,57200.0,40147.25,569200,0.0,0.0
2022-11-15 00:00:00+07:00,53200.0,53200.0,53200.0,53200.0,37339.75,248600,0.0,0.0
2022-11-16 00:00:00+07:00,49500.0,56900.0,49500.0,56900.0,39936.6875,12959600,0.0,0.0
2022-11-17 00:00:00+07:00,59500.0,60800.0,58700.0,59000.0,41410.625,3085200,0.0,0.0
2022-11-18 00:00:00+07:00,59000.0,59100.0,54900.0,54900.0,38532.94140625,8514600,0.0,0.0
2022-11-21 00:00:00+07:00,55000.0,55300.0,51100.0,51100.0,35865.8125,7210300,0.0,0.0
2022-11-22 00:00:00+07:00,49500.0,53500.0,48100.0,51100.0,35865.8125,6143000,0.0,0.0
2022-11-23 00:00:00+07:00,51100.0,53300.0,51100.0,52000.0,36497.5,3210900,0.0,0.0
2022-11-24 00:00:00+07:00,51900.0,52200.0,49600.0,51000.0,35795.62109375,3274800,0.0,0.0
2022-11-25 00:00:00+07:00,51200.0,52600.0,49300.0,50400.0,35374.50390625,4887000,0.0,0.0
2022-11-28 00:00:00+07:00,51500.0,53900.0,51300.0,53900.0,37831.0625,5248800,0.0,0.0
2022-11-29 00:00:00+07:00,56000.0,57600.0,54900.0,57600.0,40428.0,6135600,0.0,0.0
2022-11-30 00:00:00+07:00,58700.0,60900.0,58500.0,60900.0,42744.1875,4653200,0.0,0.0
2022-12-01 00:00:00+07:00,62000.0,63900.0,58000.0,58000.0,40708.75,6420100,0.0,0.0
2022-12-02 00:00:00+07:00,58000.0,62000.0,56800.0,61900.0,43446.0625,5784400,0.0,0.0
2022-12-05 00:00:00+07:00,64000.0,64100.0,61900.0,64000.0,44920.0,4394800,0.0,0.0
2022-12-06 00:00:00+07:00,62500.0,66800.0,61500.0,63000.0,44218.12109375,6316800,0.0,0.0
2022-12-07 00:00:00+07:00,62500.0,64000.0,61200.0,62700.0,44007.5625,3002700,0.0,0.0
2022-12-08 00:00:00+07:00,63500.0,65800.0,62900.0,64400.0,45200.75,3540200,0.0,0.0
2022-12-09 00:00:00+07:00,64400.0,64900.0,62500.0,63600.0,44639.25,1928600,0.0,0.0
2022-12-12 00:00:00+07:00,63600.0,65700.0,63600.0,65000.0,45621.875,3953600,0.0,0.0
2022-12-13 00:00:00+07:00,65000.0,65400.0,63800.0,65400.0,45902.625,2803000,0.0,0.0
2022-12-14 00:00:00+07:00,66800.0,69500.0,65700.0,67600.0,47446.75,4832800,0.0,0.0
2022-12-15 00:00:00+07:00,67700.0,68900.0,67500.0,68200.0,47867.87890625,1996800,0.0,0.0
2022-12-16 00:00:00+07:00,67000.0,68300.0,67000.0,68100.0,47797.6875,3078800,0.0,0.0
2022-12-19 00:00:00+07:00,65800.0,65800.0,62500.0,63000.0,46255.82421875,3681300,3000.0,0.0
2022-12-20 00:00:00+07:00,62200.0,63000.0,58900.0,61800.0,45374.76171875,4273900,0.0,0.0
2022-12-21 00:00:00+07:00,61800.0,63000.0,58000.0,60300.0,44273.43359375,1916600,0.0,0.0
2022-12-22 00:00:00+07:00,61000.0,61000.0,58400.0,60300.0,44273.43359375,1327000,0.0,0.0
2022-12-23 00:00:00+07:00,59500.0,59800.0,58500.0,59000.0,43318.94921875,1362900,0.0,0.0
2022-12-26 00:00:00+07:00,58600.0,58600.0,54900.0,54900.0,40308.65234375,2760600,0.0,0.0
2022-12-27 00:00:00+07:00,54500.0,58200.0,54000.0,58200.0,42731.57421875,1874800,0.0,0.0
2022-12-28 00:00:00+07:00,59000.0,59000.0,56600.0,59000.0,43318.94921875,1540600,0.0,0.0
2022-12-29 00:00:00+07:00,58700.0,59000.0,57500.0,57900.0,42511.30859375,968900,0.0,0.0
2022-12-30 00:00:00+07:00,57800.0,58900.0,57300.0,58900.0,43245.5234375,1390000,0.0,0.0
2023-01-02 00:00:00+07:00,58900.0,58900.0,58900.0,58900.0,43245.5234375,0,0.0,0.0
2023-01-03 00:00:00+07:00,58900.0,60400.0,58000.0,59700.0,43832.8984375,1790900,0.0,0.0
2023-01-04 00:00:00+07:00,60400.0,61900.0,59900.0,60200.0,44200.01171875,1731200,0.0,0.0
2023-01-05 00:00:00+07:00,60200.0,61400.0,60200.0,60900.0,44713.96484375,1367200,0.0,0.0
2023-01-06 00:00:00+07:00,60600.0,61000.0,58400.0,58600.0,43025.26171875,1939000,0.0,0.0
2023-01-09 00:00:00+07:00,58800.0,59600.0,57600.0,57600.0,42291.0390625,1265000,0.0,0.0
2023-01-10 00:00:00+07:00,58000.0,58200.0,56200.0,56500.0,41483.39453125,1782700,0.0,0.0
2023-01-11 00:00:00+07:00,57000.0,57500.0,56400.0,56400.0,41409.9765625,1183200,0.0,0.0
2023-01-12 00:00:00+07:00,57000.0,57100.0,55900.0,56000.0,41116.2890625,976400,0.0,0.0
2023-01-13 00:00:00+07:00,56900.0,58000.0,56500.0,56900.0,41777.0859375,1256100,0.0,0.0
2023-01-16 00:00:00+07:00,57400.0,57400.0,56400.0,56400.0,41409.9765625,845500,0.0,0.0
2023-01-17 00:00:00+07:00,56400.0,59100.0,56400.0,58800.0,43172.10546875,1867300,0.0,0.0
2023-01-18 00:00:00+07:00,59500.0,59500.0,58700.0,59200.0,43465.79296875,1660900,0.0,0.0
2023-01-19 00:00:00+07:00,59300.0,61000.0,59300.0,59900.0,43979.74609375,2053600,0.0,0.0
2023-01-20 00:00:00+07:00,59900.0,59900.0,59900.0,59900.0,43979.74609375,0,0.0,0.0
2023-01-23 00:00:00+07:00,59900.0,59900.0,59900.0,59900.0,43979.74609375,0,0.0,0.0
2023-01-24 00:00:00+07:00,59900.0,59900.0,59900.0,59900.0,43979.74609375,0,0.0,0.0
2023-01-25 00:00:00+07:00,59900.0,59900.0,59900.0,59900.0,43979.74609375,0,0.0,0.0
2023-01-26 00:00:00+07:00,59900.0,59900.0,59900.0,59900.0,43979.74609375,0,0.0,0.0
2023-01-27 00:00:00+07:00,61000.0,61200.0,58500.0,59000.0,43318.94921875,1930000,0.0,0.0
2023-01-30 00:00:00+07:00,59200.0,59500.0,58400.0,58400.0,42878.4140625,1928700,0.0,0.0
2023-01-31 00:00:00+07:00,58100.0,60700.0,58100.0,60300.0,44273.43359375,3875600,0.0,0.0
2023-02-01 00:00:00+07:00,61000.0,63200.0,60000.0,60000.0,44053.16796875,5287500,0.0,0.0
2023-02-02 00:00:00+07:00,60600.0,61700.0,58600.0,59100.0,43392.37109375,2704700,0.0,0.0
2023-02-03 00:00:00+07:00,59800.0,59800.0,58000.0,58800.0,43172.10546875,1831400,0.0,0.0
2023-02-06 00:00:00+07:00,58700.0,59300.0,57200.0,58000.0,42584.7265625,1728900,0.0,0.0
2023-02-07 00:00:00+07:00,58000.0,58300.0,55500.0,55600.0,40822.59765625,3836200,0.0,0.0
2023-02-08 00:00:00+07:00,56000.0,56400.0,54100.0,55000.0,40382.0703125,2336200,0.0,0.0
2023-02-09 00:00:00+07:00,55300.0,56500.0,55000.0,55200.0,40528.9140625,1059500,0.0,0.0
2023-02-10 00:00:00+07:00,55300.0,55800.0,54800.0,55000.0,40382.0703125,1018200,0.0,0.0
2023-02-13 00:00:00+07:00,55000.0,55000.0,52000.0,52200.0,38326.25,2575700,0.0,0.0
2023-02-14 00:00:00+07:00,52500.0,53400.0,52100.0,53000.0,38913.62890625,1605700,0.0,0.0
2023-02-15 00:00:00+07:00,53400.0,54200.0,52700.0,53600.0,39354.1640625,1027200,0.0,0.0
2023-02-16 00:00:00+07:00,53700.0,54300.0,53000.0,53300.0,39133.8984375,1204700,0.0,0.0
2023-02-17 00:00:00+07:00,53500.0,53600.0,52700.0,53000.0,38913.62890625,997100,0.0,0.0
2023-02-20 00:00:00+07:00,53000.0,54700.0,52800.0,54700.0,40161.8046875,1835100,0.0,0.0
2023-02-21 00:00:00+07:00,54800.0,55400.0,54200.0,54600.0,40088.3828125,1655500,0.0,0.0
2023-02-22 00:00:00+07:00,53800.0,54300.0,53000.0,53000.0,38913.62890625,2064800,0.0,0.0
2023-02-23 00:00:00+07:00,53000.0,53100.0,50700.0,52000.0,38179.41015625,2570800,0.0,0.0
2023-02-24 00:00:00+07:00,52400.0,52400.0,50500.0,50600.0,37151.50390625,1356200,0.0,0.0
2023-02-27 00:00:00+07:00,50000.0,50800.0,49100.0,49400.0,36270.44140625,2139800,0.0,0.0
2023-02-28 00:00:00+07:00,49800.0,50400.0,48600.0,50100.0,36784.39453125,1309600,0.0,0.0
2023-03-01 00:00:00+07:00,49600.0,50300.0,49400.0,50300.0,36931.23828125,827500,0.0,0.0
2023-03-02 00:00:00+07:00,50500.0,51500.0,50500.0,51000.0,37445.19140625,930700,0.0,0.0
2023-03-03 00:00:00+07:00,51000.0,51100.0,49900.0,50300.0,36931.23828125,1021000,0.0,0.0
2023-03-06 00:00:00+07:00,51000.0,51000.0,50100.0,50600.0,37151.50390625,1522000,0.0,0.0
2023-03-07 00:00:00+07:00,50600.0,50900.0,49700.0,50600.0,37151.50390625,964900,0.0,0.0
2023-03-08 00:00:00+07:00,49500.0,50600.0,49500.0,50600.0,37151.50390625,953000,0.0,0.0
2023-03-09 00:00:00+07:00,50800.0,52100.0,50500.0,51900.0,38105.98828125,2007000,0.0,0.0
2023-03-10 00:00:00+07:00,51400.0,53400.0,51200.0,52600.0,38619.94140625,2711200,0.0,0.0
2023-03-13 00:00:00+07:00,52000.0,52600.0,51300.0,51800.0,38032.56640625,1561700,0.0,0.0
2023-03-14 00:00:00+07:00,51600.0,52400.0,51000.0,51600.0,37885.7265625,1595700,0.0,0.0
2023-03-15 00:00:00+07:00,52300.0,52900.0,51800.0,52500.0,38546.5234375,1570700,0.0,0.0
2023-03-16 00:00:00+07:00,51900.0,52000.0,51100.0,52000.0,38179.41015625,1034100,0.0,0.0
2023-03-17 00:00:00+07:00,52000.0,52500.0,51600.0,52500.0,38546.5234375,2142400,0.0,0.0
2023-03-20 00:00:00+07:00,52000.0,52300.0,50600.0,50600.0,37151.50390625,1241900,0.0,0.0
2023-03-21 00:00:00+07:00,50900.0,51500.0,49500.0,51000.0,37445.19140625,1551500,0.0,0.0
2023-03-22 00:00:00+07:00,51400.0,51400.0,50600.0,50600.0,37151.50390625,458200,0.0,0.0
2023-03-23 00:00:00+07:00,50100.0,51000.0,50100.0,50600.0,37151.50390625,656300,0.0,0.0
2023-03-24 00:00:00+07:00,50800.0,51000.0,50400.0,50600.0,37151.50390625,721600,0.0,0.0
2023-03-27 00:00:00+07:00,50600.0,51100.0,50500.0,51000.0,37445.19140625,877600,0.0,0.0
2023-03-28 00:00:00+07:00,51100.0,52200.0,51000.0,51700.0,37959.14453125,1458000,0.0,0.0
2023-03-29 00:00:00+07:00,51700.0,51900.0,51100.0,51900.0,38105.98828125,815400,0.0,0.0
2023-03-30 00:00:00+07:00,52500.0,52900.0,51200.0,51300.0,37665.45703125,1268600,0.0,0.0
2023-03-31 00:00:00+07:00,51500.0,51600.0,50800.0,51300.0,37665.45703125,1234100,0.0,0.0
2023-04-03 00:00:00+07:00,51500.0,52100.0,51400.0,52000.0,38179.41015625,1734700,0.0,0.0
2023-04-04 00:00:00+07:00,52300.0,53800.0,52000.0,53400.0,39207.3203125,3419900,0.0,0.0
2023-04-05 00:00:00+07:00,53900.0,54900.0,53500.0,54200.0,39794.69140625,2344300,0.0,0.0
2023-04-06 00:00:00+07:00,54300.0,54800.0,53100.0,53100.0,38987.05078125,2312000,0.0,0.0
2023-04-07 00:00:00+07:00,53500.0,53600.0,52500.0,52600.0,38619.94140625,1345700,0.0,0.0
2023-04-10 00:00:00+07:00,52800.0,53800.0,52600.0,52700.0,38693.3671875,1890100,0.0,0.0
2023-04-11 00:00:00+07:00,52600.0,52900.0,52100.0,52800.0,38766.7890625,1252300,0.0,0.0
2023-04-12 00:00:00+07:00,53000.0,53900.0,52800.0,53000.0,38913.62890625,1417400,0.0,0.0
2023-04-13 00:00:00+07:00,52700.0,54600.0,52100.0,54600.0,40859.3125,4832000,1000.0,0.0
2023-04-14 00:00:00+07:00,55000.0,56600.0,54300.0,54300.0,40634.80859375,4115700,0.0,0.0
2023-04-17 00:00:00+07:00,54500.0,54700.0,52800.0,53300.0,39886.47265625,2454300,0.0,0.0
2023-04-18 00:00:00+07:00,53300.0,54800.0,53200.0,54000.0,40410.30859375,2366900,0.0,0.0
2023-04-19 00:00:00+07:00,54000.0,55400.0,53400.0,54000.0,40410.30859375,2517200,0.0,0.0
2023-04-20 00:00:00+07:00,54000.0,54400.0,53500.0,53600.0,40110.97265625,1296200,0.0,0.0
2023-04-21 00:00:00+07:00,53800.0,54400.0,52000.0,52000.0,38913.62890625,4259600,0.0,0.0
2023-04-24 00:00:00+07:00,52000.0,52600.0,51300.0,51300.0,38389.79296875,1826100,0.0,0.0
2023-04-25 00:00:00+07:00,51500.0,51900.0,51000.0,51500.0,38539.46484375,1807300,0.0,0.0
2023-04-26 00:00:00+07:00,51500.0,51600.0,50900.0,51400.0,38464.62890625,1660400,0.0,0.0
2023-04-27 00:00:00+07:00,51600.0,52600.0,51500.0,51600.0,38614.296875,1664100,0.0,0.0
2023-04-28 00:00:00+07:00,51900.0,52500.0,51400.0,51500.0,38539.46484375,1493300,0.0,0.0
2023-05-01 00:00:00+07:00,51500.0,51500.0,51500.0,51500.0,38539.46484375,0,0.0,0.0
2023-05-02 00:00:00+07:00,51500.0,51500.0,51500.0,51500.0,38539.46484375,0,0.0,0.0
2023-05-03 00:00:00+07:00,51500.0,51500.0,51500.0,51500.0,38539.46484375,0,0.0,0.0
2023-05-04 00:00:00+07:00,51600.0,52200.0,50900.0,51000.0,38165.2890625,1697400,0.0,0.0
2023-05-05 00:00:00+07:00,51000.0,51700.0,51000.0,51400.0,38464.62890625,1131700,0.0,0.0
2023-05-08 00:00:00+07:00,51500.0,51800.0,51200.0,51700.0,38689.12890625,1294100,0.0,0.0
2023-05-09 00:00:00+07:00,52000.0,52200.0,51400.0,51700.0,38689.12890625,1081400,0.0,0.0
2023-05-10 00:00:00+07:00,51600.0,51600.0,51100.0,51200.0,38314.95703125,2019000,0.0,0.0
2023-05-11 00:00:00+07:00,51500.0,52900.0,51300.0,52200.0,39063.29296875,3286900,0.0,0.0
2023-05-12 00:00:00+07:00,52200.0,52300.0,51600.0,51800.0,38763.9609375,1492000,0.0,0.0
2023-05-15 00:00:00+07:00,52000.0,52100.0,51500.0,51500.0,38539.46484375,1537300,0.0,0.0
2023-05-16 00:00:00+07:00,51700.0,51700.0,50900.0,51200.0,38314.95703125,2526200,0.0,0.0
2023-05-17 00:00:00+07:00,51000.0,51800.0,50800.0,50800.0,38015.62109375,1898900,0.0,0.0
2023-05-18 00:00:00+07:00,50900.0,50900.0,50400.0,50400.0,37716.2890625,1815300,0.0,0.0
2023-05-19 00:00:00+07:00,50500.0,50700.0,50000.0,50200.0,37566.62109375,1741400,0.0,0.0
2023-05-22 00:00:00+07:00,50200.0,50600.0,50000.0,50400.0,37716.2890625,1473600,0.0,0.0
2023-05-23 00:00:00+07:00,50600.0,52000.0,50300.0,51400.0,38464.62890625,2367300,0.0,0.0
2023-05-24 00:00:00+07:00,51400.0,51400.0,51400.0,51400.0,38464.62890625,0,0.0,0.0
2023-05-25 00:00:00+07:00,50600.0,50800.0,50200.0,50700.0,37940.7890625,1369600,0.0,0.0
2023-05-26 00:00:00+07:00,50900.0,51400.0,50200.0,50300.0,37641.453125,1558800,0.0,0.0
2023-05-29 00:00:00+07:00,50700.0,52000.0,50300.0,51500.0,38539.46484375,2687600,0.0,0.0
2023-05-30 00:00:00+07:00,52000.0,53900.0,51700.0,53800.0,40260.640625,7508800,0.0,0.0
2023-05-31 00:00:00+07:00,54100.0,54300.0,53300.0,53600.0,40110.97265625,3329000,0.0,0.0
2023-06-01 00:00:00+07:00,53600.0,54900.0,53600.0,54600.0,40859.3125,5156300,0.0,0.0
2023-06-02 00:00:00+07:00,55000.0,56300.0,54700.0,56300.0,42131.48828125,6220700,0.0,0.0
2023-06-05 00:00:00+07:00,57100.0,60200.0,56000.0,59100.0,44226.83984375,8437500,0.0,0.0
2023-06-06 00:00:00+07:00,59200.0,60000.0,58600.0,59800.0,44750.671875,3637700,0.0,0.0
2023-06-07 00:00:00+07:00,59800.0,61900.0,59600.0,60400.0,45199.6796875,4554600,0.0,0.0
2023-06-08 00:00:00+07:00,60400.0,61000.0,59000.0,59000.0,44152.00390625,4842000,0.0,0.0
2023-06-09 00:00:00+07:00,59400.0,63100.0,58800.0,63100.0,47220.19140625,9222300,0.0,0.0
2023-06-12 00:00:00+07:00,64300.0,64900.0,62600.0,64500.0,48267.8671875,3491400,0.0,0.0
2023-06-13 00:00:00+07:00,64800.0,64800.0,61800.0,62700.0,46920.85546875,5373400,0.0,0.0
2023-06-14 00:00:00+07:00,63000.0,63600.0,61500.0,61500.0,46022.8515625,3274800,0.0,0.0
2023-06-15 00:00:00+07:00,61500.0,62700.0,61300.0,62500.0,46771.19140625,3445800,0.0,0.0
2023-06-16 00:00:00+07:00,63100.0,63800.0,61400.0,61400.0,45948.01953125,4712700,0.0,0.0
2023-06-19 00:00:00+07:00,61400.0,61900.0,60700.0,61200.0,45798.3515625,3235600,0.0,0.0
2023-06-20 00:00:00+07:00,61800.0,62900.0,61200.0,62900.0,47070.52734375,2821100,0.0,0.0
2023-06-21 00:00:00+07:00,63000.0,63900.0,62800.0,63700.0,47669.19921875,3683500,0.0,0.0
2023-06-22 00:00:00+07:00,63700.0,63700.0,63700.0,63700.0,47669.19921875,0,0.0,0.0
2023-06-23 00:00:00+07:00,65900.0,66000.0,64800.0,65300.0,48866.5390625,3414800,0.0,0.0
2023-06-26 00:00:00+07:00,65000.0,66300.0,63800.0,64900.0,48567.203125,3842900,0.0,0.0
2023-06-27 00:00:00+07:00,65000.0,67000.0,64700.0,65500.0,49016.20703125,4161700,0.0,0.0
2023-06-28 00:00:00+07:00,65500.0,66600.0,65400.0,65400.0,48941.375,2912100,0.0,0.0
2023-06-29 00:00:00+07:00,65800.0,65800.0,63000.0,63000.0,47145.359375,6249000,0.0,0.0
2023-06-30 00:00:00+07:00,63000.0,64200.0,62800.0,63800.0,47744.03515625,1924700,0.0,0.0
2023-07-03 00:00:00+07:00,64900.0,65600.0,63800.0,63800.0,47744.03515625,2187500,0.0,0.0
2023-07-04 00:00:00+07:00,63800.0,64800.0,63700.0,64800.0,48492.37109375,2334800,0.0,0.0
2023-07-05 00:00:00+07:00,65500.0,67800.0,65000.0,66600.0,49839.375,9033100,0.0,0.0
2023-07-06 00:00:00+07:00,66700.0,67500.0,66200.0,67500.0,50512.8828125,4735300,0.0,0.0
2023-07-07 00:00:00+07:00,67300.0,68800.0,67200.0,67800.0,50737.38671875,3434000,0.0,0.0
2023-07-10 00:00:00+07:00,67900.0,68300.0,67400.0,67800.0,50737.38671875,3716500,0.0,0.0
2023-07-11 00:00:00+07:00,67900.0,67900.0,66200.0,66600.0,49839.375,5092400,0.0,0.0
2023-07-12 00:00:00+07:00,67000.0,68400.0,66300.0,67700.0,50662.5546875,4538100,0.0,0.0
2023-07-13 00:00:00+07:00,68200.0,72400.0,68200.0,71200.0,53281.73828125,6615100,0.0,0.0
2023-07-14 00:00:00+07:00,72000.0,72900.0,70700.0,71600.0,53581.07421875,3856200,0.0,0.0
2023-07-17 00:00:00+07:00,72000.0,72600.0,71200.0,71400.0,53431.40234375,2340400,0.0,0.0
2023-07-18 00:00:00+07:00,71700.0,72500.0,70700.0,70800.0,52982.40625,3266900,0.0,0.0
2023-07-19 00:00:00+07:00,71000.0,71800.0,70500.0,71000.0,53132.07421875,2835400,0.0,0.0
2023-07-20 00:00:00+07:00,71200.0,73500.0,71200.0,72900.0,54553.921875,5116900,0.0,0.0
2023-07-21 00:00:00+07:00,73100.0,73900.0,72800.0,73000.0,54628.75,3264000,0.0,0.0
2023-07-24 00:00:00+07:00,73100.0,73100.0,71600.0,72300.0,54104.9140625,4582200,0.0,0.0
2023-07-25 00:00:00+07:00,72700.0,73000.0,71500.0,72300.0,54104.9140625,3359800,0.0,0.0
2023-07-26 00:00:00+07:00,72300.0,73800.0,71700.0,72000.0,53880.4140625,3165400,0.0,0.0
2023-07-27 00:00:00+07:00,72000.0,72100.0,70600.0,71300.0,53356.57421875,4549300,0.0,0.0
2023-07-28 00:00:00+07:00,71500.0,72900.0,71100.0,72600.0,54329.41796875,3038500,0.0,0.0
2023-07-31 00:00:00+07:00,73300.0,73500.0,72000.0,72000.0,53880.4140625,2887400,0.0,0.0
2023-08-01 00:00:00+07:00,72500.0,75900.0,71400.0,74400.0,55676.4296875,7667100,0.0,0.0
2023-08-02 00:00:00+07:00,74000.0,75300.0,73700.0,74100.0,55451.92578125,2202400,0.0,0.0
2023-08-03 00:00:00+07:00,74000.0,75500.0,73400.0,74100.0,55451.92578125,3368400,0.0,0.0
2023-08-04 00:00:00+07:00,74200.0,75400.0,73900.0,74500.0,55751.26171875,2596900,0.0,0.0
2023-08-07 00:00:00+07:00,74900.0,75100.0,73700.0,73900.0,55302.26171875,3386700,0.0,0.0
2023-08-08 00:00:00+07:00,74000.0,75200.0,73600.0,74600.0,55826.09375,3114300,0.0,0.0
2023-08-09 00:00:00+07:00,75000.0,75000.0,73900.0,74000.0,55377.08984375,2160100,0.0,0.0
2023-08-10 00:00:00+07:00,74000.0,75800.0,73800.0,74200.0,55526.76171875,5085100,0.0,0.0
2023-08-11 00:00:00+07:00,74900.0,75000.0,72700.0,73300.0,54853.25,5349300,0.0,0.0
2023-08-14 00:00:00+07:00,73500.0,74300.0,72900.0,73400.0,54928.0859375,2545600,0.0,0.0
2023-08-15 00:00:00+07:00,73900.0,76400.0,73300.0,76400.0,57173.10546875,6386500,0.0,0.0
2023-08-16 00:00:00+07:00,76800.0,76900.0,75200.0,75700.0,56649.26171875,2665600,0.0,0.0
2023-08-17 00:00:00+07:00,75700.0,76400.0,75300.0,75600.0,56574.42578125,3093700,0.0,0.0
2023-08-18 00:00:00+07:00,75100.0,75600.0,70400.0,70500.0,52757.90625,9711700,0.0,0.0
2023-08-21 00:00:00+07:00,70600.0,71700.0,69000.0,70000.0,52383.734375,3599300,0.0,0.0
2023-08-22 00:00:00+07:00,70700.0,71100.0,67000.0,71000.0,53132.07421875,3516600,0.0,0.0
2023-08-23 00:00:00+07:00,71900.0,73000.0,71300.0,72400.0,54179.75,2979000,0.0,0.0
2023-08-24 00:00:00+07:00,72500.0,75500.0,72200.0,75100.0,56200.2578125,5128900,0.0,0.0
2023-08-25 00:00:00+07:00,75200.0,80000.0,74900.0,79800.0,59717.453125,8219400,0.0,0.0
2023-08-28 00:00:00+07:00,80100.0,83800.0,80100.0,83800.0,62710.80859375,4225200,0.0,0.0
2023-08-29 00:00:00+07:00,83900.0,84400.0,82100.0,83000.0,62112.14453125,3441000,0.0,0.0
2023-08-30 00:00:00+07:00,83200.0,85100.0,83000.0,83700.0,62635.9765625,2285300,0.0,0.0
2023-08-31 00:00:00+07:00,84000.0,87500.0,83500.0,87500.0,65479.66796875,3416800,0.0,0.0
2023-09-01 00:00:00+07:00,87500.0,87500.0,87500.0,87500.0,65479.66796875,0,0.0,0.0
2023-09-04 00:00:00+07:00,87500.0,87500.0,87500.0,87500.0,65479.66796875,0,0.0,0.0
2023-09-05 00:00:00+07:00,87900.0,91100.0,86600.0,91000.0,68098.8515625,3282300,0.0,0.0
2023-09-06 00:00:00+07:00,91000.0,92700.0,89500.0,90800.0,67949.1796875,3467300,0.0,0.0
2023-09-07 00:00:00+07:00,90900.0,92200.0,89000.0,89000.0,66602.171875,2882100,0.0,0.0
2023-09-08 00:00:00+07:00,90000.0,93900.0,89500.0,92400.0,69146.53125,4509500,0.0,0.0
2023-09-11 00:00:00+07:00,94000.0,94000.0,90100.0,90900.0,68024.015625,4877600,0.0,0.0
2023-09-12 00:00:00+07:00,91100.0,92500.0,90800.0,92200.0,68996.859375,2161100,0.0,0.0
2023-09-13 00:00:00+07:00,93500.0,93500.0,90600.0,90800.0,67949.1796875,4308800,0.0,0.0
2023-09-14 00:00:00+07:00,90300.0,92800.0,90100.0,90800.0,67949.1796875,3433700,0.0,0.0
2023-09-15 00:00:00+07:00,91200.0,92300.0,90500.0,90800.0,67949.1796875,2315400,0.0,0.0
2023-09-18 00:00:00+07:00,90000.0,90800.0,88300.0,89200.0,66751.84375,4025600,0.0,0.0
2023-09-19 00:00:00+07:00,89300.0,93300.0,89300.0,92800.0,69445.8671875,5109900,0.0,0.0
2023-09-20 00:00:00+07:00,93200.0,97500.0,93200.0,95900.0,71765.71875,3462600,0.0,0.0
2023-09-21 00:00:00+07:00,96000.0,97000.0,93600.0,94000.0,70343.8671875,3491400,0.0,0.0
2023-09-22 00:00:00+07:00,92500.0,99600.0,91400.0,98000.0,73337.2265625,7370000,0.0,0.0
2023-09-25 00:00:00+07:00,98000.0,98700.0,91200.0,91200.0,68248.515625,5155900,0.0,0.0
2023-09-26 00:00:00+07:00,90000.0,93700.0,90000.0,90500.0,67724.6796875,5426000,0.0,0.0
2023-09-27 00:00:00+07:00,91900.0,92000.0,86000.0,91600.0,68547.859375,5559900,0.0,0.0
2023-09-28 00:00:00+07:00,91800.0,94000.0,89900.0,93900.0,70269.03125,3637200,0.0,0.0
2023-09-29 00:00:00+07:00,95000.0,95500.0,92900.0,93500.0,69969.703125,2717700,0.0,0.0
2023-10-02 00:00:00+07:00,93000.0,94500.0,92800.0,93700.0,70119.3671875,1894700,0.0,0.0
2023-10-03 00:00:00+07:00,93000.0,93200.0,89900.0,91000.0,68098.8515625,4586800,0.0,0.0
2023-10-04 00:00:00+07:00,90000.0,95500.0,89000.0,94500.0,70718.0390625,6062700,0.0,0.0
2023-10-05 00:00:00+07:00,95200.0,97000.0,93000.0,93000.0,69595.53125,3498100,0.0,0.0
2023-10-06 00:00:00+07:00,93900.0,95800.0,92100.0,95000.0,71092.203125,2451600,0.0,0.0
2023-10-09 00:00:00+07:00,95100.0,98500.0,95100.0,97000.0,72588.890625,4070800,0.0,0.0
2023-10-10 00:00:00+07:00,98000.0,98000.0,95000.0,95300.0,71316.7109375,3452200,0.0,0.0
2023-10-11 00:00:00+07:00,95300.0,97000.0,94700.0,97000.0,72588.890625,1889800,0.0,0.0
2023-10-12 00:00:00+07:00,97500.0,101000.0,96600.0,97900.0,73262.3828125,4366800,0.0,0.0
2023-10-13 00:00:00+07:00,96900.0,99500.0,96700.0,99300.0,74310.0703125,3282300,0.0,0.0
2023-10-16 00:00:00+07:00,99200.0,99800.0,96500.0,96900.0,72514.046875,3252100,0.0,0.0
2023-10-17 00:00:00+07:00,97200.0,97900.0,90200.0,90200.0,67500.1796875,3049600,0.0,0.0
2023-10-18 00:00:00+07:00,92100.0,92500.0,86800.0,91100.0,68173.6796875,7116600,0.0,0.0
2023-10-19 00:00:00+07:00,91300.0,91500.0,88600.0,89800.0,67200.84375,2735000,0.0,0.0
2023-10-20 00:00:00+07:00,89800.0,91000.0,85900.0,90900.0,68024.015625,5009000,0.0,0.0
2023-10-23 00:00:00+07:00,90500.0,90900.0,86500.0,87500.0,65479.66796875,3812800,0.0,0.0
2023-10-24 00:00:00+07:00,87800.0,90600.0,87500.0,89900.0,67275.6796875,2017800,0.0,0.0
2023-10-25 00:00:00+07:00,89900.0,90500.0,88500.0,89300.0,66826.6796875,1508600,0.0,0.0
2023-10-26 00:00:00+07:00,87500.0,87900.0,83100.0,85000.0,63608.8203125,6704100,0.0,0.0
2023-10-27 00:00:00+07:00,85000.0,86100.0,81100.0,85000.0,63608.8203125,1823200,0.0,0.0
2023-10-30 00:00:00+07:00,83500.0,85300.0,81500.0,81500.0,60989.63671875,1826300,0.0,0.0
2023-10-31 00:00:00+07:00,82500.0,82600.0,78600.0,79000.0,59118.78125,3753200,0.0,0.0
2023-11-01 00:00:00+07:00,79200.0,80300.0,76500.0,80300.0,60091.62109375,3412400,0.0,0.0
2023-11-02 00:00:00+07:00,82000.0,85900.0,81000.0,85800.0,64207.4921875,3107800,0.0,0.0
2023-11-03 00:00:00+07:00,86700.0,86700.0,84800.0,85800.0,64207.4921875,2005500,0.0,0.0
2023-11-06 00:00:00+07:00,86400.0,89000.0,85600.0,88400.0,66153.171875,2195600,0.0,0.0
2023-11-07 00:00:00+07:00,87900.0,89700.0,86500.0,88000.0,65853.8359375,1838600,0.0,0.0
2023-11-08 00:00:00+07:00,87900.0,93000.0,87700.0,93000.0,69595.53125,2997800,0.0,0.0
2023-11-09 00:00:00+07:00,93000.0,94700.0,92400.0,92800.0,69445.8671875,2802100,0.0,0.0
2023-11-10 00:00:00+07:00,91800.0,95300.0,91800.0,93000.0,69595.53125,2711000,0.0,0.0
2023-11-13 00:00:00+07:00,93100.0,94300.0,91700.0,93300.0,69820.0390625,1654600,0.0,0.0
2023-11-14 00:00:00+07:00,94000.0,95200.0,92800.0,93500.0,69969.703125,2232400,0.0,0.0
2023-11-15 00:00:00+07:00,95000.0,95000.0,94000.0,94000.0,70343.8671875,1914000,0.0,0.0
2023-11-16 00:00:00+07:00,93800.0,96200.0,93100.0,95800.0,71690.875,2760400,0.0,0.0
2023-11-17 00:00:00+07:00,96000.0,96000.0,92500.0,93300.0,69820.0390625,2781700,0.0,0.0
2023-11-20 00:00:00+07:00,91300.0,94200.0,91300.0,93300.0,69820.0390625,1840100,0.0,0.0
2023-11-21 00:00:00+07:00,94500.0,95000.0,93500.0,94900.0,71017.375,2032100,0.0,0.0
2023-11-22 00:00:00+07:00,95500.0,97900.0,95200.0,96200.0,71990.2265625,3854900,0.0,0.0
2023-11-23 00:00:00+07:00,96900.0,97000.0,92900.0,92900.0,69520.6953125,2597700,0.0,0.0
2023-11-24 00:00:00+07:00,93800.0,95500.0,91300.0,95500.0,71466.375,3115600,0.0,0.0
2023-11-27 00:00:00+07:00,95800.0,95900.0,94000.0,94200.0,70493.5390625,795100,0.0,0.0
2023-11-28 00:00:00+07:00,94200.0,94300.0,92100.0,94300.0,70568.375,1749500,0.0,0.0
2023-11-29 00:00:00+07:00,94800.0,96300.0,94800.0,95800.0,71690.875,2153100,0.0,0.0
2023-11-30 00:00:00+07:00,95800.0,96400.0,94500.0,94500.0,70718.0390625,1602200,0.0,0.0
2023-12-01 00:00:00+07:00,95100.0,95400.0,93200.0,95100.0,71167.046875,1677600,0.0,0.0
2023-12-04 00:00:00+07:00,96400.0,97600.0,95700.0,97500.0,72963.0546875,3190600,0.0,0.0
2023-12-05 00:00:00+07:00,97700.0,99200.0,97000.0,97300.0,72813.3828125,2049000,0.0,0.0
2023-12-06 00:00:00+07:00,97000.0,98000.0,96700.0,98000.0,73337.2265625,1514400,0.0,0.0
2023-12-07 00:00:00+07:00,98000.0,99000.0,95100.0,97200.0,72738.5546875,4001300,0.0,0.0
2023-12-08 00:00:00+07:00,96700.0,98000.0,96200.0,97800.0,73187.5546875,1476000,0.0,0.0
2023-12-11 00:00:00+07:00,98200.0,98300.0,96700.0,97800.0,73187.5546875,1067800,0.0,0.0
2023-12-12 00:00:00+07:00,97800.0,98000.0,96900.0,97000.0,72588.890625,1149300,0.0,0.0
2023-12-13 00:00:00+07:00,97300.0,97600.0,95900.0,95900.0,71765.71875,1950400,0.0,0.0
2023-12-14 00:00:00+07:00,96100.0,96800.0,94600.0,95000.0,71092.203125,1592100,0.0,0.0
2023-12-15 00:00:00+07:00,95000.0,95000.0,93300.0,93300.0,69820.0390625,2658600,0.0,0.0
2023-12-18 00:00:00+07:00,94000.0,94900.0,92200.0,93800.0,70194.203125,1622600,0.0,0.0
2023-12-19 00:00:00+07:00,91800.0,92300.0,90600.0,92300.0,71353.796875,1608500,3000.0,0.0
2023-12-20 00:00:00+07:00,92200.0,92400.0,91200.0,91600.0,70812.65625,1000600,0.0,0.0
2023-12-21 00:00:00+07:00,91500.0,91500.0,90100.0,91000.0,70348.8203125,1759600,0.0,0.0
2023-12-22 00:00:00+07:00,91000.0,91000.0,89900.0,90500.0,69962.28125,1421400,0.0,0.0
2023-12-25 00:00:00+07:00,90600.0,92400.0,90200.0,91800.0,70967.265625,960900,0.0,0.0
2023-12-26 00:00:00+07:00,92200.0,94800.0,92100.0,93900.0,72590.6953125,3027400,0.0,0.0
2023-12-27 00:00:00+07:00,94500.0,94800.0,93700.0,94100.0,72745.3125,1501700,0.0,0.0
2023-12-28 00:00:00+07:00,94100.0,95400.0,93500.0,94000.0,72668.0078125,1686200,0.0,0.0
2023-12-29 00:00:00+07:00,93700.0,94400.0,93700.0,94400.0,72977.234375,1296500,0.0,0.0
2024-01-01 00:00:00+07:00,94400.0,94400.0,94400.0,94400.0,72977.234375,0,0.0,0.0
2024-01-02 00:00:00+07:00,94600.0,94900.0,93300.0,93800.0,72513.3984375,1466800,0.0,0.0
2024-01-03 00:00:00+07:00,93200.0,94000.0,93200.0,94000.0,72668.0078125,1529900,0.0,0.0
2024-01-04 00:00:00+07:00,94200.0,99000.0,94200.0,96000.0,74214.140625,5627600,0.0,0.0
2024-01-05 00:00:00+07:00,96300.0,96800.0,94900.0,95500.0,73827.609375,1430600,0.0,0.0
2024-01-08 00:00:00+07:00,96000.0,96500.0,94000.0,94100.0,72745.3125,2563400,0.0,0.0
2024-01-09 00:00:00+07:00,94000.0,94800.0,93200.0,93900.0,72590.6953125,2335700,0.0,0.0
2024-01-10 00:00:00+07:00,93600.0,94300.0,91500.0,92500.0,71508.4140625,3880500,0.0,0.0
2024-01-11 00:00:00+07:00,92500.0,92900.0,91600.0,92500.0,71508.4140625,1796300,0.0,0.0
2024-01-12 00:00:00+07:00,91700.0,92500.0,91200.0,91600.0,70812.65625,1778100,0.0,0.0
2024-01-15 00:00:00+07:00,91600.0,92200.0,91500.0,91500.0,70735.3515625,929600,0.0,0.0
2024-01-16 00:00:00+07:00,91500.0,93500.0,91200.0,93500.0,72281.46875,1233800,0.0,0.0
2024-01-17 00:00:00+07:00,93000.0,93300.0,91700.0,91800.0,70967.265625,1794100,0.0,0.0
2024-01-18 00:00:00+07:00,91800.0,93000.0,91700.0,92200.0,71276.4921875,1058200,0.0,0.0
2024-01-19 00:00:00+07:00,92500.0,93000.0,91800.0,91800.0,70967.265625,1046200,0.0,0.0
2024-01-22 00:00:00+07:00,91800.0,92000.0,90400.0,91500.0,70735.3515625,1705600,0.0,0.0
2024-01-23 00:00:00+07:00,91000.0,91500.0,89200.0,89600.0,69266.5234375,3765700,0.0,0.0
2024-01-24 00:00:00+07:00,89700.0,90400.0,89300.0,89300.0,69034.609375,1459100,0.0,0.0
2024-01-25 00:00:00+07:00,89300.0,89300.0,89300.0,89300.0,69034.609375,0,0.0,0.0
2024-01-26 00:00:00+07:00,87800.0,89200.0,87800.0,88900.0,68725.3828125,1057700,0.0,0.0
2024-01-29 00:00:00+07:00,89000.0,90900.0,89000.0,89900.0,69498.4453125,1407300,0.0,0.0
2024-01-30 00:00:00+07:00,89900.0,90400.0,89400.0,90400.0,69884.9765625,976500,0.0,0.0
2024-01-31 00:00:00+07:00,90700.0,91000.0,89100.0,90400.0,69884.9765625,1603900,0.0,0.0
2024-02-01 00:00:00+07:00,90200.0,90800.0,89800.0,90600.0,70039.59375,1059500,0.0,0.0
2024-02-02 00:00:00+07:00,90600.0,90600.0,90600.0,90600.0,70039.59375,0,0.0,0.0
2024-02-05 00:00:00+07:00,90900.0,91500.0,90500.0,90800.0,70194.203125,1002100,0.0,0.0
2024-02-06 00:00:00+07:00,90800.0,95600.0,90600.0,95600.0,73904.9140625,4805200,0.0,0.0
2024-02-07 00:00:00+07:00,96000.0,97900.0,95800.0,96200.0,74368.7421875,2752600,0.0,0.0
2024-02-08 00:00:00+07:00,96200.0,96200.0,96200.0,96200.0,74368.7421875,0,0.0,0.0
2024-02-09 00:00:00+07:00,96200.0,96200.0,96200.0,96200.0,74368.7421875,0,0.0,0.0
2024-02-15 00:00:00+07:00,96700.0,97100.0,95200.0,95400.0,73750.296875,1707800,0.0,0.0
2024-02-16 00:00:00+07:00,95400.0,96500.0,94500.0,95500.0,73827.609375,2550700,0.0,0.0
2024-02-19 00:00:00+07:00,96100.0,98600.0,95200.0,96600.0,74677.9765625,4079000,0.0,0.0
2024-02-20 00:00:00+07:00,96500.0,98800.0,95700.0,98700.0,76301.4140625,4599800,0.0,0.0
2024-02-21 00:00:00+07:00,101000.0,103000.0,99700.0,101700.0,78620.6015625,5469800,0.0,0.0
2024-02-22 00:00:00+07:00,101700.0,102800.0,100700.0,101200.0,78234.0703125,2842500,0.0,0.0
2024-02-23 00:00:00+07:00,101500.0,103400.0,99600.0,100000.0,77306.390625,4435100,0.0,0.0
2024-02-26 00:00:00+07:00,101000.0,107000.0,100000.0,107000.0,82717.8359375,7509000,0.0,0.0
2024-02-27 00:00:00+07:00,109500.0,111600.0,108500.0,111600.0,86273.9296875,4160600,0.0,0.0
2024-02-28 00:00:00+07:00,111700.0,112400.0,110200.0,110500.0,85423.5546875,2783800,0.0,0.0
2024-02-29 00:00:00+07:00,110600.0,114800.0,109600.0,112000.0,86583.15625,3079600,0.0,0.0
2024-03-01 00:00:00+07:00,113000.0,115300.0,112300.0,114000.0,88129.2890625,2998500,0.0,0.0
2024-03-04 00:00:00+07:00,115500.0,115500.0,111700.0,112100.0,86660.46875,3928600,0.0,0.0
2024-03-05 00:00:00+07:00,111500.0,115500.0,111500.0,113400.0,87665.453125,2853700,0.0,0.0
2024-03-06 00:00:00+07:00,112800.0,113500.0,109800.0,113000.0,87356.2265625,3678100,0.0,0.0
2024-03-07 00:00:00+07:00,112400.0,120900.0,111000.0,120900.0,93463.4296875,7346700,0.0,0.0
2024-03-08 00:00:00+07:00,122000.0,122900.0,118000.0,119400.0,92303.8359375,2382900,0.0,0.0
2024-03-11 00:00:00+07:00,119700.0,122000.0,117300.0,118000.0,91221.546875,2792100,0.0,0.0
2024-03-12 00:00:00+07:00,118000.0,120500.0,117700.0,118900.0,91917.296875,2137200,0.0,0.0
2024-03-13 00:00:00+07:00,120500.0,127200.0,119500.0,127200.0,98333.7265625,3805200,0.0,0.0
2024-03-14 00:00:00+07:00,128900.0,131500.0,127100.0,128200.0,99106.796875,3447700,0.0,0.0
2024-03-15 00:00:00+07:00,129400.0,129400.0,126000.0,127000.0,98179.1171875,2510500,0.0,0.0
2024-03-18 00:00:00+07:00,127500.0,127500.0,118200.0,118200.0,91376.15625,13268600,0.0,0.0
2024-03-19 00:00:00+07:00,119900.0,121900.0,117000.0,119000.0,91994.6015625,2829400,0.0,0.0
2024-03-20 00:00:00+07:00,119900.0,123700.0,118600.0,122800.0,94932.25,2914900,0.0,0.0
2024-03-21 00:00:00+07:00,124500.0,124600.0,119500.0,123000.0,95086.859375,2792900,0.0,0.0
2024-03-22 00:00:00+07:00,123000.0,124500.0,121300.0,123600.0,95550.703125,2312600,0.0,0.0
2024-03-25 00:00:00+07:00,123000.0,123600.0,118500.0,120000.0,92767.6640625,2744700,0.0,0.0
2024-03-26 00:00:00+07:00,120000.0,120700.0,118200.0,120700.0,93308.8125,1830700,0.0,0.0
2024-03-27 00:00:00+07:00,120700.0,121100.0,119000.0,120700.0,93308.8125,1516600,0.0,0.0
2024-03-28 00:00:00+07:00,121900.0,125000.0,121500.0,123900.0,95782.6171875,2417200,0.0,0.0
2024-03-29 00:00:00+07:00,123900.0,124300.0,122000.0,123400.0,95396.0859375,1970900,0.0,0.0
2024-04-01 00:00:00+07:00,122500.0,122900.0,120100.0,120300.0,92999.5859375,2402700,0.0,0.0
2024-04-02 00:00:00+07:00,119900.0,122600.0,118500.0,122600.0,94777.6328125,2443300,0.0,0.0
2024-04-03 00:00:00+07:00,122700.0,127500.0,122000.0,122400.0,94623.0234375,4319500,0.0,0.0
2024-04-04 00:00:00+07:00,122400.0,123000.0,121000.0,122600.0,94777.6328125,1689800,0.0,0.0
2024-04-05 00:00:00+07:00,121000.0,122500.0,119600.0,119700.0,92535.7578125,2240100,0.0,0.0
2024-04-08 00:00:00+07:00,119800.0,120400.0,115500.0,116000.0,89675.4140625,3268100,0.0,0.0
2024-04-09 00:00:00+07:00,116000.0,117600.0,116000.0,117000.0,90448.4765625,1164100,0.0,0.0
2024-04-10 00:00:00+07:00,117600.0,118400.0,116500.0,117900.0,91144.2421875,1440300,0.0,0.0
2024-04-11 00:00:00+07:00,117000.0,120500.0,116700.0,119900.0,92690.359375,1522700,0.0,0.0
2024-04-12 00:00:00+07:00,120500.0,120500.0,118800.0,119200.0,92149.21875,1073200,0.0,0.0
2024-04-15 00:00:00+07:00,118800.0,121900.0,111000.0,111100.0,85887.3984375,2989100,0.0,0.0
2024-04-16 00:00:00+07:00,108000.0,114300.0,108000.0,113500.0,87742.7578125,4536300,0.0,0.0
2024-04-17 00:00:00+07:00,114300.0,114500.0,111100.0,111100.0,85887.3984375,1552300,0.0,0.0
2024-04-19 00:00:00+07:00,109000.0,112400.0,107000.0,108000.0,83490.90625,3122100,0.0,0.0
2024-04-22 00:00:00+07:00,110000.0,111000.0,108100.0,110000.0,85037.03125,2055900,0.0,0.0
2024-04-23 00:00:00+07:00,110800.0,110800.0,108000.0,110000.0,85037.03125,1668500,0.0,0.0
2024-04-24 00:00:00+07:00,110400.0,116300.0,110400.0,116300.0,89907.3359375,3029200,0.0,0.0
2024-04-25 00:00:00+07:00,116300.0,116300.0,114400.0,116100.0,89752.71875,1539200,0.0,0.0
2024-04-26 00:00:00+07:00,114500.0,120500.0,114500.0,118800.0,91839.9921875,3739600,0.0,0.0
2024-04-29 00:00:00+07:00,118800.0,118800.0,118800.0,118800.0,91839.9921875,0,0.0,0.0
2024-04-30 00:00:00+07:00,118800.0,118800.0,118800.0,118800.0,91839.9921875,0,0.0,0.0
2024-05-02 00:00:00+07:00,118800.0,121000.0,117000.0,120200.0,92922.2890625,2359700,0.0,0.0
2024-05-03 00:00:00+07:00,121000.0,122000.0,118400.0,119000.0,91994.6015625,2244100,0.0,0.0
2024-05-06 00:00:00+07:00,120000.0,123500.0,119400.0,122500.0,94700.3359375,2663000,0.0,0.0
2024-05-07 00:00:00+07:00,122700.0,125600.0,122500.0,122500.0,94700.3359375,2723700,0.0,0.0
2024-05-08 00:00:00+07:00,121000.0,123500.0,120400.0,123500.0,95473.390625,3332600,0.0,0.0
2024-05-09 00:00:00+07:00,125000.0,131000.0,124500.0,124800.0,96478.375,6905300,0.0,0.0
2024-05-10 00:00:00+07:00,125000.0,126100.0,122800.0,123800.0,95705.3125,2904100,0.0,0.0
2024-05-13 00:00:00+07:00,123800.0,123900.0,120000.0,122600.0,94777.6328125,3378200,0.0,0.0
2024-05-14 00:00:00+07:00,122500.0,124600.0,121200.0,124300.0,96091.8515625,2481400,0.0,0.0
2024-05-15 00:00:00+07:00,125600.0,126900.0,123800.0,126100.0,97483.3671875,3249800,0.0,0.0
2024-05-16 00:00:00+07:00,127000.0,128300.0,125600.0,126000.0,97406.0546875,2987700,0.0,0.0
2024-05-17 00:00:00+07:00,126000.0,127600.0,125500.0,126200.0,97560.6640625,2188600,0.0,0.0
2024-05-20 00:00:00+07:00,127800.0,127800.0,124600.0,124600.0,96323.765625,3418300,0.0,0.0
2024-05-21 00:00:00+07:00,124100.0,127000.0,123000.0,126000.0,97406.0546875,2530800,0.0,0.0
2024-05-22 00:00:00+07:00,126700.0,127400.0,123500.0,125900.0,97328.75,2836300,0.0,0.0
2024-05-23 00:00:00+07:00,125500.0,128900.0,124800.0,127600.0,98642.953125,3351000,0.0,0.0
2024-05-24 00:00:00+07:00,127500.0,131500.0,125000.0,127000.0,98179.1171875,7236900,0.0,0.0
2024-05-27 00:00:00+07:00,126100.0,127000.0,124200.0,126300.0,97637.96875,2671100,0.0,0.0
2024-05-28 00:00:00+07:00,126500.0,128000.0,125500.0,126900.0,98101.8125,2316900,0.0,0.0
2024-05-29 00:00:00+07:00,127100.0,130500.0,125500.0,126600.0,97869.890625,3942300,0.0,0.0
2024-05-30 00:00:00+07:00,125200.0,125700.0,122500.0,125000.0,96632.9921875,4169800,0.0,0.0
2024-05-31 00:00:00+07:00,125000.0,127000.0,123900.0,126000.0,97406.0546875,2222200,0.0,0.0
2024-06-03 00:00:00+07:00,126000.0,126000.0,126000.0,126000.0,97406.0546875,0,0.0,0.0
2024-06-04 00:00:00+07:00,126000.0,126000.0,123600.0,124000.0,95859.921875,2940300,0.0,0.0
2024-06-05 00:00:00+07:00,124000.0,125100.0,122700.0,123000.0,95086.859375,3244200,0.0,0.0
2024-06-06 00:00:00+07:00,123600.0,123600.0,120500.0,120900.0,93463.4296875,5438300,0.0,0.0
2024-06-07 00:00:00+07:00,120700.0,123000.0,120600.0,121800.0,94159.1796875,1947000,0.0,0.0
2024-06-10 00:00:00+07:00,121800.0,122400.0,121000.0,121500.0,93927.265625,1531800,0.0,0.0
2024-06-11 00:00:00+07:00,121800.0,123700.0,121500.0,122000.0,94313.8046875,2775100,0.0,0.0
2024-06-12 00:00:00+07:00,122000.0,123200.0,121700.0,123200.0,95241.4765625,1767300,0.0,0.0
2024-06-13 00:00:00+07:00,123400.0,123700.0,122100.0,123300.0,95318.78125,1950000,0.0,0.0
2024-06-14 00:00:00+07:00,123300.0,123600.0,121700.0,121700.0,94081.875,2935800,0.0,0.0
2024-06-17 00:00:00+07:00,121700.0,122400.0,120300.0,121500.0,93927.265625,2212500,0.0,0.0
2024-06-18 00:00:00+07:00,121600.0,130000.0,121000.0,130000.0,100498.3125,13590200,0.0,0.0
2024-06-19 00:00:00+07:00,131500.0,132000.0,127700.0,128200.0,99106.796875,3762700,0.0,0.0
2024-06-20 00:00:00+07:00,128300.0,132500.0,128300.0,130000.0,100498.3125,5006400,0.0,0.0
2024-06-21 00:00:00+07:00,130700.0,134000.0,130600.0,131800.0,101889.828125,4319900,0.0,0.0
2024-06-24 00:00:00+07:00,132000.0,132000.0,124500.0,124600.0,96323.765625,8899700,0.0,0.0
2024-06-25 00:00:00+07:00,124500.0,125500.0,123000.0,124700.0,96401.078125,2915600,0.0,0.0
2024-06-26 00:00:00+07:00,125000.0,125300.0,122000.0,125000.0,96632.9921875,3667000,0.0,0.0
2024-06-27 00:00:00+07:00,124200.0,125000.0,123100.0,123800.0,95705.3125,1688000,0.0,0.0
2024-06-28 00:00:00+07:00,124000.0,124300.0,120000.0,122500.0,94700.3359375,3725600,0.0,0.0
2024-07-01 00:00:00+07:00,122000.0,122600.0,120100.0,122000.0,94313.8046875,2813000,0.0,0.0
2024-07-02 00:00:00+07:00,122000.0,123600.0,120500.0,123300.0,95318.78125,1192200,0.0,0.0
2024-07-03 00:00:00+07:00,123400.0,126500.0,122900.0,124800.0,96478.375,2821700,0.0,0.0
2024-07-04 00:00:00+07:00,125300.0,126300.0,123900.0,125000.0,96632.9921875,1750600,0.0,0.0
2024-07-05 00:00:00+07:00,125800.0,126300.0,123900.0,125000.0,96632.9921875,1976200,0.0,0.0
2024-07-08 00:00:00+07:00,126500.0,129300.0,124900.0,127300.0,98411.0390625,3986800,0.0,0.0
2024-07-09 00:00:00+07:00,128200.0,129500.0,126800.0,128000.0,98952.1796875,2412800,0.0,0.0
2024-07-10 00:00:00+07:00,128000.0,129800.0,125300.0,126500.0,97792.59375,3313100,0.0,0.0
2024-07-11 00:00:00+07:00,127000.0,127500.0,125300.0,126200.0,97560.6640625,1841300,0.0,0.0
2024-07-12 00:00:00+07:00,125500.0,126500.0,124800.0,125500.0,97019.5234375,1505600,0.0,0.0
2024-07-15 00:00:00+07:00,126000.0,127600.0,125000.0,125400.0,96942.21875,1704000,0.0,0.0
2024-07-16 00:00:00+07:00,125400.0,125900.0,123800.0,125400.0,96942.21875,1672900,0.0,0.0
2024-07-17 00:00:00+07:00,125400.0,125700.0,120400.0,123800.0,95705.3125,3787600,0.0,0.0
2024-07-18 00:00:00+07:00,122700.0,123000.0,120700.0,123000.0,95086.859375,2525200,0.0,0.0
2024-07-19 00:00:00+07:00,122600.0,123000.0,121300.0,121300.0,93772.65625,1380700,0.0,0.0
2024-07-22 00:00:00+07:00,121300.0,121300.0,113200.0,114000.0,88129.2890625,6234700,0.0,0.0
2024-07-23 00:00:00+07:00,114000.0,115200.0,107000.0,108400.0,83800.1328125,5575700,0.0,0.0
2024-07-24 00:00:00+07:00,106500.0,112400.0,106500.0,110000.0,85037.03125,3113200,0.0,0.0
2024-07-25 00:00:00+07:00,109700.0,111000.0,108700.0,111000.0,85810.09375,1170900,0.0,0.0
2024-07-26 00:00:00+07:00,111400.0,113900.0,111000.0,113200.0,87510.828125,2595600,0.0,0.0
2024-07-29 00:00:00+07:00,114000.0,114400.0,112700.0,113000.0,87356.2265625,1096300,0.0,0.0
2024-07-30 00:00:00+07:00,113000.0,113000.0,110000.0,112400.0,86892.3828125,1722200,0.0,0.0
2024-07-31 00:00:00+07:00,112900.0,112900.0,111000.0,112000.0,86583.15625,1343300,0.0,0.0
2024-08-01 00:00:00+07:00,111600.0,111900.0,105300.0,106000.0,81944.765625,3156300,0.0,0.0
2024-08-02 00:00:00+07:00,103900.0,108500.0,102000.0,107100.0,82795.140625,3225100,0.0,0.0
2024-08-05 00:00:00+07:00,104000.0,106800.0,100100.0,101200.0,78234.0703125,3326700,0.0,0.0
2024-08-06 00:00:00+07:00,102000.0,106000.0,100000.0,106000.0,81944.765625,2451500,0.0,0.0
2024-08-07 00:00:00+07:00,106900.0,106900.0,103500.0,106000.0,81944.765625,1543800,0.0,0.0
2024-08-08 00:00:00+07:00,104700.0,105400.0,102500.0,104000.0,80398.6484375,2029500,0.0,0.0
2024-08-09 00:00:00+07:00,104700.0,106600.0,104100.0,106500.0,82331.3046875,2029400,0.0,0.0
2024-08-12 00:00:00+07:00,106500.0,110500.0,104400.0,108600.0,83954.7421875,2477700,0.0,0.0
2024-08-13 00:00:00+07:00,108700.0,110500.0,107100.0,109000.0,84263.96875,1517700,0.0,0.0
2024-08-14 00:00:00+07:00,109600.0,110700.0,107500.0,107600.0,83181.6796875,1478500,0.0,0.0
2024-08-15 00:00:00+07:00,107900.0,107900.0,104000.0,106500.0,82331.3046875,2666500,0.0,0.0
2024-08-16 00:00:00+07:00,106700.0,111500.0,105100.0,110800.0,85655.484375,2954900,0.0,0.0
2024-08-19 00:00:00+07:00,111300.0,111500.0,110000.0,110900.0,85732.7890625,1222400,0.0,0.0
2024-08-20 00:00:00+07:00,110900.0,112000.0,110200.0,112000.0,86583.15625,1864800,0.0,0.0
2024-08-21 00:00:00+07:00,112000.0,113300.0,111100.0,112800.0,87201.6015625,1666800,0.0,0.0
2024-08-22 00:00:00+07:00,112800.0,113200.0,111900.0,113000.0,87356.2265625,1254700,0.0,0.0
2024-08-23 00:00:00+07:00,112900.0,113000.0,111100.0,112900.0,87278.921875,1288100,0.0,0.0
2024-08-26 00:00:00+07:00,112800.0,112800.0,111000.0,111000.0,85810.09375,1281500,0.0,0.0
2024-08-27 00:00:00+07:00,110800.0,110800.0,108900.0,109600.0,84727.8046875,1775800,0.0,0.0
2024-08-28 00:00:00+07:00,110200.0,110400.0,109000.0,110000.0,85037.03125,1307100,0.0,0.0
2024-08-29 00:00:00+07:00,110100.0,111300.0,109300.0,111300.0,86042.015625,1121000,0.0,0.0
2024-08-30 00:00:00+07:00,111300.0,115000.0,111300.0,113700.0,87897.3671875,4097700,0.0,0.0
2024-09-04 00:00:00+07:00,113500.0,117300.0,112600.0,115200.0,89056.96875,3725200,0.0,0.0
2024-09-05 00:00:00+07:00,114200.0,115800.0,113000.0,113700.0,87897.3671875,2020200,0.0,0.0
2024-09-06 00:00:00+07:00,113100.0,114000.0,111900.0,114000.0,88129.2890625,1839700,0.0,0.0
2024-09-09 00:00:00+07:00,113800.0,113800.0,111800.0,113500.0,87742.7578125,1644000,0.0,0.0
2024-09-10 00:00:00+07:00,113100.0,113800.0,111900.0,113000.0,87356.2265625,1419800,0.0,0.0
2024-09-11 00:00:00+07:00,112200.0,113000.0,111500.0,112900.0,87278.921875,1084600,0.0,0.0
2024-09-12 00:00:00+07:00,113000.0,114900.0,112400.0,113500.0,87742.7578125,1969500,0.0,0.0
2024-09-13 00:00:00+07:00,113600.0,113900.0,112500.0,113500.0,87742.7578125,774800,0.0,0.0
2024-09-16 00:00:00+07:00,113500.0,114800.0,112100.0,112100.0,86660.46875,1805500,0.0,0.0
2024-09-17 00:00:00+07:00,112100.0,113800.0,111900.0,113800.0,87974.671875,1190600,0.0,0.0
2024-09-18 00:00:00+07:00,114000.0,114800.0,113500.0,113600.0,87820.0546875,1670900,0.0,0.0
2024-09-19 00:00:00+07:00,114500.0,114800.0,113100.0,114600.0,88593.125,1518000,0.0,0.0
2024-09-20 00:00:00+07:00,115600.0,117900.0,115100.0,115300.0,89134.2734375,2980400,0.0,0.0
2024-09-23 00:00:00+07:00,115000.0,115200.0,114100.0,115000.0,88902.34375,1182800,0.0,0.0
2024-09-24 00:00:00+07:00,115000.0,115500.0,114400.0,115500.0,89288.8828125,1089300,0.0,0.0
2024-09-25 00:00:00+07:00,115700.0,116600.0,115400.0,115500.0,89288.8828125,1337300,0.0,0.0
2024-09-26 00:00:00+07:00,115600.0,116500.0,114500.0,115100.0,88979.65625,1715100,0.0,0.0
2024-09-27 00:00:00+07:00,115800.0,116300.0,114600.0,115000.0,88902.34375,1587900,0.0,0.0
2024-09-30 00:00:00+07:00,115000.0,115600.0,114300.0,115500.0,89288.8828125,1080100,0.0,0.0
2024-10-01 00:00:00+07:00,115500.0,118800.0,115500.0,116000.0,89675.4140625,3445700,0.0,0.0
2024-10-02 00:00:00+07:00,116100.0,116500.0,114900.0,116000.0,89675.4140625,1808600,0.0,0.0
2024-10-03 00:00:00+07:00,116000.0,116100.0,114500.0,114600.0,88593.125,1814700,0.0,0.0
2024-10-04 00:00:00+07:00,114600.0,114700.0,113300.0,113500.0,87742.7578125,1884300,0.0,0.0
2024-10-07 00:00:00+07:00,113500.0,114200.0,112700.0,114000.0,88129.2890625,1233000,0.0,0.0
2024-10-08 00:00:00+07:00,113900.0,114100.0,113000.0,113900.0,88051.9765625,969100,0.0,0.0
2024-10-09 00:00:00+07:00,113900.0,115400.0,113700.0,115000.0,88902.34375,1177300,0.0,0.0
2024-10-10 00:00:00+07:00,115100.0,118300.0,115100.0,115800.0,89520.8046875,3358900,0.0,0.0
2024-10-11 00:00:00+07:00,116500.0,116600.0,115100.0,115500.0,89288.8828125,680400,0.0,0.0
2024-10-14 00:00:00+07:00,116000.0,117800.0,115500.0,116200.0,89830.0234375,1768300,0.0,0.0
2024-10-15 00:00:00+07:00,116200.0,116800.0,115200.0,115400.0,89211.5703125,1239400,0.0,0.0
2024-10-16 00:00:00+07:00,115400.0,115700.0,113900.0,115200.0,89056.96875,1837800,0.0,0.0
2024-10-17 00:00:00+07:00,115200.0,115200.0,113800.0,114600.0,88593.125,1173100,0.0,0.0
2024-10-18 00:00:00+07:00,114600.0,115300.0,114000.0,114000.0,88129.2890625,831000,0.0,0.0
2024-10-21 00:00:00+07:00,114100.0,114700.0,113000.0,113000.0,87356.2265625,1461900,0.0,0.0
2024-10-22 00:00:00+07:00,113000.0,113300.0,110600.0,111100.0,85887.3984375,3524800,0.0,0.0
2024-10-23 00:00:00+07:00,111500.0,111700.0,109800.0,111000.0,85810.09375,1625100,0.0,0.0
2024-10-24 00:00:00+07:00,111500.0,113000.0,110500.0,110500.0,85423.5546875,1693700,0.0,0.0
2024-10-25 00:00:00+07:00,110500.0,111300.0,109100.0,109100.0,84341.2734375,1805400,0.0,0.0
2024-10-28 00:00:00+07:00,109200.0,110500.0,109000.0,110500.0,85423.5546875,788700,0.0,0.0
2024-10-29 00:00:00+07:00,111000.0,112400.0,110000.0,112200.0,86737.7734375,1247100,0.0,0.0
2024-10-30 00:00:00+07:00,112200.0,112600.0,111000.0,111400.0,86119.3203125,675500,0.0,0.0
2024-10-31 00:00:00+07:00,111000.0,112300.0,111000.0,112300.0,86815.078125,701800,0.0,0.0
2024-11-01 00:00:00+07:00,111900.0,111900.0,110600.0,111400.0,86119.3203125,1083900,0.0,0.0
2024-11-04 00:00:00+07:00,111300.0,111300.0,110000.0,110500.0,85423.5546875,707000,0.0,0.0
2024-11-05 00:00:00+07:00,111000.0,111000.0,110200.0,110400.0,85346.2578125,470600,0.0,0.0
2024-11-06 00:00:00+07:00,111500.0,111700.0,110400.0,111700.0,86351.2421875,872100,0.0,0.0
2024-11-07 00:00:00+07:00,112200.0,114000.0,111600.0,112500.0,86969.6953125,1995200,0.0,0.0
2024-11-08 00:00:00+07:00,112600.0,113500.0,111900.0,111900.0,86505.8515625,984800,0.0,0.0
2024-11-11 00:00:00+07:00,112000.0,115400.0,111900.0,115200.0,89056.96875,3579900,0.0,0.0
2024-11-12 00:00:00+07:00,115600.0,115700.0,114100.0,115600.0,89366.1875,1744000,0.0,0.0
2024-11-13 00:00:00+07:00,115200.0,116600.0,114300.0,116600.0,90139.25,2445800,0.0,0.0
2024-11-14 00:00:00+07:00,116600.0,118100.0,115000.0,116300.0,89907.3359375,1795200,0.0,0.0
2024-11-15 00:00:00+07:00,115400.0,115800.0,113100.0,113200.0,87510.828125,1880200,0.0,0.0
2024-11-18 00:00:00+07:00,113200.0,113200.0,110000.0,113000.0,87356.2265625,2430300,0.0,0.0
2024-11-19 00:00:00+07:00,110500.0,110500.0,106500.0,106500.0,84576.7109375,1962800,3000.0,0.0
2024-11-20 00:00:00+07:00,106500.0,108000.0,103600.0,106100.0,84259.046875,1491700,0.0,0.0
2024-11-21 00:00:00+07:00,106600.0,107300.0,106000.0,107000.0,84973.78125,680300,0.0,0.0
2024-11-22 00:00:00+07:00,107400.0,107700.0,105900.0,105900.0,84100.21875,938900,0.0,0.0
2024-11-25 00:00:00+07:00,105700.0,107000.0,105700.0,107000.0,84973.78125,849900,0.0,0.0
2024-11-26 00:00:00+07:00,107300.0,107700.0,106700.0,106700.0,84735.5390625,1047700,0.0,0.0
2024-11-27 00:00:00+07:00,106700.0,108500.0,106700.0,106900.0,84894.3671875,1091400,0.0,0.0
2024-11-28 00:00:00+07:00,107000.0,107900.0,106900.0,107700.0,85529.6796875,801700,0.0,0.0
2024-11-29 00:00:00+07:00,108000.0,110500.0,107900.0,109500.0,86959.15625,2099600,0.0,0.0
2024-12-02 00:00:00+07:00,110000.0,110700.0,108600.0,109800.0,87197.3984375,986500,0.0,0.0
2024-12-03 00:00:00+07:00,109600.0,109900.0,108900.0,109900.0,87276.8046875,846900,0.0,0.0
2024-12-04 00:00:00+07:00,109700.0,109800.0,107900.0,107900.0,85688.515625,1333900,0.0,0.0
2024-12-05 00:00:00+07:00,107900.0,110000.0,106500.0,110000.0,87356.2265625,1604300,0.0,0.0
2024-12-06 00:00:00+07:00,110500.0,116900.0,110200.0,115200.0,91485.7890625,6349700,0.0,0.0
2024-12-09 00:00:00+07:00,115500.0,116600.0,115100.0,116000.0,92121.109375,1897000,0.0,0.0
2024-12-10 00:00:00+07:00,115900.0,116500.0,114000.0,116200.0,92279.9453125,1614400,0.0,0.0
2024-12-11 00:00:00+07:00,116200.0,117500.0,116000.0,116500.0,92518.1796875,2506700,0.0,0.0
2024-12-12 00:00:00+07:00,116500.0,116600.0,115300.0,116400.0,92438.765625,1461500,0.0,0.0
2024-12-13 00:00:00+07:00,115600.0,115900.0,114400.0,114900.0,91247.546875,1456800,0.0,0.0
2024-12-16 00:00:00+07:00,115000.0,116000.0,114500.0,115500.0,91724.03125,854500,0.0,0.0
2024-12-17 00:00:00+07:00,115500.0,116000.0,114900.0,116000.0,92121.109375,1140700,0.0,0.0
2024-12-18 00:00:00+07:00,116500.0,116500.0,115500.0,116200.0,92279.9453125,1013100,0.0,0.0
2024-12-19 00:00:00+07:00,114300.0,117800.0,114200.0,116000.0,92121.109375,2560100,0.0,0.0
2024-12-20 00:00:00+07:00,116000.0,116300.0,115300.0,115400.0,91644.625,1269000,0.0,0.0
2024-12-23 00:00:00+07:00,116000.0,117300.0,115500.0,116500.0,92518.1796875,1887700,0.0,0.0
2024-12-24 00:00:00+07:00,116600.0,118500.0,116500.0,118500.0,94106.4765625,3854900,0.0,0.0
2024-12-25 00:00:00+07:00,119000.0,119200.0,116000.0,119000.0,94503.5546875,2125900,0.0,0.0
2024-12-26 00:00:00+07:00,119000.0,119000.0,117600.0,117600.0,93391.7421875,917100,0.0,0.0
2024-12-27 00:00:00+07:00,117600.0,118100.0,116400.0,117000.0,92915.2578125,1688000,0.0,0.0
2024-12-30 00:00:00+07:00,116500.0,116900.0,116100.0,116100.0,92200.5234375,934100,0.0,0.0
2024-12-31 00:00:00+07:00,116200.0,117200.0,116100.0,116600.0,92597.59375,1267800,0.0,0.0
2025-01-02 00:00:00+07:00,116600.0,117300.0,116400.0,116600.0,92597.59375,777800,0.0,0.0
2025-01-03 00:00:00+07:00,116500.0,117300.0,115500.0,115500.0,91724.03125,1780200,0.0,0.0
2025-01-06 00:00:00+07:00,115100.0,116000.0,112100.0,112500.0,89341.5859375,2604800,0.0,0.0
2025-01-07 00:00:00+07:00,112500.0,113300.0,112100.0,112300.0,89182.765625,1040800,0.0,0.0
2025-01-08 00:00:00+07:00,112300.0,113200.0,112300.0,112400.0,89262.1796875,517100,0.0,0.0
2025-01-09 00:00:00+07:00,113100.0,113100.0,112200.0,112200.0,89103.3515625,587500,0.0,0.0
2025-01-10 00:00:00+07:00,112300.0,112500.0,110000.0,110000.0,87356.2265625,1581100,0.0,0.0
2025-01-13 00:00:00+07:00,110000.0,110500.0,108500.0,110500.0,87753.296875,1175600,0.0,0.0
2025-01-14 00:00:00+07:00,110500.0,110500.0,108800.0,108900.0,86482.6640625,685300,0.0,0.0
2025-01-15 00:00:00+07:00,109100.0,109800.0,108800.0,109300.0,86800.3203125,772900,0.0,0.0
2025-01-16 00:00:00+07:00,109100.0,109800.0,108800.0,109300.0,86800.3203125,772900,0.0,0.0
2025-01-17 00:00:00+07:00,109800.0,110000.0,109000.0,109800.0,87197.3984375,786100,0.0,0.0
2025-01-20 00:00:00+07:00,110000.0,110600.0,109700.0,109900.0,87276.8046875,764500,0.0,0.0
2025-01-21 00:00:00+07:00,109600.0,110200.0,108900.0,109000.0,86562.078125,965100,0.0,0.0
2025-01-22 00:00:00+07:00,109000.0,110300.0,109000.0,109000.0,86562.078125,838500,0.0,0.0
2025-01-23 00:00:00+07:00,110100.0,111000.0,109300.0,111000.0,88150.375,1183400,0.0,0.0
2025-01-24 00:00:00+07:00,111000.0,111700.0,110200.0,111400.0,88468.03125,1038000,0.0,0.0
2025-01-27 00:00:00+07:00,111400.0,111400.0,111400.0,111400.0,88468.03125,0,0.0,0.0
2025-01-28 00:00:00+07:00,111400.0,111400.0,111400.0,111400.0,88468.03125,0,0.0,0.0
2025-01-29 00:00:00+07:00,111400.0,111400.0,111400.0,111400.0,88468.03125,0,0.0,0.0
2025-01-30 00:00:00+07:00,111400.0,111400.0,111400.0,111400.0,88468.03125,0,0.0,0.0
2025-01-31 00:00:00+07:00,111400.0,111400.0,111400.0,111400.0,88468.03125,0,0.0,0.0
2025-02-03 00:00:00+07:00,111400.0,111400.0,109900.0,110400.0,87673.8828125,668100,0.0,0.0
2025-02-04 00:00:00+07:00,110800.0,111900.0,110400.0,111500.0,88547.4453125,1077100,0.0,0.0
2025-02-05 00:00:00+07:00,111800.0,111900.0,110500.0,111700.0,88706.2734375,1253300,0.0,0.0
2025-02-06 00:00:00+07:00,111700.0,111900.0,110600.0,111400.0,88468.03125,1226000,0.0,0.0
2025-02-07 00:00:00+07:00,111400.0,111500.0,110200.0,111100.0,88229.7890625,1245600,0.0,0.0
2025-02-10 00:00:00+07:00,110500.0,110500.0,107600.0,107600.0,85450.2734375,2288800,0.0,0.0
2025-02-11 00:00:00+07:00,107600.0,108800.0,106300.0,108500.0,86165.0,1405100,0.0,0.0
2025-02-12 00:00:00+07:00,109000.0,109500.0,107500.0,108400.0,86085.5859375,941900,0.0,0.0
2025-02-13 00:00:00+07:00,107900.0,108500.0,107400.0,108500.0,86165.0,995600,0.0,0.0
2025-02-14 00:00:00+07:00,108800.0,109500.0,107600.0,108000.0,85767.9296875,1254600,0.0,0.0
2025-02-17 00:00:00+07:00,108000.0,108300.0,106500.0,106600.0,84656.125,1738300,0.0,0.0
2025-02-18 00:00:00+07:00,106900.0,107500.0,106600.0,107500.0,85370.8515625,915400,0.0,0.0
2025-02-19 00:00:00+07:00,108000.0,108000.0,107000.0,108000.0,85767.9296875,1118400,0.0,0.0
2025-02-20 00:00:00+07:00,108300.0,112200.0,108100.0,110300.0,87594.46875,2532000,0.0,0.0
2025-02-21 00:00:00+07:00,110400.0,110900.0,109100.0,109500.0,86959.15625,909800,0.0,0.0
2025-02-24 00:00:00+07:00,109400.0,109500.0,108000.0,109500.0,86959.15625,1278500,0.0,0.0
2025-02-25 00:00:00+07:00,109800.0,110400.0,108800.0,109700.0,87117.9765625,1145300,0.0,0.0
2025-02-26 00:00:00+07:00,110000.0,111000.0,109500.0,110000.0,87356.2265625,1179100,0.0,0.0
2025-02-27 00:00:00+07:00,110000.0,111500.0,109700.0,110800.0,87991.546875,1743000,0.0,0.0
2025-02-28 00:00:00+07:00,111000.0,112800.0,110800.0,111500.0,88547.4453125,2520300,0.0,0.0
2025-03-03 00:00:00+07:00,112500.0,115600.0,111500.0,113300.0,89976.90625,3330600,0.0,0.0
2025-03-04 00:00:00+07:00,113500.0,113500.0,111500.0,112000.0,88944.515625,1487700,0.0,0.0
2025-03-05 00:00:00+07:00,112400.0,112600.0,109900.0,110000.0,87356.2265625,2388400,0.0,0.0
2025-03-06 00:00:00+07:00,110500.0,111400.0,109300.0,111100.0,88229.7890625,2065100,0.0,0.0
2025-03-07 00:00:00+07:00,111900.0,111900.0,110600.0,111200.0,88309.1953125,1415100,0.0,0.0
2025-03-10 00:00:00+07:00,111200.0,111700.0,110400.0,110500.0,87753.296875,1634500,0.0,0.0
2025-03-11 00:00:00+07:00,109700.0,109900.0,108900.0,109100.0,86641.4921875,2038900,0.0,0.0
2025-03-12 00:00:00+07:00,109800.0,110000.0,109000.0,110000.0,87356.2265625,1233900,0.0,0.0
2025-03-13 00:00:00+07:00,110300.0,110400.0,108900.0,108900.0,86482.6640625,1669000,0.0,0.0
2025-03-14 00:00:00+07:00,108900.0,108900.0,106800.0,107000.0,84973.78125,2581300,0.0,0.0
2025-03-17 00:00:00+07:00,107400.0,108000.0,106700.0,107000.0,84973.78125,1568400,0.0,0.0
2025-03-18 00:00:00+07:00,107500.0,108200.0,107100.0,107300.0,85212.0234375,653400,0.0,0.0
2025-03-19 00:00:00+07:00,107300.0,108600.0,106300.0,107900.0,85688.515625,1706400,0.0,0.0
2025-03-20 00:00:00+07:00,108000.0,108000.0,105100.0,106400.0,84497.2890625,2131400,0.0,0.0
2025-03-21 00:00:00+07:00,106800.0,106800.0,104300.0,104900.0,83306.0703125,1605200,0.0,0.0
2025-03-24 00:00:00+07:00,105000.0,106800.0,103300.0,104000.0,82591.3359375,2099200,0.0,0.0
2025-03-25 00:00:00+07:00,104000.0,104900.0,104000.0,104200.0,82750.171875,1031600,0.0,0.0
2025-03-26 00:00:00+07:00,104200.0,105400.0,103600.0,104500.0,82988.40625,1032600,0.0,0.0
2025-03-27 00:00:00+07:00,104400.0,105400.0,103800.0,105100.0,83464.8984375,652900,0.0,0.0
2025-03-28 00:00:00+07:00,105100.0,105100.0,102500.0,102900.0,81717.7734375,1545500,0.0,0.0
2025-03-31 00:00:00+07:00,101600.0,102100.0,96800.0,99600.0,79097.09375,3976100,0.0,0.0
2025-04-01 00:00:00+07:00,99700.0,100200.0,97100.0,98200.0,77985.28125,2454100,0.0,0.0
2025-04-02 00:00:00+07:00,98000.0,98000.0,96200.0,97100.0,77111.71875,1899100,0.0,0.0
2025-04-03 00:00:00+07:00,93000.0,93000.0,90400.0,90400.0,71790.9296875,3006700,0.0,0.0
2025-04-04 00:00:00+07:00,84100.0,85700.0,84100.0,84500.0,67105.4609375,6889200,0.0,0.0
2025-04-08 00:00:00+07:00,79100.0,84000.0,78600.0,78600.0,62419.9921875,2261100,0.0,0.0
2025-04-09 00:00:00+07:00,73100.0,78000.0,73100.0,73100.0,58052.1796875,5859900,0.0,0.0
2025-04-10 00:00:00+07:00,78200.0,78200.0,78200.0,78200.0,62102.3359375,134200,0.0,0.0
2025-04-11 00:00:00+07:00,83600.0,83600.0,80100.0,83600.0,66390.734375,2993300,0.0,0.0
2025-04-14 00:00:00+07:00,89400.0,89400.0,87000.0,89400.0,70996.7890625,3859300,0.0,0.0
2025-04-15 00:00:00+07:00,90000.0,91800.0,87100.0,89500.0,71076.203125,3516200,0.0,0.0
2025-04-16 00:00:00+07:00,88500.0,89300.0,87200.0,87600.0,69567.3203125,2567400,0.0,0.0
2025-04-17 00:00:00+07:00,85600.0,87300.0,85600.0,87200.0,69249.65625,1118500,0.0,0.0
2025-04-18 00:00:00+07:00,88200.0,88600.0,86800.0,88500.0,70282.046875,1871800,0.0,0.0
2025-04-21 00:00:00+07:00,88600.0,88800.0,86600.0,87100.0,69170.25,879100,0.0,0.0
2025-04-22 00:00:00+07:00,87600.0,89900.0,81500.0,88200.0,70043.8046875,3379000,0.0,0.0
2025-04-23 00:00:00+07:00,89200.0,92500.0,88800.0,90800.0,72108.59375,2052900,0.0,0.0
2025-04-24 00:00:00+07:00,91500.0,92500.0,90600.0,91600.0,72743.9140625,1130100,0.0,0.0
2025-04-25 00:00:00+07:00,91900.0,92000.0,89700.0,91200.0,72426.25,1177400,0.0,0.0
2025-04-28 00:00:00+07:00,90600.0,91500.0,89900.0,91500.0,72664.4921875,770400,0.0,0.0
2025-04-29 00:00:00+07:00,91200.0,92900.0,90700.0,91000.0,72267.421875,981100,0.0,0.0
2025-04-30 00:00:00+07:00,91000.0,91000.0,91000.0,91000.0,72267.421875,0,0.0,0.0
2025-05-01 00:00:00+07:00,91000.0,91000.0,91000.0,91000.0,72267.421875,0,0.0,0.0
2025-05-02 00:00:00+07:00,91000.0,91000.0,91000.0,91000.0,72267.421875,0,0.0,0.0
2025-05-05 00:00:00+07:00,91000.0,91000.0,91000.0,91000.0,72267.421875,0,0.0,0.0
2025-05-06 00:00:00+07:00,92500.0,94000.0,90800.0,93800.0,74491.03125,1786300,0.0,0.0
2025-05-07 00:00:00+07:00,94500.0,94700.0,93000.0,93300.0,74093.9609375,958700,0.0,0.0
2025-05-08 00:00:00+07:00,93300.0,94000.0,91800.0,92100.0,73140.984375,1201400,0.0,0.0
2025-05-09 00:00:00+07:00,92000.0,92800.0,91200.0,92200.0,73220.3984375,1383700,0.0,0.0
2025-05-12 00:00:00+07:00,92200.0,92200.0,92200.0,92200.0,73220.3984375,0,0.0,0.0
2025-05-13 00:00:00+07:00,92400.0,92400.0,91200.0,91800.0,72902.7421875,1237400,0.0,0.0
2025-05-14 00:00:00+07:00,91900.0,93000.0,91200.0,91600.0,72743.9140625,3827300,0.0,0.0
2025-05-15 00:00:00+07:00,91400.0,94000.0,91400.0,93800.0,74491.03125,3424100,0.0,0.0
2025-05-16 00:00:00+07:00,94400.0,94500.0,92600.0,93500.0,74252.796875,1493800,0.0,0.0
2025-05-19 00:00:00+07:00,91100.0,91100.0,89400.0,89500.0,71076.203125,2718600,0.0,0.0
2025-05-20 00:00:00+07:00,91100.0,91100.0,89400.0,89500.0,71076.203125,2718600,0.0,0.0
2025-05-21 00:00:00+07:00,89500.0,90000.0,88700.0,89900.0,71393.859375,1795700,0.0,0.0
2025-05-22 00:00:00+07:00,90000.0,90200.0,88700.0,88800.0,70520.296875,1358600,0.0,0.0
2025-05-23 00:00:00+07:00,88900.0,89000.0,88100.0,88800.0,70520.296875,1571700,0.0,0.0
2025-05-26 00:00:00+07:00,87500.0,90000.0,87300.0,90000.0,71473.2734375,1657200,0.0,0.0
2025-05-27 00:00:00+07:00,87500.0,90000.0,87300.0,90000.0,71473.2734375,1657200,0.0,0.0
2025-05-28 00:00:00+07:00,90400.0,92500.0,89700.0,91800.0,72902.7421875,1857500,0.0,0.0
2025-05-29 00:00:00+07:00,93000.0,93000.0,90300.0,90700.0,72029.1796875,1448900,0.0,0.0
2025-05-30 00:00:00+07:00,90700.0,91300.0,89500.0,89500.0,71076.203125,1164900,0.0,0.0
2025-06-02 00:00:00+07:00,89000.0,89300.0,88000.0,89100.0,70758.5390625,658800,0.0,0.0
2025-06-03 00:00:00+07:00,89000.0,89300.0,88000.0,89100.0,70758.5390625,658800,0.0,0.0
2025-06-04 00:00:00+07:00,89900.0,91000.0,89100.0,90500.0,71870.3515625,1425300,0.0,0.0
2025-06-05 00:00:00+07:00,91100.0,91900.0,90000.0,90100.0,71552.6875,1169700,0.0,0.0
2025-06-06 00:00:00+07:00,90200.0,91700.0,89700.0,90600.0,71949.7578125,1627100,0.0,0.0
2025-06-09 00:00:00+07:00,89800.0,89800.0,88100.0,88100.0,69964.3984375,1104900,0.0,0.0
2025-06-10 00:00:00+07:00,89800.0,89800.0,88100.0,88100.0,69964.3984375,1104900,0.0,0.0
2025-06-11 00:00:00+07:00,88200.0,92200.0,88200.0,91300.0,72505.6640625,2822800,0.0,0.0
2025-06-12 00:00:00+07:00,91300.0,95500.0,90800.0,92700.0,73617.4765625,3655400,0.0,0.0
2025-06-13 00:00:00+07:00,92800.0,93500.0,92400.0,92900.0,73776.3046875,1354700,0.0,0.0
2025-06-16 00:00:00+07:00,93100.0,98000.0,93100.0,98000.0,77826.453125,4957100,0.0,0.0
2025-06-17 00:00:00+07:00,93100.0,98000.0,93100.0,98000.0,77826.453125,4957100,0.0,0.0
2025-06-18 00:00:00+07:00,98900.0,99000.0,96700.0,98700.0,78382.359375,2374000,0.0,0.0
2025-06-19 00:00:00+07:00,98600.0,99000.0,96700.0,97400.0,77349.96875,2242300,0.0,0.0
2025-06-20 00:00:00+07:00,97500.0,98800.0,96300.0,97400.0,77349.96875,1731600,0.0,0.0
2025-06-23 00:00:00+07:00,96000.0,97400.0,95000.0,96400.0,76555.8203125,1143500,0.0,0.0
2025-06-24 00:00:00+07:00,96000.0,97400.0,95000.0,96400.0,76555.8203125,1143500,0.0,0.0
2025-06-25 00:00:00+07:00,97000.0,97100.0,96000.0,96500.0,76635.2265625,2237200,0.0,0.0
2025-06-26 00:00:00+07:00,96900.0,98000.0,96300.0,97200.0,77191.140625,2034400,0.0,0.0
2025-06-27 00:00:00+07:00,97300.0,97800.0,96500.0,96700.0,76794.0625,1020000,0.0,0.0
2025-06-30 00:00:00+07:00,100600.0,102500.0,100400.0,101700.0,80764.796875,2879100,0.0,0.0
2025-07-01 00:00:00+07:00,100600.0,102500.0,100400.0,101700.0,80764.796875,2879100,0.0,0.0
2025-07-02 00:00:00+07:00,102200.0,102200.0,99500.0,100900.0,80129.484375,2442400,0.0,0.0
2025-07-03 00:00:00+07:00,100900.0,102000.0,99700.0,101800.0,80844.2109375,1842800,0.0,0.0
2025-07-04 00:00:00+07:00,100600.0,104200.0,100500.0,103000.0,81797.1875,3443600,0.0,0.0
2025-07-07 00:00:00+07:00,102600.0,102700.0,100500.0,102200.0,81161.875,2413500,0.0,0.0
2025-07-08 00:00:00+07:00,102600.0,102700.0,100500.0,102200.0,81161.875,2413500,0.0,0.0
2025-07-09 00:00:00+07:00,102200.0,102600.0,101100.0,102600.0,81479.5390625,1911400,0.0,0.0
2025-07-10 00:00:00+07:00,103100.0,104600.0,102100.0,102100.0,81082.453125,1984400,0.0,0.0
2025-07-11 00:00:00+07:00,101600.0,102000.0,101000.0,101500.0,80605.9765625,2304100,0.0,0.0
2025-07-14 00:00:00+07:00,104200.0,104200.0,101700.0,103900.0,82511.9296875,1851200,0.0,0.0
2025-07-15 00:00:00+07:00,104200.0,104200.0,101700.0,103900.0,82511.9296875,1851200,0.0,0.0
2025-07-16 00:00:00+07:00,104000.0,105300.0,102400.0,102400.0,81320.703125,3012100,0.0,0.0
2025-07-17 00:00:00+07:00,102500.0,102800.0,101500.0,102000.0,81003.046875,1724900,0.0,0.0
2025-07-18 00:00:00+07:00,105000.0,106200.0,102800.0,103100.0,81876.609375,2845800,0.0,0.0
2025-07-21 00:00:00+07:00,102600.0,103500.0,102100.0,102100.0,81082.453125,1787200,0.0,0.0
2025-07-22 00:00:00+07:00,102600.0,103500.0,102100.0,102100.0,81082.453125,1787200,0.0,0.0
2025-07-23 00:00:00+07:00,101800.0,102800.0,101700.0,102300.0,81241.2890625,1832900,0.0,0.0
2025-07-24 00:00:00+07:00,104300.0,106000.0,102900.0,105700.0,83941.390625,5456200,0.0,0.0
2025-07-25 00:00:00+07:00,106200.0,106500.0,104300.0,105200.0,83544.3203125,1875800,0.0,0.0
2025-07-28 00:00:00+07:00,105500.0,107000.0,104300.0,105500.0,83782.5625,3496900,0.0,0.0
2025-07-29 00:00:00+07:00,105500.0,107000.0,104300.0,105500.0,83782.5625,3496900,0.0,0.0
2025-07-30 00:00:00+07:00,105500.0,107600.0,101500.0,101500.0,80605.9765625,4598900,0.0,0.0
2025-07-31 00:00:00+07:00,101500.0,103900.0,101000.0,103900.0,82511.9296875,2335600,0.0,0.0
2025-08-01 00:00:00+07:00,104500.0,104500.0,101500.0,102900.0,81717.7734375,2086300,0.0,0.0
2025-08-04 00:00:00+07:00,101700.0,103200.0,101600.0,103200.0,81956.015625,1389300,0.0,0.0
2025-08-05 00:00:00+07:00,101700.0,103200.0,101600.0,103200.0,81956.015625,1389300,0.0,0.0
2025-08-06 00:00:00+07:00,103200.0,105400.0,101600.0,103500.0,82194.265625,3811400,0.0,0.0
2025-08-07 00:00:00+07:00,103100.0,106600.0,103000.0,106300.0,84417.8828125,4821700,0.0,0.0
2025-08-08 00:00:00+07:00,107400.0,108300.0,105600.0,106300.0,84417.8828125,2256200,0.0,0.0
2025-08-11 00:00:00+07:00,107000.0,107600.0,106200.0,106300.0,84417.8828125,2409900,0.0,0.0
2025-08-12 00:00:00+07:00,107000.0,107600.0,106200.0,106300.0,84417.8828125,2409900,0.0,0.0
2025-08-13 00:00:00+07:00,106900.0,110900.0,106300.0,107900.0,85688.515625,4826400,0.0,0.0
2025-08-14 00:00:00+07:00,107900.0,107900.0,105100.0,106500.0,84576.7109375,3068300,0.0,0.0
2025-08-15 00:00:00+07:00,106700.0,106700.0,104600.0,105900.0,84100.21875,3339800,0.0,0.0
2025-08-18 00:00:00+07:00,103600.0,105100.0,102500.0,103400.0,82114.8515625,2385000,0.0,0.0
2025-08-19 00:00:00+07:00,103600.0,105100.0,102500.0,103400.0,82114.8515625,2385000,0.0,0.0
2025-08-20 00:00:00+07:00,103400.0,103600.0,101900.0,102200.0,81161.875,2851800,0.0,0.0
2025-08-21 00:00:00+07:00,102200.0,102300.0,98000.0,99000.0,78620.6015625,4601200,0.0,0.0
2025-08-22 00:00:00+07:00,98300.0,99300.0,95400.0,96700.0,76794.0625,5248900,0.0,0.0
2025-08-25 00:00:00+07:00,99400.0,99400.0,96700.0,97000.0,77032.3046875,1779600,0.0,0.0
2025-08-26 00:00:00+07:00,99400.0,99400.0,96700.0,97000.0,77032.3046875,1779600,0.0,0.0
2025-08-27 00:00:00+07:00,96100.0,99000.0,96100.0,99000.0,78620.6015625,1534800,0.0,0.0
2025-08-28 00:00:00+07:00,98500.0,100700.0,97100.0,98700.0,78382.359375,2427100,0.0,0.0
2025-08-29 00:00:00+07:00,100100.0,101000.0,99000.0,99700.0,79176.5,1577600,0.0,0.0
2025-09-01 00:00:00+07:00,99700.0,99700.0,99700.0,99700.0,79176.5,0,0.0,0.0
2025-09-02 00:00:00+07:00,99700.0,99700.0,99700.0,99700.0,79176.5,0,0.0,0.0
2025-09-03 00:00:00+07:00,98300.0,99000.0,97300.0,97600.0,77508.796875,1944200,0.0,0.0
2025-09-04 00:00:00+07:00,98300.0,99000.0,97300.0,97600.0,77508.796875,1944200,0.0,0.0
2025-09-05 00:00:00+07:00,97600.0,99500.0,97400.0,99300.0,78858.84375,2212600,0.0,0.0
2025-09-08 00:00:00+07:00,97700.0,98600.0,95900.0,96200.0,76396.984375,2292200,0.0,0.0
2025-09-09 00:00:00+07:00,97700.0,98600.0,95900.0,96200.0,76396.984375,2292200,0.0,0.0
2025-09-10 00:00:00+07:00,96300.0,96500.0,95300.0,95600.0,75920.5,1424900,0.0,0.0
2025-09-11 00:00:00+07:00,96000.0,96400.0,95600.0,95900.0,76158.75,783800,0.0,0.0
2025-09-12 00:00:00+07:00,96000.0,97000.0,94000.0,97000.0,77032.3046875,1712000,0.0,0.0
2025-09-15 00:00:00+07:00,97000.0,97000.0,97000.0,97000.0,77032.3046875,0,0.0,0.0
2025-09-16 00:00:00+07:00,98300.0,99800.0,97600.0,99500.0,79017.671875,2428000,0.0,0.0
2025-09-17 00:00:00+07:00,99900.0,101400.0,99500.0,100000.0,79414.75,3242200,0.0,0.0
2025-09-18 00:00:00+07:00,100000.0,103000.0,99700.0,99800.0,79255.921875,4109900,0.0,0.0
2025-09-19 00:00:00+07:00,100200.0,100300.0,98200.0,98800.0,78461.7734375,1542600,0.0,0.0
2025-09-22 00:00:00+07:00,96900.0,97400.0,95300.0,96000.0,76238.15625,2087800,0.0,0.0
2025-09-23 00:00:00+07:00,96900.0,97400.0,95300.0,96000.0,76238.15625,2087800,0.0,0.0
2025-09-24 00:00:00+07:00,96100.0,96700.0,95500.0,96000.0,76238.15625,981400,0.0,0.0
2025-09-25 00:00:00+07:00,96100.0,97000.0,95000.0,97000.0,77032.3046875,911600,0.0,0.0
2025-09-26 00:00:00+07:00,96600.0,96900.0,96000.0,96500.0,76635.2265625,999200,0.0,0.0
2025-09-29 00:00:00+07:00,95100.0,95200.0,94000.0,94000.0,74649.8671875,1605100,0.0,0.0
2025-09-30 00:00:00+07:00,95100.0,95200.0,94000.0,94000.0,74649.8671875,1605100,0.0,0.0
2025-10-01 00:00:00+07:00,94000.0,94000.0,91200.0,91800.0,72902.7421875,1789200,0.0,0.0
2025-10-02 00:00:00+07:00,91800.0,93000.0,91800.0,92200.0,73220.3984375,788500,0.0,0.0
2025-10-03 00:00:00+07:00,92200.0,92900.0,91800.0,91800.0,72902.7421875,696700,0.0,0.0
2025-10-06 00:00:00+07:00,93500.0,93500.0,92100.0,92800.0,73696.8828125,1183200,0.0,0.0
2025-10-07 00:00:00+07:00,93500.0,93500.0,92100.0,92800.0,73696.8828125,1183200,0.0,0.0
2025-10-08 00:00:00+07:00,92800.0,93300.0,92700.0,93000.0,73855.7109375,670200,0.0,0.0
2025-10-09 00:00:00+07:00,93600.0,94500.0,92100.0,94400.0,74967.5234375,1164400,0.0,0.0
2025-10-10 00:00:00+07:00,94400.0,94500.0,93100.0,93500.0,74252.796875,942900,0.0,0.0
2025-10-13 00:00:00+07:00,93000.0,96400.0,93000.0,95900.0,76158.75,2001100,0.0,0.0
2025-10-14 00:00:00+07:00,93000.0,96400.0,93000.0,95900.0,76158.75,2001100,0.0,0.0
2025-10-15 00:00:00+07:00,96900.0,97700.0,96000.0,96200.0,76396.984375,2276000,0.0,0.0
2025-10-16 00:00:00+07:00,97000.0,97100.0,94600.0,95000.0,75444.0078125,1184800,0.0,0.0
2025-10-17 00:00:00+07:00,95000.0,95200.0,94000.0,95000.0,75444.0078125,1411000,0.0,0.0
2025-10-20 00:00:00+07:00,92600.0,94300.0,87000.0,87000.0,69090.828125,2040600,0.0,0.0
2025-10-21 00:00:00+07:00,92600.0,94300.0,87000.0,87000.0,69090.828125,2040600,0.0,0.0
2025-10-22 00:00:00+07:00,89000.0,91100.0,87900.0,89200.0,70837.9609375,2272200,0.0,0.0
2025-10-23 00:00:00+07:00,89200.0,94000.0,89200.0,91000.0,72267.421875,2385600,0.0,0.0
2025-10-24 00:00:00+07:00,91600.0,92200.0,90000.0,91000.0,72267.421875,1263100,0.0,0.0
2025-10-27 00:00:00+07:00,93000.0,94500.0,92500.0,92900.0,73776.3046875,1467700,0.0,0.0
2025-10-28 00:00:00+07:00,93000.0,94500.0,92500.0,92900.0,73776.3046875,1467700,0.0,0.0
2025-10-29 00:00:00+07:00,92500.0,95100.0,92500.0,94000.0,74649.8671875,1606900,0.0,0.0
2025-10-30 00:00:00+07:00,94000.0,95000.0,93300.0,94400.0,74967.5234375,1210800,0.0,0.0
2025-10-31 00:00:00+07:00,94500.0,95300.0,93200.0,93600.0,74332.203125,1742100,0.0,0.0
2025-11-03 00:00:00+07:00,96600.0,97400.0,95500.0,95500.0,75841.0859375,2224300,0.0,0.0
2025-11-04 00:00:00+07:00,95100.0,95300.0,91000.0,94600.0,75126.3515625,2784600,0.0,0.0
2025-11-05 00:00:00+07:00,95100.0,95300.0,91000.0,94600.0,75126.3515625,2784600,0.0,0.0
2025-11-06 00:00:00+07:00,95000.0,96500.0,94300.0,95000.0,75444.0078125,1047600,0.0,0.0
2025-11-07 00:00:00+07:00,94400.0,95000.0,92700.0,93100.0,73935.1328125,1254600,0.0,0.0
2025-11-10 00:00:00+07:00,93800.0,93900.0,91500.0,91500.0,72664.4921875,1462900,0.0,0.0
2025-11-11 00:00:00+07:00,91600.0,92800.0,91000.0,91800.0,72902.7421875,1289100,0.0,0.0
2025-11-12 00:00:00+07:00,92000.0,93700.0,91800.0,93500.0,74252.796875,1102600,0.0,0.0
2025-11-13 00:00:00+07:00,94300.0,100000.0,94200.0,100000.0,79414.75,8043300,0.0,0.0
2025-11-14 00:00:00+07:00,100400.0,103000.0,98000.0,99400.0,78938.2578125,3803200,0.0,0.0
2025-11-17 00:00:00+07:00,99400.0,101500.0,98000.0,99000.0,78620.6015625,3026100,0.0,0.0
2025-11-18 00:00:00+07:00,99200.0,99200.0,97500.0,98800.0,78461.7734375,3418500,0.0,0.0
2025-11-19 00:00:00+07:00,98800.0,100200.0,96400.0,96600.0,76714.6484375,4650300,0.0,0.0
2025-11-20 00:00:00+07:00,97300.0,97500.0,96000.0,97200.0,77191.140625,1562100,0.0,0.0
2025-11-21 00:00:00+07:00,96400.0,96800.0,95100.0,96800.0,76873.4765625,1841800,0.0,0.0
2025-11-24 00:00:00+07:00,96800.0,97400.0,95800.0,96000.0,76238.15625,1206900,0.0,0.0
2025-11-25 00:00:00+07:00,95800.0,96500.0,93700.0,94000.0,74649.8671875,2646700,0.0,0.0
2025-11-26 00:00:00+07:00,94000.0,95800.0,93800.0,95800.0,76079.328125,1433600,0.0,0.0
2025-11-27 00:00:00+07:00,95900.0,96000.0,94800.0,95000.0,75444.0078125,882300,0.0,0.0
2025-11-28 00:00:00+07:00,95000.0,95600.0,94200.0,94300.0,74888.109375,984400,0.0,0.0
2025-12-01 00:00:00+07:00,94800.0,95600.0,94100.0,95000.0,75444.0078125,939900,0.0,0.0
2025-12-02 00:00:00+07:00,95000.0,96800.0,94200.0,96800.0,76873.4765625,2029100,0.0,0.0
2025-12-03 00:00:00+07:00,97300.0,98200.0,96300.0,97000.0,77032.3046875,1698100,0.0,0.0
2025-12-04 00:00:00+07:00,97300.0,98200.0,96300.0,97000.0,77032.3046875,1698100,0.0,0.0
2025-12-05 00:00:00+07:00,97300.0,97900.0,95000.0,95000.0,75444.0078125,1466500,0.0,0.0
2025-12-08 00:00:00+07:00,95000.0,95500.0,93800.0,94000.0,74649.8671875,1522000,0.0,0.0
2025-12-09 00:00:00+07:00,94900.0,95300.0,93700.0,94900.0,75364.59375,1924300,0.0,0.0
2025-12-10 00:00:00+07:00,95500.0,95900.0,95000.0,95000.0,75444.0078125,892200,0.0,0.0
2025-12-11 00:00:00+07:00,95900.0,95900.0,94400.0,94600.0,75126.3515625,822500,0.0,0.0
2025-12-12 00:00:00+07:00,94700.0,94700.0,91900.0,92000.0,73061.5703125,2497400,0.0,0.0
2025-12-15 00:00:00+07:00,92100.0,93000.0,92100.0,93000.0,73855.7109375,901600,0.0,0.0
2025-12-16 00:00:00+07:00,89000.0,92000.0,86500.0,86500.0,68693.7578125,18556100,0.0,0.0
2025-12-17 00:00:00+07:00,80500.0,80500.0,80500.0,80500.0,63928.87109375,3913900,0.0,0.0
2025-12-18 00:00:00+07:00,80500.0,80500.0,80500.0,80500.0,63928.87109375,3913900,0.0,0.0
2025-12-19 00:00:00+07:00,69700.0,80000.0,69700.0,70200.0,55749.15625,36714200,0.0,0.0
2025-12-22 00:00:00+07:00,70000.0,74800.0,69900.0,74600.0,59243.40234375,6028300,0.0,0.0
2025-12-23 00:00:00+07:00,75600.0,78500.0,71000.0,71600.0,56860.95703125,13369900,0.0,0.0
2025-12-24 00:00:00+07:00,69000.0,69000.0,64500.0,65000.0,53877.00390625,9727200,3000.0,0.0
2025-12-25 00:00:00+07:00,69000.0,69000.0,64500.0,65000.0,53877.00390625,9727200,0.0,0.0
2025-12-26 00:00:00+07:00,64000.0,64000.0,60100.0,60900.0,50478.609375,10094000,0.0,0.0
2025-12-29 00:00:00+07:00,60000.0,63500.0,58200.0,61000.0,50561.49609375,6330400,0.0,0.0
2025-12-30 00:00:00+07:00,62200.0,65200.0,61600.0,65200.0,54042.77734375,7221500,0.0,0.0
2025-12-31 00:00:00+07:00,67000.0,68800.0,66100.0,68500.0,56778.07421875,11101300,0.0,0.0
2026-01-01 00:00:00+07:00,68500.0,68500.0,68500.0,68500.0,56778.07421875,0,0.0,0.0
2026-01-02 00:00:00+07:00,68500.0,68500.0,68500.0,68500.0,56778.07421875,0,0.0,0.0
2026-01-05 00:00:00+07:00,68600.0,68700.0,65000.0,65500.0,54291.44140625,6484800,0.0,0.0
2026-01-06 00:00:00+07:00,65200.0,66300.0,62700.0,63000.0,52219.25,5474100,0.0,0.0
2026-01-07 00:00:00+07:00,63200.0,65500.0,63200.0,64100.0,53131.015625,3207000,0.0,0.0
2026-01-08 00:00:00+07:00,65000.0,65000.0,62700.0,62800.0,52053.47265625,5234400,0.0,0.0
2026-01-09 00:00:00+07:00,62900.0,63800.0,62600.0,62700.0,51970.5859375,4030000,0.0,0.0
2026-01-12 00:00:00+07:00,63900.0,64300.0,62600.0,63700.0,52799.46484375,4044400,0.0,0.0
2026-01-13 00:00:00+07:00,64000.0,64300.0,62900.0,63100.0,52302.13671875,4373300,0.0,0.0
2026-01-14 00:00:00+07:00,63100.0,64800.0,62900.0,63900.0,52965.23828125,4895300,0.0,0.0
2026-01-15 00:00:00+07:00,64300.0,67900.0,63800.0,67300.0,55783.421875,6973100,0.0,0.0
2026-01-16 00:00:00+07:00,68000.0,68100.0,66000.0,66000.0,54705.87890625,4181100,0.0,0.0
2026-01-19 00:00:00+07:00,66000.0,66800.0,65100.0,65100.0,53959.890625,3348700,0.0,0.0
2026-01-20 00:00:00+07:00,65300.0,66000.0,64300.0,64500.0,53462.56640625,3021000,0.0,0.0
2026-01-21 00:00:00+07:00,64300.0,69000.0,64000.0,69000.0,57192.51171875,10749300,0.0,0.0
2026-01-22 00:00:00+07:00,71400.0,73800.0,70200.0,73800.0,61171.12109375,9095300,0.0,0.0
2026-01-23 00:00:00+07:00,76000.0,77900.0,71500.0,73900.0,61254.0078125,8651600,0.0,0.0
2026-01-26 00:00:00+07:00,73800.0,73800.0,68800.0,68800.0,57026.734375,7179700,0.0,0.0
2026-01-27 00:00:00+07:00,67000.0,68800.0,66100.0,67500.0,55949.1953125,4918700,0.0,0.0
2026-01-28 00:00:00+07:00,67700.0,69400.0,67000.0,68100.0,56446.5234375,3006800,0.0,0.0
2026-01-29 00:00:00+07:00,68400.0,68600.0,66100.0,67800.0,56197.859375,2642600,0.0,0.0
2026-01-30 00:00:00+07:00,69000.0,71000.0,68200.0,68600.0,56860.9609375,3461500,0.0,0.0
2026-02-02 00:00:00+07:00,69000.0,69200.0,66600.0,67300.0,55783.421875,3457600,0.0,0.0
2026-02-03 00:00:00+07:00,67300.0,68400.0,67300.0,67900.0,56280.74609375,2877600,0.0,0.0
2026-02-04 00:00:00+07:00,68000.0,70200.0,67700.0,68700.0,56943.84765625,3240400,0.0,0.0
2026-02-05 00:00:00+07:00,69000.0,69300.0,67500.0,67700.0,56114.97265625,1776500,0.0,0.0
2026-02-06 00:00:00+07:00,67000.0,67200.0,65200.0,65300.0,54125.66796875,4564800,0.0,0.0
2026-02-09 00:00:00+07:00,65800.0,67400.0,65700.0,67200.0,55700.53125,1663800,0.0,0.0
2026-02-10 00:00:00+07:00,67300.0,68900.0,67000.0,68000.0,56363.6328125,2665800,0.0,0.0
2026-02-11 00:00:00+07:00,68000.0,68700.0,68000.0,68500.0,56778.07421875,2003400,0.0,0.0
2026-02-12 00:00:00+07:00,68100.0,68700.0,67600.0,67800.0,56197.859375,1138100,0.0,0.0
2026-02-13 00:00:00+07:00,67900.0,68800.0,67300.0,68400.0,56695.18359375,1516100,0.0,0.0
2026-02-16 00:00:00+07:00,68400.0,68400.0,68400.0,68400.0,56695.18359375,0,0.0,0.0
2026-02-17 00:00:00+07:00,68400.0,68400.0,68400.0,68400.0,56695.18359375,0,0.0,0.0
2026-02-18 00:00:00+07:00,68400.0,68400.0,68400.0,68400.0,56695.18359375,0,0.0,0.0
2026-02-19 00:00:00+07:00,68400.0,68400.0,68400.0,68400.0,56695.18359375,0,0.0,0.0
2026-02-20 00:00:00+07:00,68400.0,68400.0,68400.0,68400.0,56695.18359375,0,0.0,0.0
2026-02-23 00:00:00+07:00,69100.0,72500.0,68800.0,70200.0,58187.1640625,4067100,0.0,0.0
2026-02-24 00:00:00+07:00,70000.0,75100.0,70000.0,75100.0,62248.66015625,10866500,0.0,0.0
2026-02-25 00:00:00+07:00,76600.0,76900.0,73500.0,76000.0,62994.6484375,7127000,0.0,0.0
2026-02-26 00:00:00+07:00,76000.0,76000.0,73500.0,73600.0,61005.34375,3485600,0.0,0.0
2026-02-27 00:00:00+07:00,73300.0,74500.0,72000.0,73800.0,61171.12109375,3393400,0.0,0.0
2026-03-02 00:00:00+07:00,73000.0,76800.0,71900.0,75300.0,62414.4375,9213900,0.0,0.0
2026-03-03 00:00:00+07:00,73000.0,76800.0,71900.0,75300.0,62414.4375,9213900,0.0,0.0
2026-03-04 00:00:00+07:00,73500.0,73900.0,70100.0,70900.0,58767.37890625,6232900,0.0,0.0
2026-03-05 00:00:00+07:00,72300.0,73100.0,71000.0,71000.0,58850.265625,2672600,0.0,0.0
2026-03-06 00:00:00+07:00,71100.0,75600.0,71100.0,73100.0,60590.90625,5742700,0.0,0.0
2026-03-09 00:00:00+07:00,76000.0,77200.0,70000.0,71000.0,58850.265625,10234900,0.0,0.0
2026-03-10 00:00:00+07:00,74800.0,75900.0,73200.0,75900.0,62911.76171875,10779700,0.0,0.0
2026-03-11 00:00:00+07:00,77400.0,79700.0,76000.0,77700.0,64403.7421875,6463800,0.0,0.0
2026-03-12 00:00:00+07:00,77000.0,82000.0,76200.0,80900.0,67056.1484375,9831700,0.0,0.0
2026-03-13 00:00:00+07:00,80400.0,81700.0,76500.0,77400.0,64155.078125,8635900,0.0,0.0
2026-03-16 00:00:00+07:00,76500.0,77700.0,72200.0,73900.0,61254.0078125,9659900,0.0,0.0
2026-03-17 00:00:00+07:00,74700.0,75500.0,68800.0,68800.0,57026.734375,7724600,0.0,0.0
2026-03-18 00:00:00+07:00,64000.0,64000.0,64000.0,64000.0,53048.125,643800,0.0,0.0
2026-03-19 00:00:00+07:00,59600.0,59600.0,59600.0,59600.0,49401.06640625,1376100,0.0,0.0
2026-03-20 00:00:00+07:00,55500.0,58000.0,55500.0,55500.0,46002.671875,34977300,0.0,0.0
2026-03-23 00:00:00+07:00,54300.0,57500.0,51700.0,51700.0,42852.94140625,7143900,0.0,0.0
2026-03-24 00:00:00+07:00,53000.0,53500.0,51700.0,52500.0,43516.04296875,7065700,0.0,0.0
2026-03-25 00:00:00+07:00,52500.0,55700.0,52500.0,54700.0,45339.5703125,4337800,0.0,0.0
2026-03-26 00:00:00+07:00,55000.0,55000.0,51700.0,52300.0,43350.265625,5037800,0.0,0.0
2026-03-27 00:00:00+07:00,52700.0,52700.0,51600.0,51800.0,42935.828125,5864900,0.0,0.0
2026-03-30 00:00:00+07:00,50900.0,51000.0,48250.0,49100.0,40697.859375,6921600,0.0,0.0
2026-03-31 00:00:00+07:00,49500.0,51500.0,49500.0,50200.0,41609.625,2507200,0.0,0.0
2026-04-01 00:00:00+07:00,50600.0,51400.0,50200.0,50500.0,41858.28515625,2855400,0.0,0.0
2026-04-02 00:00:00+07:00,50400.0,54000.0,49600.0,54000.0,44759.35546875,4398300,0.0,0.0
2026-04-03 00:00:00+07:00,56900.0,57400.0,55000.0,56500.0,46831.55078125,8384200,0.0,0.0
2026-04-06 00:00:00+07:00,56300.0,56300.0,53000.0,53000.0,43930.48046875,3451700,0.0,0.0
2026-04-07 00:00:00+07:00,53300.0,54200.0,52500.0,54200.0,44925.1328125,1791100,0.0,0.0
2026-04-08 00:00:00+07:00,55000.0,56300.0,54800.0,55700.0,46168.44921875,3396100,0.0,0.0
2026-04-09 00:00:00+07:00,55700.0,55800.0,52900.0,53100.0,44013.3671875,6912700,0.0,0.0
2026-04-10 00:00:00+07:00,52500.0,54900.0,51700.0,54000.0,44759.35546875,3815900,0.0,0.0
2026-04-13 00:00:00+07:00,53100.0,55400.0,53100.0,54300.0,45008.01953125,2204800,0.0,0.0
2026-04-14 00:00:00+07:00,54600.0,57300.0,54000.0,56300.0,46665.7734375,4533600,0.0,0.0
2026-04-15 00:00:00+07:00,56400.0,56700.0,54600.0,54600.0,45256.68359375,2341800,0.0,0.0
2026-04-16 00:00:00+07:00,54600.0,55000.0,54000.0,54900.0,45505.34765625,1675900,0.0,0.0
2026-04-17 00:00:00+07:00,55000.0,55900.0,54200.0,54500.0,45173.796875,2642000,0.0,0.0
2026-04-20 00:00:00+07:00,53800.0,54500.0,52500.0,53100.0,44013.3671875,3422200,0.0,0.0
2026-04-21 00:00:00+07:00,53100.0,54400.0,52500.0,53300.0,44179.14453125,1959400,0.0,0.0
2026-04-22 00:00:00+07:00,53600.0,56500.0,53600.0,54800.0,45422.45703125,4246300,0.0,0.0
2026-04-23 00:00:00+07:00,54800.0,54800.0,53100.0,53500.0,44344.91796875,2156500,0.0,0.0
2026-04-24 00:00:00+07:00,53600.0,53600.0,52600.0,53300.0,44179.14453125,1894500,0.0,0.0
2026-04-27 00:00:00+07:00,53300.0,53300.0,53300.0,53300.0,44179.14453125,0,0.0,0.0
2026-04-28 00:00:00+07:00,53300.0,53500.0,52200.0,52300.0,43350.265625,2272300,0.0,0.0
2026-04-29 00:00:00+07:00,52500.0,54000.0,52500.0,53600.0,44427.8046875,1358600,0.0,0.0
2026-04-30 00:00:00+07:00,53600.0,53600.0,53600.0,53600.0,44427.8046875,0,0.0,0.0
2026-05-01 00:00:00+07:00,53600.0,53600.0,53600.0,53600.0,44427.8046875,0,0.0,0.0
2026-05-04 00:00:00+07:00,53700.0,54800.0,53300.0,53400.0,44262.03125,1030600,0.0,0.0
2026-05-05 00:00:00+07:00,53100.0,53300.0,52600.0,53000.0,43930.48046875,1564200,0.0,0.0
2026-05-06 00:00:00+07:00,53200.0,56200.0,52800.0,55800.0,46251.3359375,5766700,0.0,0.0
2026-05-07 00:00:00+07:00,54800.0,55800.0,53900.0,53900.0,44676.46875,3649000,0.0,0.0
2026-05-08 00:00:00+07:00,53100.0,54300.0,52200.0,52200.0,43267.37890625,4582900,0.0,0.0
2026-05-11 00:00:00+07:00,52700.0,52700.0,48550.0,48600.0,40283.421875,8962300,0.0,0.0
2026-05-12 00:00:00+07:00,48600.0,50200.0,47200.0,47900.0,39703.20703125,5487500,0.0,0.0
2026-05-13 00:00:00+07:00,49150.0,49900.0,48500.0,49500.0,41029.41015625,1807600,0.0,0.0
2026-05-14 00:00:00+07:00,50000.0,51300.0,49650.0,50800.0,42106.94921875,2002200,0.0,0.0
2026-05-15 00:00:00+07:00,51100.0,51500.0,50000.0,51500.0,42687.1640625,1516300,0.0,0.0
2026-05-18 00:00:00+07:00,51000.0,51900.0,50600.0,51600.0,42770.05078125,1473600,0.0,0.0
2026-05-19 00:00:00+07:00,51600.0,51800.0,49800.0,49900.0,41360.9609375,2749000,0.0,0.0
2026-05-20 00:00:00+07:00,50300.0,50600.0,47000.0,48800.0,40449.1953125,5140400,0.0,0.0
2026-05-21 00:00:00+07:00,48850.0,49050.0,47800.0,48000.0,39786.09375,1717200,0.0,0.0
2026-05-22 00:00:00+07:00,48050.0,49500.0,48050.0,48500.0,40200.53125,1456500,0.0,0.0
2026-05-25 00:00:00+07:00,48600.0,49200.0,48150.0,48500.0,40200.53125,1155200,0.0,0.0
2026-05-26 00:00:00+07:00,48500.0,48600.0,47900.0,47900.0,39703.20703125,967400,0.0,0.0
2026-05-27 00:00:00+07:00,47500.0,47950.0,47500.0,47750.0,39578.875,997100,0.0,0.0
2026-05-28 00:00:00+07:00,48000.0,48000.0,47600.0,47600.0,39454.54296875,1427700,0.0,0.0
2026-05-29 00:00:00+07:00,47600.0,47600.0,46500.0,46500.0,38542.77734375,1951300,0.0,0.0
2026-06-01 00:00:00+07:00,45950.0,45950.0,44850.0,44850.0,37175.1328125,1978600,0.0,0.0
2026-06-02 00:00:00+07:00,45100.0,46600.0,45100.0,45700.0,37879.67578125,648900,0.0,0.0
2026-06-03 00:00:00+07:00,45350.0,46000.0,45350.0,45800.0,37962.56640625,486400,0.0,0.0
2026-06-04 00:00:00+07:00,45900.0,45900.0,45400.0,45400.0,37631.015625,374800,0.0,0.0
2026-06-05 00:00:00+07:00,45400.0,45850.0,45400.0,45850.0,38004.0078125,373600,0.0,0.0
2026-06-08 00:00:00+07:00,45700.0,45700.0,45000.0,45200.0,37465.23828125,596400,0.0,0.0
2026-06-09 00:00:00+07:00,45000.0,45100.0,44850.0,44900.0,37216.57421875,482000,0.0,0.0
2026-06-10 00:00:00+07:00,44850.0,44900.0,44850.0,44850.0,37175.1328125,461300,0.0,0.0
2026-06-11 00:00:00+07:00,44950.0,45150.0,44950.0,45150.0,37423.796875,466600,0.0,0.0
2026-06-12 00:00:00+07:00,45150.0,46000.0,45150.0,45750.0,37921.12109375,594100,0.0,0.0
2026-06-15 00:00:00+07:00,45850.0,47850.0,45850.0,47850.0,39661.76171875,1298400,0.0,0.0
2026-06-16 00:00:00+07:00,49000.0,49000.0,48000.0,48300.0,40034.7578125,664300,0.0,0.0
2026-06-17 00:00:00+07:00,48200.0,48200.0,47750.0,47850.0,39661.76171875,411300,0.0,0.0
2026-06-18 00:00:00+07:00,47800.0,47800.0,47500.0,47800.0,39620.3203125,463000,0.0,0.0
2026-06-19 00:00:00+07:00,47750.0,48400.0,47550.0,48400.0,40117.64453125,499300,0.0,0.0
2026-06-22 00:00:00+07:00,50900.0,51500.0,49350.0,51500.0,42687.1640625,2491500,0.0,0.0
2026-06-23 00:00:00+07:00,52300.0,52900.0,50500.0,50500.0,41858.28515625,1515700,0.0,0.0
2026-06-24 00:00:00+07:00,50300.0,51000.0,50100.0,50400.0,41775.3984375,452700,0.0,0.0
2026-06-25 00:00:00+07:00,50100.0,50100.0,48600.0,48750.0,40407.75390625,1042200,0.0,0.0
2026-06-26 00:00:00+07:00,48500.0,48500.0,47450.0,47750.0,39578.875,931500,0.0,0.0
2026-06-29 00:00:00+07:00,47500.0,48900.0,47500.0,48800.0,40449.1953125,421600,0.0,0.0
2026-06-30 00:00:00+07:00,49000.0,49000.0,47800.0,47800.0,39620.3203125,612800,0.0,0.0
2026-07-01 00:00:00+07:00,49000.0,49000.0,47800.0,47800.0,39620.3203125,612800,0.0,0.0
2026-07-02 00:00:00+07:00,47900.0,48750.0,47900.0,48300.0,40034.7578125,545900,0.0,0.0
2026-07-03 00:00:00+07:00,47650.0,48000.0,47650.0,47700.0,39537.4296875,467900,0.0,0.0
2026-07-06 00:00:00+07:00,47550.0,47700.0,46150.0,46250.0,38335.55859375,669300,0.0,0.0
2026-07-07 00:00:00+07:00,46300.0,46300.0,45500.0,45850.0,38004.0078125,796200,0.0,0.0
2026-07-08 00:00:00+07:00,45850.0,46550.0,45850.0,46550.0,38584.22265625,286700,0.0,0.0
2026-07-09 00:00:00+07:00,45800.0,47100.0,45800.0,46700.0,38708.5546875,277300,0.0,0.0
2026-07-10 00:00:00+07:00,46700.0,46900.0,46200.0,46200.0,38294.1171875,218800,0.0,0.0
2026-07-13 00:00:00+07:00,46200.0,46200.0,45300.0,45300.0,37548.125,451100,0.0,0.0
2026-07-14 00:00:00+07:00,45350.0,45600.0,45200.0,45400.0,37631.015625,348100,0.0,0.0
2026-07-15 00:00:00+07:00,45400.0,45500.0,44850.0,44850.0,37175.1328125,417000,0.0,0.0
2026-07-16 00:00:00+07:00,44850.0,44950.0,44000.0,44800.0,37133.6875,584500,0.0,0.0
2026-07-17 00:00:00+07:00,44950.0,44950.0,44150.0,44800.0,37133.6875,173400,0.0,0.0
2026-07-20 00:00:00+07:00,44650.0,44650.0,43000.0,43000.0,35641.7109375,762200,0.0,0.0
2026-07-21 00:00:00+07:00,43000.0,43550.0,43000.0,43000.0,35641.7109375,550200,0.0,0.0
2026-07-22 00:00:00+07:00,42900.0,42900.0,40500.0,40500.0,33569.515625,1267800,0.0,0.0
2026-07-23 00:00:00+07:00,40950.0,40950.0,37700.0,37950.0,31455.880859375,3864000,0.0,0.0
2026-07-24 00:00:00+07:00,37300.0,37500.0,36050.0,36850.0,30544.1171875,1507400,0.0,0.0
2026-07-27 00:00:00+07:00,36850.0,36850.0,35900.0,36000.0,29839.5703125,820700,0.0,0.0
2026-07-28 00:00:00+07:00,35900.0,37250.0,35850.0,36750.0,30461.228515625,957900,0.0,0.0
2026-07-29 00:00:00+07:00,36950.0,37850.0,36950.0,37850.0,31372.994140625,653400,0.0,0.0
2026-07-30 00:00:00+07:00,38450.0,39050.0,38400.0,39050.0,32367.646484375,764800,0.0,0.0
2026-07-31 00:00:00+07:00,39550.0,39650.0,39000.0,39100.0,32409.08984375,735500,0.0,0.0
2026-08-03 00:00:00+07:00,39200.0,39900.0,39200.0,39400.0,32657.751953125,593500,0.0,0.0
2026-08-04 00:00:00+07:00,39700.0,39800.0,39500.0,39600.0,32823.52734375,336800,0.0,0.0
2026-08-05 00:00:00+07:00,39650.0,40550.0,39650.0,40550.0,33610.9609375,709700,0.0,0.0
2026-08-06 00:00:00+07:00,40650.0,43350.0,40650.0,43350.0,35931.81640625,575200,0.0,0.0
2026-08-07 00:00:00+07:00,45800.0,45800.0,44050.0,44200.0,36636.36328125,802700,0.0,0.0
2026-08-10 00:00:00+07:00,45000.0,45000.0,43500.0,43600.0,36139.03515625,436400,0.0,0.0
2026-08-11 00:00:00+07:00,43650.0,44250.0,43650.0,44100.0,36553.47265625,394100,0.0,0.0
2026-08-12 00:00:00+07:00,44400.0,44400.0,43800.0,43800.0,36304.8125,242100,0.0,0.0
2026-08-13 00:00:00+07:00,44000.0,44400.0,43900.0,43900.0,36387.69921875,429100,0.0,0.0
2026-08-14 00:00:00+07:00,44000.0,44100.0,43200.0,43200.0,35807.484375,454100,0.0,0.0
2026-08-17 00:00:00+07:00,43000.0,43000.0,40700.0,41200.0,34149.73046875,658900,0.0,0.0
2026-08-18 00:00:00+07:00,41300.0,42200.0,41300.0,41800.0,34647.05859375,324700,0.0,0.0
2026-08-19 00:00:00+07:00,41800.0,41900.0,41200.0,41250.0,34191.17578125,180700,0.0,0.0
2026-08-20 00:00:00+07:00,41400.0,41700.0,41250.0,41400.0,34315.5078125,238600,0.0,0.0
2026-08-21 00:00:00+07:00,41600.0,43400.0,41600.0,43050.0,35683.15234375,451600,0.0,0.0
2026-08-24 00:00:00+07:00,44500.0,44650.0,43600.0,43900.0,36387.69921875,482400,0.0,0.0
2026-08-25 00:00:00+07:00,44400.0,44950.0,43900.0,44950.0,37258.01953125,882600,0.0,0.0
2026-08-26 00:00:00+07:00,45500.0,45500.0,44200.0,44400.0,36802.13671875,600600,0.0,0.0
2026-08-27 00:00:00+07:00,45000.0,45000.0,43150.0,43200.0,35807.484375,643200,0.0,0.0
2026-08-28 00:00:00+07:00,43100.0,43100.0,42800.0,43000.0,35641.7109375,1417800,0.0,0.0
2026-08-31 00:00:00+07:00,43000.0,43000.0,43000.0,43000.0,35641.7109375,0,0.0,0.0
