Date,Open,High,Low,Close,Adj Close,Volume,Dividends,Stock Splits
2020-01-01 00:00:00+07:00,74322.609375,74322.609375,74322.609375,74322.609375,57940.34375,0,0.0,0.0
2020-01-02 00:00:00+07:00,74322.609375,75512.40625,74322.609375,75036.484375,58496.86328125,178089,0.0,0.0
2020-01-03 00:00:00+07:00,75036.484375,76464.2421875,75036.484375,75195.125,58620.53515625,276072,0.0,0.0
2020-01-06 00:00:00+07:00,76702.203125,77733.359375,76305.6015625,77574.71875,60475.62109375,543483,0.0,0.0
2020-01-07 00:00:00+07:00,77495.3984375,77495.3984375,76384.921875,77019.484375,60042.765625,180030,0.0,0.0
2020-01-08 00:00:00+07:00,78209.2734375,78526.5546875,76940.1640625,76940.1640625,59980.9375,553783,0.0,0.0
2020-01-09 00:00:00+07:00,76146.9609375,76781.5234375,75195.125,75512.40625,58867.87890625,404665,0.0,0.0
2020-01-10 00:00:00+07:00,75750.3671875,76146.9609375,75353.765625,76067.640625,59300.73046875,202748,0.0,0.0
2020-01-13 00:00:00+07:00,76067.640625,76067.640625,75115.8046875,75591.7265625,58929.7265625,447795,0.0,0.0
2020-01-14 00:00:00+07:00,75512.40625,76146.9609375,75274.4453125,75274.4453125,58682.375,210351,0.0,0.0
2020-01-15 00:00:00+07:00,75353.765625,75353.765625,73846.6875,74560.5703125,58125.84765625,253909,0.0,0.0
2020-01-16 00:00:00+07:00,74560.5703125,74798.53125,73767.3671875,74005.328125,57692.99609375,640937,0.0,0.0
2020-01-17 00:00:00+07:00,74005.328125,74719.2109375,73529.4140625,73926.0078125,57631.16015625,355220,0.0,0.0
2020-01-20 00:00:00+07:00,73926.0078125,74243.2890625,73688.0546875,74084.6484375,57754.83203125,169163,0.0,0.0
2020-01-21 00:00:00+07:00,74084.6484375,75274.4453125,74084.6484375,75274.4453125,58682.375,228139,0.0,0.0
2020-01-22 00:00:00+07:00,75274.4453125,75671.046875,74798.53125,75274.4453125,58682.375,205232,0.0,0.0
2020-01-23 00:00:00+07:00,75274.4453125,75274.4453125,75274.4453125,75274.4453125,58682.375,0,0.0,0.0
2020-01-24 00:00:00+07:00,75274.4453125,75274.4453125,75274.4453125,75274.4453125,58682.375,0,0.0,0.0
2020-01-27 00:00:00+07:00,75274.4453125,75274.4453125,75274.4453125,75274.4453125,58682.375,0,0.0,0.0
2020-01-28 00:00:00+07:00,75274.4453125,75274.4453125,75274.4453125,75274.4453125,58682.375,0,0.0,0.0
2020-01-29 00:00:00+07:00,75274.4453125,75274.4453125,75274.4453125,75274.4453125,58682.375,0,0.0,0.0
2020-01-30 00:00:00+07:00,72180.9765625,74401.9296875,72180.9765625,72974.171875,56889.1328125,478997,0.0,0.0
2020-01-31 00:00:00+07:00,72260.296875,72736.2109375,68214.984375,68611.5859375,53488.1484375,695514,0.0,0.0
2020-02-03 00:00:00+07:00,67421.7890625,68135.671875,63931.72265625,65994.03125,51447.5546875,713542,0.0,0.0
2020-02-04 00:00:00+07:00,67342.46875,67421.7890625,65042.19921875,65042.19921875,50705.53125,474535,0.0,0.0
2020-02-05 00:00:00+07:00,65835.3984375,66628.59375,63931.72265625,64724.91796875,50458.1875,365898,0.0,0.0
2020-02-06 00:00:00+07:00,64724.91796875,68135.671875,64724.91796875,68135.671875,53117.1328125,320058,0.0,0.0
2020-02-07 00:00:00+07:00,68135.671875,69008.1875,67421.7890625,68214.984375,53178.9609375,377497,0.0,0.0
2020-02-10 00:00:00+07:00,67421.7890625,68928.8671875,66628.59375,68849.546875,53673.66015625,356102,0.0,0.0
2020-02-11 00:00:00+07:00,68294.3046875,68849.546875,67739.0703125,67897.7109375,52931.625,297151,0.0,0.0
2020-02-12 00:00:00+07:00,68690.90625,68690.90625,67897.7109375,68214.984375,53178.9609375,221243,0.0,0.0
2020-02-13 00:00:00+07:00,68056.3515625,69880.703125,68056.3515625,69404.78125,54106.5078125,343218,0.0,0.0
2020-02-14 00:00:00+07:00,69404.78125,70515.2578125,69008.1875,70197.984375,54724.8671875,205333,0.0,0.0
2020-02-17 00:00:00+07:00,70197.984375,70832.5390625,69246.1484375,69246.1484375,53982.83203125,226980,0.0,0.0
2020-02-18 00:00:00+07:00,69008.1875,69325.4609375,68056.3515625,68214.984375,53178.9609375,271811,0.0,0.0
2020-02-19 00:00:00+07:00,68214.984375,68294.3046875,67659.75,67659.75,52746.1171875,210275,0.0,0.0
2020-02-20 00:00:00+07:00,69801.3828125,69801.3828125,67580.4296875,67659.75,52746.1171875,249874,0.0,0.0
2020-02-21 00:00:00+07:00,68214.984375,68373.625,67739.0703125,67739.0703125,52807.95703125,216137,0.0,0.0
2020-02-24 00:00:00+07:00,67421.7890625,67421.7890625,66231.9921875,66549.2734375,51880.4140625,438919,0.0,0.0
2020-02-25 00:00:00+07:00,65438.796875,66549.2734375,65438.796875,65835.3984375,51323.88671875,439852,0.0,0.0
2020-02-26 00:00:00+07:00,65438.796875,65438.796875,63138.5234375,63376.484375,49406.97265625,603141,0.0,0.0
2020-02-27 00:00:00+07:00,63297.1640625,63376.484375,61948.7265625,62662.60546875,48850.4453125,452711,0.0,0.0
2020-02-28 00:00:00+07:00,59569.13671875,61790.08984375,59569.13671875,60124.375,46871.6953125,566870,0.0,0.0
2020-03-02 00:00:00+07:00,59965.734375,63059.203125,59807.09375,62662.60546875,48850.4453125,322378,0.0,0.0
2020-03-03 00:00:00+07:00,65756.078125,65756.078125,63455.8046875,63455.8046875,49468.80859375,340974,0.0,0.0
2020-03-05 00:00:00+07:00,61948.7265625,63455.8046875,61948.7265625,61948.7265625,48293.921875,331077,0.0,0.0
2020-03-06 00:00:00+07:00,61869.40625,61948.7265625,61155.53125,61472.80859375,47922.90234375,262809,0.0,0.0
2020-03-09 00:00:00+07:00,57189.54296875,57189.54296875,57189.54296875,57189.54296875,44583.76171875,285338,0.0,0.0
2020-03-10 00:00:00+07:00,53223.5546875,56237.70703125,53223.5546875,54334.03125,42357.66796875,1736452,0.0,0.0
2020-03-11 00:00:00+07:00,55523.828125,56396.34375,50606.00390625,50606.00390625,39451.375,1289502,0.0,0.0
2020-03-12 00:00:00+07:00,47115.93359375,48305.73046875,47115.93359375,47115.93359375,36730.5859375,1048982,0.0,0.0
2020-03-13 00:00:00+07:00,43863.82421875,46402.0546875,43863.82421875,45212.2578125,35246.51953125,1230311,0.0,0.0
2020-03-16 00:00:00+07:00,45053.62109375,47750.4921875,44419.0625,47036.61328125,36668.75390625,837622,0.0,0.0
2020-03-17 00:00:00+07:00,44577.703125,47512.53125,44577.703125,47433.2109375,36977.9375,670110,0.0,0.0
2020-03-18 00:00:00+07:00,47591.8515625,47591.8515625,45846.81640625,46005.45703125,35864.88671875,1401000,0.0,0.0
2020-03-19 00:00:00+07:00,44419.0625,44815.66015625,43546.54296875,43863.82421875,34195.3125,1131849,0.0,0.0
2020-03-20 00:00:00+07:00,45212.2578125,46084.77734375,44419.0625,45926.13671875,35803.046875,710453,0.0,0.0
2020-03-23 00:00:00+07:00,43784.50390625,44419.0625,42753.34765625,42753.34765625,33329.61328125,983185,0.0,0.0
2020-03-24 00:00:00+07:00,44419.0625,44736.33984375,43229.265625,44577.703125,34751.8359375,969934,0.0,0.0
2020-03-25 00:00:00+07:00,47036.61328125,47671.171875,46164.09765625,47671.171875,37163.44140625,1354782,0.0,0.0
2020-03-26 00:00:00+07:00,47591.8515625,47909.1328125,46402.0546875,46560.6953125,36297.73828125,711209,0.0,0.0
2020-03-27 00:00:00+07:00,46560.6953125,46877.97265625,45291.578125,46164.09765625,35988.55859375,610377,0.0,0.0
2020-03-30 00:00:00+07:00,43546.54296875,43943.14453125,43229.265625,43308.5859375,33762.45703125,701073,0.0,0.0
2020-03-31 00:00:00+07:00,45767.49609375,45767.49609375,42832.66796875,43467.2265625,33886.1328125,522618,0.0,0.0
2020-04-01 00:00:00+07:00,43387.90625,45688.1796875,43387.90625,44498.3828125,34690.00390625,728607,0.0,0.0
2020-04-02 00:00:00+07:00,44498.3828125,44498.3828125,44498.3828125,44498.3828125,34690.00390625,0,0.0,0.0
2020-04-03 00:00:00+07:00,47591.8515625,47591.8515625,45608.859375,46957.29296875,36606.9140625,1446499,0.0,0.0
2020-04-06 00:00:00+07:00,49178.24609375,49971.4453125,48385.05078125,49971.4453125,38956.6875,1907834,0.0,0.0
2020-04-07 00:00:00+07:00,50685.32421875,50685.32421875,49019.609375,49892.125,38894.8515625,1191418,0.0,0.0
2020-04-08 00:00:00+07:00,48623.0078125,49812.8046875,48226.41015625,49733.484375,38771.17578125,1096246,0.0,0.0
2020-04-09 00:00:00+07:00,50288.72265625,53144.234375,50050.765625,53144.234375,41430.125,1899627,0.0,0.0
2020-04-10 00:00:00+07:00,52351.0390625,53540.83203125,51557.83984375,53223.5546875,41491.9609375,1190447,0.0,0.0
2020-04-13 00:00:00+07:00,54096.0703125,55127.23046875,53540.83203125,53937.43359375,42048.48828125,1322243,0.0,0.0
2020-04-14 00:00:00+07:00,53144.234375,53382.1953125,51875.1171875,53144.234375,41430.125,1605287,0.0,0.0
2020-04-15 00:00:00+07:00,52192.3984375,53382.1953125,51954.4375,52826.95703125,41182.77734375,813466,0.0,0.0
2020-04-16 00:00:00+07:00,52826.95703125,53937.43359375,52192.3984375,53461.515625,41677.47265625,904440,0.0,0.0
2020-04-17 00:00:00+07:00,53540.83203125,54730.62890625,53540.83203125,53699.47265625,41862.98046875,1023301,0.0,0.0
2020-04-20 00:00:00+07:00,53937.43359375,54730.62890625,53223.5546875,54571.9921875,42543.171875,1547559,0.0,0.0
2020-04-21 00:00:00+07:00,52351.0390625,53302.875,51161.2421875,51161.2421875,39884.2265625,1963029,0.0,0.0
2020-04-22 00:00:00+07:00,48385.05078125,51240.5625,48385.05078125,50368.04296875,39265.8671875,958891,0.0,0.0
2020-04-23 00:00:00+07:00,51557.83984375,52351.0390625,51399.19921875,51637.16015625,40255.23828125,781974,0.0,0.0
2020-04-24 00:00:00+07:00,52192.3984375,52351.0390625,51319.87890625,51637.16015625,40255.23828125,735012,0.0,0.0
2020-04-27 00:00:00+07:00,51637.16015625,52271.71875,50764.640625,50923.28125,39698.7109375,600745,0.0,0.0
2020-04-28 00:00:00+07:00,49654.1640625,50764.640625,49495.52734375,49812.8046875,38833.015625,977827,0.0,0.0
2020-04-29 00:00:00+07:00,49971.4453125,50923.28125,49971.4453125,50288.72265625,39204.03125,786512,0.0,0.0
2020-04-30 00:00:00+07:00,50288.72265625,50288.72265625,50288.72265625,50288.72265625,39204.03125,0,0.0,0.0
2020-05-01 00:00:00+07:00,50288.72265625,50288.72265625,50288.72265625,50288.72265625,39204.03125,0,0.0,0.0
2020-05-04 00:00:00+07:00,51557.83984375,52033.7578125,50447.36328125,50606.00390625,39451.375,517197,0.0,0.0
2020-05-05 00:00:00+07:00,51557.83984375,51954.4375,50764.640625,51954.4375,40502.5859375,823035,0.0,0.0
2020-05-06 00:00:00+07:00,52906.27734375,54571.9921875,52906.27734375,54413.3515625,42419.50390625,1942303,0.0,0.0
2020-05-07 00:00:00+07:00,54413.3515625,55127.23046875,53699.47265625,54492.671875,42481.3359375,889702,0.0,0.0
2020-05-08 00:00:00+07:00,54492.671875,56158.38671875,54492.671875,55206.546875,43037.859375,2144081,0.0,0.0
2020-05-11 00:00:00+07:00,55523.828125,57903.421875,55523.828125,57903.421875,45140.2890625,1367692,0.0,0.0
2020-05-12 00:00:00+07:00,57824.1015625,58696.6171875,56317.0234375,58062.05859375,45263.95703125,1444432,0.0,0.0
2020-05-13 00:00:00+07:00,57903.421875,58617.296875,57110.22265625,57427.5,44769.2734375,1249449,0.0,0.0
2020-05-14 00:00:00+07:00,56792.9453125,57427.5,56475.6640625,56713.625,44212.75,867375,0.0,0.0
2020-05-15 00:00:00+07:00,56713.625,56713.625,56713.625,56713.625,44212.75,0,0.0,0.0
2020-05-18 00:00:00+07:00,56713.625,56713.625,56713.625,56713.625,44212.75,0,0.0,0.0
2020-05-19 00:00:00+07:00,59807.09375,59807.09375,58775.9375,59807.09375,46624.34765625,1443095,0.0,0.0
2020-05-20 00:00:00+07:00,59807.09375,59807.09375,59807.09375,59807.09375,46624.34765625,0,0.0,0.0
2020-05-21 00:00:00+07:00,59093.21484375,59965.734375,58696.6171875,59489.81640625,46377.0078125,1201226,0.0,0.0
2020-05-22 00:00:00+07:00,59410.49609375,59410.49609375,58379.33984375,58617.296875,45696.8125,1238909,0.0,0.0
2020-05-25 00:00:00+07:00,58617.296875,58775.9375,58220.69921875,58458.66015625,45573.13671875,699686,0.0,0.0
2020-05-26 00:00:00+07:00,59093.21484375,59410.49609375,58537.9765625,59410.49609375,46315.17578125,776565,0.0,0.0
2020-05-27 00:00:00+07:00,59886.4140625,60520.97265625,59331.17578125,59489.81640625,46377.0078125,1439086,0.0,0.0
2020-05-28 00:00:00+07:00,59489.81640625,59807.09375,58617.296875,58617.296875,45696.8125,694921,0.0,0.0
2020-05-29 00:00:00+07:00,59093.21484375,59093.21484375,58458.66015625,59013.8984375,46005.9921875,469756,0.0,0.0
2020-06-01 00:00:00+07:00,59410.49609375,60283.01171875,59172.53515625,59727.7734375,46562.51171875,751464,0.0,0.0
2020-06-02 00:00:00+07:00,59727.7734375,61710.76953125,59489.81640625,60600.29296875,47242.7109375,1830905,0.0,0.0
2020-06-03 00:00:00+07:00,61472.80859375,62107.3671875,60838.25,61869.40625,48232.08203125,799246,0.0,0.0
2020-06-04 00:00:00+07:00,61948.7265625,63059.203125,61869.40625,61869.40625,48232.08203125,1069128,0.0,0.0
2020-06-05 00:00:00+07:00,61076.2109375,61869.40625,60679.61328125,61076.2109375,47613.734375,1111110,0.0,0.0
2020-06-08 00:00:00+07:00,61076.2109375,61076.2109375,61076.2109375,61076.2109375,47613.734375,0,0.0,0.0
2020-06-09 00:00:00+07:00,61076.2109375,61076.2109375,61076.2109375,61076.2109375,47613.734375,0,0.0,0.0
2020-06-10 00:00:00+07:00,61869.40625,62186.6875,61472.80859375,61869.40625,48232.08203125,537571,0.0,0.0
2020-06-11 00:00:00+07:00,61472.80859375,61948.7265625,57586.140625,57586.140625,44892.94140625,1577803,0.0,0.0
2020-06-12 00:00:00+07:00,55603.1484375,59410.49609375,55603.1484375,59172.53515625,46129.6640625,1107668,0.0,0.0
2020-06-15 00:00:00+07:00,59172.53515625,59807.09375,57189.54296875,57189.54296875,44583.76171875,699535,0.0,0.0
2020-06-16 00:00:00+07:00,58300.01953125,58300.01953125,57506.8203125,57982.73828125,45202.125,572631,0.0,0.0
2020-06-17 00:00:00+07:00,58300.01953125,58617.296875,57586.140625,57824.1015625,45078.44921875,416415,0.0,0.0
2020-06-18 00:00:00+07:00,57586.140625,57903.421875,57110.22265625,57268.86328125,44645.60546875,400480,0.0,0.0
2020-06-19 00:00:00+07:00,58062.05859375,58141.37890625,57586.140625,57586.140625,44892.94140625,382905,0.0,0.0
2020-06-22 00:00:00+07:00,58062.05859375,58458.66015625,57903.421875,57982.73828125,45202.125,287040,0.0,0.0
2020-06-23 00:00:00+07:00,58062.05859375,58934.578125,57903.421875,58617.296875,45696.8125,440962,0.0,0.0
2020-06-24 00:00:00+07:00,58379.33984375,58855.2578125,57110.22265625,57586.140625,44892.94140625,302724,0.0,0.0
2020-06-25 00:00:00+07:00,57110.22265625,57903.421875,56713.625,57427.5,44769.2734375,422605,0.0,0.0
2020-06-26 00:00:00+07:00,57506.8203125,58062.05859375,57110.22265625,57268.86328125,44645.60546875,407073,0.0,0.0
2020-06-29 00:00:00+07:00,57110.22265625,57110.22265625,55285.8671875,55285.8671875,43099.6953125,720690,0.0,0.0
2020-06-30 00:00:00+07:00,55999.74609375,56713.625,53937.43359375,54730.62890625,42666.84375,578859,0.0,0.0
2020-07-01 00:00:00+07:00,55127.23046875,56317.0234375,54730.62890625,56317.0234375,43903.56640625,488440,0.0,0.0
2020-07-02 00:00:00+07:00,56634.3046875,56713.625,55920.42578125,55920.42578125,43594.38671875,265822,0.0,0.0
2020-07-03 00:00:00+07:00,56634.3046875,56634.3046875,55761.78515625,55761.78515625,43470.71484375,390873,0.0,0.0
2020-07-06 00:00:00+07:00,56951.58203125,57744.78125,56475.6640625,57427.5,44769.2734375,611449,0.0,0.0
2020-07-07 00:00:00+07:00,57903.421875,58934.578125,57427.5,57427.5,44769.2734375,1032542,0.0,0.0
2020-07-08 00:00:00+07:00,57903.421875,58775.9375,57506.8203125,57824.1015625,45078.44921875,673274,0.0,0.0
2020-07-09 00:00:00+07:00,58617.296875,60124.375,58458.66015625,59648.453125,46500.6796875,1487536,0.0,0.0
2020-07-10 00:00:00+07:00,59648.453125,59648.453125,59648.453125,59648.453125,46500.6796875,0,0.0,0.0
2020-07-13 00:00:00+07:00,59489.81640625,59727.7734375,58934.578125,59410.49609375,46315.17578125,746825,0.0,0.0
2020-07-14 00:00:00+07:00,57110.22265625,58300.01953125,57030.90234375,57268.86328125,46834.109375,796762,2776.1914,0.0
2020-07-15 00:00:00+07:00,57268.86328125,57268.86328125,57268.86328125,57268.86328125,46834.109375,0,0.0,0.0
2020-07-16 00:00:00+07:00,57665.4609375,57824.1015625,57268.86328125,57268.86328125,46834.109375,673615,0.0,0.0
2020-07-17 00:00:00+07:00,57268.86328125,57506.8203125,57030.90234375,57030.90234375,46639.5078125,482099,0.0,0.0
2020-07-20 00:00:00+07:00,56475.6640625,56951.58203125,56237.70703125,56237.70703125,45990.8359375,620904,0.0,0.0
2020-07-21 00:00:00+07:00,56237.70703125,56872.26171875,56158.38671875,56317.0234375,46055.703125,333384,0.0,0.0
2020-07-22 00:00:00+07:00,56713.625,56713.625,55603.1484375,55682.46875,45536.765625,433107,0.0,0.0
2020-07-23 00:00:00+07:00,55682.46875,56792.9453125,55682.46875,56396.34375,46120.5703125,793938,0.0,0.0
2020-07-24 00:00:00+07:00,56396.34375,56713.625,53540.83203125,54175.390625,44304.2890625,1479379,0.0,0.0
2020-07-27 00:00:00+07:00,50923.28125,54730.62890625,50606.00390625,50764.640625,41514.99609375,1663746,0.0,0.0
2020-07-28 00:00:00+07:00,52351.0390625,53778.79296875,50764.640625,53778.79296875,43979.953125,861752,0.0,0.0
2020-07-29 00:00:00+07:00,51637.16015625,52826.95703125,50209.40234375,50368.04296875,41190.6640625,980247,0.0,0.0
2020-07-30 00:00:00+07:00,53858.11328125,53858.11328125,51161.2421875,51954.4375,42488.00390625,526602,0.0,0.0
2020-07-31 00:00:00+07:00,51161.2421875,51954.4375,50606.00390625,51954.4375,42488.00390625,396156,0.0,0.0
2020-08-03 00:00:00+07:00,51795.80078125,53540.83203125,51716.48046875,53302.875,43590.75,676023,0.0,0.0
2020-08-04 00:00:00+07:00,54334.03125,54334.03125,53699.47265625,54016.75390625,44174.5546875,488276,0.0,0.0
2020-08-05 00:00:00+07:00,54016.75390625,54651.30859375,53778.79296875,54413.3515625,44498.890625,713630,0.0,0.0
2020-08-06 00:00:00+07:00,54334.03125,55365.1875,54254.7109375,55127.23046875,45082.6953125,807629,0.0,0.0
2020-08-07 00:00:00+07:00,55127.23046875,56079.06640625,54889.26953125,55682.46875,45536.765625,720841,0.0,0.0
2020-08-10 00:00:00+07:00,55761.78515625,56396.34375,55682.46875,55920.42578125,45731.36328125,591643,0.0,0.0
2020-08-11 00:00:00+07:00,55920.42578125,56158.38671875,55285.8671875,55523.828125,45407.03125,694492,0.0,0.0
2020-08-12 00:00:00+07:00,55920.42578125,56792.9453125,55523.828125,56475.6640625,46185.43359375,1227096,0.0,0.0
2020-08-13 00:00:00+07:00,56713.625,57824.1015625,56713.625,57586.140625,47093.578125,1199738,0.0,0.0
2020-08-14 00:00:00+07:00,57110.22265625,57744.78125,56951.58203125,57348.18359375,46898.9765625,1097746,0.0,0.0
2020-08-17 00:00:00+07:00,57110.22265625,57427.5,56475.6640625,57110.22265625,46704.37890625,581053,0.0,0.0
2020-08-18 00:00:00+07:00,57903.421875,57903.421875,56713.625,57030.90234375,46639.5078125,375417,0.0,0.0
2020-08-19 00:00:00+07:00,57110.22265625,57348.18359375,56951.58203125,57189.54296875,46769.2421875,283069,0.0,0.0
2020-08-20 00:00:00+07:00,57030.90234375,57268.86328125,56317.0234375,56317.0234375,46055.703125,560188,0.0,0.0
2020-08-21 00:00:00+07:00,56475.6640625,57189.54296875,56396.34375,57110.22265625,46704.37890625,623678,0.0,0.0
2020-08-24 00:00:00+07:00,57268.86328125,58300.01953125,57268.86328125,57903.421875,47353.046875,805448,0.0,0.0
2020-08-25 00:00:00+07:00,58062.05859375,59093.21484375,58062.05859375,58537.9765625,47871.984375,910996,0.0,0.0
2020-08-26 00:00:00+07:00,58696.6171875,59013.8984375,58300.01953125,58300.01953125,47677.3828125,543635,0.0,0.0
2020-08-27 00:00:00+07:00,58220.69921875,58220.69921875,57506.8203125,57903.421875,47353.046875,631986,0.0,0.0
2020-08-28 00:00:00+07:00,58696.6171875,59489.81640625,57982.73828125,58855.2578125,48131.453125,1275470,0.0,0.0
2020-08-31 00:00:00+07:00,59013.8984375,59489.81640625,58300.01953125,58775.9375,48066.5859375,693332,0.0,0.0
2020-09-01 00:00:00+07:00,58775.9375,59886.4140625,58537.9765625,59807.09375,48909.859375,1064186,0.0,0.0
2020-09-02 00:00:00+07:00,59807.09375,59807.09375,59807.09375,59807.09375,48909.859375,0,0.0,0.0
2020-09-03 00:00:00+07:00,60283.01171875,60441.65234375,59727.7734375,60124.375,49169.328125,740357,0.0,0.0
2020-09-04 00:00:00+07:00,58775.9375,59648.453125,58775.9375,59172.53515625,48390.921875,1181710,0.0,0.0
2020-09-07 00:00:00+07:00,59013.8984375,59013.8984375,57110.22265625,57110.22265625,46704.37890625,1684485,0.0,0.0
2020-09-08 00:00:00+07:00,57110.22265625,58141.37890625,57110.22265625,57110.22265625,46704.37890625,837042,0.0,0.0
2020-09-09 00:00:00+07:00,56317.0234375,57110.22265625,56237.70703125,56872.26171875,46509.76953125,934155,0.0,0.0
2020-09-10 00:00:00+07:00,57506.8203125,57824.1015625,57030.90234375,57110.22265625,46704.37890625,782617,0.0,0.0
2020-09-11 00:00:00+07:00,57110.22265625,57110.22265625,57110.22265625,57110.22265625,46704.37890625,0,0.0,0.0
2020-09-14 00:00:00+07:00,57110.22265625,57506.8203125,56634.3046875,56634.3046875,46315.17578125,702763,0.0,0.0
2020-09-15 00:00:00+07:00,57268.86328125,57348.18359375,56634.3046875,57348.18359375,46898.9765625,917425,0.0,0.0
2020-09-16 00:00:00+07:00,57427.5,57903.421875,57110.22265625,57110.22265625,46704.37890625,445576,0.0,0.0
2020-09-17 00:00:00+07:00,57506.8203125,57744.78125,56872.26171875,56872.26171875,46509.76953125,501943,0.0,0.0
2020-09-18 00:00:00+07:00,57268.86328125,57665.4609375,56792.9453125,57506.8203125,47028.70703125,470525,0.0,0.0
2020-09-21 00:00:00+07:00,57824.1015625,58379.33984375,57189.54296875,57744.78125,47223.3125,1184723,0.0,0.0
2020-09-22 00:00:00+07:00,57506.8203125,57824.1015625,57030.90234375,57030.90234375,46639.5078125,1035794,0.0,0.0
2020-09-23 00:00:00+07:00,57506.8203125,58300.01953125,57268.86328125,57665.4609375,47158.44140625,1037686,0.0,0.0
2020-09-24 00:00:00+07:00,57665.4609375,58537.9765625,57427.5,58300.01953125,47677.3828125,1034622,0.0,0.0
2020-09-25 00:00:00+07:00,58300.01953125,58379.33984375,57586.140625,57982.73828125,47417.9140625,579527,0.0,0.0
2020-09-28 00:00:00+07:00,57982.73828125,58300.01953125,57268.86328125,57268.86328125,46834.109375,525808,0.0,0.0
2020-09-29 00:00:00+07:00,57268.86328125,57903.421875,56713.625,56713.625,46380.03515625,1353004,0.0,0.0
2020-09-30 00:00:00+07:00,56713.625,57110.22265625,56554.984375,56554.984375,46250.30078125,775910,0.0,0.0
2020-10-01 00:00:00+07:00,56713.625,57427.5,56713.625,57427.5,46963.84375,318420,0.0,0.0
2020-10-02 00:00:00+07:00,57427.5,57506.8203125,56396.34375,57030.90234375,46639.5078125,772644,0.0,0.0
2020-10-05 00:00:00+07:00,57030.90234375,57744.78125,56792.9453125,57506.8203125,47028.70703125,888051,0.0,0.0
2020-10-06 00:00:00+07:00,57744.78125,58062.05859375,57427.5,57506.8203125,47028.70703125,962219,0.0,0.0
2020-10-07 00:00:00+07:00,57506.8203125,59727.7734375,57268.86328125,58775.9375,48066.5859375,2892432,0.0,0.0
2020-10-08 00:00:00+07:00,59410.49609375,59648.453125,58775.9375,59172.53515625,48390.921875,976478,0.0,0.0
2020-10-09 00:00:00+07:00,59489.81640625,59489.81640625,58775.9375,58934.578125,48196.3203125,553405,0.0,0.0
2020-10-12 00:00:00+07:00,58934.578125,60758.9296875,58696.6171875,59489.81640625,48650.38671875,2416812,0.0,0.0
2020-10-13 00:00:00+07:00,59569.13671875,60045.0546875,59251.85546875,59489.81640625,48650.38671875,752296,0.0,0.0
2020-10-14 00:00:00+07:00,59886.4140625,60441.65234375,59410.49609375,59648.453125,48780.12109375,1592881,0.0,0.0
2020-10-15 00:00:00+07:00,60283.01171875,60996.890625,59489.81640625,59489.81640625,48650.38671875,1736225,0.0,0.0
2020-10-16 00:00:00+07:00,59489.81640625,60283.01171875,59013.8984375,59807.09375,48909.859375,1375596,0.0,0.0
2020-10-19 00:00:00+07:00,59886.4140625,60283.01171875,58617.296875,58696.6171875,48001.71484375,1508602,0.0,0.0
2020-10-20 00:00:00+07:00,58300.01953125,58696.6171875,57506.8203125,57586.140625,47093.578125,1411186,0.0,0.0
2020-10-21 00:00:00+07:00,57903.421875,58220.69921875,57348.18359375,57348.18359375,46898.9765625,1197709,0.0,0.0
2020-10-22 00:00:00+07:00,57348.18359375,58458.66015625,57030.90234375,58458.66015625,47807.1171875,1003911,0.0,0.0
2020-10-23 00:00:00+07:00,58537.9765625,58855.2578125,58220.69921875,58300.01953125,47677.3828125,764979,0.0,0.0
2020-10-26 00:00:00+07:00,58379.33984375,58696.6171875,57110.22265625,57110.22265625,46704.37890625,819367,0.0,0.0
2020-10-27 00:00:00+07:00,57427.5,57586.140625,57030.90234375,57110.22265625,46704.37890625,823552,0.0,0.0
2020-10-28 00:00:00+07:00,57110.22265625,57665.4609375,56872.26171875,57030.90234375,46639.5078125,978495,0.0,0.0
2020-10-29 00:00:00+07:00,56872.26171875,57268.86328125,56317.0234375,56317.0234375,46055.703125,982920,0.0,0.0
2020-10-30 00:00:00+07:00,57110.22265625,57110.22265625,55523.828125,55841.10546875,45666.5,991417,0.0,0.0
2020-11-02 00:00:00+07:00,55920.42578125,56158.38671875,55047.91015625,55285.8671875,45212.4296875,1168107,0.0,0.0
2020-11-03 00:00:00+07:00,55523.828125,56475.6640625,55444.5078125,55682.46875,45536.765625,1229681,0.0,0.0
2020-11-04 00:00:00+07:00,56237.70703125,57506.8203125,56158.38671875,57030.90234375,46639.5078125,727775,0.0,0.0
2020-11-05 00:00:00+07:00,57110.22265625,57110.22265625,56554.984375,56713.625,46380.03515625,544845,0.0,0.0
2020-11-06 00:00:00+07:00,56634.3046875,56951.58203125,56079.06640625,56158.38671875,45925.97265625,598022,0.0,0.0
2020-11-09 00:00:00+07:00,56317.0234375,56951.58203125,56317.0234375,56634.3046875,46315.17578125,904541,0.0,0.0
2020-11-10 00:00:00+07:00,58379.33984375,58537.9765625,57268.86328125,57268.86328125,46834.109375,1602992,0.0,0.0
2020-11-11 00:00:00+07:00,58141.37890625,58537.9765625,57824.1015625,58062.05859375,47482.78125,2009802,0.0,0.0
2020-11-12 00:00:00+07:00,58300.01953125,58696.6171875,57982.73828125,58220.69921875,47612.51953125,690357,0.0,0.0
2020-11-13 00:00:00+07:00,57982.73828125,58300.01953125,57665.4609375,58300.01953125,47677.3828125,1130613,0.0,0.0
2020-11-16 00:00:00+07:00,58617.296875,58696.6171875,57506.8203125,57506.8203125,47028.70703125,1582896,0.0,0.0
2020-11-17 00:00:00+07:00,57903.421875,59886.4140625,57824.1015625,59886.4140625,48974.7265625,2764254,0.0,0.0
2020-11-18 00:00:00+07:00,59965.734375,63455.8046875,59569.13671875,63455.8046875,51893.74609375,4350416,0.0,0.0
2020-11-19 00:00:00+07:00,63773.08203125,66866.5546875,63773.08203125,65121.51953125,53255.96484375,2878677,0.0,0.0
2020-11-20 00:00:00+07:00,64645.59765625,65200.8359375,64169.6796875,64883.55859375,53061.359375,1522672,0.0,0.0
2020-11-23 00:00:00+07:00,65121.51953125,66231.9921875,64407.640625,66231.9921875,54164.1015625,2264353,0.0,0.0
2020-11-24 00:00:00+07:00,66231.9921875,66469.953125,64249.0,65438.796875,53515.4296875,2299868,0.0,0.0
2020-11-25 00:00:00+07:00,66311.3125,66390.6328125,65597.4375,65597.4375,53645.16015625,1800976,0.0,0.0
2020-11-26 00:00:00+07:00,65438.796875,66152.671875,64804.23828125,66073.3515625,54034.36328125,1386186,0.0,0.0
2020-11-27 00:00:00+07:00,66231.9921875,66231.9921875,65597.4375,66231.9921875,54164.1015625,1195074,0.0,0.0
2020-11-30 00:00:00+07:00,66311.3125,68294.3046875,66231.9921875,66231.9921875,54164.1015625,1680123,0.0,0.0
2020-12-01 00:00:00+07:00,65042.19921875,67183.828125,64883.55859375,66231.9921875,54164.1015625,1680413,0.0,0.0
2020-12-02 00:00:00+07:00,66231.9921875,67025.1953125,65597.4375,66628.59375,54488.43359375,1240182,0.0,0.0
2020-12-03 00:00:00+07:00,66628.59375,67342.46875,66231.9921875,67025.1953125,54812.7734375,1234055,0.0,0.0
2020-12-04 00:00:00+07:00,67421.7890625,68532.265625,67025.1953125,67818.390625,55461.44140625,1894698,0.0,0.0
2020-12-07 00:00:00+07:00,67977.03125,68532.265625,67501.109375,68452.9453125,55980.37890625,1752552,0.0,0.0
2020-12-08 00:00:00+07:00,68611.5859375,68611.5859375,67818.390625,68294.3046875,55850.6484375,1437901,0.0,0.0
2020-12-09 00:00:00+07:00,68214.984375,69484.1015625,67818.390625,68294.3046875,55850.6484375,1431156,0.0,0.0
2020-12-10 00:00:00+07:00,68294.3046875,68532.265625,66945.875,66945.875,54747.90625,1369003,0.0,0.0
2020-12-11 00:00:00+07:00,67897.7109375,68294.3046875,67183.828125,68294.3046875,55850.6484375,1152953,0.0,0.0
2020-12-14 00:00:00+07:00,68294.3046875,69166.828125,68056.3515625,69008.1875,56434.453125,1084320,0.0,0.0
2020-12-15 00:00:00+07:00,68611.5859375,68928.8671875,67580.4296875,67739.0703125,55396.578125,1381030,0.0,0.0
2020-12-16 00:00:00+07:00,68214.984375,68532.265625,67501.109375,68056.3515625,55656.05078125,975557,0.0,0.0
2020-12-17 00:00:00+07:00,67580.4296875,67897.7109375,66707.9140625,66707.9140625,54553.30859375,2324805,0.0,0.0
2020-12-18 00:00:00+07:00,66707.9140625,67501.109375,66707.9140625,67342.46875,55072.2421875,744619,0.0,0.0
2020-12-21 00:00:00+07:00,67580.4296875,68532.265625,67104.5078125,68452.9453125,55980.37890625,1634548,0.0,0.0
2020-12-22 00:00:00+07:00,67818.390625,68214.984375,67104.5078125,67659.75,55331.7109375,1146952,0.0,0.0
2020-12-23 00:00:00+07:00,67501.109375,68056.3515625,67104.5078125,67183.828125,54942.50390625,694908,0.0,0.0
2020-12-24 00:00:00+07:00,67421.7890625,67739.0703125,65042.19921875,66549.2734375,54423.5703125,1579833,0.0,0.0
2020-12-25 00:00:00+07:00,66469.953125,67183.828125,65438.796875,66787.234375,54618.171875,778255,0.0,0.0
2020-12-28 00:00:00+07:00,67421.7890625,70277.3046875,66866.5546875,68928.8671875,56369.5859375,2996769,0.0,0.0
2020-12-29 00:00:00+07:00,69008.1875,69801.3828125,68214.984375,69087.5078125,56499.32421875,618786,0.0,0.0
2020-12-30 00:00:00+07:00,69087.5078125,69404.78125,68849.546875,68928.8671875,56369.5859375,848262,0.0,0.0
2020-12-31 00:00:00+07:00,69008.1875,69087.5078125,68373.625,68690.90625,56174.984375,1206950,0.0,0.0
2021-01-01 00:00:00+07:00,68690.90625,68690.90625,68690.90625,68690.90625,56174.984375,0,0.0,0.0
2021-01-04 00:00:00+07:00,69722.0625,70911.859375,69087.5078125,70435.9375,57602.05859375,171785,0.0,0.0
2021-01-05 00:00:00+07:00,69801.3828125,71546.4140625,68690.90625,71387.78125,58380.47265625,159191,0.0,0.0
2021-01-06 00:00:00+07:00,72180.9765625,72894.8515625,71387.78125,71705.0546875,58639.93359375,146483,0.0,0.0
2021-01-07 00:00:00+07:00,72180.9765625,73608.734375,70753.21875,73529.4140625,60131.87890625,182375,0.0,0.0
2021-01-08 00:00:00+07:00,73529.4140625,74005.328125,72736.2109375,73529.4140625,60131.87890625,117839,0.0,0.0
2021-01-11 00:00:00+07:00,73767.3671875,75115.8046875,73529.4140625,74005.328125,60521.0859375,93747,0.0,0.0
2021-01-12 00:00:00+07:00,74005.328125,74481.25,72974.171875,74243.2890625,60715.6875,119654,0.0,0.0
2021-01-13 00:00:00+07:00,75036.484375,75036.484375,73529.4140625,73767.3671875,60326.48046875,137620,0.0,0.0
2021-01-14 00:00:00+07:00,73450.09375,73767.3671875,72577.578125,73053.4921875,59742.6796875,97705,0.0,0.0
2021-01-15 00:00:00+07:00,73767.3671875,74005.328125,71784.375,72656.890625,59418.33984375,222769,0.0,0.0
2021-01-18 00:00:00+07:00,72974.171875,72974.171875,71308.4609375,71863.6953125,58769.66796875,122541,0.0,0.0
2021-01-19 00:00:00+07:00,71863.6953125,71863.6953125,66866.5546875,67421.7890625,55137.10546875,146041,0.0,0.0
2021-01-20 00:00:00+07:00,68214.984375,68611.5859375,63614.44140625,68611.5859375,56110.11328125,128921,0.0,0.0
2021-01-21 00:00:00+07:00,69404.78125,69722.0625,68611.5859375,69404.78125,56758.78515625,121835,0.0,0.0
2021-01-22 00:00:00+07:00,69404.78125,69801.3828125,68532.265625,68690.90625,56174.984375,133913,0.0,0.0
2021-01-25 00:00:00+07:00,68452.9453125,68770.2265625,67104.5078125,67183.828125,54942.50390625,154488,0.0,0.0
2021-01-26 00:00:00+07:00,67263.1484375,67263.1484375,64249.0,66073.3515625,54034.36328125,167562,0.0,0.0
2021-01-27 00:00:00+07:00,66073.3515625,66073.3515625,62662.60546875,62662.60546875,51245.07421875,118621,0.0,0.0
2021-01-28 00:00:00+07:00,58696.6171875,61869.40625,58300.01953125,58300.01953125,47677.3828125,197920,0.0,0.0
2021-01-29 00:00:00+07:00,58300.01953125,61869.40625,57506.8203125,60520.97265625,49493.66015625,113792,0.0,0.0
2021-02-01 00:00:00+07:00,60917.5703125,61631.44921875,59093.21484375,59648.453125,48780.12109375,84506,0.0,0.0
2021-02-02 00:00:00+07:00,59648.453125,61076.2109375,59331.17578125,60679.61328125,49623.3984375,117763,0.0,0.0
2021-02-03 00:00:00+07:00,62266.0078125,63455.8046875,61869.40625,63455.8046875,51893.74609375,110249,0.0,0.0
2021-02-04 00:00:00+07:00,64249.0,64804.23828125,63297.1640625,64249.0,52542.41796875,99697,0.0,0.0
2021-02-05 00:00:00+07:00,65200.8359375,65835.3984375,64407.640625,64407.640625,52672.15625,100731,0.0,0.0
2021-02-08 00:00:00+07:00,65676.7578125,65756.078125,61155.53125,62662.60546875,51245.07421875,213704,0.0,0.0
2021-02-09 00:00:00+07:00,62662.60546875,62662.60546875,62662.60546875,62662.60546875,51245.07421875,0,0.0,0.0
2021-02-10 00:00:00+07:00,62662.60546875,62662.60546875,62662.60546875,62662.60546875,51245.07421875,0,0.0,0.0
2021-02-11 00:00:00+07:00,62662.60546875,62662.60546875,62662.60546875,62662.60546875,51245.07421875,0,0.0,0.0
2021-02-12 00:00:00+07:00,62662.60546875,62662.60546875,62662.60546875,62662.60546875,51245.07421875,0,0.0,0.0
2021-02-15 00:00:00+07:00,62662.60546875,62662.60546875,62662.60546875,62662.60546875,51245.07421875,0,0.0,0.0
2021-02-16 00:00:00+07:00,62662.60546875,62662.60546875,62662.60546875,62662.60546875,51245.07421875,0,0.0,0.0
2021-02-17 00:00:00+07:00,67421.7890625,68928.8671875,66231.9921875,68928.8671875,56369.5859375,242449,0.0,0.0
2021-02-18 00:00:00+07:00,70515.2578125,71784.375,69246.1484375,71467.1015625,58445.33984375,284884,0.0,0.0
2021-02-19 00:00:00+07:00,69801.3828125,70991.1796875,69801.3828125,70515.2578125,57666.92578125,143053,0.0,0.0
2021-02-22 00:00:00+07:00,69801.3828125,70753.21875,69087.5078125,69960.0234375,57212.859375,145802,0.0,0.0
2021-02-23 00:00:00+07:00,71387.78125,71625.734375,70277.3046875,70911.859375,57991.26171875,194932,0.0,0.0
2021-02-24 00:00:00+07:00,70911.859375,70911.859375,70911.859375,70911.859375,57991.26171875,0,0.0,0.0
2021-02-25 00:00:00+07:00,70594.578125,70911.859375,69960.0234375,70753.21875,57861.52734375,172214,0.0,0.0
2021-02-26 00:00:00+07:00,69166.828125,70832.5390625,69166.828125,70832.5390625,57926.3984375,110048,0.0,0.0
2021-03-01 00:00:00+07:00,71625.734375,72894.8515625,70911.859375,72894.8515625,59612.9453125,209418,0.0,0.0
2021-03-02 00:00:00+07:00,72974.171875,74163.96875,72180.9765625,72180.9765625,59029.13671875,174824,0.0,0.0
2021-03-03 00:00:00+07:00,72180.9765625,72577.578125,71546.4140625,72180.9765625,59029.13671875,87859,0.0,0.0
2021-03-04 00:00:00+07:00,72339.6171875,72974.171875,70594.578125,72101.65625,58964.27734375,167058,0.0,0.0
2021-03-05 00:00:00+07:00,73132.8125,74322.609375,71784.375,73370.7734375,60002.15234375,185224,0.0,0.0
2021-03-08 00:00:00+07:00,75353.765625,76146.9609375,74322.609375,75353.765625,61623.82421875,207892,0.0,0.0
2021-03-09 00:00:00+07:00,75195.125,75195.125,72180.9765625,74322.609375,60780.55859375,87758,0.0,0.0
2021-03-10 00:00:00+07:00,73846.6875,73846.6875,72180.9765625,72974.171875,59677.80859375,125517,0.0,0.0
2021-03-11 00:00:00+07:00,73767.3671875,73767.3671875,72974.171875,73529.4140625,60131.87890625,42511,0.0,0.0
2021-03-12 00:00:00+07:00,73767.3671875,73767.3671875,72101.65625,72260.296875,59094.0078125,50227,0.0,0.0
2021-03-15 00:00:00+07:00,72577.578125,72974.171875,72260.296875,72260.296875,59094.0078125,50201,0.0,0.0
2021-03-16 00:00:00+07:00,72260.296875,72577.578125,71149.8203125,71625.734375,58575.0625,112632,0.0,0.0
2021-03-17 00:00:00+07:00,71705.0546875,75353.765625,71070.5,73608.734375,60196.75,100693,0.0,0.0
2021-03-18 00:00:00+07:00,73688.0546875,73767.3671875,72577.578125,72815.53125,59548.07421875,34846,0.0,0.0
2021-03-19 00:00:00+07:00,71784.375,72101.65625,71149.8203125,72101.65625,58964.27734375,121886,0.0,0.0
2021-03-22 00:00:00+07:00,72180.9765625,72656.890625,71387.78125,71784.375,58704.8046875,64410,0.0,0.0
2021-03-23 00:00:00+07:00,71387.78125,72974.171875,71308.4609375,72815.53125,59548.07421875,71041,0.0,0.0
2021-03-24 00:00:00+07:00,70594.578125,71467.1015625,70435.9375,71467.1015625,58445.33984375,91906,0.0,0.0
2021-03-25 00:00:00+07:00,71467.1015625,72815.53125,70594.578125,71625.734375,58575.0625,80143,0.0,0.0
2021-03-26 00:00:00+07:00,70832.5390625,70991.1796875,68214.984375,70753.21875,57861.52734375,47289,0.0,0.0
2021-03-29 00:00:00+07:00,71387.78125,71784.375,70594.578125,70991.1796875,58056.1328125,32513,0.0,0.0
2021-03-30 00:00:00+07:00,70991.1796875,71387.78125,70594.578125,71070.5,58121.0,74130,0.0,0.0
2021-03-31 00:00:00+07:00,70753.21875,71943.015625,70594.578125,71149.8203125,58185.8671875,79463,0.0,0.0
2021-04-01 00:00:00+07:00,71229.140625,71863.6953125,71070.5,71863.6953125,58769.66796875,79690,0.0,0.0
2021-04-02 00:00:00+07:00,72418.9375,72736.2109375,71625.734375,71625.734375,58575.0625,119907,0.0,0.0
2021-04-05 00:00:00+07:00,71784.375,72339.6171875,70911.859375,70911.859375,57991.26171875,91213,0.0,0.0
2021-04-06 00:00:00+07:00,70832.5390625,71229.140625,70594.578125,71149.8203125,58185.8671875,85073,0.0,0.0
2021-04-07 00:00:00+07:00,71308.4609375,72180.9765625,70594.578125,70673.8984375,57796.66015625,151437,0.0,0.0
2021-04-08 00:00:00+07:00,71387.78125,71387.78125,70515.2578125,70594.578125,57731.79296875,86321,0.0,0.0
2021-04-09 00:00:00+07:00,70594.578125,71308.4609375,70197.984375,70435.9375,57602.05859375,47806,0.0,0.0
2021-04-12 00:00:00+07:00,70594.578125,70673.8984375,68849.546875,69722.0625,57018.25390625,241037,0.0,0.0
2021-04-13 00:00:00+07:00,69484.1015625,69722.0625,67977.03125,68214.984375,55785.77734375,171281,0.0,0.0
2021-04-14 00:00:00+07:00,68214.984375,69642.7421875,67818.390625,68611.5859375,56110.11328125,93507,0.0,0.0
2021-04-15 00:00:00+07:00,69642.7421875,70039.34375,67818.390625,68214.984375,55785.77734375,185502,0.0,0.0
2021-04-16 00:00:00+07:00,68214.984375,69008.1875,67818.390625,68214.984375,55785.77734375,74420,0.0,0.0
2021-04-19 00:00:00+07:00,68214.984375,69166.828125,67897.7109375,69166.828125,56564.19140625,72781,0.0,0.0
2021-04-20 00:00:00+07:00,69404.78125,70594.578125,69087.5078125,69801.3828125,57083.12109375,177824,0.0,0.0
2021-04-21 00:00:00+07:00,69801.3828125,69801.3828125,69801.3828125,69801.3828125,57083.12109375,0,0.0,0.0
2021-04-22 00:00:00+07:00,69801.3828125,69801.3828125,68056.3515625,68056.3515625,55656.05078125,138880,0.0,0.0
2021-04-23 00:00:00+07:00,67977.03125,68214.984375,66628.59375,68214.984375,55785.77734375,107110,0.0,0.0
2021-04-26 00:00:00+07:00,67897.7109375,67897.7109375,64645.59765625,64645.59765625,52866.75390625,135161,0.0,0.0
2021-04-27 00:00:00+07:00,64645.59765625,65042.19921875,63614.44140625,64645.59765625,52866.75390625,99735,0.0,0.0
2021-04-28 00:00:00+07:00,64645.59765625,65438.796875,64328.3203125,64962.87890625,53126.23046875,79664,0.0,0.0
2021-04-29 00:00:00+07:00,65835.3984375,66311.3125,65280.15625,66231.9921875,54164.1015625,78719,0.0,0.0
2021-04-30 00:00:00+07:00,66231.9921875,66231.9921875,66231.9921875,66231.9921875,54164.1015625,0,0.0,0.0
2021-05-03 00:00:00+07:00,66231.9921875,66231.9921875,66231.9921875,66231.9921875,54164.1015625,0,0.0,0.0
2021-05-04 00:00:00+07:00,65835.3984375,66073.3515625,65042.19921875,66073.3515625,54034.36328125,117322,0.0,0.0
2021-05-05 00:00:00+07:00,67025.1953125,68214.984375,66628.59375,67818.390625,55461.44140625,115961,0.0,0.0
2021-05-06 00:00:00+07:00,68056.3515625,68056.3515625,66945.875,67342.46875,55072.2421875,114889,0.0,0.0
2021-05-07 00:00:00+07:00,66628.59375,67342.46875,65042.19921875,66628.59375,54488.43359375,108031,0.0,0.0
2021-05-10 00:00:00+07:00,66231.9921875,68214.984375,65835.3984375,68214.984375,55785.77734375,96306,0.0,0.0
2021-05-11 00:00:00+07:00,67977.03125,68294.3046875,67421.7890625,67659.75,55331.7109375,93015,0.0,0.0
2021-05-12 00:00:00+07:00,67818.390625,68532.265625,67501.109375,68532.265625,56045.24609375,77685,0.0,0.0
2021-05-13 00:00:00+07:00,68532.265625,68690.90625,67818.390625,67897.7109375,55526.3125,69238,0.0,0.0
2021-05-14 00:00:00+07:00,67501.109375,67897.7109375,66231.9921875,66707.9140625,54553.30859375,104110,0.0,0.0
2021-05-17 00:00:00+07:00,67421.7890625,67421.7890625,65200.8359375,65438.796875,53515.4296875,131026,0.0,0.0
2021-05-18 00:00:00+07:00,65676.7578125,65835.3984375,64486.9609375,65042.19921875,53191.08984375,138187,0.0,0.0
2021-05-19 00:00:00+07:00,65042.19921875,65835.3984375,64645.59765625,64724.91796875,52931.62109375,37758,0.0,0.0
2021-05-20 00:00:00+07:00,64883.55859375,64883.55859375,63693.76171875,64090.359375,52412.6875,90065,0.0,0.0
2021-05-21 00:00:00+07:00,63455.8046875,64883.55859375,63297.1640625,64249.0,52542.41796875,75239,0.0,0.0
2021-05-24 00:00:00+07:00,64724.91796875,65438.796875,64486.9609375,65042.19921875,53191.08984375,63615,0.0,0.0
2021-05-25 00:00:00+07:00,65438.796875,65994.03125,65121.51953125,65756.078125,53774.90234375,74975,0.0,0.0
2021-05-26 00:00:00+07:00,65200.8359375,65597.4375,64962.87890625,64962.87890625,53126.23046875,52244,0.0,0.0
2021-05-27 00:00:00+07:00,64804.23828125,65042.19921875,63455.8046875,63535.12109375,51958.6171875,86674,0.0,0.0
2021-05-28 00:00:00+07:00,64328.3203125,65359.4765625,63852.40234375,65042.19921875,53191.08984375,82627,0.0,0.0
2021-05-31 00:00:00+07:00,64962.87890625,65597.4375,64090.359375,65518.1171875,53580.29296875,107627,0.0,0.0
2021-06-01 00:00:00+07:00,67342.46875,67342.46875,66311.3125,66390.6328125,54293.8359375,127773,0.0,0.0
2021-06-02 00:00:00+07:00,66866.5546875,69404.78125,66628.59375,69325.4609375,56693.91796875,249811,0.0,0.0
2021-06-03 00:00:00+07:00,70594.578125,70594.578125,69801.3828125,70039.34375,57277.7265625,159241,0.0,0.0
2021-06-04 00:00:00+07:00,69642.7421875,72815.53125,67421.7890625,72498.2578125,59288.60546875,271584,0.0,0.0
2021-06-07 00:00:00+07:00,72894.8515625,73053.4921875,68214.984375,71943.015625,58834.53515625,2039088,0.0,0.0
2021-06-08 00:00:00+07:00,71943.015625,71943.015625,71943.015625,71943.015625,58834.53515625,0,0.0,0.0
2021-06-09 00:00:00+07:00,70118.6640625,70594.578125,68294.3046875,69325.4609375,56693.91796875,1092539,0.0,0.0
2021-06-10 00:00:00+07:00,68611.5859375,69166.828125,67818.390625,68294.3046875,55850.6484375,1306231,0.0,0.0
2021-06-11 00:00:00+07:00,69008.1875,69246.1484375,68373.625,69008.1875,56434.453125,492563,0.0,0.0
2021-06-14 00:00:00+07:00,70594.578125,71705.0546875,69801.3828125,70991.1796875,58056.1328125,2074136,0.0,0.0
2021-06-15 00:00:00+07:00,70991.1796875,71229.140625,70197.984375,70356.625,57537.1953125,691630,0.0,0.0
2021-06-16 00:00:00+07:00,71229.140625,73370.7734375,70991.1796875,72894.8515625,59612.9453125,2710674,0.0,0.0
2021-06-17 00:00:00+07:00,72101.65625,74957.1640625,71784.375,74481.25,60910.2890625,2098720,0.0,0.0
2021-06-18 00:00:00+07:00,74322.609375,74401.9296875,73370.7734375,73529.4140625,60131.87890625,949448,0.0,0.0
2021-06-21 00:00:00+07:00,73846.6875,76146.9609375,73450.09375,73767.3671875,60326.48046875,1219620,0.0,0.0
2021-06-22 00:00:00+07:00,74957.1640625,75512.40625,74163.96875,75274.4453125,61558.95703125,1605022,0.0,0.0
2021-06-23 00:00:00+07:00,75195.125,75512.40625,73608.734375,74481.25,60910.2890625,1143725,0.0,0.0
2021-06-24 00:00:00+07:00,74560.5703125,76702.203125,74481.25,75988.3203125,62142.76171875,1711553,0.0,0.0
2021-06-25 00:00:00+07:00,76146.9609375,77733.359375,75433.0859375,77733.359375,63569.84375,1940500,0.0,0.0
2021-06-28 00:00:00+07:00,76781.5234375,76860.84375,70515.2578125,75353.765625,63569.83984375,1095187,2379.5925,0.0
2021-06-29 00:00:00+07:00,74560.5703125,74957.1640625,73053.4921875,73767.3671875,62231.52734375,996725,0.0,0.0
2021-06-30 00:00:00+07:00,73767.3671875,74877.84375,72577.578125,73767.3671875,62231.52734375,1060769,0.0,0.0
2021-07-01 00:00:00+07:00,74163.96875,74719.2109375,73370.7734375,74719.2109375,63034.515625,1239918,0.0,0.0
2021-07-02 00:00:00+07:00,75512.40625,77336.7578125,75433.0859375,76622.8828125,64640.4921875,2329558,0.0,0.0
2021-07-05 00:00:00+07:00,76622.8828125,76622.8828125,76622.8828125,76622.8828125,64640.4921875,0,0.0,0.0
2021-07-06 00:00:00+07:00,76622.8828125,76622.8828125,76622.8828125,76622.8828125,64640.4921875,0,0.0,0.0
2021-07-07 00:00:00+07:00,76622.8828125,76622.8828125,76622.8828125,76622.8828125,64640.4921875,0,0.0,0.0
2021-07-08 00:00:00+07:00,76622.8828125,76622.8828125,76622.8828125,76622.8828125,64640.4921875,0,0.0,0.0
2021-07-09 00:00:00+07:00,72736.2109375,75274.4453125,71625.734375,72736.2109375,61361.625,1361577,0.0,0.0
2021-07-12 00:00:00+07:00,72736.2109375,72736.2109375,72736.2109375,72736.2109375,61361.625,0,0.0,0.0
2021-07-13 00:00:00+07:00,72022.3359375,73688.0546875,70673.8984375,72577.578125,61227.796875,732856,0.0,0.0
2021-07-14 00:00:00+07:00,72577.578125,72577.578125,72577.578125,72577.578125,61227.796875,0,0.0,0.0
2021-07-15 00:00:00+07:00,71784.375,72577.578125,71387.78125,71784.375,60558.640625,622795,0.0,0.0
2021-07-16 00:00:00+07:00,71784.375,71784.375,71784.375,71784.375,60558.640625,0,0.0,0.0
2021-07-19 00:00:00+07:00,69404.78125,70594.578125,68770.2265625,68770.2265625,58015.83984375,886538,0.0,0.0
2021-07-20 00:00:00+07:00,68294.3046875,71070.5,67421.7890625,70594.578125,59554.90234375,838504,0.0,0.0
2021-07-21 00:00:00+07:00,71387.78125,71387.78125,68849.546875,69325.4609375,58484.25,717601,0.0,0.0
2021-07-22 00:00:00+07:00,70197.984375,71546.4140625,69325.4609375,70911.859375,59822.5625,614853,0.0,0.0
2021-07-23 00:00:00+07:00,70832.5390625,71308.4609375,69801.3828125,69801.3828125,58885.74609375,449320,0.0,0.0
2021-07-26 00:00:00+07:00,69642.7421875,71070.5,68770.2265625,70039.34375,59086.49609375,774712,0.0,0.0
2021-07-27 00:00:00+07:00,71387.78125,71863.6953125,70197.984375,70594.578125,59554.90234375,1106786,0.0,0.0
2021-07-28 00:00:00+07:00,70594.578125,71784.375,70594.578125,70673.8984375,59621.81640625,406203,0.0,0.0
2021-07-29 00:00:00+07:00,71308.4609375,71387.78125,70515.2578125,70991.1796875,59889.484375,635781,0.0,0.0
2021-07-30 00:00:00+07:00,71387.78125,71943.015625,70991.1796875,71070.5,59956.3984375,668433,0.0,0.0
2021-08-02 00:00:00+07:00,72180.9765625,75115.8046875,71863.6953125,74163.96875,62566.10546875,197630467,0.0,0.0
2021-08-03 00:00:00+07:00,74163.96875,74243.2890625,72894.8515625,73767.3671875,62231.52734375,1228823,0.0,0.0
2021-08-04 00:00:00+07:00,73767.3671875,73767.3671875,73767.3671875,73767.3671875,62231.52734375,0,0.0,0.0
2021-08-05 00:00:00+07:00,74243.2890625,74481.25,73370.7734375,74401.9296875,62766.85546875,800052,0.0,0.0
2021-08-06 00:00:00+07:00,74401.9296875,75036.484375,73132.8125,73291.453125,61830.04296875,1650534,0.0,0.0
2021-08-09 00:00:00+07:00,72974.171875,74163.96875,72180.9765625,73767.3671875,62231.52734375,1330059,0.0,0.0
2021-08-10 00:00:00+07:00,73767.3671875,73767.3671875,73767.3671875,73767.3671875,62231.52734375,0,0.0,0.0
2021-08-11 00:00:00+07:00,76940.1640625,78447.234375,75512.40625,75750.3671875,63904.41796875,1900913,0.0,0.0
2021-08-12 00:00:00+07:00,74957.1640625,75750.3671875,74957.1640625,74957.1640625,63235.265625,916669,0.0,0.0
2021-08-13 00:00:00+07:00,74639.890625,74719.2109375,72656.890625,73767.3671875,62231.52734375,1653812,0.0,0.0
2021-08-16 00:00:00+07:00,73370.7734375,75353.765625,72974.171875,74719.2109375,63034.515625,1399651,0.0,0.0
2021-08-17 00:00:00+07:00,74719.2109375,74719.2109375,74719.2109375,74719.2109375,63034.515625,0,0.0,0.0
2021-08-18 00:00:00+07:00,73291.453125,73767.3671875,73053.4921875,73450.09375,61963.86328125,658474,0.0,0.0
2021-08-19 00:00:00+07:00,73370.7734375,73370.7734375,71149.8203125,72101.65625,60826.3046875,3010851,0.0,0.0
2021-08-20 00:00:00+07:00,71387.78125,71784.375,69166.828125,69404.78125,58551.16796875,3487529,0.0,0.0
2021-08-23 00:00:00+07:00,69404.78125,70197.984375,68056.3515625,68056.3515625,57413.609375,1460796,0.0,0.0
2021-08-24 00:00:00+07:00,69008.1875,69246.1484375,67421.7890625,68214.984375,57547.43359375,1363846,0.0,0.0
2021-08-25 00:00:00+07:00,68294.3046875,69246.1484375,68214.984375,69246.1484375,58417.33984375,702599,0.0,0.0
2021-08-26 00:00:00+07:00,69563.421875,69563.421875,68294.3046875,68452.9453125,57748.1796875,867123,0.0,0.0
2021-08-27 00:00:00+07:00,68452.9453125,69087.5078125,68214.984375,69008.1875,58216.59375,1169317,0.0,0.0
2021-08-30 00:00:00+07:00,70118.6640625,70197.984375,69166.828125,69404.78125,58551.16796875,999877,0.0,0.0
2021-08-31 00:00:00+07:00,69801.3828125,70911.859375,69484.1015625,70911.859375,59822.5625,1107920,0.0,0.0
2021-09-01 00:00:00+07:00,70753.21875,70911.859375,70277.3046875,70277.3046875,59287.24609375,675871,0.0,0.0
2021-09-02 00:00:00+07:00,70277.3046875,70277.3046875,70277.3046875,70277.3046875,59287.24609375,0,0.0,0.0
2021-09-03 00:00:00+07:00,70277.3046875,70277.3046875,70277.3046875,70277.3046875,59287.24609375,0,0.0,0.0
2021-09-06 00:00:00+07:00,70991.1796875,71784.375,70753.21875,71705.0546875,60491.71875,1094431,0.0,0.0
2021-09-07 00:00:00+07:00,71784.375,71863.6953125,70356.625,70356.625,59354.16015625,907844,0.0,0.0
2021-09-08 00:00:00+07:00,70356.625,70356.625,70356.625,70356.625,59354.16015625,0,0.0,0.0
2021-09-09 00:00:00+07:00,70118.6640625,70673.8984375,69880.703125,70277.3046875,59287.24609375,560390,0.0,0.0
2021-09-10 00:00:00+07:00,70197.984375,70832.5390625,70197.984375,70277.3046875,59287.24609375,530889,0.0,0.0
2021-09-13 00:00:00+07:00,71229.140625,71229.140625,70277.3046875,70277.3046875,59287.24609375,773325,0.0,0.0
2021-09-14 00:00:00+07:00,71070.5,71467.1015625,70435.9375,70594.578125,59554.90234375,843547,0.0,0.0
2021-09-15 00:00:00+07:00,70991.1796875,73212.1328125,70197.984375,72577.578125,61227.796875,1738911,0.0,0.0
2021-09-16 00:00:00+07:00,72974.171875,73608.734375,72894.8515625,73450.09375,61963.86328125,1237648,0.0,0.0
2021-09-17 00:00:00+07:00,73132.8125,73608.734375,72736.2109375,72894.8515625,61495.45703125,1051440,0.0,0.0
2021-09-20 00:00:00+07:00,72894.8515625,72894.8515625,70435.9375,70435.9375,59421.0703125,1911629,0.0,0.0
2021-09-21 00:00:00+07:00,70435.9375,70435.9375,70435.9375,70435.9375,59421.0703125,0,0.0,0.0
2021-09-22 00:00:00+07:00,70435.9375,70435.9375,70435.9375,70435.9375,59421.0703125,0,0.0,0.0
2021-09-23 00:00:00+07:00,70753.21875,72974.171875,70435.9375,71863.6953125,60625.55078125,1379731,0.0,0.0
2021-09-24 00:00:00+07:00,72577.578125,73608.734375,72180.9765625,72180.9765625,60893.21484375,116616600,0.0,0.0
2021-09-27 00:00:00+07:00,73291.453125,73370.7734375,71387.78125,71387.78125,60224.06640625,1417427,0.0,0.0
2021-09-28 00:00:00+07:00,72180.9765625,75750.3671875,71546.4140625,75433.0859375,63636.7578125,5693159,0.0,0.0
2021-09-29 00:00:00+07:00,75750.3671875,78050.640625,75591.7265625,76781.5234375,64774.328125,3474922,0.0,0.0
2021-09-30 00:00:00+07:00,76622.8828125,77098.796875,75829.6875,76940.1640625,64908.15625,1569470,0.0,0.0
2021-10-01 00:00:00+07:00,76146.9609375,82254.5859375,76067.640625,82095.9453125,69257.671875,5466481,0.0,0.0
2021-10-04 00:00:00+07:00,84078.9375,87806.96875,82492.546875,82492.546875,69592.2578125,510175562,0.0,0.0
2021-10-05 00:00:00+07:00,84872.1328125,87172.40625,83682.34375,86458.53125,72938.03125,2634904,0.0,0.0
2021-10-06 00:00:00+07:00,86458.53125,86458.53125,86458.53125,86458.53125,72938.03125,0,0.0,0.0
2021-10-07 00:00:00+07:00,88044.9296875,89631.3203125,86855.1328125,88044.9296875,74276.34375,2843427,0.0,0.0
2021-10-08 00:00:00+07:00,88044.9296875,88044.9296875,88044.9296875,88044.9296875,74276.34375,0,0.0,0.0
2021-10-11 00:00:00+07:00,88044.9296875,88044.9296875,88044.9296875,88044.9296875,74276.34375,0,0.0,0.0
2021-10-12 00:00:00+07:00,88679.484375,90821.1171875,87727.6484375,88838.125,74945.5,2458025,0.0,0.0
2021-10-13 00:00:00+07:00,89234.7265625,89234.7265625,87251.7265625,88044.9296875,74276.34375,2255806,0.0,0.0
2021-10-14 00:00:00+07:00,88044.9296875,88044.9296875,88044.9296875,88044.9296875,74276.34375,0,0.0,0.0
2021-10-15 00:00:00+07:00,88838.125,89631.3203125,88441.5234375,88838.125,74945.5,1386287,0.0,0.0
2021-10-18 00:00:00+07:00,88838.125,88838.125,88838.125,88838.125,74945.5,0,0.0,0.0
2021-10-19 00:00:00+07:00,92010.9140625,93200.7109375,90424.515625,90821.1171875,76618.390625,1343549,0.0,0.0
2021-10-20 00:00:00+07:00,91534.9921875,91534.9921875,87648.328125,90821.1171875,76618.390625,2153940,0.0,0.0
2021-10-21 00:00:00+07:00,91217.71875,91534.9921875,88838.125,88996.765625,75079.328125,2068211,0.0,0.0
2021-10-22 00:00:00+07:00,89155.40625,90345.203125,87806.96875,88917.4453125,75012.40625,1614730,0.0,0.0
2021-10-25 00:00:00+07:00,88917.4453125,88917.4453125,88917.4453125,88917.4453125,75012.40625,0,0.0,0.0
2021-10-26 00:00:00+07:00,88917.4453125,88917.4453125,88917.4453125,88917.4453125,75012.40625,0,0.0,0.0
2021-10-27 00:00:00+07:00,88917.4453125,88917.4453125,88917.4453125,88917.4453125,75012.40625,0,0.0,0.0
2021-10-28 00:00:00+07:00,96373.5,101846.5625,94628.46875,99149.6953125,83644.53125,2951723,0.0,0.0
2021-10-29 00:00:00+07:00,98356.4921875,101132.6875,96373.5,98753.09375,83309.953125,1462183,0.0,0.0
2021-11-01 00:00:00+07:00,98753.09375,98753.09375,98753.09375,98753.09375,83309.953125,0,0.0,0.0
2021-11-02 00:00:00+07:00,97483.9765625,96452.8203125,95421.6640625,97483.9765625,82239.296875,1900409,0.0,0.0
2021-11-03 00:00:00+07:00,96452.8203125,97483.9765625,93993.90625,95183.703125,80298.7421875,2384273,0.0,0.0
2021-11-04 00:00:00+07:00,93676.6328125,96770.1015625,92804.109375,92883.4296875,78358.1953125,2093929,0.0,0.0
2021-11-05 00:00:00+07:00,93597.3125,98039.21875,92248.875,97087.375,81904.7109375,1690373,0.0,0.0
2021-11-08 00:00:00+07:00,98197.8515625,98277.171875,94549.1484375,97563.296875,82306.21875,2077918,0.0,0.0
2021-11-09 00:00:00+07:00,95818.265625,98356.4921875,94390.5078125,94549.1484375,79763.4296875,2100233,0.0,0.0
2021-11-10 00:00:00+07:00,95263.0234375,97325.3359375,94390.5078125,95500.984375,80566.40625,1272822,0.0,0.0
2021-11-11 00:00:00+07:00,95183.703125,96770.1015625,93121.390625,94390.5078125,79629.59375,2390072,0.0,0.0
2021-11-12 00:00:00+07:00,94549.1484375,95897.5859375,92328.1953125,93676.6328125,79027.3515625,1727438,0.0,0.0
2021-11-15 00:00:00+07:00,94390.5078125,95104.3828125,90979.7578125,94311.1875,79562.6796875,2720003,0.0,0.0
2021-11-16 00:00:00+07:00,93597.3125,95342.34375,92248.875,92566.15625,78090.53125,1948568,0.0,0.0
2021-11-17 00:00:00+07:00,92804.109375,94152.546875,92645.46875,93121.390625,78558.9375,884016,0.0,0.0
2021-11-18 00:00:00+07:00,92010.9140625,92804.109375,90265.8828125,90265.8828125,76149.984375,1610569,0.0,0.0
2021-11-19 00:00:00+07:00,90265.8828125,90424.515625,83999.6171875,84078.9375,70930.5625,3662895,0.0,0.0
2021-11-22 00:00:00+07:00,82492.546875,84316.8984375,80588.8671875,80985.46875,68320.84375,1811024,0.0,0.0
2021-11-23 00:00:00+07:00,81302.75,83682.34375,81302.75,82968.4609375,69993.734375,968737,0.0,0.0
2021-11-24 00:00:00+07:00,84634.1796875,84792.8203125,81699.34375,81699.34375,68923.0859375,1163266,0.0,0.0
2021-11-25 00:00:00+07:00,82175.265625,83365.0625,81540.703125,82413.2265625,69525.3359375,829175,0.0,0.0
2021-11-26 00:00:00+07:00,82413.2265625,82492.546875,80588.8671875,80906.1484375,68253.9375,1583464,0.0,0.0
2021-11-29 00:00:00+07:00,77416.078125,80192.2734375,77416.078125,78843.8359375,66514.1328125,1628850,0.0,0.0
2021-11-30 00:00:00+07:00,79399.0703125,80668.1875,77971.3203125,77971.3203125,65778.0546875,1753787,0.0,0.0
2021-12-01 00:00:00+07:00,77416.078125,78923.15625,77336.7578125,78129.9609375,65911.890625,1846828,0.0,0.0
2021-12-02 00:00:00+07:00,78050.640625,78923.15625,77733.359375,78050.640625,65844.984375,745211,0.0,0.0
2021-12-03 00:00:00+07:00,78605.875,78605.875,76622.8828125,76622.8828125,64640.4921875,1302575,0.0,0.0
2021-12-06 00:00:00+07:00,76384.921875,76940.1640625,72180.9765625,72974.171875,61562.37109375,1553585,0.0,0.0
2021-12-07 00:00:00+07:00,74957.1640625,76543.5625,74163.96875,76543.5625,64573.578125,1215334,0.0,0.0
2021-12-08 00:00:00+07:00,77336.7578125,78764.515625,76781.5234375,77892.0,65711.140625,1384900,0.0,0.0
2021-12-09 00:00:00+07:00,77654.0390625,79319.75,76940.1640625,78288.59375,66045.71875,706381,0.0,0.0
2021-12-10 00:00:00+07:00,78050.640625,78050.640625,76305.6015625,76622.8828125,64640.4921875,854011,0.0,0.0
2021-12-13 00:00:00+07:00,77733.359375,78764.515625,77098.796875,77733.359375,65577.3125,908726,0.0,0.0
2021-12-14 00:00:00+07:00,77654.0390625,78447.234375,76543.5625,77892.0,65711.140625,964450,0.0,0.0
2021-12-15 00:00:00+07:00,77416.078125,77892.0,76464.2421875,77495.3984375,65376.5625,596824,0.0,0.0
2021-12-16 00:00:00+07:00,77733.359375,79399.0703125,77019.484375,78209.2734375,65978.8046875,1206004,0.0,0.0
2021-12-17 00:00:00+07:00,78605.875,79319.75,77574.71875,78526.5546875,66246.46875,670450,0.0,0.0
2021-12-20 00:00:00+07:00,77733.359375,77733.359375,76146.9609375,76702.203125,64707.41015625,1085101,0.0,0.0
2021-12-21 00:00:00+07:00,76702.203125,76860.84375,74560.5703125,74560.5703125,62900.6875,1587876,0.0,0.0
2021-12-22 00:00:00+07:00,76067.640625,76622.8828125,75036.484375,75512.40625,63703.67578125,746346,0.0,0.0
2021-12-23 00:00:00+07:00,76146.9609375,77495.3984375,74957.1640625,75512.40625,63703.67578125,1919446,0.0,0.0
2021-12-24 00:00:00+07:00,76384.921875,76940.1640625,75591.7265625,75909.0078125,64038.25390625,882504,0.0,0.0
2021-12-27 00:00:00+07:00,75909.0078125,76781.5234375,75909.0078125,76067.640625,64172.08203125,414650,0.0,0.0
2021-12-28 00:00:00+07:00,76940.1640625,78129.9609375,76940.1640625,77812.6796875,65644.21875,1370024,0.0,0.0
2021-12-29 00:00:00+07:00,78367.9140625,78367.9140625,76781.5234375,76940.1640625,64908.15625,577535,0.0,0.0
2021-12-30 00:00:00+07:00,77733.359375,78050.640625,76940.1640625,76940.1640625,64908.15625,731974,0.0,0.0
2021-12-31 00:00:00+07:00,77257.4375,77257.4375,76226.28125,76305.6015625,64372.82421875,850733,0.0,0.0
2022-01-03 00:00:00+07:00,76305.6015625,76305.6015625,76305.6015625,76305.6015625,64372.82421875,0,0.0,0.0
2022-01-04 00:00:00+07:00,76860.84375,80826.828125,76860.84375,80826.828125,68187.0234375,2181423,0.0,0.0
2022-01-05 00:00:00+07:00,81461.390625,83603.0234375,81302.75,83285.7421875,70261.3984375,2625701,0.0,0.0
2022-01-06 00:00:00+07:00,82492.546875,83206.421875,81620.0234375,82254.5859375,69391.5078125,1044254,0.0,0.0
2022-01-07 00:00:00+07:00,82889.140625,86696.4921875,81937.3046875,85268.734375,71934.2890625,2241434,0.0,0.0
2022-01-10 00:00:00+07:00,85268.734375,85268.734375,80906.1484375,80906.1484375,68253.9375,1261476,0.0,0.0
2022-01-11 00:00:00+07:00,81699.34375,82889.140625,80906.1484375,81937.3046875,69123.8359375,819594,0.0,0.0
2022-01-12 00:00:00+07:00,83285.7421875,86379.2109375,83285.7421875,85665.3359375,72268.8671875,1860570,0.0,0.0
2022-01-13 00:00:00+07:00,86537.8515625,88044.9296875,83285.7421875,83285.7421875,70261.3984375,974284,0.0,0.0
2022-01-14 00:00:00+07:00,82492.546875,84475.5390625,82095.9453125,83682.34375,70595.984375,680032,0.0,0.0
2022-01-17 00:00:00+07:00,84634.1796875,87013.7734375,77892.0,82968.4609375,69993.734375,1830061,0.0,0.0
2022-01-18 00:00:00+07:00,82492.546875,85665.3359375,82492.546875,84872.1328125,71599.7109375,1173982,0.0,0.0
2022-01-19 00:00:00+07:00,85744.65625,86379.2109375,83682.34375,84872.1328125,71599.7109375,837748,0.0,0.0
2022-01-20 00:00:00+07:00,84872.1328125,86141.25,83682.34375,86141.25,72670.3671875,904314,0.0,0.0
2022-01-21 00:00:00+07:00,85665.3359375,86299.890625,83047.78125,85189.4140625,71867.375,1341153,0.0,0.0
2022-01-24 00:00:00+07:00,84872.1328125,86458.53125,84713.5,84951.453125,71666.6328125,1297533,0.0,0.0
2022-01-25 00:00:00+07:00,84078.9375,86855.1328125,82492.546875,86855.1328125,73272.6171875,1666797,0.0,0.0
2022-01-26 00:00:00+07:00,87489.6875,89631.3203125,86458.53125,88996.765625,75079.328125,1816193,0.0,0.0
2022-01-27 00:00:00+07:00,89234.7265625,91138.3984375,87410.3671875,88679.484375,74811.671875,1149146,0.0,0.0
2022-01-28 00:00:00+07:00,88758.8046875,89631.3203125,84475.5390625,86458.53125,72938.03125,2088256,0.0,0.0
2022-01-31 00:00:00+07:00,86458.53125,86458.53125,86458.53125,86458.53125,72938.03125,0,0.0,0.0
2022-02-01 00:00:00+07:00,86458.53125,86458.53125,86458.53125,86458.53125,72938.03125,0,0.0,0.0
2022-02-02 00:00:00+07:00,86458.53125,86458.53125,86458.53125,86458.53125,72938.03125,0,0.0,0.0
2022-02-03 00:00:00+07:00,86458.53125,86458.53125,86458.53125,86458.53125,72938.03125,0,0.0,0.0
2022-02-04 00:00:00+07:00,86458.53125,86458.53125,86458.53125,86458.53125,72938.03125,0,0.0,0.0
2022-02-07 00:00:00+07:00,90265.8828125,92010.9140625,88917.4453125,90979.7578125,76752.21875,1167804,0.0,0.0
2022-02-08 00:00:00+07:00,90821.1171875,91614.3125,89314.0390625,90424.515625,76283.8046875,804087,0.0,0.0
2022-02-09 00:00:00+07:00,89631.3203125,90107.2421875,87251.7265625,87251.7265625,73607.1796875,2305730,0.0,0.0
2022-02-10 00:00:00+07:00,88838.125,89472.6796875,87251.7265625,88838.125,74945.5,1083967,0.0,0.0
2022-02-11 00:00:00+07:00,89234.7265625,89472.6796875,88044.9296875,88044.9296875,74276.34375,608927,0.0,0.0
2022-02-14 00:00:00+07:00,90107.2421875,93597.3125,89472.6796875,92010.9140625,77622.125,2291862,0.0,0.0
2022-02-15 00:00:00+07:00,92010.9140625,92010.9140625,92010.9140625,92010.9140625,77622.125,0,0.0,0.0
2022-02-16 00:00:00+07:00,90821.1171875,91931.59375,89631.3203125,90821.1171875,76618.390625,912004,0.0,0.0
2022-02-17 00:00:00+07:00,90741.796875,94152.546875,90186.5625,94152.546875,79428.84375,1422218,0.0,0.0
2022-02-18 00:00:00+07:00,92407.515625,94152.546875,91455.6796875,92804.109375,78291.28125,923351,0.0,0.0
2022-02-21 00:00:00+07:00,92407.515625,92804.109375,91614.3125,91852.2734375,77488.296875,419315,0.0,0.0
2022-02-22 00:00:00+07:00,93597.3125,93993.90625,92010.9140625,92407.515625,77956.7109375,909231,0.0,0.0
2022-02-23 00:00:00+07:00,93280.03125,95580.3046875,92248.875,92804.109375,78291.28125,1628976,0.0,0.0
2022-02-24 00:00:00+07:00,93597.3125,97166.6953125,93042.0703125,94390.5078125,79629.59375,2382760,0.0,0.0
2022-02-25 00:00:00+07:00,95263.0234375,96928.7421875,92486.8359375,92962.75,78425.109375,1664528,0.0,0.0
2022-02-28 00:00:00+07:00,94390.5078125,94866.421875,92804.109375,93597.3125,78960.4375,1185455,0.0,0.0
2022-03-01 00:00:00+07:00,94390.5078125,94390.5078125,92090.234375,93359.3515625,78759.6875,1308249,0.0,0.0
2022-03-02 00:00:00+07:00,95183.703125,96135.5390625,93597.3125,94549.1484375,79763.4296875,1964453,0.0,0.0
2022-03-03 00:00:00+07:00,96690.78125,96690.78125,94390.5078125,95738.9453125,80767.15625,1725295,0.0,0.0
2022-03-04 00:00:00+07:00,95183.703125,95183.703125,93597.3125,93597.3125,78960.4375,1961428,0.0,0.0
2022-03-07 00:00:00+07:00,99546.2890625,99546.2890625,97166.6953125,98832.4140625,83376.875,2854396,0.0,0.0
2022-03-08 00:00:00+07:00,97246.015625,99784.25,95263.0234375,95738.9453125,80767.15625,1798795,0.0,0.0
2022-03-09 00:00:00+07:00,97404.65625,99308.328125,95738.9453125,96928.7421875,81770.890625,1635910,0.0,0.0
2022-03-10 00:00:00+07:00,93597.3125,95025.0625,92645.46875,93993.90625,79295.015625,1214703,0.0,0.0
2022-03-11 00:00:00+07:00,93597.3125,93597.3125,89076.0859375,89552.0,75547.734375,2041736,0.0,0.0
2022-03-14 00:00:00+07:00,87251.7265625,88838.125,84078.9375,84078.9375,70930.5625,1751518,0.0,0.0
2022-03-15 00:00:00+07:00,82492.546875,85665.3359375,80906.1484375,85665.3359375,72268.8671875,1219116,0.0,0.0
2022-03-16 00:00:00+07:00,86061.9296875,87251.7265625,84078.9375,86617.171875,73071.859375,777864,0.0,0.0
2022-03-17 00:00:00+07:00,85744.65625,87093.0859375,84078.9375,84078.9375,70930.5625,938101,0.0,0.0
2022-03-18 00:00:00+07:00,85665.3359375,87093.0859375,85268.734375,86379.2109375,72871.109375,757692,0.0,0.0
2022-03-21 00:00:00+07:00,86775.8125,91217.71875,86379.2109375,90424.515625,76283.8046875,1047406,0.0,0.0
2022-03-22 00:00:00+07:00,91217.71875,92407.515625,90027.921875,91217.71875,76952.9609375,993951,0.0,0.0
2022-03-23 00:00:00+07:00,90662.4765625,91376.359375,88917.4453125,89076.0859375,75146.2421875,782276,0.0,0.0
2022-03-24 00:00:00+07:00,91138.3984375,91217.71875,88758.8046875,89076.0859375,75146.2421875,751389,0.0,0.0
2022-03-25 00:00:00+07:00,90345.203125,90424.515625,85665.3359375,87806.96875,74075.6015625,485629,0.0,0.0
2022-03-28 00:00:00+07:00,87886.2890625,89631.3203125,87489.6875,87648.328125,73941.765625,450329,0.0,0.0
2022-03-29 00:00:00+07:00,87251.7265625,89631.3203125,86379.2109375,88758.8046875,74878.59375,877082,0.0,0.0
2022-03-30 00:00:00+07:00,87965.609375,88362.203125,86537.8515625,87331.046875,73674.09375,744455,0.0,0.0
2022-03-31 00:00:00+07:00,87251.7265625,88758.8046875,85823.9765625,85903.296875,72469.625,471761,0.0,0.0
2022-04-01 00:00:00+07:00,85506.6953125,87965.609375,84872.1328125,87013.7734375,73406.4375,541857,0.0,0.0
2022-04-04 00:00:00+07:00,87331.046875,89552.0,87172.40625,89155.40625,75213.15625,769669,0.0,0.0
2022-04-05 00:00:00+07:00,89393.359375,91059.078125,88044.9296875,90662.4765625,76484.5625,917552,0.0,0.0
2022-04-06 00:00:00+07:00,90741.796875,92407.515625,89789.9609375,90186.5625,76083.0625,1049675,0.0,0.0
2022-04-07 00:00:00+07:00,90186.5625,91217.71875,88758.8046875,89472.6796875,75480.8125,919064,0.0,0.0
2022-04-08 00:00:00+07:00,90265.8828125,90821.1171875,87410.3671875,87410.3671875,73741.015625,778242,0.0,0.0
2022-04-11 00:00:00+07:00,87410.3671875,87410.3671875,87410.3671875,87410.3671875,73741.015625,0,0.0,0.0
2022-04-12 00:00:00+07:00,87806.96875,89234.7265625,84872.1328125,86379.2109375,72871.109375,797909,0.0,0.0
2022-04-13 00:00:00+07:00,86537.8515625,87648.328125,85586.015625,87331.046875,73674.09375,647505,0.0,0.0
2022-04-14 00:00:00+07:00,88362.203125,89234.7265625,88282.8828125,88520.84375,74677.828125,582074,0.0,0.0
2022-04-15 00:00:00+07:00,89234.7265625,93597.3125,88838.125,91297.0390625,77019.8828125,2252780,0.0,0.0
2022-04-18 00:00:00+07:00,92645.46875,93517.9921875,90583.15625,91455.6796875,77153.71875,1069090,0.0,0.0
2022-04-19 00:00:00+07:00,93200.7109375,93200.7109375,90345.203125,90345.203125,76216.90625,852751,0.0,0.0
2022-04-20 00:00:00+07:00,90107.2421875,90107.2421875,84475.5390625,84554.859375,71332.0625,1776606,0.0,0.0
2022-04-21 00:00:00+07:00,82492.546875,85903.296875,81699.34375,83285.7421875,70261.3984375,1352122,0.0,0.0
2022-04-22 00:00:00+07:00,83365.0625,89076.0859375,79319.75,89076.0859375,75146.2421875,1691634,0.0,0.0
2022-04-25 00:00:00+07:00,86458.53125,89076.0859375,82889.140625,82889.140625,69926.828125,862584,0.0,0.0
2022-04-26 00:00:00+07:00,80906.1484375,86458.53125,77812.6796875,86458.53125,72938.03125,844304,0.0,0.0
2022-04-27 00:00:00+07:00,83285.7421875,88441.5234375,82492.546875,88044.9296875,74276.34375,995464,0.0,0.0
2022-04-28 00:00:00+07:00,87489.6875,87489.6875,85427.375,85427.375,72068.1171875,271559,0.0,0.0
2022-04-29 00:00:00+07:00,84872.1328125,85982.609375,83285.7421875,84078.9375,70930.5625,691252,0.0,0.0
2022-05-02 00:00:00+07:00,84078.9375,84078.9375,84078.9375,84078.9375,70930.5625,0,0.0,0.0
2022-05-03 00:00:00+07:00,84078.9375,84078.9375,84078.9375,84078.9375,70930.5625,0,0.0,0.0
2022-05-04 00:00:00+07:00,85348.0546875,87251.7265625,85030.7734375,85665.3359375,72268.8671875,656961,0.0,0.0
2022-05-05 00:00:00+07:00,88044.9296875,88044.9296875,86379.2109375,86775.8125,73205.6953125,442764,0.0,0.0
2022-05-06 00:00:00+07:00,84475.5390625,87172.40625,84475.5390625,87093.0859375,73473.3515625,726552,0.0,0.0
2022-05-09 00:00:00+07:00,86458.53125,86458.53125,81699.34375,83206.421875,70194.484375,721005,0.0,0.0
2022-05-10 00:00:00+07:00,79716.3515625,85744.65625,79319.75,85665.3359375,72268.8671875,813416,0.0,0.0
2022-05-11 00:00:00+07:00,85110.09375,86855.1328125,84078.9375,86379.2109375,72871.109375,414146,0.0,0.0
2022-05-12 00:00:00+07:00,85665.3359375,85665.3359375,82175.265625,83761.65625,70662.8984375,1051314,0.0,0.0
2022-05-13 00:00:00+07:00,82730.5,84475.5390625,79319.75,79319.75,66915.6171875,1133891,0.0,0.0
2022-05-16 00:00:00+07:00,81699.34375,82175.265625,75353.765625,75353.765625,63569.83984375,1205122,0.0,0.0
2022-05-17 00:00:00+07:00,75353.765625,80033.6328125,74560.5703125,80033.6328125,67517.859375,651414,0.0,0.0
2022-05-18 00:00:00+07:00,80112.953125,84396.21875,79557.7109375,83285.7421875,70261.3984375,1147129,0.0,0.0
2022-05-19 00:00:00+07:00,78923.15625,84475.5390625,78923.15625,83920.296875,70796.7265625,1432934,0.0,0.0
2022-05-20 00:00:00+07:00,83682.34375,84634.1796875,82175.265625,82889.140625,69926.828125,369264,0.0,0.0
2022-05-23 00:00:00+07:00,83682.34375,83840.9765625,81540.703125,82095.9453125,69257.671875,682175,0.0,0.0
2022-05-24 00:00:00+07:00,82095.9453125,84792.8203125,81382.0703125,83920.296875,70796.7265625,1059509,0.0,0.0
2022-05-25 00:00:00+07:00,84316.8984375,85982.609375,83920.296875,85982.609375,72536.53125,964324,0.0,0.0
2022-05-26 00:00:00+07:00,87251.7265625,88203.5625,84078.9375,85348.0546875,72001.203125,712685,0.0,0.0
2022-05-27 00:00:00+07:00,86061.9296875,88203.5625,86061.9296875,87251.7265625,73607.1796875,510213,0.0,0.0
2022-05-30 00:00:00+07:00,88600.1640625,89076.0859375,87093.0859375,87251.7265625,73607.1796875,859811,0.0,0.0
2022-05-31 00:00:00+07:00,87886.2890625,93359.3515625,86855.1328125,93359.3515625,78759.6875,2972903,0.0,0.0
2022-06-01 00:00:00+07:00,94152.546875,98277.171875,92804.109375,95976.8984375,80967.8984375,2193904,0.0,0.0
2022-06-02 00:00:00+07:00,95976.8984375,95976.8984375,95976.8984375,95976.8984375,80967.8984375,0,0.0,0.0
2022-06-03 00:00:00+07:00,93597.3125,99149.6953125,93597.3125,98515.1328125,83109.2109375,2980972,0.0,0.0
2022-06-06 00:00:00+07:00,99546.2890625,105098.671875,99546.2890625,103036.359375,86923.390625,3336117,0.0,0.0
2022-06-07 00:00:00+07:00,103036.359375,103908.875,98435.8125,103115.6796875,86990.3125,2566699,0.0,0.0
2022-06-08 00:00:00+07:00,103115.6796875,104622.7578125,101767.2421875,102243.1640625,86254.2421875,2147384,0.0,0.0
2022-06-09 00:00:00+07:00,102243.1640625,103274.3203125,100894.7265625,101212.0078125,85384.3359375,1631119,0.0,0.0
2022-06-10 00:00:00+07:00,100339.4921875,101212.0078125,94152.546875,94152.546875,79428.84375,3096076,0.0,0.0
2022-06-13 00:00:00+07:00,91217.71875,96849.421875,90821.1171875,93597.3125,78960.4375,2190122,0.0,0.0
2022-06-14 00:00:00+07:00,95183.703125,99942.890625,93676.6328125,99942.890625,84313.6875,1711679,0.0,0.0
2022-06-15 00:00:00+07:00,98356.4921875,101608.6015625,95818.265625,98356.4921875,82975.375,2803084,0.0,0.0
2022-06-16 00:00:00+07:00,99229.015625,104622.7578125,97404.65625,101529.28125,85651.9921875,2938486,0.0,0.0
2022-06-17 00:00:00+07:00,99149.6953125,106288.46875,98753.09375,106288.46875,89666.9375,1964201,0.0,0.0
2022-06-20 00:00:00+07:00,103908.875,104702.078125,98911.734375,98911.734375,83443.78125,2165790,0.0,0.0
2022-06-21 00:00:00+07:00,98356.4921875,100974.046875,92010.9140625,94787.109375,79964.171875,2957018,0.0,0.0
2022-06-22 00:00:00+07:00,93993.90625,95183.703125,88203.5625,88203.5625,74410.171875,2379482,0.0,0.0
2022-06-23 00:00:00+07:00,87251.7265625,94311.1875,87251.7265625,92645.46875,78157.4453125,1404063,0.0,0.0
2022-06-24 00:00:00+07:00,92645.46875,93359.3515625,90265.8828125,90424.515625,76283.8046875,1016140,0.0,0.0
2022-06-27 00:00:00+07:00,91217.71875,93359.3515625,90424.515625,90741.796875,76551.46875,1139186,0.0,0.0
2022-06-28 00:00:00+07:00,92407.515625,93280.03125,91534.9921875,92010.9140625,77622.125,1006432,0.0,0.0
2022-06-29 00:00:00+07:00,92010.9140625,93597.3125,90662.4765625,92804.109375,78291.28125,1221259,0.0,0.0
2022-06-30 00:00:00+07:00,92407.515625,94787.109375,91614.3125,91614.3125,77287.546875,1271057,0.0,0.0
2022-07-01 00:00:00+07:00,91059.078125,91852.2734375,87251.7265625,89631.3203125,75614.6484375,1228571,0.0,0.0
2022-07-04 00:00:00+07:00,88917.4453125,89234.7265625,86061.9296875,86141.25,74652.2890625,583461,2379.5925,0.0
2022-07-05 00:00:00+07:00,86458.53125,87886.2890625,80906.1484375,81699.34375,70802.8046875,1895366,0.0,0.0
2022-07-06 00:00:00+07:00,79002.4765625,79240.4375,75988.3203125,75988.3203125,65853.484375,2129356,0.0,0.0
2022-07-07 00:00:00+07:00,74639.890625,76543.5625,73450.09375,74639.890625,64684.90625,792236,0.0,0.0
2022-07-08 00:00:00+07:00,77336.7578125,77892.0,75353.765625,75829.6875,65716.0078125,872796,0.0,0.0
2022-07-11 00:00:00+07:00,75750.3671875,76860.84375,75274.4453125,75274.4453125,65234.82421875,601489,0.0,0.0
2022-07-12 00:00:00+07:00,75274.4453125,75274.4453125,75274.4453125,75274.4453125,65234.82421875,0,0.0,0.0
2022-07-13 00:00:00+07:00,76940.1640625,76940.1640625,75671.046875,76384.921875,66197.1875,1130109,0.0,0.0
2022-07-14 00:00:00+07:00,76940.1640625,78685.1953125,76940.1640625,78367.9140625,67915.703125,879604,0.0,0.0
2022-07-15 00:00:00+07:00,78367.9140625,78447.234375,76940.1640625,77336.7578125,67022.078125,651666,0.0,0.0
2022-07-18 00:00:00+07:00,77416.078125,78129.9609375,76543.5625,77336.7578125,67022.078125,715962,0.0,0.0
2022-07-19 00:00:00+07:00,78367.9140625,80906.1484375,77971.3203125,80826.828125,70046.671875,1177386,0.0,0.0
2022-07-20 00:00:00+07:00,82095.9453125,82571.8671875,80906.1484375,81699.34375,70802.8046875,1127840,0.0,0.0
2022-07-21 00:00:00+07:00,81620.0234375,83285.7421875,80509.546875,82571.8671875,71558.9609375,1087875,0.0,0.0
2022-07-22 00:00:00+07:00,82492.546875,87172.40625,82492.546875,85506.6953125,74102.3671875,1371285,0.0,0.0
2022-07-25 00:00:00+07:00,85268.734375,86855.1328125,82809.8203125,83047.78125,71971.40625,685453,0.0,0.0
2022-07-26 00:00:00+07:00,85427.375,85427.375,82492.546875,83047.78125,71971.40625,609432,0.0,0.0
2022-07-27 00:00:00+07:00,82968.4609375,83603.0234375,82095.9453125,83047.78125,71971.40625,472265,0.0,0.0
2022-07-28 00:00:00+07:00,84872.1328125,87013.7734375,83682.34375,84316.8984375,73071.25,641580,0.0,0.0
2022-07-29 00:00:00+07:00,85665.3359375,86855.1328125,84713.5,85268.734375,73896.140625,668307,0.0,0.0
2022-08-01 00:00:00+07:00,85268.734375,86855.1328125,84713.5,85586.015625,74171.109375,535679,0.0,0.0
2022-08-02 00:00:00+07:00,85268.734375,85982.609375,83840.9765625,85823.9765625,74377.328125,560768,0.0,0.0
2022-08-03 00:00:00+07:00,85903.296875,89631.3203125,85665.3359375,88838.125,76989.46875,735756,0.0,0.0
2022-08-04 00:00:00+07:00,88441.5234375,88758.8046875,86061.9296875,86458.53125,74927.2421875,970502,0.0,0.0
2022-08-05 00:00:00+07:00,85506.6953125,87251.7265625,84475.5390625,86855.1328125,75270.953125,915408,0.0,0.0
2022-08-08 00:00:00+07:00,86537.8515625,88838.125,85665.3359375,88044.9296875,76302.0625,442008,0.0,0.0
2022-08-09 00:00:00+07:00,88282.8828125,89234.7265625,87251.7265625,88838.125,76989.46875,464701,0.0,0.0
2022-08-10 00:00:00+07:00,88044.9296875,88996.765625,87331.046875,87965.609375,76233.3203125,491176,0.0,0.0
2022-08-11 00:00:00+07:00,88838.125,90345.203125,88282.8828125,89631.3203125,77676.8671875,1067703,0.0,0.0
2022-08-12 00:00:00+07:00,89631.3203125,91931.59375,89631.3203125,90741.796875,78639.234375,458649,0.0,0.0
2022-08-15 00:00:00+07:00,91217.71875,91376.359375,89393.359375,90424.515625,78364.2734375,509709,0.0,0.0
2022-08-16 00:00:00+07:00,89631.3203125,90424.515625,88838.125,90027.921875,78020.578125,411246,0.0,0.0
2022-08-17 00:00:00+07:00,90424.515625,91138.3984375,88441.5234375,89155.40625,77264.421875,1108425,0.0,0.0
2022-08-18 00:00:00+07:00,89631.3203125,93517.9921875,88758.8046875,90186.5625,78158.0546875,1244834,0.0,0.0
2022-08-19 00:00:00+07:00,91138.3984375,93597.3125,90741.796875,91693.6328125,79464.125,676754,0.0,0.0
2022-08-22 00:00:00+07:00,91534.9921875,92804.109375,90979.7578125,91138.3984375,78982.9453125,466718,0.0,0.0
2022-08-23 00:00:00+07:00,91614.3125,93042.0703125,91614.3125,92804.109375,80426.4921875,562911,0.0,0.0
2022-08-24 00:00:00+07:00,93597.3125,94787.109375,92804.109375,93042.0703125,80632.71875,451463,0.0,0.0
2022-08-25 00:00:00+07:00,93517.9921875,94390.5078125,92407.515625,92407.515625,80082.796875,535175,0.0,0.0
2022-08-26 00:00:00+07:00,92407.515625,92407.515625,91297.0390625,91376.359375,79189.171875,619643,0.0,0.0
2022-08-29 00:00:00+07:00,90583.15625,93200.7109375,90583.15625,93200.7109375,80770.203125,844430,0.0,0.0
2022-08-30 00:00:00+07:00,93280.03125,95183.703125,92804.109375,94311.1875,81732.5703125,914148,0.0,0.0
2022-08-31 00:00:00+07:00,93438.671875,94390.5078125,92724.7890625,92883.4296875,80495.234375,541227,0.0,0.0
2022-09-01 00:00:00+07:00,92883.4296875,92883.4296875,92883.4296875,92883.4296875,80495.234375,0,0.0,0.0
2022-09-02 00:00:00+07:00,92883.4296875,92883.4296875,92883.4296875,92883.4296875,80495.234375,0,0.0,0.0
2022-09-05 00:00:00+07:00,92248.875,93200.7109375,91772.953125,92328.1953125,80014.046875,410364,0.0,0.0
2022-09-06 00:00:00+07:00,93200.7109375,93438.671875,92328.1953125,92407.515625,80082.796875,311776,0.0,0.0
2022-09-07 00:00:00+07:00,92010.9140625,92010.9140625,88838.125,88838.125,76989.46875,1066695,0.0,0.0
2022-09-08 00:00:00+07:00,89631.3203125,90027.921875,87727.6484375,88679.484375,76851.9921875,397378,0.0,0.0
2022-09-09 00:00:00+07:00,89552.0,90424.515625,88520.84375,90424.515625,78364.2734375,419441,0.0,0.0
2022-09-12 00:00:00+07:00,90424.515625,91534.9921875,90027.921875,90186.5625,78158.0546875,459280,0.0,0.0
2022-09-13 00:00:00+07:00,90107.2421875,91059.078125,89472.6796875,90583.15625,78501.7578125,310767,0.0,0.0
2022-09-14 00:00:00+07:00,89076.0859375,90186.5625,88679.484375,89234.7265625,77333.171875,399774,0.0,0.0
2022-09-15 00:00:00+07:00,90424.515625,90583.15625,88203.5625,88679.484375,76851.9921875,714071,0.0,0.0
2022-09-16 00:00:00+07:00,88044.9296875,89631.3203125,87648.328125,88044.9296875,76302.0625,628847,0.0,0.0
2022-09-19 00:00:00+07:00,88044.9296875,89472.6796875,85665.3359375,85665.3359375,74239.84375,631872,0.0,0.0
2022-09-20 00:00:00+07:00,87251.7265625,87251.7265625,85268.734375,86537.8515625,74995.9921875,508574,0.0,0.0
2022-09-21 00:00:00+07:00,86537.8515625,87172.40625,85903.296875,86458.53125,74927.2421875,273198,0.0,0.0
2022-09-22 00:00:00+07:00,86458.53125,88362.203125,86299.890625,88044.9296875,76302.0625,292991,0.0,0.0
2022-09-23 00:00:00+07:00,88362.203125,90821.1171875,88044.9296875,89234.7265625,77333.171875,456002,0.0,0.0
2022-09-26 00:00:00+07:00,88044.9296875,90583.15625,88044.9296875,90107.2421875,78089.3125,840522,0.0,0.0
2022-09-27 00:00:00+07:00,90424.515625,90424.515625,88044.9296875,88441.5234375,76645.765625,271306,0.0,0.0
2022-09-28 00:00:00+07:00,87251.7265625,88996.765625,82492.546875,82492.546875,71490.2265625,835605,0.0,0.0
2022-09-29 00:00:00+07:00,84475.5390625,85427.375,83285.7421875,83285.7421875,72177.625,387797,0.0,0.0
2022-09-30 00:00:00+07:00,80906.1484375,88838.125,80430.2265625,87251.7265625,75614.6484375,906583,0.0,0.0
2022-10-03 00:00:00+07:00,86458.53125,86458.53125,84316.8984375,84872.1328125,73552.4296875,463188,0.0,0.0
2022-10-04 00:00:00+07:00,84951.453125,86458.53125,82095.9453125,84078.9375,72865.03125,328291,0.0,0.0
2022-10-05 00:00:00+07:00,84158.2578125,86379.2109375,84158.2578125,84872.1328125,73552.4296875,507187,0.0,0.0
2022-10-06 00:00:00+07:00,85030.7734375,86061.9296875,84792.8203125,84792.8203125,73483.6953125,564550,0.0,0.0
2022-10-07 00:00:00+07:00,84792.8203125,84792.8203125,80906.1484375,80906.1484375,70115.40625,421080,0.0,0.0
2022-10-10 00:00:00+07:00,80906.1484375,86537.8515625,80906.1484375,84078.9375,72865.03125,543370,0.0,0.0
2022-10-11 00:00:00+07:00,84078.9375,86537.8515625,83285.7421875,84158.2578125,72933.765625,640697,0.0,0.0
2022-10-12 00:00:00+07:00,83365.0625,85506.6953125,83365.0625,84872.1328125,73552.4296875,214070,0.0,0.0
2022-10-13 00:00:00+07:00,83999.6171875,85823.9765625,83365.0625,85665.3359375,74239.84375,686588,0.0,0.0
2022-10-14 00:00:00+07:00,85744.65625,87410.3671875,85665.3359375,87093.0859375,75477.171875,488907,0.0,0.0
2022-10-17 00:00:00+07:00,85586.015625,89789.9609375,85030.7734375,88441.5234375,76645.765625,378468,0.0,0.0
2022-10-18 00:00:00+07:00,89789.9609375,89789.9609375,88044.9296875,88044.9296875,76302.0625,565432,0.0,0.0
2022-10-19 00:00:00+07:00,88124.25,89631.3203125,85665.3359375,86537.8515625,74995.9921875,533536,0.0,0.0
2022-10-20 00:00:00+07:00,86458.53125,88044.9296875,85823.9765625,87965.609375,76233.3203125,208270,0.0,0.0
2022-10-21 00:00:00+07:00,87965.609375,89314.0390625,85030.7734375,85030.7734375,73689.921875,590395,0.0,0.0
2022-10-24 00:00:00+07:00,85030.7734375,86379.2109375,84475.5390625,85030.7734375,73689.921875,634898,0.0,0.0
2022-10-25 00:00:00+07:00,85030.7734375,86458.53125,83761.65625,85030.7734375,73689.921875,463062,0.0,0.0
2022-10-26 00:00:00+07:00,85030.7734375,85823.9765625,84792.8203125,85665.3359375,74239.84375,229198,0.0,0.0
2022-10-27 00:00:00+07:00,86379.2109375,88203.5625,84951.453125,87251.7265625,75614.6484375,590773,0.0,0.0
2022-10-28 00:00:00+07:00,87331.046875,88044.9296875,86458.53125,86458.53125,74927.2421875,244705,0.0,0.0
2022-10-31 00:00:00+07:00,86458.53125,88124.25,86061.9296875,88124.25,76370.8046875,197050,0.0,0.0
2022-11-01 00:00:00+07:00,88362.203125,90027.921875,86617.171875,87251.7265625,75614.6484375,568962,0.0,0.0
2022-11-02 00:00:00+07:00,87727.6484375,90027.921875,86220.5703125,87251.7265625,75614.6484375,736386,0.0,0.0
2022-11-03 00:00:00+07:00,88679.484375,88996.765625,87251.7265625,88362.203125,76577.0234375,204614,0.0,0.0
2022-11-04 00:00:00+07:00,88362.203125,88838.125,85744.65625,88044.9296875,76302.0625,415533,0.0,0.0
2022-11-07 00:00:00+07:00,88441.5234375,90027.921875,88441.5234375,89552.0,77608.125,510465,0.0,0.0
2022-11-08 00:00:00+07:00,90345.203125,91217.71875,89552.0,90741.796875,78639.234375,481090,0.0,0.0
2022-11-09 00:00:00+07:00,90821.1171875,93200.7109375,90741.796875,92328.1953125,80014.046875,510339,0.0,0.0
2022-11-10 00:00:00+07:00,91297.0390625,92645.46875,87251.7265625,89948.6015625,77951.8359375,348210,0.0,0.0
2022-11-11 00:00:00+07:00,90107.2421875,92407.515625,90107.2421875,90345.203125,78295.546875,214448,0.0,0.0
2022-11-14 00:00:00+07:00,90186.5625,92010.9140625,87886.2890625,90265.8828125,78226.8046875,441756,0.0,0.0
2022-11-15 00:00:00+07:00,90265.8828125,90821.1171875,86458.53125,88441.5234375,76645.765625,530763,0.0,0.0
2022-11-16 00:00:00+07:00,83682.34375,92804.109375,83682.34375,92804.109375,80426.4921875,396748,0.0,0.0
2022-11-17 00:00:00+07:00,91693.6328125,95183.703125,91693.6328125,94945.7421875,82282.484375,557742,0.0,0.0
2022-11-18 00:00:00+07:00,94469.828125,94707.7890625,88838.125,90662.4765625,78570.5,502522,0.0,0.0
2022-11-21 00:00:00+07:00,90662.4765625,90821.1171875,87648.328125,88282.8828125,76508.28125,217095,0.0,0.0
2022-11-22 00:00:00+07:00,88124.25,91138.3984375,86537.8515625,86617.171875,75064.7265625,395992,0.0,0.0
2022-11-23 00:00:00+07:00,86934.453125,88600.1640625,85665.3359375,85823.9765625,74377.328125,287065,0.0,0.0
2022-11-24 00:00:00+07:00,86458.53125,86458.53125,83285.7421875,83920.296875,72727.546875,598211,0.0,0.0
2022-11-25 00:00:00+07:00,84872.1328125,85268.734375,82492.546875,83127.1015625,72040.1484375,502775,0.0,0.0
2022-11-28 00:00:00+07:00,83127.1015625,88917.4453125,82492.546875,88917.4453125,77058.2109375,466718,0.0,0.0
2022-11-29 00:00:00+07:00,88838.125,90345.203125,86379.2109375,88838.125,76989.46875,510843,0.0,0.0
2022-11-30 00:00:00+07:00,88838.125,88838.125,87251.7265625,87410.3671875,75752.1328125,356657,0.0,0.0
2022-12-01 00:00:00+07:00,88838.125,88838.125,83285.7421875,84475.5390625,73208.734375,648514,0.0,0.0
2022-12-02 00:00:00+07:00,84475.5390625,89631.3203125,84475.5390625,88203.5625,76439.5390625,721131,0.0,0.0
2022-12-05 00:00:00+07:00,89631.3203125,90107.2421875,87806.96875,89789.9609375,77814.3515625,631116,0.0,0.0
2022-12-06 00:00:00+07:00,89631.3203125,90027.921875,86458.53125,86855.1328125,75270.953125,623426,0.0,0.0
2022-12-07 00:00:00+07:00,86855.1328125,88441.5234375,84713.5,84713.5,73414.953125,424736,0.0,0.0
2022-12-08 00:00:00+07:00,85744.65625,87965.609375,84078.9375,84078.9375,72865.03125,587369,0.0,0.0
2022-12-09 00:00:00+07:00,85586.015625,86061.9296875,84078.9375,84078.9375,72865.03125,472391,0.0,0.0
2022-12-12 00:00:00+07:00,85665.3359375,85982.609375,83285.7421875,83285.7421875,72177.625,441504,0.0,0.0
2022-12-13 00:00:00+07:00,84792.8203125,85268.734375,83365.0625,83761.65625,72590.0625,505422,0.0,0.0
2022-12-14 00:00:00+07:00,84554.859375,85665.3359375,84475.5390625,85268.734375,73896.140625,349849,0.0,0.0
2022-12-15 00:00:00+07:00,84872.1328125,85665.3359375,83761.65625,84316.8984375,73071.25,636411,0.0,0.0
2022-12-16 00:00:00+07:00,84316.8984375,85586.015625,83920.296875,84396.21875,73140.0,322870,0.0,0.0
2022-12-19 00:00:00+07:00,84078.9375,84713.5,83444.3828125,83444.3828125,72315.1171875,566693,0.0,0.0
2022-12-20 00:00:00+07:00,83285.7421875,83682.34375,82175.265625,83127.1015625,72040.1484375,275215,0.0,0.0
2022-12-21 00:00:00+07:00,84078.9375,84078.9375,82095.9453125,82095.9453125,71146.515625,250126,0.0,0.0
2022-12-22 00:00:00+07:00,83285.7421875,83285.7421875,80271.59375,80271.59375,69565.4921875,320222,0.0,0.0
2022-12-23 00:00:00+07:00,81302.75,82333.90625,80509.546875,80509.546875,69771.703125,329678,0.0,0.0
2022-12-26 00:00:00+07:00,80985.46875,82968.4609375,80985.46875,81382.0703125,70527.8515625,419063,0.0,0.0
2022-12-27 00:00:00+07:00,82413.2265625,82492.546875,80747.5078125,81778.6640625,70871.5546875,195033,0.0,0.0
2022-12-28 00:00:00+07:00,82175.265625,82492.546875,81064.7890625,81699.34375,70802.8046875,279627,0.0,0.0
2022-12-29 00:00:00+07:00,82413.2265625,82413.2265625,81382.0703125,81382.0703125,70527.8515625,123046,0.0,0.0
2022-12-30 00:00:00+07:00,81382.0703125,81540.703125,80509.546875,80509.546875,69771.703125,178391,0.0,0.0
2023-01-02 00:00:00+07:00,80509.546875,80509.546875,80509.546875,80509.546875,69771.703125,0,0.0,0.0
2023-01-03 00:00:00+07:00,80906.1484375,83285.7421875,80826.828125,83285.7421875,72177.625,362835,0.0,0.0
2023-01-04 00:00:00+07:00,83682.34375,83682.34375,82492.546875,83285.7421875,72177.625,283662,0.0,0.0
2023-01-05 00:00:00+07:00,83285.7421875,84634.1796875,82889.140625,84554.859375,73277.4765625,340520,0.0,0.0
2023-01-06 00:00:00+07:00,84475.5390625,84792.8203125,82968.4609375,83047.78125,71971.40625,174987,0.0,0.0
2023-01-09 00:00:00+07:00,83523.703125,83761.65625,82492.546875,82889.140625,71833.921875,193520,0.0,0.0
2023-01-10 00:00:00+07:00,82889.140625,82968.4609375,81778.6640625,82968.4609375,71902.6640625,323122,0.0,0.0
2023-01-11 00:00:00+07:00,83206.421875,83603.0234375,82571.8671875,82651.1796875,71627.6953125,136283,0.0,0.0
2023-01-12 00:00:00+07:00,82651.1796875,83444.3828125,82651.1796875,83285.7421875,72177.625,298538,0.0,0.0
2023-01-13 00:00:00+07:00,82968.4609375,83682.34375,82809.8203125,82889.140625,71833.921875,243445,0.0,0.0
2023-01-16 00:00:00+07:00,83127.1015625,83127.1015625,81699.34375,81699.34375,70802.8046875,308750,0.0,0.0
2023-01-17 00:00:00+07:00,81699.34375,83047.78125,81302.75,82651.1796875,71627.6953125,365987,0.0,0.0
2023-01-18 00:00:00+07:00,83206.421875,83840.9765625,82651.1796875,82730.5,71696.4375,191377,0.0,0.0
2023-01-19 00:00:00+07:00,83047.78125,83206.421875,82095.9453125,82889.140625,71833.921875,314927,0.0,0.0
2023-01-20 00:00:00+07:00,82889.140625,82889.140625,82889.140625,82889.140625,71833.921875,0,0.0,0.0
2023-01-23 00:00:00+07:00,82889.140625,82889.140625,82889.140625,82889.140625,71833.921875,0,0.0,0.0
2023-01-24 00:00:00+07:00,82889.140625,82889.140625,82889.140625,82889.140625,71833.921875,0,0.0,0.0
2023-01-25 00:00:00+07:00,82889.140625,82889.140625,82889.140625,82889.140625,71833.921875,0,0.0,0.0
2023-01-26 00:00:00+07:00,82889.140625,82889.140625,82889.140625,82889.140625,71833.921875,0,0.0,0.0
2023-01-27 00:00:00+07:00,83365.0625,87410.3671875,83365.0625,85823.9765625,74377.328125,674989,0.0,0.0
2023-01-30 00:00:00+07:00,86458.53125,86537.8515625,84554.859375,84554.859375,73277.4765625,337242,0.0,0.0
2023-01-31 00:00:00+07:00,84554.859375,85268.734375,83761.65625,84316.8984375,73071.25,357666,0.0,0.0
2023-02-01 00:00:00+07:00,84792.8203125,87727.6484375,84078.9375,84554.859375,73277.4765625,923855,0.0,0.0
2023-02-02 00:00:00+07:00,84872.1328125,85665.3359375,84396.21875,84872.1328125,73552.4296875,370525,0.0,0.0
2023-02-03 00:00:00+07:00,84713.5,84872.1328125,83444.3828125,83444.3828125,72315.1171875,326400,0.0,0.0
2023-02-06 00:00:00+07:00,83444.3828125,84872.1328125,82651.1796875,84078.9375,72865.03125,305094,0.0,0.0
2023-02-07 00:00:00+07:00,84634.1796875,85506.6953125,83285.7421875,84316.8984375,73071.25,362330,0.0,0.0
2023-02-08 00:00:00+07:00,84316.8984375,85665.3359375,84237.578125,85110.09375,73758.65625,344806,0.0,0.0
2023-02-09 00:00:00+07:00,85586.015625,86299.890625,85110.09375,85744.65625,74308.5859375,396622,0.0,0.0
2023-02-10 00:00:00+07:00,85744.65625,85744.65625,84158.2578125,84158.2578125,72933.765625,255169,0.0,0.0
2023-02-13 00:00:00+07:00,84158.2578125,85506.6953125,83523.703125,83999.6171875,72796.2890625,253909,0.0,0.0
2023-02-14 00:00:00+07:00,84316.8984375,84872.1328125,83761.65625,83761.65625,72590.0625,136409,0.0,0.0
2023-02-15 00:00:00+07:00,84078.9375,85268.734375,83840.9765625,84951.453125,73621.1796875,229072,0.0,0.0
2023-02-16 00:00:00+07:00,84396.21875,86379.2109375,84396.21875,85586.015625,74171.109375,329173,0.0,0.0
2023-02-17 00:00:00+07:00,85268.734375,85586.015625,84634.1796875,85030.7734375,73689.921875,234872,0.0,0.0
2023-02-20 00:00:00+07:00,85110.09375,86458.53125,85110.09375,86458.53125,74927.2421875,252270,0.0,0.0
2023-02-21 00:00:00+07:00,86061.9296875,86855.1328125,85903.296875,85903.296875,74446.0703125,272567,0.0,0.0
2023-02-22 00:00:00+07:00,85268.734375,87251.7265625,84792.8203125,84872.1328125,73552.4296875,303455,0.0,0.0
2023-02-23 00:00:00+07:00,85348.0546875,85348.0546875,83127.1015625,83920.296875,72727.546875,220247,0.0,0.0
2023-02-24 00:00:00+07:00,84078.9375,85268.734375,83285.7421875,84475.5390625,73208.734375,160615,0.0,0.0
2023-02-27 00:00:00+07:00,84475.5390625,84475.5390625,81699.34375,82492.546875,71490.2265625,309128,0.0,0.0
2023-02-28 00:00:00+07:00,83285.7421875,83603.0234375,82016.625,82095.9453125,71146.515625,92662,0.0,0.0
2023-03-01 00:00:00+07:00,81857.984375,83999.6171875,81857.984375,83365.0625,72246.375,142461,0.0,0.0
2023-03-02 00:00:00+07:00,83285.7421875,83920.296875,82968.4609375,83285.7421875,72177.625,145108,0.0,0.0
2023-03-03 00:00:00+07:00,83999.6171875,83999.6171875,81540.703125,82889.140625,71833.921875,232476,0.0,0.0
2023-03-06 00:00:00+07:00,83285.7421875,83682.34375,82175.265625,82254.5859375,71284.0,115860,0.0,0.0
2023-03-07 00:00:00+07:00,83206.421875,83682.34375,82413.2265625,82889.140625,71833.921875,256808,0.0,0.0
2023-03-08 00:00:00+07:00,82333.90625,83999.6171875,82254.5859375,83999.6171875,72796.2890625,186334,0.0,0.0
2023-03-09 00:00:00+07:00,83523.703125,85586.015625,83523.703125,84713.5,73414.953125,240293,0.0,0.0
2023-03-10 00:00:00+07:00,84316.8984375,85110.09375,83682.34375,84872.1328125,73552.4296875,289209,0.0,0.0
2023-03-13 00:00:00+07:00,84872.1328125,86061.9296875,83999.6171875,85744.65625,74308.5859375,437469,0.0,0.0
2023-03-14 00:00:00+07:00,84316.8984375,85665.3359375,83682.34375,85427.375,74033.6171875,233233,0.0,0.0
2023-03-15 00:00:00+07:00,85427.375,85665.3359375,84554.859375,84872.1328125,73552.4296875,247479,0.0,0.0
2023-03-16 00:00:00+07:00,84872.1328125,84872.1328125,82651.1796875,82968.4609375,71902.6640625,350101,0.0,0.0
2023-03-17 00:00:00+07:00,83523.703125,84237.578125,82254.5859375,82254.5859375,71284.0,285679,0.0,0.0
2023-03-20 00:00:00+07:00,82492.546875,82968.4609375,81620.0234375,81699.34375,70802.8046875,238906,0.0,0.0
2023-03-21 00:00:00+07:00,81857.984375,82492.546875,81382.0703125,81857.984375,70940.296875,141200,0.0,0.0
2023-03-22 00:00:00+07:00,82492.546875,82492.546875,81461.390625,81620.0234375,70734.0625,159228,0.0,0.0
2023-03-23 00:00:00+07:00,81302.75,81699.34375,80906.1484375,81302.75,70459.109375,184947,0.0,0.0
2023-03-24 00:00:00+07:00,81382.0703125,82175.265625,80985.46875,81223.4296875,70390.375,316945,0.0,0.0
2023-03-27 00:00:00+07:00,81302.75,81778.6640625,80906.1484375,80906.1484375,70115.40625,128719,0.0,0.0
2023-03-28 00:00:00+07:00,81223.4296875,82571.8671875,81223.4296875,82254.5859375,71284.0,341402,0.0,0.0
2023-03-29 00:00:00+07:00,82254.5859375,82254.5859375,81382.0703125,81540.703125,70665.328125,125189,0.0,0.0
2023-03-30 00:00:00+07:00,81699.34375,82413.2265625,81223.4296875,81223.4296875,70390.375,175114,0.0,0.0
2023-03-31 00:00:00+07:00,81223.4296875,81857.984375,80747.5078125,80906.1484375,70115.40625,311271,0.0,0.0
2023-04-03 00:00:00+07:00,82175.265625,82333.90625,80906.1484375,81302.75,70459.109375,406077,0.0,0.0
2023-04-04 00:00:00+07:00,82095.9453125,82095.9453125,80747.5078125,80826.828125,70046.671875,712180,0.0,0.0
2023-04-05 00:00:00+07:00,81620.0234375,81620.0234375,80747.5078125,80826.828125,70046.671875,274710,0.0,0.0
2023-04-06 00:00:00+07:00,81461.390625,81461.390625,80430.2265625,80509.546875,69771.703125,387167,0.0,0.0
2023-04-07 00:00:00+07:00,80430.2265625,80826.828125,80112.953125,80271.59375,69565.4921875,182804,0.0,0.0
2023-04-10 00:00:00+07:00,80192.2734375,80668.1875,78923.15625,78923.15625,68396.890625,589890,0.0,0.0
2023-04-11 00:00:00+07:00,78923.15625,79637.03125,78923.15625,79240.4375,68671.859375,302572,0.0,0.0
2023-04-12 00:00:00+07:00,79319.75,80192.2734375,79002.4765625,79161.1171875,68603.1171875,353127,0.0,0.0
2023-04-13 00:00:00+07:00,80033.6328125,80033.6328125,79081.796875,79319.75,68740.59375,228694,0.0,0.0
2023-04-14 00:00:00+07:00,79874.9921875,79874.9921875,77812.6796875,77812.6796875,67434.5234375,354514,0.0,0.0
2023-04-17 00:00:00+07:00,77892.0,78209.2734375,77019.484375,77098.796875,66815.859375,300555,0.0,0.0
2023-04-18 00:00:00+07:00,77336.7578125,77574.71875,76702.203125,76781.5234375,66540.8984375,277610,0.0,0.0
2023-04-19 00:00:00+07:00,77336.7578125,77574.71875,75433.0859375,75829.6875,65716.0078125,421584,0.0,0.0
2023-04-20 00:00:00+07:00,76146.9609375,77336.7578125,75829.6875,76146.9609375,65990.96875,354136,0.0,0.0
2023-04-21 00:00:00+07:00,76781.5234375,76781.5234375,75512.40625,75671.046875,65578.5234375,522946,0.0,0.0
2023-04-24 00:00:00+07:00,75750.3671875,75909.0078125,73846.6875,73846.6875,63997.4921875,710793,0.0,0.0
2023-04-25 00:00:00+07:00,74560.5703125,74560.5703125,72974.171875,72974.171875,63241.34765625,405573,0.0,0.0
2023-04-26 00:00:00+07:00,72656.890625,74719.2109375,72656.890625,74084.6484375,64203.7109375,424232,0.0,0.0
2023-04-27 00:00:00+07:00,74243.2890625,74719.2109375,73132.8125,73132.8125,63378.82421875,376955,0.0,0.0
2023-04-28 00:00:00+07:00,74005.328125,74005.328125,73212.1328125,73608.734375,63791.2734375,203354,0.0,0.0
2023-05-01 00:00:00+07:00,73608.734375,73608.734375,73608.734375,73608.734375,63791.2734375,0,0.0,0.0
2023-05-02 00:00:00+07:00,73608.734375,73608.734375,73608.734375,73608.734375,63791.2734375,0,0.0,0.0
2023-05-03 00:00:00+07:00,73608.734375,73608.734375,73608.734375,73608.734375,63791.2734375,0,0.0,0.0
2023-05-04 00:00:00+07:00,73053.4921875,73608.734375,72656.890625,72974.171875,63241.34765625,257439,0.0,0.0
2023-05-05 00:00:00+07:00,72974.171875,73291.453125,72656.890625,72894.8515625,63172.60546875,211296,0.0,0.0
2023-05-08 00:00:00+07:00,73132.8125,73846.6875,73132.8125,73846.6875,63997.4921875,332073,0.0,0.0
2023-05-09 00:00:00+07:00,74163.96875,75115.8046875,74163.96875,74639.890625,64684.90625,348715,0.0,0.0
2023-05-10 00:00:00+07:00,75036.484375,75036.484375,73608.734375,73926.0078125,64066.234375,312028,0.0,0.0
2023-05-11 00:00:00+07:00,74163.96875,74401.9296875,73132.8125,73132.8125,63378.82421875,513491,0.0,0.0
2023-05-12 00:00:00+07:00,72974.171875,73608.734375,72974.171875,73370.7734375,63585.0546875,331947,0.0,0.0
2023-05-15 00:00:00+07:00,73767.3671875,74481.25,73132.8125,73132.8125,63378.82421875,499623,0.0,0.0
2023-05-16 00:00:00+07:00,73767.3671875,73926.0078125,73132.8125,73291.453125,63516.3125,319088,0.0,0.0
2023-05-17 00:00:00+07:00,73370.7734375,73767.3671875,72815.53125,72894.8515625,63172.60546875,366869,0.0,0.0
2023-05-18 00:00:00+07:00,72974.171875,74163.96875,72815.53125,73767.3671875,63928.75,634016,0.0,0.0
2023-05-19 00:00:00+07:00,73926.0078125,75750.3671875,73846.6875,75274.4453125,65234.82421875,1086236,0.0,0.0
2023-05-22 00:00:00+07:00,75750.3671875,75829.6875,74560.5703125,75115.8046875,65097.33984375,452724,0.0,0.0
2023-05-23 00:00:00+07:00,75274.4453125,75274.4453125,73846.6875,73926.0078125,64066.234375,548917,0.0,0.0
2023-05-24 00:00:00+07:00,73926.0078125,73926.0078125,73926.0078125,73926.0078125,64066.234375,0,0.0,0.0
2023-05-25 00:00:00+07:00,73767.3671875,75195.125,73370.7734375,75115.8046875,65097.33984375,770678,0.0,0.0
2023-05-26 00:00:00+07:00,75671.046875,75671.046875,74163.96875,74322.609375,64409.9453125,540596,0.0,0.0
2023-05-29 00:00:00+07:00,74560.5703125,74877.84375,74163.96875,74401.9296875,64478.6796875,524081,0.0,0.0
2023-05-30 00:00:00+07:00,74401.9296875,74560.5703125,73608.734375,73688.0546875,63860.015625,739412,0.0,0.0
2023-05-31 00:00:00+07:00,73608.734375,73926.0078125,73608.734375,73608.734375,63791.2734375,511095,0.0,0.0
2023-06-01 00:00:00+07:00,74163.96875,74163.96875,72974.171875,72974.171875,63241.34765625,691000,0.0,0.0
2023-06-02 00:00:00+07:00,73212.1328125,73608.734375,72974.171875,72974.171875,63241.34765625,724661,0.0,0.0
2023-06-05 00:00:00+07:00,73450.09375,74560.5703125,73450.09375,74560.5703125,64616.1640625,657591,0.0,0.0
2023-06-06 00:00:00+07:00,74957.1640625,75988.3203125,74798.53125,75433.0859375,65372.30859375,1056105,0.0,0.0
2023-06-07 00:00:00+07:00,75512.40625,75750.3671875,74401.9296875,74957.1640625,64959.86328125,890950,0.0,0.0
2023-06-08 00:00:00+07:00,75353.765625,75512.40625,74005.328125,74243.2890625,64341.1953125,796775,0.0,0.0
2023-06-09 00:00:00+07:00,74243.2890625,74639.890625,73926.0078125,74322.609375,64409.9453125,364095,0.0,0.0
2023-06-12 00:00:00+07:00,74877.84375,74877.84375,73688.0546875,74481.25,64547.421875,618004,0.0,0.0
2023-06-13 00:00:00+07:00,74798.53125,74877.84375,74243.2890625,74560.5703125,64616.1640625,733865,0.0,0.0
2023-06-14 00:00:00+07:00,74639.890625,75909.0078125,74639.890625,75036.484375,65028.59765625,958273,0.0,0.0
2023-06-15 00:00:00+07:00,75274.4453125,77574.71875,75115.8046875,76622.8828125,66403.4140625,1637801,0.0,0.0
2023-06-16 00:00:00+07:00,77098.796875,77257.4375,75750.3671875,75750.3671875,65647.265625,743572,0.0,0.0
2023-06-19 00:00:00+07:00,75909.0078125,76860.84375,75512.40625,75512.40625,65441.05078125,804213,0.0,0.0
2023-06-20 00:00:00+07:00,75512.40625,76543.5625,75195.125,76543.5625,66334.671875,640697,0.0,0.0
2023-06-21 00:00:00+07:00,76543.5625,76543.5625,75591.7265625,75988.3203125,65853.484375,609558,0.0,0.0
2023-06-22 00:00:00+07:00,75988.3203125,75988.3203125,75988.3203125,75988.3203125,65853.484375,0,0.0,0.0
2023-06-23 00:00:00+07:00,76384.921875,76384.921875,75353.765625,75512.40625,65441.05078125,792110,0.0,0.0
2023-06-26 00:00:00+07:00,75512.40625,76384.921875,75433.0859375,76146.9609375,65990.96875,1188102,0.0,0.0
2023-06-27 00:00:00+07:00,76702.203125,76940.1640625,76146.9609375,76384.921875,66197.1875,643723,0.0,0.0
2023-06-28 00:00:00+07:00,76860.84375,76860.84375,75671.046875,75671.046875,65578.5234375,961299,0.0,0.0
2023-06-29 00:00:00+07:00,75750.3671875,75988.3203125,75036.484375,75036.484375,65028.59765625,895237,0.0,0.0
2023-06-30 00:00:00+07:00,75036.484375,75353.765625,73767.3671875,73767.3671875,63928.75,859054,0.0,0.0
2023-07-03 00:00:00+07:00,74401.9296875,74957.1640625,74243.2890625,74560.5703125,64616.1640625,480208,0.0,0.0
2023-07-04 00:00:00+07:00,74877.84375,75671.046875,74639.890625,75433.0859375,65372.30859375,628342,0.0,0.0
2023-07-05 00:00:00+07:00,75591.7265625,75591.7265625,74798.53125,74798.53125,64822.37890625,517399,0.0,0.0
2023-07-06 00:00:00+07:00,75353.765625,76543.5625,75115.8046875,75512.40625,65441.05078125,1732607,0.0,0.0
2023-07-07 00:00:00+07:00,75909.0078125,76622.8828125,75591.7265625,76146.9609375,65990.96875,847834,0.0,0.0
2023-07-10 00:00:00+07:00,76543.5625,77416.078125,76464.2421875,77336.7578125,67022.078125,1419444,0.0,0.0
2023-07-11 00:00:00+07:00,77574.71875,77733.359375,76940.1640625,77098.796875,66815.859375,907214,0.0,0.0
2023-07-12 00:00:00+07:00,77416.078125,77416.078125,76305.6015625,76543.5625,66334.671875,716719,0.0,0.0
2023-07-13 00:00:00+07:00,76940.1640625,79002.4765625,76622.8828125,78764.515625,68259.40625,1725043,0.0,0.0
2023-07-14 00:00:00+07:00,78923.15625,79716.3515625,78129.9609375,78526.5546875,68053.1875,876452,0.0,0.0
2023-07-17 00:00:00+07:00,78605.875,78685.1953125,77812.6796875,78526.5546875,68053.1875,648136,0.0,0.0
2023-07-18 00:00:00+07:00,78526.5546875,79637.03125,78129.9609375,79161.1171875,68603.1171875,935832,0.0,0.0
2023-07-19 00:00:00+07:00,79557.7109375,79557.7109375,78447.234375,78447.234375,67984.4375,663138,0.0,0.0
2023-07-20 00:00:00+07:00,78288.59375,78685.1953125,77336.7578125,78288.59375,67846.9609375,709281,0.0,0.0
2023-07-21 00:00:00+07:00,78288.59375,78843.8359375,77812.6796875,78843.8359375,68328.1484375,671459,0.0,0.0
2023-07-24 00:00:00+07:00,79081.796875,79240.4375,78050.640625,78129.9609375,67709.484375,679654,0.0,0.0
2023-07-25 00:00:00+07:00,78367.9140625,79002.4765625,78129.9609375,78367.9140625,67915.703125,521055,0.0,0.0
2023-07-26 00:00:00+07:00,78367.9140625,78367.9140625,77892.0,77892.0,67503.265625,491932,0.0,0.0
2023-07-27 00:00:00+07:00,78129.9609375,78367.9140625,77812.6796875,77892.0,67503.265625,590269,0.0,0.0
2023-07-28 00:00:00+07:00,77733.359375,79002.4765625,77733.359375,78923.15625,68396.890625,677384,0.0,0.0
2023-07-31 00:00:00+07:00,79399.0703125,81382.0703125,79399.0703125,80588.8671875,69840.4453125,1500130,0.0,0.0
2023-08-01 00:00:00+07:00,81144.109375,81144.109375,79874.9921875,79874.9921875,69221.78125,767652,0.0,0.0
2023-08-02 00:00:00+07:00,80112.953125,80588.8671875,79240.4375,79637.03125,69015.5625,416667,0.0,0.0
2023-08-03 00:00:00+07:00,79637.03125,79716.3515625,79002.4765625,79002.4765625,68465.6328125,568584,0.0,0.0
2023-08-04 00:00:00+07:00,79002.4765625,80033.6328125,78843.8359375,79557.7109375,68946.8125,686840,0.0,0.0
2023-08-07 00:00:00+07:00,80350.9140625,80350.9140625,79240.4375,80033.6328125,69359.2578125,442764,0.0,0.0
2023-08-08 00:00:00+07:00,80033.6328125,80430.2265625,79795.671875,80271.59375,69565.4921875,667803,0.0,0.0
2023-08-09 00:00:00+07:00,80430.2265625,80430.2265625,79795.671875,80112.953125,69428.0,468357,0.0,0.0
2023-08-10 00:00:00+07:00,80826.828125,82254.5859375,80509.546875,80906.1484375,70115.40625,973149,0.0,0.0
2023-08-11 00:00:00+07:00,80747.5078125,80906.1484375,79874.9921875,80509.546875,69771.703125,433939,0.0,0.0
2023-08-14 00:00:00+07:00,80588.8671875,80826.828125,79716.3515625,79795.671875,69153.0390625,692513,0.0,0.0
2023-08-15 00:00:00+07:00,79874.9921875,79874.9921875,79399.0703125,79637.03125,69015.5625,411499,0.0,0.0
2023-08-16 00:00:00+07:00,79637.03125,80430.2265625,79319.75,79478.390625,68878.0703125,508574,0.0,0.0
2023-08-17 00:00:00+07:00,79319.75,80112.953125,79002.4765625,79319.75,68740.59375,524963,0.0,0.0
2023-08-18 00:00:00+07:00,79240.4375,79240.4375,77416.078125,77416.078125,67090.8203125,1141203,0.0,0.0
2023-08-21 00:00:00+07:00,78209.2734375,78843.8359375,77812.6796875,78605.875,68121.9296875,569467,0.0,0.0
2023-08-22 00:00:00+07:00,78923.15625,80112.953125,78526.5546875,79557.7109375,68946.8125,754288,0.0,0.0
2023-08-23 00:00:00+07:00,79557.7109375,80985.46875,79557.7109375,80826.828125,70046.671875,913139,0.0,0.0
2023-08-24 00:00:00+07:00,81302.75,81302.75,80826.828125,81223.4296875,70390.375,697682,0.0,0.0
2023-08-25 00:00:00+07:00,81223.4296875,81223.4296875,80112.953125,80430.2265625,69702.9609375,680284,0.0,0.0
2023-08-28 00:00:00+07:00,81144.109375,82333.90625,80747.5078125,81857.984375,70940.296875,866745,0.0,0.0
2023-08-29 00:00:00+07:00,80112.953125,80112.953125,78843.8359375,79240.4375,71153.9765625,684697,2855.5112,0.0
2023-08-30 00:00:00+07:00,79319.75,79319.75,78367.9140625,78764.515625,70726.6171875,537823,0.0,0.0
2023-08-31 00:00:00+07:00,78764.515625,78923.15625,78209.2734375,78209.2734375,70228.0390625,723275,0.0,0.0
2023-09-01 00:00:00+07:00,78209.2734375,78209.2734375,78209.2734375,78209.2734375,70228.0390625,0,0.0,0.0
2023-09-04 00:00:00+07:00,78209.2734375,78209.2734375,78209.2734375,78209.2734375,70228.0390625,0,0.0,0.0
2023-09-05 00:00:00+07:00,79478.390625,79478.390625,78288.59375,79002.4765625,70940.296875,530258,0.0,0.0
2023-09-06 00:00:00+07:00,79240.4375,80747.5078125,79081.796875,80509.546875,72293.5703125,690748,0.0,0.0
2023-09-07 00:00:00+07:00,80430.2265625,81857.984375,79795.671875,81620.0234375,73290.71875,1149650,0.0,0.0
2023-09-08 00:00:00+07:00,81620.0234375,81937.3046875,81064.7890625,81064.7890625,72792.1484375,692009,0.0,0.0
2023-09-11 00:00:00+07:00,82095.9453125,82095.9453125,80192.2734375,80430.2265625,72222.34375,468735,0.0,0.0
2023-09-12 00:00:00+07:00,81064.7890625,82175.265625,80192.2734375,81461.390625,73148.28125,742311,0.0,0.0
2023-09-13 00:00:00+07:00,81778.6640625,84316.8984375,81461.390625,83761.65625,75213.8046875,1634271,0.0,0.0
2023-09-14 00:00:00+07:00,83761.65625,85586.015625,82889.140625,84078.9375,75498.7109375,697052,0.0,0.0
2023-09-15 00:00:00+07:00,84872.1328125,87013.7734375,84158.2578125,86934.453125,78062.8125,999750,0.0,0.0
2023-09-18 00:00:00+07:00,87172.40625,88758.8046875,85665.3359375,86458.53125,77635.4609375,591908,0.0,0.0
2023-09-19 00:00:00+07:00,86458.53125,88044.9296875,85348.0546875,87251.7265625,78347.7109375,509456,0.0,0.0
2023-09-20 00:00:00+07:00,87251.7265625,87251.7265625,85982.609375,86458.53125,77635.4609375,540092,0.0,0.0
2023-09-21 00:00:00+07:00,86141.25,86458.53125,84475.5390625,84475.5390625,75854.8359375,975923,0.0,0.0
2023-09-22 00:00:00+07:00,85570.1484375,86617.171875,84523.1328125,86521.984375,77692.4375,767778,0.0,1.2
2023-09-25 00:00:00+07:00,86521.984375,87569.0078125,84713.5,85189.4140625,76495.859375,533389,0.0,0.0
2023-09-26 00:00:00+07:00,85189.4140625,85855.703125,84523.1328125,84523.1328125,75897.5703125,463944,0.0,0.0
2023-09-27 00:00:00+07:00,84713.5,85189.4140625,81857.984375,84618.3125,75983.0390625,599367,0.0,0.0
2023-09-28 00:00:00+07:00,85474.96875,87093.0859375,84618.3125,87093.0859375,78205.265625,970754,0.0,0.0
2023-09-29 00:00:00+07:00,87283.4609375,87283.4609375,85189.4140625,86331.6171875,77521.5,626682,0.0,0.0
2023-10-02 00:00:00+07:00,86141.25,86141.25,84618.3125,84999.046875,76324.921875,303728,0.0,0.0
2023-10-03 00:00:00+07:00,84523.1328125,84523.1328125,81857.984375,82143.5390625,73760.8125,573627,0.0,0.0
2023-10-04 00:00:00+07:00,81857.984375,82333.90625,81667.6171875,81667.6171875,73333.4609375,634142,0.0,0.0
2023-10-05 00:00:00+07:00,81572.4375,81667.6171875,80144.6796875,80144.6796875,71965.9375,619748,0.0,0.0
2023-10-06 00:00:00+07:00,80049.4921875,80144.6796875,79002.4765625,80144.6796875,71965.9375,368130,0.0,0.0
2023-10-09 00:00:00+07:00,82333.90625,83095.375,81382.0703125,82429.0859375,74017.21875,540848,0.0,0.0
2023-10-10 00:00:00+07:00,83000.1875,83952.03125,81286.8828125,82238.71875,73846.28125,1035996,0.0,0.0
2023-10-11 00:00:00+07:00,82809.8203125,83285.7421875,81382.0703125,81857.984375,73504.40625,692030,0.0,0.0
2023-10-12 00:00:00+07:00,82238.71875,82238.71875,80906.1484375,81857.984375,73504.40625,672278,0.0,0.0
2023-10-13 00:00:00+07:00,81001.3359375,81857.984375,80335.046875,81667.6171875,73333.4609375,453649,0.0,0.0
2023-10-16 00:00:00+07:00,82333.90625,83666.4765625,82333.90625,82714.640625,74273.6328125,918749,0.0,0.0
2023-10-17 00:00:00+07:00,82524.2734375,82714.640625,81096.515625,81096.515625,72820.640625,477392,0.0,0.0
2023-10-18 00:00:00+07:00,80906.1484375,81001.3359375,77574.71875,79002.4765625,70940.296875,832915,0.0,0.0
2023-10-19 00:00:00+07:00,79002.4765625,79478.390625,77955.453125,77955.453125,70000.125,671123,0.0,0.0
2023-10-20 00:00:00+07:00,78241.0078125,79192.84375,76146.9609375,79192.84375,71111.2421875,853822,0.0,0.0
2023-10-23 00:00:00+07:00,79288.0234375,79288.0234375,76527.6953125,76718.0625,68889.0078125,491050,0.0,0.0
2023-10-24 00:00:00+07:00,77098.796875,77384.3515625,76146.9609375,77289.171875,69401.8359375,366029,0.0,0.0
2023-10-25 00:00:00+07:00,77098.796875,77479.5390625,76527.6953125,76527.6953125,68718.0625,346067,0.0,0.0
2023-10-26 00:00:00+07:00,74052.921875,76146.9609375,71863.6953125,71863.6953125,64530.0234375,1127188,0.0,0.0
2023-10-27 00:00:00+07:00,72815.53125,74719.2109375,71958.8828125,73862.5546875,66324.8984375,396916,0.0,0.0
2023-10-30 00:00:00+07:00,73862.5546875,73957.7421875,72815.53125,72910.71875,65470.19921875,269583,0.0,0.0
2023-10-31 00:00:00+07:00,72910.71875,73386.6328125,72339.6171875,72910.71875,65470.19921875,373173,0.0,0.0
2023-11-01 00:00:00+07:00,73767.3671875,73767.3671875,72625.1640625,73196.265625,65726.609375,311607,0.0,0.0
2023-11-02 00:00:00+07:00,73577.0,75385.4921875,73196.265625,75385.4921875,67692.421875,467201,0.0,0.0
2023-11-03 00:00:00+07:00,75575.859375,75861.4140625,74528.84375,75290.3125,67606.9609375,478338,0.0,0.0
2023-11-06 00:00:00+07:00,75290.3125,75290.3125,74243.2890625,75195.125,67521.484375,436209,0.0,0.0
2023-11-07 00:00:00+07:00,75195.125,76527.6953125,74719.2109375,75004.7578125,67350.546875,325475,0.0,0.0
2023-11-08 00:00:00+07:00,74719.2109375,76146.9609375,74243.2890625,76146.9609375,68376.1875,529817,0.0,0.0
2023-11-09 00:00:00+07:00,76146.9609375,76527.6953125,75195.125,76146.9609375,68376.1875,659881,0.0,0.0
2023-11-10 00:00:00+07:00,75195.125,76146.9609375,74719.2109375,74909.578125,67265.078125,552300,0.0,0.0
2023-11-13 00:00:00+07:00,75195.125,75671.046875,74814.390625,75195.125,67521.484375,321798,0.0,0.0
2023-11-14 00:00:00+07:00,75480.6796875,75861.4140625,74719.2109375,75290.3125,67606.9609375,468042,0.0,0.0
2023-11-15 00:00:00+07:00,75766.2265625,76813.25,75766.2265625,76242.1484375,68461.6640625,865484,0.0,0.0
2023-11-16 00:00:00+07:00,76051.78125,76146.9609375,75195.125,76146.9609375,68376.1875,684991,0.0,0.0
2023-11-17 00:00:00+07:00,75766.2265625,75861.4140625,74528.84375,74909.578125,67265.078125,818207,0.0,0.0
2023-11-20 00:00:00+07:00,73957.7421875,75099.9453125,73862.5546875,74528.84375,66923.1953125,601573,0.0,0.0
2023-11-21 00:00:00+07:00,75004.7578125,75290.3125,74528.84375,75195.125,67521.484375,398492,0.0,0.0
2023-11-22 00:00:00+07:00,75195.125,75480.6796875,74624.0234375,75195.125,67521.484375,505968,0.0,0.0
2023-11-23 00:00:00+07:00,75290.3125,75385.4921875,73291.453125,73291.453125,65812.0859375,642441,0.0,0.0
2023-11-24 00:00:00+07:00,73386.6328125,73862.5546875,72339.6171875,73767.3671875,66239.4296875,656519,0.0,0.0
2023-11-27 00:00:00+07:00,73957.7421875,73957.7421875,72815.53125,73101.0859375,65641.140625,424547,0.0,0.0
2023-11-28 00:00:00+07:00,72815.53125,73291.453125,72149.25,73291.453125,65812.0859375,552930,0.0,0.0
2023-11-29 00:00:00+07:00,73005.8984375,74243.2890625,72910.71875,74052.921875,66495.84375,626262,0.0,0.0
2023-11-30 00:00:00+07:00,74148.109375,74528.84375,72815.53125,72815.53125,65384.7265625,489264,0.0,0.0
2023-12-01 00:00:00+07:00,73291.453125,74148.109375,72910.71875,73957.7421875,66410.375,517630,0.0,0.0
2023-12-04 00:00:00+07:00,74052.921875,75290.3125,73957.7421875,75195.125,67521.484375,823145,0.0,0.0
2023-12-05 00:00:00+07:00,75195.125,76051.78125,74909.578125,75195.125,67521.484375,694971,0.0,0.0
2023-12-06 00:00:00+07:00,75195.125,75956.59375,75099.9453125,75956.59375,68205.25,504393,0.0,0.0
2023-12-07 00:00:00+07:00,75575.859375,75671.046875,73767.3671875,74148.109375,66581.3203125,900049,0.0,0.0
2023-12-08 00:00:00+07:00,74338.4765625,74909.578125,73767.3671875,73862.5546875,66324.8984375,929255,0.0,0.0
2023-12-11 00:00:00+07:00,74814.390625,74814.390625,74052.921875,74528.84375,66923.1953125,729641,0.0,0.0
2023-12-12 00:00:00+07:00,74528.84375,74624.0234375,74148.109375,74433.65625,66837.7265625,494937,0.0,0.0
2023-12-13 00:00:00+07:00,74433.65625,74433.65625,73101.0859375,73196.265625,65726.609375,1176461,0.0,0.0
2023-12-14 00:00:00+07:00,73196.265625,73957.7421875,73005.8984375,73196.265625,65726.609375,423601,0.0,0.0
2023-12-15 00:00:00+07:00,73196.265625,73196.265625,72339.6171875,72339.6171875,64957.3828125,847413,0.0,0.0
2023-12-18 00:00:00+07:00,72339.6171875,72434.796875,71863.6953125,71863.6953125,64530.0234375,646434,0.0,0.0
2023-12-19 00:00:00+07:00,71387.78125,71768.515625,70626.3125,71387.78125,64102.6796875,931356,0.0,0.0
2023-12-20 00:00:00+07:00,71863.6953125,71863.6953125,71197.4140625,71578.1484375,64273.6171875,602729,0.0,0.0
2023-12-21 00:00:00+07:00,71387.78125,71482.9609375,70816.6796875,71102.2265625,63846.26953125,764626,0.0,0.0
2023-12-22 00:00:00+07:00,71292.59375,71578.1484375,70721.4921875,71102.2265625,63846.26953125,647799,0.0,0.0
2023-12-25 00:00:00+07:00,71102.2265625,73005.8984375,71102.2265625,72815.53125,65384.7265625,1109748,0.0,0.0
2023-12-26 00:00:00+07:00,73005.8984375,73005.8984375,72054.0625,72720.3515625,65299.2578125,793203,0.0,0.0
2023-12-27 00:00:00+07:00,72720.3515625,73005.8984375,72434.796875,72625.1640625,65213.78515625,742143,0.0,0.0
2023-12-28 00:00:00+07:00,72720.3515625,72720.3515625,71958.8828125,72339.6171875,64957.3828125,806020,0.0,0.0
2023-12-29 00:00:00+07:00,72529.984375,72625.1640625,71863.6953125,71863.6953125,64530.0234375,1087371,0.0,0.0
2024-01-01 00:00:00+07:00,71863.6953125,71863.6953125,71863.6953125,71863.6953125,64530.0234375,0,0.0,0.0
2024-01-02 00:00:00+07:00,72149.25,72625.1640625,71863.6953125,71958.8828125,64615.49609375,728486,0.0,0.0
2024-01-03 00:00:00+07:00,71863.6953125,72339.6171875,71768.515625,72339.6171875,64957.3828125,598106,0.0,0.0
2024-01-04 00:00:00+07:00,72339.6171875,73672.1875,72339.6171875,73005.8984375,65555.671875,1583989,0.0,0.0
2024-01-05 00:00:00+07:00,73291.453125,73672.1875,73291.453125,73481.8203125,65983.0234375,1131601,0.0,0.0
2024-01-08 00:00:00+07:00,73577.0,74052.921875,72815.53125,73101.0859375,65641.140625,1074658,0.0,0.0
2024-01-09 00:00:00+07:00,73101.0859375,73291.453125,72244.4296875,72244.4296875,64871.91015625,936609,0.0,0.0
2024-01-10 00:00:00+07:00,72529.984375,72720.3515625,71863.6953125,71863.6953125,64530.0234375,1079386,0.0,0.0
2024-01-11 00:00:00+07:00,72054.0625,72434.796875,71863.6953125,72339.6171875,64957.3828125,518996,0.0,0.0
2024-01-12 00:00:00+07:00,72434.796875,72434.796875,71387.78125,71482.9609375,64188.14453125,850880,0.0,0.0
2024-01-15 00:00:00+07:00,71863.6953125,72244.4296875,71863.6953125,72054.0625,64700.96875,463419,0.0,0.0
2024-01-16 00:00:00+07:00,71863.6953125,72054.0625,71387.78125,71958.8828125,64615.49609375,480229,0.0,0.0
2024-01-17 00:00:00+07:00,72339.6171875,72339.6171875,71482.9609375,71578.1484375,64273.6171875,873784,0.0,0.0
2024-01-18 00:00:00+07:00,71578.1484375,71958.8828125,71578.1484375,71673.328125,64359.0859375,434002,0.0,0.0
2024-01-19 00:00:00+07:00,71863.6953125,73005.8984375,71768.515625,73005.8984375,65555.671875,1055012,0.0,0.0
2024-01-22 00:00:00+07:00,73196.265625,73196.265625,72529.984375,72625.1640625,65213.78515625,507124,0.0,0.0
2024-01-23 00:00:00+07:00,72720.3515625,73005.8984375,72339.6171875,72434.796875,65042.84765625,801607,0.0,0.0
2024-01-24 00:00:00+07:00,72434.796875,72720.3515625,72054.0625,72149.25,64786.44140625,503867,0.0,0.0
2024-01-25 00:00:00+07:00,72149.25,72149.25,72149.25,72149.25,64786.44140625,0,0.0,0.0
2024-01-26 00:00:00+07:00,72339.6171875,72815.53125,71578.1484375,71578.1484375,64273.6171875,765887,0.0,0.0
2024-01-29 00:00:00+07:00,71673.328125,73005.8984375,71673.328125,72910.71875,65470.19921875,971384,0.0,0.0
2024-01-30 00:00:00+07:00,72434.796875,72910.71875,72434.796875,72720.3515625,65299.2578125,529817,0.0,0.0
2024-01-31 00:00:00+07:00,72815.53125,72815.53125,71768.515625,71768.515625,64444.55859375,625842,0.0,0.0
2024-02-01 00:00:00+07:00,71863.6953125,72054.0625,71673.328125,71863.6953125,64530.0234375,540743,0.0,0.0
2024-02-02 00:00:00+07:00,71863.6953125,71863.6953125,71863.6953125,71863.6953125,64530.0234375,0,0.0,0.0
2024-02-05 00:00:00+07:00,71578.1484375,72149.25,71482.9609375,71578.1484375,64273.6171875,671123,0.0,0.0
2024-02-06 00:00:00+07:00,71863.6953125,72244.4296875,71768.515625,72054.0625,64700.96875,837223,0.0,0.0
2024-02-07 00:00:00+07:00,72054.0625,72149.25,71863.6953125,72054.0625,64700.96875,498299,0.0,0.0
2024-02-08 00:00:00+07:00,72054.0625,72054.0625,72054.0625,72054.0625,64700.96875,0,0.0,0.0
2024-02-09 00:00:00+07:00,72054.0625,72054.0625,72054.0625,72054.0625,64700.96875,0,0.0,0.0
2024-02-12 00:00:00+07:00,72054.0625,72054.0625,72054.0625,72054.0625,64700.96875,0,0.0,0.0
2024-02-13 00:00:00+07:00,72054.0625,72054.0625,72054.0625,72054.0625,64700.96875,0,0.0,0.0
2024-02-14 00:00:00+07:00,72054.0625,72054.0625,72054.0625,72054.0625,64700.96875,0,0.0,0.0
2024-02-15 00:00:00+07:00,72149.25,72339.6171875,72054.0625,72054.0625,64700.96875,577514,0.0,0.0
2024-02-16 00:00:00+07:00,72054.0625,73291.453125,72054.0625,72910.71875,65470.19921875,1064783,0.0,0.0
2024-02-19 00:00:00+07:00,73386.6328125,75671.046875,73291.453125,75480.6796875,67777.8984375,2493073,0.0,0.0
2024-02-20 00:00:00+07:00,75671.046875,75861.4140625,74433.65625,74814.390625,67179.6015625,1058269,0.0,0.0
2024-02-21 00:00:00+07:00,74814.390625,74814.390625,73767.3671875,73957.7421875,66410.375,1168162,0.0,0.0
2024-02-22 00:00:00+07:00,74243.2890625,74909.578125,73767.3671875,74148.109375,66581.3203125,1090102,0.0,0.0
2024-02-23 00:00:00+07:00,74338.4765625,74528.84375,72720.3515625,72720.3515625,65299.2578125,2054028,0.0,0.0
2024-02-26 00:00:00+07:00,72815.53125,73101.0859375,72149.25,72529.984375,65128.3203125,1150196,0.0,0.0
2024-02-27 00:00:00+07:00,72815.53125,74052.921875,72529.984375,73862.5546875,66324.8984375,1212707,0.0,0.0
2024-02-28 00:00:00+07:00,74243.2890625,75385.4921875,73957.7421875,74243.2890625,66666.78125,1650072,0.0,0.0
2024-02-29 00:00:00+07:00,74719.2109375,74719.2109375,73481.8203125,73672.1875,66153.9609375,1319343,0.0,0.0
2024-03-01 00:00:00+07:00,74052.921875,74052.921875,73577.0,73862.5546875,66324.8984375,1041144,0.0,0.0
2024-03-04 00:00:00+07:00,74052.921875,74719.2109375,73957.7421875,74052.921875,66495.84375,1195267,0.0,0.0
2024-03-05 00:00:00+07:00,74243.2890625,75385.4921875,74052.921875,75195.125,67521.484375,2174321,0.0,0.0
2024-03-06 00:00:00+07:00,75575.859375,77669.90625,75575.859375,76242.1484375,68461.6640625,2404823,0.0,0.0
2024-03-07 00:00:00+07:00,76337.328125,76813.25,75766.2265625,76527.6953125,68718.0625,1310203,0.0,0.0
2024-03-08 00:00:00+07:00,77098.796875,77669.90625,75671.046875,75671.046875,67948.8359375,2212353,0.0,0.0
2024-03-11 00:00:00+07:00,75671.046875,75671.046875,74052.921875,74052.921875,66495.84375,1552786,0.0,0.0
2024-03-12 00:00:00+07:00,74052.921875,74719.2109375,73957.7421875,74148.109375,66581.3203125,1234034,0.0,0.0
2024-03-13 00:00:00+07:00,74624.0234375,75385.4921875,74243.2890625,75195.125,67521.484375,1293183,0.0,0.0
2024-03-14 00:00:00+07:00,75861.4140625,77479.5390625,75575.859375,77098.796875,69230.890625,4031152,0.0,0.0
2024-03-15 00:00:00+07:00,77384.3515625,78907.2890625,76813.25,78336.1875,70342.0,2520284,0.0,0.0
2024-03-18 00:00:00+07:00,78336.1875,78907.2890625,76051.78125,76337.328125,68547.125,2620406,0.0,0.0
2024-03-19 00:00:00+07:00,77098.796875,77098.796875,75861.4140625,75861.4140625,68119.7734375,998490,0.0,0.0
2024-03-20 00:00:00+07:00,76146.9609375,77289.171875,75766.2265625,77098.796875,69230.890625,1536292,0.0,0.0
2024-03-21 00:00:00+07:00,77955.453125,77955.453125,76622.8828125,77098.796875,69230.890625,986198,0.0,0.0
2024-03-22 00:00:00+07:00,77098.796875,77574.71875,76527.6953125,76622.8828125,68803.5390625,1297491,0.0,0.0
2024-03-25 00:00:00+07:00,76622.8828125,77479.5390625,76242.1484375,76527.6953125,68718.0625,1022128,0.0,0.0
2024-03-26 00:00:00+07:00,76622.8828125,77003.6171875,76146.9609375,76813.25,68974.4765625,626682,0.0,0.0
2024-03-27 00:00:00+07:00,77289.171875,77765.0859375,76242.1484375,76432.515625,68632.6015625,890173,0.0,0.0
2024-03-28 00:00:00+07:00,76527.6953125,76813.25,76051.78125,76432.515625,68632.6015625,814004,0.0,0.0
2024-03-29 00:00:00+07:00,76718.0625,77289.171875,76337.328125,76337.328125,68547.125,647589,0.0,0.0
2024-04-01 00:00:00+07:00,76337.328125,76813.25,75956.59375,76718.0625,68889.0078125,785533,0.0,0.0
2024-04-02 00:00:00+07:00,76527.6953125,78621.7421875,76051.78125,78526.5546875,70512.9453125,1830355,0.0,0.0
2024-04-03 00:00:00+07:00,78526.5546875,79383.2109375,77860.2734375,77860.2734375,69914.6484375,1850842,0.0,0.0
2024-04-04 00:00:00+07:00,78050.640625,78431.375,77193.984375,77574.71875,69658.2421875,789946,0.0,0.0
2024-04-05 00:00:00+07:00,77098.796875,79192.84375,76527.6953125,77003.6171875,69145.421875,1454345,0.0,0.0
2024-04-08 00:00:00+07:00,77098.796875,77098.796875,75956.59375,75956.59375,68205.25,709890,0.0,0.0
2024-04-09 00:00:00+07:00,76146.9609375,76622.8828125,75671.046875,76051.78125,68290.71875,655154,0.0,0.0
2024-04-10 00:00:00+07:00,76051.78125,76622.8828125,75385.4921875,75385.4921875,67692.421875,670177,0.0,0.0
2024-04-11 00:00:00+07:00,75099.9453125,75480.6796875,74814.390625,75004.7578125,67350.546875,678162,0.0,0.0
2024-04-12 00:00:00+07:00,75195.125,75956.59375,75004.7578125,75861.4140625,68119.7734375,378216,0.0,0.0
2024-04-15 00:00:00+07:00,76051.78125,76718.0625,70626.3125,72339.6171875,64957.3828125,1151982,0.0,0.0
2024-04-16 00:00:00+07:00,72529.984375,73196.265625,71387.78125,72339.6171875,64957.3828125,1172469,0.0,0.0
2024-04-17 00:00:00+07:00,72529.984375,72815.53125,71482.9609375,71482.9609375,64188.14453125,682995,0.0,0.0
2024-04-18 00:00:00+07:00,71482.9609375,71482.9609375,71482.9609375,71482.9609375,64188.14453125,0,0.0,0.0
2024-04-19 00:00:00+07:00,71482.9609375,72529.984375,71102.2265625,71387.78125,64102.6796875,928835,0.0,0.0
2024-04-22 00:00:00+07:00,71578.1484375,71958.8828125,71292.59375,71387.78125,64102.6796875,861492,0.0,0.0
2024-04-23 00:00:00+07:00,71863.6953125,71863.6953125,70435.9375,70626.3125,63418.91796875,498509,0.0,0.0
2024-04-24 00:00:00+07:00,71387.78125,71387.78125,70721.4921875,71007.046875,63760.796875,895426,0.0,0.0
2024-04-25 00:00:00+07:00,71007.046875,71292.59375,70435.9375,70435.9375,63247.97265625,828398,0.0,0.0
2024-04-26 00:00:00+07:00,70340.7578125,70626.3125,69960.0234375,69960.0234375,62820.625,813164,0.0,0.0
2024-04-29 00:00:00+07:00,69960.0234375,69960.0234375,69960.0234375,69960.0234375,62820.625,0,0.0,0.0
2024-04-30 00:00:00+07:00,69960.0234375,69960.0234375,69960.0234375,69960.0234375,62820.625,0,0.0,0.0
2024-05-01 00:00:00+07:00,69960.0234375,69960.0234375,69960.0234375,69960.0234375,62820.625,0,0.0,0.0
2024-05-02 00:00:00+07:00,69484.1015625,70721.4921875,69484.1015625,70340.7578125,63162.50390625,727015,0.0,0.0
2024-05-03 00:00:00+07:00,70531.125,71007.046875,70340.7578125,70626.3125,63418.91796875,540743,0.0,0.0
2024-05-06 00:00:00+07:00,70911.859375,71578.1484375,70911.859375,71197.4140625,63931.7421875,935349,0.0,0.0
2024-05-07 00:00:00+07:00,71768.515625,72625.1640625,71102.2265625,72625.1640625,65213.78515625,1572222,0.0,0.0
2024-05-08 00:00:00+07:00,72720.3515625,73862.5546875,71578.1484375,73672.1875,66153.9609375,1453084,0.0,0.0
2024-05-09 00:00:00+07:00,73767.3671875,73767.3671875,72434.796875,72434.796875,65042.84765625,811483,0.0,0.0
2024-05-10 00:00:00+07:00,72625.1640625,73101.0859375,71292.59375,71863.6953125,64530.0234375,683835,0.0,0.0
2024-05-13 00:00:00+07:00,72244.4296875,72434.796875,71387.78125,71578.1484375,64273.6171875,662613,0.0,0.0
2024-05-14 00:00:00+07:00,71863.6953125,72244.4296875,71292.59375,71578.1484375,64273.6171875,825036,0.0,0.0
2024-05-15 00:00:00+07:00,71578.1484375,72149.25,71292.59375,71863.6953125,64530.0234375,927994,0.0,0.0
2024-05-16 00:00:00+07:00,72339.6171875,72815.53125,72244.4296875,72244.4296875,64871.91015625,1173205,0.0,0.0
2024-05-17 00:00:00+07:00,72529.984375,72529.984375,71863.6953125,72054.0625,64700.96875,1013934,0.0,0.0
2024-05-20 00:00:00+07:00,72434.796875,73101.0859375,72339.6171875,72339.6171875,64957.3828125,1166796,0.0,0.0
2024-05-21 00:00:00+07:00,72529.984375,73862.5546875,72339.6171875,73005.8984375,65555.671875,1782658,0.0,0.0
2024-05-22 00:00:00+07:00,73577.0,73577.0,72815.53125,72910.71875,65470.19921875,874414,0.0,0.0
2024-05-23 00:00:00+07:00,72910.71875,76051.78125,72720.3515625,76051.78125,68290.71875,4191368,0.0,0.0
2024-05-24 00:00:00+07:00,76622.8828125,77574.71875,74052.921875,75195.125,67521.484375,2702983,0.0,0.0
2024-05-27 00:00:00+07:00,75195.125,77384.3515625,74338.4765625,77098.796875,69230.890625,2241875,0.0,0.0
2024-05-28 00:00:00+07:00,78050.640625,78431.375,77098.796875,77955.453125,70000.125,2345674,0.0,0.0
2024-05-29 00:00:00+07:00,79002.4765625,80430.2265625,77193.984375,78241.0078125,70256.5390625,3878710,0.0,0.0
2024-05-30 00:00:00+07:00,77955.453125,78336.1875,76242.1484375,77193.984375,69316.359375,2474583,0.0,0.0
2024-05-31 00:00:00+07:00,77574.71875,77765.0859375,76242.1484375,76242.1484375,68461.6640625,1501832,0.0,0.0
2024-06-03 00:00:00+07:00,76242.1484375,76242.1484375,76242.1484375,76242.1484375,68461.6640625,0,0.0,0.0
2024-06-04 00:00:00+07:00,76527.6953125,77955.453125,76432.515625,76908.4296875,69059.953125,1591974,0.0,0.0
2024-06-05 00:00:00+07:00,77003.6171875,78241.0078125,76718.0625,76718.0625,68889.0078125,1871328,0.0,0.0
2024-06-06 00:00:00+07:00,77574.71875,77574.71875,76337.328125,76432.515625,68632.6015625,1109643,0.0,0.0
2024-06-07 00:00:00+07:00,76622.8828125,77098.796875,76432.515625,76432.515625,68632.6015625,918224,0.0,0.0
2024-06-10 00:00:00+07:00,76908.4296875,77098.796875,76432.515625,76432.515625,68632.6015625,1172259,0.0,0.0
2024-06-11 00:00:00+07:00,76813.25,77669.90625,76432.515625,76432.515625,68632.6015625,2513770,0.0,0.0
2024-06-12 00:00:00+07:00,76622.8828125,77098.796875,76242.1484375,76527.6953125,68718.0625,1404337,0.0,0.0
2024-06-13 00:00:00+07:00,77098.796875,77098.796875,76337.328125,76337.328125,68547.125,1474622,0.0,0.0
2024-06-14 00:00:00+07:00,76337.328125,76718.0625,75195.125,75195.125,67521.484375,2392426,0.0,0.0
2024-06-17 00:00:00+07:00,75195.125,75480.6796875,73862.5546875,73862.5546875,66324.8984375,1314825,0.0,0.0
2024-06-18 00:00:00+07:00,74243.2890625,75195.125,74243.2890625,74243.2890625,66666.78125,985672,0.0,0.0
2024-06-19 00:00:00+07:00,74433.65625,75004.7578125,74148.109375,74433.65625,66837.7265625,1044401,0.0,0.0
2024-06-20 00:00:00+07:00,74909.578125,75099.9453125,74243.2890625,74243.2890625,66666.78125,873573,0.0,0.0
2024-06-21 00:00:00+07:00,74433.65625,75195.125,74148.109375,74148.109375,66581.3203125,1106596,0.0,0.0
2024-06-24 00:00:00+07:00,74148.109375,74624.0234375,72720.3515625,72815.53125,65384.7265625,1813965,0.0,0.0
2024-06-25 00:00:00+07:00,72910.71875,73481.8203125,72625.1640625,72625.1640625,65213.78515625,1069510,0.0,0.0
2024-06-26 00:00:00+07:00,72815.53125,73196.265625,72434.796875,72815.53125,65384.7265625,1191170,0.0,0.0
2024-06-27 00:00:00+07:00,72910.71875,74052.921875,72815.53125,72815.53125,65384.7265625,1061106,0.0,0.0
2024-06-28 00:00:00+07:00,72910.71875,73481.8203125,72815.53125,72910.71875,65470.19921875,693606,0.0,0.0
2024-07-01 00:00:00+07:00,73005.8984375,73957.7421875,72910.71875,73957.7421875,66410.375,832180,0.0,0.0
2024-07-02 00:00:00+07:00,74243.2890625,74528.84375,73862.5546875,74433.65625,66837.7265625,920745,0.0,0.0
2024-07-03 00:00:00+07:00,74719.2109375,74719.2109375,74243.2890625,74433.65625,66837.7265625,673119,0.0,0.0
2024-07-04 00:00:00+07:00,74624.0234375,75861.4140625,74433.65625,74433.65625,66837.7265625,1224684,0.0,0.0
2024-07-05 00:00:00+07:00,74719.2109375,75480.6796875,74624.0234375,74814.390625,67179.6015625,790156,0.0,0.0
2024-07-08 00:00:00+07:00,74909.578125,75290.3125,74719.2109375,74909.578125,67265.078125,833440,0.0,0.0
2024-07-09 00:00:00+07:00,75195.125,75195.125,74624.0234375,75195.125,67521.484375,1613091,0.0,0.0
2024-07-10 00:00:00+07:00,75385.4921875,75861.4140625,74719.2109375,74719.2109375,67094.1328125,1178142,0.0,0.0
2024-07-11 00:00:00+07:00,74814.390625,75099.9453125,74433.65625,74433.65625,66837.7265625,764836,0.0,0.0
2024-07-12 00:00:00+07:00,74909.578125,76051.78125,73957.7421875,74243.2890625,66666.78125,1295074,0.0,0.0
2024-07-15 00:00:00+07:00,75195.125,75575.859375,74528.84375,74528.84375,66923.1953125,1269755,0.0,0.0
2024-07-16 00:00:00+07:00,75195.125,75290.3125,74528.84375,74528.84375,66923.1953125,953734,0.0,0.0
2024-07-17 00:00:00+07:00,75004.7578125,75004.7578125,73386.6328125,74243.2890625,66666.78125,1652593,0.0,0.0
2024-07-18 00:00:00+07:00,74338.4765625,74814.390625,74052.921875,74338.4765625,66752.2578125,1189174,0.0,0.0
2024-07-19 00:00:00+07:00,74338.4765625,74624.0234375,73957.7421875,74052.921875,66495.84375,696862,0.0,0.0
2024-07-22 00:00:00+07:00,74052.921875,74052.921875,72910.71875,73291.453125,65812.0859375,1200625,0.0,0.0
2024-07-23 00:00:00+07:00,73386.6328125,73577.0,73101.0859375,73101.0859375,65641.140625,690034,0.0,0.0
2024-07-24 00:00:00+07:00,73005.8984375,73672.1875,72625.1640625,73291.453125,65812.0859375,1057113,0.0,0.0
2024-07-25 00:00:00+07:00,73196.265625,73291.453125,72720.3515625,73101.0859375,65641.140625,515424,0.0,0.0
2024-07-26 00:00:00+07:00,72910.71875,73481.8203125,72815.53125,73481.8203125,65983.0234375,573417,0.0,0.0
2024-07-29 00:00:00+07:00,73767.3671875,73767.3671875,73291.453125,73291.453125,65812.0859375,380527,0.0,0.0
2024-07-30 00:00:00+07:00,73291.453125,73481.8203125,73101.0859375,73481.8203125,65983.0234375,663558,0.0,0.0
2024-07-31 00:00:00+07:00,73672.1875,76622.8828125,73672.1875,76051.78125,68290.71875,3349943,0.0,0.0
2024-08-01 00:00:00+07:00,76242.1484375,77193.984375,74909.578125,75099.9453125,67436.0234375,1494898,0.0,0.0
2024-08-02 00:00:00+07:00,74338.4765625,75099.9453125,74052.921875,75099.9453125,67436.0234375,1466217,0.0,0.0
2024-08-05 00:00:00+07:00,74243.2890625,74719.2109375,72720.3515625,72815.53125,65384.7265625,2207625,0.0,0.0
2024-08-06 00:00:00+07:00,73101.0859375,74243.2890625,72815.53125,73577.0,66068.484375,933668,0.0,0.0
2024-08-07 00:00:00+07:00,73862.5546875,75671.046875,73862.5546875,75575.859375,67863.3671875,1924909,0.0,0.0
2024-08-08 00:00:00+07:00,75575.859375,78431.375,75099.9453125,77765.0859375,69829.1796875,4129908,0.0,0.0
2024-08-09 00:00:00+07:00,78050.640625,78241.0078125,77003.6171875,77669.90625,69743.7109375,1306841,0.0,0.0
2024-08-12 00:00:00+07:00,77669.90625,79288.0234375,77289.171875,78526.5546875,70512.9453125,1985108,0.0,0.0
2024-08-13 00:00:00+07:00,78336.1875,78336.1875,77193.984375,77574.71875,69658.2421875,1819534,0.0,0.0
2024-08-14 00:00:00+07:00,77955.453125,79288.0234375,77860.2734375,78050.640625,70085.6015625,2415119,0.0,0.0
2024-08-15 00:00:00+07:00,78050.640625,78716.921875,77289.171875,77289.171875,69401.8359375,1311148,0.0,0.0
2024-08-16 00:00:00+07:00,77669.90625,79097.65625,77098.796875,78621.7421875,70598.4140625,2430142,0.0,0.0
2024-08-19 00:00:00+07:00,78716.921875,80620.6015625,78621.7421875,80430.2265625,72222.34375,3173967,0.0,0.0
2024-08-20 00:00:00+07:00,81096.515625,81953.171875,80430.2265625,80430.2265625,72222.34375,3057246,0.0,0.0
2024-08-21 00:00:00+07:00,80430.2265625,81382.0703125,80335.046875,80906.1484375,72649.703125,2280642,0.0,0.0
2024-08-22 00:00:00+07:00,81191.703125,81286.8828125,80239.859375,80430.2265625,72222.34375,1365990,0.0,0.0
2024-08-23 00:00:00+07:00,80620.6015625,81286.8828125,80525.4140625,80620.6015625,72393.2890625,936504,0.0,0.0
2024-08-26 00:00:00+07:00,81096.515625,81191.703125,79859.125,80144.6796875,71965.9375,1277004,0.0,0.0
2024-08-27 00:00:00+07:00,80430.2265625,80430.2265625,79002.4765625,79478.390625,71367.640625,1886142,0.0,0.0
2024-08-28 00:00:00+07:00,79288.0234375,80144.6796875,79288.0234375,79763.9453125,71624.0546875,888282,0.0,0.0
2024-08-29 00:00:00+07:00,79763.9453125,80049.4921875,79383.2109375,79383.2109375,71282.1796875,953629,0.0,0.0
2024-08-30 00:00:00+07:00,79668.7578125,79954.3125,79288.0234375,79288.0234375,71196.703125,1006579,0.0,0.0
2024-09-02 00:00:00+07:00,79288.0234375,79288.0234375,79288.0234375,79288.0234375,71196.703125,0,0.0,0.0
2024-09-03 00:00:00+07:00,79288.0234375,79288.0234375,79288.0234375,79288.0234375,71196.703125,0,0.0,0.0
2024-09-04 00:00:00+07:00,79002.4765625,80335.046875,78907.2890625,79859.125,71709.53125,1447306,0.0,0.0
2024-09-05 00:00:00+07:00,80335.046875,80715.78125,79288.0234375,79288.0234375,71196.703125,945855,0.0,0.0
2024-09-06 00:00:00+07:00,80430.2265625,80430.2265625,79763.9453125,80049.4921875,71880.46875,922321,0.0,0.0
2024-09-09 00:00:00+07:00,79763.9453125,81286.8828125,79668.7578125,80620.6015625,72393.2890625,2067790,0.0,0.0
2024-09-10 00:00:00+07:00,80525.4140625,81096.515625,79478.390625,80049.4921875,71880.46875,2001918,0.0,0.0
2024-09-11 00:00:00+07:00,79954.3125,79954.3125,79002.4765625,79573.578125,71453.1171875,1565604,0.0,0.0
2024-09-12 00:00:00+07:00,79763.9453125,80144.6796875,79383.2109375,79573.578125,71453.1171875,1848005,0.0,0.0
2024-09-13 00:00:00+07:00,73883.4921875,73883.4921875,72038.8359375,72135.921875,69890.8828125,2155996,5825.2427,1.02
2024-09-16 00:00:00+07:00,71844.6640625,71844.6640625,70485.4375,70485.4375,68291.765625,1919096,0.0,0.0
2024-09-17 00:00:00+07:00,70485.4375,71067.9609375,70194.171875,70582.5234375,68385.828125,787023,0.0,0.0
2024-09-18 00:00:00+07:00,71165.046875,71359.2265625,70776.6953125,70970.875,68762.09375,800928,0.0,0.0
2024-09-19 00:00:00+07:00,71067.9609375,71262.1328125,70776.6953125,71262.1328125,69044.2890625,1010018,0.0,0.0
2024-09-20 00:00:00+07:00,71456.3125,71650.484375,70873.7890625,70970.875,68762.09375,1028455,0.0,0.0
2024-09-23 00:00:00+07:00,70970.875,71165.046875,70776.6953125,70873.7890625,68668.03125,568869,0.0,0.0
2024-09-24 00:00:00+07:00,70873.7890625,71747.5703125,70873.7890625,71553.3984375,69326.4921875,878693,0.0,0.0
2024-09-25 00:00:00+07:00,71844.6640625,71844.6640625,71359.2265625,71650.484375,69420.5546875,684950,0.0,0.0
2024-09-26 00:00:00+07:00,71650.484375,72427.1875,71650.484375,71844.6640625,69608.6875,1143094,0.0,0.0
2024-09-27 00:00:00+07:00,72038.8359375,72135.921875,71359.2265625,71359.2265625,69138.359375,552080,0.0,0.0
2024-09-30 00:00:00+07:00,71359.2265625,71456.3125,70873.7890625,71067.9609375,68856.1640625,666307,0.0,0.0
2024-10-01 00:00:00+07:00,71165.046875,71553.3984375,70873.7890625,70873.7890625,68668.03125,1063269,0.0,0.0
2024-10-02 00:00:00+07:00,71165.046875,71844.6640625,70776.6953125,70776.6953125,68573.9609375,1085311,0.0,0.0
2024-10-03 00:00:00+07:00,71262.1328125,71262.1328125,70388.3515625,70388.3515625,68197.703125,817099,0.0,0.0
2024-10-04 00:00:00+07:00,70679.609375,71553.3984375,70388.3515625,71165.046875,68950.2265625,893937,0.0,0.0
2024-10-07 00:00:00+07:00,71359.2265625,71553.3984375,70485.4375,70776.6953125,68573.9609375,598121,0.0,0.0
2024-10-08 00:00:00+07:00,71262.1328125,71262.1328125,70485.4375,70485.4375,68291.765625,657037,0.0,0.0
2024-10-09 00:00:00+07:00,70485.4375,70776.6953125,70194.171875,70582.5234375,68385.828125,563616,0.0,0.0
2024-10-10 00:00:00+07:00,71067.9609375,71456.3125,70388.3515625,71165.046875,68950.2265625,1077586,0.0,0.0
2024-10-11 00:00:00+07:00,71359.2265625,71553.3984375,71067.9609375,71067.9609375,68856.1640625,621605,0.0,0.0
2024-10-14 00:00:00+07:00,71456.3125,71456.3125,70582.5234375,70776.6953125,68573.9609375,541986,0.0,0.0
2024-10-15 00:00:00+07:00,70582.5234375,70873.7890625,70291.265625,70582.5234375,68385.828125,614189,0.0,0.0
2024-10-16 00:00:00+07:00,70485.4375,70582.5234375,69902.9140625,69902.9140625,67727.375,781152,0.0,0.0
2024-10-17 00:00:00+07:00,69902.9140625,70194.171875,69126.2109375,69417.4765625,67257.046875,761685,0.0,0.0
2024-10-18 00:00:00+07:00,69514.5625,70194.171875,69514.5625,69611.6484375,67445.171875,332175,0.0,0.0
2024-10-21 00:00:00+07:00,69611.6484375,69611.6484375,69223.3046875,69611.6484375,67445.171875,483791,0.0,0.0
2024-10-22 00:00:00+07:00,69611.6484375,69805.828125,69126.2109375,69126.2109375,66974.84375,561865,0.0,0.0
2024-10-23 00:00:00+07:00,69126.2109375,69126.2109375,68640.7734375,68834.953125,66692.6484375,687010,0.0,0.0
2024-10-24 00:00:00+07:00,68834.953125,69126.2109375,68834.953125,68932.0390625,66786.7109375,425802,0.0,0.0
2024-10-25 00:00:00+07:00,68932.0390625,69320.390625,68834.953125,68834.953125,66692.6484375,332175,0.0,0.0
2024-10-28 00:00:00+07:00,68834.953125,68932.0390625,68640.7734375,68640.7734375,66504.515625,320639,0.0,0.0
2024-10-29 00:00:00+07:00,68640.7734375,69029.125,68640.7734375,68737.8671875,66598.5859375,362560,0.0,0.0
2024-10-30 00:00:00+07:00,68834.953125,69223.3046875,68543.6875,68543.6875,66410.4453125,327952,0.0,0.0
2024-10-31 00:00:00+07:00,68932.0390625,68932.0390625,68446.6015625,68446.6015625,66316.3828125,638806,0.0,0.0
2024-11-01 00:00:00+07:00,68446.6015625,68640.7734375,67961.1640625,68155.3359375,66034.1796875,440119,0.0,0.0
2024-11-04 00:00:00+07:00,68349.515625,68349.515625,67864.078125,67864.078125,65751.9921875,475551,0.0,0.0
2024-11-05 00:00:00+07:00,67864.078125,67961.1640625,67378.640625,67572.8125,65469.7890625,558260,0.0,0.0
2024-11-06 00:00:00+07:00,67961.1640625,69029.125,67864.078125,68058.25,65940.1171875,516545,0.0,0.0
2024-11-07 00:00:00+07:00,68932.0390625,68932.0390625,68058.25,68058.25,65940.1171875,383984,0.0,0.0
2024-11-08 00:00:00+07:00,68155.3359375,68737.8671875,67961.1640625,67961.1640625,65846.0546875,441664,0.0,0.0
2024-11-11 00:00:00+07:00,68058.25,68446.6015625,67961.1640625,68058.25,65940.1171875,560526,0.0,0.0
2024-11-12 00:00:00+07:00,68058.25,68446.6015625,67766.9921875,67766.9921875,65657.921875,438265,0.0,0.0
2024-11-13 00:00:00+07:00,67961.1640625,67961.1640625,66019.4140625,67475.7265625,65375.7265625,852428,0.0,0.0
2024-11-14 00:00:00+07:00,67184.46875,68252.4296875,66990.2890625,66990.2890625,64905.39453125,560114,0.0,0.0
2024-11-15 00:00:00+07:00,66893.203125,67378.640625,66601.9453125,66601.9453125,64529.13671875,797220,0.0,0.0
2024-11-18 00:00:00+07:00,66601.9453125,67087.375,66310.6796875,66990.2890625,64905.39453125,964801,0.0,0.0
2024-11-19 00:00:00+07:00,67475.7265625,67669.90625,65922.328125,65922.328125,63870.671875,713893,0.0,0.0
2024-11-20 00:00:00+07:00,65922.328125,66407.765625,65533.98046875,65631.0703125,63588.48046875,733154,0.0,0.0
2024-11-21 00:00:00+07:00,65825.2421875,66601.9453125,65825.2421875,66213.59375,64152.87109375,1202937,0.0,0.0
2024-11-22 00:00:00+07:00,66601.9453125,68543.6875,66601.9453125,67184.46875,65093.53125,1045553,0.0,0.0
2024-11-25 00:00:00+07:00,67378.640625,68252.4296875,67281.5546875,67281.5546875,65187.59765625,928236,0.0,0.0
2024-11-26 00:00:00+07:00,67378.640625,67864.078125,67378.640625,67572.8125,65469.7890625,461646,0.0,0.0
2024-11-27 00:00:00+07:00,67766.9921875,67766.9921875,66990.2890625,67281.5546875,65187.59765625,430025,0.0,0.0
2024-11-28 00:00:00+07:00,67281.5546875,67961.1640625,67281.5546875,67281.5546875,65187.59765625,456187,0.0,0.0
2024-11-29 00:00:00+07:00,67281.5546875,67766.9921875,67184.46875,67572.8125,65469.7890625,291490,0.0,0.0
2024-12-02 00:00:00+07:00,67669.90625,67766.9921875,66990.2890625,67184.46875,65093.53125,416326,0.0,0.0
2024-12-03 00:00:00+07:00,67281.5546875,67572.8125,66699.03125,66699.03125,64623.203125,653329,0.0,0.0
2024-12-04 00:00:00+07:00,66699.03125,67184.46875,66504.8515625,66601.9453125,64529.13671875,317549,0.0,0.0
2024-12-05 00:00:00+07:00,66699.03125,67766.9921875,66504.8515625,66893.203125,64811.33203125,649827,0.0,0.0
2024-12-06 00:00:00+07:00,67864.078125,67864.078125,66990.2890625,67184.46875,65093.53125,443724,0.0,0.0
2024-12-09 00:00:00+07:00,67475.7265625,67475.7265625,67184.46875,67281.5546875,65187.59765625,407777,0.0,0.0
2024-12-10 00:00:00+07:00,67378.640625,67572.8125,66990.2890625,66990.2890625,64905.39453125,414575,0.0,0.0
2024-12-11 00:00:00+07:00,66990.2890625,67184.46875,66601.9453125,66699.03125,64623.203125,555170,0.0,0.0
2024-12-12 00:00:00+07:00,66796.1171875,66990.2890625,66504.8515625,66504.8515625,64435.06640625,531480,0.0,0.0
2024-12-13 00:00:00+07:00,66504.8515625,66601.9453125,66213.59375,66407.765625,64341.0,358440,0.0,0.0
2024-12-16 00:00:00+07:00,66504.8515625,66601.9453125,66116.5078125,66116.5078125,64058.80859375,360603,0.0,0.0
2024-12-17 00:00:00+07:00,66116.5078125,66504.8515625,66019.4140625,66019.4140625,63964.734375,425287,0.0,0.0
2024-12-18 00:00:00+07:00,66407.765625,66699.03125,66310.6796875,66504.8515625,64435.06640625,519223,0.0,0.0
2024-12-19 00:00:00+07:00,66213.59375,66601.9453125,66019.4140625,66504.8515625,64435.06640625,743042,0.0,0.0
2024-12-20 00:00:00+07:00,66504.8515625,66796.1171875,66407.765625,66601.9453125,64529.13671875,351951,0.0,0.0
2024-12-23 00:00:00+07:00,66796.1171875,67087.375,66504.8515625,66504.8515625,64435.06640625,580611,0.0,0.0
2024-12-24 00:00:00+07:00,66601.9453125,66699.03125,66213.59375,66213.59375,64152.87109375,525094,0.0,0.0
2024-12-25 00:00:00+07:00,66310.6796875,66893.203125,66310.6796875,66407.765625,64341.0,469989,0.0,0.0
2024-12-26 00:00:00+07:00,66601.9453125,67572.8125,66504.8515625,66504.8515625,64435.06640625,1027013,0.0,0.0
2024-12-27 00:00:00+07:00,66699.03125,66990.2890625,66504.8515625,66504.8515625,64435.06640625,556097,0.0,0.0
2024-12-30 00:00:00+07:00,66601.9453125,66796.1171875,66213.59375,66213.59375,64152.87109375,414472,0.0,0.0
2024-12-31 00:00:00+07:00,66407.765625,66699.03125,66116.5078125,66116.5078125,64058.80859375,793924,0.0,0.0
2025-01-01 00:00:00+07:00,66116.5078125,66116.5078125,66116.5078125,66116.5078125,64058.80859375,0,0.0,0.0
2025-01-02 00:00:00+07:00,66310.6796875,66504.8515625,66019.4140625,66116.5078125,64058.80859375,440634,0.0,0.0
2025-01-03 00:00:00+07:00,66116.5078125,66407.765625,66019.4140625,66019.4140625,63964.734375,474315,0.0,0.0
2025-01-06 00:00:00+07:00,66019.4140625,66213.59375,65339.8046875,65533.98046875,63494.41015625,693499,0.0,0.0
2025-01-07 00:00:00+07:00,65631.0703125,65922.328125,64951.45703125,65048.54296875,63024.08203125,703696,0.0,0.0
2025-01-08 00:00:00+07:00,65048.54296875,65242.71875,64660.1953125,65145.6328125,63118.1484375,537351,0.0,0.0
2025-01-09 00:00:00+07:00,65242.71875,65533.98046875,64854.3671875,65048.54296875,63024.08203125,380482,0.0,0.0
2025-01-10 00:00:00+07:00,65048.54296875,65533.98046875,64757.28125,64757.28125,62741.8828125,435278,0.0,0.0
2025-01-13 00:00:00+07:00,64757.28125,65145.6328125,64271.84375,64466.01953125,62459.6875,558672,0.0,0.0
2025-01-14 00:00:00+07:00,64563.10546875,65436.89453125,64563.10546875,64951.45703125,62930.015625,409219,0.0,0.0
2025-01-15 00:00:00+07:00,65242.71875,65436.89453125,64854.3671875,64854.3671875,62835.94921875,406850,0.0,0.0
2025-01-16 00:00:00+07:00,65242.71875,65436.89453125,64854.3671875,64854.3671875,62835.94921875,406850,0.0,0.0
2025-01-17 00:00:00+07:00,65242.71875,65242.71875,64660.1953125,64854.3671875,62835.94921875,331351,0.0,0.0
2025-01-20 00:00:00+07:00,65242.71875,66213.59375,64854.3671875,65728.15625,63682.54296875,681860,0.0,0.0
2025-01-21 00:00:00+07:00,66019.4140625,66116.5078125,65145.6328125,65145.6328125,63118.1484375,359779,0.0,0.0
2025-01-22 00:00:00+07:00,65533.98046875,65533.98046875,64757.28125,64854.3671875,62835.94921875,322699,0.0,0.0
2025-01-23 00:00:00+07:00,64854.3671875,65242.71875,64757.28125,65048.54296875,63024.08203125,326613,0.0,0.0
2025-01-24 00:00:00+07:00,65048.54296875,65922.328125,64854.3671875,65922.328125,63870.671875,445269,0.0,0.0
2025-01-27 00:00:00+07:00,65922.328125,65922.328125,65922.328125,65922.328125,63870.671875,0,0.0,0.0
2025-01-28 00:00:00+07:00,65922.328125,65922.328125,65922.328125,65922.328125,63870.671875,0,0.0,0.0
2025-01-29 00:00:00+07:00,65922.328125,65922.328125,65922.328125,65922.328125,63870.671875,0,0.0,0.0
2025-01-30 00:00:00+07:00,65922.328125,65922.328125,65922.328125,65922.328125,63870.671875,0,0.0,0.0
2025-01-31 00:00:00+07:00,65922.328125,65922.328125,65922.328125,65922.328125,63870.671875,0,0.0,0.0
2025-02-03 00:00:00+07:00,65825.2421875,65825.2421875,64951.45703125,65145.6328125,63118.1484375,477096,0.0,0.0
2025-02-04 00:00:00+07:00,64951.45703125,65339.8046875,64951.45703125,65145.6328125,63118.1484375,410352,0.0,0.0
2025-02-05 00:00:00+07:00,65533.98046875,66116.5078125,65436.89453125,65825.2421875,63776.609375,671972,0.0,0.0
2025-02-06 00:00:00+07:00,66213.59375,66213.59375,65533.98046875,65631.0703125,63588.48046875,555479,0.0,0.0
2025-02-07 00:00:00+07:00,65631.0703125,66019.4140625,65339.8046875,65339.8046875,63306.27734375,842746,0.0,0.0
2025-02-10 00:00:00+07:00,65242.71875,65631.0703125,64951.45703125,65339.8046875,63306.27734375,754887,0.0,0.0
2025-02-11 00:00:00+07:00,65339.8046875,65922.328125,64563.10546875,65048.54296875,63024.08203125,691439,0.0,0.0
2025-02-12 00:00:00+07:00,65048.54296875,65533.98046875,65048.54296875,65145.6328125,63118.1484375,354526,0.0,0.0
2025-02-13 00:00:00+07:00,65145.6328125,65145.6328125,64660.1953125,64757.28125,62741.8828125,670221,0.0,0.0
2025-02-14 00:00:00+07:00,65339.8046875,65922.328125,65048.54296875,65728.15625,63682.54296875,1181616,0.0,0.0
2025-02-17 00:00:00+07:00,65728.15625,66407.765625,65533.98046875,65825.2421875,63776.609375,785787,0.0,0.0
2025-02-18 00:00:00+07:00,66019.4140625,66310.6796875,65728.15625,66019.4140625,63964.734375,653432,0.0,0.0
2025-02-19 00:00:00+07:00,66213.59375,66990.2890625,65922.328125,66699.03125,64623.203125,1431494,0.0,0.0
2025-02-20 00:00:00+07:00,67184.46875,67281.5546875,66504.8515625,66796.1171875,64717.265625,619545,0.0,0.0
2025-02-21 00:00:00+07:00,66601.9453125,66796.1171875,66213.59375,66407.765625,64341.0,790525,0.0,0.0
2025-02-24 00:00:00+07:00,66213.59375,66796.1171875,65825.2421875,66601.9453125,64529.13671875,1097980,0.0,0.0
2025-02-25 00:00:00+07:00,66699.03125,67281.5546875,66310.6796875,66699.03125,64623.203125,833888,0.0,0.0
2025-02-26 00:00:00+07:00,66699.03125,66893.203125,66407.765625,66407.765625,64341.0,534879,0.0,0.0
2025-02-27 00:00:00+07:00,66407.765625,66601.9453125,65922.328125,66019.4140625,63964.734375,833888,0.0,0.0
2025-02-28 00:00:00+07:00,66116.5078125,66699.03125,66019.4140625,66019.4140625,63964.734375,811228,0.0,0.0
2025-03-03 00:00:00+07:00,66116.5078125,66699.03125,66116.5078125,66601.9453125,64529.13671875,667234,0.0,0.0
2025-03-04 00:00:00+07:00,66601.9453125,67378.640625,66310.6796875,67087.375,64999.4609375,1488556,0.0,0.0
2025-03-05 00:00:00+07:00,67184.46875,67281.5546875,66407.765625,66407.765625,64341.0,762715,0.0,0.0
2025-03-06 00:00:00+07:00,66310.6796875,66504.8515625,66116.5078125,66310.6796875,64246.9375,854694,0.0,0.0
2025-03-07 00:00:00+07:00,66310.6796875,66407.765625,65728.15625,65825.2421875,63776.609375,1440043,0.0,0.0
2025-03-10 00:00:00+07:00,66116.5078125,66213.59375,65242.71875,65825.2421875,63776.609375,1463527,0.0,0.0
2025-03-11 00:00:00+07:00,65631.0703125,65728.15625,65048.54296875,65436.89453125,63400.34765625,539308,0.0,0.0
2025-03-12 00:00:00+07:00,65825.2421875,66310.6796875,65436.89453125,65922.328125,63870.671875,784139,0.0,0.0
2025-03-13 00:00:00+07:00,65922.328125,66796.1171875,65825.2421875,66310.6796875,64246.9375,1120640,0.0,0.0
2025-03-14 00:00:00+07:00,66213.59375,66310.6796875,65339.8046875,65728.15625,63682.54296875,971084,0.0,0.0
2025-03-17 00:00:00+07:00,65825.2421875,66407.765625,65728.15625,66213.59375,64152.87109375,1150716,0.0,0.0
2025-03-18 00:00:00+07:00,66601.9453125,67864.078125,66116.5078125,67087.375,64999.4609375,2881116,0.0,0.0
2025-03-19 00:00:00+07:00,67087.375,67766.9921875,66601.9453125,66796.1171875,64717.265625,724811,0.0,0.0
2025-03-20 00:00:00+07:00,66699.03125,67087.375,66116.5078125,66601.9453125,64529.13671875,772500,0.0,0.0
2025-03-21 00:00:00+07:00,66504.8515625,66601.9453125,65728.15625,65728.15625,63682.54296875,1208602,0.0,0.0
2025-03-24 00:00:00+07:00,66019.4140625,66019.4140625,65048.54296875,65242.71875,63212.21484375,1230953,0.0,0.0
2025-03-25 00:00:00+07:00,65533.98046875,65631.0703125,65145.6328125,65242.71875,63212.21484375,790628,0.0,0.0
2025-03-26 00:00:00+07:00,65339.8046875,66213.59375,65242.71875,65533.98046875,63494.41015625,564749,0.0,0.0
2025-03-27 00:00:00+07:00,65631.0703125,66019.4140625,65145.6328125,65242.71875,63212.21484375,439295,0.0,0.0
2025-03-28 00:00:00+07:00,65436.89453125,65436.89453125,64854.3671875,64854.3671875,62835.94921875,794954,0.0,0.0
2025-03-31 00:00:00+07:00,64854.3671875,64854.3671875,64077.66796875,64854.3671875,62835.94921875,749737,0.0,0.0
2025-04-01 00:00:00+07:00,64951.45703125,65825.2421875,64757.28125,65533.98046875,63494.41015625,897027,0.0,0.0
2025-04-02 00:00:00+07:00,65242.71875,65631.0703125,65048.54296875,65145.6328125,63118.1484375,261929,0.0,0.0
2025-04-03 00:00:00+07:00,61650.484375,63495.14453125,60679.61328125,60679.61328125,58791.12109375,2074935,0.0,0.0
2025-04-04 00:00:00+07:00,56504.85546875,59029.125,56504.85546875,56990.29296875,55216.62109375,2827350,0.0,0.0
2025-04-07 00:00:00+07:00,56990.29296875,56990.29296875,56990.29296875,56990.29296875,55216.62109375,0,0.0,0.0
2025-04-08 00:00:00+07:00,54368.93359375,54660.1953125,53009.70703125,53009.70703125,51359.921875,2711475,0.0,0.0
2025-04-09 00:00:00+07:00,49320.38671875,54368.93359375,49320.38671875,49320.38671875,47785.421875,2851658,0.0,0.0
2025-04-10 00:00:00+07:00,52718.4453125,52718.4453125,52718.4453125,52718.4453125,51077.7265625,59225,0.0,0.0
2025-04-11 00:00:00+07:00,56407.765625,56407.765625,54174.7578125,56407.765625,54652.2265625,2324607,0.0,0.0
2025-04-14 00:00:00+07:00,58058.25390625,58058.25390625,56893.203125,57475.7265625,55686.94921875,1125378,0.0,0.0
2025-04-15 00:00:00+07:00,57281.5546875,57572.81640625,56407.765625,56504.85546875,54746.29296875,865921,0.0,0.0
2025-04-16 00:00:00+07:00,56504.85546875,57087.37890625,55436.89453125,56407.765625,54652.2265625,647664,0.0,0.0
2025-04-17 00:00:00+07:00,55631.06640625,56601.94140625,55339.8046875,56407.765625,54652.2265625,498417,0.0,0.0
2025-04-18 00:00:00+07:00,56699.02734375,57669.90234375,56601.94140625,56699.02734375,54934.421875,676298,0.0,0.0
2025-04-21 00:00:00+07:00,56699.02734375,56990.29296875,56116.50390625,56407.765625,54652.2265625,309000,0.0,0.0
2025-04-22 00:00:00+07:00,55436.89453125,56407.765625,52718.4453125,55825.2421875,54087.83203125,1143712,0.0,0.0
2025-04-23 00:00:00+07:00,56407.765625,56893.203125,55728.15625,55825.2421875,54087.83203125,719249,0.0,0.0
2025-04-24 00:00:00+07:00,55825.2421875,56310.6796875,55631.06640625,55825.2421875,54087.83203125,422506,0.0,0.0
2025-04-25 00:00:00+07:00,55922.33203125,56796.1171875,55825.2421875,56796.1171875,55028.48828125,941008,0.0,0.0
2025-04-28 00:00:00+07:00,56699.02734375,56796.1171875,56407.765625,56699.02734375,54934.421875,279439,0.0,0.0
2025-04-29 00:00:00+07:00,56699.02734375,56699.02734375,56504.85546875,56601.94140625,54840.35546875,319506,0.0,0.0
2025-04-30 00:00:00+07:00,56601.94140625,56601.94140625,56601.94140625,56601.94140625,54840.35546875,0,0.0,0.0
2025-05-01 00:00:00+07:00,56601.94140625,56601.94140625,56601.94140625,56601.94140625,54840.35546875,0,0.0,0.0
2025-05-02 00:00:00+07:00,56601.94140625,56601.94140625,56601.94140625,56601.94140625,54840.35546875,0,0.0,0.0
2025-05-05 00:00:00+07:00,56699.02734375,56990.29296875,56116.50390625,56796.1171875,55028.48828125,678255,0.0,0.0
2025-05-06 00:00:00+07:00,56699.02734375,56990.29296875,56116.50390625,56796.1171875,55028.48828125,678255,0.0,0.0
2025-05-07 00:00:00+07:00,57087.37890625,58058.25390625,56893.203125,57864.078125,56063.21484375,926897,0.0,0.0
2025-05-08 00:00:00+07:00,57864.078125,59708.73828125,57864.078125,58737.86328125,56909.8046875,910623,0.0,0.0
2025-05-09 00:00:00+07:00,59223.30078125,59902.9140625,58932.0390625,59611.65234375,57756.3984375,887654,0.0,0.0
2025-05-12 00:00:00+07:00,59223.30078125,60679.61328125,59223.30078125,60485.4375,58602.98828125,859329,0.0,0.0
2025-05-13 00:00:00+07:00,59223.30078125,60679.61328125,59223.30078125,60485.4375,58602.98828125,859329,0.0,0.0
2025-05-14 00:00:00+07:00,60679.61328125,60776.69921875,60000.0,60194.17578125,58320.79296875,686804,0.0,0.0
2025-05-15 00:00:00+07:00,60194.17578125,60485.4375,59805.82421875,60097.0859375,58226.7265625,675268,0.0,0.0
2025-05-16 00:00:00+07:00,60097.0859375,60291.26171875,59611.65234375,60194.17578125,58320.79296875,688864,0.0,0.0
2025-05-19 00:00:00+07:00,59029.125,59417.4765625,58932.0390625,58932.0390625,57097.9375,601829,0.0,0.0
2025-05-20 00:00:00+07:00,59029.125,59417.4765625,58932.0390625,58932.0390625,57097.9375,601829,0.0,0.0
2025-05-21 00:00:00+07:00,59029.125,59029.125,58252.42578125,58737.86328125,56909.8046875,623253,0.0,0.0
2025-05-22 00:00:00+07:00,58737.86328125,59126.21484375,58446.6015625,58543.6875,56721.671875,324553,0.0,0.0
2025-05-23 00:00:00+07:00,58640.77734375,59708.73828125,58640.77734375,59223.30078125,57380.1328125,783212,0.0,0.0
2025-05-26 00:00:00+07:00,61262.13671875,61650.484375,59708.73828125,61165.046875,59261.44921875,650754,0.0,0.0
2025-05-27 00:00:00+07:00,61262.13671875,61650.484375,59708.73828125,61165.046875,59261.44921875,650754,0.0,0.0
2025-05-28 00:00:00+07:00,61650.484375,62038.8359375,61067.9609375,61844.66015625,59919.91015625,801752,0.0,0.0
2025-05-29 00:00:00+07:00,62135.921875,62815.53515625,62135.921875,62233.0078125,60296.171875,1186148,0.0,0.0
2025-05-30 00:00:00+07:00,62135.921875,62330.09765625,61844.66015625,62135.921875,60202.10546875,693087,0.0,0.0
2025-06-02 00:00:00+07:00,62815.53515625,63689.3203125,62233.0078125,63592.234375,61613.09765625,745411,0.0,0.0
2025-06-03 00:00:00+07:00,62815.53515625,63689.3203125,62233.0078125,63592.234375,61613.09765625,745411,0.0,0.0
2025-06-04 00:00:00+07:00,63592.234375,63980.58203125,63398.05859375,63883.49609375,61895.29296875,765496,0.0,0.0
2025-06-05 00:00:00+07:00,63883.49609375,63883.49609375,62815.53515625,62912.62109375,60954.6328125,762406,0.0,0.0
2025-06-06 00:00:00+07:00,62912.62109375,62912.62109375,61650.484375,61941.74609375,60013.9765625,829665,0.0,0.0
2025-06-09 00:00:00+07:00,61262.13671875,61941.74609375,60970.875,61456.3125,59543.6484375,570311,0.0,0.0
2025-06-10 00:00:00+07:00,61262.13671875,61941.74609375,60970.875,61456.3125,59543.6484375,570311,0.0,0.0
2025-06-11 00:00:00+07:00,61456.3125,61747.57421875,60873.78515625,61067.9609375,59167.3828125,440325,0.0,0.0
2025-06-12 00:00:00+07:00,61165.046875,61456.3125,60582.5234375,60776.69921875,58885.1875,504391,0.0,0.0
2025-06-13 00:00:00+07:00,61650.484375,61650.484375,60776.69921875,60970.875,59073.3203125,494091,0.0,0.0
2025-06-16 00:00:00+07:00,64077.66796875,66893.203125,63786.40625,66893.203125,64811.33203125,3273546,0.0,0.0
2025-06-17 00:00:00+07:00,64077.66796875,66893.203125,63786.40625,66893.203125,64811.33203125,3273546,0.0,0.0
2025-06-18 00:00:00+07:00,67572.8125,67864.078125,66213.59375,67281.5546875,65187.59765625,2851349,0.0,0.0
2025-06-19 00:00:00+07:00,67961.1640625,69223.3046875,67184.46875,68834.953125,66692.6484375,2742375,0.0,0.0
2025-06-20 00:00:00+07:00,68834.953125,70194.171875,68058.25,69708.734375,67539.234375,2765241,0.0,0.0
2025-06-23 00:00:00+07:00,71456.3125,71456.3125,69514.5625,70485.4375,68291.765625,3026758,0.0,0.0
2025-06-24 00:00:00+07:00,71456.3125,71456.3125,69514.5625,70485.4375,68291.765625,3026758,0.0,0.0
2025-06-25 00:00:00+07:00,66116.5078125,68349.515625,66116.5078125,67087.375,64999.4609375,2709209,0.0,0.0
2025-06-26 00:00:00+07:00,66796.1171875,66893.203125,65533.98046875,65533.98046875,63494.41015625,1774896,0.0,0.0
2025-06-27 00:00:00+07:00,65728.15625,66504.8515625,65533.98046875,66504.8515625,64435.06640625,784345,0.0,0.0
2025-06-30 00:00:00+07:00,66213.59375,66310.6796875,65339.8046875,65825.2421875,63776.609375,693705,0.0,0.0
2025-07-01 00:00:00+07:00,66213.59375,66310.6796875,65339.8046875,65825.2421875,63776.609375,693705,0.0,0.0
2025-07-02 00:00:00+07:00,65533.98046875,65825.2421875,64466.01953125,64466.01953125,62459.6875,883122,0.0,0.0
2025-07-03 00:00:00+07:00,64466.01953125,65048.54296875,64271.84375,64466.01953125,62459.6875,580508,0.0,0.0
2025-07-04 00:00:00+07:00,64951.45703125,65533.98046875,64271.84375,64271.84375,62271.5546875,939978,0.0,0.0
2025-07-07 00:00:00+07:00,64757.28125,64757.28125,64466.01953125,64563.10546875,62553.75,516133,0.0,0.0
2025-07-08 00:00:00+07:00,64757.28125,64757.28125,64466.01953125,64563.10546875,62553.75,516133,0.0,0.0
2025-07-09 00:00:00+07:00,65145.6328125,65728.15625,64757.28125,65728.15625,63682.54296875,937506,0.0,0.0
2025-07-10 00:00:00+07:00,65922.328125,66019.4140625,65631.0703125,66019.4140625,63964.734375,980251,0.0,0.0
2025-07-11 00:00:00+07:00,66116.5078125,66893.203125,65631.0703125,66407.765625,64341.0,1170698,0.0,0.0
2025-07-14 00:00:00+07:00,66504.8515625,66601.9453125,65922.328125,66213.59375,64152.87109375,793203,0.0,0.0
2025-07-15 00:00:00+07:00,66504.8515625,66601.9453125,65922.328125,66213.59375,64152.87109375,793203,0.0,0.0
2025-07-16 00:00:00+07:00,66213.59375,66504.8515625,65728.15625,65728.15625,63682.54296875,825236,0.0,0.0
2025-07-17 00:00:00+07:00,65728.15625,65922.328125,65242.71875,65436.89453125,63400.34765625,540956,0.0,0.0
2025-07-18 00:00:00+07:00,65533.98046875,65922.328125,65048.54296875,65728.15625,63682.54296875,1434172,0.0,0.0
2025-07-21 00:00:00+07:00,66213.59375,66213.59375,65242.71875,65533.98046875,63494.41015625,747368,0.0,0.0
2025-07-22 00:00:00+07:00,66213.59375,66213.59375,65242.71875,65533.98046875,63494.41015625,747368,0.0,0.0
2025-07-23 00:00:00+07:00,65728.15625,65922.328125,65145.6328125,65922.328125,63870.671875,673208,0.0,0.0
2025-07-24 00:00:00+07:00,66116.5078125,67281.5546875,65631.0703125,66990.2890625,64905.39453125,1752751,0.0,0.0
2025-07-25 00:00:00+07:00,67087.375,68155.3359375,66990.2890625,67087.375,64999.4609375,1271844,0.0,0.0
2025-07-28 00:00:00+07:00,67087.375,67378.640625,66310.6796875,66893.203125,64811.33203125,1213031,0.0,0.0
2025-07-29 00:00:00+07:00,67087.375,67378.640625,66310.6796875,66893.203125,64811.33203125,1213031,0.0,0.0
2025-07-30 00:00:00+07:00,66893.203125,68446.6015625,66019.4140625,66019.4140625,63964.734375,2171652,0.0,0.0
2025-07-31 00:00:00+07:00,66699.03125,66699.03125,65242.71875,65922.328125,63870.671875,930605,0.0,0.0
2025-08-01 00:00:00+07:00,67572.8125,67572.8125,65631.0703125,65728.15625,63682.54296875,864891,0.0,0.0
2025-08-04 00:00:00+07:00,65728.15625,66796.1171875,65533.98046875,66019.4140625,63964.734375,2107689,0.0,0.0
2025-08-05 00:00:00+07:00,65728.15625,66796.1171875,65533.98046875,66019.4140625,63964.734375,2107689,0.0,0.0
2025-08-06 00:00:00+07:00,66407.765625,67378.640625,65436.89453125,65825.2421875,63776.609375,2081527,0.0,0.0
2025-08-07 00:00:00+07:00,65825.2421875,67281.5546875,65825.2421875,67281.5546875,65187.59765625,1338588,0.0,0.0
2025-08-08 00:00:00+07:00,67864.078125,67864.078125,66601.9453125,67087.375,64999.4609375,1006516,0.0,0.0
2025-08-11 00:00:00+07:00,68252.4296875,69126.2109375,68058.25,68349.515625,66222.3203125,1265767,0.0,0.0
2025-08-12 00:00:00+07:00,68252.4296875,69126.2109375,68058.25,68349.515625,66222.3203125,1265767,0.0,0.0
2025-08-13 00:00:00+07:00,68349.515625,69223.3046875,67961.1640625,68446.6015625,66316.3828125,1743378,0.0,0.0
2025-08-14 00:00:00+07:00,68543.6875,68834.953125,67281.5546875,67961.1640625,65846.0546875,1943919,0.0,0.0
2025-08-15 00:00:00+07:00,68155.3359375,68252.4296875,67184.46875,67669.90625,65563.859375,1261853,0.0,0.0
2025-08-18 00:00:00+07:00,69029.125,69029.125,67572.8125,67961.1640625,65846.0546875,1210353,0.0,0.0
2025-08-19 00:00:00+07:00,69029.125,69029.125,67572.8125,67961.1640625,65846.0546875,1210353,0.0,0.0
2025-08-20 00:00:00+07:00,68252.4296875,68737.8671875,67766.9921875,67864.078125,65751.9921875,1365780,0.0,0.0
2025-08-21 00:00:00+07:00,67961.1640625,68058.25,65533.98046875,66310.6796875,64246.9375,1735962,0.0,0.0
2025-08-22 00:00:00+07:00,66990.2890625,67475.7265625,66019.4140625,67281.5546875,65187.59765625,1092212,0.0,0.0
2025-08-25 00:00:00+07:00,66893.203125,67572.8125,66504.8515625,66699.03125,64623.203125,996010,0.0,0.0
2025-08-26 00:00:00+07:00,66893.203125,67572.8125,66504.8515625,66699.03125,64623.203125,996010,0.0,0.0
2025-08-27 00:00:00+07:00,66796.1171875,67475.7265625,66699.03125,67475.7265625,65375.7265625,801031,0.0,0.0
2025-08-28 00:00:00+07:00,69700.0,69700.0,68700.0,68900.0,68900.0,1390500,2100.0,1.03
2025-08-29 00:00:00+07:00,65500.0,65500.0,64700.0,64900.0,64900.0,768200,0.0,0.0
2025-09-01 00:00:00+07:00,64900.0,64900.0,64900.0,64900.0,64900.0,0,0.0,0.0
2025-09-02 00:00:00+07:00,64900.0,64900.0,64900.0,64900.0,64900.0,0,0.0,0.0
2025-09-03 00:00:00+07:00,64200.0,64400.0,63400.0,63800.0,63800.0,894200,0.0,0.0
2025-09-04 00:00:00+07:00,64200.0,64400.0,63400.0,63800.0,63800.0,894200,0.0,0.0
2025-09-05 00:00:00+07:00,63900.0,64200.0,63800.0,64200.0,64200.0,719500,0.0,0.0
2025-09-08 00:00:00+07:00,63800.0,64200.0,62600.0,62600.0,62600.0,1293800,0.0,0.0
2025-09-09 00:00:00+07:00,63800.0,64200.0,62600.0,62600.0,62600.0,1293800,0.0,0.0
2025-09-10 00:00:00+07:00,63000.0,63100.0,61600.0,62100.0,62100.0,1258200,0.0,0.0
2025-09-11 00:00:00+07:00,62100.0,62500.0,61700.0,61900.0,61900.0,756900,0.0,0.0
2025-09-12 00:00:00+07:00,62400.0,62600.0,61300.0,62000.0,62000.0,810900,0.0,0.0
2025-09-15 00:00:00+07:00,62600.0,63300.0,62600.0,63200.0,63200.0,651000,0.0,0.0
2025-09-16 00:00:00+07:00,62600.0,63300.0,62600.0,63200.0,63200.0,651000,0.0,0.0
2025-09-17 00:00:00+07:00,63600.0,63600.0,62700.0,62700.0,62700.0,773700,0.0,0.0
2025-09-18 00:00:00+07:00,62800.0,64300.0,62800.0,64000.0,64000.0,1489100,0.0,0.0
2025-09-19 00:00:00+07:00,64000.0,64100.0,62900.0,63000.0,63000.0,731300,0.0,0.0
2025-09-22 00:00:00+07:00,62400.0,62500.0,61200.0,61800.0,61800.0,883600,0.0,0.0
2025-09-23 00:00:00+07:00,62400.0,62500.0,61200.0,61800.0,61800.0,883600,0.0,0.0
2025-09-24 00:00:00+07:00,61900.0,62000.0,61200.0,61600.0,61600.0,544500,0.0,0.0
2025-09-25 00:00:00+07:00,61600.0,61700.0,61100.0,61600.0,61600.0,558200,0.0,0.0
2025-09-26 00:00:00+07:00,62000.0,62300.0,61800.0,61900.0,61900.0,550000,0.0,0.0
2025-09-29 00:00:00+07:00,61600.0,62000.0,61400.0,61500.0,61500.0,381300,0.0,0.0
2025-09-30 00:00:00+07:00,61600.0,62000.0,61400.0,61500.0,61500.0,381300,0.0,0.0
2025-10-01 00:00:00+07:00,61500.0,61700.0,60400.0,60400.0,60400.0,647500,0.0,0.0
2025-10-02 00:00:00+07:00,60500.0,60900.0,60500.0,60600.0,60600.0,211700,0.0,0.0
2025-10-03 00:00:00+07:00,60700.0,61000.0,60300.0,60300.0,60300.0,454300,0.0,0.0
2025-10-06 00:00:00+07:00,61100.0,61100.0,60200.0,60800.0,60800.0,420400,0.0,0.0
2025-10-07 00:00:00+07:00,61100.0,61100.0,60200.0,60800.0,60800.0,420400,0.0,0.0
2025-10-08 00:00:00+07:00,61100.0,61100.0,60600.0,60900.0,60900.0,302600,0.0,0.0
2025-10-09 00:00:00+07:00,61200.0,61600.0,60900.0,60900.0,60900.0,379300,0.0,0.0
2025-10-10 00:00:00+07:00,60900.0,61400.0,60600.0,60900.0,60900.0,363100,0.0,0.0
2025-10-13 00:00:00+07:00,60100.0,60900.0,60100.0,60600.0,60600.0,516900,0.0,0.0
2025-10-14 00:00:00+07:00,60100.0,60900.0,60100.0,60600.0,60600.0,516900,0.0,0.0
2025-10-15 00:00:00+07:00,60900.0,60900.0,60000.0,60000.0,60000.0,568000,0.0,0.0
2025-10-16 00:00:00+07:00,60000.0,60200.0,58800.0,59000.0,59000.0,1271300,0.0,0.0
2025-10-17 00:00:00+07:00,58800.0,59200.0,58500.0,58700.0,58700.0,956300,0.0,0.0
2025-10-20 00:00:00+07:00,58600.0,59500.0,57000.0,57000.0,57000.0,604700,0.0,0.0
2025-10-21 00:00:00+07:00,58600.0,59500.0,57000.0,57000.0,57000.0,604700,0.0,0.0
2025-10-22 00:00:00+07:00,57300.0,58800.0,56000.0,56000.0,56000.0,837900,0.0,0.0
2025-10-23 00:00:00+07:00,57200.0,59000.0,57200.0,59000.0,59000.0,1023700,0.0,0.0
2025-10-24 00:00:00+07:00,60000.0,60700.0,59500.0,59800.0,59800.0,554800,0.0,0.0
2025-10-27 00:00:00+07:00,60200.0,60200.0,59300.0,59300.0,59300.0,512900,0.0,0.0
2025-10-28 00:00:00+07:00,60200.0,60200.0,59300.0,59300.0,59300.0,512900,0.0,0.0
2025-10-29 00:00:00+07:00,59300.0,60200.0,59100.0,60000.0,60000.0,660100,0.0,0.0
2025-10-30 00:00:00+07:00,60100.0,61200.0,60000.0,60200.0,60200.0,639500,0.0,0.0
2025-10-31 00:00:00+07:00,60200.0,60800.0,59700.0,59700.0,59700.0,460400,0.0,0.0
2025-11-03 00:00:00+07:00,62000.0,62900.0,61500.0,61500.0,61500.0,1095100,0.0,0.0
2025-11-04 00:00:00+07:00,62100.0,62200.0,60100.0,60500.0,60500.0,1008600,0.0,0.0
2025-11-05 00:00:00+07:00,62100.0,62200.0,60100.0,60500.0,60500.0,1008600,0.0,0.0
2025-11-06 00:00:00+07:00,63300.0,63300.0,61700.0,62100.0,62100.0,626000,0.0,0.0
2025-11-07 00:00:00+07:00,61800.0,62900.0,61000.0,62900.0,62900.0,1225100,0.0,0.0
2025-11-10 00:00:00+07:00,62800.0,62800.0,61000.0,61200.0,61200.0,738300,0.0,0.0
2025-11-11 00:00:00+07:00,61300.0,62000.0,60900.0,61100.0,61100.0,553500,0.0,0.0
2025-11-12 00:00:00+07:00,61500.0,62000.0,60600.0,61900.0,61900.0,648800,0.0,0.0
2025-11-13 00:00:00+07:00,61700.0,63500.0,61400.0,62900.0,62900.0,1158200,0.0,0.0
2025-11-14 00:00:00+07:00,62900.0,63400.0,62500.0,62800.0,62800.0,496800,0.0,0.0
2025-11-17 00:00:00+07:00,63200.0,63800.0,62000.0,63000.0,63000.0,689000,0.0,0.0
2025-11-18 00:00:00+07:00,63400.0,63400.0,62100.0,62400.0,62400.0,749600,0.0,0.0
2025-11-19 00:00:00+07:00,62500.0,62800.0,62000.0,62200.0,62200.0,380800,0.0,0.0
2025-11-20 00:00:00+07:00,62200.0,62300.0,61700.0,62100.0,62100.0,392000,0.0,0.0
2025-11-21 00:00:00+07:00,61600.0,61900.0,61000.0,61900.0,61900.0,467300,0.0,0.0
2025-11-24 00:00:00+07:00,61900.0,62000.0,61000.0,61000.0,61000.0,390000,0.0,0.0
2025-11-25 00:00:00+07:00,61000.0,61400.0,60800.0,60800.0,60800.0,405700,0.0,0.0
2025-11-26 00:00:00+07:00,60800.0,62000.0,60700.0,62000.0,62000.0,529300,0.0,0.0
2025-11-27 00:00:00+07:00,61900.0,63100.0,61500.0,63000.0,63000.0,1562200,0.0,0.0
2025-11-28 00:00:00+07:00,63000.0,63800.0,62500.0,63400.0,63400.0,1243100,0.0,0.0
2025-12-01 00:00:00+07:00,63400.0,65800.0,63400.0,65400.0,65400.0,2743800,0.0,0.0
2025-12-02 00:00:00+07:00,65400.0,66100.0,64800.0,66100.0,66100.0,1960300,0.0,0.0
2025-12-03 00:00:00+07:00,66200.0,66200.0,64300.0,64500.0,64500.0,1151400,0.0,0.0
2025-12-04 00:00:00+07:00,66200.0,66200.0,64300.0,64500.0,64500.0,1151400,0.0,0.0
2025-12-05 00:00:00+07:00,65200.0,65200.0,64000.0,64000.0,64000.0,735600,0.0,0.0
2025-12-08 00:00:00+07:00,64100.0,65400.0,63600.0,65400.0,65400.0,1050700,0.0,0.0
2025-12-09 00:00:00+07:00,65300.0,65300.0,63600.0,64000.0,64000.0,731000,0.0,0.0
2025-12-10 00:00:00+07:00,63900.0,64100.0,63400.0,63500.0,63500.0,443900,0.0,0.0
2025-12-11 00:00:00+07:00,63600.0,63900.0,62500.0,62600.0,62600.0,470100,0.0,0.0
2025-12-12 00:00:00+07:00,62600.0,62900.0,61300.0,61300.0,61300.0,598400,0.0,0.0
2025-12-15 00:00:00+07:00,61300.0,62400.0,61000.0,62100.0,62100.0,620600,0.0,0.0
2025-12-16 00:00:00+07:00,62500.0,64300.0,62100.0,64300.0,64300.0,870400,0.0,0.0
2025-12-17 00:00:00+07:00,64200.0,64800.0,62900.0,62900.0,62900.0,532900,0.0,0.0
2025-12-18 00:00:00+07:00,64200.0,64800.0,62900.0,62900.0,62900.0,532900,0.0,0.0
2025-12-19 00:00:00+07:00,63600.0,64000.0,63000.0,64000.0,64000.0,658000,0.0,0.0
2025-12-22 00:00:00+07:00,64300.0,65300.0,64200.0,65300.0,65300.0,1262800,0.0,0.0
2025-12-23 00:00:00+07:00,65300.0,66300.0,64600.0,65300.0,65300.0,1512400,0.0,0.0
2025-12-24 00:00:00+07:00,65400.0,66100.0,64400.0,66100.0,66100.0,1526800,0.0,0.0
2025-12-25 00:00:00+07:00,65400.0,66100.0,64400.0,66100.0,66100.0,1526800,0.0,0.0
2025-12-26 00:00:00+07:00,69000.0,70900.0,68000.0,70500.0,70500.0,2428400,0.0,0.0
2025-12-29 00:00:00+07:00,70600.0,75400.0,70200.0,75100.0,75100.0,5613700,0.0,0.0
2025-12-30 00:00:00+07:00,75100.0,75700.0,73800.0,74900.0,74900.0,1764400,0.0,0.0
2025-12-31 00:00:00+07:00,74500.0,75800.0,72400.0,72400.0,72400.0,1872800,0.0,0.0
2026-01-01 00:00:00+07:00,72400.0,72400.0,72400.0,72400.0,72400.0,0,0.0,0.0
2026-01-02 00:00:00+07:00,72400.0,72400.0,72400.0,72400.0,72400.0,0,0.0,0.0
2026-01-05 00:00:00+07:00,73100.0,77400.0,72800.0,77400.0,77400.0,5364200,0.0,0.0
2026-01-06 00:00:00+07:00,77800.0,82800.0,77800.0,82800.0,82800.0,4730300,0.0,0.0
2026-01-07 00:00:00+07:00,85200.0,88500.0,85200.0,88500.0,88500.0,4173200,0.0,0.0
2026-01-08 00:00:00+07:00,93500.0,94600.0,90000.0,91600.0,91600.0,6171100,0.0,0.0
2026-01-09 00:00:00+07:00,90600.0,98000.0,89800.0,97100.0,97100.0,4592600,0.0,0.0
2026-01-12 00:00:00+07:00,101000.0,102500.0,94500.0,97000.0,97000.0,5514400,0.0,0.0
2026-01-13 00:00:00+07:00,97000.0,103700.0,96000.0,103700.0,103700.0,4960100,0.0,0.0
2026-01-14 00:00:00+07:00,107000.0,110900.0,100000.0,107000.0,107000.0,4910800,0.0,0.0
2026-01-15 00:00:00+07:00,106900.0,107100.0,102300.0,103000.0,103000.0,3558000,0.0,0.0
2026-01-16 00:00:00+07:00,103200.0,107200.0,99800.0,99800.0,99800.0,4537900,0.0,0.0
2026-01-19 00:00:00+07:00,100000.0,106200.0,98100.0,105800.0,105800.0,4498200,0.0,0.0
2026-01-20 00:00:00+07:00,106000.0,110800.0,104000.0,104500.0,104500.0,3888800,0.0,0.0
2026-01-21 00:00:00+07:00,101200.0,110000.0,101000.0,110000.0,110000.0,4569400,0.0,0.0
2026-01-22 00:00:00+07:00,110500.0,110500.0,104700.0,104800.0,104800.0,4035100,0.0,0.0
2026-01-23 00:00:00+07:00,104800.0,106300.0,99200.0,100800.0,100800.0,3428600,0.0,0.0
2026-01-26 00:00:00+07:00,100500.0,107800.0,100500.0,107800.0,107800.0,6102800,0.0,0.0
2026-01-27 00:00:00+07:00,109800.0,115300.0,109000.0,115300.0,115300.0,5889900,0.0,0.0
2026-01-28 00:00:00+07:00,121000.0,122800.0,115000.0,118000.0,118000.0,7140900,0.0,0.0
2026-01-29 00:00:00+07:00,118500.0,118500.0,111300.0,116800.0,116800.0,3705700,0.0,0.0
2026-01-30 00:00:00+07:00,116800.0,122000.0,115800.0,117000.0,117000.0,3644900,0.0,0.0
2026-02-02 00:00:00+07:00,113900.0,116800.0,110000.0,114500.0,114500.0,5534800,0.0,0.0
2026-02-03 00:00:00+07:00,115800.0,121900.0,113100.0,117000.0,117000.0,3319000,0.0,0.0
2026-02-04 00:00:00+07:00,117000.0,120000.0,114300.0,115800.0,115800.0,2275800,0.0,0.0
2026-02-05 00:00:00+07:00,115800.0,116800.0,112000.0,112000.0,112000.0,2555300,0.0,0.0
2026-02-06 00:00:00+07:00,110000.0,118800.0,109500.0,115000.0,115000.0,3964600,0.0,0.0
2026-02-09 00:00:00+07:00,117000.0,117800.0,114500.0,115700.0,115700.0,901300,0.0,0.0
2026-02-10 00:00:00+07:00,115900.0,119600.0,107700.0,107700.0,107700.0,6158900,0.0,0.0
2026-02-11 00:00:00+07:00,105800.0,107400.0,102000.0,102000.0,102000.0,3230600,0.0,0.0
2026-02-12 00:00:00+07:00,106200.0,106200.0,101000.0,101400.0,101400.0,2700300,0.0,0.0
2026-02-13 00:00:00+07:00,101500.0,103700.0,99700.0,101600.0,101600.0,2039200,0.0,0.0
2026-02-16 00:00:00+07:00,101600.0,101600.0,101600.0,101600.0,101600.0,0,0.0,0.0
2026-02-17 00:00:00+07:00,101600.0,101600.0,101600.0,101600.0,101600.0,0,0.0,0.0
2026-02-18 00:00:00+07:00,101600.0,101600.0,101600.0,101600.0,101600.0,0,0.0,0.0
2026-02-19 00:00:00+07:00,101600.0,101600.0,101600.0,101600.0,101600.0,0,0.0,0.0
2026-02-20 00:00:00+07:00,101600.0,101600.0,101600.0,101600.0,101600.0,0,0.0,0.0
2026-02-23 00:00:00+07:00,104900.0,108700.0,104900.0,108700.0,108700.0,956400,0.0,0.0
2026-02-24 00:00:00+07:00,112000.0,112400.0,107100.0,110500.0,110500.0,4780400,0.0,0.0
2026-02-25 00:00:00+07:00,110500.0,117500.0,108000.0,110000.0,110000.0,3689100,0.0,0.0
2026-02-26 00:00:00+07:00,111000.0,111000.0,105500.0,106000.0,106000.0,3151900,0.0,0.0
2026-02-27 00:00:00+07:00,106000.0,111900.0,105500.0,107900.0,107900.0,2827100,0.0,0.0
2026-03-02 00:00:00+07:00,115300.0,115400.0,112500.0,115400.0,115400.0,3660300,0.0,0.0
2026-03-03 00:00:00+07:00,115300.0,115400.0,112500.0,115400.0,115400.0,3660300,0.0,0.0
2026-03-04 00:00:00+07:00,124000.0,131500.0,121800.0,128700.0,128700.0,4554900,0.0,0.0
2026-03-05 00:00:00+07:00,126000.0,126900.0,119700.0,119700.0,119700.0,5317800,0.0,0.0
2026-03-06 00:00:00+07:00,118600.0,118600.0,112000.0,112100.0,112100.0,4731500,0.0,0.0
2026-03-09 00:00:00+07:00,116000.0,116300.0,104300.0,104300.0,104300.0,5387400,0.0,0.0
2026-03-10 00:00:00+07:00,104000.0,107500.0,97000.0,97000.0,97000.0,3885500,0.0,0.0
2026-03-11 00:00:00+07:00,93300.0,103000.0,93200.0,103000.0,103000.0,4146800,0.0,0.0
2026-03-12 00:00:00+07:00,103000.0,103000.0,98700.0,98700.0,98700.0,1736400,0.0,0.0
2026-03-13 00:00:00+07:00,97900.0,101300.0,91800.0,91800.0,91800.0,4442600,0.0,0.0
2026-03-16 00:00:00+07:00,91000.0,91100.0,85400.0,87900.0,87900.0,5461400,0.0,0.0
2026-03-17 00:00:00+07:00,89000.0,90400.0,86000.0,86400.0,86400.0,1712800,0.0,0.0
2026-03-18 00:00:00+07:00,86400.0,92400.0,86400.0,91700.0,91700.0,2627100,0.0,0.0
2026-03-19 00:00:00+07:00,92300.0,92400.0,87400.0,88100.0,88100.0,2140100,0.0,0.0
2026-03-20 00:00:00+07:00,88100.0,88800.0,82000.0,82000.0,82000.0,3150400,0.0,0.0
2026-03-23 00:00:00+07:00,78500.0,83600.0,78500.0,80500.0,80500.0,2980000,0.0,0.0
2026-03-24 00:00:00+07:00,82000.0,82700.0,78800.0,80700.0,80700.0,1892400,0.0,0.0
2026-03-25 00:00:00+07:00,82000.0,84700.0,81200.0,82500.0,82500.0,2006800,0.0,0.0
2026-03-26 00:00:00+07:00,83000.0,83000.0,79800.0,80300.0,80300.0,1290400,0.0,0.0
2026-03-27 00:00:00+07:00,80400.0,82600.0,79900.0,82100.0,82100.0,2023700,0.0,0.0
2026-03-30 00:00:00+07:00,82100.0,83200.0,80400.0,80800.0,80800.0,2027000,0.0,0.0
2026-03-31 00:00:00+07:00,81600.0,81600.0,78100.0,78300.0,78300.0,2432200,0.0,0.0
2026-04-01 00:00:00+07:00,80000.0,81300.0,79600.0,80000.0,80000.0,1876800,0.0,0.0
2026-04-02 00:00:00+07:00,80000.0,81100.0,78700.0,78700.0,78700.0,1167900,0.0,0.0
2026-04-03 00:00:00+07:00,80000.0,80900.0,79600.0,79700.0,79700.0,1931200,0.0,0.0
2026-04-06 00:00:00+07:00,80200.0,80300.0,78100.0,78500.0,78500.0,1170800,0.0,0.0
2026-04-07 00:00:00+07:00,78500.0,79400.0,75800.0,77300.0,77300.0,1236400,0.0,0.0
2026-04-08 00:00:00+07:00,79000.0,80400.0,78300.0,79900.0,79900.0,1438600,0.0,0.0
2026-04-09 00:00:00+07:00,79900.0,79900.0,78100.0,78400.0,78400.0,1051600,0.0,0.0
2026-04-10 00:00:00+07:00,78600.0,82400.0,78200.0,80700.0,80700.0,2856700,0.0,0.0
2026-04-13 00:00:00+07:00,81200.0,82200.0,80600.0,80700.0,80700.0,948300,0.0,0.0
2026-04-14 00:00:00+07:00,81000.0,81600.0,79100.0,79300.0,79300.0,1205900,0.0,0.0
2026-04-15 00:00:00+07:00,79800.0,80500.0,79100.0,79200.0,79200.0,1038400,0.0,0.0
2026-04-16 00:00:00+07:00,79200.0,80200.0,78100.0,78400.0,78400.0,1169300,0.0,0.0
2026-04-17 00:00:00+07:00,78600.0,80400.0,78100.0,80100.0,80100.0,1249000,0.0,0.0
2026-04-20 00:00:00+07:00,80000.0,81300.0,79000.0,79200.0,79200.0,1205300,0.0,0.0
2026-04-21 00:00:00+07:00,79300.0,80100.0,78500.0,78700.0,78700.0,1356000,0.0,0.0
2026-04-22 00:00:00+07:00,79000.0,79800.0,78100.0,78100.0,78100.0,760600,0.0,0.0
2026-04-23 00:00:00+07:00,78100.0,79500.0,75900.0,77400.0,77400.0,1488800,0.0,0.0
2026-04-24 00:00:00+07:00,77600.0,80000.0,77500.0,78300.0,78300.0,1193000,0.0,0.0
2026-04-27 00:00:00+07:00,78300.0,78300.0,78300.0,78300.0,78300.0,0,0.0,0.0
2026-04-28 00:00:00+07:00,78000.0,78200.0,73100.0,73500.0,73500.0,1966400,0.0,0.0
2026-04-29 00:00:00+07:00,73500.0,75400.0,73000.0,75200.0,75200.0,1268600,0.0,0.0
2026-04-30 00:00:00+07:00,75200.0,75200.0,75200.0,75200.0,75200.0,0,0.0,0.0
2026-05-01 00:00:00+07:00,75200.0,75200.0,75200.0,75200.0,75200.0,0,0.0,0.0
2026-05-04 00:00:00+07:00,77000.0,79900.0,76200.0,76500.0,76500.0,1660000,0.0,0.0
2026-05-05 00:00:00+07:00,76700.0,78300.0,76100.0,77700.0,77700.0,1319800,0.0,0.0
2026-05-06 00:00:00+07:00,78000.0,80500.0,77600.0,79200.0,79200.0,2983000,0.0,0.0
2026-05-07 00:00:00+07:00,78400.0,79000.0,76000.0,76000.0,76000.0,2302900,0.0,0.0
2026-05-08 00:00:00+07:00,76900.0,77300.0,74500.0,74700.0,74700.0,1415100,0.0,0.0
2026-05-11 00:00:00+07:00,75100.0,75500.0,73400.0,73600.0,73600.0,1835100,0.0,0.0
2026-05-12 00:00:00+07:00,73900.0,77100.0,73800.0,76500.0,76500.0,1557500,0.0,0.0
2026-05-13 00:00:00+07:00,76500.0,81800.0,75700.0,81800.0,81800.0,6350300,0.0,0.0
2026-05-14 00:00:00+07:00,84500.0,85800.0,83200.0,83600.0,83600.0,4068100,0.0,0.0
2026-05-15 00:00:00+07:00,82800.0,89400.0,82600.0,89400.0,89400.0,4986200,0.0,0.0
2026-05-18 00:00:00+07:00,91700.0,95500.0,90200.0,93000.0,93000.0,4078700,0.0,0.0
2026-05-19 00:00:00+07:00,94100.0,94200.0,86500.0,86500.0,86500.0,5410100,0.0,0.0
2026-05-20 00:00:00+07:00,85600.0,89700.0,81100.0,89700.0,89700.0,4912400,0.0,0.0
2026-05-21 00:00:00+07:00,89500.0,89500.0,86200.0,87300.0,87300.0,1357100,0.0,0.0
2026-05-22 00:00:00+07:00,87100.0,87800.0,84300.0,84900.0,84900.0,1642900,0.0,0.0
2026-05-25 00:00:00+07:00,82300.0,83500.0,81000.0,82000.0,82000.0,2341800,0.0,0.0
2026-05-26 00:00:00+07:00,83500.0,84300.0,82300.0,82500.0,82500.0,976400,0.0,0.0
2026-05-27 00:00:00+07:00,82500.0,83700.0,81500.0,81500.0,81500.0,902800,0.0,0.0
2026-05-28 00:00:00+07:00,81500.0,83800.0,79500.0,81700.0,81700.0,2476900,0.0,0.0
2026-05-29 00:00:00+07:00,81100.0,87400.0,80200.0,87400.0,87400.0,3155800,0.0,0.0
2026-06-01 00:00:00+07:00,88000.0,88200.0,84200.0,84200.0,84200.0,1357900,0.0,0.0
2026-06-02 00:00:00+07:00,85100.0,85500.0,81800.0,82200.0,82200.0,1514300,0.0,0.0
2026-06-03 00:00:00+07:00,82200.0,85500.0,82200.0,84500.0,84500.0,1015900,0.0,0.0
2026-06-04 00:00:00+07:00,85800.0,89200.0,85100.0,85200.0,85200.0,1871600,0.0,0.0
2026-06-05 00:00:00+07:00,85200.0,87800.0,83800.0,85000.0,85000.0,1317900,0.0,0.0
2026-06-08 00:00:00+07:00,83600.0,85700.0,83300.0,83900.0,83900.0,1058600,0.0,0.0
2026-06-09 00:00:00+07:00,84500.0,84500.0,81900.0,82400.0,82400.0,906800,0.0,0.0
2026-06-10 00:00:00+07:00,82100.0,83900.0,81900.0,82500.0,82500.0,509100,0.0,0.0
2026-06-11 00:00:00+07:00,83300.0,84500.0,82500.0,82500.0,82500.0,530400,0.0,0.0
2026-06-12 00:00:00+07:00,82500.0,87100.0,82000.0,85100.0,85100.0,1976800,0.0,0.0
2026-06-15 00:00:00+07:00,83300.0,84300.0,81800.0,82600.0,82600.0,1531900,0.0,0.0
2026-06-16 00:00:00+07:00,82600.0,83700.0,79700.0,81800.0,81800.0,1617400,0.0,0.0
2026-06-17 00:00:00+07:00,81600.0,82800.0,80000.0,80900.0,80900.0,1031800,0.0,0.0
2026-06-18 00:00:00+07:00,80000.0,82600.0,80000.0,81800.0,81800.0,949100,0.0,0.0
2026-06-19 00:00:00+07:00,81700.0,81800.0,80500.0,81200.0,81200.0,478800,0.0,0.0
2026-06-22 00:00:00+07:00,81600.0,82600.0,81100.0,81700.0,81700.0,702900,0.0,0.0
2026-06-23 00:00:00+07:00,81400.0,82100.0,78700.0,78900.0,78900.0,2252100,0.0,0.0
2026-06-24 00:00:00+07:00,78200.0,80500.0,76400.0,79300.0,79300.0,2046800,0.0,0.0
2026-06-25 00:00:00+07:00,78500.0,79300.0,77500.0,77500.0,77500.0,868700,0.0,0.0
2026-06-26 00:00:00+07:00,77800.0,78500.0,77000.0,77000.0,77000.0,618600,0.0,0.0
2026-06-29 00:00:00+07:00,77200.0,78700.0,77000.0,77700.0,77700.0,606800,0.0,0.0
2026-06-30 00:00:00+07:00,77700.0,78400.0,77100.0,77400.0,77400.0,510400,0.0,0.0
2026-07-01 00:00:00+07:00,77700.0,78400.0,77100.0,77400.0,77400.0,510400,0.0,0.0
2026-07-02 00:00:00+07:00,78000.0,78200.0,77300.0,77300.0,77300.0,453500,0.0,0.0
2026-07-03 00:00:00+07:00,77400.0,77700.0,75300.0,75300.0,75300.0,1649400,0.0,0.0
2026-07-06 00:00:00+07:00,75500.0,75500.0,73000.0,74000.0,74000.0,1615900,0.0,0.0
2026-07-07 00:00:00+07:00,74100.0,75400.0,73300.0,73800.0,73800.0,648400,0.0,0.0
2026-07-08 00:00:00+07:00,74800.0,75900.0,74700.0,74800.0,74800.0,648000,0.0,0.0
2026-07-09 00:00:00+07:00,75100.0,78500.0,75100.0,77000.0,77000.0,1998200,0.0,0.0
2026-07-10 00:00:00+07:00,77000.0,77200.0,75200.0,75200.0,75200.0,512700,0.0,0.0
2026-07-13 00:00:00+07:00,76500.0,77500.0,74500.0,75400.0,75400.0,909400,0.0,0.0
2026-07-14 00:00:00+07:00,76500.0,78800.0,76000.0,78500.0,78500.0,2251800,0.0,0.0
2026-07-15 00:00:00+07:00,78800.0,78800.0,77200.0,77600.0,77600.0,946200,0.0,0.0
2026-07-16 00:00:00+07:00,77600.0,78000.0,75700.0,77400.0,77400.0,988000,0.0,0.0
2026-07-17 00:00:00+07:00,77400.0,77400.0,76000.0,76200.0,76200.0,569800,0.0,0.0
2026-07-20 00:00:00+07:00,76600.0,77600.0,72000.0,73100.0,73100.0,870100,0.0,0.0
2026-07-21 00:00:00+07:00,73100.0,74300.0,68000.0,68000.0,68000.0,4293300,0.0,0.0
2026-07-22 00:00:00+07:00,68000.0,69000.0,64400.0,64400.0,64400.0,2734100,0.0,0.0
2026-07-23 00:00:00+07:00,64700.0,66800.0,64700.0,66800.0,66800.0,1510800,0.0,0.0
2026-07-24 00:00:00+07:00,67000.0,68800.0,67000.0,67200.0,67200.0,1050700,0.0,0.0
2026-07-27 00:00:00+07:00,67000.0,68500.0,66200.0,66900.0,66900.0,850800,0.0,0.0
2026-07-28 00:00:00+07:00,66700.0,67300.0,66100.0,67000.0,67000.0,619600,0.0,0.0
2026-07-29 00:00:00+07:00,66900.0,68500.0,66900.0,67900.0,67900.0,993000,0.0,0.0
2026-07-30 00:00:00+07:00,69000.0,69300.0,68000.0,68700.0,68700.0,945900,0.0,0.0
2026-07-31 00:00:00+07:00,69800.0,69800.0,68100.0,68600.0,68600.0,968600,0.0,0.0
2026-08-03 00:00:00+07:00,68600.0,71200.0,68100.0,71200.0,71200.0,1150500,0.0,0.0
2026-08-04 00:00:00+07:00,71200.0,71200.0,69200.0,69900.0,69900.0,852900,0.0,0.0
2026-08-05 00:00:00+07:00,69800.0,70500.0,68900.0,70500.0,70500.0,1138300,0.0,0.0
2026-08-06 00:00:00+07:00,70500.0,71400.0,69800.0,69800.0,69800.0,674200,0.0,0.0
2026-08-07 00:00:00+07:00,70500.0,74600.0,70400.0,74600.0,74600.0,2114300,0.0,0.0
2026-08-10 00:00:00+07:00,76900.0,79800.0,76100.0,79800.0,79800.0,2997200,0.0,0.0
2026-08-11 00:00:00+07:00,80500.0,80600.0,77400.0,77500.0,77500.0,1554300,0.0,0.0
2026-08-12 00:00:00+07:00,77500.0,80100.0,77200.0,80000.0,80000.0,1433600,0.0,0.0
2026-08-13 00:00:00+07:00,79200.0,80000.0,77600.0,77900.0,77900.0,1360200,0.0,0.0
2026-08-14 00:00:00+07:00,77800.0,79200.0,74900.0,76000.0,76000.0,1668000,0.0,0.0
2026-08-17 00:00:00+07:00,76200.0,79200.0,76200.0,79100.0,79100.0,1109600,0.0,0.0
2026-08-18 00:00:00+07:00,79500.0,84600.0,79300.0,83500.0,83500.0,3635900,0.0,0.0
2026-08-19 00:00:00+07:00,83400.0,84500.0,82500.0,83700.0,83700.0,1942100,0.0,0.0
2026-08-20 00:00:00+07:00,83900.0,84400.0,82200.0,83500.0,83500.0,1112700,0.0,0.0
2026-08-21 00:00:00+07:00,83800.0,83800.0,82000.0,83500.0,83500.0,1360800,0.0,0.0
2026-08-24 00:00:00+07:00,83800.0,87600.0,82000.0,85000.0,85000.0,2691300,0.0,0.0
2026-08-25 00:00:00+07:00,84200.0,85400.0,82100.0,83500.0,83500.0,2125200,0.0,0.0
2026-08-26 00:00:00+07:00,83000.0,86600.0,83000.0,84100.0,84100.0,1587700,0.0,0.0
2026-08-27 00:00:00+07:00,84100.0,85400.0,82700.0,84300.0,84300.0,1563900,0.0,0.0
2026-08-28 00:00:00+07:00,85200.0,86400.0,84200.0,84200.0,84200.0,1561400,0.0,0.0
2026-08-31 00:00:00+07:00,84200.0,84200.0,84200.0,84200.0,84200.0,0,0.0,0.0
