Date,Open,High,Low,Close,Adj Close,Volume,Dividends,Stock Splits
2020-03-17 00:00:00+07:00,10500.0,11500.0,9600.0,11200.0,9820.8779296875,1626550,0.0,0.0
2020-03-18 00:00:00+07:00,11500.0,11500.0,10450.0,10500.0,9207.0732421875,1432550,0.0,0.0
2020-03-19 00:00:00+07:00,10300.0,10300.0,9800.0,9800.0,8593.2685546875,858400,0.0,0.0
2020-03-20 00:00:00+07:00,9800.0,10000.0,9120.0,9130.0,8005.76953125,1380930,0.0,0.0
2020-03-23 00:00:00+07:00,8620.0,8630.0,8500.0,8500.0,7453.34521484375,1698240,0.0,0.0
2020-03-24 00:00:00+07:00,8250.0,8890.0,8250.0,8700.0,7628.7177734375,683830,0.0,0.0
2020-03-25 00:00:00+07:00,8800.0,9100.0,8710.0,8900.0,7804.0908203125,1559590,0.0,0.0
2020-03-26 00:00:00+07:00,8800.0,8990.0,8550.0,8550.0,7497.18896484375,811930,0.0,0.0
2020-03-27 00:00:00+07:00,8600.0,9000.0,8360.0,8460.0,7418.2705078125,612810,0.0,0.0
2020-03-30 00:00:00+07:00,8250.0,8600.0,7870.0,8300.0,7277.97216796875,1792710,0.0,0.0
2020-03-31 00:00:00+07:00,8000.0,8700.0,8000.0,8380.0,7348.12158203125,572600,0.0,0.0
2020-04-01 00:00:00+07:00,8380.0,8580.0,8100.0,8560.0,7505.95654296875,262480,0.0,0.0
2020-04-02 00:00:00+07:00,8560.0,8560.0,8560.0,8560.0,7505.95654296875,0,0.0,0.0
2020-04-03 00:00:00+07:00,8600.0,8900.0,8500.0,8700.0,7628.7177734375,356910,0.0,0.0
2020-04-06 00:00:00+07:00,8800.0,9100.0,8750.0,9100.0,7979.4638671875,591020,0.0,0.0
2020-04-07 00:00:00+07:00,9100.0,9100.0,8810.0,8960.0,7856.70263671875,277730,0.0,0.0
2020-04-08 00:00:00+07:00,8900.0,8990.0,8800.0,8990.0,7883.00830078125,212500,0.0,0.0
2020-04-09 00:00:00+07:00,9100.0,9530.0,9090.0,9450.0,8286.365234375,574950,0.0,0.0
2020-04-10 00:00:00+07:00,9950.0,10100.0,9900.0,10100.0,8856.326171875,934920,0.0,0.0
2020-04-13 00:00:00+07:00,10800.0,10800.0,10150.0,10150.0,8900.171875,2160110,0.0,0.0
2020-04-14 00:00:00+07:00,10400.0,10850.0,10000.0,10800.0,9470.1318359375,957110,0.0,0.0
2020-04-15 00:00:00+07:00,10500.0,11300.0,10500.0,11150.0,9777.0341796875,788140,0.0,0.0
2020-04-16 00:00:00+07:00,11000.0,11150.0,10600.0,10800.0,9470.1318359375,634220,0.0,0.0
2020-04-17 00:00:00+07:00,11050.0,11150.0,10700.0,10800.0,9470.1318359375,649460,0.0,0.0
2020-04-20 00:00:00+07:00,11000.0,11250.0,10700.0,10700.0,9382.4462890625,1221230,0.0,0.0
2020-04-21 00:00:00+07:00,10600.0,10700.0,9960.0,9960.0,8733.56640625,1336580,0.0,0.0
2020-04-22 00:00:00+07:00,9700.0,10400.0,9600.0,10050.0,8812.4853515625,867890,0.0,0.0
2020-04-23 00:00:00+07:00,10300.0,10350.0,10000.0,10100.0,8856.326171875,653970,0.0,0.0
2020-04-24 00:00:00+07:00,10100.0,10150.0,9950.0,9960.0,8733.56640625,837180,0.0,0.0
2020-04-27 00:00:00+07:00,10100.0,10650.0,10100.0,10650.0,9338.6025390625,1663520,0.0,0.0
2020-04-28 00:00:00+07:00,11000.0,11200.0,10700.0,10800.0,9470.1318359375,1444690,0.0,0.0
2020-04-29 00:00:00+07:00,10800.0,11350.0,10800.0,11150.0,9777.0341796875,1497360,0.0,0.0
2020-04-30 00:00:00+07:00,11150.0,11150.0,11150.0,11150.0,9777.0341796875,0,0.0,0.0
2020-05-01 00:00:00+07:00,11150.0,11150.0,11150.0,11150.0,9777.0341796875,0,0.0,0.0
2020-05-04 00:00:00+07:00,10900.0,11000.0,10600.0,10700.0,9382.4462890625,951850,0.0,0.0
2020-05-05 00:00:00+07:00,10700.0,11200.0,10000.0,11100.0,9733.193359375,1071460,0.0,0.0
2020-05-06 00:00:00+07:00,11150.0,11850.0,11150.0,11850.0,10390.83984375,2682000,0.0,0.0
2020-05-07 00:00:00+07:00,12000.0,12650.0,11800.0,12500.0,10960.802734375,2699550,0.0,0.0
2020-05-08 00:00:00+07:00,12500.0,12600.0,12000.0,12000.0,10522.3701171875,1499440,0.0,0.0
2020-05-11 00:00:00+07:00,11950.0,12500.0,11750.0,12400.0,10873.115234375,1857810,0.0,0.0
2020-05-12 00:00:00+07:00,12200.0,12750.0,12050.0,12500.0,10960.802734375,1423970,0.0,0.0
2020-05-13 00:00:00+07:00,12500.0,13100.0,12400.0,12600.0,11048.48828125,3516310,0.0,0.0
2020-05-14 00:00:00+07:00,12600.0,12600.0,12300.0,12300.0,10785.4267578125,1400950,0.0,0.0
2020-05-15 00:00:00+07:00,12300.0,12300.0,12300.0,12300.0,10785.4267578125,0,0.0,0.0
2020-05-18 00:00:00+07:00,12300.0,12300.0,12300.0,12300.0,10785.4267578125,0,0.0,0.0
2020-05-19 00:00:00+07:00,12650.0,12750.0,12300.0,12750.0,11180.017578125,2001060,0.0,0.0
2020-05-20 00:00:00+07:00,12750.0,12750.0,12750.0,12750.0,11180.017578125,0,0.0,0.0
2020-05-21 00:00:00+07:00,12900.0,13250.0,12700.0,12800.0,11223.8623046875,2381570,0.0,0.0
2020-05-22 00:00:00+07:00,12700.0,12850.0,12400.0,12500.0,10960.802734375,1401180,0.0,0.0
2020-05-25 00:00:00+07:00,12600.0,13150.0,12400.0,13100.0,11486.919921875,3891580,0.0,0.0
2020-05-26 00:00:00+07:00,13350.0,13450.0,13050.0,13450.0,11793.8232421875,2026130,0.0,0.0
2020-05-27 00:00:00+07:00,13200.0,13200.0,12700.0,12700.0,11136.1748046875,2320830,0.0,0.0
2020-05-28 00:00:00+07:00,12650.0,12900.0,12550.0,12750.0,11180.017578125,1925610,0.0,0.0
2020-05-29 00:00:00+07:00,12700.0,12900.0,12650.0,12750.0,11180.017578125,1380440,0.0,0.0
2020-06-01 00:00:00+07:00,12800.0,12950.0,12800.0,12850.0,11267.7041015625,1375080,0.0,0.0
2020-06-02 00:00:00+07:00,12850.0,12950.0,12500.0,12550.0,11004.64453125,1401600,0.0,0.0
2020-06-03 00:00:00+07:00,12550.0,13000.0,12500.0,13000.0,11399.232421875,1682780,0.0,0.0
2020-06-04 00:00:00+07:00,13000.0,13150.0,12700.0,12700.0,11136.1748046875,1429580,0.0,0.0
2020-06-05 00:00:00+07:00,12700.0,12900.0,12600.0,12900.0,11311.546875,1368660,0.0,0.0
2020-06-08 00:00:00+07:00,12900.0,12900.0,12900.0,12900.0,11311.546875,0,0.0,0.0
2020-06-09 00:00:00+07:00,12900.0,12900.0,12900.0,12900.0,11311.546875,0,0.0,0.0
2020-06-10 00:00:00+07:00,13650.0,13650.0,13150.0,13250.0,11618.44921875,2746460,0.0,0.0
2020-06-11 00:00:00+07:00,13250.0,13550.0,12500.0,12500.0,10960.802734375,3535100,0.0,0.0
2020-06-12 00:00:00+07:00,12000.0,12450.0,11800.0,12150.0,10653.8994140625,3343630,0.0,0.0
2020-06-15 00:00:00+07:00,12500.0,13000.0,12250.0,12400.0,10873.115234375,3865010,0.0,0.0
2020-06-16 00:00:00+07:00,13000.0,13000.0,12650.0,12750.0,11180.017578125,1094900,0.0,0.0
2020-06-17 00:00:00+07:00,12800.0,12800.0,12400.0,12400.0,10873.115234375,1329740,0.0,0.0
2020-06-18 00:00:00+07:00,12100.0,12800.0,12100.0,12300.0,10785.4267578125,1281740,0.0,0.0
2020-06-19 00:00:00+07:00,12450.0,12750.0,12450.0,12600.0,11048.48828125,1155640,0.0,0.0
2020-06-22 00:00:00+07:00,12700.0,12700.0,12400.0,12450.0,10916.9580078125,1125510,0.0,0.0
2020-06-23 00:00:00+07:00,12450.0,12800.0,12350.0,12550.0,11004.64453125,1512990,0.0,0.0
2020-06-24 00:00:00+07:00,12600.0,12600.0,12250.0,12300.0,10785.4267578125,967980,0.0,0.0
2020-06-25 00:00:00+07:00,12200.0,12300.0,12050.0,12050.0,10566.2119140625,1042720,0.0,0.0
2020-06-26 00:00:00+07:00,12100.0,12350.0,11900.0,11900.0,10434.68359375,1459690,0.0,0.0
2020-06-29 00:00:00+07:00,11900.0,12000.0,11300.0,11400.0,9996.2509765625,2278110,0.0,0.0
2020-06-30 00:00:00+07:00,11400.0,11750.0,11000.0,11000.0,9645.5048828125,1132600,0.0,0.0
2020-07-01 00:00:00+07:00,11050.0,11600.0,11050.0,11500.0,10083.9375,736830,0.0,0.0
2020-07-02 00:00:00+07:00,11400.0,11700.0,11350.0,11550.0,10127.7802734375,878030,0.0,0.0
2020-07-03 00:00:00+07:00,11600.0,11850.0,11600.0,11650.0,10215.4677734375,1155100,0.0,0.0
2020-07-06 00:00:00+07:00,11800.0,11900.0,11700.0,11900.0,10434.68359375,575100,0.0,0.0
2020-07-07 00:00:00+07:00,11900.0,11950.0,11600.0,11650.0,10215.4677734375,1010980,0.0,0.0
2020-07-08 00:00:00+07:00,11650.0,11800.0,11400.0,11650.0,10215.4677734375,833270,0.0,0.0
2020-07-09 00:00:00+07:00,11650.0,11850.0,11650.0,11850.0,10390.83984375,988260,0.0,0.0
2020-07-10 00:00:00+07:00,11850.0,11850.0,11850.0,11850.0,10390.83984375,0,0.0,0.0
2020-07-13 00:00:00+07:00,11900.0,12350.0,11900.0,11900.0,10434.68359375,1994010,0.0,0.0
2020-07-14 00:00:00+07:00,12100.0,12300.0,12000.0,12100.0,10610.056640625,1279860,0.0,0.0
2020-07-15 00:00:00+07:00,12100.0,12100.0,12100.0,12100.0,10610.056640625,0,0.0,0.0
2020-07-16 00:00:00+07:00,12150.0,12250.0,12000.0,12050.0,10566.2119140625,751420,0.0,0.0
2020-07-17 00:00:00+07:00,11950.0,12250.0,11900.0,12100.0,10610.056640625,900470,0.0,0.0
2020-07-20 00:00:00+07:00,12100.0,12450.0,12050.0,12100.0,10610.056640625,1427490,0.0,0.0
2020-07-21 00:00:00+07:00,12200.0,12200.0,11900.0,11950.0,10478.5263671875,755830,0.0,0.0
2020-07-22 00:00:00+07:00,11950.0,12100.0,11700.0,11750.0,10303.154296875,730770,0.0,0.0
2020-07-23 00:00:00+07:00,11700.0,11750.0,11500.0,11500.0,10083.9375,1064300,0.0,0.0
2020-07-24 00:00:00+07:00,11550.0,11900.0,11000.0,11000.0,9645.5048828125,2730370,0.0,0.0
2020-07-27 00:00:00+07:00,10500.0,10700.0,10250.0,10250.0,8987.857421875,2885330,0.0,0.0
2020-07-28 00:00:00+07:00,10050.0,10600.0,10050.0,10600.0,9294.7607421875,1756390,0.0,0.0
2020-07-29 00:00:00+07:00,10000.0,10350.0,9860.0,10250.0,8987.857421875,1869490,0.0,0.0
2020-07-30 00:00:00+07:00,10200.0,10300.0,10050.0,10100.0,8856.326171875,1120870,0.0,0.0
2020-07-31 00:00:00+07:00,9800.0,10250.0,9800.0,10000.0,8768.6416015625,998760,0.0,0.0
2020-08-03 00:00:00+07:00,10000.0,10350.0,10000.0,10350.0,9075.5439453125,820600,0.0,0.0
2020-08-04 00:00:00+07:00,10500.0,10600.0,10350.0,10450.0,9163.23046875,995960,0.0,0.0
2020-08-05 00:00:00+07:00,10450.0,10850.0,10300.0,10650.0,9338.6025390625,1450080,0.0,0.0
2020-08-06 00:00:00+07:00,10550.0,10750.0,10550.0,10600.0,9294.7607421875,608120,0.0,0.0
2020-08-07 00:00:00+07:00,10550.0,10700.0,10500.0,10600.0,9294.7607421875,631730,0.0,0.0
2020-08-10 00:00:00+07:00,10650.0,11300.0,10600.0,11150.0,9777.0341796875,2894230,0.0,0.0
2020-08-11 00:00:00+07:00,11250.0,11250.0,11000.0,11100.0,9733.193359375,737560,0.0,0.0
2020-08-12 00:00:00+07:00,11100.0,11150.0,11000.0,11100.0,9733.193359375,597590,0.0,0.0
2020-08-13 00:00:00+07:00,11100.0,11400.0,11000.0,11000.0,9645.5048828125,1959970,0.0,0.0
2020-08-14 00:00:00+07:00,11000.0,11150.0,10800.0,10900.0,9557.818359375,974910,0.0,0.0
2020-08-17 00:00:00+07:00,10900.0,10950.0,10700.0,10950.0,9601.662109375,750960,0.0,0.0
2020-08-18 00:00:00+07:00,10950.0,11250.0,10900.0,11050.0,9689.3486328125,1218730,0.0,0.0
2020-08-19 00:00:00+07:00,11200.0,11700.0,11150.0,11500.0,10083.9375,2352360,0.0,0.0
2020-08-20 00:00:00+07:00,11500.0,11800.0,11500.0,11700.0,10259.310546875,2233930,0.0,0.0
2020-08-21 00:00:00+07:00,11700.0,11900.0,11600.0,11850.0,10390.83984375,1617030,0.0,0.0
2020-08-24 00:00:00+07:00,12000.0,12100.0,11850.0,11950.0,10478.5263671875,1577760,0.0,0.0
2020-08-25 00:00:00+07:00,12000.0,12000.0,11750.0,11750.0,10303.154296875,1301610,0.0,0.0
2020-08-26 00:00:00+07:00,11650.0,12150.0,11650.0,11900.0,10434.68359375,1924850,0.0,0.0
2020-08-27 00:00:00+07:00,11950.0,12450.0,11950.0,12350.0,10829.2734375,2316970,0.0,0.0
2020-08-28 00:00:00+07:00,12350.0,12450.0,12050.0,12050.0,10566.2119140625,1574520,0.0,0.0
2020-08-31 00:00:00+07:00,12100.0,12150.0,11750.0,11850.0,10390.83984375,1824490,0.0,0.0
2020-09-01 00:00:00+07:00,11800.0,12150.0,11700.0,12150.0,10653.8994140625,1998840,0.0,0.0
2020-09-02 00:00:00+07:00,12150.0,12150.0,12150.0,12150.0,10653.8994140625,0,0.0,0.0
2020-09-03 00:00:00+07:00,12200.0,12250.0,12050.0,12150.0,10653.8994140625,1000990,0.0,0.0
2020-09-04 00:00:00+07:00,11900.0,12050.0,11850.0,12000.0,10522.3701171875,1132370,0.0,0.0
2020-09-07 00:00:00+07:00,11900.0,12200.0,11800.0,11900.0,10434.68359375,1491100,0.0,0.0
2020-09-08 00:00:00+07:00,12050.0,12500.0,12000.0,12200.0,10697.7431640625,4063740,0.0,0.0
2020-09-09 00:00:00+07:00,12200.0,12500.0,12200.0,12400.0,10873.115234375,2240400,0.0,0.0
2020-09-10 00:00:00+07:00,12550.0,12850.0,12400.0,12800.0,11223.8623046875,2360230,0.0,0.0
2020-09-11 00:00:00+07:00,12800.0,12800.0,12800.0,12800.0,11223.8623046875,0,0.0,0.0
2020-09-14 00:00:00+07:00,12800.0,12850.0,12600.0,12600.0,11048.48828125,2150970,0.0,0.0
2020-09-15 00:00:00+07:00,12700.0,12800.0,12400.0,12500.0,10960.802734375,2087430,0.0,0.0
2020-09-16 00:00:00+07:00,12500.0,12750.0,12450.0,12650.0,11092.3310546875,1136120,0.0,0.0
2020-09-17 00:00:00+07:00,12700.0,12850.0,12600.0,12750.0,11180.017578125,1206290,0.0,0.0
2020-09-18 00:00:00+07:00,12750.0,12800.0,12700.0,12750.0,11180.017578125,959790,0.0,0.0
2020-09-21 00:00:00+07:00,12800.0,13000.0,12700.0,12850.0,11267.7041015625,1928720,0.0,0.0
2020-09-22 00:00:00+07:00,12350.0,12350.0,12150.0,12250.0,11267.7041015625,1392490,600.0,0.0
2020-09-23 00:00:00+07:00,12300.0,12300.0,12050.0,12100.0,11129.732421875,1441290,0.0,0.0
2020-09-24 00:00:00+07:00,12000.0,12250.0,12000.0,12100.0,11129.732421875,1267760,0.0,0.0
2020-09-25 00:00:00+07:00,12100.0,12150.0,12000.0,12050.0,11083.7421875,615730,0.0,0.0
2020-09-28 00:00:00+07:00,12050.0,12150.0,12050.0,12150.0,11175.72265625,1059040,0.0,0.0
2020-09-29 00:00:00+07:00,12300.0,12550.0,12100.0,12150.0,11175.72265625,3437390,0.0,0.0
2020-09-30 00:00:00+07:00,12150.0,12400.0,12050.0,12350.0,11359.685546875,1047030,0.0,0.0
2020-10-01 00:00:00+07:00,12500.0,12500.0,12300.0,12350.0,11359.685546875,1186560,0.0,0.0
2020-10-02 00:00:00+07:00,12350.0,12400.0,11850.0,12250.0,11267.7041015625,2204010,0.0,0.0
2020-10-05 00:00:00+07:00,12350.0,13100.0,12250.0,13000.0,11957.5634765625,5306360,0.0,0.0
2020-10-06 00:00:00+07:00,13200.0,13400.0,12850.0,12900.0,11865.5830078125,2550590,0.0,0.0
2020-10-07 00:00:00+07:00,12700.0,12900.0,12700.0,12750.0,11727.609375,1706390,0.0,0.0
2020-10-08 00:00:00+07:00,12850.0,13350.0,12700.0,13250.0,12187.5166015625,5940910,0.0,0.0
2020-10-09 00:00:00+07:00,13400.0,13800.0,13300.0,13700.0,12601.4326171875,5300430,0.0,0.0
2020-10-12 00:00:00+07:00,13700.0,14150.0,13550.0,13650.0,12555.4423828125,5012600,0.0,0.0
2020-10-13 00:00:00+07:00,13600.0,14100.0,13350.0,14000.0,12877.3759765625,4789720,0.0,0.0
2020-10-14 00:00:00+07:00,14000.0,14200.0,13600.0,13700.0,12601.4326171875,4932320,0.0,0.0
2020-10-15 00:00:00+07:00,13850.0,13850.0,13400.0,13550.0,12463.4609375,5368820,0.0,0.0
2020-10-16 00:00:00+07:00,13600.0,13950.0,13350.0,13950.0,12831.3857421875,5393350,0.0,0.0
2020-10-19 00:00:00+07:00,14150.0,14850.0,13950.0,14800.0,13613.2265625,6244920,0.0,0.0
2020-10-20 00:00:00+07:00,14800.0,15200.0,14550.0,14750.0,13567.2353515625,3392500,0.0,0.0
2020-10-21 00:00:00+07:00,14750.0,14750.0,14200.0,14200.0,13061.3388671875,5007720,0.0,0.0
2020-10-22 00:00:00+07:00,14050.0,14300.0,13900.0,14300.0,13153.3193359375,4576950,0.0,0.0
2020-10-23 00:00:00+07:00,14300.0,14650.0,14050.0,14350.0,13199.310546875,3363120,0.0,0.0
2020-10-26 00:00:00+07:00,14600.0,14900.0,14300.0,14300.0,13153.3193359375,3825590,0.0,0.0
2020-10-27 00:00:00+07:00,14300.0,14400.0,14050.0,14100.0,12969.357421875,2472800,0.0,0.0
2020-10-28 00:00:00+07:00,14050.0,14500.0,13400.0,13400.0,12325.48828125,5397380,0.0,0.0
2020-10-29 00:00:00+07:00,13500.0,13900.0,13200.0,13700.0,12601.4326171875,4416080,0.0,0.0
2020-10-30 00:00:00+07:00,13900.0,14200.0,13700.0,14150.0,13015.3486328125,3448190,0.0,0.0
2020-11-02 00:00:00+07:00,14350.0,14600.0,14250.0,14600.0,13429.2626953125,5148980,0.0,0.0
2020-11-03 00:00:00+07:00,14650.0,15600.0,14600.0,15500.0,14257.095703125,11245530,0.0,0.0
2020-11-04 00:00:00+07:00,15400.0,15600.0,15150.0,15500.0,14257.095703125,4661700,0.0,0.0
2020-11-05 00:00:00+07:00,15250.0,15350.0,14900.0,14900.0,13705.20703125,6436840,0.0,0.0
2020-11-06 00:00:00+07:00,14900.0,15400.0,14900.0,15250.0,14027.1416015625,3208490,0.0,0.0
2020-11-09 00:00:00+07:00,15250.0,15450.0,15050.0,15400.0,14165.1142578125,4668100,0.0,0.0
2020-11-10 00:00:00+07:00,15400.0,16150.0,15250.0,15800.0,14533.0390625,6147770,0.0,0.0
2020-11-11 00:00:00+07:00,15800.0,16350.0,15650.0,16300.0,14992.9443359375,5176010,0.0,0.0
2020-11-12 00:00:00+07:00,16500.0,17000.0,16350.0,16950.0,15590.8232421875,5971020,0.0,0.0
2020-11-13 00:00:00+07:00,16900.0,17250.0,16650.0,17000.0,15636.814453125,5142170,0.0,0.0
2020-11-16 00:00:00+07:00,16950.0,16950.0,16450.0,16750.0,15406.8603515625,6529880,0.0,0.0
2020-11-17 00:00:00+07:00,16900.0,17900.0,16600.0,17900.0,16464.642578125,6667140,0.0,0.0
2020-11-18 00:00:00+07:00,17900.0,19000.0,17850.0,19000.0,17476.4375,5218420,0.0,0.0
2020-11-19 00:00:00+07:00,19000.0,19300.0,18500.0,19300.0,17752.384765625,5577100,0.0,0.0
2020-11-20 00:00:00+07:00,19300.0,19350.0,18650.0,19000.0,17476.4375,2787350,0.0,0.0
2020-11-23 00:00:00+07:00,18650.0,18900.0,18350.0,18500.0,17016.533203125,4154160,0.0,0.0
2020-11-24 00:00:00+07:00,18500.0,18650.0,17800.0,18300.0,16832.5703125,5685550,0.0,0.0
2020-11-25 00:00:00+07:00,18700.0,19000.0,18400.0,18900.0,17384.45703125,3225870,0.0,0.0
2020-11-26 00:00:00+07:00,19100.0,19500.0,18950.0,19400.0,17844.36328125,5644050,0.0,0.0
2020-11-27 00:00:00+07:00,19300.0,19400.0,19050.0,19050.0,17522.4296875,2977160,0.0,0.0
2020-11-30 00:00:00+07:00,19200.0,19200.0,18600.0,18600.0,17108.515625,3181380,0.0,0.0
2020-12-01 00:00:00+07:00,18100.0,18750.0,18100.0,18650.0,17154.505859375,3758590,0.0,0.0
2020-12-02 00:00:00+07:00,18700.0,19100.0,18500.0,18800.0,17292.474609375,3181530,0.0,0.0
2020-12-03 00:00:00+07:00,18800.0,18950.0,18600.0,18750.0,17246.486328125,2618260,0.0,0.0
2020-12-04 00:00:00+07:00,19000.0,20050.0,18750.0,20050.0,18442.2421875,6208970,0.0,0.0
2020-12-07 00:00:00+07:00,20500.0,21050.0,20300.0,20300.0,18672.1953125,4335970,0.0,0.0
2020-12-08 00:00:00+07:00,20450.0,20650.0,20100.0,20300.0,18672.1953125,3509780,0.0,0.0
2020-12-09 00:00:00+07:00,20100.0,21300.0,20100.0,20450.0,18810.166015625,5111400,0.0,0.0
2020-12-10 00:00:00+07:00,20400.0,20800.0,19900.0,19950.0,18350.259765625,3775710,0.0,0.0
2020-12-11 00:00:00+07:00,20100.0,21000.0,19900.0,20900.0,19224.0859375,4719070,0.0,0.0
2020-12-14 00:00:00+07:00,21000.0,22350.0,21000.0,22350.0,20557.810546875,5534040,0.0,0.0
2020-12-15 00:00:00+07:00,22500.0,23750.0,22150.0,23250.0,21385.640625,4905500,0.0,0.0
2020-12-16 00:00:00+07:00,23250.0,23750.0,23100.0,23300.0,21431.6328125,3528920,0.0,0.0
2020-12-17 00:00:00+07:00,23000.0,24650.0,22800.0,24000.0,22075.501953125,4909320,0.0,0.0
2020-12-18 00:00:00+07:00,24900.0,25350.0,24300.0,25350.0,23317.25,3881450,0.0,0.0
2020-12-21 00:00:00+07:00,26200.0,27100.0,26100.0,27100.0,24926.921875,3351680,0.0,0.0
2020-12-22 00:00:00+07:00,28950.0,28950.0,28600.0,28950.0,26628.572265625,1853210,0.0,0.0
2020-12-23 00:00:00+07:00,30950.0,30950.0,26950.0,27600.0,25386.826171875,3522880,0.0,0.0
2020-12-24 00:00:00+07:00,29000.0,29000.0,25700.0,27200.0,25018.90234375,9525620,0.0,0.0
2020-12-25 00:00:00+07:00,28000.0,29100.0,27550.0,29100.0,26766.546875,5589590,0.0,0.0
2020-12-28 00:00:00+07:00,30450.0,31100.0,29200.0,30450.0,28008.29296875,4610970,0.0,0.0
2020-12-29 00:00:00+07:00,29900.0,30800.0,28900.0,29500.0,27134.470703125,7712850,0.0,0.0
2020-12-30 00:00:00+07:00,29400.0,30100.0,28100.0,28500.0,26214.658203125,5020230,0.0,0.0
2020-12-31 00:00:00+07:00,28800.0,30000.0,28000.0,29950.0,27548.38671875,4707730,0.0,0.0
2021-01-01 00:00:00+07:00,29950.0,29950.0,29950.0,29950.0,27548.38671875,0,0.0,0.0
2021-01-04 00:00:00+07:00,30050.0,31550.0,29450.0,29450.0,27088.482421875,735350,0.0,0.0
2021-01-05 00:00:00+07:00,29800.0,30250.0,29100.0,29500.0,27134.470703125,576630,0.0,0.0
2021-01-06 00:00:00+07:00,29700.0,29750.0,28500.0,28750.0,26444.61328125,648250,0.0,0.0
2021-01-07 00:00:00+07:00,28900.0,29000.0,28100.0,28300.0,26030.697265625,632420,0.0,0.0
2021-01-08 00:00:00+07:00,28500.0,30000.0,27900.0,29000.0,26674.56640625,668190,0.0,0.0
2021-01-11 00:00:00+07:00,29650.0,29950.0,28500.0,29350.0,26996.5,543020,0.0,0.0
2021-01-12 00:00:00+07:00,29400.0,29850.0,29000.0,29800.0,27410.4140625,387640,0.0,0.0
2021-01-13 00:00:00+07:00,30500.0,31850.0,30500.0,31850.0,29296.03125,1585120,0.0,0.0
2021-01-14 00:00:00+07:00,32500.0,33900.0,32400.0,32650.0,30031.8828125,739640,0.0,0.0
2021-01-15 00:00:00+07:00,32500.0,32950.0,31900.0,32400.0,29801.927734375,547780,0.0,0.0
2021-01-18 00:00:00+07:00,32200.0,34200.0,31850.0,33300.0,30629.76171875,719930,0.0,0.0
2021-01-19 00:00:00+07:00,33300.0,33950.0,31000.0,31700.0,29158.05859375,592670,0.0,0.0
2021-01-20 00:00:00+07:00,32000.0,32000.0,29500.0,31000.0,28514.19140625,535590,0.0,0.0
2021-01-21 00:00:00+07:00,31450.0,31900.0,30300.0,31850.0,29296.03125,503110,0.0,0.0
2021-01-22 00:00:00+07:00,31900.0,33200.0,31200.0,32100.0,29525.984375,647080,0.0,0.0
2021-01-25 00:00:00+07:00,31550.0,32950.0,31550.0,32450.0,29847.916015625,489670,0.0,0.0
2021-01-26 00:00:00+07:00,32450.0,32450.0,30200.0,30200.0,27778.33984375,559530,0.0,0.0
2021-01-27 00:00:00+07:00,28800.0,29800.0,28100.0,28100.0,25846.732421875,567040,0.0,0.0
2021-01-28 00:00:00+07:00,26150.0,26150.0,26150.0,26150.0,24053.099609375,50160,0.0,0.0
2021-01-29 00:00:00+07:00,24350.0,26150.0,24350.0,24400.0,22443.42578125,1277580,0.0,0.0
2021-02-01 00:00:00+07:00,24000.0,25800.0,22700.0,22700.0,20879.74609375,596780,0.0,0.0
2021-02-02 00:00:00+07:00,22800.0,23850.0,21600.0,23400.0,21523.615234375,627720,0.0,0.0
2021-02-03 00:00:00+07:00,24100.0,25000.0,23400.0,25000.0,22995.31640625,376580,0.0,0.0
2021-02-04 00:00:00+07:00,25300.0,26300.0,24900.0,25450.0,23409.232421875,425780,0.0,0.0
2021-02-05 00:00:00+07:00,25450.0,26000.0,25050.0,25700.0,23639.18359375,343480,0.0,0.0
2021-02-08 00:00:00+07:00,25700.0,25900.0,23950.0,23950.0,22029.51171875,536830,0.0,0.0
2021-02-09 00:00:00+07:00,23950.0,23950.0,23950.0,23950.0,22029.51171875,0,0.0,0.0
2021-02-10 00:00:00+07:00,23950.0,23950.0,23950.0,23950.0,22029.51171875,0,0.0,0.0
2021-02-11 00:00:00+07:00,23950.0,23950.0,23950.0,23950.0,22029.51171875,0,0.0,0.0
2021-02-12 00:00:00+07:00,23950.0,23950.0,23950.0,23950.0,22029.51171875,0,0.0,0.0
2021-02-15 00:00:00+07:00,23950.0,23950.0,23950.0,23950.0,22029.51171875,0,0.0,0.0
2021-02-16 00:00:00+07:00,23950.0,23950.0,23950.0,23950.0,22029.51171875,0,0.0,0.0
2021-02-17 00:00:00+07:00,25050.0,25700.0,25000.0,25700.0,23639.18359375,139260,0.0,0.0
2021-02-18 00:00:00+07:00,27450.0,27450.0,27450.0,27450.0,25248.857421875,327850,0.0,0.0
2021-02-19 00:00:00+07:00,28100.0,29000.0,27550.0,28100.0,25846.732421875,826920,0.0,0.0
2021-02-22 00:00:00+07:00,28200.0,28450.0,27500.0,27950.0,25708.759765625,421100,0.0,0.0
2021-02-23 00:00:00+07:00,27850.0,29900.0,27100.0,29900.0,27502.3984375,839630,0.0,0.0
2021-02-24 00:00:00+07:00,29900.0,29900.0,29900.0,29900.0,27502.3984375,0,0.0,0.0
2021-02-25 00:00:00+07:00,29200.0,29200.0,28300.0,28900.0,26582.583984375,350570,0.0,0.0
2021-02-26 00:00:00+07:00,27800.0,29000.0,27800.0,28850.0,26536.59375,419250,0.0,0.0
2021-03-01 00:00:00+07:00,29600.0,30100.0,29100.0,29500.0,27134.470703125,397720,0.0,0.0
2021-03-02 00:00:00+07:00,29900.0,30700.0,29250.0,29900.0,27502.3984375,562450,0.0,0.0
2021-03-03 00:00:00+07:00,29800.0,30100.0,29500.0,29600.0,27226.453125,290860,0.0,0.0
2021-03-04 00:00:00+07:00,29600.0,29700.0,28100.0,28750.0,26444.61328125,433700,0.0,0.0
2021-03-05 00:00:00+07:00,28300.0,29500.0,28000.0,29050.0,26720.552734375,373810,0.0,0.0
2021-03-08 00:00:00+07:00,29500.0,30000.0,28800.0,29400.0,27042.490234375,362730,0.0,0.0
2021-03-09 00:00:00+07:00,28200.0,29300.0,28200.0,28700.0,26398.62109375,205620,0.0,0.0
2021-03-10 00:00:00+07:00,28800.0,29300.0,28500.0,29000.0,26674.56640625,256370,0.0,0.0
2021-03-11 00:00:00+07:00,29500.0,29950.0,29250.0,29500.0,27134.470703125,531760,0.0,0.0
2021-03-12 00:00:00+07:00,29800.0,31400.0,29600.0,30900.0,28422.20703125,871020,0.0,0.0
2021-03-15 00:00:00+07:00,30900.0,31000.0,30250.0,30300.0,27870.3203125,247290,0.0,0.0
2021-03-16 00:00:00+07:00,30150.0,30300.0,29200.0,29450.0,27088.482421875,467180,0.0,0.0
2021-03-17 00:00:00+07:00,29600.0,29800.0,29100.0,29700.0,27318.43359375,281970,0.0,0.0
2021-03-18 00:00:00+07:00,30000.0,30900.0,29700.0,30700.0,28238.248046875,384920,0.0,0.0
2021-03-19 00:00:00+07:00,30300.0,30600.0,29900.0,30000.0,27594.380859375,333980,0.0,0.0
2021-03-22 00:00:00+07:00,30500.0,30500.0,29600.0,29700.0,27318.43359375,312140,0.0,0.0
2021-03-23 00:00:00+07:00,29700.0,30000.0,29000.0,29350.0,26996.5,418870,0.0,0.0
2021-03-24 00:00:00+07:00,28550.0,29250.0,27950.0,28150.0,25892.72265625,369360,0.0,0.0
2021-03-25 00:00:00+07:00,28250.0,28600.0,27350.0,27600.0,25386.826171875,480660,0.0,0.0
2021-03-26 00:00:00+07:00,27000.0,27500.0,25700.0,27300.0,25110.884765625,521770,0.0,0.0
2021-03-29 00:00:00+07:00,27700.0,27900.0,27400.0,27850.0,25616.779296875,167430,0.0,0.0
2021-03-30 00:00:00+07:00,27850.0,28350.0,27700.0,28200.0,25938.71484375,211570,0.0,0.0
2021-03-31 00:00:00+07:00,28200.0,28300.0,27750.0,27800.0,25570.7890625,205690,0.0,0.0
2021-04-01 00:00:00+07:00,27800.0,28500.0,27750.0,28450.0,26168.66796875,248410,0.0,0.0
2021-04-02 00:00:00+07:00,28700.0,29000.0,28150.0,28300.0,26030.697265625,224180,0.0,0.0
2021-04-05 00:00:00+07:00,28400.0,28500.0,28100.0,28300.0,26030.697265625,205670,0.0,0.0
2021-04-06 00:00:00+07:00,28100.0,28300.0,27900.0,27900.0,25662.771484375,236550,0.0,0.0
2021-04-07 00:00:00+07:00,27700.0,28000.0,27450.0,28000.0,25754.751953125,263470,0.0,0.0
2021-04-08 00:00:00+07:00,28300.0,28700.0,27900.0,28400.0,26122.677734375,315230,0.0,0.0
2021-04-09 00:00:00+07:00,28400.0,28950.0,28400.0,28500.0,26214.658203125,294400,0.0,0.0
2021-04-12 00:00:00+07:00,28600.0,28700.0,28350.0,28400.0,26122.677734375,290260,0.0,0.0
2021-04-13 00:00:00+07:00,28400.0,28400.0,27450.0,27550.0,25340.837890625,455670,0.0,0.0
2021-04-14 00:00:00+07:00,27100.0,27550.0,26900.0,27350.0,25156.873046875,328230,0.0,0.0
2021-04-15 00:00:00+07:00,27350.0,27500.0,26600.0,26650.0,24513.00390625,330160,0.0,0.0
2021-04-16 00:00:00+07:00,26500.0,26500.0,24900.0,25500.0,23455.21875,509980,0.0,0.0
2021-04-19 00:00:00+07:00,25100.0,26200.0,25100.0,26000.0,23915.126953125,273950,0.0,0.0
2021-04-20 00:00:00+07:00,26100.0,26250.0,25000.0,25200.0,23179.275390625,265560,0.0,0.0
2021-04-21 00:00:00+07:00,25200.0,25200.0,25200.0,25200.0,23179.275390625,0,0.0,0.0
2021-04-22 00:00:00+07:00,25050.0,25200.0,23450.0,23450.0,21569.60546875,471030,0.0,0.0
2021-04-23 00:00:00+07:00,23300.0,24250.0,22800.0,24250.0,22305.45703125,355430,0.0,0.0
2021-04-26 00:00:00+07:00,24250.0,25350.0,23650.0,23700.0,21799.55859375,279670,0.0,0.0
2021-04-27 00:00:00+07:00,23700.0,24050.0,22700.0,23400.0,21523.615234375,151180,0.0,0.0
2021-04-28 00:00:00+07:00,24100.0,25000.0,24100.0,25000.0,22995.31640625,310830,0.0,0.0
2021-04-29 00:00:00+07:00,26000.0,26300.0,25200.0,25750.0,23685.173828125,316690,0.0,0.0
2021-04-30 00:00:00+07:00,25750.0,25750.0,25750.0,25750.0,23685.173828125,0,0.0,0.0
2021-05-03 00:00:00+07:00,25750.0,25750.0,25750.0,25750.0,23685.173828125,0,0.0,0.0
2021-05-04 00:00:00+07:00,24800.0,25450.0,24100.0,25250.0,23225.26953125,215660,0.0,0.0
2021-05-05 00:00:00+07:00,25000.0,25550.0,25000.0,25250.0,23225.26953125,318230,0.0,0.0
2021-05-06 00:00:00+07:00,25200.0,25900.0,25000.0,25300.0,23271.2578125,255420,0.0,0.0
2021-05-07 00:00:00+07:00,25300.0,25550.0,24700.0,24800.0,22811.3515625,286970,0.0,0.0
2021-05-10 00:00:00+07:00,24500.0,24950.0,24050.0,24650.0,22673.380859375,242970,0.0,0.0
2021-05-11 00:00:00+07:00,25000.0,25700.0,24800.0,25250.0,23225.26953125,282400,0.0,0.0
2021-05-12 00:00:00+07:00,25500.0,27000.0,25400.0,27000.0,24834.939453125,632130,0.0,0.0
2021-05-13 00:00:00+07:00,27000.0,27850.0,26500.0,26500.0,24375.033203125,559890,0.0,0.0
2021-05-14 00:00:00+07:00,26500.0,27000.0,26050.0,26300.0,24191.0703125,281960,0.0,0.0
2021-05-17 00:00:00+07:00,26300.0,26300.0,25300.0,25350.0,23317.25,353390,0.0,0.0
2021-05-18 00:00:00+07:00,25300.0,25500.0,24700.0,24800.0,22811.3515625,306440,0.0,0.0
2021-05-19 00:00:00+07:00,24800.0,25700.0,24800.0,25350.0,23317.25,281300,0.0,0.0
2021-05-20 00:00:00+07:00,25300.0,25300.0,24400.0,24700.0,22719.37109375,403080,0.0,0.0
2021-05-21 00:00:00+07:00,24700.0,26000.0,24500.0,25350.0,23317.25,340910,0.0,0.0
2021-05-24 00:00:00+07:00,26150.0,27100.0,26150.0,27100.0,24926.921875,672660,0.0,0.0
2021-05-25 00:00:00+07:00,27900.0,27900.0,26700.0,27000.0,24834.939453125,559940,0.0,0.0
2021-05-26 00:00:00+07:00,26800.0,27800.0,26600.0,27450.0,25248.857421875,632730,0.0,0.0
2021-05-27 00:00:00+07:00,27550.0,28900.0,27200.0,27850.0,25616.779296875,662510,0.0,0.0
2021-05-28 00:00:00+07:00,28000.0,28800.0,28000.0,28750.0,26444.61328125,554140,0.0,0.0
2021-05-31 00:00:00+07:00,28800.0,29000.0,28100.0,28600.0,26306.638671875,491010,0.0,0.0
2021-06-01 00:00:00+07:00,28450.0,28700.0,28000.0,28350.0,26076.6875,507740,0.0,0.0
2021-06-02 00:00:00+07:00,28000.0,28100.0,27000.0,27850.0,25616.779296875,501810,0.0,0.0
2021-06-03 00:00:00+07:00,28300.0,28800.0,27550.0,28500.0,26214.658203125,650180,0.0,0.0
2021-06-04 00:00:00+07:00,28900.0,30100.0,28800.0,29900.0,27502.3984375,928400,0.0,0.0
2021-06-07 00:00:00+07:00,30700.0,31600.0,30300.0,31400.0,28882.115234375,10302900,0.0,0.0
2021-06-08 00:00:00+07:00,31400.0,31400.0,31400.0,31400.0,28882.115234375,0,0.0,0.0
2021-06-09 00:00:00+07:00,29000.0,29900.0,28000.0,29300.0,26950.5078125,5540700,0.0,0.0
2021-06-10 00:00:00+07:00,28500.0,29300.0,28000.0,28500.0,26214.658203125,4218400,0.0,0.0
2021-06-11 00:00:00+07:00,28800.0,29550.0,28400.0,29150.0,26812.537109375,4200500,0.0,0.0
2021-06-14 00:00:00+07:00,29400.0,30200.0,29000.0,29750.0,27364.42578125,5243000,0.0,0.0
2021-06-15 00:00:00+07:00,30000.0,31800.0,29800.0,31800.0,29250.0390625,9611200,0.0,0.0
2021-06-16 00:00:00+07:00,32500.0,32900.0,31900.0,32050.0,29479.99609375,7694800,0.0,0.0
2021-06-17 00:00:00+07:00,31350.0,34000.0,31200.0,33950.0,31227.63671875,9882200,0.0,0.0
2021-06-18 00:00:00+07:00,33950.0,35900.0,33400.0,34500.0,31733.5390625,8776800,0.0,0.0
2021-06-21 00:00:00+07:00,34200.0,35300.0,33900.0,34500.0,31733.5390625,6685400,0.0,0.0
2021-06-22 00:00:00+07:00,35000.0,35250.0,34300.0,34350.0,31595.560546875,5910700,0.0,0.0
2021-06-23 00:00:00+07:00,34200.0,34500.0,33100.0,33500.0,30813.720703125,7695500,0.0,0.0
2021-06-24 00:00:00+07:00,33250.0,35450.0,33250.0,34800.0,32009.48046875,5819900,0.0,0.0
2021-06-25 00:00:00+07:00,34800.0,35200.0,34500.0,34950.0,32147.451171875,3659300,0.0,0.0
2021-06-28 00:00:00+07:00,35100.0,36500.0,34600.0,36300.0,33389.19140625,6792600,0.0,0.0
2021-06-29 00:00:00+07:00,36000.0,36950.0,35600.0,35700.0,32837.30859375,4640000,0.0,0.0
2021-06-30 00:00:00+07:00,35500.0,35850.0,35000.0,35000.0,32193.44140625,3729600,0.0,0.0
2021-07-01 00:00:00+07:00,35100.0,36850.0,35000.0,36400.0,33481.1796875,6757400,0.0,0.0
2021-07-02 00:00:00+07:00,36400.0,36750.0,36000.0,36200.0,33297.21875,3962500,0.0,0.0
2021-07-05 00:00:00+07:00,36200.0,36200.0,36200.0,36200.0,33297.21875,0,0.0,0.0
2021-07-06 00:00:00+07:00,36200.0,36200.0,36200.0,36200.0,33297.21875,0,0.0,0.0
2021-07-07 00:00:00+07:00,36200.0,36200.0,36200.0,36200.0,33297.21875,0,0.0,0.0
2021-07-08 00:00:00+07:00,36200.0,36200.0,36200.0,36200.0,33297.21875,0,0.0,0.0
2021-07-09 00:00:00+07:00,33100.0,33800.0,31600.0,31600.0,29066.078125,9414700,0.0,0.0
2021-07-12 00:00:00+07:00,31600.0,31600.0,31600.0,31600.0,29066.078125,0,0.0,0.0
2021-07-13 00:00:00+07:00,29600.0,30500.0,29200.0,30000.0,27594.380859375,3515700,0.0,0.0
2021-07-14 00:00:00+07:00,30000.0,30000.0,30000.0,30000.0,27594.380859375,0,0.0,0.0
2021-07-15 00:00:00+07:00,28850.0,30600.0,28850.0,30500.0,28054.283203125,3199200,0.0,0.0
2021-07-16 00:00:00+07:00,30500.0,30500.0,30500.0,30500.0,28054.283203125,0,0.0,0.0
2021-07-19 00:00:00+07:00,30000.0,30800.0,29200.0,29200.0,26858.525390625,5437700,0.0,0.0
2021-07-20 00:00:00+07:00,29950.0,30800.0,29000.0,30800.0,28330.228515625,4154800,0.0,0.0
2021-07-21 00:00:00+07:00,31000.0,31300.0,30000.0,30200.0,27778.33984375,2458700,0.0,0.0
2021-07-22 00:00:00+07:00,30200.0,31750.0,29950.0,31500.0,28974.095703125,4436600,0.0,0.0
2021-07-23 00:00:00+07:00,31100.0,32350.0,30950.0,31000.0,28514.19140625,6441700,0.0,0.0
2021-07-26 00:00:00+07:00,31000.0,32500.0,30800.0,32500.0,29893.908203125,5022000,0.0,0.0
2021-07-27 00:00:00+07:00,33000.0,33500.0,32550.0,32800.0,30169.8515625,4462000,0.0,0.0
2021-07-28 00:00:00+07:00,32550.0,33200.0,32300.0,32650.0,30031.8828125,4193500,0.0,0.0
2021-07-29 00:00:00+07:00,32650.0,33300.0,32200.0,33150.0,30491.7890625,4267600,0.0,0.0
2021-07-30 00:00:00+07:00,33300.0,33800.0,33050.0,33700.0,30997.68359375,5202800,0.0,0.0
2021-08-02 00:00:00+07:00,33000.0,34400.0,33000.0,33500.0,30813.720703125,6191700,0.0,0.0
2021-08-03 00:00:00+07:00,33500.0,33900.0,32800.0,33700.0,30997.68359375,4856600,0.0,0.0
2021-08-04 00:00:00+07:00,33700.0,33700.0,33700.0,33700.0,30997.68359375,0,0.0,0.0
2021-08-05 00:00:00+07:00,33400.0,35150.0,33000.0,34850.0,32055.466796875,9045500,0.0,0.0
2021-08-06 00:00:00+07:00,34850.0,35200.0,34200.0,34200.0,31457.58984375,5648300,0.0,0.0
2021-08-09 00:00:00+07:00,34000.0,35350.0,34000.0,35200.0,32377.404296875,5093700,0.0,0.0
2021-08-10 00:00:00+07:00,35200.0,35200.0,35200.0,35200.0,32377.404296875,0,0.0,0.0
2021-08-11 00:00:00+07:00,35000.0,35200.0,34050.0,34100.0,31365.607421875,6143000,0.0,0.0
2021-08-12 00:00:00+07:00,33800.0,35200.0,33500.0,34300.0,31549.576171875,5683500,0.0,0.0
2021-08-13 00:00:00+07:00,34100.0,34900.0,33550.0,34800.0,32009.48046875,4717200,0.0,0.0
2021-08-16 00:00:00+07:00,35300.0,37200.0,35000.0,37200.0,34217.03125,10693600,0.0,0.0
2021-08-17 00:00:00+07:00,37200.0,37200.0,37200.0,37200.0,34217.03125,0,0.0,0.0
2021-08-18 00:00:00+07:00,37000.0,38300.0,36850.0,37550.0,34538.9609375,4797600,0.0,0.0
2021-08-19 00:00:00+07:00,37350.0,39000.0,37200.0,38800.0,35688.7265625,6673700,0.0,0.0
2021-08-20 00:00:00+07:00,38600.0,39000.0,36100.0,36350.0,33435.18359375,12418100,0.0,0.0
2021-08-23 00:00:00+07:00,36100.0,36900.0,34200.0,34200.0,31457.58984375,7321700,0.0,0.0
2021-08-24 00:00:00+07:00,34200.0,35000.0,33700.0,34000.0,31273.62890625,6463100,0.0,0.0
2021-08-25 00:00:00+07:00,34300.0,35200.0,34100.0,35200.0,32377.404296875,3379900,0.0,0.0
2021-08-26 00:00:00+07:00,35600.0,36400.0,35150.0,35500.0,32653.349609375,4533400,0.0,0.0
2021-08-27 00:00:00+07:00,35000.0,37400.0,34500.0,37400.0,34400.98828125,7521500,0.0,0.0
2021-08-30 00:00:00+07:00,37950.0,38300.0,37200.0,37600.0,34584.94921875,5449200,0.0,0.0
2021-08-31 00:00:00+07:00,37600.0,39900.0,37350.0,38750.0,35642.73828125,9613400,0.0,0.0
2021-09-01 00:00:00+07:00,38000.0,40500.0,38000.0,40100.0,36884.484375,8428800,0.0,0.0
2021-09-02 00:00:00+07:00,40100.0,40100.0,40100.0,40100.0,36884.484375,0,0.0,0.0
2021-09-03 00:00:00+07:00,40100.0,40100.0,40100.0,40100.0,36884.484375,0,0.0,0.0
2021-09-06 00:00:00+07:00,41000.0,41000.0,39300.0,39300.0,36148.640625,6788200,0.0,0.0
2021-09-07 00:00:00+07:00,39300.0,39950.0,38650.0,38850.0,35734.71875,6217700,0.0,0.0
2021-09-08 00:00:00+07:00,38850.0,38850.0,38850.0,38850.0,35734.71875,0,0.0,0.0
2021-09-09 00:00:00+07:00,39050.0,39950.0,38900.0,39950.0,36746.51171875,4012200,0.0,0.0
2021-09-10 00:00:00+07:00,40000.0,40000.0,39200.0,39300.0,36148.640625,3419300,0.0,0.0
2021-09-13 00:00:00+07:00,39200.0,39300.0,37500.0,37700.0,34676.9375,7507800,0.0,0.0
2021-09-14 00:00:00+07:00,37500.0,38300.0,37100.0,38000.0,34952.875,3672700,0.0,0.0
2021-09-15 00:00:00+07:00,37450.0,38800.0,37450.0,38500.0,35412.78125,2474700,0.0,0.0
2021-09-16 00:00:00+07:00,38100.0,38800.0,38100.0,38400.0,35320.80859375,2233900,0.0,0.0
2021-09-17 00:00:00+07:00,38500.0,39150.0,38000.0,38550.0,35458.7734375,3726500,0.0,0.0
2021-09-20 00:00:00+07:00,38700.0,39000.0,37400.0,37400.0,34400.98828125,4251400,0.0,0.0
2021-09-21 00:00:00+07:00,37400.0,37400.0,37400.0,37400.0,34400.98828125,0,0.0,0.0
2021-09-22 00:00:00+07:00,37400.0,37400.0,37400.0,37400.0,34400.98828125,0,0.0,0.0
2021-09-23 00:00:00+07:00,38000.0,38500.0,37000.0,37200.0,34217.03125,3709300,0.0,0.0
2021-09-24 00:00:00+07:00,37350.0,38000.0,37000.0,37000.0,34033.06640625,289150000,0.0,0.0
2021-09-27 00:00:00+07:00,37400.0,37500.0,35600.0,35600.0,32745.326171875,3941900,0.0,0.0
2021-09-28 00:00:00+07:00,35150.0,36050.0,34950.0,35800.0,32929.28515625,4567000,0.0,0.0
2021-09-29 00:00:00+07:00,35700.0,36600.0,35700.0,36000.0,33113.25390625,3525300,0.0,0.0
2021-09-30 00:00:00+07:00,36450.0,36500.0,35900.0,35900.0,33021.2734375,1718800,0.0,0.0
2021-10-01 00:00:00+07:00,35750.0,36450.0,35500.0,36100.0,33205.234375,2695300,0.0,0.0
2021-10-04 00:00:00+07:00,36300.0,37550.0,36100.0,37100.0,34125.05078125,255261632,0.0,0.0
2021-10-05 00:00:00+07:00,37350.0,37900.0,37150.0,37500.0,34492.97265625,3010400,0.0,0.0
2021-10-06 00:00:00+07:00,37500.0,37500.0,37500.0,37500.0,34492.97265625,0,0.0,0.0
2021-10-07 00:00:00+07:00,38300.0,38600.0,37800.0,38200.0,35136.83984375,4038000,0.0,0.0
2021-10-08 00:00:00+07:00,38200.0,38200.0,38200.0,38200.0,35136.83984375,0,0.0,0.0
2021-10-11 00:00:00+07:00,38200.0,38200.0,38200.0,38200.0,35136.83984375,0,0.0,0.0
2021-10-12 00:00:00+07:00,38200.0,38200.0,37650.0,37800.0,34768.9140625,4797100,0.0,0.0
2021-10-13 00:00:00+07:00,37700.0,37700.0,37250.0,37500.0,35049.3125,2503600,600.0,0.0
2021-10-14 00:00:00+07:00,37500.0,37500.0,37500.0,37500.0,35049.3125,0,0.0,0.0
2021-10-15 00:00:00+07:00,38600.0,39000.0,37800.0,38200.0,35703.56640625,3561500,0.0,0.0
2021-10-18 00:00:00+07:00,38200.0,38200.0,38200.0,38200.0,35703.56640625,0,0.0,0.0
2021-10-19 00:00:00+07:00,37800.0,37800.0,37200.0,37500.0,35049.3125,3834600,0.0,0.0
2021-10-20 00:00:00+07:00,37450.0,37800.0,37100.0,37500.0,35049.3125,2719200,0.0,0.0
2021-10-21 00:00:00+07:00,37800.0,37800.0,36900.0,37100.0,34675.453125,2635600,0.0,0.0
2021-10-22 00:00:00+07:00,37150.0,38450.0,37100.0,38300.0,35797.02734375,5277400,0.0,0.0
2021-10-25 00:00:00+07:00,38300.0,38300.0,38300.0,38300.0,35797.02734375,0,0.0,0.0
2021-10-26 00:00:00+07:00,38300.0,38300.0,38300.0,38300.0,35797.02734375,0,0.0,0.0
2021-10-27 00:00:00+07:00,38300.0,38300.0,38300.0,38300.0,35797.02734375,0,0.0,0.0
2021-10-28 00:00:00+07:00,40000.0,40900.0,39200.0,40050.0,37432.6640625,4757300,0.0,0.0
2021-10-29 00:00:00+07:00,40500.0,40900.0,39550.0,39800.0,37199.0,4719000,0.0,0.0
2021-11-01 00:00:00+07:00,39800.0,39800.0,39800.0,39800.0,37199.0,0,0.0,0.0
2021-11-02 00:00:00+07:00,39200.0,42100.0,39000.0,42100.0,39348.69140625,8464100,0.0,0.0
2021-11-03 00:00:00+07:00,43300.0,43300.0,39300.0,39300.0,36731.6796875,6911300,0.0,0.0
2021-11-04 00:00:00+07:00,39900.0,40900.0,39300.0,39950.0,37339.1953125,4403300,0.0,0.0
2021-11-05 00:00:00+07:00,40200.0,40700.0,39900.0,40100.0,37479.3984375,4264200,0.0,0.0
2021-11-08 00:00:00+07:00,40400.0,41500.0,40200.0,40700.0,38040.18359375,4284000,0.0,0.0
2021-11-09 00:00:00+07:00,40800.0,41200.0,40350.0,40600.0,37946.72265625,3742300,0.0,0.0
2021-11-10 00:00:00+07:00,40700.0,41800.0,40100.0,41100.0,38414.046875,4584700,0.0,0.0
2021-11-11 00:00:00+07:00,41250.0,42800.0,40450.0,41900.0,39161.76171875,7153900,0.0,0.0
2021-11-12 00:00:00+07:00,42000.0,42300.0,40800.0,41400.0,38694.4375,2871700,0.0,0.0
2021-11-15 00:00:00+07:00,41500.0,41650.0,40000.0,40500.0,37853.25390625,6689500,0.0,0.0
2021-11-16 00:00:00+07:00,40450.0,40450.0,39150.0,39350.0,36778.41015625,5337500,0.0,0.0
2021-11-17 00:00:00+07:00,39350.0,40900.0,39000.0,40000.0,37385.9296875,3340300,0.0,0.0
2021-11-18 00:00:00+07:00,39800.0,40650.0,39700.0,39850.0,37245.73828125,4020700,0.0,0.0
2021-11-19 00:00:00+07:00,39900.0,40100.0,37100.0,37700.0,35236.2421875,6321200,0.0,0.0
2021-11-22 00:00:00+07:00,37050.0,37700.0,35600.0,35600.0,33273.4765625,5211400,0.0,0.0
2021-11-23 00:00:00+07:00,35200.0,37500.0,35200.0,37500.0,35049.3125,2446700,0.0,0.0
2021-11-24 00:00:00+07:00,37550.0,37950.0,37000.0,37200.0,34768.9140625,2877700,0.0,0.0
2021-11-25 00:00:00+07:00,37500.0,38500.0,37400.0,37800.0,35329.703125,2641900,0.0,0.0
2021-11-26 00:00:00+07:00,37900.0,38000.0,36700.0,36950.0,34535.2578125,3374000,0.0,0.0
2021-11-29 00:00:00+07:00,36000.0,37000.0,35900.0,36800.0,34395.05859375,2720900,0.0,0.0
2021-11-30 00:00:00+07:00,37300.0,39350.0,37300.0,38800.0,36264.3515625,7456800,0.0,0.0
2021-12-01 00:00:00+07:00,38600.0,39000.0,38000.0,38500.0,35983.95703125,1971900,0.0,0.0
2021-12-02 00:00:00+07:00,38100.0,39800.0,38050.0,38650.0,36124.15625,2665700,0.0,0.0
2021-12-03 00:00:00+07:00,38350.0,39000.0,36500.0,36500.0,34114.65625,3246500,0.0,0.0
2021-12-06 00:00:00+07:00,36500.0,37200.0,35250.0,36000.0,33647.33984375,2693300,0.0,0.0
2021-12-07 00:00:00+07:00,36500.0,37000.0,36150.0,36600.0,34208.12890625,1453800,0.0,0.0
2021-12-08 00:00:00+07:00,36950.0,38300.0,36650.0,37000.0,34581.984375,1842600,0.0,0.0
2021-12-09 00:00:00+07:00,37000.0,37750.0,36700.0,37350.0,34909.11328125,1609600,0.0,0.0
2021-12-10 00:00:00+07:00,37300.0,38000.0,37300.0,37500.0,35049.3125,2200700,0.0,0.0
2021-12-13 00:00:00+07:00,38000.0,38900.0,37600.0,38500.0,35983.95703125,2819000,0.0,0.0
2021-12-14 00:00:00+07:00,38500.0,39050.0,37500.0,38150.0,35656.83203125,2696900,0.0,0.0
2021-12-15 00:00:00+07:00,38000.0,38850.0,37650.0,37750.0,35282.96875,2614900,0.0,0.0
2021-12-16 00:00:00+07:00,38000.0,38400.0,37700.0,37850.0,35376.44140625,1839200,0.0,0.0
2021-12-17 00:00:00+07:00,38000.0,39000.0,37900.0,38250.0,35750.29296875,2964500,0.0,0.0
2021-12-20 00:00:00+07:00,38200.0,38250.0,37450.0,37600.0,35142.7734375,2386600,0.0,0.0
2021-12-21 00:00:00+07:00,37500.0,38300.0,37100.0,37700.0,35236.2421875,2771400,0.0,0.0
2021-12-22 00:00:00+07:00,37900.0,39950.0,37700.0,39000.0,36451.28125,7887300,0.0,0.0
2021-12-23 00:00:00+07:00,39350.0,39800.0,38450.0,39000.0,36451.28125,4277100,0.0,0.0
2021-12-24 00:00:00+07:00,39100.0,40250.0,38800.0,39050.0,36498.015625,3948200,0.0,0.0
2021-12-27 00:00:00+07:00,38900.0,39200.0,38100.0,38600.0,36077.42578125,2791600,0.0,0.0
2021-12-28 00:00:00+07:00,38600.0,39000.0,37700.0,37850.0,35376.44140625,4185300,0.0,0.0
2021-12-29 00:00:00+07:00,37600.0,37900.0,36800.0,36900.0,34488.51953125,6193900,0.0,0.0
2021-12-30 00:00:00+07:00,36900.0,37450.0,36850.0,37000.0,34581.984375,2382900,0.0,0.0
2021-12-31 00:00:00+07:00,37200.0,37400.0,36850.0,36950.0,34535.2578125,2174700,0.0,0.0
2022-01-03 00:00:00+07:00,36950.0,36950.0,36950.0,36950.0,34535.2578125,0,0.0,0.0
2022-01-04 00:00:00+07:00,37200.0,37950.0,37000.0,37600.0,35142.7734375,2270100,0.0,0.0
2022-01-05 00:00:00+07:00,37600.0,38700.0,37200.0,38400.0,35890.49609375,5612900,0.0,0.0
2022-01-06 00:00:00+07:00,38000.0,39350.0,37800.0,38600.0,36077.42578125,4131600,0.0,0.0
2022-01-07 00:00:00+07:00,38500.0,39400.0,38200.0,38500.0,35983.95703125,2825500,0.0,0.0
2022-01-10 00:00:00+07:00,38600.0,39200.0,37700.0,37700.0,35236.2421875,4463100,0.0,0.0
2022-01-11 00:00:00+07:00,37600.0,38000.0,36800.0,36800.0,34395.05859375,3286400,0.0,0.0
2022-01-12 00:00:00+07:00,36800.0,37000.0,35050.0,37000.0,34581.984375,4421100,0.0,0.0
2022-01-13 00:00:00+07:00,37100.0,37500.0,35500.0,35500.0,33180.015625,3359600,0.0,0.0
2022-01-14 00:00:00+07:00,35200.0,36300.0,35200.0,35700.0,33366.9453125,1688300,0.0,0.0
2022-01-17 00:00:00+07:00,35700.0,35900.0,33250.0,33250.0,31077.0546875,4515200,0.0,0.0
2022-01-18 00:00:00+07:00,32400.0,33000.0,31100.0,31100.0,29067.5625,2899800,0.0,0.0
2022-01-19 00:00:00+07:00,31700.0,32600.0,31100.0,31800.0,29721.814453125,1767500,0.0,0.0
2022-01-20 00:00:00+07:00,32400.0,32900.0,31800.0,32500.0,30376.068359375,1480700,0.0,0.0
2022-01-21 00:00:00+07:00,33000.0,33350.0,32400.0,32400.0,30282.60546875,1671000,0.0,0.0
2022-01-24 00:00:00+07:00,32400.0,32500.0,30150.0,30150.0,28179.64453125,2226300,0.0,0.0
2022-01-25 00:00:00+07:00,29200.0,31350.0,29200.0,31250.0,29207.755859375,1582600,0.0,0.0
2022-01-26 00:00:00+07:00,31800.0,31850.0,31000.0,31000.0,28974.095703125,1067300,0.0,0.0
2022-01-27 00:00:00+07:00,31000.0,31400.0,30700.0,30700.0,28693.703125,689000,0.0,0.0
2022-01-28 00:00:00+07:00,30700.0,31200.0,30550.0,31200.0,29161.02734375,953700,0.0,0.0
2022-01-31 00:00:00+07:00,31200.0,31200.0,31200.0,31200.0,29161.02734375,0,0.0,0.0
2022-02-01 00:00:00+07:00,31200.0,31200.0,31200.0,31200.0,29161.02734375,0,0.0,0.0
2022-02-02 00:00:00+07:00,31200.0,31200.0,31200.0,31200.0,29161.02734375,0,0.0,0.0
2022-02-03 00:00:00+07:00,31200.0,31200.0,31200.0,31200.0,29161.02734375,0,0.0,0.0
2022-02-04 00:00:00+07:00,31200.0,31200.0,31200.0,31200.0,29161.02734375,0,0.0,0.0
2022-02-07 00:00:00+07:00,32000.0,32200.0,31700.0,32200.0,30095.673828125,865400,0.0,0.0
2022-02-08 00:00:00+07:00,32300.0,33300.0,32100.0,33000.0,30843.392578125,1165800,0.0,0.0
2022-02-09 00:00:00+07:00,33200.0,33400.0,32800.0,33100.0,30936.857421875,1144600,0.0,0.0
2022-02-10 00:00:00+07:00,33150.0,33700.0,32800.0,33600.0,31404.181640625,1461300,0.0,0.0
2022-02-11 00:00:00+07:00,33100.0,34500.0,33100.0,33950.0,31731.30859375,1516300,0.0,0.0
2022-02-14 00:00:00+07:00,33750.0,34000.0,33200.0,33300.0,31123.7890625,1172600,0.0,0.0
2022-02-15 00:00:00+07:00,33300.0,33300.0,33300.0,33300.0,31123.7890625,0,0.0,0.0
2022-02-16 00:00:00+07:00,34000.0,34000.0,33650.0,33750.0,31544.37890625,760900,0.0,0.0
2022-02-17 00:00:00+07:00,34000.0,34350.0,33750.0,34000.0,31778.04296875,1261900,0.0,0.0
2022-02-18 00:00:00+07:00,33750.0,33900.0,33450.0,33600.0,31404.181640625,1587500,0.0,0.0
2022-02-21 00:00:00+07:00,33500.0,34700.0,33500.0,34600.0,32338.830078125,2336200,0.0,0.0
2022-02-22 00:00:00+07:00,34550.0,34550.0,33600.0,34250.0,32011.705078125,1517100,0.0,0.0
2022-02-23 00:00:00+07:00,34300.0,35400.0,34000.0,34250.0,32011.705078125,2385600,0.0,0.0
2022-02-24 00:00:00+07:00,34250.0,34800.0,32100.0,33700.0,31497.646484375,3123100,0.0,0.0
2022-02-25 00:00:00+07:00,34200.0,34500.0,34000.0,34000.0,31778.04296875,1513200,0.0,0.0
2022-02-28 00:00:00+07:00,34300.0,34300.0,33500.0,34150.0,31918.236328125,1904200,0.0,0.0
2022-03-01 00:00:00+07:00,34200.0,35850.0,34200.0,35700.0,33366.9453125,4755600,0.0,0.0
2022-03-02 00:00:00+07:00,36100.0,36250.0,35350.0,35400.0,33086.546875,3342300,0.0,0.0
2022-03-03 00:00:00+07:00,35850.0,36300.0,35700.0,36300.0,33927.73046875,2748400,0.0,0.0
2022-03-04 00:00:00+07:00,36400.0,36750.0,35700.0,36000.0,33647.33984375,3156700,0.0,0.0
2022-03-07 00:00:00+07:00,36000.0,36900.0,35700.0,36750.0,34348.32421875,3258000,0.0,0.0
2022-03-08 00:00:00+07:00,36500.0,37800.0,36100.0,36300.0,33927.73046875,3784500,0.0,0.0
2022-03-09 00:00:00+07:00,36350.0,36600.0,35300.0,36000.0,33647.33984375,2164200,0.0,0.0
2022-03-10 00:00:00+07:00,36200.0,36350.0,35500.0,35550.0,33226.74609375,1417000,0.0,0.0
2022-03-11 00:00:00+07:00,35500.0,35800.0,34450.0,34500.0,32245.369140625,2598600,0.0,0.0
2022-03-14 00:00:00+07:00,34500.0,34500.0,32850.0,33350.0,31170.51953125,2343200,0.0,0.0
2022-03-15 00:00:00+07:00,33200.0,34000.0,33200.0,33850.0,31637.841796875,980100,0.0,0.0
2022-03-16 00:00:00+07:00,34100.0,34400.0,33600.0,33700.0,31497.646484375,1256100,0.0,0.0
2022-03-17 00:00:00+07:00,34000.0,34200.0,33700.0,33800.0,31591.11328125,1030400,0.0,0.0
2022-03-18 00:00:00+07:00,34200.0,34200.0,33900.0,34000.0,31778.04296875,1033100,0.0,0.0
2022-03-21 00:00:00+07:00,34350.0,34650.0,33800.0,34600.0,32338.830078125,1452200,0.0,0.0
2022-03-22 00:00:00+07:00,34800.0,35400.0,34650.0,34650.0,32385.5625,1610600,0.0,0.0
2022-03-23 00:00:00+07:00,35100.0,35450.0,34700.0,35400.0,33086.546875,1848200,0.0,0.0
2022-03-24 00:00:00+07:00,35100.0,35450.0,34800.0,34900.0,32619.224609375,1861500,0.0,0.0
2022-03-25 00:00:00+07:00,34900.0,34900.0,34400.0,34700.0,32432.29296875,1121600,0.0,0.0
2022-03-28 00:00:00+07:00,34150.0,34700.0,33800.0,33850.0,31637.841796875,2268400,0.0,0.0
2022-03-29 00:00:00+07:00,33950.0,34700.0,33950.0,34500.0,32245.369140625,1184300,0.0,0.0
2022-03-30 00:00:00+07:00,34300.0,34800.0,33800.0,33850.0,31637.841796875,1489600,0.0,0.0
2022-03-31 00:00:00+07:00,33850.0,34500.0,33800.0,34000.0,31778.04296875,1177200,0.0,0.0
2022-04-01 00:00:00+07:00,34100.0,34750.0,33800.0,34550.0,32292.09765625,1687200,0.0,0.0
2022-04-04 00:00:00+07:00,35000.0,36500.0,34850.0,36500.0,34114.65625,6226000,0.0,0.0
2022-04-05 00:00:00+07:00,36200.0,37400.0,36000.0,36400.0,34021.19921875,3270100,0.0,0.0
2022-04-06 00:00:00+07:00,36000.0,37000.0,36000.0,37000.0,34581.984375,3663300,0.0,0.0
2022-04-07 00:00:00+07:00,37000.0,37800.0,36300.0,36300.0,33927.73046875,3503800,0.0,0.0
2022-04-08 00:00:00+07:00,36500.0,36600.0,34800.0,34850.0,32572.4921875,2763400,0.0,0.0
2022-04-11 00:00:00+07:00,34850.0,34850.0,34850.0,34850.0,32572.4921875,0,0.0,0.0
2022-04-12 00:00:00+07:00,34850.0,35100.0,33000.0,33000.0,30843.392578125,2770000,0.0,0.0
2022-04-13 00:00:00+07:00,33000.0,34750.0,32950.0,34500.0,32245.369140625,2263400,0.0,0.0
2022-04-14 00:00:00+07:00,34800.0,35450.0,34400.0,34550.0,32292.09765625,1543100,0.0,0.0
2022-04-15 00:00:00+07:00,34550.0,36500.0,34500.0,36000.0,33647.33984375,4280600,0.0,0.0
2022-04-18 00:00:00+07:00,35650.0,37200.0,35650.0,36800.0,34395.05859375,5974700,0.0,0.0
2022-04-19 00:00:00+07:00,37000.0,37000.0,35000.0,35000.0,32712.69140625,2944000,0.0,0.0
2022-04-20 00:00:00+07:00,34700.0,35500.0,32550.0,32550.0,30422.80078125,2849300,0.0,0.0
2022-04-21 00:00:00+07:00,31550.0,32950.0,30350.0,30500.0,28506.771484375,4404800,0.0,0.0
2022-04-22 00:00:00+07:00,31100.0,31700.0,28400.0,29500.0,27572.125,4598400,0.0,0.0
2022-04-25 00:00:00+07:00,29000.0,30000.0,27450.0,27450.0,25656.095703125,3146500,0.0,0.0
2022-04-26 00:00:00+07:00,26500.0,28500.0,25600.0,28500.0,26637.474609375,2034200,0.0,0.0
2022-04-27 00:00:00+07:00,28450.0,29300.0,27800.0,29100.0,27198.265625,1290600,0.0,0.0
2022-04-28 00:00:00+07:00,29100.0,29250.0,28600.0,28750.0,26871.138671875,1095000,0.0,0.0
2022-04-29 00:00:00+07:00,28400.0,29250.0,28400.0,28850.0,26964.6015625,1750200,0.0,0.0
2022-05-02 00:00:00+07:00,28850.0,28850.0,28850.0,28850.0,26964.6015625,0,0.0,0.0
2022-05-03 00:00:00+07:00,28850.0,28850.0,28850.0,28850.0,26964.6015625,0,0.0,0.0
2022-05-04 00:00:00+07:00,28900.0,28900.0,28050.0,28050.0,26216.8828125,1411500,0.0,0.0
2022-05-05 00:00:00+07:00,28800.0,28800.0,27500.0,28200.0,26357.08203125,1271800,0.0,0.0
2022-05-06 00:00:00+07:00,27700.0,28200.0,26800.0,26800.0,25048.57421875,1427000,0.0,0.0
2022-05-09 00:00:00+07:00,26300.0,26400.0,24950.0,24950.0,23319.47265625,2121400,0.0,0.0
2022-05-10 00:00:00+07:00,23800.0,24950.0,23500.0,24750.0,23132.54296875,1743200,0.0,0.0
2022-05-11 00:00:00+07:00,24750.0,24850.0,24100.0,24600.0,22992.34765625,1005000,0.0,0.0
2022-05-12 00:00:00+07:00,24950.0,25400.0,22900.0,22900.0,21403.4453125,1880500,0.0,0.0
2022-05-13 00:00:00+07:00,22900.0,23000.0,21300.0,21300.0,19908.0078125,2327900,0.0,0.0
2022-05-16 00:00:00+07:00,22750.0,22750.0,21800.0,21850.0,20422.06640625,2348100,0.0,0.0
2022-05-17 00:00:00+07:00,21400.0,23350.0,21000.0,23350.0,21824.03515625,2212800,0.0,0.0
2022-05-18 00:00:00+07:00,23600.0,23950.0,23000.0,23350.0,21824.03515625,1896500,0.0,0.0
2022-05-19 00:00:00+07:00,22400.0,23150.0,22100.0,22950.0,21450.1796875,1741600,0.0,0.0
2022-05-20 00:00:00+07:00,23350.0,24200.0,22950.0,23700.0,22151.1640625,2379200,0.0,0.0
2022-05-23 00:00:00+07:00,24100.0,24350.0,22950.0,23700.0,22151.1640625,1286500,0.0,0.0
2022-05-24 00:00:00+07:00,23650.0,24150.0,23100.0,24150.0,22571.755859375,1718300,0.0,0.0
2022-05-25 00:00:00+07:00,24200.0,25450.0,23900.0,25350.0,23693.333984375,2615100,0.0,0.0
2022-05-26 00:00:00+07:00,25400.0,25800.0,25000.0,25350.0,23693.333984375,1505000,0.0,0.0
2022-05-27 00:00:00+07:00,25450.0,26100.0,25350.0,25500.0,23833.53125,1573800,0.0,0.0
2022-05-30 00:00:00+07:00,25500.0,25800.0,25400.0,25450.0,23786.798828125,1314500,0.0,0.0
2022-05-31 00:00:00+07:00,25450.0,25450.0,24900.0,25200.0,23553.134765625,2363300,0.0,0.0
2022-06-01 00:00:00+07:00,25000.0,25400.0,24800.0,25150.0,23506.40625,1174200,0.0,0.0
2022-06-02 00:00:00+07:00,25150.0,25150.0,25150.0,25150.0,23506.40625,0,0.0,0.0
2022-06-03 00:00:00+07:00,25800.0,25850.0,25000.0,25000.0,23366.20703125,1654300,0.0,0.0
2022-06-06 00:00:00+07:00,25000.0,25800.0,25000.0,25150.0,23506.40625,1442800,0.0,0.0
2022-06-07 00:00:00+07:00,25000.0,25300.0,24200.0,25300.0,23646.599609375,1923200,0.0,0.0
2022-06-08 00:00:00+07:00,25700.0,27050.0,25700.0,27050.0,25282.236328125,2880300,0.0,0.0
2022-06-09 00:00:00+07:00,27700.0,28200.0,27400.0,27450.0,25656.095703125,2461800,0.0,0.0
2022-06-10 00:00:00+07:00,27200.0,28000.0,26000.0,26100.0,24394.3203125,2505600,0.0,0.0
2022-06-13 00:00:00+07:00,24700.0,25600.0,24300.0,24300.0,22711.953125,3143700,0.0,0.0
2022-06-14 00:00:00+07:00,23900.0,25000.0,23400.0,24750.0,23132.54296875,1736900,0.0,0.0
2022-06-15 00:00:00+07:00,24750.0,24900.0,23050.0,23050.0,21543.642578125,2010000,0.0,0.0
2022-06-16 00:00:00+07:00,23800.0,24250.0,23500.0,23500.0,21964.234375,1704900,0.0,0.0
2022-06-17 00:00:00+07:00,22600.0,23000.0,22000.0,22700.0,21216.515625,2061100,0.0,0.0
2022-06-20 00:00:00+07:00,22700.0,23200.0,21700.0,21800.0,20375.330078125,2657900,0.0,0.0
2022-06-21 00:00:00+07:00,21800.0,22500.0,20850.0,21700.0,20281.869140625,2340800,0.0,0.0
2022-06-22 00:00:00+07:00,22500.0,22500.0,21700.0,21800.0,20375.330078125,1260600,0.0,0.0
2022-06-23 00:00:00+07:00,21800.0,22700.0,21800.0,22700.0,21216.515625,874200,0.0,0.0
2022-06-24 00:00:00+07:00,22850.0,23300.0,22600.0,22750.0,21263.24609375,1010400,0.0,0.0
2022-06-27 00:00:00+07:00,23000.0,23350.0,22750.0,23350.0,21824.03515625,1050600,0.0,0.0
2022-06-28 00:00:00+07:00,23300.0,23800.0,23200.0,23500.0,21964.234375,874500,0.0,0.0
2022-06-29 00:00:00+07:00,23400.0,23500.0,22500.0,22900.0,21403.4453125,1658400,0.0,0.0
2022-06-30 00:00:00+07:00,23000.0,23200.0,22500.0,22550.0,21076.318359375,1028100,0.0,0.0
2022-07-01 00:00:00+07:00,22500.0,22600.0,21750.0,22600.0,21123.052734375,1294600,0.0,0.0
2022-07-04 00:00:00+07:00,22900.0,23000.0,22100.0,22400.0,20936.12109375,692600,0.0,0.0
2022-07-05 00:00:00+07:00,22700.0,22700.0,21600.0,21600.0,20188.404296875,1176800,0.0,0.0
2022-07-06 00:00:00+07:00,21400.0,21850.0,20850.0,20850.0,19487.416015625,1519200,0.0,0.0
2022-07-07 00:00:00+07:00,20550.0,21200.0,20500.0,20750.0,19393.951171875,942200,0.0,0.0
2022-07-08 00:00:00+07:00,21400.0,21600.0,21000.0,21200.0,19814.54296875,931000,0.0,0.0
2022-07-11 00:00:00+07:00,21350.0,21500.0,20850.0,20950.0,19580.880859375,876600,0.0,0.0
2022-07-12 00:00:00+07:00,20950.0,20950.0,20950.0,20950.0,19580.880859375,0,0.0,0.0
2022-07-13 00:00:00+07:00,22800.0,23350.0,22550.0,22550.0,21076.318359375,2141700,0.0,0.0
2022-07-14 00:00:00+07:00,22400.0,23400.0,22400.0,23200.0,21683.83984375,1620000,0.0,0.0
2022-07-15 00:00:00+07:00,23250.0,23700.0,23100.0,23150.0,21637.107421875,1779400,0.0,0.0
2022-07-18 00:00:00+07:00,23400.0,23850.0,23100.0,23200.0,21683.83984375,1504400,0.0,0.0
2022-07-19 00:00:00+07:00,23200.0,23450.0,22650.0,23200.0,21683.83984375,1292800,0.0,0.0
2022-07-20 00:00:00+07:00,23600.0,24150.0,23300.0,23800.0,22244.62890625,2476900,0.0,0.0
2022-07-21 00:00:00+07:00,23900.0,24100.0,23600.0,23700.0,22151.1640625,1542500,0.0,0.0
2022-07-22 00:00:00+07:00,23700.0,24200.0,23500.0,23500.0,21964.234375,1651200,0.0,0.0
2022-07-25 00:00:00+07:00,23500.0,23500.0,22800.0,22800.0,21309.98046875,1193500,0.0,0.0
2022-07-26 00:00:00+07:00,22850.0,23150.0,22600.0,22750.0,21263.24609375,1038100,0.0,0.0
2022-07-27 00:00:00+07:00,22500.0,23200.0,22400.0,23100.0,21590.373046875,1715000,0.0,0.0
2022-07-28 00:00:00+07:00,23500.0,24100.0,23250.0,23950.0,22384.826171875,2558100,0.0,0.0
2022-07-29 00:00:00+07:00,24150.0,24200.0,23750.0,23900.0,22338.09375,1899000,0.0,0.0
2022-08-01 00:00:00+07:00,24000.0,24700.0,23800.0,24700.0,23085.8125,2618000,0.0,0.0
2022-08-02 00:00:00+07:00,24500.0,25100.0,24500.0,24800.0,23179.27734375,2205700,0.0,0.0
2022-08-03 00:00:00+07:00,24750.0,24850.0,24450.0,24700.0,23085.8125,1638900,0.0,0.0
2022-08-04 00:00:00+07:00,24950.0,25350.0,24500.0,24600.0,22992.34765625,1954400,0.0,0.0
2022-08-05 00:00:00+07:00,24600.0,24750.0,24300.0,24750.0,23132.54296875,1844600,0.0,0.0
2022-08-08 00:00:00+07:00,24800.0,25300.0,24800.0,25100.0,23459.669921875,1954300,0.0,0.0
2022-08-09 00:00:00+07:00,25050.0,25300.0,24950.0,25250.0,23599.87109375,1576700,0.0,0.0
2022-08-10 00:00:00+07:00,25150.0,25250.0,25000.0,25050.0,23412.939453125,1453200,0.0,0.0
2022-08-11 00:00:00+07:00,25250.0,25400.0,24300.0,24700.0,23085.8125,2421500,0.0,0.0
2022-08-12 00:00:00+07:00,24500.0,24950.0,24500.0,24850.0,23226.0078125,995200,0.0,0.0
2022-08-15 00:00:00+07:00,25250.0,25300.0,24850.0,24850.0,23226.0078125,1074300,0.0,0.0
2022-08-16 00:00:00+07:00,24600.0,24900.0,24600.0,24800.0,23179.27734375,1150900,0.0,0.0
2022-08-17 00:00:00+07:00,24900.0,25000.0,24500.0,24550.0,22945.6171875,1710800,0.0,0.0
2022-08-18 00:00:00+07:00,24300.0,24700.0,24150.0,24350.0,22758.685546875,1408000,0.0,0.0
2022-08-19 00:00:00+07:00,24300.0,24450.0,23950.0,24200.0,22618.48828125,1157600,0.0,0.0
2022-08-22 00:00:00+07:00,24000.0,24100.0,23350.0,23650.0,22104.431640625,1947200,0.0,0.0
2022-08-23 00:00:00+07:00,23350.0,24000.0,23350.0,23950.0,22384.826171875,1179400,0.0,0.0
2022-08-24 00:00:00+07:00,24100.0,24250.0,23850.0,24150.0,22571.755859375,1156200,0.0,0.0
2022-08-25 00:00:00+07:00,24200.0,25450.0,24200.0,25450.0,23786.798828125,5087500,0.0,0.0
2022-08-26 00:00:00+07:00,25500.0,25500.0,24900.0,25400.0,23740.06640625,1739300,0.0,0.0
2022-08-29 00:00:00+07:00,24800.0,24950.0,24000.0,24950.0,23319.47265625,2556000,0.0,0.0
2022-08-30 00:00:00+07:00,25000.0,26650.0,25000.0,26650.0,24908.375,7996000,0.0,0.0
2022-08-31 00:00:00+07:00,26650.0,26800.0,26150.0,26350.0,24627.982421875,1892400,0.0,0.0
2022-09-01 00:00:00+07:00,26350.0,26350.0,26350.0,26350.0,24627.982421875,0,0.0,0.0
2022-09-02 00:00:00+07:00,26350.0,26350.0,26350.0,26350.0,24627.982421875,0,0.0,0.0
2022-09-05 00:00:00+07:00,26250.0,27350.0,26200.0,26200.0,24487.78515625,2623300,0.0,0.0
2022-09-06 00:00:00+07:00,26400.0,26700.0,25750.0,25900.0,24207.390625,2683600,0.0,0.0
2022-09-07 00:00:00+07:00,26000.0,26900.0,25800.0,25800.0,24113.92578125,5221400,0.0,0.0
2022-09-08 00:00:00+07:00,25850.0,26100.0,25000.0,25000.0,23366.20703125,2272500,0.0,0.0
2022-09-09 00:00:00+07:00,25200.0,25350.0,23250.0,25350.0,23693.333984375,3553600,0.0,0.0
2022-09-12 00:00:00+07:00,25600.0,25700.0,24850.0,25000.0,23366.20703125,1444400,0.0,0.0
2022-09-13 00:00:00+07:00,24800.0,25100.0,24550.0,25050.0,23412.939453125,1514500,0.0,0.0
2022-09-14 00:00:00+07:00,24350.0,25000.0,24350.0,25000.0,23366.20703125,1835500,0.0,0.0
2022-09-15 00:00:00+07:00,25200.0,25950.0,24800.0,25500.0,23833.53125,2666700,0.0,0.0
2022-09-16 00:00:00+07:00,25400.0,25400.0,24600.0,24600.0,22992.34765625,1709100,0.0,0.0
2022-09-19 00:00:00+07:00,24600.0,24600.0,22900.0,22900.0,21403.4453125,3152800,0.0,0.0
2022-09-20 00:00:00+07:00,23000.0,23650.0,22750.0,23500.0,21964.234375,1307700,0.0,0.0
2022-09-21 00:00:00+07:00,23300.0,23800.0,23200.0,23250.0,21730.572265625,846600,0.0,0.0
2022-09-22 00:00:00+07:00,23100.0,23650.0,23050.0,23600.0,22057.69921875,1418900,0.0,0.0
2022-09-23 00:00:00+07:00,23950.0,23950.0,23250.0,23350.0,21824.03515625,1000300,0.0,0.0
2022-09-26 00:00:00+07:00,22650.0,23150.0,21900.0,23000.0,21496.91015625,1974000,0.0,0.0
2022-09-27 00:00:00+07:00,22950.0,23100.0,22600.0,22750.0,21263.24609375,878700,0.0,0.0
2022-09-28 00:00:00+07:00,22300.0,22800.0,21900.0,22200.0,20749.19140625,1053100,0.0,0.0
2022-09-29 00:00:00+07:00,22450.0,22600.0,20900.0,20900.0,19534.150390625,1117200,0.0,0.0
2022-09-30 00:00:00+07:00,20300.0,20950.0,19500.0,20900.0,19534.150390625,1585200,0.0,0.0
2022-10-03 00:00:00+07:00,20950.0,20950.0,19450.0,19450.0,18178.91015625,1141300,0.0,0.0
2022-10-04 00:00:00+07:00,19600.0,19900.0,18250.0,18250.0,17057.328125,1664400,0.0,0.0
2022-10-05 00:00:00+07:00,18800.0,19200.0,18600.0,19100.0,17851.783203125,1016100,0.0,0.0
2022-10-06 00:00:00+07:00,19150.0,19150.0,17800.0,17800.0,16636.73828125,1505600,0.0,0.0
2022-10-07 00:00:00+07:00,17700.0,17700.0,16600.0,16600.0,15515.162109375,2272400,0.0,0.0
2022-10-10 00:00:00+07:00,16600.0,17200.0,16050.0,16900.0,15795.556640625,1889000,0.0,0.0
2022-10-11 00:00:00+07:00,16550.0,16900.0,15750.0,15750.0,14720.7099609375,1989600,0.0,0.0
2022-10-12 00:00:00+07:00,14650.0,16400.0,14650.0,15950.0,15306.0830078125,1459700,410.0,0.0
2022-10-13 00:00:00+07:00,16000.0,16300.0,15900.0,16000.0,15354.0654296875,799200,0.0,0.0
2022-10-14 00:00:00+07:00,16600.0,16700.0,16250.0,16450.0,15785.8984375,1897700,0.0,0.0
2022-10-17 00:00:00+07:00,16400.0,16600.0,16000.0,16600.0,15929.8427734375,1247200,0.0,0.0
2022-10-18 00:00:00+07:00,17150.0,17150.0,16750.0,16800.0,16121.7685546875,1253400,0.0,0.0
2022-10-19 00:00:00+07:00,16950.0,16950.0,16500.0,16550.0,15881.861328125,1134100,0.0,0.0
2022-10-20 00:00:00+07:00,16500.0,16700.0,16150.0,16200.0,15545.9912109375,1037800,0.0,0.0
2022-10-21 00:00:00+07:00,16300.0,16300.0,15100.0,15100.0,14490.3984375,2124300,0.0,0.0
2022-10-24 00:00:00+07:00,15000.0,15200.0,14050.0,14050.0,13482.7880859375,1694700,0.0,0.0
2022-10-25 00:00:00+07:00,13800.0,14500.0,13100.0,13300.0,12763.06640625,2838300,0.0,0.0
2022-10-26 00:00:00+07:00,13350.0,14000.0,13300.0,13500.0,12954.9931640625,1293100,0.0,0.0
2022-10-27 00:00:00+07:00,13650.0,14400.0,13600.0,14400.0,13818.658203125,1512300,0.0,0.0
2022-10-28 00:00:00+07:00,14650.0,15100.0,14350.0,14500.0,13914.62109375,1431500,0.0,0.0
2022-10-31 00:00:00+07:00,14600.0,14700.0,13900.0,14400.0,13818.658203125,1102500,0.0,0.0
2022-11-01 00:00:00+07:00,14700.0,14900.0,14400.0,14500.0,13914.62109375,1259100,0.0,0.0
2022-11-02 00:00:00+07:00,14600.0,14700.0,14200.0,14200.0,13626.7333984375,1167900,0.0,0.0
2022-11-03 00:00:00+07:00,13800.0,14500.0,13800.0,14250.0,13674.71484375,1203000,0.0,0.0
2022-11-04 00:00:00+07:00,14000.0,14300.0,13350.0,13350.0,12811.0478515625,1633200,0.0,0.0
2022-11-07 00:00:00+07:00,13350.0,13650.0,12450.0,12450.0,11947.3828125,1556600,0.0,0.0
2022-11-08 00:00:00+07:00,12200.0,13050.0,12200.0,13050.0,12523.1591796875,1174200,0.0,0.0
2022-11-09 00:00:00+07:00,13300.0,13550.0,12900.0,13300.0,12763.06640625,963600,0.0,0.0
2022-11-10 00:00:00+07:00,13000.0,13250.0,12400.0,12400.0,11899.4013671875,1906000,0.0,0.0
2022-11-11 00:00:00+07:00,12650.0,12750.0,11550.0,11550.0,11083.7158203125,1724700,0.0,0.0
2022-11-14 00:00:00+07:00,11100.0,11650.0,10750.0,10750.0,10316.0126953125,1914200,0.0,0.0
2022-11-15 00:00:00+07:00,10500.0,10850.0,10000.0,10000.0,9596.291015625,2906500,0.0,0.0
2022-11-16 00:00:00+07:00,9550.0,10700.0,9300.0,10700.0,10268.03125,2331500,0.0,0.0
2022-11-17 00:00:00+07:00,10950.0,11400.0,10900.0,11400.0,10939.771484375,1830900,0.0,0.0
2022-11-18 00:00:00+07:00,11500.0,12150.0,11200.0,12150.0,11659.4931640625,3215600,0.0,0.0
2022-11-21 00:00:00+07:00,12450.0,13000.0,12400.0,13000.0,12475.177734375,2822100,0.0,0.0
2022-11-22 00:00:00+07:00,13350.0,13700.0,12250.0,12600.0,12091.326171875,3396800,0.0,0.0
2022-11-23 00:00:00+07:00,12700.0,12950.0,12450.0,12550.0,12043.3447265625,1361100,0.0,0.0
2022-11-24 00:00:00+07:00,12550.0,13100.0,12350.0,13000.0,12475.177734375,2150000,0.0,0.0
2022-11-25 00:00:00+07:00,13500.0,13750.0,13200.0,13500.0,12954.9931640625,2076300,0.0,0.0
2022-11-28 00:00:00+07:00,14000.0,14200.0,13750.0,14100.0,13530.76953125,3057200,0.0,0.0
2022-11-29 00:00:00+07:00,14350.0,14350.0,13500.0,14150.0,13578.7509765625,3884700,0.0,0.0
2022-11-30 00:00:00+07:00,14200.0,14600.0,13800.0,14200.0,13626.7333984375,3120500,0.0,0.0
2022-12-01 00:00:00+07:00,14500.0,15150.0,14300.0,14800.0,14202.5107421875,4151500,0.0,0.0
2022-12-02 00:00:00+07:00,15000.0,15500.0,14500.0,15500.0,14874.2509765625,2296800,0.0,0.0
2022-12-05 00:00:00+07:00,15950.0,16050.0,15400.0,15600.0,14970.2138671875,2983300,0.0,0.0
2022-12-06 00:00:00+07:00,15500.0,15500.0,14550.0,14550.0,13962.6025390625,3836500,0.0,0.0
2022-12-07 00:00:00+07:00,14400.0,14800.0,14000.0,14000.0,13434.806640625,1976000,0.0,0.0
2022-12-08 00:00:00+07:00,14250.0,14950.0,14250.0,14700.0,14106.5478515625,1562700,0.0,0.0
2022-12-09 00:00:00+07:00,14750.0,15250.0,14450.0,15050.0,14442.4169921875,1872400,0.0,0.0
2022-12-12 00:00:00+07:00,15250.0,15750.0,14800.0,14800.0,14202.5107421875,2607000,0.0,0.0
2022-12-13 00:00:00+07:00,14800.0,15050.0,14300.0,15000.0,14394.4365234375,2309500,0.0,0.0
2022-12-14 00:00:00+07:00,15200.0,15800.0,14900.0,15500.0,14874.2509765625,3425400,0.0,0.0
2022-12-15 00:00:00+07:00,15400.0,16000.0,15300.0,15600.0,14970.2138671875,2767900,0.0,0.0
2022-12-16 00:00:00+07:00,15300.0,16350.0,15300.0,15800.0,15162.1396484375,3947600,0.0,0.0
2022-12-19 00:00:00+07:00,15800.0,16150.0,15300.0,15300.0,14682.3251953125,2375300,0.0,0.0
2022-12-20 00:00:00+07:00,15200.0,15400.0,14250.0,14300.0,13722.6962890625,3357800,0.0,0.0
2022-12-21 00:00:00+07:00,14300.0,14800.0,13500.0,14200.0,13626.7333984375,2086700,0.0,0.0
2022-12-22 00:00:00+07:00,14550.0,14600.0,14100.0,14500.0,13914.62109375,885000,0.0,0.0
2022-12-23 00:00:00+07:00,14450.0,14750.0,14150.0,14350.0,13770.677734375,1189600,0.0,0.0
2022-12-26 00:00:00+07:00,14250.0,14400.0,13350.0,13350.0,12811.0478515625,1934200,0.0,0.0
2022-12-27 00:00:00+07:00,13350.0,14250.0,13350.0,14250.0,13674.71484375,1260800,0.0,0.0
2022-12-28 00:00:00+07:00,14400.0,14450.0,14050.0,14200.0,13626.7333984375,656600,0.0,0.0
2022-12-29 00:00:00+07:00,14200.0,14250.0,13800.0,13800.0,13242.880859375,664900,0.0,0.0
2022-12-30 00:00:00+07:00,13900.0,14100.0,13750.0,13800.0,13242.880859375,576400,0.0,0.0
2023-01-02 00:00:00+07:00,13800.0,13800.0,13800.0,13800.0,13242.880859375,0,0.0,0.0
2023-01-03 00:00:00+07:00,13800.0,14600.0,13800.0,14600.0,14010.5849609375,2167100,0.0,0.0
2023-01-04 00:00:00+07:00,14700.0,15000.0,14450.0,14850.0,14250.4921875,1944700,0.0,0.0
2023-01-05 00:00:00+07:00,14900.0,15200.0,14800.0,14900.0,14298.47265625,3014500,0.0,0.0
2023-01-06 00:00:00+07:00,15050.0,15100.0,14100.0,14400.0,13818.658203125,2608700,0.0,0.0
2023-01-09 00:00:00+07:00,14650.0,14700.0,14150.0,14400.0,13818.658203125,1739400,0.0,0.0
2023-01-10 00:00:00+07:00,14200.0,14450.0,14000.0,14400.0,13818.658203125,1555100,0.0,0.0
2023-01-11 00:00:00+07:00,14400.0,14700.0,14400.0,14500.0,13914.62109375,1965700,0.0,0.0
2023-01-12 00:00:00+07:00,14650.0,14900.0,14500.0,14800.0,14202.5107421875,2004300,0.0,0.0
2023-01-13 00:00:00+07:00,14950.0,15100.0,14550.0,14550.0,13962.6025390625,2035700,0.0,0.0
2023-01-16 00:00:00+07:00,14600.0,15200.0,14450.0,15200.0,14586.361328125,3508200,0.0,0.0
2023-01-17 00:00:00+07:00,15300.0,15750.0,15300.0,15750.0,15114.158203125,3919900,0.0,0.0
2023-01-18 00:00:00+07:00,15850.0,16050.0,15550.0,16000.0,15354.0654296875,2818100,0.0,0.0
2023-01-19 00:00:00+07:00,16050.0,16300.0,15900.0,16300.0,15641.9541015625,2760600,0.0,0.0
2023-01-20 00:00:00+07:00,16300.0,16300.0,16300.0,16300.0,15641.9541015625,0,0.0,0.0
2023-01-23 00:00:00+07:00,16300.0,16300.0,16300.0,16300.0,15641.9541015625,0,0.0,0.0
2023-01-24 00:00:00+07:00,16300.0,16300.0,16300.0,16300.0,15641.9541015625,0,0.0,0.0
2023-01-25 00:00:00+07:00,16300.0,16300.0,16300.0,16300.0,15641.9541015625,0,0.0,0.0
2023-01-26 00:00:00+07:00,16300.0,16300.0,16300.0,16300.0,15641.9541015625,0,0.0,0.0
2023-01-27 00:00:00+07:00,16800.0,17050.0,16450.0,16850.0,16169.7490234375,2606700,0.0,0.0
2023-01-30 00:00:00+07:00,17200.0,17200.0,16500.0,16500.0,15833.8798828125,3337600,0.0,0.0
2023-01-31 00:00:00+07:00,16000.0,16800.0,15900.0,16700.0,16025.8056640625,3559700,0.0,0.0
2023-02-01 00:00:00+07:00,16900.0,16900.0,15550.0,15550.0,14922.232421875,2983500,0.0,0.0
2023-02-02 00:00:00+07:00,15700.0,15700.0,15000.0,15250.0,14634.3427734375,2191000,0.0,0.0
2023-02-03 00:00:00+07:00,15250.0,15500.0,15050.0,15400.0,14778.2880859375,1556300,0.0,0.0
2023-02-06 00:00:00+07:00,15350.0,15600.0,15200.0,15600.0,14970.2138671875,1201800,0.0,0.0
2023-02-07 00:00:00+07:00,15750.0,15750.0,14800.0,14800.0,14202.5107421875,2466000,0.0,0.0
2023-02-08 00:00:00+07:00,15000.0,15300.0,14550.0,14750.0,14154.529296875,1594700,0.0,0.0
2023-02-09 00:00:00+07:00,14800.0,15200.0,14800.0,14950.0,14346.455078125,1330900,0.0,0.0
2023-02-10 00:00:00+07:00,15000.0,15000.0,14600.0,14650.0,14058.56640625,1425300,0.0,0.0
2023-02-13 00:00:00+07:00,14550.0,14650.0,13800.0,14000.0,13434.806640625,2727000,0.0,0.0
2023-02-14 00:00:00+07:00,14200.0,14300.0,13950.0,14150.0,13578.7509765625,1157100,0.0,0.0
2023-02-15 00:00:00+07:00,14200.0,14650.0,14050.0,14500.0,13914.62109375,1371600,0.0,0.0
2023-02-16 00:00:00+07:00,14750.0,14800.0,14500.0,14750.0,14154.529296875,1167900,0.0,0.0
2023-02-17 00:00:00+07:00,14750.0,15000.0,14600.0,14700.0,14106.5478515625,1149100,0.0,0.0
2023-02-20 00:00:00+07:00,14850.0,15450.0,14750.0,15450.0,14826.26953125,2360700,0.0,0.0
2023-02-21 00:00:00+07:00,15500.0,15750.0,15350.0,15350.0,14730.306640625,1979400,0.0,0.0
2023-02-22 00:00:00+07:00,15200.0,15250.0,14550.0,14550.0,13962.6025390625,2357700,0.0,0.0
2023-02-23 00:00:00+07:00,14550.0,14800.0,14200.0,14800.0,14202.5107421875,2486700,0.0,0.0
2023-02-24 00:00:00+07:00,14800.0,14800.0,14300.0,14300.0,13722.6962890625,956300,0.0,0.0
2023-02-27 00:00:00+07:00,14250.0,14300.0,13950.0,13950.0,13386.8251953125,1275700,0.0,0.0
2023-02-28 00:00:00+07:00,14100.0,14300.0,13850.0,13950.0,13386.8251953125,898900,0.0,0.0
2023-03-01 00:00:00+07:00,14000.0,14400.0,13900.0,14400.0,13818.658203125,980800,0.0,0.0
2023-03-02 00:00:00+07:00,14450.0,14650.0,14250.0,14250.0,13674.71484375,969300,0.0,0.0
2023-03-03 00:00:00+07:00,14400.0,14550.0,14100.0,14100.0,13530.76953125,1054400,0.0,0.0
2023-03-06 00:00:00+07:00,14500.0,14650.0,14200.0,14200.0,13626.7333984375,931100,0.0,0.0
2023-03-07 00:00:00+07:00,14250.0,14450.0,14250.0,14400.0,13818.658203125,560400,0.0,0.0
2023-03-08 00:00:00+07:00,14250.0,14500.0,14150.0,14500.0,13914.62109375,1543100,0.0,0.0
2023-03-09 00:00:00+07:00,14550.0,15300.0,14550.0,15150.0,14538.3798828125,3766000,0.0,0.0
2023-03-10 00:00:00+07:00,15000.0,15300.0,14900.0,15000.0,14394.4365234375,2676300,0.0,0.0
2023-03-13 00:00:00+07:00,14800.0,15050.0,14750.0,14950.0,14346.455078125,2603900,0.0,0.0
2023-03-14 00:00:00+07:00,14950.0,15000.0,14300.0,14300.0,13722.6962890625,2160500,0.0,0.0
2023-03-15 00:00:00+07:00,14700.0,15200.0,14550.0,15200.0,14586.361328125,2069100,0.0,0.0
2023-03-16 00:00:00+07:00,15000.0,15100.0,14650.0,14850.0,14250.4921875,1713400,0.0,0.0
2023-03-17 00:00:00+07:00,15000.0,15100.0,14800.0,14900.0,14298.47265625,1285900,0.0,0.0
2023-03-20 00:00:00+07:00,14800.0,14900.0,14250.0,14350.0,13770.677734375,1912100,0.0,0.0
2023-03-21 00:00:00+07:00,14400.0,14550.0,14100.0,14450.0,13866.6396484375,1119900,0.0,0.0
2023-03-22 00:00:00+07:00,14550.0,14650.0,14450.0,14500.0,13914.62109375,1128400,0.0,0.0
2023-03-23 00:00:00+07:00,14300.0,14550.0,14300.0,14500.0,13914.62109375,835200,0.0,0.0
2023-03-24 00:00:00+07:00,14650.0,15050.0,14600.0,14800.0,14202.5107421875,2474700,0.0,0.0
2023-03-27 00:00:00+07:00,14900.0,15000.0,14800.0,14900.0,14298.47265625,1528600,0.0,0.0
2023-03-28 00:00:00+07:00,15050.0,15150.0,14800.0,14800.0,14202.5107421875,2684300,0.0,0.0
2023-03-29 00:00:00+07:00,14800.0,14850.0,14600.0,14750.0,14154.529296875,1237400,0.0,0.0
2023-03-30 00:00:00+07:00,15000.0,15000.0,14700.0,14700.0,14106.5478515625,1526800,0.0,0.0
2023-03-31 00:00:00+07:00,14700.0,15500.0,14650.0,15500.0,14874.2509765625,5444100,0.0,0.0
2023-04-03 00:00:00+07:00,15750.0,15950.0,15600.0,15950.0,15306.0830078125,3791500,0.0,0.0
2023-04-04 00:00:00+07:00,15900.0,15950.0,15700.0,15950.0,15306.0830078125,2975400,0.0,0.0
2023-04-05 00:00:00+07:00,15900.0,16350.0,15800.0,16200.0,15545.9912109375,3493000,0.0,0.0
2023-04-06 00:00:00+07:00,16300.0,16400.0,15600.0,15600.0,14970.2138671875,4858900,0.0,0.0
2023-04-07 00:00:00+07:00,15700.0,15900.0,15500.0,15900.0,15258.1015625,2323600,0.0,0.0
2023-04-10 00:00:00+07:00,16100.0,16300.0,15900.0,15900.0,15258.1015625,3130300,0.0,0.0
2023-04-11 00:00:00+07:00,15900.0,16250.0,15700.0,16250.0,15593.97265625,2590500,0.0,0.0
2023-04-12 00:00:00+07:00,16550.0,16800.0,16300.0,16350.0,15689.935546875,4955300,0.0,0.0
2023-04-13 00:00:00+07:00,16400.0,16450.0,15950.0,15950.0,15306.0830078125,2229200,0.0,0.0
2023-04-14 00:00:00+07:00,16000.0,16050.0,15300.0,15300.0,14682.3251953125,4567700,0.0,0.0
2023-04-17 00:00:00+07:00,15300.0,15500.0,15200.0,15400.0,14778.2880859375,1375900,0.0,0.0
2023-04-18 00:00:00+07:00,15500.0,15600.0,15300.0,15500.0,14874.2509765625,1661200,0.0,0.0
2023-04-19 00:00:00+07:00,15600.0,15650.0,15000.0,15050.0,14442.4169921875,1690300,0.0,0.0
2023-04-20 00:00:00+07:00,14850.0,15300.0,14850.0,15150.0,14538.3798828125,1198600,0.0,0.0
2023-04-21 00:00:00+07:00,15100.0,15350.0,15100.0,15100.0,14490.3984375,1201700,0.0,0.0
2023-04-24 00:00:00+07:00,15150.0,15300.0,14950.0,15300.0,14682.3251953125,758100,0.0,0.0
2023-04-25 00:00:00+07:00,15350.0,15500.0,15050.0,15100.0,14490.3984375,1300200,0.0,0.0
2023-04-26 00:00:00+07:00,15100.0,15350.0,15000.0,15350.0,14730.306640625,1124700,0.0,0.0
2023-04-27 00:00:00+07:00,15450.0,15800.0,15350.0,15450.0,14826.26953125,2552300,0.0,0.0
2023-04-28 00:00:00+07:00,15550.0,15700.0,15500.0,15550.0,14922.232421875,1442200,0.0,0.0
2023-05-01 00:00:00+07:00,15550.0,15550.0,15550.0,15550.0,14922.232421875,0,0.0,0.0
2023-05-02 00:00:00+07:00,15550.0,15550.0,15550.0,15550.0,14922.232421875,0,0.0,0.0
2023-05-03 00:00:00+07:00,15550.0,15550.0,15550.0,15550.0,14922.232421875,0,0.0,0.0
2023-05-04 00:00:00+07:00,15400.0,15800.0,15400.0,15700.0,15066.1767578125,2126600,0.0,0.0
2023-05-05 00:00:00+07:00,15700.0,15750.0,15450.0,15500.0,14874.2509765625,1470500,0.0,0.0
2023-05-08 00:00:00+07:00,15550.0,16250.0,15550.0,16200.0,15545.9912109375,4532500,0.0,0.0
2023-05-09 00:00:00+07:00,16300.0,16500.0,16150.0,16150.0,15498.009765625,3003200,0.0,0.0
2023-05-10 00:00:00+07:00,16250.0,16850.0,16250.0,16850.0,16169.7490234375,7679900,0.0,0.0
2023-05-11 00:00:00+07:00,16900.0,16950.0,16650.0,16700.0,16025.8056640625,3500600,0.0,0.0
2023-05-12 00:00:00+07:00,16650.0,17300.0,16550.0,16800.0,16121.7685546875,4278000,0.0,0.0
2023-05-15 00:00:00+07:00,17000.0,17000.0,16150.0,16150.0,15498.009765625,4435500,0.0,0.0
2023-05-16 00:00:00+07:00,16200.0,16300.0,15750.0,16000.0,15354.0654296875,4175000,0.0,0.0
2023-05-17 00:00:00+07:00,16150.0,16200.0,15850.0,15850.0,15210.1201171875,2517100,0.0,0.0
2023-05-18 00:00:00+07:00,15900.0,16100.0,15800.0,15850.0,15210.1201171875,2303300,0.0,0.0
2023-05-19 00:00:00+07:00,15900.0,16250.0,15850.0,16250.0,15593.97265625,2491400,0.0,0.0
2023-05-22 00:00:00+07:00,16300.0,16650.0,16250.0,16500.0,15833.8798828125,2542100,0.0,0.0
2023-05-23 00:00:00+07:00,16550.0,16600.0,16250.0,16400.0,15737.9169921875,2720700,0.0,0.0
2023-05-24 00:00:00+07:00,16400.0,16400.0,16400.0,16400.0,15737.9169921875,0,0.0,0.0
2023-05-25 00:00:00+07:00,16050.0,16850.0,16050.0,16750.0,16073.787109375,5277500,0.0,0.0
2023-05-26 00:00:00+07:00,17000.0,17400.0,16850.0,17200.0,16505.62109375,5412200,0.0,0.0
2023-05-29 00:00:00+07:00,17200.0,18200.0,17050.0,18200.0,17465.25,6081800,0.0,0.0
2023-05-30 00:00:00+07:00,18300.0,18500.0,17850.0,18400.0,17657.17578125,4575000,0.0,0.0
2023-05-31 00:00:00+07:00,18450.0,18450.0,18000.0,18200.0,17465.25,3137200,0.0,0.0
2023-06-01 00:00:00+07:00,18350.0,18900.0,18100.0,18800.0,18041.025390625,4252900,0.0,0.0
2023-06-02 00:00:00+07:00,18950.0,19000.0,18600.0,18900.0,18136.98828125,2717600,0.0,0.0
2023-06-05 00:00:00+07:00,18800.0,18900.0,18200.0,18350.0,17609.1953125,5242100,0.0,0.0
2023-06-06 00:00:00+07:00,18200.0,18800.0,18100.0,18750.0,17993.044921875,2652400,0.0,0.0
2023-06-07 00:00:00+07:00,18900.0,18900.0,18450.0,18550.0,17801.119140625,3304900,0.0,0.0
2023-06-08 00:00:00+07:00,18700.0,19300.0,18000.0,18000.0,17273.32421875,6661500,0.0,0.0
2023-06-09 00:00:00+07:00,18050.0,18250.0,17600.0,18050.0,17321.3046875,3482100,0.0,0.0
2023-06-12 00:00:00+07:00,18100.0,18200.0,17700.0,18150.0,17417.267578125,3928700,0.0,0.0
2023-06-13 00:00:00+07:00,18250.0,18400.0,18050.0,18400.0,17657.17578125,2887700,0.0,0.0
2023-06-14 00:00:00+07:00,18500.0,18650.0,17900.0,17900.0,17177.361328125,3036900,0.0,0.0
2023-06-15 00:00:00+07:00,17950.0,18200.0,17800.0,18050.0,17321.3046875,2114000,0.0,0.0
2023-06-16 00:00:00+07:00,18250.0,18550.0,17800.0,17800.0,17081.3984375,4286900,0.0,0.0
2023-06-19 00:00:00+07:00,17850.0,18150.0,17700.0,17900.0,17177.361328125,1976400,0.0,0.0
2023-06-20 00:00:00+07:00,18000.0,18800.0,18000.0,18800.0,18041.025390625,3514200,0.0,0.0
2023-06-21 00:00:00+07:00,18900.0,19500.0,18650.0,19500.0,18712.767578125,7490700,0.0,0.0
2023-06-22 00:00:00+07:00,19500.0,19500.0,19500.0,19500.0,18712.767578125,0,0.0,0.0
2023-06-23 00:00:00+07:00,19350.0,19500.0,18950.0,19000.0,18232.951171875,3351700,0.0,0.0
2023-06-26 00:00:00+07:00,19000.0,19600.0,18500.0,19600.0,18808.73046875,4848900,0.0,0.0
2023-06-27 00:00:00+07:00,19700.0,19900.0,19450.0,19600.0,18808.73046875,3248900,0.0,0.0
2023-06-28 00:00:00+07:00,19600.0,19800.0,19150.0,19300.0,18520.841796875,2681300,0.0,0.0
2023-06-29 00:00:00+07:00,19100.0,19400.0,18950.0,19050.0,18280.935546875,2831800,0.0,0.0
2023-06-30 00:00:00+07:00,19150.0,19400.0,18850.0,19400.0,18616.8046875,3108600,0.0,0.0
2023-07-03 00:00:00+07:00,19550.0,20150.0,19450.0,20150.0,19336.525390625,5805100,0.0,0.0
2023-07-04 00:00:00+07:00,20100.0,20300.0,19950.0,20300.0,19480.46875,2821900,0.0,0.0
2023-07-05 00:00:00+07:00,20350.0,20700.0,20100.0,20100.0,19288.544921875,5028900,0.0,0.0
2023-07-06 00:00:00+07:00,20100.0,20750.0,19950.0,20700.0,19864.322265625,4824800,0.0,0.0
2023-07-07 00:00:00+07:00,20600.0,21300.0,20400.0,21250.0,20392.1171875,3953400,0.0,0.0
2023-07-10 00:00:00+07:00,21250.0,21600.0,21050.0,21250.0,20392.1171875,4114700,0.0,0.0
2023-07-11 00:00:00+07:00,21400.0,21700.0,21250.0,21500.0,20632.025390625,3498200,0.0,0.0
2023-07-12 00:00:00+07:00,21600.0,21600.0,21200.0,21600.0,20727.98828125,3022300,0.0,0.0
2023-07-13 00:00:00+07:00,21500.0,21700.0,21400.0,21650.0,20775.96875,2504800,0.0,0.0
2023-07-14 00:00:00+07:00,21700.0,21700.0,21350.0,21600.0,20727.98828125,2386000,0.0,0.0
2023-07-17 00:00:00+07:00,21500.0,22300.0,21450.0,22000.0,21111.841796875,2698400,0.0,0.0
2023-07-18 00:00:00+07:00,22100.0,22100.0,21700.0,21850.0,20967.89453125,1472600,0.0,0.0
2023-07-19 00:00:00+07:00,21800.0,22300.0,21700.0,21700.0,20823.951171875,3177200,0.0,0.0
2023-07-20 00:00:00+07:00,21700.0,21800.0,21050.0,21500.0,20632.025390625,3169600,0.0,0.0
2023-07-21 00:00:00+07:00,21600.0,22250.0,21350.0,22000.0,21111.841796875,2070400,0.0,0.0
2023-07-24 00:00:00+07:00,22200.0,22500.0,21900.0,22200.0,21303.765625,1992800,0.0,0.0
2023-07-25 00:00:00+07:00,22200.0,22300.0,21800.0,21800.0,20919.9140625,2336100,0.0,0.0
2023-07-26 00:00:00+07:00,21800.0,21900.0,21500.0,21600.0,20727.98828125,2299500,0.0,0.0
2023-07-27 00:00:00+07:00,21550.0,21800.0,21450.0,21700.0,20823.951171875,2587700,0.0,0.0
2023-07-28 00:00:00+07:00,21750.0,22150.0,21550.0,22000.0,21111.841796875,3955800,0.0,0.0
2023-07-31 00:00:00+07:00,22300.0,22600.0,22000.0,22350.0,21447.7109375,2665400,0.0,0.0
2023-08-01 00:00:00+07:00,22400.0,22550.0,21950.0,22000.0,21111.841796875,3020300,0.0,0.0
2023-08-02 00:00:00+07:00,21800.0,22000.0,21700.0,21900.0,21015.876953125,2040200,0.0,0.0
2023-08-03 00:00:00+07:00,21900.0,22350.0,21700.0,21800.0,20919.9140625,1908000,0.0,0.0
2023-08-04 00:00:00+07:00,21900.0,22000.0,21650.0,21900.0,21015.876953125,2347900,0.0,0.0
2023-08-07 00:00:00+07:00,22000.0,22800.0,22000.0,22700.0,21783.580078125,4317300,0.0,0.0
2023-08-08 00:00:00+07:00,22800.0,22850.0,22350.0,22600.0,21687.615234375,2682200,0.0,0.0
2023-08-09 00:00:00+07:00,22500.0,22700.0,22150.0,22150.0,21255.78515625,2606700,0.0,0.0
2023-08-10 00:00:00+07:00,22050.0,22250.0,21450.0,21450.0,20584.04296875,3053500,0.0,0.0
2023-08-11 00:00:00+07:00,21450.0,21650.0,20500.0,21100.0,20248.171875,3906500,0.0,0.0
2023-08-14 00:00:00+07:00,21400.0,21650.0,21150.0,21550.0,20680.005859375,2159100,0.0,0.0
2023-08-15 00:00:00+07:00,21600.0,21850.0,21450.0,21450.0,20584.04296875,2436600,0.0,0.0
2023-08-16 00:00:00+07:00,21350.0,21650.0,21350.0,21350.0,20488.080078125,2035600,0.0,0.0
2023-08-17 00:00:00+07:00,21500.0,21700.0,21250.0,21300.0,20440.099609375,2629500,0.0,0.0
2023-08-18 00:00:00+07:00,21250.0,21300.0,19850.0,19850.0,19048.63671875,4869000,0.0,0.0
2023-08-21 00:00:00+07:00,19500.0,19550.0,18850.0,19300.0,18520.841796875,3048800,0.0,0.0
2023-08-22 00:00:00+07:00,19100.0,19500.0,18200.0,19050.0,18280.935546875,2986700,0.0,0.0
2023-08-23 00:00:00+07:00,19500.0,19600.0,19150.0,19200.0,18424.87890625,1001100,0.0,0.0
2023-08-24 00:00:00+07:00,19200.0,19850.0,19150.0,19800.0,19000.658203125,1837300,0.0,0.0
2023-08-25 00:00:00+07:00,19800.0,19950.0,19600.0,19650.0,18856.7109375,1642900,0.0,0.0
2023-08-28 00:00:00+07:00,19800.0,20250.0,19650.0,20200.0,19384.505859375,2407500,0.0,0.0
2023-08-29 00:00:00+07:00,20450.0,20850.0,20350.0,20650.0,19816.341796875,2319700,0.0,0.0
2023-08-30 00:00:00+07:00,20650.0,20850.0,20200.0,20700.0,19864.322265625,2164600,0.0,0.0
2023-08-31 00:00:00+07:00,20850.0,21850.0,20750.0,21850.0,20967.89453125,5976100,0.0,0.0
2023-09-01 00:00:00+07:00,21850.0,21850.0,21850.0,21850.0,20967.89453125,0,0.0,0.0
2023-09-04 00:00:00+07:00,21850.0,21850.0,21850.0,21850.0,20967.89453125,0,0.0,0.0
2023-09-05 00:00:00+07:00,22250.0,22350.0,21850.0,22000.0,21111.841796875,3268500,0.0,0.0
2023-09-06 00:00:00+07:00,22150.0,22200.0,21650.0,22000.0,21111.841796875,3422100,0.0,0.0
2023-09-07 00:00:00+07:00,22200.0,22850.0,22200.0,22400.0,21495.689453125,5152000,0.0,0.0
2023-09-08 00:00:00+07:00,22150.0,23200.0,22150.0,22700.0,21783.580078125,3404000,0.0,0.0
2023-09-11 00:00:00+07:00,23250.0,23250.0,21750.0,21750.0,20871.931640625,4406700,0.0,0.0
2023-09-12 00:00:00+07:00,21900.0,22700.0,21650.0,22700.0,21783.580078125,2385000,0.0,0.0
2023-09-13 00:00:00+07:00,22800.0,23200.0,22200.0,22300.0,21399.728515625,5665700,0.0,0.0
2023-09-14 00:00:00+07:00,22450.0,22500.0,21950.0,22000.0,21111.841796875,2618600,0.0,0.0
2023-09-15 00:00:00+07:00,22300.0,23000.0,21900.0,22600.0,21687.615234375,3130300,0.0,0.0
2023-09-18 00:00:00+07:00,22750.0,22800.0,21550.0,22150.0,21255.78515625,4330900,0.0,0.0
2023-09-19 00:00:00+07:00,22050.0,22300.0,21700.0,22300.0,21399.728515625,2540100,0.0,0.0
2023-09-20 00:00:00+07:00,22450.0,23100.0,22200.0,23100.0,22167.431640625,6505800,0.0,0.0
2023-09-21 00:00:00+07:00,23300.0,23700.0,23050.0,23200.0,22263.39453125,4683800,0.0,0.0
2023-09-22 00:00:00+07:00,22900.0,22900.0,21850.0,21850.0,20967.89453125,5376200,0.0,0.0
2023-09-25 00:00:00+07:00,21800.0,22400.0,20350.0,20350.0,19528.451171875,4890300,0.0,0.0
2023-09-26 00:00:00+07:00,20300.0,20800.0,18950.0,18950.0,18184.970703125,7147500,0.0,0.0
2023-09-27 00:00:00+07:00,19100.0,19850.0,18550.0,19850.0,19048.63671875,4359100,0.0,0.0
2023-09-28 00:00:00+07:00,19850.0,19850.0,19400.0,19600.0,18808.73046875,2073300,0.0,0.0
2023-09-29 00:00:00+07:00,19900.0,20150.0,19500.0,19500.0,18712.767578125,1955800,0.0,0.0
2023-10-02 00:00:00+07:00,19700.0,20400.0,19500.0,20400.0,19576.431640625,2740700,0.0,0.0
2023-10-03 00:00:00+07:00,20000.0,20150.0,19000.0,19000.0,18232.951171875,3931200,0.0,0.0
2023-10-04 00:00:00+07:00,19050.0,19750.0,18800.0,19500.0,18712.767578125,2046900,0.0,0.0
2023-10-05 00:00:00+07:00,19700.0,20300.0,19650.0,19800.0,19000.658203125,4016400,0.0,0.0
2023-10-06 00:00:00+07:00,19800.0,20350.0,19450.0,20200.0,19384.505859375,2399800,0.0,0.0
2023-10-09 00:00:00+07:00,20400.0,20650.0,20050.0,20400.0,19576.431640625,2436000,0.0,0.0
2023-10-10 00:00:00+07:00,20650.0,20650.0,20050.0,20050.0,19240.5625,3350400,0.0,0.0
2023-10-11 00:00:00+07:00,20100.0,20700.0,20050.0,20700.0,19864.322265625,2187000,0.0,0.0
2023-10-12 00:00:00+07:00,20750.0,21150.0,20750.0,20850.0,20008.267578125,3522600,0.0,0.0
2023-10-13 00:00:00+07:00,20650.0,21450.0,20600.0,21400.0,20536.0625,4293700,0.0,0.0
2023-10-16 00:00:00+07:00,21450.0,21950.0,21300.0,21450.0,20584.04296875,3658400,0.0,0.0
2023-10-17 00:00:00+07:00,21650.0,21900.0,20200.0,20200.0,19384.505859375,3992400,0.0,0.0
2023-10-18 00:00:00+07:00,20600.0,21000.0,19500.0,20000.0,19192.58203125,3600400,0.0,0.0
2023-10-19 00:00:00+07:00,19850.0,20500.0,19700.0,20000.0,19192.58203125,3130900,0.0,0.0
2023-10-20 00:00:00+07:00,20100.0,20700.0,19450.0,20500.0,19672.396484375,2896100,0.0,0.0
2023-10-23 00:00:00+07:00,20550.0,20600.0,19550.0,19750.0,18952.673828125,2482600,0.0,0.0
2023-10-24 00:00:00+07:00,19900.0,20500.0,19700.0,20450.0,19624.4140625,1732000,0.0,0.0
2023-10-25 00:00:00+07:00,20550.0,20900.0,20500.0,20500.0,19672.396484375,2486500,0.0,0.0
2023-10-26 00:00:00+07:00,20000.0,20300.0,19100.0,19100.0,18328.916015625,4302900,0.0,0.0
2023-10-27 00:00:00+07:00,19500.0,19500.0,18300.0,19300.0,18520.841796875,1471800,0.0,0.0
2023-10-30 00:00:00+07:00,19300.0,19300.0,18000.0,18000.0,17273.32421875,2345000,0.0,0.0
2023-10-31 00:00:00+07:00,18200.0,18200.0,16850.0,16900.0,16217.732421875,2313300,0.0,0.0
2023-11-01 00:00:00+07:00,16900.0,17400.0,16450.0,17300.0,16601.58203125,1479400,0.0,0.0
2023-11-02 00:00:00+07:00,17550.0,18500.0,17550.0,18500.0,17753.138671875,2148500,0.0,0.0
2023-11-03 00:00:00+07:00,18650.0,18700.0,18200.0,18500.0,17753.138671875,1245300,0.0,0.0
2023-11-06 00:00:00+07:00,18600.0,18800.0,18250.0,18500.0,17753.138671875,939200,0.0,0.0
2023-11-07 00:00:00+07:00,18350.0,18950.0,18150.0,18450.0,17705.158203125,1632000,0.0,0.0
2023-11-08 00:00:00+07:00,18500.0,19700.0,18350.0,19700.0,18904.693359375,2532900,0.0,0.0
2023-11-09 00:00:00+07:00,19900.0,20200.0,19600.0,19700.0,18904.693359375,2562000,0.0,0.0
2023-11-10 00:00:00+07:00,19300.0,19950.0,19300.0,19350.0,18568.822265625,2241300,0.0,0.0
2023-11-13 00:00:00+07:00,19500.0,19650.0,19150.0,19450.0,18664.78515625,1633900,0.0,0.0
2023-11-14 00:00:00+07:00,19800.0,19800.0,19350.0,19700.0,18904.693359375,1361200,0.0,0.0
2023-11-15 00:00:00+07:00,20450.0,20450.0,19850.0,19850.0,19048.63671875,2589000,0.0,0.0
2023-11-16 00:00:00+07:00,19700.0,19700.0,19400.0,19700.0,19244.0078125,936200,350.0,0.0
2023-11-17 00:00:00+07:00,19800.0,20350.0,19100.0,19450.0,18999.794921875,3491800,0.0,0.0
2023-11-20 00:00:00+07:00,19200.0,20100.0,19000.0,20000.0,19537.064453125,2992800,0.0,0.0
2023-11-21 00:00:00+07:00,20300.0,20300.0,19850.0,20050.0,19585.90625,1338500,0.0,0.0
2023-11-22 00:00:00+07:00,20100.0,20200.0,19800.0,20150.0,19683.591796875,3150100,0.0,0.0
2023-11-23 00:00:00+07:00,20350.0,20350.0,19300.0,19300.0,18853.267578125,2776300,0.0,0.0
2023-11-24 00:00:00+07:00,19300.0,19550.0,18750.0,19550.0,19097.48046875,2200900,0.0,0.0
2023-11-27 00:00:00+07:00,19600.0,19800.0,19300.0,19300.0,18853.267578125,1345200,0.0,0.0
2023-11-28 00:00:00+07:00,19400.0,19600.0,18900.0,19600.0,19146.322265625,1256000,0.0,0.0
2023-11-29 00:00:00+07:00,19700.0,19900.0,19550.0,19850.0,19390.537109375,1369700,0.0,0.0
2023-11-30 00:00:00+07:00,19800.0,20400.0,19800.0,20000.0,19537.064453125,3408300,0.0,0.0
2023-12-01 00:00:00+07:00,20000.0,20200.0,19800.0,20150.0,19683.591796875,1179800,0.0,0.0
2023-12-04 00:00:00+07:00,20350.0,20850.0,20300.0,20600.0,20123.17578125,3141500,0.0,0.0
2023-12-05 00:00:00+07:00,20650.0,20850.0,20450.0,20600.0,20123.17578125,2609300,0.0,0.0
2023-12-06 00:00:00+07:00,20700.0,20800.0,20500.0,20800.0,20318.546875,1853800,0.0,0.0
2023-12-07 00:00:00+07:00,20800.0,20800.0,19950.0,20200.0,19732.43359375,3409800,0.0,0.0
2023-12-08 00:00:00+07:00,20200.0,20400.0,20000.0,20050.0,19585.90625,1284200,0.0,0.0
2023-12-11 00:00:00+07:00,20150.0,20350.0,20000.0,20350.0,19878.9609375,1128600,0.0,0.0
2023-12-12 00:00:00+07:00,20450.0,20700.0,20350.0,20350.0,19878.9609375,1283200,0.0,0.0
2023-12-13 00:00:00+07:00,20350.0,20550.0,19950.0,19950.0,19488.22265625,1917800,0.0,0.0
2023-12-14 00:00:00+07:00,20150.0,20200.0,19800.0,19850.0,19390.537109375,1055000,0.0,0.0
2023-12-15 00:00:00+07:00,19850.0,20100.0,19650.0,19900.0,19439.37890625,961600,0.0,0.0
2023-12-18 00:00:00+07:00,19900.0,19900.0,19450.0,19450.0,18999.794921875,1003400,0.0,0.0
2023-12-19 00:00:00+07:00,19450.0,19600.0,19200.0,19600.0,19146.322265625,1243600,0.0,0.0
2023-12-20 00:00:00+07:00,19650.0,19850.0,19500.0,19750.0,19292.849609375,789200,0.0,0.0
2023-12-21 00:00:00+07:00,19700.0,19950.0,19650.0,19900.0,19439.37890625,958000,0.0,0.0
2023-12-22 00:00:00+07:00,20050.0,20250.0,19900.0,20250.0,19781.27734375,1995500,0.0,0.0
2023-12-25 00:00:00+07:00,20300.0,20400.0,20050.0,20200.0,19732.43359375,1477400,0.0,0.0
2023-12-26 00:00:00+07:00,20250.0,20500.0,20200.0,20300.0,19830.119140625,1790200,0.0,0.0
2023-12-27 00:00:00+07:00,20300.0,20500.0,20200.0,20250.0,19781.27734375,1275100,0.0,0.0
2023-12-28 00:00:00+07:00,20350.0,20500.0,20150.0,20300.0,19830.119140625,1830100,0.0,0.0
2023-12-29 00:00:00+07:00,20450.0,21300.0,20450.0,21200.0,20709.2890625,7483700,0.0,0.0
2024-01-01 00:00:00+07:00,21200.0,21200.0,21200.0,21200.0,20709.2890625,0,0.0,0.0
2024-01-02 00:00:00+07:00,21450.0,21450.0,20900.0,20950.0,20465.07421875,2681000,0.0,0.0
2024-01-03 00:00:00+07:00,20900.0,21900.0,20800.0,21600.0,21100.029296875,4320100,0.0,0.0
2024-01-04 00:00:00+07:00,21500.0,21750.0,21400.0,21400.0,20904.658203125,2912300,0.0,0.0
2024-01-05 00:00:00+07:00,21500.0,21950.0,21450.0,21800.0,21295.3984375,2868500,0.0,0.0
2024-01-08 00:00:00+07:00,22000.0,22000.0,21500.0,21500.0,21002.34375,1878400,0.0,0.0
2024-01-09 00:00:00+07:00,21650.0,21650.0,21000.0,21400.0,20904.658203125,3126900,0.0,0.0
2024-01-10 00:00:00+07:00,21350.0,21600.0,21100.0,21600.0,21100.029296875,1652900,0.0,0.0
2024-01-11 00:00:00+07:00,21600.0,21650.0,21150.0,21200.0,20709.2890625,1699700,0.0,0.0
2024-01-12 00:00:00+07:00,21000.0,21200.0,20300.0,20400.0,19927.8046875,3546100,0.0,0.0
2024-01-15 00:00:00+07:00,20550.0,20900.0,20400.0,20550.0,20074.333984375,2017500,0.0,0.0
2024-01-16 00:00:00+07:00,20500.0,20950.0,20500.0,20950.0,20465.07421875,1319800,0.0,0.0
2024-01-17 00:00:00+07:00,20950.0,21450.0,20900.0,21200.0,20709.2890625,2063200,0.0,0.0
2024-01-18 00:00:00+07:00,21200.0,21400.0,20950.0,21100.0,20611.6015625,1784700,0.0,0.0
2024-01-19 00:00:00+07:00,21100.0,21650.0,21100.0,21300.0,20806.974609375,2034500,0.0,0.0
2024-01-22 00:00:00+07:00,21450.0,21450.0,20850.0,21050.0,20562.759765625,2143000,0.0,0.0
2024-01-23 00:00:00+07:00,20950.0,21050.0,20800.0,20900.0,20416.232421875,1485300,0.0,0.0
2024-01-24 00:00:00+07:00,20850.0,21300.0,20850.0,20900.0,20416.232421875,1074100,0.0,0.0
2024-01-25 00:00:00+07:00,20900.0,20900.0,20900.0,20900.0,20416.232421875,0,0.0,0.0
2024-01-26 00:00:00+07:00,21000.0,21450.0,20950.0,21450.0,20953.501953125,2436000,0.0,0.0
2024-01-29 00:00:00+07:00,21600.0,22700.0,21600.0,22500.0,21979.1953125,6728900,0.0,0.0
2024-01-30 00:00:00+07:00,22500.0,23300.0,22250.0,22950.0,22418.78125,3698000,0.0,0.0
2024-01-31 00:00:00+07:00,23100.0,23100.0,22000.0,22400.0,21881.51171875,4073900,0.0,0.0
2024-02-01 00:00:00+07:00,22450.0,23950.0,22450.0,23950.0,23395.6328125,5949400,0.0,0.0
2024-02-02 00:00:00+07:00,23950.0,23950.0,23950.0,23950.0,23395.6328125,0,0.0,0.0
2024-02-05 00:00:00+07:00,24800.0,25350.0,24300.0,25050.0,24470.171875,5140900,0.0,0.0
2024-02-06 00:00:00+07:00,25050.0,25550.0,24800.0,25200.0,24616.701171875,2648100,0.0,0.0
2024-02-07 00:00:00+07:00,25200.0,25400.0,24950.0,25350.0,24763.228515625,2757100,0.0,0.0
2024-02-08 00:00:00+07:00,25350.0,25350.0,25350.0,25350.0,24763.228515625,0,0.0,0.0
2024-02-09 00:00:00+07:00,25350.0,25350.0,25350.0,25350.0,24763.228515625,0,0.0,0.0
2024-02-15 00:00:00+07:00,25400.0,25550.0,24750.0,24950.0,24372.48828125,4639300,0.0,0.0
2024-02-16 00:00:00+07:00,24900.0,26650.0,24850.0,26650.0,26033.13671875,7573400,0.0,0.0
2024-02-19 00:00:00+07:00,26950.0,28200.0,26800.0,26800.0,26179.666015625,5352800,0.0,0.0
2024-02-20 00:00:00+07:00,26900.0,28200.0,26350.0,28200.0,27547.259765625,5439800,0.0,0.0
2024-02-21 00:00:00+07:00,28250.0,28500.0,27700.0,28150.0,27498.41796875,3976300,0.0,0.0
2024-02-22 00:00:00+07:00,28100.0,28300.0,27750.0,27950.0,27303.046875,2740800,0.0,0.0
2024-02-23 00:00:00+07:00,28100.0,28300.0,26800.0,27550.0,26912.3046875,5825900,0.0,0.0
2024-02-26 00:00:00+07:00,27500.0,29100.0,27300.0,28800.0,28133.37109375,7028600,0.0,0.0
2024-02-27 00:00:00+07:00,28900.0,29400.0,28650.0,28900.0,28231.056640625,3318500,0.0,0.0
2024-02-28 00:00:00+07:00,28900.0,29900.0,28450.0,28900.0,28231.056640625,5552600,0.0,0.0
2024-02-29 00:00:00+07:00,28900.0,28900.0,28150.0,28600.0,27938.001953125,4998300,0.0,0.0
2024-03-01 00:00:00+07:00,28600.0,29250.0,28000.0,29150.0,28475.271484375,4188200,0.0,0.0
2024-03-04 00:00:00+07:00,29650.0,30750.0,29450.0,29800.0,29110.224609375,6026300,0.0,0.0
2024-03-05 00:00:00+07:00,29500.0,29950.0,29350.0,29700.0,29012.5390625,2287200,0.0,0.0
2024-03-06 00:00:00+07:00,29550.0,29650.0,28800.0,28900.0,28231.056640625,3513200,0.0,0.0
2024-03-07 00:00:00+07:00,28850.0,29200.0,28650.0,29100.0,28426.427734375,3414800,0.0,0.0
2024-03-08 00:00:00+07:00,29600.0,29800.0,28500.0,29000.0,28328.7421875,5529700,0.0,0.0
2024-03-11 00:00:00+07:00,29000.0,30350.0,29000.0,29550.0,28866.01171875,5766000,0.0,0.0
2024-03-12 00:00:00+07:00,29550.0,31600.0,29500.0,31600.0,30868.560546875,9490400,0.0,0.0
2024-03-13 00:00:00+07:00,32200.0,33000.0,31800.0,32300.0,31552.357421875,3675000,0.0,0.0
2024-03-14 00:00:00+07:00,32300.0,33150.0,31800.0,32800.0,32040.78515625,4827500,0.0,0.0
2024-03-15 00:00:00+07:00,32800.0,34600.0,32400.0,34600.0,33799.12109375,5677900,0.0,0.0
2024-03-18 00:00:00+07:00,34600.0,35800.0,32200.0,32550.0,31796.5703125,13916500,0.0,0.0
2024-03-19 00:00:00+07:00,32750.0,33900.0,31900.0,32550.0,31796.5703125,5437600,0.0,0.0
2024-03-20 00:00:00+07:00,32650.0,33000.0,32200.0,32800.0,32040.78515625,4024600,0.0,0.0
2024-03-21 00:00:00+07:00,33300.0,33400.0,32600.0,33250.0,32480.369140625,4064500,0.0,0.0
2024-03-22 00:00:00+07:00,33400.0,33700.0,32750.0,33250.0,32480.369140625,5647400,0.0,0.0
2024-03-25 00:00:00+07:00,32800.0,33200.0,31600.0,31900.0,31161.615234375,6119700,0.0,0.0
2024-03-26 00:00:00+07:00,31900.0,34050.0,31850.0,33900.0,33115.32421875,5040000,0.0,0.0
2024-03-27 00:00:00+07:00,33900.0,33900.0,33000.0,33400.0,32626.896484375,2580500,0.0,0.0
2024-03-28 00:00:00+07:00,33550.0,33600.0,33000.0,33050.0,32284.998046875,3194600,0.0,0.0
2024-03-29 00:00:00+07:00,33000.0,33700.0,32900.0,33150.0,32382.68359375,3228200,0.0,0.0
2024-04-01 00:00:00+07:00,33150.0,33350.0,32650.0,32950.0,32187.3125,3763000,0.0,0.0
2024-04-02 00:00:00+07:00,32800.0,35250.0,32750.0,35250.0,34434.078125,10181700,0.0,0.0
2024-04-03 00:00:00+07:00,35050.0,35200.0,34250.0,34250.0,33457.22265625,3897300,0.0,0.0
2024-04-04 00:00:00+07:00,34150.0,34400.0,33100.0,33100.0,32333.83984375,5221500,0.0,0.0
2024-04-05 00:00:00+07:00,32800.0,33000.0,31500.0,31500.0,30770.875,7351500,0.0,0.0
2024-04-08 00:00:00+07:00,31600.0,32400.0,31300.0,31700.0,30966.24609375,3618000,0.0,0.0
2024-04-09 00:00:00+07:00,32000.0,32350.0,31600.0,32300.0,31552.357421875,2029700,0.0,0.0
2024-04-10 00:00:00+07:00,32450.0,32500.0,31600.0,31650.0,30917.404296875,2554900,0.0,0.0
2024-04-11 00:00:00+07:00,31200.0,32300.0,31150.0,31900.0,31161.615234375,2722100,0.0,0.0
2024-04-12 00:00:00+07:00,31950.0,32250.0,31650.0,32000.0,31259.302734375,2989100,0.0,0.0
2024-04-15 00:00:00+07:00,32000.0,33250.0,29800.0,29800.0,29110.224609375,7398600,0.0,0.0
2024-04-16 00:00:00+07:00,30000.0,30350.0,29300.0,30350.0,29647.494140625,5269100,0.0,0.0
2024-04-17 00:00:00+07:00,30700.0,30700.0,28650.0,28650.0,27986.84375,4711100,0.0,0.0
2024-04-19 00:00:00+07:00,27500.0,29400.0,27500.0,28100.0,27449.57421875,5880600,0.0,0.0
2024-04-22 00:00:00+07:00,28900.0,29050.0,28200.0,28700.0,28035.6875,2522300,0.0,0.0
2024-04-23 00:00:00+07:00,28650.0,28900.0,27050.0,27600.0,26961.146484375,4113200,0.0,0.0
2024-04-24 00:00:00+07:00,28100.0,29500.0,27850.0,29500.0,28817.169921875,6235900,0.0,0.0
2024-04-25 00:00:00+07:00,29700.0,30000.0,29150.0,29400.0,28719.484375,3440300,0.0,0.0
2024-04-26 00:00:00+07:00,29050.0,30450.0,29050.0,30000.0,29305.595703125,3970200,0.0,0.0
2024-04-29 00:00:00+07:00,30000.0,30000.0,30000.0,30000.0,29305.595703125,0,0.0,0.0
2024-04-30 00:00:00+07:00,30000.0,30000.0,30000.0,30000.0,29305.595703125,0,0.0,0.0
2024-05-02 00:00:00+07:00,30000.0,30350.0,29250.0,30000.0,29305.595703125,3824600,0.0,0.0
2024-05-03 00:00:00+07:00,30300.0,30300.0,29350.0,29400.0,28719.484375,3957900,0.0,0.0
2024-05-06 00:00:00+07:00,29850.0,31250.0,29500.0,31200.0,30477.818359375,6482900,0.0,0.0
2024-05-07 00:00:00+07:00,31300.0,31750.0,30800.0,31450.0,30722.033203125,3851600,0.0,0.0
2024-05-08 00:00:00+07:00,31000.0,32150.0,30500.0,31700.0,30966.24609375,5303200,0.0,0.0
2024-05-09 00:00:00+07:00,31800.0,32700.0,31600.0,31750.0,31015.087890625,5780200,0.0,0.0
2024-05-10 00:00:00+07:00,31800.0,31900.0,31200.0,31650.0,30917.404296875,3561300,0.0,0.0
2024-05-13 00:00:00+07:00,31800.0,32250.0,31300.0,32000.0,31259.302734375,3373900,0.0,0.0
2024-05-14 00:00:00+07:00,32200.0,32850.0,32100.0,32500.0,31747.728515625,4214600,0.0,0.0
2024-05-15 00:00:00+07:00,32850.0,32850.0,32300.0,32750.0,31991.943359375,3872800,0.0,0.0
2024-05-16 00:00:00+07:00,33000.0,33400.0,32500.0,32550.0,31796.5703125,4267900,0.0,0.0
2024-05-17 00:00:00+07:00,32400.0,34150.0,32300.0,33350.0,32578.052734375,6321300,0.0,0.0
2024-05-20 00:00:00+07:00,33650.0,34500.0,33500.0,33600.0,32822.265625,5485900,0.0,0.0
2024-05-21 00:00:00+07:00,33600.0,33750.0,32900.0,33350.0,32578.052734375,4039900,0.0,0.0
2024-05-22 00:00:00+07:00,33800.0,33950.0,32600.0,32800.0,32040.78515625,5201400,0.0,0.0
2024-05-23 00:00:00+07:00,32600.0,33450.0,32400.0,33400.0,32626.896484375,4457900,0.0,0.0
2024-05-24 00:00:00+07:00,33000.0,35000.0,32800.0,34250.0,33457.22265625,12307800,0.0,0.0
2024-05-27 00:00:00+07:00,34200.0,35950.0,33550.0,35250.0,34434.078125,7430800,0.0,0.0
2024-05-28 00:00:00+07:00,35500.0,35600.0,34950.0,35600.0,34775.9765625,4463400,0.0,0.0
2024-05-29 00:00:00+07:00,35550.0,36900.0,34800.0,34900.0,34092.17578125,6868300,0.0,0.0
2024-05-30 00:00:00+07:00,34300.0,36250.0,34050.0,36000.0,35166.71484375,8152400,0.0,0.0
2024-05-31 00:00:00+07:00,36100.0,36200.0,35150.0,35150.0,34336.38671875,2634500,0.0,0.0
2024-06-03 00:00:00+07:00,35150.0,35150.0,35150.0,35150.0,34336.38671875,0,0.0,0.0
2024-06-04 00:00:00+07:00,35000.0,35750.0,34950.0,35100.0,34287.546875,3282900,0.0,0.0
2024-06-05 00:00:00+07:00,35500.0,36300.0,35100.0,35150.0,34336.38671875,4617800,0.0,0.0
2024-06-06 00:00:00+07:00,35200.0,35450.0,34600.0,34800.0,33994.4921875,3062400,0.0,0.0
2024-06-07 00:00:00+07:00,34900.0,35200.0,34800.0,35000.0,34189.859375,2124000,0.0,0.0
2024-06-10 00:00:00+07:00,35250.0,36750.0,35250.0,36200.0,35362.0859375,6186600,0.0,0.0
2024-06-11 00:00:00+07:00,36300.0,36450.0,35250.0,35600.0,34775.9765625,4490900,0.0,0.0
2024-06-12 00:00:00+07:00,35400.0,35800.0,35050.0,35750.0,34922.50390625,3275500,0.0,0.0
2024-06-13 00:00:00+07:00,35950.0,35950.0,35300.0,35350.0,34531.76171875,3580700,0.0,0.0
2024-06-14 00:00:00+07:00,35400.0,35700.0,33000.0,33000.0,32236.15625,5510300,0.0,0.0
2024-06-17 00:00:00+07:00,33400.0,33900.0,33000.0,33350.0,32578.052734375,5119400,0.0,0.0
2024-06-18 00:00:00+07:00,33800.0,34300.0,33500.0,33950.0,33164.16796875,2555200,0.0,0.0
2024-06-19 00:00:00+07:00,33950.0,34000.0,33400.0,33600.0,32822.265625,3074300,0.0,0.0
2024-06-20 00:00:00+07:00,33500.0,34000.0,33400.0,34000.0,33213.01171875,2558700,0.0,0.0
2024-06-21 00:00:00+07:00,34000.0,34850.0,34000.0,34550.0,33750.27734375,3665100,0.0,0.0
2024-06-24 00:00:00+07:00,34050.0,34400.0,33000.0,33000.0,32236.15625,4719500,0.0,0.0
2024-06-25 00:00:00+07:00,33250.0,33700.0,33000.0,33600.0,32822.265625,2336500,0.0,0.0
2024-06-26 00:00:00+07:00,33950.0,35950.0,33600.0,35950.0,35117.87109375,10259700,0.0,0.0
2024-06-27 00:00:00+07:00,35950.0,36800.0,35300.0,36000.0,35166.71484375,6491300,0.0,0.0
2024-06-28 00:00:00+07:00,36000.0,36050.0,33500.0,34200.0,33408.37890625,7376400,0.0,0.0
2024-07-01 00:00:00+07:00,34200.0,34450.0,33600.0,34300.0,33506.06640625,3247900,0.0,0.0
2024-07-02 00:00:00+07:00,34450.0,34800.0,34150.0,34600.0,33799.12109375,2052100,0.0,0.0
2024-07-03 00:00:00+07:00,34600.0,35100.0,34400.0,34600.0,33799.12109375,3127200,0.0,0.0
2024-07-04 00:00:00+07:00,34500.0,35550.0,34150.0,35000.0,34189.859375,5654700,0.0,0.0
2024-07-05 00:00:00+07:00,35000.0,35450.0,34600.0,35100.0,34287.546875,3118000,0.0,0.0
2024-07-08 00:00:00+07:00,35350.0,36500.0,35100.0,36500.0,35655.140625,6637100,0.0,0.0
2024-07-09 00:00:00+07:00,37400.0,38500.0,37150.0,38000.0,37120.41796875,8135400,0.0,0.0
2024-07-10 00:00:00+07:00,38150.0,38300.0,37000.0,37000.0,36143.5703125,5595000,0.0,0.0
2024-07-11 00:00:00+07:00,37500.0,37800.0,36650.0,36950.0,36094.7265625,3800800,0.0,0.0
2024-07-12 00:00:00+07:00,36950.0,38200.0,36700.0,37900.0,37022.734375,5392500,0.0,0.0
2024-07-15 00:00:00+07:00,37900.0,39000.0,37600.0,38500.0,37608.84765625,4631600,0.0,0.0
2024-07-16 00:00:00+07:00,38500.0,38750.0,37800.0,38200.0,37315.79296875,3256100,0.0,0.0
2024-07-17 00:00:00+07:00,38200.0,38200.0,35550.0,35550.0,34727.1328125,10716900,0.0,0.0
2024-07-18 00:00:00+07:00,35550.0,36450.0,34800.0,36050.0,35215.55859375,3847700,0.0,0.0
2024-07-19 00:00:00+07:00,36050.0,36050.0,34450.0,34500.0,33701.43359375,5131800,0.0,0.0
2024-07-22 00:00:00+07:00,34000.0,34100.0,32600.0,32750.0,31991.943359375,6232700,0.0,0.0
2024-07-23 00:00:00+07:00,33000.0,33450.0,30600.0,30600.0,29891.708984375,3977100,0.0,0.0
2024-07-24 00:00:00+07:00,30600.0,32700.0,30100.0,32700.0,31943.099609375,5005100,0.0,0.0
2024-07-25 00:00:00+07:00,32700.0,33050.0,32050.0,33000.0,32236.15625,1939700,0.0,0.0
2024-07-26 00:00:00+07:00,33050.0,33850.0,32900.0,33100.0,32333.83984375,2930200,0.0,0.0
2024-07-29 00:00:00+07:00,33500.0,33500.0,33100.0,33500.0,32724.580078125,2070300,0.0,0.0
2024-07-30 00:00:00+07:00,33600.0,33800.0,32500.0,33250.0,32480.369140625,2018800,0.0,0.0
2024-07-31 00:00:00+07:00,33250.0,33750.0,32850.0,33000.0,32236.15625,2859400,0.0,0.0
2024-08-01 00:00:00+07:00,33200.0,33250.0,30950.0,31400.0,30673.19140625,3734300,0.0,0.0
2024-08-02 00:00:00+07:00,30700.0,32400.0,30700.0,32350.0,31601.201171875,2308900,0.0,0.0
2024-08-05 00:00:00+07:00,31700.0,32300.0,30100.0,30100.0,29403.28125,4195100,0.0,0.0
2024-08-06 00:00:00+07:00,31300.0,31750.0,30400.0,31350.0,30624.34765625,3084900,0.0,0.0
2024-08-07 00:00:00+07:00,31500.0,32650.0,31300.0,32550.0,31796.5703125,4143000,0.0,0.0
2024-08-08 00:00:00+07:00,32100.0,32800.0,31650.0,31900.0,31161.615234375,3006900,0.0,0.0
2024-08-09 00:00:00+07:00,32600.0,32800.0,32250.0,32500.0,31747.728515625,2928100,0.0,0.0
2024-08-12 00:00:00+07:00,32550.0,33450.0,32400.0,33200.0,32431.525390625,2727400,0.0,0.0
2024-08-13 00:00:00+07:00,33200.0,33250.0,32750.0,33100.0,32333.83984375,1986100,0.0,0.0
2024-08-14 00:00:00+07:00,33200.0,33800.0,32900.0,33400.0,32626.896484375,2924300,0.0,0.0
2024-08-15 00:00:00+07:00,33300.0,33300.0,32600.0,32650.0,31894.255859375,1954700,0.0,0.0
2024-08-16 00:00:00+07:00,33000.0,34850.0,32950.0,34550.0,33750.27734375,4684900,0.0,0.0
2024-08-19 00:00:00+07:00,34600.0,34950.0,34500.0,34750.0,33945.6484375,2026300,0.0,0.0
2024-08-20 00:00:00+07:00,34650.0,35600.0,34450.0,35100.0,34287.546875,3129900,0.0,0.0
2024-08-21 00:00:00+07:00,35100.0,35300.0,34600.0,35250.0,34434.078125,2076700,0.0,0.0
2024-08-22 00:00:00+07:00,35600.0,35600.0,34700.0,34800.0,33994.4921875,2104500,0.0,0.0
2024-08-23 00:00:00+07:00,34800.0,35450.0,34600.0,35450.0,34629.4453125,2069000,0.0,0.0
2024-08-26 00:00:00+07:00,36100.0,36200.0,35050.0,35050.0,34238.703125,1970400,0.0,0.0
2024-08-27 00:00:00+07:00,35000.0,35100.0,34700.0,34950.0,34141.01953125,1419700,0.0,0.0
2024-08-28 00:00:00+07:00,35200.0,36100.0,35050.0,35650.0,34824.81640625,4322400,0.0,0.0
2024-08-29 00:00:00+07:00,35750.0,35900.0,35300.0,35300.0,34482.91796875,874100,0.0,0.0
2024-08-30 00:00:00+07:00,35350.0,35800.0,35250.0,35350.0,34531.76171875,1249100,0.0,0.0
2024-09-04 00:00:00+07:00,34800.0,34950.0,33400.0,34700.0,33896.8046875,3842300,0.0,0.0
2024-09-05 00:00:00+07:00,34850.0,34900.0,33850.0,33900.0,33115.32421875,2268600,0.0,0.0
2024-09-06 00:00:00+07:00,33700.0,34600.0,33650.0,34500.0,33701.43359375,1687800,0.0,0.0
2024-09-09 00:00:00+07:00,34450.0,34700.0,34000.0,34500.0,33701.43359375,1066300,0.0,0.0
2024-09-10 00:00:00+07:00,34600.0,34850.0,33900.0,34100.0,33310.6953125,1778700,0.0,0.0
2024-09-11 00:00:00+07:00,34100.0,34550.0,33600.0,34100.0,33310.6953125,1827400,0.0,0.0
2024-09-12 00:00:00+07:00,34400.0,35150.0,34300.0,34550.0,33750.27734375,2146700,0.0,0.0
2024-09-13 00:00:00+07:00,34800.0,34800.0,34400.0,34600.0,33799.12109375,844400,0.0,0.0
2024-09-16 00:00:00+07:00,34700.0,35200.0,34600.0,34900.0,34092.17578125,3306400,0.0,0.0
2024-09-17 00:00:00+07:00,34900.0,35600.0,34750.0,35600.0,34775.9765625,2885400,0.0,0.0
2024-09-18 00:00:00+07:00,35850.0,36350.0,35550.0,35550.0,34727.1328125,3875900,0.0,0.0
2024-09-19 00:00:00+07:00,35700.0,35800.0,35200.0,35700.0,34873.66015625,2640000,0.0,0.0
2024-09-20 00:00:00+07:00,36300.0,36300.0,35500.0,35600.0,34775.9765625,2374700,0.0,0.0
2024-09-23 00:00:00+07:00,35600.0,35700.0,35300.0,35550.0,34727.1328125,1808400,0.0,0.0
2024-09-24 00:00:00+07:00,35400.0,36300.0,35400.0,36150.0,35313.2421875,3633500,0.0,0.0
2024-09-25 00:00:00+07:00,36350.0,36450.0,35950.0,36000.0,35166.71484375,3793400,0.0,0.0
2024-09-26 00:00:00+07:00,36500.0,36900.0,36100.0,36400.0,35557.453125,3546000,0.0,0.0
2024-09-27 00:00:00+07:00,36650.0,36650.0,35900.0,36000.0,35166.71484375,2615100,0.0,0.0
2024-09-30 00:00:00+07:00,36100.0,36100.0,35600.0,35750.0,34922.50390625,1844800,0.0,0.0
2024-10-01 00:00:00+07:00,36100.0,36650.0,35900.0,36000.0,35166.71484375,4110800,0.0,0.0
2024-10-02 00:00:00+07:00,35900.0,36600.0,35900.0,36150.0,35313.2421875,2572200,0.0,0.0
2024-10-03 00:00:00+07:00,36200.0,36450.0,35150.0,35550.0,34727.1328125,3456300,0.0,0.0
2024-10-04 00:00:00+07:00,35750.0,35750.0,34900.0,34900.0,34092.17578125,2301700,0.0,0.0
2024-10-07 00:00:00+07:00,35000.0,35200.0,34550.0,34800.0,33994.4921875,1552900,0.0,0.0
2024-10-08 00:00:00+07:00,34800.0,35350.0,34800.0,35050.0,34238.703125,1379100,0.0,0.0
2024-10-09 00:00:00+07:00,35250.0,35650.0,35250.0,35650.0,34824.81640625,1840800,0.0,0.0
2024-10-10 00:00:00+07:00,35800.0,36150.0,35650.0,35650.0,34824.81640625,2462700,0.0,0.0
2024-10-11 00:00:00+07:00,35700.0,35900.0,35250.0,35500.0,34678.2890625,2128300,0.0,0.0
2024-10-14 00:00:00+07:00,35900.0,36450.0,35600.0,36300.0,35459.76953125,4002000,0.0,0.0
2024-10-15 00:00:00+07:00,36300.0,36450.0,35600.0,35750.0,34922.50390625,2210200,0.0,0.0
2024-10-16 00:00:00+07:00,35700.0,36100.0,35600.0,36100.0,35264.3984375,2253700,0.0,0.0
2024-10-17 00:00:00+07:00,36100.0,36100.0,35350.0,36000.0,35166.71484375,2683300,0.0,0.0
2024-10-18 00:00:00+07:00,36000.0,36750.0,35800.0,35850.0,35020.1875,4558800,0.0,0.0
2024-10-21 00:00:00+07:00,35850.0,36000.0,35200.0,35200.0,34385.23046875,1962200,0.0,0.0
2024-10-22 00:00:00+07:00,35300.0,35350.0,32750.0,33750.0,32968.79296875,8186400,0.0,0.0
2024-10-23 00:00:00+07:00,33850.0,33850.0,33050.0,33500.0,32724.580078125,2834600,0.0,0.0
2024-10-24 00:00:00+07:00,33600.0,33800.0,32700.0,32900.0,32138.470703125,3868400,0.0,0.0
2024-10-25 00:00:00+07:00,33100.0,33100.0,32200.0,32250.0,31503.515625,2905000,0.0,0.0
2024-10-28 00:00:00+07:00,32300.0,32700.0,32100.0,32500.0,31747.728515625,2184400,0.0,0.0
2024-10-29 00:00:00+07:00,32800.0,33050.0,32650.0,32950.0,32187.3125,1808800,0.0,0.0
2024-10-30 00:00:00+07:00,32950.0,33200.0,32600.0,32700.0,31943.099609375,1420900,0.0,0.0
2024-10-31 00:00:00+07:00,32800.0,33000.0,32650.0,32900.0,32138.470703125,1348200,0.0,0.0
2024-11-01 00:00:00+07:00,32700.0,32700.0,32050.0,32300.0,31552.357421875,2875500,0.0,0.0
2024-11-04 00:00:00+07:00,32500.0,32500.0,31450.0,31550.0,30819.71875,2648300,0.0,0.0
2024-11-05 00:00:00+07:00,31800.0,32350.0,31650.0,32100.0,31356.98828125,2156300,0.0,0.0
2024-11-06 00:00:00+07:00,32500.0,33850.0,32400.0,33750.0,32968.79296875,4992000,0.0,0.0
2024-11-07 00:00:00+07:00,34000.0,34000.0,33100.0,33350.0,32578.052734375,3116400,0.0,0.0
2024-11-08 00:00:00+07:00,33400.0,33600.0,32850.0,32900.0,32138.470703125,3288000,0.0,0.0
2024-11-11 00:00:00+07:00,32900.0,33400.0,32700.0,33400.0,32626.896484375,2587400,0.0,0.0
2024-11-12 00:00:00+07:00,33450.0,33700.0,32900.0,32900.0,32138.470703125,2059300,0.0,0.0
2024-11-13 00:00:00+07:00,32700.0,32950.0,32350.0,32550.0,31796.5703125,2498000,0.0,0.0
2024-11-14 00:00:00+07:00,32500.0,32500.0,31350.0,31500.0,31057.1171875,2776900,300.0,0.0
2024-11-15 00:00:00+07:00,31200.0,31800.0,30800.0,31000.0,30564.146484375,3097000,0.0,0.0
2024-11-18 00:00:00+07:00,31000.0,31550.0,30300.0,31150.0,30712.037109375,2509300,0.0,0.0
2024-11-19 00:00:00+07:00,31200.0,31400.0,30350.0,30400.0,29972.58203125,2306700,0.0,0.0
2024-11-20 00:00:00+07:00,30400.0,31300.0,30000.0,30800.0,30366.958984375,2657000,0.0,0.0
2024-11-21 00:00:00+07:00,30800.0,31300.0,30600.0,31200.0,30761.333984375,1808500,0.0,0.0
2024-11-22 00:00:00+07:00,31100.0,31300.0,30850.0,30900.0,30465.552734375,1785700,0.0,0.0
2024-11-25 00:00:00+07:00,30900.0,31200.0,30800.0,30900.0,30465.552734375,2182500,0.0,0.0
2024-11-26 00:00:00+07:00,31000.0,31600.0,31000.0,31300.0,30859.9296875,2765200,0.0,0.0
2024-11-27 00:00:00+07:00,31500.0,31500.0,31150.0,31250.0,30810.630859375,1369700,0.0,0.0
2024-11-28 00:00:00+07:00,31300.0,31800.0,31300.0,31350.0,30909.2265625,2401700,0.0,0.0
2024-11-29 00:00:00+07:00,31350.0,31500.0,31200.0,31300.0,30859.9296875,1809200,0.0,0.0
2024-12-02 00:00:00+07:00,31500.0,31700.0,31350.0,31450.0,31007.8203125,1918400,0.0,0.0
2024-12-03 00:00:00+07:00,31600.0,31600.0,30900.0,30900.0,30465.552734375,2569400,0.0,0.0
2024-12-04 00:00:00+07:00,30900.0,31000.0,30350.0,30350.0,29923.28515625,2916000,0.0,0.0
2024-12-05 00:00:00+07:00,30400.0,31500.0,30100.0,31350.0,30909.2265625,2958200,0.0,0.0
2024-12-06 00:00:00+07:00,31500.0,32800.0,31350.0,32050.0,31599.384765625,5687900,0.0,0.0
2024-12-09 00:00:00+07:00,32100.0,32300.0,32000.0,32100.0,31648.681640625,2153900,0.0,0.0
2024-12-10 00:00:00+07:00,32250.0,32300.0,31700.0,31750.0,31303.6015625,1802500,0.0,0.0
2024-12-11 00:00:00+07:00,31750.0,31950.0,31250.0,31450.0,31007.8203125,2909400,0.0,0.0
2024-12-12 00:00:00+07:00,31600.0,32200.0,31600.0,31650.0,31205.0078125,2559700,0.0,0.0
2024-12-13 00:00:00+07:00,31600.0,31650.0,31350.0,31400.0,30958.5234375,1142900,0.0,0.0
2024-12-16 00:00:00+07:00,31400.0,31600.0,31050.0,31200.0,30761.333984375,1315600,0.0,0.0
2024-12-17 00:00:00+07:00,31450.0,31450.0,31100.0,31100.0,30662.740234375,948600,0.0,0.0
2024-12-18 00:00:00+07:00,31100.0,31350.0,31050.0,31350.0,30909.2265625,762900,0.0,0.0
2024-12-19 00:00:00+07:00,30900.0,31150.0,30750.0,30900.0,30465.552734375,2228300,0.0,0.0
2024-12-20 00:00:00+07:00,31000.0,31200.0,30850.0,30900.0,30465.552734375,956600,0.0,0.0
2024-12-23 00:00:00+07:00,31300.0,31450.0,30700.0,30850.0,30416.255859375,1803400,0.0,0.0
2024-12-24 00:00:00+07:00,30850.0,31150.0,30650.0,30700.0,30268.365234375,1861800,0.0,0.0
2024-12-25 00:00:00+07:00,30850.0,31500.0,30850.0,31100.0,30662.740234375,2092700,0.0,0.0
2024-12-26 00:00:00+07:00,31300.0,31300.0,30850.0,30900.0,30465.552734375,1144000,0.0,0.0
2024-12-27 00:00:00+07:00,30900.0,31200.0,30700.0,30700.0,30268.365234375,1609600,0.0,0.0
2024-12-30 00:00:00+07:00,30700.0,30700.0,30550.0,30550.0,30120.474609375,1070600,0.0,0.0
2024-12-31 00:00:00+07:00,30650.0,30650.0,30350.0,30350.0,29923.28515625,1178200,0.0,0.0
2025-01-02 00:00:00+07:00,30500.0,30800.0,30450.0,30500.0,30071.17578125,946400,0.0,0.0
2025-01-03 00:00:00+07:00,30600.0,30750.0,30300.0,30300.0,29873.98828125,1619700,0.0,0.0
2025-01-06 00:00:00+07:00,30300.0,30600.0,29400.0,29400.0,28986.642578125,2127100,0.0,0.0
2025-01-07 00:00:00+07:00,29450.0,29700.0,28000.0,28300.0,27902.107421875,3865500,0.0,0.0
2025-01-08 00:00:00+07:00,28300.0,29200.0,27550.0,28650.0,28247.1875,2445900,0.0,0.0
2025-01-09 00:00:00+07:00,28800.0,29100.0,28600.0,28600.0,28197.890625,1108600,0.0,0.0
2025-01-10 00:00:00+07:00,28600.0,28850.0,28000.0,28000.0,27606.326171875,1211900,0.0,0.0
2025-01-13 00:00:00+07:00,28150.0,28250.0,27600.0,28100.0,27704.919921875,947000,0.0,0.0
2025-01-14 00:00:00+07:00,28100.0,28350.0,27750.0,27750.0,27359.841796875,901200,0.0,0.0
2025-01-15 00:00:00+07:00,28150.0,28250.0,27850.0,28200.0,27803.513671875,680400,0.0,0.0
2025-01-16 00:00:00+07:00,28150.0,28250.0,27850.0,28200.0,27803.513671875,680400,0.0,0.0
2025-01-17 00:00:00+07:00,28400.0,29200.0,28400.0,28750.0,28345.78125,1314400,0.0,0.0
2025-01-20 00:00:00+07:00,29150.0,29150.0,28650.0,28700.0,28296.484375,1012900,0.0,0.0
2025-01-21 00:00:00+07:00,28850.0,29000.0,28400.0,28400.0,28000.703125,1030100,0.0,0.0
2025-01-22 00:00:00+07:00,28450.0,28600.0,28000.0,28000.0,27606.326171875,1362800,0.0,0.0
2025-01-23 00:00:00+07:00,28000.0,28700.0,28000.0,28450.0,28050.0,1461800,0.0,0.0
2025-01-24 00:00:00+07:00,28600.0,28950.0,28600.0,28800.0,28395.078125,1613200,0.0,0.0
2025-01-27 00:00:00+07:00,28800.0,28800.0,28800.0,28800.0,28395.078125,0,0.0,0.0
2025-01-28 00:00:00+07:00,28800.0,28800.0,28800.0,28800.0,28395.078125,0,0.0,0.0
2025-01-29 00:00:00+07:00,28800.0,28800.0,28800.0,28800.0,28395.078125,0,0.0,0.0
2025-01-30 00:00:00+07:00,28800.0,28800.0,28800.0,28800.0,28395.078125,0,0.0,0.0
2025-01-31 00:00:00+07:00,28800.0,28800.0,28800.0,28800.0,28395.078125,0,0.0,0.0
2025-02-03 00:00:00+07:00,28950.0,29900.0,28800.0,29250.0,28838.751953125,2989200,0.0,0.0
2025-02-04 00:00:00+07:00,29550.0,29650.0,29300.0,29500.0,29085.236328125,1364800,0.0,0.0
2025-02-05 00:00:00+07:00,29550.0,29750.0,29300.0,29450.0,29035.939453125,1266300,0.0,0.0
2025-02-06 00:00:00+07:00,29700.0,29700.0,29150.0,29200.0,28789.455078125,1349500,0.0,0.0
2025-02-07 00:00:00+07:00,29200.0,29950.0,29100.0,29400.0,28986.642578125,2297000,0.0,0.0
2025-02-10 00:00:00+07:00,29400.0,29400.0,28800.0,28800.0,28395.078125,1699500,0.0,0.0
2025-02-11 00:00:00+07:00,28950.0,28950.0,28650.0,28900.0,28493.671875,1079300,0.0,0.0
2025-02-12 00:00:00+07:00,29150.0,29300.0,28750.0,28750.0,28345.78125,958300,0.0,0.0
2025-02-13 00:00:00+07:00,28800.0,29600.0,28750.0,29450.0,29035.939453125,2968500,0.0,0.0
2025-02-14 00:00:00+07:00,29800.0,31000.0,29750.0,30350.0,29923.28515625,5564300,0.0,0.0
2025-02-17 00:00:00+07:00,30450.0,31250.0,30450.0,30550.0,30120.474609375,4781800,0.0,0.0
2025-02-18 00:00:00+07:00,30750.0,30850.0,30350.0,30850.0,30416.255859375,2969100,0.0,0.0
2025-02-19 00:00:00+07:00,31200.0,31750.0,30850.0,31650.0,31205.0078125,6110400,0.0,0.0
2025-02-20 00:00:00+07:00,31700.0,32500.0,31400.0,32350.0,31895.166015625,6240800,0.0,0.0
2025-02-21 00:00:00+07:00,32350.0,32500.0,31750.0,32400.0,31944.462890625,3890300,0.0,0.0
2025-02-24 00:00:00+07:00,32450.0,32600.0,31900.0,32450.0,31993.759765625,3295100,0.0,0.0
2025-02-25 00:00:00+07:00,32500.0,32550.0,31850.0,32100.0,31648.681640625,2746800,0.0,0.0
2025-02-26 00:00:00+07:00,32300.0,32900.0,32200.0,32600.0,32141.650390625,4286200,0.0,0.0
2025-02-27 00:00:00+07:00,32550.0,32700.0,31900.0,32700.0,32240.24609375,3126500,0.0,0.0
2025-02-28 00:00:00+07:00,32700.0,33800.0,32350.0,33400.0,32930.40234375,6457800,0.0,0.0
2025-03-03 00:00:00+07:00,33600.0,33650.0,33000.0,33100.0,32634.62109375,2783900,0.0,0.0
2025-03-04 00:00:00+07:00,33000.0,33950.0,32900.0,33500.0,33028.99609375,5964800,0.0,0.0
2025-03-05 00:00:00+07:00,33600.0,33600.0,33000.0,33000.0,32536.02734375,2713400,0.0,0.0
2025-03-06 00:00:00+07:00,33000.0,34000.0,33000.0,34000.0,33521.96875,4939600,0.0,0.0
2025-03-07 00:00:00+07:00,34000.0,34100.0,33500.0,33500.0,33028.99609375,3000600,0.0,0.0
2025-03-10 00:00:00+07:00,33600.0,33700.0,33150.0,33300.0,32831.80859375,2626600,0.0,0.0
2025-03-11 00:00:00+07:00,33000.0,33450.0,32300.0,33400.0,32930.40234375,3157200,0.0,0.0
2025-03-12 00:00:00+07:00,33300.0,33400.0,32800.0,32800.0,32338.83984375,2208000,0.0,0.0
2025-03-13 00:00:00+07:00,32900.0,33750.0,32750.0,33000.0,32536.02734375,4500600,0.0,0.0
2025-03-14 00:00:00+07:00,33000.0,33650.0,32950.0,33300.0,32831.80859375,4168200,0.0,0.0
2025-03-17 00:00:00+07:00,33350.0,33450.0,32850.0,33050.0,32585.32421875,2746500,0.0,0.0
2025-03-18 00:00:00+07:00,33200.0,33750.0,32950.0,33400.0,32930.40234375,4240900,0.0,0.0
2025-03-19 00:00:00+07:00,33400.0,35350.0,33300.0,34800.0,34310.71875,8590800,0.0,0.0
2025-03-20 00:00:00+07:00,35000.0,35000.0,34000.0,34500.0,34014.9375,2368900,0.0,0.0
2025-03-21 00:00:00+07:00,34500.0,35300.0,34350.0,34550.0,34064.234375,4101100,0.0,0.0
2025-03-24 00:00:00+07:00,34550.0,34600.0,33700.0,34150.0,33669.859375,2533500,0.0,0.0
2025-03-25 00:00:00+07:00,34300.0,35350.0,33900.0,34600.0,34113.53125,4845000,0.0,0.0
2025-03-26 00:00:00+07:00,34500.0,34900.0,34250.0,34500.0,34014.9375,2813400,0.0,0.0
2025-03-27 00:00:00+07:00,34550.0,35150.0,34500.0,34950.0,34458.609375,3998000,0.0,0.0
2025-03-28 00:00:00+07:00,35050.0,35600.0,34800.0,34800.0,34310.71875,4680600,0.0,0.0
2025-03-31 00:00:00+07:00,34650.0,34800.0,32400.0,32400.0,31944.462890625,9067500,0.0,0.0
2025-04-01 00:00:00+07:00,32450.0,32750.0,31600.0,31850.0,31402.1953125,3786400,0.0,0.0
2025-04-02 00:00:00+07:00,31950.0,32300.0,31700.0,31900.0,31451.4921875,1929900,0.0,0.0
2025-04-03 00:00:00+07:00,29700.0,30100.0,29700.0,29700.0,29282.423828125,3332700,0.0,0.0
2025-04-04 00:00:00+07:00,27650.0,27650.0,27650.0,27650.0,27261.24609375,1437200,0.0,0.0
2025-04-08 00:00:00+07:00,25750.0,25750.0,25750.0,25750.0,25387.9609375,461900,0.0,0.0
2025-04-09 00:00:00+07:00,23950.0,23950.0,23950.0,23950.0,23613.267578125,459100,0.0,0.0
2025-04-10 00:00:00+07:00,25600.0,25600.0,25600.0,25600.0,25240.0703125,2523800,0.0,0.0
2025-04-11 00:00:00+07:00,24500.0,26800.0,23850.0,26000.0,25634.4453125,10906200,0.0,0.0
2025-04-14 00:00:00+07:00,27250.0,27300.0,25800.0,26200.0,25831.6328125,4547200,0.0,0.0
2025-04-15 00:00:00+07:00,25550.0,26000.0,24400.0,24400.0,24056.94140625,6815900,0.0,0.0
2025-04-16 00:00:00+07:00,24100.0,25000.0,23500.0,23500.0,23169.595703125,6426600,0.0,0.0
2025-04-17 00:00:00+07:00,23350.0,24400.0,23350.0,24200.0,23859.75390625,4874600,0.0,0.0
2025-04-18 00:00:00+07:00,24800.0,24800.0,24500.0,24500.0,24155.53515625,3253400,0.0,0.0
2025-04-21 00:00:00+07:00,24500.0,24600.0,23600.0,23700.0,23366.783203125,2932600,0.0,0.0
2025-04-22 00:00:00+07:00,23600.0,23650.0,22050.0,22300.0,21986.466796875,6821400,0.0,0.0
2025-04-23 00:00:00+07:00,22850.0,23600.0,21700.0,23150.0,22824.515625,6047400,0.0,0.0
2025-04-24 00:00:00+07:00,23400.0,24500.0,23300.0,23550.0,23218.892578125,5767100,0.0,0.0
2025-04-25 00:00:00+07:00,23650.0,24000.0,23550.0,23800.0,23465.376953125,3552300,0.0,0.0
2025-04-28 00:00:00+07:00,24000.0,24000.0,23150.0,23500.0,23169.595703125,2733400,0.0,0.0
2025-04-29 00:00:00+07:00,23500.0,24000.0,23300.0,23700.0,23366.783203125,3078300,0.0,0.0
2025-04-30 00:00:00+07:00,23700.0,23700.0,23700.0,23700.0,23366.783203125,0,0.0,0.0
2025-05-01 00:00:00+07:00,23700.0,23700.0,23700.0,23700.0,23366.783203125,0,0.0,0.0
2025-05-02 00:00:00+07:00,23700.0,23700.0,23700.0,23700.0,23366.783203125,0,0.0,0.0
2025-05-05 00:00:00+07:00,23700.0,23700.0,23700.0,23700.0,23366.783203125,0,0.0,0.0
2025-05-06 00:00:00+07:00,24100.0,24900.0,24000.0,24850.0,24500.615234375,5919600,0.0,0.0
2025-05-07 00:00:00+07:00,25150.0,25150.0,24300.0,24300.0,23958.34765625,4005900,0.0,0.0
2025-05-08 00:00:00+07:00,24200.0,25150.0,24200.0,24850.0,24500.615234375,4378300,0.0,0.0
2025-05-09 00:00:00+07:00,25150.0,26550.0,25100.0,26550.0,26176.712890625,10064000,0.0,0.0
2025-05-12 00:00:00+07:00,26550.0,26550.0,26550.0,26550.0,26176.712890625,0,0.0,0.0
2025-05-13 00:00:00+07:00,26800.0,28150.0,26750.0,27950.0,27557.029296875,8097300,0.0,0.0
2025-05-14 00:00:00+07:00,28350.0,28850.0,28250.0,28650.0,28247.1875,6543300,0.0,0.0
2025-05-15 00:00:00+07:00,28700.0,28700.0,27850.0,28000.0,27606.326171875,5543500,0.0,0.0
2025-05-16 00:00:00+07:00,28100.0,28300.0,27450.0,28100.0,27704.919921875,4569500,0.0,0.0
2025-05-19 00:00:00+07:00,27500.0,28050.0,27200.0,27200.0,26817.57421875,3455100,0.0,0.0
2025-05-20 00:00:00+07:00,27500.0,28050.0,27200.0,27200.0,26817.57421875,3455100,0.0,0.0
2025-05-21 00:00:00+07:00,27200.0,28000.0,27000.0,27700.0,27310.544921875,3284000,0.0,0.0
2025-05-22 00:00:00+07:00,27950.0,27950.0,27150.0,27300.0,26916.16796875,2845700,0.0,0.0
2025-05-23 00:00:00+07:00,27250.0,27700.0,26850.0,26850.0,26472.494140625,3665000,0.0,0.0
2025-05-26 00:00:00+07:00,27200.0,28850.0,26500.0,28850.0,28444.375,7422100,0.0,0.0
2025-05-27 00:00:00+07:00,27200.0,28850.0,26500.0,28850.0,28444.375,7422100,0.0,0.0
2025-05-28 00:00:00+07:00,29400.0,29500.0,29100.0,29400.0,28986.642578125,5066500,0.0,0.0
2025-05-29 00:00:00+07:00,29500.0,30400.0,29250.0,29650.0,29233.126953125,5838800,0.0,0.0
2025-05-30 00:00:00+07:00,30300.0,30300.0,29350.0,29400.0,28986.642578125,4316900,0.0,0.0
2025-06-02 00:00:00+07:00,28550.0,29350.0,28550.0,29300.0,28888.048828125,3274700,0.0,0.0
2025-06-03 00:00:00+07:00,28550.0,29350.0,28550.0,29300.0,28888.048828125,3274700,0.0,0.0
2025-06-04 00:00:00+07:00,29400.0,29650.0,29250.0,29500.0,29085.236328125,3373000,0.0,0.0
2025-06-05 00:00:00+07:00,29700.0,29850.0,29050.0,29150.0,28740.158203125,2090200,0.0,0.0
2025-06-06 00:00:00+07:00,29200.0,29700.0,29100.0,29200.0,28789.455078125,2329100,0.0,0.0
2025-06-09 00:00:00+07:00,28450.0,28650.0,27350.0,27700.0,27310.544921875,2841100,0.0,0.0
2025-06-10 00:00:00+07:00,28450.0,28650.0,27350.0,27700.0,27310.544921875,2841100,0.0,0.0
2025-06-11 00:00:00+07:00,27900.0,28500.0,27750.0,28150.0,27754.216796875,1650100,0.0,0.0
2025-06-12 00:00:00+07:00,28450.0,28450.0,27600.0,27750.0,27359.841796875,1332600,0.0,0.0
2025-06-13 00:00:00+07:00,28000.0,28800.0,28000.0,28550.0,28148.59375,2196400,0.0,0.0
2025-06-16 00:00:00+07:00,27200.0,28000.0,27200.0,28000.0,27606.326171875,1588300,0.0,0.0
2025-06-17 00:00:00+07:00,27200.0,28000.0,27200.0,28000.0,27606.326171875,1588300,0.0,0.0
2025-06-18 00:00:00+07:00,28200.0,28900.0,28050.0,28900.0,28493.671875,4712300,0.0,0.0
2025-06-19 00:00:00+07:00,29000.0,29450.0,28750.0,29000.0,28592.265625,3837000,0.0,0.0
2025-06-20 00:00:00+07:00,29000.0,30450.0,29000.0,29900.0,29479.61328125,7153300,0.0,0.0
2025-06-23 00:00:00+07:00,28850.0,30800.0,28450.0,29800.0,29381.017578125,4683800,0.0,0.0
2025-06-24 00:00:00+07:00,28850.0,30800.0,28450.0,29800.0,29381.017578125,4683800,0.0,0.0
2025-06-25 00:00:00+07:00,30200.0,30200.0,29450.0,29650.0,29233.126953125,5252900,0.0,0.0
2025-06-26 00:00:00+07:00,30000.0,31350.0,29700.0,30800.0,30366.958984375,6556600,0.0,0.0
2025-06-27 00:00:00+07:00,30800.0,30900.0,30250.0,30500.0,30071.17578125,1932500,0.0,0.0
2025-06-30 00:00:00+07:00,30550.0,30950.0,30150.0,30300.0,29873.98828125,2514100,0.0,0.0
2025-07-01 00:00:00+07:00,30550.0,30950.0,30150.0,30300.0,29873.98828125,2514100,0.0,0.0
2025-07-02 00:00:00+07:00,30650.0,31300.0,30400.0,31150.0,30712.037109375,5298600,0.0,0.0
2025-07-03 00:00:00+07:00,31200.0,32400.0,31100.0,31250.0,30810.630859375,4471900,0.0,0.0
2025-07-04 00:00:00+07:00,30450.0,30650.0,29250.0,29600.0,29183.830078125,13342000,0.0,0.0
2025-07-07 00:00:00+07:00,29700.0,30100.0,29550.0,29750.0,29331.720703125,2774500,0.0,0.0
2025-07-08 00:00:00+07:00,29700.0,30100.0,29550.0,29750.0,29331.720703125,2774500,0.0,0.0
2025-07-09 00:00:00+07:00,30500.0,30550.0,29800.0,30000.0,29578.20703125,4327300,0.0,0.0
2025-07-10 00:00:00+07:00,30250.0,30250.0,29800.0,29850.0,29430.31640625,3949300,0.0,0.0
2025-07-11 00:00:00+07:00,29900.0,30650.0,29750.0,30100.0,29676.80078125,5198000,0.0,0.0
2025-07-14 00:00:00+07:00,30300.0,30900.0,29650.0,30650.0,30219.068359375,5703300,0.0,0.0
2025-07-15 00:00:00+07:00,30300.0,30900.0,29650.0,30650.0,30219.068359375,5703300,0.0,0.0
2025-07-16 00:00:00+07:00,30700.0,30850.0,30100.0,30100.0,29676.80078125,4106500,0.0,0.0
2025-07-17 00:00:00+07:00,30200.0,30300.0,29850.0,29850.0,29430.31640625,4022600,0.0,0.0
2025-07-18 00:00:00+07:00,30100.0,30700.0,29900.0,30050.0,29627.50390625,6703000,0.0,0.0
2025-07-21 00:00:00+07:00,30600.0,31300.0,30450.0,30600.0,30169.771484375,5345100,0.0,0.0
2025-07-22 00:00:00+07:00,30600.0,31300.0,30450.0,30600.0,30169.771484375,5345100,0.0,0.0
2025-07-23 00:00:00+07:00,30500.0,30700.0,30100.0,30450.0,30021.87890625,3675700,0.0,0.0
2025-07-24 00:00:00+07:00,30650.0,31200.0,30600.0,31050.0,30613.443359375,6916300,0.0,0.0
2025-07-25 00:00:00+07:00,31500.0,32150.0,31050.0,31650.0,31205.0078125,6627900,0.0,0.0
2025-07-28 00:00:00+07:00,31300.0,31950.0,31050.0,31400.0,30958.5234375,9787300,0.0,0.0
2025-07-29 00:00:00+07:00,31300.0,31950.0,31050.0,31400.0,30958.5234375,9787300,0.0,0.0
2025-07-30 00:00:00+07:00,31800.0,32000.0,29500.0,29500.0,29085.236328125,9990800,0.0,0.0
2025-07-31 00:00:00+07:00,29550.0,30100.0,28950.0,29500.0,29085.236328125,4900900,0.0,0.0
2025-08-01 00:00:00+07:00,30400.0,30950.0,29650.0,30100.0,29676.80078125,5841300,0.0,0.0
2025-08-04 00:00:00+07:00,29600.0,30250.0,29600.0,29900.0,29479.61328125,2427700,0.0,0.0
2025-08-05 00:00:00+07:00,29600.0,30250.0,29600.0,29900.0,29479.61328125,2427700,0.0,0.0
2025-08-06 00:00:00+07:00,30000.0,30950.0,28800.0,29950.0,29528.91015625,6630700,0.0,0.0
2025-08-07 00:00:00+07:00,30050.0,30400.0,29800.0,30250.0,29824.69140625,4244400,0.0,0.0
2025-08-08 00:00:00+07:00,30900.0,31900.0,30750.0,31100.0,30662.740234375,8822900,0.0,0.0
2025-08-11 00:00:00+07:00,30650.0,32700.0,30650.0,32600.0,32141.650390625,16551700,0.0,0.0
2025-08-12 00:00:00+07:00,30650.0,32700.0,30650.0,32600.0,32141.650390625,16551700,0.0,0.0
2025-08-13 00:00:00+07:00,32950.0,32950.0,31900.0,32450.0,31993.759765625,5985900,0.0,0.0
2025-08-14 00:00:00+07:00,32600.0,33200.0,32000.0,32650.0,32190.947265625,9515500,0.0,0.0
2025-08-15 00:00:00+07:00,32700.0,32800.0,31900.0,32100.0,31648.681640625,7598600,0.0,0.0
2025-08-18 00:00:00+07:00,31400.0,32200.0,31300.0,31750.0,31303.6015625,4974300,0.0,0.0
2025-08-19 00:00:00+07:00,31400.0,32200.0,31300.0,31750.0,31303.6015625,4974300,0.0,0.0
2025-08-20 00:00:00+07:00,32000.0,32250.0,31550.0,31650.0,31205.0078125,4565400,0.0,0.0
2025-08-21 00:00:00+07:00,31850.0,32850.0,31150.0,32200.0,31747.275390625,9685600,0.0,0.0
2025-08-22 00:00:00+07:00,32600.0,33450.0,31650.0,31700.0,31254.3046875,6927300,0.0,0.0
2025-08-25 00:00:00+07:00,29900.0,30000.0,28350.0,28400.0,28000.703125,4989200,0.0,0.0
2025-08-26 00:00:00+07:00,29900.0,30000.0,28350.0,28400.0,28000.703125,4989200,0.0,0.0
2025-08-27 00:00:00+07:00,28500.0,29250.0,28250.0,29200.0,28789.455078125,3730100,0.0,0.0
2025-08-28 00:00:00+07:00,29400.0,29600.0,29000.0,29150.0,28740.158203125,2712000,0.0,0.0
2025-08-29 00:00:00+07:00,29450.0,29450.0,29050.0,29200.0,28789.455078125,2640700,0.0,0.0
2025-09-01 00:00:00+07:00,29200.0,29200.0,29200.0,29200.0,28789.455078125,0,0.0,0.0
2025-09-02 00:00:00+07:00,29200.0,29200.0,29200.0,29200.0,28789.455078125,0,0.0,0.0
2025-09-03 00:00:00+07:00,29050.0,29700.0,29000.0,29300.0,28888.048828125,2775000,0.0,0.0
2025-09-04 00:00:00+07:00,29050.0,29700.0,29000.0,29300.0,28888.048828125,2775000,0.0,0.0
2025-09-05 00:00:00+07:00,29500.0,29700.0,29300.0,29500.0,29085.236328125,3336000,0.0,0.0
2025-09-08 00:00:00+07:00,30300.0,30300.0,28800.0,28800.0,28395.078125,4599400,0.0,0.0
2025-09-09 00:00:00+07:00,30300.0,30300.0,28800.0,28800.0,28395.078125,4599400,0.0,0.0
2025-09-10 00:00:00+07:00,28800.0,29000.0,28400.0,28600.0,28197.890625,2423500,0.0,0.0
2025-09-11 00:00:00+07:00,28900.0,28900.0,28250.0,28300.0,27902.107421875,2812000,0.0,0.0
2025-09-12 00:00:00+07:00,28600.0,28800.0,28000.0,28750.0,28345.78125,2590300,0.0,0.0
2025-09-15 00:00:00+07:00,29500.0,30000.0,29350.0,29850.0,29430.31640625,2734300,0.0,0.0
2025-09-16 00:00:00+07:00,29500.0,30000.0,29350.0,29850.0,29430.31640625,2734300,0.0,0.0
2025-09-17 00:00:00+07:00,30150.0,30150.0,29450.0,29450.0,29035.939453125,2089300,0.0,0.0
2025-09-18 00:00:00+07:00,29500.0,29600.0,28900.0,28900.0,28493.671875,2606000,0.0,0.0
2025-09-19 00:00:00+07:00,29000.0,29000.0,28600.0,28800.0,28395.078125,1614500,0.0,0.0
2025-09-22 00:00:00+07:00,28700.0,28850.0,28250.0,28300.0,27902.107421875,1376400,0.0,0.0
2025-09-23 00:00:00+07:00,28700.0,28850.0,28250.0,28300.0,27902.107421875,1376400,0.0,0.0
2025-09-24 00:00:00+07:00,28700.0,28700.0,28100.0,28100.0,27704.919921875,841800,0.0,0.0
2025-09-25 00:00:00+07:00,28150.0,28600.0,28000.0,28600.0,28197.890625,1004700,0.0,0.0
2025-09-26 00:00:00+07:00,28800.0,29000.0,28600.0,28800.0,28395.078125,1186300,0.0,0.0
2025-09-29 00:00:00+07:00,28600.0,28700.0,28250.0,28250.0,27852.810546875,827200,0.0,0.0
2025-09-30 00:00:00+07:00,28600.0,28700.0,28250.0,28250.0,27852.810546875,827200,0.0,0.0
2025-10-01 00:00:00+07:00,28250.0,28300.0,27450.0,27700.0,27310.544921875,2051500,0.0,0.0
2025-10-02 00:00:00+07:00,27750.0,28000.0,27750.0,27850.0,27458.435546875,690600,0.0,0.0
2025-10-03 00:00:00+07:00,27900.0,28050.0,27150.0,27300.0,26916.16796875,1751100,0.0,0.0
2025-10-06 00:00:00+07:00,27300.0,27550.0,26900.0,27550.0,27162.65234375,2309200,0.0,0.0
2025-10-07 00:00:00+07:00,27300.0,27550.0,26900.0,27550.0,27162.65234375,2309200,0.0,0.0
2025-10-08 00:00:00+07:00,27650.0,27900.0,27300.0,27350.0,26965.46484375,989500,0.0,0.0
2025-10-09 00:00:00+07:00,27700.0,27850.0,27300.0,27450.0,27064.05859375,1029600,0.0,0.0
2025-10-10 00:00:00+07:00,27500.0,28550.0,27150.0,28000.0,27606.326171875,3675400,0.0,0.0
2025-10-13 00:00:00+07:00,27900.0,28950.0,27850.0,28500.0,28099.296875,3580700,0.0,0.0
2025-10-14 00:00:00+07:00,27900.0,28950.0,27850.0,28500.0,28099.296875,3580700,0.0,0.0
2025-10-15 00:00:00+07:00,28750.0,28750.0,27800.0,27850.0,27458.435546875,2466800,0.0,0.0
2025-10-16 00:00:00+07:00,27850.0,28050.0,27250.0,27450.0,27064.05859375,2559800,0.0,0.0
2025-10-17 00:00:00+07:00,27600.0,27700.0,27100.0,27200.0,26817.57421875,3624800,0.0,0.0
2025-10-20 00:00:00+07:00,27000.0,27300.0,25250.0,25250.0,24894.990234375,3351500,0.0,0.0
2025-10-21 00:00:00+07:00,27000.0,27300.0,25250.0,25250.0,24894.990234375,3351500,0.0,0.0
2025-10-22 00:00:00+07:00,25000.0,25900.0,24500.0,25400.0,25042.880859375,3055400,0.0,0.0
2025-10-23 00:00:00+07:00,25700.0,26500.0,25550.0,26500.0,26127.416015625,2127900,0.0,0.0
2025-10-24 00:00:00+07:00,26700.0,26750.0,26100.0,26100.0,25733.0390625,872300,0.0,0.0
2025-10-27 00:00:00+07:00,27100.0,28150.0,27100.0,27400.0,27014.76171875,3939900,0.0,0.0
2025-10-28 00:00:00+07:00,27100.0,28150.0,27100.0,27400.0,27014.76171875,3939900,0.0,0.0
2025-10-29 00:00:00+07:00,27500.0,27600.0,26750.0,27550.0,27162.65234375,1413900,0.0,0.0
2025-10-30 00:00:00+07:00,27750.0,28600.0,27450.0,28100.0,27704.919921875,3912600,0.0,0.0
2025-10-31 00:00:00+07:00,28300.0,28550.0,27600.0,28350.0,27951.404296875,3349800,0.0,0.0
2025-11-03 00:00:00+07:00,29100.0,29450.0,28350.0,28350.0,27951.404296875,5166700,0.0,0.0
2025-11-04 00:00:00+07:00,28500.0,28950.0,27350.0,28750.0,28345.78125,3723200,0.0,0.0
2025-11-05 00:00:00+07:00,28500.0,28950.0,27350.0,28750.0,28345.78125,3723200,0.0,0.0
2025-11-06 00:00:00+07:00,29650.0,29900.0,28700.0,28700.0,28296.484375,3783400,0.0,0.0
2025-11-07 00:00:00+07:00,28650.0,29050.0,27800.0,27800.0,27409.138671875,3195500,0.0,0.0
2025-11-10 00:00:00+07:00,28100.0,28700.0,27750.0,27950.0,27557.029296875,2280900,0.0,0.0
2025-11-11 00:00:00+07:00,28200.0,28300.0,27700.0,27900.0,27507.732421875,1510800,0.0,0.0
2025-11-12 00:00:00+07:00,28100.0,28500.0,27950.0,28450.0,28050.0,1674100,0.0,0.0
2025-11-13 00:00:00+07:00,28200.0,29100.0,28200.0,28500.0,28500.0,3905600,400.0,0.0
2025-11-14 00:00:00+07:00,28500.0,28950.0,28300.0,28400.0,28400.0,2269200,0.0,0.0
2025-11-17 00:00:00+07:00,28800.0,29250.0,28500.0,29100.0,29100.0,4627400,0.0,0.0
2025-11-18 00:00:00+07:00,29100.0,29150.0,28250.0,28250.0,28250.0,4239500,0.0,0.0
2025-11-19 00:00:00+07:00,28350.0,28700.0,27650.0,28000.0,28000.0,2915700,0.0,0.0
2025-11-20 00:00:00+07:00,28100.0,28450.0,27550.0,28000.0,28000.0,1872300,0.0,0.0
2025-11-21 00:00:00+07:00,27650.0,27950.0,27450.0,27800.0,27800.0,1915000,0.0,0.0
2025-11-24 00:00:00+07:00,28000.0,28100.0,27700.0,27700.0,27700.0,884600,0.0,0.0
2025-11-25 00:00:00+07:00,27600.0,28100.0,27000.0,27100.0,27100.0,2656500,0.0,0.0
2025-11-26 00:00:00+07:00,27150.0,27800.0,27150.0,27500.0,27500.0,1192000,0.0,0.0
2025-11-27 00:00:00+07:00,27550.0,27900.0,27500.0,27900.0,27900.0,1797500,0.0,0.0
2025-11-28 00:00:00+07:00,27900.0,27900.0,27250.0,27300.0,27300.0,2071100,0.0,0.0
2025-12-01 00:00:00+07:00,27350.0,27600.0,26700.0,26700.0,26700.0,1889700,0.0,0.0
2025-12-02 00:00:00+07:00,26400.0,27800.0,26400.0,27750.0,27750.0,2666600,0.0,0.0
2025-12-03 00:00:00+07:00,27750.0,27900.0,27450.0,27700.0,27700.0,2066500,0.0,0.0
2025-12-04 00:00:00+07:00,27750.0,27900.0,27450.0,27700.0,27700.0,2066500,0.0,0.0
2025-12-05 00:00:00+07:00,28000.0,28000.0,27200.0,27400.0,27400.0,3578600,0.0,0.0
2025-12-08 00:00:00+07:00,27450.0,27550.0,26800.0,26950.0,26950.0,3507000,0.0,0.0
2025-12-09 00:00:00+07:00,26900.0,27150.0,26550.0,26900.0,26900.0,2669000,0.0,0.0
2025-12-10 00:00:00+07:00,26800.0,27100.0,26750.0,26750.0,26750.0,1098300,0.0,0.0
2025-12-11 00:00:00+07:00,26800.0,27000.0,26600.0,26650.0,26650.0,1028300,0.0,0.0
2025-12-12 00:00:00+07:00,26700.0,26800.0,25100.0,25300.0,25300.0,2898000,0.0,0.0
2025-12-15 00:00:00+07:00,25300.0,26000.0,25250.0,25600.0,25600.0,1872800,0.0,0.0
2025-12-16 00:00:00+07:00,25800.0,26500.0,25600.0,26500.0,26500.0,1904800,0.0,0.0
2025-12-17 00:00:00+07:00,26500.0,26650.0,26200.0,26300.0,26300.0,1757900,0.0,0.0
2025-12-18 00:00:00+07:00,26500.0,26650.0,26200.0,26300.0,26300.0,1757900,0.0,0.0
2025-12-19 00:00:00+07:00,26500.0,26750.0,26450.0,26450.0,26450.0,855000,0.0,0.0
2025-12-22 00:00:00+07:00,26450.0,26800.0,26450.0,26600.0,26600.0,1127300,0.0,0.0
2025-12-23 00:00:00+07:00,26650.0,26850.0,26250.0,26250.0,26250.0,1072000,0.0,0.0
2025-12-24 00:00:00+07:00,26400.0,26600.0,25900.0,26000.0,26000.0,1436000,0.0,0.0
2025-12-25 00:00:00+07:00,26400.0,26600.0,25900.0,26000.0,26000.0,1436000,0.0,0.0
2025-12-26 00:00:00+07:00,25550.0,25950.0,25200.0,25500.0,25500.0,1406500,0.0,0.0
2025-12-29 00:00:00+07:00,25600.0,26200.0,25600.0,26000.0,26000.0,1106300,0.0,0.0
2025-12-30 00:00:00+07:00,26200.0,26900.0,26150.0,26600.0,26600.0,2111300,0.0,0.0
2025-12-31 00:00:00+07:00,26600.0,26800.0,26200.0,26200.0,26200.0,1021300,0.0,0.0
2026-01-01 00:00:00+07:00,26200.0,26200.0,26200.0,26200.0,26200.0,0,0.0,0.0
2026-01-02 00:00:00+07:00,26200.0,26200.0,26200.0,26200.0,26200.0,0,0.0,0.0
2026-01-05 00:00:00+07:00,26200.0,26450.0,25500.0,25750.0,25750.0,1408600,0.0,0.0
2026-01-06 00:00:00+07:00,25850.0,27550.0,25850.0,27550.0,27550.0,4061800,0.0,0.0
2026-01-07 00:00:00+07:00,28550.0,29450.0,28500.0,29450.0,29450.0,13681500,0.0,0.0
2026-01-08 00:00:00+07:00,30900.0,30900.0,29600.0,30050.0,30050.0,10234200,0.0,0.0
2026-01-09 00:00:00+07:00,30400.0,32000.0,30300.0,31600.0,31600.0,9394000,0.0,0.0
2026-01-12 00:00:00+07:00,32300.0,32950.0,31000.0,32200.0,32200.0,8946600,0.0,0.0
2026-01-13 00:00:00+07:00,32100.0,34450.0,31550.0,34000.0,34000.0,14389700,0.0,0.0
2026-01-14 00:00:00+07:00,34300.0,36350.0,33700.0,36350.0,36350.0,14095400,0.0,0.0
2026-01-15 00:00:00+07:00,36350.0,38850.0,35800.0,37350.0,37350.0,11037100,0.0,0.0
2026-01-16 00:00:00+07:00,37400.0,38500.0,35550.0,35900.0,35900.0,8596200,0.0,0.0
2026-01-19 00:00:00+07:00,36000.0,38400.0,35950.0,38000.0,38000.0,9356800,0.0,0.0
2026-01-20 00:00:00+07:00,39200.0,40650.0,37600.0,39000.0,39000.0,10142500,0.0,0.0
2026-01-21 00:00:00+07:00,38000.0,39500.0,36500.0,38500.0,38500.0,8356100,0.0,0.0
2026-01-22 00:00:00+07:00,39050.0,40800.0,38500.0,39000.0,39000.0,7081600,0.0,0.0
2026-01-23 00:00:00+07:00,38550.0,38850.0,36600.0,36900.0,36900.0,6548400,0.0,0.0
2026-01-26 00:00:00+07:00,36650.0,39350.0,36650.0,38650.0,38650.0,8681600,0.0,0.0
2026-01-27 00:00:00+07:00,38700.0,40600.0,38400.0,39850.0,39850.0,8227600,0.0,0.0
2026-01-28 00:00:00+07:00,41150.0,42400.0,38200.0,38200.0,38200.0,13817900,0.0,0.0
2026-01-29 00:00:00+07:00,38200.0,40850.0,37900.0,40850.0,40850.0,9435700,0.0,0.0
2026-01-30 00:00:00+07:00,40850.0,41800.0,39650.0,39850.0,39850.0,6315900,0.0,0.0
2026-02-02 00:00:00+07:00,40000.0,41800.0,39650.0,41800.0,41800.0,8064000,0.0,0.0
2026-02-03 00:00:00+07:00,42000.0,43800.0,41000.0,42800.0,42800.0,9200800,0.0,0.0
2026-02-04 00:00:00+07:00,42600.0,43000.0,40500.0,41700.0,41700.0,6342400,0.0,0.0
2026-02-05 00:00:00+07:00,41700.0,41700.0,40000.0,40000.0,40000.0,6209000,0.0,0.0
2026-02-06 00:00:00+07:00,39000.0,40850.0,38850.0,39000.0,39000.0,5838700,0.0,0.0
2026-02-09 00:00:00+07:00,39500.0,39700.0,38600.0,38650.0,38650.0,2801400,0.0,0.0
2026-02-10 00:00:00+07:00,38000.0,38900.0,35950.0,35950.0,35950.0,10816400,0.0,0.0
2026-02-11 00:00:00+07:00,35950.0,36800.0,35200.0,35300.0,35300.0,5445000,0.0,0.0
2026-02-12 00:00:00+07:00,36000.0,36200.0,35300.0,35350.0,35350.0,2433900,0.0,0.0
2026-02-13 00:00:00+07:00,35500.0,36400.0,35100.0,36400.0,36400.0,3173000,0.0,0.0
2026-02-16 00:00:00+07:00,36400.0,36400.0,36400.0,36400.0,36400.0,0,0.0,0.0
2026-02-17 00:00:00+07:00,36400.0,36400.0,36400.0,36400.0,36400.0,0,0.0,0.0
2026-02-18 00:00:00+07:00,36400.0,36400.0,36400.0,36400.0,36400.0,0,0.0,0.0
2026-02-19 00:00:00+07:00,36400.0,36400.0,36400.0,36400.0,36400.0,0,0.0,0.0
2026-02-20 00:00:00+07:00,36400.0,36400.0,36400.0,36400.0,36400.0,0,0.0,0.0
2026-02-23 00:00:00+07:00,37500.0,38900.0,37000.0,38900.0,38900.0,2792600,0.0,0.0
2026-02-24 00:00:00+07:00,39550.0,40300.0,39050.0,39450.0,39450.0,8201000,0.0,0.0
2026-02-25 00:00:00+07:00,39800.0,42200.0,39500.0,42200.0,42200.0,11972300,0.0,0.0
2026-02-26 00:00:00+07:00,42600.0,42900.0,40050.0,40800.0,40800.0,6612100,0.0,0.0
2026-02-27 00:00:00+07:00,40800.0,42300.0,39800.0,40000.0,40000.0,6357900,0.0,0.0
2026-03-02 00:00:00+07:00,38800.0,42800.0,37500.0,42800.0,42800.0,16546200,0.0,0.0
2026-03-03 00:00:00+07:00,38800.0,42800.0,37500.0,42800.0,42800.0,16546200,0.0,0.0
2026-03-04 00:00:00+07:00,46000.0,46500.0,42800.0,43600.0,43600.0,8585300,0.0,0.0
2026-03-05 00:00:00+07:00,42600.0,42900.0,40550.0,40550.0,40550.0,7891200,0.0,0.0
2026-03-06 00:00:00+07:00,39650.0,41100.0,37750.0,37750.0,37750.0,8579500,0.0,0.0
2026-03-09 00:00:00+07:00,35150.0,35150.0,35150.0,35150.0,35150.0,1767500,0.0,0.0
2026-03-10 00:00:00+07:00,35150.0,36100.0,32700.0,33350.0,33350.0,14546300,0.0,0.0
2026-03-11 00:00:00+07:00,33350.0,35650.0,33350.0,35650.0,35650.0,4178200,0.0,0.0
2026-03-12 00:00:00+07:00,35700.0,37850.0,35100.0,35800.0,35800.0,5803200,0.0,0.0
2026-03-13 00:00:00+07:00,35300.0,36050.0,33300.0,34000.0,34000.0,7857500,0.0,0.0
2026-03-16 00:00:00+07:00,33300.0,34400.0,32500.0,33050.0,33050.0,4862300,0.0,0.0
2026-03-17 00:00:00+07:00,33900.0,34100.0,33200.0,33300.0,33300.0,2762700,0.0,0.0
2026-03-18 00:00:00+07:00,33050.0,34500.0,32950.0,34000.0,34000.0,3530400,0.0,0.0
2026-03-19 00:00:00+07:00,33500.0,33500.0,32050.0,32450.0,32450.0,4199100,0.0,0.0
2026-03-20 00:00:00+07:00,32400.0,32400.0,30700.0,30750.0,30750.0,4793600,0.0,0.0
2026-03-23 00:00:00+07:00,29700.0,30500.0,28600.0,28600.0,28600.0,5932600,0.0,0.0
2026-03-24 00:00:00+07:00,29300.0,29850.0,28600.0,28700.0,28700.0,3819500,0.0,0.0
2026-03-25 00:00:00+07:00,29450.0,30500.0,29350.0,30500.0,30500.0,3946500,0.0,0.0
2026-03-26 00:00:00+07:00,30250.0,30500.0,29650.0,30000.0,30000.0,2429400,0.0,0.0
2026-03-27 00:00:00+07:00,30000.0,32100.0,30000.0,32100.0,32100.0,4463000,0.0,0.0
2026-03-30 00:00:00+07:00,31200.0,33400.0,31150.0,33100.0,33100.0,5368600,0.0,0.0
2026-03-31 00:00:00+07:00,33500.0,33500.0,31700.0,31700.0,31700.0,3647100,0.0,0.0
2026-04-01 00:00:00+07:00,32500.0,33000.0,32300.0,32500.0,32500.0,3228800,0.0,0.0
2026-04-02 00:00:00+07:00,31800.0,32650.0,31800.0,32100.0,32100.0,2491400,0.0,0.0
2026-04-03 00:00:00+07:00,32100.0,32900.0,31500.0,32050.0,32050.0,2702000,0.0,0.0
2026-04-06 00:00:00+07:00,31900.0,31900.0,30850.0,31450.0,31450.0,1823400,0.0,0.0
2026-04-07 00:00:00+07:00,31600.0,31850.0,30500.0,31500.0,31500.0,1758900,0.0,0.0
2026-04-08 00:00:00+07:00,32500.0,33400.0,32050.0,33200.0,33200.0,3915600,0.0,0.0
2026-04-09 00:00:00+07:00,32700.0,33000.0,32350.0,32800.0,32800.0,2438700,0.0,0.0
2026-04-10 00:00:00+07:00,32800.0,34100.0,32700.0,33650.0,33650.0,4553100,0.0,0.0
2026-04-13 00:00:00+07:00,33000.0,34150.0,32600.0,32600.0,32600.0,3696900,0.0,0.0
2026-04-14 00:00:00+07:00,33000.0,33100.0,32350.0,32700.0,32700.0,2532000,0.0,0.0
2026-04-15 00:00:00+07:00,33100.0,33150.0,31900.0,33000.0,33000.0,3427600,0.0,0.0
2026-04-16 00:00:00+07:00,32900.0,32950.0,32150.0,32200.0,32200.0,2608700,0.0,0.0
2026-04-17 00:00:00+07:00,32400.0,34150.0,32250.0,33500.0,33500.0,7670800,0.0,0.0
2026-04-20 00:00:00+07:00,33500.0,33750.0,32850.0,33000.0,33000.0,2060200,0.0,0.0
2026-04-21 00:00:00+07:00,33000.0,33200.0,32450.0,32650.0,32650.0,2498000,0.0,0.0
2026-04-22 00:00:00+07:00,32800.0,32800.0,32200.0,32750.0,32750.0,1974400,0.0,0.0
2026-04-23 00:00:00+07:00,32900.0,33450.0,32100.0,32600.0,32600.0,2807500,0.0,0.0
2026-04-24 00:00:00+07:00,32700.0,33500.0,32700.0,33350.0,33350.0,3028100,0.0,0.0
2026-04-27 00:00:00+07:00,33350.0,33350.0,33350.0,33350.0,33350.0,0,0.0,0.0
2026-04-28 00:00:00+07:00,33300.0,33400.0,32300.0,33000.0,33000.0,2409800,0.0,0.0
2026-04-29 00:00:00+07:00,32850.0,34300.0,32500.0,33700.0,33700.0,4047300,0.0,0.0
2026-04-30 00:00:00+07:00,33700.0,33700.0,33700.0,33700.0,33700.0,0,0.0,0.0
2026-05-01 00:00:00+07:00,33700.0,33700.0,33700.0,33700.0,33700.0,0,0.0,0.0
2026-05-04 00:00:00+07:00,34200.0,36050.0,33800.0,36050.0,36050.0,8648600,0.0,0.0
2026-05-05 00:00:00+07:00,36100.0,36450.0,34700.0,35200.0,35200.0,3995600,0.0,0.0
2026-05-06 00:00:00+07:00,35300.0,35950.0,34900.0,35800.0,35800.0,4387700,0.0,0.0
2026-05-07 00:00:00+07:00,35800.0,36900.0,35250.0,35850.0,35850.0,5267800,0.0,0.0
2026-05-08 00:00:00+07:00,35850.0,36600.0,34950.0,35700.0,35700.0,3718400,0.0,0.0
2026-05-11 00:00:00+07:00,35900.0,35900.0,34650.0,34750.0,34750.0,4902100,0.0,0.0
2026-05-12 00:00:00+07:00,34800.0,36450.0,34200.0,36300.0,36300.0,4448700,0.0,0.0
2026-05-13 00:00:00+07:00,36400.0,37800.0,36300.0,36800.0,36800.0,6025700,0.0,0.0
2026-05-14 00:00:00+07:00,37100.0,37200.0,36100.0,36200.0,36200.0,2812800,0.0,0.0
2026-05-15 00:00:00+07:00,36800.0,37850.0,36500.0,37750.0,37750.0,6754600,0.0,0.0
2026-05-18 00:00:00+07:00,37700.0,40000.0,37000.0,39300.0,39300.0,5789400,0.0,0.0
2026-05-19 00:00:00+07:00,39600.0,39600.0,36550.0,36550.0,36550.0,8321000,0.0,0.0
2026-05-20 00:00:00+07:00,35950.0,37800.0,34000.0,37600.0,37600.0,8781200,0.0,0.0
2026-05-21 00:00:00+07:00,37650.0,37950.0,36000.0,36200.0,36200.0,2582700,0.0,0.0
2026-05-22 00:00:00+07:00,36500.0,36500.0,35200.0,35300.0,35300.0,2908400,0.0,0.0
2026-05-25 00:00:00+07:00,34950.0,35300.0,34300.0,34300.0,34300.0,2522300,0.0,0.0
2026-05-26 00:00:00+07:00,34650.0,35300.0,34350.0,35150.0,35150.0,1557200,0.0,0.0
2026-05-27 00:00:00+07:00,35500.0,35500.0,34350.0,34800.0,34800.0,2334400,0.0,0.0
2026-05-28 00:00:00+07:00,34550.0,35300.0,34250.0,34350.0,34350.0,2688300,0.0,0.0
2026-05-29 00:00:00+07:00,34550.0,35000.0,33800.0,34900.0,34900.0,3248500,0.0,0.0
2026-06-01 00:00:00+07:00,35250.0,35700.0,34850.0,35050.0,35050.0,2044700,0.0,0.0
2026-06-02 00:00:00+07:00,35050.0,35050.0,34200.0,34600.0,34600.0,1757800,0.0,0.0
2026-06-03 00:00:00+07:00,34250.0,35000.0,34250.0,34650.0,34650.0,1330200,0.0,0.0
2026-06-04 00:00:00+07:00,34900.0,36000.0,34900.0,35350.0,35350.0,2947200,0.0,0.0
2026-06-05 00:00:00+07:00,35600.0,35600.0,34700.0,34800.0,34800.0,2075500,0.0,0.0
2026-06-08 00:00:00+07:00,34200.0,34750.0,33200.0,33500.0,33500.0,4176100,0.0,0.0
2026-06-09 00:00:00+07:00,33250.0,33900.0,33000.0,33400.0,33400.0,2036300,0.0,0.0
2026-06-10 00:00:00+07:00,33250.0,34100.0,33250.0,33950.0,33950.0,1361500,0.0,0.0
2026-06-11 00:00:00+07:00,33500.0,35400.0,33500.0,35400.0,35400.0,5014200,0.0,0.0
2026-06-12 00:00:00+07:00,35500.0,35600.0,34750.0,35000.0,35000.0,1481200,0.0,0.0
2026-06-15 00:00:00+07:00,35400.0,35900.0,34950.0,35300.0,35300.0,1964200,0.0,0.0
2026-06-16 00:00:00+07:00,35700.0,35800.0,35050.0,35300.0,35300.0,1740800,0.0,0.0
2026-06-17 00:00:00+07:00,35400.0,35850.0,35200.0,35550.0,35550.0,1940400,0.0,0.0
2026-06-18 00:00:00+07:00,35600.0,36200.0,35450.0,35550.0,35550.0,2554000,0.0,0.0
2026-06-19 00:00:00+07:00,35550.0,35550.0,34600.0,35100.0,35100.0,2075600,0.0,0.0
2026-06-22 00:00:00+07:00,35000.0,35100.0,34300.0,34500.0,34500.0,2204200,0.0,0.0
2026-06-23 00:00:00+07:00,34700.0,34950.0,33500.0,33550.0,33550.0,3035700,0.0,0.0
2026-06-24 00:00:00+07:00,33600.0,33750.0,32600.0,33650.0,33650.0,2912800,0.0,0.0
2026-06-25 00:00:00+07:00,33650.0,33650.0,32900.0,33100.0,33100.0,1238200,0.0,0.0
2026-06-26 00:00:00+07:00,32800.0,33200.0,32050.0,32100.0,32100.0,2752100,0.0,0.0
2026-06-29 00:00:00+07:00,32100.0,32650.0,32050.0,32600.0,32600.0,1216700,0.0,0.0
2026-06-30 00:00:00+07:00,32850.0,33100.0,32700.0,32800.0,32800.0,1406600,0.0,0.0
2026-07-01 00:00:00+07:00,32850.0,33100.0,32700.0,32800.0,32800.0,1406600,0.0,0.0
2026-07-02 00:00:00+07:00,33150.0,33600.0,33000.0,33000.0,33000.0,1562700,0.0,0.0
2026-07-03 00:00:00+07:00,33000.0,33150.0,32500.0,32500.0,32500.0,1487500,0.0,0.0
2026-07-06 00:00:00+07:00,32600.0,32650.0,30500.0,31000.0,31000.0,2561300,0.0,0.0
2026-07-07 00:00:00+07:00,31000.0,31600.0,30600.0,31450.0,31450.0,1970000,0.0,0.0
2026-07-08 00:00:00+07:00,31550.0,31850.0,31100.0,31500.0,31500.0,1083200,0.0,0.0
2026-07-09 00:00:00+07:00,31700.0,32000.0,31500.0,31500.0,31500.0,1088100,0.0,0.0
2026-07-10 00:00:00+07:00,31500.0,31600.0,30600.0,30600.0,30600.0,1002000,0.0,0.0
2026-07-13 00:00:00+07:00,30700.0,30900.0,29300.0,29500.0,29500.0,1978500,0.0,0.0
2026-07-14 00:00:00+07:00,29700.0,30600.0,29700.0,30500.0,30500.0,1379100,0.0,0.0
2026-07-15 00:00:00+07:00,30600.0,30700.0,30000.0,30100.0,30100.0,1005100,0.0,0.0
2026-07-16 00:00:00+07:00,30100.0,30450.0,29250.0,30250.0,30250.0,1225400,0.0,0.0
2026-07-17 00:00:00+07:00,30400.0,30400.0,29600.0,29700.0,29700.0,805000,0.0,0.0
2026-07-20 00:00:00+07:00,29700.0,29700.0,27900.0,27900.0,27900.0,1635100,0.0,0.0
2026-07-21 00:00:00+07:00,27900.0,28400.0,27200.0,27350.0,27350.0,993500,0.0,0.0
2026-07-22 00:00:00+07:00,27100.0,28150.0,27100.0,27150.0,27150.0,1768300,0.0,0.0
2026-07-23 00:00:00+07:00,27550.0,27850.0,26100.0,27100.0,27100.0,2528200,0.0,0.0
2026-07-24 00:00:00+07:00,27050.0,27100.0,26200.0,26200.0,26200.0,1312600,0.0,0.0
2026-07-27 00:00:00+07:00,26300.0,26950.0,26000.0,26000.0,26000.0,1547600,0.0,0.0
2026-07-28 00:00:00+07:00,25850.0,26850.0,25550.0,26350.0,26350.0,1180100,0.0,0.0
2026-07-29 00:00:00+07:00,26500.0,26750.0,26300.0,26750.0,26750.0,1239700,0.0,0.0
2026-07-30 00:00:00+07:00,26750.0,27900.0,26750.0,27550.0,27550.0,1627200,0.0,0.0
2026-07-31 00:00:00+07:00,27900.0,28400.0,27500.0,27500.0,27500.0,2216700,0.0,0.0
2026-08-03 00:00:00+07:00,27700.0,28500.0,27650.0,28200.0,28200.0,1804000,0.0,0.0
2026-08-04 00:00:00+07:00,28300.0,28600.0,28050.0,28500.0,28500.0,1402200,0.0,0.0
2026-08-05 00:00:00+07:00,28650.0,28750.0,28050.0,28150.0,28150.0,1300700,0.0,0.0
2026-08-06 00:00:00+07:00,28150.0,28300.0,27750.0,27850.0,27850.0,1138800,0.0,0.0
2026-08-07 00:00:00+07:00,28250.0,29750.0,28200.0,29750.0,29750.0,2129200,0.0,0.0
2026-08-10 00:00:00+07:00,31800.0,31800.0,31100.0,31800.0,31800.0,6118100,0.0,0.0
2026-08-11 00:00:00+07:00,31800.0,32200.0,31250.0,31400.0,31400.0,2514400,0.0,0.0
2026-08-12 00:00:00+07:00,31400.0,32650.0,31300.0,32250.0,32250.0,3730100,0.0,0.0
2026-08-13 00:00:00+07:00,32000.0,32900.0,31850.0,32650.0,32650.0,4974900,0.0,0.0
2026-08-14 00:00:00+07:00,32250.0,32600.0,31200.0,31200.0,31200.0,3662700,0.0,0.0
2026-08-17 00:00:00+07:00,31200.0,32100.0,30900.0,31350.0,31350.0,1799100,0.0,0.0
2026-08-18 00:00:00+07:00,31600.0,32900.0,31350.0,32000.0,32000.0,3420700,0.0,0.0
2026-08-19 00:00:00+07:00,32300.0,32300.0,31450.0,31700.0,31700.0,1513300,0.0,0.0
2026-08-20 00:00:00+07:00,31950.0,31950.0,31200.0,31450.0,31450.0,1405800,0.0,0.0
2026-08-21 00:00:00+07:00,31250.0,32250.0,31200.0,32100.0,32100.0,2200000,0.0,0.0
2026-08-24 00:00:00+07:00,32300.0,33300.0,32100.0,32200.0,32200.0,3394700,0.0,0.0
2026-08-25 00:00:00+07:00,32200.0,32500.0,31750.0,32500.0,32500.0,2610200,0.0,0.0
2026-08-26 00:00:00+07:00,32500.0,34250.0,32500.0,33400.0,33400.0,4781400,0.0,0.0
2026-08-27 00:00:00+07:00,33450.0,33550.0,32850.0,32950.0,32950.0,2056100,0.0,0.0
2026-08-28 00:00:00+07:00,33250.0,33250.0,32350.0,32350.0,32350.0,2210200,0.0,0.0
2026-08-31 00:00:00+07:00,32350.0,32350.0,32350.0,32350.0,32350.0,0,0.0,0.0
