Date,Open,High,Low,Close,Adj Close,Volume,Dividends,Stock Splits
2020-01-01 00:00:00+07:00,5103.66064453125,5103.66064453125,5103.66064453125,5103.66064453125,4612.8466796875,0,0.0,0.0
2020-01-02 00:00:00+07:00,5094.3984375,5149.9736328125,5029.560546875,5149.9736328125,4654.70556640625,11567936,0.0,0.0
2020-01-03 00:00:00+07:00,5140.7109375,5140.7109375,5075.873046875,5103.66064453125,4612.8466796875,7047956,0.0,0.0
2020-01-06 00:00:00+07:00,5094.3984375,5094.3984375,4964.72265625,5001.77294921875,4520.7568359375,7068793,0.0,0.0
2020-01-07 00:00:00+07:00,5001.77294921875,5001.77294921875,4927.67236328125,4946.19775390625,4470.5263671875,4672745,0.0,0.0
2020-01-08 00:00:00+07:00,4927.67236328125,4983.248046875,4844.3095703125,4946.19775390625,4470.5263671875,10551692,0.0,0.0
2020-01-09 00:00:00+07:00,4946.19775390625,5112.92333984375,4936.93505859375,5094.3984375,4604.47509765625,10928155,0.0,0.0
2020-01-10 00:00:00+07:00,5103.66064453125,5261.1240234375,5103.66064453125,5205.548828125,4704.93603515625,10350074,0.0,0.0
2020-01-13 00:00:00+07:00,5205.548828125,5214.8115234375,5122.18603515625,5168.49853515625,4671.44873046875,4676793,0.0,0.0
2020-01-14 00:00:00+07:00,5131.44873046875,5214.8115234375,5112.92333984375,5187.02392578125,4688.19287109375,4388643,0.0,0.0
2020-01-15 00:00:00+07:00,5187.02392578125,5196.2861328125,5122.18603515625,5140.7109375,4646.33349609375,3845812,0.0,0.0
2020-01-16 00:00:00+07:00,5140.7109375,5316.69921875,5131.44873046875,5307.43701171875,4797.025390625,14667247,0.0,0.0
2020-01-17 00:00:00+07:00,5316.69921875,5363.01220703125,5288.91162109375,5288.91162109375,4780.28173828125,11128316,0.0,0.0
2020-01-20 00:00:00+07:00,5288.91162109375,5288.91162109375,5205.548828125,5233.33642578125,4730.05126953125,5072581,0.0,0.0
2020-01-21 00:00:00+07:00,5233.33642578125,5390.7998046875,5224.07373046875,5363.01220703125,4847.25634765625,8941281,0.0,0.0
2020-01-22 00:00:00+07:00,5363.01220703125,5381.537109375,5279.6494140625,5372.2744140625,4855.6279296875,12100511,0.0,0.0
2020-01-23 00:00:00+07:00,5372.2744140625,5372.2744140625,5372.2744140625,5372.2744140625,4855.6279296875,0,0.0,0.0
2020-01-24 00:00:00+07:00,5372.2744140625,5372.2744140625,5372.2744140625,5372.2744140625,4855.6279296875,0,0.0,0.0
2020-01-27 00:00:00+07:00,5372.2744140625,5372.2744140625,5372.2744140625,5372.2744140625,4855.6279296875,0,0.0,0.0
2020-01-28 00:00:00+07:00,5372.2744140625,5372.2744140625,5372.2744140625,5372.2744140625,4855.6279296875,0,0.0,0.0
2020-01-29 00:00:00+07:00,5372.2744140625,5372.2744140625,5372.2744140625,5372.2744140625,4855.6279296875,0,0.0,0.0
2020-01-30 00:00:00+07:00,5316.69921875,5316.69921875,5177.76123046875,5177.76123046875,4679.8203125,9153912,0.0,0.0
2020-01-31 00:00:00+07:00,5159.236328125,5168.49853515625,4816.52197265625,5001.77294921875,4520.7568359375,10209130,0.0,0.0
2020-02-03 00:00:00+07:00,4936.93505859375,5085.1357421875,4733.1591796875,5001.77294921875,4520.7568359375,9851938,0.0,0.0
2020-02-04 00:00:00+07:00,5011.03564453125,5131.44873046875,4973.9853515625,5103.66064453125,4612.8466796875,8747544,0.0,0.0
2020-02-05 00:00:00+07:00,5103.66064453125,5279.6494140625,5048.08544921875,5261.1240234375,4755.16650390625,7182207,0.0,0.0
2020-02-06 00:00:00+07:00,5270.38671875,5557.525390625,5251.861328125,5539.00048828125,5006.3203125,17819297,0.0,0.0
2020-02-07 00:00:00+07:00,5539.00048828125,5576.05029296875,5483.42529296875,5548.2626953125,5014.69140625,9487028,0.0,0.0
2020-02-10 00:00:00+07:00,5529.73779296875,5539.00048828125,5400.06201171875,5464.89990234375,4939.345703125,6641481,0.0,0.0
2020-02-11 00:00:00+07:00,5446.375,5483.42529296875,5344.48681640625,5372.2744140625,4855.6279296875,14223362,0.0,0.0
2020-02-12 00:00:00+07:00,5381.537109375,5539.00048828125,5381.537109375,5409.32470703125,4889.115234375,9663275,0.0,0.0
2020-02-13 00:00:00+07:00,5418.58740234375,5464.89990234375,5390.7998046875,5409.32470703125,4889.115234375,6677648,0.0,0.0
2020-02-14 00:00:00+07:00,5418.58740234375,5474.16259765625,5298.17431640625,5298.17431640625,4788.65380859375,11409610,0.0,0.0
2020-02-17 00:00:00+07:00,5298.17431640625,5325.9619140625,5288.91162109375,5325.9619140625,4813.76904296875,11178518,0.0,0.0
2020-02-18 00:00:00+07:00,5316.69921875,5372.2744140625,5307.43701171875,5307.43701171875,4797.025390625,5829500,0.0,0.0
2020-02-19 00:00:00+07:00,5307.43701171875,5307.43701171875,5205.548828125,5279.6494140625,4771.91064453125,9201847,0.0,0.0
2020-02-20 00:00:00+07:00,5288.91162109375,5307.43701171875,5242.59912109375,5261.1240234375,4755.16650390625,6176489,0.0,0.0
2020-02-21 00:00:00+07:00,5251.861328125,5316.69921875,5224.07373046875,5261.1240234375,4755.16650390625,6442939,0.0,0.0
2020-02-24 00:00:00+07:00,5187.02392578125,5196.2861328125,5048.08544921875,5048.08544921875,4562.6162109375,7377186,0.0,0.0
2020-02-25 00:00:00+07:00,5001.77294921875,5196.2861328125,4992.51025390625,5187.02392578125,4688.19287109375,9902842,0.0,0.0
2020-02-26 00:00:00+07:00,5131.44873046875,5233.33642578125,5066.61083984375,5131.44873046875,4637.9619140625,6479160,0.0,0.0
2020-02-27 00:00:00+07:00,5140.7109375,5205.548828125,5122.18603515625,5187.02392578125,4688.19287109375,6713383,0.0,0.0
2020-02-28 00:00:00+07:00,5103.66064453125,5149.9736328125,5038.8232421875,5149.9736328125,4654.70556640625,5576438,0.0,0.0
2020-03-02 00:00:00+07:00,5131.44873046875,5187.02392578125,5075.873046875,5131.44873046875,4637.9619140625,7125689,0.0,0.0
2020-03-03 00:00:00+07:00,5187.02392578125,5242.59912109375,5112.92333984375,5131.44873046875,4637.9619140625,13708493,0.0,0.0
2020-03-05 00:00:00+07:00,5233.33642578125,5307.43701171875,5140.7109375,5187.02392578125,4688.19287109375,6395058,0.0,0.0
2020-03-06 00:00:00+07:00,5168.49853515625,5187.02392578125,5094.3984375,5187.02392578125,4688.19287109375,3887593,0.0,0.0
2020-03-09 00:00:00+07:00,4964.72265625,4973.9853515625,4825.78466796875,4825.78466796875,4361.693359375,8700634,0.0,0.0
2020-03-10 00:00:00+07:00,4640.53369140625,4936.93505859375,4631.27099609375,4779.4716796875,4319.833984375,13488035,0.0,0.0
2020-03-11 00:00:00+07:00,4816.52197265625,4816.52197265625,4446.0205078125,4538.64599609375,4102.16845703125,7315378,0.0,0.0
2020-03-12 00:00:00+07:00,4473.80810546875,4473.80810546875,4223.71923828125,4223.71923828125,3817.528076171875,11759460,0.0,0.0
2020-03-13 00:00:00+07:00,3936.58056640625,4344.13232421875,3936.58056640625,4260.76953125,3851.01513671875,17654008,0.0,0.0
2020-03-16 00:00:00+07:00,4140.3564453125,4260.76953125,3964.3681640625,4019.943359375,3633.34912109375,13479884,0.0,0.0
2020-03-17 00:00:00+07:00,3816.16748046875,4177.40673828125,3760.59228515625,3927.31787109375,3549.63134765625,16652177,0.0,0.0
2020-03-18 00:00:00+07:00,4066.256103515625,4066.256103515625,3899.5302734375,3945.843017578125,3566.375,9242116,0.0,0.0
2020-03-19 00:00:00+07:00,3890.267822265625,3890.267822265625,3677.229248046875,3871.74267578125,3499.40087890625,12358054,0.0,0.0
2020-03-20 00:00:00+07:00,3834.692626953125,3871.74267578125,3658.704345703125,3871.74267578125,3499.40087890625,8308787,0.0,0.0
2020-03-23 00:00:00+07:00,3630.916748046875,3630.916748046875,3603.12890625,3603.12890625,3256.619140625,3756420,0.0,0.0
2020-03-24 00:00:00+07:00,3603.12890625,3649.441650390625,3464.19091796875,3519.76611328125,3181.2734375,8902037,0.0,0.0
2020-03-25 00:00:00+07:00,3686.491943359375,3686.491943359375,3547.5537109375,3686.491943359375,3331.96533203125,11154226,0.0,0.0
2020-03-26 00:00:00+07:00,3667.966796875,3686.491943359375,3501.240966796875,3630.916748046875,3281.73486328125,18477594,0.0,0.0
2020-03-27 00:00:00+07:00,3612.3916015625,3612.3916015625,3380.827880859375,3380.827880859375,3055.69677734375,10612636,0.0,0.0
2020-03-30 00:00:00+07:00,3241.889892578125,3241.889892578125,3149.264404296875,3195.5771484375,2888.261474609375,9702627,0.0,0.0
2020-03-31 00:00:00+07:00,3325.252685546875,3390.090576171875,2982.53857421875,3297.465087890625,2980.35107421875,8091622,0.0,0.0
2020-04-01 00:00:00+07:00,3315.990234375,3510.503662109375,3306.7275390625,3510.503662109375,3172.90185546875,4060386,0.0,0.0
2020-04-02 00:00:00+07:00,3510.503662109375,3510.503662109375,3510.503662109375,3510.503662109375,3172.90185546875,0,0.0,0.0
2020-04-03 00:00:00+07:00,3538.291259765625,3621.654052734375,3519.76611328125,3621.654052734375,3273.36279296875,6120079,0.0,0.0
2020-04-06 00:00:00+07:00,3630.916748046875,3797.642333984375,3630.916748046875,3797.642333984375,3432.426513671875,10906940,0.0,0.0
2020-04-07 00:00:00+07:00,3797.642333984375,3871.74267578125,3723.5419921875,3843.955078125,3474.285400390625,6124938,0.0,0.0
2020-04-08 00:00:00+07:00,3797.642333984375,3834.692626953125,3714.279541015625,3825.429931640625,3457.5419921875,5832739,0.0,0.0
2020-04-09 00:00:00+07:00,3825.429931640625,3853.217529296875,3732.8046875,3825.429931640625,3457.5419921875,11248855,0.0,0.0
2020-04-10 00:00:00+07:00,3732.8046875,3797.642333984375,3667.966796875,3705.016845703125,3348.708740234375,8507869,0.0,0.0
2020-04-13 00:00:00+07:00,3695.75439453125,3742.067138671875,3584.60400390625,3742.067138671875,3382.196044921875,8751754,0.0,0.0
2020-04-14 00:00:00+07:00,3751.32958984375,3751.32958984375,3621.654052734375,3705.016845703125,3348.708740234375,5773522,0.0,0.0
2020-04-15 00:00:00+07:00,3705.016845703125,3825.429931640625,3705.016845703125,3825.429931640625,3457.5419921875,6348796,0.0,0.0
2020-04-16 00:00:00+07:00,3816.16748046875,3927.31787109375,3779.1171875,3881.00537109375,3507.772705078125,9525840,0.0,0.0
2020-04-17 00:00:00+07:00,4019.943359375,4075.5185546875,3973.630615234375,3982.893310546875,3599.8623046875,13303366,0.0,0.0
2020-04-20 00:00:00+07:00,4038.468505859375,4066.256103515625,3936.58056640625,3955.105712890625,3574.746826171875,8128113,0.0,0.0
2020-04-21 00:00:00+07:00,3853.217529296875,3890.267822265625,3695.75439453125,3723.5419921875,3365.452392578125,11961078,0.0,0.0
2020-04-22 00:00:00+07:00,3612.3916015625,3871.74267578125,3575.34130859375,3853.217529296875,3482.6572265625,8032513,0.0,0.0
2020-04-23 00:00:00+07:00,3890.267822265625,3927.31787109375,3742.067138671875,3816.16748046875,3449.170166015625,12171388,0.0,0.0
2020-04-24 00:00:00+07:00,3816.16748046875,3816.16748046875,3714.279541015625,3816.16748046875,3449.170166015625,11206642,0.0,0.0
2020-04-27 00:00:00+07:00,3779.1171875,3853.217529296875,3751.32958984375,3797.642333984375,3432.426513671875,9527027,0.0,0.0
2020-04-28 00:00:00+07:00,3797.642333984375,3834.692626953125,3723.5419921875,3806.905029296875,3440.798583984375,8939662,0.0,0.0
2020-04-29 00:00:00+07:00,3806.905029296875,3834.692626953125,3788.3798828125,3825.429931640625,3457.5419921875,11361513,0.0,0.0
2020-04-30 00:00:00+07:00,3825.429931640625,3825.429931640625,3825.429931640625,3825.429931640625,3457.5419921875,0,0.0,0.0
2020-05-01 00:00:00+07:00,3825.429931640625,3825.429931640625,3825.429931640625,3825.429931640625,3457.5419921875,0,0.0,0.0
2020-05-04 00:00:00+07:00,3825.429931640625,4010.680908203125,3806.905029296875,3992.15576171875,3608.23388671875,9787809,0.0,0.0
2020-05-05 00:00:00+07:00,4001.418212890625,4019.943359375,3908.79296875,4010.680908203125,3624.9775390625,6353817,0.0,0.0
2020-05-06 00:00:00+07:00,4001.418212890625,4001.418212890625,3918.055419921875,3964.3681640625,3583.11865234375,2126090,0.0,0.0
2020-05-07 00:00:00+07:00,4038.468505859375,4038.468505859375,3927.31787109375,3945.843017578125,3566.375,6500159,0.0,0.0
2020-05-08 00:00:00+07:00,3945.843017578125,4214.45703125,3945.843017578125,4149.619140625,3750.55419921875,11966800,0.0,0.0
2020-05-11 00:00:00+07:00,4149.619140625,4242.24462890625,4075.5185546875,4177.40673828125,3775.669189453125,7930867,0.0,0.0
2020-05-12 00:00:00+07:00,4177.40673828125,4242.24462890625,4158.88134765625,4205.1943359375,3800.78466796875,5487694,0.0,0.0
2020-05-13 00:00:00+07:00,4186.6689453125,4427.4951171875,4112.56884765625,4390.4453125,3968.220458984375,12250092,0.0,0.0
2020-05-14 00:00:00+07:00,4297.81982421875,4353.39501953125,4260.76953125,4260.76953125,3851.01513671875,4646888,0.0,0.0
2020-05-15 00:00:00+07:00,4260.76953125,4260.76953125,4260.76953125,4260.76953125,3851.01513671875,0,0.0,0.0
2020-05-18 00:00:00+07:00,4260.76953125,4260.76953125,4260.76953125,4260.76953125,3851.01513671875,0,0.0,0.0
2020-05-19 00:00:00+07:00,4390.4453125,4427.4951171875,4316.3447265625,4427.4951171875,4001.706787109375,7115163,0.0,0.0
2020-05-20 00:00:00+07:00,4427.4951171875,4427.4951171875,4427.4951171875,4427.4951171875,4001.706787109375,0,0.0,0.0
2020-05-21 00:00:00+07:00,4288.55712890625,4640.53369140625,4288.55712890625,4640.53369140625,4194.2578125,6065019,0.0,0.0
2020-05-22 00:00:00+07:00,4446.0205078125,4538.64599609375,4418.23291015625,4427.4951171875,4001.706787109375,5649852,0.0,0.0
2020-05-25 00:00:00+07:00,4446.0205078125,4520.12060546875,4408.97021484375,4464.54541015625,4035.194091796875,5088235,0.0,0.0
2020-05-26 00:00:00+07:00,4390.4453125,4510.8583984375,4390.4453125,4510.8583984375,4077.05322265625,4075986,0.0,0.0
2020-05-27 00:00:00+07:00,4594.22119140625,4594.22119140625,4390.4453125,4390.4453125,3968.220458984375,4592691,0.0,0.0
2020-05-28 00:00:00+07:00,4446.0205078125,4446.0205078125,4381.1826171875,4390.4453125,3968.220458984375,2753995,0.0,0.0
2020-05-29 00:00:00+07:00,4371.919921875,4483.0703125,4307.08203125,4483.0703125,4051.937744140625,5062864,0.0,0.0
2020-06-01 00:00:00+07:00,4492.3330078125,4631.27099609375,4492.3330078125,4622.0087890625,4177.5146484375,4808560,0.0,0.0
2020-06-02 00:00:00+07:00,4936.93505859375,4936.93505859375,4909.1474609375,4936.93505859375,4462.15478515625,12106287,0.0,0.0
2020-06-03 00:00:00+07:00,5279.6494140625,5279.6494140625,5001.77294921875,5279.6494140625,4771.91064453125,10794714,0.0,0.0
2020-06-04 00:00:00+07:00,5279.6494140625,5316.69921875,5149.9736328125,5149.9736328125,4654.70556640625,5093903,0.0,0.0
2020-06-05 00:00:00+07:00,5075.873046875,5149.9736328125,4983.248046875,5094.3984375,4604.47509765625,5030314,0.0,0.0
2020-06-08 00:00:00+07:00,5094.3984375,5094.3984375,5094.3984375,5094.3984375,4604.47509765625,0,0.0,0.0
2020-06-09 00:00:00+07:00,5094.3984375,5094.3984375,5094.3984375,5094.3984375,4604.47509765625,0,0.0,0.0
2020-06-10 00:00:00+07:00,5196.2861328125,5205.548828125,5075.873046875,5187.02392578125,4688.19287109375,3882465,0.0,0.0
2020-06-11 00:00:00+07:00,5149.9736328125,5168.49853515625,4983.248046875,5038.8232421875,4554.244140625,9735340,0.0,0.0
2020-06-12 00:00:00+07:00,4742.421875,5001.77294921875,4742.421875,4983.248046875,4504.013671875,5003431,0.0,0.0
2020-06-15 00:00:00+07:00,5279.6494140625,5307.43701171875,4909.1474609375,5057.34814453125,4570.98779296875,14391351,0.0,0.0
2020-06-16 00:00:00+07:00,5094.3984375,5112.92333984375,5001.77294921875,5057.34814453125,4570.98779296875,9332642,0.0,0.0
2020-06-17 00:00:00+07:00,5057.34814453125,5057.34814453125,4964.72265625,4973.9853515625,4495.64208984375,3183737,0.0,0.0
2020-06-18 00:00:00+07:00,4909.1474609375,4955.4599609375,4872.09716796875,4918.41015625,4445.41162109375,3691157,0.0,0.0
2020-06-19 00:00:00+07:00,4881.35986328125,4964.72265625,4881.35986328125,4964.72265625,4487.27001953125,2464712,0.0,0.0
2020-06-22 00:00:00+07:00,4992.51025390625,4992.51025390625,4844.3095703125,4909.1474609375,4437.0390625,3479282,0.0,0.0
2020-06-23 00:00:00+07:00,4964.72265625,4964.72265625,4881.35986328125,4909.1474609375,4437.0390625,3327758,0.0,0.0
2020-06-24 00:00:00+07:00,4909.1474609375,4927.67236328125,4853.572265625,4862.8349609375,4395.1806640625,2501149,0.0,0.0
2020-06-25 00:00:00+07:00,4825.78466796875,4825.78466796875,4723.896484375,4760.94677734375,4303.0908203125,3942815,0.0,0.0
2020-06-26 00:00:00+07:00,4816.52197265625,4835.04736328125,4659.05859375,4696.10888671875,4244.48876953125,5017196,0.0,0.0
2020-06-29 00:00:00+07:00,4631.27099609375,4659.05859375,4418.23291015625,4575.69580078125,4135.6552734375,8593806,0.0,0.0
2020-06-30 00:00:00+07:00,4612.74609375,4640.53369140625,4418.23291015625,4594.22119140625,4152.39892578125,5435926,0.0,0.0
2020-07-01 00:00:00+07:00,4510.8583984375,4594.22119140625,4464.54541015625,4547.908203125,4110.5400390625,5001110,0.0,0.0
2020-07-02 00:00:00+07:00,4631.27099609375,4668.3212890625,4529.38330078125,4575.69580078125,4135.6552734375,3817580,0.0,0.0
2020-07-03 00:00:00+07:00,4622.0087890625,4890.62255859375,4594.22119140625,4816.52197265625,4353.3212890625,9157205,0.0,0.0
2020-07-06 00:00:00+07:00,4816.52197265625,4872.09716796875,4751.68408203125,4816.52197265625,4353.3212890625,4194150,0.0,0.0
2020-07-07 00:00:00+07:00,4862.8349609375,4872.09716796875,4816.52197265625,4816.52197265625,4353.3212890625,3638579,0.0,0.0
2020-07-08 00:00:00+07:00,4816.52197265625,4835.04736328125,4760.94677734375,4825.78466796875,4361.693359375,2778394,0.0,0.0
2020-07-09 00:00:00+07:00,4825.78466796875,5057.34814453125,4825.78466796875,5038.8232421875,4554.244140625,9005464,0.0,0.0
2020-07-10 00:00:00+07:00,5038.8232421875,5038.8232421875,5038.8232421875,5038.8232421875,4554.244140625,0,0.0,0.0
2020-07-13 00:00:00+07:00,4946.19775390625,5001.77294921875,4890.62255859375,4936.93505859375,4462.15478515625,4314366,0.0,0.0
2020-07-14 00:00:00+07:00,4927.67236328125,4955.4599609375,4862.8349609375,4946.19775390625,4470.5263671875,6237596,0.0,0.0
2020-07-15 00:00:00+07:00,4946.19775390625,4946.19775390625,4946.19775390625,4946.19775390625,4470.5263671875,0,0.0,0.0
2020-07-16 00:00:00+07:00,4973.9853515625,5038.8232421875,4927.67236328125,5038.8232421875,4554.244140625,4472476,0.0,0.0
2020-07-17 00:00:00+07:00,4973.9853515625,5011.03564453125,4973.9853515625,4992.51025390625,4512.38525390625,3239661,0.0,0.0
2020-07-20 00:00:00+07:00,5001.77294921875,5038.8232421875,4946.19775390625,4955.4599609375,4478.89794921875,3968348,0.0,0.0
2020-07-21 00:00:00+07:00,4992.51025390625,4992.51025390625,4909.1474609375,4918.41015625,4445.41162109375,3554207,0.0,0.0
2020-07-22 00:00:00+07:00,4918.41015625,4973.9853515625,4835.04736328125,4872.09716796875,4403.55224609375,3676960,0.0,0.0
2020-07-23 00:00:00+07:00,4872.09716796875,4927.67236328125,4835.04736328125,4927.67236328125,4453.78271484375,3065573,0.0,0.0
2020-07-24 00:00:00+07:00,4872.09716796875,4909.1474609375,4594.22119140625,4686.8466796875,4236.11669921875,7033544,0.0,0.0
2020-07-27 00:00:00+07:00,4390.4453125,4594.22119140625,4362.65771484375,4362.65771484375,3943.10498046875,8991267,0.0,0.0
2020-07-28 00:00:00+07:00,4362.65771484375,4501.595703125,4270.0322265625,4446.0205078125,4018.450927734375,10605403,0.0,0.0
2020-07-29 00:00:00+07:00,4297.81982421875,4446.0205078125,4242.24462890625,4408.97021484375,3984.963623046875,5183242,0.0,0.0
2020-07-30 00:00:00+07:00,4371.919921875,4492.3330078125,4371.919921875,4464.54541015625,4035.194091796875,2702875,0.0,0.0
2020-07-31 00:00:00+07:00,4270.0322265625,4464.54541015625,4270.0322265625,4436.7578125,4010.0791015625,3734935,0.0,0.0
2020-08-03 00:00:00+07:00,4399.70751953125,4557.1708984375,4399.70751953125,4520.12060546875,4085.425048828125,3109027,0.0,0.0
2020-08-04 00:00:00+07:00,4612.74609375,4612.74609375,4520.12060546875,4566.43359375,4127.2841796875,2576452,0.0,0.0
2020-08-05 00:00:00+07:00,4566.43359375,4742.421875,4547.908203125,4723.896484375,4269.603515625,4338873,0.0,0.0
2020-08-06 00:00:00+07:00,4723.896484375,4862.8349609375,4649.79638671875,4816.52197265625,4353.3212890625,5186049,0.0,0.0
2020-08-07 00:00:00+07:00,4816.52197265625,4835.04736328125,4760.94677734375,4825.78466796875,4361.693359375,3345247,0.0,0.0
2020-08-10 00:00:00+07:00,4835.04736328125,4964.72265625,4835.04736328125,4909.1474609375,4437.0390625,5624859,0.0,0.0
2020-08-11 00:00:00+07:00,4946.19775390625,4983.248046875,4881.35986328125,4946.19775390625,4470.5263671875,5031178,0.0,0.0
2020-08-12 00:00:00+07:00,4946.19775390625,4973.9853515625,4918.41015625,4973.9853515625,4495.64208984375,2933805,0.0,0.0
2020-08-13 00:00:00+07:00,4983.248046875,5020.2978515625,4946.19775390625,5020.2978515625,4537.50048828125,5395656,0.0,0.0
2020-08-14 00:00:00+07:00,5057.34814453125,5131.44873046875,5020.2978515625,5075.873046875,4587.73095703125,10743486,0.0,0.0
2020-08-17 00:00:00+07:00,5103.66064453125,5140.7109375,5066.61083984375,5112.92333984375,4621.21826171875,8819014,0.0,0.0
2020-08-18 00:00:00+07:00,5140.7109375,5140.7109375,5038.8232421875,5075.873046875,4587.73095703125,4582381,0.0,0.0
2020-08-19 00:00:00+07:00,5075.873046875,5085.1357421875,5011.03564453125,5029.560546875,4545.87255859375,3976068,0.0,0.0
2020-08-20 00:00:00+07:00,5029.560546875,5048.08544921875,4973.9853515625,4973.9853515625,4495.64208984375,7125419,0.0,0.0
2020-08-21 00:00:00+07:00,4983.248046875,5057.34814453125,4983.248046875,5038.8232421875,4554.244140625,2618125,0.0,0.0
2020-08-24 00:00:00+07:00,5038.8232421875,5224.07373046875,5038.8232421875,5224.07373046875,4721.6796875,8142526,0.0,0.0
2020-08-25 00:00:00+07:00,5224.07373046875,5298.17431640625,5224.07373046875,5224.07373046875,4721.6796875,5728340,0.0,0.0
2020-08-26 00:00:00+07:00,5187.02392578125,5270.38671875,5168.49853515625,5233.33642578125,4730.05126953125,3572291,0.0,0.0
2020-08-27 00:00:00+07:00,5224.07373046875,5261.1240234375,5205.548828125,5214.8115234375,4713.3076171875,2996963,0.0,0.0
2020-08-28 00:00:00+07:00,5214.8115234375,5279.6494140625,5214.8115234375,5224.07373046875,4721.6796875,3993665,0.0,0.0
2020-08-31 00:00:00+07:00,5224.07373046875,5270.38671875,5214.8115234375,5251.861328125,4746.79443359375,3942707,0.0,0.0
2020-09-01 00:00:00+07:00,5242.59912109375,5298.17431640625,5233.33642578125,5279.6494140625,4771.91064453125,4925159,0.0,0.0
2020-09-02 00:00:00+07:00,5279.6494140625,5279.6494140625,5279.6494140625,5279.6494140625,4771.91064453125,0,0.0,0.0
2020-09-03 00:00:00+07:00,5372.2744140625,5520.47509765625,5353.74951171875,5520.47509765625,4989.576171875,11370420,0.0,0.0
2020-09-04 00:00:00+07:00,5501.9501953125,5548.2626953125,5446.375,5501.9501953125,4972.8330078125,9378364,0.0,0.0
2020-09-07 00:00:00+07:00,5557.525390625,5557.525390625,5409.32470703125,5409.32470703125,4889.115234375,8098532,0.0,0.0
2020-09-08 00:00:00+07:00,5409.32470703125,5501.9501953125,5298.17431640625,5446.375,4922.6025390625,5285265,0.0,0.0
2020-09-09 00:00:00+07:00,5353.74951171875,5464.89990234375,5335.224609375,5390.7998046875,4872.37158203125,5222594,0.0,0.0
2020-09-10 00:00:00+07:00,5437.1123046875,5464.89990234375,5390.7998046875,5427.85009765625,4905.85888671875,2755237,0.0,0.0
2020-09-11 00:00:00+07:00,5427.85009765625,5427.85009765625,5427.85009765625,5427.85009765625,4905.85888671875,0,0.0,0.0
2020-09-14 00:00:00+07:00,5705.72607421875,5705.72607421875,5576.05029296875,5603.83837890625,5064.92236328125,8949108,0.0,0.0
2020-09-15 00:00:00+07:00,5594.57568359375,5622.36328125,5539.00048828125,5539.00048828125,5006.3203125,8518719,0.0,0.0
2020-09-16 00:00:00+07:00,5539.00048828125,5585.31298828125,5501.9501953125,5529.73779296875,4997.94775390625,6860913,0.0,0.0
2020-09-17 00:00:00+07:00,5529.73779296875,5548.2626953125,5483.42529296875,5483.42529296875,4956.08935546875,6145288,0.0,0.0
2020-09-18 00:00:00+07:00,5483.42529296875,5539.00048828125,5483.42529296875,5511.212890625,4981.20458984375,5439597,0.0,0.0
2020-09-21 00:00:00+07:00,5585.31298828125,5724.2509765625,5585.31298828125,5687.201171875,5140.2685546875,11122270,0.0,0.0
2020-09-22 00:00:00+07:00,5687.201171875,5724.2509765625,5613.1005859375,5724.2509765625,5173.75537109375,9995905,0.0,0.0
2020-09-23 00:00:00+07:00,5742.7763671875,5789.0888671875,5714.98876953125,5752.0390625,5198.87060546875,5709447,0.0,0.0
2020-09-24 00:00:00+07:00,5742.7763671875,5761.30126953125,5724.2509765625,5752.0390625,5198.87060546875,4725160,0.0,0.0
2020-09-25 00:00:00+07:00,5752.0390625,5770.56396484375,5687.201171875,5770.56396484375,5215.6142578125,7878236,0.0,0.0
2020-09-28 00:00:00+07:00,5872.45166015625,5872.45166015625,5779.82666015625,5826.13916015625,5265.8447265625,5894116,0.0,0.0
2020-09-29 00:00:00+07:00,5835.40185546875,5928.02734375,5789.0888671875,5789.0888671875,5232.357421875,11154712,0.0,0.0
2020-09-30 00:00:00+07:00,5816.87646484375,5826.13916015625,5761.30126953125,5798.3515625,5240.7294921875,14022769,0.0,0.0
2020-10-01 00:00:00+07:00,6051.35791015625,6149.35546875,6039.1083984375,6075.857421875,5491.5478515625,11834767,0.0,1.3225
2020-10-02 00:00:00+07:00,6124.85595703125,6137.10595703125,5928.86083984375,6051.35791015625,5469.404296875,7909042,0.0,0.0
2020-10-05 00:00:00+07:00,6100.35693359375,6124.85595703125,6051.35791015625,6075.857421875,5491.5478515625,4094790,0.0,0.0
2020-10-06 00:00:00+07:00,6088.10693359375,6124.85595703125,6039.1083984375,6051.35791015625,5469.404296875,6507295,0.0,0.0
2020-10-07 00:00:00+07:00,6002.35888671875,6075.857421875,5990.109375,6051.35791015625,5469.404296875,5666622,0.0,0.0
2020-10-08 00:00:00+07:00,6026.8583984375,6063.607421875,5953.3603515625,6002.35888671875,5425.1171875,6148226,0.0,0.0
2020-10-09 00:00:00+07:00,6039.1083984375,6039.1083984375,6002.35888671875,6002.35888671875,5425.1171875,5773727,0.0,0.0
2020-10-12 00:00:00+07:00,6026.8583984375,6051.35791015625,5953.3603515625,5965.60986328125,5391.90283203125,5518537,0.0,0.0
2020-10-13 00:00:00+07:00,5965.60986328125,5977.85986328125,5879.86181640625,5879.86181640625,5314.40087890625,5772951,0.0,0.0
2020-10-14 00:00:00+07:00,5879.86181640625,5977.85986328125,5855.3623046875,5941.1103515625,5369.75927734375,5403963,0.0,0.0
2020-10-15 00:00:00+07:00,5977.85986328125,6026.8583984375,5928.86083984375,6026.8583984375,5447.2607421875,5400902,0.0,0.0
2020-10-16 00:00:00+07:00,6026.8583984375,6124.85595703125,5977.85986328125,6075.857421875,5491.5478515625,6103408,0.0,0.0
2020-10-19 00:00:00+07:00,6100.35693359375,6100.35693359375,6026.8583984375,6063.607421875,5480.4755859375,5137875,0.0,0.0
2020-10-20 00:00:00+07:00,6051.35791015625,6271.8525390625,6051.35791015625,6198.3544921875,5602.2646484375,9660104,0.0,0.0
2020-10-21 00:00:00+07:00,6271.8525390625,6320.8515625,6186.1044921875,6198.3544921875,5602.2646484375,9259197,0.0,0.0
2020-10-22 00:00:00+07:00,6198.3544921875,6235.103515625,6124.85595703125,6186.1044921875,5591.1923828125,6749342,0.0,0.0
2020-10-23 00:00:00+07:00,6198.3544921875,6235.103515625,6149.35546875,6235.103515625,5635.4794921875,8037372,0.0,0.0
2020-10-26 00:00:00+07:00,6198.3544921875,6235.103515625,6124.85595703125,6124.85595703125,5535.833984375,7786386,0.0,0.0
2020-10-27 00:00:00+07:00,6124.85595703125,6124.85595703125,6014.60888671875,6014.60888671875,5436.189453125,7488869,0.0,0.0
2020-10-28 00:00:00+07:00,6002.35888671875,6002.35888671875,5634.86767578125,5634.86767578125,5092.9677734375,13368518,0.0,0.0
2020-10-29 00:00:00+07:00,5634.86767578125,5843.11279296875,5610.3681640625,5781.8642578125,5225.82763671875,8811513,0.0,0.0
2020-10-30 00:00:00+07:00,5928.86083984375,5953.3603515625,5769.61474609375,5928.86083984375,5358.68798828125,7836102,0.0,0.0
2020-11-02 00:00:00+07:00,5928.86083984375,5977.85986328125,5830.86328125,5977.85986328125,5402.974609375,5841239,0.0,0.0
2020-11-03 00:00:00+07:00,6002.35888671875,6026.8583984375,5904.361328125,5965.60986328125,5391.90283203125,6281208,0.0,0.0
2020-11-04 00:00:00+07:00,6124.85595703125,6259.60302734375,6124.85595703125,6173.85498046875,5580.12109375,20547788,0.0,0.0
2020-11-05 00:00:00+07:00,6161.60546875,6308.60205078125,6124.85595703125,6173.85498046875,5580.12109375,12808219,0.0,0.0
2020-11-06 00:00:00+07:00,6222.85400390625,6222.85400390625,6124.85595703125,6149.35546875,5557.9775390625,5307675,0.0,0.0
2020-11-09 00:00:00+07:00,6222.85400390625,6235.103515625,6173.85498046875,6235.103515625,5635.4794921875,6895508,0.0,0.0
2020-11-10 00:00:00+07:00,6345.35107421875,6369.8505859375,6235.103515625,6247.353515625,5646.55126953125,14572097,0.0,0.0
2020-11-11 00:00:00+07:00,6247.353515625,6320.8515625,6210.60400390625,6320.8515625,5712.9814453125,14166577,0.0,0.0
2020-11-12 00:00:00+07:00,6320.8515625,6357.6005859375,6308.60205078125,6345.35107421875,5735.12451171875,7207720,0.0,0.0
2020-11-13 00:00:00+07:00,6369.8505859375,6369.8505859375,6284.1025390625,6333.10107421875,5724.052734375,16003967,0.0,0.0
2020-11-16 00:00:00+07:00,6369.8505859375,6369.8505859375,6173.85498046875,6173.85498046875,5580.12109375,27555218,0.0,0.0
2020-11-17 00:00:00+07:00,6320.8515625,6320.8515625,6259.60302734375,6296.35205078125,5690.837890625,33928592,0.0,0.0
2020-11-18 00:00:00+07:00,6320.8515625,6320.8515625,6235.103515625,6284.1025390625,5679.7666015625,24119586,0.0,0.0
2020-11-19 00:00:00+07:00,6235.103515625,6271.8525390625,6222.85400390625,6235.103515625,5635.4794921875,19852302,0.0,0.0
2020-11-20 00:00:00+07:00,6235.103515625,6369.8505859375,6235.103515625,6320.8515625,5712.9814453125,15310563,0.0,0.0
2020-11-23 00:00:00+07:00,6369.8505859375,6418.84912109375,6296.35205078125,6308.60205078125,5701.90966796875,18628274,0.0,0.0
2020-11-24 00:00:00+07:00,6333.10107421875,6333.10107421875,6198.3544921875,6259.60302734375,5657.623046875,21594956,0.0,0.0
2020-11-25 00:00:00+07:00,6259.60302734375,6271.8525390625,6173.85498046875,6222.85400390625,5624.408203125,18677336,0.0,0.0
2020-11-26 00:00:00+07:00,6247.353515625,6284.1025390625,6186.1044921875,6247.353515625,5646.55126953125,17048645,0.0,0.0
2020-11-27 00:00:00+07:00,6483.39697265625,6669.9697265625,6374.56298828125,6669.9697265625,6028.52490234375,33768757,0.0,1.269231
2020-11-30 00:00:00+07:00,6778.8037109375,7136.40087890625,6763.255859375,6840.99462890625,6183.1025390625,22812516,0.0,0.0
2020-12-01 00:00:00+07:00,6701.06494140625,6949.82861328125,6685.51708984375,6934.28076171875,6267.41748046875,19277013,0.0,0.0
2020-12-02 00:00:00+07:00,6840.99462890625,6918.73291015625,6825.44677734375,6856.5419921875,6197.154296875,16588097,0.0,0.0
2020-12-03 00:00:00+07:00,6840.99462890625,6903.185546875,6778.8037109375,6778.8037109375,6126.892578125,15832648,0.0,0.0
2020-12-04 00:00:00+07:00,6778.8037109375,6809.89892578125,6747.7080078125,6747.7080078125,6098.787109375,12732578,0.0,0.0
2020-12-07 00:00:00+07:00,6747.7080078125,6809.89892578125,6747.7080078125,6794.35107421875,6140.94482421875,8654487,0.0,0.0
2020-12-08 00:00:00+07:00,6809.89892578125,6903.185546875,6794.35107421875,6903.185546875,6239.3125,9364270,0.0,0.0
2020-12-09 00:00:00+07:00,6996.4716796875,7089.7578125,6949.82861328125,7043.11474609375,6365.78515625,16557320,0.0,0.0
2020-12-10 00:00:00+07:00,7058.66259765625,7058.66259765625,6918.73291015625,6918.73291015625,6253.36474609375,15804091,0.0,0.0
2020-12-11 00:00:00+07:00,6934.28076171875,6996.4716796875,6903.185546875,6918.73291015625,6253.36474609375,10666680,0.0,0.0
2020-12-14 00:00:00+07:00,6934.28076171875,6996.4716796875,6903.185546875,6949.82861328125,6281.47021484375,10352164,0.0,0.0
2020-12-15 00:00:00+07:00,6949.82861328125,6965.3759765625,6840.99462890625,6918.73291015625,6253.36474609375,15172133,0.0,0.0
2020-12-16 00:00:00+07:00,6903.185546875,6996.4716796875,6872.08984375,6965.3759765625,6295.5224609375,14662798,0.0,0.0
2020-12-17 00:00:00+07:00,6965.3759765625,7167.49658203125,6872.08984375,7074.2099609375,6393.89013671875,20258379,0.0,0.0
2020-12-18 00:00:00+07:00,7074.2099609375,7369.61669921875,7058.66259765625,7369.61669921875,6660.8876953125,30581697,0.0,0.0
2020-12-21 00:00:00+07:00,7462.90283203125,7773.857421875,7462.90283203125,7758.3095703125,7012.2001953125,20228214,0.0,0.0
2020-12-22 00:00:00+07:00,7773.857421875,7773.857421875,7556.189453125,7649.4755859375,6913.8330078125,13390167,0.0,0.0
2020-12-23 00:00:00+07:00,7618.38037109375,7649.4755859375,7462.90283203125,7462.90283203125,6745.2021484375,20456800,0.0,0.0
2020-12-24 00:00:00+07:00,7462.90283203125,7478.45068359375,6996.4716796875,7214.1396484375,6520.3623046875,21322812,0.0,0.0
2020-12-25 00:00:00+07:00,7229.6875,7493.99853515625,7198.591796875,7462.90283203125,6745.2021484375,16332014,0.0,0.0
2020-12-28 00:00:00+07:00,7525.09375,7602.83251953125,7322.9736328125,7416.259765625,6703.044921875,18236345,0.0,0.0
2020-12-29 00:00:00+07:00,7416.259765625,7431.8076171875,7322.9736328125,7354.06884765625,6646.8349609375,11335653,0.0,0.0
2020-12-30 00:00:00+07:00,7354.06884765625,7431.8076171875,7338.521484375,7338.521484375,6632.78271484375,9666983,0.0,0.0
2020-12-31 00:00:00+07:00,7369.61669921875,7447.35546875,7338.521484375,7385.16455078125,6674.93994140625,8321255,0.0,0.0
2021-01-01 00:00:00+07:00,7385.16455078125,7385.16455078125,7385.16455078125,7385.16455078125,6674.93994140625,0,0.0,0.0
2021-01-04 00:00:00+07:00,7509.54638671875,7525.09375,7431.8076171875,7493.99853515625,6773.3076171875,2196142,0.0,0.0
2021-01-05 00:00:00+07:00,7493.99853515625,7742.76171875,7493.99853515625,7696.11865234375,6955.990234375,2325679,0.0,0.0
2021-01-06 00:00:00+07:00,7711.66650390625,8115.9072265625,7711.66650390625,7975.9775390625,7208.935546875,3643976,0.0,0.0
2021-01-07 00:00:00+07:00,8084.8115234375,8380.2177734375,8069.263671875,8333.5751953125,7532.14306640625,2678464,0.0,0.0
2021-01-08 00:00:00+07:00,8457.95703125,8551.2431640625,8333.5751953125,8426.861328125,7616.4580078125,2226918,0.0,0.0
2021-01-11 00:00:00+07:00,8457.95703125,8535.6953125,8240.2890625,8349.123046875,7546.19580078125,2176622,0.0,0.0
2021-01-12 00:00:00+07:00,8302.4794921875,8364.6708984375,8178.09814453125,8318.02734375,7518.09033203125,1640723,0.0,0.0
2021-01-13 00:00:00+07:00,8318.02734375,8395.765625,8302.4794921875,8349.123046875,7546.19580078125,2054578,0.0,0.0
2021-01-14 00:00:00+07:00,8395.765625,8395.765625,8240.2890625,8333.5751953125,7532.14306640625,1181845,0.0,0.0
2021-01-15 00:00:00+07:00,8395.765625,8706.7197265625,8380.2177734375,8675.625,7841.29833984375,2284419,0.0,0.0
2021-01-18 00:00:00+07:00,8675.625,8675.625,8395.765625,8473.5048828125,7658.6162109375,1656256,0.0,0.0
2021-01-19 00:00:00+07:00,8395.765625,8395.765625,7882.69140625,7882.69140625,7124.6201171875,1859501,0.0,0.0
2021-01-20 00:00:00+07:00,7882.69140625,8038.16845703125,7462.90283203125,7929.33447265625,7166.77734375,2141890,0.0,0.0
2021-01-21 00:00:00+07:00,7991.525390625,8178.09814453125,7773.857421875,8022.62060546875,7251.0927734375,1516267,0.0,0.0
2021-01-22 00:00:00+07:00,8022.62060546875,8224.7412109375,7991.525390625,8115.9072265625,7335.408203125,944576,0.0,0.0
2021-01-25 00:00:00+07:00,8115.9072265625,8115.9072265625,7929.33447265625,7975.9775390625,7208.935546875,763166,0.0,0.0
2021-01-26 00:00:00+07:00,7898.2392578125,7898.2392578125,7462.90283203125,7618.38037109375,6885.72802734375,1212428,0.0,0.0
2021-01-27 00:00:00+07:00,7478.45068359375,7696.11865234375,7151.94873046875,7245.23486328125,6548.46728515625,1406348,0.0,0.0
2021-01-28 00:00:00+07:00,6747.7080078125,6934.28076171875,6747.7080078125,6747.7080078125,6098.787109375,1450020,0.0,0.0
2021-01-29 00:00:00+07:00,6281.27685546875,7214.1396484375,6281.27685546875,6934.28076171875,6267.41748046875,1735110,0.0,0.0
2021-02-01 00:00:00+07:00,6965.3759765625,7198.591796875,6778.8037109375,6903.185546875,6239.3125,1087072,0.0,0.0
2021-02-02 00:00:00+07:00,6903.185546875,7307.42578125,6825.44677734375,7214.1396484375,6520.3623046875,983134,0.0,0.0
2021-02-03 00:00:00+07:00,7276.33056640625,7493.99853515625,7214.1396484375,7462.90283203125,6745.2021484375,1437510,0.0,0.0
2021-02-04 00:00:00+07:00,7462.90283203125,7509.54638671875,7260.78271484375,7322.9736328125,6618.72998046875,1068838,0.0,0.0
2021-02-05 00:00:00+07:00,7338.521484375,7493.99853515625,7322.9736328125,7493.99853515625,6773.3076171875,991785,0.0,0.0
2021-02-08 00:00:00+07:00,7478.45068359375,7493.99853515625,7105.3056640625,7291.8779296875,6590.625,1260120,0.0,0.0
2021-02-09 00:00:00+07:00,7291.8779296875,7291.8779296875,7291.8779296875,7291.8779296875,6590.625,0,0.0,0.0
2021-02-10 00:00:00+07:00,7291.8779296875,7291.8779296875,7291.8779296875,7291.8779296875,6590.625,0,0.0,0.0
2021-02-11 00:00:00+07:00,7291.8779296875,7291.8779296875,7291.8779296875,7291.8779296875,6590.625,0,0.0,0.0
2021-02-12 00:00:00+07:00,7291.8779296875,7291.8779296875,7291.8779296875,7291.8779296875,6590.625,0,0.0,0.0
2021-02-15 00:00:00+07:00,7291.8779296875,7291.8779296875,7291.8779296875,7291.8779296875,6590.625,0,0.0,0.0
2021-02-16 00:00:00+07:00,7291.8779296875,7291.8779296875,7291.8779296875,7291.8779296875,6590.625,0,0.0,0.0
2021-02-17 00:00:00+07:00,7556.189453125,7898.2392578125,7493.99853515625,7898.2392578125,7138.67333984375,1351935,0.0,0.0
2021-02-18 00:00:00+07:00,7898.2392578125,8022.62060546875,7773.857421875,7929.33447265625,7166.77734375,1489704,0.0,0.0
2021-02-19 00:00:00+07:00,7804.95263671875,8007.0732421875,7742.76171875,7944.88232421875,7180.83056640625,1297296,0.0,0.0
2021-02-22 00:00:00+07:00,7944.88232421875,8147.00244140625,7944.88232421875,8022.62060546875,7251.0927734375,2101852,0.0,0.0
2021-02-23 00:00:00+07:00,7960.4296875,8162.55029296875,7929.33447265625,8069.263671875,7293.25,1482854,0.0,0.0
2021-02-24 00:00:00+07:00,8069.263671875,8069.263671875,8069.263671875,8069.263671875,7293.25,0,0.0,0.0
2021-02-25 00:00:00+07:00,7975.9775390625,7991.525390625,7711.66650390625,7929.33447265625,7166.77734375,1585763,0.0,0.0
2021-02-26 00:00:00+07:00,7773.857421875,7898.2392578125,7758.3095703125,7820.50048828125,7068.41015625,1392005,0.0,0.0
2021-03-01 00:00:00+07:00,7867.1435546875,8022.62060546875,7867.1435546875,8022.62060546875,7251.0927734375,1052180,0.0,0.0
2021-03-02 00:00:00+07:00,8115.9072265625,8395.765625,8053.71630859375,8302.4794921875,7504.03759765625,2661130,0.0,0.0
2021-03-03 00:00:00+07:00,8318.02734375,8489.0517578125,8240.2890625,8380.2177734375,7574.2998046875,1833517,0.0,0.0
2021-03-04 00:00:00+07:00,8364.6708984375,8395.765625,8022.62060546875,8147.00244140625,7363.5126953125,1425868,0.0,0.0
2021-03-05 00:00:00+07:00,8147.00244140625,8178.09814453125,7960.4296875,8038.16845703125,7265.14501953125,1622553,0.0,0.0
2021-03-08 00:00:00+07:00,8147.00244140625,8178.09814453125,8038.16845703125,8069.263671875,7293.25,948949,0.0,0.0
2021-03-09 00:00:00+07:00,8038.16845703125,8115.9072265625,7851.595703125,8069.263671875,7293.25,819605,0.0,0.0
2021-03-10 00:00:00+07:00,8069.263671875,8147.00244140625,7960.4296875,8115.9072265625,7335.408203125,902608,0.0,0.0
2021-03-11 00:00:00+07:00,8240.2890625,8271.3837890625,8115.9072265625,8209.193359375,7419.72265625,1164704,0.0,0.0
2021-03-12 00:00:00+07:00,8240.2890625,8349.123046875,8224.7412109375,8286.931640625,7489.98486328125,1302924,0.0,0.0
2021-03-15 00:00:00+07:00,8286.931640625,8333.5751953125,8255.8369140625,8286.931640625,7489.98486328125,913542,0.0,0.0
2021-03-16 00:00:00+07:00,8333.5751953125,8364.6708984375,8240.2890625,8333.5751953125,7532.14306640625,1463044,0.0,0.0
2021-03-17 00:00:00+07:00,8364.6708984375,8582.3388671875,8364.6708984375,8551.2431640625,7728.8779296875,2507796,0.0,0.0
2021-03-18 00:00:00+07:00,8644.529296875,8644.529296875,8395.765625,8551.2431640625,7728.8779296875,2327351,0.0,0.0
2021-03-19 00:00:00+07:00,8489.0517578125,8520.1474609375,8380.2177734375,8442.4091796875,7630.5107421875,1587114,0.0,0.0
2021-03-22 00:00:00+07:00,8442.4091796875,8442.4091796875,8302.4794921875,8380.2177734375,7574.2998046875,1274528,0.0,0.0
2021-03-23 00:00:00+07:00,8380.2177734375,8380.2177734375,8178.09814453125,8240.2890625,7447.828125,1269318,0.0,0.0
2021-03-24 00:00:00+07:00,8115.9072265625,8178.09814453125,7773.857421875,7929.33447265625,7166.77734375,1716715,0.0,0.0
2021-03-25 00:00:00+07:00,7929.33447265625,8053.71630859375,7898.2392578125,7960.4296875,7194.88232421875,1328330,0.0,0.0
2021-03-26 00:00:00+07:00,7929.33447265625,8069.263671875,7711.66650390625,8007.0732421875,7237.04052734375,1288806,0.0,0.0
2021-03-29 00:00:00+07:00,8084.8115234375,8147.00244140625,7991.525390625,8084.8115234375,7307.302734375,1012785,0.0,0.0
2021-03-30 00:00:00+07:00,8115.9072265625,8193.6455078125,8038.16845703125,8147.00244140625,7363.5126953125,1315949,0.0,0.0
2021-03-31 00:00:00+07:00,8271.3837890625,8333.5751953125,8178.09814453125,8209.193359375,7419.72265625,1248961,0.0,0.0
2021-04-01 00:00:00+07:00,8271.3837890625,8364.6708984375,8209.193359375,8333.5751953125,7532.14306640625,1135697,0.0,0.0
2021-04-02 00:00:00+07:00,8411.3134765625,8520.1474609375,8395.765625,8473.5048828125,7658.6162109375,2000647,0.0,0.0
2021-04-05 00:00:00+07:00,8800.0068359375,8800.0068359375,8566.791015625,8597.8857421875,7771.03564453125,1896966,0.0,0.0
2021-04-06 00:00:00+07:00,8597.8857421875,8644.529296875,8457.95703125,8582.3388671875,7756.9833984375,1718419,0.0,0.0
2021-04-07 00:00:00+07:00,8597.8857421875,8644.529296875,8520.1474609375,8628.9814453125,7799.14013671875,1393645,0.0,0.0
2021-04-08 00:00:00+07:00,8706.7197265625,8768.9111328125,8675.625,8722.267578125,7883.455078125,1823226,0.0,0.0
2021-04-09 00:00:00+07:00,8753.36328125,8753.36328125,8675.625,8706.7197265625,7869.40283203125,1251116,0.0,0.0
2021-04-12 00:00:00+07:00,8737.8154296875,8737.8154296875,8395.765625,8675.625,7841.29833984375,3055143,0.0,0.0
2021-04-13 00:00:00+07:00,8800.0068359375,8800.0068359375,8551.2431640625,8597.8857421875,7771.03564453125,1879665,0.0,0.0
2021-04-14 00:00:00+07:00,8597.8857421875,8675.625,8504.599609375,8675.625,7841.29833984375,950075,0.0,0.0
2021-04-15 00:00:00+07:00,8675.625,8675.625,8504.599609375,8504.599609375,7686.7197265625,1497583,0.0,0.0
2021-04-16 00:00:00+07:00,8457.95703125,8520.1474609375,8240.2890625,8286.931640625,7489.98486328125,1492019,0.0,0.0
2021-04-19 00:00:00+07:00,8489.0517578125,8489.0517578125,8286.931640625,8489.0517578125,7672.66748046875,1188277,0.0,0.0
2021-04-20 00:00:00+07:00,8566.791015625,8582.3388671875,8411.3134765625,8457.95703125,7644.56298828125,1116048,0.0,0.0
2021-04-21 00:00:00+07:00,8457.95703125,8457.95703125,8457.95703125,8457.95703125,7644.56298828125,0,0.0,0.0
2021-04-22 00:00:00+07:00,8457.95703125,8457.95703125,8178.09814453125,8178.09814453125,7391.61767578125,1376504,0.0,0.0
2021-04-23 00:00:00+07:00,8178.09814453125,8380.2177734375,8084.8115234375,8364.6708984375,7560.24853515625,1368786,0.0,0.0
2021-04-26 00:00:00+07:00,8364.6708984375,8426.861328125,8115.9072265625,8240.2890625,7447.828125,1272148,0.0,0.0
2021-04-27 00:00:00+07:00,8240.2890625,8380.2177734375,8084.8115234375,8333.5751953125,7532.14306640625,1021275,0.0,0.0
2021-04-28 00:00:00+07:00,8333.5751953125,8380.2177734375,8302.4794921875,8349.123046875,7546.19580078125,943321,0.0,0.0
2021-04-29 00:00:00+07:00,8349.123046875,8535.6953125,8349.123046875,8473.5048828125,7658.6162109375,1555437,0.0,0.0
2021-04-30 00:00:00+07:00,8473.5048828125,8473.5048828125,8473.5048828125,8473.5048828125,7658.6162109375,0,0.0,0.0
2021-05-03 00:00:00+07:00,8473.5048828125,8473.5048828125,8473.5048828125,8473.5048828125,7658.6162109375,0,0.0,0.0
2021-05-04 00:00:00+07:00,8286.931640625,8489.0517578125,8271.3837890625,8457.95703125,7644.56298828125,1439504,0.0,0.0
2021-05-05 00:00:00+07:00,8489.0517578125,9048.76953125,8489.0517578125,9033.22265625,8164.50634765625,5593876,0.0,0.0
2021-05-06 00:00:00+07:00,9110.9609375,9157.603515625,8893.29296875,8955.4833984375,8094.24267578125,1750321,0.0,0.0
2021-05-07 00:00:00+07:00,8831.1015625,9484.10546875,8831.1015625,9328.62890625,8431.5029296875,5063091,0.0,0.0
2021-05-10 00:00:00+07:00,9266.4375,9717.3212890625,9266.4375,9577.392578125,8656.34375,2928211,0.0,0.0
2021-05-11 00:00:00+07:00,9577.392578125,9639.5830078125,9328.62890625,9328.62890625,8431.5029296875,1729321,0.0,0.0
2021-05-12 00:00:00+07:00,9266.4375,9421.9150390625,9173.1513671875,9390.8193359375,8487.712890625,2995102,0.0,0.0
2021-05-13 00:00:00+07:00,9390.8193359375,9655.130859375,9359.724609375,9421.9150390625,8515.818359375,2912711,0.0,0.0
2021-05-14 00:00:00+07:00,9577.392578125,9795.060546875,9484.10546875,9701.7744140625,8768.763671875,2430196,0.0,0.0
2021-05-17 00:00:00+07:00,9779.5126953125,9919.4423828125,9577.392578125,9686.2265625,8754.7109375,2708468,0.0,0.0
2021-05-18 00:00:00+07:00,9686.2265625,9701.7744140625,9484.10546875,9515.201171875,8600.1328125,2317736,0.0,0.0
2021-05-19 00:00:00+07:00,9515.201171875,9810.6083984375,9499.6533203125,9779.5126953125,8839.0263671875,2275800,0.0,0.0
2021-05-20 00:00:00+07:00,9779.5126953125,10043.8232421875,9639.5830078125,9950.537109375,8993.603515625,3141426,0.0,0.0
2021-05-21 00:00:00+07:00,9950.537109375,10137.1103515625,9857.2509765625,9919.4423828125,8965.498046875,1847602,0.0,0.0
2021-05-24 00:00:00+07:00,9919.4423828125,9981.6328125,9826.1552734375,9872.798828125,8923.3408203125,1761738,0.0,0.0
2021-05-25 00:00:00+07:00,9795.060546875,10106.0146484375,9795.060546875,10106.0146484375,9134.12890625,1914879,0.0,0.0
2021-05-26 00:00:00+07:00,10199.30078125,10277.0390625,10074.9189453125,10199.30078125,9218.443359375,1420851,0.0,0.0
2021-05-27 00:00:00+07:00,10261.4912109375,10385.873046875,9919.4423828125,9950.537109375,8993.603515625,2118221,0.0,0.0
2021-05-28 00:00:00+07:00,10012.728515625,10261.4912109375,9919.4423828125,10214.8486328125,9232.49609375,1949161,0.0,0.0
2021-05-31 00:00:00+07:00,10261.4912109375,10541.3505859375,10074.9189453125,10510.2548828125,9499.494140625,3255912,0.0,0.0
2021-06-01 00:00:00+07:00,10572.4462890625,10883.400390625,10572.4462890625,10665.732421875,9640.0185546875,1668412,0.0,0.0
2021-06-02 00:00:00+07:00,10572.4462890625,10696.828125,10416.96875,10572.4462890625,9555.7041015625,1599238,0.0,0.0
2021-06-03 00:00:00+07:00,10743.470703125,11256.544921875,10665.732421875,11132.1640625,10061.59375,2741399,0.0,0.0
2021-06-04 00:00:00+07:00,11163.2587890625,11194.3544921875,10883.400390625,11023.330078125,9963.2265625,2997739,0.0,0.0
2021-06-07 00:00:00+07:00,11101.068359375,11163.2587890625,10572.4462890625,10774.56640625,9738.38671875,22346692,0.0,0.0
2021-06-08 00:00:00+07:00,10774.56640625,10774.56640625,10774.56640625,10774.56640625,9738.38671875,0,0.0,0.0
2021-06-09 00:00:00+07:00,10043.8232421875,10525.802734375,9639.5830078125,10385.873046875,9387.0732421875,18141894,0.0,0.0
2021-06-10 00:00:00+07:00,10354.7783203125,10572.4462890625,10106.0146484375,10168.205078125,9190.337890625,13006413,0.0,0.0
2021-06-11 00:00:00+07:00,10199.30078125,10805.662109375,10168.205078125,10712.375,9682.17578125,19804196,0.0,0.0
2021-06-14 00:00:00+07:00,10727.9228515625,10759.0185546875,10572.4462890625,10603.541015625,9583.80859375,14696693,0.0,0.0
2021-06-15 00:00:00+07:00,10603.541015625,11069.97265625,10572.4462890625,10805.662109375,9766.4912109375,18019046,0.0,0.0
2021-06-16 00:00:00+07:00,10634.63671875,10805.662109375,10292.5869140625,10510.2548828125,9499.494140625,12371271,0.0,0.0
2021-06-17 00:00:00+07:00,10168.205078125,10525.802734375,10168.205078125,10448.064453125,9443.2841796875,14137125,0.0,0.0
2021-06-18 00:00:00+07:00,10603.541015625,10743.470703125,10510.2548828125,10650.1845703125,9625.9658203125,12344901,0.0,0.0
2021-06-21 00:00:00+07:00,10556.8984375,10587.994140625,10416.96875,10463.6123046875,9457.3369140625,9378227,0.0,0.0
2021-06-22 00:00:00+07:00,10510.2548828125,10759.0185546875,10448.064453125,10681.2802734375,9654.072265625,15594253,0.0,0.0
2021-06-23 00:00:00+07:00,10790.1142578125,10790.1142578125,10650.1845703125,10650.1845703125,9625.9658203125,9836493,0.0,0.0
2021-06-24 00:00:00+07:00,10650.1845703125,10805.662109375,10587.994140625,10650.1845703125,9625.9658203125,9264062,0.0,0.0
2021-06-25 00:00:00+07:00,10712.375,10976.6865234375,10650.1845703125,10976.6865234375,9921.068359375,16068599,0.0,0.0
2021-06-28 00:00:00+07:00,11178.806640625,11225.4501953125,11101.068359375,11194.3544921875,10117.8037109375,17167153,0.0,0.0
2021-06-29 00:00:00+07:00,11147.7109375,11256.544921875,11038.876953125,11163.2587890625,10089.6982421875,15154317,0.0,0.0
2021-06-30 00:00:00+07:00,11163.2587890625,11194.3544921875,11038.876953125,11038.876953125,9977.2783203125,10972995,0.0,0.0
2021-07-01 00:00:00+07:00,10976.6865234375,11334.2841796875,10976.6865234375,11334.2841796875,10244.27734375,17740227,0.0,0.0
2021-07-02 00:00:00+07:00,11349.83203125,11598.5947265625,11349.83203125,11567.5,10455.0634765625,14973583,0.0,0.0
2021-07-05 00:00:00+07:00,11567.5,11567.5,11567.5,11567.5,10455.0634765625,0,0.0,0.0
2021-07-06 00:00:00+07:00,11567.5,11567.5,11567.5,11567.5,10455.0634765625,0,0.0,0.0
2021-07-07 00:00:00+07:00,11567.5,11567.5,11567.5,11567.5,10455.0634765625,0,0.0,0.0
2021-07-08 00:00:00+07:00,11567.5,11567.5,11567.5,11567.5,10455.0634765625,0,0.0,0.0
2021-07-09 00:00:00+07:00,10945.5908203125,11225.4501953125,10852.3046875,10883.400390625,9836.75390625,11212258,0.0,0.0
2021-07-12 00:00:00+07:00,10883.400390625,10883.400390625,10883.400390625,10883.400390625,9836.75390625,0,0.0,0.0
2021-07-13 00:00:00+07:00,10603.541015625,10634.63671875,10199.30078125,10556.8984375,9541.6513671875,9368257,0.0,0.0
2021-07-14 00:00:00+07:00,10556.8984375,10556.8984375,10556.8984375,10556.8984375,9541.6513671875,0,0.0,0.0
2021-07-15 00:00:00+07:00,10043.8232421875,10432.5166015625,10043.8232421875,10323.6826171875,9330.86328125,9215502,0.0,0.0
2021-07-16 00:00:00+07:00,10323.6826171875,10323.6826171875,10323.6826171875,10323.6826171875,9330.86328125,0,0.0,0.0
2021-07-19 00:00:00+07:00,10214.8486328125,10214.8486328125,9701.7744140625,9919.4423828125,8965.498046875,10991325,0.0,0.0
2021-07-20 00:00:00+07:00,9919.4423828125,10416.96875,9732.869140625,10385.873046875,9387.0732421875,7612694,0.0,0.0
2021-07-21 00:00:00+07:00,10354.7783203125,10416.96875,9966.0849609375,10012.728515625,9049.8134765625,8423746,0.0,0.0
2021-07-22 00:00:00+07:00,9950.537109375,10137.1103515625,9950.537109375,10074.9189453125,9106.0234375,7761590,0.0,0.0
2021-07-23 00:00:00+07:00,10043.8232421875,10323.6826171875,10028.2763671875,10059.37109375,9091.970703125,14081812,0.0,0.0
2021-07-26 00:00:00+07:00,10059.37109375,10137.1103515625,9857.2509765625,10106.0146484375,9134.12890625,4724488,0.0,0.0
2021-07-27 00:00:00+07:00,10137.1103515625,10230.396484375,10012.728515625,10106.0146484375,9134.12890625,11291048,0.0,0.0
2021-07-28 00:00:00+07:00,10199.30078125,10261.4912109375,10121.5625,10230.396484375,9246.548828125,10505080,0.0,0.0
2021-07-29 00:00:00+07:00,10354.7783203125,10401.4208984375,10261.4912109375,10385.873046875,9387.0732421875,6575886,0.0,0.0
2021-07-30 00:00:00+07:00,10416.96875,10541.3505859375,10354.7783203125,10479.16015625,9471.388671875,10729551,0.0,0.0
2021-08-02 00:00:00+07:00,10479.16015625,10712.375,10385.873046875,10634.63671875,9611.9130859375,12363553,0.0,0.0
2021-08-03 00:00:00+07:00,10634.63671875,10852.3046875,10587.994140625,10852.3046875,9808.6494140625,11837431,0.0,0.0
2021-08-04 00:00:00+07:00,10852.3046875,10852.3046875,10852.3046875,10852.3046875,9808.6494140625,0,0.0,0.0
2021-08-05 00:00:00+07:00,10805.662109375,11054.4248046875,10759.0185546875,11038.876953125,9977.2783203125,10837284,0.0,0.0
2021-08-06 00:00:00+07:00,11038.876953125,11069.97265625,10836.7568359375,10883.400390625,9836.75390625,8646929,0.0,0.0
2021-08-09 00:00:00+07:00,10852.3046875,11038.876953125,10759.0185546875,11038.876953125,9977.2783203125,8324696,0.0,0.0
2021-08-10 00:00:00+07:00,11038.876953125,11038.876953125,11038.876953125,11038.876953125,9977.2783203125,0,0.0,0.0
2021-08-11 00:00:00+07:00,11069.97265625,11147.7109375,11007.7822265625,11023.330078125,9963.2265625,6758871,0.0,0.0
2021-08-12 00:00:00+07:00,10976.6865234375,11038.876953125,10883.400390625,10898.9482421875,9850.806640625,6615763,0.0,0.0
2021-08-13 00:00:00+07:00,10883.400390625,10992.234375,10650.1845703125,10805.662109375,9766.4912109375,8573928,0.0,0.0
2021-08-16 00:00:00+07:00,10805.662109375,11116.6162109375,10759.0185546875,11116.6162109375,10047.5419921875,10571006,0.0,0.0
2021-08-17 00:00:00+07:00,11116.6162109375,11116.6162109375,11116.6162109375,11116.6162109375,10047.5419921875,0,0.0,0.0
2021-08-18 00:00:00+07:00,11116.6162109375,11178.806640625,11038.876953125,11069.97265625,10005.3837890625,5322968,0.0,0.0
2021-08-19 00:00:00+07:00,11069.97265625,11194.3544921875,10930.04296875,11194.3544921875,10117.8037109375,7812723,0.0,0.0
2021-08-20 00:00:00+07:00,10914.49609375,11101.068359375,10572.4462890625,10727.9228515625,9696.228515625,10070611,0.0,0.0
2021-08-23 00:00:00+07:00,10665.732421875,10665.732421875,10385.873046875,10448.064453125,9443.2841796875,8588722,0.0,0.0
2021-08-24 00:00:00+07:00,10448.064453125,10619.0888671875,10339.23046875,10479.16015625,9471.388671875,8176121,0.0,0.0
2021-08-25 00:00:00+07:00,10572.4462890625,10572.4462890625,10463.6123046875,10510.2548828125,9499.494140625,11319026,0.0,0.0
2021-08-26 00:00:00+07:00,10591.880859375,10844.53125,10436.4033203125,10436.4033203125,9432.744140625,7206975,0.0,1.25
2021-08-27 00:00:00+07:00,10378.099609375,10416.96875,9989.40625,10300.361328125,9309.78515625,6615506,0.0,0.0
2021-08-30 00:00:00+07:00,10339.23046875,10397.5341796875,10280.9267578125,10378.099609375,9380.0478515625,5286436,0.0,0.0
2021-08-31 00:00:00+07:00,10378.099609375,10397.5341796875,10086.580078125,10086.580078125,9116.5634765625,5014499,0.0,0.0
2021-09-01 00:00:00+07:00,10067.1455078125,10222.6220703125,9950.537109375,9969.9716796875,9011.1689453125,8026903,0.0,0.0
2021-09-02 00:00:00+07:00,9969.9716796875,9969.9716796875,9969.9716796875,9969.9716796875,9011.1689453125,0,0.0,0.0
2021-09-03 00:00:00+07:00,9969.9716796875,9969.9716796875,9969.9716796875,9969.9716796875,9011.1689453125,0,0.0,0.0
2021-09-06 00:00:00+07:00,9989.40625,10339.23046875,9969.9716796875,10242.056640625,9257.087890625,7488689,0.0,0.0
2021-09-07 00:00:00+07:00,10339.23046875,10378.099609375,10242.056640625,10378.099609375,9380.0478515625,5022731,0.0,0.0
2021-09-08 00:00:00+07:00,10378.099609375,10378.099609375,10378.099609375,10378.099609375,9380.0478515625,0,0.0,0.0
2021-09-09 00:00:00+07:00,10339.23046875,10397.5341796875,10144.8837890625,10261.4912109375,9274.6533203125,5057720,0.0,0.0
2021-09-10 00:00:00+07:00,10222.6220703125,10261.4912109375,10067.1455078125,10067.1455078125,9098.9970703125,6701949,0.0,0.0
2021-09-13 00:00:00+07:00,10086.580078125,10086.580078125,9795.060546875,9795.060546875,8853.0791015625,7042835,0.0,0.0
2021-09-14 00:00:00+07:00,9756.19140625,9892.2333984375,9639.5830078125,9639.5830078125,8712.5537109375,5444401,0.0,0.0
2021-09-15 00:00:00+07:00,9639.5830078125,9717.3212890625,9600.7138671875,9620.1484375,8694.9873046875,4983111,0.0,0.0
2021-09-16 00:00:00+07:00,9717.3212890625,9795.060546875,9639.5830078125,9756.19140625,8817.947265625,4370545,0.0,0.0
2021-09-17 00:00:00+07:00,9795.060546875,9892.2333984375,9795.060546875,9892.2333984375,8940.9072265625,5697043,0.0,0.0
2021-09-20 00:00:00+07:00,10028.2763671875,10106.0146484375,9989.40625,9989.40625,9028.734375,4791958,0.0,0.0
2021-09-21 00:00:00+07:00,9989.40625,9989.40625,9989.40625,9989.40625,9028.734375,0,0.0,0.0
2021-09-22 00:00:00+07:00,9989.40625,9989.40625,9989.40625,9989.40625,9028.734375,0,0.0,0.0
2021-09-23 00:00:00+07:00,9911.66796875,9969.9716796875,9795.060546875,9872.798828125,8923.3408203125,4365914,0.0,0.0
2021-09-24 00:00:00+07:00,9892.2333984375,9969.9716796875,9892.2333984375,9911.66796875,8958.4716796875,413900058,0.0,0.0
2021-09-27 00:00:00+07:00,9950.537109375,10086.580078125,9911.66796875,9911.66796875,8958.4716796875,5568664,0.0,0.0
2021-09-28 00:00:00+07:00,9911.66796875,9950.537109375,9814.4951171875,9892.2333984375,8940.9072265625,7802561,0.0,0.0
2021-09-29 00:00:00+07:00,9911.66796875,9969.9716796875,9795.060546875,9872.798828125,8923.3408203125,5288237,0.0,0.0
2021-09-30 00:00:00+07:00,9814.4951171875,9911.66796875,9795.060546875,9872.798828125,8923.3408203125,6308579,0.0,0.0
2021-10-01 00:00:00+07:00,9853.3642578125,9892.2333984375,9639.5830078125,9659.017578125,8730.119140625,5389345,0.0,0.0
2021-10-04 00:00:00+07:00,9600.7138671875,9678.4521484375,9348.0634765625,9367.498046875,8466.634765625,509065169,0.0,0.0
2021-10-05 00:00:00+07:00,9386.9326171875,9561.8447265625,9328.62890625,9522.9755859375,8607.16015625,2960435,0.0,0.0
2021-10-06 00:00:00+07:00,9522.9755859375,9522.9755859375,9522.9755859375,9522.9755859375,8607.16015625,0,0.0,0.0
2021-10-07 00:00:00+07:00,9484.10546875,9484.10546875,9348.0634765625,9367.498046875,8466.634765625,3752834,0.0,0.0
2021-10-08 00:00:00+07:00,9367.498046875,9367.498046875,9367.498046875,9367.498046875,8466.634765625,0,0.0,0.0
2021-10-11 00:00:00+07:00,9367.498046875,9367.498046875,9367.498046875,9367.498046875,8466.634765625,0,0.0,0.0
2021-10-12 00:00:00+07:00,9969.9716796875,10008.8408203125,9853.3642578125,9931.1025390625,8976.0380859375,4490434,0.0,0.0
2021-10-13 00:00:00+07:00,9989.40625,10144.8837890625,9931.1025390625,9989.40625,9028.734375,7349761,0.0,0.0
2021-10-14 00:00:00+07:00,9989.40625,9989.40625,9989.40625,9989.40625,9028.734375,0,0.0,0.0
2021-10-15 00:00:00+07:00,10086.580078125,10106.0146484375,9950.537109375,9969.9716796875,9011.1689453125,7183306,0.0,0.0
2021-10-18 00:00:00+07:00,9969.9716796875,9969.9716796875,9969.9716796875,9969.9716796875,9011.1689453125,0,0.0,0.0
2021-10-19 00:00:00+07:00,10028.2763671875,10047.7109375,9833.9296875,9892.2333984375,8940.9072265625,5994192,0.0,0.0
2021-10-20 00:00:00+07:00,9872.798828125,9989.40625,9736.755859375,9736.755859375,8800.3818359375,6415347,0.0,0.0
2021-10-21 00:00:00+07:00,9756.19140625,9833.9296875,9561.8447265625,9561.8447265625,8642.291015625,7166583,0.0,0.0
2021-10-22 00:00:00+07:00,9717.3212890625,9756.19140625,9542.41015625,9542.41015625,8624.7255859375,6372383,0.0,0.0
2021-10-25 00:00:00+07:00,9542.41015625,9542.41015625,9542.41015625,9542.41015625,8624.7255859375,0,0.0,0.0
2021-10-26 00:00:00+07:00,9542.41015625,9542.41015625,9542.41015625,9542.41015625,8624.7255859375,0,0.0,0.0
2021-10-27 00:00:00+07:00,9542.41015625,9542.41015625,9542.41015625,9542.41015625,8624.7255859375,0,0.0,0.0
2021-10-28 00:00:00+07:00,9872.798828125,9950.537109375,9814.4951171875,9931.1025390625,8976.0380859375,10579561,0.0,0.0
2021-10-29 00:00:00+07:00,9931.1025390625,9931.1025390625,9814.4951171875,9814.4951171875,8870.64453125,7569987,0.0,0.0
2021-11-01 00:00:00+07:00,9814.4951171875,9814.4951171875,9814.4951171875,9814.4951171875,8870.64453125,0,0.0,0.0
2021-11-02 00:00:00+07:00,9833.9296875,9950.537109375,9833.9296875,9950.537109375,8993.603515625,12720840,0.0,0.0
2021-11-03 00:00:00+07:00,9969.9716796875,10630.75,9950.537109375,10572.4462890625,9555.7041015625,3255166507,0.0,0.0
2021-11-04 00:00:00+07:00,10630.75,10650.1845703125,10475.2724609375,10514.1416015625,9503.005859375,13298674,0.0,0.0
2021-11-05 00:00:00+07:00,10514.1416015625,10533.5771484375,10300.361328125,10378.099609375,9380.0478515625,8307587,0.0,0.0
2021-11-08 00:00:00+07:00,10416.96875,10572.4462890625,10280.9267578125,10494.70703125,9485.4404296875,13590936,0.0,0.0
2021-11-09 00:00:00+07:00,10572.4462890625,10844.53125,10572.4462890625,10766.7919921875,9731.3603515625,20000367,0.0,0.0
2021-11-10 00:00:00+07:00,10805.662109375,11000.0078125,10786.2265625,10883.400390625,9836.75390625,12248745,0.0,0.0
2021-11-11 00:00:00+07:00,10883.400390625,10922.26953125,10572.4462890625,10766.7919921875,9731.3603515625,14302809,0.0,0.0
2021-11-12 00:00:00+07:00,10766.7919921875,10941.7041015625,10669.619140625,10883.400390625,9836.75390625,10864361,0.0,0.0
2021-11-15 00:00:00+07:00,11038.876953125,11447.0048828125,10961.138671875,11213.7890625,10135.3701171875,23148353,0.0,0.0
2021-11-16 00:00:00+07:00,11252.658203125,11349.83203125,10844.53125,10844.53125,9801.623046875,17372842,0.0,0.0
2021-11-17 00:00:00+07:00,10883.400390625,10883.400390625,10650.1845703125,10805.662109375,9766.4912109375,11333884,0.0,0.0
2021-11-18 00:00:00+07:00,10844.53125,11272.0927734375,10844.53125,10980.5732421875,9924.58203125,18065677,0.0,0.0
2021-11-19 00:00:00+07:00,11136.05078125,11738.5244140625,11116.6162109375,11738.5244140625,10609.640625,53637979,0.0,0.0
2021-11-22 00:00:00+07:00,11971.740234375,12554.779296875,11971.740234375,12554.779296875,11347.3974609375,33939135,0.0,0.0
2021-11-23 00:00:00+07:00,12554.779296875,12554.779296875,12204.9560546875,12360.43359375,11171.7421875,15180623,0.0,0.0
2021-11-24 00:00:00+07:00,12399.302734375,13196.123046875,12379.8681640625,13021.2109375,11768.9736328125,30428394,0.0,0.0
2021-11-25 00:00:00+07:00,12982.341796875,13021.2109375,12632.5185546875,12632.5185546875,11417.6611328125,22251244,0.0,0.0
2021-11-26 00:00:00+07:00,12749.1259765625,12904.603515625,12185.521484375,12185.521484375,11013.650390625,20338937,0.0,0.0
2021-11-29 00:00:00+07:00,12049.478515625,12613.083984375,11816.2626953125,12243.8251953125,11066.3486328125,30286637,0.0,0.0
2021-11-30 00:00:00+07:00,12554.779296875,12554.779296875,11855.1328125,11855.1328125,10715.0361328125,20802800,0.0,0.0
2021-12-01 00:00:00+07:00,11894.001953125,12438.171875,11874.5673828125,12438.171875,11242.0048828125,16311593,0.0,0.0
2021-12-02 00:00:00+07:00,12593.6484375,12632.5185546875,12243.8251953125,12243.8251953125,11066.3486328125,15646029,0.0,0.0
2021-12-03 00:00:00+07:00,12399.302734375,12535.3447265625,12049.478515625,12049.478515625,10890.69140625,25565172,0.0,0.0
2021-12-06 00:00:00+07:00,11971.740234375,12127.2177734375,11213.7890625,11310.962890625,10223.1982421875,23173309,0.0,0.0
2021-12-07 00:00:00+07:00,11427.5703125,11835.6982421875,11291.52734375,11660.7861328125,10539.37890625,10885972,0.0,0.0
2021-12-08 00:00:00+07:00,11738.5244140625,12127.2177734375,11524.7431640625,11777.3935546875,10644.7724609375,16914897,0.0,0.0
2021-12-09 00:00:00+07:00,11583.0478515625,12010.609375,11583.0478515625,11952.3056640625,10802.8642578125,8801036,0.0,0.0
2021-12-10 00:00:00+07:00,11894.001953125,12204.9560546875,11874.5673828125,11932.87109375,10785.2978515625,10707683,0.0,0.0
2021-12-13 00:00:00+07:00,11932.87109375,12068.9130859375,11660.7861328125,11680.220703125,10556.9443359375,15954241,0.0,0.0
2021-12-14 00:00:00+07:00,11660.7861328125,11855.1328125,11505.30859375,11505.30859375,10398.8544921875,12607897,0.0,0.0
2021-12-15 00:00:00+07:00,11466.439453125,11991.1748046875,11369.2666015625,11680.220703125,10556.9443359375,11751437,0.0,0.0
2021-12-16 00:00:00+07:00,11816.2626953125,11855.1328125,11466.439453125,11544.177734375,10433.984375,8921954,0.0,0.0
2021-12-17 00:00:00+07:00,11621.9169921875,11738.5244140625,11427.5703125,11466.439453125,10363.72265625,14139955,0.0,0.0
2021-12-20 00:00:00+07:00,11466.439453125,11660.7861328125,11310.962890625,11505.30859375,10398.8544921875,12810371,0.0,0.0
2021-12-21 00:00:00+07:00,11505.30859375,11583.0478515625,11388.701171875,11427.5703125,10328.591796875,8188470,0.0,0.0
2021-12-22 00:00:00+07:00,11544.177734375,11544.177734375,10805.662109375,10844.53125,9801.623046875,26353969,0.0,0.0
2021-12-23 00:00:00+07:00,10883.400390625,11019.4423828125,10339.23046875,10436.4033203125,9432.744140625,18442839,0.0,0.0
2021-12-24 00:00:00+07:00,10669.619140625,11155.4853515625,10572.4462890625,11155.4853515625,10082.671875,8723854,0.0,0.0
2021-12-27 00:00:00+07:00,11408.1357421875,11485.8740234375,11155.4853515625,11174.919921875,10100.23828125,11708987,0.0,0.0
2021-12-28 00:00:00+07:00,11194.3544921875,11952.3056640625,11136.05078125,11855.1328125,10715.0361328125,22002719,0.0,0.0
2021-12-29 00:00:00+07:00,11855.1328125,12204.9560546875,11855.1328125,11894.001953125,10750.1669921875,17320616,0.0,0.0
2021-12-30 00:00:00+07:00,11894.001953125,12107.783203125,11816.2626953125,11894.001953125,10750.1669921875,9762978,0.0,0.0
2021-12-31 00:00:00+07:00,11894.001953125,12399.302734375,11738.5244140625,11991.1748046875,10837.9951171875,18548835,0.0,0.0
2022-01-03 00:00:00+07:00,11991.1748046875,11991.1748046875,11991.1748046875,11991.1748046875,10837.9951171875,0,0.0,0.0
2022-01-04 00:00:00+07:00,12107.783203125,12340.998046875,12049.478515625,12088.34765625,10925.8232421875,17519745,0.0,0.0
2022-01-05 00:00:00+07:00,12049.478515625,12146.65234375,11855.1328125,11855.1328125,10715.0361328125,16840803,0.0,0.0
2022-01-06 00:00:00+07:00,11699.6552734375,12068.9130859375,11641.3515625,11855.1328125,10715.0361328125,17388536,0.0,0.0
2022-01-07 00:00:00+07:00,11855.1328125,11991.1748046875,11757.958984375,11777.3935546875,10644.7724609375,10541999,0.0,0.0
2022-01-10 00:00:00+07:00,11699.6552734375,11894.001953125,11505.30859375,11505.30859375,10398.8544921875,14838965,0.0,0.0
2022-01-11 00:00:00+07:00,11466.439453125,11660.7861328125,11272.0927734375,11388.701171875,10293.4599609375,12165646,0.0,0.0
2022-01-12 00:00:00+07:00,11349.83203125,12127.2177734375,11272.0927734375,12030.0439453125,10873.1259765625,14345002,0.0,0.0
2022-01-13 00:00:00+07:00,12166.0869140625,12632.5185546875,11971.740234375,11971.740234375,10820.4287109375,26727014,0.0,0.0
2022-01-14 00:00:00+07:00,11777.3935546875,12049.478515625,11738.5244140625,11894.001953125,10750.1669921875,6908024,0.0,0.0
2022-01-17 00:00:00+07:00,11971.740234375,12243.8251953125,11272.0927734375,11272.0927734375,10188.06640625,19422532,0.0,0.0
2022-01-18 00:00:00+07:00,11369.2666015625,11621.9169921875,11077.7470703125,11485.8740234375,10381.2880859375,12273700,0.0,0.0
2022-01-19 00:00:00+07:00,11485.8740234375,11583.0478515625,11155.4853515625,11252.658203125,10170.5,8042854,0.0,0.0
2022-01-20 00:00:00+07:00,11155.4853515625,11447.0048828125,11038.876953125,11233.2236328125,10152.9345703125,10867706,0.0,0.0
2022-01-21 00:00:00+07:00,11272.0927734375,11660.7861328125,11194.3544921875,11349.83203125,10258.3291015625,10282154,0.0,0.0
2022-01-24 00:00:00+07:00,11349.83203125,11583.0478515625,11155.4853515625,11272.0927734375,10188.06640625,11915063,0.0,0.0
2022-01-25 00:00:00+07:00,11272.0927734375,11680.220703125,11252.658203125,11680.220703125,10556.9443359375,11081500,0.0,0.0
2022-01-26 00:00:00+07:00,11816.2626953125,12243.8251953125,11699.6552734375,11932.87109375,10785.2978515625,20889500,0.0,0.0
2022-01-27 00:00:00+07:00,11932.87109375,12243.8251953125,11855.1328125,11971.740234375,10820.4287109375,12801624,0.0,0.0
2022-01-28 00:00:00+07:00,12010.609375,12166.0869140625,11952.3056640625,12010.609375,10855.560546875,11404891,0.0,0.0
2022-01-31 00:00:00+07:00,12010.609375,12010.609375,12010.609375,12010.609375,10855.560546875,0,0.0,0.0
2022-02-01 00:00:00+07:00,12010.609375,12010.609375,12010.609375,12010.609375,10855.560546875,0,0.0,0.0
2022-02-02 00:00:00+07:00,12010.609375,12010.609375,12010.609375,12010.609375,10855.560546875,0,0.0,0.0
2022-02-03 00:00:00+07:00,12010.609375,12010.609375,12010.609375,12010.609375,10855.560546875,0,0.0,0.0
2022-02-04 00:00:00+07:00,12010.609375,12010.609375,12010.609375,12010.609375,10855.560546875,0,0.0,0.0
2022-02-07 00:00:00+07:00,12204.9560546875,12399.302734375,12088.34765625,12088.34765625,10925.8232421875,14500137,0.0,0.0
2022-02-08 00:00:00+07:00,12107.783203125,12360.43359375,12010.609375,12204.9560546875,11031.216796875,14853887,0.0,0.0
2022-02-09 00:00:00+07:00,12321.5634765625,12632.5185546875,12243.8251953125,12282.6943359375,11101.478515625,19970266,0.0,0.0
2022-02-10 00:00:00+07:00,12166.0869140625,12302.12890625,12030.0439453125,12243.8251953125,11066.3486328125,15003619,0.0,0.0
2022-02-11 00:00:00+07:00,12204.9560546875,12302.12890625,12088.34765625,12127.2177734375,10960.9541015625,10520645,0.0,0.0
2022-02-14 00:00:00+07:00,11855.1328125,11971.740234375,11349.83203125,11349.83203125,10258.3291015625,40782070,0.0,0.0
2022-02-15 00:00:00+07:00,11349.83203125,11349.83203125,11349.83203125,11349.83203125,10258.3291015625,0,0.0,0.0
2022-02-16 00:00:00+07:00,11583.0478515625,11602.482421875,11310.962890625,11369.2666015625,10275.89453125,11063490,0.0,0.0
2022-02-17 00:00:00+07:00,11427.5703125,11563.6123046875,11349.83203125,11563.6123046875,10451.55078125,8052630,0.0,0.0
2022-02-18 00:00:00+07:00,11427.5703125,11505.30859375,11349.83203125,11466.439453125,10363.72265625,9632798,0.0,0.0
2022-02-21 00:00:00+07:00,11388.701171875,11524.7431640625,11213.7890625,11505.30859375,10398.8544921875,15865225,0.0,0.0
2022-02-22 00:00:00+07:00,11330.3974609375,11524.7431640625,11252.658203125,11485.8740234375,10381.2880859375,11958027,0.0,0.0
2022-02-23 00:00:00+07:00,11505.30859375,11621.9169921875,11466.439453125,11524.7431640625,10416.4189453125,12426263,0.0,0.0
2022-02-24 00:00:00+07:00,11466.439453125,11485.8740234375,10883.400390625,11194.3544921875,10117.8037109375,38121615,0.0,0.0
2022-02-25 00:00:00+07:00,11349.83203125,11485.8740234375,11310.962890625,11369.2666015625,10275.89453125,10413620,0.0,0.0
2022-02-28 00:00:00+07:00,11388.701171875,11408.1357421875,11136.05078125,11194.3544921875,10117.8037109375,12385871,0.0,0.0
2022-03-01 00:00:00+07:00,11194.3544921875,11233.2236328125,11019.4423828125,11097.181640625,10029.9755859375,17501221,0.0,0.0
2022-03-02 00:00:00+07:00,10980.5732421875,11038.876953125,10611.3154296875,10630.75,9608.400390625,29533086,0.0,0.0
2022-03-03 00:00:00+07:00,10766.7919921875,10980.5732421875,10611.3154296875,10980.5732421875,9924.58203125,10547659,0.0,0.0
2022-03-04 00:00:00+07:00,11077.7470703125,11077.7470703125,10883.400390625,10883.400390625,9836.75390625,9452964,0.0,0.0
2022-03-07 00:00:00+07:00,10766.7919921875,10766.7919921875,10553.01171875,10650.1845703125,9625.9658203125,18000073,0.0,0.0
2022-03-08 00:00:00+07:00,10650.1845703125,10727.9228515625,10611.3154296875,10630.75,9608.400390625,12394619,0.0,0.0
2022-03-09 00:00:00+07:00,10611.3154296875,10689.0537109375,10494.70703125,10494.70703125,9485.4404296875,11090761,0.0,0.0
2022-03-10 00:00:00+07:00,10708.48828125,10708.48828125,10475.2724609375,10475.2724609375,9467.8759765625,10306337,0.0,0.0
2022-03-11 00:00:00+07:00,10475.2724609375,10650.1845703125,10455.837890625,10611.3154296875,9590.8349609375,7567928,0.0,0.0
2022-03-14 00:00:00+07:00,10591.880859375,10630.75,10475.2724609375,10533.5771484375,9520.5732421875,6067000,0.0,0.0
2022-03-15 00:00:00+07:00,10553.01171875,10669.619140625,10533.5771484375,10572.4462890625,9555.7041015625,5207710,0.0,0.0
2022-03-16 00:00:00+07:00,10650.1845703125,10650.1845703125,10494.70703125,10553.01171875,9538.138671875,9494385,0.0,0.0
2022-03-17 00:00:00+07:00,10669.619140625,10805.662109375,10591.880859375,10689.0537109375,9661.09765625,8581840,0.0,0.0
2022-03-18 00:00:00+07:00,10825.0966796875,10941.7041015625,10727.9228515625,10727.9228515625,9696.228515625,5998566,0.0,0.0
2022-03-21 00:00:00+07:00,10727.9228515625,11000.0078125,10727.9228515625,11000.0078125,9942.1474609375,8647444,0.0,0.0
2022-03-22 00:00:00+07:00,11058.3125,11077.7470703125,10941.7041015625,11000.0078125,9942.1474609375,7976477,0.0,0.0
2022-03-23 00:00:00+07:00,11038.876953125,11077.7470703125,10883.400390625,10883.400390625,9836.75390625,6886156,0.0,0.0
2022-03-24 00:00:00+07:00,10883.400390625,11000.0078125,10805.662109375,10922.26953125,9871.8857421875,6594409,0.0,0.0
2022-03-25 00:00:00+07:00,10922.26953125,10961.138671875,10863.9658203125,10863.9658203125,9819.1884765625,6107650,0.0,0.0
2022-03-28 00:00:00+07:00,10766.7919921875,10961.138671875,10611.3154296875,10650.1845703125,9625.9658203125,8678574,0.0,0.0
2022-03-29 00:00:00+07:00,10669.619140625,10766.7919921875,10591.880859375,10708.48828125,9678.662109375,4684418,0.0,0.0
2022-03-30 00:00:00+07:00,10766.7919921875,11038.876953125,10727.9228515625,11000.0078125,9942.1474609375,15026517,0.0,0.0
2022-03-31 00:00:00+07:00,11136.05078125,11155.4853515625,10941.7041015625,11019.4423828125,9959.712890625,6593637,0.0,0.0
2022-04-01 00:00:00+07:00,10922.26953125,11447.0048828125,10883.400390625,11447.0048828125,10346.15625,19322196,0.0,0.0
2022-04-04 00:00:00+07:00,11621.9169921875,11621.9169921875,11272.0927734375,11310.962890625,10223.1982421875,13304592,0.0,0.0
2022-04-05 00:00:00+07:00,11310.962890625,11466.439453125,11174.919921875,11174.919921875,10100.23828125,6515941,0.0,0.0
2022-04-06 00:00:00+07:00,11116.6162109375,11369.2666015625,11097.181640625,11272.0927734375,10188.06640625,11912747,0.0,0.0
2022-04-07 00:00:00+07:00,11330.3974609375,11466.439453125,11233.2236328125,11233.2236328125,10152.9345703125,17752834,0.0,0.0
2022-04-08 00:00:00+07:00,11272.0927734375,11369.2666015625,10980.5732421875,10980.5732421875,9924.58203125,6336365,0.0,0.0
2022-04-11 00:00:00+07:00,10980.5732421875,10980.5732421875,10980.5732421875,10980.5732421875,9924.58203125,0,0.0,0.0
2022-04-12 00:00:00+07:00,10980.5732421875,11000.0078125,10727.9228515625,10805.662109375,9766.4912109375,8042339,0.0,0.0
2022-04-13 00:00:00+07:00,10805.662109375,10980.5732421875,10689.0537109375,10883.400390625,9836.75390625,8708418,0.0,0.0
2022-04-14 00:00:00+07:00,10883.400390625,10922.26953125,10611.3154296875,10611.3154296875,9590.8349609375,9734678,0.0,0.0
2022-04-15 00:00:00+07:00,10611.3154296875,10689.0537109375,10203.1875,10222.6220703125,9239.521484375,15166730,0.0,0.0
2022-04-18 00:00:00+07:00,10222.6220703125,10378.099609375,9950.537109375,10106.0146484375,9134.12890625,9306576,0.0,0.0
2022-04-19 00:00:00+07:00,10261.4912109375,10300.361328125,10047.7109375,10067.1455078125,9098.9970703125,7926566,0.0,0.0
2022-04-20 00:00:00+07:00,10067.1455078125,10183.7529296875,9989.40625,10008.8408203125,9046.2998046875,8104856,0.0,0.0
2022-04-21 00:00:00+07:00,9989.40625,10028.2763671875,9367.498046875,9678.4521484375,8747.68359375,12219416,0.0,0.0
2022-04-22 00:00:00+07:00,9775.6259765625,9989.40625,9600.7138671875,9775.6259765625,8835.5126953125,8601650,0.0,0.0
2022-04-25 00:00:00+07:00,9775.6259765625,9872.798828125,9095.4130859375,9153.716796875,8273.4130859375,10403329,0.0,0.0
2022-04-26 00:00:00+07:00,8939.935546875,9561.8447265625,8823.328125,9522.9755859375,8607.16015625,11288861,0.0,0.0
2022-04-27 00:00:00+07:00,9445.236328125,9795.060546875,9309.1943359375,9717.3212890625,8782.8154296875,6374184,0.0,0.0
2022-04-28 00:00:00+07:00,9717.3212890625,9892.2333984375,9717.3212890625,9795.060546875,8853.0791015625,7310913,0.0,0.0
2022-04-29 00:00:00+07:00,9853.3642578125,9892.2333984375,9717.3212890625,9833.9296875,8888.2099609375,5783743,0.0,0.0
2022-05-02 00:00:00+07:00,9833.9296875,9833.9296875,9833.9296875,9833.9296875,8888.2099609375,0,0.0,0.0
2022-05-03 00:00:00+07:00,9833.9296875,9833.9296875,9833.9296875,9833.9296875,8888.2099609375,0,0.0,0.0
2022-05-04 00:00:00+07:00,9814.4951171875,9833.9296875,9639.5830078125,9639.5830078125,8712.5537109375,5630666,0.0,0.0
2022-05-05 00:00:00+07:00,9717.3212890625,9795.060546875,9522.9755859375,9775.6259765625,8835.5126953125,3790396,0.0,0.0
2022-05-06 00:00:00+07:00,9445.236328125,9639.5830078125,9328.62890625,9348.0634765625,8449.0693359375,5624749,0.0,0.0
2022-05-09 00:00:00+07:00,9153.716796875,9309.1943359375,8862.197265625,8939.935546875,8080.18994140625,10363709,0.0,0.0
2022-05-10 00:00:00+07:00,8784.458984375,9406.3671875,8706.7197265625,9348.0634765625,8449.0693359375,8867412,0.0,0.0
2022-05-11 00:00:00+07:00,9367.498046875,9522.9755859375,9231.4560546875,9425.8017578125,8519.3310546875,3790910,0.0,0.0
2022-05-12 00:00:00+07:00,9328.62890625,9348.0634765625,8862.197265625,8920.5009765625,8062.625,7498208,0.0,0.0
2022-05-13 00:00:00+07:00,8901.06640625,9056.5439453125,8356.896484375,8628.9814453125,7799.14013671875,12576253,0.0,0.0
2022-05-16 00:00:00+07:00,8901.06640625,8920.5009765625,8551.2431640625,8745.58984375,7904.5341796875,6310380,0.0,0.0
2022-05-17 00:00:00+07:00,8901.06640625,9328.62890625,8570.677734375,9328.62890625,8431.5029296875,6470661,0.0,0.0
2022-05-18 00:00:00+07:00,9328.62890625,9464.6708984375,9173.1513671875,9328.62890625,8431.5029296875,7326350,0.0,0.0
2022-05-19 00:00:00+07:00,9192.5859375,9484.10546875,9037.109375,9445.236328125,8536.8974609375,7999632,0.0,0.0
2022-05-20 00:00:00+07:00,9445.236328125,9600.7138671875,9328.62890625,9464.6708984375,8554.4619140625,5972581,0.0,0.0
2022-05-23 00:00:00+07:00,9561.8447265625,9581.279296875,9192.5859375,9406.3671875,8501.765625,6137493,0.0,0.0
2022-05-24 00:00:00+07:00,9367.498046875,9561.8447265625,9270.3251953125,9561.8447265625,8642.291015625,6046419,0.0,0.0
2022-05-25 00:00:00+07:00,9561.8447265625,9969.9716796875,9561.8447265625,9969.9716796875,9011.1689453125,8615800,0.0,0.0
2022-05-26 00:00:00+07:00,9833.9296875,10028.2763671875,9833.9296875,9931.1025390625,8976.0380859375,4834408,0.0,0.0
2022-05-27 00:00:00+07:00,9911.66796875,10047.7109375,9833.9296875,10028.2763671875,9063.8662109375,4303397,0.0,0.0
2022-05-30 00:00:00+07:00,10144.8837890625,10144.8837890625,9989.40625,10047.7109375,9081.431640625,5067497,0.0,0.0
2022-05-31 00:00:00+07:00,10047.7109375,10144.8837890625,9989.40625,10144.8837890625,9169.259765625,5769851,0.0,0.0
2022-06-01 00:00:00+07:00,10144.8837890625,10280.9267578125,9950.537109375,10164.318359375,9186.8251953125,6060826,0.0,0.0
2022-06-02 00:00:00+07:00,10164.318359375,10164.318359375,10164.318359375,10164.318359375,9186.8251953125,0,0.0,0.0
2022-06-03 00:00:00+07:00,10067.1455078125,10106.0146484375,9795.060546875,9872.798828125,8923.3408203125,2855210,0.0,0.0
2022-06-06 00:00:00+07:00,9795.060546875,10008.8408203125,9717.3212890625,9833.9296875,8888.2099609375,4091405,0.0,0.0
2022-06-07 00:00:00+07:00,9833.9296875,9931.1025390625,9639.5830078125,9833.9296875,8888.2099609375,3967914,0.0,0.0
2022-06-08 00:00:00+07:00,9911.66796875,10203.1875,9736.755859375,10086.580078125,9116.5634765625,6834702,0.0,0.0
2022-06-09 00:00:00+07:00,10008.8408203125,10106.0146484375,9989.40625,10028.2763671875,9063.8662109375,2225407,0.0,0.0
2022-06-10 00:00:00+07:00,10028.2763671875,10261.4912109375,9911.66796875,10067.1455078125,9098.9970703125,8347207,0.0,0.0
2022-06-13 00:00:00+07:00,9717.3212890625,9950.537109375,9522.9755859375,9542.41015625,8624.7255859375,5734604,0.0,0.0
2022-06-14 00:00:00+07:00,9367.498046875,9833.9296875,9367.498046875,9678.4521484375,8747.68359375,7020967,0.0,0.0
2022-06-15 00:00:00+07:00,9717.3212890625,9717.3212890625,9309.1943359375,9522.9755859375,8607.16015625,8313762,0.0,0.0
2022-06-16 00:00:00+07:00,9561.8447265625,9911.66796875,9484.10546875,9697.88671875,8765.25,5664112,0.0,0.0
2022-06-17 00:00:00+07:00,9484.10546875,9620.1484375,9289.759765625,9561.8447265625,8642.291015625,5251961,0.0,0.0
2022-06-20 00:00:00+07:00,9561.8447265625,9561.8447265625,9095.4130859375,9231.4560546875,8343.6748046875,4948894,0.0,0.0
2022-06-21 00:00:00+07:00,9017.6748046875,9328.62890625,9017.6748046875,9173.1513671875,8290.9775390625,4278699,0.0,0.0
2022-06-22 00:00:00+07:00,9173.1513671875,9367.498046875,9173.1513671875,9173.1513671875,8290.9775390625,4040207,0.0,0.0
2022-06-23 00:00:00+07:00,9173.1513671875,9212.0205078125,9037.109375,9134.2822265625,8255.8466796875,2565007,0.0,0.0
2022-06-24 00:00:00+07:00,9328.62890625,9328.62890625,8939.935546875,8939.935546875,8080.18994140625,5771137,0.0,0.0
2022-06-27 00:00:00+07:00,8978.8056640625,9114.84765625,8939.935546875,9075.978515625,8203.150390625,3262473,0.0,0.0
2022-06-28 00:00:00+07:00,9056.5439453125,9561.8447265625,9017.6748046875,9425.8017578125,8519.3310546875,5555028,0.0,0.0
2022-06-29 00:00:00+07:00,9173.1513671875,9600.7138671875,9173.1513671875,9484.10546875,8572.02734375,3594354,0.0,0.0
2022-06-30 00:00:00+07:00,9561.8447265625,9659.017578125,9328.62890625,9328.62890625,8431.5029296875,6174283,0.0,0.0
2022-07-01 00:00:00+07:00,9289.759765625,9522.9755859375,9114.84765625,9522.9755859375,8607.16015625,5273572,0.0,0.0
2022-07-04 00:00:00+07:00,9600.7138671875,9639.5830078125,9503.541015625,9542.41015625,8624.7255859375,2697502,0.0,0.0
2022-07-05 00:00:00+07:00,9503.541015625,9697.88671875,9503.541015625,9620.1484375,8694.9873046875,5726114,0.0,0.0
2022-07-06 00:00:00+07:00,9522.9755859375,9581.279296875,9134.2822265625,9270.3251953125,8378.806640625,7918848,0.0,0.0
2022-07-07 00:00:00+07:00,9270.3251953125,9406.3671875,9250.890625,9328.62890625,8431.5029296875,2592020,0.0,0.0
2022-07-08 00:00:00+07:00,9348.0634765625,9386.9326171875,9212.0205078125,9212.0205078125,8326.109375,2869360,0.0,0.0
2022-07-11 00:00:00+07:00,9114.84765625,9192.5859375,8901.06640625,8901.06640625,8045.0595703125,3907455,0.0,0.0
2022-07-12 00:00:00+07:00,8901.06640625,8901.06640625,8901.06640625,8901.06640625,8045.0595703125,0,0.0,0.0
2022-07-13 00:00:00+07:00,9134.2822265625,9328.62890625,9095.4130859375,9212.0205078125,8326.109375,3300549,0.0,0.0
2022-07-14 00:00:00+07:00,9212.0205078125,9231.4560546875,9037.109375,9212.0205078125,8326.109375,4125622,0.0,0.0
2022-07-15 00:00:00+07:00,9212.0205078125,9309.1943359375,9153.716796875,9173.1513671875,8290.9775390625,4029659,0.0,0.0
2022-07-18 00:00:00+07:00,9309.1943359375,9309.1943359375,9134.2822265625,9134.2822265625,8255.8466796875,2025506,0.0,0.0
2022-07-19 00:00:00+07:00,9134.2822265625,9153.716796875,9037.109375,9095.4130859375,8220.71484375,2183986,0.0,0.0
2022-07-20 00:00:00+07:00,9250.890625,9309.1943359375,9192.5859375,9270.3251953125,8378.806640625,3391623,0.0,0.0
2022-07-21 00:00:00+07:00,9328.62890625,9484.10546875,9328.62890625,9348.0634765625,8449.0693359375,5725343,0.0,0.0
2022-07-22 00:00:00+07:00,9348.0634765625,9406.3671875,9250.890625,9250.890625,8361.2412109375,2956833,0.0,0.0
2022-07-25 00:00:00+07:00,9153.716796875,9250.890625,9153.716796875,9173.1513671875,8290.9775390625,2040171,0.0,0.0
2022-07-26 00:00:00+07:00,9173.1513671875,9231.4560546875,9134.2822265625,9173.1513671875,8290.9775390625,2117867,0.0,0.0
2022-07-27 00:00:00+07:00,9173.1513671875,9289.759765625,9114.84765625,9289.759765625,8396.3720703125,1782126,0.0,0.0
2022-07-28 00:00:00+07:00,9386.9326171875,9522.9755859375,9309.1943359375,9484.10546875,8572.02734375,7121046,0.0,0.0
2022-07-29 00:00:00+07:00,9581.279296875,9581.279296875,9386.9326171875,9386.9326171875,8484.19921875,4573276,0.0,0.0
2022-08-01 00:00:00+07:00,9406.3671875,9639.5830078125,9406.3671875,9600.7138671875,8677.421875,6292628,0.0,0.0
2022-08-02 00:00:00+07:00,9561.8447265625,9736.755859375,9561.8447265625,9659.017578125,8730.119140625,5758016,0.0,0.0
2022-08-03 00:00:00+07:00,9639.5830078125,9678.4521484375,9561.8447265625,9659.017578125,8730.119140625,4703713,0.0,0.0
2022-08-04 00:00:00+07:00,9717.3212890625,9853.3642578125,9600.7138671875,9678.4521484375,8747.68359375,5775253,0.0,0.0
2022-08-05 00:00:00+07:00,9639.5830078125,9639.5830078125,9522.9755859375,9600.7138671875,8677.421875,4292335,0.0,0.0
2022-08-08 00:00:00+07:00,9678.4521484375,9756.19140625,9600.7138671875,9717.3212890625,8782.8154296875,5998051,0.0,0.0
2022-08-09 00:00:00+07:00,9717.3212890625,9795.060546875,9678.4521484375,9775.6259765625,8835.5126953125,7934799,0.0,0.0
2022-08-10 00:00:00+07:00,9775.6259765625,9795.060546875,9678.4521484375,9736.755859375,8800.3818359375,5078045,0.0,0.0
2022-08-11 00:00:00+07:00,9833.9296875,9950.537109375,9814.4951171875,9833.9296875,8888.2099609375,12338019,0.0,0.0
2022-08-12 00:00:00+07:00,9872.798828125,9892.2333984375,9814.4951171875,9872.798828125,8923.3408203125,3824613,0.0,0.0
2022-08-15 00:00:00+07:00,9950.537109375,10222.6220703125,9892.2333984375,10222.6220703125,9239.521484375,12408511,0.0,0.0
2022-08-16 00:00:00+07:00,10222.6220703125,10261.4912109375,10106.0146484375,10242.056640625,9257.087890625,5996508,0.0,0.0
2022-08-17 00:00:00+07:00,10242.056640625,10416.96875,10242.056640625,10397.5341796875,9397.61328125,12083833,0.0,0.0
2022-08-18 00:00:00+07:00,10436.4033203125,10455.837890625,10300.361328125,10416.96875,9415.177734375,12897844,0.0,0.0
2022-08-19 00:00:00+07:00,10261.4912109375,10378.099609375,10203.1875,10203.1875,9221.9560546875,9844019,0.0,0.0
2022-08-22 00:00:00+07:00,10164.318359375,10164.318359375,9892.2333984375,9892.2333984375,8940.9072265625,7079368,0.0,0.0
2022-08-23 00:00:00+07:00,9892.2333984375,10008.8408203125,9736.755859375,9989.40625,9028.734375,6402484,0.0,0.0
2022-08-24 00:00:00+07:00,10106.0146484375,10144.8837890625,9989.40625,10067.1455078125,9098.9970703125,4013451,0.0,0.0
2022-08-25 00:00:00+07:00,9989.40625,10280.9267578125,9989.40625,10280.9267578125,9292.2197265625,5598764,0.0,0.0
2022-08-26 00:00:00+07:00,10378.099609375,10378.099609375,10222.6220703125,10222.6220703125,9239.521484375,5360787,0.0,0.0
2022-08-29 00:00:00+07:00,10067.1455078125,10106.0146484375,9833.9296875,10086.580078125,9116.5634765625,7239906,0.0,0.0
2022-08-30 00:00:00+07:00,10106.0146484375,10242.056640625,10067.1455078125,10222.6220703125,9239.521484375,4199202,0.0,0.0
2022-08-31 00:00:00+07:00,10164.318359375,10378.099609375,10106.0146484375,10378.099609375,9380.0478515625,6138780,0.0,0.0
2022-09-01 00:00:00+07:00,10378.099609375,10378.099609375,10378.099609375,10378.099609375,9380.0478515625,0,0.0,0.0
2022-09-02 00:00:00+07:00,10378.099609375,10378.099609375,10378.099609375,10378.099609375,9380.0478515625,0,0.0,0.0
2022-09-05 00:00:00+07:00,10319.7958984375,10378.099609375,10125.44921875,10261.4912109375,9274.6533203125,3395997,0.0,0.0
2022-09-06 00:00:00+07:00,10261.4912109375,10436.4033203125,10183.7529296875,10378.099609375,9380.0478515625,5195104,0.0,0.0
2022-09-07 00:00:00+07:00,10397.5341796875,10591.880859375,10144.8837890625,10144.8837890625,9169.259765625,11706415,0.0,0.0
2022-09-08 00:00:00+07:00,10494.70703125,10494.70703125,9911.66796875,9911.66796875,8958.4716796875,4944006,0.0,0.0
2022-09-09 00:00:00+07:00,10106.0146484375,10106.0146484375,9717.3212890625,10028.2763671875,9063.8662109375,4253229,0.0,0.0
2022-09-12 00:00:00+07:00,10261.4912109375,10261.4912109375,9969.9716796875,9969.9716796875,9011.1689453125,2740724,0.0,0.0
2022-09-13 00:00:00+07:00,10106.0146484375,10106.0146484375,9911.66796875,10067.1455078125,9098.9970703125,1912306,0.0,0.0
2022-09-14 00:00:00+07:00,9795.060546875,9892.2333984375,9756.19140625,9795.060546875,8853.0791015625,4973335,0.0,0.0
2022-09-15 00:00:00+07:00,10028.2763671875,10028.2763671875,9736.755859375,9775.6259765625,8835.5126953125,2596651,0.0,0.0
2022-09-16 00:00:00+07:00,9833.9296875,9911.66796875,9717.3212890625,9717.3212890625,8782.8154296875,2541595,0.0,0.0
2022-09-19 00:00:00+07:00,9833.9296875,9833.9296875,9445.236328125,9522.9755859375,8607.16015625,3436903,0.0,0.0
2022-09-20 00:00:00+07:00,9678.4521484375,9678.4521484375,9406.3671875,9639.5830078125,8712.5537109375,1730672,0.0,0.0
2022-09-21 00:00:00+07:00,9697.88671875,9697.88671875,9464.6708984375,9600.7138671875,8677.421875,2105003,0.0,0.0
2022-09-22 00:00:00+07:00,9542.41015625,9600.7138671875,9445.236328125,9600.7138671875,8677.421875,1708804,0.0,0.0
2022-09-23 00:00:00+07:00,9522.9755859375,9639.5830078125,9445.236328125,9445.236328125,8536.8974609375,2145395,0.0,0.0
2022-09-26 00:00:00+07:00,9386.9326171875,9386.9326171875,9056.5439453125,9114.84765625,8238.28125,6743370,0.0,0.0
2022-09-27 00:00:00+07:00,9134.2822265625,9474.388671875,9134.2822265625,9377.2158203125,8475.41796875,3281151,0.0,1.25
2022-09-28 00:00:00+07:00,9134.2822265625,9352.921875,9134.2822265625,9304.3359375,8409.5458984375,1783824,0.0,0.0
2022-09-29 00:00:00+07:00,9304.3359375,9401.5087890625,9280.0419921875,9304.3359375,8409.5458984375,2847904,0.0,0.0
2022-09-30 00:00:00+07:00,9012.8154296875,9425.8017578125,9012.8154296875,9304.3359375,8409.5458984375,4755425,0.0,0.0
2022-10-03 00:00:00+07:00,9037.109375,9304.3359375,8891.349609375,8939.935546875,8080.18994140625,2852226,0.0,0.0
2022-10-04 00:00:00+07:00,8964.2294921875,9231.4560546875,8891.349609375,8988.5224609375,8124.10498046875,4587272,0.0,0.0
2022-10-05 00:00:00+07:00,9231.4560546875,9255.7490234375,8988.5224609375,8988.5224609375,8124.10498046875,3134608,0.0,0.0
2022-10-06 00:00:00+07:00,8915.642578125,9231.4560546875,8745.58984375,8818.4697265625,7970.40625,2878570,0.0,0.0
2022-10-07 00:00:00+07:00,8526.9501953125,8745.58984375,8259.7236328125,8478.36328125,7663.0068359375,6564566,0.0,0.0
2022-10-10 00:00:00+07:00,8356.896484375,8381.189453125,7943.91064453125,8211.13671875,7421.4794921875,6795699,0.0,0.0
2022-10-11 00:00:00+07:00,8113.96337890625,8259.7236328125,7725.2705078125,7871.03076171875,7114.0810546875,9350724,0.0,0.0
2022-10-12 00:00:00+07:00,7919.6171875,8259.7236328125,7798.150390625,8162.55029296875,7377.5654296875,4203627,0.0,0.0
2022-10-13 00:00:00+07:00,8405.4833984375,8429.7763671875,8089.67041015625,8162.55029296875,7377.5654296875,3096943,0.0,0.0
2022-10-14 00:00:00+07:00,8381.189453125,8478.36328125,8186.84326171875,8259.7236328125,7465.3935546875,2103254,0.0,0.0
2022-10-17 00:00:00+07:00,8162.55029296875,8211.13671875,7846.7373046875,8016.79052734375,7245.8232421875,2914177,0.0,0.0
2022-10-18 00:00:00+07:00,8235.4296875,8235.4296875,8016.79052734375,8162.55029296875,7377.5654296875,2307837,0.0,0.0
2022-10-19 00:00:00+07:00,8259.7236328125,8332.603515625,8065.376953125,8113.96337890625,7333.65087890625,1355929,0.0,0.0
2022-10-20 00:00:00+07:00,8259.7236328125,8259.7236328125,7555.2177734375,8162.55029296875,7377.5654296875,5380494,0.0,0.0
2022-10-21 00:00:00+07:00,8259.7236328125,8259.7236328125,7871.03076171875,8016.79052734375,7245.8232421875,3749387,0.0,0.0
2022-10-24 00:00:00+07:00,8016.79052734375,8065.376953125,7652.390625,7749.56396484375,7004.2958984375,4570189,0.0,0.0
2022-10-25 00:00:00+07:00,7725.2705078125,8016.79052734375,7482.337890625,7773.857421875,7026.2529296875,3488203,0.0,0.0
2022-10-26 00:00:00+07:00,7773.857421875,7822.44384765625,7579.5107421875,7749.56396484375,7004.2958984375,1894349,0.0,0.0
2022-10-27 00:00:00+07:00,7749.56396484375,8065.376953125,7603.80419921875,8065.376953125,7289.7373046875,4477365,0.0,0.0
2022-10-28 00:00:00+07:00,8089.67041015625,8162.55029296875,7919.6171875,8016.79052734375,7245.8232421875,2871161,0.0,0.0
2022-10-31 00:00:00+07:00,7919.6171875,8065.376953125,7773.857421875,7968.20361328125,7201.90869140625,3205821,0.0,0.0
2022-11-01 00:00:00+07:00,8016.79052734375,8284.0166015625,7968.20361328125,8065.376953125,7289.7373046875,7190252,0.0,0.0
2022-11-02 00:00:00+07:00,8065.376953125,8089.67041015625,7895.32373046875,7992.4970703125,7223.86572265625,3695256,0.0,0.0
2022-11-03 00:00:00+07:00,7822.44384765625,7992.4970703125,7773.857421875,7773.857421875,7026.2529296875,3894488,0.0,0.0
2022-11-04 00:00:00+07:00,7628.09765625,7773.857421875,7239.40478515625,7482.337890625,6762.7685546875,14509965,0.0,0.0
2022-11-07 00:00:00+07:00,7628.09765625,7628.09765625,6972.17822265625,6972.17822265625,6301.67041015625,10062237,0.0,0.0
2022-11-08 00:00:00+07:00,6486.31201171875,7045.05810546875,6486.31201171875,7045.05810546875,6367.541015625,13261884,0.0,0.0
2022-11-09 00:00:00+07:00,6996.4716796875,7287.9912109375,6996.4716796875,7190.81787109375,6499.28369140625,8910479,0.0,0.0
2022-11-10 00:00:00+07:00,7045.05810546875,7166.52490234375,6753.53857421875,7093.64501953125,6411.45556640625,7863483,0.0,0.0
2022-11-11 00:00:00+07:00,7093.64501953125,7263.69775390625,7093.64501953125,7190.81787109375,6499.28369140625,4539522,0.0,0.0
2022-11-14 00:00:00+07:00,6704.9521484375,7142.2314453125,6704.9521484375,7093.64501953125,6411.45556640625,13680930,0.0,0.0
2022-11-15 00:00:00+07:00,7045.05810546875,7093.64501953125,6632.072265625,6802.125,6147.970703125,7532528,0.0,0.0
2022-11-16 00:00:00+07:00,6607.77880859375,7239.40478515625,6340.55224609375,7239.40478515625,6543.19775390625,8186206,0.0,0.0
2022-11-17 00:00:00+07:00,7142.2314453125,7555.2177734375,7142.2314453125,7433.7509765625,6718.85400390625,8111494,0.0,0.0
2022-11-18 00:00:00+07:00,7433.7509765625,7433.7509765625,6996.4716796875,7287.9912109375,6587.11181640625,4988823,0.0,0.0
2022-11-21 00:00:00+07:00,7433.7509765625,7433.7509765625,7117.93798828125,7190.81787109375,6499.28369140625,2612242,0.0,0.0
2022-11-22 00:00:00+07:00,7287.9912109375,7385.16455078125,7093.64501953125,7117.93798828125,6433.41259765625,3047959,0.0,0.0
2022-11-23 00:00:00+07:00,7287.9912109375,7287.9912109375,7093.64501953125,7117.93798828125,6433.41259765625,1933660,0.0,0.0
2022-11-24 00:00:00+07:00,7239.40478515625,7239.40478515625,6996.4716796875,7190.81787109375,6499.28369140625,1878501,0.0,0.0
2022-11-25 00:00:00+07:00,7263.69775390625,7263.69775390625,7166.52490234375,7263.69775390625,6565.15478515625,1946215,0.0,0.0
2022-11-28 00:00:00+07:00,7287.9912109375,7555.2177734375,7287.9912109375,7506.630859375,6784.72509765625,3610048,0.0,0.0
2022-11-29 00:00:00+07:00,7530.92431640625,7652.390625,7287.9912109375,7506.630859375,6784.72509765625,3795490,0.0,0.0
2022-11-30 00:00:00+07:00,7530.92431640625,7652.390625,7360.87109375,7555.2177734375,6828.6396484375,4187779,0.0,0.0
2022-12-01 00:00:00+07:00,7773.857421875,7846.7373046875,7603.80419921875,7749.56396484375,7004.2958984375,6552834,0.0,0.0
2022-12-02 00:00:00+07:00,7822.44384765625,8016.79052734375,7822.44384765625,8016.79052734375,7245.8232421875,4685653,0.0,0.0
2022-12-05 00:00:00+07:00,8308.3095703125,8332.603515625,8089.67041015625,8235.4296875,7443.43603515625,8049543,0.0,0.0
2022-12-06 00:00:00+07:00,8478.36328125,8478.36328125,7968.20361328125,7968.20361328125,7201.90869140625,11238281,0.0,0.0
2022-12-07 00:00:00+07:00,7943.91064453125,8016.79052734375,7700.9775390625,7725.2705078125,6982.33837890625,3231137,0.0,0.0
2022-12-08 00:00:00+07:00,7919.6171875,8138.2568359375,7871.03076171875,8016.79052734375,7245.8232421875,9394769,0.0,0.0
2022-12-09 00:00:00+07:00,8259.7236328125,8259.7236328125,8016.79052734375,8162.55029296875,7377.5654296875,5822386,0.0,0.0
2022-12-12 00:00:00+07:00,8332.603515625,8332.603515625,7871.03076171875,7871.03076171875,7114.0810546875,7935314,0.0,0.0
2022-12-13 00:00:00+07:00,8162.55029296875,8162.55029296875,7822.44384765625,7992.4970703125,7223.86572265625,7680923,0.0,0.0
2022-12-14 00:00:00+07:00,8089.67041015625,8089.67041015625,7968.20361328125,7992.4970703125,7223.86572265625,4972563,0.0,0.0
2022-12-15 00:00:00+07:00,8113.96337890625,8162.55029296875,7992.4970703125,8138.2568359375,7355.60791015625,11057779,0.0,0.0
2022-12-16 00:00:00+07:00,8138.2568359375,8478.36328125,8138.2568359375,8405.4833984375,7597.1357421875,12369046,0.0,0.0
2022-12-19 00:00:00+07:00,8502.65625,8697.0029296875,8429.7763671875,8429.7763671875,7619.09228515625,8894631,0.0,0.0
2022-12-20 00:00:00+07:00,8454.0703125,8502.65625,7943.91064453125,8089.67041015625,7311.6943359375,13058742,0.0,0.0
2022-12-21 00:00:00+07:00,8259.7236328125,8259.7236328125,8016.79052734375,8162.55029296875,7377.5654296875,4710968,0.0,0.0
2022-12-22 00:00:00+07:00,8259.7236328125,8332.603515625,8113.96337890625,8186.84326171875,7399.52197265625,2682632,0.0,0.0
2022-12-23 00:00:00+07:00,8211.13671875,8259.7236328125,8138.2568359375,8259.7236328125,7465.3935546875,2680368,0.0,0.0
2022-12-26 00:00:00+07:00,8259.7236328125,8356.896484375,7846.7373046875,7895.32373046875,7136.0380859375,4250965,0.0,0.0
2022-12-27 00:00:00+07:00,7968.20361328125,8016.79052734375,7871.03076171875,7943.91064453125,7179.9521484375,4427557,0.0,0.0
2022-12-28 00:00:00+07:00,7968.20361328125,8016.79052734375,7773.857421875,7871.03076171875,7114.0810546875,2429476,0.0,0.0
2022-12-29 00:00:00+07:00,7749.56396484375,7968.20361328125,7725.2705078125,7725.2705078125,6982.33837890625,2801595,0.0,0.0
2022-12-30 00:00:00+07:00,7725.2705078125,7749.56396484375,7603.80419921875,7749.56396484375,7004.2958984375,3140371,0.0,0.0
2023-01-02 00:00:00+07:00,7749.56396484375,7749.56396484375,7749.56396484375,7749.56396484375,7004.2958984375,0,0.0,0.0
2023-01-03 00:00:00+07:00,7822.44384765625,8016.79052734375,7725.2705078125,8016.79052734375,7245.8232421875,1947656,0.0,0.0
2023-01-04 00:00:00+07:00,8162.55029296875,8162.55029296875,7943.91064453125,7943.91064453125,7179.9521484375,3364507,0.0,0.0
2023-01-05 00:00:00+07:00,7968.20361328125,8016.79052734375,7919.6171875,7968.20361328125,7201.90869140625,4173166,0.0,0.0
2023-01-06 00:00:00+07:00,7968.20361328125,8211.13671875,7943.91064453125,7992.4970703125,7223.86572265625,3524427,0.0,0.0
2023-01-09 00:00:00+07:00,8065.376953125,8186.84326171875,8041.08349609375,8138.2568359375,7355.60791015625,2509333,0.0,0.0
2023-01-10 00:00:00+07:00,8186.84326171875,8186.84326171875,8016.79052734375,8138.2568359375,7355.60791015625,2095844,0.0,0.0
2023-01-11 00:00:00+07:00,8138.2568359375,8211.13671875,8065.376953125,8113.96337890625,7333.65087890625,5245889,0.0,0.0
2023-01-12 00:00:00+07:00,8113.96337890625,8211.13671875,8065.376953125,8065.376953125,7289.7373046875,1547751,0.0,0.0
2023-01-13 00:00:00+07:00,8162.55029296875,8235.4296875,8065.376953125,8089.67041015625,7311.6943359375,4067170,0.0,0.0
2023-01-16 00:00:00+07:00,8186.84326171875,8259.7236328125,8113.96337890625,8211.13671875,7421.4794921875,4793913,0.0,0.0
2023-01-17 00:00:00+07:00,8308.3095703125,8381.189453125,8259.7236328125,8381.189453125,7575.17822265625,3960762,0.0,0.0
2023-01-18 00:00:00+07:00,8454.0703125,8624.123046875,8381.189453125,8478.36328125,7663.0068359375,4991910,0.0,0.0
2023-01-19 00:00:00+07:00,8551.2431640625,8648.416015625,8454.0703125,8502.65625,7684.9638671875,5988481,0.0,0.0
2023-01-20 00:00:00+07:00,8502.65625,8502.65625,8502.65625,8502.65625,7684.9638671875,0,0.0,0.0
2023-01-23 00:00:00+07:00,8502.65625,8502.65625,8502.65625,8502.65625,7684.9638671875,0,0.0,0.0
2023-01-24 00:00:00+07:00,8502.65625,8502.65625,8502.65625,8502.65625,7684.9638671875,0,0.0,0.0
2023-01-25 00:00:00+07:00,8502.65625,8502.65625,8502.65625,8502.65625,7684.9638671875,0,0.0,0.0
2023-01-26 00:00:00+07:00,8502.65625,8502.65625,8502.65625,8502.65625,7684.9638671875,0,0.0,0.0
2023-01-27 00:00:00+07:00,8721.2958984375,8745.58984375,8575.5361328125,8599.830078125,7772.79248046875,3183799,0.0,0.0
2023-01-30 00:00:00+07:00,8697.0029296875,8891.349609375,8599.830078125,8867.0556640625,8014.31884765625,7752136,0.0,0.0
2023-01-31 00:00:00+07:00,8867.0556640625,9061.40234375,8769.8828125,9061.40234375,8189.9755859375,7282870,0.0,0.0
2023-02-01 00:00:00+07:00,9085.6953125,9474.388671875,9085.6953125,9231.4560546875,8343.6748046875,11158836,0.0,0.0
2023-02-02 00:00:00+07:00,9231.4560546875,9255.7490234375,8915.642578125,8915.642578125,8058.23388671875,5061682,0.0,0.0
2023-02-03 00:00:00+07:00,8988.5224609375,9012.8154296875,8648.416015625,9012.8154296875,8146.0615234375,5133101,0.0,0.0
2023-02-06 00:00:00+07:00,8891.349609375,8988.5224609375,8769.8828125,8988.5224609375,8124.10498046875,3519076,0.0,0.0
2023-02-07 00:00:00+07:00,8988.5224609375,9037.109375,8745.58984375,8745.58984375,7904.5341796875,2257412,0.0,0.0
2023-02-08 00:00:00+07:00,8648.416015625,8939.935546875,8599.830078125,8891.349609375,8036.27685546875,3718925,0.0,0.0
2023-02-09 00:00:00+07:00,8891.349609375,8964.2294921875,8648.416015625,8842.7626953125,7992.3623046875,3529367,0.0,0.0
2023-02-10 00:00:00+07:00,8745.58984375,8891.349609375,8697.0029296875,8818.4697265625,7970.40625,3285061,0.0,0.0
2023-02-13 00:00:00+07:00,8745.58984375,8769.8828125,8478.36328125,8769.8828125,7926.4912109375,3917540,0.0,0.0
2023-02-14 00:00:00+07:00,8745.58984375,8842.7626953125,8575.5361328125,8575.5361328125,7750.83447265625,3060102,0.0,0.0
2023-02-15 00:00:00+07:00,8575.5361328125,8769.8828125,8551.2431640625,8648.416015625,7816.70556640625,3728393,0.0,0.0
2023-02-16 00:00:00+07:00,8624.123046875,8988.5224609375,8624.123046875,8988.5224609375,8124.10498046875,6115882,0.0,0.0
2023-02-17 00:00:00+07:00,8867.0556640625,8964.2294921875,8794.17578125,8964.2294921875,8102.14794921875,4110803,0.0,0.0
2023-02-20 00:00:00+07:00,8964.2294921875,9134.2822265625,8891.349609375,9134.2822265625,8255.8466796875,5777106,0.0,0.0
2023-02-21 00:00:00+07:00,9134.2822265625,9231.4560546875,9037.109375,9231.4560546875,8343.6748046875,7188812,0.0,0.0
2023-02-22 00:00:00+07:00,9182.869140625,9231.4560546875,8988.5224609375,8988.5224609375,8124.10498046875,3935858,0.0,0.0
2023-02-23 00:00:00+07:00,8915.642578125,8915.642578125,8551.2431640625,8769.8828125,7926.4912109375,6166719,0.0,0.0
2023-02-24 00:00:00+07:00,8672.7099609375,8842.7626953125,8502.65625,8502.65625,7684.9638671875,3248631,0.0,0.0
2023-02-27 00:00:00+07:00,8502.65625,8502.65625,8211.13671875,8211.13671875,7421.4794921875,4056879,0.0,0.0
2023-02-28 00:00:00+07:00,8259.7236328125,8478.36328125,8259.7236328125,8284.0166015625,7487.35009765625,2507686,0.0,0.0
2023-03-01 00:00:00+07:00,8284.0166015625,8648.416015625,8089.67041015625,8599.830078125,7772.79248046875,3160335,0.0,0.0
2023-03-02 00:00:00+07:00,8551.2431640625,8745.58984375,8526.9501953125,8745.58984375,7904.5341796875,3794049,0.0,0.0
2023-03-03 00:00:00+07:00,8745.58984375,8769.8828125,8454.0703125,8648.416015625,7816.70556640625,2552349,0.0,0.0
2023-03-06 00:00:00+07:00,8672.7099609375,8867.0556640625,8502.65625,8745.58984375,7904.5341796875,6404439,0.0,0.0
2023-03-07 00:00:00+07:00,8697.0029296875,9037.109375,8697.0029296875,8988.5224609375,8124.10498046875,7205277,0.0,0.0
2023-03-08 00:00:00+07:00,8745.58984375,9037.109375,8745.58984375,9037.109375,8168.0185546875,4225855,0.0,0.0
2023-03-09 00:00:00+07:00,8988.5224609375,9085.6953125,8842.7626953125,8988.5224609375,8124.10498046875,2465288,0.0,0.0
2023-03-10 00:00:00+07:00,8842.7626953125,8988.5224609375,8769.8828125,8988.5224609375,8124.10498046875,3038491,0.0,0.0
2023-03-13 00:00:00+07:00,8842.7626953125,9037.109375,8794.17578125,8964.2294921875,8102.14794921875,5657731,0.0,0.0
2023-03-14 00:00:00+07:00,8818.4697265625,8964.2294921875,8769.8828125,8769.8828125,7926.4912109375,3670147,0.0,0.0
2023-03-15 00:00:00+07:00,8867.0556640625,9085.6953125,8867.0556640625,8988.5224609375,8124.10498046875,3335281,0.0,0.0
2023-03-16 00:00:00+07:00,8988.5224609375,9085.6953125,8551.2431640625,8672.7099609375,7838.66357421875,4360254,0.0,0.0
2023-03-17 00:00:00+07:00,8842.7626953125,8988.5224609375,8697.0029296875,8988.5224609375,8124.10498046875,6154370,0.0,0.0
2023-03-20 00:00:00+07:00,8794.17578125,8818.4697265625,8551.2431640625,8648.416015625,7816.70556640625,5986423,0.0,0.0
2023-03-21 00:00:00+07:00,8745.58984375,8745.58984375,8429.7763671875,8454.0703125,7641.05029296875,10512567,0.0,0.0
2023-03-22 00:00:00+07:00,8599.830078125,8648.416015625,8454.0703125,8575.5361328125,7750.83447265625,6928452,0.0,0.0
2023-03-23 00:00:00+07:00,8575.5361328125,8624.123046875,8502.65625,8575.5361328125,7750.83447265625,3787051,0.0,0.0
2023-03-24 00:00:00+07:00,8599.830078125,8842.7626953125,8599.830078125,8769.8828125,7926.4912109375,2834937,0.0,0.0
2023-03-27 00:00:00+07:00,8842.7626953125,8867.0556640625,8697.0029296875,8842.7626953125,7992.3623046875,2603598,0.0,0.0
2023-03-28 00:00:00+07:00,8842.7626953125,8891.349609375,8721.2958984375,8818.4697265625,7970.40625,4468721,0.0,0.0
2023-03-29 00:00:00+07:00,8842.7626953125,8915.642578125,8769.8828125,8794.17578125,7948.4482421875,2201635,0.0,0.0
2023-03-30 00:00:00+07:00,8891.349609375,9182.869140625,8891.349609375,9085.6953125,8211.9326171875,11913982,0.0,0.0
2023-03-31 00:00:00+07:00,9085.6953125,9425.8017578125,9085.6953125,9352.921875,8453.4599609375,11585702,0.0,0.0
2023-04-03 00:00:00+07:00,9450.095703125,9474.388671875,9231.4560546875,9401.5087890625,8497.3740234375,6035613,0.0,0.0
2023-04-04 00:00:00+07:00,9328.62890625,9377.2158203125,9255.7490234375,9304.3359375,8409.5458984375,4632140,0.0,0.0
2023-04-05 00:00:00+07:00,9377.2158203125,9571.5615234375,9328.62890625,9571.5615234375,8651.0732421875,9694852,0.0,0.0
2023-04-06 00:00:00+07:00,9571.5615234375,9765.908203125,9498.681640625,9547.2685546875,8629.1162109375,10676192,0.0,0.0
2023-04-07 00:00:00+07:00,9474.388671875,9547.2685546875,9328.62890625,9450.095703125,8541.2890625,5531565,0.0,0.0
2023-04-10 00:00:00+07:00,9474.388671875,9595.85546875,9474.388671875,9571.5615234375,8651.0732421875,7678864,0.0,0.0
2023-04-11 00:00:00+07:00,9522.9755859375,9571.5615234375,9377.2158203125,9498.681640625,8585.2021484375,4655192,0.0,0.0
2023-04-12 00:00:00+07:00,9498.681640625,9571.5615234375,9498.681640625,9547.2685546875,8629.1162109375,6076365,0.0,0.0
2023-04-13 00:00:00+07:00,9547.2685546875,9571.5615234375,9377.2158203125,9571.5615234375,8651.0732421875,5034309,0.0,0.0
2023-04-14 00:00:00+07:00,9595.85546875,9595.85546875,9474.388671875,9474.388671875,8563.24609375,4909994,0.0,0.0
2023-04-17 00:00:00+07:00,9401.5087890625,9474.388671875,9377.2158203125,9377.2158203125,8475.41796875,2896271,0.0,0.0
2023-04-18 00:00:00+07:00,9377.2158203125,9425.8017578125,9280.0419921875,9401.5087890625,8497.3740234375,4387628,0.0,0.0
2023-04-19 00:00:00+07:00,9401.5087890625,9401.5087890625,9255.7490234375,9255.7490234375,8365.6318359375,2481136,0.0,0.0
2023-04-20 00:00:00+07:00,9255.7490234375,9377.2158203125,9231.4560546875,9328.62890625,8431.5029296875,1882205,0.0,0.0
2023-04-21 00:00:00+07:00,9328.62890625,9328.62890625,9134.2822265625,9134.2822265625,8255.8466796875,3445393,0.0,0.0
2023-04-24 00:00:00+07:00,9280.0419921875,9328.62890625,9061.40234375,9109.9892578125,8233.890625,2561817,0.0,0.0
2023-04-25 00:00:00+07:00,9109.9892578125,9158.5751953125,8891.349609375,8915.642578125,8058.23388671875,3081095,0.0,0.0
2023-04-26 00:00:00+07:00,8915.642578125,9182.869140625,8891.349609375,9182.869140625,8299.76171875,2923645,0.0,0.0
2023-04-27 00:00:00+07:00,9182.869140625,9255.7490234375,9061.40234375,9231.4560546875,8343.6748046875,1980175,0.0,0.0
2023-04-28 00:00:00+07:00,9231.4560546875,9280.0419921875,9134.2822265625,9134.2822265625,8255.8466796875,2422889,0.0,0.0
2023-05-01 00:00:00+07:00,9134.2822265625,9134.2822265625,9134.2822265625,9134.2822265625,8255.8466796875,0,0.0,0.0
2023-05-02 00:00:00+07:00,9134.2822265625,9134.2822265625,9134.2822265625,9134.2822265625,8255.8466796875,0,0.0,0.0
2023-05-03 00:00:00+07:00,9134.2822265625,9134.2822265625,9134.2822265625,9134.2822265625,8255.8466796875,0,0.0,0.0
2023-05-04 00:00:00+07:00,9085.6953125,9207.162109375,9085.6953125,9134.2822265625,8255.8466796875,1668360,0.0,0.0
2023-05-05 00:00:00+07:00,9134.2822265625,9255.7490234375,9061.40234375,9255.7490234375,8365.6318359375,2718650,0.0,0.0
2023-05-08 00:00:00+07:00,9280.0419921875,9425.8017578125,9255.7490234375,9328.62890625,8431.5029296875,5050568,0.0,0.0
2023-05-09 00:00:00+07:00,9377.2158203125,9425.8017578125,9255.7490234375,9255.7490234375,8365.6318359375,2529297,0.0,0.0
2023-05-10 00:00:00+07:00,9328.62890625,9328.62890625,9231.4560546875,9304.3359375,8409.5458984375,2009401,0.0,0.0
2023-05-11 00:00:00+07:00,9328.62890625,9377.2158203125,9280.0419921875,9328.62890625,8431.5029296875,2615329,0.0,0.0
2023-05-12 00:00:00+07:00,9425.8017578125,9425.8017578125,9328.62890625,9425.8017578125,8519.3310546875,3045489,0.0,0.0
2023-05-15 00:00:00+07:00,9425.8017578125,9547.2685546875,9425.8017578125,9425.8017578125,8519.3310546875,5514070,0.0,0.0
2023-05-16 00:00:00+07:00,9474.388671875,9498.681640625,9425.8017578125,9474.388671875,8563.24609375,3264891,0.0,0.0
2023-05-17 00:00:00+07:00,9474.388671875,9522.9755859375,9450.095703125,9522.9755859375,8607.16015625,3846944,0.0,0.0
2023-05-18 00:00:00+07:00,9522.9755859375,9522.9755859375,9401.5087890625,9425.8017578125,8519.3310546875,3999455,0.0,0.0
2023-05-19 00:00:00+07:00,9498.681640625,9498.681640625,9352.921875,9425.8017578125,8519.3310546875,3043431,0.0,0.0
2023-05-22 00:00:00+07:00,9377.2158203125,9474.388671875,9377.2158203125,9450.095703125,8541.2890625,3759883,0.0,0.0
2023-05-23 00:00:00+07:00,9474.388671875,9498.681640625,9401.5087890625,9474.388671875,8563.24609375,3623838,0.0,0.0
2023-05-24 00:00:00+07:00,9474.388671875,9474.388671875,9474.388671875,9474.388671875,8563.24609375,0,0.0,0.0
2023-05-25 00:00:00+07:00,9474.388671875,9474.388671875,9401.5087890625,9474.388671875,8563.24609375,3435514,0.0,0.0
2023-05-26 00:00:00+07:00,9498.681640625,9498.681640625,9425.8017578125,9474.388671875,8563.24609375,2481136,0.0,0.0
2023-05-29 00:00:00+07:00,10392.67578125,10560.298828125,10392.67578125,10504.4248046875,10089.23046875,4114749,558.746,1.15
2023-05-30 00:00:00+07:00,10560.298828125,10560.298828125,10392.67578125,10504.4248046875,10089.23046875,4144996,0.0,0.0
2023-05-31 00:00:00+07:00,10420.61328125,10448.5498046875,10252.9892578125,10280.9267578125,9874.56640625,3478503,0.0,0.0
2023-06-01 00:00:00+07:00,10280.9267578125,10392.67578125,10113.302734375,10392.67578125,9981.8984375,4425445,0.0,0.0
2023-06-02 00:00:00+07:00,10448.5498046875,10672.048828125,10420.61328125,10644.111328125,10223.3955078125,8764447,0.0,0.0
2023-06-05 00:00:00+07:00,10727.9228515625,10783.7978515625,10588.236328125,10644.111328125,10223.3955078125,5740175,0.0,0.0
2023-06-06 00:00:00+07:00,10616.173828125,10727.9228515625,10560.298828125,10727.9228515625,10303.89453125,6296778,0.0,0.0
2023-06-07 00:00:00+07:00,10727.9228515625,10727.9228515625,10588.236328125,10616.173828125,10196.5625,3363782,0.0,0.0
2023-06-08 00:00:00+07:00,10672.048828125,10672.048828125,10448.5498046875,10448.5498046875,10035.5634765625,3904994,0.0,0.0
2023-06-09 00:00:00+07:00,10420.61328125,10476.4873046875,10280.9267578125,10336.80078125,9928.2314453125,4138195,0.0,0.0
2023-06-12 00:00:00+07:00,10448.5498046875,10448.5498046875,10252.9892578125,10280.9267578125,9874.56640625,4640749,0.0,0.0
2023-06-13 00:00:00+07:00,10308.86328125,10392.67578125,10280.9267578125,10392.67578125,9981.8984375,2034913,0.0,0.0
2023-06-14 00:00:00+07:00,10336.80078125,10532.3623046875,10336.80078125,10420.61328125,10008.7314453125,4083966,0.0,0.0
2023-06-15 00:00:00+07:00,10420.61328125,10448.5498046875,10336.80078125,10420.61328125,10008.7314453125,3096755,0.0,0.0
2023-06-16 00:00:00+07:00,10420.61328125,10588.236328125,10392.67578125,10392.67578125,9981.8984375,6283355,0.0,0.0
2023-06-19 00:00:00+07:00,10336.80078125,10392.67578125,10252.9892578125,10252.9892578125,9847.732421875,4097926,0.0,0.0
2023-06-20 00:00:00+07:00,10252.9892578125,10448.5498046875,10169.1767578125,10448.5498046875,10035.5634765625,4635201,0.0,0.0
2023-06-21 00:00:00+07:00,10364.73828125,10420.61328125,10280.9267578125,10420.61328125,10008.7314453125,2943555,0.0,0.0
2023-06-22 00:00:00+07:00,10420.61328125,10420.61328125,10420.61328125,10420.61328125,10008.7314453125,0,0.0,0.0
2023-06-23 00:00:00+07:00,10448.5498046875,10532.3623046875,10364.73828125,10420.61328125,10008.7314453125,3666603,0.0,0.0
2023-06-26 00:00:00+07:00,10420.61328125,10560.298828125,10392.67578125,10504.4248046875,10089.23046875,3479577,0.0,0.0
2023-06-27 00:00:00+07:00,10476.4873046875,10504.4248046875,10420.61328125,10448.5498046875,10035.5634765625,3159038,0.0,0.0
2023-06-28 00:00:00+07:00,10448.5498046875,10504.4248046875,10392.67578125,10476.4873046875,10062.396484375,3418190,0.0,0.0
2023-06-29 00:00:00+07:00,10476.4873046875,10504.4248046875,10225.0517578125,10252.9892578125,9847.732421875,5424289,0.0,0.0
2023-06-30 00:00:00+07:00,10336.80078125,10476.4873046875,10225.0517578125,10392.67578125,9981.8984375,5446124,0.0,0.0
2023-07-03 00:00:00+07:00,10420.61328125,10476.4873046875,10308.86328125,10308.86328125,9901.3984375,3310269,0.0,0.0
2023-07-04 00:00:00+07:00,10336.80078125,10448.5498046875,10308.86328125,10364.73828125,9955.064453125,2983287,0.0,0.0
2023-07-05 00:00:00+07:00,10420.61328125,10420.61328125,10308.86328125,10308.86328125,9901.3984375,5031445,0.0,0.0
2023-07-06 00:00:00+07:00,10308.86328125,10336.80078125,10113.302734375,10169.1767578125,9767.2333984375,7277367,0.0,0.0
2023-07-07 00:00:00+07:00,10169.1767578125,10280.9267578125,10141.240234375,10252.9892578125,9847.732421875,3912690,0.0,0.0
2023-07-10 00:00:00+07:00,10280.9267578125,10336.80078125,10197.1142578125,10252.9892578125,9847.732421875,5821070,0.0,0.0
2023-07-11 00:00:00+07:00,10252.9892578125,10392.67578125,10252.9892578125,10392.67578125,9981.8984375,4959856,0.0,0.0
2023-07-12 00:00:00+07:00,10420.61328125,10420.61328125,10308.86328125,10364.73828125,9955.064453125,2616394,0.0,0.0
2023-07-13 00:00:00+07:00,10364.73828125,10420.61328125,10308.86328125,10392.67578125,9981.8984375,3009238,0.0,0.0
2023-07-14 00:00:00+07:00,10448.5498046875,10560.298828125,10364.73828125,10560.298828125,10142.8955078125,8279432,0.0,0.0
2023-07-17 00:00:00+07:00,10616.173828125,10616.173828125,10504.4248046875,10560.298828125,10142.8955078125,5246391,0.0,0.0
2023-07-18 00:00:00+07:00,10588.236328125,10588.236328125,10504.4248046875,10560.298828125,10142.8955078125,6043533,0.0,0.0
2023-07-19 00:00:00+07:00,10859.228515625,10859.228515625,10730.716796875,10827.1005859375,10399.15234375,5163425,0.0,1.15
2023-07-20 00:00:00+07:00,10891.3564453125,10923.484375,10827.1005859375,10923.484375,10491.7265625,7274675,0.0,0.0
2023-07-21 00:00:00+07:00,10923.484375,11051.99609375,10794.97265625,11051.99609375,10615.158203125,5940320,0.0,0.0
2023-07-24 00:00:00+07:00,11116.251953125,11116.251953125,10987.740234375,11084.1240234375,10646.0166015625,3583334,0.0,0.0
2023-07-25 00:00:00+07:00,11019.8681640625,11116.251953125,10955.6123046875,11051.99609375,10615.158203125,5702365,0.0,0.0
2023-07-26 00:00:00+07:00,11051.99609375,11051.99609375,10955.6123046875,11051.99609375,10615.158203125,4614681,0.0,0.0
2023-07-27 00:00:00+07:00,11051.99609375,11405.40234375,10987.740234375,11051.99609375,10615.158203125,11434611,0.0,0.0
2023-07-28 00:00:00+07:00,11084.1240234375,11116.251953125,11019.8681640625,11084.1240234375,10646.0166015625,4417967,0.0,0.0
2023-07-31 00:00:00+07:00,11051.99609375,11180.5078125,11051.99609375,11148.3798828125,10707.732421875,4674909,0.0,0.0
2023-08-01 00:00:00+07:00,11309.0185546875,11341.146484375,11180.5078125,11276.890625,10831.1640625,6960306,0.0,0.0
2023-08-02 00:00:00+07:00,11276.890625,11276.890625,11148.3798828125,11180.5078125,10738.5908203125,2308118,0.0,0.0
2023-08-03 00:00:00+07:00,11180.5078125,11276.890625,11051.99609375,11051.99609375,10615.158203125,3491358,0.0,0.0
2023-08-04 00:00:00+07:00,11084.1240234375,11148.3798828125,11019.8681640625,11019.8681640625,10584.30078125,4827424,0.0,0.0
2023-08-07 00:00:00+07:00,11116.251953125,11244.7626953125,11084.1240234375,11148.3798828125,10707.732421875,4867732,0.0,0.0
2023-08-08 00:00:00+07:00,11180.5078125,11244.7626953125,11116.251953125,11148.3798828125,10707.732421875,5412430,0.0,0.0
2023-08-09 00:00:00+07:00,11180.5078125,11180.5078125,11019.8681640625,11116.251953125,10676.8740234375,3868756,0.0,0.0
2023-08-10 00:00:00+07:00,11148.3798828125,11212.6357421875,11019.8681640625,11051.99609375,10615.158203125,3073497,0.0,0.0
2023-08-11 00:00:00+07:00,11084.1240234375,11084.1240234375,10891.3564453125,10955.6123046875,10522.583984375,4251601,0.0,0.0
2023-08-14 00:00:00+07:00,10955.6123046875,11019.8681640625,10923.484375,11019.8681640625,10584.30078125,3256049,0.0,0.0
2023-08-15 00:00:00+07:00,11051.99609375,11084.1240234375,10923.484375,10955.6123046875,10522.583984375,2815777,0.0,0.0
2023-08-16 00:00:00+07:00,10987.740234375,11051.99609375,10923.484375,11019.8681640625,10584.30078125,2739052,0.0,0.0
2023-08-17 00:00:00+07:00,11019.8681640625,11084.1240234375,10923.484375,11019.8681640625,10584.30078125,3959020,0.0,0.0
2023-08-18 00:00:00+07:00,10987.740234375,10987.740234375,10377.3095703125,10409.4375,9997.9970703125,7407892,0.0,0.0
2023-08-21 00:00:00+07:00,10280.9267578125,10602.205078125,10280.9267578125,10409.4375,9997.9970703125,7309069,0.0,0.0
2023-08-22 00:00:00+07:00,10409.4375,10537.94921875,10184.54296875,10537.94921875,10121.4296875,4905394,0.0,0.0
2023-08-23 00:00:00+07:00,10441.5654296875,10537.94921875,10313.0546875,10345.181640625,9936.28125,3031789,0.0,0.0
2023-08-24 00:00:00+07:00,10345.181640625,10537.94921875,10313.0546875,10409.4375,9997.9970703125,3351604,0.0,0.0
2023-08-25 00:00:00+07:00,10345.181640625,10505.8212890625,10345.181640625,10441.5654296875,10028.85546875,2744032,0.0,0.0
2023-08-28 00:00:00+07:00,10377.3095703125,10473.693359375,10377.3095703125,10473.693359375,10059.7138671875,2844724,0.0,0.0
2023-08-29 00:00:00+07:00,10409.4375,10473.693359375,10345.181640625,10409.4375,9997.9970703125,4598807,0.0,0.0
2023-08-30 00:00:00+07:00,10441.5654296875,10505.8212890625,10409.4375,10505.8212890625,10090.5712890625,3719664,0.0,0.0
2023-08-31 00:00:00+07:00,10473.693359375,10827.1005859375,10473.693359375,10827.1005859375,10399.15234375,5999459,0.0,0.0
2023-09-01 00:00:00+07:00,10827.1005859375,10827.1005859375,10827.1005859375,10827.1005859375,10399.15234375,0,0.0,0.0
2023-09-04 00:00:00+07:00,10827.1005859375,10827.1005859375,10827.1005859375,10827.1005859375,10399.15234375,0,0.0,0.0
2023-09-05 00:00:00+07:00,10859.228515625,11019.8681640625,10762.8447265625,10987.740234375,10553.4423828125,7959594,0.0,0.0
2023-09-06 00:00:00+07:00,10987.740234375,11051.99609375,10891.3564453125,11051.99609375,10615.158203125,5742517,0.0,0.0
2023-09-07 00:00:00+07:00,11051.99609375,11148.3798828125,11019.8681640625,11116.251953125,10676.8740234375,6963107,0.0,0.0
2023-09-08 00:00:00+07:00,11051.99609375,11148.3798828125,10987.740234375,11148.3798828125,10707.732421875,8844650,0.0,0.0
2023-09-11 00:00:00+07:00,11212.6357421875,11244.7626953125,10987.740234375,10987.740234375,10553.4423828125,12572096,0.0,0.0
2023-09-12 00:00:00+07:00,11019.8681640625,11180.5078125,10923.484375,11180.5078125,10738.5908203125,10467694,0.0,0.0
2023-09-13 00:00:00+07:00,11180.5078125,11244.7626953125,11084.1240234375,11212.6357421875,10769.4482421875,12497395,0.0,0.0
2023-09-14 00:00:00+07:00,11212.6357421875,11309.0185546875,11116.251953125,11244.7626953125,10800.3056640625,10642776,0.0,0.0
2023-09-15 00:00:00+07:00,11276.890625,11566.0419921875,11244.7626953125,11566.0419921875,11108.8857421875,15769007,0.0,0.0
2023-09-18 00:00:00+07:00,11566.0419921875,11598.169921875,11244.7626953125,11309.0185546875,10862.021484375,18351186,0.0,0.0
2023-09-19 00:00:00+07:00,11341.146484375,11373.2744140625,11148.3798828125,11373.2744140625,10923.73828125,17026014,0.0,0.0
2023-09-20 00:00:00+07:00,11373.2744140625,11566.0419921875,11309.0185546875,11469.658203125,11016.3125,13595662,0.0,0.0
2023-09-21 00:00:00+07:00,11469.658203125,11469.658203125,11276.890625,11276.890625,10831.1640625,13569983,0.0,0.0
2023-09-22 00:00:00+07:00,11212.6357421875,11309.0185546875,10987.740234375,11276.890625,10831.1640625,11076667,0.0,0.0
2023-09-25 00:00:00+07:00,11212.6357421875,11309.0185546875,11084.1240234375,11180.5078125,10738.5908203125,13617605,0.0,0.0
2023-09-26 00:00:00+07:00,11116.251953125,11244.7626953125,10987.740234375,11180.5078125,10738.5908203125,14604131,0.0,0.0
2023-09-27 00:00:00+07:00,11084.1240234375,11180.5078125,10987.740234375,11180.5078125,10738.5908203125,10017774,0.0,0.0
2023-09-28 00:00:00+07:00,11148.3798828125,11180.5078125,10859.228515625,11116.251953125,10676.8740234375,18629138,0.0,0.0
2023-09-29 00:00:00+07:00,11148.3798828125,11180.5078125,11051.99609375,11148.3798828125,10707.732421875,16160100,0.0,0.0
2023-10-02 00:00:00+07:00,11148.3798828125,11212.6357421875,10987.740234375,10987.740234375,10553.4423828125,11085849,0.0,0.0
2023-10-03 00:00:00+07:00,10987.740234375,10987.740234375,10762.8447265625,10987.740234375,10553.4423828125,15670805,0.0,0.0
2023-10-04 00:00:00+07:00,10955.6123046875,10987.740234375,10827.1005859375,10987.740234375,10553.4423828125,14302835,0.0,0.0
2023-10-05 00:00:00+07:00,10987.740234375,11019.8681640625,10827.1005859375,10891.3564453125,10460.8681640625,14504062,0.0,0.0
2023-10-06 00:00:00+07:00,10891.3564453125,10987.740234375,10827.1005859375,10987.740234375,10553.4423828125,11843290,0.0,0.0
2023-10-09 00:00:00+07:00,10955.6123046875,11019.8681640625,10859.228515625,10955.6123046875,10522.583984375,13075086,0.0,0.0
2023-10-10 00:00:00+07:00,11019.8681640625,11244.7626953125,10987.740234375,11180.5078125,10738.5908203125,12223178,0.0,0.0
2023-10-11 00:00:00+07:00,11212.6357421875,11309.0185546875,11084.1240234375,11309.0185546875,10862.021484375,13939288,0.0,0.0
2023-10-12 00:00:00+07:00,11341.146484375,11373.2744140625,11180.5078125,11244.7626953125,10800.3056640625,10332609,0.0,0.0
2023-10-13 00:00:00+07:00,11212.6357421875,11309.0185546875,11116.251953125,11309.0185546875,10862.021484375,12857985,0.0,0.0
2023-10-16 00:00:00+07:00,11276.890625,11341.146484375,11148.3798828125,11180.5078125,10738.5908203125,11937601,0.0,0.0
2023-10-17 00:00:00+07:00,11373.2744140625,11437.5302734375,11244.7626953125,11276.890625,10831.1640625,14509976,0.0,0.0
2023-10-18 00:00:00+07:00,11309.0185546875,11341.146484375,11148.3798828125,11276.890625,10831.1640625,12718231,0.0,0.0
2023-10-19 00:00:00+07:00,11244.7626953125,11276.890625,11148.3798828125,11244.7626953125,10800.3056640625,12343167,0.0,0.0
2023-10-20 00:00:00+07:00,11244.7626953125,11405.40234375,11180.5078125,11405.40234375,10954.595703125,13989556,0.0,0.0
2023-10-23 00:00:00+07:00,11405.40234375,11405.40234375,11051.99609375,11244.7626953125,10800.3056640625,13150254,0.0,0.0
2023-10-24 00:00:00+07:00,11244.7626953125,11309.0185546875,11084.1240234375,11276.890625,10831.1640625,12107858,0.0,0.0
2023-10-25 00:00:00+07:00,11276.890625,11309.0185546875,11116.251953125,11244.7626953125,10800.3056640625,11927641,0.0,0.0
2023-10-26 00:00:00+07:00,11148.3798828125,11180.5078125,10634.3330078125,10923.484375,10491.7265625,9233409,0.0,0.0
2023-10-27 00:00:00+07:00,10955.6123046875,11148.3798828125,10827.1005859375,11084.1240234375,10646.0166015625,11217977,0.0,0.0
2023-10-30 00:00:00+07:00,11051.99609375,11212.6357421875,10987.740234375,11051.99609375,10615.158203125,11878307,0.0,0.0
2023-10-31 00:00:00+07:00,11212.6357421875,11212.6357421875,10923.484375,11051.99609375,10615.158203125,12241231,0.0,0.0
2023-11-01 00:00:00+07:00,11051.99609375,11084.1240234375,10955.6123046875,11084.1240234375,10646.0166015625,11293768,0.0,0.0
2023-11-02 00:00:00+07:00,11116.251953125,11309.0185546875,11019.8681640625,11309.0185546875,10862.021484375,14070016,0.0,0.0
2023-11-03 00:00:00+07:00,11309.0185546875,11790.9375,11276.890625,11790.9375,11324.892578125,24384884,0.0,0.0
2023-11-06 00:00:00+07:00,11790.9375,11823.0654296875,11630.2978515625,11726.681640625,11263.1767578125,14959897,0.0,0.0
2023-11-07 00:00:00+07:00,11726.681640625,11726.681640625,11566.0419921875,11566.0419921875,11108.8857421875,14721319,0.0,0.0
2023-11-08 00:00:00+07:00,11566.0419921875,12080.0888671875,11533.9140625,12080.0888671875,11602.615234375,16156209,0.0,0.0
2023-11-09 00:00:00+07:00,12144.34375,12144.34375,12015.8330078125,12047.9609375,11571.7568359375,15693994,0.0,0.0
2023-11-10 00:00:00+07:00,12015.8330078125,12112.216796875,11823.0654296875,12112.216796875,11633.47265625,17319528,0.0,0.0
2023-11-13 00:00:00+07:00,12112.216796875,12144.34375,11823.0654296875,12080.0888671875,11602.615234375,16593368,0.0,0.0
2023-11-14 00:00:00+07:00,12112.216796875,12176.4716796875,11919.44921875,12047.9609375,11571.7568359375,14065814,0.0,0.0
2023-11-15 00:00:00+07:00,12208.599609375,12304.9833984375,12144.34375,12144.34375,11664.330078125,15635945,0.0,0.0
2023-11-16 00:00:00+07:00,12240.7275390625,12240.7275390625,12047.9609375,12176.4716796875,11695.1884765625,12348459,0.0,0.0
2023-11-17 00:00:00+07:00,12176.4716796875,12208.599609375,11726.681640625,11887.3212890625,11417.466796875,12239208,0.0,0.0
2023-11-20 00:00:00+07:00,11694.5537109375,12080.0888671875,11662.42578125,12015.8330078125,11540.8994140625,11996428,0.0,0.0
2023-11-21 00:00:00+07:00,12047.9609375,12080.0888671875,11887.3212890625,12015.8330078125,11540.8994140625,10455244,0.0,0.0
2023-11-22 00:00:00+07:00,12047.9609375,12080.0888671875,11855.193359375,11951.5771484375,11479.1826171875,10382099,0.0,0.0
2023-11-23 00:00:00+07:00,11983.705078125,11983.705078125,11598.169921875,11598.169921875,11139.744140625,11242877,0.0,0.0
2023-11-24 00:00:00+07:00,11630.2978515625,11823.0654296875,11598.169921875,11758.8095703125,11294.0341796875,8954679,0.0,0.0
2023-11-27 00:00:00+07:00,11823.0654296875,11823.0654296875,11469.658203125,11630.2978515625,11170.6025390625,9830086,0.0,0.0
2023-11-28 00:00:00+07:00,11630.2978515625,11662.42578125,11437.5302734375,11598.169921875,11139.744140625,8347419,0.0,0.0
2023-11-29 00:00:00+07:00,11630.2978515625,11823.0654296875,11533.9140625,11598.169921875,11139.744140625,10855986,0.0,0.0
2023-11-30 00:00:00+07:00,11566.0419921875,11662.42578125,11501.7861328125,11566.0419921875,11108.8857421875,9309822,0.0,0.0
2023-12-01 00:00:00+07:00,11598.169921875,11694.5537109375,11469.658203125,11694.5537109375,11232.318359375,10506757,0.0,0.0
2023-12-04 00:00:00+07:00,11726.681640625,11951.5771484375,11630.2978515625,11887.3212890625,11417.466796875,10520919,0.0,0.0
2023-12-05 00:00:00+07:00,11887.3212890625,11887.3212890625,11662.42578125,11855.193359375,11386.6083984375,10131849,0.0,0.0
2023-12-06 00:00:00+07:00,11951.5771484375,12080.0888671875,11855.193359375,11951.5771484375,11479.1826171875,12420359,0.0,0.0
2023-12-07 00:00:00+07:00,12015.8330078125,12080.0888671875,11758.8095703125,12015.8330078125,11540.8994140625,14309994,0.0,0.0
2023-12-08 00:00:00+07:00,12015.8330078125,12080.0888671875,11951.5771484375,12047.9609375,11571.7568359375,12313442,0.0,0.0
2023-12-11 00:00:00+07:00,12080.0888671875,12112.216796875,11887.3212890625,12047.9609375,11571.7568359375,10564806,0.0,0.0
2023-12-12 00:00:00+07:00,12080.0888671875,12080.0888671875,11951.5771484375,12080.0888671875,11602.615234375,10965548,0.0,0.0
2023-12-13 00:00:00+07:00,12080.0888671875,12144.34375,11983.705078125,12112.216796875,11633.47265625,10973485,0.0,0.0
2023-12-14 00:00:00+07:00,12112.216796875,12208.599609375,12047.9609375,12144.34375,11664.330078125,10440926,0.0,0.0
2023-12-15 00:00:00+07:00,12144.34375,12240.7275390625,12080.0888671875,12208.599609375,11726.0458984375,11371582,0.0,0.0
2023-12-18 00:00:00+07:00,12240.7275390625,12240.7275390625,11694.5537109375,11823.0654296875,11355.7509765625,11243811,0.0,0.0
2023-12-19 00:00:00+07:00,11823.0654296875,12176.4716796875,11662.42578125,12176.4716796875,11695.1884765625,10790156,0.0,0.0
2023-12-20 00:00:00+07:00,12176.4716796875,12176.4716796875,11823.0654296875,12080.0888671875,11602.615234375,10939247,0.0,0.0
2023-12-21 00:00:00+07:00,11983.705078125,12112.216796875,11790.9375,12047.9609375,11571.7568359375,10122978,0.0,0.0
2023-12-22 00:00:00+07:00,12047.9609375,12176.4716796875,11919.44921875,12176.4716796875,11695.1884765625,10901585,0.0,0.0
2023-12-25 00:00:00+07:00,12176.4716796875,12304.9833984375,12112.216796875,12304.9833984375,11818.6201171875,10605114,0.0,0.0
2023-12-26 00:00:00+07:00,12337.111328125,12337.111328125,12176.4716796875,12337.111328125,11849.478515625,10342258,0.0,0.0
2023-12-27 00:00:00+07:00,12337.111328125,12401.3671875,12304.9833984375,12401.3671875,11911.1943359375,10084538,0.0,0.0
2023-12-28 00:00:00+07:00,12337.111328125,12433.4951171875,12208.599609375,12433.4951171875,11942.052734375,13265108,0.0,0.0
2023-12-29 00:00:00+07:00,12465.623046875,13043.9248046875,12304.9833984375,13043.9248046875,12528.3544921875,19356388,0.0,0.0
2024-01-01 00:00:00+07:00,13043.9248046875,13043.9248046875,13043.9248046875,13043.9248046875,12528.3544921875,0,0.0,0.0
2024-01-02 00:00:00+07:00,12851.158203125,13011.796875,12658.390625,12786.90234375,12281.4912109375,10453065,0.0,0.0
2024-01-03 00:00:00+07:00,12786.90234375,12851.158203125,12722.646484375,12851.158203125,12343.20703125,12748890,0.0,0.0
2024-01-04 00:00:00+07:00,12883.2861328125,13204.564453125,12819.0302734375,13108.1806640625,12590.0712890625,17439518,0.0,0.0
2024-01-05 00:00:00+07:00,13108.1806640625,13172.4365234375,12979.669921875,13172.4365234375,12651.787109375,10169044,0.0,0.0
2024-01-08 00:00:00+07:00,13204.564453125,13333.076171875,13140.30859375,13204.564453125,12682.64453125,8578993,0.0,0.0
2024-01-09 00:00:00+07:00,13204.564453125,13236.6923828125,13108.1806640625,13204.564453125,12682.64453125,9770481,0.0,0.0
2024-01-10 00:00:00+07:00,13204.564453125,13300.9482421875,13108.1806640625,13300.9482421875,12775.21875,9917705,0.0,0.0
2024-01-11 00:00:00+07:00,13300.9482421875,13397.33203125,13268.8203125,13365.2041015625,12836.935546875,8551447,0.0,0.0
2024-01-12 00:00:00+07:00,13365.2041015625,13429.4599609375,13172.4365234375,13429.4599609375,12898.6513671875,9243213,0.0,0.0
2024-01-15 00:00:00+07:00,13461.587890625,13493.7158203125,13268.8203125,13493.7158203125,12960.3671875,10266467,0.0,0.0
2024-01-16 00:00:00+07:00,13461.587890625,13525.84375,13365.2041015625,13493.7158203125,12960.3671875,9906967,0.0,0.0
2024-01-17 00:00:00+07:00,13493.7158203125,13493.7158203125,13204.564453125,13397.33203125,12867.79296875,11067018,0.0,0.0
2024-01-18 00:00:00+07:00,13397.33203125,13429.4599609375,13300.9482421875,13365.2041015625,12836.935546875,8902855,0.0,0.0
2024-01-19 00:00:00+07:00,13365.2041015625,13461.587890625,13333.076171875,13461.587890625,12929.509765625,11053634,0.0,0.0
2024-01-22 00:00:00+07:00,13493.7158203125,13622.2275390625,13365.2041015625,13622.2275390625,13083.7998046875,12374916,0.0,0.0
2024-01-23 00:00:00+07:00,13622.2275390625,13654.35546875,13365.2041015625,13493.7158203125,12960.3671875,9981357,0.0,0.0
2024-01-24 00:00:00+07:00,13493.7158203125,13590.099609375,13397.33203125,13590.099609375,13052.94140625,10954499,0.0,0.0
2024-01-25 00:00:00+07:00,13590.099609375,13590.099609375,13590.099609375,13590.099609375,13052.94140625,0,0.0,0.0
2024-01-26 00:00:00+07:00,13525.84375,13718.611328125,13525.84375,13686.4833984375,13145.515625,10383344,0.0,0.0
2024-01-29 00:00:00+07:00,13686.4833984375,13750.7392578125,13654.35546875,13750.7392578125,13207.2314453125,9205707,0.0,0.0
2024-01-30 00:00:00+07:00,13782.8671875,14104.1455078125,13750.7392578125,14039.8896484375,13484.953125,9802385,0.0,0.0
2024-01-31 00:00:00+07:00,14039.8896484375,14136.2734375,13814.9951171875,14007.76171875,13454.095703125,8987050,0.0,0.0
2024-02-01 00:00:00+07:00,14007.76171875,14072.017578125,13943.505859375,14007.76171875,13454.095703125,9728617,0.0,0.0
2024-02-02 00:00:00+07:00,14007.76171875,14007.76171875,14007.76171875,14007.76171875,13454.095703125,0,0.0,0.0
2024-02-05 00:00:00+07:00,14361.1689453125,14586.064453125,14264.78515625,14553.9365234375,13978.6826171875,14884417,0.0,0.0
2024-02-06 00:00:00+07:00,14553.9365234375,14810.958984375,14521.80859375,14778.83203125,14194.6884765625,9408646,0.0,0.0
2024-02-07 00:00:00+07:00,14810.958984375,15132.23828125,14746.7041015625,15132.23828125,14534.1259765625,9286789,0.0,0.0
2024-02-08 00:00:00+07:00,15132.23828125,15132.23828125,15132.23828125,15132.23828125,14534.1259765625,0,0.0,0.0
2024-02-09 00:00:00+07:00,15132.23828125,15132.23828125,15132.23828125,15132.23828125,14534.1259765625,0,0.0,0.0
2024-02-12 00:00:00+07:00,15132.23828125,15132.23828125,15132.23828125,15132.23828125,14534.1259765625,0,0.0,0.0
2024-02-13 00:00:00+07:00,15132.23828125,15132.23828125,15132.23828125,15132.23828125,14534.1259765625,0,0.0,0.0
2024-02-14 00:00:00+07:00,15132.23828125,15132.23828125,15132.23828125,15132.23828125,14534.1259765625,0,0.0,0.0
2024-02-15 00:00:00+07:00,15196.494140625,15292.8779296875,14939.470703125,15196.494140625,14595.841796875,10704249,0.0,0.0
2024-02-16 00:00:00+07:00,15164.3662109375,15196.494140625,14907.3427734375,14971.5986328125,14379.8359375,9511516,0.0,0.0
2024-02-19 00:00:00+07:00,14971.5986328125,15003.7265625,14746.7041015625,15003.7265625,14410.6943359375,10300083,0.0,0.0
2024-02-20 00:00:00+07:00,14971.5986328125,15196.494140625,14778.83203125,15164.3662109375,14564.984375,10646355,0.0,0.0
2024-02-21 00:00:00+07:00,15132.23828125,15260.75,14907.3427734375,15100.1103515625,14503.2685546875,9589486,0.0,0.0
2024-02-22 00:00:00+07:00,15100.1103515625,15100.1103515625,14714.576171875,14714.576171875,14132.97265625,11152924,0.0,0.0
2024-02-23 00:00:00+07:00,14714.576171875,14810.958984375,14457.552734375,14457.552734375,13886.1083984375,11637861,0.0,0.0
2024-02-26 00:00:00+07:00,14457.552734375,14714.576171875,14425.4248046875,14586.064453125,14009.5400390625,8723105,0.0,0.0
2024-02-27 00:00:00+07:00,14586.064453125,14778.83203125,14489.6806640625,14586.064453125,14009.5400390625,9827285,0.0,0.0
2024-02-28 00:00:00+07:00,14586.064453125,14907.3427734375,14586.064453125,14907.3427734375,14318.1201171875,9631816,0.0,0.0
2024-02-29 00:00:00+07:00,14907.3427734375,15035.8544921875,14875.21484375,14971.5986328125,14379.8359375,9375030,0.0,0.0
2024-03-01 00:00:00+07:00,14971.5986328125,15003.7265625,14746.7041015625,14971.5986328125,14379.8359375,9501867,0.0,0.0
2024-03-04 00:00:00+07:00,14971.5986328125,15003.7265625,14843.0869140625,14971.5986328125,14379.8359375,9210065,0.0,0.0
2024-03-05 00:00:00+07:00,14971.5986328125,15100.1103515625,14778.83203125,15100.1103515625,14503.2685546875,10646200,0.0,0.0
2024-03-06 00:00:00+07:00,15003.7265625,15100.1103515625,14746.7041015625,15067.982421875,14472.41015625,7053839,0.0,0.0
2024-03-07 00:00:00+07:00,14843.0869140625,15035.8544921875,14843.0869140625,14875.21484375,14287.26171875,8779597,0.0,0.0
2024-03-08 00:00:00+07:00,14875.21484375,14875.21484375,14618.1923828125,14778.83203125,14194.6884765625,9624658,0.0,0.0
2024-03-11 00:00:00+07:00,14778.83203125,14875.21484375,14618.1923828125,14843.0869140625,14256.4033203125,10010459,0.0,0.0
2024-03-12 00:00:00+07:00,14810.958984375,14810.958984375,14425.4248046875,14746.7041015625,14163.830078125,10244991,0.0,0.0
2024-03-13 00:00:00+07:00,14746.7041015625,14907.3427734375,14521.80859375,14843.0869140625,14256.4033203125,9880510,0.0,0.0
2024-03-14 00:00:00+07:00,14875.21484375,14875.21484375,14618.1923828125,14746.7041015625,14163.830078125,8848541,0.0,0.0
2024-03-15 00:00:00+07:00,14650.3203125,14843.0869140625,14553.9365234375,14778.83203125,14194.6884765625,9292236,0.0,0.0
2024-03-18 00:00:00+07:00,14778.83203125,14810.958984375,14329.041015625,14329.041015625,13762.67578125,10310666,0.0,0.0
2024-03-19 00:00:00+07:00,14329.041015625,14361.1689453125,13847.123046875,14361.1689453125,13793.5341796875,13829415,0.0,0.0
2024-03-20 00:00:00+07:00,14393.296875,14650.3203125,14007.76171875,14521.80859375,13947.82421875,9682396,0.0,0.0
2024-03-21 00:00:00+07:00,14553.9365234375,15357.1337890625,14489.6806640625,15357.1337890625,14750.1328125,17418508,0.0,0.0
2024-03-22 00:00:00+07:00,15357.1337890625,15389.26171875,15196.494140625,15292.8779296875,14688.416015625,10161107,0.0,0.0
2024-03-25 00:00:00+07:00,15292.8779296875,15292.8779296875,15003.7265625,15132.23828125,14534.1259765625,9781375,0.0,0.0
2024-03-26 00:00:00+07:00,15100.1103515625,15549.9013671875,15035.8544921875,15549.9013671875,14935.28125,11258285,0.0,0.0
2024-03-27 00:00:00+07:00,15614.1572265625,15742.66796875,15389.26171875,15517.7734375,14904.4228515625,8885113,0.0,0.0
2024-03-28 00:00:00+07:00,15421.3896484375,15582.029296875,15421.3896484375,15582.029296875,14966.138671875,8410137,0.0,0.0
2024-03-29 00:00:00+07:00,15614.1572265625,15614.1572265625,15292.8779296875,15485.6455078125,14873.564453125,10014973,0.0,0.0
2024-04-01 00:00:00+07:00,15485.6455078125,15517.7734375,15196.494140625,15421.3896484375,14811.8486328125,9347173,0.0,0.0
2024-04-02 00:00:00+07:00,15228.6220703125,15389.26171875,15100.1103515625,15357.1337890625,14750.1328125,8987672,0.0,0.0
2024-04-03 00:00:00+07:00,15325.005859375,15357.1337890625,15003.7265625,15035.8544921875,14441.5517578125,10228339,0.0,0.0
2024-04-04 00:00:00+07:00,15035.8544921875,15292.8779296875,15003.7265625,15003.7265625,14410.6943359375,9505758,0.0,0.0
2024-04-05 00:00:00+07:00,14971.5986328125,15228.6220703125,14907.3427734375,15003.7265625,14410.6943359375,9830086,0.0,0.0
2024-04-08 00:00:00+07:00,15003.7265625,15421.3896484375,14971.5986328125,15357.1337890625,14750.1328125,12570540,0.0,0.0
2024-04-09 00:00:00+07:00,15357.1337890625,15453.517578125,15228.6220703125,15389.26171875,14780.990234375,9053503,0.0,0.0
2024-04-10 00:00:00+07:00,15421.3896484375,15453.517578125,15164.3662109375,15389.26171875,14780.990234375,9751183,0.0,0.0
2024-04-11 00:00:00+07:00,15228.6220703125,15421.3896484375,15100.1103515625,15421.3896484375,14811.8486328125,8773372,0.0,0.0
2024-04-12 00:00:00+07:00,15421.3896484375,15678.4130859375,15196.494140625,15614.1572265625,14996.9970703125,13262151,0.0,0.0
2024-04-15 00:00:00+07:00,15582.029296875,15646.28515625,14971.5986328125,15100.1103515625,14503.2685546875,15160812,0.0,0.0
2024-04-16 00:00:00+07:00,15100.1103515625,15196.494140625,14778.83203125,15100.1103515625,14503.2685546875,11199769,0.0,0.0
2024-04-17 00:00:00+07:00,15132.23828125,15132.23828125,14393.296875,14778.83203125,14194.6884765625,13562980,0.0,0.0
2024-04-18 00:00:00+07:00,14778.83203125,14778.83203125,14778.83203125,14778.83203125,14194.6884765625,0,0.0,0.0
2024-04-19 00:00:00+07:00,14586.064453125,14618.1923828125,14072.017578125,14296.9130859375,13731.8173828125,14737193,0.0,0.0
2024-04-22 00:00:00+07:00,14329.041015625,14553.9365234375,14264.78515625,14393.296875,13824.3916015625,13298723,0.0,0.0
2024-04-23 00:00:00+07:00,14264.78515625,14425.4248046875,13879.2509765625,14264.78515625,13700.9599609375,13557066,0.0,0.0
2024-04-24 00:00:00+07:00,14329.041015625,14521.80859375,14264.78515625,14393.296875,13824.3916015625,14652687,0.0,0.0
2024-04-25 00:00:00+07:00,14393.296875,14553.9365234375,14296.9130859375,14457.552734375,13886.1083984375,11465892,0.0,0.0
2024-04-26 00:00:00+07:00,14457.552734375,15164.3662109375,14361.1689453125,15164.3662109375,14564.984375,15526849,0.0,0.0
2024-04-29 00:00:00+07:00,15164.3662109375,15164.3662109375,15164.3662109375,15164.3662109375,14564.984375,0,0.0,0.0
2024-04-30 00:00:00+07:00,15164.3662109375,15164.3662109375,15164.3662109375,15164.3662109375,14564.984375,0,0.0,0.0
2024-05-01 00:00:00+07:00,15164.3662109375,15164.3662109375,15164.3662109375,15164.3662109375,14564.984375,0,0.0,0.0
2024-05-02 00:00:00+07:00,15164.3662109375,15196.494140625,15003.7265625,15196.494140625,14595.841796875,9530191,0.0,0.0
2024-05-03 00:00:00+07:00,15196.494140625,15710.5400390625,15196.494140625,15710.5400390625,15089.5703125,17729764,0.0,0.0
2024-05-06 00:00:00+07:00,15742.66796875,15742.66796875,15325.005859375,15614.1572265625,14996.9970703125,14136936,0.0,0.0
2024-05-07 00:00:00+07:00,15678.4130859375,15678.4130859375,15325.005859375,15614.1572265625,14996.9970703125,10888668,0.0,0.0
2024-05-08 00:00:00+07:00,15582.029296875,15614.1572265625,15325.005859375,15485.6455078125,14873.564453125,9741534,0.0,0.0
2024-05-09 00:00:00+07:00,15485.6455078125,15549.9013671875,15132.23828125,15228.6220703125,14626.7001953125,11087405,0.0,0.0
2024-05-10 00:00:00+07:00,15260.75,15292.8779296875,15035.8544921875,15228.6220703125,14626.7001953125,10510336,0.0,0.0
2024-05-13 00:00:00+07:00,15228.6220703125,15260.75,14939.470703125,14939.470703125,14348.9775390625,10160018,0.0,0.0
2024-05-14 00:00:00+07:00,14971.5986328125,15228.6220703125,14971.5986328125,14971.5986328125,14379.8359375,10640130,0.0,0.0
2024-05-15 00:00:00+07:00,15003.7265625,15164.3662109375,14971.5986328125,15100.1103515625,14503.2685546875,10868437,0.0,0.0
2024-05-16 00:00:00+07:00,15164.3662109375,15582.029296875,15132.23828125,15549.9013671875,14935.28125,14143783,0.0,0.0
2024-05-17 00:00:00+07:00,15582.029296875,15774.7958984375,15453.517578125,15614.1572265625,14996.9970703125,12850359,0.0,0.0
2024-05-20 00:00:00+07:00,15646.28515625,16128.203125,15646.28515625,15967.5634765625,15336.4345703125,16428247,0.0,0.0
2024-05-21 00:00:00+07:00,15967.5634765625,15999.69140625,15678.4130859375,15871.1796875,15243.8603515625,9780752,0.0,0.0
2024-05-22 00:00:00+07:00,15903.3076171875,15903.3076171875,15646.28515625,15646.28515625,15027.8544921875,8891961,0.0,0.0
2024-05-23 00:00:00+07:00,15678.4130859375,15871.1796875,15421.3896484375,15871.1796875,15243.8603515625,9063152,0.0,0.0
2024-05-24 00:00:00+07:00,15742.66796875,15903.3076171875,15421.3896484375,15549.9013671875,14935.28125,11354618,0.0,0.0
2024-05-27 00:00:00+07:00,15549.9013671875,15614.1572265625,15228.6220703125,15292.8779296875,14688.416015625,9559138,0.0,0.0
2024-05-28 00:00:00+07:00,15357.1337890625,15517.7734375,15132.23828125,15517.7734375,14904.4228515625,11249414,0.0,0.0
2024-05-29 00:00:00+07:00,15517.7734375,15517.7734375,15067.982421875,15067.982421875,14472.41015625,17558884,0.0,0.0
2024-05-30 00:00:00+07:00,14971.5986328125,15003.7265625,14650.3203125,14843.0869140625,14256.4033203125,13548973,0.0,0.0
2024-05-31 00:00:00+07:00,14875.21484375,14971.5986328125,14843.0869140625,14939.470703125,14348.9775390625,6764837,0.0,0.0
2024-06-03 00:00:00+07:00,14939.470703125,14939.470703125,14939.470703125,14939.470703125,14348.9775390625,0,0.0,0.0
2024-06-04 00:00:00+07:00,15485.6455078125,15517.7734375,15292.8779296875,15389.26171875,14780.990234375,7560719,0.0,0.0
2024-06-05 00:00:00+07:00,15421.3896484375,15517.7734375,15228.6220703125,15228.6220703125,14626.7001953125,8194436,0.0,0.0
2024-06-06 00:00:00+07:00,15228.6220703125,15389.26171875,15100.1103515625,15228.6220703125,14626.7001953125,9102837,0.0,0.0
2024-06-07 00:00:00+07:00,15260.75,15325.005859375,15132.23828125,15228.6220703125,14626.7001953125,7140212,0.0,0.0
2024-06-10 00:00:00+07:00,15260.75,15357.1337890625,15196.494140625,15357.1337890625,14750.1328125,8077404,0.0,0.0
2024-06-11 00:00:00+07:00,15389.26171875,15421.3896484375,15100.1103515625,15132.23828125,14534.1259765625,9924864,0.0,0.0
2024-06-12 00:00:00+07:00,15164.3662109375,15421.3896484375,15035.8544921875,15421.3896484375,14811.8486328125,10048899,0.0,0.0
2024-06-13 00:00:00+07:00,15549.9013671875,15582.029296875,15357.1337890625,15485.6455078125,14873.564453125,12484945,0.0,0.0
2024-06-14 00:00:00+07:00,15549.9013671875,15582.029296875,15389.26171875,15389.26171875,14780.990234375,11473829,0.0,0.0
2024-06-17 00:00:00+07:00,15389.26171875,15421.3896484375,14971.5986328125,15132.23828125,14534.1259765625,13002563,0.0,0.0
2024-06-18 00:00:00+07:00,15164.3662109375,15260.75,15100.1103515625,15228.6220703125,14626.7001953125,9421096,0.0,0.0
2024-06-19 00:00:00+07:00,15260.75,15260.75,14971.5986328125,15228.6220703125,14626.7001953125,10499909,0.0,0.0
2024-06-20 00:00:00+07:00,15196.494140625,15260.75,14971.5986328125,15164.3662109375,14564.984375,12092139,0.0,0.0
2024-06-21 00:00:00+07:00,15164.3662109375,15164.3662109375,14875.21484375,14875.21484375,14287.26171875,11138607,0.0,0.0
2024-06-24 00:00:00+07:00,14875.21484375,14939.470703125,14361.1689453125,14361.1689453125,13793.5341796875,14806603,0.0,0.0
2024-06-25 00:00:00+07:00,14361.1689453125,14586.064453125,14329.041015625,14521.80859375,13947.82421875,15774298,0.0,0.0
2024-06-26 00:00:00+07:00,14521.80859375,14586.064453125,14457.552734375,14586.064453125,14009.5400390625,10153948,0.0,0.0
2024-06-27 00:00:00+07:00,14586.064453125,14939.470703125,14457.552734375,14746.7041015625,14163.830078125,13736349,0.0,0.0
2024-06-28 00:00:00+07:00,14746.7041015625,14778.83203125,14586.064453125,14778.83203125,14194.6884765625,11328006,0.0,0.0
2024-07-01 00:00:00+07:00,14778.83203125,14875.21484375,14650.3203125,14843.0869140625,14256.4033203125,8535262,0.0,0.0
2024-07-02 00:00:00+07:00,14875.21484375,15549.9013671875,14875.21484375,15485.6455078125,14873.564453125,26010885,0.0,0.0
2024-07-03 00:00:00+07:00,15549.9013671875,15742.66796875,15549.9013671875,15742.66796875,15120.427734375,18426666,0.0,0.0
2024-07-04 00:00:00+07:00,15806.923828125,15806.923828125,15614.1572265625,15774.7958984375,15151.2861328125,12667963,0.0,0.0
2024-07-05 00:00:00+07:00,15806.923828125,15806.923828125,15549.9013671875,15678.4130859375,15058.712890625,13353971,0.0,0.0
2024-07-08 00:00:00+07:00,15742.66796875,15742.66796875,15549.9013671875,15678.4130859375,15058.712890625,11350105,0.0,0.0
2024-07-09 00:00:00+07:00,15614.1572265625,16256.71484375,15614.1572265625,16224.5869140625,15583.298828125,22813197,0.0,0.0
2024-07-10 00:00:00+07:00,16224.5869140625,16320.970703125,15935.435546875,16031.8193359375,15398.150390625,12813320,0.0,0.0
2024-07-11 00:00:00+07:00,16031.8193359375,16320.970703125,16031.8193359375,16256.71484375,15614.1572265625,18192757,0.0,0.0
2024-07-12 00:00:00+07:00,15710.5400390625,15742.66796875,15389.26171875,15517.7734375,15517.7734375,13455908,642.5579,0.0
2024-07-15 00:00:00+07:00,15549.9013671875,15710.5400390625,15485.6455078125,15678.4130859375,15678.4130859375,13307594,0.0,0.0
2024-07-16 00:00:00+07:00,15710.5400390625,15935.435546875,15646.28515625,15903.3076171875,15903.3076171875,11396482,0.0,0.0
2024-07-17 00:00:00+07:00,15935.435546875,16320.970703125,15806.923828125,16192.458984375,16192.458984375,25355069,0.0,0.0
2024-07-18 00:00:00+07:00,16224.5869140625,16256.71484375,15806.923828125,16128.203125,16128.203125,13217486,0.0,0.0
2024-07-19 00:00:00+07:00,16160.3310546875,16192.458984375,15871.1796875,16031.8193359375,16031.8193359375,10851629,0.0,0.0
2024-07-22 00:00:00+07:00,15967.5634765625,16256.71484375,15806.923828125,16256.71484375,16256.71484375,15605286,0.0,0.0
2024-07-23 00:00:00+07:00,16288.8427734375,16320.970703125,15935.435546875,16096.0751953125,16096.0751953125,13415444,0.0,0.0
2024-07-24 00:00:00+07:00,15967.5634765625,16128.203125,15806.923828125,16096.0751953125,16096.0751953125,13554887,0.0,0.0
2024-07-25 00:00:00+07:00,16031.8193359375,16096.0751953125,15839.0517578125,16096.0751953125,16096.0751953125,8569655,0.0,0.0
2024-07-26 00:00:00+07:00,16096.0751953125,16256.71484375,16031.8193359375,16128.203125,16128.203125,8678595,0.0,0.0
2024-07-29 00:00:00+07:00,16160.3310546875,16224.5869140625,16096.0751953125,16224.5869140625,16224.5869140625,7815326,0.0,0.0
2024-07-30 00:00:00+07:00,16224.5869140625,16256.71484375,16096.0751953125,16256.71484375,16256.71484375,7737824,0.0,0.0
2024-07-31 00:00:00+07:00,16320.970703125,16899.2734375,16288.8427734375,16899.2734375,16899.2734375,14130711,0.0,0.0
2024-08-01 00:00:00+07:00,16931.400390625,17156.294921875,16513.73828125,16577.994140625,16577.994140625,12560891,0.0,0.0
2024-08-02 00:00:00+07:00,16449.482421875,16770.76171875,15999.69140625,16770.76171875,16770.76171875,15089690,0.0,0.0
2024-08-05 00:00:00+07:00,16513.73828125,16706.505859375,15614.1572265625,15742.66796875,15742.66796875,15813983,0.0,0.0
2024-08-06 00:00:00+07:00,16063.947265625,16256.71484375,15646.28515625,15967.5634765625,15967.5634765625,9994585,0.0,0.0
2024-08-07 00:00:00+07:00,15999.69140625,16063.947265625,15582.029296875,15967.5634765625,15967.5634765625,9872417,0.0,0.0
2024-08-08 00:00:00+07:00,15774.7958984375,16385.2265625,15774.7958984375,16031.8193359375,16031.8193359375,12498484,0.0,0.0
2024-08-09 00:00:00+07:00,16256.71484375,16481.609375,16096.0751953125,16385.2265625,16385.2265625,8153817,0.0,0.0
2024-08-12 00:00:00+07:00,16449.482421875,16706.505859375,16192.458984375,16417.353515625,16417.353515625,15373089,0.0,0.0
2024-08-13 00:00:00+07:00,16481.609375,16770.76171875,16320.970703125,16674.376953125,16674.376953125,8394885,0.0,0.0
2024-08-14 00:00:00+07:00,16835.017578125,16835.017578125,16545.865234375,16642.25,16642.25,7767393,0.0,0.0
2024-08-15 00:00:00+07:00,16642.25,17220.55078125,16642.25,16802.888671875,16802.888671875,10075201,0.0,0.0
2024-08-16 00:00:00+07:00,16963.529296875,17381.19140625,16674.376953125,17381.19140625,17381.19140625,13605311,0.0,0.0
2024-08-19 00:00:00+07:00,17445.447265625,17606.0859375,17252.6796875,17349.0625,17349.0625,8216691,0.0,0.0
2024-08-20 00:00:00+07:00,17316.935546875,17445.447265625,17156.294921875,17220.55078125,17220.55078125,7675884,0.0,0.0
2024-08-21 00:00:00+07:00,17220.55078125,17509.703125,17156.294921875,17413.318359375,17413.318359375,10065396,0.0,0.0
2024-08-22 00:00:00+07:00,17413.318359375,17477.57421875,17188.423828125,17413.318359375,17413.318359375,8309912,0.0,0.0
2024-08-23 00:00:00+07:00,17413.318359375,17445.447265625,17252.6796875,17413.318359375,17413.318359375,7578461,0.0,0.0
2024-08-26 00:00:00+07:00,17445.447265625,17477.57421875,17252.6796875,17413.318359375,17413.318359375,9593999,0.0,0.0
2024-08-27 00:00:00+07:00,17445.447265625,17477.57421875,17316.935546875,17413.318359375,17413.318359375,8116000,0.0,0.0
2024-08-28 00:00:00+07:00,17477.57421875,17509.703125,17316.935546875,17381.19140625,17381.19140625,8091410,0.0,0.0
2024-08-29 00:00:00+07:00,17413.318359375,17766.7265625,17381.19140625,17573.958984375,17573.958984375,11570163,0.0,0.0
2024-08-30 00:00:00+07:00,17638.21484375,17798.853515625,17541.830078125,17798.853515625,17798.853515625,9171158,0.0,0.0
2024-09-02 00:00:00+07:00,17798.853515625,17798.853515625,17798.853515625,17798.853515625,17798.853515625,0,0.0,0.0
2024-09-03 00:00:00+07:00,17798.853515625,17798.853515625,17798.853515625,17798.853515625,17798.853515625,0,0.0,0.0
2024-09-04 00:00:00+07:00,17638.21484375,17670.341796875,17252.6796875,17413.318359375,17413.318359375,8584907,0.0,0.0
2024-09-05 00:00:00+07:00,17477.57421875,17477.57421875,17156.294921875,17316.935546875,17316.935546875,9069532,0.0,0.0
2024-09-06 00:00:00+07:00,17316.935546875,17349.0625,17156.294921875,17188.423828125,17188.423828125,8116000,0.0,0.0
2024-09-09 00:00:00+07:00,17220.55078125,17220.55078125,16802.888671875,17027.78515625,17027.78515625,8288747,0.0,0.0
2024-09-10 00:00:00+07:00,17092.0390625,17092.0390625,16770.76171875,16899.2734375,16899.2734375,9777951,0.0,0.0
2024-09-11 00:00:00+07:00,16899.2734375,16963.529296875,16674.376953125,16931.400390625,16931.400390625,7888316,0.0,0.0
2024-09-12 00:00:00+07:00,16995.65625,16995.65625,16802.888671875,16835.017578125,16835.017578125,7609119,0.0,0.0
2024-09-13 00:00:00+07:00,16899.2734375,17027.78515625,16802.888671875,16963.529296875,16963.529296875,6275854,0.0,0.0
2024-09-16 00:00:00+07:00,16963.529296875,16963.529296875,16738.6328125,16835.017578125,16835.017578125,6523614,0.0,0.0
2024-09-17 00:00:00+07:00,16867.14453125,17092.0390625,16706.505859375,17092.0390625,17092.0390625,6971045,0.0,0.0
2024-09-18 00:00:00+07:00,17059.912109375,17188.423828125,16995.65625,17156.294921875,17156.294921875,9060039,0.0,0.0
2024-09-19 00:00:00+07:00,17156.294921875,17284.806640625,17092.0390625,17252.6796875,17252.6796875,9809699,0.0,0.0
2024-09-20 00:00:00+07:00,17284.806640625,17477.57421875,17252.6796875,17381.19140625,17381.19140625,13017037,0.0,0.0
2024-09-23 00:00:00+07:00,17413.318359375,17445.447265625,17220.55078125,17349.0625,17349.0625,9777795,0.0,0.0
2024-09-24 00:00:00+07:00,17349.0625,17381.19140625,17220.55078125,17349.0625,17349.0625,9801295,0.0,0.0
2024-09-25 00:00:00+07:00,17413.318359375,17573.958984375,17349.0625,17509.703125,17509.703125,11357575,0.0,0.0
2024-09-26 00:00:00+07:00,17509.703125,18248.64453125,17477.57421875,18184.388671875,18184.388671875,29395794,0.0,0.0
2024-09-27 00:00:00+07:00,18248.64453125,18377.15625,18055.876953125,18184.388671875,18184.388671875,16411906,0.0,0.0
2024-09-30 00:00:00+07:00,18248.64453125,18248.64453125,17830.982421875,18120.1328125,18120.1328125,14262372,0.0,0.0
2024-10-01 00:00:00+07:00,18120.1328125,18152.259765625,17895.23828125,17991.62109375,17991.62109375,15427403,0.0,0.0
2024-10-02 00:00:00+07:00,17927.365234375,17991.62109375,17638.21484375,17702.470703125,17702.470703125,14046049,0.0,0.0
2024-10-03 00:00:00+07:00,17734.59765625,17991.62109375,17670.341796875,17766.7265625,17766.7265625,14604909,0.0,0.0
2024-10-04 00:00:00+07:00,17798.853515625,17798.853515625,17541.830078125,17541.830078125,17541.830078125,13527497,0.0,0.0
2024-10-07 00:00:00+07:00,17541.830078125,17541.830078125,17156.294921875,17252.6796875,17252.6796875,14708091,0.0,0.0
2024-10-08 00:00:00+07:00,17284.806640625,17670.341796875,17124.16796875,17477.57421875,17477.57421875,15675630,0.0,0.0
2024-10-09 00:00:00+07:00,17509.703125,17509.703125,17284.806640625,17349.0625,17349.0625,17250585,0.0,0.0
2024-10-10 00:00:00+07:00,17413.318359375,17702.470703125,17413.318359375,17638.21484375,17638.21484375,16539210,0.0,0.0
2024-10-11 00:00:00+07:00,17638.21484375,17638.21484375,17413.318359375,17573.958984375,17573.958984375,11519428,0.0,0.0
2024-10-14 00:00:00+07:00,17606.0859375,17638.21484375,17349.0625,17349.0625,17349.0625,12280916,0.0,0.0
2024-10-15 00:00:00+07:00,17381.19140625,17477.57421875,17316.935546875,17445.447265625,17445.447265625,11205527,0.0,0.0
2024-10-16 00:00:00+07:00,17381.19140625,17381.19140625,17124.16796875,17381.19140625,17381.19140625,16352300,0.0,0.0
2024-10-17 00:00:00+07:00,17349.0625,17349.0625,17092.0390625,17092.0390625,17092.0390625,16744172,0.0,0.0
2024-10-18 00:00:00+07:00,17156.294921875,17349.0625,17124.16796875,17349.0625,17349.0625,13115082,0.0,0.0
2024-10-21 00:00:00+07:00,17349.0625,17381.19140625,17252.6796875,17316.935546875,17316.935546875,8086430,0.0,0.0
2024-10-22 00:00:00+07:00,17316.935546875,17349.0625,17156.294921875,17349.0625,17349.0625,11141097,0.0,0.0
2024-10-23 00:00:00+07:00,17349.0625,17349.0625,17092.0390625,17316.935546875,17316.935546875,11146388,0.0,0.0
2024-10-24 00:00:00+07:00,17316.935546875,17316.935546875,17092.0390625,17284.806640625,17284.806640625,9018331,0.0,0.0
2024-10-25 00:00:00+07:00,17284.806640625,17284.806640625,17124.16796875,17284.806640625,17284.806640625,8989540,0.0,0.0
2024-10-28 00:00:00+07:00,17252.6796875,17284.806640625,17027.78515625,17124.16796875,17124.16796875,9643177,0.0,0.0
2024-10-29 00:00:00+07:00,17188.423828125,17606.0859375,17156.294921875,17541.830078125,17541.830078125,12726012,0.0,0.0
2024-10-30 00:00:00+07:00,17541.830078125,17573.958984375,17381.19140625,17477.57421875,17477.57421875,10751560,0.0,0.0
2024-10-31 00:00:00+07:00,17477.57421875,17477.57421875,17284.806640625,17284.806640625,17284.806640625,12946382,0.0,0.0
2024-11-01 00:00:00+07:00,17284.806640625,17316.935546875,17059.912109375,17059.912109375,17059.912109375,13521271,0.0,0.0
2024-11-04 00:00:00+07:00,17092.0390625,17092.0390625,16738.6328125,16738.6328125,16738.6328125,11560047,0.0,0.0
2024-11-05 00:00:00+07:00,16706.505859375,16867.14453125,16642.25,16738.6328125,16738.6328125,8573857,0.0,0.0
2024-11-06 00:00:00+07:00,16738.6328125,16963.529296875,16738.6328125,16963.529296875,16963.529296875,9598512,0.0,0.0
2024-11-07 00:00:00+07:00,16995.65625,17027.78515625,16835.017578125,16867.14453125,16867.14453125,9928132,0.0,0.0
2024-11-08 00:00:00+07:00,16867.14453125,16867.14453125,16642.25,16867.14453125,16867.14453125,11568607,0.0,0.0
2024-11-11 00:00:00+07:00,16867.14453125,16867.14453125,16288.8427734375,16417.353515625,16417.353515625,12833551,0.0,0.0
2024-11-12 00:00:00+07:00,16256.71484375,16642.25,16256.71484375,16577.994140625,16577.994140625,10139008,0.0,0.0
2024-11-13 00:00:00+07:00,16513.73828125,16674.376953125,16385.2265625,16481.609375,16481.609375,11415625,0.0,0.0
2024-11-14 00:00:00+07:00,16481.609375,16481.609375,16192.458984375,16224.5869140625,16224.5869140625,12067083,0.0,0.0
2024-11-15 00:00:00+07:00,16224.5869140625,16224.5869140625,15806.923828125,15871.1796875,15871.1796875,14965810,0.0,0.0
2024-11-18 00:00:00+07:00,15839.0517578125,15999.69140625,15582.029296875,15774.7958984375,15774.7958984375,15713136,0.0,0.0
2024-11-19 00:00:00+07:00,15806.923828125,15967.5634765625,15710.5400390625,15839.0517578125,15839.0517578125,12875260,0.0,0.0
2024-11-20 00:00:00+07:00,15806.923828125,15967.5634765625,15614.1572265625,15839.0517578125,15839.0517578125,14988532,0.0,0.0
2024-11-21 00:00:00+07:00,15839.0517578125,15935.435546875,15678.4130859375,15935.435546875,15935.435546875,12567272,0.0,0.0
2024-11-22 00:00:00+07:00,15935.435546875,15999.69140625,15839.0517578125,15871.1796875,15871.1796875,12231271,0.0,0.0
2024-11-25 00:00:00+07:00,15871.1796875,15935.435546875,15839.0517578125,15871.1796875,15871.1796875,11491727,0.0,0.0
2024-11-26 00:00:00+07:00,15871.1796875,16192.458984375,15839.0517578125,16096.0751953125,16096.0751953125,10175892,0.0,0.0
2024-11-27 00:00:00+07:00,16096.0751953125,16288.8427734375,16063.947265625,16160.3310546875,16160.3310546875,10964770,0.0,0.0
2024-11-28 00:00:00+07:00,16192.458984375,16417.353515625,16031.8193359375,16256.71484375,16256.71484375,11392436,0.0,0.0
2024-11-29 00:00:00+07:00,16288.8427734375,16385.2265625,16160.3310546875,16288.8427734375,16288.8427734375,9231541,0.0,0.0
2024-12-02 00:00:00+07:00,16320.970703125,16385.2265625,16224.5869140625,16320.970703125,16320.970703125,8364693,0.0,0.0
2024-12-03 00:00:00+07:00,16642.25,16802.888671875,16449.482421875,16738.6328125,16738.6328125,17668602,0.0,0.0
2024-12-04 00:00:00+07:00,16738.6328125,16802.888671875,16577.994140625,16642.25,16642.25,10426609,0.0,0.0
2024-12-05 00:00:00+07:00,16674.376953125,17156.294921875,16642.25,17156.294921875,17156.294921875,14682568,0.0,0.0
2024-12-06 00:00:00+07:00,17188.423828125,17284.806640625,17059.912109375,17252.6796875,17252.6796875,11837688,0.0,0.0
2024-12-09 00:00:00+07:00,17284.806640625,17413.318359375,17156.294921875,17349.0625,17349.0625,14476049,0.0,0.0
2024-12-10 00:00:00+07:00,17349.0625,17991.62109375,17316.935546875,17991.62109375,17991.62109375,30981488,0.0,0.0
2024-12-11 00:00:00+07:00,18197.240234375,18274.345703125,17965.91796875,18197.240234375,18197.240234375,19322642,0.0,1.2
2024-12-12 00:00:00+07:00,18235.79296875,18467.11328125,18235.79296875,18428.560546875,18428.560546875,15596130,0.0,0.0
2024-12-13 00:00:00+07:00,18467.11328125,18505.66796875,18004.47265625,18274.345703125,18274.345703125,11665226,0.0,0.0
2024-12-16 00:00:00+07:00,18235.79296875,18312.900390625,18120.1328125,18312.900390625,18312.900390625,10122174,0.0,0.0
2024-12-17 00:00:00+07:00,18390.0078125,18428.560546875,18235.79296875,18351.453125,18351.453125,11310264,0.0,0.0
2024-12-18 00:00:00+07:00,18351.453125,18505.66796875,18235.79296875,18351.453125,18351.453125,10838841,0.0,0.0
2024-12-19 00:00:00+07:00,18197.240234375,18197.240234375,17888.8125,18120.1328125,18120.1328125,13109713,0.0,0.0
2024-12-20 00:00:00+07:00,18120.1328125,18197.240234375,17850.2578125,18043.025390625,18043.025390625,9118763,0.0,0.0
2024-12-23 00:00:00+07:00,18120.1328125,18120.1328125,17927.365234375,18043.025390625,18043.025390625,6309029,0.0,0.0
2024-12-24 00:00:00+07:00,18043.025390625,18043.025390625,17773.150390625,18043.025390625,18043.025390625,6937896,0.0,0.0
2024-12-25 00:00:00+07:00,18081.580078125,18467.11328125,18043.025390625,18428.560546875,18428.560546875,13229676,0.0,0.0
2024-12-26 00:00:00+07:00,18428.560546875,18621.328125,18274.345703125,18621.328125,18621.328125,10230465,0.0,0.0
2024-12-27 00:00:00+07:00,18621.328125,19238.18359375,18582.7734375,19238.18359375,19238.18359375,16128378,0.0,0.0
2024-12-30 00:00:00+07:00,19238.18359375,20549.001953125,18814.095703125,20549.001953125,20549.001953125,13733133,0.0,0.0
2024-12-31 00:00:00+07:00,20317.6796875,20317.6796875,19469.50390625,19662.271484375,19662.271484375,11911378,0.0,0.0
2025-01-01 00:00:00+07:00,19662.271484375,19662.271484375,19662.271484375,19662.271484375,19662.271484375,0,0.0,0.0
2025-01-02 00:00:00+07:00,19623.71875,19662.271484375,18852.6484375,19353.84375,19353.84375,16341847,0.0,0.0
2025-01-03 00:00:00+07:00,19276.736328125,19276.736328125,18698.435546875,18852.6484375,18852.6484375,9353631,0.0,0.0
2025-01-06 00:00:00+07:00,18852.6484375,18968.30859375,18621.328125,18891.201171875,18891.201171875,8309886,0.0,0.0
2025-01-07 00:00:00+07:00,18929.755859375,18929.755859375,18582.7734375,18698.435546875,18698.435546875,11187707,0.0,0.0
2025-01-08 00:00:00+07:00,18659.880859375,18698.435546875,17927.365234375,17965.91796875,17965.91796875,23967490,0.0,0.0
2025-01-09 00:00:00+07:00,17811.705078125,17965.91796875,17194.849609375,17233.40234375,17233.40234375,23743515,0.0,0.0
2025-01-10 00:00:00+07:00,17194.849609375,17233.40234375,16655.1015625,16655.1015625,16655.1015625,20755976,0.0,0.0
2025-01-13 00:00:00+07:00,16346.6728515625,16847.8671875,16346.6728515625,16732.20703125,16732.20703125,19068709,0.0,0.0
2025-01-14 00:00:00+07:00,16770.76171875,16809.314453125,16269.5654296875,16308.119140625,16308.119140625,16286340,0.0,0.0
2025-01-15 00:00:00+07:00,16308.119140625,16693.654296875,16308.119140625,16693.654296875,16693.654296875,10337460,0.0,0.0
2025-01-16 00:00:00+07:00,16308.119140625,16693.654296875,16308.119140625,16693.654296875,16693.654296875,10337460,0.0,0.0
2025-01-17 00:00:00+07:00,16655.1015625,17349.0625,16500.88671875,17349.0625,17349.0625,17288973,0.0,0.0
2025-01-20 00:00:00+07:00,17349.0625,17811.705078125,16963.529296875,17734.59765625,17734.59765625,26832212,0.0,0.0
2025-01-21 00:00:00+07:00,17927.365234375,18004.47265625,17233.40234375,17464.72265625,17464.72265625,16869037,0.0,0.0
2025-01-22 00:00:00+07:00,17503.27734375,17503.27734375,16963.529296875,16963.529296875,16963.529296875,24868057,0.0,0.0
2025-01-23 00:00:00+07:00,16924.974609375,17696.044921875,16886.421875,17271.95703125,17271.95703125,17133994,0.0,0.0
2025-01-24 00:00:00+07:00,17310.509765625,17850.2578125,17310.509765625,17464.72265625,17464.72265625,14549661,0.0,0.0
2025-01-27 00:00:00+07:00,17464.72265625,17464.72265625,17464.72265625,17464.72265625,17464.72265625,0,0.0,0.0
2025-01-28 00:00:00+07:00,17464.72265625,17464.72265625,17464.72265625,17464.72265625,17464.72265625,0,0.0,0.0
2025-01-29 00:00:00+07:00,17464.72265625,17464.72265625,17464.72265625,17464.72265625,17464.72265625,0,0.0,0.0
2025-01-30 00:00:00+07:00,17464.72265625,17464.72265625,17464.72265625,17464.72265625,17464.72265625,0,0.0,0.0
2025-01-31 00:00:00+07:00,17464.72265625,17464.72265625,17464.72265625,17464.72265625,17464.72265625,0,0.0,0.0
2025-02-03 00:00:00+07:00,17349.0625,17387.6171875,17040.634765625,17271.95703125,17271.95703125,9678894,0.0,0.0
2025-02-04 00:00:00+07:00,17310.509765625,17580.384765625,17271.95703125,17426.169921875,17426.169921875,9257401,0.0,0.0
2025-02-05 00:00:00+07:00,17426.169921875,17580.384765625,17387.6171875,17426.169921875,17426.169921875,8082021,0.0,0.0
2025-02-06 00:00:00+07:00,17503.27734375,17773.150390625,17464.72265625,17696.044921875,17696.044921875,16651547,0.0,0.0
2025-02-07 00:00:00+07:00,17811.705078125,17811.705078125,17618.9375,17657.490234375,17657.490234375,11546689,0.0,0.0
2025-02-10 00:00:00+07:00,17349.0625,17618.9375,17349.0625,17426.169921875,17426.169921875,11117156,0.0,0.0
2025-02-11 00:00:00+07:00,17541.830078125,17618.9375,17349.0625,17387.6171875,17387.6171875,12653982,0.0,0.0
2025-02-12 00:00:00+07:00,17503.27734375,17580.384765625,17387.6171875,17387.6171875,17387.6171875,10734311,0.0,0.0
2025-02-13 00:00:00+07:00,17387.6171875,17503.27734375,17349.0625,17503.27734375,17503.27734375,8996076,0.0,0.0
2025-02-14 00:00:00+07:00,17618.9375,17657.490234375,17541.830078125,17618.9375,17618.9375,10953098,0.0,0.0
2025-02-17 00:00:00+07:00,17696.044921875,17696.044921875,17426.169921875,17464.72265625,17464.72265625,12235473,0.0,0.0
2025-02-18 00:00:00+07:00,17464.72265625,17580.384765625,17426.169921875,17503.27734375,17503.27734375,11421538,0.0,0.0
2025-02-19 00:00:00+07:00,17503.27734375,17618.9375,17426.169921875,17580.384765625,17580.384765625,10137348,0.0,0.0
2025-02-20 00:00:00+07:00,17618.9375,17657.490234375,17541.830078125,17618.9375,17618.9375,14030382,0.0,0.0
2025-02-21 00:00:00+07:00,17618.9375,17888.8125,17580.384765625,17773.150390625,17773.150390625,15112775,0.0,0.0
2025-02-24 00:00:00+07:00,17734.59765625,18120.1328125,17657.490234375,18081.580078125,18081.580078125,17682453,0.0,0.0
2025-02-25 00:00:00+07:00,18120.1328125,18120.1328125,17773.150390625,17888.8125,17888.8125,15590553,0.0,0.0
2025-02-26 00:00:00+07:00,17927.365234375,17965.91796875,17773.150390625,17773.150390625,17773.150390625,9469185,0.0,0.0
2025-02-27 00:00:00+07:00,17773.150390625,17888.8125,17618.9375,17888.8125,17888.8125,10854404,0.0,0.0
2025-02-28 00:00:00+07:00,17850.2578125,17888.8125,17580.384765625,17773.150390625,17773.150390625,13166258,0.0,0.0
2025-03-03 00:00:00+07:00,17773.150390625,17811.705078125,17618.9375,17734.59765625,17734.59765625,10684380,0.0,0.0
2025-03-04 00:00:00+07:00,17657.490234375,17734.59765625,17541.830078125,17696.044921875,17696.044921875,12990658,0.0,0.0
2025-03-05 00:00:00+07:00,17657.490234375,17965.91796875,17657.490234375,17657.490234375,17657.490234375,12585506,0.0,0.0
2025-03-06 00:00:00+07:00,17657.490234375,17773.150390625,17618.9375,17773.150390625,17773.150390625,11004974,0.0,0.0
2025-03-07 00:00:00+07:00,17773.150390625,18197.240234375,17734.59765625,18043.025390625,18043.025390625,25896499,0.0,0.0
2025-03-10 00:00:00+07:00,18158.685546875,18428.560546875,18120.1328125,18274.345703125,18274.345703125,17588946,0.0,0.0
2025-03-11 00:00:00+07:00,18120.1328125,18351.453125,17965.91796875,18351.453125,18351.453125,12072842,0.0,0.0
2025-03-12 00:00:00+07:00,18428.560546875,18467.11328125,18158.685546875,18235.79296875,18235.79296875,10816924,0.0,0.0
2025-03-13 00:00:00+07:00,18274.345703125,18274.345703125,17811.705078125,17850.2578125,17850.2578125,17330215,0.0,0.0
2025-03-14 00:00:00+07:00,17850.2578125,18004.47265625,17773.150390625,17888.8125,17888.8125,9143923,0.0,0.0
2025-03-17 00:00:00+07:00,17927.365234375,18158.685546875,17850.2578125,18043.025390625,18043.025390625,10392708,0.0,0.0
2025-03-18 00:00:00+07:00,18081.580078125,18120.1328125,17888.8125,17927.365234375,17927.365234375,7726411,0.0,0.0
2025-03-19 00:00:00+07:00,17888.8125,18004.47265625,17734.59765625,17773.150390625,17773.150390625,11185114,0.0,0.0
2025-03-20 00:00:00+07:00,17927.365234375,18158.685546875,17696.044921875,17811.705078125,17811.705078125,14102490,0.0,0.0
2025-03-21 00:00:00+07:00,17811.705078125,17850.2578125,17696.044921875,17734.59765625,17734.59765625,10359507,0.0,0.0
2025-03-24 00:00:00+07:00,17734.59765625,17773.150390625,17387.6171875,17464.72265625,17464.72265625,13929095,0.0,0.0
2025-03-25 00:00:00+07:00,17503.27734375,17696.044921875,17464.72265625,17541.830078125,17541.830078125,17357709,0.0,0.0
2025-03-26 00:00:00+07:00,17580.384765625,17773.150390625,17426.169921875,17541.830078125,17541.830078125,15780549,0.0,0.0
2025-03-27 00:00:00+07:00,17503.27734375,17541.830078125,17349.0625,17464.72265625,17464.72265625,10612143,0.0,0.0
2025-03-28 00:00:00+07:00,17426.169921875,17464.72265625,17156.294921875,17156.294921875,17156.294921875,11601029,0.0,0.0
2025-03-31 00:00:00+07:00,17040.634765625,17117.7421875,16963.529296875,17040.634765625,17040.634765625,10250956,0.0,0.0
2025-04-01 00:00:00+07:00,17117.7421875,17310.509765625,17002.08203125,17310.509765625,17310.509765625,7526559,0.0,0.0
2025-04-02 00:00:00+07:00,17310.509765625,17503.27734375,17194.849609375,17310.509765625,17310.509765625,15808432,0.0,0.0
2025-04-03 00:00:00+07:00,16809.314453125,16924.974609375,16115.3515625,16115.3515625,16115.3515625,34042457,0.0,0.0
2025-04-04 00:00:00+07:00,15035.8544921875,16269.5654296875,15035.8544921875,16038.2451171875,16038.2451171875,25217312,0.0,0.0
2025-04-07 00:00:00+07:00,16038.2451171875,16038.2451171875,16038.2451171875,16038.2451171875,16038.2451171875,0,0.0,0.0
2025-04-08 00:00:00+07:00,15729.8173828125,15884.03125,14920.1943359375,14920.1943359375,14920.1943359375,22436370,0.0,0.0
2025-04-09 00:00:00+07:00,13917.8037109375,15151.515625,13879.2509765625,14033.46484375,14033.46484375,24959488,0.0,0.0
2025-04-10 00:00:00+07:00,14997.30078125,14997.30078125,14997.30078125,14997.30078125,14997.30078125,300491,0.0,0.0
2025-04-11 00:00:00+07:00,15961.1376953125,16038.2451171875,15344.2822265625,15961.1376953125,15961.1376953125,21231031,0.0,0.0
2025-04-14 00:00:00+07:00,16423.779296875,16423.779296875,16153.9052734375,16192.458984375,16192.458984375,14604650,0.0,0.0
2025-04-15 00:00:00+07:00,15999.69140625,16231.0126953125,15806.923828125,15845.4775390625,15845.4775390625,16464275,0.0,0.0
2025-04-16 00:00:00+07:00,15884.03125,16076.798828125,15768.37109375,15922.5849609375,15922.5849609375,8106143,0.0,0.0
2025-04-17 00:00:00+07:00,15884.03125,15961.1376953125,15691.263671875,15961.1376953125,15961.1376953125,11185762,0.0,0.0
2025-04-18 00:00:00+07:00,16038.2451171875,16153.9052734375,16038.2451171875,16038.2451171875,16038.2451171875,9670594,0.0,0.0
2025-04-21 00:00:00+07:00,16038.2451171875,16115.3515625,15729.8173828125,15729.8173828125,15729.8173828125,10872042,0.0,0.0
2025-04-22 00:00:00+07:00,15652.7099609375,15729.8173828125,14765.98046875,15652.7099609375,15652.7099609375,16071314,0.0,0.0
2025-04-23 00:00:00+07:00,15806.923828125,15999.69140625,15691.263671875,15691.263671875,15691.263671875,11878047,0.0,0.0
2025-04-24 00:00:00+07:00,16038.2451171875,16385.2265625,15961.1376953125,16385.2265625,16385.2265625,17355893,0.0,0.0
2025-04-25 00:00:00+07:00,16385.2265625,16423.779296875,16115.3515625,16385.2265625,16385.2265625,18848496,0.0,0.0
2025-04-28 00:00:00+07:00,16500.88671875,16577.994140625,16269.5654296875,16577.994140625,16577.994140625,9650103,0.0,0.0
2025-04-29 00:00:00+07:00,16539.439453125,16616.546875,16346.6728515625,16539.439453125,16539.439453125,8900235,0.0,0.0
2025-04-30 00:00:00+07:00,16539.439453125,16539.439453125,16539.439453125,16539.439453125,16539.439453125,0,0.0,0.0
2025-05-01 00:00:00+07:00,16539.439453125,16539.439453125,16539.439453125,16539.439453125,16539.439453125,0,0.0,0.0
2025-05-02 00:00:00+07:00,16539.439453125,16539.439453125,16539.439453125,16539.439453125,16539.439453125,0,0.0,0.0
2025-05-05 00:00:00+07:00,16577.994140625,16616.546875,16308.119140625,16346.6728515625,16346.6728515625,10111540,0.0,0.0
2025-05-06 00:00:00+07:00,16577.994140625,16616.546875,16308.119140625,16346.6728515625,16346.6728515625,10111540,0.0,0.0
2025-05-07 00:00:00+07:00,16385.2265625,16577.994140625,16308.119140625,16385.2265625,16385.2265625,10100257,0.0,0.0
2025-05-08 00:00:00+07:00,16308.119140625,16423.779296875,16115.3515625,16153.9052734375,16153.9052734375,15222623,0.0,0.0
2025-05-09 00:00:00+07:00,16192.458984375,16500.88671875,16153.9052734375,16385.2265625,16385.2265625,11863003,0.0,0.0
2025-05-12 00:00:00+07:00,16308.119140625,16577.994140625,16308.119140625,16577.994140625,16577.994140625,14401166,0.0,0.0
2025-05-13 00:00:00+07:00,16308.119140625,16577.994140625,16308.119140625,16577.994140625,16577.994140625,14401166,0.0,0.0
2025-05-14 00:00:00+07:00,16655.1015625,17040.634765625,16655.1015625,16809.314453125,16809.314453125,16330564,0.0,0.0
2025-05-15 00:00:00+07:00,16847.8671875,17156.294921875,16847.8671875,17117.7421875,17117.7421875,16332899,0.0,0.0
2025-05-16 00:00:00+07:00,17079.189453125,17271.95703125,16924.974609375,17156.294921875,17156.294921875,15498473,0.0,0.0
2025-05-19 00:00:00+07:00,16847.8671875,17194.849609375,16693.654296875,16963.529296875,16963.529296875,17093790,0.0,0.0
2025-05-20 00:00:00+07:00,16847.8671875,17194.849609375,16693.654296875,16963.529296875,16963.529296875,17093790,0.0,0.0
2025-05-21 00:00:00+07:00,16963.529296875,17271.95703125,16963.529296875,17194.849609375,17194.849609375,16591890,0.0,0.0
2025-05-22 00:00:00+07:00,17194.849609375,17503.27734375,17117.7421875,17271.95703125,17271.95703125,12996364,0.0,0.0
2025-05-23 00:00:00+07:00,17117.7421875,17233.40234375,17002.08203125,17002.08203125,17002.08203125,15512739,0.0,0.0
2025-05-26 00:00:00+07:00,17117.7421875,17426.169921875,17079.189453125,17426.169921875,17426.169921875,26205680,0.0,0.0
2025-05-27 00:00:00+07:00,17117.7421875,17426.169921875,17079.189453125,17426.169921875,17426.169921875,26205680,0.0,0.0
2025-05-28 00:00:00+07:00,17426.169921875,17541.830078125,17349.0625,17426.169921875,17426.169921875,12654761,0.0,0.0
2025-05-29 00:00:00+07:00,17464.72265625,17503.27734375,17156.294921875,17156.294921875,17156.294921875,15044688,0.0,0.0
2025-05-30 00:00:00+07:00,17194.849609375,17387.6171875,17002.08203125,17002.08203125,17002.08203125,14679351,0.0,0.0
2025-06-02 00:00:00+07:00,16616.546875,16770.76171875,16500.88671875,16655.1015625,16655.1015625,11129087,0.0,0.0
2025-06-03 00:00:00+07:00,16616.546875,16770.76171875,16500.88671875,16655.1015625,16655.1015625,11129087,0.0,0.0
2025-06-04 00:00:00+07:00,16693.654296875,17002.08203125,16655.1015625,16847.8671875,16847.8671875,11639158,0.0,0.0
2025-06-05 00:00:00+07:00,16924.974609375,16963.529296875,16770.76171875,16847.8671875,16847.8671875,8916835,0.0,0.0
2025-06-06 00:00:00+07:00,16847.8671875,16886.421875,16616.546875,16693.654296875,16693.654296875,11486254,0.0,0.0
2025-06-09 00:00:00+07:00,16809.314453125,16809.314453125,16539.439453125,16539.439453125,16539.439453125,8819179,0.0,0.0
2025-06-10 00:00:00+07:00,16809.314453125,16809.314453125,16539.439453125,16539.439453125,16539.439453125,8819179,0.0,0.0
2025-06-11 00:00:00+07:00,16577.994140625,16770.76171875,16500.88671875,16577.994140625,16577.994140625,10983316,0.0,0.0
2025-06-12 00:00:00+07:00,16616.546875,16616.546875,16462.333984375,16500.88671875,16500.88671875,8353592,0.0,0.0
2025-06-13 00:00:00+07:00,16577.994140625,16809.314453125,16539.439453125,16770.76171875,16770.76171875,11249310,0.0,0.0
2025-06-16 00:00:00+07:00,16616.546875,16847.8671875,16539.439453125,16770.76171875,16770.76171875,9853327,0.0,0.0
2025-06-17 00:00:00+07:00,16616.546875,16847.8671875,16539.439453125,16770.76171875,16770.76171875,9853327,0.0,0.0
2025-06-18 00:00:00+07:00,16847.8671875,16924.974609375,16732.20703125,16886.421875,16886.421875,11502335,0.0,0.0
2025-06-19 00:00:00+07:00,16886.421875,17040.634765625,16809.314453125,16924.974609375,16924.974609375,17272114,0.0,0.0
2025-06-20 00:00:00+07:00,16963.529296875,17079.189453125,16847.8671875,16963.529296875,16963.529296875,10609160,0.0,0.0
2025-06-23 00:00:00+07:00,16963.529296875,17040.634765625,16847.8671875,16924.974609375,16924.974609375,13234475,0.0,0.0
2025-06-24 00:00:00+07:00,16963.529296875,17040.634765625,16847.8671875,16924.974609375,16924.974609375,13234475,0.0,0.0
2025-06-25 00:00:00+07:00,17040.634765625,17117.7421875,16886.421875,16924.974609375,16924.974609375,16787073,0.0,0.0
2025-06-26 00:00:00+07:00,16963.529296875,17002.08203125,16809.314453125,16809.314453125,16809.314453125,13552475,0.0,0.0
2025-06-27 00:00:00+07:00,16847.8671875,16886.421875,16655.1015625,16732.20703125,16732.20703125,11186800,0.0,0.0
2025-06-30 00:00:00+07:00,16809.314453125,16886.421875,16770.76171875,16809.314453125,16809.314453125,8631777,0.0,0.0
2025-07-01 00:00:00+07:00,16809.314453125,16886.421875,16770.76171875,16809.314453125,16809.314453125,8631777,0.0,0.0
2025-07-02 00:00:00+07:00,16847.8671875,17194.849609375,16809.314453125,17040.634765625,17040.634765625,30786849,0.0,0.0
2025-07-03 00:00:00+07:00,17079.189453125,17349.0625,17002.08203125,17194.849609375,17194.849609375,19802495,0.0,0.0
2025-07-04 00:00:00+07:00,17194.849609375,17541.830078125,17117.7421875,17387.6171875,17387.6171875,23874243,0.0,0.0
2025-07-07 00:00:00+07:00,17464.72265625,17965.91796875,17426.169921875,17965.91796875,17965.91796875,32271670,0.0,0.0
2025-07-08 00:00:00+07:00,17464.72265625,17965.91796875,17426.169921875,17965.91796875,17965.91796875,32271670,0.0,0.0
2025-07-09 00:00:00+07:00,18043.025390625,18158.685546875,17927.365234375,18120.1328125,18120.1328125,22476833,0.0,0.0
2025-07-10 00:00:00+07:00,18197.240234375,19045.416015625,18120.1328125,18659.880859375,18659.880859375,44348922,0.0,0.0
2025-07-11 00:00:00+07:00,18775.541015625,18814.095703125,18544.220703125,18775.541015625,18775.541015625,19355843,0.0,0.0
2025-07-14 00:00:00+07:00,18891.201171875,18891.201171875,18544.220703125,18814.095703125,18814.095703125,16962544,0.0,0.0
2025-07-15 00:00:00+07:00,18891.201171875,18891.201171875,18544.220703125,18814.095703125,18814.095703125,16962544,0.0,0.0
2025-07-16 00:00:00+07:00,18814.095703125,19083.96875,18621.328125,18621.328125,18621.328125,40495183,0.0,0.0
2025-07-17 00:00:00+07:00,18621.328125,18736.98828125,18582.7734375,18698.435546875,18698.435546875,20801497,0.0,0.0
2025-07-18 00:00:00+07:00,18775.541015625,18852.6484375,18621.328125,18775.541015625,18775.541015625,16937643,0.0,0.0
2025-07-21 00:00:00+07:00,18891.201171875,19006.86328125,18736.98828125,18891.201171875,18891.201171875,20931836,0.0,0.0
2025-07-22 00:00:00+07:00,18891.201171875,19006.86328125,18736.98828125,18891.201171875,18891.201171875,20931836,0.0,0.0
2025-07-23 00:00:00+07:00,18891.201171875,19623.71875,18775.541015625,19623.71875,19623.71875,35553346,0.0,0.0
2025-07-24 00:00:00+07:00,19816.486328125,20587.5546875,19777.931640625,20433.341796875,20433.341796875,45409267,0.0,0.0
2025-07-25 00:00:00+07:00,20934.537109375,21859.8203125,20703.21484375,21281.517578125,21281.517578125,66113108,0.0,0.0
2025-07-28 00:00:00+07:00,21859.8203125,22553.78125,21512.837890625,21936.92578125,21936.92578125,31856921,0.0,0.0
2025-07-29 00:00:00+07:00,21859.8203125,22553.78125,21512.837890625,21936.92578125,21936.92578125,31856921,0.0,0.0
2025-07-30 00:00:00+07:00,21898.373046875,21898.373046875,20433.341796875,20433.341796875,20433.341796875,43505418,0.0,0.0
2025-07-31 00:00:00+07:00,20433.341796875,20664.662109375,19855.0390625,20549.001953125,20549.001953125,26552341,0.0,0.0
2025-08-01 00:00:00+07:00,20934.537109375,21320.0703125,20009.251953125,20394.787109375,20394.787109375,41986618,0.0,0.0
2025-08-04 00:00:00+07:00,20857.4296875,21589.9453125,20741.76953125,21589.9453125,21589.9453125,24706463,0.0,0.0
2025-08-05 00:00:00+07:00,20857.4296875,21589.9453125,20741.76953125,21589.9453125,21589.9453125,24706463,0.0,0.0
2025-08-06 00:00:00+07:00,22129.693359375,22438.12109375,20818.875,21512.837890625,21512.837890625,39102831,0.0,0.0
2025-08-07 00:00:00+07:00,21975.48046875,22052.587890625,21589.9453125,21782.712890625,21782.712890625,19922329,0.0,0.0
2025-08-08 00:00:00+07:00,22129.693359375,22129.693359375,21551.392578125,21975.48046875,21975.48046875,32062869,0.0,0.0
2025-08-11 00:00:00+07:00,21859.8203125,21859.8203125,21512.837890625,21512.837890625,21512.837890625,36340823,0.0,0.0
2025-08-12 00:00:00+07:00,21859.8203125,21859.8203125,21512.837890625,21512.837890625,21512.837890625,36340823,0.0,0.0
2025-08-13 00:00:00+07:00,21589.9453125,22322.4609375,21512.837890625,22283.908203125,22283.908203125,32888605,0.0,0.0
2025-08-14 00:00:00+07:00,22669.443359375,22707.99609375,21936.92578125,22322.4609375,22322.4609375,32106704,0.0,0.0
2025-08-15 00:00:00+07:00,23054.9765625,23864.599609375,22515.228515625,23864.599609375,23864.599609375,77676528,0.0,0.0
2025-08-18 00:00:00+07:00,24057.3671875,24057.3671875,23132.083984375,23517.619140625,23517.619140625,30410100,0.0,0.0
2025-08-19 00:00:00+07:00,24057.3671875,24057.3671875,23132.083984375,23517.619140625,23517.619140625,30410100,0.0,0.0
2025-08-20 00:00:00+07:00,23826.046875,25136.865234375,23633.279296875,25059.7578125,25059.7578125,44238944,0.0,0.0
2025-08-21 00:00:00+07:00,25136.865234375,25252.525390625,23864.599609375,24558.5625,24558.5625,36447169,0.0,0.0
2025-08-22 00:00:00+07:00,24674.22265625,26177.80859375,24674.22265625,25638.060546875,25638.060546875,45709759,0.0,0.0
2025-08-25 00:00:00+07:00,25368.185546875,25368.185546875,23556.171875,24134.474609375,24134.474609375,27775447,0.0,0.0
2025-08-26 00:00:00+07:00,25368.185546875,25368.185546875,23556.171875,24134.474609375,24134.474609375,27775447,0.0,0.0
2025-08-27 00:00:00+07:00,24134.474609375,24905.544921875,23864.599609375,24905.544921875,24905.544921875,14722927,0.0,0.0
2025-08-28 00:00:00+07:00,25368.185546875,25445.29296875,24712.77734375,25021.205078125,25021.205078125,18193431,0.0,0.0
2025-08-29 00:00:00+07:00,25059.7578125,25098.310546875,24481.455078125,25059.7578125,25059.7578125,16702904,0.0,0.0
2025-09-01 00:00:00+07:00,25059.7578125,25059.7578125,25059.7578125,25059.7578125,25059.7578125,0,0.0,0.0
2025-09-02 00:00:00+07:00,25059.7578125,25059.7578125,25059.7578125,25059.7578125,25059.7578125,0,0.0,0.0
2025-09-03 00:00:00+07:00,25830.828125,25869.380859375,25445.29296875,25522.400390625,25522.400390625,13993032,0.0,0.0
2025-09-04 00:00:00+07:00,25830.828125,25869.380859375,25445.29296875,25522.400390625,25522.400390625,13993032,0.0,0.0
2025-09-05 00:00:00+07:00,25560.953125,25599.505859375,25098.310546875,25560.953125,25560.953125,22562039,0.0,0.0
2025-09-08 00:00:00+07:00,24597.115234375,24635.669921875,23517.619140625,23826.046875,23826.046875,33098444,0.0,0.0
2025-09-09 00:00:00+07:00,24597.115234375,24635.669921875,23517.619140625,23826.046875,23826.046875,33098444,0.0,0.0
2025-09-10 00:00:00+07:00,23671.83203125,24327.2421875,23556.171875,24327.2421875,24327.2421875,17479877,0.0,0.0
2025-09-11 00:00:00+07:00,24365.794921875,24404.349609375,23864.599609375,24365.794921875,24365.794921875,15460085,0.0,0.0
2025-09-12 00:00:00+07:00,24057.3671875,24365.794921875,23517.619140625,24288.6875,24288.6875,14829013,0.0,0.0
2025-09-15 00:00:00+07:00,24288.6875,24365.794921875,23941.70703125,24095.921875,24095.921875,14872460,0.0,0.0
2025-09-16 00:00:00+07:00,24288.6875,24365.794921875,23941.70703125,24095.921875,24095.921875,14872460,0.0,0.0
2025-09-17 00:00:00+07:00,24211.58203125,24327.2421875,23826.046875,24134.474609375,24134.474609375,20623044,0.0,0.0
2025-09-18 00:00:00+07:00,24057.3671875,24095.921875,23826.046875,23826.046875,23826.046875,12278789,0.0,0.0
2025-09-19 00:00:00+07:00,23864.599609375,23864.599609375,23286.298828125,23671.83203125,23671.83203125,17140867,0.0,0.0
2025-09-22 00:00:00+07:00,23286.298828125,23286.298828125,22361.015625,22361.015625,22361.015625,19874733,0.0,0.0
2025-09-23 00:00:00+07:00,23286.298828125,23286.298828125,22361.015625,22361.015625,22361.015625,19874733,0.0,0.0
2025-09-24 00:00:00+07:00,22399.568359375,22592.3359375,22129.693359375,22129.693359375,22129.693359375,13672049,0.0,0.0
2025-09-25 00:00:00+07:00,22206.80078125,23671.83203125,21782.712890625,23671.83203125,23671.83203125,29513164,0.0,0.0
2025-09-26 00:00:00+07:00,24288.6875,24365.794921875,23826.046875,23903.154296875,23903.154296875,18681325,0.0,0.0
2025-09-29 00:00:00+07:00,23247.744140625,23980.259765625,22977.87109375,23826.046875,23826.046875,16935179,0.0,0.0
2025-09-30 00:00:00+07:00,23247.744140625,23980.259765625,22977.87109375,23826.046875,23826.046875,16935179,0.0,0.0
2025-10-01 00:00:00+07:00,23671.83203125,23903.154296875,23247.744140625,23903.154296875,23903.154296875,17387927,0.0,0.0
2025-10-02 00:00:00+07:00,23903.154296875,23980.259765625,23671.83203125,23826.046875,23826.046875,12415483,0.0,0.0
2025-10-03 00:00:00+07:00,23903.154296875,24134.474609375,23594.7265625,23787.494140625,23787.494140625,14487410,0.0,0.0
2025-10-06 00:00:00+07:00,23517.619140625,24520.009765625,23401.958984375,24288.6875,24288.6875,30383254,0.0,0.0
2025-10-07 00:00:00+07:00,23517.619140625,24520.009765625,23401.958984375,24288.6875,24288.6875,30383254,0.0,0.0
2025-10-08 00:00:00+07:00,24481.455078125,24481.455078125,24018.814453125,24134.474609375,24134.474609375,12634399,0.0,0.0
2025-10-09 00:00:00+07:00,24442.90234375,24442.90234375,23903.154296875,24250.134765625,24250.134765625,21181489,0.0,0.0
2025-10-10 00:00:00+07:00,24250.134765625,24558.5625,24057.3671875,24404.349609375,24404.349609375,19903264,0.0,0.0
2025-10-13 00:00:00+07:00,24250.134765625,25175.41796875,24173.02734375,25175.41796875,25175.41796875,35302007,0.0,0.0
2025-10-14 00:00:00+07:00,24250.134765625,25175.41796875,24173.02734375,25175.41796875,25175.41796875,35302007,0.0,0.0
2025-10-15 00:00:00+07:00,25368.185546875,25792.2734375,24751.330078125,25175.41796875,25175.41796875,36256266,0.0,0.0
2025-10-16 00:00:00+07:00,25136.865234375,25907.93359375,25059.7578125,25522.400390625,25522.400390625,30740939,0.0,0.0
2025-10-17 00:00:00+07:00,25638.060546875,25753.720703125,25368.185546875,25753.720703125,25753.720703125,22064419,0.0,0.0
2025-10-20 00:00:00+07:00,24674.22265625,24828.4375,23324.8515625,23324.8515625,23324.8515625,34875586,0.0,0.0
2025-10-21 00:00:00+07:00,24674.22265625,24828.4375,23324.8515625,23324.8515625,23324.8515625,34875586,0.0,0.0
2025-10-22 00:00:00+07:00,23440.51171875,24944.09765625,23440.51171875,24944.09765625,24944.09765625,31732419,0.0,0.0
2025-10-23 00:00:00+07:00,25059.7578125,25098.310546875,24442.90234375,25059.7578125,25059.7578125,16042523,0.0,0.0
2025-10-24 00:00:00+07:00,25021.205078125,26409.12890625,24982.650390625,25445.29296875,25445.29296875,44443336,0.0,0.0
2025-10-27 00:00:00+07:00,25406.73828125,25406.73828125,23980.259765625,23980.259765625,23980.259765625,22768895,0.0,0.0
2025-10-28 00:00:00+07:00,25406.73828125,25406.73828125,23980.259765625,23980.259765625,23980.259765625,22768895,0.0,0.0
2025-10-29 00:00:00+07:00,23556.171875,24828.4375,23556.171875,24828.4375,24828.4375,18752136,0.0,0.0
2025-10-30 00:00:00+07:00,25021.205078125,26293.46875,24944.09765625,25753.720703125,25753.720703125,40668838,0.0,0.0
2025-10-31 00:00:00+07:00,25792.2734375,26486.236328125,25599.505859375,25753.720703125,25753.720703125,30219326,0.0,0.0
2025-11-03 00:00:00+07:00,24674.22265625,24751.330078125,23517.619140625,23556.171875,23556.171875,30602430,0.0,0.0
2025-11-04 00:00:00+07:00,23556.171875,23980.259765625,22553.78125,23980.259765625,23980.259765625,44644226,0.0,0.0
2025-11-05 00:00:00+07:00,23556.171875,23980.259765625,22553.78125,23980.259765625,23980.259765625,44644226,0.0,0.0
2025-11-06 00:00:00+07:00,23980.259765625,23980.259765625,23170.63671875,23209.19140625,23209.19140625,15767710,0.0,0.0
2025-11-07 00:00:00+07:00,23093.53125,23247.744140625,22553.78125,23132.083984375,23132.083984375,29295155,0.0,0.0
2025-11-10 00:00:00+07:00,23054.9765625,23170.63671875,22592.3359375,22823.65625,22823.65625,16721580,0.0,0.0
2025-11-11 00:00:00+07:00,22823.65625,22900.763671875,22399.568359375,22823.65625,22823.65625,14391828,0.0,0.0
2025-11-12 00:00:00+07:00,22900.763671875,23209.19140625,22592.3359375,23132.083984375,23132.083984375,18999974,0.0,0.0
2025-11-13 00:00:00+07:00,23132.083984375,23247.744140625,22900.763671875,23093.53125,23093.53125,14918629,0.0,0.0
2025-11-14 00:00:00+07:00,23016.423828125,23132.083984375,22746.548828125,23016.423828125,23016.423828125,19207348,0.0,0.0
2025-11-17 00:00:00+07:00,23132.083984375,23517.619140625,22977.87109375,23170.63671875,23170.63671875,15733861,0.0,0.0
2025-11-18 00:00:00+07:00,23247.744140625,23517.619140625,23132.083984375,23479.06640625,23479.06640625,18109133,0.0,0.0
2025-11-19 00:00:00+07:00,23517.619140625,24288.6875,23132.083984375,24134.474609375,24134.474609375,27165775,0.0,0.0
2025-11-20 00:00:00+07:00,24211.58203125,24597.115234375,24057.3671875,24520.009765625,24520.009765625,27772983,0.0,0.0
2025-11-21 00:00:00+07:00,24404.349609375,24558.5625,23903.154296875,24057.3671875,24057.3671875,17999286,0.0,0.0
2025-11-24 00:00:00+07:00,24134.474609375,24674.22265625,23941.70703125,23980.259765625,23980.259765625,21350475,0.0,0.0
2025-11-25 00:00:00+07:00,24095.921875,24751.330078125,24095.921875,24520.009765625,24520.009765625,28969244,0.0,0.0
2025-11-26 00:00:00+07:00,24520.009765625,24905.544921875,24365.794921875,24905.544921875,24905.544921875,18987523,0.0,0.0
2025-11-27 00:00:00+07:00,25021.205078125,25021.205078125,24365.794921875,24674.22265625,24674.22265625,14658341,0.0,0.0
2025-11-28 00:00:00+07:00,24597.115234375,24674.22265625,24250.134765625,24674.22265625,24674.22265625,16160411,0.0,0.0
2025-12-01 00:00:00+07:00,24712.77734375,24712.77734375,24250.134765625,24288.6875,24288.6875,9900275,0.0,0.0
2025-12-02 00:00:00+07:00,24288.6875,24674.22265625,23864.599609375,24674.22265625,24674.22265625,19111507,0.0,0.0
2025-12-03 00:00:00+07:00,24674.22265625,25059.7578125,24481.455078125,24866.990234375,24866.990234375,18376943,0.0,0.0
2025-12-04 00:00:00+07:00,25291.078125,25522.400390625,24982.650390625,25406.73828125,25406.73828125,19596548,0.0,0.0
2025-12-05 00:00:00+07:00,25445.29296875,25445.29296875,25021.205078125,25406.73828125,25406.73828125,11939131,0.0,0.0
2025-12-08 00:00:00+07:00,25329.6328125,25406.73828125,24982.650390625,25252.525390625,25252.525390625,12884312,0.0,0.0
2025-12-09 00:00:00+07:00,25175.41796875,25175.41796875,24288.6875,24288.6875,24288.6875,26524717,0.0,0.0
2025-12-10 00:00:00+07:00,24905.544921875,25445.29296875,24365.794921875,24789.8828125,24789.8828125,31139087,0.0,0.0
2025-12-11 00:00:00+07:00,24828.4375,24866.990234375,24365.794921875,24481.455078125,24481.455078125,8730471,0.0,0.0
2025-12-12 00:00:00+07:00,24520.009765625,24597.115234375,23286.298828125,23286.298828125,23286.298828125,20215299,0.0,0.0
2025-12-15 00:00:00+07:00,23324.8515625,23440.51171875,23054.9765625,23132.083984375,23132.083984375,15311071,0.0,0.0
2025-12-16 00:00:00+07:00,23170.63671875,24751.330078125,23016.423828125,24751.330078125,24751.330078125,22117462,0.0,0.0
2025-12-17 00:00:00+07:00,24674.22265625,25098.310546875,24442.90234375,24751.330078125,24751.330078125,30287543,0.0,0.0
2025-12-18 00:00:00+07:00,32000.0,32550.0,31700.0,32100.0,32100.0,23353800,0.0,1.2969
2025-12-19 00:00:00+07:00,25600.0,26000.0,25450.0,25950.0,25950.0,21301200,0.0,0.0
2025-12-22 00:00:00+07:00,26000.0,27100.0,25750.0,27000.0,27000.0,39574300,0.0,0.0
2025-12-23 00:00:00+07:00,27000.0,28000.0,26950.0,27500.0,27500.0,32590800,0.0,0.0
2025-12-24 00:00:00+07:00,27550.0,28000.0,27400.0,27850.0,27850.0,25185800,0.0,0.0
2025-12-25 00:00:00+07:00,27550.0,28000.0,27400.0,27850.0,27850.0,25185800,0.0,0.0
2025-12-26 00:00:00+07:00,27000.0,28000.0,26800.0,27600.0,27600.0,21297400,0.0,0.0
2025-12-29 00:00:00+07:00,27700.0,27700.0,27150.0,27600.0,27600.0,14634000,0.0,0.0
2025-12-30 00:00:00+07:00,27600.0,27950.0,27000.0,27950.0,27950.0,29039500,0.0,0.0
2025-12-31 00:00:00+07:00,27800.0,29700.0,27750.0,29700.0,29700.0,43989500,0.0,0.0
2026-01-01 00:00:00+07:00,29700.0,29700.0,29700.0,29700.0,29700.0,0,0.0,0.0
2026-01-02 00:00:00+07:00,29700.0,29700.0,29700.0,29700.0,29700.0,0,0.0,0.0
2026-01-05 00:00:00+07:00,29500.0,29500.0,28000.0,28950.0,28950.0,24967900,0.0,0.0
2026-01-06 00:00:00+07:00,28800.0,29050.0,28100.0,29050.0,29050.0,14635600,0.0,0.0
2026-01-07 00:00:00+07:00,29050.0,29550.0,28350.0,29100.0,29100.0,23080000,0.0,0.0
2026-01-08 00:00:00+07:00,29150.0,29200.0,28500.0,28800.0,28800.0,17601200,0.0,0.0
2026-01-09 00:00:00+07:00,28850.0,29100.0,27500.0,27900.0,27900.0,29852300,0.0,0.0
2026-01-12 00:00:00+07:00,27700.0,28350.0,27250.0,28200.0,28200.0,23631100,0.0,0.0
2026-01-13 00:00:00+07:00,28200.0,28450.0,28000.0,28450.0,28450.0,16194800,0.0,0.0
2026-01-14 00:00:00+07:00,28500.0,28500.0,27550.0,27650.0,27650.0,21961000,0.0,0.0
2026-01-15 00:00:00+07:00,27500.0,29550.0,26800.0,29550.0,29550.0,32989100,0.0,0.0
2026-01-16 00:00:00+07:00,29500.0,29500.0,28450.0,28450.0,28450.0,15902500,0.0,0.0
2026-01-19 00:00:00+07:00,28500.0,29000.0,28200.0,28750.0,28750.0,16574300,0.0,0.0
2026-01-20 00:00:00+07:00,29000.0,29800.0,28750.0,28950.0,28950.0,19555100,0.0,0.0
2026-01-21 00:00:00+07:00,28650.0,30000.0,28300.0,29050.0,29050.0,24503900,0.0,0.0
2026-01-22 00:00:00+07:00,29100.0,29750.0,29050.0,29200.0,29200.0,18695900,0.0,0.0
2026-01-23 00:00:00+07:00,29250.0,29600.0,28650.0,29600.0,29600.0,16077900,0.0,0.0
2026-01-26 00:00:00+07:00,29400.0,29400.0,28300.0,28350.0,28350.0,11703400,0.0,0.0
2026-01-27 00:00:00+07:00,28350.0,29000.0,27800.0,29000.0,29000.0,15743500,0.0,0.0
2026-01-28 00:00:00+07:00,28500.0,28850.0,28350.0,28500.0,28500.0,24360600,0.0,0.0
2026-01-29 00:00:00+07:00,28550.0,28600.0,27800.0,27850.0,27850.0,13587000,0.0,0.0
2026-01-30 00:00:00+07:00,27900.0,28400.0,27800.0,28300.0,28300.0,15990600,0.0,0.0
2026-02-02 00:00:00+07:00,28000.0,28250.0,27250.0,27800.0,27800.0,16113700,0.0,0.0
2026-02-03 00:00:00+07:00,27900.0,28000.0,27350.0,27550.0,27550.0,20463600,0.0,0.0
2026-02-04 00:00:00+07:00,27550.0,27600.0,27200.0,27550.0,27550.0,13382500,0.0,0.0
2026-02-05 00:00:00+07:00,27550.0,27900.0,27250.0,27550.0,27550.0,17052600,0.0,0.0
2026-02-06 00:00:00+07:00,27200.0,27500.0,26500.0,26500.0,26500.0,27190700,0.0,0.0
2026-02-09 00:00:00+07:00,26750.0,26800.0,26250.0,26800.0,26800.0,13142300,0.0,0.0
2026-02-10 00:00:00+07:00,26850.0,26900.0,26000.0,26800.0,26800.0,12368700,0.0,0.0
2026-02-11 00:00:00+07:00,26750.0,27950.0,26650.0,27800.0,27800.0,29253800,0.0,0.0
2026-02-12 00:00:00+07:00,27850.0,28000.0,27650.0,27850.0,27850.0,9614300,0.0,0.0
2026-02-13 00:00:00+07:00,27750.0,28200.0,27700.0,28200.0,28200.0,14478600,0.0,0.0
2026-02-16 00:00:00+07:00,28200.0,28200.0,28200.0,28200.0,28200.0,0,0.0,0.0
2026-02-17 00:00:00+07:00,28200.0,28200.0,28200.0,28200.0,28200.0,0,0.0,0.0
2026-02-18 00:00:00+07:00,28200.0,28200.0,28200.0,28200.0,28200.0,0,0.0,0.0
2026-02-19 00:00:00+07:00,28200.0,28200.0,28200.0,28200.0,28200.0,0,0.0,0.0
2026-02-20 00:00:00+07:00,28200.0,28200.0,28200.0,28200.0,28200.0,0,0.0,0.0
2026-02-23 00:00:00+07:00,28300.0,28500.0,28050.0,28200.0,28200.0,10138800,0.0,0.0
2026-02-24 00:00:00+07:00,28100.0,28500.0,27750.0,28500.0,28500.0,22582600,0.0,0.0
2026-02-25 00:00:00+07:00,28500.0,28850.0,28200.0,28450.0,28450.0,18493700,0.0,0.0
2026-02-26 00:00:00+07:00,28500.0,28550.0,27950.0,28400.0,28400.0,14130400,0.0,0.0
2026-02-27 00:00:00+07:00,28400.0,28400.0,27950.0,27950.0,27950.0,13120700,0.0,0.0
2026-03-02 00:00:00+07:00,27300.0,27650.0,26950.0,26950.0,26950.0,23024400,0.0,0.0
2026-03-03 00:00:00+07:00,27300.0,27650.0,26950.0,26950.0,26950.0,23024400,0.0,0.0
2026-03-04 00:00:00+07:00,26400.0,26600.0,25700.0,26350.0,26350.0,17900500,0.0,0.0
2026-03-05 00:00:00+07:00,26500.0,26600.0,25950.0,25950.0,25950.0,18266100,0.0,0.0
2026-03-06 00:00:00+07:00,25900.0,26200.0,25600.0,25900.0,25900.0,11697700,0.0,0.0
2026-03-09 00:00:00+07:00,24100.0,25500.0,24100.0,24100.0,24100.0,28176000,0.0,0.0
2026-03-10 00:00:00+07:00,25000.0,25750.0,24600.0,25150.0,25150.0,24488200,0.0,0.0
2026-03-11 00:00:00+07:00,25150.0,26000.0,24950.0,25750.0,25750.0,14822800,0.0,0.0
2026-03-12 00:00:00+07:00,25300.0,25750.0,25100.0,25700.0,25700.0,11637800,0.0,0.0
2026-03-13 00:00:00+07:00,25300.0,25750.0,25200.0,25600.0,25600.0,8896300,0.0,0.0
2026-03-16 00:00:00+07:00,25500.0,25650.0,25200.0,25600.0,25600.0,6905100,0.0,0.0
2026-03-17 00:00:00+07:00,25700.0,26200.0,25650.0,25700.0,25700.0,11718400,0.0,0.0
2026-03-18 00:00:00+07:00,25700.0,26000.0,25250.0,25700.0,25700.0,9744800,0.0,0.0
2026-03-19 00:00:00+07:00,25500.0,25700.0,25250.0,25650.0,25650.0,13069900,0.0,0.0
2026-03-20 00:00:00+07:00,25500.0,25500.0,24900.0,25000.0,25000.0,12201400,0.0,0.0
2026-03-23 00:00:00+07:00,24750.0,24750.0,23800.0,24300.0,24300.0,24481200,0.0,0.0
2026-03-24 00:00:00+07:00,24500.0,24900.0,24250.0,24300.0,24300.0,13461800,0.0,0.0
2026-03-25 00:00:00+07:00,24500.0,25000.0,24500.0,24900.0,24900.0,11108800,0.0,0.0
2026-03-26 00:00:00+07:00,24950.0,25000.0,24500.0,24550.0,24550.0,9142400,0.0,0.0
2026-03-27 00:00:00+07:00,24600.0,25350.0,24550.0,25300.0,25300.0,14613100,0.0,0.0
2026-03-30 00:00:00+07:00,24800.0,25300.0,24550.0,25200.0,25200.0,14532900,0.0,0.0
2026-03-31 00:00:00+07:00,25100.0,25500.0,25000.0,25450.0,25450.0,17460200,0.0,0.0
2026-04-01 00:00:00+07:00,25800.0,26000.0,25600.0,25600.0,25600.0,13765700,0.0,0.0
2026-04-02 00:00:00+07:00,25600.0,25650.0,25250.0,25600.0,25600.0,13794100,0.0,0.0
2026-04-03 00:00:00+07:00,25650.0,25700.0,25150.0,25600.0,25600.0,13990500,0.0,0.0
2026-04-06 00:00:00+07:00,25500.0,25700.0,25250.0,25600.0,25600.0,13406100,0.0,0.0
2026-04-07 00:00:00+07:00,25550.0,25550.0,25050.0,25100.0,25100.0,14276900,0.0,0.0
2026-04-08 00:00:00+07:00,25700.0,26500.0,25550.0,26350.0,26350.0,23664600,0.0,0.0
2026-04-09 00:00:00+07:00,26250.0,26250.0,25900.0,26050.0,26050.0,9923000,0.0,0.0
2026-04-10 00:00:00+07:00,26350.0,26700.0,26150.0,26150.0,26150.0,10812000,0.0,0.0
2026-04-13 00:00:00+07:00,26000.0,26150.0,25750.0,25900.0,25900.0,9426200,0.0,0.0
2026-04-14 00:00:00+07:00,26150.0,26450.0,26050.0,26100.0,26100.0,11232700,0.0,0.0
2026-04-15 00:00:00+07:00,26400.0,26500.0,26150.0,26350.0,26350.0,11295700,0.0,0.0
2026-04-16 00:00:00+07:00,26350.0,26400.0,26100.0,26100.0,26100.0,7878000,0.0,0.0
2026-04-17 00:00:00+07:00,26300.0,26500.0,26050.0,26200.0,26200.0,12053200,0.0,0.0
2026-04-20 00:00:00+07:00,26200.0,26950.0,26200.0,26900.0,26900.0,19167600,0.0,0.0
2026-04-21 00:00:00+07:00,27000.0,27100.0,26650.0,26700.0,26700.0,9480200,0.0,0.0
2026-04-22 00:00:00+07:00,26600.0,26700.0,26250.0,26550.0,26550.0,11107400,0.0,0.0
2026-04-23 00:00:00+07:00,26500.0,26950.0,26350.0,26600.0,26600.0,10532500,0.0,0.0
2026-04-24 00:00:00+07:00,26650.0,27000.0,26500.0,26900.0,26900.0,14997400,0.0,0.0
2026-04-27 00:00:00+07:00,26900.0,26900.0,26900.0,26900.0,26900.0,0,0.0,0.0
2026-04-28 00:00:00+07:00,26700.0,26950.0,26600.0,26600.0,26600.0,7827300,0.0,0.0
2026-04-29 00:00:00+07:00,26550.0,26600.0,26200.0,26600.0,26600.0,10196800,0.0,0.0
2026-04-30 00:00:00+07:00,26600.0,26600.0,26600.0,26600.0,26600.0,0,0.0,0.0
2026-05-01 00:00:00+07:00,26600.0,26600.0,26600.0,26600.0,26600.0,0,0.0,0.0
2026-05-04 00:00:00+07:00,26600.0,26750.0,26450.0,26500.0,26500.0,6985200,0.0,0.0
2026-05-05 00:00:00+07:00,26400.0,26500.0,26000.0,26400.0,26400.0,10206900,0.0,0.0
2026-05-06 00:00:00+07:00,26450.0,26750.0,26350.0,26600.0,26600.0,13555700,0.0,0.0
2026-05-07 00:00:00+07:00,26650.0,27800.0,26650.0,27500.0,27500.0,29836500,0.0,0.0
2026-05-08 00:00:00+07:00,27500.0,27600.0,27250.0,27350.0,27350.0,10899600,0.0,0.0
2026-05-11 00:00:00+07:00,27350.0,27500.0,26900.0,26900.0,26900.0,11526600,0.0,0.0
2026-05-12 00:00:00+07:00,26900.0,27450.0,26800.0,27350.0,27350.0,12280300,0.0,0.0
2026-05-13 00:00:00+07:00,27400.0,27800.0,27250.0,27700.0,27700.0,16286000,0.0,0.0
2026-05-14 00:00:00+07:00,27750.0,28100.0,27600.0,27800.0,27800.0,13977800,0.0,0.0
2026-05-15 00:00:00+07:00,27850.0,28100.0,27500.0,27550.0,27550.0,13065500,0.0,0.0
2026-05-18 00:00:00+07:00,27350.0,27550.0,27150.0,27450.0,27450.0,10510600,0.0,0.0
2026-05-19 00:00:00+07:00,27500.0,27500.0,26650.0,26700.0,26700.0,14045500,0.0,0.0
2026-05-20 00:00:00+07:00,26450.0,26500.0,25150.0,25800.0,25800.0,19024500,0.0,0.0
2026-05-21 00:00:00+07:00,26000.0,26250.0,25750.0,25850.0,25850.0,10622300,0.0,0.0
2026-05-22 00:00:00+07:00,25850.0,25900.0,25600.0,25850.0,25850.0,7651700,0.0,0.0
2026-05-25 00:00:00+07:00,25900.0,26600.0,25900.0,26400.0,26400.0,12112000,0.0,0.0
2026-05-26 00:00:00+07:00,26400.0,26650.0,26250.0,26500.0,26500.0,8573600,0.0,0.0
2026-05-27 00:00:00+07:00,26600.0,26700.0,26250.0,26700.0,26700.0,10431600,0.0,0.0
2026-05-28 00:00:00+07:00,26750.0,27000.0,25850.0,25850.0,25850.0,15591700,0.0,0.0
2026-05-29 00:00:00+07:00,25850.0,26000.0,25550.0,25900.0,25900.0,14130900,0.0,0.0
2026-06-01 00:00:00+07:00,25850.0,25850.0,25650.0,25750.0,25750.0,6492100,0.0,0.0
2026-06-02 00:00:00+07:00,25750.0,25750.0,24900.0,24900.0,24900.0,14726000,0.0,0.0
2026-06-03 00:00:00+07:00,24900.0,25600.0,24800.0,25200.0,25200.0,10671100,0.0,0.0
2026-06-04 00:00:00+07:00,25300.0,25500.0,25000.0,25450.0,25450.0,6622800,0.0,0.0
2026-06-05 00:00:00+07:00,25500.0,25550.0,25250.0,25500.0,25500.0,6811600,0.0,0.0
2026-06-08 00:00:00+07:00,25250.0,25250.0,24950.0,25100.0,25100.0,6508900,0.0,0.0
2026-06-09 00:00:00+07:00,25200.0,25300.0,25100.0,25100.0,25100.0,6205100,0.0,0.0
2026-06-10 00:00:00+07:00,25200.0,25450.0,25100.0,25300.0,25300.0,7331700,0.0,0.0
2026-06-11 00:00:00+07:00,25250.0,25350.0,25050.0,25100.0,25100.0,4989700,0.0,0.0
2026-06-12 00:00:00+07:00,25350.0,25400.0,25000.0,25200.0,25200.0,8151600,0.0,0.0
2026-06-15 00:00:00+07:00,25400.0,25400.0,25100.0,25200.0,25200.0,8187000,0.0,0.0
2026-06-16 00:00:00+07:00,25350.0,25350.0,25100.0,25250.0,25250.0,9770800,0.0,0.0
2026-06-17 00:00:00+07:00,25250.0,25400.0,25000.0,25250.0,25250.0,9778100,0.0,0.0
2026-06-18 00:00:00+07:00,25300.0,25400.0,25100.0,25150.0,25150.0,6607400,0.0,0.0
2026-06-19 00:00:00+07:00,25150.0,25200.0,24950.0,25150.0,25150.0,8990000,0.0,0.0
2026-06-22 00:00:00+07:00,25100.0,25300.0,25000.0,25250.0,25250.0,6448700,0.0,0.0
2026-06-23 00:00:00+07:00,25300.0,26100.0,25200.0,25650.0,25650.0,18110700,0.0,0.0
2026-06-24 00:00:00+07:00,25650.0,25750.0,25400.0,25700.0,25700.0,8182000,0.0,0.0
2026-06-25 00:00:00+07:00,25700.0,26000.0,25600.0,25600.0,25600.0,9201800,0.0,0.0
2026-06-26 00:00:00+07:00,25550.0,25650.0,25250.0,25400.0,25400.0,7697500,0.0,0.0
2026-06-29 00:00:00+07:00,25400.0,25800.0,25400.0,25800.0,25800.0,8446300,0.0,0.0
2026-06-30 00:00:00+07:00,25900.0,26000.0,25800.0,25850.0,25850.0,9491800,0.0,0.0
2026-07-01 00:00:00+07:00,25900.0,26000.0,25800.0,25850.0,25850.0,9491800,0.0,0.0
2026-07-02 00:00:00+07:00,26650.0,26700.0,26450.0,26600.0,26600.0,7855100,0.0,0.0
2026-07-03 00:00:00+07:00,26700.0,26950.0,26500.0,26950.0,26950.0,16241300,0.0,0.0
2026-07-06 00:00:00+07:00,26900.0,27400.0,26750.0,27200.0,27200.0,17386600,0.0,0.0
2026-07-07 00:00:00+07:00,27100.0,27800.0,27100.0,27700.0,27700.0,18795400,0.0,0.0
2026-07-08 00:00:00+07:00,27700.0,27750.0,27400.0,27550.0,27550.0,7623800,0.0,0.0
2026-07-09 00:00:00+07:00,27400.0,27500.0,27150.0,27300.0,27300.0,7072900,0.0,0.0
2026-07-10 00:00:00+07:00,27100.0,27450.0,27000.0,27000.0,27000.0,11150500,0.0,0.0
2026-07-13 00:00:00+07:00,26800.0,26850.0,26000.0,26700.0,26700.0,15616400,0.0,0.0
2026-07-14 00:00:00+07:00,26550.0,26800.0,26250.0,26800.0,26800.0,9627000,0.0,0.0
2026-07-15 00:00:00+07:00,27000.0,27000.0,26250.0,26350.0,26350.0,8384000,0.0,0.0
2026-07-16 00:00:00+07:00,26300.0,27150.0,26050.0,27150.0,27150.0,13607200,0.0,0.0
2026-07-17 00:00:00+07:00,27100.0,27400.0,26850.0,27250.0,27250.0,9883200,0.0,0.0
2026-07-20 00:00:00+07:00,27150.0,27250.0,26500.0,26850.0,26850.0,15270800,0.0,0.0
2026-07-21 00:00:00+07:00,26850.0,27000.0,26600.0,26950.0,26950.0,11346700,0.0,0.0
2026-07-22 00:00:00+07:00,27000.0,27100.0,25400.0,25800.0,25800.0,20862800,0.0,0.0
2026-07-23 00:00:00+07:00,25800.0,25950.0,25150.0,25950.0,25950.0,11625200,0.0,0.0
2026-07-24 00:00:00+07:00,25750.0,25850.0,25450.0,25850.0,25850.0,7790800,0.0,0.0
2026-07-27 00:00:00+07:00,25800.0,26000.0,25300.0,25300.0,25300.0,8996000,0.0,0.0
2026-07-28 00:00:00+07:00,25150.0,25300.0,24450.0,25100.0,25100.0,11492300,0.0,0.0
2026-07-29 00:00:00+07:00,25050.0,25550.0,24500.0,25500.0,25500.0,12884000,0.0,0.0
2026-07-30 00:00:00+07:00,25400.0,25900.0,25150.0,25700.0,25700.0,8988900,0.0,0.0
2026-07-31 00:00:00+07:00,25700.0,25800.0,25200.0,25200.0,25200.0,8862700,0.0,0.0
2026-08-03 00:00:00+07:00,25300.0,26000.0,25250.0,26000.0,26000.0,7651800,0.0,0.0
2026-08-04 00:00:00+07:00,26100.0,26750.0,25900.0,26700.0,26700.0,11276100,0.0,0.0
2026-08-05 00:00:00+07:00,26750.0,26750.0,26200.0,26550.0,26550.0,9378200,0.0,0.0
2026-08-06 00:00:00+07:00,26550.0,26650.0,26250.0,26550.0,26550.0,7703200,0.0,0.0
2026-08-07 00:00:00+07:00,26500.0,26900.0,26300.0,26550.0,26550.0,9863000,0.0,0.0
2026-08-10 00:00:00+07:00,26650.0,27000.0,26350.0,26950.0,26950.0,10622700,0.0,0.0
2026-08-11 00:00:00+07:00,26950.0,27100.0,26800.0,26900.0,26900.0,8298300,0.0,0.0
2026-08-12 00:00:00+07:00,26900.0,27400.0,26650.0,27200.0,27200.0,12857900,0.0,0.0
2026-08-13 00:00:00+07:00,27300.0,27600.0,26700.0,26700.0,26700.0,10389500,0.0,0.0
2026-08-14 00:00:00+07:00,26750.0,26900.0,26200.0,26450.0,26450.0,8262000,0.0,0.0
2026-08-17 00:00:00+07:00,26400.0,27000.0,26200.0,26850.0,26850.0,7343800,0.0,0.0
2026-08-18 00:00:00+07:00,26850.0,27200.0,26600.0,26950.0,26950.0,8433500,0.0,0.0
2026-08-19 00:00:00+07:00,27000.0,27000.0,26400.0,26700.0,26700.0,7068400,0.0,0.0
2026-08-20 00:00:00+07:00,26800.0,27000.0,26700.0,26850.0,26850.0,8925400,0.0,0.0
2026-08-21 00:00:00+07:00,26900.0,27300.0,26550.0,27300.0,27300.0,13429400,0.0,0.0
2026-08-24 00:00:00+07:00,27650.0,28000.0,27350.0,27400.0,27400.0,14298600,0.0,0.0
2026-08-25 00:00:00+07:00,27400.0,27500.0,27000.0,27000.0,27000.0,11433300,0.0,0.0
2026-08-26 00:00:00+07:00,27000.0,27800.0,26850.0,27750.0,27750.0,13487600,0.0,0.0
2026-08-27 00:00:00+07:00,27850.0,28050.0,27600.0,27800.0,27800.0,11713600,0.0,0.0
2026-08-28 00:00:00+07:00,27850.0,27850.0,27500.0,27800.0,27800.0,8500100,0.0,0.0
2026-08-31 00:00:00+07:00,27800.0,27800.0,27800.0,27800.0,27800.0,0,0.0,0.0
