Date,Open,High,Low,Close,Adj Close,Volume,Dividends,Stock Splits
2020-11-09 00:00:00+07:00,5475.6494140625,5606.02197265625,5345.27685546875,5367.005859375,4729.36328125,26703538,0.0,0.0
2020-11-10 00:00:00+07:00,5432.19189453125,5432.19189453125,5149.71826171875,5171.44677734375,4557.03759765625,25560192,0.0,0.0
2020-11-11 00:00:00+07:00,5171.44677734375,5193.17578125,5019.34521484375,5106.2607421875,4499.59619140625,17520666,0.0,0.0
2020-11-12 00:00:00+07:00,5062.80322265625,5106.2607421875,5019.34521484375,5041.07421875,4442.15478515625,16493709,0.0,0.0
2020-11-13 00:00:00+07:00,5041.07421875,5301.8193359375,5041.07421875,5280.0908203125,4652.7744140625,16203311,0.0,0.0
2020-11-16 00:00:00+07:00,5323.54833984375,5345.27685546875,5149.71826171875,5149.71826171875,4537.89111328125,17044477,0.0,0.0
2020-11-17 00:00:00+07:00,5193.17578125,5214.904296875,5149.71826171875,5171.44677734375,4557.03759765625,9934111,0.0,0.0
2020-11-18 00:00:00+07:00,5171.44677734375,5193.17578125,5127.9892578125,5193.17578125,4576.18505859375,12753852,0.0,0.0
2020-11-19 00:00:00+07:00,5193.17578125,5258.36181640625,5171.44677734375,5193.17578125,4576.18505859375,12567233,0.0,0.0
2020-11-20 00:00:00+07:00,5214.904296875,5345.27685546875,5171.44677734375,5301.8193359375,4671.92138671875,14836137,0.0,0.0
2020-11-23 00:00:00+07:00,5301.8193359375,5301.8193359375,5236.63330078125,5258.36181640625,4633.62646484375,10385471,0.0,0.0
2020-11-24 00:00:00+07:00,5301.8193359375,5323.54833984375,5214.904296875,5258.36181640625,4633.62646484375,15100994,0.0,0.0
2020-11-25 00:00:00+07:00,5323.54833984375,5345.27685546875,5258.36181640625,5345.27685546875,4710.21533203125,18902935,0.0,0.0
2020-11-26 00:00:00+07:00,5345.27685546875,5345.27685546875,5280.0908203125,5323.54833984375,4691.068359375,8899492,0.0,0.0
2020-11-27 00:00:00+07:00,5345.27685546875,5345.27685546875,5280.0908203125,5323.54833984375,4691.068359375,17804115,0.0,0.0
2020-11-30 00:00:00+07:00,5323.54833984375,5475.6494140625,5301.8193359375,5410.46337890625,4767.6572265625,30530860,0.0,0.0
2020-12-01 00:00:00+07:00,5345.27685546875,5475.6494140625,5323.54833984375,5475.6494140625,4825.0986328125,23855586,0.0,0.0
2020-12-02 00:00:00+07:00,5562.564453125,5606.02197265625,5519.10693359375,5519.10693359375,4863.3935546875,31430750,0.0,0.0
2020-12-03 00:00:00+07:00,6257.45068359375,6362.61767578125,6204.8671875,6231.15869140625,5490.84765625,25181150,0.0,1.21
2020-12-04 00:00:00+07:00,6204.8671875,6231.15869140625,6099.69970703125,6125.99169921875,5398.17529296875,16130175,0.0,0.0
2020-12-07 00:00:00+07:00,6125.99169921875,6152.283203125,6073.408203125,6152.283203125,5421.34326171875,14585055,0.0,0.0
2020-12-08 00:00:00+07:00,6152.283203125,6178.5751953125,6099.69970703125,6125.99169921875,5398.17529296875,12699601,0.0,0.0
2020-12-09 00:00:00+07:00,6125.99169921875,6283.74267578125,6125.99169921875,6231.15869140625,5490.84765625,19252212,0.0,0.0
2020-12-10 00:00:00+07:00,6257.45068359375,6257.45068359375,6125.99169921875,6152.283203125,5421.34326171875,17612195,0.0,0.0
2020-12-11 00:00:00+07:00,6152.283203125,6204.8671875,6099.69970703125,6204.8671875,5467.6796875,9389368,0.0,0.0
2020-12-14 00:00:00+07:00,6231.15869140625,6283.74267578125,6178.5751953125,6231.15869140625,5490.84765625,16888681,0.0,0.0
2020-12-15 00:00:00+07:00,6204.8671875,6231.15869140625,6152.283203125,6152.283203125,5421.34326171875,15036869,0.0,0.0
2020-12-16 00:00:00+07:00,6178.5751953125,6415.20166015625,6152.283203125,6336.326171875,5583.5205078125,35341196,0.0,0.0
2020-12-17 00:00:00+07:00,6362.61767578125,6362.61767578125,6257.45068359375,6283.74267578125,5537.18408203125,13196295,0.0,0.0
2020-12-18 00:00:00+07:00,6310.0341796875,6336.326171875,6257.45068359375,6336.326171875,5583.5205078125,16396456,0.0,0.0
2020-12-21 00:00:00+07:00,6362.61767578125,6520.36865234375,6336.326171875,6494.0771484375,5722.529296875,25624101,0.0,0.0
2020-12-22 00:00:00+07:00,6494.0771484375,6835.87060546875,6441.4931640625,6783.28662109375,5977.3779296875,27803525,0.0,0.0
2020-12-23 00:00:00+07:00,6835.87060546875,6835.87060546875,6572.9521484375,6625.5361328125,5838.36962890625,16648074,0.0,0.0
2020-12-24 00:00:00+07:00,6651.82763671875,6678.11962890625,6231.15869140625,6467.78515625,5699.36083984375,20058052,0.0,0.0
2020-12-25 00:00:00+07:00,6388.90966796875,6572.9521484375,6336.326171875,6520.36865234375,5745.69677734375,18244807,0.0,0.0
2020-12-28 00:00:00+07:00,6678.11962890625,6678.11962890625,6467.78515625,6520.36865234375,5745.69677734375,14528497,0.0,0.0
2020-12-29 00:00:00+07:00,6494.0771484375,6572.9521484375,6467.78515625,6494.0771484375,5722.529296875,12124041,0.0,0.0
2020-12-30 00:00:00+07:00,6494.0771484375,6572.9521484375,6467.78515625,6494.0771484375,5722.529296875,10687244,0.0,0.0
2020-12-31 00:00:00+07:00,6494.0771484375,6572.9521484375,6467.78515625,6520.36865234375,5745.69677734375,12164929,0.0,0.0
2021-01-01 00:00:00+07:00,6520.36865234375,6520.36865234375,6520.36865234375,6520.36865234375,5745.69677734375,0,0.0,0.0
2021-01-04 00:00:00+07:00,6599.244140625,6678.11962890625,6572.9521484375,6651.82763671875,5861.53759765625,1676320,0.0,0.0
2021-01-05 00:00:00+07:00,6625.5361328125,7098.78857421875,6599.244140625,7098.78857421875,6255.396484375,4630586,0.0,0.0
2021-01-06 00:00:00+07:00,7361.70654296875,7466.8740234375,7177.6640625,7361.70654296875,6487.07763671875,3165396,0.0,0.0
2021-01-07 00:00:00+07:00,7361.70654296875,7387.99853515625,7151.3720703125,7309.123046875,6440.7412109375,1758342,0.0,0.0
2021-01-08 00:00:00+07:00,7309.123046875,7493.16552734375,7230.24755859375,7387.99853515625,6510.24560546875,3723612,0.0,0.0
2021-01-11 00:00:00+07:00,7414.29052734375,7466.8740234375,7203.95556640625,7309.123046875,6440.7412109375,4458841,0.0,0.0
2021-01-12 00:00:00+07:00,7256.53955078125,7282.8310546875,7125.08056640625,7203.95556640625,6348.068359375,2476341,0.0,0.0
2021-01-13 00:00:00+07:00,7230.24755859375,7440.58203125,7230.24755859375,7309.123046875,6440.7412109375,2709874,0.0,0.0
2021-01-14 00:00:00+07:00,7361.70654296875,7572.041015625,7282.8310546875,7572.041015625,6672.42236328125,2845905,0.0,0.0
2021-01-15 00:00:00+07:00,7624.625,7966.41845703125,7624.625,7861.2509765625,6927.27197265625,3143621,0.0,0.0
2021-01-18 00:00:00+07:00,7940.12646484375,7992.7099609375,7756.083984375,7756.083984375,6834.599609375,2514870,0.0,0.0
2021-01-19 00:00:00+07:00,7677.20849609375,7729.7919921875,7230.24755859375,7256.53955078125,6394.4052734375,3395239,0.0,0.0
2021-01-20 00:00:00+07:00,7256.53955078125,7335.4150390625,6756.9951171875,7256.53955078125,6394.4052734375,2856079,0.0,0.0
2021-01-21 00:00:00+07:00,7493.16552734375,7493.16552734375,7282.8310546875,7466.8740234375,6579.75,1703496,0.0,0.0
2021-01-22 00:00:00+07:00,7493.16552734375,7598.3330078125,7440.58203125,7545.74951171875,6649.25439453125,2907806,0.0,0.0
2021-01-25 00:00:00+07:00,7519.45751953125,7598.3330078125,7440.58203125,7519.45751953125,6626.08642578125,1820795,0.0,0.0
2021-01-26 00:00:00+07:00,7466.8740234375,7466.8740234375,7098.78857421875,7282.8310546875,6417.5732421875,1925827,0.0,0.0
2021-01-27 00:00:00+07:00,7256.53955078125,7387.99853515625,7046.205078125,7098.78857421875,6255.396484375,1862975,0.0,0.0
2021-01-28 00:00:00+07:00,6625.5361328125,6809.57861328125,6625.5361328125,6625.5361328125,5838.36962890625,2421381,0.0,0.0
2021-01-29 00:00:00+07:00,6204.8671875,6914.74609375,6204.8671875,6651.82763671875,5861.53759765625,2108318,0.0,0.0
2021-02-01 00:00:00+07:00,6546.66064453125,6704.41162109375,6283.74267578125,6310.0341796875,5560.35205078125,1578077,0.0,0.0
2021-02-02 00:00:00+07:00,6204.8671875,6572.9521484375,6099.69970703125,6520.36865234375,5745.69677734375,1495922,0.0,0.0
2021-02-03 00:00:00+07:00,6678.11962890625,6967.32958984375,6520.36865234375,6967.32958984375,6139.55517578125,1765873,0.0,0.0
2021-02-04 00:00:00+07:00,6967.32958984375,7098.78857421875,6862.162109375,7019.9130859375,6185.89208984375,1171106,0.0,0.0
2021-02-05 00:00:00+07:00,6993.62109375,7361.70654296875,6993.62109375,7361.70654296875,6487.07763671875,1663769,0.0,0.0
2021-02-08 00:00:00+07:00,7361.70654296875,7834.95947265625,7361.70654296875,7440.58203125,6556.58203125,3397008,0.0,0.0
2021-02-09 00:00:00+07:00,7440.58203125,7440.58203125,7440.58203125,7440.58203125,6556.58203125,0,0.0,0.0
2021-02-10 00:00:00+07:00,7440.58203125,7440.58203125,7440.58203125,7440.58203125,6556.58203125,0,0.0,0.0
2021-02-11 00:00:00+07:00,7440.58203125,7440.58203125,7440.58203125,7440.58203125,6556.58203125,0,0.0,0.0
2021-02-12 00:00:00+07:00,7440.58203125,7440.58203125,7440.58203125,7440.58203125,6556.58203125,0,0.0,0.0
2021-02-15 00:00:00+07:00,7440.58203125,7440.58203125,7440.58203125,7440.58203125,6556.58203125,0,0.0,0.0
2021-02-16 00:00:00+07:00,7440.58203125,7440.58203125,7440.58203125,7440.58203125,6556.58203125,0,0.0,0.0
2021-02-17 00:00:00+07:00,7834.95947265625,7992.7099609375,7729.7919921875,7808.66748046875,6880.935546875,2267835,0.0,0.0
2021-02-18 00:00:00+07:00,7808.66748046875,7861.2509765625,7677.20849609375,7703.5,6788.26318359375,1588688,0.0,0.0
2021-02-19 00:00:00+07:00,7624.625,7940.12646484375,7598.3330078125,7729.7919921875,6811.43115234375,2407099,0.0,0.0
2021-02-22 00:00:00+07:00,7756.083984375,7834.95947265625,7650.91650390625,7729.7919921875,6811.43115234375,2940649,0.0,0.0
2021-02-23 00:00:00+07:00,7729.7919921875,7756.083984375,7598.3330078125,7677.20849609375,6765.09521484375,2814222,0.0,0.0
2021-02-24 00:00:00+07:00,7677.20849609375,7677.20849609375,7677.20849609375,7677.20849609375,6765.09521484375,0,0.0,0.0
2021-02-25 00:00:00+07:00,7677.20849609375,7677.20849609375,7677.20849609375,7677.20849609375,6765.09521484375,0,0.0,0.0
2021-02-26 00:00:00+07:00,7572.041015625,7782.37548828125,7519.45751953125,7729.7919921875,6811.43115234375,1771521,0.0,0.0
2021-03-01 00:00:00+07:00,7834.95947265625,8255.6279296875,7834.95947265625,8255.6279296875,7274.7939453125,6926358,0.0,0.0
2021-03-02 00:00:00+07:00,8518.5458984375,8623.7138671875,8281.919921875,8465.962890625,7460.1396484375,2598718,0.0,0.0
2021-03-03 00:00:00+07:00,8413.37890625,8518.5458984375,8334.50390625,8387.0869140625,7390.634765625,1728180,0.0,0.0
2021-03-04 00:00:00+07:00,8387.0869140625,8465.962890625,7940.12646484375,8150.4609375,7182.12109375,3237281,0.0,0.0
2021-03-05 00:00:00+07:00,8019.001953125,8360.7958984375,7966.41845703125,8281.919921875,7297.96240234375,2106663,0.0,0.0
2021-03-08 00:00:00+07:00,8413.37890625,8413.37890625,8203.044921875,8255.6279296875,7274.7939453125,1549265,0.0,0.0
2021-03-09 00:00:00+07:00,8150.4609375,8387.0869140625,8071.58544921875,8255.6279296875,7274.7939453125,1697372,0.0,0.0
2021-03-10 00:00:00+07:00,8255.6279296875,8544.837890625,8229.3359375,8387.0869140625,7390.634765625,2371479,0.0,0.0
2021-03-11 00:00:00+07:00,8439.6708984375,8518.5458984375,8360.7958984375,8439.6708984375,7436.97119140625,1538920,0.0,0.0
2021-03-12 00:00:00+07:00,8465.962890625,8728.880859375,8439.6708984375,8676.296875,7645.48388671875,3765773,0.0,0.0
2021-03-15 00:00:00+07:00,8676.296875,8702.5888671875,8544.837890625,8597.421875,7575.97998046875,1501285,0.0,0.0
2021-03-16 00:00:00+07:00,8597.421875,8623.7138671875,8387.0869140625,8492.2548828125,7483.3076171875,1754367,0.0,0.0
2021-03-17 00:00:00+07:00,8492.2548828125,8597.421875,8439.6708984375,8544.837890625,7529.6435546875,1607249,0.0,0.0
2021-03-18 00:00:00+07:00,8676.296875,8676.296875,8544.837890625,8571.1298828125,7552.8115234375,1533899,0.0,0.0
2021-03-19 00:00:00+07:00,8518.5458984375,8650.0048828125,8518.5458984375,8571.1298828125,7552.8115234375,1017389,0.0,0.0
2021-03-22 00:00:00+07:00,8623.7138671875,8886.6318359375,8544.837890625,8571.1298828125,7552.8115234375,2608873,0.0,0.0
2021-03-23 00:00:00+07:00,8597.421875,8676.296875,8518.5458984375,8544.837890625,7529.6435546875,2285711,0.0,0.0
2021-03-24 00:00:00+07:00,8413.37890625,8571.1298828125,8387.0869140625,8413.37890625,7413.802734375,1758380,0.0,0.0
2021-03-25 00:00:00+07:00,8465.962890625,8518.5458984375,8334.50390625,8387.0869140625,7390.634765625,1801682,0.0,0.0
2021-03-26 00:00:00+07:00,8360.7958984375,8387.0869140625,7887.54296875,8281.919921875,7297.96240234375,1765759,0.0,0.0
2021-03-29 00:00:00+07:00,8387.0869140625,8623.7138671875,8334.50390625,8623.7138671875,7599.1484375,2385666,0.0,0.0
2021-03-30 00:00:00+07:00,8676.296875,9096.9658203125,8597.421875,9096.9658203125,8016.17431640625,3996035,0.0,0.0
2021-03-31 00:00:00+07:00,9149.5498046875,9254.716796875,8939.21484375,9123.2578125,8039.34228515625,2115069,0.0,0.0
2021-04-01 00:00:00+07:00,9123.2578125,9202.1337890625,9070.673828125,9149.5498046875,8062.51025390625,1151803,0.0,0.0
2021-04-02 00:00:00+07:00,9149.5498046875,9359.8837890625,9149.5498046875,9254.716796875,8155.18310546875,2535219,0.0,0.0
2021-04-05 00:00:00+07:00,9281.0087890625,9412.4677734375,9123.2578125,9281.0087890625,8178.35107421875,2125604,0.0,0.0
2021-04-06 00:00:00+07:00,9281.0087890625,9307.30078125,9175.841796875,9175.841796875,8085.67919921875,1871913,0.0,0.0
2021-04-07 00:00:00+07:00,9228.4248046875,9228.4248046875,9096.9658203125,9175.841796875,8085.67919921875,1700662,0.0,0.0
2021-04-08 00:00:00+07:00,9202.1337890625,9254.716796875,9096.9658203125,9202.1337890625,8108.84716796875,1980826,0.0,0.0
2021-04-09 00:00:00+07:00,9202.1337890625,9675.3857421875,9149.5498046875,9543.9267578125,8410.033203125,3514573,0.0,0.0
2021-04-12 00:00:00+07:00,9596.5107421875,9938.3037109375,9570.21875,9912.01171875,8734.3857421875,2544100,0.0,0.0
2021-04-13 00:00:00+07:00,10017.1796875,10043.4716796875,9622.802734375,9675.3857421875,8525.873046875,2384563,0.0,0.0
2021-04-14 00:00:00+07:00,9491.3427734375,9780.552734375,9359.8837890625,9701.677734375,8549.0419921875,3218511,0.0,0.0
2021-04-15 00:00:00+07:00,9727.9697265625,9885.720703125,9675.3857421875,9754.26171875,8595.3779296875,2552924,0.0,0.0
2021-04-16 00:00:00+07:00,9806.8447265625,10253.8056640625,9754.26171875,9964.595703125,8780.72265625,4122291,0.0,0.0
2021-04-19 00:00:00+07:00,10096.0546875,10253.8056640625,9964.595703125,10201.2216796875,8989.2353515625,2594115,0.0,0.0
2021-04-20 00:00:00+07:00,10411.556640625,10595.599609375,10306.3896484375,10437.8486328125,9197.7490234375,4234816,0.0,0.0
2021-04-21 00:00:00+07:00,10437.8486328125,10437.8486328125,10437.8486328125,10437.8486328125,9197.7490234375,0,0.0,0.0
2021-04-22 00:00:00+07:00,10358.97265625,10595.599609375,9885.720703125,9885.720703125,8711.21875,2598565,0.0,0.0
2021-04-23 00:00:00+07:00,9990.8876953125,10569.3076171875,9885.720703125,10569.3076171875,9313.58984375,4020168,0.0,0.0
2021-04-26 00:00:00+07:00,10779.6416015625,11147.7275390625,10569.3076171875,10884.8095703125,9591.607421875,3005099,0.0,0.0
2021-04-27 00:00:00+07:00,10884.8095703125,11016.2685546875,10727.05859375,10805.93359375,9522.1025390625,2154092,0.0,0.0
2021-04-28 00:00:00+07:00,10727.05859375,10911.1005859375,10516.7236328125,10753.349609375,9475.765625,2235753,0.0,0.0
2021-04-29 00:00:00+07:00,10911.1005859375,11305.478515625,10884.8095703125,11305.478515625,9962.2978515625,4528862,0.0,0.0
2021-04-30 00:00:00+07:00,11305.478515625,11305.478515625,11305.478515625,11305.478515625,9962.2978515625,0,0.0,0.0
2021-05-03 00:00:00+07:00,11305.478515625,11305.478515625,11305.478515625,11305.478515625,9962.2978515625,0,0.0,0.0
2021-05-04 00:00:00+07:00,10937.392578125,11305.478515625,10884.8095703125,11305.478515625,9962.2978515625,2617887,0.0,0.0
2021-05-05 00:00:00+07:00,11252.89453125,11515.8125,11121.435546875,11200.310546875,9869.6240234375,3651517,0.0,0.0
2021-05-06 00:00:00+07:00,11200.310546875,11226.6025390625,10911.1005859375,10937.392578125,9637.943359375,3271893,0.0,0.0
2021-05-07 00:00:00+07:00,10937.392578125,11463.228515625,10779.6416015625,11358.0615234375,10008.6328125,3728765,0.0,0.0
2021-05-10 00:00:00+07:00,11358.0615234375,11620.9794921875,11358.0615234375,11463.228515625,10101.306640625,3111139,0.0,0.0
2021-05-11 00:00:00+07:00,11594.6884765625,11673.5634765625,11384.353515625,11384.353515625,10031.8017578125,3965360,0.0,0.0
2021-05-12 00:00:00+07:00,11279.1865234375,11673.5634765625,11200.310546875,11673.5634765625,10286.6513671875,3038607,0.0,0.0
2021-05-13 00:00:00+07:00,11673.5634765625,12278.275390625,11489.5205078125,12041.6484375,10611.0048828125,4210018,0.0,0.0
2021-05-14 00:00:00+07:00,12225.69140625,12462.3173828125,12041.6484375,12278.275390625,10819.5185546875,3336019,0.0,0.0
2021-05-17 00:00:00+07:00,12304.56640625,12330.8583984375,11883.8974609375,11989.0654296875,10564.669921875,4039280,0.0,0.0
2021-05-18 00:00:00+07:00,11831.314453125,12278.275390625,11752.4384765625,12094.232421875,10657.341796875,3823415,0.0,0.0
2021-05-19 00:00:00+07:00,12094.232421875,12462.3173828125,12094.232421875,12383.4423828125,10912.19140625,2764872,0.0,0.0
2021-05-20 00:00:00+07:00,12409.734375,12436.0263671875,12251.9833984375,12357.150390625,10889.0224609375,2627719,0.0,0.0
2021-05-21 00:00:00+07:00,12383.4423828125,12567.4853515625,12278.275390625,12357.150390625,10889.0224609375,2767173,0.0,0.0
2021-05-24 00:00:00+07:00,12357.150390625,12488.609375,12278.275390625,12304.56640625,10842.6865234375,2637513,0.0,0.0
2021-05-25 00:00:00+07:00,12357.150390625,12725.2353515625,12251.9833984375,12567.4853515625,11074.3681640625,3398282,0.0,0.0
2021-05-26 00:00:00+07:00,12593.7763671875,13356.2392578125,12593.7763671875,13356.2392578125,11769.412109375,5150406,0.0,0.0
2021-05-27 00:00:00+07:00,13619.1572265625,14092.41015625,13356.2392578125,13776.908203125,12140.1015625,5895885,0.0,0.0
2021-05-28 00:00:00+07:00,14092.41015625,14723.4130859375,13855.783203125,14723.4130859375,12974.1552734375,6783253,0.0,0.0
2021-05-31 00:00:00+07:00,15249.25,15748.7939453125,14986.3310546875,15748.7939453125,13877.7119140625,4610219,0.0,0.0
2021-06-01 00:00:00+07:00,16774.173828125,16774.173828125,15249.25,15564.7509765625,13715.53515625,4145910,0.0,0.0
2021-06-02 00:00:00+07:00,15249.25,16642.71484375,15144.08203125,16642.71484375,14665.4287109375,5839118,0.0,0.0
2021-06-03 00:00:00+07:00,17799.5546875,17799.5546875,17089.67578125,17799.5546875,15684.8271484375,3922095,0.0,0.0
2021-06-04 00:00:00+07:00,17720.6796875,17878.4296875,17352.59375,17562.9296875,15476.314453125,2582686,0.0,0.0
2021-06-07 00:00:00+07:00,16826.7578125,17089.67578125,16353.505859375,16511.255859375,14549.587890625,51743490,0.0,0.0
2021-06-08 00:00:00+07:00,16511.255859375,16511.255859375,16511.255859375,16511.255859375,14549.587890625,0,0.0,0.0
2021-06-09 00:00:00+07:00,15380.708984375,16432.380859375,14460.4951171875,16432.380859375,14480.0830078125,44088254,0.0,0.0
2021-06-10 00:00:00+07:00,16353.505859375,16826.7578125,16169.462890625,16406.08984375,14456.916015625,19473745,0.0,0.0
2021-06-11 00:00:00+07:00,16353.505859375,16800.466796875,15985.419921875,16432.380859375,14480.0830078125,32562992,0.0,0.0
2021-06-14 00:00:00+07:00,16432.380859375,16484.96484375,16038.00390625,16143.1708984375,14225.2333984375,17862406,0.0,0.0
2021-06-15 00:00:00+07:00,16038.00390625,16038.00390625,15249.25,15249.25,13437.517578125,32111140,0.0,0.0
2021-06-16 00:00:00+07:00,15301.8330078125,15722.501953125,14591.9541015625,14723.4130859375,12974.1552734375,27973540,0.0,0.0
2021-06-17 00:00:00+07:00,14302.744140625,15512.16796875,14302.744140625,15512.16796875,13669.19921875,21631071,0.0,0.0
2021-06-18 00:00:00+07:00,15775.0859375,15880.2529296875,15038.9150390625,15564.7509765625,13715.53515625,13175205,0.0,0.0
2021-06-21 00:00:00+07:00,15249.25,15512.16796875,14986.3310546875,15144.08203125,13344.8447265625,15493418,0.0,0.0
2021-06-22 00:00:00+07:00,15301.8330078125,15564.7509765625,15038.9150390625,15459.583984375,13622.8623046875,14515737,0.0,0.0
2021-06-23 00:00:00+07:00,15459.583984375,15512.16796875,15144.08203125,15144.08203125,13344.8447265625,8267593,0.0,0.0
2021-06-24 00:00:00+07:00,15512.16796875,15932.8369140625,15354.4169921875,15485.8759765625,13646.03125,15240297,0.0,0.0
2021-06-25 00:00:00+07:00,15696.2099609375,15696.2099609375,15354.4169921875,15512.16796875,13669.19921875,8208069,0.0,0.0
2021-06-28 00:00:00+07:00,15669.9189453125,15932.8369140625,15512.16796875,15853.9609375,13970.3837890625,18752988,0.0,0.0
2021-06-29 00:00:00+07:00,15906.544921875,16300.921875,15880.2529296875,16038.00390625,14132.5615234375,16821017,0.0,0.0
2021-06-30 00:00:00+07:00,15985.419921875,16038.00390625,15617.3349609375,15748.7939453125,13877.7119140625,10688309,0.0,0.0
2021-07-01 00:00:00+07:00,15748.7939453125,15880.2529296875,15459.583984375,15722.501953125,13854.5439453125,11240572,0.0,0.0
2021-07-02 00:00:00+07:00,15880.2529296875,15985.419921875,15669.9189453125,15669.9189453125,13808.2080078125,16030657,0.0,0.0
2021-07-05 00:00:00+07:00,15669.9189453125,15669.9189453125,15669.9189453125,15669.9189453125,13808.2080078125,0,0.0,0.0
2021-07-06 00:00:00+07:00,15669.9189453125,15669.9189453125,15669.9189453125,15669.9189453125,13808.2080078125,0,0.0,0.0
2021-07-07 00:00:00+07:00,15669.9189453125,15669.9189453125,15669.9189453125,15669.9189453125,13808.2080078125,0,0.0,0.0
2021-07-08 00:00:00+07:00,15669.9189453125,15669.9189453125,15669.9189453125,15669.9189453125,13808.2080078125,0,0.0,0.0
2021-07-09 00:00:00+07:00,15512.16796875,15985.419921875,14723.4130859375,15196.666015625,13391.181640625,13248612,0.0,0.0
2021-07-12 00:00:00+07:00,15196.666015625,15196.666015625,15196.666015625,15196.666015625,13391.181640625,0,0.0,0.0
2021-07-13 00:00:00+07:00,14723.4130859375,14881.1640625,14039.826171875,14460.4951171875,12742.4736328125,14031936,0.0,0.0
2021-07-14 00:00:00+07:00,14460.4951171875,14460.4951171875,14460.4951171875,14460.4951171875,12742.4736328125,0,0.0,0.0
2021-07-15 00:00:00+07:00,14197.5771484375,14565.662109375,13987.2421875,14565.662109375,12835.146484375,8672472,0.0,0.0
2021-07-16 00:00:00+07:00,14565.662109375,14565.662109375,14565.662109375,14565.662109375,12835.146484375,0,0.0,0.0
2021-07-19 00:00:00+07:00,13671.7412109375,14197.5771484375,13435.1142578125,13435.1142578125,11838.916015625,17541584,0.0,0.0
2021-07-20 00:00:00+07:00,13461.40625,13540.2822265625,12646.3603515625,13461.40625,11862.083984375,19382462,0.0,0.0
2021-07-21 00:00:00+07:00,14134.4765625,14370.0517578125,13692.7744140625,13781.115234375,12143.80859375,10320806,0.0,1.12
2021-07-22 00:00:00+07:00,13987.2421875,13987.2421875,13663.3271484375,13840.0087890625,12195.7060546875,6766433,0.0,0.0
2021-07-23 00:00:00+07:00,13604.43359375,14487.8388671875,13604.43359375,13898.90234375,12247.6025390625,12187730,0.0,0.0
2021-07-26 00:00:00+07:00,13633.880859375,13869.455078125,13280.5185546875,13486.646484375,11884.326171875,7026733,0.0,0.0
2021-07-27 00:00:00+07:00,13633.880859375,13810.5615234375,13574.9873046875,13810.5615234375,12169.7568359375,7616440,0.0,0.0
2021-07-28 00:00:00+07:00,13663.3271484375,13840.0087890625,13545.5400390625,13840.0087890625,12195.7060546875,7238640,0.0,0.0
2021-07-29 00:00:00+07:00,13840.0087890625,14134.4765625,13810.5615234375,14134.4765625,12455.1884765625,8685485,0.0,0.0
2021-07-30 00:00:00+07:00,14222.8173828125,15017.8818359375,14222.8173828125,15017.8818359375,13233.6376953125,25847946,0.0,0.0
2021-08-02 00:00:00+07:00,15017.8818359375,15017.8818359375,15017.8818359375,15017.8818359375,13233.6376953125,0,0.0,0.0
2021-08-03 00:00:00+07:00,14723.4130859375,14958.98828125,14428.9453125,14752.8603515625,13000.103515625,13581429,0.0,0.0
2021-08-04 00:00:00+07:00,14752.8603515625,14752.8603515625,14752.8603515625,14752.8603515625,13000.103515625,0,0.0,0.0
2021-08-05 00:00:00+07:00,14841.2001953125,15312.349609375,14723.4130859375,15312.349609375,13493.12109375,19345887,0.0,0.0
2021-08-06 00:00:00+07:00,15371.2431640625,15371.2431640625,14958.98828125,15106.2216796875,13311.482421875,13783318,0.0,0.0
2021-08-09 00:00:00+07:00,14841.2001953125,15165.1162109375,14752.8603515625,15106.2216796875,13311.482421875,17022037,0.0,0.0
2021-08-10 00:00:00+07:00,15106.2216796875,15106.2216796875,15106.2216796875,15106.2216796875,13311.482421875,0,0.0,0.0
2021-08-11 00:00:00+07:00,15106.2216796875,15253.4560546875,14841.2001953125,14841.2001953125,13077.947265625,19031592,0.0,0.0
2021-08-12 00:00:00+07:00,14841.2001953125,14929.541015625,14576.1796875,14576.1796875,12844.4140625,16645087,0.0,0.0
2021-08-13 00:00:00+07:00,14576.1796875,14723.4130859375,14163.923828125,14723.4130859375,12974.1552734375,16677518,0.0,0.0
2021-08-16 00:00:00+07:00,14782.306640625,14988.4345703125,14605.6259765625,14841.2001953125,13077.947265625,22300195,0.0,0.0
2021-08-17 00:00:00+07:00,14841.2001953125,14841.2001953125,14841.2001953125,14841.2001953125,13077.947265625,0,0.0,0.0
2021-08-18 00:00:00+07:00,15371.2431640625,15400.6904296875,15076.775390625,15253.4560546875,13441.224609375,17251094,0.0,0.0
2021-08-19 00:00:00+07:00,15312.349609375,15312.349609375,14958.98828125,15017.8818359375,13233.6376953125,13794695,0.0,0.0
2021-08-20 00:00:00+07:00,14841.2001953125,14988.4345703125,14016.689453125,14134.4765625,12455.1884765625,32665489,0.0,0.0
2021-08-23 00:00:00+07:00,14134.4765625,14134.4765625,14134.4765625,14134.4765625,12455.1884765625,0,0.0,0.0
2021-08-24 00:00:00+07:00,13368.859375,13663.3271484375,13309.9658203125,13574.9873046875,11962.1708984375,12587434,0.0,0.0
2021-08-25 00:00:00+07:00,13722.2216796875,13722.2216796875,13427.7529296875,13692.7744140625,12065.9638671875,5703670,0.0,0.0
2021-08-26 00:00:00+07:00,13722.2216796875,13751.66796875,13309.9658203125,13398.3056640625,11806.48046875,8602454,0.0,0.0
2021-08-27 00:00:00+07:00,13251.072265625,13339.412109375,12779.9228515625,12838.81640625,11313.462890625,14944055,0.0,0.0
2021-08-30 00:00:00+07:00,13133.28515625,13722.2216796875,12956.603515625,13722.2216796875,12091.9130859375,11205112,0.0,0.0
2021-08-31 00:00:00+07:00,13928.3486328125,13987.2421875,13574.9873046875,13574.9873046875,11962.1708984375,8408206,0.0,0.0
2021-09-01 00:00:00+07:00,13368.859375,13663.3271484375,13339.412109375,13398.3056640625,11806.48046875,9643314,0.0,0.0
2021-09-02 00:00:00+07:00,13398.3056640625,13398.3056640625,13398.3056640625,13398.3056640625,11806.48046875,0,0.0,0.0
2021-09-03 00:00:00+07:00,13398.3056640625,13398.3056640625,13398.3056640625,13398.3056640625,11806.48046875,0,0.0,0.0
2021-09-06 00:00:00+07:00,13427.7529296875,13604.43359375,13251.072265625,13457.2001953125,11858.3779296875,11965805,0.0,0.0
2021-09-07 00:00:00+07:00,13545.5400390625,13840.0087890625,13486.646484375,13604.43359375,11988.1181640625,12089927,0.0,0.0
2021-09-08 00:00:00+07:00,13604.43359375,13604.43359375,13604.43359375,13604.43359375,11988.1181640625,0,0.0,0.0
2021-09-09 00:00:00+07:00,13692.7744140625,13751.66796875,13545.5400390625,13722.2216796875,12091.9130859375,7257827,0.0,0.0
2021-09-10 00:00:00+07:00,13722.2216796875,13751.66796875,13486.646484375,13604.43359375,11988.1181640625,8766819,0.0,0.0
2021-09-13 00:00:00+07:00,13427.7529296875,13545.5400390625,13192.1787109375,13309.9658203125,11728.63671875,7369894,0.0,0.0
2021-09-14 00:00:00+07:00,13251.072265625,13280.5185546875,12986.05078125,12986.05078125,11443.205078125,8933560,0.0,0.0
2021-09-15 00:00:00+07:00,12956.603515625,13280.5185546875,12838.81640625,13015.4970703125,11469.15234375,6469797,0.0,0.0
2021-09-16 00:00:00+07:00,13044.9443359375,13192.1787109375,12986.05078125,13015.4970703125,11469.15234375,4965051,0.0,0.0
2021-09-17 00:00:00+07:00,13015.4970703125,13309.9658203125,13015.4970703125,13192.1787109375,11624.84375,8539629,0.0,0.0
2021-09-20 00:00:00+07:00,13398.3056640625,13957.7958984375,13398.3056640625,13810.5615234375,12169.7568359375,18480429,0.0,0.0
2021-09-21 00:00:00+07:00,13810.5615234375,13810.5615234375,13810.5615234375,13810.5615234375,12169.7568359375,0,0.0,0.0
2021-09-22 00:00:00+07:00,13810.5615234375,13810.5615234375,13810.5615234375,13810.5615234375,12169.7568359375,0,0.0,0.0
2021-09-23 00:00:00+07:00,13309.9658203125,13486.646484375,13133.28515625,13192.1787109375,11624.84375,9421898,0.0,0.0
2021-09-24 00:00:00+07:00,13339.412109375,13427.7529296875,13221.625,13221.625,11650.791015625,510700190,0.0,0.0
2021-09-27 00:00:00+07:00,13427.7529296875,13427.7529296875,12956.603515625,12986.05078125,11443.205078125,6131900,0.0,0.0
2021-09-28 00:00:00+07:00,12956.603515625,13074.390625,12662.1357421875,13015.4970703125,11469.15234375,6579995,0.0,0.0
2021-09-29 00:00:00+07:00,12897.7099609375,12927.1572265625,12721.029296875,12779.9228515625,11261.56640625,5549324,0.0,0.0
2021-09-30 00:00:00+07:00,12809.369140625,12868.263671875,12750.4755859375,12750.4755859375,11235.6171875,4599476,0.0,0.0
2021-10-01 00:00:00+07:00,12721.029296875,12721.029296875,12308.7734375,12308.7734375,10846.3935546875,13197177,0.0,0.0
2021-10-04 00:00:00+07:00,12073.19921875,12573.794921875,11867.0712890625,12102.6455078125,10664.755859375,1327562403,0.0,0.0
2021-10-05 00:00:00+07:00,12132.0927734375,12456.0078125,12102.6455078125,12367.6669921875,10898.2900390625,7279052,0.0,0.0
2021-10-06 00:00:00+07:00,12367.6669921875,12367.6669921875,12367.6669921875,12367.6669921875,10898.2900390625,0,0.0,0.0
2021-10-07 00:00:00+07:00,12397.1142578125,12544.3486328125,12338.220703125,12367.6669921875,10898.2900390625,7006187,0.0,0.0
2021-10-08 00:00:00+07:00,12367.6669921875,12367.6669921875,12367.6669921875,12367.6669921875,10898.2900390625,0,0.0,0.0
2021-10-11 00:00:00+07:00,12367.6669921875,12367.6669921875,12367.6669921875,12367.6669921875,10898.2900390625,0,0.0,0.0
2021-10-12 00:00:00+07:00,12897.7099609375,13044.9443359375,12779.9228515625,12809.369140625,11287.5146484375,9072284,0.0,0.0
2021-10-13 00:00:00+07:00,12809.369140625,12897.7099609375,12662.1357421875,12838.81640625,11313.462890625,6160086,0.0,0.0
2021-10-14 00:00:00+07:00,12838.81640625,12838.81640625,12838.81640625,12838.81640625,11313.462890625,0,0.0,0.0
2021-10-15 00:00:00+07:00,12750.4755859375,13162.7314453125,12721.029296875,12956.603515625,11417.255859375,10312656,0.0,0.0
2021-10-18 00:00:00+07:00,12956.603515625,12956.603515625,12956.603515625,12956.603515625,11417.255859375,0,0.0,0.0
2021-10-19 00:00:00+07:00,12632.6884765625,12721.029296875,12485.4541015625,12544.3486328125,11053.98046875,6586448,0.0,0.0
2021-10-20 00:00:00+07:00,12426.560546875,12544.3486328125,12308.7734375,12456.0078125,10976.1357421875,6387615,0.0,0.0
2021-10-21 00:00:00+07:00,12485.4541015625,12632.6884765625,12367.6669921875,12367.6669921875,10898.2900390625,6307980,0.0,0.0
2021-10-22 00:00:00+07:00,12426.560546875,12456.0078125,12249.8798828125,12279.3271484375,10820.4462890625,6328186,0.0,0.0
2021-10-25 00:00:00+07:00,12279.3271484375,12279.3271484375,12279.3271484375,12279.3271484375,10820.4462890625,0,0.0,0.0
2021-10-26 00:00:00+07:00,12279.3271484375,12279.3271484375,12279.3271484375,12279.3271484375,10820.4462890625,0,0.0,0.0
2021-10-27 00:00:00+07:00,12279.3271484375,12279.3271484375,12279.3271484375,12279.3271484375,10820.4462890625,0,0.0,0.0
2021-10-28 00:00:00+07:00,12544.3486328125,12544.3486328125,12367.6669921875,12426.560546875,10950.1865234375,7967921,0.0,0.0
2021-10-29 00:00:00+07:00,12426.560546875,12662.1357421875,12249.8798828125,12249.8798828125,10794.49609375,18585194,0.0,0.0
2021-11-01 00:00:00+07:00,12249.8798828125,12249.8798828125,12249.8798828125,12249.8798828125,10794.49609375,0,0.0,0.0
2021-11-02 00:00:00+07:00,12367.6669921875,12603.2421875,12367.6669921875,12662.1357421875,11157.7734375,18104327,0.0,0.0
2021-11-03 00:00:00+07:00,12721.029296875,13457.2001953125,12662.1357421875,13457.2001953125,11858.3779296875,36665241,0.0,0.0
2021-11-04 00:00:00+07:00,13663.3271484375,14016.689453125,13368.859375,13545.5400390625,11936.22265625,25551479,0.0,0.0
2021-11-05 00:00:00+07:00,13545.5400390625,13781.115234375,13280.5185546875,13574.9873046875,11962.1708984375,16807923,0.0,0.0
2021-11-08 00:00:00+07:00,13781.115234375,14016.689453125,13545.5400390625,13781.115234375,12143.80859375,29653789,0.0,0.0
2021-11-09 00:00:00+07:00,14016.689453125,14105.0302734375,13751.66796875,13840.0087890625,12195.7060546875,18072745,0.0,0.0
2021-11-10 00:00:00+07:00,13957.7958984375,13957.7958984375,13545.5400390625,13604.43359375,11988.1181640625,14044297,0.0,0.0
2021-11-11 00:00:00+07:00,13604.43359375,13663.3271484375,13074.390625,13221.625,11650.791015625,21219943,0.0,0.0
2021-11-12 00:00:00+07:00,13133.28515625,13574.9873046875,13103.837890625,13486.646484375,11884.326171875,13336581,0.0,0.0
2021-11-15 00:00:00+07:00,13781.115234375,13781.115234375,13398.3056640625,13427.7529296875,11832.4287109375,13111090,0.0,0.0
2021-11-16 00:00:00+07:00,13368.859375,13957.7958984375,13251.072265625,13604.43359375,11988.1181640625,34632254,0.0,0.0
2021-11-17 00:00:00+07:00,13692.7744140625,13751.66796875,13486.646484375,13545.5400390625,11936.22265625,14319879,0.0,0.0
2021-11-18 00:00:00+07:00,13427.7529296875,13545.5400390625,13280.5185546875,13309.9658203125,11728.63671875,15304025,0.0,0.0
2021-11-19 00:00:00+07:00,13339.412109375,13781.115234375,13044.9443359375,13368.859375,11780.533203125,24953792,0.0,0.0
2021-11-22 00:00:00+07:00,13663.3271484375,14193.3701171875,13633.880859375,13810.5615234375,12169.7568359375,29428468,0.0,0.0
2021-11-23 00:00:00+07:00,14016.689453125,14016.689453125,13545.5400390625,13574.9873046875,11962.1708984375,11597174,0.0,0.0
2021-11-24 00:00:00+07:00,13604.43359375,14428.9453125,13486.646484375,14428.9453125,12714.671875,76287676,0.0,0.0
2021-11-25 00:00:00+07:00,14752.8603515625,14782.306640625,14105.0302734375,14399.498046875,12688.7236328125,42507975,0.0,0.0
2021-11-26 00:00:00+07:00,14428.9453125,14458.3916015625,14016.689453125,14075.5830078125,12403.2919921875,28743844,0.0,0.0
2021-11-29 00:00:00+07:00,13574.9873046875,13898.90234375,13398.3056640625,13574.9873046875,11962.1708984375,28950827,0.0,0.0
2021-11-30 00:00:00+07:00,13781.115234375,13781.115234375,13162.7314453125,13192.1787109375,11624.84375,30761039,0.0,0.0
2021-12-01 00:00:00+07:00,13192.1787109375,13427.7529296875,13162.7314453125,13398.3056640625,11806.48046875,15142378,0.0,0.0
2021-12-02 00:00:00+07:00,13486.646484375,13486.646484375,13192.1787109375,13192.1787109375,11624.84375,11207319,0.0,0.0
2021-12-03 00:00:00+07:00,13280.5185546875,13368.859375,12691.58203125,12691.58203125,11183.7216796875,19045345,0.0,0.0
2021-12-06 00:00:00+07:00,12573.794921875,12750.4755859375,11896.517578125,11955.412109375,10535.0146484375,21305012,0.0,0.0
2021-12-07 00:00:00+07:00,12132.0927734375,12367.6669921875,12043.751953125,12338.220703125,10872.341796875,10820520,0.0,0.0
2021-12-08 00:00:00+07:00,12426.560546875,12662.1357421875,12308.7734375,12456.0078125,10976.1357421875,8650677,0.0,0.0
2021-12-09 00:00:00+07:00,12338.220703125,12573.794921875,12338.220703125,12485.4541015625,11002.0830078125,6341769,0.0,0.0
2021-12-10 00:00:00+07:00,12603.2421875,12838.81640625,12485.4541015625,12573.794921875,11079.927734375,8815550,0.0,0.0
2021-12-13 00:00:00+07:00,12662.1357421875,13015.4970703125,12632.6884765625,12868.263671875,11339.412109375,10894552,0.0,0.0
2021-12-14 00:00:00+07:00,13133.28515625,13427.7529296875,12956.603515625,13309.9658203125,11728.63671875,14349933,0.0,0.0
2021-12-15 00:00:00+07:00,13368.859375,13427.7529296875,13133.28515625,13251.072265625,11676.7392578125,10053884,0.0,0.0
2021-12-16 00:00:00+07:00,13251.072265625,13398.3056640625,13044.9443359375,13074.390625,11521.048828125,7199077,0.0,0.0
2021-12-17 00:00:00+07:00,13015.4970703125,13044.9443359375,12838.81640625,12838.81640625,11313.462890625,13086469,0.0,0.0
2021-12-20 00:00:00+07:00,12838.81640625,12897.7099609375,12662.1357421875,12721.029296875,11209.669921875,8039745,0.0,0.0
2021-12-21 00:00:00+07:00,12721.029296875,12721.029296875,12544.3486328125,12544.3486328125,11053.98046875,9898859,0.0,0.0
2021-12-22 00:00:00+07:00,12662.1357421875,12691.58203125,12338.220703125,12338.220703125,10872.341796875,12975082,0.0,0.0
2021-12-23 00:00:00+07:00,12338.220703125,12456.0078125,12043.751953125,12161.5390625,10716.6513671875,11288482,0.0,0.0
2021-12-24 00:00:00+07:00,12161.5390625,12838.81640625,12161.5390625,12779.9228515625,11261.56640625,7870627,0.0,0.0
2021-12-27 00:00:00+07:00,12779.9228515625,13044.9443359375,12662.1357421875,12691.58203125,11183.7216796875,5294458,0.0,0.0
2021-12-28 00:00:00+07:00,12721.029296875,12838.81640625,12544.3486328125,12779.9228515625,11261.56640625,10201608,0.0,0.0
2021-12-29 00:00:00+07:00,12956.603515625,13309.9658203125,12838.81640625,13103.837890625,11546.998046875,17901080,0.0,0.0
2021-12-30 00:00:00+07:00,13074.390625,13280.5185546875,13044.9443359375,13074.390625,11521.048828125,5982817,0.0,0.0
2021-12-31 00:00:00+07:00,13251.072265625,13545.5400390625,13103.837890625,13133.28515625,11572.9462890625,17280300,0.0,0.0
2022-01-03 00:00:00+07:00,13133.28515625,13133.28515625,13133.28515625,13133.28515625,11572.9462890625,0,0.0,0.0
2022-01-04 00:00:00+07:00,13427.7529296875,13486.646484375,13162.7314453125,13221.625,11650.791015625,14292711,0.0,0.0
2022-01-05 00:00:00+07:00,13309.9658203125,13309.9658203125,13015.4970703125,13074.390625,11521.048828125,13476834,0.0,0.0
2022-01-06 00:00:00+07:00,12986.05078125,12986.05078125,12721.029296875,12779.9228515625,11261.56640625,19411938,0.0,0.0
2022-01-07 00:00:00+07:00,12779.9228515625,13133.28515625,12691.58203125,13074.390625,11521.048828125,13326223,0.0,0.0
2022-01-10 00:00:00+07:00,13251.072265625,13251.072265625,12721.029296875,12721.029296875,11209.669921875,10389234,0.0,0.0
2022-01-11 00:00:00+07:00,12838.81640625,12868.263671875,12485.4541015625,12662.1357421875,11157.7734375,9790189,0.0,0.0
2022-01-12 00:00:00+07:00,12514.9013671875,13103.837890625,12338.220703125,12897.7099609375,11365.359375,11851871,0.0,0.0
2022-01-13 00:00:00+07:00,13074.390625,13486.646484375,12956.603515625,12956.603515625,11417.255859375,24834934,0.0,0.0
2022-01-14 00:00:00+07:00,12897.7099609375,13015.4970703125,12721.029296875,12838.81640625,11313.462890625,6570147,0.0,0.0
2022-01-17 00:00:00+07:00,12956.603515625,13309.9658203125,12662.1357421875,12662.1357421875,11157.7734375,17554183,0.0,0.0
2022-01-18 00:00:00+07:00,12544.3486328125,12779.9228515625,12367.6669921875,12456.0078125,10976.1357421875,11592760,0.0,0.0
2022-01-19 00:00:00+07:00,12662.1357421875,12662.1357421875,12426.560546875,12485.4541015625,11002.0830078125,4848909,0.0,0.0
2022-01-20 00:00:00+07:00,12485.4541015625,12691.58203125,12279.3271484375,12544.3486328125,11053.98046875,7644626,0.0,0.0
2022-01-21 00:00:00+07:00,12662.1357421875,13133.28515625,12632.6884765625,12779.9228515625,11261.56640625,11850512,0.0,0.0
2022-01-24 00:00:00+07:00,13074.390625,13074.390625,12662.1357421875,12662.1357421875,11157.7734375,14927754,0.0,0.0
2022-01-25 00:00:00+07:00,12927.1572265625,13545.5400390625,12868.263671875,13545.5400390625,11936.22265625,37520681,0.0,0.0
2022-01-26 00:00:00+07:00,14016.689453125,14487.8388671875,13957.7958984375,14487.8388671875,12766.568359375,58501210,0.0,0.0
2022-01-27 00:00:00+07:00,14487.8388671875,15312.349609375,14134.4765625,14428.9453125,12714.671875,34520018,0.0,0.0
2022-01-28 00:00:00+07:00,14370.0517578125,14723.4130859375,14163.923828125,14723.4130859375,12974.1552734375,26465670,0.0,0.0
2022-01-31 00:00:00+07:00,14723.4130859375,14723.4130859375,14723.4130859375,14723.4130859375,12974.1552734375,0,0.0,0.0
2022-02-01 00:00:00+07:00,14723.4130859375,14723.4130859375,14723.4130859375,14723.4130859375,12974.1552734375,0,0.0,0.0
2022-02-02 00:00:00+07:00,14723.4130859375,14723.4130859375,14723.4130859375,14723.4130859375,12974.1552734375,0,0.0,0.0
2022-02-03 00:00:00+07:00,14723.4130859375,14723.4130859375,14723.4130859375,14723.4130859375,12974.1552734375,0,0.0,0.0
2022-02-04 00:00:00+07:00,14723.4130859375,14723.4130859375,14723.4130859375,14723.4130859375,12974.1552734375,0,0.0,0.0
2022-02-07 00:00:00+07:00,15017.8818359375,15017.8818359375,14576.1796875,14635.0732421875,12896.310546875,20569109,0.0,0.0
2022-02-08 00:00:00+07:00,14428.9453125,14958.98828125,14311.158203125,14664.51953125,12922.2578125,21096670,0.0,0.0
2022-02-09 00:00:00+07:00,14723.4130859375,14958.98828125,14428.9453125,14487.8388671875,12766.568359375,23442254,0.0,0.0
2022-02-10 00:00:00+07:00,14487.8388671875,15017.8818359375,14458.3916015625,14723.4130859375,12974.1552734375,21138440,0.0,0.0
2022-02-11 00:00:00+07:00,14723.4130859375,15430.13671875,14723.4130859375,15253.4560546875,13441.224609375,44117657,0.0,0.0
2022-02-14 00:00:00+07:00,15017.8818359375,15282.9033203125,14193.3701171875,14193.3701171875,12507.0849609375,30121412,0.0,0.0
2022-02-15 00:00:00+07:00,14193.3701171875,14193.3701171875,14193.3701171875,14193.3701171875,12507.0849609375,0,0.0,0.0
2022-02-16 00:00:00+07:00,14546.732421875,14576.1796875,14105.0302734375,14311.158203125,12610.87890625,22214108,0.0,0.0
2022-02-17 00:00:00+07:00,14311.158203125,14605.6259765625,14134.4765625,14311.158203125,12610.87890625,15450221,0.0,0.0
2022-02-18 00:00:00+07:00,14193.3701171875,14428.9453125,13633.880859375,13898.90234375,12247.6025390625,48733943,0.0,0.0
2022-02-21 00:00:00+07:00,13692.7744140625,14134.4765625,13604.43359375,13928.3486328125,12273.5498046875,19742195,0.0,0.0
2022-02-22 00:00:00+07:00,13722.2216796875,14075.5830078125,13663.3271484375,13928.3486328125,12273.5498046875,13280717,0.0,0.0
2022-02-23 00:00:00+07:00,13928.3486328125,14193.3701171875,13898.90234375,13898.90234375,12247.6025390625,15493350,0.0,0.0
2022-02-24 00:00:00+07:00,13898.90234375,13957.7958984375,13192.1787109375,13427.7529296875,11832.4287109375,25091498,0.0,0.0
2022-02-25 00:00:00+07:00,13692.7744140625,13840.0087890625,13545.5400390625,13574.9873046875,11962.1708984375,11740314,0.0,0.0
2022-02-28 00:00:00+07:00,13516.09375,13663.3271484375,13309.9658203125,13339.412109375,11754.583984375,18616437,0.0,0.0
2022-03-01 00:00:00+07:00,13339.412109375,13427.7529296875,13074.390625,13103.837890625,11546.998046875,22078779,0.0,0.0
2022-03-02 00:00:00+07:00,13015.4970703125,13221.625,12662.1357421875,12662.1357421875,11157.7734375,28527522,0.0,0.0
2022-03-03 00:00:00+07:00,13074.390625,13339.412109375,12868.263671875,13103.837890625,11546.998046875,18278879,0.0,0.0
2022-03-04 00:00:00+07:00,13133.28515625,13309.9658203125,13103.837890625,13162.7314453125,11598.89453125,9408993,0.0,0.0
2022-03-07 00:00:00+07:00,12956.603515625,13074.390625,12750.4755859375,12956.603515625,11417.255859375,13704872,0.0,0.0
2022-03-08 00:00:00+07:00,12838.81640625,13133.28515625,12779.9228515625,12956.603515625,11417.255859375,15937031,0.0,0.0
2022-03-09 00:00:00+07:00,12927.1572265625,13015.4970703125,12691.58203125,12956.603515625,11417.255859375,13423517,0.0,0.0
2022-03-10 00:00:00+07:00,13103.837890625,13251.072265625,13044.9443359375,13103.837890625,11546.998046875,7403514,0.0,0.0
2022-03-11 00:00:00+07:00,13103.837890625,13133.28515625,12927.1572265625,13044.9443359375,11495.1015625,10190232,0.0,0.0
2022-03-14 00:00:00+07:00,12956.603515625,12956.603515625,12779.9228515625,12868.263671875,11339.412109375,8608737,0.0,0.0
2022-03-15 00:00:00+07:00,12868.263671875,13044.9443359375,12838.81640625,12986.05078125,11443.205078125,5786022,0.0,0.0
2022-03-16 00:00:00+07:00,12986.05078125,13486.646484375,12986.05078125,13044.9443359375,11495.1015625,16518078,0.0,0.0
2022-03-17 00:00:00+07:00,13251.072265625,13251.072265625,13044.9443359375,13162.7314453125,11598.89453125,13017701,0.0,0.0
2022-03-18 00:00:00+07:00,13162.7314453125,13221.625,13074.390625,13103.837890625,11546.998046875,5064382,0.0,0.0
2022-03-21 00:00:00+07:00,13192.1787109375,13251.072265625,13103.837890625,13192.1787109375,11624.84375,8554911,0.0,0.0
2022-03-22 00:00:00+07:00,13251.072265625,13781.115234375,13251.072265625,13486.646484375,11884.326171875,23605939,0.0,0.0
2022-03-23 00:00:00+07:00,13516.09375,13545.5400390625,13339.412109375,13368.859375,11780.533203125,10069506,0.0,0.0
2022-03-24 00:00:00+07:00,13368.859375,13457.2001953125,13251.072265625,13280.5185546875,11702.6875,8640319,0.0,0.0
2022-03-25 00:00:00+07:00,13309.9658203125,13339.412109375,13133.28515625,13133.28515625,11572.9462890625,8978386,0.0,0.0
2022-03-28 00:00:00+07:00,13133.28515625,13221.625,12750.4755859375,12868.263671875,11339.412109375,12783211,0.0,0.0
2022-03-29 00:00:00+07:00,12927.1572265625,13044.9443359375,12838.81640625,12986.05078125,11443.205078125,7173268,0.0,0.0
2022-03-30 00:00:00+07:00,12838.81640625,13251.072265625,12809.369140625,12897.7099609375,11365.359375,10153555,0.0,0.0
2022-03-31 00:00:00+07:00,12927.1572265625,13044.9443359375,12750.4755859375,12750.4755859375,11235.6171875,7312842,0.0,0.0
2022-04-01 00:00:00+07:00,12779.9228515625,13015.4970703125,12691.58203125,12927.1572265625,11391.3076171875,10008039,0.0,0.0
2022-04-04 00:00:00+07:00,12986.05078125,13192.1787109375,12897.7099609375,12897.7099609375,11365.359375,19720630,0.0,0.0
2022-04-05 00:00:00+07:00,13351.859375,13612.3837890625,13351.859375,13416.990234375,11822.9453125,16301909,0.0,0.0
2022-04-06 00:00:00+07:00,13416.990234375,13612.3837890625,13286.728515625,13579.818359375,11966.427734375,6833456,0.0,0.0
2022-04-07 00:00:00+07:00,13579.818359375,13612.3837890625,13189.0322265625,13254.1630859375,11679.4638671875,7681900,0.0,0.0
2022-04-08 00:00:00+07:00,13286.728515625,13351.859375,13026.2041015625,13091.3349609375,11535.98046875,6236659,0.0,0.0
2022-04-11 00:00:00+07:00,13091.3349609375,13091.3349609375,13091.3349609375,13091.3349609375,11535.98046875,0,0.0,0.0
2022-04-12 00:00:00+07:00,13156.4658203125,13156.4658203125,12700.548828125,12733.1142578125,11220.3193359375,5612532,0.0,0.0
2022-04-13 00:00:00+07:00,12830.8115234375,13058.76953125,12537.7216796875,13026.2041015625,11478.587890625,6949683,0.0,0.0
2022-04-14 00:00:00+07:00,13123.900390625,13123.900390625,12830.8115234375,12895.9423828125,11363.8017578125,3092689,0.0,0.0
2022-04-15 00:00:00+07:00,12961.0732421875,12993.638671875,12635.41796875,12863.376953125,11335.10546875,5120908,0.0,0.0
2022-04-18 00:00:00+07:00,12667.9833984375,12765.6796875,11984.1083984375,12049.2392578125,10617.6943359375,10564858,0.0,0.0
2022-04-19 00:00:00+07:00,11853.845703125,12309.7626953125,11235.1015625,11235.1015625,9900.2822265625,8987115,0.0,0.0
2022-04-20 00:00:00+07:00,10942.01171875,11202.5361328125,10453.529296875,10453.529296875,9211.5673828125,13840716,0.0,0.0
2022-04-21 00:00:00+07:00,10258.1357421875,11039.7080078125,9737.087890625,10616.3564453125,9355.048828125,14805080,0.0,0.0
2022-04-22 00:00:00+07:00,10942.01171875,11039.7080078125,10486.0947265625,10876.880859375,9584.62109375,8104740,0.0,0.0
2022-04-25 00:00:00+07:00,10942.01171875,11169.9697265625,10127.8740234375,10127.8740234375,8924.6015625,10098720,0.0,0.0
2022-04-26 00:00:00+07:00,10095.30859375,10616.3564453125,9574.259765625,10551.2255859375,9297.65625,8885320,0.0,0.0
2022-04-27 00:00:00+07:00,10583.791015625,10648.921875,10388.3974609375,10583.791015625,9326.3525390625,3999783,0.0,0.0
2022-04-28 00:00:00+07:00,10648.921875,10779.18359375,10388.3974609375,10518.66015625,9268.958984375,5323730,0.0,0.0
2022-04-29 00:00:00+07:00,10551.2255859375,11007.142578125,10453.529296875,10681.4873046875,9412.4423828125,11965266,0.0,0.0
2022-05-02 00:00:00+07:00,10681.4873046875,10681.4873046875,10681.4873046875,10681.4873046875,9412.4423828125,0,0.0,0.0
2022-05-03 00:00:00+07:00,10681.4873046875,10681.4873046875,10681.4873046875,10681.4873046875,9412.4423828125,0,0.0,0.0
2022-05-04 00:00:00+07:00,10942.01171875,11169.9697265625,10746.6181640625,10942.01171875,9642.013671875,11543961,0.0,0.0
2022-05-05 00:00:00+07:00,11072.2734375,11169.9697265625,10551.2255859375,10714.052734375,9441.138671875,6419368,0.0,0.0
2022-05-06 00:00:00+07:00,10486.0947265625,10616.3564453125,10225.5703125,10225.5703125,9010.69140625,9905878,0.0,0.0
2022-05-09 00:00:00+07:00,10160.439453125,10225.5703125,9541.6943359375,9541.6943359375,8408.0654296875,15053809,0.0,0.0
2022-05-10 00:00:00+07:00,8955.515625,9769.6533203125,8955.515625,9704.5224609375,8551.5478515625,6799524,0.0,0.0
2022-05-11 00:00:00+07:00,9769.6533203125,9834.7841796875,9509.12890625,9704.5224609375,8551.5478515625,5239285,0.0,0.0
2022-05-12 00:00:00+07:00,9509.12890625,9704.5224609375,9053.2119140625,9053.2119140625,7977.61865234375,8378342,0.0,0.0
2022-05-13 00:00:00+07:00,9053.2119140625,9118.3427734375,8434.466796875,8434.466796875,7432.38525390625,16920815,0.0,0.0
2022-05-16 00:00:00+07:00,9020.646484375,9020.646484375,8532.1640625,8532.1640625,7518.47509765625,6925271,0.0,0.0
2022-05-17 00:00:00+07:00,8597.294921875,9118.3427734375,8532.1640625,9118.3427734375,8035.01171875,7286543,0.0,0.0
2022-05-18 00:00:00+07:00,9313.736328125,9737.087890625,9183.4736328125,9639.3916015625,8494.1552734375,12282319,0.0,0.0
2022-05-19 00:00:00+07:00,9281.1708984375,9899.9150390625,9281.1708984375,9476.5634765625,8350.6728515625,8205613,0.0,0.0
2022-05-20 00:00:00+07:00,9639.3916015625,9671.95703125,9411.4326171875,9509.12890625,8379.369140625,4954781,0.0,0.0
2022-05-23 00:00:00+07:00,9671.95703125,9704.5224609375,9313.736328125,9378.8671875,8264.5830078125,6390349,0.0,0.0
2022-05-24 00:00:00+07:00,9378.8671875,9509.12890625,9053.2119140625,9509.12890625,8379.369140625,5763920,0.0,0.0
2022-05-25 00:00:00+07:00,9606.8251953125,9932.48046875,9509.12890625,9899.9150390625,8723.7265625,7639216,0.0,0.0
2022-05-26 00:00:00+07:00,10030.177734375,10095.30859375,9802.21875,9899.9150390625,8723.7265625,6008196,0.0,0.0
2022-05-27 00:00:00+07:00,9899.9150390625,9965.0458984375,9769.6533203125,9802.21875,8637.6376953125,7733181,0.0,0.0
2022-05-30 00:00:00+07:00,9834.7841796875,10095.30859375,9802.21875,9965.0458984375,8781.119140625,6282413,0.0,0.0
2022-05-31 00:00:00+07:00,9899.9150390625,9932.48046875,9704.5224609375,9769.6533203125,8608.94140625,8394924,0.0,0.0
2022-06-01 00:00:00+07:00,9769.6533203125,9899.9150390625,9671.95703125,9737.087890625,8580.2451171875,7297137,0.0,0.0
2022-06-02 00:00:00+07:00,9737.087890625,9737.087890625,9737.087890625,9737.087890625,8580.2451171875,0,0.0,0.0
2022-06-03 00:00:00+07:00,9509.12890625,9574.259765625,9281.1708984375,9378.8671875,8264.5830078125,4264020,0.0,0.0
2022-06-06 00:00:00+07:00,9443.998046875,9639.3916015625,9281.1708984375,9378.8671875,8264.5830078125,6360717,0.0,0.0
2022-06-07 00:00:00+07:00,9313.736328125,9411.4326171875,9053.2119140625,9248.60546875,8149.7978515625,4337410,0.0,0.0
2022-06-08 00:00:00+07:00,9281.1708984375,9867.349609375,9281.1708984375,9867.349609375,8695.0302734375,8600202,0.0,0.0
2022-06-09 00:00:00+07:00,9899.9150390625,9965.0458984375,9802.21875,9932.48046875,8752.4228515625,7118574,0.0,0.0
2022-06-10 00:00:00+07:00,9834.7841796875,9997.611328125,9704.5224609375,9704.5224609375,8551.5478515625,6353193,0.0,0.0
2022-06-13 00:00:00+07:00,9443.998046875,9443.998046875,9053.2119140625,9053.2119140625,7977.61865234375,8853384,0.0,0.0
2022-06-14 00:00:00+07:00,8792.6875,9150.908203125,8467.033203125,8564.7294921875,7547.171875,20274977,0.0,0.0
2022-06-15 00:00:00+07:00,8792.6875,8792.6875,8043.68115234375,8076.24658203125,7116.72412109375,19640717,0.0,0.0
2022-06-16 00:00:00+07:00,8271.6396484375,8271.6396484375,7555.1982421875,8206.5087890625,7231.51025390625,20824331,0.0,0.0
2022-06-17 00:00:00+07:00,7815.72265625,8011.11572265625,7652.89501953125,7815.72265625,6887.15234375,13559437,0.0,0.0
2022-06-20 00:00:00+07:00,7815.72265625,8011.11572265625,7685.46044921875,7685.46044921875,6772.36669921875,7234494,0.0,0.0
2022-06-21 00:00:00+07:00,7750.59130859375,8043.68115234375,7555.1982421875,7750.59130859375,6829.759765625,7508403,0.0,0.0
2022-06-22 00:00:00+07:00,8011.11572265625,8271.6396484375,7880.853515625,8271.6396484375,7288.90283203125,10250722,0.0,0.0
2022-06-23 00:00:00+07:00,8336.7705078125,8792.6875,8141.37744140625,8792.6875,7748.04638671875,10957144,0.0,0.0
2022-06-24 00:00:00+07:00,8760.1220703125,8825.2529296875,8597.294921875,8597.294921875,7575.8681640625,6797528,0.0,0.0
2022-06-27 00:00:00+07:00,8597.294921875,8792.6875,8141.37744140625,8206.5087890625,7231.51025390625,19727465,0.0,0.0
2022-06-28 00:00:00+07:00,8304.205078125,8760.1220703125,7750.59130859375,8727.556640625,7690.65380859375,29094277,0.0,0.0
2022-06-29 00:00:00+07:00,8597.294921875,9085.77734375,8597.294921875,8792.6875,7748.04638671875,9155852,0.0,0.0
2022-06-30 00:00:00+07:00,8792.6875,8857.8193359375,8499.5986328125,8499.5986328125,7489.77880859375,10246423,0.0,0.0
2022-07-01 00:00:00+07:00,8401.9013671875,8694.9912109375,8043.68115234375,8499.5986328125,7489.77880859375,17637678,0.0,0.0
2022-07-04 00:00:00+07:00,8629.8603515625,8857.8193359375,8564.7294921875,8857.8193359375,7805.4404296875,14245592,0.0,0.0
2022-07-05 00:00:00+07:00,8890.384765625,9183.4736328125,8825.2529296875,8857.8193359375,7805.4404296875,16085269,0.0,0.0
2022-07-06 00:00:00+07:00,8629.8603515625,8890.384765625,8467.033203125,8499.5986328125,7489.77880859375,10653295,0.0,0.0
2022-07-07 00:00:00+07:00,8434.466796875,8727.556640625,8401.9013671875,8564.7294921875,7547.171875,5915767,0.0,0.0
2022-07-08 00:00:00+07:00,8662.42578125,8825.2529296875,8564.7294921875,8629.8603515625,7604.564453125,8758499,0.0,0.0
2022-07-11 00:00:00+07:00,8597.294921875,8662.42578125,8401.9013671875,8467.033203125,7461.08251953125,7542795,0.0,0.0
2022-07-12 00:00:00+07:00,8467.033203125,8467.033203125,8467.033203125,8467.033203125,7461.08251953125,0,0.0,0.0
2022-07-13 00:00:00+07:00,8727.556640625,9183.4736328125,8727.556640625,9020.646484375,7948.921875,15668724,0.0,0.0
2022-07-14 00:00:00+07:00,8857.8193359375,9216.0390625,8857.8193359375,9085.77734375,8006.31494140625,9908181,0.0,0.0
2022-07-15 00:00:00+07:00,9118.3427734375,9313.736328125,9085.77734375,9118.3427734375,8035.01171875,9748196,0.0,0.0
2022-07-18 00:00:00+07:00,9183.4736328125,9346.3017578125,9085.77734375,9183.4736328125,8092.40380859375,9826193,0.0,0.0
2022-07-19 00:00:00+07:00,9118.3427734375,9183.4736328125,8890.384765625,9053.2119140625,7977.61865234375,7346422,0.0,0.0
2022-07-20 00:00:00+07:00,9150.908203125,9248.60546875,9118.3427734375,9216.0390625,8121.10009765625,7233265,0.0,0.0
2022-07-21 00:00:00+07:00,9313.736328125,9704.5224609375,9281.1708984375,9541.6943359375,8408.0654296875,18469079,0.0,0.0
2022-07-22 00:00:00+07:00,9704.5224609375,9802.21875,9378.8671875,9378.8671875,8264.5830078125,16955207,0.0,0.0
2022-07-25 00:00:00+07:00,9378.8671875,9541.6943359375,9313.736328125,9509.12890625,8379.369140625,8372047,0.0,0.0
2022-07-26 00:00:00+07:00,9509.12890625,9639.3916015625,9378.8671875,9574.259765625,8436.76171875,9648858,0.0,0.0
2022-07-27 00:00:00+07:00,9509.12890625,9965.0458984375,9476.5634765625,9965.0458984375,8781.119140625,21009036,0.0,0.0
2022-07-28 00:00:00+07:00,10225.5703125,10323.2666015625,9997.611328125,10160.439453125,8953.298828125,18841405,0.0,0.0
2022-07-29 00:00:00+07:00,10225.5703125,10225.5703125,9867.349609375,9899.9150390625,8723.7265625,9719945,0.0,0.0
2022-08-01 00:00:00+07:00,10062.7431640625,10355.83203125,9899.9150390625,10258.1357421875,9039.3876953125,12804343,0.0,0.0
2022-08-02 00:00:00+07:00,10290.701171875,10420.9638671875,10160.439453125,10355.83203125,9125.4765625,12671534,0.0,0.0
2022-08-03 00:00:00+07:00,10290.701171875,10420.9638671875,10160.439453125,10420.9638671875,9182.87109375,10108700,0.0,0.0
2022-08-04 00:00:00+07:00,10420.9638671875,10551.2255859375,10323.2666015625,10453.529296875,9211.5673828125,9836787,0.0,0.0
2022-08-05 00:00:00+07:00,10486.0947265625,10486.0947265625,10258.1357421875,10486.0947265625,9240.263671875,7709843,0.0,0.0
2022-08-08 00:00:00+07:00,10518.66015625,10518.66015625,10355.83203125,10388.3974609375,9154.1728515625,7074969,0.0,0.0
2022-08-09 00:00:00+07:00,10420.9638671875,10453.529296875,10062.7431640625,10127.8740234375,8924.6015625,13200775,0.0,0.0
2022-08-10 00:00:00+07:00,10127.8740234375,10225.5703125,9997.611328125,9997.611328125,8809.8154296875,7547862,0.0,0.0
2022-08-11 00:00:00+07:00,10127.8740234375,10258.1357421875,9899.9150390625,9997.611328125,8809.8154296875,7912819,0.0,0.0
2022-08-12 00:00:00+07:00,9997.611328125,10193.0048828125,9965.0458984375,10160.439453125,8953.298828125,5306073,0.0,0.0
2022-08-15 00:00:00+07:00,10225.5703125,10648.921875,10225.5703125,10518.66015625,9268.958984375,14674113,0.0,0.0
2022-08-16 00:00:00+07:00,10518.66015625,10551.2255859375,10388.3974609375,10453.529296875,9211.5673828125,4926684,0.0,0.0
2022-08-17 00:00:00+07:00,10388.3974609375,10486.0947265625,10323.2666015625,10323.2666015625,9096.7802734375,6257693,0.0,0.0
2022-08-18 00:00:00+07:00,10290.701171875,10355.83203125,10160.439453125,10193.0048828125,8981.9951171875,6734732,0.0,0.0
2022-08-19 00:00:00+07:00,10225.5703125,10290.701171875,10095.30859375,10127.8740234375,8924.6015625,5170654,0.0,0.0
2022-08-22 00:00:00+07:00,10095.30859375,10193.0048828125,9965.0458984375,10095.30859375,8895.9052734375,4872179,0.0,0.0
2022-08-23 00:00:00+07:00,10030.177734375,10290.701171875,10030.177734375,10290.701171875,9068.0849609375,6125652,0.0,0.0
2022-08-24 00:00:00+07:00,10290.701171875,10355.83203125,10225.5703125,10258.1357421875,9039.3876953125,5116916,0.0,0.0
2022-08-25 00:00:00+07:00,10355.83203125,10486.0947265625,10290.701171875,10388.3974609375,9154.1728515625,10448016,0.0,0.0
2022-08-26 00:00:00+07:00,10486.0947265625,10486.0947265625,10258.1357421875,10290.701171875,9068.0849609375,6553098,0.0,0.0
2022-08-29 00:00:00+07:00,10095.30859375,10160.439453125,9834.7841796875,10095.30859375,8895.9052734375,7026298,0.0,0.0
2022-08-30 00:00:00+07:00,10225.5703125,10355.83203125,10095.30859375,10258.1357421875,9039.3876953125,6513179,0.0,0.0
2022-08-31 00:00:00+07:00,10258.1357421875,10290.701171875,10127.8740234375,10290.701171875,9068.0849609375,4157005,0.0,0.0
2022-09-01 00:00:00+07:00,10290.701171875,10290.701171875,10290.701171875,10290.701171875,9068.0849609375,0,0.0,0.0
2022-09-02 00:00:00+07:00,10290.701171875,10290.701171875,10290.701171875,10290.701171875,9068.0849609375,0,0.0,0.0
2022-09-05 00:00:00+07:00,10258.1357421875,10420.9638671875,10160.439453125,10258.1357421875,9039.3876953125,5372401,0.0,0.0
2022-09-06 00:00:00+07:00,10225.5703125,10453.529296875,10193.0048828125,10355.83203125,9125.4765625,7524217,0.0,0.0
2022-09-07 00:00:00+07:00,10355.83203125,10420.9638671875,10127.8740234375,10127.8740234375,8924.6015625,8210066,0.0,0.0
2022-09-08 00:00:00+07:00,10160.439453125,10193.0048828125,9509.12890625,9574.259765625,8436.76171875,8965927,0.0,0.0
2022-09-09 00:00:00+07:00,9671.95703125,9704.5224609375,9216.0390625,9574.259765625,8436.76171875,8550149,0.0,0.0
2022-09-12 00:00:00+07:00,9704.5224609375,9704.5224609375,9606.8251953125,9639.3916015625,8494.1552734375,2701017,0.0,0.0
2022-09-13 00:00:00+07:00,9639.3916015625,9737.087890625,9541.6943359375,9704.5224609375,8551.5478515625,2380278,0.0,0.0
2022-09-14 00:00:00+07:00,9411.4326171875,9769.6533203125,9411.4326171875,9704.5224609375,8551.5478515625,4066418,0.0,0.0
2022-09-15 00:00:00+07:00,9737.087890625,9769.6533203125,9606.8251953125,9639.3916015625,8494.1552734375,1916598,0.0,0.0
2022-09-16 00:00:00+07:00,9606.8251953125,9639.3916015625,9248.60546875,9248.60546875,8149.7978515625,4677955,0.0,0.0
2022-09-19 00:00:00+07:00,9248.60546875,9313.736328125,8890.384765625,8890.384765625,7834.13671875,4231009,0.0,0.0
2022-09-20 00:00:00+07:00,9020.646484375,9216.0390625,8857.8193359375,9183.4736328125,8092.40380859375,4033868,0.0,0.0
2022-09-21 00:00:00+07:00,9183.4736328125,9216.0390625,9053.2119140625,9118.3427734375,8035.01171875,1877446,0.0,0.0
2022-09-22 00:00:00+07:00,9053.2119140625,9216.0390625,8955.515625,9150.908203125,8063.70703125,3118022,0.0,0.0
2022-09-23 00:00:00+07:00,9183.4736328125,9248.60546875,8988.0810546875,8988.0810546875,7920.2255859375,2919806,0.0,0.0
2022-09-26 00:00:00+07:00,8467.033203125,8857.8193359375,8467.033203125,8564.7294921875,7547.171875,4786966,0.0,0.0
2022-09-27 00:00:00+07:00,8597.294921875,8760.1220703125,8532.1640625,8727.556640625,7690.65380859375,2483302,0.0,0.0
2022-09-28 00:00:00+07:00,8597.294921875,8760.1220703125,8467.033203125,8467.033203125,7461.08251953125,2569436,0.0,0.0
2022-09-29 00:00:00+07:00,8662.42578125,8694.9912109375,8401.9013671875,8401.9013671875,7403.6884765625,4048147,0.0,0.0
2022-09-30 00:00:00+07:00,8336.7705078125,8467.033203125,7913.4189453125,8401.9013671875,7403.6884765625,7815169,0.0,0.0
2022-10-03 00:00:00+07:00,8369.3359375,8597.294921875,7815.72265625,7848.2880859375,6915.84912109375,7026759,0.0,0.0
2022-10-04 00:00:00+07:00,8043.68115234375,8206.5087890625,7620.32958984375,7620.32958984375,6714.97412109375,9376791,0.0,0.0
2022-10-05 00:00:00+07:00,7815.72265625,7913.4189453125,7652.89501953125,7815.72265625,6887.15234375,7587628,0.0,0.0
2022-10-06 00:00:00+07:00,7848.2880859375,7848.2880859375,7294.67431640625,7294.67431640625,6428.00927734375,7209314,0.0,0.0
2022-10-07 00:00:00+07:00,7164.412109375,7164.412109375,6806.19189453125,6806.19189453125,5997.56201171875,19126523,0.0,0.0
2022-10-10 00:00:00+07:00,6337.24853515625,6773.6259765625,6330.7353515625,6610.798828125,5825.38330078125,23479287,0.0,0.0
2022-10-11 00:00:00+07:00,6513.10205078125,6578.23291015625,6148.3681640625,6148.3681640625,5417.89306640625,14932976,0.0,0.0
2022-10-12 00:00:00+07:00,6148.3681640625,6578.23291015625,6115.802734375,6578.23291015625,5796.6865234375,13199700,0.0,0.0
2022-10-13 00:00:00+07:00,6643.3642578125,6741.060546875,6513.10205078125,6643.3642578125,5854.080078125,10173646,0.0,0.0
2022-10-14 00:00:00+07:00,6969.01904296875,7099.28125,6806.19189453125,7034.150390625,6198.4375,15884289,0.0,0.0
2022-10-17 00:00:00+07:00,6969.01904296875,7229.54345703125,6903.88818359375,7164.412109375,6313.22314453125,11497593,0.0,0.0
2022-10-18 00:00:00+07:00,7327.23974609375,7424.9365234375,7131.8466796875,7164.412109375,6313.22314453125,11670782,0.0,0.0
2022-10-19 00:00:00+07:00,7229.54345703125,7294.67431640625,7034.150390625,7099.28125,6255.83056640625,10785183,0.0,0.0
2022-10-20 00:00:00+07:00,7099.28125,7131.8466796875,6903.88818359375,7001.5849609375,6169.74072265625,8481979,0.0,0.0
2022-10-21 00:00:00+07:00,7099.28125,7099.28125,6513.10205078125,6545.66748046875,5767.990234375,16833760,0.0,0.0
2022-10-24 00:00:00+07:00,6578.23291015625,6708.4951171875,6089.75048828125,6089.75048828125,5366.23974609375,17688191,0.0,0.0
2022-10-25 00:00:00+07:00,6122.31591796875,6513.10205078125,5926.9228515625,6513.10205078125,5739.2939453125,23131220,0.0,0.0
2022-10-26 00:00:00+07:00,6643.3642578125,6806.19189453125,6545.66748046875,6741.060546875,5940.1689453125,14262942,0.0,0.0
2022-10-27 00:00:00+07:00,6806.19189453125,7196.97802734375,6806.19189453125,7196.97802734375,6341.919921875,21335301,0.0,0.0
2022-10-28 00:00:00+07:00,7392.37109375,7555.1982421875,7262.10888671875,7359.80517578125,6485.40185546875,22530738,0.0,0.0
2022-10-31 00:00:00+07:00,7359.80517578125,7652.89501953125,7262.10888671875,7652.89501953125,6743.67041015625,23096828,0.0,0.0
2022-11-01 00:00:00+07:00,7815.72265625,7978.55029296875,7685.46044921875,7815.72265625,6887.15234375,14036168,0.0,0.0
2022-11-02 00:00:00+07:00,7750.59130859375,7880.853515625,7522.6328125,7555.1982421875,6657.5810546875,15642469,0.0,0.0
2022-11-03 00:00:00+07:00,7359.80517578125,7718.02587890625,7359.80517578125,7620.32958984375,6714.97412109375,14864498,0.0,0.0
2022-11-04 00:00:00+07:00,7555.1982421875,7685.46044921875,7131.8466796875,7424.9365234375,6542.79541015625,26178155,0.0,0.0
2022-11-07 00:00:00+07:00,7359.80517578125,7555.1982421875,6936.45361328125,6936.45361328125,6112.34765625,16003126,0.0,0.0
2022-11-08 00:00:00+07:00,6903.88818359375,7392.37109375,6773.6259765625,7359.80517578125,6485.40185546875,15708643,0.0,0.0
2022-11-09 00:00:00+07:00,7457.501953125,7718.02587890625,7359.80517578125,7424.9365234375,6542.79541015625,12522911,0.0,0.0
2022-11-10 00:00:00+07:00,7262.10888671875,7424.9365234375,6936.45361328125,6936.45361328125,6112.34765625,22636525,0.0,0.0
2022-11-11 00:00:00+07:00,7164.412109375,7294.67431640625,6936.45361328125,6969.01904296875,6141.04443359375,14832716,0.0,0.0
2022-11-14 00:00:00+07:00,6773.6259765625,6903.88818359375,6493.56298828125,6708.4951171875,5911.47265625,18993714,0.0,0.0
2022-11-15 00:00:00+07:00,6643.3642578125,6643.3642578125,6239.5517578125,6239.5517578125,5498.24365234375,24089289,0.0,0.0
2022-11-16 00:00:00+07:00,5835.73974609375,6675.9296875,5803.173828125,6675.9296875,5882.77587890625,30819722,0.0,0.0
2022-11-17 00:00:00+07:00,7078.11376953125,7138.0341796875,6965.7626953125,7138.0341796875,6289.97900390625,9975744,0.0,1.15
2022-11-18 00:00:00+07:00,7227.9150390625,7527.517578125,6875.8818359375,7490.0673828125,6600.18798828125,13863693,0.0,0.0
2022-11-21 00:00:00+07:00,7490.0673828125,7602.41845703125,7280.345703125,7302.81591796875,6435.18359375,10438357,0.0,0.0
2022-11-22 00:00:00+07:00,7265.365234375,7789.669921875,7235.4052734375,7460.10693359375,6573.787109375,18166325,0.0,0.0
2022-11-23 00:00:00+07:00,7482.5771484375,7677.3193359375,7355.24609375,7355.24609375,6481.38427734375,12182533,0.0,0.0
2022-11-24 00:00:00+07:00,7452.6171875,7527.517578125,7153.0146484375,7482.5771484375,6593.58740234375,11952362,0.0,0.0
2022-11-25 00:00:00+07:00,7677.3193359375,7976.921875,7527.517578125,7976.921875,7029.2001953125,22025435,0.0,0.0
2022-11-28 00:00:00+07:00,8239.07421875,8501.2265625,8126.72314453125,8501.2265625,7491.212890625,19232804,0.0,0.0
2022-11-29 00:00:00+07:00,8538.6767578125,8651.0283203125,8164.17333984375,8576.126953125,7557.21484375,25572533,0.0,0.0
2022-11-30 00:00:00+07:00,8576.126953125,8800.8291015625,8388.8759765625,8576.126953125,7557.21484375,17872736,0.0,0.0
2022-12-01 00:00:00+07:00,8725.9287109375,9137.8818359375,8463.7763671875,8538.6767578125,7524.2138671875,29444995,0.0,0.0
2022-12-02 00:00:00+07:00,8538.6767578125,9100.431640625,8351.4248046875,9100.431640625,8019.22802734375,32621335,0.0,0.0
2022-12-05 00:00:00+07:00,9512.3857421875,9737.087890625,9137.8818359375,9737.087890625,8580.2451171875,29881306,0.0,0.0
2022-12-06 00:00:00+07:00,9849.4384765625,10261.392578125,9624.736328125,9774.5380859375,8613.2451171875,48678600,0.0,0.0
2022-12-07 00:00:00+07:00,9737.087890625,9961.7900390625,9474.935546875,9624.736328125,8481.2412109375,18475134,0.0,0.0
2022-12-08 00:00:00+07:00,9774.5380859375,10261.392578125,9737.087890625,10223.9423828125,9009.2568359375,25421533,0.0,0.0
2022-12-09 00:00:00+07:00,10261.392578125,10710.796875,9662.1865234375,10261.392578125,9042.2578125,34250959,0.0,0.0
2022-12-12 00:00:00+07:00,10111.5908203125,10261.392578125,9587.2861328125,9999.240234375,8811.2509765625,24739697,0.0,0.0
2022-12-13 00:00:00+07:00,9774.5380859375,10111.5908203125,9587.2861328125,10036.6904296875,8844.251953125,11188417,0.0,0.0
2022-12-14 00:00:00+07:00,10186.4921875,10186.4921875,9849.4384765625,9886.888671875,8712.2470703125,9733290,0.0,0.0
2022-12-15 00:00:00+07:00,9699.6376953125,10111.5908203125,9699.6376953125,9886.888671875,8712.2470703125,8587506,0.0,0.0
2022-12-16 00:00:00+07:00,9737.087890625,10373.7431640625,9699.6376953125,9886.888671875,8712.2470703125,13598008,0.0,0.0
2022-12-19 00:00:00+07:00,9924.33984375,10111.5908203125,9849.4384765625,9849.4384765625,8679.2470703125,10325274,0.0,0.0
2022-12-20 00:00:00+07:00,9737.087890625,9886.888671875,9212.783203125,9325.1337890625,8217.2333984375,15353533,0.0,0.0
2022-12-21 00:00:00+07:00,9474.935546875,9587.2861328125,9137.8818359375,9474.935546875,8349.23828125,9391904,0.0,0.0
2022-12-22 00:00:00+07:00,9624.736328125,9924.33984375,9549.8359375,9886.888671875,8712.2470703125,15939642,0.0,0.0
2022-12-23 00:00:00+07:00,9737.087890625,9811.98828125,9587.2861328125,9737.087890625,8580.2451171875,15163681,0.0,0.0
2022-12-26 00:00:00+07:00,9699.6376953125,9774.5380859375,9062.9814453125,9062.9814453125,7986.2275390625,16647647,0.0,0.0
2022-12-27 00:00:00+07:00,9062.9814453125,9362.583984375,8913.1806640625,9362.583984375,8250.2353515625,9273080,0.0,0.0
2022-12-28 00:00:00+07:00,9362.583984375,9999.240234375,9325.1337890625,9999.240234375,8811.2509765625,22301668,0.0,0.0
2022-12-29 00:00:00+07:00,10036.6904296875,10261.392578125,9811.98828125,9811.98828125,8646.24609375,15394654,0.0,0.0
2022-12-30 00:00:00+07:00,9811.98828125,10186.4921875,9774.5380859375,9811.98828125,8646.24609375,14975966,0.0,0.0
2023-01-02 00:00:00+07:00,9811.98828125,9811.98828125,9811.98828125,9811.98828125,8646.24609375,0,0.0,0.0
2023-01-03 00:00:00+07:00,9811.98828125,10223.9423828125,9811.98828125,10223.9423828125,9009.2568359375,12024591,0.0,0.0
2023-01-04 00:00:00+07:00,10223.9423828125,10336.29296875,10111.5908203125,10111.5908203125,8910.2529296875,11794152,0.0,0.0
2023-01-05 00:00:00+07:00,10186.4921875,10223.9423828125,10036.6904296875,10149.041015625,8943.2548828125,7365621,0.0,0.0
2023-01-06 00:00:00+07:00,10186.4921875,10823.1474609375,10149.041015625,10823.1474609375,9537.271484375,61738963,0.0,0.0
2023-01-09 00:00:00+07:00,10972.94921875,11047.849609375,10673.345703125,10673.345703125,9405.267578125,9585761,0.0,0.0
2023-01-10 00:00:00+07:00,10673.345703125,10935.498046875,10673.345703125,10823.1474609375,9537.271484375,11490283,0.0,0.0
2023-01-11 00:00:00+07:00,10972.94921875,11197.650390625,10823.1474609375,10823.1474609375,9537.271484375,14688652,0.0,0.0
2023-01-12 00:00:00+07:00,10935.498046875,10935.498046875,10748.2470703125,10860.59765625,9570.2724609375,11189218,0.0,0.0
2023-01-13 00:00:00+07:00,10935.498046875,11122.75,10860.59765625,10972.94921875,9669.275390625,14928437,0.0,0.0
2023-01-16 00:00:00+07:00,11010.3994140625,11010.3994140625,10785.697265625,10972.94921875,9669.275390625,10566660,0.0,0.0
2023-01-17 00:00:00+07:00,10972.94921875,11310.001953125,10972.94921875,11160.2001953125,9834.2802734375,15188381,0.0,0.0
2023-01-18 00:00:00+07:00,11235.1015625,11384.90234375,11122.75,11197.650390625,9867.2802734375,8935033,0.0,0.0
2023-01-19 00:00:00+07:00,11235.1015625,11310.001953125,11122.75,11197.650390625,9867.2802734375,11695355,0.0,0.0
2023-01-20 00:00:00+07:00,11197.650390625,11197.650390625,11197.650390625,11197.650390625,9867.2802734375,0,0.0,0.0
2023-01-23 00:00:00+07:00,11197.650390625,11197.650390625,11197.650390625,11197.650390625,9867.2802734375,0,0.0,0.0
2023-01-24 00:00:00+07:00,11197.650390625,11197.650390625,11197.650390625,11197.650390625,9867.2802734375,0,0.0,0.0
2023-01-25 00:00:00+07:00,11197.650390625,11197.650390625,11197.650390625,11197.650390625,9867.2802734375,0,0.0,0.0
2023-01-26 00:00:00+07:00,11197.650390625,11197.650390625,11197.650390625,11197.650390625,9867.2802734375,0,0.0,0.0
2023-01-27 00:00:00+07:00,11272.5517578125,11384.90234375,11085.2998046875,11235.1015625,9900.2822265625,15375428,0.0,0.0
2023-01-30 00:00:00+07:00,11235.1015625,11235.1015625,10860.59765625,10860.59765625,9570.2724609375,18457243,0.0,0.0
2023-01-31 00:00:00+07:00,10748.2470703125,11160.2001953125,10710.796875,11085.2998046875,9768.2783203125,13298011,0.0,0.0
2023-02-01 00:00:00+07:00,11085.2998046875,11197.650390625,10336.29296875,10336.29296875,9108.2587890625,19352295,0.0,0.0
2023-02-02 00:00:00+07:00,10411.193359375,10486.0947265625,10149.041015625,10223.9423828125,9009.2568359375,14836047,0.0,0.0
2023-02-03 00:00:00+07:00,10373.7431640625,10411.193359375,10261.392578125,10411.193359375,9174.2607421875,10215128,0.0,0.0
2023-02-06 00:00:00+07:00,10336.29296875,10486.0947265625,10149.041015625,10411.193359375,9174.2607421875,7478704,0.0,0.0
2023-02-07 00:00:00+07:00,10486.0947265625,10635.8955078125,10149.041015625,10149.041015625,8943.2548828125,11419790,0.0,0.0
2023-02-08 00:00:00+07:00,10223.9423828125,10635.8955078125,10149.041015625,10411.193359375,9174.2607421875,12419380,0.0,0.0
2023-02-09 00:00:00+07:00,10373.7431640625,10673.345703125,10336.29296875,10411.193359375,9174.2607421875,9424214,0.0,0.0
2023-02-10 00:00:00+07:00,10448.64453125,10860.59765625,10336.29296875,10523.544921875,9273.2646484375,15918281,0.0,0.0
2023-02-13 00:00:00+07:00,10486.0947265625,10710.796875,10261.392578125,10373.7431640625,9141.2607421875,11620055,0.0,0.0
2023-02-14 00:00:00+07:00,10486.0947265625,10486.0947265625,10186.4921875,10261.392578125,9042.2578125,6478312,0.0,0.0
2023-02-15 00:00:00+07:00,10261.392578125,10486.0947265625,10149.041015625,10298.8427734375,9075.2587890625,8327561,0.0,0.0
2023-02-16 00:00:00+07:00,10373.7431640625,10486.0947265625,10373.7431640625,10486.0947265625,9240.263671875,8719414,0.0,0.0
2023-02-17 00:00:00+07:00,10486.0947265625,11085.2998046875,10486.0947265625,10860.59765625,9570.2724609375,25344097,0.0,0.0
2023-02-20 00:00:00+07:00,10860.59765625,11235.1015625,10860.59765625,11235.1015625,9900.2822265625,14180913,0.0,0.0
2023-02-21 00:00:00+07:00,11272.5517578125,11310.001953125,10972.94921875,11010.3994140625,9702.2763671875,11521391,0.0,0.0
2023-02-22 00:00:00+07:00,10823.1474609375,11085.2998046875,10560.9951171875,10560.9951171875,9306.2646484375,13332056,0.0,0.0
2023-02-23 00:00:00+07:00,10560.9951171875,10823.1474609375,10373.7431640625,10598.4453125,9339.2666015625,12465842,0.0,0.0
2023-02-24 00:00:00+07:00,10673.345703125,10785.697265625,10560.9951171875,10560.9951171875,9306.2646484375,10184420,0.0,0.0
2023-02-27 00:00:00+07:00,10411.193359375,10560.9951171875,10336.29296875,10336.29296875,9108.2587890625,7745324,0.0,0.0
2023-02-28 00:00:00+07:00,10373.7431640625,10523.544921875,10373.7431640625,10448.64453125,9207.2626953125,7125035,0.0,0.0
2023-03-01 00:00:00+07:00,10411.193359375,10860.59765625,10336.29296875,10710.796875,9438.26953125,13030189,0.0,0.0
2023-03-02 00:00:00+07:00,10860.59765625,11085.2998046875,10598.4453125,10785.697265625,9504.2705078125,11061849,0.0,0.0
2023-03-03 00:00:00+07:00,10860.59765625,10972.94921875,10598.4453125,10598.4453125,9339.2666015625,9276551,0.0,0.0
2023-03-06 00:00:00+07:00,10748.2470703125,10935.498046875,10673.345703125,10673.345703125,9405.267578125,11552766,0.0,0.0
2023-03-07 00:00:00+07:00,10898.0478515625,10935.498046875,10673.345703125,10748.2470703125,9471.26953125,10622868,0.0,0.0
2023-03-08 00:00:00+07:00,10673.345703125,10972.94921875,10673.345703125,10972.94921875,9669.275390625,9740499,0.0,0.0
2023-03-09 00:00:00+07:00,11047.849609375,11347.4521484375,11010.3994140625,11085.2998046875,9768.2783203125,26195358,0.0,0.0
2023-03-10 00:00:00+07:00,11085.2998046875,11197.650390625,11010.3994140625,11047.849609375,9735.27734375,11180673,0.0,0.0
2023-03-13 00:00:00+07:00,11047.849609375,11310.001953125,11010.3994140625,11047.849609375,9735.27734375,18054844,0.0,0.0
2023-03-14 00:00:00+07:00,11085.2998046875,11235.1015625,10972.94921875,10972.94921875,9669.275390625,21765625,0.0,0.0
2023-03-15 00:00:00+07:00,11197.650390625,11422.3525390625,11085.2998046875,11235.1015625,9900.2822265625,23297253,0.0,0.0
2023-03-16 00:00:00+07:00,11197.650390625,11272.5517578125,11122.75,11122.75,9801.2783203125,14024840,0.0,0.0
2023-03-17 00:00:00+07:00,11160.2001953125,11272.5517578125,11122.75,11160.2001953125,9834.2802734375,17735754,0.0,0.0
2023-03-20 00:00:00+07:00,11122.75,11160.2001953125,10823.1474609375,10823.1474609375,9537.271484375,22563748,0.0,0.0
2023-03-21 00:00:00+07:00,11010.3994140625,11085.2998046875,10823.1474609375,11010.3994140625,9702.2763671875,7449465,0.0,0.0
2023-03-22 00:00:00+07:00,11047.849609375,11160.2001953125,11010.3994140625,11085.2998046875,9768.2783203125,9408059,0.0,0.0
2023-03-23 00:00:00+07:00,11010.3994140625,11197.650390625,11010.3994140625,11197.650390625,9867.2802734375,4589277,0.0,0.0
2023-03-24 00:00:00+07:00,11235.1015625,11759.40625,11235.1015625,11609.6044921875,10230.291015625,23993375,0.0,0.0
2023-03-27 00:00:00+07:00,11609.6044921875,11647.0546875,11534.7041015625,11572.154296875,10197.2900390625,8937169,0.0,0.0
2023-03-28 00:00:00+07:00,11647.0546875,11721.955078125,11459.802734375,11459.802734375,10098.287109375,15975824,0.0,0.0
2023-03-29 00:00:00+07:00,11497.25390625,11572.154296875,11422.3525390625,11497.25390625,10131.2890625,8934098,0.0,0.0
2023-03-30 00:00:00+07:00,11609.6044921875,11647.0546875,11459.802734375,11497.25390625,10131.2890625,9023683,0.0,0.0
2023-03-31 00:00:00+07:00,11497.25390625,11534.7041015625,11384.90234375,11534.7041015625,10164.2900390625,8326627,0.0,0.0
2023-04-03 00:00:00+07:00,11647.0546875,11834.306640625,11534.7041015625,11609.6044921875,10230.291015625,12779057,0.0,0.0
2023-04-04 00:00:00+07:00,11609.6044921875,11871.7568359375,11572.154296875,11796.8564453125,10395.2958984375,20934924,0.0,0.0
2023-04-05 00:00:00+07:00,11759.40625,11796.8564453125,11609.6044921875,11647.0546875,10263.2919921875,6671769,0.0,0.0
2023-04-06 00:00:00+07:00,11647.0546875,11721.955078125,11272.5517578125,11272.5517578125,9933.283203125,16868472,0.0,0.0
2023-04-07 00:00:00+07:00,11310.001953125,11347.4521484375,11010.3994140625,11085.2998046875,9768.2783203125,15661407,0.0,0.0
2023-04-10 00:00:00+07:00,11197.650390625,11235.1015625,10935.498046875,10935.498046875,9636.2744140625,11858905,0.0,0.0
2023-04-11 00:00:00+07:00,10935.498046875,11122.75,10898.0478515625,11122.75,9801.2783203125,7260682,0.0,0.0
2023-04-12 00:00:00+07:00,11197.650390625,11310.001953125,11122.75,11122.75,9801.2783203125,7125436,0.0,0.0
2023-04-13 00:00:00+07:00,11160.2001953125,11235.1015625,11047.849609375,11047.849609375,9735.27734375,5854419,0.0,0.0
2023-04-14 00:00:00+07:00,11085.2998046875,11534.7041015625,11085.2998046875,11085.2998046875,9768.2783203125,23106734,0.0,0.0
2023-04-17 00:00:00+07:00,11197.650390625,11235.1015625,10598.4453125,10710.796875,9438.26953125,16281562,0.0,0.0
2023-04-18 00:00:00+07:00,10785.697265625,10823.1474609375,10373.7431640625,10486.0947265625,9240.263671875,17914791,0.0,0.0
2023-04-19 00:00:00+07:00,10635.8955078125,10635.8955078125,10223.9423828125,10261.392578125,9042.2578125,11786809,0.0,0.0
2023-04-20 00:00:00+07:00,10223.9423828125,10411.193359375,10223.9423828125,10373.7431640625,9141.2607421875,6010760,0.0,0.0
2023-04-21 00:00:00+07:00,10411.193359375,10523.544921875,10223.9423828125,10223.9423828125,9009.2568359375,10100309,0.0,0.0
2023-04-24 00:00:00+07:00,10336.29296875,10373.7431640625,9961.7900390625,10036.6904296875,8844.251953125,10387623,0.0,0.0
2023-04-25 00:00:00+07:00,10074.140625,10111.5908203125,9811.98828125,9811.98828125,8646.24609375,11527933,0.0,0.0
2023-04-26 00:00:00+07:00,9737.087890625,10486.0947265625,9737.087890625,10486.0947265625,9240.263671875,10543696,0.0,0.0
2023-04-27 00:00:00+07:00,10411.193359375,10710.796875,10298.8427734375,10635.8955078125,9372.2666015625,11208844,0.0,0.0
2023-04-28 00:00:00+07:00,10635.8955078125,10635.8955078125,10486.0947265625,10486.0947265625,9240.263671875,6692730,0.0,0.0
2023-05-01 00:00:00+07:00,10486.0947265625,10486.0947265625,10486.0947265625,10486.0947265625,9240.263671875,0,0.0,0.0
2023-05-02 00:00:00+07:00,10486.0947265625,10486.0947265625,10486.0947265625,10486.0947265625,9240.263671875,0,0.0,0.0
2023-05-03 00:00:00+07:00,10486.0947265625,10486.0947265625,10486.0947265625,10486.0947265625,9240.263671875,0,0.0,0.0
2023-05-04 00:00:00+07:00,10411.193359375,10411.193359375,10223.9423828125,10223.9423828125,9009.2568359375,6279649,0.0,0.0
2023-05-05 00:00:00+07:00,10223.9423828125,10411.193359375,10149.041015625,10261.392578125,9042.2578125,3694092,0.0,0.0
2023-05-08 00:00:00+07:00,10261.392578125,10411.193359375,10223.9423828125,10223.9423828125,9009.2568359375,6887120,0.0,0.0
2023-05-09 00:00:00+07:00,10261.392578125,10560.9951171875,10261.392578125,10486.0947265625,9240.263671875,17524942,0.0,0.0
2023-05-10 00:00:00+07:00,10560.9951171875,10598.4453125,10373.7431640625,10523.544921875,9273.2646484375,12836600,0.0,0.0
2023-05-11 00:00:00+07:00,10560.9951171875,10598.4453125,9811.98828125,10373.7431640625,9141.2607421875,31704520,0.0,0.0
2023-05-12 00:00:00+07:00,10411.193359375,10448.64453125,10261.392578125,10411.193359375,9174.2607421875,10575872,0.0,0.0
2023-05-15 00:00:00+07:00,10486.0947265625,10598.4453125,10373.7431640625,10373.7431640625,9141.2607421875,13157558,0.0,0.0
2023-05-16 00:00:00+07:00,10373.7431640625,10448.64453125,10298.8427734375,10411.193359375,9174.2607421875,9223548,0.0,0.0
2023-05-17 00:00:00+07:00,10448.64453125,10486.0947265625,10298.8427734375,10336.29296875,9108.2587890625,9308193,0.0,0.0
2023-05-18 00:00:00+07:00,10373.7431640625,10523.544921875,10298.8427734375,10486.0947265625,9240.263671875,11194158,0.0,0.0
2023-05-19 00:00:00+07:00,10635.8955078125,10635.8955078125,10373.7431640625,10486.0947265625,9240.263671875,8382568,0.0,0.0
2023-05-22 00:00:00+07:00,10523.544921875,10710.796875,10486.0947265625,10635.8955078125,9372.2666015625,12294415,0.0,0.0
2023-05-23 00:00:00+07:00,10673.345703125,10710.796875,10523.544921875,10523.544921875,9273.2646484375,7868153,0.0,0.0
2023-05-24 00:00:00+07:00,10523.544921875,10523.544921875,10523.544921875,10523.544921875,9273.2646484375,0,0.0,0.0
2023-05-25 00:00:00+07:00,10411.193359375,10523.544921875,10373.7431640625,10448.64453125,9207.2626953125,6645200,0.0,0.0
2023-05-26 00:00:00+07:00,10486.0947265625,10635.8955078125,10373.7431640625,10598.4453125,9339.2666015625,14208683,0.0,0.0
2023-05-29 00:00:00+07:00,10635.8955078125,10785.697265625,10598.4453125,10785.697265625,9504.2705078125,11552232,0.0,0.0
2023-05-30 00:00:00+07:00,10860.59765625,10860.59765625,10710.796875,10860.59765625,9570.2724609375,11895887,0.0,0.0
2023-05-31 00:00:00+07:00,10898.0478515625,10972.94921875,10785.697265625,10860.59765625,9570.2724609375,11590416,0.0,0.0
2023-06-01 00:00:00+07:00,10898.0478515625,11010.3994140625,10823.1474609375,11010.3994140625,9702.2763671875,8607799,0.0,0.0
2023-06-02 00:00:00+07:00,11085.2998046875,11347.4521484375,11085.2998046875,11235.1015625,9900.2822265625,17591964,0.0,0.0
2023-06-05 00:00:00+07:00,11384.90234375,11459.802734375,11272.5517578125,11459.802734375,10098.287109375,21902873,0.0,0.0
2023-06-06 00:00:00+07:00,11459.802734375,11534.7041015625,11310.001953125,11497.25390625,10131.2890625,14959277,0.0,0.0
2023-06-07 00:00:00+07:00,11534.7041015625,11534.7041015625,11235.1015625,11235.1015625,9900.2822265625,10843961,0.0,0.0
2023-06-08 00:00:00+07:00,11235.1015625,11310.001953125,10935.498046875,10972.94921875,9669.275390625,11980666,0.0,0.0
2023-06-09 00:00:00+07:00,10972.94921875,11347.4521484375,10898.0478515625,11347.4521484375,9999.2841796875,10448370,0.0,0.0
2023-06-12 00:00:00+07:00,11384.90234375,11384.90234375,11160.2001953125,11384.90234375,10032.2861328125,10747433,0.0,0.0
2023-06-13 00:00:00+07:00,11384.90234375,11422.3525390625,11197.650390625,11197.650390625,9867.2802734375,4968179,0.0,0.0
2023-06-14 00:00:00+07:00,11197.650390625,11310.001953125,11122.75,11122.75,9801.2783203125,5327989,0.0,0.0
2023-06-15 00:00:00+07:00,11122.75,11122.75,10935.498046875,10972.94921875,9669.275390625,6852274,0.0,0.0
2023-06-16 00:00:00+07:00,11122.75,11235.1015625,10972.94921875,11047.849609375,9735.27734375,6434788,0.0,0.0
2023-06-19 00:00:00+07:00,11085.2998046875,11197.650390625,11010.3994140625,11010.3994140625,9702.2763671875,7011552,0.0,0.0
2023-06-20 00:00:00+07:00,11047.849609375,11235.1015625,11047.849609375,11122.75,9801.2783203125,5114506,0.0,0.0
2023-06-21 00:00:00+07:00,11235.1015625,11459.802734375,11122.75,11272.5517578125,9933.283203125,14442593,0.0,0.0
2023-06-22 00:00:00+07:00,11272.5517578125,11272.5517578125,11272.5517578125,11272.5517578125,9933.283203125,0,0.0,0.0
2023-06-23 00:00:00+07:00,11459.802734375,11796.8564453125,11422.3525390625,11497.25390625,10131.2890625,22654535,0.0,0.0
2023-06-26 00:00:00+07:00,11497.25390625,11647.0546875,11235.1015625,11459.802734375,10098.287109375,7523697,0.0,0.0
2023-06-27 00:00:00+07:00,11497.25390625,11609.6044921875,11422.3525390625,11422.3525390625,10065.2861328125,6203281,0.0,0.0
2023-06-28 00:00:00+07:00,11459.802734375,11609.6044921875,11422.3525390625,11459.802734375,10098.287109375,8183370,0.0,0.0
2023-06-29 00:00:00+07:00,11572.154296875,11572.154296875,11347.4521484375,11347.4521484375,9999.2841796875,9192574,0.0,0.0
2023-06-30 00:00:00+07:00,11347.4521484375,11422.3525390625,11310.001953125,11347.4521484375,9999.2841796875,3557511,0.0,0.0
2023-07-03 00:00:00+07:00,11384.90234375,11609.6044921875,11384.90234375,11459.802734375,10098.287109375,9124350,0.0,0.0
2023-07-04 00:00:00+07:00,11534.7041015625,11609.6044921875,11384.90234375,11572.154296875,10197.2900390625,7817686,0.0,0.0
2023-07-05 00:00:00+07:00,11647.0546875,11834.306640625,11572.154296875,11647.0546875,10263.2919921875,15469019,0.0,0.0
2023-07-06 00:00:00+07:00,11684.5048828125,11834.306640625,11497.25390625,11609.6044921875,10230.291015625,8403662,0.0,0.0
2023-07-07 00:00:00+07:00,11572.154296875,12059.0087890625,11572.154296875,12059.0087890625,10626.302734375,17997968,0.0,0.0
2023-07-10 00:00:00+07:00,12096.458984375,12508.4130859375,12059.0087890625,12208.8095703125,10758.3056640625,26030740,0.0,0.0
2023-07-11 00:00:00+07:00,12246.2607421875,12508.4130859375,12133.9091796875,12133.9091796875,10692.3046875,18744156,0.0,0.0
2023-07-12 00:00:00+07:00,12096.458984375,12545.86328125,11759.40625,11759.40625,10362.294921875,17962321,0.0,0.0
2023-07-13 00:00:00+07:00,11984.1083984375,12171.359375,11946.6572265625,11984.1083984375,10560.30078125,10718728,0.0,0.0
2023-07-14 00:00:00+07:00,12133.9091796875,12171.359375,11684.5048828125,11721.955078125,10329.2939453125,17518266,0.0,0.0
2023-07-17 00:00:00+07:00,11721.955078125,12208.8095703125,11721.955078125,11984.1083984375,10560.30078125,13214567,0.0,0.0
2023-07-18 00:00:00+07:00,12021.55859375,12283.7109375,11984.1083984375,12096.458984375,10659.3037109375,12340743,0.0,0.0
2023-07-19 00:00:00+07:00,12096.458984375,12508.4130859375,12096.458984375,12208.8095703125,10758.3056640625,14509081,0.0,0.0
2023-07-20 00:00:00+07:00,12246.2607421875,12321.1611328125,12096.458984375,12171.359375,10725.3056640625,6147608,0.0,0.0
2023-07-21 00:00:00+07:00,12059.0087890625,12283.7109375,12059.0087890625,12171.359375,10725.3056640625,6846533,0.0,0.0
2023-07-24 00:00:00+07:00,12171.359375,12433.51171875,12133.9091796875,12246.2607421875,10791.30859375,13189467,0.0,0.0
2023-07-25 00:00:00+07:00,12246.2607421875,12508.4130859375,12246.2607421875,12358.611328125,10890.310546875,10538489,0.0,0.0
2023-07-26 00:00:00+07:00,12358.611328125,12396.0615234375,12246.2607421875,12246.2607421875,10791.30859375,4979260,0.0,0.0
2023-07-27 00:00:00+07:00,12283.7109375,12508.4130859375,12208.8095703125,12358.611328125,10890.310546875,12213508,0.0,0.0
2023-07-28 00:00:00+07:00,12321.1611328125,12470.9619140625,12208.8095703125,12208.8095703125,10758.3056640625,8108471,0.0,0.0
2023-07-31 00:00:00+07:00,12283.7109375,12433.51171875,12246.2607421875,12246.2607421875,10791.30859375,7152672,0.0,0.0
2023-08-01 00:00:00+07:00,12283.7109375,12545.86328125,12283.7109375,12358.611328125,10890.310546875,12501756,0.0,0.0
2023-08-02 00:00:00+07:00,12396.0615234375,12733.1142578125,12358.611328125,12545.86328125,11055.314453125,13082525,0.0,0.0
2023-08-03 00:00:00+07:00,12583.3134765625,12808.015625,12583.3134765625,12695.6640625,11187.318359375,10753040,0.0,0.0
2023-08-04 00:00:00+07:00,12733.1142578125,12920.3662109375,12695.6640625,12920.3662109375,11385.32421875,6710353,0.0,0.0
2023-08-07 00:00:00+07:00,12957.81640625,13819.1748046875,12957.81640625,13819.1748046875,12177.34765625,27151424,0.0,0.0
2023-08-08 00:00:00+07:00,13968.9755859375,14493.2802734375,13968.9755859375,14231.1279296875,12540.3564453125,15222559,0.0,0.0
2023-08-09 00:00:00+07:00,14380.9296875,14380.9296875,14081.3271484375,14156.2275390625,12474.35546875,5431726,0.0,0.0
2023-08-10 00:00:00+07:00,14231.1279296875,14231.1279296875,13856.625,13931.525390625,12276.349609375,5016510,0.0,0.0
2023-08-11 00:00:00+07:00,13856.625,14006.42578125,13781.7236328125,13931.525390625,12276.349609375,6053483,0.0,0.0
2023-08-14 00:00:00+07:00,13931.525390625,14193.677734375,13931.525390625,14118.77734375,12441.3544921875,5835995,0.0,0.0
2023-08-15 00:00:00+07:00,14118.77734375,14193.677734375,14081.3271484375,14156.2275390625,12474.35546875,5425318,0.0,0.0
2023-08-16 00:00:00+07:00,14156.2275390625,14380.9296875,14081.3271484375,14193.677734375,12507.3564453125,9461597,0.0,0.0
2023-08-17 00:00:00+07:00,14193.677734375,14455.830078125,14193.677734375,14268.578125,12573.3583984375,12257165,0.0,0.0
2023-08-18 00:00:00+07:00,14231.1279296875,14680.5322265625,13482.12109375,13669.373046875,12045.3427734375,21638656,0.0,0.0
2023-08-21 00:00:00+07:00,13781.7236328125,14605.6318359375,13781.7236328125,14530.73046875,12804.3642578125,36853339,0.0,0.0
2023-08-22 00:00:00+07:00,15850.0,15850.0,14600.0,15350.0,13526.2978515625,9434700,0.0,1.19
2023-08-23 00:00:00+07:00,15600.0,15650.0,15300.0,15350.0,13526.2978515625,3710500,0.0,0.0
2023-08-24 00:00:00+07:00,15350.0,15900.0,15350.0,15650.0,13790.6552734375,6591700,0.0,0.0
2023-08-25 00:00:00+07:00,15700.0,16000.0,15600.0,15700.0,13834.7158203125,6036400,0.0,0.0
2023-08-28 00:00:00+07:00,15750.0,16000.0,15700.0,15800.0,13922.8349609375,4751400,0.0,0.0
2023-08-29 00:00:00+07:00,15900.0,16000.0,15800.0,15850.0,13966.8935546875,7693400,0.0,0.0
2023-08-30 00:00:00+07:00,15950.0,16100.0,15900.0,15900.0,14010.953125,4373000,0.0,0.0
2023-08-31 00:00:00+07:00,16000.0,16100.0,15800.0,16050.0,14143.1328125,5683300,0.0,0.0
2023-09-01 00:00:00+07:00,16050.0,16050.0,16050.0,16050.0,14143.1328125,0,0.0,0.0
2023-09-04 00:00:00+07:00,16050.0,16050.0,16050.0,16050.0,14143.1328125,0,0.0,0.0
2023-09-05 00:00:00+07:00,16100.0,16250.0,16000.0,16100.0,14187.1923828125,4447300,0.0,0.0
2023-09-06 00:00:00+07:00,16100.0,16250.0,16050.0,16150.0,14231.2509765625,3169700,0.0,0.0
2023-09-07 00:00:00+07:00,16250.0,16300.0,16100.0,16150.0,14231.2509765625,5530900,0.0,0.0
2023-09-08 00:00:00+07:00,16100.0,16200.0,16050.0,16100.0,14187.1923828125,2194800,0.0,0.0
2023-09-11 00:00:00+07:00,16100.0,16300.0,16050.0,16200.0,14275.3115234375,14491100,0.0,0.0
2023-09-12 00:00:00+07:00,16200.0,16400.0,16150.0,16300.0,14363.4306640625,3006000,0.0,0.0
2023-09-13 00:00:00+07:00,16400.0,16450.0,16250.0,16300.0,14363.4306640625,2769100,0.0,0.0
2023-09-14 00:00:00+07:00,16300.0,16400.0,15900.0,16000.0,14099.0732421875,1979600,0.0,0.0
2023-09-15 00:00:00+07:00,16000.0,16550.0,15750.0,15750.0,13878.775390625,5330300,0.0,0.0
2023-09-18 00:00:00+07:00,15750.0,15800.0,15400.0,15400.0,13570.357421875,1698100,0.0,0.0
2023-09-19 00:00:00+07:00,15400.0,15400.0,15400.0,15400.0,13570.357421875,0,0.0,0.0
2023-09-20 00:00:00+07:00,15500.0,15500.0,15250.0,15400.0,13570.357421875,2278500,0.0,0.0
2023-09-21 00:00:00+07:00,15300.0,15400.0,15000.0,15000.0,13217.880859375,3286600,0.0,0.0
2023-09-22 00:00:00+07:00,14800.0,14900.0,14050.0,14400.0,12689.166015625,4930900,0.0,0.0
2023-09-25 00:00:00+07:00,14400.0,14400.0,13600.0,13600.0,11984.2119140625,3680100,0.0,0.0
2023-09-26 00:00:00+07:00,13600.0,13750.0,13200.0,13200.0,11631.7353515625,2884200,0.0,0.0
2023-09-27 00:00:00+07:00,13200.0,13400.0,13000.0,13250.0,11675.794921875,2778600,0.0,0.0
2023-09-28 00:00:00+07:00,13300.0,13600.0,13300.0,13600.0,11984.2119140625,2691900,0.0,0.0
2023-09-29 00:00:00+07:00,13700.0,14100.0,13700.0,13850.0,12204.509765625,2530600,0.0,0.0
2023-10-02 00:00:00+07:00,13850.0,13950.0,13650.0,13650.0,12028.271484375,1523300,0.0,0.0
2023-10-03 00:00:00+07:00,13650.0,13650.0,13100.0,13150.0,11587.67578125,2955600,0.0,0.0
2023-10-04 00:00:00+07:00,13000.0,13700.0,13000.0,13500.0,11896.0927734375,1933500,0.0,0.0
2023-10-05 00:00:00+07:00,13500.0,13700.0,13500.0,13600.0,11984.2119140625,1968700,0.0,0.0
2023-10-06 00:00:00+07:00,13700.0,13800.0,13600.0,13750.0,12116.390625,5452000,0.0,0.0
2023-10-09 00:00:00+07:00,13800.0,14100.0,13750.0,14100.0,12424.80859375,2952100,0.0,0.0
2023-10-10 00:00:00+07:00,14100.0,14200.0,14050.0,14150.0,12468.8671875,3943200,0.0,0.0
2023-10-11 00:00:00+07:00,14200.0,14250.0,14100.0,14200.0,12512.9267578125,1906200,0.0,0.0
2023-10-12 00:00:00+07:00,14200.0,14350.0,14200.0,14200.0,12512.9267578125,3532000,0.0,0.0
2023-10-13 00:00:00+07:00,14100.0,14300.0,14050.0,14200.0,12512.9267578125,1862800,0.0,0.0
2023-10-16 00:00:00+07:00,14200.0,14250.0,14000.0,14150.0,12468.8671875,2722200,0.0,0.0
2023-10-17 00:00:00+07:00,14100.0,14350.0,14000.0,14000.0,12336.6884765625,2376600,0.0,0.0
2023-10-18 00:00:00+07:00,14000.0,14300.0,13900.0,14000.0,12336.6884765625,4014000,0.0,0.0
2023-10-19 00:00:00+07:00,14000.0,14300.0,14000.0,14050.0,12380.7490234375,2768200,0.0,0.0
2023-10-20 00:00:00+07:00,14050.0,14550.0,14050.0,14550.0,12821.3447265625,4017400,0.0,0.0
2023-10-23 00:00:00+07:00,14600.0,14900.0,14500.0,14700.0,12953.5224609375,2591600,0.0,0.0
2023-10-24 00:00:00+07:00,14700.0,14900.0,14650.0,14750.0,12997.5830078125,2520600,0.0,0.0
2023-10-25 00:00:00+07:00,14750.0,15100.0,14750.0,14850.0,13085.7021484375,2389300,0.0,0.0
2023-10-26 00:00:00+07:00,14650.0,14850.0,13900.0,14300.0,12601.046875,6745700,0.0,0.0
2023-10-27 00:00:00+07:00,14400.0,15300.0,14400.0,15300.0,13482.23828125,6436100,0.0,0.0
2023-10-30 00:00:00+07:00,15350.0,15600.0,14450.0,14450.0,12733.224609375,1800600,0.0,0.0
2023-10-31 00:00:00+07:00,14500.0,15100.0,14500.0,14650.0,12909.4638671875,3678500,0.0,0.0
2023-11-01 00:00:00+07:00,14700.0,15100.0,14700.0,15100.0,13306.0,1942900,0.0,0.0
2023-11-02 00:00:00+07:00,15150.0,15450.0,15100.0,15400.0,13570.357421875,2024500,0.0,0.0
2023-11-03 00:00:00+07:00,15500.0,15550.0,15200.0,15250.0,13438.1796875,3395500,0.0,0.0
2023-11-06 00:00:00+07:00,15400.0,15700.0,15250.0,15400.0,13570.357421875,4481100,0.0,0.0
2023-11-07 00:00:00+07:00,15400.0,15700.0,15350.0,15500.0,13658.4775390625,1761900,0.0,0.0
2023-11-08 00:00:00+07:00,15500.0,15750.0,15400.0,15750.0,13878.775390625,2267100,0.0,0.0
2023-11-09 00:00:00+07:00,15800.0,15900.0,15600.0,15700.0,13834.7158203125,2153700,0.0,0.0
2023-11-10 00:00:00+07:00,15550.0,15650.0,15300.0,15300.0,13482.23828125,2195500,0.0,0.0
2023-11-13 00:00:00+07:00,15400.0,15450.0,15300.0,15300.0,13482.23828125,1423800,0.0,0.0
2023-11-14 00:00:00+07:00,15400.0,16000.0,15400.0,15700.0,13834.7158203125,5219900,0.0,0.0
2023-11-15 00:00:00+07:00,15900.0,15950.0,15650.0,15700.0,13834.7158203125,2333400,0.0,0.0
2023-11-16 00:00:00+07:00,15700.0,15700.0,15550.0,15650.0,13790.6552734375,1233700,0.0,0.0
2023-11-17 00:00:00+07:00,15600.0,15800.0,15350.0,15350.0,13526.2978515625,2536000,0.0,0.0
2023-11-20 00:00:00+07:00,15250.0,15550.0,15200.0,15350.0,13526.2978515625,1883600,0.0,0.0
2023-11-21 00:00:00+07:00,15450.0,15600.0,15400.0,15600.0,13746.595703125,2392000,0.0,0.0
2023-11-22 00:00:00+07:00,15600.0,15650.0,15450.0,15450.0,13614.41796875,1684900,0.0,0.0
2023-11-23 00:00:00+07:00,15500.0,15600.0,15000.0,15000.0,13217.880859375,2581800,0.0,0.0
2023-11-24 00:00:00+07:00,15100.0,15350.0,15050.0,15150.0,13350.0595703125,1601100,0.0,0.0
2023-11-27 00:00:00+07:00,15150.0,15300.0,14800.0,14800.0,13041.642578125,1588300,0.0,0.0
2023-11-28 00:00:00+07:00,14800.0,15000.0,14500.0,15000.0,13217.880859375,1695000,0.0,0.0
2023-11-29 00:00:00+07:00,15000.0,15550.0,15000.0,15200.0,13394.119140625,5192000,0.0,0.0
2023-11-30 00:00:00+07:00,15250.0,15600.0,15200.0,15300.0,13482.23828125,4590200,0.0,0.0
2023-12-01 00:00:00+07:00,15350.0,15500.0,15200.0,15300.0,13482.23828125,1206300,0.0,0.0
2023-12-04 00:00:00+07:00,15400.0,15450.0,15250.0,15300.0,13482.23828125,3428500,0.0,0.0
2023-12-05 00:00:00+07:00,15350.0,15450.0,15200.0,15350.0,13526.2978515625,3201300,0.0,0.0
2023-12-06 00:00:00+07:00,15350.0,16000.0,15350.0,15750.0,13878.775390625,10765300,0.0,0.0
2023-12-07 00:00:00+07:00,15800.0,16100.0,15800.0,16000.0,14099.0732421875,10698700,0.0,0.0
2023-12-08 00:00:00+07:00,16050.0,16500.0,16000.0,16350.0,14407.490234375,9410300,0.0,0.0
2023-12-11 00:00:00+07:00,16400.0,16550.0,16150.0,16200.0,14275.3115234375,6819200,0.0,0.0
2023-12-12 00:00:00+07:00,16250.0,16400.0,16000.0,16050.0,14143.1328125,3448900,0.0,0.0
2023-12-13 00:00:00+07:00,16050.0,16250.0,15700.0,15800.0,13922.8349609375,2614200,0.0,0.0
2023-12-14 00:00:00+07:00,15700.0,16000.0,15650.0,15650.0,13790.6552734375,1862500,0.0,0.0
2023-12-15 00:00:00+07:00,15700.0,15900.0,15650.0,15700.0,13834.7158203125,1608400,0.0,0.0
2023-12-18 00:00:00+07:00,15700.0,15850.0,15450.0,15450.0,13614.41796875,2105100,0.0,0.0
2023-12-19 00:00:00+07:00,15350.0,15600.0,15200.0,15300.0,13482.23828125,2017700,0.0,0.0
2023-12-20 00:00:00+07:00,15300.0,15600.0,15300.0,15400.0,13570.357421875,1105800,0.0,0.0
2023-12-21 00:00:00+07:00,15400.0,15550.0,15250.0,15350.0,13526.2978515625,1514400,0.0,0.0
2023-12-22 00:00:00+07:00,15350.0,15750.0,15350.0,15600.0,13746.595703125,2091500,0.0,0.0
2023-12-25 00:00:00+07:00,15750.0,15750.0,15400.0,15600.0,13746.595703125,1286500,0.0,0.0
2023-12-26 00:00:00+07:00,15750.0,15850.0,15650.0,15650.0,13790.6552734375,1833700,0.0,0.0
2023-12-27 00:00:00+07:00,15850.0,15850.0,15650.0,15700.0,13834.7158203125,2317900,0.0,0.0
2023-12-28 00:00:00+07:00,15800.0,15950.0,15650.0,15800.0,13922.8349609375,2345600,0.0,0.0
2023-12-29 00:00:00+07:00,15700.0,16000.0,15700.0,15750.0,13878.775390625,1717100,0.0,0.0
2024-01-01 00:00:00+07:00,15750.0,15750.0,15750.0,15750.0,13878.775390625,0,0.0,0.0
2024-01-02 00:00:00+07:00,15800.0,16300.0,15800.0,16050.0,14143.1328125,3857100,0.0,0.0
2024-01-03 00:00:00+07:00,16150.0,16250.0,16000.0,16250.0,14319.37109375,2847700,0.0,0.0
2024-01-04 00:00:00+07:00,16300.0,16850.0,16200.0,16500.0,14539.6689453125,7468900,0.0,0.0
2024-01-05 00:00:00+07:00,16800.0,16800.0,16450.0,16600.0,14627.7880859375,2311800,0.0,0.0
2024-01-08 00:00:00+07:00,16650.0,16900.0,16550.0,16550.0,14583.728515625,4503100,0.0,0.0
2024-01-09 00:00:00+07:00,16700.0,16700.0,16300.0,16450.0,14495.609375,2571900,0.0,0.0
2024-01-10 00:00:00+07:00,16450.0,16700.0,16400.0,16500.0,14539.6689453125,4064700,0.0,0.0
2024-01-11 00:00:00+07:00,16500.0,17000.0,16450.0,16550.0,14583.728515625,6894700,0.0,0.0
2024-01-12 00:00:00+07:00,16250.0,16650.0,16150.0,16600.0,14627.7880859375,10227400,0.0,0.0
2024-01-15 00:00:00+07:00,17000.0,17050.0,16600.0,16600.0,14627.7880859375,6142200,0.0,0.0
2024-01-16 00:00:00+07:00,16550.0,16950.0,16550.0,16700.0,14715.9072265625,6517300,0.0,0.0
2024-01-17 00:00:00+07:00,16750.0,17400.0,16700.0,16900.0,14892.146484375,16174700,0.0,0.0
2024-01-18 00:00:00+07:00,17050.0,17600.0,16950.0,17400.0,15332.7421875,12953300,0.0,0.0
2024-01-19 00:00:00+07:00,17500.0,17600.0,17300.0,17400.0,15332.7421875,4412100,0.0,0.0
2024-01-22 00:00:00+07:00,17550.0,17550.0,17100.0,17250.0,15200.5634765625,4686900,0.0,0.0
2024-01-23 00:00:00+07:00,17400.0,17400.0,17200.0,17250.0,15200.5634765625,3042000,0.0,0.0
2024-01-24 00:00:00+07:00,17250.0,17400.0,17150.0,17300.0,15244.6220703125,3442100,0.0,0.0
2024-01-25 00:00:00+07:00,17300.0,17300.0,17300.0,17300.0,15244.6220703125,0,0.0,0.0
2024-01-26 00:00:00+07:00,17500.0,17550.0,17400.0,17450.0,15376.8017578125,2116300,0.0,0.0
2024-01-29 00:00:00+07:00,17400.0,18000.0,17350.0,17600.0,15508.98046875,9874500,0.0,0.0
2024-01-30 00:00:00+07:00,17650.0,18100.0,17650.0,17750.0,15641.16015625,6959600,0.0,0.0
2024-01-31 00:00:00+07:00,17850.0,17900.0,17600.0,17650.0,15553.0390625,7769400,0.0,0.0
2024-02-01 00:00:00+07:00,17750.0,18350.0,17650.0,17900.0,15773.3369140625,7857300,0.0,0.0
2024-02-02 00:00:00+07:00,17900.0,17900.0,17900.0,17900.0,15773.3369140625,0,0.0,0.0
2024-02-05 00:00:00+07:00,17700.0,18350.0,17700.0,18200.0,16037.6953125,3808200,0.0,0.0
2024-02-06 00:00:00+07:00,18250.0,18450.0,18000.0,18100.0,15949.5771484375,1955500,0.0,0.0
2024-02-07 00:00:00+07:00,18100.0,18250.0,17900.0,18150.0,15993.634765625,3167100,0.0,0.0
2024-02-08 00:00:00+07:00,18150.0,18150.0,18150.0,18150.0,15993.634765625,0,0.0,0.0
2024-02-09 00:00:00+07:00,18150.0,18150.0,18150.0,18150.0,15993.634765625,0,0.0,0.0
2024-02-15 00:00:00+07:00,18400.0,18400.0,18150.0,18200.0,16037.6953125,2223000,0.0,0.0
2024-02-16 00:00:00+07:00,18200.0,18250.0,17800.0,17950.0,15817.3974609375,3623000,0.0,0.0
2024-02-19 00:00:00+07:00,17850.0,17950.0,17650.0,17700.0,15597.099609375,3407600,0.0,0.0
2024-02-20 00:00:00+07:00,17700.0,17850.0,17700.0,17750.0,15641.16015625,1845100,0.0,0.0
2024-02-21 00:00:00+07:00,17850.0,17950.0,17700.0,17750.0,15641.16015625,2372400,0.0,0.0
2024-02-22 00:00:00+07:00,17750.0,17900.0,17650.0,17700.0,15597.099609375,2325900,0.0,0.0
2024-02-23 00:00:00+07:00,17700.0,18050.0,17100.0,17100.0,15068.3837890625,5581000,0.0,0.0
2024-02-26 00:00:00+07:00,17150.0,17350.0,17150.0,17200.0,15156.50390625,1657800,0.0,0.0
2024-02-27 00:00:00+07:00,17350.0,17500.0,17200.0,17200.0,15156.50390625,2488500,0.0,0.0
2024-02-28 00:00:00+07:00,17400.0,17450.0,17300.0,17300.0,15244.6220703125,2813300,0.0,0.0
2024-02-29 00:00:00+07:00,17400.0,17450.0,17100.0,17100.0,15068.3837890625,3016100,0.0,0.0
2024-03-01 00:00:00+07:00,17100.0,17250.0,17000.0,17050.0,15024.32421875,3419700,0.0,0.0
2024-03-04 00:00:00+07:00,17100.0,17350.0,17050.0,17200.0,15156.50390625,4156200,0.0,0.0
2024-03-05 00:00:00+07:00,17300.0,17650.0,17250.0,17650.0,15553.0390625,4366400,0.0,0.0
2024-03-06 00:00:00+07:00,17850.0,18500.0,17800.0,17850.0,15729.2783203125,7866800,0.0,0.0
2024-03-07 00:00:00+07:00,17900.0,17900.0,17700.0,17700.0,15597.099609375,2984000,0.0,0.0
2024-03-08 00:00:00+07:00,17700.0,17800.0,17050.0,17100.0,15068.3837890625,6062300,0.0,0.0
2024-03-11 00:00:00+07:00,17150.0,17200.0,16500.0,16550.0,14583.728515625,5749200,0.0,0.0
2024-03-12 00:00:00+07:00,16550.0,16900.0,16500.0,16850.0,14848.0859375,3743100,0.0,0.0
2024-03-13 00:00:00+07:00,17000.0,17050.0,16800.0,17000.0,14980.2646484375,3635300,0.0,0.0
2024-03-14 00:00:00+07:00,17100.0,17100.0,16750.0,16750.0,14759.966796875,2644000,0.0,0.0
2024-03-15 00:00:00+07:00,16750.0,16750.0,16500.0,16550.0,14583.728515625,5226400,0.0,0.0
2024-03-18 00:00:00+07:00,16500.0,16650.0,15800.0,16050.0,14143.1328125,6624100,0.0,0.0
2024-03-19 00:00:00+07:00,16050.0,16250.0,16000.0,16150.0,14231.2509765625,1630600,0.0,0.0
2024-03-20 00:00:00+07:00,16200.0,17000.0,16150.0,17000.0,14980.2646484375,6336100,0.0,0.0
2024-03-21 00:00:00+07:00,17000.0,17100.0,16750.0,16850.0,14848.0859375,3608900,0.0,0.0
2024-03-22 00:00:00+07:00,17000.0,17100.0,16800.0,16800.0,14804.0263671875,3853200,0.0,0.0
2024-03-25 00:00:00+07:00,16850.0,16900.0,16550.0,16550.0,14583.728515625,3565300,0.0,0.0
2024-03-26 00:00:00+07:00,16650.0,16900.0,16500.0,16850.0,14848.0859375,2796700,0.0,0.0
2024-03-27 00:00:00+07:00,17000.0,17000.0,16750.0,16750.0,14759.966796875,2535400,0.0,0.0
2024-03-28 00:00:00+07:00,16850.0,16950.0,16800.0,16900.0,14892.146484375,4297700,0.0,0.0
2024-03-29 00:00:00+07:00,16900.0,17550.0,16900.0,17550.0,15464.919921875,7969000,0.0,0.0
2024-04-01 00:00:00+07:00,17550.0,17550.0,17550.0,17550.0,15464.919921875,0,0.0,0.0
2024-04-02 00:00:00+07:00,17200.0,17500.0,17050.0,17350.0,15288.681640625,7259400,0.0,0.0
2024-04-03 00:00:00+07:00,17500.0,17550.0,17250.0,17250.0,15200.5634765625,4236900,0.0,0.0
2024-04-04 00:00:00+07:00,17250.0,17350.0,17050.0,17050.0,15024.32421875,3477500,0.0,0.0
2024-04-05 00:00:00+07:00,17000.0,17250.0,16850.0,17100.0,15068.3837890625,3020000,0.0,0.0
2024-04-08 00:00:00+07:00,17200.0,17500.0,17100.0,17350.0,15288.681640625,3198600,0.0,0.0
2024-04-09 00:00:00+07:00,17350.0,18550.0,17350.0,18550.0,16346.1123046875,9837500,0.0,0.0
2024-04-10 00:00:00+07:00,18800.0,19000.0,18700.0,18750.0,16522.3515625,13007000,0.0,0.0
2024-04-11 00:00:00+07:00,18700.0,19000.0,18300.0,18300.0,16125.814453125,7383200,0.0,0.0
2024-04-12 00:00:00+07:00,18450.0,19550.0,18400.0,19550.0,17227.3046875,15101300,0.0,0.0
2024-04-15 00:00:00+07:00,19550.0,20350.0,18200.0,18700.0,16478.291015625,10453000,0.0,0.0
2024-04-16 00:00:00+07:00,18700.0,19550.0,18700.0,19450.0,17139.185546875,10894500,0.0,0.0
2024-04-17 00:00:00+07:00,19700.0,20100.0,19150.0,20100.0,17711.9609375,15295600,0.0,0.0
2024-04-19 00:00:00+07:00,19600.0,20100.0,18700.0,20100.0,17711.9609375,14674500,0.0,0.0
2024-04-22 00:00:00+07:00,20100.0,20350.0,19700.0,20300.0,17888.197265625,8188000,0.0,0.0
2024-04-23 00:00:00+07:00,20350.0,20600.0,20150.0,20500.0,18064.4375,7827600,0.0,0.0
2024-04-24 00:00:00+07:00,20600.0,21050.0,20500.0,21050.0,18549.091796875,5692700,0.0,0.0
2024-04-25 00:00:00+07:00,21200.0,21250.0,20600.0,20800.0,18328.794921875,4989000,0.0,0.0
2024-04-26 00:00:00+07:00,20800.0,20900.0,19950.0,20900.0,18416.9140625,5816400,0.0,0.0
2024-04-29 00:00:00+07:00,20900.0,20900.0,20900.0,20900.0,18416.9140625,0,0.0,0.0
2024-04-30 00:00:00+07:00,20900.0,20900.0,20900.0,20900.0,18416.9140625,0,0.0,0.0
2024-05-02 00:00:00+07:00,20900.0,21000.0,20500.0,20500.0,18064.4375,2186800,0.0,0.0
2024-05-03 00:00:00+07:00,20400.0,20800.0,20000.0,20200.0,17800.080078125,3565900,0.0,0.0
2024-05-06 00:00:00+07:00,20200.0,20550.0,20200.0,20300.0,17888.197265625,3203400,0.0,0.0
2024-05-07 00:00:00+07:00,20350.0,20850.0,20200.0,20400.0,17976.318359375,3628200,0.0,0.0
2024-05-08 00:00:00+07:00,20400.0,20900.0,20300.0,20300.0,17888.197265625,3564200,0.0,0.0
2024-05-09 00:00:00+07:00,20500.0,20500.0,19900.0,20000.0,17623.841796875,3583700,0.0,0.0
2024-05-10 00:00:00+07:00,20000.0,20300.0,20000.0,20100.0,17711.9609375,1999300,0.0,0.0
2024-05-13 00:00:00+07:00,20150.0,20150.0,19850.0,19900.0,17535.72265625,3085900,0.0,0.0
2024-05-14 00:00:00+07:00,19950.0,20150.0,19850.0,20100.0,17711.9609375,2948200,0.0,0.0
2024-05-15 00:00:00+07:00,20100.0,20950.0,20100.0,20600.0,18152.556640625,11540600,0.0,0.0
2024-05-16 00:00:00+07:00,20950.0,22000.0,20750.0,22000.0,19386.224609375,12589000,0.0,0.0
2024-05-17 00:00:00+07:00,22300.0,23300.0,22200.0,23200.0,20443.654296875,9831400,0.0,0.0
2024-05-20 00:00:00+07:00,23500.0,23800.0,22800.0,23000.0,20267.41796875,7088100,0.0,0.0
2024-05-21 00:00:00+07:00,23200.0,23200.0,22600.0,22800.0,20091.1796875,5853100,0.0,0.0
2024-05-22 00:00:00+07:00,22900.0,23800.0,22750.0,23250.0,20487.71484375,5269600,0.0,0.0
2024-05-23 00:00:00+07:00,23250.0,23450.0,22900.0,23300.0,20531.775390625,2878200,0.0,0.0
2024-05-24 00:00:00+07:00,23250.0,23950.0,22200.0,23500.0,20708.013671875,7731900,0.0,0.0
2024-05-27 00:00:00+07:00,23200.0,23500.0,23150.0,23450.0,20663.953125,1744500,0.0,0.0
2024-05-28 00:00:00+07:00,23800.0,25050.0,23550.0,25050.0,22073.861328125,14971400,0.0,0.0
2024-05-29 00:00:00+07:00,25450.0,26400.0,25000.0,26000.0,22910.9921875,10411600,0.0,0.0
2024-05-30 00:00:00+07:00,25700.0,26500.0,25500.0,26050.0,22955.052734375,7075500,0.0,0.0
2024-05-31 00:00:00+07:00,26300.0,26300.0,25650.0,25800.0,22734.755859375,4368400,0.0,0.0
2024-06-03 00:00:00+07:00,25800.0,25800.0,25800.0,25800.0,22734.755859375,0,0.0,0.0
2024-06-04 00:00:00+07:00,25950.0,25950.0,25550.0,25800.0,22734.755859375,4072800,0.0,0.0
2024-06-05 00:00:00+07:00,25900.0,25900.0,25150.0,25750.0,22690.6953125,7693600,0.0,0.0
2024-06-06 00:00:00+07:00,25750.0,26800.0,25600.0,26100.0,22999.111328125,6037900,0.0,0.0
2024-06-07 00:00:00+07:00,26250.0,26600.0,25900.0,26150.0,23043.171875,2024700,0.0,0.0
2024-06-10 00:00:00+07:00,26300.0,26550.0,26050.0,26250.0,23131.291015625,3626200,0.0,0.0
2024-06-11 00:00:00+07:00,26500.0,26500.0,25700.0,25700.0,22646.63671875,5281000,0.0,0.0
2024-06-12 00:00:00+07:00,25700.0,26450.0,25400.0,26100.0,22999.111328125,5438900,0.0,0.0
2024-06-13 00:00:00+07:00,26200.0,26600.0,26100.0,26600.0,23439.708984375,3194100,0.0,0.0
2024-06-14 00:00:00+07:00,26800.0,27850.0,26650.0,27500.0,24232.78125,8192100,0.0,0.0
2024-06-17 00:00:00+07:00,27600.0,27600.0,26900.0,27200.0,23968.423828125,4132300,0.0,0.0
2024-06-18 00:00:00+07:00,27200.0,27300.0,26700.0,27100.0,23880.3046875,3414800,0.0,0.0
2024-06-19 00:00:00+07:00,27100.0,27150.0,26600.0,27050.0,23836.24609375,4026800,0.0,0.0
2024-06-20 00:00:00+07:00,27100.0,27800.0,26950.0,27050.0,23836.24609375,2612600,0.0,0.0
2024-06-21 00:00:00+07:00,27400.0,28800.0,27100.0,28800.0,25378.33203125,12556500,0.0,0.0
2024-06-24 00:00:00+07:00,29200.0,29300.0,27500.0,28250.0,24893.67578125,6140700,0.0,0.0
2024-06-25 00:00:00+07:00,28000.0,28800.0,27900.0,28350.0,24981.794921875,3506900,0.0,0.0
2024-06-26 00:00:00+07:00,28350.0,29050.0,28300.0,28750.0,25334.2734375,4501500,0.0,0.0
2024-06-27 00:00:00+07:00,28750.0,29000.0,27800.0,28650.0,25246.15234375,2530900,0.0,0.0
2024-06-28 00:00:00+07:00,28600.0,28800.0,27500.0,28200.0,24849.6171875,3930200,0.0,0.0
2024-07-01 00:00:00+07:00,28200.0,28200.0,27600.0,27900.0,24585.2578125,3134000,0.0,0.0
2024-07-02 00:00:00+07:00,28500.0,29700.0,27950.0,29600.0,26083.28515625,6729700,0.0,0.0
2024-07-03 00:00:00+07:00,29900.0,30250.0,29750.0,30200.0,26612.0,7639300,0.0,0.0
2024-07-04 00:00:00+07:00,30300.0,31350.0,29900.0,31350.0,27625.37109375,4604200,0.0,0.0
2024-07-05 00:00:00+07:00,31350.0,33000.0,30950.0,32200.0,28374.384765625,10869300,0.0,0.0
2024-07-08 00:00:00+07:00,32400.0,32800.0,31800.0,32250.0,28418.443359375,6030500,0.0,0.0
2024-07-09 00:00:00+07:00,32200.0,32500.0,31650.0,31950.0,28154.0859375,5545400,0.0,0.0
2024-07-10 00:00:00+07:00,31950.0,31950.0,31200.0,31200.0,27493.19140625,3944700,0.0,0.0
2024-07-11 00:00:00+07:00,31200.0,31800.0,30700.0,31250.0,27537.251953125,3430300,0.0,0.0
2024-07-12 00:00:00+07:00,31400.0,31700.0,30900.0,31250.0,27537.251953125,4554200,0.0,0.0
2024-07-15 00:00:00+07:00,31600.0,31750.0,31000.0,31400.0,27669.431640625,1691400,0.0,0.0
2024-07-16 00:00:00+07:00,31700.0,31950.0,31200.0,31600.0,27845.669921875,2866700,0.0,0.0
2024-07-17 00:00:00+07:00,31600.0,32000.0,30700.0,32000.0,28198.146484375,7463500,0.0,0.0
2024-07-18 00:00:00+07:00,32000.0,32000.0,31300.0,31900.0,28110.02734375,1621400,0.0,0.0
2024-07-19 00:00:00+07:00,32000.0,33000.0,31950.0,32200.0,28374.384765625,4686600,0.0,0.0
2024-07-22 00:00:00+07:00,31800.0,32400.0,30650.0,31750.0,27977.84765625,9166400,0.0,0.0
2024-07-23 00:00:00+07:00,31800.0,32300.0,31150.0,31750.0,27977.84765625,6704800,0.0,0.0
2024-07-24 00:00:00+07:00,31500.0,31750.0,31000.0,31200.0,27493.19140625,4341300,0.0,0.0
2024-07-25 00:00:00+07:00,31100.0,31250.0,30400.0,30400.0,26788.23828125,3162000,0.0,0.0
2024-07-26 00:00:00+07:00,30300.0,30300.0,28950.0,29400.0,25907.044921875,14354300,0.0,0.0
2024-07-29 00:00:00+07:00,29200.0,30000.0,29200.0,29800.0,26259.5234375,1260100,0.0,0.0
2024-07-30 00:00:00+07:00,29900.0,29950.0,29150.0,29500.0,25995.166015625,1526500,0.0,0.0
2024-07-31 00:00:00+07:00,29500.0,29500.0,29100.0,29150.0,25686.748046875,2690200,0.0,0.0
2024-08-01 00:00:00+07:00,29300.0,29700.0,28400.0,29000.0,25554.5703125,3876100,0.0,0.0
2024-08-02 00:00:00+07:00,28600.0,29000.0,28150.0,28500.0,25113.97265625,3044400,0.0,0.0
2024-08-05 00:00:00+07:00,28950.0,28950.0,26550.0,27100.0,23880.3046875,5591000,0.0,0.0
2024-08-06 00:00:00+07:00,27300.0,28150.0,27200.0,27850.0,24541.19921875,3565000,0.0,0.0
2024-08-07 00:00:00+07:00,28050.0,28650.0,28050.0,28250.0,24893.67578125,1909500,0.0,0.0
2024-08-08 00:00:00+07:00,28150.0,28400.0,28100.0,28350.0,24981.794921875,2606500,0.0,0.0
2024-08-09 00:00:00+07:00,28800.0,28800.0,28250.0,28400.0,25025.853515625,3075400,0.0,0.0
2024-08-12 00:00:00+07:00,28600.0,28800.0,28300.0,28600.0,25202.09375,1726500,0.0,0.0
2024-08-13 00:00:00+07:00,28700.0,29300.0,28550.0,28800.0,25378.33203125,2486100,0.0,0.0
2024-08-14 00:00:00+07:00,29000.0,29200.0,28600.0,28800.0,25378.33203125,2101800,0.0,0.0
2024-08-15 00:00:00+07:00,28900.0,29400.0,28700.0,29400.0,25907.044921875,4393200,0.0,0.0
2024-08-16 00:00:00+07:00,29550.0,30850.0,29550.0,30850.0,27184.775390625,3145300,0.0,0.0
2024-08-19 00:00:00+07:00,30950.0,31800.0,30950.0,31500.0,27757.55078125,3900700,0.0,0.0
2024-08-20 00:00:00+07:00,31600.0,31750.0,31200.0,31200.0,27493.19140625,3477700,0.0,0.0
2024-08-21 00:00:00+07:00,31350.0,31600.0,30850.0,31550.0,27801.609375,3061600,0.0,0.0
2024-08-22 00:00:00+07:00,31400.0,31750.0,31100.0,31700.0,27933.787109375,2156800,0.0,0.0
2024-08-23 00:00:00+07:00,31800.0,32300.0,31400.0,31500.0,27757.55078125,2255500,0.0,0.0
2024-08-26 00:00:00+07:00,31400.0,31700.0,31250.0,31500.0,27757.55078125,1280100,0.0,0.0
2024-08-27 00:00:00+07:00,31300.0,31700.0,31200.0,31300.0,27581.310546875,1081100,0.0,0.0
2024-08-28 00:00:00+07:00,31300.0,31650.0,31150.0,31400.0,27669.431640625,2364600,0.0,0.0
2024-08-29 00:00:00+07:00,31600.0,32250.0,31500.0,31500.0,27757.55078125,4971000,0.0,0.0
2024-08-30 00:00:00+07:00,31650.0,31750.0,31150.0,31400.0,27669.431640625,2132400,0.0,0.0
2024-09-04 00:00:00+07:00,31100.0,31400.0,30850.0,30850.0,27184.775390625,2077200,0.0,0.0
2024-09-05 00:00:00+07:00,30950.0,31200.0,30350.0,30800.0,27140.71484375,2612800,0.0,0.0
2024-09-06 00:00:00+07:00,30750.0,31200.0,30750.0,31050.0,27361.013671875,1334100,0.0,0.0
2024-09-09 00:00:00+07:00,31150.0,31150.0,30800.0,30800.0,27140.71484375,701800,0.0,0.0
2024-09-10 00:00:00+07:00,30900.0,31200.0,30700.0,30950.0,27272.89453125,1280200,0.0,0.0
2024-09-11 00:00:00+07:00,30950.0,31000.0,30600.0,30800.0,27140.71484375,898200,0.0,0.0
2024-09-12 00:00:00+07:00,31000.0,31050.0,30700.0,30700.0,27052.595703125,813700,0.0,0.0
2024-09-13 00:00:00+07:00,30700.0,30900.0,30450.0,30450.0,26832.298828125,674100,0.0,0.0
2024-09-16 00:00:00+07:00,30450.0,30800.0,30200.0,30200.0,26612.0,1228900,0.0,0.0
2024-09-17 00:00:00+07:00,30200.0,30700.0,30200.0,30700.0,27052.595703125,1003300,0.0,0.0
2024-09-18 00:00:00+07:00,30900.0,30900.0,30450.0,30600.0,26964.4765625,1686600,0.0,0.0
2024-09-19 00:00:00+07:00,30600.0,30850.0,30450.0,30700.0,27052.595703125,943700,0.0,0.0
2024-09-20 00:00:00+07:00,31000.0,31450.0,30900.0,31200.0,27493.19140625,4279500,0.0,0.0
2024-09-23 00:00:00+07:00,31250.0,31700.0,31150.0,31400.0,27669.431640625,2526600,0.0,0.0
2024-09-24 00:00:00+07:00,31400.0,31700.0,31200.0,31700.0,27933.787109375,1877000,0.0,0.0
2024-09-25 00:00:00+07:00,32100.0,32100.0,31650.0,31800.0,28021.90625,4189000,0.0,0.0
2024-09-26 00:00:00+07:00,32000.0,32300.0,31750.0,32100.0,28286.265625,4217000,0.0,0.0
2024-09-27 00:00:00+07:00,32100.0,32550.0,31800.0,32200.0,28374.384765625,3670700,0.0,0.0
2024-09-30 00:00:00+07:00,32250.0,32350.0,31750.0,31950.0,28154.0859375,2209100,0.0,0.0
2024-10-01 00:00:00+07:00,31950.0,32000.0,31550.0,31700.0,27933.787109375,3925300,0.0,0.0
2024-10-02 00:00:00+07:00,31700.0,31800.0,31450.0,31450.0,27713.490234375,1390800,0.0,0.0
2024-10-03 00:00:00+07:00,31450.0,31950.0,31250.0,31350.0,27625.37109375,2302700,0.0,0.0
2024-10-04 00:00:00+07:00,31300.0,31500.0,31050.0,31500.0,27757.55078125,2570800,0.0,0.0
2024-10-07 00:00:00+07:00,31850.0,32000.0,31650.0,31750.0,27977.84765625,1343600,0.0,0.0
2024-10-08 00:00:00+07:00,31800.0,33800.0,31800.0,33300.0,29343.697265625,15963300,0.0,0.0
2024-10-09 00:00:00+07:00,33500.0,33700.0,33350.0,33600.0,29608.052734375,1803200,0.0,0.0
2024-10-10 00:00:00+07:00,33800.0,34250.0,33200.0,33300.0,29343.697265625,4578700,0.0,0.0
2024-10-11 00:00:00+07:00,33300.0,33500.0,32800.0,32850.0,28947.158203125,2062500,0.0,0.0
2024-10-14 00:00:00+07:00,32950.0,33050.0,32350.0,32450.0,28594.681640625,3360900,0.0,0.0
2024-10-15 00:00:00+07:00,32550.0,32750.0,32200.0,32200.0,28374.384765625,1866600,0.0,0.0
2024-10-16 00:00:00+07:00,32050.0,32250.0,31750.0,31750.0,27977.84765625,2761000,0.0,0.0
2024-10-17 00:00:00+07:00,31800.0,32100.0,31700.0,32100.0,28286.265625,1396800,0.0,0.0
2024-10-18 00:00:00+07:00,32350.0,32750.0,32100.0,32350.0,28506.5625,1689300,0.0,0.0
2024-10-21 00:00:00+07:00,32400.0,32500.0,32100.0,32200.0,28374.384765625,1460600,0.0,0.0
2024-10-22 00:00:00+07:00,32200.0,32250.0,31300.0,31700.0,27933.787109375,4138700,0.0,0.0
2024-10-23 00:00:00+07:00,31850.0,32000.0,31600.0,31850.0,28065.966796875,1583600,0.0,0.0
2024-10-24 00:00:00+07:00,32050.0,32300.0,31800.0,31800.0,28021.90625,1328800,0.0,0.0
2024-10-25 00:00:00+07:00,31900.0,32150.0,31700.0,32100.0,28286.265625,1119700,0.0,0.0
2024-10-28 00:00:00+07:00,32300.0,32400.0,32000.0,32200.0,28374.384765625,922700,0.0,0.0
2024-10-29 00:00:00+07:00,32250.0,32350.0,32200.0,32300.0,28462.501953125,785900,0.0,0.0
2024-10-30 00:00:00+07:00,32400.0,32750.0,32350.0,32550.0,28682.80078125,1329200,0.0,0.0
2024-10-31 00:00:00+07:00,32600.0,32950.0,32500.0,32950.0,29035.27734375,1350900,0.0,0.0
2024-11-01 00:00:00+07:00,32950.0,33000.0,32700.0,32800.0,28903.099609375,1565300,0.0,0.0
2024-11-04 00:00:00+07:00,32800.0,33000.0,32300.0,32350.0,28506.5625,1169100,0.0,0.0
2024-11-05 00:00:00+07:00,32450.0,32850.0,32400.0,32400.0,28550.623046875,1232900,0.0,0.0
2024-11-06 00:00:00+07:00,32800.0,32800.0,32350.0,32550.0,28682.80078125,492100,0.0,0.0
2024-11-07 00:00:00+07:00,32550.0,32800.0,32500.0,32600.0,28726.861328125,884400,0.0,0.0
2024-11-08 00:00:00+07:00,32650.0,32650.0,32100.0,32200.0,28374.384765625,1474500,0.0,0.0
2024-11-11 00:00:00+07:00,32200.0,32250.0,31700.0,31750.0,27977.84765625,1546600,0.0,0.0
2024-11-12 00:00:00+07:00,32000.0,32250.0,31550.0,31700.0,27933.787109375,1121400,0.0,0.0
2024-11-13 00:00:00+07:00,31750.0,31900.0,31400.0,31800.0,28021.90625,1166000,0.0,0.0
2024-11-14 00:00:00+07:00,31950.0,32000.0,31350.0,31400.0,27669.431640625,957600,0.0,0.0
2024-11-15 00:00:00+07:00,31400.0,31550.0,30950.0,31450.0,27713.490234375,1814200,0.0,0.0
2024-11-18 00:00:00+07:00,31500.0,31900.0,31150.0,31450.0,27713.490234375,1491400,0.0,0.0
2024-11-19 00:00:00+07:00,31450.0,31600.0,31200.0,31300.0,27581.310546875,595300,0.0,0.0
2024-11-20 00:00:00+07:00,31400.0,31600.0,31100.0,31550.0,27801.609375,1128800,0.0,0.0
2024-11-21 00:00:00+07:00,31600.0,31700.0,31450.0,31700.0,27933.787109375,620300,0.0,0.0
2024-11-22 00:00:00+07:00,31750.0,31900.0,31650.0,31850.0,28065.966796875,767600,0.0,0.0
2024-11-25 00:00:00+07:00,31900.0,31900.0,31750.0,31850.0,28065.966796875,313300,0.0,0.0
2024-11-26 00:00:00+07:00,31900.0,31950.0,31750.0,31900.0,28110.02734375,792400,0.0,0.0
2024-11-27 00:00:00+07:00,31950.0,32500.0,31900.0,32300.0,28462.501953125,1136800,0.0,0.0
2024-11-28 00:00:00+07:00,32500.0,32750.0,32000.0,32000.0,28198.146484375,1803500,0.0,0.0
2024-11-29 00:00:00+07:00,32050.0,32500.0,32050.0,32250.0,28418.443359375,895400,0.0,0.0
2024-12-02 00:00:00+07:00,32350.0,33600.0,32350.0,33250.0,29299.63671875,6919600,0.0,0.0
2024-12-03 00:00:00+07:00,33350.0,34200.0,33350.0,33950.0,29916.470703125,4697500,0.0,0.0
2024-12-04 00:00:00+07:00,34000.0,34450.0,33300.0,33450.0,29475.873046875,3124300,0.0,0.0
2024-12-05 00:00:00+07:00,33550.0,34050.0,33450.0,33700.0,29696.171875,2377800,0.0,0.0
2024-12-06 00:00:00+07:00,34000.0,34600.0,33700.0,34250.0,30180.828125,2742500,0.0,0.0
2024-12-09 00:00:00+07:00,34500.0,34600.0,34050.0,34150.0,30092.708984375,1615200,0.0,0.0
2024-12-10 00:00:00+07:00,34200.0,34400.0,34050.0,34050.0,30004.58984375,1092300,0.0,0.0
2024-12-11 00:00:00+07:00,34100.0,34400.0,33550.0,33600.0,29608.052734375,1869200,0.0,0.0
2024-12-12 00:00:00+07:00,33650.0,33750.0,33100.0,33100.0,29167.45703125,2414300,0.0,0.0
2024-12-13 00:00:00+07:00,33200.0,33450.0,32900.0,33150.0,29211.517578125,1281200,0.0,0.0
2024-12-16 00:00:00+07:00,33350.0,33550.0,33050.0,33150.0,29211.517578125,884000,0.0,0.0
2024-12-17 00:00:00+07:00,33250.0,33300.0,32950.0,33250.0,29299.63671875,1036300,0.0,0.0
2024-12-18 00:00:00+07:00,28510.2734375,28938.35546875,28510.2734375,28852.740234375,25424.8046875,2425819,0.0,0.0
2024-12-19 00:00:00+07:00,28852.740234375,28895.548828125,28296.232421875,28595.890625,25198.47265625,1791361,0.0,0.0
2024-12-20 00:00:00+07:00,28595.890625,28724.314453125,28296.232421875,28595.890625,25198.47265625,1134595,0.0,0.0
2024-12-23 00:00:00+07:00,28767.123046875,28809.931640625,28467.46484375,28681.5078125,25273.91796875,1208529,0.0,0.0
2024-12-24 00:00:00+07:00,28724.314453125,28767.123046875,28339.041015625,28724.314453125,25311.638671875,1465139,0.0,0.0
2024-12-25 00:00:00+07:00,28767.123046875,29623.287109375,28724.314453125,29323.630859375,25839.751953125,5434353,0.0,0.0
2024-12-26 00:00:00+07:00,29452.0546875,29494.86328125,29023.97265625,29023.97265625,25575.693359375,2405963,0.0,0.0
2024-12-27 00:00:00+07:00,29300.0,31000.0,29200.0,31000.0,27316.955078125,9363500,0.0,1.168
2024-12-30 00:00:00+07:00,31300.0,31800.0,31050.0,31550.0,27801.609375,3349400,0.0,0.0
2024-12-31 00:00:00+07:00,31550.0,31650.0,31200.0,31250.0,27537.251953125,2470600,0.0,0.0
2025-01-02 00:00:00+07:00,31400.0,31400.0,30850.0,31250.0,27537.251953125,2568300,0.0,0.0
2025-01-03 00:00:00+07:00,31300.0,31300.0,30300.0,30400.0,26788.23828125,4896600,0.0,0.0
2025-01-06 00:00:00+07:00,30450.0,30700.0,30000.0,30300.0,26700.119140625,2190400,0.0,0.0
2025-01-07 00:00:00+07:00,30350.0,31000.0,30250.0,30700.0,27052.595703125,1883800,0.0,0.0
2025-01-08 00:00:00+07:00,30750.0,31000.0,30500.0,30900.0,27228.8359375,904600,0.0,0.0
2025-01-09 00:00:00+07:00,30950.0,31000.0,30550.0,30600.0,26964.4765625,1024700,0.0,0.0
2025-01-10 00:00:00+07:00,30650.0,30650.0,30050.0,30200.0,26612.0,1885900,0.0,0.0
2025-01-13 00:00:00+07:00,30200.0,30700.0,29700.0,30700.0,27052.595703125,2608200,0.0,0.0
2025-01-14 00:00:00+07:00,30700.0,31350.0,30700.0,30850.0,27184.775390625,1098100,0.0,0.0
2025-01-15 00:00:00+07:00,31050.0,31150.0,30750.0,31000.0,27316.955078125,1015700,0.0,0.0
2025-01-16 00:00:00+07:00,31050.0,31150.0,30750.0,31000.0,27316.955078125,1015700,0.0,0.0
2025-01-17 00:00:00+07:00,31500.0,32000.0,31300.0,31900.0,28110.02734375,1839700,0.0,0.0
2025-01-20 00:00:00+07:00,31900.0,32200.0,31650.0,31650.0,27889.73046875,1248700,0.0,0.0
2025-01-21 00:00:00+07:00,31700.0,32100.0,31700.0,31850.0,28065.966796875,2017400,0.0,0.0
2025-01-22 00:00:00+07:00,31950.0,33450.0,31950.0,33400.0,29431.814453125,6970600,0.0,0.0
2025-01-23 00:00:00+07:00,33600.0,35600.0,33600.0,35300.0,31106.078125,5486300,0.0,0.0
2025-01-24 00:00:00+07:00,35350.0,36100.0,35250.0,35850.0,31590.736328125,14663700,0.0,0.0
2025-01-27 00:00:00+07:00,35850.0,35850.0,35850.0,35850.0,31590.736328125,0,0.0,0.0
2025-01-28 00:00:00+07:00,35850.0,35850.0,35850.0,35850.0,31590.736328125,0,0.0,0.0
2025-01-29 00:00:00+07:00,35850.0,35850.0,35850.0,35850.0,31590.736328125,0,0.0,0.0
2025-01-30 00:00:00+07:00,35850.0,35850.0,35850.0,35850.0,31590.736328125,0,0.0,0.0
2025-01-31 00:00:00+07:00,35850.0,35850.0,35850.0,35850.0,31590.736328125,0,0.0,0.0
2025-02-03 00:00:00+07:00,35850.0,35850.0,34850.0,35100.0,30929.83984375,4007000,0.0,0.0
2025-02-04 00:00:00+07:00,35800.0,35800.0,34650.0,35100.0,30929.83984375,2681400,0.0,0.0
2025-02-05 00:00:00+07:00,35300.0,36100.0,35200.0,35900.0,31634.794921875,5870000,0.0,0.0
2025-02-06 00:00:00+07:00,36000.0,36750.0,35900.0,36500.0,32163.51171875,3449500,0.0,0.0
2025-02-07 00:00:00+07:00,36500.0,37000.0,36200.0,36500.0,32163.51171875,2457100,0.0,0.0
2025-02-10 00:00:00+07:00,36400.0,36800.0,35950.0,36550.0,32207.5703125,2445900,0.0,0.0
2025-02-11 00:00:00+07:00,36550.0,37050.0,36400.0,37000.0,32604.107421875,2458800,0.0,0.0
2025-02-12 00:00:00+07:00,37050.0,37900.0,37050.0,37350.0,32912.5234375,2734300,0.0,0.0
2025-02-13 00:00:00+07:00,37350.0,37850.0,37050.0,37700.0,33220.94140625,2520700,0.0,0.0
2025-02-14 00:00:00+07:00,38300.0,38300.0,37200.0,37500.0,33044.703125,2767900,0.0,0.0
2025-02-17 00:00:00+07:00,37500.0,37600.0,37100.0,37250.0,32824.40234375,1586800,0.0,0.0
2025-02-18 00:00:00+07:00,37450.0,37450.0,36500.0,36600.0,32251.62890625,3459500,0.0,0.0
2025-02-19 00:00:00+07:00,36650.0,37000.0,36300.0,36700.0,32339.75,3508600,0.0,0.0
2025-02-20 00:00:00+07:00,36700.0,37000.0,36250.0,36300.0,31987.26953125,3887500,0.0,0.0
2025-02-21 00:00:00+07:00,36400.0,36750.0,36300.0,36400.0,32075.390625,1524600,0.0,0.0
2025-02-24 00:00:00+07:00,36350.0,36950.0,36150.0,36800.0,32427.8671875,4039400,0.0,0.0
2025-02-25 00:00:00+07:00,36900.0,37250.0,36800.0,36850.0,32471.927734375,3525600,0.0,0.0
2025-02-26 00:00:00+07:00,37100.0,37200.0,36600.0,36900.0,32515.986328125,2228700,0.0,0.0
2025-02-27 00:00:00+07:00,36900.0,36900.0,36300.0,36750.0,32383.80859375,2381500,0.0,0.0
2025-02-28 00:00:00+07:00,36650.0,36700.0,36050.0,36150.0,31855.091796875,2994600,0.0,0.0
2025-03-03 00:00:00+07:00,36250.0,36250.0,35600.0,35900.0,31634.794921875,3778400,0.0,0.0
2025-03-04 00:00:00+07:00,35750.0,35800.0,35150.0,35500.0,31282.3203125,5102600,0.0,0.0
2025-03-05 00:00:00+07:00,35500.0,36600.0,35500.0,35800.0,31546.673828125,2318400,0.0,0.0
2025-03-06 00:00:00+07:00,36050.0,36050.0,35500.0,35550.0,31326.37890625,1826200,0.0,0.0
2025-03-07 00:00:00+07:00,35500.0,35950.0,35400.0,35400.0,31194.19921875,3123200,0.0,0.0
2025-03-10 00:00:00+07:00,35400.0,35850.0,34800.0,34800.0,30665.484375,4061000,0.0,0.0
2025-03-11 00:00:00+07:00,34650.0,34900.0,34100.0,34650.0,30533.3046875,3771200,0.0,0.0
2025-03-12 00:00:00+07:00,34650.0,35350.0,34250.0,35300.0,31106.078125,2715700,0.0,0.0
2025-03-13 00:00:00+07:00,35300.0,35450.0,34900.0,35300.0,31106.078125,2545000,0.0,0.0
2025-03-14 00:00:00+07:00,35400.0,35400.0,34950.0,34950.0,30797.662109375,1433200,0.0,0.0
2025-03-17 00:00:00+07:00,34950.0,35000.0,34450.0,34700.0,30577.36328125,2029600,0.0,0.0
2025-03-18 00:00:00+07:00,34700.0,35850.0,34400.0,35400.0,31194.19921875,5124100,0.0,0.0
2025-03-19 00:00:00+07:00,35400.0,36300.0,35400.0,35950.0,31678.853515625,6285000,0.0,0.0
2025-03-20 00:00:00+07:00,36200.0,36200.0,35550.0,35550.0,31326.37890625,2563200,0.0,0.0
2025-03-21 00:00:00+07:00,35550.0,35550.0,34800.0,34800.0,30665.484375,2543500,0.0,0.0
2025-03-24 00:00:00+07:00,34800.0,34800.0,33700.0,34150.0,30092.708984375,8068400,0.0,0.0
2025-03-25 00:00:00+07:00,34150.0,34350.0,33800.0,34000.0,29960.529296875,2530300,0.0,0.0
2025-03-26 00:00:00+07:00,34000.0,34150.0,33450.0,33450.0,29475.873046875,2578800,0.0,0.0
2025-03-27 00:00:00+07:00,33600.0,33600.0,33000.0,33000.0,29079.337890625,1950300,0.0,0.0
2025-03-28 00:00:00+07:00,33000.0,33500.0,33000.0,33450.0,29475.873046875,1418900,0.0,0.0
2025-03-31 00:00:00+07:00,33450.0,33450.0,32800.0,33250.0,29299.63671875,2412800,0.0,0.0
2025-04-01 00:00:00+07:00,33250.0,33500.0,33200.0,33400.0,29431.814453125,1106200,0.0,0.0
2025-04-02 00:00:00+07:00,33500.0,33600.0,33100.0,33100.0,29167.45703125,1852800,0.0,0.0
2025-04-03 00:00:00+07:00,32900.0,32900.0,30800.0,30800.0,27140.71484375,6201700,0.0,0.0
2025-04-04 00:00:00+07:00,29000.0,32950.0,29000.0,32950.0,29035.27734375,9431700,0.0,0.0
2025-04-08 00:00:00+07:00,32950.0,32950.0,30650.0,31200.0,27493.19140625,3769900,0.0,0.0
2025-04-09 00:00:00+07:00,30400.0,32500.0,30000.0,31500.0,27757.55078125,5332500,0.0,0.0
2025-04-10 00:00:00+07:00,33700.0,33700.0,33700.0,33700.0,29696.171875,473200,0.0,0.0
2025-04-11 00:00:00+07:00,32000.0,34250.0,32000.0,34200.0,30136.767578125,7069100,0.0,0.0
2025-04-14 00:00:00+07:00,33900.0,34000.0,33700.0,33850.0,29828.3515625,2160100,0.0,0.0
2025-04-15 00:00:00+07:00,33600.0,33900.0,32550.0,33150.0,29211.517578125,3977800,0.0,0.0
2025-04-16 00:00:00+07:00,33000.0,33450.0,32650.0,32650.0,28770.921875,1645400,0.0,0.0
2025-04-17 00:00:00+07:00,33000.0,34500.0,32750.0,33600.0,29608.052734375,4118900,0.0,0.0
2025-04-18 00:00:00+07:00,33800.0,34550.0,33650.0,33900.0,29872.412109375,4142800,0.0,0.0
2025-04-21 00:00:00+07:00,33950.0,33950.0,33000.0,33050.0,29123.396484375,2596300,0.0,0.0
2025-04-22 00:00:00+07:00,32950.0,33350.0,30750.0,33250.0,29299.63671875,4879700,0.0,0.0
2025-04-23 00:00:00+07:00,33400.0,33800.0,33300.0,33300.0,29343.697265625,2718000,0.0,0.0
2025-04-24 00:00:00+07:00,33200.0,33450.0,33000.0,33000.0,29079.337890625,2141600,0.0,0.0
2025-04-25 00:00:00+07:00,32800.0,33150.0,32050.0,32300.0,28462.501953125,6340700,0.0,0.0
2025-04-28 00:00:00+07:00,32900.0,32900.0,32100.0,32800.0,28903.099609375,1555900,0.0,0.0
2025-04-29 00:00:00+07:00,32800.0,33250.0,32550.0,32550.0,28682.80078125,1143500,0.0,0.0
2025-04-30 00:00:00+07:00,32550.0,32550.0,32550.0,32550.0,28682.80078125,0,0.0,0.0
2025-05-01 00:00:00+07:00,32550.0,32550.0,32550.0,32550.0,28682.80078125,0,0.0,0.0
2025-05-02 00:00:00+07:00,32550.0,32550.0,32550.0,32550.0,28682.80078125,0,0.0,0.0
2025-05-05 00:00:00+07:00,32550.0,32550.0,32550.0,32550.0,28682.80078125,0,0.0,0.0
2025-05-06 00:00:00+07:00,32500.0,32750.0,32000.0,32150.0,28330.326171875,1494900,0.0,0.0
2025-05-07 00:00:00+07:00,32300.0,32450.0,31750.0,31750.0,27977.84765625,2701400,0.0,0.0
2025-05-08 00:00:00+07:00,31850.0,32350.0,31700.0,32200.0,28374.384765625,2001400,0.0,0.0
2025-05-09 00:00:00+07:00,32750.0,33600.0,32750.0,33050.0,29123.396484375,3861900,0.0,0.0
2025-05-12 00:00:00+07:00,33050.0,33050.0,33050.0,33050.0,29123.396484375,0,0.0,0.0
2025-05-13 00:00:00+07:00,35000.0,35200.0,34750.0,34800.0,30665.484375,4178600,0.0,0.0
2025-05-14 00:00:00+07:00,35000.0,35050.0,34500.0,34750.0,30621.423828125,3062200,0.0,0.0
2025-05-15 00:00:00+07:00,34950.0,35700.0,34800.0,35700.0,31458.556640625,4470300,0.0,0.0
2025-05-16 00:00:00+07:00,35800.0,37050.0,35800.0,37050.0,32648.166015625,8884600,0.0,0.0
2025-05-19 00:00:00+07:00,34000.0,34000.0,32650.0,32700.0,30900.0,5468700,2500.0,0.0
2025-05-20 00:00:00+07:00,34000.0,34000.0,32650.0,32700.0,30900.0,5468700,0.0,0.0
2025-05-21 00:00:00+07:00,32650.0,33000.0,32100.0,32950.0,31136.240234375,3562200,0.0,0.0
2025-05-22 00:00:00+07:00,33000.0,33500.0,32500.0,32550.0,30758.2578125,2430600,0.0,0.0
2025-05-23 00:00:00+07:00,32600.0,32600.0,31850.0,31900.0,30144.037109375,3093600,0.0,0.0
2025-05-26 00:00:00+07:00,32100.0,32650.0,31300.0,32500.0,30711.009765625,2528700,0.0,0.0
2025-05-27 00:00:00+07:00,32100.0,32650.0,31300.0,32500.0,30711.009765625,2528700,0.0,0.0
2025-05-28 00:00:00+07:00,32600.0,32600.0,32100.0,32200.0,30427.5234375,1920400,0.0,0.0
2025-05-29 00:00:00+07:00,32400.0,32400.0,31900.0,31950.0,30191.28515625,2135500,0.0,0.0
2025-05-30 00:00:00+07:00,32100.0,32300.0,31950.0,32000.0,30238.533203125,1463400,0.0,0.0
2025-06-02 00:00:00+07:00,31800.0,32050.0,31400.0,32000.0,30238.533203125,2160000,0.0,0.0
2025-06-03 00:00:00+07:00,31800.0,32050.0,31400.0,32000.0,30238.533203125,2160000,0.0,0.0
2025-06-04 00:00:00+07:00,32300.0,32300.0,31950.0,32000.0,30238.533203125,1855500,0.0,0.0
2025-06-05 00:00:00+07:00,32050.0,32200.0,31750.0,31750.0,30002.294921875,1580200,0.0,0.0
2025-06-06 00:00:00+07:00,31900.0,31900.0,31600.0,31800.0,30049.54296875,1357500,0.0,0.0
2025-06-09 00:00:00+07:00,31200.0,31500.0,30700.0,31250.0,29529.818359375,1903600,0.0,0.0
2025-06-10 00:00:00+07:00,31200.0,31500.0,30700.0,31250.0,29529.818359375,1903600,0.0,0.0
2025-06-11 00:00:00+07:00,31500.0,32200.0,31300.0,31450.0,29718.80859375,2437300,0.0,0.0
2025-06-12 00:00:00+07:00,31500.0,31700.0,31400.0,31450.0,29718.80859375,952800,0.0,0.0
2025-06-13 00:00:00+07:00,31900.0,32000.0,31500.0,31650.0,29907.798828125,1431600,0.0,0.0
2025-06-16 00:00:00+07:00,31700.0,31950.0,31550.0,31650.0,29907.798828125,1818200,0.0,0.0
2025-06-17 00:00:00+07:00,31700.0,31950.0,31550.0,31650.0,29907.798828125,1818200,0.0,0.0
2025-06-18 00:00:00+07:00,31950.0,32500.0,31800.0,32350.0,30569.267578125,4079500,0.0,0.0
2025-06-19 00:00:00+07:00,32500.0,32500.0,31900.0,31950.0,30191.28515625,1946800,0.0,0.0
2025-06-20 00:00:00+07:00,32000.0,32500.0,31800.0,32400.0,30616.515625,2732400,0.0,0.0
2025-06-23 00:00:00+07:00,31900.0,31900.0,31350.0,31600.0,29860.55078125,2182600,0.0,0.0
2025-06-24 00:00:00+07:00,31900.0,31900.0,31350.0,31600.0,29860.55078125,2182600,0.0,0.0
2025-06-25 00:00:00+07:00,31800.0,32050.0,31700.0,31800.0,30049.54296875,1406600,0.0,0.0
2025-06-26 00:00:00+07:00,32000.0,32300.0,31600.0,31800.0,30049.54296875,1439900,0.0,0.0
2025-06-27 00:00:00+07:00,31800.0,32000.0,31500.0,31800.0,30049.54296875,1075600,0.0,0.0
2025-06-30 00:00:00+07:00,32050.0,32400.0,31950.0,32250.0,30474.771484375,2645800,0.0,0.0
2025-07-01 00:00:00+07:00,32050.0,32400.0,31950.0,32250.0,30474.771484375,2645800,0.0,0.0
2025-07-02 00:00:00+07:00,32350.0,32400.0,32050.0,32150.0,30380.275390625,1360000,0.0,0.0
2025-07-03 00:00:00+07:00,32200.0,32550.0,32150.0,32350.0,30569.267578125,2017300,0.0,0.0
2025-07-04 00:00:00+07:00,32400.0,32500.0,32200.0,32500.0,30711.009765625,2820600,0.0,0.0
2025-07-07 00:00:00+07:00,32900.0,33500.0,32750.0,33500.0,31655.96484375,5348000,0.0,0.0
2025-07-08 00:00:00+07:00,32900.0,33500.0,32750.0,33500.0,31655.96484375,5348000,0.0,0.0
2025-07-09 00:00:00+07:00,33650.0,34000.0,33250.0,33700.0,31844.955078125,2506300,0.0,0.0
2025-07-10 00:00:00+07:00,33850.0,34200.0,33050.0,33150.0,31325.23046875,3840600,0.0,0.0
2025-07-11 00:00:00+07:00,33250.0,33300.0,33000.0,33300.0,31466.97265625,2842500,0.0,0.0
2025-07-14 00:00:00+07:00,33100.0,33200.0,32650.0,32850.0,31041.744140625,1952700,0.0,0.0
2025-07-15 00:00:00+07:00,33100.0,33200.0,32650.0,32850.0,31041.744140625,1952700,0.0,0.0
2025-07-16 00:00:00+07:00,32950.0,33850.0,32850.0,33500.0,31655.96484375,5349400,0.0,0.0
2025-07-17 00:00:00+07:00,33650.0,34150.0,33550.0,33800.0,31939.451171875,2823300,0.0,0.0
2025-07-18 00:00:00+07:00,33950.0,34000.0,33650.0,33650.0,31797.70703125,3911000,0.0,0.0
2025-07-21 00:00:00+07:00,35000.0,36000.0,34700.0,35500.0,33545.87109375,4420200,0.0,0.0
2025-07-22 00:00:00+07:00,35000.0,36000.0,34700.0,35500.0,33545.87109375,4420200,0.0,0.0
2025-07-23 00:00:00+07:00,35600.0,35900.0,35050.0,35900.0,33923.85546875,2666600,0.0,0.0
2025-07-24 00:00:00+07:00,35950.0,36000.0,35250.0,35250.0,33309.6328125,3733400,0.0,0.0
2025-07-25 00:00:00+07:00,35300.0,36000.0,35100.0,35500.0,33545.87109375,2519900,0.0,0.0
2025-07-28 00:00:00+07:00,35400.0,36600.0,35200.0,36550.0,34538.07421875,7287700,0.0,0.0
2025-07-29 00:00:00+07:00,35400.0,36600.0,35200.0,36550.0,34538.07421875,7287700,0.0,0.0
2025-07-30 00:00:00+07:00,36650.0,36750.0,34300.0,34300.0,32411.927734375,6251200,0.0,0.0
2025-07-31 00:00:00+07:00,34300.0,35000.0,33800.0,34200.0,32317.431640625,3585800,0.0,0.0
2025-08-01 00:00:00+07:00,34300.0,34500.0,33350.0,34200.0,32317.431640625,4565500,0.0,0.0
2025-08-04 00:00:00+07:00,34450.0,34850.0,33800.0,34700.0,32789.91015625,3117800,0.0,0.0
2025-08-05 00:00:00+07:00,34450.0,34850.0,33800.0,34700.0,32789.91015625,3117800,0.0,0.0
2025-08-06 00:00:00+07:00,34700.0,36550.0,34700.0,35300.0,33356.8828125,9497400,0.0,0.0
2025-08-07 00:00:00+07:00,35500.0,36100.0,35500.0,36100.0,34112.84375,4087700,0.0,0.0
2025-08-08 00:00:00+07:00,36500.0,36500.0,35250.0,35800.0,33829.359375,4516800,0.0,0.0
2025-08-11 00:00:00+07:00,35500.0,35800.0,35100.0,35800.0,33829.359375,3493100,0.0,0.0
2025-08-12 00:00:00+07:00,35500.0,35800.0,35100.0,35800.0,33829.359375,3493100,0.0,0.0
2025-08-13 00:00:00+07:00,35850.0,38050.0,35450.0,38050.0,35955.50390625,9518700,0.0,0.0
2025-08-14 00:00:00+07:00,38500.0,40200.0,38500.0,39200.0,37042.203125,10589000,0.0,0.0
2025-08-15 00:00:00+07:00,39850.0,40550.0,39600.0,40200.0,37987.15625,7635400,0.0,0.0
2025-08-18 00:00:00+07:00,39200.0,40300.0,38950.0,40100.0,37892.66015625,4075200,0.0,0.0
2025-08-19 00:00:00+07:00,39200.0,40300.0,38950.0,40100.0,37892.66015625,4075200,0.0,0.0
2025-08-20 00:00:00+07:00,40450.0,42850.0,40200.0,42800.0,40444.0390625,4876400,0.0,0.0
2025-08-21 00:00:00+07:00,42900.0,45750.0,41000.0,45750.0,43231.65234375,7121900,0.0,0.0
2025-08-22 00:00:00+07:00,48000.0,48950.0,46600.0,48400.0,45735.78125,6751000,0.0,0.0
2025-08-25 00:00:00+07:00,47050.0,47450.0,45000.0,45000.0,42522.9375,5165100,0.0,0.0
2025-08-26 00:00:00+07:00,47050.0,47450.0,45000.0,45000.0,42522.9375,5165100,0.0,0.0
2025-08-27 00:00:00+07:00,45200.0,45650.0,43800.0,45500.0,42995.4140625,4223100,0.0,0.0
2025-08-28 00:00:00+07:00,46000.0,46000.0,43800.0,43800.0,41388.9921875,4317800,0.0,0.0
2025-08-29 00:00:00+07:00,43900.0,45000.0,43200.0,44850.0,42381.1953125,2515800,0.0,0.0
2025-09-01 00:00:00+07:00,44850.0,44850.0,44850.0,44850.0,42381.1953125,0,0.0,0.0
2025-09-02 00:00:00+07:00,44850.0,44850.0,44850.0,44850.0,42381.1953125,0,0.0,0.0
2025-09-03 00:00:00+07:00,44950.0,45600.0,44000.0,44700.0,42239.44921875,2034200,0.0,0.0
2025-09-04 00:00:00+07:00,44950.0,45600.0,44000.0,44700.0,42239.44921875,2034200,0.0,0.0
2025-09-05 00:00:00+07:00,45000.0,46100.0,44600.0,45650.0,43137.15625,2871500,0.0,0.0
2025-09-08 00:00:00+07:00,44400.0,44600.0,42800.0,42800.0,40444.0390625,3480500,0.0,0.0
2025-09-09 00:00:00+07:00,44400.0,44600.0,42800.0,42800.0,40444.0390625,3480500,0.0,0.0
2025-09-10 00:00:00+07:00,42850.0,43600.0,41550.0,42300.0,39971.5625,2727100,0.0,0.0
2025-09-11 00:00:00+07:00,42150.0,42600.0,41250.0,41950.0,39640.828125,2455700,0.0,0.0
2025-09-12 00:00:00+07:00,42000.0,44650.0,40400.0,44000.0,41577.984375,3995200,0.0,0.0
2025-09-15 00:00:00+07:00,44300.0,44750.0,43550.0,44550.0,42097.70703125,2116100,0.0,0.0
2025-09-16 00:00:00+07:00,44300.0,44750.0,43550.0,44550.0,42097.70703125,2116100,0.0,0.0
2025-09-17 00:00:00+07:00,44700.0,45150.0,44000.0,44900.0,42428.44140625,2769000,0.0,0.0
2025-09-18 00:00:00+07:00,45450.0,45500.0,44500.0,45300.0,42806.421875,2594400,0.0,0.0
2025-09-19 00:00:00+07:00,45300.0,45850.0,45050.0,45400.0,42900.91796875,3114400,0.0,0.0
2025-09-22 00:00:00+07:00,46550.0,47500.0,46000.0,46500.0,43940.3671875,2191000,0.0,0.0
2025-09-23 00:00:00+07:00,46550.0,47500.0,46000.0,46500.0,43940.3671875,2191000,0.0,0.0
2025-09-24 00:00:00+07:00,46700.0,47000.0,45550.0,46550.0,43987.6171875,1684200,0.0,0.0
2025-09-25 00:00:00+07:00,46700.0,47500.0,46000.0,47450.0,44838.07421875,1732800,0.0,0.0
2025-09-26 00:00:00+07:00,47550.0,48750.0,47450.0,47950.0,45310.55078125,2442300,0.0,0.0
2025-09-29 00:00:00+07:00,48100.0,48500.0,47350.0,47800.0,45168.80859375,2004000,0.0,0.0
2025-09-30 00:00:00+07:00,48100.0,48500.0,47350.0,47800.0,45168.80859375,2004000,0.0,0.0
2025-10-01 00:00:00+07:00,47950.0,49700.0,47650.0,49500.0,46775.23046875,3496200,0.0,0.0
2025-10-02 00:00:00+07:00,49700.0,51300.0,49700.0,51000.0,48192.66015625,3962900,0.0,0.0
2025-10-03 00:00:00+07:00,51300.0,52900.0,51100.0,51600.0,48759.6328125,3811600,0.0,0.0
2025-10-06 00:00:00+07:00,53000.0,53500.0,50700.0,51800.0,48948.625,4098500,0.0,0.0
2025-10-07 00:00:00+07:00,53000.0,53500.0,50700.0,51800.0,48948.625,4098500,0.0,0.0
2025-10-08 00:00:00+07:00,51900.0,53700.0,51700.0,52600.0,49704.58984375,2548500,0.0,0.0
2025-10-09 00:00:00+07:00,53000.0,54700.0,52000.0,52000.0,49137.6171875,3028700,0.0,0.0
2025-10-10 00:00:00+07:00,52000.0,52500.0,50900.0,51200.0,48381.65234375,4284400,0.0,0.0
2025-10-13 00:00:00+07:00,51800.0,52500.0,50500.0,52500.0,49610.09375,4020100,0.0,0.0
2025-10-14 00:00:00+07:00,51800.0,52500.0,50500.0,52500.0,49610.09375,4020100,0.0,0.0
2025-10-15 00:00:00+07:00,52900.0,53300.0,51500.0,51500.0,48665.140625,2627000,0.0,0.0
2025-10-16 00:00:00+07:00,51900.0,53300.0,51600.0,51600.0,48759.6328125,3443300,0.0,0.0
2025-10-17 00:00:00+07:00,52000.0,52500.0,50600.0,51300.0,48476.1484375,3265000,0.0,0.0
2025-10-20 00:00:00+07:00,49700.0,50800.0,47500.0,47500.0,44885.32421875,2570500,0.0,0.0
2025-10-21 00:00:00+07:00,49700.0,50800.0,47500.0,47500.0,44885.32421875,2570500,0.0,0.0
2025-10-22 00:00:00+07:00,49600.0,50800.0,48500.0,49000.0,46302.75390625,3509700,0.0,0.0
2025-10-23 00:00:00+07:00,49800.0,50800.0,48100.0,49900.0,47153.2109375,2643200,0.0,0.0
2025-10-24 00:00:00+07:00,50400.0,52500.0,49700.0,51300.0,48476.1484375,2801700,0.0,0.0
2025-10-27 00:00:00+07:00,52600.0,52700.0,51300.0,51900.0,49043.12109375,3071500,0.0,0.0
2025-10-28 00:00:00+07:00,52600.0,52700.0,51300.0,51900.0,49043.12109375,3071500,0.0,0.0
2025-10-29 00:00:00+07:00,52000.0,53400.0,51900.0,52800.0,49893.578125,3276000,0.0,0.0
2025-10-30 00:00:00+07:00,53000.0,54400.0,52700.0,53900.0,50933.02734375,2203100,0.0,0.0
2025-10-31 00:00:00+07:00,54000.0,54100.0,51200.0,52000.0,49137.6171875,4308800,0.0,0.0
2025-11-03 00:00:00+07:00,50900.0,52500.0,50200.0,50700.0,47909.17578125,2241800,0.0,0.0
2025-11-04 00:00:00+07:00,51100.0,52500.0,51000.0,51700.0,48854.12890625,3025200,0.0,0.0
2025-11-05 00:00:00+07:00,51100.0,52500.0,51000.0,51700.0,48854.12890625,3025200,0.0,0.0
2025-11-06 00:00:00+07:00,51700.0,52400.0,50700.0,51500.0,48665.140625,2073400,0.0,0.0
2025-11-07 00:00:00+07:00,51500.0,52100.0,49300.0,49300.0,46586.23828125,2728100,0.0,0.0
2025-11-10 00:00:00+07:00,50100.0,50900.0,48300.0,48300.0,45641.28515625,1794100,0.0,0.0
2025-11-11 00:00:00+07:00,48500.0,49050.0,47400.0,47500.0,44885.32421875,2356200,0.0,0.0
2025-11-12 00:00:00+07:00,47750.0,48850.0,47350.0,48650.0,45972.01953125,1475300,0.0,0.0
2025-11-13 00:00:00+07:00,48700.0,49100.0,48000.0,48900.0,46208.2578125,1362300,0.0,0.0
2025-11-14 00:00:00+07:00,49000.0,49900.0,48600.0,49900.0,47153.2109375,1193800,0.0,0.0
2025-11-17 00:00:00+07:00,50600.0,50600.0,49300.0,50200.0,47436.69921875,947600,0.0,0.0
2025-11-18 00:00:00+07:00,50400.0,50500.0,48950.0,49550.0,46822.4765625,1390600,0.0,0.0
2025-11-19 00:00:00+07:00,49600.0,49650.0,48550.0,49500.0,46775.23046875,1316500,0.0,0.0
2025-11-20 00:00:00+07:00,49700.0,50200.0,49300.0,49300.0,46586.23828125,2164700,0.0,0.0
2025-11-21 00:00:00+07:00,49300.0,49700.0,48500.0,48550.0,45877.5234375,1076000,0.0,0.0
2025-11-24 00:00:00+07:00,48700.0,49500.0,48550.0,48550.0,45877.5234375,1211300,0.0,0.0
2025-11-25 00:00:00+07:00,48600.0,49300.0,48500.0,49000.0,46302.75390625,1401600,0.0,0.0
2025-11-26 00:00:00+07:00,49150.0,50000.0,49150.0,49600.0,46869.7265625,1572800,0.0,0.0
2025-11-27 00:00:00+07:00,49750.0,50200.0,49200.0,49300.0,46586.23828125,1173300,0.0,0.0
2025-11-28 00:00:00+07:00,49500.0,50700.0,48200.0,48600.0,45924.7734375,1434700,0.0,0.0
2025-12-01 00:00:00+07:00,48800.0,49000.0,47900.0,47900.0,45263.3046875,798600,0.0,0.0
2025-12-02 00:00:00+07:00,48100.0,48500.0,47300.0,47500.0,44885.32421875,1242000,0.0,0.0
2025-12-03 00:00:00+07:00,48000.0,49000.0,48000.0,48600.0,45924.7734375,1490800,0.0,0.0
2025-12-04 00:00:00+07:00,48000.0,49000.0,48000.0,48600.0,45924.7734375,1490800,0.0,0.0
2025-12-05 00:00:00+07:00,49650.0,49650.0,48100.0,48100.0,45452.296875,1083400,0.0,0.0
2025-12-08 00:00:00+07:00,48100.0,48550.0,46050.0,46300.0,43751.37890625,2989700,0.0,0.0
2025-12-09 00:00:00+07:00,46400.0,46400.0,43600.0,44000.0,41577.984375,4632400,0.0,0.0
2025-12-10 00:00:00+07:00,44650.0,44750.0,43800.0,44200.0,41766.97265625,1452300,0.0,0.0
2025-12-11 00:00:00+07:00,44500.0,45500.0,44250.0,44500.0,42050.4609375,1245100,0.0,0.0
2025-12-12 00:00:00+07:00,44750.0,44850.0,43200.0,44200.0,41766.97265625,1570300,0.0,0.0
2025-12-15 00:00:00+07:00,44350.0,44350.0,42500.0,42800.0,40444.0390625,1403500,0.0,0.0
2025-12-16 00:00:00+07:00,43000.0,44500.0,42750.0,44450.0,42003.2109375,2136800,0.0,0.0
2025-12-17 00:00:00+07:00,44700.0,44800.0,43300.0,44000.0,41577.984375,854400,0.0,0.0
2025-12-18 00:00:00+07:00,44700.0,44800.0,43300.0,44000.0,41577.984375,854400,0.0,0.0
2025-12-19 00:00:00+07:00,44000.0,46800.0,43500.0,43500.0,41105.50390625,1371800,0.0,0.0
2025-12-22 00:00:00+07:00,43800.0,44450.0,43200.0,44000.0,41577.984375,2655200,0.0,0.0
2025-12-23 00:00:00+07:00,44250.0,44250.0,41250.0,41800.0,39499.08203125,12622600,0.0,0.0
2025-12-24 00:00:00+07:00,42000.0,43850.0,42000.0,42800.0,40444.0390625,2615700,0.0,0.0
2025-12-25 00:00:00+07:00,42000.0,43850.0,42000.0,42800.0,40444.0390625,2615700,0.0,0.0
2025-12-26 00:00:00+07:00,42100.0,42500.0,41500.0,41500.0,39215.59765625,2093000,0.0,0.0
2025-12-29 00:00:00+07:00,41500.0,42150.0,41450.0,41800.0,39499.08203125,1171100,0.0,0.0
2025-12-30 00:00:00+07:00,41950.0,41950.0,41600.0,41900.0,39593.578125,817300,0.0,0.0
2025-12-31 00:00:00+07:00,42050.0,42050.0,41450.0,41800.0,39499.08203125,2465100,0.0,0.0
2026-01-01 00:00:00+07:00,41800.0,41800.0,41800.0,41800.0,39499.08203125,0,0.0,0.0
2026-01-02 00:00:00+07:00,41800.0,41800.0,41800.0,41800.0,39499.08203125,0,0.0,0.0
2026-01-05 00:00:00+07:00,42000.0,42300.0,39900.0,40500.0,38270.64453125,4157300,0.0,0.0
2026-01-06 00:00:00+07:00,40700.0,41850.0,40550.0,41700.0,39404.58984375,4415000,0.0,0.0
2026-01-07 00:00:00+07:00,41900.0,42500.0,41650.0,42100.0,39782.5703125,1271400,0.0,0.0
2026-01-08 00:00:00+07:00,42200.0,42300.0,41400.0,42000.0,39688.07421875,1923900,0.0,0.0
2026-01-09 00:00:00+07:00,42100.0,42500.0,40950.0,41200.0,38932.109375,2099000,0.0,0.0
2026-01-12 00:00:00+07:00,41400.0,42450.0,41300.0,42400.0,40066.0546875,2299400,0.0,0.0
2026-01-13 00:00:00+07:00,42800.0,42800.0,41300.0,41900.0,39593.578125,2377800,0.0,0.0
2026-01-14 00:00:00+07:00,42100.0,42200.0,41250.0,41700.0,39404.58984375,1518900,0.0,0.0
2026-01-15 00:00:00+07:00,41850.0,42100.0,41000.0,41500.0,39215.59765625,1812900,0.0,0.0
2026-01-16 00:00:00+07:00,41600.0,42150.0,41200.0,41750.0,39451.8359375,1930100,0.0,0.0
2026-01-19 00:00:00+07:00,41900.0,42100.0,41350.0,41550.0,39262.84375,863600,0.0,0.0
2026-01-20 00:00:00+07:00,41700.0,43250.0,41350.0,42350.0,40018.80859375,2707000,0.0,0.0
2026-01-21 00:00:00+07:00,42500.0,45000.0,42500.0,42950.0,40585.78125,3086500,0.0,0.0
2026-01-22 00:00:00+07:00,42950.0,44000.0,42900.0,43300.0,40916.515625,2487900,0.0,0.0
2026-01-23 00:00:00+07:00,43900.0,43900.0,41900.0,42400.0,40066.0546875,1914200,0.0,0.0
2026-01-26 00:00:00+07:00,42600.0,43300.0,41500.0,41900.0,39593.578125,1421000,0.0,0.0
2026-01-27 00:00:00+07:00,42000.0,42550.0,41900.0,42000.0,39688.07421875,1433100,0.0,0.0
2026-01-28 00:00:00+07:00,42200.0,42500.0,41750.0,42000.0,39688.07421875,992500,0.0,0.0
2026-01-29 00:00:00+07:00,42150.0,42450.0,41500.0,41700.0,39404.58984375,801400,0.0,0.0
2026-01-30 00:00:00+07:00,41900.0,42600.0,41500.0,41650.0,39357.33984375,1478700,0.0,0.0
2026-02-02 00:00:00+07:00,41500.0,42200.0,40750.0,42000.0,39688.07421875,1414600,0.0,0.0
2026-02-03 00:00:00+07:00,42200.0,42350.0,41500.0,41550.0,39262.84375,1040300,0.0,0.0
2026-02-04 00:00:00+07:00,41700.0,42200.0,41700.0,42200.0,39877.06640625,1567200,0.0,0.0
2026-02-05 00:00:00+07:00,42800.0,42800.0,41000.0,41000.0,38743.12109375,1331700,0.0,0.0
2026-02-06 00:00:00+07:00,41100.0,41900.0,40400.0,41900.0,39593.578125,1869700,0.0,0.0
2026-02-09 00:00:00+07:00,42050.0,42300.0,41700.0,41850.0,39546.33203125,817400,0.0,0.0
2026-02-10 00:00:00+07:00,42000.0,42150.0,41300.0,41800.0,39499.08203125,1588400,0.0,0.0
2026-02-11 00:00:00+07:00,41950.0,42250.0,41650.0,42050.0,39735.32421875,1276800,0.0,0.0
2026-02-12 00:00:00+07:00,42200.0,42200.0,41650.0,41850.0,39546.33203125,458300,0.0,0.0
2026-02-13 00:00:00+07:00,41950.0,42700.0,41050.0,42050.0,39735.32421875,2457800,0.0,0.0
2026-02-16 00:00:00+07:00,42050.0,42050.0,42050.0,42050.0,39735.32421875,0,0.0,0.0
2026-02-17 00:00:00+07:00,42050.0,42050.0,42050.0,42050.0,39735.32421875,0,0.0,0.0
2026-02-18 00:00:00+07:00,42050.0,42050.0,42050.0,42050.0,39735.32421875,0,0.0,0.0
2026-02-19 00:00:00+07:00,42050.0,42050.0,42050.0,42050.0,39735.32421875,0,0.0,0.0
2026-02-20 00:00:00+07:00,42050.0,42050.0,42050.0,42050.0,39735.32421875,0,0.0,0.0
2026-02-23 00:00:00+07:00,42850.0,42850.0,42350.0,42550.0,40207.80078125,722700,0.0,0.0
2026-02-24 00:00:00+07:00,42600.0,42950.0,42100.0,42600.0,40255.046875,1326400,0.0,0.0
2026-02-25 00:00:00+07:00,42650.0,42850.0,42050.0,42300.0,39971.5625,1826400,0.0,0.0
2026-02-26 00:00:00+07:00,42550.0,43750.0,42200.0,43150.0,40774.7734375,3105500,0.0,0.0
2026-02-27 00:00:00+07:00,43500.0,44300.0,42750.0,43050.0,40680.27734375,1473700,0.0,0.0
2026-03-02 00:00:00+07:00,42950.0,43000.0,41900.0,41900.0,39593.578125,1500700,0.0,0.0
2026-03-03 00:00:00+07:00,42950.0,43000.0,41900.0,41900.0,39593.578125,1500700,0.0,0.0
2026-03-04 00:00:00+07:00,42400.0,43100.0,41500.0,43100.0,40727.5234375,2091600,0.0,0.0
2026-03-05 00:00:00+07:00,43500.0,43500.0,42000.0,42850.0,40491.28515625,1933300,0.0,0.0
2026-03-06 00:00:00+07:00,42900.0,42900.0,41850.0,42250.0,39924.3125,1469300,0.0,0.0
2026-03-09 00:00:00+07:00,42000.0,42050.0,39500.0,40350.0,38128.8984375,1982400,0.0,0.0
2026-03-10 00:00:00+07:00,40900.0,41400.0,39500.0,40600.0,38365.140625,2403800,0.0,0.0
2026-03-11 00:00:00+07:00,40550.0,41800.0,39800.0,41700.0,39404.58984375,2275300,0.0,0.0
2026-03-12 00:00:00+07:00,41500.0,41600.0,40600.0,41100.0,38837.6171875,2167300,0.0,0.0
2026-03-13 00:00:00+07:00,41100.0,41800.0,40900.0,41500.0,39215.59765625,1678600,0.0,0.0
2026-03-16 00:00:00+07:00,41600.0,42000.0,40900.0,42000.0,39688.07421875,1219100,0.0,0.0
2026-03-17 00:00:00+07:00,42300.0,44100.0,42200.0,43350.0,40963.76171875,3410600,0.0,0.0
2026-03-18 00:00:00+07:00,43750.0,44500.0,43300.0,43650.0,41247.25,2196800,0.0,0.0
2026-03-19 00:00:00+07:00,43650.0,43900.0,41500.0,43900.0,41483.48828125,4447600,0.0,0.0
2026-03-20 00:00:00+07:00,43900.0,44000.0,41050.0,41100.0,38837.6171875,1920100,0.0,0.0
2026-03-23 00:00:00+07:00,41100.0,42550.0,40950.0,41150.0,38884.86328125,745300,0.0,0.0
2026-03-24 00:00:00+07:00,41300.0,41950.0,40950.0,41900.0,39593.578125,1020400,0.0,0.0
2026-03-25 00:00:00+07:00,42000.0,42300.0,41450.0,41800.0,39499.08203125,953700,0.0,0.0
2026-03-26 00:00:00+07:00,41900.0,42000.0,41450.0,41800.0,39499.08203125,636800,0.0,0.0
2026-03-27 00:00:00+07:00,41800.0,42200.0,41700.0,41800.0,39499.08203125,1152800,0.0,0.0
2026-03-30 00:00:00+07:00,41800.0,42100.0,41200.0,41950.0,39640.828125,1047100,0.0,0.0
2026-03-31 00:00:00+07:00,42050.0,42350.0,41500.0,41900.0,39593.578125,1068300,0.0,0.0
2026-04-01 00:00:00+07:00,42300.0,42700.0,41950.0,42400.0,40066.0546875,1737100,0.0,0.0
2026-04-02 00:00:00+07:00,42600.0,42600.0,41450.0,41800.0,39499.08203125,995000,0.0,0.0
2026-04-03 00:00:00+07:00,41800.0,43500.0,41800.0,43100.0,40727.5234375,2029400,0.0,0.0
2026-04-06 00:00:00+07:00,43500.0,46100.0,43350.0,46100.0,43562.38671875,4021800,0.0,0.0
2026-04-07 00:00:00+07:00,46600.0,48550.0,46400.0,48000.0,45357.80078125,3622800,0.0,0.0
2026-04-08 00:00:00+07:00,49000.0,50000.0,47450.0,47500.0,44885.32421875,1739200,0.0,0.0
2026-04-09 00:00:00+07:00,47600.0,49400.0,47250.0,48000.0,45357.80078125,1644100,0.0,0.0
2026-04-10 00:00:00+07:00,49350.0,49850.0,48000.0,49300.0,46586.23828125,2186400,0.0,0.0
2026-04-13 00:00:00+07:00,49400.0,50100.0,47850.0,47950.0,45310.55078125,1836000,0.0,0.0
2026-04-14 00:00:00+07:00,48500.0,49850.0,48000.0,48000.0,45357.80078125,1889000,0.0,0.0
2026-04-15 00:00:00+07:00,48600.0,48700.0,47700.0,47700.0,45074.3125,985700,0.0,0.0
2026-04-16 00:00:00+07:00,47950.0,47950.0,47050.0,47300.0,44696.33203125,814900,0.0,0.0
2026-04-17 00:00:00+07:00,47900.0,47900.0,46000.0,46000.0,43467.890625,1228900,0.0,0.0
2026-04-20 00:00:00+07:00,46700.0,47800.0,46000.0,46000.0,43467.890625,1073800,0.0,0.0
2026-04-21 00:00:00+07:00,46550.0,48800.0,46200.0,47050.0,44460.09375,1904500,0.0,0.0
2026-04-22 00:00:00+07:00,47350.0,47350.0,46150.0,47000.0,44412.84375,1627100,0.0,0.0
2026-04-23 00:00:00+07:00,47250.0,47400.0,46450.0,46500.0,43940.3671875,1123000,0.0,0.0
2026-04-24 00:00:00+07:00,47000.0,47000.0,45800.0,46300.0,43751.37890625,586300,0.0,0.0
2026-04-27 00:00:00+07:00,46300.0,46300.0,46300.0,46300.0,43751.37890625,0,0.0,0.0
2026-04-28 00:00:00+07:00,46300.0,46800.0,45150.0,45600.0,43089.91015625,952100,0.0,0.0
2026-04-29 00:00:00+07:00,45600.0,47450.0,45300.0,47300.0,44696.33203125,1345800,0.0,0.0
2026-04-30 00:00:00+07:00,47300.0,47300.0,47300.0,47300.0,44696.33203125,0,0.0,0.0
2026-05-01 00:00:00+07:00,47300.0,47300.0,47300.0,47300.0,44696.33203125,0,0.0,0.0
2026-05-04 00:00:00+07:00,47300.0,47700.0,46400.0,47000.0,44412.84375,813100,0.0,0.0
2026-05-05 00:00:00+07:00,47200.0,48500.0,46900.0,48100.0,45452.296875,1469600,0.0,0.0
2026-05-06 00:00:00+07:00,49000.0,49700.0,48300.0,49400.0,46680.734375,1457400,0.0,0.0
2026-05-07 00:00:00+07:00,49500.0,52200.0,49250.0,51200.0,48381.65234375,2480800,0.0,0.0
2026-05-08 00:00:00+07:00,51300.0,53000.0,50900.0,51800.0,48948.625,1675800,0.0,0.0
2026-05-11 00:00:00+07:00,51800.0,53500.0,50300.0,52800.0,49893.578125,1723700,0.0,0.0
2026-05-12 00:00:00+07:00,52800.0,54700.0,52200.0,54500.0,51500.0,2493500,0.0,0.0
2026-05-13 00:00:00+07:00,58300.0,58300.0,54300.0,54500.0,51500.0,2136300,0.0,0.0
2026-05-14 00:00:00+07:00,51800.0,52700.0,51000.0,52100.0,52100.0,856800,3000.0,0.0
2026-05-15 00:00:00+07:00,52000.0,53100.0,51300.0,51500.0,51500.0,996300,0.0,0.0
2026-05-18 00:00:00+07:00,51500.0,52700.0,51000.0,52300.0,52300.0,962300,0.0,0.0
2026-05-19 00:00:00+07:00,52400.0,53000.0,51400.0,51600.0,51600.0,903000,0.0,0.0
2026-05-20 00:00:00+07:00,51600.0,52800.0,51600.0,52300.0,52300.0,1000700,0.0,0.0
2026-05-21 00:00:00+07:00,52800.0,54000.0,52500.0,53200.0,53200.0,2992700,0.0,0.0
2026-05-22 00:00:00+07:00,54500.0,54500.0,53000.0,53200.0,53200.0,565600,0.0,0.0
2026-05-25 00:00:00+07:00,53200.0,54800.0,53200.0,54000.0,54000.0,1171200,0.0,0.0
2026-05-26 00:00:00+07:00,54700.0,54700.0,53900.0,54100.0,54100.0,478200,0.0,0.0
2026-05-27 00:00:00+07:00,54500.0,55000.0,54000.0,54000.0,54000.0,1250500,0.0,0.0
2026-05-28 00:00:00+07:00,54000.0,54600.0,53000.0,53000.0,53000.0,1104900,0.0,0.0
2026-05-29 00:00:00+07:00,53000.0,54100.0,52000.0,52000.0,52000.0,923600,0.0,0.0
2026-06-01 00:00:00+07:00,52000.0,52400.0,51800.0,51800.0,51800.0,620700,0.0,0.0
2026-06-02 00:00:00+07:00,51800.0,52000.0,50900.0,50900.0,50900.0,1465100,0.0,0.0
2026-06-03 00:00:00+07:00,50900.0,51800.0,48000.0,48000.0,48000.0,1573000,0.0,0.0
2026-06-04 00:00:00+07:00,48000.0,48250.0,45700.0,46450.0,46450.0,1626700,0.0,0.0
2026-06-05 00:00:00+07:00,46550.0,47200.0,45100.0,45650.0,45650.0,1405300,0.0,0.0
2026-06-08 00:00:00+07:00,46900.0,48300.0,46000.0,46300.0,46300.0,900400,0.0,0.0
2026-06-09 00:00:00+07:00,46300.0,47000.0,46000.0,46400.0,46400.0,616800,0.0,0.0
2026-06-10 00:00:00+07:00,46400.0,46950.0,46050.0,46600.0,46600.0,555200,0.0,0.0
2026-06-11 00:00:00+07:00,46600.0,46600.0,46050.0,46050.0,46050.0,306900,0.0,0.0
2026-06-12 00:00:00+07:00,46150.0,47500.0,45100.0,45500.0,45500.0,736700,0.0,0.0
2026-06-15 00:00:00+07:00,45600.0,46550.0,45500.0,46200.0,46200.0,443600,0.0,0.0
2026-06-16 00:00:00+07:00,46200.0,46500.0,46000.0,46450.0,46450.0,443800,0.0,0.0
2026-06-17 00:00:00+07:00,46450.0,47000.0,46150.0,46900.0,46900.0,604500,0.0,0.0
2026-06-18 00:00:00+07:00,46700.0,47500.0,45450.0,47050.0,47050.0,1301700,0.0,0.0
2026-06-19 00:00:00+07:00,47050.0,49600.0,46500.0,48000.0,48000.0,1555700,0.0,0.0
2026-06-22 00:00:00+07:00,49300.0,50000.0,48100.0,49200.0,49200.0,4247700,0.0,0.0
2026-06-23 00:00:00+07:00,50500.0,52600.0,50200.0,52600.0,52600.0,7347600,0.0,0.0
2026-06-24 00:00:00+07:00,56200.0,56200.0,54800.0,55500.0,55500.0,11865500,0.0,0.0
2026-06-25 00:00:00+07:00,56100.0,58500.0,55500.0,56000.0,56000.0,3744100,0.0,0.0
2026-06-26 00:00:00+07:00,56100.0,56200.0,52300.0,53000.0,53000.0,5428200,0.0,0.0
2026-06-29 00:00:00+07:00,53000.0,55200.0,52200.0,54700.0,54700.0,2194700,0.0,0.0
2026-06-30 00:00:00+07:00,54700.0,55400.0,53500.0,53500.0,53500.0,2026200,0.0,0.0
2026-07-01 00:00:00+07:00,54700.0,55400.0,53500.0,53500.0,53500.0,2026200,0.0,0.0
2026-07-02 00:00:00+07:00,53900.0,53900.0,52000.0,52100.0,52100.0,1704500,0.0,0.0
2026-07-03 00:00:00+07:00,52100.0,52300.0,50800.0,51000.0,51000.0,2053500,0.0,0.0
2026-07-06 00:00:00+07:00,51000.0,52800.0,51000.0,51300.0,51300.0,1773300,0.0,0.0
2026-07-07 00:00:00+07:00,52000.0,53800.0,51700.0,53800.0,53800.0,1716400,0.0,0.0
2026-07-08 00:00:00+07:00,53800.0,53800.0,52500.0,53100.0,53100.0,1679600,0.0,0.0
2026-07-09 00:00:00+07:00,52800.0,53400.0,52400.0,52400.0,52400.0,940400,0.0,0.0
2026-07-10 00:00:00+07:00,52400.0,54200.0,52400.0,53400.0,53400.0,2495600,0.0,0.0
2026-07-13 00:00:00+07:00,53300.0,54000.0,51500.0,51600.0,51600.0,2166000,0.0,0.0
2026-07-14 00:00:00+07:00,51700.0,52500.0,50100.0,51500.0,51500.0,2294600,0.0,0.0
2026-07-15 00:00:00+07:00,51600.0,52500.0,50700.0,51500.0,51500.0,2313000,0.0,0.0
2026-07-16 00:00:00+07:00,51500.0,52400.0,51300.0,52000.0,52000.0,1650400,0.0,0.0
2026-07-17 00:00:00+07:00,52300.0,53700.0,51300.0,52900.0,52900.0,7957300,0.0,0.0
2026-07-20 00:00:00+07:00,52900.0,53500.0,52500.0,53500.0,53500.0,2439700,0.0,0.0
2026-07-21 00:00:00+07:00,53800.0,56000.0,53300.0,54600.0,54600.0,6305000,0.0,0.0
2026-07-22 00:00:00+07:00,54800.0,55300.0,53500.0,54400.0,54400.0,4198900,0.0,0.0
2026-07-23 00:00:00+07:00,54900.0,55000.0,53300.0,53300.0,53300.0,2895000,0.0,0.0
2026-07-24 00:00:00+07:00,53000.0,53800.0,51900.0,52400.0,52400.0,2238700,0.0,0.0
2026-07-27 00:00:00+07:00,53500.0,56000.0,53200.0,54000.0,54000.0,5562100,0.0,0.0
2026-07-28 00:00:00+07:00,54100.0,54800.0,53500.0,53500.0,53500.0,2567200,0.0,0.0
2026-07-29 00:00:00+07:00,52800.0,53400.0,52200.0,52600.0,52600.0,3255600,0.0,0.0
2026-07-30 00:00:00+07:00,52100.0,53800.0,51700.0,52600.0,52600.0,3833400,0.0,0.0
2026-07-31 00:00:00+07:00,52100.0,53500.0,51800.0,51800.0,51800.0,3615100,0.0,0.0
2026-08-03 00:00:00+07:00,52100.0,54000.0,52100.0,53000.0,53000.0,2566500,0.0,0.0
2026-08-04 00:00:00+07:00,53200.0,53800.0,52500.0,53800.0,53800.0,2652500,0.0,0.0
2026-08-05 00:00:00+07:00,54300.0,54300.0,52800.0,53000.0,53000.0,2718100,0.0,0.0
2026-08-06 00:00:00+07:00,53200.0,53300.0,51300.0,52000.0,52000.0,3547400,0.0,0.0
2026-08-07 00:00:00+07:00,52000.0,53400.0,51900.0,52900.0,52900.0,1652400,0.0,0.0
2026-08-10 00:00:00+07:00,52900.0,53100.0,52000.0,52300.0,52300.0,1775300,0.0,0.0
2026-08-11 00:00:00+07:00,52800.0,53800.0,52300.0,53700.0,53700.0,2583500,0.0,0.0
2026-08-12 00:00:00+07:00,53700.0,54500.0,53300.0,53800.0,53800.0,2826100,0.0,0.0
2026-08-13 00:00:00+07:00,53800.0,54400.0,52500.0,53800.0,53800.0,4127800,0.0,0.0
2026-08-14 00:00:00+07:00,53700.0,54000.0,52000.0,52400.0,52400.0,4371400,0.0,0.0
2026-08-17 00:00:00+07:00,52900.0,52900.0,50100.0,50900.0,50900.0,4559600,0.0,0.0
2026-08-18 00:00:00+07:00,51100.0,51500.0,50000.0,50000.0,50000.0,3176200,0.0,0.0
2026-08-19 00:00:00+07:00,50300.0,51300.0,50000.0,50700.0,50700.0,1255600,0.0,0.0
2026-08-20 00:00:00+07:00,51000.0,51300.0,49650.0,50000.0,50000.0,2725200,0.0,0.0
2026-08-21 00:00:00+07:00,49800.0,50500.0,48500.0,50000.0,50000.0,3868700,0.0,0.0
2026-08-24 00:00:00+07:00,51000.0,51000.0,48500.0,49100.0,49100.0,3938800,0.0,0.0
2026-08-25 00:00:00+07:00,49150.0,50600.0,49100.0,49800.0,49800.0,3212500,0.0,0.0
2026-08-26 00:00:00+07:00,50000.0,50200.0,48700.0,49600.0,49600.0,4104500,0.0,0.0
2026-08-27 00:00:00+07:00,49300.0,49800.0,49100.0,49400.0,49400.0,1845400,0.0,0.0
2026-08-28 00:00:00+07:00,49700.0,50500.0,49350.0,49950.0,49950.0,3031000,0.0,0.0
2026-08-31 00:00:00+07:00,49950.0,49950.0,49950.0,49950.0,49950.0,0,0.0,0.0
