Date,Open,High,Low,Close,Adj Close,Volume,Dividends,Stock Splits
2020-01-01 00:00:00+07:00,38000.0,38000.0,38000.0,38000.0,35352.375,0,0.0,0.0
2020-01-02 00:00:00+07:00,38000.0,39000.0,37900.0,39000.0,36282.6953125,2148870,0.0,0.0
2020-01-03 00:00:00+07:00,39000.0,39233.33203125,38400.0,38433.33203125,35755.51953125,2373060,0.0,0.0
2020-01-06 00:00:00+07:00,38266.66796875,38466.66796875,38000.0,38233.33203125,35569.44921875,1167750,0.0,0.0
2020-01-07 00:00:00+07:00,38233.33203125,38533.33203125,37766.66796875,38533.33203125,35848.546875,1944690,0.0,0.0
2020-01-08 00:00:00+07:00,38000.0,38333.33203125,37600.0,37600.0,34980.25,2227170,0.0,0.0
2020-01-09 00:00:00+07:00,37966.66796875,38333.33203125,37800.0,38166.66796875,35507.43359375,954210,0.0,0.0
2020-01-10 00:00:00+07:00,38200.0,38533.33203125,38100.0,38366.66796875,35693.5,1236540,0.0,0.0
2020-01-13 00:00:00+07:00,38166.66796875,38433.33203125,38033.33203125,38166.66796875,35507.43359375,864720,0.0,0.0
2020-01-14 00:00:00+07:00,38266.66796875,38266.66796875,37933.33203125,37966.66796875,35321.3671875,962430,0.0,0.0
2020-01-15 00:00:00+07:00,37966.66796875,38066.66796875,37900.0,38000.0,35352.375,879480,0.0,0.0
2020-01-16 00:00:00+07:00,38000.0,38666.66796875,37966.66796875,38466.66796875,35786.52734375,1563240,0.0,0.0
2020-01-17 00:00:00+07:00,38466.66796875,38733.33203125,38466.66796875,38700.0,36003.59765625,1305090,0.0,0.0
2020-01-20 00:00:00+07:00,38500.0,39533.33203125,38500.0,39533.33203125,36778.87890625,4391820,0.0,0.0
2020-01-21 00:00:00+07:00,39533.33203125,40166.66796875,39466.66796875,40000.0,37213.03125,2076600,0.0,0.0
2020-01-22 00:00:00+07:00,39866.66796875,40033.33203125,39500.0,39733.33203125,36964.9375,1380720,0.0,0.0
2020-01-23 00:00:00+07:00,39733.33203125,39733.33203125,39733.33203125,39733.33203125,36964.9375,0,0.0,0.0
2020-01-24 00:00:00+07:00,39733.33203125,39733.33203125,39733.33203125,39733.33203125,36964.9375,0,0.0,0.0
2020-01-27 00:00:00+07:00,39733.33203125,39733.33203125,39733.33203125,39733.33203125,36964.9375,0,0.0,0.0
2020-01-28 00:00:00+07:00,39733.33203125,39733.33203125,39733.33203125,39733.33203125,36964.9375,0,0.0,0.0
2020-01-29 00:00:00+07:00,39733.33203125,39733.33203125,39733.33203125,39733.33203125,36964.9375,0,0.0,0.0
2020-01-30 00:00:00+07:00,38666.66796875,39033.33203125,37666.66796875,38000.0,35352.375,3947130,0.0,0.0
2020-01-31 00:00:00+07:00,37666.66796875,38200.0,36833.33203125,36933.33203125,34360.0234375,4304250,0.0,0.0
2020-02-03 00:00:00+07:00,36066.66796875,36633.33203125,34666.66796875,36266.66796875,33739.80859375,5849790,0.0,0.0
2020-02-04 00:00:00+07:00,36333.33203125,36833.33203125,35466.66796875,35966.66796875,33460.7109375,2715900,0.0,0.0
2020-02-05 00:00:00+07:00,36000.0,36566.66796875,36000.0,36000.0,33491.7265625,2417400,0.0,0.0
2020-02-06 00:00:00+07:00,36000.0,36766.66796875,36000.0,36500.0,33956.890625,2356860,0.0,0.0
2020-02-07 00:00:00+07:00,36433.33203125,36433.33203125,35933.33203125,36233.33203125,33708.80078125,1885050,0.0,0.0
2020-02-10 00:00:00+07:00,35500.0,35833.33203125,35266.66796875,35266.66796875,32809.484375,2108370,0.0,0.0
2020-02-11 00:00:00+07:00,35333.33203125,35600.0,35333.33203125,35500.0,33026.55859375,1188390,0.0,0.0
2020-02-12 00:00:00+07:00,35566.66796875,36466.66796875,35566.66796875,36333.33203125,33801.8359375,1707690,0.0,0.0
2020-02-13 00:00:00+07:00,35966.66796875,36333.33203125,35966.66796875,36000.0,33491.7265625,1236120,0.0,0.0
2020-02-14 00:00:00+07:00,35666.66796875,35900.0,35300.0,35700.0,33212.625,1245870,0.0,0.0
2020-02-17 00:00:00+07:00,35733.33203125,35833.33203125,35400.0,35833.33203125,33336.66796875,1153470,0.0,0.0
2020-02-18 00:00:00+07:00,35833.33203125,36366.66796875,35666.66796875,36300.0,33770.8203125,1706250,0.0,0.0
2020-02-19 00:00:00+07:00,36466.66796875,36833.33203125,36300.0,36833.33203125,34266.99609375,2017320,0.0,0.0
2020-02-20 00:00:00+07:00,37000.0,37133.33203125,36733.33203125,36866.66796875,34298.0078125,1355280,0.0,0.0
2020-02-21 00:00:00+07:00,36866.66796875,37333.33203125,36600.0,36866.66796875,34298.0078125,2705670,0.0,0.0
2020-02-24 00:00:00+07:00,36000.0,36300.0,35233.33203125,35400.0,32933.53125,4668360,0.0,0.0
2020-02-25 00:00:00+07:00,35066.66796875,35666.66796875,35066.66796875,35666.66796875,33181.61328125,2077950,0.0,0.0
2020-02-26 00:00:00+07:00,35333.33203125,35966.66796875,35166.66796875,35400.0,32933.53125,3249090,0.0,0.0
2020-02-27 00:00:00+07:00,35400.0,36133.33203125,35400.0,36133.33203125,33615.76953125,6432720,0.0,0.0
2020-02-28 00:00:00+07:00,35333.33203125,35733.33203125,34833.33203125,35500.0,33026.55859375,3885750,0.0,0.0
2020-03-02 00:00:00+07:00,35500.0,35733.33203125,35300.0,35500.0,33026.55859375,1422480,0.0,0.0
2020-03-03 00:00:00+07:00,35933.33203125,35933.33203125,35433.33203125,35466.66796875,32995.55078125,2038500,0.0,0.0
2020-03-05 00:00:00+07:00,35333.33203125,35533.33203125,34833.33203125,35166.66796875,32716.453125,2019450,0.0,0.0
2020-03-06 00:00:00+07:00,34800.0,34933.33203125,33800.0,34366.66796875,31972.193359375,2483670,0.0,0.0
2020-03-09 00:00:00+07:00,31966.666015625,32833.33203125,31966.666015625,31966.666015625,29739.412109375,3153570,0.0,0.0
2020-03-10 00:00:00+07:00,30300.0,31666.666015625,30066.666015625,31300.0,29119.1953125,4288980,0.0,0.0
2020-03-11 00:00:00+07:00,31333.333984375,31500.0,29133.333984375,29133.333984375,27103.48828125,4754190,0.0,0.0
2020-03-12 00:00:00+07:00,27100.0,27100.0,27100.0,27100.0,25211.826171875,1583790,0.0,0.0
2020-03-13 00:00:00+07:00,25233.333984375,28666.666015625,25233.333984375,26333.333984375,24498.576171875,10832100,0.0,0.0
2020-03-16 00:00:00+07:00,25666.666015625,26400.0,24666.666015625,25333.333984375,23568.251953125,4580430,0.0,0.0
2020-03-17 00:00:00+07:00,24166.666015625,26000.0,23866.666015625,25766.666015625,23971.388671875,3756030,0.0,0.0
2020-03-18 00:00:00+07:00,25933.333984375,26833.333984375,25666.666015625,26266.666015625,24436.552734375,4219890,0.0,0.0
2020-03-19 00:00:00+07:00,25666.666015625,25900.0,24866.666015625,25200.0,23444.208984375,3396960,0.0,0.0
2020-03-20 00:00:00+07:00,25266.666015625,25733.333984375,24966.666015625,25733.333984375,23940.380859375,3285990,0.0,0.0
2020-03-23 00:00:00+07:00,24400.0,25000.0,23933.333984375,23933.333984375,22265.794921875,4084680,0.0,0.0
2020-03-24 00:00:00+07:00,23933.333984375,23933.333984375,22266.666015625,22933.333984375,21335.466796875,4702770,0.0,0.0
2020-03-25 00:00:00+07:00,23333.333984375,24333.333984375,23000.0,24333.333984375,22637.92578125,4253190,0.0,0.0
2020-03-26 00:00:00+07:00,24100.0,24100.0,22666.666015625,22666.666015625,21087.3828125,6371550,0.0,0.0
2020-03-27 00:00:00+07:00,21766.666015625,22000.0,21100.0,21100.0,19629.87109375,7496670,0.0,0.0
2020-03-30 00:00:00+07:00,19633.333984375,21666.666015625,19633.333984375,19833.333984375,18451.4609375,5583600,0.0,0.0
2020-03-31 00:00:00+07:00,20333.333984375,20900.0,18766.666015625,19633.333984375,18265.39453125,5604840,0.0,0.0
2020-04-01 00:00:00+07:00,19566.666015625,20733.333984375,19466.666015625,20400.0,18978.64453125,4814100,0.0,0.0
2020-04-02 00:00:00+07:00,20400.0,20400.0,20400.0,20400.0,18978.64453125,0,0.0,0.0
2020-04-03 00:00:00+07:00,20966.666015625,21800.0,20766.666015625,21800.0,20281.09765625,4959090,0.0,0.0
2020-04-06 00:00:00+07:00,23300.0,23300.0,23300.0,23300.0,21676.58984375,1458480,0.0,0.0
2020-04-07 00:00:00+07:00,24900.0,24900.0,23633.333984375,24866.666015625,23134.095703125,17456370,0.0,0.0
2020-04-08 00:00:00+07:00,24266.666015625,24866.666015625,23833.333984375,24666.666015625,22948.03125,6132420,0.0,0.0
2020-04-09 00:00:00+07:00,25000.0,25100.0,24333.333984375,24333.333984375,22637.92578125,4830240,0.0,0.0
2020-04-10 00:00:00+07:00,23866.666015625,24300.0,23533.333984375,23900.0,22234.783203125,3706020,0.0,0.0
2020-04-13 00:00:00+07:00,24000.0,25566.666015625,24000.0,25000.0,23258.142578125,6619770,0.0,0.0
2020-04-14 00:00:00+07:00,25066.666015625,25266.666015625,24466.666015625,24933.333984375,23196.123046875,3106830,0.0,0.0
2020-04-15 00:00:00+07:00,25333.333984375,26066.666015625,25200.0,25600.0,23816.3359375,4667100,0.0,0.0
2020-04-16 00:00:00+07:00,25333.333984375,25666.666015625,25133.333984375,25633.333984375,23847.34765625,4380390,0.0,0.0
2020-04-17 00:00:00+07:00,25966.666015625,27333.333984375,25833.333984375,27333.333984375,25428.904296875,7423080,0.0,0.0
2020-04-20 00:00:00+07:00,28000.0,28366.666015625,27433.333984375,28100.0,26142.150390625,6545610,0.0,0.0
2020-04-21 00:00:00+07:00,27366.666015625,27800.0,26200.0,26466.666015625,24622.62109375,7751910,0.0,0.0
2020-04-22 00:00:00+07:00,25700.0,27666.666015625,25700.0,27333.333984375,25428.904296875,5388300,0.0,0.0
2020-04-23 00:00:00+07:00,28333.333984375,28333.333984375,27333.333984375,27833.333984375,25894.064453125,4035690,0.0,0.0
2020-04-24 00:00:00+07:00,27833.333984375,27833.333984375,27066.666015625,27666.666015625,25739.01171875,3084240,0.0,0.0
2020-04-27 00:00:00+07:00,27966.666015625,27966.666015625,27066.666015625,27400.0,25490.923828125,3362100,0.0,0.0
2020-04-28 00:00:00+07:00,27166.666015625,27300.0,26800.0,26966.666015625,25087.779296875,2699820,0.0,0.0
2020-04-29 00:00:00+07:00,26966.666015625,27433.333984375,26333.333984375,27233.333984375,25335.87109375,3526290,0.0,0.0
2020-04-30 00:00:00+07:00,27233.333984375,27233.333984375,27233.333984375,27233.333984375,25335.87109375,0,0.0,0.0
2020-05-01 00:00:00+07:00,27233.333984375,27233.333984375,27233.333984375,27233.333984375,25335.87109375,0,0.0,0.0
2020-05-04 00:00:00+07:00,27166.666015625,27166.666015625,26466.666015625,26466.666015625,24622.62109375,2751960,0.0,0.0
2020-05-05 00:00:00+07:00,26600.0,26866.666015625,26266.666015625,26433.333984375,24591.609375,1566840,0.0,0.0
2020-05-06 00:00:00+07:00,26666.666015625,27066.666015625,26333.333984375,27066.666015625,25180.814453125,2539560,0.0,0.0
2020-05-07 00:00:00+07:00,27266.666015625,27533.333984375,27166.666015625,27533.333984375,25614.966796875,3621810,0.0,0.0
2020-05-08 00:00:00+07:00,27666.666015625,28633.333984375,27666.666015625,27933.333984375,25987.09375,7085520,0.0,0.0
2020-05-11 00:00:00+07:00,28000.0,28533.333984375,27933.333984375,28333.333984375,26359.228515625,3771090,0.0,0.0
2020-05-12 00:00:00+07:00,28266.666015625,28266.666015625,27500.0,27766.666015625,25832.046875,5814240,0.0,0.0
2020-05-13 00:00:00+07:00,27333.333984375,28033.333984375,27033.333984375,27966.666015625,26018.111328125,5021760,0.0,0.0
2020-05-14 00:00:00+07:00,27333.333984375,27933.333984375,27333.333984375,27666.666015625,25739.01171875,3121380,0.0,0.0
2020-05-15 00:00:00+07:00,27666.666015625,27666.666015625,27666.666015625,27666.666015625,25739.01171875,0,0.0,0.0
2020-05-18 00:00:00+07:00,27666.666015625,27666.666015625,27666.666015625,27666.666015625,25739.01171875,0,0.0,0.0
2020-05-19 00:00:00+07:00,29166.666015625,29233.333984375,28833.333984375,29233.333984375,27196.51953125,5024430,0.0,0.0
2020-05-20 00:00:00+07:00,29233.333984375,29233.333984375,29233.333984375,29233.333984375,27196.51953125,0,0.0,0.0
2020-05-21 00:00:00+07:00,28866.666015625,29433.333984375,28733.333984375,29000.0,26979.4453125,4618830,0.0,0.0
2020-05-22 00:00:00+07:00,29000.0,29033.333984375,28333.333984375,28333.333984375,26359.228515625,4427460,0.0,0.0
2020-05-25 00:00:00+07:00,28333.333984375,29000.0,28066.666015625,28700.0,26700.349609375,3406560,0.0,0.0
2020-05-26 00:00:00+07:00,28733.333984375,28933.333984375,28533.333984375,28933.333984375,26917.423828125,3526320,0.0,0.0
2020-05-27 00:00:00+07:00,28966.666015625,29133.333984375,28266.666015625,28266.666015625,26297.20703125,3962700,0.0,0.0
2020-05-28 00:00:00+07:00,28333.333984375,28566.666015625,28166.666015625,28233.333984375,26266.1953125,2851560,0.0,0.0
2020-05-29 00:00:00+07:00,28200.0,28333.333984375,28033.333984375,28200.0,26235.18359375,2548500,0.0,0.0
2020-06-01 00:00:00+07:00,28200.0,28700.0,28200.0,28666.666015625,26669.3359375,2458890,0.0,0.0
2020-06-02 00:00:00+07:00,28700.0,28933.333984375,28433.333984375,28433.333984375,26452.259765625,3331050,0.0,0.0
2020-06-03 00:00:00+07:00,28500.0,28600.0,28400.0,28466.666015625,26483.26953125,2585160,0.0,0.0
2020-06-04 00:00:00+07:00,28533.333984375,29000.0,28433.333984375,28500.0,26514.283203125,3042300,0.0,0.0
2020-06-05 00:00:00+07:00,28500.0,28733.333984375,28366.666015625,28700.0,26700.349609375,2232840,0.0,0.0
2020-06-08 00:00:00+07:00,28700.0,28700.0,28700.0,28700.0,26700.349609375,0,0.0,0.0
2020-06-09 00:00:00+07:00,28700.0,28700.0,28700.0,28700.0,26700.349609375,0,0.0,0.0
2020-06-10 00:00:00+07:00,29500.0,30000.0,29033.333984375,29800.0,27723.70703125,3029670,0.0,0.0
2020-06-11 00:00:00+07:00,29833.333984375,29833.333984375,27733.333984375,27733.333984375,25801.033203125,8326980,0.0,0.0
2020-06-12 00:00:00+07:00,27400.0,28666.666015625,27000.0,28666.666015625,26669.3359375,7545900,0.0,0.0
2020-06-15 00:00:00+07:00,28600.0,28600.0,27300.0,27500.0,25583.95703125,3397200,0.0,0.0
2020-06-16 00:00:00+07:00,28000.0,28200.0,27733.333984375,28133.333984375,26173.1640625,2112060,0.0,0.0
2020-06-17 00:00:00+07:00,28300.0,28300.0,27666.666015625,27933.333984375,25987.09375,2310450,0.0,0.0
2020-06-18 00:00:00+07:00,27666.666015625,27933.333984375,27633.333984375,27933.333984375,25987.09375,1080030,0.0,0.0
2020-06-19 00:00:00+07:00,28000.0,28500.0,27900.0,28166.666015625,26204.171875,2579490,0.0,0.0
2020-06-22 00:00:00+07:00,28400.0,28933.333984375,28200.0,28633.333984375,26638.326171875,2824290,0.0,0.0
2020-06-23 00:00:00+07:00,28633.333984375,28800.0,28433.333984375,28433.333984375,26452.259765625,2404800,0.0,0.0
2020-06-24 00:00:00+07:00,28500.0,28766.666015625,28000.0,28333.333984375,26359.228515625,2146410,0.0,0.0
2020-06-25 00:00:00+07:00,28000.0,28166.666015625,27833.333984375,27866.666015625,25925.076171875,2350230,0.0,0.0
2020-06-26 00:00:00+07:00,28000.0,28233.333984375,27800.0,28066.666015625,26111.140625,1348380,0.0,0.0
2020-06-29 00:00:00+07:00,27700.0,27833.333984375,26966.666015625,27166.666015625,25273.84375,3289770,0.0,0.0
2020-06-30 00:00:00+07:00,27433.333984375,27500.0,26666.666015625,26933.333984375,25056.771484375,2232240,0.0,0.0
2020-07-01 00:00:00+07:00,26933.333984375,27333.333984375,26933.333984375,27333.333984375,25428.904296875,934470,0.0,0.0
2020-07-02 00:00:00+07:00,27200.0,27433.333984375,27000.0,27266.666015625,25366.876953125,983160,0.0,0.0
2020-07-03 00:00:00+07:00,27266.666015625,27300.0,27133.333984375,27233.333984375,25335.87109375,1069260,0.0,0.0
2020-07-06 00:00:00+07:00,27300.0,27933.333984375,27266.666015625,27833.333984375,25894.064453125,1860540,0.0,0.0
2020-07-07 00:00:00+07:00,27966.666015625,28233.333984375,27900.0,27900.0,25956.083984375,1864890,0.0,0.0
2020-07-08 00:00:00+07:00,27900.0,28000.0,27633.333984375,27866.666015625,25925.076171875,855450,0.0,0.0
2020-07-09 00:00:00+07:00,27866.666015625,28100.0,27833.333984375,28000.0,26049.119140625,1564470,0.0,0.0
2020-07-10 00:00:00+07:00,28000.0,28000.0,28000.0,28000.0,26049.119140625,0,0.0,0.0
2020-07-13 00:00:00+07:00,27733.333984375,27900.0,27466.666015625,27600.0,25676.98828125,1211250,0.0,0.0
2020-07-14 00:00:00+07:00,27600.0,27633.333984375,27400.0,27633.333984375,25708.001953125,1097340,0.0,0.0
2020-07-15 00:00:00+07:00,27633.333984375,27633.333984375,27633.333984375,27633.333984375,25708.001953125,0,0.0,0.0
2020-07-16 00:00:00+07:00,28166.666015625,28266.666015625,28000.0,28266.666015625,26297.20703125,1486500,0.0,0.0
2020-07-17 00:00:00+07:00,28233.333984375,28266.666015625,28000.0,28000.0,26049.119140625,1139460,0.0,0.0
2020-07-20 00:00:00+07:00,27966.666015625,28000.0,27733.333984375,27766.666015625,25832.046875,760920,0.0,0.0
2020-07-21 00:00:00+07:00,27766.666015625,27933.333984375,27666.666015625,27900.0,25956.083984375,1240380,0.0,0.0
2020-07-22 00:00:00+07:00,27966.666015625,28000.0,27566.666015625,27733.333984375,25801.033203125,1091130,0.0,0.0
2020-07-23 00:00:00+07:00,27733.333984375,27833.333984375,27566.666015625,27666.666015625,25739.01171875,1261680,0.0,0.0
2020-07-24 00:00:00+07:00,27566.666015625,27633.333984375,25733.333984375,26400.0,24560.59765625,5388900,0.0,0.0
2020-07-27 00:00:00+07:00,24666.666015625,25366.666015625,24566.666015625,24566.666015625,22855.0,8943540,0.0,0.0
2020-07-28 00:00:00+07:00,25100.0,25400.0,24566.666015625,25333.333984375,23568.251953125,3842700,0.0,0.0
2020-07-29 00:00:00+07:00,24666.666015625,24800.0,23766.666015625,24333.333984375,22637.92578125,4309860,0.0,0.0
2020-07-30 00:00:00+07:00,24366.666015625,24766.666015625,24266.666015625,24766.666015625,23041.064453125,1809900,0.0,0.0
2020-07-31 00:00:00+07:00,24166.666015625,24900.0,24166.666015625,24833.333984375,23103.087890625,2398200,0.0,0.0
2020-08-03 00:00:00+07:00,24733.333984375,25466.666015625,24500.0,25333.333984375,23568.251953125,1967520,0.0,0.0
2020-08-04 00:00:00+07:00,25633.333984375,26100.0,25500.0,25666.666015625,23878.359375,2524980,0.0,0.0
2020-08-05 00:00:00+07:00,25666.666015625,26466.666015625,25500.0,26400.0,24560.59765625,2204820,0.0,0.0
2020-08-06 00:00:00+07:00,26500.0,26600.0,26100.0,26433.333984375,24591.609375,1663770,0.0,0.0
2020-08-07 00:00:00+07:00,26366.666015625,26466.666015625,26000.0,26200.0,24374.533203125,1821120,0.0,0.0
2020-08-10 00:00:00+07:00,26333.333984375,26766.666015625,26333.333984375,26333.333984375,24498.576171875,1889670,0.0,0.0
2020-08-11 00:00:00+07:00,26600.0,26600.0,26266.666015625,26500.0,24653.630859375,1184160,0.0,0.0
2020-08-12 00:00:00+07:00,26533.333984375,26633.333984375,26333.333984375,26600.0,24746.6640625,1355580,0.0,0.0
2020-08-13 00:00:00+07:00,26700.0,27433.333984375,26666.666015625,27400.0,25490.923828125,2746050,0.0,0.0
2020-08-14 00:00:00+07:00,27466.666015625,27933.333984375,27366.666015625,27700.0,25770.01953125,2976540,0.0,0.0
2020-08-17 00:00:00+07:00,27700.0,27700.0,26966.666015625,27400.0,25490.923828125,2472870,0.0,0.0
2020-08-18 00:00:00+07:00,27333.333984375,27366.666015625,26933.333984375,27133.333984375,25242.83984375,1662180,0.0,0.0
2020-08-19 00:00:00+07:00,27100.0,27333.333984375,27100.0,27266.666015625,25366.876953125,1148550,0.0,0.0
2020-08-20 00:00:00+07:00,27266.666015625,27366.666015625,26933.333984375,27233.333984375,25335.87109375,3055260,0.0,0.0
2020-08-21 00:00:00+07:00,27266.666015625,27500.0,27166.666015625,27333.333984375,25428.904296875,2070660,0.0,0.0
2020-08-24 00:00:00+07:00,27733.333984375,28266.666015625,27633.333984375,28033.333984375,26080.12890625,3194190,0.0,0.0
2020-08-25 00:00:00+07:00,28166.666015625,29400.0,28166.666015625,29200.0,27165.509765625,6741360,0.0,0.0
2020-08-26 00:00:00+07:00,29100.0,29600.0,29000.0,29100.0,27072.4765625,2650170,0.0,0.0
2020-08-27 00:00:00+07:00,29100.0,29633.333984375,29100.0,29633.333984375,27568.65234375,2866560,0.0,0.0
2020-08-28 00:00:00+07:00,30033.333984375,31333.333984375,30000.0,30933.333984375,28778.07421875,5983920,0.0,0.0
2020-08-31 00:00:00+07:00,30933.333984375,31433.333984375,30666.666015625,31133.333984375,28964.138671875,2864790,0.0,0.0
2020-09-01 00:00:00+07:00,31133.333984375,31666.666015625,31033.333984375,31266.666015625,29088.181640625,2988420,0.0,0.0
2020-09-02 00:00:00+07:00,31266.666015625,31266.666015625,31266.666015625,31266.666015625,29088.181640625,0,0.0,0.0
2020-09-03 00:00:00+07:00,31266.666015625,31833.333984375,31000.0,31600.0,29398.294921875,3180720,0.0,0.0
2020-09-04 00:00:00+07:00,31033.333984375,31400.0,30966.666015625,31366.666015625,29181.216796875,3047160,0.0,0.0
2020-09-07 00:00:00+07:00,31333.333984375,31400.0,30100.0,30100.0,28002.8046875,4473120,0.0,0.0
2020-09-08 00:00:00+07:00,30333.333984375,31066.666015625,30166.666015625,31033.333984375,28871.109375,3000060,0.0,0.0
2020-09-09 00:00:00+07:00,30666.666015625,31266.666015625,30500.0,31133.333984375,28964.138671875,1895940,0.0,0.0
2020-09-10 00:00:00+07:00,31333.333984375,31433.333984375,31133.333984375,31300.0,29119.1953125,2232360,0.0,0.0
2020-09-11 00:00:00+07:00,31300.0,31300.0,31300.0,31300.0,29119.1953125,0,0.0,0.0
2020-09-14 00:00:00+07:00,31266.666015625,31300.0,30900.0,31000.0,28840.09765625,1639680,0.0,0.0
2020-09-15 00:00:00+07:00,31000.0,31166.666015625,30833.333984375,30966.666015625,28809.083984375,2358180,0.0,0.0
2020-09-16 00:00:00+07:00,30966.666015625,31833.333984375,30800.0,31533.333984375,29336.267578125,3302580,0.0,0.0
2020-09-17 00:00:00+07:00,31533.333984375,31633.333984375,31066.666015625,31400.0,29212.2265625,1777140,0.0,0.0
2020-09-18 00:00:00+07:00,31400.0,31600.0,31333.333984375,31500.0,29305.259765625,1847220,0.0,0.0
2020-09-21 00:00:00+07:00,31833.333984375,32900.0,31566.666015625,32800.0,30514.6796875,6456840,0.0,0.0
2020-09-22 00:00:00+07:00,32800.0,33266.66796875,32366.666015625,33200.0,30886.8125,4509000,0.0,0.0
2020-09-23 00:00:00+07:00,33300.0,34333.33203125,33266.66796875,33966.66796875,31600.060546875,3161940,0.0,0.0
2020-09-24 00:00:00+07:00,33633.33203125,33933.33203125,33333.33203125,33733.33203125,31382.984375,3692970,0.0,0.0
2020-09-25 00:00:00+07:00,33700.0,33733.33203125,33200.0,33500.0,31165.9140625,3115080,0.0,0.0
2020-09-28 00:00:00+07:00,33866.66796875,34333.33203125,33500.0,34333.33203125,31941.1796875,1904640,0.0,0.0
2020-09-29 00:00:00+07:00,34933.33203125,35433.33203125,34500.0,34500.0,32096.234375,3692970,0.0,0.0
2020-09-30 00:00:00+07:00,34833.33203125,35000.0,34200.0,34766.66796875,32344.32421875,3265350,0.0,0.0
2020-10-01 00:00:00+07:00,34766.66796875,35033.33203125,34766.66796875,35000.0,32561.396484375,2338410,0.0,0.0
2020-10-02 00:00:00+07:00,35000.0,35133.33203125,33266.66796875,34666.66796875,32251.294921875,3978240,0.0,0.0
2020-10-05 00:00:00+07:00,34666.66796875,35100.0,34500.0,34666.66796875,32251.294921875,1765680,0.0,0.0
2020-10-06 00:00:00+07:00,35000.0,35300.0,34833.33203125,35066.66796875,32623.421875,3227280,0.0,0.0
2020-10-07 00:00:00+07:00,35066.66796875,35966.66796875,34666.66796875,35866.66796875,33367.68359375,2878920,0.0,0.0
2020-10-08 00:00:00+07:00,36000.0,36500.0,35900.0,36500.0,33956.890625,2614980,0.0,0.0
2020-10-09 00:00:00+07:00,36666.66796875,36833.33203125,36166.66796875,36333.33203125,33801.8359375,1726110,0.0,0.0
2020-10-12 00:00:00+07:00,36333.33203125,36433.33203125,35500.0,35833.33203125,33336.66796875,2823630,0.0,0.0
2020-10-13 00:00:00+07:00,35833.33203125,35833.33203125,35266.66796875,35400.0,32933.53125,2447160,0.0,0.0
2020-10-14 00:00:00+07:00,35366.66796875,36333.33203125,34866.66796875,36333.33203125,33801.8359375,3243990,0.0,0.0
2020-10-15 00:00:00+07:00,36333.33203125,36500.0,35666.66796875,36466.66796875,33925.875,2641710,0.0,0.0
2020-10-16 00:00:00+07:00,36500.0,36500.0,35833.33203125,36133.33203125,33615.76953125,1638180,0.0,0.0
2020-10-19 00:00:00+07:00,35800.0,35800.0,35333.33203125,35600.0,33584.3203125,1440660,500.0,0.0
2020-10-20 00:00:00+07:00,35333.33203125,35600.0,34900.0,35600.0,33584.3203125,2932050,0.0,0.0
2020-10-21 00:00:00+07:00,35666.66796875,36166.66796875,35166.66796875,35266.66796875,33269.859375,2300220,0.0,0.0
2020-10-22 00:00:00+07:00,35066.66796875,36166.66796875,35066.66796875,36166.66796875,34118.91015625,1823280,0.0,0.0
2020-10-23 00:00:00+07:00,36333.33203125,36833.33203125,35966.66796875,36666.66796875,34590.58984375,3654960,0.0,0.0
2020-10-26 00:00:00+07:00,36666.66796875,37500.0,36500.0,36666.66796875,34590.58984375,3163800,0.0,0.0
2020-10-27 00:00:00+07:00,36666.66796875,37233.33203125,36633.33203125,36666.66796875,34590.58984375,1820100,0.0,0.0
2020-10-28 00:00:00+07:00,36366.66796875,36600.0,35000.0,35000.0,33018.2890625,4358250,0.0,0.0
2020-10-29 00:00:00+07:00,34200.0,34933.33203125,33933.33203125,34100.0,32169.251953125,4692450,0.0,0.0
2020-10-30 00:00:00+07:00,34400.0,35300.0,33933.33203125,34900.0,32923.9609375,4279440,0.0,0.0
2020-11-02 00:00:00+07:00,34900.0,35666.66796875,34900.0,35466.66796875,33458.5390625,1318620,0.0,0.0
2020-11-03 00:00:00+07:00,36000.0,36000.0,35400.0,35733.33203125,33710.10546875,1458090,0.0,0.0
2020-11-04 00:00:00+07:00,35733.33203125,35766.66796875,35333.33203125,35600.0,33584.3203125,1594830,0.0,0.0
2020-11-05 00:00:00+07:00,35600.0,36166.66796875,35566.66796875,35600.0,33584.3203125,2013120,0.0,0.0
2020-11-06 00:00:00+07:00,35666.66796875,35666.66796875,34000.0,35000.0,33018.2890625,2415420,0.0,0.0
2020-11-09 00:00:00+07:00,35333.33203125,35500.0,35100.0,35233.33203125,33238.4140625,2659500,0.0,0.0
2020-11-10 00:00:00+07:00,35933.33203125,35933.33203125,35233.33203125,35333.33203125,33332.75390625,2706690,0.0,0.0
2020-11-11 00:00:00+07:00,35400.0,36300.0,35366.66796875,36000.0,33961.67578125,4544700,0.0,0.0
2020-11-12 00:00:00+07:00,36333.33203125,37033.33203125,36066.66796875,37033.33203125,34936.49609375,5047680,0.0,0.0
2020-11-13 00:00:00+07:00,37000.0,37400.0,36833.33203125,37033.33203125,34936.49609375,2034810,0.0,0.0
2020-11-16 00:00:00+07:00,37266.66796875,37733.33203125,36266.66796875,36566.66796875,34496.2578125,5077620,0.0,0.0
2020-11-17 00:00:00+07:00,36566.66796875,37333.33203125,36466.66796875,37333.33203125,35219.51171875,2899170,0.0,0.0
2020-11-18 00:00:00+07:00,37233.33203125,37466.66796875,36800.0,36866.66796875,34779.26953125,2334150,0.0,0.0
2020-11-19 00:00:00+07:00,37166.66796875,37333.33203125,36533.33203125,37333.33203125,35219.51171875,4303890,0.0,0.0
2020-11-20 00:00:00+07:00,37366.66796875,37433.33203125,36933.33203125,36933.33203125,34842.16015625,1799190,0.0,0.0
2020-11-23 00:00:00+07:00,36933.33203125,38000.0,36866.66796875,37733.33203125,35596.86328125,4518480,0.0,0.0
2020-11-24 00:00:00+07:00,37966.66796875,37966.66796875,37000.0,37333.33203125,35219.51171875,3910350,0.0,0.0
2020-11-25 00:00:00+07:00,37866.66796875,37866.66796875,37066.66796875,37333.33203125,35219.51171875,2472060,0.0,0.0
2020-11-26 00:00:00+07:00,37333.33203125,37733.33203125,37333.33203125,37600.0,35471.0859375,2478840,0.0,0.0
2020-11-27 00:00:00+07:00,37666.66796875,38600.0,37600.0,38500.0,36320.125,5040420,0.0,0.0
2020-11-30 00:00:00+07:00,39166.66796875,39166.66796875,38566.66796875,38666.66796875,36477.3515625,4281360,0.0,0.0
2020-12-01 00:00:00+07:00,37733.33203125,38666.66796875,37733.33203125,38666.66796875,36477.3515625,4075290,0.0,0.0
2020-12-02 00:00:00+07:00,38366.66796875,38366.66796875,37766.66796875,38000.0,35848.43359375,5121150,0.0,0.0
2020-12-03 00:00:00+07:00,37966.66796875,38233.33203125,37600.0,38233.33203125,36068.55078125,3672240,0.0,0.0
2020-12-04 00:00:00+07:00,38133.33203125,38266.66796875,37833.33203125,37966.66796875,35816.9921875,2304210,0.0,0.0
2020-12-07 00:00:00+07:00,37800.0,38466.66796875,37800.0,38100.0,35942.7734375,2014830,0.0,0.0
2020-12-08 00:00:00+07:00,38033.33203125,38533.33203125,37933.33203125,38166.66796875,36005.6640625,2877630,0.0,0.0
2020-12-09 00:00:00+07:00,38066.66796875,38366.66796875,37966.66796875,38333.33203125,36162.890625,2953290,0.0,0.0
2020-12-10 00:00:00+07:00,38333.33203125,38500.0,37933.33203125,37933.33203125,35785.53515625,3366060,0.0,0.0
2020-12-11 00:00:00+07:00,37933.33203125,38200.0,37666.66796875,38100.0,35942.7734375,2440020,0.0,0.0
2020-12-14 00:00:00+07:00,38433.33203125,38633.33203125,38233.33203125,38566.66796875,36383.015625,2968800,0.0,0.0
2020-12-15 00:00:00+07:00,38400.0,39100.0,38333.33203125,38433.33203125,36257.23046875,4366710,0.0,0.0
2020-12-16 00:00:00+07:00,38666.66796875,38666.66796875,38400.0,38500.0,36320.125,2732010,0.0,0.0
2020-12-17 00:00:00+07:00,38500.0,38533.33203125,37833.33203125,37833.33203125,35691.19921875,4489200,0.0,0.0
2020-12-18 00:00:00+07:00,37833.33203125,38333.33203125,37666.66796875,38333.33203125,36162.890625,3260430,0.0,0.0
2020-12-21 00:00:00+07:00,38333.33203125,38933.33203125,38233.33203125,38733.33203125,36540.24609375,3474030,0.0,0.0
2020-12-22 00:00:00+07:00,38733.33203125,40000.0,38466.66796875,39966.66796875,37703.75,6709290,0.0,0.0
2020-12-23 00:00:00+07:00,40033.33203125,40433.33203125,39366.66796875,39366.66796875,37137.71875,2987970,0.0,0.0
2020-12-24 00:00:00+07:00,39366.66796875,39833.33203125,38333.33203125,38900.0,36697.48046875,3398880,0.0,0.0
2020-12-25 00:00:00+07:00,38666.66796875,39666.66796875,38600.0,39500.0,37263.50390625,3026370,0.0,0.0
2020-12-28 00:00:00+07:00,39533.33203125,39866.66796875,39000.0,39100.0,36886.15625,2800140,0.0,0.0
2020-12-29 00:00:00+07:00,39100.0,39333.33203125,39033.33203125,39066.66796875,36854.70703125,2106900,0.0,0.0
2020-12-30 00:00:00+07:00,39066.66796875,39633.33203125,39000.0,39100.0,36886.15625,2580090,0.0,0.0
2020-12-31 00:00:00+07:00,39100.0,39833.33203125,39100.0,39633.33203125,37389.28515625,2674650,0.0,0.0
2021-01-01 00:00:00+07:00,39633.33203125,39633.33203125,39633.33203125,39633.33203125,37389.28515625,0,0.0,0.0
2021-01-04 00:00:00+07:00,39833.33203125,40200.0,39766.66796875,40200.0,37923.8671875,344220,0.0,0.0
2021-01-05 00:00:00+07:00,40000.0,40866.66796875,39866.66796875,40633.33203125,38332.6640625,290250,0.0,0.0
2021-01-06 00:00:00+07:00,41000.0,41000.0,40233.33203125,40433.33203125,38143.9921875,298650,0.0,0.0
2021-01-07 00:00:00+07:00,40166.66796875,40400.0,39900.0,40266.66796875,37986.76171875,335430,0.0,0.0
2021-01-08 00:00:00+07:00,40266.66796875,40966.66796875,40266.66796875,40600.0,38301.21875,383280,0.0,0.0
2021-01-11 00:00:00+07:00,40600.0,40600.0,40600.0,40600.0,38301.21875,0,0.0,0.0
2021-01-12 00:00:00+07:00,42066.66796875,42133.33203125,41633.33203125,42066.66796875,39684.84375,405780,0.0,0.0
2021-01-13 00:00:00+07:00,42066.66796875,42533.33203125,42033.33203125,42066.66796875,39684.84375,330390,0.0,0.0
2021-01-14 00:00:00+07:00,42066.66796875,42766.66796875,42000.0,42633.33203125,40219.4296875,429900,0.0,0.0
2021-01-15 00:00:00+07:00,42666.66796875,42766.66796875,42433.33203125,42600.0,40187.984375,253500,0.0,0.0
2021-01-18 00:00:00+07:00,42600.0,42666.66796875,42066.66796875,42133.33203125,39747.734375,230640,0.0,0.0
2021-01-19 00:00:00+07:00,41900.0,42133.33203125,39333.33203125,40000.0,37735.19921875,497970,0.0,0.0
2021-01-20 00:00:00+07:00,40333.33203125,40933.33203125,38666.66796875,40933.33203125,38615.68359375,504870,0.0,0.0
2021-01-21 00:00:00+07:00,41500.0,41966.66796875,40933.33203125,41666.66796875,39307.4921875,310200,0.0,0.0
2021-01-22 00:00:00+07:00,41666.66796875,42466.66796875,41600.0,42400.0,39999.3046875,426810,0.0,0.0
2021-01-25 00:00:00+07:00,42433.33203125,44133.33203125,42400.0,44000.0,41508.7109375,640230,0.0,0.0
2021-01-26 00:00:00+07:00,44300.0,44500.0,43366.66796875,44000.0,41508.7109375,406860,0.0,0.0
2021-01-27 00:00:00+07:00,43833.33203125,44966.66796875,43700.0,44500.0,41980.40625,632070,0.0,0.0
2021-01-28 00:00:00+07:00,41833.33203125,43400.0,41400.0,41400.0,39055.9296875,552990,0.0,0.0
2021-01-29 00:00:00+07:00,41166.66796875,44233.33203125,39666.66796875,44233.33203125,41728.83203125,843720,0.0,0.0
2021-02-01 00:00:00+07:00,43333.33203125,43633.33203125,41166.66796875,41233.33203125,38898.69140625,752460,0.0,0.0
2021-02-02 00:00:00+07:00,41000.0,42766.66796875,40166.66796875,42666.66796875,40250.875,420210,0.0,0.0
2021-02-03 00:00:00+07:00,42666.66796875,43100.0,41366.66796875,42500.0,40093.63671875,539640,0.0,0.0
2021-02-04 00:00:00+07:00,42500.0,43633.33203125,41833.33203125,42833.33203125,40408.1015625,479340,0.0,0.0
2021-02-05 00:00:00+07:00,42833.33203125,43766.66796875,42666.66796875,43500.0,41037.0234375,443910,0.0,0.0
2021-02-08 00:00:00+07:00,43333.33203125,43433.33203125,41933.33203125,42833.33203125,40408.1015625,585750,0.0,0.0
2021-02-09 00:00:00+07:00,42833.33203125,42833.33203125,42833.33203125,42833.33203125,40408.1015625,0,0.0,0.0
2021-02-10 00:00:00+07:00,42833.33203125,42833.33203125,42833.33203125,42833.33203125,40408.1015625,0,0.0,0.0
2021-02-11 00:00:00+07:00,42833.33203125,42833.33203125,42833.33203125,42833.33203125,40408.1015625,0,0.0,0.0
2021-02-12 00:00:00+07:00,42833.33203125,42833.33203125,42833.33203125,42833.33203125,40408.1015625,0,0.0,0.0
2021-02-15 00:00:00+07:00,42833.33203125,42833.33203125,42833.33203125,42833.33203125,40408.1015625,0,0.0,0.0
2021-02-16 00:00:00+07:00,42833.33203125,42833.33203125,42833.33203125,42833.33203125,40408.1015625,0,0.0,0.0
2021-02-17 00:00:00+07:00,43500.0,46000.0,43500.0,46000.0,43395.46875,636420,0.0,0.0
2021-02-18 00:00:00+07:00,46000.0,46633.33203125,45366.66796875,46500.0,43867.1640625,465180,0.0,0.0
2021-02-19 00:00:00+07:00,46033.33203125,46333.33203125,45666.66796875,45866.66796875,43269.6875,218160,0.0,0.0
2021-02-22 00:00:00+07:00,45666.66796875,45966.66796875,45066.66796875,45666.66796875,43081.015625,298830,0.0,0.0
2021-02-23 00:00:00+07:00,45500.0,46266.66796875,44333.33203125,45400.0,42829.44140625,560340,0.0,0.0
2021-02-24 00:00:00+07:00,45400.0,45400.0,45400.0,45400.0,42829.44140625,0,0.0,0.0
2021-02-25 00:00:00+07:00,45400.0,45400.0,45400.0,45400.0,42829.44140625,0,0.0,0.0
2021-02-26 00:00:00+07:00,44500.0,45233.33203125,44366.66796875,45000.0,42452.09375,348990,0.0,0.0
2021-03-01 00:00:00+07:00,45666.66796875,45666.66796875,44666.66796875,44933.33203125,42389.203125,360060,0.0,0.0
2021-03-02 00:00:00+07:00,45166.66796875,45400.0,44833.33203125,45266.66796875,42703.6640625,171300,0.0,0.0
2021-03-03 00:00:00+07:00,45600.0,45666.66796875,45266.66796875,45400.0,42829.44140625,226680,0.0,0.0
2021-03-04 00:00:00+07:00,45466.66796875,45566.66796875,43333.33203125,44266.66796875,41760.28125,267900,0.0,0.0
2021-03-05 00:00:00+07:00,44100.0,44133.33203125,43466.66796875,44066.66796875,41571.609375,253260,0.0,0.0
2021-03-08 00:00:00+07:00,44066.66796875,44433.33203125,43566.66796875,43600.0,41131.35546875,225000,0.0,0.0
2021-03-09 00:00:00+07:00,43333.33203125,43333.33203125,42633.33203125,42700.0,40282.31640625,445680,0.0,0.0
2021-03-10 00:00:00+07:00,43000.0,43566.66796875,42333.33203125,43500.0,41037.0234375,217380,0.0,0.0
2021-03-11 00:00:00+07:00,44066.66796875,44300.0,43833.33203125,44166.66796875,41665.9453125,154050,0.0,0.0
2021-03-12 00:00:00+07:00,44333.33203125,44333.33203125,43500.0,43700.0,41225.703125,124290,0.0,0.0
2021-03-15 00:00:00+07:00,43700.0,44633.33203125,43533.33203125,44233.33203125,41728.83203125,230040,0.0,0.0
2021-03-16 00:00:00+07:00,44233.33203125,44500.0,43866.66796875,44400.0,41886.0625,181740,0.0,0.0
2021-03-17 00:00:00+07:00,44500.0,44500.0,44266.66796875,44266.66796875,41760.28125,156300,0.0,0.0
2021-03-18 00:00:00+07:00,44500.0,44600.0,41666.66796875,44533.33203125,42011.84765625,274200,0.0,0.0
2021-03-19 00:00:00+07:00,44333.33203125,44500.0,44000.0,44333.33203125,41823.17578125,113010,0.0,0.0
2021-03-22 00:00:00+07:00,44266.66796875,44333.33203125,43833.33203125,43966.66796875,41477.26953125,113190,0.0,0.0
2021-03-23 00:00:00+07:00,43666.66796875,44000.0,43333.33203125,43666.66796875,41194.25,187500,0.0,0.0
2021-03-24 00:00:00+07:00,43166.66796875,43633.33203125,42700.0,43300.0,40848.34375,158490,0.0,0.0
2021-03-25 00:00:00+07:00,43166.66796875,43600.0,42900.0,42933.33203125,40502.4375,151950,0.0,0.0
2021-03-26 00:00:00+07:00,42833.33203125,43333.33203125,41666.66796875,43333.33203125,40879.79296875,175770,0.0,0.0
2021-03-29 00:00:00+07:00,43466.66796875,43966.66796875,43066.66796875,43366.66796875,40911.2421875,261000,0.0,0.0
2021-03-30 00:00:00+07:00,43366.66796875,43633.33203125,43000.0,43133.33203125,40691.11328125,95580,0.0,0.0
2021-03-31 00:00:00+07:00,43133.33203125,43500.0,42866.66796875,43233.33203125,40785.453125,98040,0.0,0.0
2021-04-01 00:00:00+07:00,43333.33203125,44833.33203125,42833.33203125,44766.66796875,42231.96875,371700,0.0,0.0
2021-04-02 00:00:00+07:00,45300.0,45333.33203125,44766.66796875,44933.33203125,42389.203125,239010,0.0,0.0
2021-04-05 00:00:00+07:00,45333.33203125,45333.33203125,44566.66796875,44700.0,42169.078125,109230,0.0,0.0
2021-04-06 00:00:00+07:00,44500.0,45166.66796875,44300.0,44433.33203125,41917.51171875,310560,0.0,0.0
2021-04-07 00:00:00+07:00,44200.0,44833.33203125,44033.33203125,44833.33203125,42294.86328125,98160,0.0,0.0
2021-04-08 00:00:00+07:00,44833.33203125,44833.33203125,44500.0,44666.66796875,42137.6328125,93150,0.0,0.0
2021-04-09 00:00:00+07:00,44666.66796875,44666.66796875,44266.66796875,44433.33203125,41917.51171875,139410,0.0,0.0
2021-04-12 00:00:00+07:00,44433.33203125,45000.0,44333.33203125,44966.66796875,42420.64453125,255780,0.0,0.0
2021-04-13 00:00:00+07:00,45066.66796875,45866.66796875,44733.33203125,44966.66796875,42420.64453125,369810,0.0,0.0
2021-04-14 00:00:00+07:00,44500.0,45133.33203125,44500.0,45133.33203125,42577.875,141720,0.0,0.0
2021-04-15 00:00:00+07:00,45200.0,45633.33203125,44566.66796875,44566.66796875,42043.29296875,311010,0.0,0.0
2021-04-16 00:00:00+07:00,44000.0,45066.66796875,44000.0,44666.66796875,42137.6328125,234420,0.0,0.0
2021-04-19 00:00:00+07:00,45000.0,45800.0,44166.66796875,45800.0,43206.79296875,361140,0.0,0.0
2021-04-20 00:00:00+07:00,46333.33203125,48000.0,46166.66796875,47500.0,44810.5390625,655440,0.0,0.0
2021-04-21 00:00:00+07:00,47500.0,47500.0,47500.0,47500.0,44810.5390625,0,0.0,0.0
2021-04-22 00:00:00+07:00,47500.0,49333.33203125,46700.0,47500.0,44810.5390625,760830,0.0,0.0
2021-04-23 00:00:00+07:00,47333.33203125,49166.66796875,46833.33203125,49166.66796875,46382.84375,659550,0.0,0.0
2021-04-26 00:00:00+07:00,49133.33203125,49133.33203125,47500.0,47500.0,44810.5390625,381390,0.0,0.0
2021-04-27 00:00:00+07:00,47500.0,48000.0,46833.33203125,47300.0,44621.8671875,245490,0.0,0.0
2021-04-28 00:00:00+07:00,46666.66796875,47166.66796875,46333.33203125,46666.66796875,44024.390625,298230,0.0,0.0
2021-04-29 00:00:00+07:00,46500.0,47066.66796875,46033.33203125,46966.66796875,44307.40625,198690,0.0,0.0
2021-04-30 00:00:00+07:00,46966.66796875,46966.66796875,46966.66796875,46966.66796875,44307.40625,0,0.0,0.0
2021-05-03 00:00:00+07:00,46966.66796875,46966.66796875,46966.66796875,46966.66796875,44307.40625,0,0.0,0.0
2021-05-04 00:00:00+07:00,46166.66796875,46633.33203125,46000.0,46466.66796875,43835.71875,219270,0.0,0.0
2021-05-05 00:00:00+07:00,46466.66796875,47700.0,46400.0,46966.66796875,44307.40625,337470,0.0,0.0
2021-05-06 00:00:00+07:00,46966.66796875,47666.66796875,46800.0,47333.33203125,44653.30859375,276990,0.0,0.0
2021-05-07 00:00:00+07:00,47000.0,47600.0,46633.33203125,46733.33203125,44087.28515625,277020,0.0,0.0
2021-05-10 00:00:00+07:00,46666.66796875,46666.66796875,45833.33203125,46033.33203125,43426.91796875,523470,0.0,0.0
2021-05-11 00:00:00+07:00,45833.33203125,46666.66796875,45800.0,45833.33203125,43238.2421875,414870,0.0,0.0
2021-05-12 00:00:00+07:00,45833.33203125,46500.0,45800.0,46500.0,43867.1640625,249000,0.0,0.0
2021-05-13 00:00:00+07:00,46166.66796875,46833.33203125,46166.66796875,46666.66796875,44024.390625,296040,0.0,0.0
2021-05-14 00:00:00+07:00,46833.33203125,47833.33203125,46733.33203125,47500.0,44810.5390625,245550,0.0,0.0
2021-05-17 00:00:00+07:00,47833.33203125,48000.0,46966.66796875,47166.66796875,44496.08203125,160710,0.0,0.0
2021-05-18 00:00:00+07:00,47166.66796875,47333.33203125,46900.0,47233.33203125,44558.9765625,178440,0.0,0.0
2021-05-19 00:00:00+07:00,47000.0,47333.33203125,46833.33203125,47233.33203125,44558.9765625,179910,0.0,0.0
2021-05-20 00:00:00+07:00,46900.0,50000.0,46900.0,50000.0,47168.9921875,422940,0.0,0.0
2021-05-21 00:00:00+07:00,48966.66796875,49333.33203125,48333.33203125,48466.66796875,45722.4765625,293880,0.0,0.0
2021-05-24 00:00:00+07:00,48333.33203125,48833.33203125,48033.33203125,48666.66796875,45911.15625,161850,0.0,0.0
2021-05-25 00:00:00+07:00,48666.66796875,48833.33203125,48333.33203125,48666.66796875,45911.15625,236940,0.0,0.0
2021-05-26 00:00:00+07:00,48666.66796875,48733.33203125,48166.66796875,48300.0,45565.24609375,234540,0.0,0.0
2021-05-27 00:00:00+07:00,48300.0,48333.33203125,47333.33203125,47466.66796875,44779.09375,254460,0.0,0.0
2021-05-28 00:00:00+07:00,47466.66796875,47733.33203125,47200.0,47566.66796875,44873.43359375,222990,0.0,0.0
2021-05-31 00:00:00+07:00,46666.66796875,47166.66796875,46166.66796875,46166.66796875,43552.703125,380940,0.0,0.0
2021-06-01 00:00:00+07:00,45833.33203125,46000.0,45000.0,45500.0,42923.78125,322200,0.0,0.0
2021-06-02 00:00:00+07:00,45333.33203125,46666.66796875,45300.0,46266.66796875,43647.0390625,173820,0.0,0.0
2021-06-03 00:00:00+07:00,46600.0,46600.0,45666.66796875,46333.33203125,43709.9296875,178110,0.0,0.0
2021-06-04 00:00:00+07:00,46333.33203125,46333.33203125,45666.66796875,45833.33203125,43238.2421875,185220,0.0,0.0
2021-06-07 00:00:00+07:00,45833.33203125,45866.66796875,45100.0,45366.66796875,42798.0,2054100,0.0,0.0
2021-06-08 00:00:00+07:00,45366.66796875,45366.66796875,45366.66796875,45366.66796875,42798.0,0,0.0,0.0
2021-06-09 00:00:00+07:00,45333.33203125,45833.33203125,45000.0,45466.66796875,42892.33203125,2219700,0.0,0.0
2021-06-10 00:00:00+07:00,45000.0,45666.66796875,45000.0,45100.0,42546.4296875,2037300,0.0,0.0
2021-06-11 00:00:00+07:00,45066.66796875,45666.66796875,45033.33203125,45666.66796875,43081.015625,2492400,0.0,0.0
2021-06-14 00:00:00+07:00,46000.0,46266.66796875,45600.0,46033.33203125,43426.91796875,2222700,0.0,0.0
2021-06-15 00:00:00+07:00,46033.33203125,46333.33203125,45833.33203125,45966.66796875,43364.03125,1312500,0.0,0.0
2021-06-16 00:00:00+07:00,45933.33203125,45933.33203125,45500.0,45666.66796875,43081.015625,1498800,0.0,0.0
2021-06-17 00:00:00+07:00,45500.0,47966.66796875,45333.33203125,46333.33203125,43709.9296875,3853500,0.0,0.0
2021-06-18 00:00:00+07:00,46833.33203125,47166.66796875,46666.66796875,47000.0,44338.84765625,1154700,0.0,0.0
2021-06-21 00:00:00+07:00,46866.66796875,48633.33203125,46866.66796875,48600.0,45848.2578125,3539700,0.0,0.0
2021-06-22 00:00:00+07:00,48666.66796875,48733.33203125,46500.0,48666.66796875,45911.15625,2210700,0.0,0.0
2021-06-23 00:00:00+07:00,48400.0,48500.0,48000.0,48000.0,45282.23828125,1331100,0.0,0.0
2021-06-24 00:00:00+07:00,47966.66796875,48666.66796875,47933.33203125,48000.0,45282.23828125,1183200,0.0,0.0
2021-06-25 00:00:00+07:00,48000.0,48333.33203125,47833.33203125,47900.0,45187.89453125,2151600,0.0,0.0
2021-06-28 00:00:00+07:00,48166.66796875,48666.66796875,47900.0,48500.0,45753.921875,2009100,0.0,0.0
2021-06-29 00:00:00+07:00,48500.0,49166.66796875,48333.33203125,49000.0,46225.609375,1670100,0.0,0.0
2021-06-30 00:00:00+07:00,49000.0,51300.0,49000.0,50666.66796875,47797.91015625,3664500,0.0,0.0
2021-07-01 00:00:00+07:00,50666.66796875,50833.33203125,50166.66796875,50366.66796875,47514.8984375,2181600,0.0,0.0
2021-07-02 00:00:00+07:00,50333.33203125,52333.33203125,50333.33203125,52266.66796875,49307.3203125,2892000,0.0,0.0
2021-07-05 00:00:00+07:00,52266.66796875,52266.66796875,52266.66796875,52266.66796875,49307.3203125,0,0.0,0.0
2021-07-06 00:00:00+07:00,52266.66796875,52266.66796875,52266.66796875,52266.66796875,49307.3203125,0,0.0,0.0
2021-07-07 00:00:00+07:00,52266.66796875,52266.66796875,52266.66796875,52266.66796875,49307.3203125,0,0.0,0.0
2021-07-08 00:00:00+07:00,52266.66796875,52266.66796875,52266.66796875,52266.66796875,49307.3203125,0,0.0,0.0
2021-07-09 00:00:00+07:00,57366.66796875,59966.66796875,57266.66796875,58833.33203125,55502.17578125,3036600,0.0,0.0
2021-07-12 00:00:00+07:00,58833.33203125,58833.33203125,58833.33203125,58833.33203125,55502.17578125,0,0.0,0.0
2021-07-13 00:00:00+07:00,59433.33203125,59433.33203125,57333.33203125,58333.33203125,55030.4921875,1954200,0.0,0.0
2021-07-14 00:00:00+07:00,58333.33203125,58333.33203125,58333.33203125,58333.33203125,55030.4921875,0,0.0,0.0
2021-07-15 00:00:00+07:00,54966.66796875,57000.0,54333.33203125,55700.0,52546.2578125,3312300,0.0,0.0
2021-07-16 00:00:00+07:00,55700.0,55700.0,55700.0,55700.0,52546.2578125,0,0.0,0.0
2021-07-19 00:00:00+07:00,53766.66796875,54333.33203125,52166.66796875,52166.66796875,49212.984375,5604000,0.0,0.0
2021-07-20 00:00:00+07:00,52666.66796875,54866.66796875,52166.66796875,54866.66796875,51760.109375,3159600,0.0,0.0
2021-07-21 00:00:00+07:00,55333.33203125,55533.33203125,54033.33203125,54466.66796875,51382.75390625,1560600,0.0,0.0
2021-07-22 00:00:00+07:00,54166.66796875,56133.33203125,53933.33203125,55066.66796875,51948.78125,2946300,0.0,0.0
2021-07-23 00:00:00+07:00,54366.66796875,55066.66796875,53666.66796875,53900.0,50848.171875,3671700,0.0,0.0
2021-07-26 00:00:00+07:00,53466.66796875,53666.66796875,52633.33203125,53433.33203125,50407.9296875,3419400,0.0,0.0
2021-07-27 00:00:00+07:00,54000.0,54000.0,52333.33203125,52666.66796875,49684.671875,4432200,0.0,0.0
2021-07-28 00:00:00+07:00,52600.0,53500.0,52033.33203125,52366.66796875,49401.65234375,1367100,0.0,0.0
2021-07-29 00:00:00+07:00,53266.66796875,54266.66796875,52000.0,54266.66796875,51194.08203125,3953400,0.0,0.0
2021-07-30 00:00:00+07:00,53833.33203125,54966.66796875,53166.66796875,54700.0,51602.875,5337600,0.0,0.0
2021-08-02 00:00:00+07:00,54666.66796875,57500.0,54500.0,56633.33203125,53426.74609375,4898400,0.0,0.0
2021-08-03 00:00:00+07:00,56633.33203125,56666.66796875,56000.0,56633.33203125,53426.74609375,2606700,0.0,0.0
2021-08-04 00:00:00+07:00,56633.33203125,56633.33203125,56633.33203125,56633.33203125,53426.74609375,0,0.0,0.0
2021-08-05 00:00:00+07:00,56533.33203125,58100.0,56333.33203125,57666.66796875,54401.56640625,2969400,0.0,0.0
2021-08-06 00:00:00+07:00,57666.66796875,58500.0,57166.66796875,57166.66796875,53929.8828125,3098100,0.0,0.0
2021-08-09 00:00:00+07:00,57000.0,58066.66796875,56500.0,57933.33203125,54653.140625,1914000,0.0,0.0
2021-08-10 00:00:00+07:00,57933.33203125,57933.33203125,57933.33203125,57933.33203125,54653.140625,0,0.0,0.0
2021-08-11 00:00:00+07:00,58000.0,59766.66796875,57533.33203125,58333.33203125,55030.4921875,5012400,0.0,0.0
2021-08-12 00:00:00+07:00,57833.33203125,58333.33203125,56666.66796875,56666.66796875,53458.1953125,3516300,0.0,0.0
2021-08-13 00:00:00+07:00,56500.0,57000.0,55800.0,57000.0,53772.65234375,3350400,0.0,0.0
2021-08-16 00:00:00+07:00,57166.66796875,57333.33203125,56000.0,56700.0,53489.63671875,3089400,0.0,0.0
2021-08-17 00:00:00+07:00,56700.0,56700.0,56700.0,56700.0,53489.63671875,0,0.0,0.0
2021-08-18 00:00:00+07:00,56333.33203125,57833.33203125,56200.0,57500.0,54244.33984375,2593800,0.0,0.0
2021-08-19 00:00:00+07:00,57500.0,57500.0,56500.0,57500.0,54244.33984375,2357100,0.0,0.0
2021-08-20 00:00:00+07:00,57333.33203125,57333.33203125,54666.66796875,54666.66796875,51571.43359375,6111900,0.0,0.0
2021-08-23 00:00:00+07:00,54333.33203125,54666.66796875,52666.66796875,52700.0,49716.11328125,4857900,0.0,0.0
2021-08-24 00:00:00+07:00,52933.33203125,54133.33203125,52700.0,53500.0,50470.8203125,3182700,0.0,0.0
2021-08-25 00:00:00+07:00,53666.66796875,54666.66796875,53366.66796875,53833.33203125,50785.28125,1800300,0.0,0.0
2021-08-26 00:00:00+07:00,54633.33203125,54800.0,53866.66796875,54000.0,50942.5078125,1848600,0.0,0.0
2021-08-27 00:00:00+07:00,54066.66796875,54966.66796875,54066.66796875,54833.33203125,51728.66015625,4008600,0.0,0.0
2021-08-30 00:00:00+07:00,55550.0,56150.0,55300.0,55300.0,52407.84765625,2533800,250.0,1.5
2021-08-31 00:00:00+07:00,55500.0,55500.0,55000.0,55500.0,52597.38671875,1258200,0.0,0.0
2021-09-01 00:00:00+07:00,55150.0,55500.0,54450.0,55100.0,52218.3046875,1340800,0.0,0.0
2021-09-02 00:00:00+07:00,55100.0,55100.0,55100.0,55100.0,52218.3046875,0,0.0,0.0
2021-09-03 00:00:00+07:00,55100.0,55100.0,55100.0,55100.0,52218.3046875,0,0.0,0.0
2021-09-06 00:00:00+07:00,55500.0,55550.0,55250.0,55500.0,52597.38671875,2243400,0.0,0.0
2021-09-07 00:00:00+07:00,55700.0,55750.0,55000.0,55150.0,52265.6953125,1788000,0.0,0.0
2021-09-08 00:00:00+07:00,55150.0,55150.0,55150.0,55150.0,52265.6953125,0,0.0,0.0
2021-09-09 00:00:00+07:00,55900.0,59450.0,55700.0,59450.0,56340.80078125,5089600,0.0,0.0
2021-09-10 00:00:00+07:00,59500.0,59650.0,58550.0,59450.0,56340.80078125,1844200,0.0,0.0
2021-09-13 00:00:00+07:00,59450.0,62500.0,59400.0,62500.0,59231.2890625,4535200,0.0,0.0
2021-09-14 00:00:00+07:00,62000.0,62400.0,61050.0,62250.0,58994.36328125,2146200,0.0,0.0
2021-09-15 00:00:00+07:00,61750.0,62500.0,61400.0,62300.0,59041.75,1457600,0.0,0.0
2021-09-16 00:00:00+07:00,62250.0,62250.0,61400.0,61800.0,58567.8984375,1556600,0.0,0.0
2021-09-17 00:00:00+07:00,61800.0,62000.0,61100.0,61500.0,58283.58984375,1838400,0.0,0.0
2021-09-20 00:00:00+07:00,62450.0,63500.0,60700.0,61500.0,58283.58984375,2740600,0.0,0.0
2021-09-21 00:00:00+07:00,61500.0,61500.0,61500.0,61500.0,58283.58984375,0,0.0,0.0
2021-09-22 00:00:00+07:00,61500.0,61500.0,61500.0,61500.0,58283.58984375,0,0.0,0.0
2021-09-23 00:00:00+07:00,63250.0,66700.0,63250.0,66000.0,62548.2421875,5183200,0.0,0.0
2021-09-24 00:00:00+07:00,66100.0,67000.0,65250.0,65250.0,61837.46875,263760000,0.0,0.0
2021-09-27 00:00:00+07:00,64500.0,64500.0,63000.0,63000.0,59705.14453125,7476400,0.0,0.0
2021-09-28 00:00:00+07:00,62300.0,63500.0,61950.0,63350.0,60036.83203125,2689400,0.0,0.0
2021-09-29 00:00:00+07:00,63400.0,64250.0,63400.0,63900.0,60558.07421875,2417600,0.0,0.0
2021-09-30 00:00:00+07:00,63900.0,64500.0,63350.0,63900.0,60558.07421875,2088800,0.0,0.0
2021-10-01 00:00:00+07:00,63500.0,63900.0,63000.0,63100.0,59799.91015625,2173200,0.0,0.0
2021-10-04 00:00:00+07:00,62500.0,63100.0,61650.0,63100.0,59799.91015625,438000000,0.0,0.0
2021-10-05 00:00:00+07:00,63000.0,63400.0,62550.0,63400.0,60084.22265625,1878600,0.0,0.0
2021-10-06 00:00:00+07:00,63400.0,63400.0,63400.0,63400.0,60084.22265625,0,0.0,0.0
2021-10-07 00:00:00+07:00,63650.0,64150.0,63650.0,64000.0,60652.84375,1932000,0.0,0.0
2021-10-08 00:00:00+07:00,64000.0,64000.0,64000.0,64000.0,60652.84375,0,0.0,0.0
2021-10-11 00:00:00+07:00,64000.0,64000.0,64000.0,64000.0,60652.84375,0,0.0,0.0
2021-10-12 00:00:00+07:00,64750.0,66400.0,64750.0,66050.0,62595.62890625,4564000,0.0,0.0
2021-10-13 00:00:00+07:00,66150.0,67100.0,66050.0,66950.0,63448.55859375,3785200,0.0,0.0
2021-10-14 00:00:00+07:00,66950.0,66950.0,66950.0,66950.0,63448.55859375,0,0.0,0.0
2021-10-15 00:00:00+07:00,66750.0,66850.0,66000.0,66200.0,62737.7890625,1654800,0.0,0.0
2021-10-18 00:00:00+07:00,66200.0,66200.0,66200.0,66200.0,62737.7890625,0,0.0,0.0
2021-10-19 00:00:00+07:00,64950.0,65500.0,64550.0,64850.0,61458.390625,2302000,0.0,0.0
2021-10-20 00:00:00+07:00,64950.0,65500.0,64000.0,64600.0,61221.4609375,2667800,0.0,0.0
2021-10-21 00:00:00+07:00,64600.0,65000.0,63500.0,63500.0,60178.9921875,2943400,0.0,0.0
2021-10-22 00:00:00+07:00,64150.0,64200.0,63550.0,63800.0,60463.296875,1851400,0.0,0.0
2021-10-25 00:00:00+07:00,63800.0,63800.0,63800.0,63800.0,60463.296875,0,0.0,0.0
2021-10-26 00:00:00+07:00,63800.0,63800.0,63800.0,63800.0,60463.296875,0,0.0,0.0
2021-10-27 00:00:00+07:00,63800.0,63800.0,63800.0,63800.0,60463.296875,0,0.0,0.0
2021-10-28 00:00:00+07:00,65650.0,66250.0,64250.0,66000.0,62548.2421875,2378800,0.0,0.0
2021-10-29 00:00:00+07:00,65750.0,65950.0,65450.0,65700.0,62263.93359375,2688800,0.0,0.0
2021-11-01 00:00:00+07:00,65700.0,65700.0,65700.0,65700.0,62263.93359375,0,0.0,0.0
2021-11-02 00:00:00+07:00,64250.0,64450.0,64250.0,64950.0,61553.16015625,1733600,0.0,0.0
2021-11-03 00:00:00+07:00,64450.0,65000.0,63750.0,64400.0,61031.92578125,2810000,0.0,0.0
2021-11-04 00:00:00+07:00,64250.0,65300.0,64000.0,64950.0,61553.16015625,1900200,0.0,0.0
2021-11-05 00:00:00+07:00,66500.0,66500.0,65500.0,66000.0,62548.2421875,3271600,0.0,0.0
2021-11-08 00:00:00+07:00,66000.0,66500.0,65800.0,65800.0,62358.703125,2252600,0.0,0.0
2021-11-09 00:00:00+07:00,65900.0,66000.0,65000.0,65000.0,61600.54296875,2097800,0.0,0.0
2021-11-10 00:00:00+07:00,65000.0,65750.0,64750.0,65750.0,62311.3125,1530800,0.0,0.0
2021-11-11 00:00:00+07:00,65750.0,68000.0,65250.0,67500.0,63969.7890625,8882800,0.0,0.0
2021-11-12 00:00:00+07:00,68000.0,68000.0,66950.0,68000.0,64443.64453125,2369600,0.0,0.0
2021-11-15 00:00:00+07:00,68150.0,69950.0,68150.0,69700.0,66054.734375,5263000,0.0,0.0
2021-11-16 00:00:00+07:00,69000.0,69500.0,68000.0,68950.0,65343.96484375,2981200,0.0,0.0
2021-11-17 00:00:00+07:00,68850.0,69000.0,68100.0,68950.0,65343.96484375,1724400,0.0,0.0
2021-11-18 00:00:00+07:00,69150.0,70750.0,68400.0,69500.0,65865.1953125,4264800,0.0,0.0
2021-11-19 00:00:00+07:00,70000.0,70500.0,68000.0,69500.0,65865.1953125,2756000,0.0,0.0
2021-11-22 00:00:00+07:00,70000.0,70200.0,69000.0,69300.0,65675.65625,2230200,0.0,0.0
2021-11-23 00:00:00+07:00,69300.0,72000.0,69050.0,71500.0,67760.59375,3852400,0.0,0.0
2021-11-24 00:00:00+07:00,71500.0,72000.0,70650.0,72000.0,68234.4453125,2975000,0.0,0.0
2021-11-25 00:00:00+07:00,72050.0,72500.0,71250.0,72500.0,68708.3046875,1691400,0.0,0.0
2021-11-26 00:00:00+07:00,72400.0,72750.0,70750.0,70750.0,67049.8203125,2524800,0.0,0.0
2021-11-29 00:00:00+07:00,69450.0,70350.0,68700.0,68750.0,65154.421875,4740000,0.0,0.0
2021-11-30 00:00:00+07:00,69250.0,69950.0,68450.0,69450.0,65817.8203125,2178200,0.0,0.0
2021-12-01 00:00:00+07:00,68250.0,70000.0,68050.0,69450.0,65817.8203125,2992800,0.0,0.0
2021-12-02 00:00:00+07:00,69400.0,69400.0,68400.0,68500.0,64917.49609375,1231800,0.0,0.0
2021-12-03 00:00:00+07:00,68150.0,68500.0,66750.0,66750.0,63259.01953125,2104200,0.0,0.0
2021-12-06 00:00:00+07:00,66750.0,66750.0,63450.0,65700.0,62263.93359375,3346400,0.0,0.0
2021-12-07 00:00:00+07:00,65700.0,66750.0,65700.0,66750.0,63259.01953125,1327200,0.0,0.0
2021-12-08 00:00:00+07:00,66800.0,67500.0,66500.0,66950.0,63448.55859375,1377400,0.0,0.0
2021-12-09 00:00:00+07:00,66950.0,67500.0,66750.0,67000.0,63495.94921875,1384600,0.0,0.0
2021-12-10 00:00:00+07:00,66550.0,67450.0,66500.0,67050.0,63543.328125,1414200,0.0,0.0
2021-12-13 00:00:00+07:00,67200.0,67450.0,67000.0,67450.0,63922.40625,1291800,0.0,0.0
2021-12-14 00:00:00+07:00,67350.0,68000.0,66750.0,67700.0,64159.33203125,1329600,0.0,0.0
2021-12-15 00:00:00+07:00,67700.0,68000.0,67000.0,67950.0,64396.265625,1202200,0.0,0.0
2021-12-16 00:00:00+07:00,68000.0,68000.0,66800.0,66800.0,63306.40625,1619000,0.0,0.0
2021-12-17 00:00:00+07:00,66800.0,67500.0,66550.0,67250.0,63732.875,1470200,0.0,0.0
2021-12-20 00:00:00+07:00,66750.0,67300.0,66250.0,66500.0,63022.08984375,1585800,0.0,0.0
2021-12-21 00:00:00+07:00,66500.0,66500.0,66050.0,66500.0,63022.08984375,947200,0.0,0.0
2021-12-22 00:00:00+07:00,66800.0,68500.0,66700.0,67400.0,63875.03125,2600400,0.0,0.0
2021-12-23 00:00:00+07:00,67400.0,67900.0,65900.0,66800.0,63306.40625,1866400,0.0,0.0
2021-12-24 00:00:00+07:00,66800.0,67300.0,66250.0,67300.0,63780.24609375,1121800,0.0,0.0
2021-12-27 00:00:00+07:00,67350.0,67700.0,66500.0,67450.0,63922.40625,1446200,0.0,0.0
2021-12-28 00:00:00+07:00,67750.0,67900.0,66550.0,67900.0,64348.875,1490000,0.0,0.0
2021-12-29 00:00:00+07:00,67300.0,68000.0,67050.0,67200.0,63685.484375,1274000,0.0,0.0
2021-12-30 00:00:00+07:00,67250.0,67700.0,67000.0,67150.0,63638.1015625,1665400,0.0,0.0
2021-12-31 00:00:00+07:00,67150.0,67950.0,66700.0,67950.0,64396.265625,2257800,0.0,0.0
2022-01-03 00:00:00+07:00,67950.0,67950.0,67950.0,67950.0,64396.265625,0,0.0,0.0
2022-01-04 00:00:00+07:00,67950.0,69600.0,67450.0,68900.0,65296.578125,2655800,0.0,0.0
2022-01-05 00:00:00+07:00,68900.0,69650.0,68550.0,68550.0,64964.875,2357400,0.0,0.0
2022-01-06 00:00:00+07:00,68550.0,69400.0,68250.0,68750.0,65154.421875,1542200,0.0,0.0
2022-01-07 00:00:00+07:00,68750.0,68750.0,67750.0,67750.0,64206.7109375,1842400,0.0,0.0
2022-01-10 00:00:00+07:00,67750.0,67750.0,66500.0,66500.0,63022.08984375,1854000,0.0,0.0
2022-01-11 00:00:00+07:00,66500.0,67250.0,65850.0,65900.0,62453.4765625,1546800,0.0,0.0
2022-01-12 00:00:00+07:00,65900.0,68000.0,65000.0,68000.0,64443.64453125,1857200,0.0,0.0
2022-01-13 00:00:00+07:00,68250.0,68250.0,66000.0,67750.0,64206.7109375,1850000,0.0,0.0
2022-01-14 00:00:00+07:00,67500.0,67500.0,66600.0,67000.0,63495.94921875,936800,0.0,0.0
2022-01-17 00:00:00+07:00,66500.0,66950.0,65000.0,65000.0,61600.54296875,1634800,0.0,0.0
2022-01-18 00:00:00+07:00,64500.0,66000.0,64300.0,65050.0,61647.9296875,1632400,0.0,0.0
2022-01-19 00:00:00+07:00,65100.0,67000.0,65000.0,66750.0,63259.01953125,1909600,0.0,0.0
2022-01-20 00:00:00+07:00,66500.0,67000.0,66050.0,67000.0,63495.94921875,1793800,0.0,0.0
2022-01-21 00:00:00+07:00,67000.0,67000.0,65650.0,66600.0,63116.86328125,1310200,0.0,0.0
2022-01-24 00:00:00+07:00,66100.0,66600.0,64950.0,64950.0,61553.16015625,1735200,0.0,0.0
2022-01-25 00:00:00+07:00,64900.0,65500.0,63800.0,65500.0,62074.3984375,1605000,0.0,0.0
2022-01-26 00:00:00+07:00,65500.0,65950.0,64500.0,65950.0,62500.859375,1908600,0.0,0.0
2022-01-27 00:00:00+07:00,65450.0,66150.0,64600.0,65750.0,62311.3125,1061200,0.0,0.0
2022-01-28 00:00:00+07:00,65650.0,66250.0,64850.0,66250.0,62785.16796875,1432600,0.0,0.0
2022-01-31 00:00:00+07:00,66250.0,66250.0,66250.0,66250.0,62785.16796875,0,0.0,0.0
2022-02-01 00:00:00+07:00,66250.0,66250.0,66250.0,66250.0,62785.16796875,0,0.0,0.0
2022-02-02 00:00:00+07:00,66250.0,66250.0,66250.0,66250.0,62785.16796875,0,0.0,0.0
2022-02-03 00:00:00+07:00,66250.0,66250.0,66250.0,66250.0,62785.16796875,0,0.0,0.0
2022-02-04 00:00:00+07:00,66250.0,66250.0,66250.0,66250.0,62785.16796875,0,0.0,0.0
2022-02-07 00:00:00+07:00,66500.0,67850.0,66500.0,66950.0,63448.55859375,1864800,0.0,0.0
2022-02-08 00:00:00+07:00,66950.0,68400.0,66950.0,68150.0,64585.8046875,2900000,0.0,0.0
2022-02-09 00:00:00+07:00,68150.0,68750.0,68000.0,68500.0,64917.49609375,2414000,0.0,0.0
2022-02-10 00:00:00+07:00,68500.0,68600.0,67250.0,68150.0,64585.8046875,1805400,0.0,0.0
2022-02-11 00:00:00+07:00,67500.0,68000.0,67500.0,67650.0,64111.94921875,1083000,0.0,0.0
2022-02-14 00:00:00+07:00,66950.0,67500.0,66000.0,66000.0,62548.2421875,1914600,0.0,0.0
2022-02-15 00:00:00+07:00,66000.0,66000.0,66000.0,66000.0,62548.2421875,0,0.0,0.0
2022-02-16 00:00:00+07:00,67100.0,67100.0,65800.0,66450.0,62974.70703125,1124000,0.0,0.0
2022-02-17 00:00:00+07:00,66000.0,67250.0,65950.0,67250.0,63732.875,2062800,0.0,0.0
2022-02-18 00:00:00+07:00,66050.0,67000.0,66050.0,67000.0,63495.94921875,935600,0.0,0.0
2022-02-21 00:00:00+07:00,66250.0,67450.0,66250.0,66950.0,63448.55859375,1224200,0.0,0.0
2022-02-22 00:00:00+07:00,66500.0,69600.0,66200.0,68850.0,65249.19140625,6545200,0.0,0.0
2022-02-23 00:00:00+07:00,68850.0,70300.0,68450.0,68900.0,65296.578125,3219200,0.0,0.0
2022-02-24 00:00:00+07:00,68500.0,68850.0,67750.0,68400.0,64822.72265625,2348400,0.0,0.0
2022-02-25 00:00:00+07:00,68450.0,69900.0,68000.0,68800.0,65201.8046875,5380600,0.0,0.0
2022-02-28 00:00:00+07:00,68250.0,69000.0,67750.0,68000.0,64443.64453125,3604000,0.0,0.0
2022-03-01 00:00:00+07:00,68450.0,68500.0,67550.0,68000.0,64443.64453125,2420400,0.0,0.0
2022-03-02 00:00:00+07:00,67900.0,67900.0,67000.0,67250.0,63732.875,3340400,0.0,0.0
2022-03-03 00:00:00+07:00,67500.0,68250.0,66800.0,68250.0,64680.5625,2115600,0.0,0.0
2022-03-04 00:00:00+07:00,68250.0,68300.0,67300.0,67900.0,64348.875,2146400,0.0,0.0
2022-03-07 00:00:00+07:00,67250.0,67500.0,67000.0,67100.0,63590.7109375,2289000,0.0,0.0
2022-03-08 00:00:00+07:00,67000.0,67250.0,66200.0,67100.0,63590.7109375,3993800,0.0,0.0
2022-03-09 00:00:00+07:00,67050.0,67050.0,66250.0,66900.0,63401.171875,2297800,0.0,0.0
2022-03-10 00:00:00+07:00,67000.0,67000.0,66300.0,66750.0,63259.01953125,1766000,0.0,0.0
2022-03-11 00:00:00+07:00,66700.0,66700.0,66000.0,66500.0,63022.08984375,1306000,0.0,0.0
2022-03-14 00:00:00+07:00,66050.0,66400.0,64750.0,65850.0,62406.08984375,2453400,0.0,0.0
2022-03-15 00:00:00+07:00,65350.0,65700.0,64500.0,65700.0,62263.93359375,2010600,0.0,0.0
2022-03-16 00:00:00+07:00,65600.0,66000.0,65000.0,65700.0,62263.93359375,2109200,0.0,0.0
2022-03-17 00:00:00+07:00,65900.0,66000.0,65400.0,65400.0,61979.62109375,1382800,0.0,0.0
2022-03-18 00:00:00+07:00,65400.0,65900.0,65400.0,65800.0,62358.703125,1582200,0.0,0.0
2022-03-21 00:00:00+07:00,66000.0,67450.0,65750.0,67450.0,63922.40625,1843400,0.0,0.0
2022-03-22 00:00:00+07:00,67500.0,68000.0,66800.0,67600.0,64064.5625,2092000,0.0,0.0
2022-03-23 00:00:00+07:00,67350.0,68200.0,67300.0,67500.0,63969.7890625,1588600,0.0,0.0
2022-03-24 00:00:00+07:00,67500.0,67500.0,66500.0,67000.0,63495.94921875,1826400,0.0,0.0
2022-03-25 00:00:00+07:00,67350.0,70200.0,66850.0,69450.0,65817.8203125,7565400,0.0,0.0
2022-03-28 00:00:00+07:00,69600.0,72050.0,69450.0,72000.0,68234.4453125,7666200,0.0,0.0
2022-03-29 00:00:00+07:00,72750.0,74650.0,72000.0,73250.0,69419.078125,4682200,0.0,0.0
2022-03-30 00:00:00+07:00,72750.0,73450.0,70050.0,72200.0,68423.984375,3385200,0.0,0.0
2022-03-31 00:00:00+07:00,72000.0,74250.0,71250.0,72900.0,69087.3828125,3597400,0.0,0.0
2022-04-01 00:00:00+07:00,73750.0,78000.0,73550.0,78000.0,73920.640625,8260800,0.0,0.0
2022-04-04 00:00:00+07:00,79250.0,79350.0,77500.0,77500.0,73446.8046875,2803800,0.0,0.0
2022-04-05 00:00:00+07:00,76750.0,78300.0,76500.0,77600.0,73541.5703125,2520200,0.0,0.0
2022-04-06 00:00:00+07:00,77000.0,81000.0,76700.0,79400.0,75247.4296875,5961800,0.0,0.0
2022-04-07 00:00:00+07:00,79900.0,80050.0,76800.0,77500.0,73446.8046875,6201800,0.0,0.0
2022-04-08 00:00:00+07:00,77500.0,77500.0,75000.0,75000.0,71077.546875,4414200,0.0,0.0
2022-04-11 00:00:00+07:00,75000.0,75000.0,75000.0,75000.0,71077.546875,0,0.0,0.0
2022-04-12 00:00:00+07:00,75000.0,76350.0,73000.0,76350.0,72356.9453125,5289000,0.0,0.0
2022-04-13 00:00:00+07:00,75500.0,78500.0,75250.0,78100.0,74015.4140625,6812000,0.0,0.0
2022-04-14 00:00:00+07:00,78100.0,81400.0,77500.0,79750.0,75579.125,5851800,0.0,0.0
2022-04-15 00:00:00+07:00,78750.0,80950.0,78600.0,80100.0,75910.8203125,4679600,0.0,0.0
2022-04-18 00:00:00+07:00,80500.0,81000.0,79550.0,80100.0,75910.8203125,5233800,0.0,0.0
2022-04-19 00:00:00+07:00,79850.0,80550.0,77500.0,78000.0,73920.640625,6570000,0.0,0.0
2022-04-20 00:00:00+07:00,77550.0,79700.0,76900.0,78000.0,73920.640625,3801400,0.0,0.0
2022-04-21 00:00:00+07:00,77100.0,78750.0,76850.0,77750.0,73683.7265625,4609000,0.0,0.0
2022-04-22 00:00:00+07:00,78300.0,78500.0,72550.0,77900.0,73825.875,8098600,0.0,0.0
2022-04-25 00:00:00+07:00,77000.0,77650.0,72450.0,72450.0,68660.90625,7422200,0.0,0.0
2022-04-26 00:00:00+07:00,70500.0,75450.0,69500.0,74400.0,70508.9375,5437800,0.0,0.0
2022-04-27 00:00:00+07:00,73000.0,73750.0,71500.0,73600.0,69750.765625,3437200,0.0,0.0
2022-04-28 00:00:00+07:00,73750.0,74500.0,72400.0,72500.0,68708.3046875,3052200,0.0,0.0
2022-04-29 00:00:00+07:00,72600.0,75000.0,72600.0,74600.0,70698.46875,3479600,0.0,0.0
2022-05-02 00:00:00+07:00,74600.0,74600.0,74600.0,74600.0,70698.46875,0,0.0,0.0
2022-05-03 00:00:00+07:00,74600.0,74600.0,74600.0,74600.0,70698.46875,0,0.0,0.0
2022-05-04 00:00:00+07:00,75000.0,75750.0,74250.0,74750.0,70840.625,2302200,0.0,0.0
2022-05-05 00:00:00+07:00,75250.0,75250.0,72550.0,74700.0,70793.25,2337400,0.0,0.0
2022-05-06 00:00:00+07:00,73250.0,74450.0,73050.0,73300.0,69466.4609375,2171000,0.0,0.0
2022-05-09 00:00:00+07:00,72100.0,72150.0,68200.0,68200.0,64633.18359375,5387600,0.0,0.0
2022-05-10 00:00:00+07:00,67500.0,70050.0,66500.0,70050.0,66386.4296875,3637600,0.0,0.0
2022-05-11 00:00:00+07:00,70100.0,70500.0,68600.0,70500.0,66812.8984375,2334000,0.0,0.0
2022-05-12 00:00:00+07:00,69950.0,69950.0,67200.0,67200.0,63685.484375,3411200,0.0,0.0
2022-05-13 00:00:00+07:00,67200.0,67550.0,62550.0,62550.0,59278.671875,5493600,0.0,0.0
2022-05-16 00:00:00+07:00,66250.0,66250.0,60600.0,61500.0,58283.58984375,2669000,0.0,0.0
2022-05-17 00:00:00+07:00,62450.0,65800.0,61000.0,65800.0,62358.703125,2111600,0.0,0.0
2022-05-18 00:00:00+07:00,65850.0,66850.0,64900.0,66750.0,63259.01953125,1611200,0.0,0.0
2022-05-19 00:00:00+07:00,65000.0,66750.0,64650.0,66500.0,63022.08984375,1678400,0.0,0.0
2022-05-20 00:00:00+07:00,66250.0,67900.0,66000.0,67000.0,63495.94921875,1738400,0.0,0.0
2022-05-23 00:00:00+07:00,67500.0,67500.0,65000.0,65400.0,61979.62109375,1084200,0.0,0.0
2022-05-24 00:00:00+07:00,65450.0,66500.0,64900.0,66500.0,63022.08984375,1155400,0.0,0.0
2022-05-25 00:00:00+07:00,67200.0,70750.0,67000.0,69500.0,65865.1953125,3116000,0.0,0.0
2022-05-26 00:00:00+07:00,70000.0,70250.0,68000.0,69500.0,65865.1953125,1432200,0.0,0.0
2022-05-27 00:00:00+07:00,69600.0,73450.0,69600.0,73350.0,69513.8515625,5101400,0.0,0.0
2022-05-30 00:00:00+07:00,73350.0,73750.0,71700.0,72600.0,68803.0625,2524400,0.0,0.0
2022-05-31 00:00:00+07:00,72600.0,72600.0,71500.0,72450.0,68660.90625,1479000,0.0,0.0
2022-06-01 00:00:00+07:00,72450.0,73500.0,72000.0,72750.0,68945.21875,2117400,0.0,0.0
2022-06-02 00:00:00+07:00,72750.0,72750.0,72750.0,72750.0,68945.21875,0,0.0,0.0
2022-06-03 00:00:00+07:00,73850.0,77150.0,73850.0,76600.0,72593.8671875,3336200,0.0,0.0
2022-06-06 00:00:00+07:00,77000.0,78250.0,77000.0,77350.0,73304.65625,3775800,0.0,0.0
2022-06-07 00:00:00+07:00,77000.0,77000.0,74500.0,76500.0,72970.7890625,3690200,500.0,0.0
2022-06-08 00:00:00+07:00,77150.0,78950.0,76700.0,76700.0,73161.5625,4153600,0.0,0.0
2022-06-09 00:00:00+07:00,76700.0,77500.0,75650.0,76400.0,72875.40625,2262200,0.0,0.0
2022-06-10 00:00:00+07:00,77000.0,77500.0,75000.0,75000.0,71539.9921875,3881000,0.0,0.0
2022-06-13 00:00:00+07:00,72500.0,73750.0,70000.0,70000.0,66770.65625,6458000,0.0,0.0
2022-06-14 00:00:00+07:00,69250.0,72150.0,69000.0,71750.0,68439.9296875,3212200,0.0,0.0
2022-06-15 00:00:00+07:00,72500.0,73850.0,72000.0,73850.0,70443.046875,10240800,0.0,0.0
2022-06-16 00:00:00+07:00,79000.0,79000.0,77600.0,79000.0,75355.453125,6038900,0.0,2.0
2022-06-17 00:00:00+07:00,79000.0,79000.0,76300.0,77700.0,74115.4296875,3500500,0.0,0.0
2022-06-20 00:00:00+07:00,78000.0,78000.0,73600.0,73900.0,70490.7421875,4483400,0.0,0.0
2022-06-21 00:00:00+07:00,75000.0,75800.0,71000.0,73500.0,70109.1953125,3368300,0.0,0.0
2022-06-22 00:00:00+07:00,75600.0,75600.0,69200.0,69800.0,66579.890625,3815800,0.0,0.0
2022-06-23 00:00:00+07:00,70000.0,73500.0,69800.0,72500.0,69155.328125,4908000,0.0,0.0
2022-06-24 00:00:00+07:00,73500.0,73500.0,71400.0,71900.0,68583.0078125,2716400,0.0,0.0
2022-06-27 00:00:00+07:00,71700.0,72500.0,71100.0,71500.0,68201.4609375,3160200,0.0,0.0
2022-06-28 00:00:00+07:00,71000.0,72900.0,71000.0,72800.0,69441.484375,4121400,0.0,0.0
2022-06-29 00:00:00+07:00,72800.0,74000.0,71100.0,73000.0,69632.2578125,3154200,0.0,0.0
2022-06-30 00:00:00+07:00,73100.0,73100.0,71200.0,71500.0,68201.4609375,2401100,0.0,0.0
2022-07-01 00:00:00+07:00,71600.0,71600.0,68800.0,70300.0,67056.8203125,3285200,0.0,0.0
2022-07-04 00:00:00+07:00,70000.0,70100.0,66600.0,67800.0,64672.15625,5181500,0.0,0.0
2022-07-05 00:00:00+07:00,67800.0,67800.0,64000.0,65500.0,62478.26171875,3983400,0.0,0.0
2022-07-06 00:00:00+07:00,65500.0,66300.0,64000.0,64000.0,61047.45703125,2398000,0.0,0.0
2022-07-07 00:00:00+07:00,64100.0,65000.0,63900.0,64000.0,61047.45703125,1590000,0.0,0.0
2022-07-08 00:00:00+07:00,64700.0,66500.0,64400.0,65000.0,62001.328125,2586800,0.0,0.0
2022-07-11 00:00:00+07:00,64800.0,64900.0,64000.0,64500.0,61524.390625,1370100,0.0,0.0
2022-07-12 00:00:00+07:00,64500.0,64500.0,64500.0,64500.0,61524.390625,0,0.0,0.0
2022-07-13 00:00:00+07:00,64000.0,64200.0,61900.0,63600.0,60665.91796875,3099000,0.0,0.0
2022-07-14 00:00:00+07:00,62900.0,64000.0,62300.0,62600.0,59712.046875,2134700,0.0,0.0
2022-07-15 00:00:00+07:00,62800.0,63200.0,61500.0,61500.0,58662.79296875,3080300,0.0,0.0
2022-07-18 00:00:00+07:00,61500.0,62900.0,60200.0,61000.0,58185.86328125,2540800,0.0,0.0
2022-07-19 00:00:00+07:00,61200.0,61200.0,59500.0,60000.0,57231.9921875,2118000,0.0,0.0
2022-07-20 00:00:00+07:00,59200.0,63000.0,58200.0,61200.0,58376.6328125,7377800,0.0,0.0
2022-07-21 00:00:00+07:00,61200.0,64500.0,61200.0,64100.0,61142.84765625,5004300,0.0,0.0
2022-07-22 00:00:00+07:00,64900.0,66800.0,64200.0,64500.0,61524.390625,5454700,0.0,0.0
2022-07-25 00:00:00+07:00,64800.0,65800.0,62700.0,63300.0,60379.7578125,4019200,0.0,0.0
2022-07-26 00:00:00+07:00,63900.0,63900.0,62800.0,63000.0,60093.59765625,1808800,0.0,0.0
2022-07-27 00:00:00+07:00,60100.0,63000.0,60100.0,62100.0,59235.1171875,1866300,0.0,0.0
2022-07-28 00:00:00+07:00,63000.0,63000.0,62000.0,62000.0,59139.7265625,1950500,0.0,0.0
2022-07-29 00:00:00+07:00,62400.0,62400.0,61000.0,61000.0,58185.86328125,3375000,0.0,0.0
2022-08-01 00:00:00+07:00,61000.0,61900.0,60000.0,61300.0,58472.0234375,3256100,0.0,0.0
2022-08-02 00:00:00+07:00,61800.0,62500.0,61300.0,62000.0,59139.7265625,2121500,0.0,0.0
2022-08-03 00:00:00+07:00,62000.0,62200.0,61300.0,61800.0,58948.953125,2660300,0.0,0.0
2022-08-04 00:00:00+07:00,62200.0,63000.0,62100.0,62700.0,59807.4375,4344000,0.0,0.0
2022-08-05 00:00:00+07:00,62900.0,63500.0,62600.0,62700.0,59807.4375,2712000,0.0,0.0
2022-08-08 00:00:00+07:00,62700.0,62900.0,62300.0,62900.0,59998.20703125,2490100,0.0,0.0
2022-08-09 00:00:00+07:00,63100.0,63600.0,62900.0,63300.0,60379.7578125,2806100,0.0,0.0
2022-08-10 00:00:00+07:00,63300.0,64300.0,63000.0,63600.0,60665.91796875,1974900,0.0,0.0
2022-08-11 00:00:00+07:00,64000.0,64200.0,62500.0,63000.0,60093.59765625,2719100,0.0,0.0
2022-08-12 00:00:00+07:00,62900.0,63700.0,62200.0,63000.0,60093.59765625,2419300,0.0,0.0
2022-08-15 00:00:00+07:00,63300.0,65000.0,63000.0,65000.0,62001.328125,4433600,0.0,0.0
2022-08-16 00:00:00+07:00,65000.0,67000.0,65000.0,66000.0,62955.1953125,3910700,0.0,0.0
2022-08-17 00:00:00+07:00,66000.0,66400.0,65000.0,65000.0,62001.328125,2518800,0.0,0.0
2022-08-18 00:00:00+07:00,65000.0,65800.0,63900.0,64500.0,61524.390625,4073800,0.0,0.0
2022-08-19 00:00:00+07:00,64500.0,65400.0,63100.0,64100.0,61142.84765625,2276400,0.0,0.0
2022-08-22 00:00:00+07:00,64600.0,66900.0,64500.0,66500.0,63432.12890625,5855600,0.0,0.0
2022-08-23 00:00:00+07:00,65900.0,67800.0,65900.0,66900.0,63813.671875,4014500,0.0,0.0
2022-08-24 00:00:00+07:00,66900.0,67200.0,66300.0,66800.0,63718.28515625,2219300,0.0,0.0
2022-08-25 00:00:00+07:00,67700.0,68700.0,67300.0,68400.0,65244.47265625,5153200,0.0,0.0
2022-08-26 00:00:00+07:00,68700.0,73100.0,68700.0,72200.0,68869.1640625,10847500,0.0,0.0
2022-08-29 00:00:00+07:00,71800.0,74000.0,70700.0,74000.0,70586.125,7689600,0.0,0.0
2022-08-30 00:00:00+07:00,74500.0,75000.0,72900.0,73300.0,69918.421875,4227200,0.0,0.0
2022-08-31 00:00:00+07:00,72500.0,74000.0,72500.0,74000.0,70586.125,4620000,0.0,0.0
2022-09-01 00:00:00+07:00,74000.0,74000.0,74000.0,74000.0,70586.125,0,0.0,0.0
2022-09-02 00:00:00+07:00,74000.0,74000.0,74000.0,74000.0,70586.125,0,0.0,0.0
2022-09-05 00:00:00+07:00,73900.0,73900.0,72500.0,72500.0,69155.328125,2694200,0.0,0.0
2022-09-06 00:00:00+07:00,72600.0,73300.0,72400.0,72900.0,69536.875,2599300,0.0,0.0
2022-09-07 00:00:00+07:00,72600.0,72800.0,70600.0,70700.0,67438.3671875,5672100,0.0,0.0
2022-09-08 00:00:00+07:00,71500.0,72300.0,70500.0,71500.0,68201.4609375,3748300,0.0,0.0
2022-09-09 00:00:00+07:00,72000.0,72400.0,70800.0,72000.0,68678.390625,2784800,0.0,0.0
2022-09-12 00:00:00+07:00,72200.0,75400.0,72100.0,74000.0,70586.125,7347100,0.0,0.0
2022-09-13 00:00:00+07:00,74000.0,74400.0,73300.0,74100.0,70681.515625,1957900,0.0,0.0
2022-09-14 00:00:00+07:00,72700.0,73900.0,72600.0,73700.0,70299.96875,3704500,0.0,0.0
2022-09-15 00:00:00+07:00,73700.0,74800.0,73400.0,73900.0,70490.7421875,3182500,0.0,0.0
2022-09-16 00:00:00+07:00,73400.0,73700.0,71400.0,72000.0,68678.390625,4279700,0.0,0.0
2022-09-19 00:00:00+07:00,72000.0,72800.0,69100.0,70500.0,67247.59375,4171600,0.0,0.0
2022-09-20 00:00:00+07:00,70900.0,72000.0,69200.0,71700.0,68392.234375,3380900,0.0,0.0
2022-09-21 00:00:00+07:00,71000.0,71000.0,70000.0,70000.0,66770.65625,3106200,0.0,0.0
2022-09-22 00:00:00+07:00,69100.0,70800.0,68300.0,70100.0,66866.046875,4254200,0.0,0.0
2022-09-23 00:00:00+07:00,70100.0,70100.0,68600.0,69400.0,66198.34375,2717600,0.0,0.0
2022-09-26 00:00:00+07:00,67800.0,68200.0,65600.0,68000.0,64862.92578125,5240200,0.0,0.0
2022-09-27 00:00:00+07:00,67400.0,68000.0,66800.0,67100.0,64004.4453125,1536300,0.0,0.0
2022-09-28 00:00:00+07:00,66100.0,67000.0,65000.0,65000.0,62001.328125,2724500,0.0,0.0
2022-09-29 00:00:00+07:00,66500.0,66500.0,63700.0,64000.0,61047.45703125,2545200,0.0,0.0
2022-09-30 00:00:00+07:00,63700.0,64200.0,61700.0,64000.0,61047.45703125,4371100,0.0,0.0
2022-10-03 00:00:00+07:00,62900.0,62900.0,59600.0,59600.0,56850.44921875,4026100,0.0,0.0
2022-10-04 00:00:00+07:00,61200.0,61300.0,60100.0,61000.0,58185.86328125,4024500,0.0,0.0
2022-10-05 00:00:00+07:00,61000.0,63100.0,61000.0,62200.0,59330.50390625,2124200,0.0,0.0
2022-10-06 00:00:00+07:00,62200.0,62300.0,58000.0,58000.0,55324.265625,3170300,0.0,0.0
2022-10-07 00:00:00+07:00,56500.0,57900.0,54000.0,54000.0,51508.796875,5573700,0.0,0.0
2022-10-10 00:00:00+07:00,53100.0,57300.0,53000.0,57100.0,54465.78125,3911600,0.0,0.0
2022-10-11 00:00:00+07:00,57100.0,57600.0,54100.0,55400.0,52844.2109375,2333500,0.0,0.0
2022-10-12 00:00:00+07:00,55500.0,58800.0,55500.0,57500.0,54847.328125,2886100,0.0,0.0
2022-10-13 00:00:00+07:00,57000.0,58200.0,56500.0,57600.0,54942.71484375,1531100,0.0,0.0
2022-10-14 00:00:00+07:00,58000.0,60300.0,58000.0,59900.0,57136.609375,2989900,0.0,0.0
2022-10-17 00:00:00+07:00,59600.0,59600.0,57800.0,58900.0,56182.7421875,2674800,0.0,0.0
2022-10-18 00:00:00+07:00,59900.0,60500.0,58600.0,59000.0,56278.12890625,2054300,0.0,0.0
2022-10-19 00:00:00+07:00,59200.0,59500.0,58300.0,59000.0,56278.12890625,1407400,0.0,0.0
2022-10-20 00:00:00+07:00,58200.0,59000.0,57900.0,58400.0,55705.80859375,1811200,0.0,0.0
2022-10-21 00:00:00+07:00,58300.0,58300.0,54400.0,54400.0,51890.34375,4238200,0.0,0.0
2022-10-24 00:00:00+07:00,54500.0,55000.0,50600.0,50600.0,48265.6484375,4828000,0.0,0.0
2022-10-25 00:00:00+07:00,50700.0,54000.0,49000.0,52000.0,49601.05859375,4400700,0.0,0.0
2022-10-26 00:00:00+07:00,52100.0,52500.0,50600.0,51900.0,49505.671875,1528200,0.0,0.0
2022-10-27 00:00:00+07:00,51300.0,53900.0,51300.0,53300.0,50841.08984375,2990400,0.0,0.0
2022-10-28 00:00:00+07:00,53500.0,54400.0,52800.0,53200.0,50745.703125,1802000,0.0,0.0
2022-10-31 00:00:00+07:00,52400.0,52900.0,49500.0,51600.0,49219.5078125,3903900,0.0,0.0
2022-11-01 00:00:00+07:00,52000.0,52500.0,50100.0,50100.0,47788.71484375,1999200,0.0,0.0
2022-11-02 00:00:00+07:00,50000.0,50300.0,46800.0,48000.0,45785.58984375,4317000,0.0,0.0
2022-11-03 00:00:00+07:00,49000.0,50300.0,48100.0,49500.0,47216.39453125,2600000,0.0,0.0
2022-11-04 00:00:00+07:00,47550.0,48000.0,46050.0,46050.0,43925.55078125,5742900,0.0,0.0
2022-11-07 00:00:00+07:00,46000.0,46550.0,42850.0,42850.0,40873.18359375,5344200,0.0,0.0
2022-11-08 00:00:00+07:00,42850.0,45600.0,41300.0,44600.0,42542.44921875,4117000,0.0,0.0
2022-11-09 00:00:00+07:00,45000.0,46450.0,44550.0,45500.0,43400.92578125,2156900,0.0,0.0
2022-11-10 00:00:00+07:00,44950.0,44950.0,42350.0,42350.0,40396.25,3670600,0.0,0.0
2022-11-11 00:00:00+07:00,43400.0,44400.0,43000.0,43000.0,41016.26171875,3565100,0.0,0.0
2022-11-14 00:00:00+07:00,42000.0,42750.0,40400.0,40650.0,38774.6796875,3514300,0.0,0.0
2022-11-15 00:00:00+07:00,38200.0,39500.0,37850.0,37850.0,36103.84765625,2983600,0.0,0.0
2022-11-16 00:00:00+07:00,35250.0,40450.0,35250.0,40450.0,38583.90234375,8555200,0.0,0.0
2022-11-17 00:00:00+07:00,41750.0,42900.0,40800.0,41800.0,39871.625,2857700,0.0,0.0
2022-11-18 00:00:00+07:00,41000.0,42250.0,39900.0,42150.0,40205.47265625,4367700,0.0,0.0
2022-11-21 00:00:00+07:00,41950.0,41950.0,40650.0,40650.0,38774.6796875,1762800,0.0,0.0
2022-11-22 00:00:00+07:00,40200.0,41600.0,39850.0,40200.0,38345.43359375,3707900,0.0,0.0
2022-11-23 00:00:00+07:00,40300.0,40900.0,40100.0,40500.0,38631.59375,1510200,0.0,0.0
2022-11-24 00:00:00+07:00,39200.0,39200.0,37700.0,37700.0,35960.76953125,7862600,0.0,0.0
2022-11-25 00:00:00+07:00,37550.0,38300.0,36500.0,37800.0,36056.15625,2595300,0.0,0.0
2022-11-28 00:00:00+07:00,38300.0,40400.0,38300.0,40150.0,38297.7421875,4322000,0.0,0.0
2022-11-29 00:00:00+07:00,40500.0,42800.0,40500.0,42800.0,40825.48828125,5268600,0.0,0.0
2022-11-30 00:00:00+07:00,43600.0,45000.0,43000.0,44100.0,42065.51171875,3777700,0.0,0.0
2022-12-01 00:00:00+07:00,45000.0,45600.0,42750.0,44050.0,42017.8203125,5855800,0.0,0.0
2022-12-02 00:00:00+07:00,43400.0,47000.0,43400.0,47000.0,44831.73046875,6464800,0.0,0.0
2022-12-05 00:00:00+07:00,47050.0,48850.0,47050.0,47600.0,45404.046875,4146000,0.0,0.0
2022-12-06 00:00:00+07:00,47200.0,47200.0,44350.0,44350.0,42303.98046875,4093900,0.0,0.0
2022-12-07 00:00:00+07:00,44350.0,45000.0,43500.0,44850.0,42780.91796875,2930100,0.0,0.0
2022-12-08 00:00:00+07:00,45800.0,47000.0,45200.0,46000.0,43877.86328125,2626500,0.0,0.0
2022-12-09 00:00:00+07:00,46000.0,46600.0,45350.0,46200.0,44068.63671875,1675300,0.0,0.0
2022-12-12 00:00:00+07:00,46200.0,47300.0,45000.0,45900.0,43782.4765625,3474400,0.0,0.0
2022-12-13 00:00:00+07:00,45750.0,46400.0,44400.0,46400.0,44259.41015625,1956200,0.0,0.0
2022-12-14 00:00:00+07:00,47300.0,47300.0,45800.0,46450.0,44307.1015625,2187800,0.0,0.0
2022-12-15 00:00:00+07:00,46450.0,47500.0,46150.0,47000.0,44831.73046875,2539400,0.0,0.0
2022-12-16 00:00:00+07:00,46750.0,47950.0,45900.0,47850.0,45642.515625,3003400,0.0,0.0
2022-12-19 00:00:00+07:00,47600.0,48800.0,47150.0,47150.0,44974.8046875,3782800,0.0,0.0
2022-12-20 00:00:00+07:00,46600.0,46850.0,44200.0,46500.0,44354.796875,3352500,0.0,0.0
2022-12-21 00:00:00+07:00,46500.0,46750.0,44350.0,46400.0,44259.41015625,2052300,0.0,0.0
2022-12-22 00:00:00+07:00,46350.0,46700.0,45300.0,46500.0,44354.796875,1519800,0.0,0.0
2022-12-23 00:00:00+07:00,46500.0,46500.0,45550.0,45800.0,43687.0859375,1584400,0.0,0.0
2022-12-26 00:00:00+07:00,45500.0,45750.0,42600.0,42600.0,40634.71875,2559500,0.0,0.0
2022-12-27 00:00:00+07:00,41500.0,43800.0,41500.0,43800.0,41779.3515625,2324700,0.0,0.0
2022-12-28 00:00:00+07:00,43000.0,43200.0,41900.0,43000.0,41016.26171875,1389600,0.0,0.0
2022-12-29 00:00:00+07:00,42500.0,42900.0,42100.0,42900.0,40920.87890625,1212100,0.0,0.0
2022-12-30 00:00:00+07:00,42800.0,43000.0,42050.0,42900.0,40920.87890625,1652400,0.0,0.0
2023-01-02 00:00:00+07:00,42900.0,42900.0,42900.0,42900.0,40920.87890625,0,0.0,0.0
2023-01-03 00:00:00+07:00,42800.0,44000.0,42500.0,43950.0,41922.4375,1998900,0.0,0.0
2023-01-04 00:00:00+07:00,43100.0,44300.0,43100.0,43500.0,41493.19140625,1872700,0.0,0.0
2023-01-05 00:00:00+07:00,43900.0,44000.0,43300.0,43600.0,41588.578125,1102800,0.0,0.0
2023-01-06 00:00:00+07:00,43600.0,43850.0,43150.0,43150.0,41159.34375,1507500,0.0,0.0
2023-01-09 00:00:00+07:00,43150.0,43300.0,42000.0,42000.0,40062.3984375,2663500,0.0,0.0
2023-01-10 00:00:00+07:00,42000.0,42600.0,41900.0,42200.0,40253.16796875,1424300,0.0,0.0
2023-01-11 00:00:00+07:00,42300.0,43200.0,42300.0,42550.0,40587.0234375,1461200,0.0,0.0
2023-01-12 00:00:00+07:00,42550.0,43000.0,42050.0,42100.0,40157.78125,986100,0.0,0.0
2023-01-13 00:00:00+07:00,42400.0,42650.0,42050.0,42050.0,40110.08984375,1087500,0.0,0.0
2023-01-16 00:00:00+07:00,42050.0,42300.0,41700.0,41900.0,39967.0078125,1408900,0.0,0.0
2023-01-17 00:00:00+07:00,42400.0,43400.0,42200.0,43050.0,41063.953125,2760600,0.0,0.0
2023-01-18 00:00:00+07:00,43500.0,45200.0,43250.0,44950.0,42876.30078125,3686900,0.0,0.0
2023-01-19 00:00:00+07:00,44950.0,46100.0,44750.0,45600.0,43496.31640625,3493900,0.0,0.0
2023-01-20 00:00:00+07:00,45600.0,45600.0,45600.0,45600.0,43496.31640625,0,0.0,0.0
2023-01-23 00:00:00+07:00,45600.0,45600.0,45600.0,45600.0,43496.31640625,0,0.0,0.0
2023-01-24 00:00:00+07:00,45600.0,45600.0,45600.0,45600.0,43496.31640625,0,0.0,0.0
2023-01-25 00:00:00+07:00,45600.0,45600.0,45600.0,45600.0,43496.31640625,0,0.0,0.0
2023-01-26 00:00:00+07:00,45600.0,45600.0,45600.0,45600.0,43496.31640625,0,0.0,0.0
2023-01-27 00:00:00+07:00,46400.0,46900.0,45900.0,45900.0,43782.4765625,2479800,0.0,0.0
2023-01-30 00:00:00+07:00,45900.0,46800.0,45400.0,46200.0,44068.63671875,3206700,0.0,0.0
2023-01-31 00:00:00+07:00,45900.0,46500.0,45350.0,46500.0,44354.796875,2723800,0.0,0.0
2023-02-01 00:00:00+07:00,46200.0,47150.0,45700.0,47100.0,44927.1171875,7835500,0.0,0.0
2023-02-02 00:00:00+07:00,46950.0,49900.0,46300.0,49900.0,47597.94140625,4860800,0.0,0.0
2023-02-03 00:00:00+07:00,48050.0,48600.0,47800.0,47800.0,45594.8203125,6219600,0.0,0.0
2023-02-06 00:00:00+07:00,47000.0,47200.0,45700.0,47150.0,44974.8046875,2653000,0.0,0.0
2023-02-07 00:00:00+07:00,46650.0,48000.0,45700.0,45700.0,43591.703125,2018900,0.0,0.0
2023-02-08 00:00:00+07:00,45700.0,46000.0,44500.0,44500.0,42447.0625,1647000,0.0,0.0
2023-02-09 00:00:00+07:00,44400.0,45450.0,44000.0,44000.0,41970.12890625,1472800,0.0,0.0
2023-02-10 00:00:00+07:00,44000.0,44450.0,42100.0,42100.0,40157.78125,2032500,0.0,0.0
2023-02-13 00:00:00+07:00,42100.0,42500.0,41500.0,42500.0,40539.328125,1726000,0.0,0.0
2023-02-14 00:00:00+07:00,42800.0,43000.0,42400.0,42500.0,40539.328125,803200,0.0,0.0
2023-02-15 00:00:00+07:00,42500.0,43500.0,42500.0,42750.0,40777.79296875,1084700,0.0,0.0
2023-02-16 00:00:00+07:00,43200.0,43500.0,42800.0,43300.0,41302.41796875,944200,0.0,0.0
2023-02-17 00:00:00+07:00,43300.0,43300.0,42850.0,43250.0,41254.7265625,959100,0.0,0.0
2023-02-20 00:00:00+07:00,43200.0,44300.0,42750.0,44300.0,42256.2890625,1874700,0.0,0.0
2023-02-21 00:00:00+07:00,44400.0,45250.0,44400.0,44500.0,42447.0625,1405600,0.0,0.0
2023-02-22 00:00:00+07:00,44000.0,44500.0,43000.0,43000.0,41016.26171875,1644500,0.0,0.0
2023-02-23 00:00:00+07:00,42800.0,43000.0,42000.0,43000.0,41016.26171875,1313900,0.0,0.0
2023-02-24 00:00:00+07:00,42500.0,42950.0,41600.0,42100.0,40157.78125,1625600,0.0,0.0
2023-02-27 00:00:00+07:00,41000.0,41900.0,40500.0,40500.0,38631.59375,1974700,0.0,0.0
2023-02-28 00:00:00+07:00,40500.0,41200.0,39850.0,40000.0,38154.66015625,1567900,0.0,0.0
2023-03-01 00:00:00+07:00,40000.0,41000.0,39250.0,40800.0,38917.75390625,1520500,0.0,0.0
2023-03-02 00:00:00+07:00,40800.0,41000.0,40000.0,40300.0,38440.8203125,868900,0.0,0.0
2023-03-03 00:00:00+07:00,40300.0,40600.0,39400.0,39400.0,37582.33984375,1857500,0.0,0.0
2023-03-06 00:00:00+07:00,39950.0,40500.0,39400.0,39400.0,37582.33984375,1474200,0.0,0.0
2023-03-07 00:00:00+07:00,40000.0,40200.0,39200.0,39700.0,37868.5,1585700,0.0,0.0
2023-03-08 00:00:00+07:00,39000.0,39550.0,38650.0,39400.0,37582.33984375,2029100,0.0,0.0
2023-03-09 00:00:00+07:00,39600.0,40550.0,39550.0,40000.0,38154.66015625,2116000,0.0,0.0
2023-03-10 00:00:00+07:00,39900.0,40100.0,39400.0,39750.0,37916.1953125,1573000,0.0,0.0
2023-03-13 00:00:00+07:00,39750.0,40000.0,39400.0,39400.0,37582.33984375,1349100,0.0,0.0
2023-03-14 00:00:00+07:00,39300.0,39600.0,38300.0,38600.0,36819.25,1611600,0.0,0.0
2023-03-15 00:00:00+07:00,39600.0,40100.0,39400.0,40000.0,38154.66015625,1899200,0.0,0.0
2023-03-16 00:00:00+07:00,40000.0,40000.0,38800.0,39400.0,37582.33984375,1665000,0.0,0.0
2023-03-17 00:00:00+07:00,39900.0,39900.0,38850.0,39400.0,37582.33984375,953800,0.0,0.0
2023-03-20 00:00:00+07:00,39000.0,39400.0,38050.0,38100.0,36342.31640625,2298600,0.0,0.0
2023-03-21 00:00:00+07:00,38800.0,38800.0,37500.0,38500.0,36723.86328125,1411300,0.0,0.0
2023-03-22 00:00:00+07:00,38650.0,38650.0,37950.0,37950.0,36199.234375,1507000,0.0,0.0
2023-03-23 00:00:00+07:00,37600.0,37950.0,37500.0,37800.0,36056.15625,1238600,0.0,0.0
2023-03-24 00:00:00+07:00,37600.0,38200.0,37600.0,37950.0,36199.234375,1729500,0.0,0.0
2023-03-27 00:00:00+07:00,38000.0,38450.0,37850.0,38100.0,36342.31640625,2465100,0.0,0.0
2023-03-28 00:00:00+07:00,38200.0,39300.0,38100.0,39100.0,37296.1796875,4198400,0.0,0.0
2023-03-29 00:00:00+07:00,39250.0,39350.0,38700.0,38700.0,36914.640625,1830200,0.0,0.0
2023-03-30 00:00:00+07:00,38800.0,39200.0,38150.0,38600.0,36819.25,2665800,0.0,0.0
2023-03-31 00:00:00+07:00,38550.0,38950.0,38250.0,38550.0,36771.5546875,1815500,0.0,0.0
2023-04-03 00:00:00+07:00,39000.0,39200.0,38700.0,39000.0,37200.80078125,2112100,0.0,0.0
2023-04-04 00:00:00+07:00,39100.0,39950.0,39050.0,39800.0,37963.890625,3133300,0.0,0.0
2023-04-05 00:00:00+07:00,39800.0,39850.0,39500.0,39750.0,37916.1953125,1735900,0.0,0.0
2023-04-06 00:00:00+07:00,40000.0,40000.0,39050.0,39100.0,37296.1796875,1971300,0.0,0.0
2023-04-07 00:00:00+07:00,38850.0,39050.0,38500.0,39000.0,37200.80078125,2032200,0.0,0.0
2023-04-10 00:00:00+07:00,39200.0,41150.0,39200.0,41000.0,39108.52734375,5829400,0.0,0.0
2023-04-11 00:00:00+07:00,41000.0,41000.0,40200.0,40700.0,38822.3671875,2852300,0.0,0.0
2023-04-12 00:00:00+07:00,40500.0,41700.0,40500.0,40750.0,38870.0625,3970800,0.0,0.0
2023-04-13 00:00:00+07:00,41000.0,41300.0,40650.0,41050.0,39156.22265625,3135000,0.0,0.0
2023-04-14 00:00:00+07:00,41250.0,41400.0,40000.0,40000.0,38154.66015625,2679300,0.0,0.0
2023-04-17 00:00:00+07:00,39850.0,40000.0,39550.0,39850.0,38011.58203125,1406900,0.0,0.0
2023-04-18 00:00:00+07:00,40550.0,40750.0,39950.0,39950.0,38106.96875,2755700,0.0,0.0
2023-04-19 00:00:00+07:00,40050.0,41300.0,40000.0,40500.0,38631.59375,2949400,0.0,0.0
2023-04-20 00:00:00+07:00,40500.0,40500.0,39900.0,40400.0,38536.2109375,1416200,0.0,0.0
2023-04-21 00:00:00+07:00,40400.0,40400.0,39300.0,39300.0,37486.953125,2811100,0.0,0.0
2023-04-24 00:00:00+07:00,39200.0,39300.0,38250.0,38400.0,36628.4765625,3211100,0.0,0.0
2023-04-25 00:00:00+07:00,38600.0,38800.0,37500.0,37700.0,35960.76953125,2735300,0.0,0.0
2023-04-26 00:00:00+07:00,37700.0,38400.0,37650.0,38400.0,36628.4765625,1835600,0.0,0.0
2023-04-27 00:00:00+07:00,38500.0,38650.0,38150.0,38650.0,36866.94140625,1286400,0.0,0.0
2023-04-28 00:00:00+07:00,38650.0,39200.0,38600.0,39200.0,37391.56640625,2517300,0.0,0.0
2023-05-01 00:00:00+07:00,39200.0,39200.0,39200.0,39200.0,37391.56640625,0,0.0,0.0
2023-05-02 00:00:00+07:00,39200.0,39200.0,39200.0,39200.0,37391.56640625,0,0.0,0.0
2023-05-03 00:00:00+07:00,39200.0,39200.0,39200.0,39200.0,37391.56640625,0,0.0,0.0
2023-05-04 00:00:00+07:00,38100.0,38900.0,37900.0,37900.0,36151.54296875,2462500,0.0,0.0
2023-05-05 00:00:00+07:00,37900.0,38100.0,37650.0,37800.0,36056.15625,1173200,0.0,0.0
2023-05-08 00:00:00+07:00,37800.0,38250.0,37800.0,37850.0,36103.84765625,1273100,0.0,0.0
2023-05-09 00:00:00+07:00,37850.0,38350.0,37850.0,37950.0,36199.234375,931100,0.0,0.0
2023-05-10 00:00:00+07:00,38050.0,39000.0,37900.0,39000.0,37200.80078125,2354900,0.0,0.0
2023-05-11 00:00:00+07:00,39150.0,39350.0,38550.0,38700.0,36914.640625,1659900,0.0,0.0
2023-05-12 00:00:00+07:00,38750.0,39100.0,38200.0,39000.0,37200.80078125,2033800,0.0,0.0
2023-05-15 00:00:00+07:00,39150.0,39400.0,38850.0,38900.0,37105.41015625,2782400,0.0,0.0
2023-05-16 00:00:00+07:00,38900.0,38950.0,38200.0,38450.0,36676.16796875,2129700,0.0,0.0
2023-05-17 00:00:00+07:00,38450.0,38650.0,37950.0,38150.0,36390.01171875,1326900,0.0,0.0
2023-05-18 00:00:00+07:00,38550.0,38700.0,38100.0,38100.0,36342.31640625,1747600,0.0,0.0
2023-05-19 00:00:00+07:00,38100.0,38300.0,37800.0,38300.0,36533.08984375,1643100,0.0,0.0
2023-05-22 00:00:00+07:00,38350.0,38650.0,38050.0,38550.0,36771.5546875,1523200,0.0,0.0
2023-05-23 00:00:00+07:00,38650.0,38800.0,38200.0,38250.0,36485.39453125,1467700,0.0,0.0
2023-05-24 00:00:00+07:00,38250.0,38250.0,38250.0,38250.0,36485.39453125,0,0.0,0.0
2023-05-25 00:00:00+07:00,37950.0,38400.0,37800.0,38000.0,36246.9296875,1477500,0.0,0.0
2023-05-26 00:00:00+07:00,38050.0,38400.0,38000.0,38200.0,36437.703125,882500,0.0,0.0
2023-05-29 00:00:00+07:00,38450.0,38700.0,38150.0,38700.0,36914.640625,2263500,0.0,0.0
2023-05-30 00:00:00+07:00,38850.0,39800.0,38850.0,39400.0,37582.33984375,4818400,0.0,0.0
2023-05-31 00:00:00+07:00,39300.0,39450.0,38950.0,39200.0,37391.56640625,1975100,0.0,0.0
2023-06-01 00:00:00+07:00,39350.0,39500.0,38700.0,39300.0,37486.953125,2907500,0.0,0.0
2023-06-02 00:00:00+07:00,39450.0,40850.0,39200.0,40800.0,38917.75390625,5707900,0.0,0.0
2023-06-05 00:00:00+07:00,41000.0,41600.0,40800.0,41200.0,39299.3046875,6617800,0.0,0.0
2023-06-06 00:00:00+07:00,41200.0,42050.0,41050.0,41800.0,39871.625,4665200,0.0,0.0
2023-06-07 00:00:00+07:00,41800.0,41950.0,41050.0,41800.0,39871.625,4745100,0.0,0.0
2023-06-08 00:00:00+07:00,42000.0,42000.0,40600.0,40650.0,38774.6796875,4513900,0.0,0.0
2023-06-09 00:00:00+07:00,41000.0,41400.0,40500.0,41400.0,39490.07421875,4124000,0.0,0.0
2023-06-12 00:00:00+07:00,41650.0,43000.0,41500.0,43000.0,41016.26171875,7248100,0.0,0.0
2023-06-13 00:00:00+07:00,43400.0,43400.0,42600.0,43000.0,41016.26171875,3399100,0.0,0.0
2023-06-14 00:00:00+07:00,43000.0,43000.0,42050.0,42050.0,40110.08984375,3321400,0.0,0.0
2023-06-15 00:00:00+07:00,42050.0,42400.0,41450.0,41700.0,39776.234375,2810300,0.0,0.0
2023-06-16 00:00:00+07:00,41950.0,42300.0,41150.0,41350.0,39442.37890625,4410000,0.0,0.0
2023-06-19 00:00:00+07:00,41350.0,41700.0,41100.0,41500.0,39585.46484375,2063100,0.0,0.0
2023-06-20 00:00:00+07:00,41600.0,42500.0,41600.0,42500.0,40539.328125,2476500,0.0,0.0
2023-06-21 00:00:00+07:00,42500.0,42700.0,42200.0,42700.0,40730.1015625,2565900,0.0,0.0
2023-06-22 00:00:00+07:00,42700.0,42700.0,42700.0,42700.0,40730.1015625,0,0.0,0.0
2023-06-23 00:00:00+07:00,43050.0,43200.0,42700.0,42900.0,40920.87890625,2158100,0.0,0.0
2023-06-26 00:00:00+07:00,43550.0,44500.0,42600.0,44350.0,42303.98046875,5457500,0.0,0.0
2023-06-27 00:00:00+07:00,44350.0,44900.0,43750.0,44200.0,42160.90234375,2478000,0.0,0.0
2023-06-28 00:00:00+07:00,44200.0,44450.0,43200.0,43900.0,41874.73828125,3989700,0.0,0.0
2023-06-29 00:00:00+07:00,43500.0,43900.0,42700.0,42700.0,40730.1015625,3289500,0.0,0.0
2023-06-30 00:00:00+07:00,42700.0,43900.0,42500.0,43300.0,41302.41796875,3505400,0.0,0.0
2023-07-03 00:00:00+07:00,43450.0,43650.0,42800.0,43000.0,41016.26171875,1799500,0.0,0.0
2023-07-04 00:00:00+07:00,42900.0,43650.0,42650.0,43250.0,41254.7265625,4437300,0.0,0.0
2023-07-05 00:00:00+07:00,43450.0,44450.0,43350.0,43350.0,41350.11328125,7263000,0.0,0.0
2023-07-06 00:00:00+07:00,43400.0,43750.0,42850.0,43200.0,41207.0390625,4541700,0.0,0.0
2023-07-07 00:00:00+07:00,43050.0,45500.0,43050.0,45500.0,43400.92578125,7401500,0.0,0.0
2023-07-10 00:00:00+07:00,46050.0,47750.0,45800.0,47750.0,45547.125,10232900,0.0,0.0
2023-07-11 00:00:00+07:00,47600.0,48800.0,47350.0,48800.0,46548.68359375,8177100,0.0,0.0
2023-07-12 00:00:00+07:00,48350.0,49300.0,48200.0,49150.0,46882.54296875,4791400,0.0,0.0
2023-07-13 00:00:00+07:00,49200.0,49900.0,49150.0,49350.0,47073.31640625,4813500,0.0,0.0
2023-07-14 00:00:00+07:00,49350.0,49450.0,48500.0,49450.0,47168.69921875,5904700,0.0,0.0
2023-07-17 00:00:00+07:00,49500.0,49850.0,48650.0,48650.0,46405.609375,2785300,0.0,0.0
2023-07-18 00:00:00+07:00,48400.0,48600.0,47750.0,48050.0,45833.2890625,4613000,0.0,0.0
2023-07-19 00:00:00+07:00,48400.0,48950.0,47950.0,48500.0,46262.52734375,3483900,0.0,0.0
2023-07-20 00:00:00+07:00,48400.0,49500.0,48400.0,49100.0,46834.84375,5454300,0.0,0.0
2023-07-21 00:00:00+07:00,49100.0,52500.0,48950.0,52500.0,50077.9921875,11731700,0.0,0.0
2023-07-24 00:00:00+07:00,53000.0,54500.0,52000.0,54500.0,51985.73046875,4072400,0.0,0.0
2023-07-25 00:00:00+07:00,54500.0,54500.0,52900.0,53600.0,51127.25,4429400,0.0,0.0
2023-07-26 00:00:00+07:00,53600.0,54200.0,52000.0,52600.0,50173.37890625,5446900,0.0,0.0
2023-07-27 00:00:00+07:00,52400.0,54500.0,52200.0,54100.0,52099.42578125,5823100,500.0,0.0
2023-07-28 00:00:00+07:00,53900.0,54900.0,53200.0,54500.0,52484.6328125,3871700,0.0,0.0
2023-07-31 00:00:00+07:00,54000.0,54200.0,52600.0,53700.0,51714.21484375,7864600,0.0,0.0
2023-08-01 00:00:00+07:00,54100.0,54100.0,51700.0,51700.0,49788.171875,7531800,0.0,0.0
2023-08-02 00:00:00+07:00,51700.0,52500.0,51600.0,51700.0,49788.171875,5318300,0.0,0.0
2023-08-03 00:00:00+07:00,51800.0,53700.0,51400.0,52700.0,50751.19140625,7997000,0.0,0.0
2023-08-04 00:00:00+07:00,53000.0,53200.0,52300.0,53000.0,51040.1015625,7529400,0.0,0.0
2023-08-07 00:00:00+07:00,53700.0,54900.0,53300.0,53800.0,51810.515625,6494400,0.0,0.0
2023-08-08 00:00:00+07:00,54000.0,54300.0,53400.0,53600.0,51617.9140625,5735000,0.0,0.0
2023-08-09 00:00:00+07:00,53400.0,53400.0,52000.0,52600.0,50654.890625,8966000,0.0,0.0
2023-08-10 00:00:00+07:00,53000.0,53000.0,51700.0,52000.0,50077.078125,4979900,0.0,0.0
2023-08-11 00:00:00+07:00,52200.0,53300.0,51000.0,53300.0,51329.0078125,6318800,0.0,0.0
2023-08-14 00:00:00+07:00,53900.0,54300.0,52600.0,54200.0,52195.7265625,9615900,0.0,0.0
2023-08-15 00:00:00+07:00,54600.0,55900.0,54000.0,54000.0,52003.12109375,8379700,0.0,0.0
2023-08-16 00:00:00+07:00,54000.0,54300.0,53000.0,53800.0,51810.515625,5141100,0.0,0.0
2023-08-17 00:00:00+07:00,54100.0,55200.0,53400.0,53900.0,51906.8203125,7226900,0.0,0.0
2023-08-18 00:00:00+07:00,53900.0,53900.0,50200.0,50200.0,48343.640625,14262600,0.0,0.0
2023-08-21 00:00:00+07:00,50000.0,50500.0,48750.0,49000.0,47188.015625,7064800,0.0,0.0
2023-08-22 00:00:00+07:00,49100.0,50200.0,47350.0,50000.0,48151.0390625,10145800,0.0,0.0
2023-08-23 00:00:00+07:00,50700.0,50700.0,49200.0,49700.0,47862.1328125,4957900,0.0,0.0
2023-08-24 00:00:00+07:00,49700.0,50800.0,49700.0,50300.0,48439.9453125,5727600,0.0,0.0
2023-08-25 00:00:00+07:00,50300.0,51400.0,50000.0,50500.0,48632.546875,7139000,0.0,0.0
2023-08-28 00:00:00+07:00,50900.0,51900.0,50400.0,51700.0,49788.171875,8495500,0.0,0.0
2023-08-29 00:00:00+07:00,51800.0,53200.0,51500.0,52900.0,50943.796875,8303900,0.0,0.0
2023-08-30 00:00:00+07:00,53000.0,54500.0,52900.0,53800.0,51810.515625,7312500,0.0,0.0
2023-08-31 00:00:00+07:00,54000.0,54400.0,53500.0,53800.0,51810.515625,5206100,0.0,0.0
2023-09-01 00:00:00+07:00,53800.0,53800.0,53800.0,53800.0,51810.515625,0,0.0,0.0
2023-09-04 00:00:00+07:00,53800.0,53800.0,53800.0,53800.0,51810.515625,0,0.0,0.0
2023-09-05 00:00:00+07:00,53800.0,55500.0,53400.0,54300.0,52292.02734375,8353500,0.0,0.0
2023-09-06 00:00:00+07:00,54300.0,55600.0,53800.0,55000.0,52966.14453125,5121300,0.0,0.0
2023-09-07 00:00:00+07:00,55200.0,55800.0,54300.0,55000.0,52966.14453125,5993300,0.0,0.0
2023-09-08 00:00:00+07:00,54500.0,56500.0,54500.0,55500.0,53447.65625,7805800,0.0,0.0
2023-09-11 00:00:00+07:00,55800.0,56200.0,53800.0,54500.0,52484.6328125,8457600,0.0,0.0
2023-09-12 00:00:00+07:00,54500.0,55800.0,54000.0,55800.0,53736.55859375,4794300,0.0,0.0
2023-09-13 00:00:00+07:00,56100.0,59300.0,55500.0,57500.0,55373.69140625,16051000,0.0,0.0
2023-09-14 00:00:00+07:00,57700.0,58500.0,57100.0,57300.0,55181.0859375,8439000,0.0,0.0
2023-09-15 00:00:00+07:00,57500.0,57500.0,55400.0,55900.0,53832.859375,7838900,0.0,0.0
2023-09-18 00:00:00+07:00,55600.0,55600.0,54100.0,55000.0,52966.14453125,6610200,0.0,0.0
2023-09-19 00:00:00+07:00,55100.0,55500.0,53000.0,55500.0,53447.65625,8835900,0.0,0.0
2023-09-20 00:00:00+07:00,55100.0,56200.0,54600.0,55800.0,53736.55859375,6834800,0.0,0.0
2023-09-21 00:00:00+07:00,55800.0,55800.0,54200.0,54200.0,52195.7265625,9500900,0.0,0.0
2023-09-22 00:00:00+07:00,53100.0,53400.0,51300.0,52100.0,50173.37890625,11804800,0.0,0.0
2023-09-25 00:00:00+07:00,51600.0,53000.0,49900.0,51000.0,49114.05859375,7693400,0.0,0.0
2023-09-26 00:00:00+07:00,51100.0,51700.0,50500.0,51500.0,49595.56640625,8271400,0.0,0.0
2023-09-27 00:00:00+07:00,51100.0,52000.0,50200.0,52000.0,50077.078125,4904400,0.0,0.0
2023-09-28 00:00:00+07:00,52900.0,54700.0,52500.0,53000.0,51040.1015625,8909300,0.0,0.0
2023-09-29 00:00:00+07:00,53800.0,53800.0,52600.0,52600.0,50654.890625,4945900,0.0,0.0
2023-10-02 00:00:00+07:00,52600.0,53000.0,51800.0,51900.0,49980.77734375,4207600,0.0,0.0
2023-10-03 00:00:00+07:00,51500.0,51500.0,48300.0,49000.0,47188.015625,8976200,0.0,0.0
2023-10-04 00:00:00+07:00,48000.0,50000.0,48000.0,49200.0,47380.62109375,4826800,0.0,0.0
2023-10-05 00:00:00+07:00,49900.0,49900.0,47000.0,47000.0,45261.9765625,6348200,0.0,0.0
2023-10-06 00:00:00+07:00,46900.0,48500.0,46300.0,48300.0,46513.8984375,5188100,0.0,0.0
2023-10-09 00:00:00+07:00,48350.0,48900.0,47650.0,47950.0,46176.84375,6457800,0.0,0.0
2023-10-10 00:00:00+07:00,48400.0,49450.0,48400.0,48850.0,47043.5625,4821300,0.0,0.0
2023-10-11 00:00:00+07:00,49000.0,49300.0,48600.0,49300.0,47476.921875,3478300,0.0,0.0
2023-10-12 00:00:00+07:00,49300.0,49500.0,48200.0,48400.0,46610.203125,13700700,0.0,0.0
2023-10-13 00:00:00+07:00,48500.0,49500.0,48450.0,49500.0,47669.52734375,9845400,0.0,0.0
2023-10-16 00:00:00+07:00,49500.0,50700.0,48600.0,48600.0,46802.80859375,8502700,0.0,0.0
2023-10-17 00:00:00+07:00,48900.0,48900.0,46300.0,46300.0,44587.859375,7887900,0.0,0.0
2023-10-18 00:00:00+07:00,46800.0,47000.0,43650.0,44700.0,43047.0234375,11414600,0.0,0.0
2023-10-19 00:00:00+07:00,44200.0,44700.0,43000.0,43000.0,41409.89453125,8072300,0.0,0.0
2023-10-20 00:00:00+07:00,43000.0,45000.0,43000.0,44700.0,43047.0234375,7022500,0.0,0.0
2023-10-23 00:00:00+07:00,44700.0,44850.0,42600.0,43000.0,41409.89453125,8575600,0.0,0.0
2023-10-24 00:00:00+07:00,43100.0,43600.0,41750.0,43000.0,41409.89453125,8218500,0.0,0.0
2023-10-25 00:00:00+07:00,43000.0,44200.0,43000.0,43500.0,41891.40234375,4769400,0.0,0.0
2023-10-26 00:00:00+07:00,42200.0,42400.0,40500.0,42000.0,40446.875,15050000,0.0,0.0
2023-10-27 00:00:00+07:00,42300.0,42500.0,41400.0,42000.0,40446.875,4691100,0.0,0.0
2023-10-30 00:00:00+07:00,41100.0,41750.0,40500.0,40500.0,39002.33984375,4251000,0.0,0.0
2023-10-31 00:00:00+07:00,40400.0,40700.0,37700.0,37700.0,36305.8828125,13210100,0.0,0.0
2023-11-01 00:00:00+07:00,37000.0,37700.0,35100.0,35100.0,33802.0234375,21092800,0.0,0.0
2023-11-02 00:00:00+07:00,35900.0,37400.0,33600.0,37000.0,35631.765625,21181700,0.0,0.0
2023-11-03 00:00:00+07:00,37500.0,39200.0,37000.0,38950.0,37509.65625,12409700,0.0,0.0
2023-11-06 00:00:00+07:00,39000.0,39000.0,37600.0,38050.0,36642.9375,12639800,0.0,0.0
2023-11-07 00:00:00+07:00,37900.0,39450.0,37500.0,38200.0,36787.39453125,10423200,0.0,0.0
2023-11-08 00:00:00+07:00,37900.0,39600.0,36700.0,39600.0,38135.62109375,19608000,0.0,0.0
2023-11-09 00:00:00+07:00,40500.0,41350.0,39900.0,40300.0,38809.734375,12143300,0.0,0.0
2023-11-10 00:00:00+07:00,39750.0,40300.0,39000.0,39400.0,37943.015625,11053600,0.0,0.0
2023-11-13 00:00:00+07:00,39550.0,40300.0,39050.0,40000.0,38520.828125,9192300,0.0,0.0
2023-11-14 00:00:00+07:00,41000.0,42100.0,40800.0,41500.0,39965.36328125,15235500,0.0,0.0
2023-11-15 00:00:00+07:00,42400.0,42500.0,41350.0,41900.0,40350.5703125,10338300,0.0,0.0
2023-11-16 00:00:00+07:00,41500.0,41600.0,40700.0,41500.0,39965.36328125,10534200,0.0,0.0
2023-11-17 00:00:00+07:00,41500.0,42500.0,40650.0,41400.0,39869.05859375,10996900,0.0,0.0
2023-11-20 00:00:00+07:00,40150.0,41650.0,40150.0,40550.0,39050.4921875,7558500,0.0,0.0
2023-11-21 00:00:00+07:00,41500.0,41500.0,40600.0,40900.0,39387.55078125,5778700,0.0,0.0
2023-11-22 00:00:00+07:00,40800.0,40850.0,39300.0,39800.0,38328.2265625,14503500,0.0,0.0
2023-11-23 00:00:00+07:00,40000.0,40300.0,37300.0,37300.0,35920.671875,8073600,0.0,0.0
2023-11-24 00:00:00+07:00,37900.0,38550.0,37150.0,38550.0,37124.44921875,11181000,0.0,0.0
2023-11-27 00:00:00+07:00,38500.0,38550.0,38000.0,38000.0,36594.7890625,5269900,0.0,0.0
2023-11-28 00:00:00+07:00,38050.0,38150.0,37350.0,38000.0,36594.7890625,6131600,0.0,0.0
2023-11-29 00:00:00+07:00,38150.0,39450.0,38150.0,38800.0,37365.20703125,8518200,0.0,0.0
2023-11-30 00:00:00+07:00,38850.0,39100.0,38500.0,38500.0,37076.30078125,4030900,0.0,0.0
2023-12-01 00:00:00+07:00,38750.0,39000.0,38050.0,38750.0,37317.0546875,4161100,0.0,0.0
2023-12-04 00:00:00+07:00,38900.0,40450.0,38800.0,39950.0,38472.6796875,10597400,0.0,0.0
2023-12-05 00:00:00+07:00,39950.0,40100.0,39700.0,40000.0,38520.828125,6197600,0.0,0.0
2023-12-06 00:00:00+07:00,40000.0,41050.0,39950.0,40950.0,39435.703125,9053800,0.0,0.0
2023-12-07 00:00:00+07:00,41050.0,41100.0,39500.0,40850.0,39339.3984375,10595000,0.0,0.0
2023-12-08 00:00:00+07:00,40800.0,43000.0,40400.0,42600.0,41024.6875,16804000,0.0,0.0
2023-12-11 00:00:00+07:00,42600.0,42650.0,41900.0,42500.0,40928.3828125,6207500,0.0,0.0
2023-12-12 00:00:00+07:00,42500.0,42600.0,42100.0,42500.0,40928.3828125,5956500,0.0,0.0
2023-12-13 00:00:00+07:00,42800.0,43600.0,41550.0,41700.0,40157.96484375,10863600,0.0,0.0
2023-12-14 00:00:00+07:00,42100.0,42300.0,41400.0,41600.0,40061.6640625,6544400,0.0,0.0
2023-12-15 00:00:00+07:00,41600.0,41600.0,40500.0,40750.0,39243.09765625,9350200,0.0,0.0
2023-12-18 00:00:00+07:00,40950.0,40950.0,39500.0,39600.0,38135.62109375,8699600,0.0,0.0
2023-12-19 00:00:00+07:00,39500.0,40900.0,39200.0,40650.0,39146.796875,5738900,0.0,0.0
2023-12-20 00:00:00+07:00,40650.0,42400.0,40500.0,42400.0,40832.08203125,12451800,0.0,0.0
2023-12-21 00:00:00+07:00,42200.0,42700.0,41850.0,42650.0,41072.8359375,7205700,0.0,0.0
2023-12-22 00:00:00+07:00,42450.0,42650.0,42000.0,42350.0,40783.9296875,6074600,0.0,0.0
2023-12-25 00:00:00+07:00,42350.0,43700.0,42350.0,42650.0,41072.8359375,8477900,0.0,0.0
2023-12-26 00:00:00+07:00,42550.0,43150.0,42350.0,42700.0,41120.98828125,6768400,0.0,0.0
2023-12-27 00:00:00+07:00,42700.0,43050.0,42550.0,42850.0,41265.44140625,5243000,0.0,0.0
2023-12-28 00:00:00+07:00,42850.0,43250.0,42800.0,43050.0,41458.04296875,6371500,0.0,0.0
2023-12-29 00:00:00+07:00,43200.0,43300.0,42650.0,42800.0,41217.2890625,4181100,0.0,0.0
2024-01-01 00:00:00+07:00,42800.0,42800.0,42800.0,42800.0,41217.2890625,0,0.0,0.0
2024-01-02 00:00:00+07:00,43100.0,43300.0,42150.0,42450.0,40880.23046875,7140400,0.0,0.0
2024-01-03 00:00:00+07:00,42400.0,43450.0,42000.0,43200.0,41602.5,6083900,0.0,0.0
2024-01-04 00:00:00+07:00,43200.0,43800.0,43000.0,43200.0,41602.5,8516100,0.0,0.0
2024-01-05 00:00:00+07:00,43200.0,44100.0,43000.0,43850.0,42228.4609375,9042100,0.0,0.0
2024-01-08 00:00:00+07:00,44300.0,44300.0,43200.0,43200.0,41602.5,6213200,0.0,0.0
2024-01-09 00:00:00+07:00,43150.0,43200.0,42400.0,42700.0,41120.98828125,9017100,0.0,0.0
2024-01-10 00:00:00+07:00,42700.0,42900.0,41900.0,42250.0,40687.625,6770700,0.0,0.0
2024-01-11 00:00:00+07:00,42250.0,43150.0,42200.0,42450.0,40880.23046875,4992900,0.0,0.0
2024-01-12 00:00:00+07:00,41850.0,42600.0,41800.0,41900.0,40350.5703125,7139700,0.0,0.0
2024-01-15 00:00:00+07:00,42550.0,43300.0,42250.0,42900.0,41313.59375,8986100,0.0,0.0
2024-01-16 00:00:00+07:00,42900.0,44400.0,42800.0,44300.0,42661.8203125,17419100,0.0,0.0
2024-01-17 00:00:00+07:00,44300.0,45600.0,44300.0,44900.0,43239.62890625,12486000,0.0,0.0
2024-01-18 00:00:00+07:00,44900.0,45850.0,44600.0,45850.0,44154.5,8902000,0.0,0.0
2024-01-19 00:00:00+07:00,46000.0,46700.0,45300.0,46050.0,44347.1015625,10717800,0.0,0.0
2024-01-22 00:00:00+07:00,46100.0,46300.0,45150.0,46150.0,44443.40625,7235900,0.0,0.0
2024-01-23 00:00:00+07:00,46150.0,46150.0,45250.0,45400.0,43721.140625,6100600,0.0,0.0
2024-01-24 00:00:00+07:00,45200.0,45450.0,44350.0,44400.0,42758.12109375,9683400,0.0,0.0
2024-01-25 00:00:00+07:00,44400.0,44400.0,44400.0,44400.0,42758.12109375,0,0.0,0.0
2024-01-26 00:00:00+07:00,45000.0,45500.0,44750.0,44900.0,43239.62890625,3781900,0.0,0.0
2024-01-29 00:00:00+07:00,44950.0,45150.0,44500.0,44600.0,42950.72265625,4128300,0.0,0.0
2024-01-30 00:00:00+07:00,44600.0,45450.0,44500.0,45400.0,43721.140625,7138200,0.0,0.0
2024-01-31 00:00:00+07:00,45700.0,45900.0,44650.0,45000.0,43335.9296875,8743600,0.0,0.0
2024-02-01 00:00:00+07:00,45000.0,46700.0,45000.0,46200.0,44491.55859375,11303100,0.0,0.0
2024-02-02 00:00:00+07:00,46200.0,46200.0,46200.0,46200.0,44491.55859375,0,0.0,0.0
2024-02-05 00:00:00+07:00,47500.0,47600.0,46800.0,47400.0,45647.1796875,7536900,0.0,0.0
2024-02-06 00:00:00+07:00,47500.0,47500.0,46800.0,47000.0,45261.9765625,5404000,0.0,0.0
2024-02-07 00:00:00+07:00,46950.0,47050.0,46450.0,46600.0,44876.765625,5707100,0.0,0.0
2024-02-08 00:00:00+07:00,46600.0,46600.0,46600.0,46600.0,44876.765625,0,0.0,0.0
2024-02-09 00:00:00+07:00,46600.0,46600.0,46600.0,46600.0,44876.765625,0,0.0,0.0
2024-02-15 00:00:00+07:00,46950.0,47000.0,45850.0,45850.0,44154.5,9340100,0.0,0.0
2024-02-16 00:00:00+07:00,46400.0,46600.0,45800.0,46300.0,44587.859375,5001500,0.0,0.0
2024-02-19 00:00:00+07:00,46500.0,47200.0,46150.0,46800.0,45069.37109375,7504700,0.0,0.0
2024-02-20 00:00:00+07:00,46950.0,46950.0,46000.0,46800.0,45069.37109375,7870400,0.0,0.0
2024-02-21 00:00:00+07:00,46700.0,46700.0,46000.0,46100.0,44395.25390625,6479800,0.0,0.0
2024-02-22 00:00:00+07:00,46300.0,46300.0,45200.0,45300.0,43624.83984375,11202700,0.0,0.0
2024-02-23 00:00:00+07:00,45300.0,45550.0,43950.0,44000.0,42372.9140625,17637600,0.0,0.0
2024-02-26 00:00:00+07:00,44000.0,44500.0,43050.0,44350.0,42709.97265625,13530900,0.0,0.0
2024-02-27 00:00:00+07:00,44700.0,45200.0,44400.0,44750.0,43095.1796875,9636200,0.0,0.0
2024-02-28 00:00:00+07:00,45000.0,45850.0,44750.0,45300.0,43624.83984375,13790900,0.0,0.0
2024-02-29 00:00:00+07:00,46400.0,47000.0,46000.0,46200.0,44491.55859375,13891900,0.0,0.0
2024-03-01 00:00:00+07:00,46550.0,47300.0,46100.0,46600.0,44876.765625,15362500,0.0,0.0
2024-03-04 00:00:00+07:00,46600.0,47950.0,46600.0,47400.0,45647.1796875,16593900,0.0,0.0
2024-03-05 00:00:00+07:00,47600.0,50000.0,47500.0,50000.0,48151.0390625,22380300,0.0,0.0
2024-03-06 00:00:00+07:00,50000.0,50300.0,48300.0,48700.0,46899.109375,15082600,0.0,0.0
2024-03-07 00:00:00+07:00,48700.0,49250.0,48100.0,49000.0,47188.015625,9439900,0.0,0.0
2024-03-08 00:00:00+07:00,49250.0,49250.0,47000.0,47750.0,45984.23828125,20599700,0.0,0.0
2024-03-11 00:00:00+07:00,47500.0,48300.0,46250.0,46400.0,44684.1640625,13804500,0.0,0.0
2024-03-12 00:00:00+07:00,46150.0,47900.0,46050.0,46750.0,45021.21875,16650100,0.0,0.0
2024-03-13 00:00:00+07:00,46800.0,48700.0,46800.0,48550.0,46754.65625,8934000,0.0,0.0
2024-03-14 00:00:00+07:00,48800.0,49000.0,47100.0,47250.0,45502.73046875,13304100,0.0,0.0
2024-03-15 00:00:00+07:00,47250.0,47700.0,46550.0,47350.0,45599.03125,8865700,0.0,0.0
2024-03-18 00:00:00+07:00,47200.0,47950.0,45650.0,45900.0,44202.65234375,12153200,0.0,0.0
2024-03-19 00:00:00+07:00,46000.0,46400.0,45350.0,45500.0,43817.44140625,8063800,0.0,0.0
2024-03-20 00:00:00+07:00,45600.0,48650.0,45600.0,48000.0,46224.9921875,20639900,0.0,0.0
2024-03-21 00:00:00+07:00,48500.0,48950.0,48000.0,48500.0,46706.50390625,9096600,0.0,0.0
2024-03-22 00:00:00+07:00,48700.0,49400.0,48000.0,49100.0,47284.31640625,12080800,0.0,0.0
2024-03-25 00:00:00+07:00,49000.0,50300.0,48300.0,48300.0,46513.8984375,10366400,0.0,0.0
2024-03-26 00:00:00+07:00,48300.0,48900.0,47800.0,48650.0,46850.9609375,7523200,0.0,0.0
2024-03-27 00:00:00+07:00,48800.0,51400.0,48550.0,50700.0,48825.15234375,12737300,0.0,0.0
2024-03-28 00:00:00+07:00,50800.0,52200.0,50400.0,51000.0,49114.05859375,11651700,0.0,0.0
2024-03-29 00:00:00+07:00,51000.0,52000.0,50800.0,51100.0,49210.36328125,11812000,0.0,0.0
2024-04-01 00:00:00+07:00,50800.0,52600.0,50700.0,51400.0,49499.26953125,13699100,0.0,0.0
2024-04-02 00:00:00+07:00,51000.0,51600.0,49950.0,51600.0,49691.8671875,12311500,0.0,0.0
2024-04-03 00:00:00+07:00,51000.0,51200.0,49900.0,50200.0,48343.640625,14384300,0.0,0.0
2024-04-04 00:00:00+07:00,50000.0,50700.0,49000.0,50700.0,48825.15234375,13048500,0.0,0.0
2024-04-05 00:00:00+07:00,50000.0,51500.0,49450.0,51000.0,49114.05859375,8145300,0.0,0.0
2024-04-08 00:00:00+07:00,51000.0,51000.0,49800.0,50000.0,48151.0390625,6085000,0.0,0.0
2024-04-09 00:00:00+07:00,50000.0,53100.0,49800.0,52800.0,50847.49609375,19487100,0.0,0.0
2024-04-10 00:00:00+07:00,52900.0,53200.0,51700.0,52000.0,50077.078125,10159900,0.0,0.0
2024-04-11 00:00:00+07:00,51200.0,52800.0,51200.0,52300.0,50365.984375,6968900,0.0,0.0
2024-04-12 00:00:00+07:00,52300.0,52600.0,51600.0,52000.0,50077.078125,6665600,0.0,0.0
2024-04-15 00:00:00+07:00,51700.0,52000.0,49500.0,49900.0,48054.734375,16505200,0.0,0.0
2024-04-16 00:00:00+07:00,49500.0,50000.0,48700.0,49900.0,48054.734375,11616300,0.0,0.0
2024-04-17 00:00:00+07:00,50400.0,50400.0,48950.0,49400.0,47573.22265625,6951200,0.0,0.0
2024-04-19 00:00:00+07:00,49250.0,49300.0,48050.0,48200.0,46417.59765625,9473100,0.0,0.0
2024-04-22 00:00:00+07:00,49200.0,49400.0,48150.0,48600.0,46802.80859375,12292300,0.0,0.0
2024-04-23 00:00:00+07:00,49100.0,50300.0,48650.0,49800.0,47958.43359375,18043000,0.0,0.0
2024-04-24 00:00:00+07:00,50200.0,52300.0,49850.0,52300.0,50365.984375,11530800,0.0,0.0
2024-04-25 00:00:00+07:00,52100.0,53800.0,51400.0,53800.0,51810.515625,19317400,0.0,0.0
2024-04-26 00:00:00+07:00,53500.0,55000.0,53000.0,54900.0,52869.83984375,11864700,0.0,0.0
2024-04-29 00:00:00+07:00,54900.0,54900.0,54900.0,54900.0,52869.83984375,0,0.0,0.0
2024-04-30 00:00:00+07:00,54900.0,54900.0,54900.0,54900.0,52869.83984375,0,0.0,0.0
2024-05-02 00:00:00+07:00,56000.0,56800.0,54700.0,55600.0,53543.953125,21954900,0.0,0.0
2024-05-03 00:00:00+07:00,55700.0,57200.0,55000.0,55700.0,53640.25390625,29616700,0.0,0.0
2024-05-06 00:00:00+07:00,56100.0,58800.0,55800.0,58300.0,56144.109375,11257200,0.0,0.0
2024-05-07 00:00:00+07:00,58800.0,59500.0,57500.0,59300.0,57107.12890625,9460000,0.0,0.0
2024-05-08 00:00:00+07:00,58600.0,59300.0,58200.0,59100.0,56914.52734375,8126500,0.0,0.0
2024-05-09 00:00:00+07:00,59000.0,59200.0,58400.0,58900.0,56721.921875,10475400,0.0,0.0
2024-05-10 00:00:00+07:00,58800.0,59000.0,57400.0,58900.0,56721.921875,9750700,0.0,0.0
2024-05-13 00:00:00+07:00,58900.0,58900.0,58000.0,58300.0,56144.109375,7241900,0.0,0.0
2024-05-14 00:00:00+07:00,58500.0,61000.0,58000.0,60100.0,57877.54296875,16222000,0.0,0.0
2024-05-15 00:00:00+07:00,60600.0,62100.0,60000.0,60800.0,58551.66015625,13069600,0.0,0.0
2024-05-16 00:00:00+07:00,60900.0,61100.0,59700.0,59900.0,57684.94140625,12942100,0.0,0.0
2024-05-17 00:00:00+07:00,59800.0,60300.0,59000.0,59600.0,57396.03515625,8962800,0.0,0.0
2024-05-20 00:00:00+07:00,60000.0,61600.0,59500.0,60000.0,57781.2421875,9202200,0.0,0.0
2024-05-21 00:00:00+07:00,60600.0,61300.0,60000.0,60500.0,58262.75390625,4730800,0.0,0.0
2024-05-22 00:00:00+07:00,60600.0,61600.0,59600.0,61000.0,58744.265625,8945300,0.0,0.0
2024-05-23 00:00:00+07:00,60700.0,62000.0,60000.0,62000.0,59707.28515625,8859900,0.0,0.0
2024-05-24 00:00:00+07:00,61200.0,61700.0,58900.0,60500.0,58262.75390625,13646200,0.0,0.0
2024-05-27 00:00:00+07:00,60100.0,60500.0,59200.0,60000.0,57781.2421875,6367800,0.0,0.0
2024-05-28 00:00:00+07:00,60400.0,62800.0,60100.0,61500.0,59225.7734375,9931000,0.0,0.0
2024-05-29 00:00:00+07:00,61600.0,62000.0,60500.0,60500.0,58262.75390625,6883200,0.0,0.0
2024-05-30 00:00:00+07:00,59900.0,62800.0,59200.0,62800.0,60477.703125,14761100,0.0,0.0
2024-05-31 00:00:00+07:00,62800.0,64400.0,62400.0,63600.0,61248.12109375,10260200,0.0,0.0
2024-06-03 00:00:00+07:00,63600.0,63600.0,63600.0,63600.0,61248.12109375,0,0.0,0.0
2024-06-04 00:00:00+07:00,64000.0,64200.0,63100.0,63800.0,61440.72265625,6569500,0.0,0.0
2024-06-05 00:00:00+07:00,63000.0,63300.0,61600.0,62000.0,59707.28515625,13778200,0.0,0.0
2024-06-06 00:00:00+07:00,62000.0,62500.0,61600.0,61900.0,59610.984375,7071800,0.0,0.0
2024-06-07 00:00:00+07:00,62300.0,62800.0,61800.0,62100.0,59803.58984375,4298200,0.0,0.0
2024-06-10 00:00:00+07:00,62200.0,63300.0,62000.0,63000.0,60670.30859375,4849000,0.0,0.0
2024-06-11 00:00:00+07:00,63300.0,63400.0,61800.0,62300.0,59996.19140625,6438600,0.0,0.0
2024-06-12 00:00:00+07:00,62600.0,63900.0,62000.0,63400.0,61055.515625,5024800,0.0,0.0
2024-06-13 00:00:00+07:00,63700.0,64400.0,63100.0,64000.0,61633.32421875,7862300,0.0,0.0
2024-06-14 00:00:00+07:00,64000.0,64200.0,63000.0,63000.0,60670.30859375,8119800,0.0,0.0
2024-06-17 00:00:00+07:00,62800.0,62800.0,61000.0,62000.0,59707.28515625,9503600,0.0,0.0
2024-06-18 00:00:00+07:00,62100.0,62500.0,61100.0,62200.0,59899.890625,7174700,0.0,0.0
2024-06-19 00:00:00+07:00,61900.0,63700.0,61600.0,63300.0,60959.21484375,7686100,0.0,0.0
2024-06-20 00:00:00+07:00,63200.0,63500.0,62500.0,63500.0,61151.8203125,5638200,0.0,0.0
2024-06-21 00:00:00+07:00,63000.0,64700.0,62400.0,63500.0,61151.8203125,7135200,0.0,0.0
2024-06-24 00:00:00+07:00,63500.0,63500.0,61500.0,62000.0,59707.28515625,11379200,0.0,0.0
2024-06-25 00:00:00+07:00,62000.0,62700.0,61600.0,62000.0,59707.28515625,6381000,0.0,0.0
2024-06-26 00:00:00+07:00,62500.0,63200.0,61300.0,62600.0,60285.09765625,8185600,0.0,0.0
2024-06-27 00:00:00+07:00,62000.0,63600.0,62000.0,63400.0,61055.515625,8297600,0.0,0.0
2024-06-28 00:00:00+07:00,63100.0,63100.0,61600.0,62400.0,60570.17578125,6187200,500.0,0.0
2024-07-01 00:00:00+07:00,62600.0,65800.0,62000.0,65800.0,63870.47265625,21785800,0.0,0.0
2024-07-02 00:00:00+07:00,65800.0,66000.0,64700.0,66000.0,64064.609375,9245500,0.0,0.0
2024-07-03 00:00:00+07:00,65900.0,66400.0,65100.0,65500.0,63579.26953125,7436000,0.0,0.0
2024-07-04 00:00:00+07:00,65700.0,66300.0,64900.0,65100.0,63191.0,5861500,0.0,0.0
2024-07-05 00:00:00+07:00,65200.0,65800.0,65000.0,65600.0,63676.3359375,7939400,0.0,0.0
2024-07-08 00:00:00+07:00,65600.0,67400.0,65600.0,67000.0,65035.2890625,10448700,0.0,0.0
2024-07-09 00:00:00+07:00,67200.0,67200.0,66300.0,66800.0,64841.1484375,7977800,0.0,0.0
2024-07-10 00:00:00+07:00,66700.0,66800.0,65200.0,65200.0,63288.0703125,10907100,0.0,0.0
2024-07-11 00:00:00+07:00,65400.0,65700.0,64600.0,64800.0,62899.796875,8302000,0.0,0.0
2024-07-12 00:00:00+07:00,64800.0,65400.0,64100.0,64800.0,62899.796875,8736600,0.0,0.0
2024-07-15 00:00:00+07:00,64900.0,65000.0,64100.0,64300.0,62414.4609375,3694800,0.0,0.0
2024-07-16 00:00:00+07:00,64600.0,65300.0,64100.0,64100.0,62220.32421875,7680700,0.0,0.0
2024-07-17 00:00:00+07:00,64700.0,64700.0,62200.0,63500.0,61637.921875,16982000,0.0,0.0
2024-07-18 00:00:00+07:00,63500.0,65000.0,63400.0,65000.0,63093.93359375,7938100,0.0,0.0
2024-07-19 00:00:00+07:00,65000.0,66300.0,64700.0,65600.0,63676.3359375,12007200,0.0,0.0
2024-07-22 00:00:00+07:00,65200.0,65400.0,63800.0,65300.0,63385.13671875,5883400,0.0,0.0
2024-07-23 00:00:00+07:00,65000.0,65000.0,62000.0,62500.0,60667.2421875,9198000,0.0,0.0
2024-07-24 00:00:00+07:00,61600.0,62000.0,58600.0,61400.0,59599.5,15062500,0.0,0.0
2024-07-25 00:00:00+07:00,60000.0,61000.0,59700.0,61000.0,59211.23046875,4903300,0.0,0.0
2024-07-26 00:00:00+07:00,60500.0,61000.0,60400.0,61000.0,59211.23046875,4384000,0.0,0.0
2024-07-29 00:00:00+07:00,61400.0,62400.0,61100.0,62000.0,60181.90625,5340200,0.0,0.0
2024-07-30 00:00:00+07:00,62000.0,63200.0,61900.0,63000.0,61152.58203125,5470300,0.0,0.0
2024-07-31 00:00:00+07:00,63900.0,64500.0,63500.0,63800.0,61929.12109375,10333100,0.0,0.0
2024-08-01 00:00:00+07:00,63800.0,63800.0,61500.0,62100.0,60278.97265625,10605900,0.0,0.0
2024-08-02 00:00:00+07:00,61000.0,62900.0,60700.0,62900.0,61055.51171875,7605200,0.0,0.0
2024-08-05 00:00:00+07:00,61500.0,62300.0,60300.0,61600.0,59793.63671875,11577700,0.0,0.0
2024-08-06 00:00:00+07:00,61800.0,62300.0,60600.0,62300.0,60473.10546875,6419700,0.0,0.0
2024-08-07 00:00:00+07:00,62300.0,62500.0,61500.0,62300.0,60473.10546875,4794900,0.0,0.0
2024-08-08 00:00:00+07:00,62000.0,62900.0,61900.0,62400.0,60570.17578125,5791600,0.0,0.0
2024-08-09 00:00:00+07:00,62700.0,65800.0,62500.0,65600.0,63676.3359375,17518100,0.0,0.0
2024-08-12 00:00:00+07:00,65900.0,66800.0,65600.0,66600.0,64647.015625,11011200,0.0,0.0
2024-08-13 00:00:00+07:00,66800.0,67200.0,65500.0,66700.0,64744.08203125,9391000,0.0,0.0
2024-08-14 00:00:00+07:00,66800.0,67000.0,65800.0,66600.0,64647.015625,6293000,0.0,0.0
2024-08-15 00:00:00+07:00,66300.0,66400.0,65300.0,65900.0,63967.5390625,7146900,0.0,0.0
2024-08-16 00:00:00+07:00,66000.0,69500.0,65900.0,69000.0,66976.6328125,18518500,0.0,0.0
2024-08-19 00:00:00+07:00,69000.0,69700.0,68600.0,69000.0,66976.6328125,6418900,0.0,0.0
2024-08-20 00:00:00+07:00,69000.0,69500.0,68300.0,69500.0,67461.9765625,8137200,0.0,0.0
2024-08-21 00:00:00+07:00,69400.0,70200.0,68900.0,69800.0,67753.1796875,8947700,0.0,0.0
2024-08-22 00:00:00+07:00,69700.0,70200.0,69100.0,70000.0,67947.3125,5281400,0.0,0.0
2024-08-23 00:00:00+07:00,70000.0,70200.0,69300.0,70000.0,67947.3125,4425700,0.0,0.0
2024-08-26 00:00:00+07:00,70000.0,70800.0,69600.0,69800.0,67753.1796875,5961000,0.0,0.0
2024-08-27 00:00:00+07:00,69400.0,69800.0,67800.0,69800.0,67753.1796875,14475100,0.0,0.0
2024-08-28 00:00:00+07:00,69700.0,69700.0,68700.0,69400.0,67364.90625,6602000,0.0,0.0
2024-08-29 00:00:00+07:00,68900.0,69400.0,68600.0,69100.0,67073.703125,4226000,0.0,0.0
2024-08-30 00:00:00+07:00,69100.0,69800.0,68700.0,69800.0,67753.1796875,5295100,0.0,0.0
2024-09-04 00:00:00+07:00,68700.0,69700.0,68200.0,69100.0,67073.703125,4462400,0.0,0.0
2024-09-05 00:00:00+07:00,68800.0,68900.0,67600.0,67900.0,65908.890625,8478300,0.0,0.0
2024-09-06 00:00:00+07:00,67600.0,68000.0,66800.0,68000.0,66005.953125,8345500,0.0,0.0
2024-09-09 00:00:00+07:00,67700.0,68000.0,67200.0,67500.0,65520.625,3677000,0.0,0.0
2024-09-10 00:00:00+07:00,67500.0,68700.0,67500.0,67800.0,65811.828125,6456200,0.0,0.0
2024-09-11 00:00:00+07:00,67800.0,67900.0,67100.0,67800.0,65811.828125,6804000,0.0,0.0
2024-09-12 00:00:00+07:00,68000.0,68000.0,67200.0,67500.0,65520.625,3872500,0.0,0.0
2024-09-13 00:00:00+07:00,67200.0,67500.0,66500.0,67200.0,65229.41796875,7126500,0.0,0.0
2024-09-16 00:00:00+07:00,66900.0,67000.0,66000.0,66100.0,64161.67578125,5295500,0.0,0.0
2024-09-17 00:00:00+07:00,66200.0,66800.0,65500.0,66800.0,64841.1484375,8761200,0.0,0.0
2024-09-18 00:00:00+07:00,66900.0,68600.0,66800.0,68200.0,66200.09375,10676700,0.0,0.0
2024-09-19 00:00:00+07:00,68500.0,68500.0,67700.0,68200.0,66200.09375,5280600,0.0,0.0
2024-09-20 00:00:00+07:00,68600.0,68700.0,68000.0,68000.0,66005.953125,5016600,0.0,0.0
2024-09-23 00:00:00+07:00,68000.0,68000.0,66800.0,67300.0,65326.484375,5047700,0.0,0.0
2024-09-24 00:00:00+07:00,67500.0,68800.0,67500.0,68100.0,66103.03125,6640500,0.0,0.0
2024-09-25 00:00:00+07:00,68500.0,68700.0,68000.0,68700.0,66685.4375,5446300,0.0,0.0
2024-09-26 00:00:00+07:00,68800.0,69500.0,68300.0,68300.0,66297.1640625,7182600,0.0,0.0
2024-09-27 00:00:00+07:00,68600.0,68600.0,66800.0,67500.0,65520.625,13131500,0.0,0.0
2024-09-30 00:00:00+07:00,67500.0,68100.0,66900.0,68100.0,66103.03125,5927100,0.0,0.0
2024-10-01 00:00:00+07:00,68300.0,68700.0,67800.0,67800.0,65811.828125,9995700,0.0,0.0
2024-10-02 00:00:00+07:00,67500.0,67900.0,67000.0,67400.0,65423.55078125,7157400,0.0,0.0
2024-10-03 00:00:00+07:00,67400.0,67400.0,65800.0,66300.0,64355.8125,14743000,0.0,0.0
2024-10-04 00:00:00+07:00,66500.0,66800.0,66200.0,66400.0,64452.87890625,5272300,0.0,0.0
2024-10-07 00:00:00+07:00,66700.0,67100.0,65900.0,66300.0,64355.8125,5548200,0.0,0.0
2024-10-08 00:00:00+07:00,66700.0,66700.0,65000.0,65200.0,63288.0703125,11008100,0.0,0.0
2024-10-09 00:00:00+07:00,65000.0,65300.0,63600.0,64200.0,62317.390625,20847000,0.0,0.0
2024-10-10 00:00:00+07:00,64500.0,65400.0,64100.0,65000.0,63093.93359375,8668600,0.0,0.0
2024-10-11 00:00:00+07:00,65000.0,65300.0,63500.0,64500.0,62608.59375,10009100,0.0,0.0
2024-10-14 00:00:00+07:00,64900.0,65000.0,63600.0,63600.0,61734.98828125,8405400,0.0,0.0
2024-10-15 00:00:00+07:00,63900.0,64800.0,63700.0,64400.0,62511.52734375,12469800,0.0,0.0
2024-10-16 00:00:00+07:00,64400.0,65700.0,64300.0,65500.0,63579.26953125,13710200,0.0,0.0
2024-10-17 00:00:00+07:00,65800.0,65800.0,65200.0,65800.0,63870.47265625,6628300,0.0,0.0
2024-10-18 00:00:00+07:00,65900.0,66100.0,65200.0,65700.0,63773.40625,6162200,0.0,0.0
2024-10-21 00:00:00+07:00,65300.0,66000.0,64900.0,65800.0,63870.47265625,4333000,0.0,0.0
2024-10-22 00:00:00+07:00,66300.0,66800.0,65500.0,66300.0,64355.8125,9781100,0.0,0.0
2024-10-23 00:00:00+07:00,66100.0,66300.0,65100.0,65700.0,63773.40625,6100300,0.0,0.0
2024-10-24 00:00:00+07:00,65400.0,66000.0,64900.0,65400.0,63482.203125,4641700,0.0,0.0
2024-10-25 00:00:00+07:00,65400.0,66000.0,65000.0,65500.0,63579.26953125,4951300,0.0,0.0
2024-10-28 00:00:00+07:00,65500.0,65600.0,64900.0,65500.0,63579.26953125,3958700,0.0,0.0
2024-10-29 00:00:00+07:00,65600.0,66500.0,65400.0,66500.0,64549.94921875,9538500,0.0,0.0
2024-10-30 00:00:00+07:00,66500.0,66500.0,65700.0,66000.0,64064.609375,8927400,0.0,0.0
2024-10-31 00:00:00+07:00,66000.0,66500.0,65600.0,66500.0,64549.94921875,6146200,0.0,0.0
2024-11-01 00:00:00+07:00,65900.0,66100.0,65500.0,66000.0,64064.609375,21332900,0.0,0.0
2024-11-04 00:00:00+07:00,65900.0,65900.0,64700.0,65100.0,63191.0,9363400,0.0,0.0
2024-11-05 00:00:00+07:00,64900.0,65600.0,64800.0,65600.0,63676.3359375,5272300,0.0,0.0
2024-11-06 00:00:00+07:00,65700.0,65700.0,65000.0,65600.0,63676.3359375,5415900,0.0,0.0
2024-11-07 00:00:00+07:00,65800.0,65800.0,64800.0,65400.0,63482.203125,5244200,0.0,0.0
2024-11-08 00:00:00+07:00,65400.0,65400.0,64500.0,65000.0,63093.93359375,4698600,0.0,0.0
2024-11-11 00:00:00+07:00,64500.0,65000.0,62900.0,63000.0,61152.58203125,9390500,0.0,0.0
2024-11-12 00:00:00+07:00,63100.0,63200.0,60800.0,60800.0,59017.09375,10600700,0.0,0.0
2024-11-13 00:00:00+07:00,60800.0,62300.0,60300.0,61900.0,60084.83984375,7232500,0.0,0.0
2024-11-14 00:00:00+07:00,61500.0,61600.0,60700.0,61300.0,59502.43359375,4481400,0.0,0.0
2024-11-15 00:00:00+07:00,60800.0,61100.0,59800.0,59900.0,58143.48828125,6648600,0.0,0.0
2024-11-18 00:00:00+07:00,59900.0,59900.0,57100.0,58900.0,57172.80859375,12080100,0.0,0.0
2024-11-19 00:00:00+07:00,59000.0,59000.0,57500.0,57500.0,55813.86328125,5338500,0.0,0.0
2024-11-20 00:00:00+07:00,57200.0,58100.0,56000.0,56800.0,55134.390625,9752900,0.0,0.0
2024-11-21 00:00:00+07:00,57000.0,58900.0,56500.0,58700.0,56978.67578125,8166800,0.0,0.0
2024-11-22 00:00:00+07:00,58700.0,59400.0,58400.0,59000.0,57269.875,5804700,0.0,0.0
2024-11-25 00:00:00+07:00,58800.0,59300.0,58600.0,59000.0,57269.875,4568500,0.0,0.0
2024-11-26 00:00:00+07:00,59300.0,60100.0,59000.0,60000.0,58240.5546875,4370400,0.0,0.0
2024-11-27 00:00:00+07:00,59900.0,60900.0,59500.0,60200.0,58434.69140625,4937400,0.0,0.0
2024-11-28 00:00:00+07:00,60300.0,60600.0,59700.0,60000.0,58240.5546875,3774500,0.0,0.0
2024-11-29 00:00:00+07:00,60000.0,60500.0,58900.0,60500.0,58725.890625,5587400,0.0,0.0
2024-12-02 00:00:00+07:00,60700.0,60700.0,59900.0,60400.0,58628.82421875,2789900,0.0,0.0
2024-12-03 00:00:00+07:00,60100.0,60300.0,59600.0,59800.0,58046.41796875,4019600,0.0,0.0
2024-12-04 00:00:00+07:00,59400.0,59800.0,58000.0,58100.0,56396.26953125,8857200,0.0,0.0
2024-12-05 00:00:00+07:00,58400.0,61200.0,58100.0,61000.0,59211.23046875,8615300,0.0,0.0
2024-12-06 00:00:00+07:00,60800.0,61900.0,60500.0,61100.0,59308.296875,7825300,0.0,0.0
2024-12-09 00:00:00+07:00,61600.0,61600.0,60800.0,61100.0,59308.296875,4410300,0.0,0.0
2024-12-10 00:00:00+07:00,61100.0,61200.0,60500.0,60800.0,59017.09375,4226800,0.0,0.0
2024-12-11 00:00:00+07:00,60700.0,60800.0,59900.0,60000.0,58240.5546875,4821400,0.0,0.0
2024-12-12 00:00:00+07:00,60300.0,60500.0,59900.0,60000.0,58240.5546875,3772900,0.0,0.0
2024-12-13 00:00:00+07:00,59800.0,61300.0,59600.0,61000.0,59211.23046875,5596800,0.0,0.0
2024-12-16 00:00:00+07:00,61000.0,61400.0,60200.0,61000.0,59211.23046875,3621300,0.0,0.0
2024-12-17 00:00:00+07:00,61000.0,61000.0,60200.0,60300.0,58531.7578125,3676200,0.0,0.0
2024-12-18 00:00:00+07:00,60200.0,60500.0,59900.0,60200.0,58434.69140625,4076200,0.0,0.0
2024-12-19 00:00:00+07:00,59800.0,59900.0,59400.0,59800.0,58046.41796875,7103100,0.0,0.0
2024-12-20 00:00:00+07:00,60000.0,60800.0,59600.0,60600.0,58822.95703125,3751400,0.0,0.0
2024-12-23 00:00:00+07:00,60600.0,61100.0,60500.0,61000.0,59211.23046875,5538600,0.0,0.0
2024-12-24 00:00:00+07:00,61200.0,61300.0,60700.0,61300.0,59502.43359375,3062600,0.0,0.0
2024-12-25 00:00:00+07:00,61300.0,62300.0,61300.0,62200.0,60376.0390625,6300500,0.0,0.0
2024-12-26 00:00:00+07:00,62400.0,62400.0,60500.0,61500.0,59696.56640625,6554700,0.0,0.0
2024-12-27 00:00:00+07:00,60600.0,61600.0,60400.0,61400.0,59599.5,6947200,0.0,0.0
2024-12-30 00:00:00+07:00,60500.0,61200.0,60500.0,61000.0,59211.23046875,4178100,0.0,0.0
2024-12-31 00:00:00+07:00,60900.0,61000.0,60500.0,61000.0,59211.23046875,4520300,0.0,0.0
2025-01-02 00:00:00+07:00,60900.0,61200.0,60300.0,60600.0,58822.95703125,3969400,0.0,0.0
2025-01-03 00:00:00+07:00,60600.0,60700.0,58600.0,58600.0,56881.609375,6604400,0.0,0.0
2025-01-06 00:00:00+07:00,58400.0,59300.0,57000.0,57000.0,55328.52734375,5409900,0.0,0.0
2025-01-07 00:00:00+07:00,57300.0,57800.0,56400.0,57100.0,55425.59375,5532900,0.0,0.0
2025-01-08 00:00:00+07:00,57100.0,58100.0,56500.0,58100.0,56396.26953125,3068200,0.0,0.0
2025-01-09 00:00:00+07:00,58000.0,58000.0,57500.0,57700.0,56008.0,1738300,0.0,0.0
2025-01-10 00:00:00+07:00,57500.0,58000.0,56900.0,57500.0,55813.86328125,3594100,0.0,0.0
2025-01-13 00:00:00+07:00,56600.0,57700.0,56500.0,57300.0,55619.7265625,3791900,0.0,0.0
2025-01-14 00:00:00+07:00,57300.0,57500.0,56600.0,57200.0,55522.66015625,2917600,0.0,0.0
2025-01-15 00:00:00+07:00,57400.0,57900.0,56800.0,57300.0,55619.7265625,3242300,0.0,0.0
2025-01-16 00:00:00+07:00,57400.0,57900.0,56800.0,57300.0,55619.7265625,3242300,0.0,0.0
2025-01-17 00:00:00+07:00,57300.0,57800.0,57200.0,57700.0,56008.0,2697800,0.0,0.0
2025-01-20 00:00:00+07:00,57700.0,57900.0,57300.0,57500.0,55813.86328125,2216200,0.0,0.0
2025-01-21 00:00:00+07:00,57700.0,58200.0,57200.0,57700.0,56008.0,3419600,0.0,0.0
2025-01-22 00:00:00+07:00,57900.0,58000.0,57400.0,57400.0,55716.79296875,3103000,0.0,0.0
2025-01-23 00:00:00+07:00,57300.0,59500.0,57300.0,59200.0,57464.01171875,5657500,0.0,0.0
2025-01-24 00:00:00+07:00,59200.0,60100.0,58600.0,60100.0,58337.62109375,6757300,0.0,0.0
2025-01-27 00:00:00+07:00,60100.0,60100.0,60100.0,60100.0,58337.62109375,0,0.0,0.0
2025-01-28 00:00:00+07:00,60100.0,60100.0,60100.0,60100.0,58337.62109375,0,0.0,0.0
2025-01-29 00:00:00+07:00,60100.0,60100.0,60100.0,60100.0,58337.62109375,0,0.0,0.0
2025-01-30 00:00:00+07:00,60100.0,60100.0,60100.0,60100.0,58337.62109375,0,0.0,0.0
2025-01-31 00:00:00+07:00,60100.0,60100.0,60100.0,60100.0,58337.62109375,0,0.0,0.0
2025-02-03 00:00:00+07:00,59000.0,59600.0,58500.0,59600.0,57852.28125,5157500,0.0,0.0
2025-02-04 00:00:00+07:00,59900.0,59900.0,59000.0,59600.0,57852.28125,3638100,0.0,0.0
2025-02-05 00:00:00+07:00,59600.0,59800.0,59100.0,59400.0,57658.1484375,2780100,0.0,0.0
2025-02-06 00:00:00+07:00,59500.0,59600.0,58700.0,59100.0,57366.9453125,4148800,0.0,0.0
2025-02-07 00:00:00+07:00,58900.0,59000.0,57800.0,58900.0,57172.80859375,6955900,0.0,0.0
2025-02-10 00:00:00+07:00,58300.0,58300.0,57400.0,57400.0,55716.79296875,5927400,0.0,0.0
2025-02-11 00:00:00+07:00,57400.0,57400.0,56400.0,56400.0,54746.12109375,5986000,0.0,0.0
2025-02-12 00:00:00+07:00,56800.0,57300.0,56400.0,56400.0,54746.12109375,4848400,0.0,0.0
2025-02-13 00:00:00+07:00,56000.0,56000.0,54800.0,54800.0,53193.0390625,11353700,0.0,0.0
2025-02-14 00:00:00+07:00,55100.0,55300.0,53800.0,55200.0,53581.30859375,11169000,0.0,0.0
2025-02-17 00:00:00+07:00,55200.0,55200.0,54100.0,54100.0,52513.56640625,5933200,0.0,0.0
2025-02-18 00:00:00+07:00,54000.0,55000.0,53800.0,54500.0,52901.8359375,4497600,0.0,0.0
2025-02-19 00:00:00+07:00,54700.0,56100.0,54400.0,55800.0,54163.71484375,7547500,0.0,0.0
2025-02-20 00:00:00+07:00,55900.0,56700.0,55700.0,56700.0,55037.32421875,6194500,0.0,0.0
2025-02-21 00:00:00+07:00,56800.0,58300.0,56600.0,58100.0,56396.26953125,10123600,0.0,0.0
2025-02-24 00:00:00+07:00,58100.0,58500.0,57300.0,58400.0,56687.47265625,6243200,0.0,0.0
2025-02-25 00:00:00+07:00,58100.0,58400.0,57400.0,58300.0,56590.40625,7929200,0.0,0.0
2025-02-26 00:00:00+07:00,58300.0,59100.0,57800.0,58700.0,56978.67578125,4977600,0.0,0.0
2025-02-27 00:00:00+07:00,58700.0,58800.0,58200.0,58600.0,56881.609375,3222900,0.0,0.0
2025-02-28 00:00:00+07:00,58000.0,58700.0,57800.0,58300.0,56590.40625,5283200,0.0,0.0
2025-03-03 00:00:00+07:00,58200.0,59100.0,57800.0,58800.0,57075.7421875,5938000,0.0,0.0
2025-03-04 00:00:00+07:00,58700.0,59900.0,58400.0,59500.0,57755.21484375,6414100,0.0,0.0
2025-03-05 00:00:00+07:00,59800.0,60200.0,59300.0,59600.0,57852.28125,7188800,0.0,0.0
2025-03-06 00:00:00+07:00,59800.0,61900.0,59600.0,61900.0,60084.83984375,13451900,0.0,0.0
2025-03-07 00:00:00+07:00,61800.0,62000.0,61300.0,61900.0,60084.83984375,5404100,0.0,0.0
2025-03-10 00:00:00+07:00,62000.0,62300.0,61400.0,62200.0,60376.0390625,8125200,0.0,0.0
2025-03-11 00:00:00+07:00,61400.0,63200.0,61400.0,63000.0,61152.58203125,9576900,0.0,0.0
2025-03-12 00:00:00+07:00,63000.0,63000.0,61900.0,62700.0,60861.37890625,8817600,0.0,0.0
2025-03-13 00:00:00+07:00,62700.0,62800.0,61200.0,61500.0,59696.56640625,7327800,0.0,0.0
2025-03-14 00:00:00+07:00,61500.0,62300.0,61200.0,61500.0,59696.56640625,8759800,0.0,0.0
2025-03-17 00:00:00+07:00,61700.0,62000.0,61400.0,62000.0,60181.90625,3541900,0.0,0.0
2025-03-18 00:00:00+07:00,62200.0,62500.0,61400.0,61800.0,59987.76953125,5349100,0.0,0.0
2025-03-19 00:00:00+07:00,61200.0,61400.0,59000.0,59500.0,57755.21484375,13416400,0.0,0.0
2025-03-20 00:00:00+07:00,59800.0,60000.0,59000.0,60000.0,58240.5546875,4063500,0.0,0.0
2025-03-21 00:00:00+07:00,60000.0,60300.0,59400.0,60300.0,58531.7578125,3129500,0.0,0.0
2025-03-24 00:00:00+07:00,59800.0,60300.0,59500.0,60300.0,58531.7578125,2855200,0.0,0.0
2025-03-25 00:00:00+07:00,60400.0,61300.0,59900.0,60500.0,58725.890625,5513700,0.0,0.0
2025-03-26 00:00:00+07:00,60600.0,61200.0,60500.0,60800.0,59017.09375,2416100,0.0,0.0
2025-03-27 00:00:00+07:00,60800.0,60800.0,60000.0,60400.0,58628.82421875,3190000,0.0,0.0
2025-03-28 00:00:00+07:00,60100.0,60700.0,58900.0,59800.0,58046.41796875,7228900,0.0,0.0
2025-03-31 00:00:00+07:00,59000.0,59200.0,58100.0,59000.0,57269.875,6534800,0.0,0.0
2025-04-01 00:00:00+07:00,58600.0,58900.0,57700.0,58600.0,56881.609375,5640900,0.0,0.0
2025-04-02 00:00:00+07:00,58600.0,59700.0,58000.0,58800.0,57075.7421875,7441200,0.0,0.0
2025-04-03 00:00:00+07:00,55100.0,56300.0,54700.0,54700.0,53095.97265625,14956500,0.0,0.0
2025-04-04 00:00:00+07:00,50900.0,53500.0,50900.0,52800.0,51251.6875,28985900,0.0,0.0
2025-04-08 00:00:00+07:00,49200.0,50000.0,49150.0,49150.0,47708.72265625,11930200,0.0,0.0
2025-04-09 00:00:00+07:00,45750.0,49200.0,45750.0,46250.0,44893.76171875,20206600,0.0,0.0
2025-04-10 00:00:00+07:00,49450.0,49450.0,49450.0,49450.0,47999.92578125,411300,0.0,0.0
2025-04-11 00:00:00+07:00,51000.0,52900.0,50600.0,52900.0,51348.75390625,12779000,0.0,0.0
2025-04-14 00:00:00+07:00,55000.0,56600.0,54300.0,56600.0,54940.2578125,15361600,0.0,0.0
2025-04-15 00:00:00+07:00,56000.0,57600.0,55100.0,57100.0,55425.59375,12059800,0.0,0.0
2025-04-16 00:00:00+07:00,56600.0,57700.0,55600.0,56800.0,55134.390625,9252400,0.0,0.0
2025-04-17 00:00:00+07:00,55900.0,56800.0,55600.0,56800.0,55134.390625,5398300,0.0,0.0
2025-04-18 00:00:00+07:00,56900.0,57600.0,56200.0,56200.0,54551.984375,6353500,0.0,0.0
2025-04-21 00:00:00+07:00,56300.0,56600.0,55300.0,55600.0,53969.578125,4632900,0.0,0.0
2025-04-22 00:00:00+07:00,55400.0,57300.0,52000.0,57300.0,55619.7265625,16304400,0.0,0.0
2025-04-23 00:00:00+07:00,58500.0,59300.0,58200.0,58800.0,57075.7421875,8393400,0.0,0.0
2025-04-24 00:00:00+07:00,58800.0,59900.0,58400.0,59700.0,57949.3515625,7681300,0.0,0.0
2025-04-25 00:00:00+07:00,59500.0,60500.0,59400.0,60500.0,58725.890625,10315100,0.0,0.0
2025-04-28 00:00:00+07:00,60900.0,62000.0,59600.0,60900.0,59114.16015625,7707900,0.0,0.0
2025-04-29 00:00:00+07:00,60800.0,61100.0,60500.0,60800.0,59017.09375,5701400,0.0,0.0
2025-04-30 00:00:00+07:00,60800.0,60800.0,60800.0,60800.0,59017.09375,0,0.0,0.0
2025-05-01 00:00:00+07:00,60800.0,60800.0,60800.0,60800.0,59017.09375,0,0.0,0.0
2025-05-02 00:00:00+07:00,60800.0,60800.0,60800.0,60800.0,59017.09375,0,0.0,0.0
2025-05-05 00:00:00+07:00,60800.0,60800.0,60800.0,60800.0,59017.09375,0,0.0,0.0
2025-05-06 00:00:00+07:00,60800.0,61400.0,60000.0,61000.0,59211.23046875,5099700,0.0,0.0
2025-05-07 00:00:00+07:00,61000.0,61200.0,60100.0,60500.0,58725.890625,4110300,0.0,0.0
2025-05-08 00:00:00+07:00,59900.0,60500.0,59100.0,60100.0,58337.62109375,7742800,0.0,0.0
2025-05-09 00:00:00+07:00,60100.0,60300.0,58900.0,60300.0,58531.7578125,9463100,0.0,0.0
2025-05-12 00:00:00+07:00,60300.0,60300.0,60300.0,60300.0,58531.7578125,0,0.0,0.0
2025-05-13 00:00:00+07:00,60700.0,60900.0,60100.0,60800.0,59017.09375,6434100,0.0,0.0
2025-05-14 00:00:00+07:00,61200.0,63700.0,61000.0,63500.0,61637.921875,17084400,0.0,0.0
2025-05-15 00:00:00+07:00,63800.0,64300.0,63600.0,64000.0,62123.25390625,9926500,0.0,0.0
2025-05-16 00:00:00+07:00,64000.0,64600.0,63000.0,64300.0,62414.4609375,9777600,0.0,0.0
2025-05-19 00:00:00+07:00,63500.0,64400.0,63100.0,63700.0,61832.0546875,6532900,0.0,0.0
2025-05-20 00:00:00+07:00,63500.0,64400.0,63100.0,63700.0,61832.0546875,6532900,0.0,0.0
2025-05-21 00:00:00+07:00,63500.0,65200.0,63300.0,64700.0,62802.73046875,11898400,0.0,0.0
2025-05-22 00:00:00+07:00,64900.0,64900.0,63600.0,64300.0,62414.4609375,6780600,0.0,0.0
2025-05-23 00:00:00+07:00,63900.0,64800.0,63600.0,64300.0,62414.4609375,8712800,0.0,0.0
2025-05-26 00:00:00+07:00,64200.0,65000.0,62400.0,64500.0,62608.59375,7017400,0.0,0.0
2025-05-27 00:00:00+07:00,64200.0,65000.0,62400.0,64500.0,62608.59375,7017400,0.0,0.0
2025-05-28 00:00:00+07:00,64800.0,64900.0,63500.0,64300.0,62414.4609375,8162000,0.0,0.0
2025-05-29 00:00:00+07:00,64300.0,65500.0,64000.0,64400.0,62511.52734375,10272900,0.0,0.0
2025-05-30 00:00:00+07:00,64500.0,64600.0,63400.0,64300.0,62414.4609375,7333000,0.0,0.0
2025-06-02 00:00:00+07:00,62000.0,62000.0,60000.0,61000.0,59211.23046875,14330200,0.0,0.0
2025-06-03 00:00:00+07:00,62000.0,62000.0,60000.0,61000.0,59211.23046875,14330200,0.0,0.0
2025-06-04 00:00:00+07:00,61000.0,62800.0,61000.0,62400.0,60570.17578125,6563500,0.0,0.0
2025-06-05 00:00:00+07:00,62800.0,62800.0,61100.0,61300.0,59502.43359375,6679500,0.0,0.0
2025-06-06 00:00:00+07:00,61000.0,62200.0,61000.0,61700.0,59890.703125,5366600,0.0,0.0
2025-06-09 00:00:00+07:00,60500.0,60700.0,59900.0,60500.0,58725.890625,7249100,0.0,0.0
2025-06-10 00:00:00+07:00,60500.0,60700.0,59900.0,60500.0,58725.890625,7249100,0.0,0.0
2025-06-11 00:00:00+07:00,61000.0,62900.0,60600.0,61500.0,59696.56640625,10555000,0.0,0.0
2025-06-12 00:00:00+07:00,61500.0,62200.0,61500.0,61900.0,60084.83984375,4240600,0.0,0.0
2025-06-13 00:00:00+07:00,62500.0,63500.0,62100.0,63500.0,61637.921875,10592900,0.0,0.0
2025-06-16 00:00:00+07:00,63000.0,64300.0,62600.0,64300.0,62414.4609375,8355900,0.0,0.0
2025-06-17 00:00:00+07:00,63000.0,64300.0,62600.0,64300.0,62414.4609375,8355900,0.0,0.0
2025-06-18 00:00:00+07:00,64400.0,64500.0,63800.0,64400.0,62511.52734375,5183800,0.0,0.0
2025-06-19 00:00:00+07:00,64300.0,65300.0,63600.0,63700.0,61832.0546875,7677600,0.0,0.0
2025-06-20 00:00:00+07:00,63600.0,64300.0,63100.0,64000.0,62123.25390625,7897700,0.0,0.0
2025-06-23 00:00:00+07:00,63900.0,65000.0,63200.0,65000.0,63093.93359375,7778400,0.0,0.0
2025-06-24 00:00:00+07:00,63900.0,65000.0,63200.0,65000.0,63093.93359375,7778400,0.0,0.0
2025-06-25 00:00:00+07:00,65800.0,65900.0,64900.0,64900.0,62996.8671875,8021100,0.0,0.0
2025-06-26 00:00:00+07:00,64800.0,65200.0,64500.0,65000.0,63093.93359375,6367900,0.0,0.0
2025-06-27 00:00:00+07:00,65000.0,65300.0,64200.0,64500.0,62608.59375,5205000,0.0,0.0
2025-06-30 00:00:00+07:00,66200.0,66300.0,65400.0,65500.0,63579.26953125,5031900,0.0,0.0
2025-07-01 00:00:00+07:00,66200.0,66300.0,65400.0,65500.0,63579.26953125,5031900,0.0,0.0
2025-07-02 00:00:00+07:00,65500.0,65800.0,64300.0,64500.0,62608.59375,7109600,0.0,0.0
2025-07-03 00:00:00+07:00,64500.0,65100.0,64300.0,64800.0,62899.796875,5786300,0.0,0.0
2025-07-04 00:00:00+07:00,64700.0,66600.0,64700.0,65400.0,63482.203125,12680700,0.0,0.0
2025-07-07 00:00:00+07:00,66600.0,66800.0,65800.0,66500.0,64549.94921875,6683300,0.0,0.0
2025-07-08 00:00:00+07:00,66600.0,66800.0,65800.0,66500.0,64549.94921875,6683300,0.0,0.0
2025-07-09 00:00:00+07:00,66600.0,67300.0,66000.0,67200.0,65229.41796875,8520700,0.0,0.0
2025-07-10 00:00:00+07:00,67500.0,67700.0,66800.0,67700.0,65714.7578125,7522700,0.0,0.0
2025-07-11 00:00:00+07:00,68000.0,68400.0,67300.0,68000.0,66005.953125,6943600,0.0,0.0
2025-07-14 00:00:00+07:00,67900.0,69000.0,66400.0,69000.0,66976.6328125,8671000,0.0,0.0
2025-07-15 00:00:00+07:00,67900.0,69000.0,66400.0,69000.0,66976.6328125,8671000,0.0,0.0
2025-07-16 00:00:00+07:00,69400.0,71400.0,69300.0,69300.0,67267.84375,10076100,0.0,0.0
2025-07-17 00:00:00+07:00,69200.0,70000.0,68500.0,70000.0,67947.3125,6383800,0.0,0.0
2025-07-18 00:00:00+07:00,69800.0,70800.0,69600.0,70500.0,68432.6484375,6844300,0.0,0.0
2025-07-21 00:00:00+07:00,71000.0,71000.0,69200.0,70000.0,67947.3125,7601100,0.0,0.0
2025-07-22 00:00:00+07:00,71000.0,71000.0,69200.0,70000.0,67947.3125,7601100,0.0,0.0
2025-07-23 00:00:00+07:00,70000.0,70400.0,69000.0,70400.0,68335.5859375,7908200,0.0,0.0
2025-07-24 00:00:00+07:00,70800.0,71000.0,70000.0,70500.0,69418.7109375,7547700,1000.0,0.0
2025-07-25 00:00:00+07:00,70000.0,70000.0,68800.0,69500.0,68434.046875,6607100,0.0,0.0
2025-07-28 00:00:00+07:00,70600.0,71000.0,69600.0,70200.0,69123.3125,9571200,0.0,0.0
2025-07-29 00:00:00+07:00,70600.0,71000.0,69600.0,70200.0,69123.3125,9571200,0.0,0.0
2025-07-30 00:00:00+07:00,70200.0,70200.0,66400.0,66600.0,65578.53125,18358200,0.0,0.0
2025-07-31 00:00:00+07:00,67500.0,67900.0,66100.0,67100.0,66070.859375,13161600,0.0,0.0
2025-08-01 00:00:00+07:00,67200.0,67800.0,65200.0,65300.0,64298.46875,14552200,0.0,0.0
2025-08-04 00:00:00+07:00,65200.0,67000.0,65200.0,67000.0,65972.390625,8211500,0.0,0.0
2025-08-05 00:00:00+07:00,65200.0,67000.0,65200.0,67000.0,65972.390625,8211500,0.0,0.0
2025-08-06 00:00:00+07:00,67300.0,69500.0,66000.0,69300.0,68237.1171875,15697200,0.0,0.0
2025-08-07 00:00:00+07:00,68900.0,72400.0,68500.0,72400.0,71289.5703125,18002400,0.0,0.0
2025-08-08 00:00:00+07:00,72700.0,72800.0,71600.0,72400.0,71289.5703125,8095800,0.0,0.0
2025-08-11 00:00:00+07:00,72000.0,73700.0,71700.0,72100.0,70994.171875,10677600,0.0,0.0
2025-08-12 00:00:00+07:00,72000.0,73700.0,71700.0,72100.0,70994.171875,10677600,0.0,0.0
2025-08-13 00:00:00+07:00,72300.0,72500.0,71000.0,72200.0,71092.640625,7809000,0.0,0.0
2025-08-14 00:00:00+07:00,72500.0,72500.0,70000.0,70900.0,69812.578125,11739600,0.0,0.0
2025-08-15 00:00:00+07:00,71000.0,71900.0,70100.0,71900.0,70797.2421875,9930500,0.0,0.0
2025-08-18 00:00:00+07:00,70600.0,71000.0,69200.0,70000.0,68926.3828125,8199100,0.0,0.0
2025-08-19 00:00:00+07:00,70600.0,71000.0,69200.0,70000.0,68926.3828125,8199100,0.0,0.0
2025-08-20 00:00:00+07:00,70000.0,70000.0,68000.0,68000.0,66957.0546875,14132300,0.0,0.0
2025-08-21 00:00:00+07:00,68500.0,70700.0,68100.0,69400.0,68335.5859375,11461600,0.0,0.0
2025-08-22 00:00:00+07:00,69400.0,71600.0,69200.0,71000.0,69911.046875,12495000,0.0,0.0
2025-08-25 00:00:00+07:00,70300.0,70600.0,68600.0,68800.0,67744.7890625,6387100,0.0,0.0
2025-08-26 00:00:00+07:00,70300.0,70600.0,68600.0,68800.0,67744.7890625,6387100,0.0,0.0
2025-08-27 00:00:00+07:00,69000.0,73600.0,68600.0,73600.0,72471.1640625,16810900,0.0,0.0
2025-08-28 00:00:00+07:00,75000.0,76600.0,74600.0,75000.0,73849.6953125,12565000,0.0,0.0
2025-08-29 00:00:00+07:00,75000.0,77300.0,74500.0,77300.0,76114.421875,11875600,0.0,0.0
2025-09-01 00:00:00+07:00,77300.0,77300.0,77300.0,77300.0,76114.421875,0,0.0,0.0
2025-09-02 00:00:00+07:00,77300.0,77300.0,77300.0,77300.0,76114.421875,0,0.0,0.0
2025-09-03 00:00:00+07:00,76900.0,77600.0,75700.0,75800.0,74637.421875,8068800,0.0,0.0
2025-09-04 00:00:00+07:00,76900.0,77600.0,75700.0,75800.0,74637.421875,8068800,0.0,0.0
2025-09-05 00:00:00+07:00,76000.0,77500.0,73900.0,77500.0,76311.3515625,12031500,0.0,0.0
2025-09-08 00:00:00+07:00,74500.0,76800.0,74000.0,74000.0,72865.03125,13715000,0.0,0.0
2025-09-09 00:00:00+07:00,74500.0,76800.0,74000.0,74000.0,72865.03125,13715000,0.0,0.0
2025-09-10 00:00:00+07:00,74600.0,76000.0,73700.0,76000.0,74834.359375,6933700,0.0,0.0
2025-09-11 00:00:00+07:00,75600.0,76300.0,74500.0,75500.0,74342.0234375,7770800,0.0,0.0
2025-09-12 00:00:00+07:00,75400.0,79400.0,74000.0,78800.0,77591.4140625,18120100,0.0,0.0
2025-09-15 00:00:00+07:00,79000.0,79600.0,78100.0,79500.0,78280.6796875,8395500,0.0,0.0
2025-09-16 00:00:00+07:00,79000.0,79600.0,78100.0,79500.0,78280.6796875,8395500,0.0,0.0
2025-09-17 00:00:00+07:00,79600.0,81400.0,78900.0,80300.0,79068.40625,8927700,0.0,0.0
2025-09-18 00:00:00+07:00,79800.0,81100.0,78000.0,78000.0,76803.6796875,8298600,0.0,0.0
2025-09-19 00:00:00+07:00,78000.0,78500.0,76700.0,78500.0,77296.015625,8718800,0.0,0.0
2025-09-22 00:00:00+07:00,77900.0,77900.0,76000.0,76500.0,75326.6875,8126100,0.0,0.0
2025-09-23 00:00:00+07:00,77900.0,77900.0,76000.0,76500.0,75326.6875,8126100,0.0,0.0
2025-09-24 00:00:00+07:00,76800.0,78200.0,76300.0,77800.0,76606.75,4466900,0.0,0.0
2025-09-25 00:00:00+07:00,77700.0,79200.0,77100.0,79200.0,77985.2734375,4391900,0.0,0.0
2025-09-26 00:00:00+07:00,78800.0,79000.0,78100.0,79000.0,77788.34375,5302400,0.0,0.0
2025-09-29 00:00:00+07:00,77900.0,77900.0,76600.0,77000.0,75819.0234375,6021900,0.0,0.0
2025-09-30 00:00:00+07:00,77900.0,77900.0,76600.0,77000.0,75819.0234375,6021900,0.0,0.0
2025-10-01 00:00:00+07:00,76800.0,77800.0,76200.0,77700.0,76508.28125,7817600,0.0,0.0
2025-10-02 00:00:00+07:00,77500.0,78300.0,77200.0,77700.0,76508.28125,4989600,0.0,0.0
2025-10-03 00:00:00+07:00,77800.0,78500.0,76900.0,77100.0,75917.484375,4725900,0.0,0.0
2025-10-06 00:00:00+07:00,78400.0,78700.0,77200.0,77600.0,76409.8203125,9452100,0.0,0.0
2025-10-07 00:00:00+07:00,78400.0,78700.0,77200.0,77600.0,76409.8203125,9452100,0.0,0.0
2025-10-08 00:00:00+07:00,78000.0,79500.0,77500.0,78000.0,76803.6796875,7199900,0.0,0.0
2025-10-09 00:00:00+07:00,79000.0,81300.0,78500.0,80800.0,79560.734375,17337700,0.0,0.0
2025-10-10 00:00:00+07:00,80800.0,81900.0,80500.0,81500.0,80250.0,7782900,0.0,0.0
2025-10-13 00:00:00+07:00,81200.0,83000.0,81000.0,83000.0,81726.9921875,7962500,0.0,0.0
2025-10-14 00:00:00+07:00,81200.0,83000.0,81000.0,83000.0,81726.9921875,7962500,0.0,0.0
2025-10-15 00:00:00+07:00,83900.0,85000.0,82400.0,84200.0,82908.59375,12093100,0.0,0.0
2025-10-16 00:00:00+07:00,84000.0,84700.0,83000.0,83300.0,82022.390625,5687400,0.0,0.0
2025-10-17 00:00:00+07:00,83300.0,84800.0,83000.0,84500.0,83203.9921875,6629400,0.0,0.0
2025-10-20 00:00:00+07:00,87000.0,87900.0,79800.0,80900.0,79659.203125,14226400,0.0,0.0
2025-10-21 00:00:00+07:00,87000.0,87900.0,79800.0,80900.0,79659.203125,14226400,0.0,0.0
2025-10-22 00:00:00+07:00,82300.0,83000.0,80500.0,83000.0,81726.9921875,12062300,0.0,0.0
2025-10-23 00:00:00+07:00,83000.0,84500.0,81600.0,84500.0,83203.9921875,8203100,0.0,0.0
2025-10-24 00:00:00+07:00,86000.0,86800.0,84600.0,85700.0,84385.5859375,9156600,0.0,0.0
2025-10-27 00:00:00+07:00,85700.0,85700.0,81000.0,81000.0,79757.671875,9884200,0.0,0.0
2025-10-28 00:00:00+07:00,85700.0,85700.0,81000.0,81000.0,79757.671875,9884200,0.0,0.0
2025-10-29 00:00:00+07:00,80900.0,84400.0,80400.0,84200.0,82908.59375,8277300,0.0,0.0
2025-10-30 00:00:00+07:00,83000.0,84400.0,83000.0,84100.0,82810.125,5076100,0.0,0.0
2025-10-31 00:00:00+07:00,84200.0,84400.0,83500.0,83900.0,82613.1953125,5652200,0.0,0.0
2025-11-03 00:00:00+07:00,83000.0,83300.0,81000.0,81000.0,79757.671875,6146600,0.0,0.0
2025-11-04 00:00:00+07:00,80900.0,82000.0,78500.0,81800.0,80545.3984375,13681700,0.0,0.0
2025-11-05 00:00:00+07:00,80900.0,82000.0,78500.0,81800.0,80545.3984375,13681700,0.0,0.0
2025-11-06 00:00:00+07:00,80300.0,81000.0,78800.0,80300.0,79068.40625,4495500,0.0,0.0
2025-11-07 00:00:00+07:00,79600.0,80500.0,75500.0,76500.0,75326.6875,8643300,0.0,0.0
2025-11-10 00:00:00+07:00,76300.0,79300.0,76300.0,76800.0,75622.0859375,7274200,0.0,0.0
2025-11-11 00:00:00+07:00,77500.0,79100.0,77500.0,78000.0,76803.6796875,5881500,0.0,0.0
2025-11-12 00:00:00+07:00,78000.0,80500.0,77900.0,80500.0,79265.3359375,5083400,0.0,0.0
2025-11-13 00:00:00+07:00,80100.0,80500.0,79500.0,80100.0,78871.4765625,3798700,0.0,0.0
2025-11-14 00:00:00+07:00,79200.0,82000.0,79200.0,81400.0,80151.53125,3951700,0.0,0.0
2025-11-17 00:00:00+07:00,81200.0,82400.0,81200.0,82400.0,81136.1953125,4514700,0.0,0.0
2025-11-18 00:00:00+07:00,82500.0,83200.0,81900.0,83000.0,81726.9921875,4417900,0.0,0.0
2025-11-19 00:00:00+07:00,83000.0,83200.0,81600.0,82400.0,81136.1953125,6064700,0.0,0.0
2025-11-20 00:00:00+07:00,82300.0,82300.0,80800.0,81000.0,79757.671875,5080700,0.0,0.0
2025-11-21 00:00:00+07:00,80400.0,80400.0,78100.0,80000.0,78773.0078125,8331600,0.0,0.0
2025-11-24 00:00:00+07:00,80300.0,80400.0,79200.0,79300.0,78083.7421875,4147400,0.0,0.0
2025-11-25 00:00:00+07:00,79000.0,79800.0,78500.0,78500.0,77296.015625,4223700,0.0,0.0
2025-11-26 00:00:00+07:00,78500.0,80200.0,78500.0,80200.0,78969.9375,4735000,0.0,0.0
2025-11-27 00:00:00+07:00,80000.0,80100.0,79500.0,80000.0,78773.0078125,3506200,0.0,0.0
2025-11-28 00:00:00+07:00,80000.0,80100.0,79200.0,79900.0,78674.5390625,3026700,0.0,0.0
2025-12-01 00:00:00+07:00,79700.0,80100.0,79500.0,80000.0,78773.0078125,2955600,0.0,0.0
2025-12-02 00:00:00+07:00,79800.0,80100.0,79300.0,80000.0,78773.0078125,3953000,0.0,0.0
2025-12-03 00:00:00+07:00,80200.0,85500.0,80200.0,84700.0,83400.921875,15177100,0.0,0.0
2025-12-04 00:00:00+07:00,80200.0,85500.0,80200.0,84700.0,83400.921875,15177100,0.0,0.0
2025-12-05 00:00:00+07:00,85700.0,85700.0,84100.0,85100.0,83794.7890625,6818100,0.0,0.0
2025-12-08 00:00:00+07:00,84300.0,85100.0,83500.0,84900.0,83597.8515625,4614500,0.0,0.0
2025-12-09 00:00:00+07:00,84500.0,84500.0,82500.0,84000.0,82711.65625,6672700,0.0,0.0
2025-12-10 00:00:00+07:00,83200.0,84400.0,82500.0,83000.0,81726.9921875,4887900,0.0,0.0
2025-12-11 00:00:00+07:00,83000.0,83600.0,82300.0,82300.0,81037.734375,3015900,0.0,0.0
2025-12-12 00:00:00+07:00,82300.0,82300.0,78500.0,78500.0,77296.015625,8896500,0.0,0.0
2025-12-15 00:00:00+07:00,78400.0,79200.0,77600.0,77700.0,76508.28125,5323900,0.0,0.0
2025-12-16 00:00:00+07:00,77800.0,82000.0,77500.0,82000.0,80742.3359375,7552000,0.0,0.0
2025-12-17 00:00:00+07:00,81900.0,83000.0,80800.0,81900.0,80643.8671875,4829800,0.0,0.0
2025-12-18 00:00:00+07:00,81900.0,83000.0,80800.0,81900.0,80643.8671875,4829800,0.0,0.0
2025-12-19 00:00:00+07:00,81500.0,83000.0,81300.0,82900.0,81628.53125,5439900,0.0,0.0
2025-12-22 00:00:00+07:00,82700.0,85000.0,82700.0,85000.0,83696.3203125,7856400,0.0,0.0
2025-12-23 00:00:00+07:00,85000.0,88000.0,84900.0,87500.0,86157.9765625,13817800,0.0,0.0
2025-12-24 00:00:00+07:00,87600.0,88000.0,87000.0,88000.0,86650.3046875,6357400,0.0,0.0
2025-12-25 00:00:00+07:00,87600.0,88000.0,87000.0,88000.0,86650.3046875,6357400,0.0,0.0
2025-12-26 00:00:00+07:00,84200.0,87000.0,82600.0,87000.0,85665.6484375,9310200,0.0,0.0
2025-12-29 00:00:00+07:00,86200.0,87700.0,86100.0,87100.0,85764.109375,6228800,0.0,0.0
2025-12-30 00:00:00+07:00,87000.0,88500.0,86600.0,88500.0,87142.640625,7753100,0.0,0.0
2025-12-31 00:00:00+07:00,88000.0,88400.0,87600.0,88400.0,87044.171875,4804600,0.0,0.0
2026-01-01 00:00:00+07:00,88400.0,88400.0,88400.0,88400.0,87044.171875,0,0.0,0.0
2026-01-02 00:00:00+07:00,88400.0,88400.0,88400.0,88400.0,87044.171875,0,0.0,0.0
2026-01-05 00:00:00+07:00,87900.0,88200.0,85800.0,87400.0,86059.5078125,5947300,0.0,0.0
2026-01-06 00:00:00+07:00,86800.0,89300.0,86800.0,88800.0,87438.0390625,6390700,0.0,0.0
2026-01-07 00:00:00+07:00,89000.0,89900.0,88300.0,89800.0,88422.703125,4998000,0.0,0.0
2026-01-08 00:00:00+07:00,89800.0,89800.0,86200.0,87500.0,86157.9765625,10543900,0.0,0.0
2026-01-09 00:00:00+07:00,86400.0,87500.0,85600.0,86000.0,84680.984375,6472200,0.0,0.0
2026-01-12 00:00:00+07:00,86000.0,87500.0,85000.0,87500.0,86157.9765625,8471500,0.0,0.0
2026-01-13 00:00:00+07:00,87500.0,88700.0,86200.0,87100.0,85764.109375,6657100,0.0,0.0
2026-01-14 00:00:00+07:00,87100.0,87300.0,85100.0,86000.0,84680.984375,6951400,0.0,0.0
2026-01-15 00:00:00+07:00,85000.0,86900.0,84000.0,84000.0,82711.65625,7636600,0.0,0.0
2026-01-16 00:00:00+07:00,83800.0,87400.0,83800.0,87000.0,85665.6484375,7671600,0.0,0.0
2026-01-19 00:00:00+07:00,87400.0,87400.0,85500.0,86700.0,85370.25,3055300,0.0,0.0
2026-01-20 00:00:00+07:00,86700.0,88300.0,86000.0,86000.0,84680.984375,6841300,0.0,0.0
2026-01-21 00:00:00+07:00,85900.0,85900.0,84400.0,85400.0,84090.1875,5383600,0.0,0.0
2026-01-22 00:00:00+07:00,85000.0,86600.0,85000.0,86500.0,85173.3125,5450600,0.0,0.0
2026-01-23 00:00:00+07:00,86600.0,87700.0,85800.0,85800.0,84484.046875,6722800,0.0,0.0
2026-01-26 00:00:00+07:00,85800.0,85900.0,83900.0,84100.0,82810.125,6030600,0.0,0.0
2026-01-27 00:00:00+07:00,84200.0,85800.0,84000.0,85000.0,83696.3203125,5418600,0.0,0.0
2026-01-28 00:00:00+07:00,84900.0,85800.0,84300.0,85500.0,84188.6484375,6085200,0.0,0.0
2026-01-29 00:00:00+07:00,85700.0,89500.0,85300.0,89500.0,88127.3046875,15892000,0.0,0.0
2026-01-30 00:00:00+07:00,90000.0,93400.0,89800.0,92900.0,91475.15625,20845900,0.0,0.0
2026-02-02 00:00:00+07:00,93100.0,93900.0,90500.0,93700.0,92262.8828125,13866200,0.0,0.0
2026-02-03 00:00:00+07:00,94400.0,94400.0,91500.0,91500.0,90096.625,10130300,0.0,0.0
2026-02-04 00:00:00+07:00,91500.0,91900.0,90600.0,91800.0,90392.0234375,7656400,0.0,0.0
2026-02-05 00:00:00+07:00,91700.0,91800.0,90200.0,90200.0,88816.5625,5643400,0.0,0.0
2026-02-06 00:00:00+07:00,89700.0,89900.0,86000.0,88400.0,87044.171875,13814700,0.0,0.0
2026-02-09 00:00:00+07:00,89000.0,90000.0,88500.0,89300.0,87930.3671875,5452400,0.0,0.0
2026-02-10 00:00:00+07:00,89700.0,89700.0,87800.0,89300.0,87930.3671875,5950600,0.0,0.0
2026-02-11 00:00:00+07:00,89500.0,91900.0,89300.0,91900.0,90490.4921875,8987000,0.0,0.0
2026-02-12 00:00:00+07:00,92500.0,93900.0,91100.0,92900.0,91475.15625,7890300,0.0,0.0
2026-02-13 00:00:00+07:00,91900.0,93200.0,91500.0,92800.0,91376.6875,5511500,0.0,0.0
2026-02-16 00:00:00+07:00,92800.0,92800.0,92800.0,92800.0,91376.6875,0,0.0,0.0
2026-02-17 00:00:00+07:00,92800.0,92800.0,92800.0,92800.0,91376.6875,0,0.0,0.0
2026-02-18 00:00:00+07:00,92800.0,92800.0,92800.0,92800.0,91376.6875,0,0.0,0.0
2026-02-19 00:00:00+07:00,92800.0,92800.0,92800.0,92800.0,91376.6875,0,0.0,0.0
2026-02-20 00:00:00+07:00,92800.0,92800.0,92800.0,92800.0,91376.6875,0,0.0,0.0
2026-02-23 00:00:00+07:00,92900.0,93100.0,91100.0,92000.0,90588.9609375,5003100,0.0,0.0
2026-02-24 00:00:00+07:00,91600.0,92200.0,90500.0,92200.0,90785.890625,6601300,0.0,0.0
2026-02-25 00:00:00+07:00,92200.0,94100.0,92000.0,93000.0,91573.625,8132700,0.0,0.0
2026-02-26 00:00:00+07:00,93000.0,94300.0,92500.0,93600.0,92164.421875,5011100,0.0,0.0
2026-02-27 00:00:00+07:00,93700.0,93900.0,92600.0,93100.0,91672.0859375,5224300,0.0,0.0
2026-03-02 00:00:00+07:00,91800.0,92200.0,90000.0,90000.0,88619.6328125,10738700,0.0,0.0
2026-03-03 00:00:00+07:00,91800.0,92200.0,90000.0,90000.0,88619.6328125,10738700,0.0,0.0
2026-03-04 00:00:00+07:00,87100.0,88800.0,83800.0,88800.0,87438.0390625,13414100,0.0,0.0
2026-03-05 00:00:00+07:00,88900.0,89000.0,85200.0,85200.0,83893.25,11270500,0.0,0.0
2026-03-06 00:00:00+07:00,84800.0,84800.0,81700.0,82700.0,81431.59375,13359400,0.0,0.0
2026-03-09 00:00:00+07:00,77000.0,77000.0,77000.0,77000.0,75819.0234375,4983800,0.0,0.0
2026-03-10 00:00:00+07:00,79000.0,81800.0,77400.0,81000.0,79757.671875,21042400,0.0,0.0
2026-03-11 00:00:00+07:00,81000.0,86600.0,80500.0,86500.0,85173.3125,17339300,0.0,0.0
2026-03-12 00:00:00+07:00,84000.0,86500.0,83100.0,84600.0,83302.453125,10104500,0.0,0.0
2026-03-13 00:00:00+07:00,84500.0,84500.0,82000.0,82000.0,80742.3359375,6260000,0.0,0.0
2026-03-16 00:00:00+07:00,81900.0,82200.0,80400.0,80600.0,79363.8046875,5282300,0.0,0.0
2026-03-17 00:00:00+07:00,81500.0,83800.0,81500.0,82700.0,81431.59375,3811100,0.0,0.0
2026-03-18 00:00:00+07:00,82800.0,84300.0,82400.0,83700.0,82416.2578125,4304400,0.0,0.0
2026-03-19 00:00:00+07:00,82000.0,82600.0,81400.0,82400.0,81136.1953125,7916000,0.0,0.0
2026-03-20 00:00:00+07:00,82100.0,82100.0,79700.0,79700.0,78477.609375,6488600,0.0,0.0
2026-03-23 00:00:00+07:00,78000.0,78100.0,74200.0,74200.0,73061.9609375,17473900,0.0,0.0
2026-03-24 00:00:00+07:00,76600.0,76800.0,75000.0,76000.0,74834.359375,7903300,0.0,0.0
2026-03-25 00:00:00+07:00,77000.0,79500.0,76800.0,79200.0,77985.2734375,7550200,0.0,0.0
2026-03-26 00:00:00+07:00,78000.0,78900.0,77400.0,78500.0,77296.015625,7066800,0.0,0.0
2026-03-27 00:00:00+07:00,78600.0,81800.0,78200.0,81000.0,79757.671875,7595000,0.0,0.0
2026-03-30 00:00:00+07:00,78900.0,80800.0,78600.0,80800.0,79560.734375,6027600,0.0,0.0
2026-03-31 00:00:00+07:00,80800.0,82100.0,80500.0,81800.0,80545.3984375,6582900,0.0,0.0
2026-04-01 00:00:00+07:00,83000.0,83900.0,81800.0,82400.0,81136.1953125,5736600,0.0,0.0
2026-04-02 00:00:00+07:00,81800.0,81800.0,80000.0,81800.0,80545.3984375,5675700,0.0,0.0
2026-04-03 00:00:00+07:00,81500.0,81500.0,79200.0,79300.0,78083.7421875,6903100,0.0,0.0
2026-04-06 00:00:00+07:00,78300.0,79300.0,77600.0,78300.0,77099.078125,6411000,0.0,0.0
2026-04-07 00:00:00+07:00,78400.0,78800.0,76600.0,78000.0,76803.6796875,3806200,0.0,0.0
2026-04-08 00:00:00+07:00,80600.0,82000.0,79900.0,81900.0,80643.8671875,10192500,0.0,0.0
2026-04-09 00:00:00+07:00,80900.0,82000.0,80700.0,80700.0,79462.2734375,3649300,0.0,0.0
2026-04-10 00:00:00+07:00,81300.0,82200.0,81000.0,81500.0,80250.0,4667000,0.0,0.0
2026-04-13 00:00:00+07:00,80800.0,81300.0,79800.0,81300.0,80053.0703125,4806700,0.0,0.0
2026-04-14 00:00:00+07:00,82100.0,82700.0,81400.0,81600.0,80348.46875,4600700,0.0,0.0
2026-04-15 00:00:00+07:00,82000.0,82000.0,80000.0,80000.0,78773.0078125,3798700,0.0,0.0
2026-04-16 00:00:00+07:00,80200.0,82000.0,80200.0,81300.0,80053.0703125,5775900,0.0,0.0
2026-04-17 00:00:00+07:00,82600.0,86900.0,82500.0,86900.0,85567.1796875,15089000,0.0,0.0
2026-04-20 00:00:00+07:00,87500.0,88500.0,86400.0,87300.0,85961.046875,10168300,0.0,0.0
2026-04-21 00:00:00+07:00,87400.0,87400.0,85600.0,85600.0,84287.1171875,7226400,0.0,0.0
2026-04-22 00:00:00+07:00,85400.0,86400.0,84800.0,86400.0,85074.8515625,9172200,0.0,0.0
2026-04-23 00:00:00+07:00,86400.0,86800.0,84300.0,84500.0,83203.9921875,5417100,0.0,0.0
2026-04-24 00:00:00+07:00,84500.0,85200.0,83500.0,83500.0,82219.328125,4634400,0.0,0.0
2026-04-27 00:00:00+07:00,83500.0,83500.0,83500.0,83500.0,82219.328125,0,0.0,0.0
2026-04-28 00:00:00+07:00,83700.0,85900.0,83700.0,85600.0,84287.1171875,5380700,0.0,0.0
2026-04-29 00:00:00+07:00,85000.0,85700.0,84000.0,84000.0,82711.65625,4897200,0.0,0.0
2026-04-30 00:00:00+07:00,84000.0,84000.0,84000.0,84000.0,82711.65625,0,0.0,0.0
2026-05-01 00:00:00+07:00,84000.0,84000.0,84000.0,84000.0,82711.65625,0,0.0,0.0
2026-05-04 00:00:00+07:00,84700.0,85400.0,83400.0,84900.0,83597.8515625,6372100,0.0,0.0
2026-05-05 00:00:00+07:00,84600.0,85400.0,84100.0,84800.0,83499.390625,4720200,0.0,0.0
2026-05-06 00:00:00+07:00,85200.0,86400.0,84900.0,86000.0,84680.984375,6696800,0.0,0.0
2026-05-07 00:00:00+07:00,86200.0,87400.0,86000.0,86000.0,84680.984375,6344700,0.0,0.0
2026-05-08 00:00:00+07:00,85700.0,85900.0,84600.0,84600.0,83302.453125,4605300,0.0,0.0
2026-05-11 00:00:00+07:00,84300.0,85200.0,83500.0,83500.0,82219.328125,5716900,0.0,0.0
2026-05-12 00:00:00+07:00,83500.0,84300.0,82600.0,83800.0,82514.7265625,4934800,0.0,0.0
2026-05-13 00:00:00+07:00,84000.0,84300.0,82700.0,83700.0,82416.2578125,3536900,0.0,0.0
2026-05-14 00:00:00+07:00,83700.0,84600.0,83200.0,84200.0,82908.59375,4001800,0.0,0.0
2026-05-15 00:00:00+07:00,84500.0,84600.0,82000.0,82000.0,80742.3359375,6691900,0.0,0.0
2026-05-18 00:00:00+07:00,82000.0,82000.0,79000.0,79000.0,77788.34375,11953700,0.0,0.0
2026-05-19 00:00:00+07:00,79200.0,79700.0,78100.0,78200.0,77000.6171875,7953500,0.0,0.0
2026-05-20 00:00:00+07:00,78200.0,78800.0,74200.0,77200.0,76015.953125,8786000,0.0,0.0
2026-05-21 00:00:00+07:00,78200.0,79500.0,77700.0,79500.0,78280.6796875,6597700,0.0,0.0
2026-05-22 00:00:00+07:00,80200.0,81000.0,79100.0,79400.0,78182.2109375,6083900,0.0,0.0
2026-05-25 00:00:00+07:00,80100.0,80100.0,78400.0,78700.0,77492.9453125,2510300,0.0,0.0
2026-05-26 00:00:00+07:00,79000.0,79400.0,78300.0,78500.0,77296.015625,2518800,0.0,0.0
2026-05-27 00:00:00+07:00,79100.0,80400.0,78800.0,80000.0,78773.0078125,4631100,0.0,0.0
2026-05-28 00:00:00+07:00,80000.0,80300.0,77700.0,77700.0,76508.28125,4026400,0.0,0.0
2026-05-29 00:00:00+07:00,77700.0,78300.0,75800.0,76300.0,75129.7578125,7834500,0.0,0.0
2026-06-01 00:00:00+07:00,76500.0,79100.0,76500.0,79100.0,77886.8125,3799400,0.0,0.0
2026-06-02 00:00:00+07:00,79400.0,79400.0,77500.0,77900.0,76705.21875,2969500,0.0,0.0
2026-06-03 00:00:00+07:00,77800.0,78500.0,76900.0,78500.0,77296.015625,4801100,0.0,0.0
2026-06-04 00:00:00+07:00,78500.0,78500.0,77000.0,78400.0,77197.546875,4308300,0.0,0.0
2026-06-05 00:00:00+07:00,78500.0,78900.0,77600.0,78000.0,76803.6796875,3241800,0.0,0.0
2026-06-08 00:00:00+07:00,77000.0,77300.0,76300.0,76400.0,75228.21875,4633800,0.0,0.0
2026-06-09 00:00:00+07:00,76500.0,77500.0,76300.0,77400.0,76212.8828125,1770800,0.0,0.0
2026-06-10 00:00:00+07:00,77100.0,78300.0,76600.0,78200.0,77000.6171875,2866200,0.0,0.0
2026-06-11 00:00:00+07:00,78300.0,78500.0,76900.0,76900.0,75720.5546875,3302700,0.0,0.0
2026-06-12 00:00:00+07:00,77800.0,77800.0,76300.0,76400.0,75228.21875,4139700,0.0,0.0
2026-06-15 00:00:00+07:00,77000.0,79700.0,77000.0,79400.0,78182.2109375,7871700,0.0,0.0
2026-06-16 00:00:00+07:00,79400.0,79800.0,78800.0,79400.0,78182.2109375,3183300,0.0,0.0
2026-06-17 00:00:00+07:00,79300.0,79800.0,78700.0,79100.0,77886.8125,4068800,0.0,0.0
2026-06-18 00:00:00+07:00,78600.0,79000.0,78000.0,78700.0,77492.9453125,3234500,0.0,0.0
2026-06-19 00:00:00+07:00,78700.0,78900.0,77500.0,78000.0,76803.6796875,2425600,0.0,0.0
2026-06-22 00:00:00+07:00,78000.0,78000.0,77000.0,77200.0,76015.953125,2992900,0.0,0.0
2026-06-23 00:00:00+07:00,77100.0,77200.0,76000.0,76000.0,74834.359375,6295100,0.0,0.0
2026-06-24 00:00:00+07:00,76000.0,77800.0,75000.0,77800.0,76606.75,4218000,0.0,0.0
2026-06-25 00:00:00+07:00,77100.0,77500.0,76700.0,77200.0,76015.953125,3553800,0.0,0.0
2026-06-26 00:00:00+07:00,77100.0,78500.0,76500.0,78500.0,77296.015625,4859300,0.0,0.0
2026-06-29 00:00:00+07:00,78400.0,79200.0,78100.0,79000.0,77788.34375,4268900,0.0,0.0
2026-06-30 00:00:00+07:00,78800.0,79000.0,77600.0,78100.0,76902.1484375,4008800,0.0,0.0
2026-07-01 00:00:00+07:00,78800.0,79000.0,77600.0,78100.0,76902.1484375,4008800,0.0,0.0
2026-07-02 00:00:00+07:00,80200.0,81400.0,79400.0,79700.0,78477.609375,4640200,0.0,0.0
2026-07-03 00:00:00+07:00,79600.0,79600.0,78300.0,78900.0,77689.875,3276600,0.0,0.0
2026-07-06 00:00:00+07:00,78600.0,78800.0,76700.0,78000.0,76803.6796875,4935700,0.0,0.0
2026-07-07 00:00:00+07:00,78100.0,78300.0,77400.0,77500.0,76311.3515625,2154600,0.0,0.0
2026-07-08 00:00:00+07:00,77500.0,79200.0,77300.0,78800.0,77591.4140625,3145900,0.0,0.0
2026-07-09 00:00:00+07:00,78400.0,78500.0,77800.0,78500.0,77296.015625,1582900,0.0,0.0
2026-07-10 00:00:00+07:00,78900.0,78900.0,76600.0,76600.0,75425.15625,3169000,0.0,0.0
2026-07-13 00:00:00+07:00,76800.0,77300.0,76000.0,76000.0,74834.359375,3721700,0.0,0.0
2026-07-14 00:00:00+07:00,75800.0,76800.0,75200.0,76800.0,75622.0859375,2788000,0.0,0.0
2026-07-15 00:00:00+07:00,76800.0,76800.0,75800.0,76200.0,75031.2890625,1802400,0.0,0.0
2026-07-16 00:00:00+07:00,76200.0,76700.0,75000.0,76700.0,75523.6171875,4353900,0.0,0.0
2026-07-17 00:00:00+07:00,76500.0,76700.0,75900.0,76700.0,75523.6171875,1827000,0.0,0.0
2026-07-20 00:00:00+07:00,76900.0,76900.0,74000.0,75200.0,74046.625,7676900,0.0,0.0
2026-07-21 00:00:00+07:00,75100.0,76400.0,74300.0,75900.0,74735.890625,2872900,0.0,0.0
2026-07-22 00:00:00+07:00,75900.0,76000.0,70600.0,70600.0,69517.1796875,13474000,0.0,0.0
2026-07-23 00:00:00+07:00,70500.0,71700.0,67100.0,71500.0,70403.375,9066200,0.0,0.0
2026-07-24 00:00:00+07:00,69600.0,70900.0,68000.0,68000.0,66957.0546875,3613700,0.0,0.0
2026-07-27 00:00:00+07:00,68500.0,69000.0,63300.0,63300.0,62329.140625,7694800,0.0,0.0
2026-07-28 00:00:00+07:00,63900.0,65900.0,62500.0,65200.0,64200.0,6958300,0.0,0.0
2026-07-29 00:00:00+07:00,65000.0,67800.0,64600.0,66500.0,66500.0,4613000,1000.0,0.0
2026-07-30 00:00:00+07:00,66500.0,70900.0,66100.0,69800.0,69800.0,8424500,0.0,0.0
2026-07-31 00:00:00+07:00,70500.0,70500.0,68500.0,69900.0,69900.0,4562900,0.0,0.0
2026-08-03 00:00:00+07:00,70000.0,73000.0,69900.0,72500.0,72500.0,5091200,0.0,0.0
2026-08-04 00:00:00+07:00,72200.0,72900.0,71400.0,72100.0,72100.0,3706800,0.0,0.0
2026-08-05 00:00:00+07:00,72400.0,72900.0,71000.0,72200.0,72200.0,3955700,0.0,0.0
2026-08-06 00:00:00+07:00,71500.0,71900.0,69800.0,71200.0,71200.0,5330100,0.0,0.0
2026-08-07 00:00:00+07:00,71300.0,71600.0,70200.0,71000.0,71000.0,3084600,0.0,0.0
2026-08-10 00:00:00+07:00,71000.0,73800.0,70700.0,73000.0,73000.0,4628400,0.0,0.0
2026-08-11 00:00:00+07:00,72300.0,74000.0,72300.0,73200.0,73200.0,3120600,0.0,0.0
2026-08-12 00:00:00+07:00,73300.0,74200.0,73200.0,74000.0,74000.0,3065700,0.0,0.0
2026-08-13 00:00:00+07:00,74000.0,74700.0,72800.0,73600.0,73600.0,2669200,0.0,0.0
2026-08-14 00:00:00+07:00,73100.0,73500.0,72200.0,72400.0,72400.0,3164500,0.0,0.0
2026-08-17 00:00:00+07:00,72300.0,74200.0,71800.0,73500.0,73500.0,2140400,0.0,0.0
2026-08-18 00:00:00+07:00,73600.0,73900.0,72100.0,72800.0,72800.0,1649500,0.0,0.0
2026-08-19 00:00:00+07:00,72700.0,72700.0,71200.0,72200.0,72200.0,1995300,0.0,0.0
2026-08-20 00:00:00+07:00,72300.0,73200.0,71900.0,72700.0,72700.0,2493500,0.0,0.0
2026-08-21 00:00:00+07:00,72500.0,75100.0,71800.0,75000.0,75000.0,4995900,0.0,0.0
2026-08-24 00:00:00+07:00,75500.0,75600.0,74600.0,75100.0,75100.0,2470100,0.0,0.0
2026-08-25 00:00:00+07:00,75000.0,75300.0,73800.0,73900.0,73900.0,2556400,0.0,0.0
2026-08-26 00:00:00+07:00,73900.0,75500.0,73200.0,75500.0,75500.0,2162400,0.0,0.0
2026-08-27 00:00:00+07:00,75500.0,75900.0,74800.0,75900.0,75900.0,2305700,0.0,0.0
2026-08-28 00:00:00+07:00,75700.0,75700.0,74800.0,75000.0,75000.0,2717400,0.0,0.0
2026-08-31 00:00:00+07:00,75000.0,75000.0,75000.0,75000.0,75000.0,0,0.0,0.0
