Date,Open,High,Low,Close,Adj Close,Volume,Dividends,Stock Splits
2020-01-01 00:00:00+07:00,2274.39208984375,2274.39208984375,2274.39208984375,2274.39208984375,2101.699462890625,0,0.0,0.0
2020-01-02 00:00:00+07:00,2274.39208984375,2344.37353515625,2274.39208984375,2344.37353515625,2166.3671875,15050264,0.0,0.0
2020-01-03 00:00:00+07:00,2344.37353515625,2344.37353515625,2274.39208984375,2274.39208984375,2101.699462890625,7878202,0.0,0.0
2020-01-06 00:00:00+07:00,2274.39208984375,2274.39208984375,2274.39208984375,2274.39208984375,2101.699462890625,0,0.0,0.0
2020-01-07 00:00:00+07:00,2239.4013671875,2309.3828125,2239.4013671875,2239.4013671875,2069.365478515625,24692451,0.0,0.0
2020-01-08 00:00:00+07:00,2239.4013671875,2309.3828125,2204.410888671875,2239.4013671875,2069.365478515625,54174983,0.0,0.0
2020-01-09 00:00:00+07:00,2274.39208984375,2344.37353515625,2239.4013671875,2274.39208984375,2101.699462890625,13045219,0.0,0.0
2020-01-10 00:00:00+07:00,2309.3828125,2484.3359375,2309.3828125,2484.3359375,2295.702392578125,34507200,0.0,0.0
2020-01-13 00:00:00+07:00,2484.3359375,2554.3173828125,2449.345458984375,2519.32666015625,2328.036376953125,19544307,0.0,0.0
2020-01-14 00:00:00+07:00,2519.32666015625,2554.3173828125,2484.3359375,2519.32666015625,2328.036376953125,12045301,0.0,0.0
2020-01-15 00:00:00+07:00,2519.32666015625,2589.307861328125,2484.3359375,2589.307861328125,2392.7041015625,17299173,0.0,0.0
2020-01-16 00:00:00+07:00,2589.307861328125,2694.280029296875,2589.307861328125,2624.298583984375,2425.037841796875,17304795,0.0,0.0
2020-01-17 00:00:00+07:00,2624.298583984375,2694.280029296875,2554.3173828125,2554.3173828125,2360.370361328125,16013790,0.0,0.0
2020-01-20 00:00:00+07:00,2554.3173828125,2589.307861328125,2519.32666015625,2519.32666015625,2328.036376953125,16796622,0.0,0.0
2020-01-21 00:00:00+07:00,2484.3359375,2659.289306640625,2484.3359375,2589.307861328125,2392.7041015625,11739156,0.0,0.0
2020-01-22 00:00:00+07:00,2589.307861328125,2694.280029296875,2589.307861328125,2694.280029296875,2489.705810546875,15993164,0.0,0.0
2020-01-23 00:00:00+07:00,2694.280029296875,2694.280029296875,2694.280029296875,2694.280029296875,2489.705810546875,0,0.0,0.0
2020-01-24 00:00:00+07:00,2694.280029296875,2694.280029296875,2694.280029296875,2694.280029296875,2489.705810546875,0,0.0,0.0
2020-01-27 00:00:00+07:00,2694.280029296875,2694.280029296875,2694.280029296875,2694.280029296875,2489.705810546875,0,0.0,0.0
2020-01-28 00:00:00+07:00,2694.280029296875,2694.280029296875,2694.280029296875,2694.280029296875,2489.705810546875,0,0.0,0.0
2020-01-29 00:00:00+07:00,2694.280029296875,2694.280029296875,2694.280029296875,2694.280029296875,2489.705810546875,0,0.0,0.0
2020-01-30 00:00:00+07:00,2659.289306640625,2764.26123046875,2589.307861328125,2624.298583984375,2425.037841796875,26022295,0.0,0.0
2020-01-31 00:00:00+07:00,2624.298583984375,2764.26123046875,2589.307861328125,2624.298583984375,2425.037841796875,54408128,0.0,0.0
2020-02-03 00:00:00+07:00,2394.672607421875,2591.494873046875,2394.672607421875,2591.494873046875,2394.72509765625,78300904,0.0,0.0
2020-02-04 00:00:00+07:00,2657.20068359375,2696.860595703125,2617.541015625,2696.860595703125,2492.09033203125,18647816,0.0,1.209
2020-02-05 00:00:00+07:00,2696.860595703125,2696.860595703125,2696.860595703125,2696.860595703125,2492.09033203125,0,0.0,0.0
2020-02-06 00:00:00+07:00,3130.473388671875,3299.688232421875,3130.473388671875,3215.080810546875,2970.962646484375,21521475,0.0,0.0
2020-02-07 00:00:00+07:00,3215.080810546875,3257.384521484375,3003.562255859375,3003.562255859375,2775.50439453125,25744097,0.0,0.0
2020-02-10 00:00:00+07:00,3003.562255859375,3003.562255859375,3003.562255859375,3003.562255859375,2775.50439453125,0,0.0,0.0
2020-02-11 00:00:00+07:00,2918.954833984375,3045.865966796875,2876.651123046875,3045.865966796875,2814.595947265625,22488121,0.0,0.0
2020-02-12 00:00:00+07:00,3045.865966796875,3130.473388671875,3045.865966796875,3088.169677734375,2853.687744140625,23778987,0.0,0.0
2020-02-13 00:00:00+07:00,3088.169677734375,3088.169677734375,3088.169677734375,3088.169677734375,2853.687744140625,0,0.0,0.0
2020-02-14 00:00:00+07:00,3088.169677734375,3088.169677734375,3088.169677734375,3088.169677734375,2853.687744140625,0,0.0,0.0
2020-02-17 00:00:00+07:00,3088.169677734375,3172.777099609375,3045.865966796875,3130.473388671875,2892.779296875,16122488,0.0,0.0
2020-02-18 00:00:00+07:00,3130.473388671875,3130.473388671875,3130.473388671875,3130.473388671875,2892.779296875,0,0.0,0.0
2020-02-19 00:00:00+07:00,3088.169677734375,3088.169677734375,2961.258544921875,2961.258544921875,2736.412841796875,16243872,0.0,0.0
2020-02-20 00:00:00+07:00,2961.258544921875,3045.865966796875,2918.954833984375,2918.954833984375,2697.3212890625,22514580,0.0,0.0
2020-02-21 00:00:00+07:00,2961.258544921875,3003.562255859375,2876.651123046875,2918.954833984375,2697.3212890625,10450600,0.0,0.0
2020-02-24 00:00:00+07:00,2918.954833984375,3045.865966796875,2834.347412109375,3003.562255859375,2775.50439453125,52521742,0.0,0.0
2020-02-25 00:00:00+07:00,2961.258544921875,3130.473388671875,2918.954833984375,3088.169677734375,2853.687744140625,33176372,0.0,0.0
2020-02-26 00:00:00+07:00,3088.169677734375,3384.29541015625,3045.865966796875,3384.29541015625,3127.328857421875,75910019,0.0,0.0
2020-02-27 00:00:00+07:00,3384.29541015625,3384.29541015625,3384.29541015625,3384.29541015625,3127.328857421875,0,0.0,0.0
2020-02-28 00:00:00+07:00,3384.29541015625,3384.29541015625,3384.29541015625,3384.29541015625,3127.328857421875,0,0.0,0.0
2020-03-02 00:00:00+07:00,4018.850830078125,4441.8876953125,3849.63623046875,4441.8876953125,4104.619140625,129127750,0.0,0.0
2020-03-03 00:00:00+07:00,4441.8876953125,4864.9248046875,4357.2802734375,4780.3173828125,4417.3525390625,103095002,0.0,0.0
2020-03-04 00:00:00+07:00,4695.7099609375,5076.443359375,4568.798828125,5076.443359375,4690.99365234375,118258143,0.0,0.0
2020-03-05 00:00:00+07:00,4695.7099609375,5076.443359375,4568.798828125,5076.443359375,4690.99365234375,118258143,0.0,0.0
2020-03-06 00:00:00+07:00,5457.17626953125,5499.47998046875,5076.443359375,5245.658203125,4847.3603515625,52589081,0.0,0.0
2020-03-09 00:00:00+07:00,4780.3173828125,5118.7470703125,4738.013671875,4738.013671875,4378.26025390625,10403370,0.0,0.0
2020-03-10 00:00:00+07:00,4272.6728515625,4738.013671875,4272.6728515625,4272.6728515625,3948.25244140625,34699563,0.0,0.0
2020-03-11 00:00:00+07:00,4061.154541015625,4695.7099609375,4018.850830078125,4695.7099609375,4339.1689453125,70388929,0.0,0.0
2020-03-12 00:00:00+07:00,4695.7099609375,4864.9248046875,4568.798828125,4738.013671875,4378.26025390625,40116031,0.0,0.0
2020-03-13 00:00:00+07:00,4526.4951171875,4780.3173828125,4272.6728515625,4653.40625,4300.0771484375,68275501,0.0,0.0
2020-03-16 00:00:00+07:00,4611.1025390625,4653.40625,4441.8876953125,4653.40625,4300.0771484375,20549668,0.0,0.0
2020-03-17 00:00:00+07:00,4526.4951171875,4780.3173828125,4399.583984375,4780.3173828125,4417.3525390625,28842781,0.0,0.0
2020-03-18 00:00:00+07:00,4653.40625,5076.443359375,4653.40625,5034.1396484375,4651.90185546875,19754804,0.0,0.0
2020-03-19 00:00:00+07:00,5034.1396484375,5034.1396484375,4864.9248046875,4991.8359375,4612.810546875,11788218,0.0,0.0
2020-03-20 00:00:00+07:00,4949.5322265625,5076.443359375,4822.62109375,5076.443359375,4690.99365234375,14211607,0.0,0.0
2020-03-23 00:00:00+07:00,4907.228515625,5076.443359375,4907.228515625,4991.8359375,4612.810546875,32502483,0.0,0.0
2020-03-24 00:00:00+07:00,4949.5322265625,5076.443359375,4907.228515625,5034.1396484375,4651.90185546875,34011519,0.0,0.0
2020-03-25 00:00:00+07:00,5034.1396484375,5372.5693359375,5034.1396484375,5372.5693359375,4964.63525390625,14437401,0.0,0.0
2020-03-26 00:00:00+07:00,5372.5693359375,5414.87255859375,5203.3544921875,5287.9619140625,4886.45166015625,12301140,0.0,0.0
2020-03-27 00:00:00+07:00,5287.9619140625,5330.265625,5118.7470703125,5245.658203125,4847.3603515625,8679008,0.0,0.0
2020-03-30 00:00:00+07:00,5161.05078125,5245.658203125,4738.013671875,5034.1396484375,4651.90185546875,13817516,0.0,0.0
2020-03-31 00:00:00+07:00,5034.1396484375,5245.658203125,4568.798828125,5161.05078125,4769.1767578125,8387191,0.0,0.0
2020-04-01 00:00:00+07:00,5076.443359375,5499.47998046875,4653.40625,5457.17626953125,5042.81787109375,8927289,0.0,0.0
2020-04-02 00:00:00+07:00,5457.17626953125,5457.17626953125,5457.17626953125,5457.17626953125,5042.81787109375,0,0.0,0.0
2020-04-03 00:00:00+07:00,5457.17626953125,5626.39111328125,5414.87255859375,5626.39111328125,5199.18408203125,11308123,0.0,0.0
2020-04-06 00:00:00+07:00,5626.39111328125,5626.39111328125,5626.39111328125,5626.39111328125,5199.18408203125,0,0.0,0.0
2020-04-07 00:00:00+07:00,6176.33935546875,6303.25048828125,6007.12451171875,6303.25048828125,5824.650390625,18502932,0.0,0.0
2020-04-08 00:00:00+07:00,6260.94677734375,6557.07275390625,6176.33935546875,6557.07275390625,6059.19970703125,22314729,0.0,0.0
2020-04-09 00:00:00+07:00,6514.76904296875,6980.109375,6430.16162109375,6937.8056640625,6411.0244140625,19423996,0.0,0.0
2020-04-10 00:00:00+07:00,6895.501953125,7614.6650390625,6345.55419921875,7403.146484375,6841.0322265625,11619089,0.0,0.0
2020-04-13 00:00:00+07:00,7445.4501953125,7699.2724609375,7191.6279296875,7530.0576171875,6958.30712890625,18314769,0.0,0.0
2020-04-14 00:00:00+07:00,7530.0576171875,7530.0576171875,7233.931640625,7530.0576171875,6958.30712890625,19876668,0.0,0.0
2020-04-15 00:00:00+07:00,7530.0576171875,7530.0576171875,7530.0576171875,7530.0576171875,6958.30712890625,0,0.0,0.0
2020-04-16 00:00:00+07:00,7530.0576171875,7530.0576171875,7530.0576171875,7530.0576171875,6958.30712890625,0,0.0,0.0
2020-04-17 00:00:00+07:00,7403.146484375,7699.2724609375,7403.146484375,7614.6650390625,7036.490234375,11660194,0.0,0.0
2020-04-20 00:00:00+07:00,7614.6650390625,7614.6650390625,7614.6650390625,7614.6650390625,7036.490234375,0,0.0,0.0
2020-04-21 00:00:00+07:00,7614.6650390625,7614.6650390625,7614.6650390625,7614.6650390625,7036.490234375,0,0.0,0.0
2020-04-22 00:00:00+07:00,7614.6650390625,7614.6650390625,7614.6650390625,7614.6650390625,7036.490234375,0,0.0,0.0
2020-04-23 00:00:00+07:00,6853.1982421875,7107.0205078125,6810.89453125,6937.8056640625,6411.0244140625,7659673,0.0,0.0
2020-04-24 00:00:00+07:00,6768.5908203125,6937.8056640625,6768.5908203125,6937.8056640625,6411.0244140625,2923066,0.0,0.0
2020-04-27 00:00:00+07:00,6895.501953125,6937.8056640625,6726.287109375,6810.89453125,6293.74951171875,4160305,0.0,0.0
2020-04-28 00:00:00+07:00,6810.89453125,6810.89453125,6514.76904296875,6768.5908203125,6254.65771484375,5625019,0.0,0.0
2020-04-29 00:00:00+07:00,6768.5908203125,6768.5908203125,6641.6796875,6726.287109375,6215.56640625,6755944,0.0,0.0
2020-04-30 00:00:00+07:00,6726.287109375,6726.287109375,6726.287109375,6726.287109375,6215.56640625,0,0.0,0.0
2020-05-01 00:00:00+07:00,6726.287109375,6726.287109375,6726.287109375,6726.287109375,6215.56640625,0,0.0,0.0
2020-05-04 00:00:00+07:00,6683.9833984375,6683.9833984375,6557.07275390625,6599.37646484375,6098.2919921875,4545645,0.0,0.0
2020-05-05 00:00:00+07:00,6557.07275390625,6683.9833984375,6387.85791015625,6430.16162109375,5941.92529296875,5791097,0.0,0.0
2020-05-06 00:00:00+07:00,6430.16162109375,6557.07275390625,6260.94677734375,6557.07275390625,6059.19970703125,6465116,0.0,0.0
2020-05-07 00:00:00+07:00,6557.07275390625,6810.89453125,6557.07275390625,6810.89453125,6293.74951171875,16951541,0.0,0.0
2020-05-08 00:00:00+07:00,6810.89453125,7191.6279296875,6557.07275390625,7191.6279296875,6645.57421875,9003712,0.0,0.0
2020-05-11 00:00:00+07:00,7191.6279296875,7403.146484375,7149.32421875,7403.146484375,6841.0322265625,4981314,0.0,0.0
2020-05-12 00:00:00+07:00,7403.146484375,7403.146484375,7233.931640625,7318.5390625,6762.84912109375,5653948,0.0,0.0
2020-05-13 00:00:00+07:00,7233.931640625,7360.8427734375,7149.32421875,7318.5390625,6762.84912109375,6450807,0.0,0.0
2020-05-14 00:00:00+07:00,7276.2353515625,7360.8427734375,7149.32421875,7276.2353515625,6723.75732421875,6336666,0.0,0.0
2020-05-15 00:00:00+07:00,7276.2353515625,7276.2353515625,6557.07275390625,6557.07275390625,6059.19970703125,10338945,0.0,0.0
2020-05-18 00:00:00+07:00,6557.07275390625,6557.07275390625,5922.51708984375,6303.25048828125,5824.650390625,15051815,0.0,0.0
2020-05-19 00:00:00+07:00,6303.25048828125,6514.76904296875,6091.73193359375,6134.03564453125,5668.2841796875,11240247,0.0,0.0
2020-05-20 00:00:00+07:00,6134.03564453125,6134.03564453125,5541.78369140625,5541.78369140625,5121.0009765625,18663542,0.0,0.0
2020-05-21 00:00:00+07:00,4991.8359375,5287.9619140625,4991.8359375,5076.443359375,4690.99365234375,62283175,0.0,0.0
2020-05-22 00:00:00+07:00,5076.443359375,5584.08740234375,4864.9248046875,5584.08740234375,5160.09228515625,38919847,0.0,0.0
2020-05-25 00:00:00+07:00,5753.30224609375,6134.03564453125,5541.78369140625,5964.82080078125,5511.91748046875,25115163,0.0,0.0
2020-05-26 00:00:00+07:00,5837.90966796875,6049.42822265625,5541.78369140625,5922.51708984375,5472.82568359375,23483287,0.0,0.0
2020-05-27 00:00:00+07:00,5880.21337890625,6007.12451171875,5668.69482421875,5753.30224609375,5316.45947265625,27960905,0.0,0.0
2020-05-28 00:00:00+07:00,5753.30224609375,6049.42822265625,5668.69482421875,5964.82080078125,5511.91748046875,25850841,0.0,0.0
2020-05-29 00:00:00+07:00,5964.82080078125,5964.82080078125,5795.60595703125,5922.51708984375,5472.82568359375,16011152,0.0,0.0
2020-06-01 00:00:00+07:00,5922.51708984375,6007.12451171875,5795.60595703125,5964.82080078125,5511.91748046875,34770325,0.0,0.0
2020-06-02 00:00:00+07:00,5922.51708984375,6049.42822265625,5837.90966796875,5922.51708984375,5472.82568359375,11296410,0.0,0.0
2020-06-03 00:00:00+07:00,5922.51708984375,6430.16162109375,5837.90966796875,6430.16162109375,5941.92529296875,32481492,0.0,0.0
2020-06-04 00:00:00+07:00,6430.16162109375,6768.5908203125,6430.16162109375,6726.287109375,6215.56640625,54335607,0.0,0.0
2020-06-05 00:00:00+07:00,6726.287109375,6768.5908203125,6599.37646484375,6768.5908203125,6254.65771484375,13560139,0.0,0.0
2020-06-08 00:00:00+07:00,6768.5908203125,7022.4130859375,6726.287109375,6937.8056640625,6411.0244140625,18184014,0.0,0.0
2020-06-09 00:00:00+07:00,6853.1982421875,6980.109375,6810.89453125,6810.89453125,6293.74951171875,13637830,0.0,0.0
2020-06-10 00:00:00+07:00,6810.89453125,6937.8056640625,6683.9833984375,6853.1982421875,6332.8408203125,11516611,0.0,0.0
2020-06-11 00:00:00+07:00,6937.8056640625,7149.32421875,6557.07275390625,6557.07275390625,6059.19970703125,26164526,0.0,0.0
2020-06-12 00:00:00+07:00,6345.55419921875,6768.5908203125,5922.51708984375,6768.5908203125,6254.65771484375,9449165,0.0,0.0
2020-06-15 00:00:00+07:00,6768.5908203125,6937.8056640625,6557.07275390625,6683.9833984375,6176.474609375,16801993,0.0,0.0
2020-06-16 00:00:00+07:00,6895.501953125,6937.8056640625,6641.6796875,6810.89453125,6293.74951171875,19699182,0.0,0.0
2020-06-17 00:00:00+07:00,6768.5908203125,6810.89453125,6134.03564453125,6134.03564453125,5668.2841796875,12518750,0.0,0.0
2020-06-18 00:00:00+07:00,6134.03564453125,6218.64306640625,5837.90966796875,5922.51708984375,5472.82568359375,9661536,0.0,0.0
2020-06-19 00:00:00+07:00,5922.51708984375,6218.64306640625,5922.51708984375,6218.64306640625,5746.46728515625,7190880,0.0,0.0
2020-06-22 00:00:00+07:00,6218.64306640625,6387.85791015625,6134.03564453125,6134.03564453125,5668.2841796875,4730849,0.0,0.0
2020-06-23 00:00:00+07:00,6134.03564453125,6176.33935546875,5922.51708984375,6007.12451171875,5551.0087890625,7388231,0.0,0.0
2020-06-24 00:00:00+07:00,6007.12451171875,6176.33935546875,5880.21337890625,5880.21337890625,5433.73388671875,11045817,0.0,0.0
2020-06-25 00:00:00+07:00,5880.21337890625,6049.42822265625,5753.30224609375,6049.42822265625,5590.1005859375,2880221,0.0,0.0
2020-06-26 00:00:00+07:00,6049.42822265625,6176.33935546875,5922.51708984375,5922.51708984375,5472.82568359375,11018269,0.0,0.0
2020-06-29 00:00:00+07:00,5880.21337890625,5880.21337890625,5499.47998046875,5541.78369140625,5121.0009765625,4279354,0.0,0.0
2020-06-30 00:00:00+07:00,5584.08740234375,5710.99853515625,5161.05078125,5499.47998046875,5081.9091796875,7556489,0.0,0.0
2020-07-01 00:00:00+07:00,5499.47998046875,5668.69482421875,5203.3544921875,5584.08740234375,5160.09228515625,3523023,0.0,0.0
2020-07-02 00:00:00+07:00,5584.08740234375,5626.39111328125,5499.47998046875,5499.47998046875,5081.9091796875,2975508,0.0,0.0
2020-07-03 00:00:00+07:00,5499.47998046875,5541.78369140625,5414.87255859375,5414.87255859375,5003.72607421875,2969319,0.0,0.0
2020-07-06 00:00:00+07:00,5372.5693359375,5541.78369140625,5330.265625,5457.17626953125,5042.81787109375,6310356,0.0,0.0
2020-07-07 00:00:00+07:00,5457.17626953125,5668.69482421875,5076.443359375,5541.78369140625,5121.0009765625,6651230,0.0,0.0
2020-07-08 00:00:00+07:00,5245.658203125,5626.39111328125,5245.658203125,5541.78369140625,5121.0009765625,8090503,0.0,0.0
2020-07-09 00:00:00+07:00,5584.08740234375,5668.69482421875,5499.47998046875,5626.39111328125,5199.18408203125,8763317,0.0,0.0
2020-07-10 00:00:00+07:00,5626.39111328125,5668.69482421875,5541.78369140625,5541.78369140625,5121.0009765625,3402246,0.0,0.0
2020-07-13 00:00:00+07:00,5584.08740234375,5584.08740234375,5457.17626953125,5499.47998046875,5081.9091796875,8840027,0.0,0.0
2020-07-14 00:00:00+07:00,5499.47998046875,5499.47998046875,5414.87255859375,5499.47998046875,5081.9091796875,12078117,0.0,0.0
2020-07-15 00:00:00+07:00,5541.78369140625,5541.78369140625,5414.87255859375,5414.87255859375,5003.72607421875,10631400,0.0,0.0
2020-07-16 00:00:00+07:00,5414.87255859375,5499.47998046875,5372.5693359375,5457.17626953125,5042.81787109375,6650442,0.0,0.0
2020-07-17 00:00:00+07:00,5457.17626953125,5584.08740234375,5372.5693359375,5499.47998046875,5081.9091796875,8535689,0.0,0.0
2020-07-20 00:00:00+07:00,5499.47998046875,5541.78369140625,5414.87255859375,5457.17626953125,5042.81787109375,7610744,0.0,0.0
2020-07-21 00:00:00+07:00,5457.17626953125,5499.47998046875,5372.5693359375,5457.17626953125,5042.81787109375,12486396,0.0,0.0
2020-07-22 00:00:00+07:00,5457.17626953125,5457.17626953125,5330.265625,5372.5693359375,4964.63525390625,17070142,0.0,0.0
2020-07-23 00:00:00+07:00,5372.5693359375,5372.5693359375,5161.05078125,5161.05078125,4769.1767578125,19540582,0.0,0.0
2020-07-24 00:00:00+07:00,5203.3544921875,5245.658203125,4653.40625,4780.3173828125,4417.3525390625,7156261,0.0,0.0
2020-07-27 00:00:00+07:00,4653.40625,4695.7099609375,4314.9765625,4314.9765625,3987.344482421875,12460718,0.0,0.0
2020-07-28 00:00:00+07:00,4230.369140625,4738.013671875,4188.06591796875,4738.013671875,4378.26025390625,8390841,0.0,0.0
2020-07-29 00:00:00+07:00,4780.3173828125,5203.3544921875,4357.2802734375,5034.1396484375,4651.90185546875,7691316,0.0,0.0
2020-07-30 00:00:00+07:00,4991.8359375,5245.658203125,4907.228515625,5034.1396484375,4651.90185546875,5246943,0.0,0.0
2020-07-31 00:00:00+07:00,4907.228515625,5034.1396484375,4738.013671875,4991.8359375,4612.810546875,5316861,0.0,0.0
2020-08-03 00:00:00+07:00,4907.228515625,5161.05078125,4864.9248046875,5118.7470703125,4730.0849609375,5788678,0.0,0.0
2020-08-04 00:00:00+07:00,5203.3544921875,5330.265625,5118.7470703125,5330.265625,4925.54345703125,9638222,0.0,0.0
2020-08-05 00:00:00+07:00,5330.265625,5457.17626953125,5245.658203125,5457.17626953125,5042.81787109375,9179463,0.0,0.0
2020-08-06 00:00:00+07:00,5457.17626953125,5457.17626953125,5287.9619140625,5414.87255859375,5003.72607421875,5282555,0.0,0.0
2020-08-07 00:00:00+07:00,5372.5693359375,5457.17626953125,5287.9619140625,5287.9619140625,4886.45166015625,9225920,0.0,0.0
2020-08-10 00:00:00+07:00,5287.9619140625,5414.87255859375,5287.9619140625,5372.5693359375,4964.63525390625,8990160,0.0,0.0
2020-08-11 00:00:00+07:00,5330.265625,5372.5693359375,4991.8359375,5330.265625,4925.54345703125,7312425,0.0,0.0
2020-08-12 00:00:00+07:00,5287.9619140625,5372.5693359375,5245.658203125,5330.265625,4925.54345703125,6428140,0.0,0.0
2020-08-13 00:00:00+07:00,5372.5693359375,5372.5693359375,5245.658203125,5372.5693359375,4964.63525390625,7785331,0.0,0.0
2020-08-14 00:00:00+07:00,5372.5693359375,5372.5693359375,5118.7470703125,5287.9619140625,4886.45166015625,9523995,0.0,0.0
2020-08-17 00:00:00+07:00,5245.658203125,5287.9619140625,5161.05078125,5287.9619140625,4886.45166015625,22076500,0.0,0.0
2020-08-18 00:00:00+07:00,5245.658203125,5287.9619140625,5161.05078125,5245.658203125,4847.3603515625,24400847,0.0,0.0
2020-08-19 00:00:00+07:00,5245.658203125,5753.30224609375,5203.3544921875,5753.30224609375,5316.45947265625,44417364,0.0,0.0
2020-08-20 00:00:00+07:00,5710.99853515625,5880.21337890625,5626.39111328125,5668.69482421875,5238.27587890625,20653631,0.0,0.0
2020-08-21 00:00:00+07:00,5668.69482421875,5710.99853515625,5626.39111328125,5668.69482421875,5238.27587890625,8428377,0.0,0.0
2020-08-24 00:00:00+07:00,5541.78369140625,5922.51708984375,5541.78369140625,5795.60595703125,5355.55078125,36784062,0.0,0.0
2020-08-25 00:00:00+07:00,5795.60595703125,5922.51708984375,5710.99853515625,5753.30224609375,5316.45947265625,13861219,0.0,0.0
2020-08-26 00:00:00+07:00,5753.30224609375,5795.60595703125,5668.69482421875,5668.69482421875,5238.27587890625,7030419,0.0,0.0
2020-08-27 00:00:00+07:00,5668.69482421875,5753.30224609375,5626.39111328125,5753.30224609375,5316.45947265625,6974133,0.0,0.0
2020-08-28 00:00:00+07:00,5753.30224609375,6049.42822265625,5753.30224609375,5922.51708984375,5472.82568359375,16978444,0.0,0.0
2020-08-31 00:00:00+07:00,5922.51708984375,6049.42822265625,5880.21337890625,5880.21337890625,5433.73388671875,15698222,0.0,0.0
2020-09-01 00:00:00+07:00,5880.21337890625,5880.21337890625,5880.21337890625,5880.21337890625,5433.73388671875,0,0.0,0.0
2020-09-02 00:00:00+07:00,5880.21337890625,5880.21337890625,5880.21337890625,5880.21337890625,5433.73388671875,0,0.0,0.0
2020-09-03 00:00:00+07:00,5964.82080078125,6091.73193359375,5880.21337890625,5964.82080078125,5511.91748046875,7860906,0.0,0.0
2020-09-04 00:00:00+07:00,5964.82080078125,5964.82080078125,5710.99853515625,5922.51708984375,5472.82568359375,6882569,0.0,0.0
2020-09-07 00:00:00+07:00,5922.51708984375,6007.12451171875,5795.60595703125,5837.90966796875,5394.642578125,11616801,0.0,0.0
2020-09-08 00:00:00+07:00,5837.90966796875,5880.21337890625,5753.30224609375,5837.90966796875,5394.642578125,12125135,0.0,0.0
2020-09-09 00:00:00+07:00,5795.60595703125,5880.21337890625,5710.99853515625,5880.21337890625,5433.73388671875,9977540,0.0,0.0
2020-09-10 00:00:00+07:00,5880.21337890625,5964.82080078125,5880.21337890625,5880.21337890625,5433.73388671875,12862432,0.0,0.0
2020-09-11 00:00:00+07:00,5880.21337890625,6260.94677734375,5880.21337890625,6176.33935546875,5707.37548828125,16829093,0.0,0.0
2020-09-14 00:00:00+07:00,6176.33935546875,6260.94677734375,6049.42822265625,6134.03564453125,5668.2841796875,9287080,0.0,0.0
2020-09-15 00:00:00+07:00,6176.33935546875,6176.33935546875,6091.73193359375,6134.03564453125,5668.2841796875,7867490,0.0,0.0
2020-09-16 00:00:00+07:00,6134.03564453125,6176.33935546875,6049.42822265625,6049.42822265625,5590.1005859375,4833892,0.0,0.0
2020-09-17 00:00:00+07:00,6049.42822265625,6218.64306640625,6049.42822265625,6091.73193359375,5629.19189453125,7636359,0.0,0.0
2020-09-18 00:00:00+07:00,6091.73193359375,6176.33935546875,6091.73193359375,6134.03564453125,5668.2841796875,6252858,0.0,0.0
2020-09-21 00:00:00+07:00,6176.33935546875,6514.76904296875,6176.33935546875,6345.55419921875,5863.7421875,15065665,0.0,0.0
2020-09-22 00:00:00+07:00,6345.55419921875,6599.37646484375,6303.25048828125,6514.76904296875,6020.1083984375,21888336,0.0,0.0
2020-09-23 00:00:00+07:00,6557.07275390625,6599.37646484375,6472.46533203125,6557.07275390625,6059.19970703125,9213916,0.0,0.0
2020-09-24 00:00:00+07:00,6557.07275390625,6599.37646484375,6472.46533203125,6514.76904296875,6020.1083984375,26767922,0.0,0.0
2020-09-25 00:00:00+07:00,6514.76904296875,6557.07275390625,6387.85791015625,6514.76904296875,6020.1083984375,10666742,0.0,0.0
2020-09-28 00:00:00+07:00,6557.07275390625,6726.287109375,6472.46533203125,6599.37646484375,6098.2919921875,7516085,0.0,0.0
2020-09-29 00:00:00+07:00,6599.37646484375,6683.9833984375,6430.16162109375,6430.16162109375,5941.92529296875,13676082,0.0,0.0
2020-09-30 00:00:00+07:00,6430.16162109375,6514.76904296875,6387.85791015625,6514.76904296875,6020.1083984375,4821231,0.0,0.0
2020-10-01 00:00:00+07:00,6514.76904296875,6557.07275390625,6472.46533203125,6514.76904296875,6020.1083984375,5247801,0.0,0.0
2020-10-02 00:00:00+07:00,6514.76904296875,6641.6796875,6387.85791015625,6514.76904296875,6020.1083984375,13138736,0.0,0.0
2020-10-05 00:00:00+07:00,6514.76904296875,6726.287109375,6514.76904296875,6599.37646484375,6098.2919921875,5501285,0.0,0.0
2020-10-06 00:00:00+07:00,6641.6796875,6641.6796875,6514.76904296875,6514.76904296875,6020.1083984375,6870584,0.0,0.0
2020-10-07 00:00:00+07:00,6514.76904296875,6641.6796875,6472.46533203125,6514.76904296875,6020.1083984375,8978421,0.0,0.0
2020-10-08 00:00:00+07:00,6557.07275390625,6557.07275390625,6430.16162109375,6514.76904296875,6020.1083984375,11285832,0.0,0.0
2020-10-09 00:00:00+07:00,6514.76904296875,6641.6796875,6514.76904296875,6599.37646484375,6098.2919921875,8698918,0.0,0.0
2020-10-12 00:00:00+07:00,6599.37646484375,6726.287109375,6514.76904296875,6557.07275390625,6059.19970703125,14423125,0.0,0.0
2020-10-13 00:00:00+07:00,6599.37646484375,6599.37646484375,6472.46533203125,6514.76904296875,6020.1083984375,5536521,0.0,0.0
2020-10-14 00:00:00+07:00,6514.76904296875,6641.6796875,6472.46533203125,6599.37646484375,6098.2919921875,9168662,0.0,0.0
2020-10-15 00:00:00+07:00,6599.37646484375,6980.109375,6599.37646484375,6895.501953125,6371.9326171875,18656174,0.0,0.0
2020-10-16 00:00:00+07:00,6895.501953125,7022.4130859375,6810.89453125,6853.1982421875,6332.8408203125,6664176,0.0,0.0
2020-10-19 00:00:00+07:00,6853.1982421875,6853.1982421875,6726.287109375,6768.5908203125,6254.65771484375,7187112,0.0,0.0
2020-10-20 00:00:00+07:00,6768.5908203125,6768.5908203125,6641.6796875,6683.9833984375,6176.474609375,7082055,0.0,0.0
2020-10-21 00:00:00+07:00,6683.9833984375,6810.89453125,6683.9833984375,6683.9833984375,6176.474609375,5703192,0.0,0.0
2020-10-22 00:00:00+07:00,6726.287109375,6726.287109375,6599.37646484375,6641.6796875,6137.38330078125,4130067,0.0,0.0
2020-10-23 00:00:00+07:00,6683.9833984375,6895.501953125,6641.6796875,6810.89453125,6293.74951171875,17114158,0.0,0.0
2020-10-26 00:00:00+07:00,6853.1982421875,6937.8056640625,6726.287109375,6726.287109375,6215.56640625,8288957,0.0,0.0
2020-10-27 00:00:00+07:00,6726.287109375,6768.5908203125,6641.6796875,6641.6796875,6137.38330078125,18774396,0.0,0.0
2020-10-28 00:00:00+07:00,6599.37646484375,6641.6796875,6345.55419921875,6345.55419921875,5863.7421875,9637676,0.0,0.0
2020-10-29 00:00:00+07:00,6345.55419921875,6514.76904296875,6260.94677734375,6387.85791015625,5902.83349609375,6614306,0.0,0.0
2020-10-30 00:00:00+07:00,6430.16162109375,6557.07275390625,6345.55419921875,6514.76904296875,6020.1083984375,3448247,0.0,0.0
2020-11-02 00:00:00+07:00,6557.07275390625,6599.37646484375,6472.46533203125,6599.37646484375,6098.2919921875,4532599,0.0,0.0
2020-11-03 00:00:00+07:00,6641.6796875,6683.9833984375,6599.37646484375,6683.9833984375,6176.474609375,4866506,0.0,0.0
2020-11-04 00:00:00+07:00,6683.9833984375,6768.5908203125,6641.6796875,6768.5908203125,6254.65771484375,5190785,0.0,0.0
2020-11-05 00:00:00+07:00,6726.287109375,6768.5908203125,6641.6796875,6683.9833984375,6176.474609375,5852685,0.0,0.0
2020-11-06 00:00:00+07:00,6683.9833984375,6810.89453125,6641.6796875,6810.89453125,6293.74951171875,7811317,0.0,0.0
2020-11-09 00:00:00+07:00,6810.89453125,7191.6279296875,6768.5908203125,7191.6279296875,6645.57421875,18125986,0.0,0.0
2020-11-10 00:00:00+07:00,7191.6279296875,7403.146484375,7149.32421875,7191.6279296875,6645.57421875,8387875,0.0,0.0
2020-11-11 00:00:00+07:00,7149.32421875,7233.931640625,7064.716796875,7191.6279296875,6645.57421875,55936678,0.0,0.0
2020-11-12 00:00:00+07:00,7191.6279296875,7191.6279296875,7191.6279296875,7191.6279296875,6645.57421875,0,0.0,0.0
2020-11-13 00:00:00+07:00,7403.146484375,7403.146484375,7233.931640625,7318.5390625,6762.84912109375,15851691,0.0,0.0
2020-11-16 00:00:00+07:00,7318.5390625,7360.8427734375,7149.32421875,7191.6279296875,6645.57421875,6908789,0.0,0.0
2020-11-17 00:00:00+07:00,7191.6279296875,7318.5390625,7149.32421875,7318.5390625,6762.84912109375,16509522,0.0,0.0
2020-11-18 00:00:00+07:00,7318.5390625,7318.5390625,7191.6279296875,7318.5390625,6762.84912109375,8474676,0.0,0.0
2020-11-19 00:00:00+07:00,7318.5390625,7318.5390625,7149.32421875,7233.931640625,6684.66552734375,8265762,0.0,0.0
2020-11-20 00:00:00+07:00,7276.2353515625,7318.5390625,7191.6279296875,7233.931640625,6684.66552734375,5704312,0.0,0.0
2020-11-23 00:00:00+07:00,7233.931640625,7233.931640625,7149.32421875,7191.6279296875,6645.57421875,6479230,0.0,0.0
2020-11-24 00:00:00+07:00,7191.6279296875,7191.6279296875,6980.109375,7149.32421875,6606.482421875,12413755,0.0,0.0
2020-11-25 00:00:00+07:00,7149.32421875,7318.5390625,7022.4130859375,7233.931640625,6684.66552734375,21314734,0.0,0.0
2020-11-26 00:00:00+07:00,7233.931640625,7318.5390625,7149.32421875,7233.931640625,6684.66552734375,20838634,0.0,0.0
2020-11-27 00:00:00+07:00,7233.931640625,7233.931640625,7149.32421875,7191.6279296875,6645.57421875,13916997,0.0,0.0
2020-11-30 00:00:00+07:00,7191.6279296875,7233.931640625,7107.0205078125,7191.6279296875,6645.57421875,8274606,0.0,0.0
2020-12-01 00:00:00+07:00,7107.0205078125,7445.4501953125,7022.4130859375,7318.5390625,6762.84912109375,48100232,0.0,0.0
2020-12-02 00:00:00+07:00,7318.5390625,7445.4501953125,7276.2353515625,7360.8427734375,6801.9404296875,23668621,0.0,0.0
2020-12-03 00:00:00+07:00,7403.146484375,7403.146484375,7276.2353515625,7318.5390625,6762.84912109375,11178785,0.0,0.0
2020-12-04 00:00:00+07:00,7318.5390625,7318.5390625,7191.6279296875,7191.6279296875,6645.57421875,34569132,0.0,0.0
2020-12-07 00:00:00+07:00,7191.6279296875,7276.2353515625,7149.32421875,7233.931640625,6684.66552734375,18102322,0.0,0.0
2020-12-08 00:00:00+07:00,7233.931640625,7530.0576171875,7233.931640625,7403.146484375,6841.0322265625,56180900,0.0,0.0
2020-12-09 00:00:00+07:00,7445.4501953125,7487.75390625,7360.8427734375,7360.8427734375,6801.9404296875,23625894,0.0,0.0
2020-12-10 00:00:00+07:00,7360.8427734375,7403.146484375,7233.931640625,7233.931640625,6684.66552734375,21305089,0.0,0.0
2020-12-11 00:00:00+07:00,7233.931640625,7360.8427734375,7191.6279296875,7318.5390625,6762.84912109375,24300008,0.0,0.0
2020-12-14 00:00:00+07:00,7318.5390625,7360.8427734375,7233.931640625,7276.2353515625,6723.75732421875,28972056,0.0,0.0
2020-12-15 00:00:00+07:00,7276.2353515625,7360.8427734375,7191.6279296875,7191.6279296875,6645.57421875,47057888,0.0,0.0
2020-12-16 00:00:00+07:00,7191.6279296875,7318.5390625,7191.6279296875,7233.931640625,6684.66552734375,48604271,0.0,0.0
2020-12-17 00:00:00+07:00,7276.2353515625,7403.146484375,7191.6279296875,7233.931640625,6684.66552734375,22636952,0.0,0.0
2020-12-18 00:00:00+07:00,7233.931640625,7360.8427734375,7233.931640625,7318.5390625,6762.84912109375,11921618,0.0,0.0
2020-12-21 00:00:00+07:00,7318.5390625,7614.6650390625,7318.5390625,7572.361328125,6997.39892578125,54878905,0.0,0.0
2020-12-22 00:00:00+07:00,7530.0576171875,7826.18310546875,7530.0576171875,7699.2724609375,7114.673828125,102798221,0.0,0.0
2020-12-23 00:00:00+07:00,7699.2724609375,7699.2724609375,7403.146484375,7614.6650390625,7036.490234375,44131862,0.0,0.0
2020-12-24 00:00:00+07:00,7530.0576171875,7614.6650390625,7191.6279296875,7318.5390625,6762.84912109375,49889532,0.0,0.0
2020-12-25 00:00:00+07:00,7318.5390625,7445.4501953125,7233.931640625,7360.8427734375,6801.9404296875,30778756,0.0,0.0
2020-12-28 00:00:00+07:00,7360.8427734375,7614.6650390625,7276.2353515625,7360.8427734375,6801.9404296875,23401545,0.0,0.0
2020-12-29 00:00:00+07:00,7360.8427734375,7403.146484375,7191.6279296875,7276.2353515625,6723.75732421875,54523373,0.0,0.0
2020-12-30 00:00:00+07:00,7276.2353515625,7360.8427734375,7149.32421875,7191.6279296875,6645.57421875,23788899,0.0,0.0
2020-12-31 00:00:00+07:00,7191.6279296875,7318.5390625,7191.6279296875,7191.6279296875,6645.57421875,35159178,0.0,0.0
2021-01-01 00:00:00+07:00,7191.6279296875,7191.6279296875,7191.6279296875,7191.6279296875,6645.57421875,0,0.0,0.0
2021-01-04 00:00:00+07:00,7233.931640625,7318.5390625,7191.6279296875,7276.2353515625,6723.75732421875,36472139,0.0,0.0
2021-01-05 00:00:00+07:00,7276.2353515625,7741.576171875,7233.931640625,7487.75390625,6919.21533203125,113376532,0.0,0.0
2021-01-06 00:00:00+07:00,7487.75390625,7699.2724609375,7445.4501953125,7530.0576171875,6958.30712890625,66151788,0.0,0.0
2021-01-07 00:00:00+07:00,7530.0576171875,8206.9169921875,7530.0576171875,8122.30908203125,7505.58935546875,106845816,0.0,0.0
2021-01-08 00:00:00+07:00,8080.00537109375,8249.220703125,7995.39794921875,8080.00537109375,7466.498046875,67686089,0.0,0.0
2021-01-11 00:00:00+07:00,8080.00537109375,8206.9169921875,7953.09423828125,7953.09423828125,7349.22314453125,90606083,0.0,0.0
2021-01-12 00:00:00+07:00,7995.39794921875,8037.70166015625,7741.576171875,7953.09423828125,7349.22314453125,81980562,0.0,0.0
2021-01-13 00:00:00+07:00,8037.70166015625,8376.1318359375,7826.18310546875,8080.00537109375,7466.498046875,170285104,0.0,0.0
2021-01-14 00:00:00+07:00,8122.30908203125,8249.220703125,7995.39794921875,8080.00537109375,7466.498046875,58515481,0.0,0.0
2021-01-15 00:00:00+07:00,8122.30908203125,8291.5244140625,8037.70166015625,8122.30908203125,7505.58935546875,155421026,0.0,0.0
2021-01-18 00:00:00+07:00,8249.220703125,8249.220703125,7826.18310546875,7868.48681640625,7271.03955078125,88735371,0.0,0.0
2021-01-19 00:00:00+07:00,7868.48681640625,7910.79052734375,7107.0205078125,7149.32421875,6606.482421875,158958206,0.0,0.0
2021-01-20 00:00:00+07:00,7191.6279296875,7530.0576171875,6514.76904296875,7487.75390625,6919.21533203125,102498387,0.0,0.0
2021-01-21 00:00:00+07:00,7487.75390625,7656.96875,7318.5390625,7530.0576171875,6958.30712890625,55698951,0.0,0.0
2021-01-22 00:00:00+07:00,7530.0576171875,7572.361328125,7276.2353515625,7360.8427734375,6801.9404296875,53588703,0.0,0.0
2021-01-25 00:00:00+07:00,7360.8427734375,7360.8427734375,7064.716796875,7064.716796875,6528.29931640625,56919410,0.0,0.0
2021-01-26 00:00:00+07:00,7064.716796875,7107.0205078125,6430.16162109375,6937.8056640625,6411.0244140625,106435488,0.0,0.0
2021-01-27 00:00:00+07:00,6937.8056640625,6980.109375,6514.76904296875,6599.37646484375,6098.2919921875,69012961,0.0,0.0
2021-01-28 00:00:00+07:00,6514.76904296875,6557.07275390625,5964.82080078125,5964.82080078125,5511.91748046875,65323023,0.0,0.0
2021-01-29 00:00:00+07:00,5372.5693359375,6303.25048828125,5372.5693359375,6176.33935546875,5707.37548828125,100647005,0.0,0.0
2021-02-01 00:00:00+07:00,6134.03564453125,6260.94677734375,5710.99853515625,5710.99853515625,5277.36767578125,46801000,0.0,0.0
2021-02-02 00:00:00+07:00,5626.39111328125,6260.94677734375,5584.08740234375,6218.64306640625,5746.46728515625,75585855,0.0,0.0
2021-02-03 00:00:00+07:00,6218.64306640625,6683.9833984375,6218.64306640625,6557.07275390625,6059.19970703125,77802704,0.0,0.0
2021-02-04 00:00:00+07:00,6599.37646484375,6641.6796875,6387.85791015625,6514.76904296875,6020.1083984375,37146853,0.0,0.0
2021-02-05 00:00:00+07:00,6514.76904296875,6810.89453125,6430.16162109375,6810.89453125,6293.74951171875,69540745,0.0,0.0
2021-02-08 00:00:00+07:00,6768.5908203125,6895.501953125,6260.94677734375,6387.85791015625,5902.83349609375,60909407,0.0,0.0
2021-02-09 00:00:00+07:00,6345.55419921875,6641.6796875,6260.94677734375,6557.07275390625,6059.19970703125,29748258,0.0,0.0
2021-02-10 00:00:00+07:00,6557.07275390625,6557.07275390625,6557.07275390625,6557.07275390625,6059.19970703125,0,0.0,0.0
2021-02-11 00:00:00+07:00,6557.07275390625,6557.07275390625,6557.07275390625,6557.07275390625,6059.19970703125,0,0.0,0.0
2021-02-12 00:00:00+07:00,6557.07275390625,6557.07275390625,6557.07275390625,6557.07275390625,6059.19970703125,0,0.0,0.0
2021-02-15 00:00:00+07:00,6557.07275390625,6557.07275390625,6557.07275390625,6557.07275390625,6059.19970703125,0,0.0,0.0
2021-02-16 00:00:00+07:00,6557.07275390625,6557.07275390625,6557.07275390625,6557.07275390625,6059.19970703125,0,0.0,0.0
2021-02-17 00:00:00+07:00,6599.37646484375,6810.89453125,6599.37646484375,6810.89453125,6293.74951171875,46123022,0.0,0.0
2021-02-18 00:00:00+07:00,6895.501953125,6895.501953125,6641.6796875,6683.9833984375,6176.474609375,45012785,0.0,0.0
2021-02-19 00:00:00+07:00,6641.6796875,6810.89453125,6557.07275390625,6726.287109375,6215.56640625,51142964,0.0,0.0
2021-02-22 00:00:00+07:00,6768.5908203125,6810.89453125,6641.6796875,6641.6796875,6137.38330078125,38915485,0.0,0.0
2021-02-23 00:00:00+07:00,6641.6796875,6895.501953125,6641.6796875,6895.501953125,6371.9326171875,81018880,0.0,0.0
2021-02-24 00:00:00+07:00,6895.501953125,6980.109375,6641.6796875,6768.5908203125,6254.65771484375,63949808,0.0,0.0
2021-02-25 00:00:00+07:00,6768.5908203125,6853.1982421875,6599.37646484375,6726.287109375,6215.56640625,59065646,0.0,0.0
2021-02-26 00:00:00+07:00,6683.9833984375,6726.287109375,6557.07275390625,6726.287109375,6215.56640625,67752906,0.0,0.0
2021-03-01 00:00:00+07:00,6726.287109375,6853.1982421875,6683.9833984375,6853.1982421875,6332.8408203125,66208998,0.0,0.0
2021-03-02 00:00:00+07:00,6895.501953125,6980.109375,6768.5908203125,6810.89453125,6293.74951171875,64383020,0.0,0.0
2021-03-03 00:00:00+07:00,6810.89453125,6853.1982421875,6726.287109375,6810.89453125,6293.74951171875,69030061,0.0,0.0
2021-03-04 00:00:00+07:00,6810.89453125,6853.1982421875,6599.37646484375,6683.9833984375,6176.474609375,72745936,0.0,0.0
2021-03-05 00:00:00+07:00,6683.9833984375,6768.5908203125,6557.07275390625,6683.9833984375,6176.474609375,53684477,0.0,0.0
2021-03-08 00:00:00+07:00,6726.287109375,6810.89453125,6683.9833984375,6683.9833984375,6176.474609375,38051752,0.0,0.0
2021-03-09 00:00:00+07:00,6726.287109375,6726.287109375,6599.37646484375,6641.6796875,6137.38330078125,43367811,0.0,0.0
2021-03-10 00:00:00+07:00,6641.6796875,6895.501953125,6599.37646484375,6895.501953125,6371.9326171875,74393697,0.0,0.0
2021-03-11 00:00:00+07:00,6980.109375,7360.8427734375,6895.501953125,7318.5390625,6762.84912109375,137497104,0.0,0.0
2021-03-12 00:00:00+07:00,7318.5390625,7572.361328125,7233.931640625,7487.75390625,6919.21533203125,119020559,0.0,0.0
2021-03-15 00:00:00+07:00,7530.0576171875,7783.8798828125,7487.75390625,7530.0576171875,6958.30712890625,97721045,0.0,0.0
2021-03-16 00:00:00+07:00,7530.0576171875,7953.09423828125,7403.146484375,7910.79052734375,7310.130859375,149628184,0.0,0.0
2021-03-17 00:00:00+07:00,7826.18310546875,8037.70166015625,7826.18310546875,7995.39794921875,7388.31494140625,106287858,0.0,0.0
2021-03-18 00:00:00+07:00,7953.09423828125,8503.0419921875,7953.09423828125,8249.220703125,7622.86474609375,147670700,0.0,0.0
2021-03-19 00:00:00+07:00,8249.220703125,8333.828125,7995.39794921875,8291.5244140625,7661.95654296875,80507560,0.0,0.0
2021-03-22 00:00:00+07:00,8291.5244140625,8503.0419921875,8122.30908203125,8122.30908203125,7505.58935546875,112035001,0.0,0.0
2021-03-23 00:00:00+07:00,8122.30908203125,8376.1318359375,7741.576171875,7953.09423828125,7349.22314453125,90635856,0.0,0.0
2021-03-24 00:00:00+07:00,7910.79052734375,7953.09423828125,7403.146484375,7614.6650390625,7036.490234375,60773596,0.0,0.0
2021-03-25 00:00:00+07:00,7614.6650390625,7741.576171875,7530.0576171875,7530.0576171875,6958.30712890625,29711533,0.0,0.0
2021-03-26 00:00:00+07:00,7530.0576171875,8249.220703125,7233.931640625,8249.220703125,7622.86474609375,188926672,0.0,0.0
2021-03-29 00:00:00+07:00,8249.220703125,9052.990234375,8249.220703125,9052.990234375,8365.6044921875,132100842,0.0,0.0
2021-03-30 00:00:00+07:00,9010.6865234375,9941.3681640625,9010.6865234375,9941.3681640625,9186.5283203125,105948091,0.0,0.0
2021-03-31 00:00:00+07:00,9941.3681640625,10914.3525390625,9518.3310546875,10872.048828125,10046.5439453125,141087438,0.0,0.0
2021-04-01 00:00:00+07:00,10872.048828125,11760.4267578125,10279.7978515625,11421.9970703125,10554.7353515625,70918923,0.0,0.0
2021-04-02 00:00:00+07:00,11379.693359375,12056.552734375,11083.5673828125,11421.9970703125,10554.7353515625,109981112,0.0,0.0
2021-04-05 00:00:00+07:00,11295.0859375,11379.693359375,10279.7978515625,10279.7978515625,9499.2626953125,34669386,0.0,0.0
2021-04-06 00:00:00+07:00,10279.7978515625,10575.923828125,9772.1533203125,10491.31640625,9694.720703125,59082181,0.0,0.0
2021-04-07 00:00:00+07:00,10491.31640625,10618.2275390625,10491.31640625,10575.923828125,9772.9033203125,30696669,0.0,0.0
2021-04-08 00:00:00+07:00,10575.923828125,10745.138671875,10491.31640625,10660.53125,9851.0869140625,42741865,0.0,0.0
2021-04-09 00:00:00+07:00,10660.53125,10745.138671875,10449.0126953125,10702.8349609375,9890.177734375,56232529,0.0,0.0
2021-04-12 00:00:00+07:00,10745.138671875,10787.4423828125,10618.2275390625,10745.138671875,9929.2705078125,32197675,0.0,0.0
2021-04-13 00:00:00+07:00,10745.138671875,11041.263671875,10660.53125,10745.138671875,9929.2705078125,67543061,0.0,0.0
2021-04-14 00:00:00+07:00,10745.138671875,10914.3525390625,10702.8349609375,10872.048828125,10046.5439453125,41792594,0.0,0.0
2021-04-15 00:00:00+07:00,10956.65625,11168.1748046875,10745.138671875,10998.9599609375,10163.818359375,72798721,0.0,0.0
2021-04-16 00:00:00+07:00,10998.9599609375,11168.1748046875,10364.4052734375,10914.3525390625,10085.6357421875,52869898,0.0,0.0
2021-04-19 00:00:00+07:00,10956.65625,11337.3896484375,10872.048828125,11337.3896484375,10476.5517578125,82305848,0.0,0.0
2021-04-20 00:00:00+07:00,11464.30078125,11633.515625,11295.0859375,11633.515625,10750.193359375,71975348,0.0,0.0
2021-04-21 00:00:00+07:00,11633.515625,11633.515625,11633.515625,11633.515625,10750.193359375,0,0.0,0.0
2021-04-22 00:00:00+07:00,11633.515625,11929.6416015625,11506.6044921875,11718.123046875,10828.3759765625,93361064,0.0,0.0
2021-04-23 00:00:00+07:00,11633.515625,11675.8193359375,10956.65625,11421.9970703125,10554.7353515625,40125245,0.0,0.0
2021-04-26 00:00:00+07:00,11421.9970703125,11802.73046875,11083.5673828125,11464.30078125,10593.826171875,71581659,0.0,0.0
2021-04-27 00:00:00+07:00,11464.30078125,11506.6044921875,11252.7822265625,11506.6044921875,10632.9189453125,32100362,0.0,0.0
2021-04-28 00:00:00+07:00,11548.908203125,11675.8193359375,11337.3896484375,11591.2119140625,10711.1015625,50284256,0.0,0.0
2021-04-29 00:00:00+07:00,11548.908203125,11591.2119140625,11421.9970703125,11591.2119140625,10711.1015625,44384441,0.0,0.0
2021-04-30 00:00:00+07:00,11591.2119140625,11591.2119140625,11591.2119140625,11591.2119140625,10711.1015625,0,0.0,0.0
2021-05-03 00:00:00+07:00,11591.2119140625,11591.2119140625,11591.2119140625,11591.2119140625,10711.1015625,0,0.0,0.0
2021-05-04 00:00:00+07:00,11421.9970703125,11506.6044921875,11125.87109375,11125.87109375,10281.09375,33162253,0.0,0.0
2021-05-05 00:00:00+07:00,11337.3896484375,11337.3896484375,10998.9599609375,11168.1748046875,10320.1845703125,78829038,0.0,0.0
2021-05-06 00:00:00+07:00,12284.9921875,12284.9921875,11354.3115234375,11400.845703125,10535.189453125,38561908,0.0,1.1
2021-05-07 00:00:00+07:00,11447.3798828125,11447.3798828125,10702.8349609375,11400.845703125,10535.189453125,47140663,0.0,0.0
2021-05-10 00:00:00+07:00,11400.845703125,11540.447265625,11075.107421875,11168.1748046875,10320.1845703125,30726874,0.0,0.0
2021-05-11 00:00:00+07:00,11168.1748046875,11354.3115234375,10842.4365234375,10935.5048828125,10105.181640625,39516682,0.0,0.0
2021-05-12 00:00:00+07:00,10935.5048828125,11075.107421875,10702.8349609375,11028.5732421875,10191.18359375,37934228,0.0,0.0
2021-05-13 00:00:00+07:00,11028.5732421875,12098.8564453125,11028.5732421875,12098.8564453125,11180.201171875,62152056,0.0,0.0
2021-05-14 00:00:00+07:00,12238.458984375,13308.7421875,12098.8564453125,13308.7421875,12298.220703125,131206896,0.0,0.0
2021-05-17 00:00:00+07:00,13308.7421875,14518.6279296875,13169.1396484375,13820.6171875,12771.2294921875,204486422,0.0,0.0
2021-05-18 00:00:00+07:00,13681.0146484375,13820.6171875,13076.0712890625,13634.48046875,12599.2265625,52397822,0.0,0.0
2021-05-19 00:00:00+07:00,13587.9462890625,13727.548828125,13308.7421875,13681.0146484375,12642.2275390625,56138033,0.0,0.0
2021-05-20 00:00:00+07:00,13587.9462890625,13727.548828125,13494.8779296875,13494.8779296875,12470.2236328125,31469736,0.0,0.0
2021-05-21 00:00:00+07:00,13494.8779296875,13913.6845703125,13355.2763671875,13541.412109375,12513.224609375,59362920,0.0,0.0
2021-05-24 00:00:00+07:00,13727.548828125,13727.548828125,13215.673828125,13587.9462890625,12556.2255859375,39220245,0.0,0.0
2021-05-25 00:00:00+07:00,13587.9462890625,13681.0146484375,13355.2763671875,13681.0146484375,12642.2275390625,46082483,0.0,0.0
2021-05-26 00:00:00+07:00,13634.48046875,14146.35546875,13587.9462890625,13960.21875,12900.2314453125,84765520,0.0,0.0
2021-05-27 00:00:00+07:00,14006.7529296875,14099.8212890625,13634.48046875,13727.548828125,12685.228515625,47926083,0.0,0.0
2021-05-28 00:00:00+07:00,13867.150390625,14425.5595703125,13587.9462890625,14053.287109375,12986.2333984375,95629859,0.0,0.0
2021-05-31 00:00:00+07:00,14053.287109375,14379.025390625,13913.6845703125,14146.35546875,13072.2353515625,87934900,0.0,0.0
2021-06-01 00:00:00+07:00,15542.376953125,15542.376953125,14099.8212890625,14425.5595703125,13330.2392578125,87572647,0.0,0.0
2021-06-02 00:00:00+07:00,14425.5595703125,14518.6279296875,14006.7529296875,14472.09375,13373.240234375,55973723,0.0,0.0
2021-06-03 00:00:00+07:00,14472.09375,15216.638671875,14472.09375,15077.0361328125,13932.25,110935829,0.0,0.0
2021-06-04 00:00:00+07:00,15077.0361328125,15356.2412109375,14658.2294921875,15123.5703125,13975.2509765625,78400897,0.0,0.0
2021-06-07 00:00:00+07:00,15123.5703125,15123.5703125,13960.21875,13960.21875,12900.2314453125,77503692,0.0,0.0
2021-06-08 00:00:00+07:00,13960.21875,13960.21875,13960.21875,13960.21875,12900.2314453125,0,0.0,0.0
2021-06-09 00:00:00+07:00,13355.2763671875,14611.6962890625,12796.8671875,14565.162109375,13459.2421875,64287592,0.0,0.0
2021-06-10 00:00:00+07:00,14565.162109375,14658.2294921875,13727.548828125,13727.548828125,12685.228515625,47081199,0.0,0.0
2021-06-11 00:00:00+07:00,13727.548828125,15077.0361328125,13727.548828125,13867.150390625,12814.2294921875,50796677,0.0,0.0
2021-06-14 00:00:00+07:00,13867.150390625,14053.287109375,13541.412109375,13587.9462890625,12556.2255859375,42433829,0.0,0.0
2021-06-15 00:00:00+07:00,13727.548828125,13727.548828125,13029.5380859375,13029.5380859375,12040.216796875,67366290,0.0,0.0
2021-06-16 00:00:00+07:00,13029.5380859375,13634.48046875,12564.197265625,12564.197265625,11610.208984375,100047975,0.0,0.0
2021-06-17 00:00:00+07:00,12564.197265625,12703.798828125,12098.8564453125,12657.265625,11696.2109375,76585519,0.0,0.0
2021-06-18 00:00:00+07:00,12657.265625,13122.60546875,12657.265625,12796.8671875,11825.2119140625,36213025,0.0,0.0
2021-06-21 00:00:00+07:00,12796.8671875,12936.4697265625,12378.060546875,12517.6630859375,11567.2080078125,39281841,0.0,0.0
2021-06-22 00:00:00+07:00,12564.197265625,13634.48046875,12517.6630859375,12657.265625,11696.2109375,53359451,0.0,0.0
2021-06-23 00:00:00+07:00,12703.798828125,12796.8671875,12517.6630859375,12517.6630859375,11567.2080078125,35208518,0.0,0.0
2021-06-24 00:00:00+07:00,12564.197265625,12657.265625,12424.5947265625,12564.197265625,11610.208984375,27568125,0.0,0.0
2021-06-25 00:00:00+07:00,12564.197265625,12610.7314453125,12424.5947265625,12610.7314453125,11653.2099609375,32412147,0.0,0.0
2021-06-28 00:00:00+07:00,12657.265625,13169.1396484375,12657.265625,13029.5380859375,12040.216796875,75308568,0.0,0.0
2021-06-29 00:00:00+07:00,13029.5380859375,13401.810546875,13029.5380859375,13262.2080078125,12255.2197265625,76278815,0.0,0.0
2021-06-30 00:00:00+07:00,13262.2080078125,13448.3447265625,13029.5380859375,13355.2763671875,12341.2216796875,39184551,0.0,0.0
2021-07-01 00:00:00+07:00,13262.2080078125,13401.810546875,13076.0712890625,13215.673828125,12212.2197265625,41104908,0.0,0.0
2021-07-02 00:00:00+07:00,13262.2080078125,13494.8779296875,13215.673828125,13494.8779296875,12470.2236328125,63426365,0.0,0.0
2021-07-05 00:00:00+07:00,13494.8779296875,13960.21875,13401.810546875,13960.21875,12900.2314453125,77035117,0.0,0.0
2021-07-06 00:00:00+07:00,13960.21875,14472.09375,13867.150390625,13913.6845703125,12857.23046875,83069681,0.0,0.0
2021-07-07 00:00:00+07:00,13727.548828125,15123.5703125,13308.7421875,13820.6171875,12771.2294921875,73354282,0.0,0.0
2021-07-08 00:00:00+07:00,13820.6171875,13867.150390625,13076.0712890625,13076.0712890625,12083.216796875,23832552,0.0,0.0
2021-07-09 00:00:00+07:00,13076.0712890625,13355.2763671875,12052.322265625,12098.8564453125,11180.201171875,47002029,0.0,0.0
2021-07-12 00:00:00+07:00,12098.8564453125,12331.5263671875,10935.5048828125,11028.5732421875,10191.18359375,90065805,0.0,0.0
2021-07-13 00:00:00+07:00,11075.107421875,11586.9814453125,10842.4365234375,11307.77734375,10449.1875,47250576,0.0,0.0
2021-07-14 00:00:00+07:00,11307.77734375,11633.515625,11075.107421875,11586.9814453125,10707.1923828125,37059478,0.0,0.0
2021-07-15 00:00:00+07:00,11586.9814453125,12703.798828125,11400.845703125,12703.798828125,11739.2109375,58795768,0.0,0.0
2021-07-16 00:00:00+07:00,12703.798828125,13774.0830078125,12703.798828125,13076.0712890625,12083.216796875,64593403,0.0,0.0
2021-07-19 00:00:00+07:00,12983.00390625,13029.5380859375,11912.7197265625,11912.7197265625,11008.197265625,41036897,0.0,0.0
2021-07-20 00:00:00+07:00,11400.845703125,12610.7314453125,11400.845703125,12610.7314453125,11653.2099609375,25260542,0.0,0.0
2021-07-21 00:00:00+07:00,12145.390625,13029.5380859375,12145.390625,12424.5947265625,11481.2060546875,16459779,0.0,0.0
2021-07-22 00:00:00+07:00,12424.5947265625,12703.798828125,12378.060546875,12657.265625,11696.2109375,17329342,0.0,0.0
2021-07-23 00:00:00+07:00,12657.265625,12750.3330078125,12284.9921875,12284.9921875,11352.203125,21818223,0.0,0.0
2021-07-26 00:00:00+07:00,12098.8564453125,12331.5263671875,12005.7880859375,12284.9921875,11352.203125,17124120,0.0,0.0
2021-07-27 00:00:00+07:00,12284.9921875,12610.7314453125,12284.9921875,12471.12890625,11524.20703125,15316771,0.0,0.0
2021-07-28 00:00:00+07:00,12331.5263671875,12564.197265625,12331.5263671875,12517.6630859375,11567.2080078125,15973096,0.0,0.0
2021-07-29 00:00:00+07:00,12471.12890625,12936.4697265625,12471.12890625,12610.7314453125,11653.2099609375,20040341,0.0,0.0
2021-07-30 00:00:00+07:00,12657.265625,12983.00390625,12610.7314453125,12936.4697265625,11954.21484375,37687220,0.0,0.0
2021-08-02 00:00:00+07:00,12936.4697265625,13076.0712890625,12703.798828125,12703.798828125,11739.2109375,22291113,0.0,0.0
2021-08-03 00:00:00+07:00,12750.3330078125,12889.935546875,12610.7314453125,12796.8671875,11825.2119140625,22629281,0.0,0.0
2021-08-04 00:00:00+07:00,12843.4013671875,12936.4697265625,12703.798828125,12750.3330078125,11782.2109375,29147704,0.0,0.0
2021-08-05 00:00:00+07:00,12796.8671875,13541.412109375,12703.798828125,13401.810546875,12384.22265625,89856413,0.0,0.0
2021-08-06 00:00:00+07:00,13448.3447265625,13587.9462890625,13122.60546875,13494.8779296875,12470.2236328125,51529927,0.0,0.0
2021-08-09 00:00:00+07:00,13401.810546875,13587.9462890625,13262.2080078125,13541.412109375,12513.224609375,97319180,0.0,0.0
2021-08-10 00:00:00+07:00,13541.412109375,13820.6171875,13448.3447265625,13727.548828125,12685.228515625,60966369,0.0,0.0
2021-08-11 00:00:00+07:00,13774.0830078125,13820.6171875,13494.8779296875,13494.8779296875,12470.2236328125,33242719,0.0,0.0
2021-08-12 00:00:00+07:00,13494.8779296875,13634.48046875,13308.7421875,13448.3447265625,12427.2236328125,32523545,0.0,0.0
2021-08-13 00:00:00+07:00,13494.8779296875,13727.548828125,13169.1396484375,13494.8779296875,12470.2236328125,36701491,0.0,0.0
2021-08-16 00:00:00+07:00,13494.8779296875,13681.0146484375,13401.810546875,13634.48046875,12599.2265625,56828284,0.0,0.0
2021-08-17 00:00:00+07:00,13681.0146484375,13913.6845703125,13587.9462890625,13727.548828125,12685.228515625,63977123,0.0,0.0
2021-08-18 00:00:00+07:00,13727.548828125,13774.0830078125,13541.412109375,13681.0146484375,12642.2275390625,32120515,0.0,0.0
2021-08-19 00:00:00+07:00,13494.8779296875,13681.0146484375,13355.2763671875,13587.9462890625,12556.2255859375,46929897,0.0,0.0
2021-08-20 00:00:00+07:00,13587.9462890625,13634.48046875,12564.197265625,13215.673828125,12212.2197265625,96067469,0.0,0.0
2021-08-23 00:00:00+07:00,13076.0712890625,13262.2080078125,12703.798828125,12750.3330078125,11782.2109375,56759176,0.0,0.0
2021-08-24 00:00:00+07:00,12750.3330078125,12936.4697265625,12564.197265625,12564.197265625,11610.208984375,40749179,0.0,0.0
2021-08-25 00:00:00+07:00,12610.7314453125,12796.8671875,12564.197265625,12796.8671875,11825.2119140625,38788156,0.0,0.0
2021-08-26 00:00:00+07:00,13215.673828125,13634.48046875,12936.4697265625,13122.60546875,12126.2177734375,66470943,0.0,0.0
2021-08-27 00:00:00+07:00,13076.0712890625,13076.0712890625,12703.798828125,12983.00390625,11997.2158203125,26118815,0.0,0.0
2021-08-30 00:00:00+07:00,12936.4697265625,13029.5380859375,12796.8671875,12796.8671875,11825.2119140625,31159931,0.0,0.0
2021-08-31 00:00:00+07:00,12843.4013671875,12983.00390625,12657.265625,12796.8671875,11825.2119140625,38857380,0.0,0.0
2021-09-01 00:00:00+07:00,12750.3330078125,12796.8671875,12517.6630859375,12517.6630859375,11567.2080078125,39073379,0.0,0.0
2021-09-02 00:00:00+07:00,12517.6630859375,12517.6630859375,12517.6630859375,12517.6630859375,11567.2080078125,0,0.0,0.0
2021-09-03 00:00:00+07:00,12517.6630859375,12517.6630859375,12517.6630859375,12517.6630859375,11567.2080078125,0,0.0,0.0
2021-09-06 00:00:00+07:00,12564.197265625,12703.798828125,12238.458984375,12331.5263671875,11395.2041015625,46287950,0.0,0.0
2021-09-07 00:00:00+07:00,12331.5263671875,12657.265625,12331.5263671875,12378.060546875,11438.205078125,35621172,0.0,0.0
2021-09-08 00:00:00+07:00,12471.12890625,12610.7314453125,12331.5263671875,12331.5263671875,11395.2041015625,49196849,0.0,0.0
2021-09-09 00:00:00+07:00,12331.5263671875,12424.5947265625,12238.458984375,12284.9921875,11352.203125,26618954,0.0,0.0
2021-09-10 00:00:00+07:00,12331.5263671875,12471.12890625,12238.458984375,12238.458984375,11309.203125,46301020,0.0,0.0
2021-09-13 00:00:00+07:00,12424.5947265625,12424.5947265625,12052.322265625,12052.322265625,11137.2001953125,40338545,0.0,0.0
2021-09-14 00:00:00+07:00,12098.8564453125,12191.9248046875,11680.0498046875,11912.7197265625,11008.197265625,26858439,0.0,0.0
2021-09-15 00:00:00+07:00,11912.7197265625,11959.25390625,11680.0498046875,11912.7197265625,11008.197265625,22043628,0.0,0.0
2021-09-16 00:00:00+07:00,11959.25390625,12331.5263671875,11912.7197265625,12145.390625,11223.2021484375,23641971,0.0,0.0
2021-09-17 00:00:00+07:00,12331.5263671875,12564.197265625,12238.458984375,12471.12890625,11524.20703125,30905465,0.0,0.0
2021-09-20 00:00:00+07:00,12471.12890625,12750.3330078125,12378.060546875,12564.197265625,11610.208984375,32088197,0.0,0.0
2021-09-21 00:00:00+07:00,12564.197265625,12564.197265625,12331.5263671875,12331.5263671875,11395.2041015625,46780533,0.0,0.0
2021-09-22 00:00:00+07:00,12331.5263671875,12471.12890625,12191.9248046875,12331.5263671875,11395.2041015625,30341421,0.0,0.0
2021-09-23 00:00:00+07:00,12378.060546875,12517.6630859375,12284.9921875,12471.12890625,11524.20703125,25829534,0.0,0.0
2021-09-24 00:00:00+07:00,12564.197265625,12750.3330078125,12471.12890625,12564.197265625,11610.208984375,43978117,0.0,0.0
2021-09-27 00:00:00+07:00,12796.8671875,12983.00390625,12284.9921875,12471.12890625,11524.20703125,36615304,0.0,0.0
2021-09-28 00:00:00+07:00,12471.12890625,12471.12890625,12191.9248046875,12284.9921875,11352.203125,36852541,0.0,0.0
2021-09-29 00:00:00+07:00,12284.9921875,12331.5263671875,12052.322265625,12098.8564453125,11180.201171875,28363581,0.0,0.0
2021-09-30 00:00:00+07:00,12098.8564453125,12564.197265625,12098.8564453125,12378.060546875,11438.205078125,22364612,0.0,0.0
2021-10-01 00:00:00+07:00,12471.12890625,12517.6630859375,12098.8564453125,12145.390625,11223.2021484375,30143336,0.0,0.0
2021-10-04 00:00:00+07:00,12145.390625,13122.60546875,12145.390625,13122.60546875,12126.2177734375,58712463,0.0,0.0
2021-10-05 00:00:00+07:00,13029.5380859375,13494.8779296875,12796.8671875,13448.3447265625,12427.2236328125,94561186,0.0,0.0
2021-10-06 00:00:00+07:00,13448.3447265625,13448.3447265625,13448.3447265625,13448.3447265625,12427.2236328125,0,0.0,0.0
2021-10-07 00:00:00+07:00,13448.3447265625,13448.3447265625,13448.3447265625,13448.3447265625,12427.2236328125,0,0.0,0.0
2021-10-08 00:00:00+07:00,13448.3447265625,13448.3447265625,13448.3447265625,13448.3447265625,12427.2236328125,0,0.0,0.0
2021-10-11 00:00:00+07:00,13448.3447265625,13448.3447265625,13448.3447265625,13448.3447265625,12427.2236328125,0,0.0,0.0
2021-10-12 00:00:00+07:00,14099.8212890625,14169.6220703125,13611.2138671875,14053.287109375,12986.2333984375,81956522,0.0,0.0
2021-10-13 00:00:00+07:00,14123.087890625,14123.087890625,13727.548828125,13960.21875,12900.2314453125,48390143,0.0,0.0
2021-10-14 00:00:00+07:00,13960.21875,13960.21875,13960.21875,13960.21875,12900.2314453125,0,0.0,0.0
2021-10-15 00:00:00+07:00,13494.8779296875,13494.8779296875,12820.134765625,12820.134765625,11846.7138671875,62409336,0.0,0.0
2021-10-18 00:00:00+07:00,12820.134765625,12820.134765625,12820.134765625,12820.134765625,11846.7138671875,0,0.0,0.0
2021-10-19 00:00:00+07:00,12889.935546875,13262.2080078125,12703.798828125,13029.5380859375,12040.216796875,27694551,0.0,0.0
2021-10-20 00:00:00+07:00,13076.0712890625,13215.673828125,12936.4697265625,13169.1396484375,12169.21875,29971378,0.0,0.0
2021-10-21 00:00:00+07:00,13169.1396484375,13169.1396484375,12796.8671875,12796.8671875,11825.2119140625,23562094,0.0,0.0
2021-10-22 00:00:00+07:00,12843.4013671875,12983.00390625,12703.798828125,12843.4013671875,11868.212890625,26669495,0.0,0.0
2021-10-25 00:00:00+07:00,12843.4013671875,12843.4013671875,12843.4013671875,12843.4013671875,11868.212890625,0,0.0,0.0
2021-10-26 00:00:00+07:00,12843.4013671875,12843.4013671875,12843.4013671875,12843.4013671875,11868.212890625,0,0.0,0.0
2021-10-27 00:00:00+07:00,12843.4013671875,12843.4013671875,12843.4013671875,12843.4013671875,11868.212890625,0,0.0,0.0
2021-10-28 00:00:00+07:00,12750.3330078125,12820.134765625,12587.4638671875,12703.798828125,11739.2109375,30437058,0.0,0.0
2021-10-29 00:00:00+07:00,12750.3330078125,13006.2705078125,12610.7314453125,13006.2705078125,12018.7158203125,36831514,0.0,0.0
2021-11-01 00:00:00+07:00,13006.2705078125,13006.2705078125,13006.2705078125,13006.2705078125,12018.7158203125,0,0.0,0.0
2021-11-02 00:00:00+07:00,13262.2080078125,13308.7421875,13145.873046875,13448.3447265625,12427.2236328125,39501601,0.0,0.0
2021-11-03 00:00:00+07:00,13355.2763671875,13494.8779296875,13238.94140625,13332.0087890625,12319.7216796875,4221402277,0.0,0.0
2021-11-04 00:00:00+07:00,13332.0087890625,14192.8896484375,13332.0087890625,14192.8896484375,13115.236328125,94942278,0.0,0.0
2021-11-05 00:00:00+07:00,14169.6220703125,14658.2294921875,13843.8837890625,14658.2294921875,13545.2431640625,97633425,0.0,0.0
2021-11-08 00:00:00+07:00,14379.025390625,14541.89453125,14216.15625,14425.5595703125,13330.2392578125,40350441,0.0,0.0
2021-11-09 00:00:00+07:00,14239.4228515625,14285.95703125,13541.412109375,13541.412109375,12513.224609375,67927014,0.0,0.0
2021-11-10 00:00:00+07:00,13541.412109375,13774.0830078125,13308.7421875,13541.412109375,12513.224609375,97535647,0.0,0.0
2021-11-11 00:00:00+07:00,14746.619140625,14746.619140625,13982.849609375,13982.849609375,12921.14453125,38397507,0.0,1.105
2021-11-12 00:00:00+07:00,13982.849609375,14276.607421875,13924.0986328125,13924.0986328125,12866.853515625,19574489,0.0,0.0
2021-11-15 00:00:00+07:00,13806.595703125,14159.1044921875,13806.595703125,13924.0986328125,12866.853515625,14576316,0.0,0.0
2021-11-16 00:00:00+07:00,13806.595703125,14070.9765625,13806.595703125,13865.3466796875,12812.5634765625,14106711,0.0,0.0
2021-11-17 00:00:00+07:00,13924.0986328125,13924.0986328125,13835.970703125,13894.72265625,12839.708984375,13757273,0.0,0.0
2021-11-18 00:00:00+07:00,13894.72265625,13924.0986328125,13571.5888671875,13571.5888671875,12541.1103515625,14875713,0.0,0.0
2021-11-19 00:00:00+07:00,13630.3408203125,13924.0986328125,13542.2138671875,13659.716796875,12622.5458984375,22401312,0.0,0.0
2021-11-22 00:00:00+07:00,13835.970703125,14482.2373046875,13777.2197265625,14159.1044921875,13084.0166015625,19267603,0.0,0.0
2021-11-23 00:00:00+07:00,14394.1103515625,14394.1103515625,13865.3466796875,13982.849609375,12921.14453125,13309794,0.0,0.0
2021-11-24 00:00:00+07:00,14100.3525390625,14687.8671875,13953.4736328125,14658.4912109375,13545.4853515625,44456930,0.0,0.0
2021-11-25 00:00:00+07:00,14922.873046875,14922.873046875,14599.740234375,14658.4912109375,13545.4853515625,25185072,0.0,0.0
2021-11-26 00:00:00+07:00,14687.8671875,14922.873046875,14511.61328125,14658.4912109375,13545.4853515625,22286081,0.0,0.0
2021-11-29 00:00:00+07:00,14335.3583984375,14511.61328125,14159.1044921875,14159.1044921875,13084.0166015625,21280999,0.0,0.0
2021-11-30 00:00:00+07:00,14394.1103515625,14423.4853515625,13806.595703125,13806.595703125,12758.2734375,30142054,0.0,0.0
2021-12-01 00:00:00+07:00,13806.595703125,13982.849609375,13689.091796875,13835.970703125,12785.41796875,22951596,0.0,0.0
2021-12-02 00:00:00+07:00,13953.4736328125,13982.849609375,13777.2197265625,13835.970703125,12785.41796875,18973142,0.0,0.0
2021-12-03 00:00:00+07:00,13835.970703125,13894.72265625,13512.837890625,13512.837890625,12486.8203125,20425531,0.0,0.0
2021-12-06 00:00:00+07:00,13454.0859375,13571.5888671875,12631.5654296875,12954.69921875,11971.060546875,22272634,0.0,0.0
2021-12-07 00:00:00+07:00,12984.07421875,13219.080078125,12925.3232421875,13189.705078125,12188.22265625,18827103,0.0,0.0
2021-12-08 00:00:00+07:00,13101.5771484375,13454.0859375,12954.69921875,13454.0859375,12432.529296875,26300278,0.0,0.0
2021-12-09 00:00:00+07:00,13395.3349609375,13512.837890625,13307.2080078125,13483.4619140625,12459.6748046875,13901609,0.0,0.0
2021-12-10 00:00:00+07:00,13512.837890625,13600.96484375,13336.5830078125,13483.4619140625,12459.6748046875,14014458,0.0,0.0
2021-12-13 00:00:00+07:00,13454.0859375,13512.837890625,13277.83203125,13277.83203125,12269.658203125,18330775,0.0,0.0
2021-12-14 00:00:00+07:00,13307.2080078125,13365.958984375,13042.826171875,13042.826171875,12052.49609375,21943281,0.0,0.0
2021-12-15 00:00:00+07:00,13130.953125,13248.4560546875,13042.826171875,13101.5771484375,12106.7861328125,14068924,0.0,0.0
2021-12-16 00:00:00+07:00,13277.83203125,13277.83203125,13013.4501953125,13013.4501953125,12025.3505859375,12684618,0.0,0.0
2021-12-17 00:00:00+07:00,13101.5771484375,13101.5771484375,12954.69921875,13042.826171875,12052.49609375,19472023,0.0,0.0
2021-12-20 00:00:00+07:00,12984.07421875,13130.953125,12837.1962890625,12837.1962890625,11862.4794921875,14307386,0.0,0.0
2021-12-21 00:00:00+07:00,12837.1962890625,12925.3232421875,12631.5654296875,12631.5654296875,11672.4619140625,13769017,0.0,0.0
2021-12-22 00:00:00+07:00,12660.94140625,12719.693359375,12220.3056640625,12220.3056640625,11292.4287109375,26769202,0.0,0.0
2021-12-23 00:00:00+07:00,12220.3056640625,12308.4326171875,11750.2939453125,11809.044921875,10912.39453125,20820075,0.0,0.0
2021-12-24 00:00:00+07:00,11867.796875,12631.5654296875,11867.796875,12631.5654296875,11672.4619140625,17758194,0.0,0.0
2021-12-27 00:00:00+07:00,12925.3232421875,13130.953125,12631.5654296875,12631.5654296875,11672.4619140625,15603865,0.0,0.0
2021-12-28 00:00:00+07:00,12690.3173828125,12778.4443359375,12572.814453125,12631.5654296875,11672.4619140625,17073615,0.0,0.0
2021-12-29 00:00:00+07:00,12778.4443359375,12837.1962890625,12631.5654296875,12631.5654296875,11672.4619140625,11746940,0.0,0.0
2021-12-30 00:00:00+07:00,12690.3173828125,12719.693359375,12572.814453125,12572.814453125,11618.171875,15143451,0.0,0.0
2021-12-31 00:00:00+07:00,12690.3173828125,13101.5771484375,12660.94140625,13101.5771484375,12106.7861328125,19522916,0.0,0.0
2022-01-03 00:00:00+07:00,13101.5771484375,13101.5771484375,13101.5771484375,13101.5771484375,12106.7861328125,0,0.0,0.0
2022-01-04 00:00:00+07:00,13219.080078125,13395.3349609375,13130.953125,13219.080078125,12215.3671875,20909775,0.0,0.0
2022-01-05 00:00:00+07:00,13277.83203125,13307.2080078125,12925.3232421875,12925.3232421875,11943.9150390625,16570819,0.0,0.0
2022-01-06 00:00:00+07:00,12925.3232421875,13219.080078125,12749.068359375,13219.080078125,12215.3671875,29976101,0.0,0.0
2022-01-07 00:00:00+07:00,13189.705078125,13219.080078125,12895.947265625,12984.07421875,11998.205078125,18668639,0.0,0.0
2022-01-10 00:00:00+07:00,13042.826171875,13189.705078125,12514.0625,12514.0625,11563.880859375,14991965,0.0,0.0
2022-01-11 00:00:00+07:00,12631.5654296875,12749.068359375,12367.1845703125,12367.1845703125,11428.1552734375,17337609,0.0,0.0
2022-01-12 00:00:00+07:00,12396.5595703125,13042.826171875,12220.3056640625,13042.826171875,12052.49609375,34687983,0.0,0.0
2022-01-13 00:00:00+07:00,13042.826171875,13454.0859375,12895.947265625,13072.2021484375,12079.6416015625,30767060,0.0,0.0
2022-01-14 00:00:00+07:00,12690.3173828125,13219.080078125,12690.3173828125,13219.080078125,12215.3671875,22204891,0.0,0.0
2022-01-17 00:00:00+07:00,13189.705078125,13248.4560546875,12660.94140625,12925.3232421875,11943.9150390625,22292719,0.0,0.0
2022-01-18 00:00:00+07:00,12572.814453125,12866.5712890625,12102.802734375,12102.802734375,11183.84765625,13920843,0.0,0.0
2022-01-19 00:00:00+07:00,12337.80859375,12514.0625,11368.4091796875,11368.4091796875,10505.2158203125,12864188,0.0,0.0
2022-01-20 00:00:00+07:00,11632.791015625,12102.802734375,11485.912109375,12044.05078125,11129.556640625,17042467,0.0,0.0
2022-01-21 00:00:00+07:00,12308.4326171875,12514.0625,12102.802734375,12102.802734375,11183.84765625,12028635,0.0,0.0
2022-01-24 00:00:00+07:00,12102.802734375,12455.3115234375,12073.4267578125,12102.802734375,11183.84765625,17602453,0.0,0.0
2022-01-25 00:00:00+07:00,12132.1787109375,12572.814453125,12044.05078125,12572.814453125,11618.171875,17971125,0.0,0.0
2022-01-26 00:00:00+07:00,12690.3173828125,13072.2021484375,12631.5654296875,13042.826171875,12052.49609375,26410403,0.0,0.0
2022-01-27 00:00:00+07:00,13101.5771484375,13454.0859375,12866.5712890625,12866.5712890625,11889.6240234375,14840650,0.0,0.0
2022-01-28 00:00:00+07:00,12866.5712890625,13219.080078125,12866.5712890625,13219.080078125,12215.3671875,17753768,0.0,0.0
2022-01-31 00:00:00+07:00,13219.080078125,13219.080078125,13219.080078125,13219.080078125,12215.3671875,0,0.0,0.0
2022-02-01 00:00:00+07:00,13219.080078125,13219.080078125,13219.080078125,13219.080078125,12215.3671875,0,0.0,0.0
2022-02-02 00:00:00+07:00,13219.080078125,13219.080078125,13219.080078125,13219.080078125,12215.3671875,0,0.0,0.0
2022-02-03 00:00:00+07:00,13219.080078125,13219.080078125,13219.080078125,13219.080078125,12215.3671875,0,0.0,0.0
2022-02-04 00:00:00+07:00,13219.080078125,13219.080078125,13219.080078125,13219.080078125,12215.3671875,0,0.0,0.0
2022-02-07 00:00:00+07:00,13395.3349609375,13630.3408203125,13219.080078125,13571.5888671875,12541.1103515625,22078767,0.0,0.0
2022-02-08 00:00:00+07:00,13454.0859375,13659.716796875,13395.3349609375,13630.3408203125,12595.4013671875,18804295,0.0,0.0
2022-02-09 00:00:00+07:00,13630.3408203125,14217.85546875,13483.4619140625,14159.1044921875,13084.0166015625,49733564,0.0,0.0
2022-02-10 00:00:00+07:00,14012.2255859375,14129.728515625,13865.3466796875,13865.3466796875,12812.5634765625,22246933,0.0,0.0
2022-02-11 00:00:00+07:00,13806.595703125,13924.0986328125,13747.84375,13865.3466796875,12812.5634765625,16859323,0.0,0.0
2022-02-14 00:00:00+07:00,13512.837890625,13689.091796875,12925.3232421875,12925.3232421875,11943.9150390625,32573823,0.0,0.0
2022-02-15 00:00:00+07:00,12925.3232421875,12925.3232421875,12925.3232421875,12925.3232421875,11943.9150390625,0,0.0,0.0
2022-02-16 00:00:00+07:00,13307.2080078125,13424.7109375,13189.705078125,13277.83203125,12269.658203125,15995685,0.0,0.0
2022-02-17 00:00:00+07:00,13219.080078125,13424.7109375,13219.080078125,13219.080078125,12215.3671875,7994693,0.0,0.0
2022-02-18 00:00:00+07:00,13189.705078125,13248.4560546875,13101.5771484375,13101.5771484375,12106.7861328125,15347020,0.0,0.0
2022-02-21 00:00:00+07:00,13042.826171875,13219.080078125,12954.69921875,13101.5771484375,12106.7861328125,17726365,0.0,0.0
2022-02-22 00:00:00+07:00,12925.3232421875,13160.3291015625,12807.8203125,12954.69921875,11971.060546875,16224104,0.0,0.0
2022-02-23 00:00:00+07:00,13042.826171875,13248.4560546875,12984.07421875,12984.07421875,11998.205078125,17038382,0.0,0.0
2022-02-24 00:00:00+07:00,12984.07421875,13101.5771484375,12514.0625,12749.068359375,11781.04296875,20547230,0.0,0.0
2022-02-25 00:00:00+07:00,12925.3232421875,13042.826171875,12807.8203125,12807.8203125,11835.333984375,12549813,0.0,0.0
2022-02-28 00:00:00+07:00,12837.1962890625,12866.5712890625,12719.693359375,12719.693359375,11753.8984375,8979349,0.0,0.0
2022-03-01 00:00:00+07:00,12719.693359375,12778.4443359375,12602.1904296875,12631.5654296875,11672.4619140625,16370654,0.0,0.0
2022-03-02 00:00:00+07:00,12543.4384765625,12602.1904296875,12279.056640625,12337.80859375,11401.009765625,24935887,0.0,0.0
2022-03-03 00:00:00+07:00,12425.935546875,12543.4384765625,12337.80859375,12396.5595703125,11455.2998046875,10755475,0.0,0.0
2022-03-04 00:00:00+07:00,12514.0625,12778.4443359375,12455.3115234375,12543.4384765625,11591.0263671875,10586118,0.0,0.0
2022-03-07 00:00:00+07:00,12367.1845703125,12484.6875,12337.80859375,12367.1845703125,11428.1552734375,20142815,0.0,0.0
2022-03-08 00:00:00+07:00,12220.3056640625,12602.1904296875,12190.9296875,12308.4326171875,11373.8642578125,23603154,0.0,0.0
2022-03-09 00:00:00+07:00,12425.935546875,12425.935546875,12161.5537109375,12337.80859375,11401.009765625,16634818,0.0,0.0
2022-03-10 00:00:00+07:00,12514.0625,12631.5654296875,12367.1845703125,12367.1845703125,11428.1552734375,10519566,0.0,0.0
2022-03-11 00:00:00+07:00,12425.935546875,12543.4384765625,12308.4326171875,12367.1845703125,11428.1552734375,13766804,0.0,0.0
2022-03-14 00:00:00+07:00,12455.3115234375,12895.947265625,12337.80859375,12837.1962890625,11862.4794921875,36851333,0.0,0.0
2022-03-15 00:00:00+07:00,12954.69921875,13042.826171875,12749.068359375,12749.068359375,11781.04296875,17620835,0.0,0.0
2022-03-16 00:00:00+07:00,12778.4443359375,12895.947265625,12660.94140625,12778.4443359375,11808.1884765625,8667187,0.0,0.0
2022-03-17 00:00:00+07:00,12749.068359375,12984.07421875,12749.068359375,12984.07421875,11998.205078125,19101479,0.0,0.0
2022-03-18 00:00:00+07:00,12984.07421875,13130.953125,12719.693359375,12719.693359375,11753.8984375,18477155,0.0,0.0
2022-03-21 00:00:00+07:00,12749.068359375,13013.4501953125,12719.693359375,13013.4501953125,12025.3505859375,16312953,0.0,0.0
2022-03-22 00:00:00+07:00,12984.07421875,13072.2021484375,12925.3232421875,12954.69921875,11971.060546875,24132332,0.0,0.0
2022-03-23 00:00:00+07:00,12984.07421875,13219.080078125,12895.947265625,12895.947265625,11916.76953125,14400831,0.0,0.0
2022-03-24 00:00:00+07:00,12895.947265625,13042.826171875,12837.1962890625,12925.3232421875,11943.9150390625,8947350,0.0,0.0
2022-03-25 00:00:00+07:00,12984.07421875,13013.4501953125,12837.1962890625,12925.3232421875,11943.9150390625,7497684,0.0,0.0
2022-03-28 00:00:00+07:00,12925.3232421875,12925.3232421875,12543.4384765625,12572.814453125,11618.171875,14584486,0.0,0.0
2022-03-29 00:00:00+07:00,12631.5654296875,12925.3232421875,12572.814453125,12719.693359375,11753.8984375,11914255,0.0,0.0
2022-03-30 00:00:00+07:00,12631.5654296875,12895.947265625,12484.6875,12778.4443359375,11808.1884765625,12930910,0.0,0.0
2022-03-31 00:00:00+07:00,12749.068359375,12807.8203125,12484.6875,12572.814453125,11618.171875,9524187,0.0,0.0
2022-04-01 00:00:00+07:00,12396.5595703125,13042.826171875,12396.5595703125,12984.07421875,11998.205078125,17985252,0.0,0.0
2022-04-04 00:00:00+07:00,12925.3232421875,13101.5771484375,12749.068359375,12749.068359375,11781.04296875,23542219,0.0,0.0
2022-04-05 00:00:00+07:00,12631.5654296875,12749.068359375,12514.0625,12514.0625,11563.880859375,13877610,0.0,0.0
2022-04-06 00:00:00+07:00,12337.80859375,12631.5654296875,11985.2998046875,12543.4384765625,11591.0263671875,29555346,0.0,0.0
2022-04-07 00:00:00+07:00,12396.5595703125,12543.4384765625,12102.802734375,12132.1787109375,11210.9931640625,19211434,0.0,0.0
2022-04-08 00:00:00+07:00,12044.05078125,12190.9296875,11750.2939453125,11750.2939453125,10858.10546875,31148327,0.0,0.0
2022-04-11 00:00:00+07:00,11750.2939453125,11750.2939453125,11750.2939453125,11750.2939453125,10858.10546875,0,0.0,0.0
2022-04-12 00:00:00+07:00,11779.669921875,11867.796875,11162.779296875,11162.779296875,10315.2001953125,15800626,0.0,0.0
2022-04-13 00:00:00+07:00,11250.90625,11515.2880859375,11133.4033203125,11515.2880859375,10640.9423828125,10303572,0.0,0.0
2022-04-14 00:00:00+07:00,11632.791015625,11838.4208984375,11544.6640625,11544.6640625,10668.087890625,10779134,0.0,0.0
2022-04-15 00:00:00+07:00,11574.0390625,11720.91796875,11427.1611328125,11427.1611328125,10559.5068359375,8931861,0.0,0.0
2022-04-18 00:00:00+07:00,11397.78515625,11515.2880859375,10869.021484375,11427.1611328125,10559.5068359375,15951090,0.0,0.0
2022-04-19 00:00:00+07:00,11339.033203125,11427.1611328125,10663.3916015625,10663.3916015625,9853.73046875,13769868,0.0,0.0
2022-04-20 00:00:00+07:00,10575.2646484375,10839.646484375,9928.998046875,9928.998046875,9175.09765625,14027223,0.0,0.0
2022-04-21 00:00:00+07:00,9693.9921875,10164.00390625,9253.3564453125,9517.73828125,8795.0654296875,32484294,0.0,0.0
2022-04-22 00:00:00+07:00,9723.3681640625,9899.6220703125,9429.6103515625,9635.2412109375,8903.6455078125,18549834,0.0,0.0
2022-04-25 00:00:00+07:00,9752.744140625,9928.998046875,9077.1015625,9077.1015625,8387.884765625,15765052,0.0,0.0
2022-04-26 00:00:00+07:00,8871.4716796875,9341.4833984375,8665.841796875,9282.732421875,8577.9033203125,21192491,0.0,0.0
2022-04-27 00:00:00+07:00,9400.2353515625,9605.865234375,9223.98046875,9517.73828125,8795.0654296875,13302135,0.0,0.0
2022-04-28 00:00:00+07:00,9605.865234375,9782.119140625,9488.3623046875,9517.73828125,8795.0654296875,6952507,0.0,0.0
2022-04-29 00:00:00+07:00,9576.4892578125,9752.744140625,9488.3623046875,9576.4892578125,8849.35546875,13505364,0.0,0.0
2022-05-02 00:00:00+07:00,9576.4892578125,9576.4892578125,9576.4892578125,9576.4892578125,8849.35546875,0,0.0,0.0
2022-05-03 00:00:00+07:00,9576.4892578125,9576.4892578125,9576.4892578125,9576.4892578125,8849.35546875,0,0.0,0.0
2022-05-04 00:00:00+07:00,9723.3681640625,10046.5009765625,9635.2412109375,9811.4951171875,9066.517578125,14662441,0.0,0.0
2022-05-05 00:00:00+07:00,10046.5009765625,10046.5009765625,9605.865234375,9693.9921875,8957.935546875,8657826,0.0,0.0
2022-05-06 00:00:00+07:00,9488.3623046875,9635.2412109375,9106.4775390625,9106.4775390625,8415.0302734375,9877880,0.0,0.0
2022-05-09 00:00:00+07:00,9165.2294921875,9165.2294921875,8489.5869140625,8518.962890625,7872.125,26513039,0.0,0.0
2022-05-10 00:00:00+07:00,8225.2060546875,8665.841796875,8166.4541015625,8636.4658203125,7980.70654296875,18543536,0.0,0.0
2022-05-11 00:00:00+07:00,8724.5927734375,8812.720703125,8548.3388671875,8607.08984375,7953.56103515625,8984626,0.0,0.0
2022-05-12 00:00:00+07:00,8518.962890625,8607.08984375,8019.57568359375,8048.951171875,7437.80126953125,20256004,0.0,0.0
2022-05-13 00:00:00+07:00,8048.951171875,8048.951171875,7490.8125,7520.18798828125,6949.1865234375,28909745,0.0,0.0
2022-05-16 00:00:00+07:00,7637.69091796875,7931.4482421875,7138.3037109375,7138.3037109375,6596.298828125,22267528,0.0,0.0
2022-05-17 00:00:00+07:00,6932.67333984375,7637.69091796875,6932.67333984375,7637.69091796875,7057.767578125,18830678,0.0,0.0
2022-05-18 00:00:00+07:00,7902.07275390625,8166.4541015625,7755.19384765625,8166.4541015625,7546.3828125,11002618,0.0,0.0
2022-05-19 00:00:00+07:00,8166.4541015625,8636.4658203125,8048.951171875,8489.5869140625,7844.97998046875,32327021,0.0,0.0
2022-05-20 00:00:00+07:00,8518.962890625,8695.2177734375,8401.4599609375,8665.841796875,8007.85205078125,21544652,0.0,0.0
2022-05-23 00:00:00+07:00,8753.96875,8959.5986328125,8225.2060546875,8518.962890625,7872.125,17025276,0.0,0.0
2022-05-24 00:00:00+07:00,8401.4599609375,8607.08984375,8107.70263671875,8460.2119140625,7817.83544921875,20114901,0.0,0.0
2022-05-25 00:00:00+07:00,8489.5869140625,8959.5986328125,8489.5869140625,8930.2236328125,8252.16015625,21149258,0.0,0.0
2022-05-26 00:00:00+07:00,9047.7265625,9106.4775390625,8842.095703125,8871.4716796875,8197.8681640625,12272203,0.0,0.0
2022-05-27 00:00:00+07:00,8900.84765625,8988.974609375,8812.720703125,8930.2236328125,8252.16015625,13809867,0.0,0.0
2022-05-30 00:00:00+07:00,8988.974609375,9018.3505859375,8871.4716796875,8900.84765625,8225.0146484375,15488463,0.0,0.0
2022-05-31 00:00:00+07:00,8842.095703125,8900.84765625,8695.2177734375,8695.2177734375,8034.998046875,14434532,0.0,0.0
2022-06-01 00:00:00+07:00,8724.5927734375,8930.2236328125,8695.2177734375,8724.5927734375,8062.142578125,8019373,0.0,0.0
2022-06-02 00:00:00+07:00,8724.5927734375,8724.5927734375,8724.5927734375,8724.5927734375,8062.142578125,0,0.0,0.0
2022-06-03 00:00:00+07:00,8577.71484375,8636.4658203125,8401.4599609375,8489.5869140625,7844.97998046875,7772912,0.0,0.0
2022-06-06 00:00:00+07:00,8401.4599609375,8518.962890625,8254.5810546875,8254.5810546875,7627.818359375,11641751,0.0,0.0
2022-06-07 00:00:00+07:00,8254.5810546875,8254.5810546875,7872.69677734375,8019.57568359375,7410.65673828125,16046917,0.0,0.0
2022-06-08 00:00:00+07:00,8137.07861328125,8577.71484375,8078.3271484375,8577.71484375,7926.41650390625,13831313,0.0,0.0
2022-06-09 00:00:00+07:00,8636.4658203125,8753.96875,8548.3388671875,8607.08984375,7953.56103515625,6658386,0.0,0.0
2022-06-10 00:00:00+07:00,8489.5869140625,8695.2177734375,8401.4599609375,8401.4599609375,7763.544921875,10296593,0.0,0.0
2022-06-13 00:00:00+07:00,8107.70263671875,8283.95703125,7931.4482421875,7931.4482421875,7329.22021484375,16426482,0.0,0.0
2022-06-14 00:00:00+07:00,7813.9453125,8166.4541015625,7755.19384765625,7990.19970703125,7383.51123046875,9802137,0.0,0.0
2022-06-15 00:00:00+07:00,8019.57568359375,8107.70263671875,7549.56396484375,7784.56982421875,7193.494140625,9225641,0.0,0.0
2022-06-16 00:00:00+07:00,7931.4482421875,7990.19970703125,7813.9453125,7813.9453125,7220.63916015625,6689875,0.0,0.0
2022-06-17 00:00:00+07:00,7637.69091796875,7696.4423828125,7285.18212890625,7608.3154296875,7030.623046875,22079277,0.0,0.0
2022-06-20 00:00:00+07:00,7520.18798828125,7960.82421875,7520.18798828125,7843.3212890625,7247.78515625,24514450,0.0,0.0
2022-06-21 00:00:00+07:00,7725.818359375,7872.69677734375,7549.56396484375,7578.939453125,7003.4775390625,6007679,0.0,0.0
2022-06-22 00:00:00+07:00,7813.9453125,8019.57568359375,7608.3154296875,7755.19384765625,7166.34912109375,8542084,0.0,0.0
2022-06-23 00:00:00+07:00,7784.56982421875,7990.19970703125,7755.19384765625,7960.82421875,7356.36572265625,5428289,0.0,0.0
2022-06-24 00:00:00+07:00,7990.19970703125,8107.70263671875,7931.4482421875,7931.4482421875,7329.22021484375,6609536,0.0,0.0
2022-06-27 00:00:00+07:00,7990.19970703125,8107.70263671875,7960.82421875,8019.57568359375,7410.65673828125,6357798,0.0,0.0
2022-06-28 00:00:00+07:00,8019.57568359375,8460.2119140625,7960.82421875,8313.3330078125,7682.10888671875,14160156,0.0,0.0
2022-06-29 00:00:00+07:00,8195.830078125,8372.083984375,8166.4541015625,8225.2060546875,7600.67333984375,8952286,0.0,0.0
2022-06-30 00:00:00+07:00,8225.2060546875,8313.3330078125,7931.4482421875,7931.4482421875,7329.22021484375,8690676,0.0,0.0
2022-07-01 00:00:00+07:00,7931.4482421875,7990.19970703125,7608.3154296875,7902.07275390625,7302.07568359375,10313274,0.0,0.0
2022-07-04 00:00:00+07:00,7990.19970703125,8107.70263671875,7931.4482421875,7990.19970703125,7383.51123046875,7761848,0.0,0.0
2022-07-05 00:00:00+07:00,7990.19970703125,8313.3330078125,7990.19970703125,8107.70263671875,7492.09228515625,14677079,0.0,0.0
2022-07-06 00:00:00+07:00,8048.951171875,8166.4541015625,7843.3212890625,7843.3212890625,7247.78515625,9689119,0.0,0.0
2022-07-07 00:00:00+07:00,7931.4482421875,8048.951171875,7813.9453125,7902.07275390625,7302.07568359375,5277655,0.0,0.0
2022-07-08 00:00:00+07:00,8048.951171875,8048.951171875,7931.4482421875,7990.19970703125,7383.51123046875,5673900,0.0,0.0
2022-07-11 00:00:00+07:00,7960.82421875,7990.19970703125,7725.818359375,7843.3212890625,7247.78515625,7307051,0.0,0.0
2022-07-12 00:00:00+07:00,7843.3212890625,7843.3212890625,7843.3212890625,7843.3212890625,7247.78515625,0,0.0,0.0
2022-07-13 00:00:00+07:00,8019.57568359375,8577.71484375,8019.57568359375,8577.71484375,7926.41650390625,61425527,0.0,0.0
2022-07-14 00:00:00+07:00,8636.4658203125,8871.4716796875,8548.3388671875,8548.3388671875,7899.27099609375,19828950,0.0,0.0
2022-07-15 00:00:00+07:00,8607.08984375,8959.5986328125,8548.3388671875,8607.08984375,7953.56103515625,22123361,0.0,0.0
2022-07-18 00:00:00+07:00,8665.841796875,8753.96875,8460.2119140625,8460.2119140625,7817.83544921875,27104173,0.0,0.0
2022-07-19 00:00:00+07:00,8489.5869140625,8607.08984375,8342.708984375,8548.3388671875,7899.27099609375,15836369,0.0,0.0
2022-07-20 00:00:00+07:00,8665.841796875,8842.095703125,8607.08984375,8695.2177734375,8034.998046875,29431944,0.0,0.0
2022-07-21 00:00:00+07:00,8636.4658203125,8783.3447265625,8577.71484375,8607.08984375,7953.56103515625,19125479,0.0,0.0
2022-07-22 00:00:00+07:00,8636.4658203125,8783.3447265625,8430.8359375,8430.8359375,7790.6904296875,24486536,0.0,0.0
2022-07-25 00:00:00+07:00,8430.8359375,8489.5869140625,8254.5810546875,8313.3330078125,7682.10888671875,14556061,0.0,0.0
2022-07-26 00:00:00+07:00,8342.708984375,8401.4599609375,8283.95703125,8283.95703125,7654.9638671875,10654542,0.0,0.0
2022-07-27 00:00:00+07:00,8254.5810546875,8489.5869140625,8254.5810546875,8401.4599609375,7763.544921875,10326890,0.0,0.0
2022-07-28 00:00:00+07:00,8577.71484375,8724.5927734375,8518.962890625,8636.4658203125,7980.70654296875,26845286,0.0,0.0
2022-07-29 00:00:00+07:00,8724.5927734375,8753.96875,8577.71484375,8607.08984375,7953.56103515625,19090416,0.0,0.0
2022-08-01 00:00:00+07:00,8665.841796875,8900.84765625,8607.08984375,8842.095703125,8170.72314453125,35840805,0.0,0.0
2022-08-02 00:00:00+07:00,8871.4716796875,9077.1015625,8812.720703125,8871.4716796875,8197.8681640625,27697860,0.0,0.0
2022-08-03 00:00:00+07:00,8842.095703125,9077.1015625,8812.720703125,8959.5986328125,8279.3046875,26024710,0.0,0.0
2022-08-04 00:00:00+07:00,9106.4775390625,9165.2294921875,8900.84765625,8930.2236328125,8252.16015625,26003434,0.0,0.0
2022-08-05 00:00:00+07:00,8871.4716796875,8959.5986328125,8783.3447265625,8900.84765625,8225.0146484375,22058171,0.0,0.0
2022-08-08 00:00:00+07:00,8930.2236328125,9047.7265625,8842.095703125,8900.84765625,8225.0146484375,19620785,0.0,0.0
2022-08-09 00:00:00+07:00,8959.5986328125,8988.974609375,8842.095703125,8930.2236328125,8252.16015625,24065440,0.0,0.0
2022-08-10 00:00:00+07:00,8900.84765625,8930.2236328125,8812.720703125,8812.720703125,8143.57861328125,14680824,0.0,0.0
2022-08-11 00:00:00+07:00,8900.84765625,8930.2236328125,8665.841796875,8695.2177734375,8034.998046875,23509539,0.0,0.0
2022-08-12 00:00:00+07:00,8665.841796875,8783.3447265625,8636.4658203125,8753.96875,8089.2880859375,12312713,0.0,0.0
2022-08-15 00:00:00+07:00,8783.3447265625,9341.4833984375,8753.96875,9341.4833984375,8632.1923828125,78722967,0.0,0.0
2022-08-16 00:00:00+07:00,9400.2353515625,9547.11328125,9253.3564453125,9282.732421875,8577.9033203125,21467378,0.0,0.0
2022-08-17 00:00:00+07:00,9282.732421875,9370.859375,9165.2294921875,9165.2294921875,8469.3212890625,21637756,0.0,0.0
2022-08-18 00:00:00+07:00,9106.4775390625,9253.3564453125,9077.1015625,9106.4775390625,8415.0302734375,23438392,0.0,0.0
2022-08-19 00:00:00+07:00,9106.4775390625,9194.6044921875,9047.7265625,9077.1015625,8387.884765625,17410798,0.0,0.0
2022-08-22 00:00:00+07:00,9047.7265625,9223.98046875,8988.974609375,9135.853515625,8442.17578125,19812270,0.0,0.0
2022-08-23 00:00:00+07:00,9077.1015625,9253.3564453125,9047.7265625,9223.98046875,8523.6123046875,17136082,0.0,0.0
2022-08-24 00:00:00+07:00,9223.98046875,9312.107421875,9194.6044921875,9194.6044921875,8496.466796875,22265996,0.0,0.0
2022-08-25 00:00:00+07:00,9253.3564453125,9370.859375,9194.6044921875,9370.859375,8659.337890625,24717850,0.0,0.0
2022-08-26 00:00:00+07:00,9429.6103515625,9488.3623046875,9194.6044921875,9223.98046875,8523.6123046875,22675007,0.0,0.0
2022-08-29 00:00:00+07:00,9018.3505859375,9135.853515625,8871.4716796875,9077.1015625,8387.884765625,32756287,0.0,0.0
2022-08-30 00:00:00+07:00,9135.853515625,9253.3564453125,9047.7265625,9047.7265625,8360.7412109375,13129203,0.0,0.0
2022-08-31 00:00:00+07:00,9018.3505859375,9165.2294921875,9018.3505859375,9165.2294921875,8469.3212890625,16537288,0.0,0.0
2022-09-01 00:00:00+07:00,9165.2294921875,9165.2294921875,9165.2294921875,9165.2294921875,8469.3212890625,0,0.0,0.0
2022-09-02 00:00:00+07:00,9165.2294921875,9165.2294921875,9165.2294921875,9165.2294921875,8469.3212890625,0,0.0,0.0
2022-09-05 00:00:00+07:00,9165.2294921875,9165.2294921875,9077.1015625,9077.1015625,8387.884765625,9007093,0.0,0.0
2022-09-06 00:00:00+07:00,9106.4775390625,9223.98046875,9047.7265625,9106.4775390625,8415.0302734375,15532377,0.0,0.0
2022-09-07 00:00:00+07:00,9135.853515625,9135.853515625,8607.08984375,8607.08984375,7953.56103515625,29946995,0.0,0.0
2022-09-08 00:00:00+07:00,8695.2177734375,8753.96875,8225.2060546875,8225.2060546875,7600.67333984375,25758164,0.0,0.0
2022-09-09 00:00:00+07:00,8372.083984375,8401.4599609375,8166.4541015625,8401.4599609375,7763.544921875,13657190,0.0,0.0
2022-09-12 00:00:00+07:00,8460.2119140625,8548.3388671875,8372.083984375,8372.083984375,7736.39892578125,9345128,0.0,0.0
2022-09-13 00:00:00+07:00,8372.083984375,8460.2119140625,8342.708984375,8460.2119140625,7817.83544921875,10443653,0.0,0.0
2022-09-14 00:00:00+07:00,8225.2060546875,8372.083984375,8225.2060546875,8313.3330078125,7682.10888671875,14295302,0.0,0.0
2022-09-15 00:00:00+07:00,8372.083984375,8401.4599609375,8283.95703125,8283.95703125,7654.9638671875,8605401,0.0,0.0
2022-09-16 00:00:00+07:00,8283.95703125,8342.708984375,7990.19970703125,8048.951171875,7437.80126953125,13967820,0.0,0.0
2022-09-19 00:00:00+07:00,8048.951171875,8107.70263671875,7637.69091796875,7637.69091796875,7057.767578125,19903842,0.0,0.0
2022-09-20 00:00:00+07:00,7784.56982421875,7902.07275390625,7637.69091796875,7872.69677734375,7274.93017578125,12878316,0.0,0.0
2022-09-21 00:00:00+07:00,7813.9453125,7872.69677734375,7755.19384765625,7813.9453125,7220.63916015625,7143480,0.0,0.0
2022-09-22 00:00:00+07:00,7696.4423828125,7902.07275390625,7696.4423828125,7843.3212890625,7247.78515625,11190358,0.0,0.0
2022-09-23 00:00:00+07:00,7843.3212890625,7902.07275390625,7696.4423828125,7696.4423828125,7112.05859375,10219318,0.0,0.0
2022-09-26 00:00:00+07:00,7578.939453125,7578.939453125,7197.05517578125,7285.18212890625,6732.02490234375,20690886,0.0,0.0
2022-09-27 00:00:00+07:00,7314.55810546875,7549.56396484375,7255.806640625,7490.8125,6922.0419921875,13569022,0.0,0.0
2022-09-28 00:00:00+07:00,7402.68505859375,7520.18798828125,7285.18212890625,7343.93359375,6786.3154296875,8920968,0.0,0.0
2022-09-29 00:00:00+07:00,7461.4365234375,7520.18798828125,7285.18212890625,7285.18212890625,6732.02490234375,9261215,0.0,0.0
2022-09-30 00:00:00+07:00,7314.55810546875,7373.3095703125,7138.3037109375,7314.55810546875,6759.17041015625,11852810,0.0,0.0
2022-10-03 00:00:00+07:00,7314.55810546875,7373.3095703125,6991.4248046875,6991.4248046875,6460.572265625,15188386,0.0,0.0
2022-10-04 00:00:00+07:00,7167.67919921875,7167.67919921875,6756.4189453125,6756.4189453125,6243.41015625,11050617,0.0,0.0
2022-10-05 00:00:00+07:00,6873.921875,6991.4248046875,6844.5458984375,6873.921875,6351.9912109375,11481755,0.0,0.0
2022-10-06 00:00:00+07:00,6903.2978515625,6932.67333984375,6433.28564453125,6462.66162109375,5971.95751953125,11314780,0.0,0.0
2022-10-07 00:00:00+07:00,6198.27978515625,6345.15869140625,6051.4013671875,6080.77685546875,5619.06884765625,26037987,0.0,0.0
2022-10-10 00:00:00+07:00,5904.5224609375,6110.15283203125,5710.642578125,5933.8984375,5483.3427734375,22040470,0.0,0.0
2022-10-11 00:00:00+07:00,5816.3955078125,5904.5224609375,5522.63818359375,5522.63818359375,5103.30908203125,24383390,0.0,0.0
2022-10-12 00:00:00+07:00,5375.75927734375,5904.5224609375,5375.75927734375,5904.5224609375,5456.197265625,33264019,0.0,0.0
2022-10-13 00:00:00+07:00,5992.64990234375,6139.5283203125,5933.8984375,6051.4013671875,5591.923828125,17536923,0.0,0.0
2022-10-14 00:00:00+07:00,6257.03125,6462.66162109375,6227.65576171875,6462.66162109375,5971.95751953125,24759210,0.0,0.0
2022-10-17 00:00:00+07:00,6462.66162109375,6815.17041015625,6374.5341796875,6756.4189453125,6243.41015625,24623043,0.0,0.0
2022-10-18 00:00:00+07:00,6932.67333984375,6991.4248046875,6580.16455078125,6609.5400390625,6107.68359375,15882156,0.0,0.0
2022-10-19 00:00:00+07:00,6727.04296875,6727.04296875,6492.037109375,6550.78857421875,6053.39306640625,11582518,0.0,0.0
2022-10-20 00:00:00+07:00,6492.037109375,6609.5400390625,6374.5341796875,6374.5341796875,5890.521484375,12429136,0.0,0.0
2022-10-21 00:00:00+07:00,6403.91015625,6521.4130859375,5963.27392578125,6022.025390625,5564.7783203125,20956922,0.0,0.0
2022-10-24 00:00:00+07:00,6110.15283203125,6286.4072265625,5792.89501953125,5816.3955078125,5374.76171875,20050222,0.0,0.0
2022-10-25 00:00:00+07:00,5875.14697265625,6198.27978515625,5663.6416015625,6198.27978515625,5727.64990234375,24164672,0.0,0.0
2022-10-26 00:00:00+07:00,6286.4072265625,6374.5341796875,6051.4013671875,6139.5283203125,5673.35986328125,9941538,0.0,0.0
2022-10-27 00:00:00+07:00,6139.5283203125,6550.78857421875,6139.5283203125,6550.78857421875,6053.39306640625,21556907,0.0,0.0
2022-10-28 00:00:00+07:00,6697.66748046875,6756.4189453125,6403.91015625,6462.66162109375,5971.95751953125,18405497,0.0,0.0
2022-10-31 00:00:00+07:00,6580.16455078125,6785.79443359375,6462.66162109375,6727.04296875,6216.2646484375,20462807,0.0,0.0
2022-11-01 00:00:00+07:00,6815.17041015625,7020.80078125,6785.79443359375,6815.17041015625,6297.70068359375,21826688,0.0,0.0
2022-11-02 00:00:00+07:00,6815.17041015625,6873.921875,6609.5400390625,6638.916015625,6134.8291015625,15669055,0.0,0.0
2022-11-03 00:00:00+07:00,6462.66162109375,6697.66748046875,6462.66162109375,6521.4130859375,6026.248046875,17918530,0.0,0.0
2022-11-04 00:00:00+07:00,6521.4130859375,6756.4189453125,6286.4072265625,6609.5400390625,6107.68359375,27724583,0.0,0.0
2022-11-07 00:00:00+07:00,6697.66748046875,6697.66748046875,6286.4072265625,6286.4072265625,5809.0859375,16369122,0.0,0.0
2022-11-08 00:00:00+07:00,6286.4072265625,6609.5400390625,6257.03125,6550.78857421875,6053.39306640625,17330970,0.0,0.0
2022-11-09 00:00:00+07:00,6668.29150390625,6668.29150390625,6462.66162109375,6462.66162109375,5971.95751953125,13516257,0.0,0.0
2022-11-10 00:00:00+07:00,6403.91015625,6462.66162109375,6022.025390625,6022.025390625,5564.7783203125,24480749,0.0,0.0
2022-11-11 00:00:00+07:00,6168.904296875,6257.03125,5875.14697265625,5875.14697265625,5429.052734375,12305054,0.0,0.0
2022-11-14 00:00:00+07:00,5875.14697265625,5904.5224609375,5510.8876953125,5593.1396484375,5168.45751953125,20808330,0.0,0.0
2022-11-15 00:00:00+07:00,5481.51220703125,5781.14453125,5205.38037109375,5205.38037109375,4810.14013671875,24752232,0.0,0.0
2022-11-16 00:00:00+07:00,4876.3720703125,5569.63916015625,4841.12109375,5569.63916015625,5146.74169921875,33315081,0.0,0.0
2022-11-17 00:00:00+07:00,5757.64404296875,5875.14697265625,5698.892578125,5875.14697265625,5429.052734375,17229186,0.0,0.0
2022-11-18 00:00:00+07:00,5904.5224609375,5992.64990234375,5669.5166015625,5933.8984375,5483.3427734375,25408726,0.0,0.0
2022-11-21 00:00:00+07:00,6022.025390625,6168.904296875,5933.8984375,6110.15283203125,5646.21435546875,19766824,0.0,0.0
2022-11-22 00:00:00+07:00,6110.15283203125,6315.78271484375,5992.64990234375,6110.15283203125,5646.21435546875,25834758,0.0,0.0
2022-11-23 00:00:00+07:00,6283.4697265625,6344.27734375,6087.53369140625,6087.53369140625,5625.3125,14199237,0.0,1.15
2022-11-24 00:00:00+07:00,6080.77685546875,6107.802734375,5857.8154296875,5992.943359375,5537.904296875,11945677,0.0,0.0
2022-11-25 00:00:00+07:00,6148.34130859375,6283.4697265625,6053.75146484375,6283.4697265625,5806.37109375,12703179,0.0,0.0
2022-11-28 00:00:00+07:00,6398.32861328125,6722.63671875,6398.32861328125,6722.63671875,6212.19287109375,21967998,0.0,0.0
2022-11-29 00:00:00+07:00,6756.4189453125,6925.32958984375,6675.341796875,6857.76513671875,6337.06103515625,27887258,0.0,0.0
2022-11-30 00:00:00+07:00,6857.76513671875,6925.32958984375,6756.4189453125,6823.98291015625,6305.84423828125,35859676,0.0,0.0
2022-12-01 00:00:00+07:00,6891.54736328125,7296.9326171875,6857.76513671875,7195.5859375,6649.2314453125,79947085,0.0,0.0
2022-12-02 00:00:00+07:00,7161.80419921875,7567.18896484375,7060.4580078125,7567.18896484375,6992.619140625,40270889,0.0,0.0
2022-12-05 00:00:00+07:00,7803.6640625,7972.57421875,7330.71435546875,7600.97119140625,7023.83642578125,77095130,0.0,0.0
2022-12-06 00:00:00+07:00,7634.75341796875,7769.8818359375,7094.23974609375,7094.23974609375,6555.58056640625,66365186,0.0,0.0
2022-12-07 00:00:00+07:00,7026.67578125,7330.71435546875,6959.111328125,7060.4580078125,6524.36376953125,35460796,0.0,0.0
2022-12-08 00:00:00+07:00,7263.150390625,7499.625,7195.5859375,7296.9326171875,6742.88330078125,36395759,0.0,0.0
2022-12-09 00:00:00+07:00,7296.9326171875,7432.06103515625,7128.02197265625,7161.80419921875,6618.0146484375,29999619,0.0,0.0
2022-12-12 00:00:00+07:00,7229.3681640625,7567.18896484375,7094.23974609375,7094.23974609375,6555.58056640625,49081917,0.0,0.0
2022-12-13 00:00:00+07:00,7296.9326171875,7364.49658203125,7094.23974609375,7364.49658203125,6805.3173828125,31377864,0.0,0.0
2022-12-14 00:00:00+07:00,7432.06103515625,7499.625,7263.150390625,7263.150390625,6711.666015625,31859036,0.0,0.0
2022-12-15 00:00:00+07:00,7263.150390625,7432.06103515625,7229.3681640625,7364.49658203125,6805.3173828125,30313839,0.0,0.0
2022-12-16 00:00:00+07:00,7263.150390625,7600.97119140625,7229.3681640625,7330.71435546875,6774.10009765625,45578730,0.0,0.0
2022-12-19 00:00:00+07:00,7364.49658203125,7668.53564453125,7364.49658203125,7364.49658203125,6805.3173828125,53169142,0.0,0.0
2022-12-20 00:00:00+07:00,7364.49658203125,7398.27880859375,6925.32958984375,7128.02197265625,6586.79736328125,45876965,0.0,0.0
2022-12-21 00:00:00+07:00,7263.150390625,7263.150390625,6823.98291015625,7060.4580078125,6524.36376953125,28904809,0.0,0.0
2022-12-22 00:00:00+07:00,7161.80419921875,7296.9326171875,7026.67578125,7094.23974609375,6555.58056640625,18350401,0.0,0.0
2022-12-23 00:00:00+07:00,7128.02197265625,7161.80419921875,6959.111328125,6992.8935546875,6461.92919921875,12699034,0.0,0.0
2022-12-26 00:00:00+07:00,6992.8935546875,6992.8935546875,6506.431640625,6506.431640625,6012.40380859375,31893966,0.0,0.0
2022-12-27 00:00:00+07:00,6506.431640625,6891.54736328125,6459.13671875,6891.54736328125,6368.2783203125,19146237,0.0,0.0
2022-12-28 00:00:00+07:00,6959.111328125,6959.111328125,6749.66259765625,6823.98291015625,6305.84423828125,13171918,0.0,0.0
2022-12-29 00:00:00+07:00,6790.201171875,6891.54736328125,6688.85498046875,6688.85498046875,6180.97607421875,12110113,0.0,0.0
2022-12-30 00:00:00+07:00,6790.201171875,6823.98291015625,6688.85498046875,6722.63671875,6212.19287109375,8186585,0.0,0.0
2023-01-02 00:00:00+07:00,6722.63671875,6722.63671875,6722.63671875,6722.63671875,6212.19287109375,0,0.0,0.0
2023-01-03 00:00:00+07:00,6729.39306640625,7060.4580078125,6722.63671875,7026.67578125,6493.146484375,21735330,0.0,0.0
2023-01-04 00:00:00+07:00,7026.67578125,7161.80419921875,6959.111328125,6959.111328125,6430.71240234375,15018162,0.0,0.0
2023-01-05 00:00:00+07:00,7026.67578125,7060.4580078125,6891.54736328125,6992.8935546875,6461.92919921875,13319333,0.0,0.0
2023-01-06 00:00:00+07:00,7026.67578125,7432.06103515625,6959.111328125,7128.02197265625,6586.79736328125,50273673,0.0,0.0
2023-01-09 00:00:00+07:00,7229.3681640625,7296.9326171875,7094.23974609375,7094.23974609375,6555.58056640625,18680753,0.0,0.0
2023-01-10 00:00:00+07:00,7128.02197265625,7195.5859375,7026.67578125,7094.23974609375,6555.58056640625,17196979,0.0,0.0
2023-01-11 00:00:00+07:00,7161.80419921875,7296.9326171875,7094.23974609375,7128.02197265625,6586.79736328125,19581527,0.0,0.0
2023-01-12 00:00:00+07:00,7195.5859375,7195.5859375,7094.23974609375,7094.23974609375,6555.58056640625,18484200,0.0,0.0
2023-01-13 00:00:00+07:00,7161.80419921875,7432.06103515625,7161.80419921875,7229.3681640625,6680.44873046875,32772242,0.0,0.0
2023-01-16 00:00:00+07:00,7263.150390625,7296.9326171875,7195.5859375,7229.3681640625,6680.44873046875,16478255,0.0,0.0
2023-01-17 00:00:00+07:00,7296.9326171875,7533.4072265625,7296.9326171875,7499.625,6930.185546875,45586427,0.0,0.0
2023-01-18 00:00:00+07:00,7533.4072265625,7600.97119140625,7465.8427734375,7499.625,6930.185546875,24219338,0.0,0.0
2023-01-19 00:00:00+07:00,7499.625,7668.53564453125,7432.06103515625,7533.4072265625,6961.40234375,33793345,0.0,0.0
2023-01-20 00:00:00+07:00,7533.4072265625,7533.4072265625,7533.4072265625,7533.4072265625,6961.40234375,0,0.0,0.0
2023-01-23 00:00:00+07:00,7533.4072265625,7533.4072265625,7533.4072265625,7533.4072265625,6961.40234375,0,0.0,0.0
2023-01-24 00:00:00+07:00,7533.4072265625,7533.4072265625,7533.4072265625,7533.4072265625,6961.40234375,0,0.0,0.0
2023-01-25 00:00:00+07:00,7533.4072265625,7533.4072265625,7533.4072265625,7533.4072265625,6961.40234375,0,0.0,0.0
2023-01-26 00:00:00+07:00,7533.4072265625,7533.4072265625,7533.4072265625,7533.4072265625,6961.40234375,0,0.0,0.0
2023-01-27 00:00:00+07:00,7668.53564453125,7702.3173828125,7533.4072265625,7567.18896484375,6992.619140625,28189637,0.0,0.0
2023-01-30 00:00:00+07:00,7567.18896484375,7600.97119140625,7364.49658203125,7364.49658203125,6805.3173828125,42885588,0.0,0.0
2023-01-31 00:00:00+07:00,7296.9326171875,7432.06103515625,7229.3681640625,7432.06103515625,6867.75146484375,36897800,0.0,0.0
2023-02-01 00:00:00+07:00,7499.625,7567.18896484375,7128.02197265625,7161.80419921875,6618.0146484375,36550871,0.0,0.0
2023-02-02 00:00:00+07:00,7161.80419921875,7229.3681640625,7026.67578125,7060.4580078125,6524.36376953125,25949841,0.0,0.0
2023-02-03 00:00:00+07:00,7094.23974609375,7195.5859375,7026.67578125,7060.4580078125,6524.36376953125,14943567,0.0,0.0
2023-02-06 00:00:00+07:00,7060.4580078125,7128.02197265625,6992.8935546875,7060.4580078125,6524.36376953125,10413800,0.0,0.0
2023-02-07 00:00:00+07:00,7094.23974609375,7128.02197265625,6823.98291015625,6857.76513671875,6337.06103515625,23117571,0.0,0.0
2023-02-08 00:00:00+07:00,6891.54736328125,6959.111328125,6756.4189453125,6857.76513671875,6337.06103515625,15460112,0.0,0.0
2023-02-09 00:00:00+07:00,6891.54736328125,6925.32958984375,6823.98291015625,6857.76513671875,6337.06103515625,7906407,0.0,0.0
2023-02-10 00:00:00+07:00,6857.76513671875,6959.111328125,6790.201171875,6823.98291015625,6305.84423828125,10797583,0.0,0.0
2023-02-13 00:00:00+07:00,6790.201171875,6790.201171875,6567.2392578125,6621.29052734375,6118.5419921875,24233251,0.0,0.0
2023-02-14 00:00:00+07:00,6682.09814453125,6715.88037109375,6634.80322265625,6648.31640625,6143.51611328125,8608110,0.0,0.0
2023-02-15 00:00:00+07:00,6682.09814453125,6857.76513671875,6655.07275390625,6749.66259765625,6237.1669921875,13180354,0.0,0.0
2023-02-16 00:00:00+07:00,6823.98291015625,6857.76513671875,6736.14990234375,6823.98291015625,6305.84423828125,9543517,0.0,0.0
2023-02-17 00:00:00+07:00,6823.98291015625,6925.32958984375,6756.4189453125,6823.98291015625,6305.84423828125,15064489,0.0,0.0
2023-02-20 00:00:00+07:00,6823.98291015625,7128.02197265625,6823.98291015625,7094.23974609375,6555.58056640625,21658662,0.0,0.0
2023-02-21 00:00:00+07:00,7161.80419921875,7195.5859375,6992.8935546875,6992.8935546875,6461.92919921875,18462443,0.0,0.0
2023-02-22 00:00:00+07:00,6891.54736328125,6959.111328125,6823.98291015625,6823.98291015625,6305.84423828125,19635105,0.0,0.0
2023-02-23 00:00:00+07:00,6790.201171875,6823.98291015625,6695.611328125,6823.98291015625,6305.84423828125,20631491,0.0,0.0
2023-02-24 00:00:00+07:00,6857.76513671875,6891.54736328125,6722.63671875,6729.39306640625,6218.43603515625,8425617,0.0,0.0
2023-02-27 00:00:00+07:00,6621.29052734375,6688.85498046875,6607.77783203125,6614.5341796875,6112.298828125,13790145,0.0,0.0
2023-02-28 00:00:00+07:00,6661.8291015625,6709.1240234375,6601.021484375,6614.5341796875,6112.298828125,8653992,0.0,0.0
2023-03-01 00:00:00+07:00,6621.29052734375,6756.4189453125,6546.9697265625,6756.4189453125,6243.41015625,19892194,0.0,0.0
2023-03-02 00:00:00+07:00,6790.201171875,6823.98291015625,6688.85498046875,6688.85498046875,6180.97607421875,5196687,0.0,0.0
2023-03-03 00:00:00+07:00,6742.90625,6756.4189453125,6607.77783203125,6607.77783203125,6106.05517578125,8227287,0.0,0.0
2023-03-06 00:00:00+07:00,6695.611328125,6790.201171875,6695.611328125,6702.36767578125,6193.462890625,9408386,0.0,0.0
2023-03-07 00:00:00+07:00,6749.66259765625,6756.4189453125,6702.36767578125,6736.14990234375,6224.68017578125,7997135,0.0,0.0
2023-03-08 00:00:00+07:00,6641.5595703125,6823.98291015625,6641.5595703125,6790.201171875,6274.62744140625,11847104,0.0,0.0
2023-03-09 00:00:00+07:00,6823.98291015625,6992.8935546875,6790.201171875,6959.111328125,6430.71240234375,27024079,0.0,0.0
2023-03-10 00:00:00+07:00,6891.54736328125,6925.32958984375,6823.98291015625,6823.98291015625,6305.84423828125,10824373,0.0,0.0
2023-03-13 00:00:00+07:00,6722.63671875,6823.98291015625,6688.85498046875,6715.88037109375,6205.94970703125,23103067,0.0,0.0
2023-03-14 00:00:00+07:00,6715.88037109375,6891.54736328125,6702.36767578125,6742.90625,6230.92333984375,18777254,0.0,0.0
2023-03-15 00:00:00+07:00,6891.54736328125,6959.111328125,6823.98291015625,6925.32958984375,6399.49560546875,22864923,0.0,0.0
2023-03-16 00:00:00+07:00,6857.76513671875,6891.54736328125,6823.98291015625,6823.98291015625,6305.84423828125,15898510,0.0,0.0
2023-03-17 00:00:00+07:00,6891.54736328125,6959.111328125,6823.98291015625,6925.32958984375,6399.49560546875,45766996,0.0,0.0
2023-03-20 00:00:00+07:00,6891.54736328125,6891.54736328125,6702.36767578125,6756.4189453125,6243.41015625,26901973,0.0,0.0
2023-03-21 00:00:00+07:00,6823.98291015625,6891.54736328125,6729.39306640625,6857.76513671875,6337.06103515625,13820042,0.0,0.0
2023-03-22 00:00:00+07:00,6891.54736328125,6959.111328125,6823.98291015625,6891.54736328125,6368.2783203125,18439945,0.0,0.0
2023-03-23 00:00:00+07:00,6790.201171875,7161.80419921875,6756.4189453125,7094.23974609375,6555.58056640625,54381766,0.0,0.0
2023-03-24 00:00:00+07:00,7161.80419921875,7195.5859375,7026.67578125,7094.23974609375,6555.58056640625,23969650,0.0,0.0
2023-03-27 00:00:00+07:00,7094.23974609375,7229.3681640625,7026.67578125,7195.5859375,6649.2314453125,54651732,0.0,0.0
2023-03-28 00:00:00+07:00,7229.3681640625,7330.71435546875,7161.80419921875,7330.71435546875,6774.10009765625,44967016,0.0,0.0
2023-03-29 00:00:00+07:00,7330.71435546875,7330.71435546875,7195.5859375,7296.9326171875,6742.88330078125,32458466,0.0,0.0
2023-03-30 00:00:00+07:00,7330.71435546875,7330.71435546875,7161.80419921875,7161.80419921875,6618.0146484375,27626913,0.0,0.0
2023-03-31 00:00:00+07:00,7161.80419921875,7263.150390625,7128.02197265625,7263.150390625,6711.666015625,18039733,0.0,0.0
2023-04-03 00:00:00+07:00,7330.71435546875,7567.18896484375,7229.3681640625,7567.18896484375,6992.619140625,94297142,0.0,0.0
2023-04-04 00:00:00+07:00,7567.18896484375,7769.8818359375,7465.8427734375,7769.8818359375,7179.921875,60033133,0.0,0.0
2023-04-05 00:00:00+07:00,7702.3173828125,7871.22802734375,7634.75341796875,7803.6640625,7211.138671875,65204956,0.0,0.0
2023-04-06 00:00:00+07:00,7871.22802734375,7905.01025390625,7600.97119140625,7668.53564453125,7086.2705078125,50504269,0.0,0.0
2023-04-07 00:00:00+07:00,7668.53564453125,7837.44580078125,7398.27880859375,7837.44580078125,7242.35546875,44621270,0.0,0.0
2023-04-10 00:00:00+07:00,7837.44580078125,8107.70263671875,7769.8818359375,8107.70263671875,7492.09228515625,78375838,0.0,0.0
2023-04-11 00:00:00+07:00,8040.138671875,8209.048828125,7871.22802734375,7938.79248046875,7336.0068359375,43739294,0.0,0.0
2023-04-12 00:00:00+07:00,8141.48486328125,8310.3955078125,8107.70263671875,8242.8310546875,7616.96044921875,61494410,0.0,0.0
2023-04-13 00:00:00+07:00,8276.61328125,8310.3955078125,8107.70263671875,8141.48486328125,7523.3095703125,29026767,0.0,0.0
2023-04-14 00:00:00+07:00,8209.048828125,8310.3955078125,7938.79248046875,8006.3564453125,7398.44091796875,74074299,0.0,0.0
2023-04-17 00:00:00+07:00,7938.79248046875,8040.138671875,7803.6640625,7972.57421875,7367.2236328125,38801175,0.0,0.0
2023-04-18 00:00:00+07:00,7972.57421875,8006.3564453125,7736.099609375,7769.8818359375,7179.921875,41715885,0.0,0.0
2023-04-19 00:00:00+07:00,7803.6640625,7905.01025390625,7668.53564453125,7668.53564453125,7086.2705078125,50525138,0.0,0.0
2023-04-20 00:00:00+07:00,7668.53564453125,7736.099609375,7600.97119140625,7668.53564453125,7086.2705078125,30713459,0.0,0.0
2023-04-21 00:00:00+07:00,7702.3173828125,7769.8818359375,7499.625,7499.625,6930.185546875,32142915,0.0,0.0
2023-04-24 00:00:00+07:00,7499.625,7567.18896484375,7364.49658203125,7432.06103515625,6867.75146484375,26514341,0.0,0.0
2023-04-25 00:00:00+07:00,7499.625,7567.18896484375,7364.49658203125,7364.49658203125,6805.3173828125,17718409,0.0,0.0
2023-04-26 00:00:00+07:00,7364.49658203125,7465.8427734375,7263.150390625,7465.8427734375,6898.96826171875,21521312,0.0,0.0
2023-04-27 00:00:00+07:00,7600.97119140625,7634.75341796875,7465.8427734375,7465.8427734375,6898.96826171875,20331332,0.0,0.0
2023-04-28 00:00:00+07:00,7567.18896484375,7567.18896484375,7465.8427734375,7567.18896484375,6992.619140625,15026007,0.0,0.0
2023-05-01 00:00:00+07:00,7567.18896484375,7567.18896484375,7567.18896484375,7567.18896484375,6992.619140625,0,0.0,0.0
2023-05-02 00:00:00+07:00,7567.18896484375,7567.18896484375,7567.18896484375,7567.18896484375,6992.619140625,0,0.0,0.0
2023-05-03 00:00:00+07:00,7567.18896484375,7567.18896484375,7567.18896484375,7567.18896484375,6992.619140625,0,0.0,0.0
2023-05-04 00:00:00+07:00,7600.97119140625,7634.75341796875,7432.06103515625,7465.8427734375,6898.96826171875,18692594,0.0,0.0
2023-05-05 00:00:00+07:00,7465.8427734375,7499.625,7398.27880859375,7398.27880859375,6836.5341796875,15936696,0.0,0.0
2023-05-08 00:00:00+07:00,7465.8427734375,7600.97119140625,7432.06103515625,7567.18896484375,6992.619140625,17325598,0.0,0.0
2023-05-09 00:00:00+07:00,7634.75341796875,7634.75341796875,7533.4072265625,7567.18896484375,6992.619140625,14127750,0.0,0.0
2023-05-10 00:00:00+07:00,7600.97119140625,7871.22802734375,7567.18896484375,7837.44580078125,7242.35546875,35234789,0.0,0.0
2023-05-11 00:00:00+07:00,7905.01025390625,7905.01025390625,7769.8818359375,7769.8818359375,7179.921875,19052104,0.0,0.0
2023-05-12 00:00:00+07:00,7769.8818359375,7837.44580078125,7702.3173828125,7837.44580078125,7242.35546875,18610006,0.0,0.0
2023-05-15 00:00:00+07:00,7905.01025390625,7972.57421875,7769.8818359375,7769.8818359375,7179.921875,26135886,0.0,0.0
2023-05-16 00:00:00+07:00,7803.6640625,7871.22802734375,7702.3173828125,7837.44580078125,7242.35546875,31044996,0.0,0.0
2023-05-17 00:00:00+07:00,7837.44580078125,7905.01025390625,7668.53564453125,7905.01025390625,7304.7900390625,44656496,0.0,0.0
2023-05-18 00:00:00+07:00,7905.01025390625,7905.01025390625,7769.8818359375,7837.44580078125,7242.35546875,24145335,0.0,0.0
2023-05-19 00:00:00+07:00,7837.44580078125,8006.3564453125,7736.099609375,7972.57421875,7367.2236328125,52428957,0.0,0.0
2023-05-22 00:00:00+07:00,7972.57421875,8107.70263671875,7905.01025390625,8107.70263671875,7492.09228515625,48048234,0.0,0.0
2023-05-23 00:00:00+07:00,8107.70263671875,8175.26708984375,7905.01025390625,8073.92041015625,7460.87451171875,34917461,0.0,0.0
2023-05-24 00:00:00+07:00,8073.92041015625,8073.92041015625,8073.92041015625,8073.92041015625,7460.87451171875,0,0.0,0.0
2023-05-25 00:00:00+07:00,7972.57421875,7972.57421875,7769.8818359375,7938.79248046875,7336.0068359375,47101578,0.0,0.0
2023-05-26 00:00:00+07:00,7938.79248046875,7938.79248046875,7803.6640625,7803.6640625,7211.138671875,29995919,0.0,0.0
2023-05-29 00:00:00+07:00,7871.22802734375,7972.57421875,7837.44580078125,7905.01025390625,7304.7900390625,27526860,0.0,0.0
2023-05-30 00:00:00+07:00,7905.01025390625,7972.57421875,7871.22802734375,7938.79248046875,7336.0068359375,18218230,0.0,0.0
2023-05-31 00:00:00+07:00,7972.57421875,8006.3564453125,7905.01025390625,7938.79248046875,7336.0068359375,40712395,0.0,0.0
2023-06-01 00:00:00+07:00,7938.79248046875,7972.57421875,7871.22802734375,7938.79248046875,7336.0068359375,29603552,0.0,0.0
2023-06-02 00:00:00+07:00,8073.92041015625,8242.8310546875,8040.138671875,8141.48486328125,7523.3095703125,68240735,0.0,0.0
2023-06-05 00:00:00+07:00,8276.61328125,8377.9599609375,8175.26708984375,8344.177734375,7710.61181640625,66471751,0.0,0.0
2023-06-06 00:00:00+07:00,8242.8310546875,8445.5234375,8242.8310546875,8445.5234375,7804.2626953125,45812730,0.0,0.0
2023-06-07 00:00:00+07:00,8445.5234375,8513.087890625,8276.61328125,8310.3955078125,7679.39453125,60334624,0.0,0.0
2023-06-08 00:00:00+07:00,8310.3955078125,8344.177734375,8141.48486328125,8242.8310546875,7616.96044921875,67977578,0.0,0.0
2023-06-09 00:00:00+07:00,8276.61328125,8276.61328125,8073.92041015625,8209.048828125,7585.7431640625,36542287,0.0,0.0
2023-06-12 00:00:00+07:00,8276.61328125,8310.3955078125,8141.48486328125,8242.8310546875,7616.96044921875,20993517,0.0,0.0
2023-06-13 00:00:00+07:00,8310.3955078125,8377.9599609375,8242.8310546875,8276.61328125,7648.177734375,30447786,0.0,0.0
2023-06-14 00:00:00+07:00,8310.3955078125,8479.3056640625,8276.61328125,8479.3056640625,7835.4794921875,72539462,0.0,0.0
2023-06-15 00:00:00+07:00,8445.5234375,8513.087890625,8310.3955078125,8411.7412109375,7773.04541015625,32015036,0.0,0.0
2023-06-16 00:00:00+07:00,8445.5234375,8648.2158203125,8377.9599609375,8513.087890625,7866.697265625,63512787,0.0,0.0
2023-06-19 00:00:00+07:00,8513.087890625,8681.998046875,8445.5234375,8648.2158203125,7991.564453125,57879033,0.0,0.0
2023-06-20 00:00:00+07:00,8715.7802734375,8715.7802734375,8513.087890625,8580.65234375,7929.130859375,27308993,0.0,0.0
2023-06-21 00:00:00+07:00,8614.4345703125,8648.2158203125,8513.087890625,8580.65234375,7929.130859375,36687186,0.0,0.0
2023-06-22 00:00:00+07:00,8580.65234375,8580.65234375,8580.65234375,8580.65234375,7929.130859375,0,0.0,0.0
2023-06-23 00:00:00+07:00,8648.2158203125,8783.3447265625,8580.65234375,8648.2158203125,7991.564453125,31912911,0.0,0.0
2023-06-26 00:00:00+07:00,8681.998046875,8749.5625,8546.8701171875,8614.4345703125,7960.34814453125,32721623,0.0,0.0
2023-06-27 00:00:00+07:00,8614.4345703125,8681.998046875,8546.8701171875,8580.65234375,7929.130859375,17286080,0.0,0.0
2023-06-28 00:00:00+07:00,8614.4345703125,8715.7802734375,8580.65234375,8681.998046875,8022.78173828125,24801452,0.0,0.0
2023-06-29 00:00:00+07:00,8715.7802734375,8749.5625,8513.087890625,8513.087890625,7866.697265625,23740682,0.0,0.0
2023-06-30 00:00:00+07:00,8513.087890625,8546.8701171875,8445.5234375,8445.5234375,7804.2626953125,17065253,0.0,0.0
2023-07-03 00:00:00+07:00,8479.3056640625,8850.9091796875,8479.3056640625,8749.5625,8085.21630859375,51626165,0.0,0.0
2023-07-04 00:00:00+07:00,8850.9091796875,9019.8193359375,8783.3447265625,8952.2548828125,8272.5185546875,44133882,0.0,0.0
2023-07-05 00:00:00+07:00,9053.6015625,9053.6015625,8884.6904296875,8884.6904296875,8210.083984375,24379630,0.0,0.0
2023-07-06 00:00:00+07:00,8884.6904296875,8952.2548828125,8681.998046875,8817.126953125,8147.64990234375,39689664,0.0,0.0
2023-07-07 00:00:00+07:00,8884.6904296875,9154.947265625,8817.126953125,9121.166015625,8428.603515625,37244138,0.0,0.0
2023-07-10 00:00:00+07:00,9188.7294921875,9222.51171875,9087.3837890625,9121.166015625,8428.603515625,31519063,0.0,0.0
2023-07-11 00:00:00+07:00,9188.7294921875,9290.076171875,9121.166015625,9188.7294921875,8491.037109375,30634571,0.0,0.0
2023-07-12 00:00:00+07:00,9188.7294921875,9290.076171875,9087.3837890625,9290.076171875,8584.689453125,30075695,0.0,0.0
2023-07-13 00:00:00+07:00,9290.076171875,9357.640625,9222.51171875,9323.8583984375,8615.9052734375,22748737,0.0,0.0
2023-07-14 00:00:00+07:00,9391.421875,9391.421875,9121.166015625,9256.2939453125,8553.4716796875,26382763,0.0,0.0
2023-07-17 00:00:00+07:00,9323.8583984375,9323.8583984375,9222.51171875,9256.2939453125,8553.4716796875,18094496,0.0,0.0
2023-07-18 00:00:00+07:00,9391.421875,9594.115234375,9323.8583984375,9560.3330078125,8834.42578125,35841916,0.0,0.0
2023-07-19 00:00:00+07:00,9627.8974609375,9661.6787109375,9526.55078125,9526.55078125,8803.208984375,21221449,0.0,0.0
2023-07-20 00:00:00+07:00,9526.55078125,9763.025390625,9492.7685546875,9695.4609375,8959.29296875,37953241,0.0,0.0
2023-07-21 00:00:00+07:00,9695.4609375,9864.3720703125,9695.4609375,9729.2431640625,8990.5107421875,54934870,0.0,0.0
2023-07-24 00:00:00+07:00,10045.443359375,10125.1689453125,9965.7177734375,10045.443359375,9282.7021484375,29606371,0.0,1.18
2023-07-25 00:00:00+07:00,10125.1689453125,10284.62109375,10005.5810546875,10045.443359375,9282.7021484375,23954245,0.0,0.0
2023-07-26 00:00:00+07:00,10085.306640625,10085.306640625,9965.7177734375,10045.443359375,9282.7021484375,18400706,0.0,0.0
2023-07-27 00:00:00+07:00,10045.443359375,10045.443359375,9846.12890625,9965.7177734375,9209.029296875,25697722,0.0,0.0
2023-07-28 00:00:00+07:00,9925.85546875,10085.306640625,9846.12890625,10045.443359375,9282.7021484375,19222022,0.0,0.0
2023-07-31 00:00:00+07:00,10045.443359375,10125.1689453125,9965.7177734375,10045.443359375,9282.7021484375,24225926,0.0,0.0
2023-08-01 00:00:00+07:00,10045.443359375,10165.0322265625,10005.5810546875,10005.5810546875,9245.8662109375,26414805,0.0,0.0
2023-08-02 00:00:00+07:00,10005.5810546875,10085.306640625,9965.7177734375,10085.306640625,9319.5380859375,24316737,0.0,0.0
2023-08-03 00:00:00+07:00,10125.1689453125,10125.1689453125,10005.5810546875,10085.306640625,9319.5380859375,19674071,0.0,0.0
2023-08-04 00:00:00+07:00,10125.1689453125,10603.5234375,10085.306640625,10603.5234375,9798.4072265625,52783954,0.0,0.0
2023-08-07 00:00:00+07:00,10603.5234375,10842.701171875,10603.5234375,10723.1123046875,9908.916015625,33130202,0.0,0.0
2023-08-08 00:00:00+07:00,10802.837890625,10802.837890625,10563.6611328125,10563.6611328125,9761.572265625,29826375,0.0,0.0
2023-08-09 00:00:00+07:00,10523.7978515625,10683.25,10444.072265625,10483.935546875,9687.8994140625,23157388,0.0,0.0
2023-08-10 00:00:00+07:00,10483.935546875,10563.6611328125,10284.62109375,10324.4833984375,9540.5546875,25186093,0.0,0.0
2023-08-11 00:00:00+07:00,10324.4833984375,10444.072265625,10125.1689453125,10324.4833984375,9540.5546875,25323815,0.0,0.0
2023-08-14 00:00:00+07:00,10364.3466796875,10404.2099609375,10244.7578125,10324.4833984375,9540.5546875,27347753,0.0,0.0
2023-08-15 00:00:00+07:00,10324.4833984375,10444.072265625,10284.62109375,10324.4833984375,9540.5546875,18494653,0.0,0.0
2023-08-16 00:00:00+07:00,10324.4833984375,10444.072265625,10244.7578125,10284.62109375,9503.71875,20987073,0.0,0.0
2023-08-17 00:00:00+07:00,10324.4833984375,10364.3466796875,10244.7578125,10244.7578125,9466.8828125,22221680,0.0,0.0
2023-08-18 00:00:00+07:00,10244.7578125,10244.7578125,9567.0888671875,9567.0888671875,8840.66796875,47610970,0.0,0.0
2023-08-21 00:00:00+07:00,9487.36328125,9806.2666015625,9367.7744140625,9686.677734375,8951.1767578125,32873446,0.0,0.0
2023-08-22 00:00:00+07:00,9726.541015625,9766.4033203125,9367.7744140625,9646.8154296875,8914.341796875,22530865,0.0,0.0
2023-08-23 00:00:00+07:00,9726.541015625,9766.4033203125,9487.36328125,9567.0888671875,8840.66796875,21084281,0.0,0.0
2023-08-24 00:00:00+07:00,9567.0888671875,9646.8154296875,9487.36328125,9646.8154296875,8914.341796875,17960823,0.0,0.0
2023-08-25 00:00:00+07:00,9646.8154296875,9646.8154296875,9527.2265625,9527.2265625,8803.8330078125,16319195,0.0,0.0
2023-08-28 00:00:00+07:00,9567.0888671875,9686.677734375,9527.2265625,9646.8154296875,8914.341796875,20101913,0.0,0.0
2023-08-29 00:00:00+07:00,9686.677734375,9885.9921875,9646.8154296875,9766.4033203125,9024.849609375,25008484,0.0,0.0
2023-08-30 00:00:00+07:00,9766.4033203125,9846.12890625,9726.541015625,9766.4033203125,9024.849609375,18428301,0.0,0.0
2023-08-31 00:00:00+07:00,9846.12890625,9925.85546875,9766.4033203125,9925.85546875,9172.1943359375,23755438,0.0,0.0
2023-09-01 00:00:00+07:00,9925.85546875,9925.85546875,9925.85546875,9925.85546875,9172.1943359375,0,0.0,0.0
2023-09-04 00:00:00+07:00,9925.85546875,9925.85546875,9925.85546875,9925.85546875,9172.1943359375,0,0.0,0.0
2023-09-05 00:00:00+07:00,9965.7177734375,10284.62109375,9965.7177734375,10085.306640625,9319.5380859375,44371364,0.0,0.0
2023-09-06 00:00:00+07:00,10085.306640625,10204.8955078125,10045.443359375,10085.306640625,9319.5380859375,26658139,0.0,0.0
2023-09-07 00:00:00+07:00,10125.1689453125,10324.4833984375,10125.1689453125,10165.0322265625,9393.2109375,44247941,0.0,0.0
2023-09-08 00:00:00+07:00,10204.8955078125,10244.7578125,10125.1689453125,10125.1689453125,9356.3740234375,25823528,0.0,0.0
2023-09-11 00:00:00+07:00,10204.8955078125,10204.8955078125,9806.2666015625,9806.2666015625,9061.685546875,42390322,0.0,0.0
2023-09-12 00:00:00+07:00,9885.9921875,10005.5810546875,9726.541015625,10005.5810546875,9245.8662109375,28197918,0.0,0.0
2023-09-13 00:00:00+07:00,10045.443359375,10085.306640625,9806.2666015625,9846.12890625,9098.5205078125,25776366,0.0,0.0
2023-09-14 00:00:00+07:00,9885.9921875,10085.306640625,9806.2666015625,9806.2666015625,9061.685546875,35217231,0.0,0.0
2023-09-15 00:00:00+07:00,9885.9921875,9965.7177734375,9726.541015625,9726.541015625,8988.0126953125,31260793,0.0,0.0
2023-09-18 00:00:00+07:00,9766.4033203125,9846.12890625,9606.9521484375,9646.8154296875,8914.341796875,23518752,0.0,0.0
2023-09-19 00:00:00+07:00,9646.8154296875,9646.8154296875,9646.8154296875,9646.8154296875,8914.341796875,0,0.0,0.0
2023-09-20 00:00:00+07:00,9606.9521484375,9766.4033203125,9606.9521484375,9726.541015625,8988.0126953125,19597434,0.0,0.0
2023-09-21 00:00:00+07:00,9726.541015625,9766.4033203125,9567.0888671875,9606.9521484375,8877.5048828125,22390258,0.0,0.0
2023-09-22 00:00:00+07:00,9487.36328125,9527.2265625,9168.4609375,9407.6376953125,8693.32421875,44008118,0.0,0.0
2023-09-25 00:00:00+07:00,9407.6376953125,9447.5009765625,8769.83203125,8769.83203125,8103.9462890625,32113090,0.0,0.0
2023-09-26 00:00:00+07:00,8769.83203125,9009.0087890625,8610.3798828125,8610.3798828125,7956.60107421875,27593721,0.0,0.0
2023-09-27 00:00:00+07:00,8650.2431640625,8849.5576171875,8450.9287109375,8849.5576171875,8177.61865234375,22158087,0.0,0.0
2023-09-28 00:00:00+07:00,8849.5576171875,8889.419921875,8650.2431640625,8729.96875,8067.10986328125,17306831,0.0,0.0
2023-09-29 00:00:00+07:00,8809.6943359375,9009.0087890625,8769.83203125,8849.5576171875,8177.61865234375,11804844,0.0,0.0
2023-10-02 00:00:00+07:00,8849.5576171875,8929.283203125,8769.83203125,8809.6943359375,8140.78271484375,11856019,0.0,0.0
2023-10-03 00:00:00+07:00,8769.83203125,8769.83203125,8291.4775390625,8411.06640625,7772.42138671875,28082397,0.0,0.0
2023-10-04 00:00:00+07:00,8331.33984375,8570.517578125,8291.4775390625,8490.7919921875,7846.09375,13251930,0.0,0.0
2023-10-05 00:00:00+07:00,8530.654296875,8610.3798828125,8371.203125,8371.203125,7735.58544921875,11538807,0.0,0.0
2023-10-06 00:00:00+07:00,8371.203125,8610.3798828125,8371.203125,8530.654296875,7882.9296875,13220823,0.0,0.0
2023-10-09 00:00:00+07:00,8530.654296875,8610.3798828125,8490.7919921875,8570.517578125,7919.76611328125,10072154,0.0,0.0
2023-10-10 00:00:00+07:00,8610.3798828125,8769.83203125,8610.3798828125,8650.2431640625,7993.4375,12338047,0.0,0.0
2023-10-11 00:00:00+07:00,8690.1064453125,8729.96875,8610.3798828125,8690.1064453125,8030.27490234375,7038128,0.0,0.0
2023-10-12 00:00:00+07:00,8690.1064453125,8809.6943359375,8650.2431640625,8650.2431640625,7993.4375,12115032,0.0,0.0
2023-10-13 00:00:00+07:00,8650.2431640625,8650.2431640625,8530.654296875,8610.3798828125,7956.60107421875,13377862,0.0,0.0
2023-10-16 00:00:00+07:00,8570.517578125,8650.2431640625,8450.9287109375,8450.9287109375,7809.25732421875,10165725,0.0,0.0
2023-10-17 00:00:00+07:00,8490.7919921875,8570.517578125,8450.9287109375,8450.9287109375,7809.25732421875,7540349,0.0,0.0
2023-10-18 00:00:00+07:00,8450.9287109375,8490.7919921875,8171.888671875,8291.4775390625,7661.9130859375,20794161,0.0,0.0
2023-10-19 00:00:00+07:00,8291.4775390625,8450.9287109375,8171.888671875,8211.751953125,7588.24072265625,15169253,0.0,0.0
2023-10-20 00:00:00+07:00,8211.751953125,8371.203125,8092.1630859375,8331.33984375,7698.74853515625,15236358,0.0,0.0
2023-10-23 00:00:00+07:00,8331.33984375,8371.203125,8171.888671875,8211.751953125,7588.24072265625,13572404,0.0,0.0
2023-10-24 00:00:00+07:00,8251.6142578125,8530.654296875,8251.6142578125,8450.9287109375,7809.25732421875,15295310,0.0,0.0
2023-10-25 00:00:00+07:00,8490.7919921875,8530.654296875,8371.203125,8411.06640625,7772.42138671875,9605931,0.0,0.0
2023-10-26 00:00:00+07:00,8291.4775390625,8331.33984375,7964.6015625,8012.43701171875,7404.06005859375,36460243,0.0,0.0
2023-10-27 00:00:00+07:00,8092.1630859375,8211.751953125,8012.43701171875,8211.751953125,7588.24072265625,14577098,0.0,0.0
2023-10-30 00:00:00+07:00,8171.888671875,8211.751953125,8092.1630859375,8092.1630859375,7477.732421875,7195668,0.0,0.0
2023-10-31 00:00:00+07:00,8132.02587890625,8211.751953125,8052.30029296875,8052.30029296875,7440.896484375,14397482,0.0,0.0
2023-11-01 00:00:00+07:00,8132.02587890625,8291.4775390625,8052.30029296875,8251.6142578125,7625.07666015625,17183031,0.0,0.0
2023-11-02 00:00:00+07:00,8331.33984375,8690.1064453125,8251.6142578125,8690.1064453125,8030.27490234375,23831825,0.0,0.0
2023-11-03 00:00:00+07:00,8729.96875,8729.96875,8530.654296875,8530.654296875,7882.9296875,17653143,0.0,0.0
2023-11-06 00:00:00+07:00,8610.3798828125,8809.6943359375,8530.654296875,8769.83203125,8103.9462890625,21649343,0.0,0.0
2023-11-07 00:00:00+07:00,8769.83203125,8809.6943359375,8650.2431640625,8650.2431640625,7993.4375,16957759,0.0,0.0
2023-11-08 00:00:00+07:00,8690.1064453125,9048.8720703125,8570.517578125,9048.8720703125,8361.798828125,30352053,0.0,0.0
2023-11-09 00:00:00+07:00,9088.734375,9168.4609375,8929.283203125,8969.146484375,8288.126953125,25376245,0.0,0.0
2023-11-10 00:00:00+07:00,8929.283203125,9009.0087890625,8809.6943359375,8889.419921875,8214.4541015625,22750493,0.0,0.0
2023-11-13 00:00:00+07:00,8889.419921875,9009.0087890625,8729.96875,8809.6943359375,8140.78271484375,15073801,0.0,0.0
2023-11-14 00:00:00+07:00,8929.283203125,9367.7744140625,8849.5576171875,9128.59765625,8435.4716796875,40408654,0.0,0.0
2023-11-15 00:00:00+07:00,9288.048828125,9447.5009765625,9128.59765625,9208.3232421875,8509.1435546875,39767205,0.0,0.0
2023-11-16 00:00:00+07:00,9168.4609375,9248.1865234375,9088.734375,9248.1865234375,8545.98046875,13986072,0.0,0.0
2023-11-17 00:00:00+07:00,9248.1865234375,9327.912109375,8849.5576171875,8929.283203125,8251.291015625,33812917,0.0,0.0
2023-11-20 00:00:00+07:00,8690.1064453125,9048.8720703125,8690.1064453125,8929.283203125,8251.291015625,21491050,0.0,0.0
2023-11-21 00:00:00+07:00,9009.0087890625,9048.8720703125,8889.419921875,8969.146484375,8288.126953125,11104067,0.0,0.0
2023-11-22 00:00:00+07:00,8929.283203125,9009.0087890625,8889.419921875,9009.0087890625,8324.962890625,15048213,0.0,0.0
2023-11-23 00:00:00+07:00,9009.0087890625,9088.734375,8729.96875,8729.96875,8067.10986328125,19277838,0.0,0.0
2023-11-24 00:00:00+07:00,8809.6943359375,8809.6943359375,8490.7919921875,8729.96875,8067.10986328125,21567061,0.0,0.0
2023-11-27 00:00:00+07:00,8729.96875,8769.83203125,8530.654296875,8570.517578125,7919.76611328125,13911943,0.0,0.0
2023-11-28 00:00:00+07:00,8610.3798828125,8690.1064453125,8450.9287109375,8650.2431640625,7993.4375,12535348,0.0,0.0
2023-11-29 00:00:00+07:00,8690.1064453125,8729.96875,8610.3798828125,8650.2431640625,7993.4375,9724964,0.0,0.0
2023-11-30 00:00:00+07:00,8690.1064453125,8769.83203125,8610.3798828125,8610.3798828125,7956.60107421875,12731897,0.0,0.0
2023-12-01 00:00:00+07:00,8650.2431640625,8690.1064453125,8530.654296875,8650.2431640625,7993.4375,10287141,0.0,0.0
2023-12-04 00:00:00+07:00,8690.1064453125,8929.283203125,8650.2431640625,8849.5576171875,8177.61865234375,35350313,0.0,0.0
2023-12-05 00:00:00+07:00,8889.419921875,8929.283203125,8729.96875,8729.96875,8067.10986328125,18741499,0.0,0.0
2023-12-06 00:00:00+07:00,8769.83203125,8809.6943359375,8729.96875,8769.83203125,8103.9462890625,17711092,0.0,0.0
2023-12-07 00:00:00+07:00,8809.6943359375,9009.0087890625,8729.96875,8809.6943359375,8140.78271484375,44282183,0.0,0.0
2023-12-08 00:00:00+07:00,8809.6943359375,8929.283203125,8729.96875,8769.83203125,8103.9462890625,23654718,0.0,0.0
2023-12-11 00:00:00+07:00,8809.6943359375,8929.283203125,8769.83203125,8889.419921875,8214.4541015625,27028283,0.0,0.0
2023-12-12 00:00:00+07:00,8889.419921875,8969.146484375,8849.5576171875,8849.5576171875,8177.61865234375,25634129,0.0,0.0
2023-12-13 00:00:00+07:00,8889.419921875,8929.283203125,8690.1064453125,8690.1064453125,8030.27490234375,25679283,0.0,0.0
2023-12-14 00:00:00+07:00,8729.96875,8769.83203125,8610.3798828125,8610.3798828125,7956.60107421875,25285809,0.0,0.0
2023-12-15 00:00:00+07:00,8650.2431640625,8729.96875,8570.517578125,8610.3798828125,7956.60107421875,23809749,0.0,0.0
2023-12-18 00:00:00+07:00,8650.2431640625,8650.2431640625,8490.7919921875,8530.654296875,7882.9296875,16978831,0.0,0.0
2023-12-19 00:00:00+07:00,8490.7919921875,8570.517578125,8450.9287109375,8530.654296875,7882.9296875,18067564,0.0,0.0
2023-12-20 00:00:00+07:00,8570.517578125,8610.3798828125,8490.7919921875,8530.654296875,7882.9296875,8536013,0.0,0.0
2023-12-21 00:00:00+07:00,8490.7919921875,8570.517578125,8490.7919921875,8490.7919921875,7846.09375,12070003,0.0,0.0
2023-12-22 00:00:00+07:00,8530.654296875,8610.3798828125,8490.7919921875,8530.654296875,7882.9296875,12619136,0.0,0.0
2023-12-25 00:00:00+07:00,8530.654296875,8650.2431640625,8530.654296875,8570.517578125,7919.76611328125,10890710,0.0,0.0
2023-12-26 00:00:00+07:00,8610.3798828125,8650.2431640625,8530.654296875,8530.654296875,7882.9296875,18387912,0.0,0.0
2023-12-27 00:00:00+07:00,8570.517578125,8610.3798828125,8530.654296875,8570.517578125,7919.76611328125,9815650,0.0,0.0
2023-12-28 00:00:00+07:00,8610.3798828125,8650.2431640625,8530.654296875,8610.3798828125,7956.60107421875,12086058,0.0,0.0
2023-12-29 00:00:00+07:00,8650.2431640625,8729.96875,8610.3798828125,8610.3798828125,7956.60107421875,14744547,0.0,0.0
2024-01-01 00:00:00+07:00,8610.3798828125,8610.3798828125,8610.3798828125,8610.3798828125,7956.60107421875,0,0.0,0.0
2024-01-02 00:00:00+07:00,8690.1064453125,8849.5576171875,8650.2431640625,8729.96875,8067.10986328125,30911470,0.0,0.0
2024-01-03 00:00:00+07:00,8729.96875,8969.146484375,8729.96875,8969.146484375,8288.126953125,37942951,0.0,0.0
2024-01-04 00:00:00+07:00,9009.0087890625,9367.7744140625,8969.146484375,9128.59765625,8435.4716796875,77190625,0.0,0.0
2024-01-05 00:00:00+07:00,9168.4609375,9248.1865234375,9048.8720703125,9208.3232421875,8509.1435546875,49996774,0.0,0.0
2024-01-08 00:00:00+07:00,9288.048828125,9367.7744140625,9208.3232421875,9327.912109375,8619.6513671875,48096133,0.0,0.0
2024-01-09 00:00:00+07:00,9327.912109375,9367.7744140625,9208.3232421875,9327.912109375,8619.6513671875,37401846,0.0,0.0
2024-01-10 00:00:00+07:00,9327.912109375,9726.541015625,9248.1865234375,9567.0888671875,8840.66796875,118292656,0.0,0.0
2024-01-11 00:00:00+07:00,9646.8154296875,9885.9921875,9567.0888671875,9646.8154296875,8914.341796875,57879798,0.0,0.0
2024-01-12 00:00:00+07:00,9487.36328125,9925.85546875,9447.5009765625,9806.2666015625,9061.685546875,81039068,0.0,0.0
2024-01-15 00:00:00+07:00,9885.9921875,9965.7177734375,9686.677734375,9686.677734375,8951.1767578125,46685798,0.0,0.0
2024-01-16 00:00:00+07:00,9606.9521484375,9726.541015625,9527.2265625,9726.541015625,8988.0126953125,43021862,0.0,0.0
2024-01-17 00:00:00+07:00,9726.541015625,9846.12890625,9567.0888671875,9567.0888671875,8840.66796875,46613174,0.0,0.0
2024-01-18 00:00:00+07:00,9567.0888671875,9646.8154296875,9527.2265625,9606.9521484375,8877.5048828125,31538370,0.0,0.0
2024-01-19 00:00:00+07:00,9686.677734375,9726.541015625,9606.9521484375,9686.677734375,8951.1767578125,29357267,0.0,0.0
2024-01-22 00:00:00+07:00,9806.2666015625,9806.2666015625,9646.8154296875,9686.677734375,8951.1767578125,39898530,0.0,0.0
2024-01-23 00:00:00+07:00,9686.677734375,9766.4033203125,9606.9521484375,9646.8154296875,8914.341796875,38933722,0.0,0.0
2024-01-24 00:00:00+07:00,9646.8154296875,9885.9921875,9606.9521484375,9726.541015625,8988.0126953125,62979782,0.0,0.0
2024-01-25 00:00:00+07:00,9726.541015625,9726.541015625,9726.541015625,9726.541015625,8988.0126953125,0,0.0,0.0
2024-01-26 00:00:00+07:00,9806.2666015625,9846.12890625,9766.4033203125,9846.12890625,9098.5205078125,27238504,0.0,0.0
2024-01-29 00:00:00+07:00,9885.9921875,9965.7177734375,9806.2666015625,9806.2666015625,9061.685546875,26741425,0.0,0.0
2024-01-30 00:00:00+07:00,9806.2666015625,9846.12890625,9726.541015625,9806.2666015625,9061.685546875,21468849,0.0,0.0
2024-01-31 00:00:00+07:00,9726.541015625,9766.4033203125,9168.4609375,9248.1865234375,8545.98046875,159425543,0.0,0.0
2024-02-01 00:00:00+07:00,9248.1865234375,9367.7744140625,9168.4609375,9248.1865234375,8545.98046875,25295091,0.0,0.0
2024-02-02 00:00:00+07:00,9248.1865234375,9248.1865234375,9248.1865234375,9248.1865234375,8545.98046875,0,0.0,0.0
2024-02-05 00:00:00+07:00,9088.734375,9447.5009765625,9088.734375,9367.7744140625,8656.48828125,48575150,0.0,0.0
2024-02-06 00:00:00+07:00,9447.5009765625,9447.5009765625,9208.3232421875,9208.3232421875,8509.1435546875,22422368,0.0,0.0
2024-02-07 00:00:00+07:00,9248.1865234375,9367.7744140625,9208.3232421875,9288.048828125,8582.8154296875,28524914,0.0,0.0
2024-02-08 00:00:00+07:00,9288.048828125,9288.048828125,9288.048828125,9288.048828125,8582.8154296875,0,0.0,0.0
2024-02-09 00:00:00+07:00,9288.048828125,9288.048828125,9288.048828125,9288.048828125,8582.8154296875,0,0.0,0.0
2024-02-12 00:00:00+07:00,9288.048828125,9288.048828125,9288.048828125,9288.048828125,8582.8154296875,0,0.0,0.0
2024-02-13 00:00:00+07:00,9288.048828125,9288.048828125,9288.048828125,9288.048828125,8582.8154296875,0,0.0,0.0
2024-02-14 00:00:00+07:00,9288.048828125,9288.048828125,9288.048828125,9288.048828125,8582.8154296875,0,0.0,0.0
2024-02-15 00:00:00+07:00,9367.7744140625,9686.677734375,9327.912109375,9487.36328125,8766.9970703125,55798915,0.0,0.0
2024-02-16 00:00:00+07:00,9567.0888671875,9646.8154296875,9447.5009765625,9487.36328125,8766.9970703125,26364633,0.0,0.0
2024-02-19 00:00:00+07:00,9567.0888671875,9646.8154296875,9447.5009765625,9567.0888671875,8840.66796875,30262119,0.0,0.0
2024-02-20 00:00:00+07:00,9567.0888671875,9646.8154296875,9407.6376953125,9447.5009765625,8730.16015625,29148552,0.0,0.0
2024-02-21 00:00:00+07:00,9487.36328125,9567.0888671875,9407.6376953125,9487.36328125,8766.9970703125,27371083,0.0,0.0
2024-02-22 00:00:00+07:00,9567.0888671875,9846.12890625,9527.2265625,9646.8154296875,8914.341796875,56334250,0.0,0.0
2024-02-23 00:00:00+07:00,9646.8154296875,9806.2666015625,9447.5009765625,9447.5009765625,8730.16015625,63546726,0.0,0.0
2024-02-26 00:00:00+07:00,9447.5009765625,9487.36328125,9327.912109375,9367.7744140625,8656.48828125,36707465,0.0,0.0
2024-02-27 00:00:00+07:00,9407.6376953125,9487.36328125,9327.912109375,9487.36328125,8766.9970703125,32727195,0.0,0.0
2024-02-28 00:00:00+07:00,9527.2265625,9527.2265625,9407.6376953125,9487.36328125,8766.9970703125,25691199,0.0,0.0
2024-02-29 00:00:00+07:00,9567.0888671875,9606.9521484375,9367.7744140625,9407.6376953125,8693.32421875,38377189,0.0,0.0
2024-03-01 00:00:00+07:00,9447.5009765625,9487.36328125,9367.7744140625,9487.36328125,8766.9970703125,34174030,0.0,0.0
2024-03-04 00:00:00+07:00,9527.2265625,9567.0888671875,9407.6376953125,9447.5009765625,8730.16015625,31150038,0.0,0.0
2024-03-05 00:00:00+07:00,9447.5009765625,9487.36328125,9327.912109375,9447.5009765625,8730.16015625,28500330,0.0,0.0
2024-03-06 00:00:00+07:00,9407.6376953125,9606.9521484375,9367.7744140625,9407.6376953125,8693.32421875,40822824,0.0,0.0
2024-03-07 00:00:00+07:00,9447.5009765625,9527.2265625,9367.7744140625,9487.36328125,8766.9970703125,25430430,0.0,0.0
2024-03-08 00:00:00+07:00,9527.2265625,9567.0888671875,9327.912109375,9327.912109375,8619.6513671875,32859900,0.0,0.0
2024-03-11 00:00:00+07:00,9327.912109375,9327.912109375,9048.8720703125,9088.734375,8398.634765625,37703630,0.0,0.0
2024-03-12 00:00:00+07:00,9048.8720703125,9128.59765625,8969.146484375,9009.0087890625,8324.962890625,28175591,0.0,0.0
2024-03-13 00:00:00+07:00,9009.0087890625,9248.1865234375,9009.0087890625,9208.3232421875,8509.1435546875,18634758,0.0,0.0
2024-03-14 00:00:00+07:00,9248.1865234375,9248.1865234375,9088.734375,9128.59765625,8435.4716796875,22168623,0.0,0.0
2024-03-15 00:00:00+07:00,9128.59765625,9168.4609375,9048.8720703125,9088.734375,8398.634765625,22216161,0.0,0.0
2024-03-18 00:00:00+07:00,9088.734375,9168.4609375,8769.83203125,8889.419921875,8214.4541015625,40141237,0.0,0.0
2024-03-19 00:00:00+07:00,8929.283203125,9009.0087890625,8889.419921875,8929.283203125,8251.291015625,14415920,0.0,0.0
2024-03-20 00:00:00+07:00,8929.283203125,9128.59765625,8849.5576171875,9048.8720703125,8361.798828125,29409195,0.0,0.0
2024-03-21 00:00:00+07:00,9128.59765625,9208.3232421875,9048.8720703125,9128.59765625,8435.4716796875,26924803,0.0,0.0
2024-03-22 00:00:00+07:00,9208.3232421875,9327.912109375,9128.59765625,9208.3232421875,8509.1435546875,33572342,0.0,0.0
2024-03-25 00:00:00+07:00,9208.3232421875,9248.1865234375,9128.59765625,9128.59765625,8435.4716796875,26108505,0.0,0.0
2024-03-26 00:00:00+07:00,9128.59765625,9208.3232421875,9088.734375,9168.4609375,8472.3076171875,19086055,0.0,0.0
2024-03-27 00:00:00+07:00,9168.4609375,9248.1865234375,9128.59765625,9168.4609375,8472.3076171875,15399793,0.0,0.0
2024-03-28 00:00:00+07:00,9208.3232421875,9288.048828125,9168.4609375,9248.1865234375,8545.98046875,17580770,0.0,0.0
2024-03-29 00:00:00+07:00,9248.1865234375,9248.1865234375,9088.734375,9088.734375,8398.634765625,22597217,0.0,0.0
2024-04-01 00:00:00+07:00,9088.734375,9088.734375,9088.734375,9088.734375,8398.634765625,0,0.0,0.0
2024-04-02 00:00:00+07:00,9088.734375,9088.734375,8969.146484375,9088.734375,8398.634765625,26793854,0.0,0.0
2024-04-03 00:00:00+07:00,9088.734375,9088.734375,8929.283203125,8969.146484375,8288.126953125,27240009,0.0,0.0
2024-04-04 00:00:00+07:00,9009.0087890625,9009.0087890625,8929.283203125,8929.283203125,8251.291015625,18616571,0.0,0.0
2024-04-05 00:00:00+07:00,8889.419921875,8929.283203125,8849.5576171875,8889.419921875,8214.4541015625,17083816,0.0,0.0
2024-04-08 00:00:00+07:00,8889.419921875,8929.283203125,8809.6943359375,8849.5576171875,8177.61865234375,15934125,0.0,0.0
2024-04-09 00:00:00+07:00,8889.419921875,8969.146484375,8809.6943359375,8929.283203125,8251.291015625,15006068,0.0,0.0
2024-04-10 00:00:00+07:00,8969.146484375,9048.8720703125,8929.283203125,8929.283203125,8251.291015625,11411245,0.0,0.0
2024-04-11 00:00:00+07:00,8889.419921875,8969.146484375,8849.5576171875,8849.5576171875,8177.61865234375,15528484,0.0,0.0
2024-04-12 00:00:00+07:00,8929.283203125,9009.0087890625,8849.5576171875,9009.0087890625,8324.962890625,31802400,0.0,0.0
2024-04-15 00:00:00+07:00,9128.59765625,9606.9521484375,8969.146484375,9048.8720703125,8361.798828125,123879183,0.0,0.0
2024-04-16 00:00:00+07:00,9168.4609375,9288.048828125,8969.146484375,9168.4609375,8472.3076171875,41662452,0.0,0.0
2024-04-17 00:00:00+07:00,9288.048828125,9288.048828125,8849.5576171875,8849.5576171875,8177.61865234375,40693254,0.0,0.0
2024-04-18 00:00:00+07:00,8849.5576171875,8849.5576171875,8849.5576171875,8849.5576171875,8177.61865234375,0,0.0,0.0
2024-04-19 00:00:00+07:00,8929.283203125,9048.8720703125,8849.5576171875,8889.419921875,8214.4541015625,47910497,0.0,0.0
2024-04-22 00:00:00+07:00,9009.0087890625,9088.734375,8889.419921875,8969.146484375,8288.126953125,21741158,0.0,0.0
2024-04-23 00:00:00+07:00,8969.146484375,9009.0087890625,8650.2431640625,8729.96875,8067.10986328125,39218323,0.0,0.0
2024-04-24 00:00:00+07:00,8809.6943359375,9009.0087890625,8809.6943359375,8929.283203125,8251.291015625,19681848,0.0,0.0
2024-04-25 00:00:00+07:00,8929.283203125,8969.146484375,8849.5576171875,8849.5576171875,8177.61865234375,16491536,0.0,0.0
2024-04-26 00:00:00+07:00,8889.419921875,9248.1865234375,8889.419921875,9128.59765625,8435.4716796875,41397168,0.0,0.0
2024-04-29 00:00:00+07:00,9128.59765625,9128.59765625,9128.59765625,9128.59765625,8435.4716796875,0,0.0,0.0
2024-04-30 00:00:00+07:00,9128.59765625,9128.59765625,9128.59765625,9128.59765625,8435.4716796875,0,0.0,0.0
2024-05-01 00:00:00+07:00,9128.59765625,9128.59765625,9128.59765625,9128.59765625,8435.4716796875,0,0.0,0.0
2024-05-02 00:00:00+07:00,9168.4609375,9407.6376953125,9128.59765625,9327.912109375,8619.6513671875,39392671,0.0,0.0
2024-05-03 00:00:00+07:00,9407.6376953125,9447.5009765625,9208.3232421875,9248.1865234375,8545.98046875,26605082,0.0,0.0
2024-05-06 00:00:00+07:00,9288.048828125,9367.7744140625,9248.1865234375,9367.7744140625,8656.48828125,34102033,0.0,0.0
2024-05-07 00:00:00+07:00,9407.6376953125,9407.6376953125,9248.1865234375,9288.048828125,8582.8154296875,22813459,0.0,0.0
2024-05-08 00:00:00+07:00,9248.1865234375,9646.8154296875,9168.4609375,9487.36328125,8766.9970703125,75002749,0.0,0.0
2024-05-09 00:00:00+07:00,9527.2265625,9646.8154296875,9367.7744140625,9367.7744140625,8656.48828125,30308027,0.0,0.0
2024-05-10 00:00:00+07:00,9407.6376953125,9447.5009765625,9248.1865234375,9248.1865234375,8545.98046875,23134183,0.0,0.0
2024-05-13 00:00:00+07:00,9288.048828125,9367.7744140625,9248.1865234375,9288.048828125,8582.8154296875,27387389,0.0,0.0
2024-05-14 00:00:00+07:00,9327.912109375,9407.6376953125,9208.3232421875,9248.1865234375,8545.98046875,21182869,0.0,0.0
2024-05-15 00:00:00+07:00,9288.048828125,9327.912109375,9208.3232421875,9248.1865234375,8545.98046875,27074190,0.0,0.0
2024-05-16 00:00:00+07:00,9327.912109375,9447.5009765625,9288.048828125,9447.5009765625,8730.16015625,46157236,0.0,0.0
2024-05-17 00:00:00+07:00,9487.36328125,9806.2666015625,9447.5009765625,9567.0888671875,8840.66796875,84069708,0.0,0.0
2024-05-20 00:00:00+07:00,9686.677734375,9726.541015625,9407.6376953125,9447.5009765625,8730.16015625,45568593,0.0,0.0
2024-05-21 00:00:00+07:00,9447.5009765625,9487.36328125,9327.912109375,9447.5009765625,8730.16015625,46243532,0.0,0.0
2024-05-22 00:00:00+07:00,9487.36328125,9487.36328125,9288.048828125,9288.048828125,8582.8154296875,48454361,0.0,0.0
2024-05-23 00:00:00+07:00,9288.048828125,9367.7744140625,9208.3232421875,9367.7744140625,8656.48828125,33495078,0.0,0.0
2024-05-24 00:00:00+07:00,9288.048828125,9407.6376953125,9168.4609375,9208.3232421875,8509.1435546875,49021179,0.0,0.0
2024-05-27 00:00:00+07:00,9248.1865234375,9288.048828125,9168.4609375,9248.1865234375,8545.98046875,15598725,0.0,0.0
2024-05-28 00:00:00+07:00,9248.1865234375,9327.912109375,9208.3232421875,9327.912109375,8619.6513671875,18558873,0.0,0.0
2024-05-29 00:00:00+07:00,9327.912109375,9367.7744140625,9168.4609375,9208.3232421875,8509.1435546875,30590495,0.0,0.0
2024-05-30 00:00:00+07:00,9168.4609375,9208.3232421875,9048.8720703125,9088.734375,8398.634765625,32408728,0.0,0.0
2024-05-31 00:00:00+07:00,9128.59765625,9168.4609375,9088.734375,9088.734375,8398.634765625,18267876,0.0,0.0
2024-06-03 00:00:00+07:00,9088.734375,9088.734375,9088.734375,9088.734375,8398.634765625,0,0.0,0.0
2024-06-04 00:00:00+07:00,9327.912109375,9327.912109375,9208.3232421875,9208.3232421875,8509.1435546875,20399935,0.0,0.0
2024-06-05 00:00:00+07:00,9248.1865234375,9288.048828125,9168.4609375,9208.3232421875,8509.1435546875,24352234,0.0,0.0
2024-06-06 00:00:00+07:00,9248.1865234375,9646.8154296875,9168.4609375,9447.5009765625,8730.16015625,87003892,0.0,0.0
2024-06-07 00:00:00+07:00,9487.36328125,9567.0888671875,9367.7744140625,9407.6376953125,8693.32421875,21530937,0.0,0.0
2024-06-10 00:00:00+07:00,9487.36328125,9527.2265625,9288.048828125,9367.7744140625,8656.48828125,36242371,0.0,0.0
2024-06-11 00:00:00+07:00,9367.7744140625,9407.6376953125,9248.1865234375,9288.048828125,8582.8154296875,28433726,0.0,0.0
2024-06-12 00:00:00+07:00,9288.048828125,9447.5009765625,9248.1865234375,9407.6376953125,8693.32421875,24925575,0.0,0.0
2024-06-13 00:00:00+07:00,9487.36328125,9646.8154296875,9367.7744140625,9567.0888671875,8840.66796875,60767322,0.0,0.0
2024-06-14 00:00:00+07:00,9646.8154296875,9646.8154296875,9327.912109375,9327.912109375,8619.6513671875,33333649,0.0,0.0
2024-06-17 00:00:00+07:00,9327.912109375,9367.7744140625,9208.3232421875,9288.048828125,8582.8154296875,28051290,0.0,0.0
2024-06-18 00:00:00+07:00,9327.912109375,9367.7744140625,9248.1865234375,9248.1865234375,8545.98046875,16583852,0.0,0.0
2024-06-19 00:00:00+07:00,9288.048828125,9327.912109375,9168.4609375,9248.1865234375,8545.98046875,25769342,0.0,0.0
2024-06-20 00:00:00+07:00,9288.048828125,9327.912109375,9168.4609375,9248.1865234375,8545.98046875,19661027,0.0,0.0
2024-06-21 00:00:00+07:00,9248.1865234375,9327.912109375,9208.3232421875,9208.3232421875,8509.1435546875,14753829,0.0,0.0
2024-06-24 00:00:00+07:00,9248.1865234375,9248.1865234375,9009.0087890625,9009.0087890625,8324.962890625,46570904,0.0,0.0
2024-06-25 00:00:00+07:00,9088.734375,9128.59765625,9048.8720703125,9088.734375,8398.634765625,16302764,0.0,0.0
2024-06-26 00:00:00+07:00,9088.734375,9128.59765625,9009.0087890625,9048.8720703125,8361.798828125,13537032,0.0,0.0
2024-06-27 00:00:00+07:00,9048.8720703125,9128.59765625,9009.0087890625,9009.0087890625,8324.962890625,14375783,0.0,0.0
2024-06-28 00:00:00+07:00,9088.734375,9248.1865234375,9009.0087890625,9088.734375,8398.634765625,24723507,0.0,0.0
2024-07-01 00:00:00+07:00,9088.734375,9288.048828125,9088.734375,9248.1865234375,8545.98046875,20213922,0.0,0.0
2024-07-02 00:00:00+07:00,9327.912109375,9487.36328125,9327.912109375,9367.7744140625,8656.48828125,31681736,0.0,0.0
2024-07-03 00:00:00+07:00,9447.5009765625,9447.5009765625,9327.912109375,9367.7744140625,8656.48828125,14757717,0.0,0.0
2024-07-04 00:00:00+07:00,9367.7744140625,9407.6376953125,9288.048828125,9327.912109375,8619.6513671875,13133900,0.0,0.0
2024-07-05 00:00:00+07:00,9327.912109375,9407.6376953125,9288.048828125,9367.7744140625,8656.48828125,17074785,0.0,0.0
2024-07-08 00:00:00+07:00,9407.6376953125,9407.6376953125,9288.048828125,9327.912109375,8619.6513671875,16051778,0.0,0.0
2024-07-09 00:00:00+07:00,9327.912109375,9487.36328125,9327.912109375,9407.6376953125,8693.32421875,23375385,0.0,0.0
2024-07-10 00:00:00+07:00,9407.6376953125,9527.2265625,9407.6376953125,9447.5009765625,8730.16015625,23692347,0.0,0.0
2024-07-11 00:00:00+07:00,9487.36328125,9527.2265625,9407.6376953125,9447.5009765625,8730.16015625,20045470,0.0,0.0
2024-07-12 00:00:00+07:00,9407.6376953125,9527.2265625,9407.6376953125,9447.5009765625,8730.16015625,18432063,0.0,0.0
2024-07-15 00:00:00+07:00,9487.36328125,9567.0888671875,9447.5009765625,9527.2265625,8803.8330078125,29947290,0.0,0.0
2024-07-16 00:00:00+07:00,9567.0888671875,9606.9521484375,9447.5009765625,9487.36328125,8766.9970703125,30716928,0.0,0.0
2024-07-17 00:00:00+07:00,9487.36328125,9686.677734375,9407.6376953125,9447.5009765625,8730.16015625,60130640,0.0,0.0
2024-07-18 00:00:00+07:00,9168.4609375,9168.4609375,9009.0087890625,9128.59765625,8800.8173828125,26822327,392.19153,0.0
2024-07-19 00:00:00+07:00,9088.734375,9168.4609375,8929.283203125,9009.0087890625,8685.5224609375,29930859,0.0,0.0
2024-07-22 00:00:00+07:00,9009.0087890625,9048.8720703125,8849.5576171875,8929.283203125,8608.66015625,27079458,0.0,0.0
2024-07-23 00:00:00+07:00,8929.283203125,8969.146484375,8769.83203125,8769.83203125,8454.93359375,27069299,0.0,0.0
2024-07-24 00:00:00+07:00,8809.6943359375,8849.5576171875,8729.96875,8849.5576171875,8531.796875,21275687,0.0,0.0
2024-07-25 00:00:00+07:00,8849.5576171875,8849.5576171875,8769.83203125,8809.6943359375,8493.365234375,10661926,0.0,0.0
2024-07-26 00:00:00+07:00,8809.6943359375,8849.5576171875,8769.83203125,8849.5576171875,8531.796875,10709464,0.0,0.0
2024-07-29 00:00:00+07:00,8849.5576171875,8889.419921875,8769.83203125,8809.6943359375,8493.365234375,9340772,0.0,0.0
2024-07-30 00:00:00+07:00,8769.83203125,8969.146484375,8769.83203125,8849.5576171875,8531.796875,22066147,0.0,0.0
2024-07-31 00:00:00+07:00,8889.419921875,8929.283203125,8809.6943359375,8889.419921875,8570.2275390625,13959230,0.0,0.0
2024-08-01 00:00:00+07:00,8889.419921875,8929.283203125,8650.2431640625,8690.1064453125,8378.0712890625,36115059,0.0,0.0
2024-08-02 00:00:00+07:00,8690.1064453125,8690.1064453125,8490.7919921875,8650.2431640625,8339.638671875,30649447,0.0,0.0
2024-08-05 00:00:00+07:00,8570.517578125,8570.517578125,8171.888671875,8211.751953125,7916.892578125,37657472,0.0,0.0
2024-08-06 00:00:00+07:00,8291.4775390625,8411.06640625,8211.751953125,8371.203125,8070.61865234375,24004667,0.0,0.0
2024-08-07 00:00:00+07:00,8411.06640625,8450.9287109375,8331.33984375,8371.203125,8070.61865234375,11551601,0.0,0.0
2024-08-08 00:00:00+07:00,8371.203125,8411.06640625,8251.6142578125,8291.4775390625,7993.755859375,16498811,0.0,0.0
2024-08-09 00:00:00+07:00,8331.33984375,8411.06640625,8291.4775390625,8371.203125,8070.61865234375,12389975,0.0,0.0
2024-08-12 00:00:00+07:00,8371.203125,8411.06640625,8291.4775390625,8371.203125,8070.61865234375,10004673,0.0,0.0
2024-08-13 00:00:00+07:00,8371.203125,8411.06640625,8331.33984375,8371.203125,8070.61865234375,8139654,0.0,0.0
2024-08-14 00:00:00+07:00,8371.203125,8411.06640625,8331.33984375,8331.33984375,8032.1865234375,7261769,0.0,0.0
2024-08-15 00:00:00+07:00,8331.33984375,8371.203125,8211.751953125,8291.4775390625,7993.755859375,14318336,0.0,0.0
2024-08-16 00:00:00+07:00,8331.33984375,8490.7919921875,8291.4775390625,8450.9287109375,8147.4814453125,18944947,0.0,0.0
2024-08-19 00:00:00+07:00,8450.9287109375,8530.654296875,8411.06640625,8450.9287109375,8147.4814453125,15556706,0.0,0.0
2024-08-20 00:00:00+07:00,8450.9287109375,8530.654296875,8450.9287109375,8490.7919921875,8185.91357421875,15098636,0.0,0.0
2024-08-21 00:00:00+07:00,8490.7919921875,8570.517578125,8450.9287109375,8530.654296875,8224.3447265625,16646944,0.0,0.0
2024-08-22 00:00:00+07:00,8570.517578125,8610.3798828125,8490.7919921875,8490.7919921875,8185.91357421875,12319232,0.0,0.0
2024-08-23 00:00:00+07:00,8490.7919921875,8530.654296875,8450.9287109375,8490.7919921875,8185.91357421875,11326329,0.0,0.0
2024-08-26 00:00:00+07:00,8570.517578125,8610.3798828125,8450.9287109375,8450.9287109375,8147.4814453125,15363795,0.0,0.0
2024-08-27 00:00:00+07:00,8490.7919921875,8490.7919921875,8411.06640625,8450.9287109375,8147.4814453125,15706595,0.0,0.0
2024-08-28 00:00:00+07:00,8450.9287109375,8490.7919921875,8411.06640625,8450.9287109375,8147.4814453125,10607991,0.0,0.0
2024-08-29 00:00:00+07:00,8450.9287109375,8530.654296875,8411.06640625,8411.06640625,8109.05029296875,17703190,0.0,0.0
2024-08-30 00:00:00+07:00,8411.06640625,8450.9287109375,8411.06640625,8411.06640625,8109.05029296875,9757325,0.0,0.0
2024-09-02 00:00:00+07:00,8411.06640625,8411.06640625,8411.06640625,8411.06640625,8109.05029296875,0,0.0,0.0
2024-09-03 00:00:00+07:00,8411.06640625,8411.06640625,8411.06640625,8411.06640625,8109.05029296875,0,0.0,0.0
2024-09-04 00:00:00+07:00,8411.06640625,8411.06640625,8251.6142578125,8291.4775390625,7993.755859375,20358543,0.0,0.0
2024-09-05 00:00:00+07:00,8331.33984375,8371.203125,8251.6142578125,8291.4775390625,7993.755859375,14249098,0.0,0.0
2024-09-06 00:00:00+07:00,8291.4775390625,8331.33984375,8211.751953125,8251.6142578125,7955.32373046875,15393271,0.0,0.0
2024-09-09 00:00:00+07:00,8251.6142578125,8291.4775390625,8211.751953125,8251.6142578125,7955.32373046875,12055202,0.0,0.0
2024-09-10 00:00:00+07:00,8291.4775390625,8331.33984375,8171.888671875,8211.751953125,7916.892578125,15583046,0.0,0.0
2024-09-11 00:00:00+07:00,8211.751953125,8251.6142578125,8171.888671875,8211.751953125,7916.892578125,11131034,0.0,0.0
2024-09-12 00:00:00+07:00,8251.6142578125,8291.4775390625,8211.751953125,8251.6142578125,7955.32373046875,6709376,0.0,0.0
2024-09-13 00:00:00+07:00,8251.6142578125,8291.4775390625,8211.751953125,8211.751953125,7916.892578125,4744640,0.0,0.0
2024-09-16 00:00:00+07:00,8211.751953125,8251.6142578125,8171.888671875,8171.888671875,7878.4609375,9823426,0.0,0.0
2024-09-17 00:00:00+07:00,8171.888671875,8291.4775390625,8132.02587890625,8291.4775390625,7993.755859375,14216487,0.0,0.0
2024-09-18 00:00:00+07:00,8291.4775390625,8291.4775390625,8211.751953125,8251.6142578125,7955.32373046875,12414810,0.0,0.0
2024-09-19 00:00:00+07:00,8291.4775390625,8291.4775390625,8211.751953125,8251.6142578125,7955.32373046875,9022932,0.0,0.0
2024-09-20 00:00:00+07:00,8291.4775390625,8371.203125,8251.6142578125,8331.33984375,8032.1865234375,22453726,0.0,0.0
2024-09-23 00:00:00+07:00,8331.33984375,8371.203125,8251.6142578125,8251.6142578125,7955.32373046875,9471470,0.0,0.0
2024-09-24 00:00:00+07:00,8251.6142578125,8331.33984375,8251.6142578125,8331.33984375,8032.1865234375,12491824,0.0,0.0
2024-09-25 00:00:00+07:00,8371.203125,8450.9287109375,8331.33984375,8411.06640625,8109.05029296875,24348346,0.0,0.0
2024-09-26 00:00:00+07:00,8411.06640625,8690.1064453125,8411.06640625,8570.517578125,8262.7763671875,48889603,0.0,0.0
2024-09-27 00:00:00+07:00,8650.2431640625,8969.146484375,8650.2431640625,8769.83203125,8454.93359375,61722974,0.0,0.0
2024-09-30 00:00:00+07:00,8769.83203125,8849.5576171875,8690.1064453125,8769.83203125,8454.93359375,30723702,0.0,0.0
2024-10-01 00:00:00+07:00,8809.6943359375,8929.283203125,8769.83203125,8809.6943359375,8493.365234375,34330943,0.0,0.0
2024-10-02 00:00:00+07:00,8769.83203125,8769.83203125,8650.2431640625,8690.1064453125,8378.0712890625,26625904,0.0,0.0
2024-10-03 00:00:00+07:00,8690.1064453125,9009.0087890625,8650.2431640625,8729.96875,8416.501953125,57925455,0.0,0.0
2024-10-04 00:00:00+07:00,8729.96875,8769.83203125,8650.2431640625,8650.2431640625,8339.638671875,20453242,0.0,0.0
2024-10-07 00:00:00+07:00,8690.1064453125,8769.83203125,8570.517578125,8650.2431640625,8339.638671875,19288499,0.0,0.0
2024-10-08 00:00:00+07:00,8610.3798828125,8690.1064453125,8530.654296875,8570.517578125,8262.7763671875,25604151,0.0,0.0
2024-10-09 00:00:00+07:00,8570.517578125,8650.2431640625,8570.517578125,8610.3798828125,8301.20703125,13946561,0.0,0.0
2024-10-10 00:00:00+07:00,8690.1064453125,8729.96875,8570.517578125,8570.517578125,8262.7763671875,16121267,0.0,0.0
2024-10-11 00:00:00+07:00,8610.3798828125,8650.2431640625,8530.654296875,8610.3798828125,8301.20703125,12129331,0.0,0.0
2024-10-14 00:00:00+07:00,8650.2431640625,8690.1064453125,8570.517578125,8610.3798828125,8301.20703125,18349656,0.0,0.0
2024-10-15 00:00:00+07:00,8650.2431640625,8729.96875,8570.517578125,8610.3798828125,8301.20703125,22457990,0.0,0.0
2024-10-16 00:00:00+07:00,8610.3798828125,8650.2431640625,8530.654296875,8570.517578125,8262.7763671875,11360445,0.0,0.0
2024-10-17 00:00:00+07:00,8610.3798828125,8650.2431640625,8530.654296875,8610.3798828125,8301.20703125,19744061,0.0,0.0
2024-10-18 00:00:00+07:00,8690.1064453125,8729.96875,8650.2431640625,8650.2431640625,8339.638671875,24515795,0.0,0.0
2024-10-21 00:00:00+07:00,8690.1064453125,8690.1064453125,8570.517578125,8610.3798828125,8301.20703125,14301904,0.0,0.0
2024-10-22 00:00:00+07:00,8570.517578125,8610.3798828125,8490.7919921875,8530.654296875,8224.3447265625,24847933,0.0,0.0
2024-10-23 00:00:00+07:00,8530.654296875,8570.517578125,8450.9287109375,8490.7919921875,8185.91357421875,15154954,0.0,0.0
2024-10-24 00:00:00+07:00,8490.7919921875,8570.517578125,8411.06640625,8411.06640625,8109.05029296875,17110408,0.0,0.0
2024-10-25 00:00:00+07:00,8411.06640625,8450.9287109375,8291.4775390625,8291.4775390625,7993.755859375,15140780,0.0,0.0
2024-10-28 00:00:00+07:00,8331.33984375,8371.203125,8291.4775390625,8331.33984375,8032.1865234375,8695811,0.0,0.0
2024-10-29 00:00:00+07:00,8411.06640625,8411.06640625,8331.33984375,8371.203125,8070.61865234375,8939521,0.0,0.0
2024-10-30 00:00:00+07:00,8371.203125,8411.06640625,8331.33984375,8371.203125,8070.61865234375,8898255,0.0,0.0
2024-10-31 00:00:00+07:00,8371.203125,8530.654296875,8331.33984375,8450.9287109375,8147.4814453125,15852219,0.0,0.0
2024-11-01 00:00:00+07:00,8450.9287109375,8490.7919921875,8371.203125,8411.06640625,8109.05029296875,8290672,0.0,0.0
2024-11-04 00:00:00+07:00,8411.06640625,8411.06640625,8291.4775390625,8331.33984375,8032.1865234375,11940936,0.0,0.0
2024-11-05 00:00:00+07:00,8331.33984375,8411.06640625,8291.4775390625,8411.06640625,8109.05029296875,7436117,0.0,0.0
2024-11-06 00:00:00+07:00,8450.9287109375,8490.7919921875,8411.06640625,8490.7919921875,8185.91357421875,8494746,0.0,0.0
2024-11-07 00:00:00+07:00,8530.654296875,8570.517578125,8411.06640625,8450.9287109375,8147.4814453125,11306260,0.0,0.0
2024-11-08 00:00:00+07:00,8490.7919921875,8490.7919921875,8371.203125,8411.06640625,8109.05029296875,7932820,0.0,0.0
2024-11-11 00:00:00+07:00,8411.06640625,8411.06640625,8291.4775390625,8371.203125,8070.61865234375,15898377,0.0,0.0
2024-11-12 00:00:00+07:00,8371.203125,8450.9287109375,8331.33984375,8331.33984375,8032.1865234375,11038341,0.0,0.0
2024-11-13 00:00:00+07:00,8331.33984375,8371.203125,8291.4775390625,8331.33984375,8032.1865234375,9381035,0.0,0.0
2024-11-14 00:00:00+07:00,8331.33984375,8371.203125,8211.751953125,8251.6142578125,7955.32373046875,11879851,0.0,0.0
2024-11-15 00:00:00+07:00,8211.751953125,8251.6142578125,8132.02587890625,8132.02587890625,7840.029296875,19353096,0.0,0.0
2024-11-18 00:00:00+07:00,8132.02587890625,8211.751953125,8052.30029296875,8132.02587890625,7840.029296875,16358831,0.0,0.0
2024-11-19 00:00:00+07:00,8132.02587890625,8171.888671875,8052.30029296875,8052.30029296875,7763.16650390625,11097544,0.0,0.0
2024-11-20 00:00:00+07:00,8052.30029296875,8211.751953125,8052.30029296875,8132.02587890625,7840.029296875,11369727,0.0,0.0
2024-11-21 00:00:00+07:00,8171.888671875,8171.888671875,8092.1630859375,8171.888671875,7878.4609375,9590754,0.0,0.0
2024-11-22 00:00:00+07:00,8171.888671875,8211.751953125,8132.02587890625,8171.888671875,7878.4609375,6767073,0.0,0.0
2024-11-25 00:00:00+07:00,8211.751953125,8211.751953125,8171.888671875,8211.751953125,7916.892578125,8422122,0.0,0.0
2024-11-26 00:00:00+07:00,8211.751953125,8291.4775390625,8211.751953125,8251.6142578125,7955.32373046875,8851344,0.0,0.0
2024-11-27 00:00:00+07:00,8251.6142578125,8291.4775390625,8211.751953125,8211.751953125,7916.892578125,4280298,0.0,0.0
2024-11-28 00:00:00+07:00,8251.6142578125,8251.6142578125,8171.888671875,8171.888671875,7878.4609375,9337510,0.0,0.0
2024-11-29 00:00:00+07:00,8211.751953125,8211.751953125,8171.888671875,8211.751953125,7916.892578125,5980753,0.0,0.0
2024-12-02 00:00:00+07:00,8251.6142578125,8251.6142578125,8171.888671875,8211.751953125,7916.892578125,7921029,0.0,0.0
2024-12-03 00:00:00+07:00,8211.751953125,8251.6142578125,8132.02587890625,8211.751953125,7916.892578125,9055669,0.0,0.0
2024-12-04 00:00:00+07:00,8171.888671875,8211.751953125,8132.02587890625,8132.02587890625,7840.029296875,8027394,0.0,0.0
2024-12-05 00:00:00+07:00,8132.02587890625,8371.203125,8092.1630859375,8371.203125,8070.61865234375,18684052,0.0,0.0
2024-12-06 00:00:00+07:00,8371.203125,8371.203125,8211.751953125,8251.6142578125,7955.32373046875,13804574,0.0,0.0
2024-12-09 00:00:00+07:00,8251.6142578125,8291.4775390625,8211.751953125,8251.6142578125,7955.32373046875,10497236,0.0,0.0
2024-12-10 00:00:00+07:00,8251.6142578125,8331.33984375,8251.6142578125,8251.6142578125,7955.32373046875,9552748,0.0,0.0
2024-12-11 00:00:00+07:00,8291.4775390625,8570.517578125,8291.4775390625,8450.9287109375,8147.4814453125,39737478,0.0,0.0
2024-12-12 00:00:00+07:00,8490.7919921875,8530.654296875,8371.203125,8371.203125,8070.61865234375,18542693,0.0,0.0
2024-12-13 00:00:00+07:00,8331.33984375,8411.06640625,8291.4775390625,8291.4775390625,7993.755859375,9635658,0.0,0.0
2024-12-16 00:00:00+07:00,8291.4775390625,8331.33984375,8211.751953125,8291.4775390625,7993.755859375,8398291,0.0,0.0
2024-12-17 00:00:00+07:00,8251.6142578125,8291.4775390625,8211.751953125,8251.6142578125,7955.32373046875,6718156,0.0,0.0
2024-12-18 00:00:00+07:00,8251.6142578125,8291.4775390625,8211.751953125,8251.6142578125,7955.32373046875,4926639,0.0,0.0
2024-12-19 00:00:00+07:00,8211.751953125,8251.6142578125,8092.1630859375,8132.02587890625,7840.029296875,27827899,0.0,0.0
2024-12-20 00:00:00+07:00,8132.02587890625,8171.888671875,8092.1630859375,8092.1630859375,7801.59814453125,17555684,0.0,0.0
2024-12-23 00:00:00+07:00,8092.1630859375,8211.751953125,8092.1630859375,8171.888671875,7878.4609375,8211149,0.0,0.0
2024-12-24 00:00:00+07:00,8132.02587890625,8211.751953125,8092.1630859375,8171.888671875,7878.4609375,8931995,0.0,0.0
2024-12-25 00:00:00+07:00,8171.888671875,8331.33984375,8132.02587890625,8211.751953125,7916.892578125,14044020,0.0,0.0
2024-12-26 00:00:00+07:00,8251.6142578125,8291.4775390625,8171.888671875,8211.751953125,7916.892578125,10900117,0.0,0.0
2024-12-27 00:00:00+07:00,8211.751953125,8291.4775390625,8211.751953125,8211.751953125,7916.892578125,10641230,0.0,0.0
2024-12-30 00:00:00+07:00,8211.751953125,8251.6142578125,8171.888671875,8171.888671875,7878.4609375,7906981,0.0,0.0
2024-12-31 00:00:00+07:00,8171.888671875,8211.751953125,8132.02587890625,8171.888671875,7878.4609375,9042624,0.0,0.0
2025-01-01 00:00:00+07:00,8171.888671875,8171.888671875,8171.888671875,8171.888671875,7878.4609375,0,0.0,0.0
2025-01-02 00:00:00+07:00,8211.751953125,8251.6142578125,8171.888671875,8171.888671875,7878.4609375,8137020,0.0,0.0
2025-01-03 00:00:00+07:00,8171.888671875,8211.751953125,8132.02587890625,8171.888671875,7878.4609375,14247217,0.0,0.0
2025-01-06 00:00:00+07:00,8211.751953125,8331.33984375,8171.888671875,8211.751953125,7916.892578125,12161943,0.0,0.0
2025-01-07 00:00:00+07:00,8211.751953125,8251.6142578125,8171.888671875,8171.888671875,7878.4609375,9890030,0.0,0.0
2025-01-08 00:00:00+07:00,8171.888671875,8211.751953125,8132.02587890625,8211.751953125,7916.892578125,4742382,0.0,0.0
2025-01-09 00:00:00+07:00,8211.751953125,8251.6142578125,8132.02587890625,8171.888671875,7878.4609375,7656874,0.0,0.0
2025-01-10 00:00:00+07:00,8171.888671875,8211.751953125,8092.1630859375,8092.1630859375,7801.59814453125,13741859,0.0,0.0
2025-01-13 00:00:00+07:00,8092.1630859375,8132.02587890625,8012.43701171875,8092.1630859375,7801.59814453125,13293322,0.0,0.0
2025-01-14 00:00:00+07:00,8092.1630859375,8132.02587890625,8052.30029296875,8052.30029296875,7763.16650390625,11356181,0.0,0.0
2025-01-15 00:00:00+07:00,8092.1630859375,8132.02587890625,8052.30029296875,8092.1630859375,7801.59814453125,6310132,0.0,0.0
2025-01-16 00:00:00+07:00,8092.1630859375,8132.02587890625,8052.30029296875,8092.1630859375,7801.59814453125,6310132,0.0,0.0
2025-01-17 00:00:00+07:00,8092.1630859375,8171.888671875,8092.1630859375,8132.02587890625,7840.029296875,8665958,0.0,0.0
2025-01-20 00:00:00+07:00,8132.02587890625,8171.888671875,8092.1630859375,8132.02587890625,7840.029296875,6858888,0.0,0.0
2025-01-21 00:00:00+07:00,8171.888671875,8211.751953125,8132.02587890625,8132.02587890625,7840.029296875,12209607,0.0,0.0
2025-01-22 00:00:00+07:00,8171.888671875,8171.888671875,8092.1630859375,8092.1630859375,7801.59814453125,8967116,0.0,0.0
2025-01-23 00:00:00+07:00,8132.02587890625,8251.6142578125,8092.1630859375,8171.888671875,7878.4609375,12466613,0.0,0.0
2025-01-24 00:00:00+07:00,8211.751953125,8251.6142578125,8171.888671875,8211.751953125,7916.892578125,11179701,0.0,0.0
2025-01-27 00:00:00+07:00,8211.751953125,8211.751953125,8211.751953125,8211.751953125,7916.892578125,0,0.0,0.0
2025-01-28 00:00:00+07:00,8211.751953125,8211.751953125,8211.751953125,8211.751953125,7916.892578125,0,0.0,0.0
2025-01-29 00:00:00+07:00,8211.751953125,8211.751953125,8211.751953125,8211.751953125,7916.892578125,0,0.0,0.0
2025-01-30 00:00:00+07:00,8211.751953125,8211.751953125,8211.751953125,8211.751953125,7916.892578125,0,0.0,0.0
2025-01-31 00:00:00+07:00,8211.751953125,8211.751953125,8211.751953125,8211.751953125,7916.892578125,0,0.0,0.0
2025-02-03 00:00:00+07:00,8291.4775390625,8411.06640625,8251.6142578125,8331.33984375,8032.1865234375,22738075,0.0,0.0
2025-02-04 00:00:00+07:00,8411.06640625,8450.9287109375,8331.33984375,8411.06640625,8109.05029296875,16959264,0.0,0.0
2025-02-05 00:00:00+07:00,8450.9287109375,8490.7919921875,8331.33984375,8331.33984375,8032.1865234375,13868293,0.0,0.0
2025-02-06 00:00:00+07:00,8371.203125,8450.9287109375,8331.33984375,8371.203125,8070.61865234375,14547622,0.0,0.0
2025-02-07 00:00:00+07:00,8411.06640625,8490.7919921875,8371.203125,8411.06640625,8109.05029296875,16962902,0.0,0.0
2025-02-10 00:00:00+07:00,8411.06640625,8450.9287109375,8371.203125,8411.06640625,8109.05029296875,18214192,0.0,0.0
2025-02-11 00:00:00+07:00,8411.06640625,8690.1064453125,8411.06640625,8570.517578125,8262.7763671875,37423796,0.0,0.0
2025-02-12 00:00:00+07:00,8610.3798828125,8610.3798828125,8490.7919921875,8490.7919921875,8185.91357421875,9397717,0.0,0.0
2025-02-13 00:00:00+07:00,8490.7919921875,8570.517578125,8450.9287109375,8570.517578125,8262.7763671875,15200987,0.0,0.0
2025-02-14 00:00:00+07:00,8650.2431640625,8729.96875,8610.3798828125,8610.3798828125,8301.20703125,24385473,0.0,0.0
2025-02-17 00:00:00+07:00,8650.2431640625,8849.5576171875,8610.3798828125,8769.83203125,8454.93359375,37083379,0.0,0.0
2025-02-18 00:00:00+07:00,8769.83203125,8809.6943359375,8729.96875,8729.96875,8416.501953125,18259346,0.0,0.0
2025-02-19 00:00:00+07:00,8729.96875,8809.6943359375,8690.1064453125,8769.83203125,8454.93359375,15524847,0.0,0.0
2025-02-20 00:00:00+07:00,8769.83203125,8849.5576171875,8729.96875,8729.96875,8416.501953125,20703224,0.0,0.0
2025-02-21 00:00:00+07:00,8769.83203125,8849.5576171875,8729.96875,8769.83203125,8454.93359375,28875616,0.0,0.0
2025-02-24 00:00:00+07:00,8769.83203125,8929.283203125,8769.83203125,8889.419921875,8570.2275390625,28211088,0.0,0.0
2025-02-25 00:00:00+07:00,8929.283203125,8929.283203125,8769.83203125,8889.419921875,8570.2275390625,37794943,0.0,0.0
2025-02-26 00:00:00+07:00,8982.30078125,9070.796875,8893.8056640625,8938.052734375,8617.1142578125,32073468,0.0,1.11
2025-02-27 00:00:00+07:00,8938.052734375,8982.30078125,8840.7080078125,8893.8056640625,8574.4560546875,21970703,0.0,0.0
2025-02-28 00:00:00+07:00,8893.8056640625,8893.8056640625,8831.8583984375,8849.5576171875,8531.796875,18742406,0.0,0.0
2025-03-03 00:00:00+07:00,8893.8056640625,8893.8056640625,8778.7607421875,8778.7607421875,8463.5419921875,26317926,0.0,0.0
2025-03-04 00:00:00+07:00,8778.7607421875,8849.5576171875,8725.6640625,8823.0087890625,8506.201171875,23194945,0.0,0.0
2025-03-05 00:00:00+07:00,8840.7080078125,8938.052734375,8831.8583984375,8840.7080078125,8523.2646484375,18780374,0.0,0.0
2025-03-06 00:00:00+07:00,8893.8056640625,8893.8056640625,8823.0087890625,8849.5576171875,8531.796875,17966209,0.0,0.0
2025-03-07 00:00:00+07:00,8849.5576171875,8938.052734375,8831.8583984375,8849.5576171875,8531.796875,21145464,0.0,0.0
2025-03-10 00:00:00+07:00,8893.8056640625,8938.052734375,8840.7080078125,8849.5576171875,8531.796875,21673287,0.0,0.0
2025-03-11 00:00:00+07:00,8796.4599609375,8849.5576171875,8778.7607421875,8840.7080078125,8523.2646484375,18144184,0.0,0.0
2025-03-12 00:00:00+07:00,8840.7080078125,8893.8056640625,8831.8583984375,8831.8583984375,8514.7333984375,14516771,0.0,0.0
2025-03-13 00:00:00+07:00,8849.5576171875,8849.5576171875,8796.4599609375,8849.5576171875,8531.796875,25728857,0.0,0.0
2025-03-14 00:00:00+07:00,8893.8056640625,9469.0263671875,8893.8056640625,9469.0263671875,9129.0224609375,149521035,0.0,0.0
2025-03-17 00:00:00+07:00,9690.265625,10088.4951171875,9646.017578125,9955.751953125,9598.271484375,106881615,0.0,0.0
2025-03-18 00:00:00+07:00,9955.751953125,10353.982421875,9823.0087890625,10265.486328125,9896.8837890625,81340677,0.0,0.0
2025-03-19 00:00:00+07:00,10176.9912109375,10442.4775390625,10088.4951171875,10309.734375,9939.54296875,77723321,0.0,0.0
2025-03-20 00:00:00+07:00,10309.734375,10530.9736328125,10176.9912109375,10398.23046875,10024.861328125,90277282,0.0,0.0
2025-03-21 00:00:00+07:00,10486.7255859375,10663.716796875,10309.734375,10398.23046875,10024.861328125,84305458,0.0,0.0
2025-03-24 00:00:00+07:00,10398.23046875,11061.947265625,10265.486328125,10973.451171875,10579.427734375,95702299,0.0,0.0
2025-03-25 00:00:00+07:00,11061.947265625,11150.4423828125,10663.716796875,10973.451171875,10579.427734375,87718171,0.0,0.0
2025-03-26 00:00:00+07:00,10973.451171875,11017.69921875,10752.2119140625,10840.7080078125,10451.451171875,49453094,0.0,0.0
2025-03-27 00:00:00+07:00,10840.7080078125,11283.185546875,10840.7080078125,11238.9384765625,10835.3818359375,74308348,0.0,0.0
2025-03-28 00:00:00+07:00,11327.43359375,11327.43359375,11061.947265625,11238.9384765625,10835.3818359375,36598779,0.0,0.0
2025-03-31 00:00:00+07:00,11150.4423828125,11150.4423828125,10796.4599609375,11017.69921875,10622.0869140625,64006364,0.0,0.0
2025-04-01 00:00:00+07:00,11017.69921875,11061.947265625,10752.2119140625,11017.69921875,10622.0869140625,40897525,0.0,0.0
2025-04-02 00:00:00+07:00,11061.947265625,11238.9384765625,10973.451171875,11106.1943359375,10707.404296875,53176783,0.0,0.0
2025-04-03 00:00:00+07:00,10619.46875,10796.4599609375,10353.982421875,10353.982421875,9982.2021484375,83982052,0.0,0.0
2025-04-04 00:00:00+07:00,9690.265625,10663.716796875,9646.017578125,10663.716796875,10280.8154296875,156012659,0.0,0.0
2025-04-07 00:00:00+07:00,10663.716796875,10663.716796875,10663.716796875,10663.716796875,10280.8154296875,0,0.0,0.0
2025-04-08 00:00:00+07:00,10398.23046875,10398.23046875,9955.751953125,9955.751953125,9598.271484375,77923331,0.0,0.0
2025-04-09 00:00:00+07:00,9380.53125,10132.7431640625,9380.53125,9690.265625,9342.3173828125,71180056,0.0,0.0
2025-04-10 00:00:00+07:00,10353.982421875,10353.982421875,10353.982421875,10353.982421875,9982.2021484375,21389431,0.0,0.0
2025-04-11 00:00:00+07:00,10530.9736328125,10752.2119140625,10176.9912109375,10752.2119140625,10366.1328125,116888217,0.0,0.0
2025-04-14 00:00:00+07:00,10752.2119140625,10796.4599609375,10575.2216796875,10752.2119140625,10366.1328125,53462899,0.0,0.0
2025-04-15 00:00:00+07:00,10663.716796875,10707.96484375,10353.982421875,10530.9736328125,10152.837890625,65990531,0.0,0.0
2025-04-16 00:00:00+07:00,10530.9736328125,10707.96484375,10398.23046875,10619.46875,10238.15625,50376417,0.0,0.0
2025-04-17 00:00:00+07:00,10486.7255859375,10752.2119140625,10442.4775390625,10663.716796875,10280.8154296875,51523028,0.0,0.0
2025-04-18 00:00:00+07:00,10752.2119140625,11371.681640625,10752.2119140625,11371.681640625,10963.359375,176652561,0.0,0.0
2025-04-21 00:00:00+07:00,11592.919921875,11725.6640625,11371.681640625,11681.416015625,11261.9716796875,93203304,0.0,0.0
2025-04-22 00:00:00+07:00,11548.6728515625,11814.1591796875,10884.9560546875,11681.416015625,11261.9716796875,251676764,0.0,0.0
2025-04-23 00:00:00+07:00,11858.4072265625,11858.4072265625,11327.43359375,11504.4248046875,11091.3359375,114361311,0.0,0.0
2025-04-24 00:00:00+07:00,11415.9296875,11504.4248046875,11106.1943359375,11415.9296875,11006.0185546875,98539842,0.0,0.0
2025-04-25 00:00:00+07:00,11415.9296875,11460.1767578125,11106.1943359375,11327.43359375,10920.7001953125,81044617,0.0,0.0
2025-04-28 00:00:00+07:00,11327.43359375,11327.43359375,10973.451171875,11238.9384765625,10835.3818359375,61279787,0.0,0.0
2025-04-29 00:00:00+07:00,11238.9384765625,11460.1767578125,11017.69921875,11150.4423828125,10750.0634765625,60365165,0.0,0.0
2025-04-30 00:00:00+07:00,11150.4423828125,11150.4423828125,11150.4423828125,11150.4423828125,10750.0634765625,0,0.0,0.0
2025-05-01 00:00:00+07:00,11150.4423828125,11150.4423828125,11150.4423828125,11150.4423828125,10750.0634765625,0,0.0,0.0
2025-05-02 00:00:00+07:00,11150.4423828125,11150.4423828125,11150.4423828125,11150.4423828125,10750.0634765625,0,0.0,0.0
2025-05-05 00:00:00+07:00,11283.185546875,11283.185546875,10929.203125,11238.9384765625,10835.3818359375,67349130,0.0,0.0
2025-05-06 00:00:00+07:00,11283.185546875,11283.185546875,10929.203125,11238.9384765625,10835.3818359375,67349130,0.0,0.0
2025-05-07 00:00:00+07:00,11238.9384765625,11371.681640625,11061.947265625,11061.947265625,10664.74609375,61154809,0.0,0.0
2025-05-08 00:00:00+07:00,11017.69921875,11150.4423828125,10929.203125,11150.4423828125,10750.0634765625,63069820,0.0,0.0
2025-05-09 00:00:00+07:00,11238.9384765625,11592.919921875,11061.947265625,11415.9296875,11006.0185546875,100834872,0.0,0.0
2025-05-12 00:00:00+07:00,11415.9296875,11637.16796875,11283.185546875,11637.16796875,11219.3125,95711904,0.0,0.0
2025-05-13 00:00:00+07:00,11415.9296875,11637.16796875,11283.185546875,11637.16796875,11219.3125,95711904,0.0,0.0
2025-05-14 00:00:00+07:00,11681.416015625,11814.1591796875,11504.4248046875,11592.919921875,11176.6533203125,85026511,0.0,0.0
2025-05-15 00:00:00+07:00,11504.4248046875,11592.919921875,11415.9296875,11504.4248046875,11091.3359375,59790560,0.0,0.0
2025-05-16 00:00:00+07:00,11460.1767578125,12300.884765625,11371.681640625,12123.8935546875,11688.5615234375,189741125,0.0,0.0
2025-05-19 00:00:00+07:00,11814.1591796875,11902.6552734375,11681.416015625,11814.1591796875,11389.9482421875,67427891,0.0,0.0
2025-05-20 00:00:00+07:00,11814.1591796875,11902.6552734375,11681.416015625,11814.1591796875,11389.9482421875,67427891,0.0,0.0
2025-05-21 00:00:00+07:00,11858.4072265625,12035.3984375,11725.6640625,11814.1591796875,11389.9482421875,102701406,0.0,0.0
2025-05-22 00:00:00+07:00,11858.4072265625,12035.3984375,11681.416015625,11946.90234375,11517.9248046875,88527251,0.0,0.0
2025-05-23 00:00:00+07:00,11946.90234375,12035.3984375,11725.6640625,11902.6552734375,11475.2666015625,86227588,0.0,0.0
2025-05-26 00:00:00+07:00,11946.90234375,12256.63671875,11769.9111328125,12035.3984375,11603.244140625,103518396,0.0,0.0
2025-05-27 00:00:00+07:00,11946.90234375,12256.63671875,11769.9111328125,12035.3984375,11603.244140625,103518396,0.0,0.0
2025-05-28 00:00:00+07:00,12035.3984375,12433.6279296875,11858.4072265625,12212.3896484375,11773.8798828125,118443323,0.0,0.0
2025-05-29 00:00:00+07:00,12212.3896484375,12212.3896484375,11991.150390625,12212.3896484375,11773.8798828125,59485460,0.0,0.0
2025-05-30 00:00:00+07:00,12123.8935546875,12522.1240234375,12035.3984375,12035.3984375,11603.244140625,86807278,0.0,0.0
2025-06-02 00:00:00+07:00,11858.4072265625,12123.8935546875,11814.1591796875,12123.8935546875,11688.5615234375,63494587,0.0,0.0
2025-06-03 00:00:00+07:00,11858.4072265625,12123.8935546875,11814.1591796875,12123.8935546875,11688.5615234375,63494587,0.0,0.0
2025-06-04 00:00:00+07:00,12123.8935546875,12433.6279296875,12035.3984375,12300.884765625,11859.197265625,107608318,0.0,0.0
2025-06-05 00:00:00+07:00,12300.884765625,12477.8759765625,12212.3896484375,12212.3896484375,11773.8798828125,60761004,0.0,0.0
2025-06-06 00:00:00+07:00,12168.1416015625,12212.3896484375,12079.646484375,12123.8935546875,11688.5615234375,37880877,0.0,0.0
2025-06-09 00:00:00+07:00,11681.416015625,11725.6640625,11415.9296875,11548.6728515625,11548.6728515625,57500163,435.3326,0.0
2025-06-10 00:00:00+07:00,11681.416015625,11725.6640625,11415.9296875,11548.6728515625,11548.6728515625,57500163,0.0,0.0
2025-06-11 00:00:00+07:00,11504.4248046875,11681.416015625,11460.1767578125,11637.16796875,11637.16796875,60379629,0.0,0.0
2025-06-12 00:00:00+07:00,11637.16796875,11814.1591796875,11504.4248046875,11769.9111328125,11769.9111328125,55815333,0.0,0.0
2025-06-13 00:00:00+07:00,11725.6640625,12079.646484375,11637.16796875,11769.9111328125,11769.9111328125,130586981,0.0,0.0
2025-06-16 00:00:00+07:00,11415.9296875,11592.919921875,11371.681640625,11592.919921875,11592.919921875,41290652,0.0,0.0
2025-06-17 00:00:00+07:00,11415.9296875,11592.919921875,11371.681640625,11592.919921875,11592.919921875,41290652,0.0,0.0
2025-06-18 00:00:00+07:00,11592.919921875,11681.416015625,11548.6728515625,11681.416015625,11681.416015625,43618565,0.0,0.0
2025-06-19 00:00:00+07:00,11637.16796875,11681.416015625,11548.6728515625,11637.16796875,11637.16796875,56113201,0.0,0.0
2025-06-20 00:00:00+07:00,11592.919921875,11814.1591796875,11504.4248046875,11504.4248046875,11504.4248046875,58021206,0.0,0.0
2025-06-23 00:00:00+07:00,11504.4248046875,11548.6728515625,11415.9296875,11504.4248046875,11504.4248046875,47781146,0.0,0.0
2025-06-24 00:00:00+07:00,11504.4248046875,11548.6728515625,11415.9296875,11504.4248046875,11504.4248046875,47781146,0.0,0.0
2025-06-25 00:00:00+07:00,11548.6728515625,11592.919921875,11460.1767578125,11504.4248046875,11504.4248046875,43059102,0.0,0.0
2025-06-26 00:00:00+07:00,11504.4248046875,11548.6728515625,11371.681640625,11548.6728515625,11548.6728515625,72960936,0.0,0.0
2025-06-27 00:00:00+07:00,11548.6728515625,11592.919921875,11415.9296875,11592.919921875,11592.919921875,48464683,0.0,0.0
2025-06-30 00:00:00+07:00,11460.1767578125,11504.4248046875,11415.9296875,11415.9296875,11415.9296875,36833367,0.0,0.0
2025-07-01 00:00:00+07:00,11460.1767578125,11504.4248046875,11415.9296875,11415.9296875,11415.9296875,36833367,0.0,0.0
2025-07-02 00:00:00+07:00,11415.9296875,11460.1767578125,11283.185546875,11371.681640625,11371.681640625,53518382,0.0,0.0
2025-07-03 00:00:00+07:00,11371.681640625,11504.4248046875,11327.43359375,11460.1767578125,11460.1767578125,43435505,0.0,0.0
2025-07-04 00:00:00+07:00,11460.1767578125,11592.919921875,11371.681640625,11504.4248046875,11504.4248046875,59131318,0.0,0.0
2025-07-07 00:00:00+07:00,11504.4248046875,12300.884765625,11504.4248046875,12300.884765625,12300.884765625,282140321,0.0,0.0
2025-07-08 00:00:00+07:00,11504.4248046875,12300.884765625,11504.4248046875,12300.884765625,12300.884765625,282140321,0.0,0.0
2025-07-09 00:00:00+07:00,12477.8759765625,12654.8671875,12345.1328125,12522.1240234375,12522.1240234375,71117680,0.0,0.0
2025-07-10 00:00:00+07:00,12566.3720703125,12743.36328125,12345.1328125,12389.380859375,12389.380859375,126125289,0.0,0.0
2025-07-11 00:00:00+07:00,12433.6279296875,12743.36328125,12345.1328125,12699.115234375,12699.115234375,87713086,0.0,0.0
2025-07-14 00:00:00+07:00,12610.619140625,12654.8671875,12345.1328125,12522.1240234375,12522.1240234375,51544498,0.0,0.0
2025-07-15 00:00:00+07:00,12610.619140625,12654.8671875,12345.1328125,12522.1240234375,12522.1240234375,51544498,0.0,0.0
2025-07-16 00:00:00+07:00,12522.1240234375,12831.8583984375,12477.8759765625,12477.8759765625,12477.8759765625,87922249,0.0,0.0
2025-07-17 00:00:00+07:00,12477.8759765625,12699.115234375,12433.6279296875,12610.619140625,12610.619140625,58520101,0.0,0.0
2025-07-18 00:00:00+07:00,12654.8671875,12787.6103515625,12522.1240234375,12654.8671875,12654.8671875,75658133,0.0,0.0
2025-07-21 00:00:00+07:00,12654.8671875,13053.09765625,12610.619140625,12920.353515625,12920.353515625,115208924,0.0,0.0
2025-07-22 00:00:00+07:00,12654.8671875,13053.09765625,12610.619140625,12920.353515625,12920.353515625,115208924,0.0,0.0
2025-07-23 00:00:00+07:00,12920.353515625,12964.6015625,12743.36328125,12920.353515625,12920.353515625,71660984,0.0,0.0
2025-07-24 00:00:00+07:00,13008.849609375,13185.8408203125,12831.8583984375,12964.6015625,12964.6015625,90553680,0.0,0.0
2025-07-25 00:00:00+07:00,12964.6015625,13672.56640625,12920.353515625,13318.583984375,13318.583984375,105572171,0.0,0.0
2025-07-28 00:00:00+07:00,13407.080078125,14247.7880859375,13407.080078125,14247.7880859375,14247.7880859375,155652415,0.0,0.0
2025-07-29 00:00:00+07:00,13407.080078125,14247.7880859375,13407.080078125,14247.7880859375,14247.7880859375,155652415,0.0,0.0
2025-07-30 00:00:00+07:00,14601.76953125,14734.513671875,13318.583984375,13318.583984375,13318.583984375,172746942,0.0,0.0
2025-07-31 00:00:00+07:00,14026.548828125,14247.7880859375,13628.318359375,14247.7880859375,14247.7880859375,161062629,0.0,0.0
2025-08-01 00:00:00+07:00,15176.9912109375,15221.2392578125,14690.265625,15221.2392578125,15221.2392578125,204883238,0.0,0.0
2025-08-04 00:00:00+07:00,15398.23046875,16460.177734375,15398.23046875,16460.177734375,16460.177734375,102986392,0.0,0.0
2025-08-05 00:00:00+07:00,15398.23046875,16460.177734375,15398.23046875,16460.177734375,16460.177734375,102986392,0.0,0.0
2025-08-06 00:00:00+07:00,17345.1328125,17433.62890625,15486.7255859375,16238.9384765625,16238.9384765625,199129052,0.0,0.0
2025-08-07 00:00:00+07:00,16460.177734375,16902.654296875,16238.9384765625,16592.919921875,16592.919921875,104284649,0.0,0.0
2025-08-08 00:00:00+07:00,16814.16015625,17168.140625,16327.43359375,16681.416015625,16681.416015625,104402621,0.0,0.0
2025-08-11 00:00:00+07:00,16637.16796875,17168.140625,16460.177734375,16902.654296875,16902.654296875,128803163,0.0,0.0
2025-08-12 00:00:00+07:00,16637.16796875,17168.140625,16460.177734375,16902.654296875,16902.654296875,128803163,0.0,0.0
2025-08-13 00:00:00+07:00,17079.646484375,17079.646484375,16637.16796875,16725.6640625,16725.6640625,74677293,0.0,0.0
2025-08-14 00:00:00+07:00,16858.40625,17345.1328125,16725.6640625,17123.89453125,17123.89453125,129976668,0.0,0.0
2025-08-15 00:00:00+07:00,17300.884765625,18274.3359375,17256.63671875,18053.09765625,18053.09765625,134756003,0.0,0.0
2025-08-18 00:00:00+07:00,19300.0,19450.0,18800.0,18850.0,18850.0,103905200,0.0,1.13
2025-08-19 00:00:00+07:00,19300.0,19450.0,18800.0,18850.0,18850.0,103905200,0.0,0.0
2025-08-20 00:00:00+07:00,18500.0,19100.0,18400.0,18500.0,18500.0,134077200,0.0,0.0
2025-08-21 00:00:00+07:00,18400.0,18500.0,17500.0,18300.0,18300.0,162557300,0.0,0.0
2025-08-22 00:00:00+07:00,18400.0,18850.0,18300.0,18500.0,18500.0,85261700,0.0,0.0
2025-08-25 00:00:00+07:00,17450.0,17500.0,16250.0,16300.0,16300.0,113188300,0.0,0.0
2025-08-26 00:00:00+07:00,17450.0,17500.0,16250.0,16300.0,16300.0,113188300,0.0,0.0
2025-08-27 00:00:00+07:00,16200.0,17400.0,16200.0,17400.0,17400.0,86340400,0.0,0.0
2025-08-28 00:00:00+07:00,17800.0,18100.0,17550.0,17650.0,17650.0,103800500,0.0,0.0
2025-08-29 00:00:00+07:00,17700.0,18550.0,17450.0,18400.0,18400.0,152824000,0.0,0.0
2025-09-01 00:00:00+07:00,18400.0,18400.0,18400.0,18400.0,18400.0,0,0.0,0.0
2025-09-02 00:00:00+07:00,18400.0,18400.0,18400.0,18400.0,18400.0,0,0.0,0.0
2025-09-03 00:00:00+07:00,18950.0,19100.0,18500.0,19050.0,19050.0,95659800,0.0,0.0
2025-09-04 00:00:00+07:00,18950.0,19100.0,18500.0,19050.0,19050.0,95659800,0.0,0.0
2025-09-05 00:00:00+07:00,19100.0,19200.0,18800.0,18850.0,18850.0,89129600,0.0,0.0
2025-09-08 00:00:00+07:00,17800.0,17950.0,17200.0,17250.0,17250.0,124526200,0.0,0.0
2025-09-09 00:00:00+07:00,17800.0,17950.0,17200.0,17250.0,17250.0,124526200,0.0,0.0
2025-09-10 00:00:00+07:00,17300.0,17700.0,17200.0,17600.0,17600.0,70080800,0.0,0.0
2025-09-11 00:00:00+07:00,17700.0,17800.0,17350.0,17800.0,17800.0,52450900,0.0,0.0
2025-09-12 00:00:00+07:00,17600.0,17800.0,17150.0,17800.0,17800.0,88707100,0.0,0.0
2025-09-15 00:00:00+07:00,17550.0,17950.0,17300.0,17800.0,17800.0,93174400,0.0,0.0
2025-09-16 00:00:00+07:00,17550.0,17950.0,17300.0,17800.0,17800.0,93174400,0.0,0.0
2025-09-17 00:00:00+07:00,17800.0,18250.0,17750.0,18200.0,18200.0,87193100,0.0,0.0
2025-09-18 00:00:00+07:00,18000.0,18150.0,17850.0,18050.0,18050.0,64713500,0.0,0.0
2025-09-19 00:00:00+07:00,18000.0,18200.0,17650.0,17850.0,17850.0,59508100,0.0,0.0
2025-09-22 00:00:00+07:00,17750.0,17750.0,17150.0,17400.0,17400.0,78597200,0.0,0.0
2025-09-23 00:00:00+07:00,17750.0,17750.0,17150.0,17400.0,17400.0,78597200,0.0,0.0
2025-09-24 00:00:00+07:00,17300.0,17550.0,16950.0,17000.0,17000.0,142502100,0.0,0.0
2025-09-25 00:00:00+07:00,17100.0,17500.0,16350.0,17350.0,17350.0,191797400,0.0,0.0
2025-09-26 00:00:00+07:00,17350.0,17450.0,16900.0,17350.0,17350.0,61984100,0.0,0.0
2025-09-29 00:00:00+07:00,17050.0,17500.0,16800.0,16800.0,16800.0,78599700,0.0,0.0
2025-09-30 00:00:00+07:00,17050.0,17500.0,16800.0,16800.0,16800.0,78599700,0.0,0.0
2025-10-01 00:00:00+07:00,16850.0,17000.0,16400.0,16900.0,16900.0,102650400,0.0,0.0
2025-10-02 00:00:00+07:00,16900.0,17100.0,16750.0,16950.0,16950.0,47501700,0.0,0.0
2025-10-03 00:00:00+07:00,17000.0,17150.0,16700.0,17000.0,17000.0,63664700,0.0,0.0
2025-10-06 00:00:00+07:00,16750.0,17500.0,16700.0,17400.0,17400.0,114772800,0.0,0.0
2025-10-07 00:00:00+07:00,16750.0,17500.0,16700.0,17400.0,17400.0,114772800,0.0,0.0
2025-10-08 00:00:00+07:00,17450.0,17450.0,17050.0,17250.0,17250.0,85643500,0.0,0.0
2025-10-09 00:00:00+07:00,17450.0,17550.0,17100.0,17300.0,17300.0,92523300,0.0,0.0
2025-10-10 00:00:00+07:00,17350.0,18450.0,17300.0,17900.0,17900.0,189712900,0.0,0.0
2025-10-13 00:00:00+07:00,17700.0,18200.0,17650.0,18100.0,18100.0,118930300,0.0,0.0
2025-10-14 00:00:00+07:00,17700.0,18200.0,17650.0,18100.0,18100.0,118930300,0.0,0.0
2025-10-15 00:00:00+07:00,18100.0,18250.0,17700.0,18000.0,18000.0,124387300,0.0,0.0
2025-10-16 00:00:00+07:00,17950.0,18450.0,17900.0,18200.0,18200.0,135329400,0.0,0.0
2025-10-17 00:00:00+07:00,18350.0,18400.0,17950.0,18150.0,18150.0,89585600,0.0,0.0
2025-10-20 00:00:00+07:00,17900.0,18000.0,16850.0,16850.0,16850.0,157036500,0.0,0.0
2025-10-21 00:00:00+07:00,17900.0,18000.0,16850.0,16850.0,16850.0,157036500,0.0,0.0
2025-10-22 00:00:00+07:00,16850.0,17250.0,16100.0,17000.0,17000.0,144384000,0.0,0.0
2025-10-23 00:00:00+07:00,17000.0,17000.0,16400.0,16650.0,16650.0,81491700,0.0,0.0
2025-10-24 00:00:00+07:00,16650.0,17000.0,16600.0,16700.0,16700.0,80037000,0.0,0.0
2025-10-27 00:00:00+07:00,16400.0,16450.0,16000.0,16150.0,16150.0,95564800,0.0,0.0
2025-10-28 00:00:00+07:00,16400.0,16450.0,16000.0,16150.0,16150.0,95564800,0.0,0.0
2025-10-29 00:00:00+07:00,16200.0,16350.0,15900.0,16350.0,16350.0,67544000,0.0,0.0
2025-10-30 00:00:00+07:00,16300.0,17050.0,16250.0,16800.0,16800.0,117844300,0.0,0.0
2025-10-31 00:00:00+07:00,16800.0,16950.0,16550.0,16900.0,16900.0,71843700,0.0,0.0
2025-11-03 00:00:00+07:00,16350.0,16400.0,15950.0,15950.0,15950.0,71719600,0.0,0.0
2025-11-04 00:00:00+07:00,15900.0,16400.0,15350.0,16300.0,16300.0,96499600,0.0,0.0
2025-11-05 00:00:00+07:00,15900.0,16400.0,15350.0,16300.0,16300.0,96499600,0.0,0.0
2025-11-06 00:00:00+07:00,16050.0,16250.0,15850.0,15850.0,15850.0,54472700,0.0,0.0
2025-11-07 00:00:00+07:00,15750.0,15850.0,15200.0,15300.0,15300.0,84767600,0.0,0.0
2025-11-10 00:00:00+07:00,15250.0,15600.0,15100.0,15300.0,15300.0,48856900,0.0,0.0
2025-11-11 00:00:00+07:00,15400.0,15800.0,15150.0,15800.0,15800.0,67711900,0.0,0.0
2025-11-12 00:00:00+07:00,15800.0,16300.0,15550.0,16300.0,16300.0,83505400,0.0,0.0
2025-11-13 00:00:00+07:00,16300.0,16350.0,16050.0,16350.0,16350.0,56710100,0.0,0.0
2025-11-14 00:00:00+07:00,16200.0,16350.0,16100.0,16350.0,16350.0,62828700,0.0,0.0
2025-11-17 00:00:00+07:00,16250.0,16600.0,16100.0,16600.0,16600.0,65266800,0.0,0.0
2025-11-18 00:00:00+07:00,16500.0,16600.0,16300.0,16500.0,16500.0,44005400,0.0,0.0
2025-11-19 00:00:00+07:00,16450.0,16600.0,16350.0,16450.0,16450.0,59460500,0.0,0.0
2025-11-20 00:00:00+07:00,16400.0,16650.0,16250.0,16650.0,16650.0,83370900,0.0,0.0
2025-11-21 00:00:00+07:00,16500.0,16650.0,16350.0,16650.0,16650.0,58408100,0.0,0.0
2025-11-24 00:00:00+07:00,16550.0,16700.0,16450.0,16550.0,16550.0,50474000,0.0,0.0
2025-11-25 00:00:00+07:00,16550.0,16700.0,16350.0,16400.0,16400.0,77663400,0.0,0.0
2025-11-26 00:00:00+07:00,16350.0,16750.0,16350.0,16700.0,16700.0,87211400,0.0,0.0
2025-11-27 00:00:00+07:00,16650.0,16900.0,16600.0,16750.0,16750.0,49403500,0.0,0.0
2025-11-28 00:00:00+07:00,16700.0,16800.0,16600.0,16800.0,16800.0,56614300,0.0,0.0
2025-12-01 00:00:00+07:00,16750.0,17050.0,16700.0,17000.0,17000.0,57719700,0.0,0.0
2025-12-02 00:00:00+07:00,16900.0,17000.0,16800.0,17000.0,17000.0,63698600,0.0,0.0
2025-12-03 00:00:00+07:00,16900.0,17350.0,16900.0,17350.0,17350.0,81797500,0.0,0.0
2025-12-04 00:00:00+07:00,16900.0,17350.0,16900.0,17350.0,17350.0,81797500,0.0,0.0
2025-12-05 00:00:00+07:00,17250.0,17350.0,16750.0,16750.0,16750.0,58168300,0.0,0.0
2025-12-08 00:00:00+07:00,16750.0,16850.0,16550.0,16600.0,16600.0,55435100,0.0,0.0
2025-12-09 00:00:00+07:00,16550.0,16600.0,16100.0,16500.0,16500.0,88519600,0.0,0.0
2025-12-10 00:00:00+07:00,16500.0,16500.0,16250.0,16450.0,16450.0,38890500,0.0,0.0
2025-12-11 00:00:00+07:00,16400.0,16450.0,16100.0,16350.0,16350.0,55345200,0.0,0.0
2025-12-12 00:00:00+07:00,16250.0,16300.0,16000.0,16000.0,16000.0,65585600,0.0,0.0
2025-12-15 00:00:00+07:00,16000.0,16100.0,15650.0,15900.0,15900.0,49057500,0.0,0.0
2025-12-16 00:00:00+07:00,15800.0,16350.0,15650.0,15900.0,15900.0,56757200,0.0,0.0
2025-12-17 00:00:00+07:00,15950.0,16000.0,15700.0,15700.0,15700.0,48835400,0.0,0.0
2025-12-18 00:00:00+07:00,15950.0,16000.0,15700.0,15700.0,15700.0,48835400,0.0,0.0
2025-12-19 00:00:00+07:00,16200.0,16200.0,15900.0,16150.0,16150.0,47537900,0.0,0.0
2025-12-22 00:00:00+07:00,16200.0,16500.0,16100.0,16300.0,16300.0,66430700,0.0,0.0
2025-12-23 00:00:00+07:00,16350.0,16450.0,16150.0,16300.0,16300.0,59829000,0.0,0.0
2025-12-24 00:00:00+07:00,16300.0,17150.0,16300.0,16900.0,16900.0,112666600,0.0,0.0
2025-12-25 00:00:00+07:00,16300.0,17150.0,16300.0,16900.0,16900.0,112666600,0.0,0.0
2025-12-26 00:00:00+07:00,16350.0,16500.0,15900.0,16350.0,16350.0,108127100,0.0,0.0
2025-12-29 00:00:00+07:00,16350.0,16350.0,16200.0,16200.0,16200.0,44770600,0.0,0.0
2025-12-30 00:00:00+07:00,16150.0,16400.0,16150.0,16350.0,16350.0,65877000,0.0,0.0
2025-12-31 00:00:00+07:00,16350.0,16400.0,16200.0,16350.0,16350.0,52638000,0.0,0.0
2026-01-01 00:00:00+07:00,16350.0,16350.0,16350.0,16350.0,16350.0,0,0.0,0.0
2026-01-02 00:00:00+07:00,16350.0,16350.0,16350.0,16350.0,16350.0,0,0.0,0.0
2026-01-05 00:00:00+07:00,16300.0,16400.0,15900.0,16100.0,16100.0,64342300,0.0,0.0
2026-01-06 00:00:00+07:00,16000.0,16200.0,15800.0,16200.0,16200.0,77500200,0.0,0.0
2026-01-07 00:00:00+07:00,16250.0,16550.0,16200.0,16500.0,16500.0,81138200,0.0,0.0
2026-01-08 00:00:00+07:00,16550.0,17050.0,16400.0,16600.0,16600.0,135955100,0.0,0.0
2026-01-09 00:00:00+07:00,16700.0,16800.0,16500.0,16500.0,16500.0,68480400,0.0,0.0
2026-01-12 00:00:00+07:00,16450.0,17200.0,16400.0,17000.0,17000.0,107621400,0.0,0.0
2026-01-13 00:00:00+07:00,17200.0,17200.0,16650.0,16700.0,16700.0,88823200,0.0,0.0
2026-01-14 00:00:00+07:00,16700.0,16850.0,16550.0,16700.0,16700.0,81592100,0.0,0.0
2026-01-15 00:00:00+07:00,16650.0,16700.0,16250.0,16500.0,16500.0,83216100,0.0,0.0
2026-01-16 00:00:00+07:00,16600.0,16800.0,16350.0,16350.0,16350.0,58807900,0.0,0.0
2026-01-19 00:00:00+07:00,16400.0,16650.0,16300.0,16500.0,16500.0,59592800,0.0,0.0
2026-01-20 00:00:00+07:00,16550.0,16700.0,16350.0,16550.0,16550.0,54106900,0.0,0.0
2026-01-21 00:00:00+07:00,16400.0,16500.0,16250.0,16450.0,16450.0,65842200,0.0,0.0
2026-01-22 00:00:00+07:00,16450.0,16550.0,16300.0,16300.0,16300.0,58903900,0.0,0.0
2026-01-23 00:00:00+07:00,16350.0,16400.0,16250.0,16300.0,16300.0,49017900,0.0,0.0
2026-01-26 00:00:00+07:00,16250.0,16350.0,15650.0,15750.0,15750.0,75374500,0.0,0.0
2026-01-27 00:00:00+07:00,15800.0,16050.0,15650.0,16050.0,16050.0,51904700,0.0,0.0
2026-01-28 00:00:00+07:00,15950.0,16050.0,15800.0,16000.0,16000.0,42882400,0.0,0.0
2026-01-29 00:00:00+07:00,15900.0,16000.0,15800.0,15950.0,15950.0,41935000,0.0,0.0
2026-01-30 00:00:00+07:00,15900.0,16200.0,15800.0,16000.0,16000.0,53345400,0.0,0.0
2026-02-02 00:00:00+07:00,16000.0,16050.0,15700.0,15750.0,15750.0,49881000,0.0,0.0
2026-02-03 00:00:00+07:00,15900.0,15950.0,15700.0,15800.0,15800.0,53252800,0.0,0.0
2026-02-04 00:00:00+07:00,15800.0,15900.0,15650.0,15800.0,15800.0,47046700,0.0,0.0
2026-02-05 00:00:00+07:00,15800.0,15850.0,15650.0,15650.0,15650.0,46304700,0.0,0.0
2026-02-06 00:00:00+07:00,15550.0,15850.0,15350.0,15350.0,15350.0,62805800,0.0,0.0
2026-02-09 00:00:00+07:00,15450.0,15450.0,15050.0,15250.0,15250.0,53793600,0.0,0.0
2026-02-10 00:00:00+07:00,15200.0,15400.0,14950.0,15250.0,15250.0,45414500,0.0,0.0
2026-02-11 00:00:00+07:00,15250.0,15700.0,15150.0,15500.0,15500.0,59290200,0.0,0.0
2026-02-12 00:00:00+07:00,15500.0,15650.0,15250.0,15350.0,15350.0,37459600,0.0,0.0
2026-02-13 00:00:00+07:00,15350.0,15450.0,15250.0,15450.0,15450.0,37753700,0.0,0.0
2026-02-16 00:00:00+07:00,15450.0,15450.0,15450.0,15450.0,15450.0,0,0.0,0.0
2026-02-17 00:00:00+07:00,15450.0,15450.0,15450.0,15450.0,15450.0,0,0.0,0.0
2026-02-18 00:00:00+07:00,15450.0,15450.0,15450.0,15450.0,15450.0,0,0.0,0.0
2026-02-19 00:00:00+07:00,15450.0,15450.0,15450.0,15450.0,15450.0,0,0.0,0.0
2026-02-20 00:00:00+07:00,15450.0,15450.0,15450.0,15450.0,15450.0,0,0.0,0.0
2026-02-23 00:00:00+07:00,15550.0,15800.0,15400.0,15800.0,15800.0,54597400,0.0,0.0
2026-02-24 00:00:00+07:00,15750.0,15850.0,15550.0,15550.0,15550.0,49627800,0.0,0.0
2026-02-25 00:00:00+07:00,15600.0,16200.0,15500.0,16200.0,16200.0,106131300,0.0,0.0
2026-02-26 00:00:00+07:00,16300.0,16300.0,16000.0,16150.0,16150.0,45204400,0.0,0.0
2026-02-27 00:00:00+07:00,16150.0,16150.0,15850.0,15950.0,15950.0,38821900,0.0,0.0
2026-03-02 00:00:00+07:00,15300.0,15850.0,15200.0,15650.0,15650.0,88122000,0.0,0.0
2026-03-03 00:00:00+07:00,15300.0,15850.0,15200.0,15650.0,15650.0,88122000,0.0,0.0
2026-03-04 00:00:00+07:00,15450.0,15550.0,15000.0,15500.0,15500.0,87559100,0.0,0.0
2026-03-05 00:00:00+07:00,15650.0,15700.0,15150.0,15250.0,15250.0,67258100,0.0,0.0
2026-03-06 00:00:00+07:00,15200.0,15600.0,14950.0,15400.0,15400.0,73881300,0.0,0.0
2026-03-09 00:00:00+07:00,14550.0,14900.0,14350.0,14350.0,14350.0,123396700,0.0,0.0
2026-03-10 00:00:00+07:00,14550.0,14750.0,14150.0,14500.0,14500.0,79944700,0.0,0.0
2026-03-11 00:00:00+07:00,14550.0,14850.0,14400.0,14750.0,14750.0,52147100,0.0,0.0
2026-03-12 00:00:00+07:00,14600.0,15100.0,14450.0,14950.0,14950.0,83295200,0.0,0.0
2026-03-13 00:00:00+07:00,14650.0,14950.0,14600.0,14950.0,14950.0,57514000,0.0,0.0
2026-03-16 00:00:00+07:00,14850.0,15300.0,14700.0,15200.0,15200.0,84195400,0.0,0.0
2026-03-17 00:00:00+07:00,15250.0,15300.0,15050.0,15050.0,15050.0,48614400,0.0,0.0
2026-03-18 00:00:00+07:00,15050.0,15200.0,14900.0,15100.0,15100.0,46241800,0.0,0.0
2026-03-19 00:00:00+07:00,14950.0,15150.0,14750.0,15000.0,15000.0,65431900,0.0,0.0
2026-03-20 00:00:00+07:00,14900.0,15100.0,14800.0,14900.0,14900.0,35688500,0.0,0.0
2026-03-23 00:00:00+07:00,14750.0,14800.0,14300.0,14400.0,14400.0,85660000,0.0,0.0
2026-03-24 00:00:00+07:00,14700.0,14750.0,14400.0,14450.0,14450.0,34929600,0.0,0.0
2026-03-25 00:00:00+07:00,14364.234375,14757.775390625,14265.849609375,14757.775390625,14757.775390625,77798210,0.0,0.0
2026-03-26 00:00:00+07:00,14708.5830078125,15003.73828125,14511.8125,14905.3525390625,14905.3525390625,68981028,0.0,0.0
2026-03-27 00:00:00+07:00,14905.3525390625,15200.5087890625,14806.9677734375,15151.3154296875,15151.3154296875,70990680,0.0,0.0
2026-03-30 00:00:00+07:00,14954.5458984375,15200.5087890625,14757.775390625,15200.5087890625,15200.5087890625,86965649,0.0,0.0
2026-03-31 00:00:00+07:00,15052.9306640625,15298.8935546875,15003.73828125,15298.8935546875,15298.8935546875,98026259,0.0,0.0
2026-04-01 00:00:00+07:00,15348.0859375,15397.2783203125,14954.5458984375,14954.5458984375,14954.5458984375,81155932,0.0,0.0
2026-04-02 00:00:00+07:00,14905.3525390625,14905.3525390625,14511.8125,14610.197265625,14610.197265625,111934860,0.0,0.0
2026-04-03 00:00:00+07:00,14850.0,14900.0,14400.0,14900.0,14900.0,52368000,0.0,0.0
2026-04-06 00:00:00+07:00,14800.0,14800.0,14500.0,14500.0,14500.0,35893400,0.0,0.0
2026-04-07 00:00:00+07:00,14700.0,14700.0,14450.0,14700.0,14700.0,51817400,0.0,0.0
2026-04-08 00:00:00+07:00,15000.0,15350.0,14850.0,15300.0,15300.0,80529600,0.0,0.0
2026-04-09 00:00:00+07:00,15200.0,15500.0,15050.0,15500.0,15500.0,85696800,0.0,0.0
2026-04-10 00:00:00+07:00,15550.0,15550.0,15200.0,15400.0,15400.0,105591400,0.0,0.0
2026-04-13 00:00:00+07:00,15200.0,15250.0,14950.0,15000.0,15000.0,115190900,0.0,0.0
2026-04-14 00:00:00+07:00,15100.0,15150.0,14800.0,15100.0,15100.0,98761800,0.0,0.0
2026-04-15 00:00:00+07:00,15100.0,15400.0,14950.0,15400.0,15400.0,71780700,0.0,0.0
2026-04-16 00:00:00+07:00,15150.0,15550.0,15100.0,15550.0,15550.0,137811200,0.0,0.0
2026-04-17 00:00:00+07:00,15400.0,15500.0,15250.0,15300.0,15300.0,65583800,0.0,0.0
2026-04-20 00:00:00+07:00,15200.0,15300.0,15150.0,15300.0,15300.0,47390400,0.0,0.0
2026-04-21 00:00:00+07:00,15300.0,15400.0,15150.0,15150.0,15150.0,48986600,0.0,0.0
2026-04-22 00:00:00+07:00,15150.0,15250.0,15050.0,15200.0,15200.0,47506900,0.0,0.0
2026-04-23 00:00:00+07:00,15150.0,15200.0,14800.0,14800.0,14800.0,97117400,0.0,0.0
2026-04-24 00:00:00+07:00,14800.0,14850.0,14600.0,14750.0,14750.0,44854800,0.0,0.0
2026-04-27 00:00:00+07:00,14750.0,14750.0,14750.0,14750.0,14750.0,0,0.0,0.0
2026-04-28 00:00:00+07:00,14750.0,14750.0,14450.0,14450.0,14450.0,51564900,0.0,0.0
2026-04-29 00:00:00+07:00,14550.0,14600.0,14350.0,14550.0,14550.0,41650500,0.0,0.0
2026-04-30 00:00:00+07:00,14550.0,14550.0,14550.0,14550.0,14550.0,0,0.0,0.0
2026-05-01 00:00:00+07:00,14550.0,14550.0,14550.0,14550.0,14550.0,0,0.0,0.0
2026-05-04 00:00:00+07:00,14650.0,14650.0,14350.0,14350.0,14350.0,62363300,0.0,0.0
2026-05-05 00:00:00+07:00,14400.0,14400.0,14000.0,14000.0,14000.0,79172900,0.0,0.0
2026-05-06 00:00:00+07:00,14100.0,14200.0,14000.0,14100.0,14100.0,38754800,0.0,0.0
2026-05-07 00:00:00+07:00,14250.0,14300.0,14050.0,14100.0,14100.0,40214900,0.0,0.0
2026-05-08 00:00:00+07:00,14100.0,14250.0,14000.0,14250.0,14250.0,65804100,0.0,0.0
2026-05-11 00:00:00+07:00,14250.0,14250.0,14000.0,14150.0,14150.0,39403900,0.0,0.0
2026-05-12 00:00:00+07:00,14100.0,14150.0,13950.0,14000.0,14000.0,45001700,0.0,0.0
2026-05-13 00:00:00+07:00,14050.0,14050.0,13900.0,14000.0,14000.0,39752300,0.0,0.0
2026-05-14 00:00:00+07:00,14000.0,14100.0,13900.0,14000.0,14000.0,38039000,0.0,0.0
2026-05-15 00:00:00+07:00,14000.0,14050.0,13900.0,13900.0,13900.0,39435600,0.0,0.0
2026-05-18 00:00:00+07:00,13850.0,13900.0,13700.0,13800.0,13800.0,44049800,0.0,0.0
2026-05-19 00:00:00+07:00,13800.0,13900.0,13600.0,13650.0,13650.0,46256500,0.0,0.0
2026-05-20 00:00:00+07:00,13650.0,13650.0,13100.0,13550.0,13550.0,105588900,0.0,0.0
2026-05-21 00:00:00+07:00,13600.0,13600.0,13350.0,13600.0,13600.0,37560900,0.0,0.0
2026-05-22 00:00:00+07:00,13500.0,13550.0,13350.0,13550.0,13550.0,41369900,0.0,0.0
2026-05-25 00:00:00+07:00,13450.0,13750.0,13450.0,13700.0,13700.0,47404600,0.0,0.0
2026-05-26 00:00:00+07:00,13700.0,13900.0,13600.0,13800.0,13800.0,47154600,0.0,0.0
2026-05-27 00:00:00+07:00,13750.0,14050.0,13650.0,14000.0,14000.0,65737500,0.0,0.0
2026-05-28 00:00:00+07:00,14000.0,14050.0,13700.0,13800.0,13800.0,50474100,0.0,0.0
2026-05-29 00:00:00+07:00,13750.0,13800.0,13650.0,13800.0,13800.0,47509600,0.0,0.0
2026-06-01 00:00:00+07:00,13700.0,13800.0,13600.0,13750.0,13750.0,43742100,0.0,0.0
2026-06-02 00:00:00+07:00,13650.0,13700.0,13550.0,13600.0,13600.0,70057300,0.0,0.0
2026-06-03 00:00:00+07:00,13550.0,13800.0,13500.0,13800.0,13800.0,52279700,0.0,0.0
2026-06-04 00:00:00+07:00,13750.0,13800.0,13650.0,13800.0,13800.0,42763300,0.0,0.0
2026-06-05 00:00:00+07:00,13900.0,14150.0,13850.0,14000.0,14000.0,55973700,0.0,0.0
2026-06-08 00:00:00+07:00,13850.0,13900.0,13600.0,13700.0,13700.0,45816900,0.0,0.0
2026-06-09 00:00:00+07:00,13600.0,13800.0,13600.0,13800.0,13800.0,42321800,0.0,0.0
2026-06-10 00:00:00+07:00,13750.0,13850.0,13700.0,13800.0,13800.0,42373200,0.0,0.0
2026-06-11 00:00:00+07:00,13650.0,13750.0,13600.0,13650.0,13650.0,37995600,0.0,0.0
2026-06-12 00:00:00+07:00,13750.0,13850.0,13650.0,13800.0,13800.0,58486500,0.0,0.0
2026-06-15 00:00:00+07:00,13900.0,14000.0,13800.0,13900.0,13900.0,48683600,0.0,0.0
2026-06-16 00:00:00+07:00,14000.0,14050.0,13850.0,13900.0,13900.0,47856000,0.0,0.0
2026-06-17 00:00:00+07:00,13800.0,14050.0,13800.0,14000.0,14000.0,55469700,0.0,0.0
2026-06-18 00:00:00+07:00,14050.0,14100.0,13900.0,13900.0,13900.0,46859900,0.0,0.0
2026-06-19 00:00:00+07:00,13850.0,13900.0,13750.0,13750.0,13750.0,40246300,0.0,0.0
2026-06-22 00:00:00+07:00,13750.0,13800.0,13600.0,13700.0,13700.0,43863500,0.0,0.0
2026-06-23 00:00:00+07:00,13700.0,13850.0,13600.0,13700.0,13700.0,63395600,0.0,0.0
2026-06-24 00:00:00+07:00,13800.0,13800.0,13550.0,13650.0,13650.0,38938800,0.0,0.0
2026-06-25 00:00:00+07:00,13650.0,13700.0,13550.0,13650.0,13650.0,36595800,0.0,0.0
2026-06-26 00:00:00+07:00,13600.0,13650.0,13500.0,13650.0,13650.0,39538000,0.0,0.0
2026-06-29 00:00:00+07:00,13700.0,13700.0,13600.0,13600.0,13600.0,32752100,0.0,0.0
2026-06-30 00:00:00+07:00,13650.0,13700.0,13450.0,13550.0,13550.0,57826800,0.0,0.0
2026-07-01 00:00:00+07:00,13650.0,13700.0,13450.0,13550.0,13550.0,57826800,0.0,0.0
2026-07-02 00:00:00+07:00,13700.0,13950.0,13650.0,13700.0,13700.0,61258300,0.0,0.0
2026-07-03 00:00:00+07:00,13750.0,13800.0,13550.0,13650.0,13650.0,26499500,0.0,0.0
2026-07-06 00:00:00+07:00,13650.0,13700.0,13300.0,13350.0,13350.0,68677300,0.0,0.0
2026-07-07 00:00:00+07:00,13400.0,13450.0,13200.0,13400.0,13400.0,47938800,0.0,0.0
2026-07-08 00:00:00+07:00,13400.0,13400.0,13300.0,13400.0,13400.0,40178400,0.0,0.0
2026-07-09 00:00:00+07:00,13350.0,13400.0,13200.0,13350.0,13350.0,34925900,0.0,0.0
2026-07-10 00:00:00+07:00,13350.0,13350.0,13150.0,13150.0,13150.0,36761600,0.0,0.0
2026-07-13 00:00:00+07:00,13150.0,13200.0,12600.0,12600.0,12600.0,75701800,0.0,0.0
2026-07-14 00:00:00+07:00,12600.0,12800.0,12500.0,12800.0,12800.0,43115600,0.0,0.0
2026-07-15 00:00:00+07:00,12900.0,12900.0,12550.0,12600.0,12600.0,29951400,0.0,0.0
2026-07-16 00:00:00+07:00,12500.0,12700.0,12450.0,12700.0,12700.0,44944200,0.0,0.0
2026-07-17 00:00:00+07:00,12700.0,12750.0,12550.0,12650.0,12650.0,26369700,0.0,0.0
2026-07-20 00:00:00+07:00,12550.0,12600.0,11800.0,11800.0,11800.0,73724500,0.0,0.0
2026-07-21 00:00:00+07:00,11800.0,11950.0,11700.0,11800.0,11800.0,66753500,0.0,0.0
2026-07-22 00:00:00+07:00,11800.0,11850.0,11550.0,11700.0,11700.0,58752400,0.0,0.0
2026-07-23 00:00:00+07:00,11550.0,12000.0,11400.0,12000.0,12000.0,92228500,0.0,0.0
2026-07-24 00:00:00+07:00,11950.0,11950.0,11700.0,11800.0,11800.0,45368400,0.0,0.0
2026-07-27 00:00:00+07:00,11750.0,11800.0,11450.0,11450.0,11450.0,45029000,0.0,0.0
2026-07-28 00:00:00+07:00,11200.0,11550.0,11100.0,11400.0,11400.0,79774400,0.0,0.0
2026-07-29 00:00:00+07:00,11400.0,11400.0,11200.0,11200.0,11200.0,46995100,0.0,0.0
2026-07-30 00:00:00+07:00,11250.0,11800.0,11200.0,11750.0,11750.0,73125800,0.0,0.0
2026-07-31 00:00:00+07:00,11750.0,11800.0,11500.0,11500.0,11500.0,36640700,0.0,0.0
2026-08-03 00:00:00+07:00,11550.0,11900.0,11500.0,11900.0,11900.0,58669800,0.0,0.0
2026-08-04 00:00:00+07:00,11850.0,11950.0,11700.0,11800.0,11800.0,53016500,0.0,0.0
2026-08-05 00:00:00+07:00,11800.0,11900.0,11650.0,11800.0,11800.0,50594900,0.0,0.0
2026-08-06 00:00:00+07:00,11850.0,11850.0,11600.0,11800.0,11800.0,36443100,0.0,0.0
2026-08-07 00:00:00+07:00,11750.0,11750.0,11650.0,11700.0,11700.0,51362900,0.0,0.0
2026-08-10 00:00:00+07:00,11750.0,12100.0,11650.0,12000.0,12000.0,78433800,0.0,0.0
2026-08-11 00:00:00+07:00,12050.0,12150.0,11900.0,11900.0,11900.0,34503300,0.0,0.0
2026-08-12 00:00:00+07:00,11850.0,11950.0,11750.0,11850.0,11850.0,40962600,0.0,0.0
2026-08-13 00:00:00+07:00,11850.0,11950.0,11650.0,11800.0,11800.0,60136300,0.0,0.0
2026-08-14 00:00:00+07:00,11700.0,11750.0,11450.0,11750.0,11750.0,47476900,0.0,0.0
2026-08-17 00:00:00+07:00,11650.0,11800.0,11550.0,11650.0,11650.0,40078500,0.0,0.0
2026-08-18 00:00:00+07:00,11650.0,11700.0,11400.0,11600.0,11600.0,51274900,0.0,0.0
2026-08-19 00:00:00+07:00,11600.0,11600.0,11400.0,11500.0,11500.0,49190900,0.0,0.0
2026-08-20 00:00:00+07:00,11550.0,11600.0,11450.0,11600.0,11600.0,23431500,0.0,0.0
2026-08-21 00:00:00+07:00,11550.0,11950.0,11500.0,11900.0,11900.0,69615500,0.0,0.0
2026-08-24 00:00:00+07:00,12050.0,12200.0,11900.0,12100.0,12100.0,50586300,0.0,0.0
2026-08-25 00:00:00+07:00,12050.0,12100.0,11900.0,12050.0,12050.0,50895000,0.0,0.0
2026-08-26 00:00:00+07:00,12000.0,12100.0,11850.0,12050.0,12050.0,50182500,0.0,0.0
2026-08-27 00:00:00+07:00,12050.0,12100.0,11900.0,11900.0,11900.0,28163100,0.0,0.0
2026-08-28 00:00:00+07:00,11900.0,12250.0,11850.0,12200.0,12200.0,77694300,0.0,0.0
2026-08-31 00:00:00+07:00,12200.0,12200.0,12200.0,12200.0,12200.0,0,0.0,0.0
