Date,Open,High,Low,Close,Adj Close,Volume,Dividends,Stock Splits
2021-03-24 00:00:00+07:00,8253.6328125,8253.6328125,8253.6328125,8253.6328125,8253.6328125,1466640,0.0,0.0
2021-03-25 00:00:00+07:00,8827.0859375,8827.0859375,8827.0859375,8827.0859375,8827.0859375,357437,0.0,0.0
2021-03-26 00:00:00+07:00,9441.5009765625,9441.5009765625,9441.5009765625,9441.5009765625,9441.5009765625,263299,0.0,0.0
2021-03-29 00:00:00+07:00,10096.8759765625,10096.8759765625,9830.6298828125,10096.8759765625,10096.8759765625,974635,0.0,0.0
2021-03-30 00:00:00+07:00,10793.2119140625,10793.2119140625,10752.2509765625,10793.2119140625,10793.2119140625,462953,0.0,0.0
2021-03-31 00:00:00+07:00,11530.509765625,11530.509765625,11141.3798828125,11530.509765625,11530.509765625,1010401,0.0,0.0
2021-04-01 00:00:00+07:00,11510.029296875,11550.990234375,11100.4189453125,11550.990234375,11550.990234375,926125,0.0,0.0
2021-04-02 00:00:00+07:00,11346.185546875,11571.470703125,11346.185546875,11571.470703125,11571.470703125,730134,0.0,0.0
2021-04-05 00:00:00+07:00,11489.548828125,11530.509765625,11223.3017578125,11510.029296875,11510.029296875,381851,0.0,0.0
2021-04-06 00:00:00+07:00,11469.068359375,11469.068359375,11182.3408203125,11469.068359375,11469.068359375,459388,0.0,0.0
2021-04-07 00:00:00+07:00,11469.068359375,11469.068359375,11264.2626953125,11469.068359375,11469.068359375,294939,0.0,0.0
2021-04-08 00:00:00+07:00,11387.146484375,11387.146484375,11264.2626953125,11305.2236328125,11305.2236328125,222480,0.0,0.0
2021-04-09 00:00:00+07:00,11059.4580078125,11346.185546875,11059.4580078125,11346.185546875,11346.185546875,233368,0.0,0.0
2021-04-12 00:00:00+07:00,11182.3408203125,11346.185546875,11059.4580078125,11346.185546875,11346.185546875,206757,0.0,0.0
2021-04-13 00:00:00+07:00,11100.4189453125,11264.2626953125,11100.4189453125,11182.3408203125,11182.3408203125,105856,0.0,0.0
2021-04-14 00:00:00+07:00,11059.4580078125,11161.8603515625,10977.5361328125,10977.5361328125,10977.5361328125,141549,0.0,0.0
2021-04-15 00:00:00+07:00,10813.6923828125,11059.4580078125,10445.0439453125,11059.4580078125,11059.4580078125,344083,0.0,0.0
2021-04-16 00:00:00+07:00,11059.4580078125,11182.3408203125,10854.6533203125,11182.3408203125,11182.3408203125,140231,0.0,0.0
2021-04-19 00:00:00+07:00,11202.8212890625,11264.2626953125,11100.4189453125,11264.2626953125,11264.2626953125,216523,0.0,0.0
2021-04-20 00:00:00+07:00,11305.2236328125,11305.2236328125,11223.3017578125,11264.2626953125,11264.2626953125,357755,0.0,0.0
2021-04-21 00:00:00+07:00,11264.2626953125,11264.2626953125,11264.2626953125,11264.2626953125,11264.2626953125,0,0.0,0.0
2021-04-22 00:00:00+07:00,11182.3408203125,11264.2626953125,10977.5361328125,11264.2626953125,11264.2626953125,177974,0.0,0.0
2021-04-23 00:00:00+07:00,11264.2626953125,11264.2626953125,10690.8095703125,10690.8095703125,10690.8095703125,208466,0.0,0.0
2021-04-26 00:00:00+07:00,11059.4580078125,11141.3798828125,10793.2119140625,10977.5361328125,10977.5361328125,141109,0.0,0.0
2021-04-27 00:00:00+07:00,10281.2001953125,11018.4970703125,10281.2001953125,11018.4970703125,11018.4970703125,172188,0.0,0.0
2021-04-28 00:00:00+07:00,10977.5361328125,11038.9775390625,10649.8486328125,10977.5361328125,10977.5361328125,206660,0.0,0.0
2021-04-29 00:00:00+07:00,10690.8095703125,11038.9775390625,10690.8095703125,10998.0166015625,10998.0166015625,292937,0.0,0.0
2021-04-30 00:00:00+07:00,10998.0166015625,10998.0166015625,10998.0166015625,10998.0166015625,10998.0166015625,0,0.0,0.0
2021-05-03 00:00:00+07:00,10998.0166015625,10998.0166015625,10998.0166015625,10998.0166015625,10998.0166015625,0,0.0,0.0
2021-05-04 00:00:00+07:00,10670.3291015625,10854.6533203125,10670.3291015625,10813.6923828125,10813.6923828125,257684,0.0,0.0
2021-05-05 00:00:00+07:00,10813.6923828125,10854.6533203125,10690.8095703125,10834.1728515625,10834.1728515625,158077,0.0,0.0
2021-05-06 00:00:00+07:00,10834.1728515625,11591.951171875,10772.7314453125,11202.8212890625,11202.8212890625,263397,0.0,0.0
2021-05-07 00:00:00+07:00,11264.2626953125,11346.185546875,11059.4580078125,11264.2626953125,11264.2626953125,273919,0.0,0.0
2021-05-10 00:00:00+07:00,11264.2626953125,11469.068359375,11059.4580078125,11469.068359375,11469.068359375,399966,0.0,0.0
2021-05-11 00:00:00+07:00,11591.951171875,11591.951171875,11346.185546875,11469.068359375,11469.068359375,230072,0.0,0.0
2021-05-12 00:00:00+07:00,11469.068359375,11469.068359375,11346.185546875,11469.068359375,11469.068359375,349015,0.0,0.0
2021-05-13 00:00:00+07:00,11469.068359375,11673.873046875,11100.4189453125,11591.951171875,11591.951171875,505188,0.0,0.0
2021-05-14 00:00:00+07:00,11673.873046875,12390.689453125,11264.2626953125,12390.689453125,12390.689453125,756915,0.0,0.0
2021-05-17 00:00:00+07:00,12411.169921875,13107.505859375,12411.169921875,12882.220703125,12882.220703125,767804,0.0,0.0
2021-05-18 00:00:00+07:00,13148.466796875,13148.466796875,12861.740234375,12902.701171875,12902.701171875,755939,0.0,0.0
2021-05-19 00:00:00+07:00,12902.701171875,13087.025390625,12083.482421875,13005.103515625,13005.103515625,857060,0.0,0.0
2021-05-20 00:00:00+07:00,13087.025390625,13087.025390625,12124.443359375,13005.103515625,13005.103515625,984010,0.0,0.0
2021-05-21 00:00:00+07:00,13005.103515625,13107.505859375,12431.650390625,13107.505859375,13107.505859375,1043115,0.0,0.0
2021-05-24 00:00:00+07:00,13107.505859375,13353.271484375,12493.091796875,13353.271484375,13353.271484375,663241,0.0,0.0
2021-05-25 00:00:00+07:00,13496.6357421875,14274.8935546875,12493.091796875,14274.8935546875,14274.8935546875,909622,0.0,0.0
2021-05-26 00:00:00+07:00,14295.3740234375,15237.4755859375,13721.9208984375,15237.4755859375,15237.4755859375,664144,0.0,0.0
2021-05-27 00:00:00+07:00,15278.4365234375,15298.9169921875,14356.8154296875,15176.0341796875,15176.0341796875,507165,0.0,0.0
2021-05-28 00:00:00+07:00,15155.5537109375,15974.7734375,14541.1396484375,15974.7734375,15974.7734375,489783,0.0,0.0
2021-05-31 00:00:00+07:00,15974.7734375,16712.0703125,15565.1640625,16712.0703125,16712.0703125,447377,0.0,0.0
2021-06-01 00:00:00+07:00,16732.55078125,17162.640625,15974.7734375,16753.03125,16753.03125,423232,0.0,0.0
2021-06-02 00:00:00+07:00,16671.109375,16998.796875,15933.8125,16998.796875,16998.796875,443568,0.0,0.0
2021-06-03 00:00:00+07:00,17039.7578125,17613.2109375,15995.25390625,17613.2109375,17613.2109375,682210,0.0,0.0
2021-06-04 00:00:00+07:00,17777.0546875,18637.236328125,16425.34375,18637.236328125,18637.236328125,1085204,0.0,0.0
2021-06-07 00:00:00+07:00,18637.236328125,18637.236328125,17367.4453125,17818.015625,17818.015625,3892975,0.0,0.0
2021-06-08 00:00:00+07:00,17818.015625,17818.015625,17818.015625,17818.015625,17818.015625,0,0.0,0.0
2021-06-09 00:00:00+07:00,16589.1875,17695.1328125,16445.82421875,16466.3046875,16466.3046875,6449312,0.0,0.0
2021-06-10 00:00:00+07:00,16671.109375,17449.3671875,15360.3583984375,16916.875,16916.875,8148979,0.0,0.0
2021-06-11 00:00:00+07:00,16916.875,17572.25,16179.578125,17572.25,17572.25,6321385,0.0,0.0
2021-06-14 00:00:00+07:00,17572.25,17613.2109375,16793.9921875,17613.2109375,17613.2109375,6792077,0.0,0.0
2021-06-15 00:00:00+07:00,17572.25,17592.73046875,16425.34375,16916.875,16916.875,6022320,0.0,0.0
2021-06-16 00:00:00+07:00,16916.875,16916.875,15810.9296875,16302.4609375,16302.4609375,3636877,0.0,0.0
2021-06-17 00:00:00+07:00,16220.5390625,16302.4609375,15319.3974609375,16261.5,16261.5,4452044,0.0,0.0
2021-06-18 00:00:00+07:00,15565.1640625,16568.70703125,15155.5537109375,16527.74609375,16527.74609375,6676845,0.0,0.0
2021-06-21 00:00:00+07:00,16527.74609375,16527.74609375,15974.7734375,16384.3828125,16384.3828125,5410762,0.0,0.0
2021-06-22 00:00:00+07:00,16384.3828125,16425.34375,15933.8125,16404.86328125,16404.86328125,5834580,0.0,0.0
2021-06-23 00:00:00+07:00,16363.90234375,16363.90234375,15995.25390625,16261.5,16261.5,5053348,0.0,0.0
2021-06-24 00:00:00+07:00,16261.5,16322.94140625,15974.7734375,16281.98046875,16281.98046875,5557487,0.0,0.0
2021-06-25 00:00:00+07:00,16302.4609375,16425.34375,15974.7734375,16425.34375,16425.34375,5141481,0.0,0.0
2021-06-28 00:00:00+07:00,16015.734375,16793.9921875,15769.96875,16712.0703125,16712.0703125,5110720,0.0,0.0
2021-06-29 00:00:00+07:00,16712.0703125,16793.9921875,16671.109375,16773.51171875,16773.51171875,5125856,0.0,0.0
2021-06-30 00:00:00+07:00,16773.51171875,16937.35546875,16179.578125,16855.43359375,16855.43359375,5359493,0.0,0.0
2021-07-01 00:00:00+07:00,16855.43359375,16875.9140625,16097.65625,16732.55078125,16732.55078125,5735705,0.0,0.0
2021-07-02 00:00:00+07:00,16753.03125,17367.4453125,16363.90234375,17367.4453125,17367.4453125,8044001,0.0,0.0
2021-07-05 00:00:00+07:00,17367.4453125,17367.4453125,17367.4453125,17367.4453125,17367.4453125,0,0.0,0.0
2021-07-06 00:00:00+07:00,17367.4453125,17367.4453125,17367.4453125,17367.4453125,17367.4453125,0,0.0,0.0
2021-07-07 00:00:00+07:00,17367.4453125,17367.4453125,17367.4453125,17367.4453125,17367.4453125,0,0.0,0.0
2021-07-08 00:00:00+07:00,17367.4453125,17367.4453125,17367.4453125,17367.4453125,17367.4453125,0,0.0,0.0
2021-07-09 00:00:00+07:00,16916.875,17039.7578125,16384.3828125,16630.1484375,16630.1484375,6896323,0.0,0.0
2021-07-12 00:00:00+07:00,16630.1484375,16630.1484375,16630.1484375,16630.1484375,16630.1484375,0,0.0,0.0
2021-07-13 00:00:00+07:00,15360.3583984375,15810.9296875,14868.8271484375,15810.9296875,15810.9296875,4229149,0.0,0.0
2021-07-14 00:00:00+07:00,15810.9296875,15810.9296875,15810.9296875,15810.9296875,15810.9296875,0,0.0,0.0
2021-07-15 00:00:00+07:00,15565.1640625,16548.2265625,15360.3583984375,16507.265625,16507.265625,4211571,0.0,0.0
2021-07-16 00:00:00+07:00,16507.265625,16507.265625,16507.265625,16507.265625,16507.265625,0,0.0,0.0
2021-07-19 00:00:00+07:00,15933.8125,15933.8125,15155.5537109375,15155.5537109375,15155.5537109375,3881989,0.0,0.0
2021-07-20 00:00:00+07:00,15155.5537109375,16097.65625,14336.3349609375,15995.25390625,15995.25390625,4249168,0.0,0.0
2021-07-21 00:00:00+07:00,15995.25390625,16056.6953125,15647.0859375,15974.7734375,15974.7734375,4281882,0.0,0.0
2021-07-22 00:00:00+07:00,15933.8125,16793.9921875,15647.0859375,16793.9921875,16793.9921875,5140993,0.0,0.0
2021-07-23 00:00:00+07:00,17431.767578125,17431.767578125,16671.921875,16783.6640625,16783.6640625,3267568,0.0,1.091206
2021-07-26 00:00:00+07:00,16738.966796875,16738.966796875,15867.37890625,16269.650390625,16269.650390625,2712272,0.0,0.0
2021-07-27 00:00:00+07:00,16291.9990234375,16627.224609375,15643.89453125,16627.224609375,16627.224609375,3160178,0.0,0.0
2021-07-28 00:00:00+07:00,16537.83203125,16604.876953125,16090.86328125,16515.482421875,16515.482421875,2927052,0.0,0.0
2021-07-29 00:00:00+07:00,16493.134765625,16560.1796875,16090.86328125,16537.83203125,16537.83203125,3329765,0.0,0.0
2021-07-30 00:00:00+07:00,16515.482421875,16627.224609375,16090.86328125,16359.0439453125,16359.0439453125,5261221,0.0,0.0
2021-08-02 00:00:00+07:00,16359.0439453125,16359.0439453125,16359.0439453125,16359.0439453125,16359.0439453125,0,0.0,0.0
2021-08-03 00:00:00+07:00,16180.2568359375,16381.392578125,16001.4697265625,16381.392578125,16381.392578125,3322382,0.0,0.0
2021-08-04 00:00:00+07:00,16381.392578125,16381.392578125,16381.392578125,16381.392578125,16381.392578125,0,0.0,0.0
2021-08-05 00:00:00+07:00,16515.482421875,16783.6640625,16001.4697265625,16649.57421875,16649.57421875,7519099,0.0,0.0
2021-08-06 00:00:00+07:00,16671.921875,16738.966796875,16314.34765625,16604.876953125,16604.876953125,3242958,0.0,0.0
2021-08-09 00:00:00+07:00,16448.4375,16671.921875,16291.9990234375,16671.921875,16671.921875,3451026,0.0,0.0
2021-08-10 00:00:00+07:00,16671.921875,16671.921875,16671.921875,16671.921875,16671.921875,0,0.0,0.0
2021-08-11 00:00:00+07:00,16224.9541015625,16515.482421875,15867.37890625,16426.08984375,16426.08984375,5414923,0.0,0.0
2021-08-12 00:00:00+07:00,16403.740234375,16403.740234375,15867.37890625,16359.0439453125,16359.0439453125,4148615,0.0,0.0
2021-08-13 00:00:00+07:00,16314.34765625,16314.34765625,15867.37890625,16269.650390625,16269.650390625,5877148,0.0,0.0
2021-08-16 00:00:00+07:00,16224.9541015625,16359.0439453125,15867.37890625,16359.0439453125,16359.0439453125,6822853,0.0,0.0
2021-08-17 00:00:00+07:00,16359.0439453125,16359.0439453125,16359.0439453125,16359.0439453125,16359.0439453125,0,0.0,0.0
2021-08-18 00:00:00+07:00,16202.60546875,16403.740234375,16090.86328125,16202.60546875,16202.60546875,5260103,0.0,0.0
2021-08-19 00:00:00+07:00,16180.2568359375,16180.2568359375,15912.076171875,16046.166015625,16046.166015625,4607708,0.0,0.0
2021-08-20 00:00:00+07:00,16046.166015625,16046.166015625,15465.107421875,16001.4697265625,16001.4697265625,4059347,0.0,0.0
2021-08-23 00:00:00+07:00,16001.4697265625,16001.4697265625,16001.4697265625,16001.4697265625,16001.4697265625,0,0.0,0.0
2021-08-24 00:00:00+07:00,15733.2880859375,15912.076171875,15532.15234375,15912.076171875,15912.076171875,4848664,0.0,0.0
2021-08-25 00:00:00+07:00,15956.7724609375,16068.5146484375,15733.2880859375,15956.7724609375,15956.7724609375,6047630,0.0,0.0
2021-08-26 00:00:00+07:00,15912.076171875,15979.12109375,15666.2431640625,15800.333984375,15800.333984375,7333851,0.0,0.0
2021-08-27 00:00:00+07:00,15777.9853515625,15800.333984375,15286.3203125,15800.333984375,15800.333984375,7086854,0.0,0.0
2021-08-30 00:00:00+07:00,15822.681640625,16090.86328125,15733.2880859375,16090.86328125,16090.86328125,7619777,0.0,0.0
2021-08-31 00:00:00+07:00,16090.86328125,16135.5595703125,15934.423828125,16090.86328125,16090.86328125,6733137,0.0,0.0
2021-09-01 00:00:00+07:00,16090.86328125,16135.5595703125,15688.591796875,16046.166015625,16046.166015625,8612912,0.0,0.0
2021-09-02 00:00:00+07:00,16046.166015625,16046.166015625,16046.166015625,16046.166015625,16046.166015625,0,0.0,0.0
2021-09-03 00:00:00+07:00,16046.166015625,16046.166015625,16046.166015625,16046.166015625,16046.166015625,0,0.0,0.0
2021-09-06 00:00:00+07:00,15777.9853515625,16068.5146484375,15688.591796875,16046.166015625,16046.166015625,6810548,0.0,0.0
2021-09-07 00:00:00+07:00,15934.423828125,16090.86328125,15710.9404296875,16090.86328125,16090.86328125,8615821,0.0,0.0
2021-09-08 00:00:00+07:00,16090.86328125,16090.86328125,16090.86328125,16090.86328125,16090.86328125,0,0.0,0.0
2021-09-09 00:00:00+07:00,15889.7275390625,16090.86328125,15822.681640625,16090.86328125,16090.86328125,7999894,0.0,0.0
2021-09-10 00:00:00+07:00,16090.86328125,16113.2119140625,15934.423828125,16090.86328125,16090.86328125,6244289,0.0,0.0
2021-09-13 00:00:00+07:00,16001.4697265625,16090.86328125,15710.9404296875,15912.076171875,15912.076171875,7473011,0.0,0.0
2021-09-14 00:00:00+07:00,15912.076171875,16001.4697265625,15845.0302734375,15912.076171875,15912.076171875,4517321,0.0,0.0
2021-09-15 00:00:00+07:00,15912.076171875,15979.12109375,15845.0302734375,15979.12109375,15979.12109375,4447517,0.0,0.0
2021-09-16 00:00:00+07:00,16001.4697265625,16068.5146484375,15755.63671875,15979.12109375,15979.12109375,6841422,0.0,0.0
2021-09-17 00:00:00+07:00,15979.12109375,16068.5146484375,15912.076171875,16068.5146484375,16068.5146484375,6680785,0.0,0.0
2021-09-20 00:00:00+07:00,16046.166015625,16135.5595703125,16023.8173828125,16090.86328125,16090.86328125,4901912,0.0,0.0
2021-09-21 00:00:00+07:00,16090.86328125,16090.86328125,16090.86328125,16090.86328125,16090.86328125,0,0.0,0.0
2021-09-22 00:00:00+07:00,16090.86328125,16090.86328125,16090.86328125,16090.86328125,16090.86328125,0,0.0,0.0
2021-09-23 00:00:00+07:00,15979.12109375,16001.4697265625,15845.0302734375,16001.4697265625,16001.4697265625,4462060,0.0,0.0
2021-09-24 00:00:00+07:00,16068.5146484375,16090.86328125,16014.87890625,16090.86328125,16090.86328125,400430974,0.0,0.0
2021-09-27 00:00:00+07:00,16090.86328125,16135.5595703125,15666.2431640625,15979.12109375,15979.12109375,5609121,0.0,0.0
2021-09-28 00:00:00+07:00,15912.076171875,16023.8173828125,15845.0302734375,16023.8173828125,16023.8173828125,4573030,0.0,0.0
2021-09-29 00:00:00+07:00,16023.8173828125,16023.8173828125,15889.7275390625,16023.8173828125,16023.8173828125,4545735,0.0,0.0
2021-09-30 00:00:00+07:00,16001.4697265625,16068.5146484375,15733.2880859375,16023.8173828125,16023.8173828125,6027495,0.0,0.0
2021-10-01 00:00:00+07:00,16023.8173828125,16046.166015625,15845.0302734375,16023.8173828125,16023.8173828125,4548196,0.0,0.0
2021-10-04 00:00:00+07:00,16023.8173828125,16046.166015625,15845.0302734375,16023.8173828125,16023.8173828125,461106402,0.0,0.0
2021-10-05 00:00:00+07:00,16001.4697265625,16068.5146484375,15800.333984375,16068.5146484375,16068.5146484375,4165171,0.0,0.0
2021-10-06 00:00:00+07:00,16068.5146484375,16068.5146484375,16068.5146484375,16068.5146484375,16068.5146484375,0,0.0,0.0
2021-10-07 00:00:00+07:00,16202.60546875,16806.01171875,15956.7724609375,16806.01171875,16806.01171875,4520901,0.0,0.0
2021-10-08 00:00:00+07:00,16806.01171875,16806.01171875,16806.01171875,16806.01171875,16806.01171875,0,0.0,0.0
2021-10-11 00:00:00+07:00,16806.01171875,16806.01171875,16806.01171875,16806.01171875,16806.01171875,0,0.0,0.0
2021-10-12 00:00:00+07:00,17007.1484375,17007.1484375,16850.708984375,16984.80078125,16984.80078125,4705701,0.0,0.0
2021-10-13 00:00:00+07:00,17086.880859375,17749.529296875,16755.556640625,17536.53515625,17536.53515625,5699517,0.0,0.0
2021-10-14 00:00:00+07:00,17536.53515625,17536.53515625,17536.53515625,17536.53515625,17536.53515625,0,0.0,0.0
2021-10-15 00:00:00+07:00,17607.533203125,17725.86328125,17583.8671875,17702.197265625,17702.197265625,7538861,0.0,0.0
2021-10-18 00:00:00+07:00,17702.197265625,17702.197265625,17702.197265625,17702.197265625,17702.197265625,0,0.0,0.0
2021-10-19 00:00:00+07:00,17631.19921875,17631.19921875,17323.541015625,17607.533203125,17607.533203125,3728760,0.0,0.0
2021-10-20 00:00:00+07:00,17512.869140625,17607.533203125,17418.205078125,17607.533203125,17607.533203125,3995387,0.0,0.0
2021-10-21 00:00:00+07:00,17583.8671875,17654.865234375,17181.544921875,17512.869140625,17512.869140625,6815673,0.0,0.0
2021-10-22 00:00:00+07:00,17536.53515625,17536.53515625,17299.875,17347.20703125,17347.20703125,4565402,0.0,0.0
2021-10-25 00:00:00+07:00,17347.20703125,17347.20703125,17347.20703125,17347.20703125,17347.20703125,0,0.0,0.0
2021-10-26 00:00:00+07:00,17347.20703125,17347.20703125,17347.20703125,17347.20703125,17347.20703125,0,0.0,0.0
2021-10-27 00:00:00+07:00,17347.20703125,17347.20703125,17347.20703125,17347.20703125,17347.20703125,0,0.0,0.0
2021-10-28 00:00:00+07:00,17323.541015625,17891.525390625,17205.2109375,17891.525390625,17891.525390625,3595024,0.0,0.0
2021-10-29 00:00:00+07:00,17867.859375,17891.525390625,17418.205078125,17560.201171875,17560.201171875,4480893,0.0,0.0
2021-11-01 00:00:00+07:00,17560.201171875,17560.201171875,17560.201171875,17560.201171875,17560.201171875,0,0.0,0.0
2021-11-02 00:00:00+07:00,17512.869140625,17607.533203125,17228.876953125,17631.19921875,17631.19921875,4092784,0.0,0.0
2021-11-03 00:00:00+07:00,17607.533203125,18175.517578125,17299.875,18104.51953125,18104.51953125,4623291,0.0,0.0
2021-11-04 00:00:00+07:00,17938.857421875,18080.853515625,17583.8671875,17796.861328125,17796.861328125,4849142,0.0,0.0
2021-11-05 00:00:00+07:00,17796.861328125,17796.861328125,17276.208984375,17796.861328125,17796.861328125,6993354,0.0,0.0
2021-11-08 00:00:00+07:00,17370.873046875,17938.857421875,17370.873046875,17796.861328125,17796.861328125,4461245,0.0,0.0
2021-11-09 00:00:00+07:00,17773.1953125,17820.52734375,17441.87109375,17796.861328125,17796.861328125,4991118,0.0,0.0
2021-11-10 00:00:00+07:00,17749.529296875,17796.861328125,17441.87109375,17631.19921875,17631.19921875,4676954,0.0,0.0
2021-11-11 00:00:00+07:00,17607.533203125,17607.533203125,17370.873046875,17489.203125,17489.203125,4273634,0.0,0.0
2021-11-12 00:00:00+07:00,17536.53515625,17607.533203125,17370.873046875,17607.533203125,17607.533203125,4180674,0.0,0.0
2021-11-15 00:00:00+07:00,17631.19921875,17702.197265625,17465.537109375,17536.53515625,17536.53515625,4564768,0.0,0.0
2021-11-16 00:00:00+07:00,17560.201171875,17654.865234375,17418.205078125,17441.87109375,17441.87109375,4631319,0.0,0.0
2021-11-17 00:00:00+07:00,17465.537109375,17489.203125,17157.87890625,17441.87109375,17441.87109375,4437793,0.0,0.0
2021-11-18 00:00:00+07:00,17441.87109375,17441.87109375,17134.212890625,17205.2109375,17205.2109375,2714015,0.0,0.0
2021-11-19 00:00:00+07:00,17347.20703125,17347.20703125,17157.87890625,17276.208984375,17276.208984375,3790452,0.0,0.0
2021-11-22 00:00:00+07:00,17394.5390625,17986.189453125,16873.88671875,17489.203125,17489.203125,2683803,0.0,0.0
2021-11-23 00:00:00+07:00,17725.86328125,17725.86328125,17394.5390625,17489.203125,17489.203125,2129211,0.0,0.0
2021-11-24 00:00:00+07:00,17583.8671875,18696.171875,17323.541015625,18696.171875,18696.171875,3780734,0.0,0.0
2021-11-25 00:00:00+07:00,19287.822265625,19500.81640625,18932.83203125,19406.15234375,19406.15234375,2515418,0.0,0.0
2021-11-26 00:00:00+07:00,19169.4921875,19382.486328125,18932.83203125,19311.48828125,19311.48828125,4308283,0.0,0.0
2021-11-29 00:00:00+07:00,17986.189453125,19074.828125,17986.189453125,18814.501953125,18814.501953125,4125531,0.0,0.0
2021-11-30 00:00:00+07:00,18885.5,18932.83203125,18270.181640625,18743.50390625,18743.50390625,3336003,0.0,0.0
2021-12-01 00:00:00+07:00,18080.853515625,18790.8359375,18080.853515625,18790.8359375,18790.8359375,3779466,0.0,0.0
2021-12-02 00:00:00+07:00,18696.171875,18743.50390625,18577.83984375,18719.837890625,18719.837890625,4739069,0.0,0.0
2021-12-03 00:00:00+07:00,18719.837890625,18767.169921875,18222.849609375,18222.849609375,18222.849609375,4443286,0.0,0.0
2021-12-06 00:00:00+07:00,18033.521484375,18199.18359375,17063.21484375,17986.189453125,17986.189453125,3641293,0.0,0.0
2021-12-07 00:00:00+07:00,18222.849609375,18648.83984375,17986.189453125,18270.181640625,18270.181640625,3595024,0.0,0.0
2021-12-08 00:00:00+07:00,18317.513671875,18696.171875,17986.189453125,18696.171875,18696.171875,3598827,0.0,0.0
2021-12-09 00:00:00+07:00,18696.171875,18743.50390625,18459.509765625,18743.50390625,18743.50390625,4026022,0.0,0.0
2021-12-10 00:00:00+07:00,18790.8359375,18790.8359375,18648.83984375,18743.50390625,18743.50390625,3611081,0.0,0.0
2021-12-13 00:00:00+07:00,18790.8359375,18885.5,18222.849609375,18814.501953125,18814.501953125,4309128,0.0,0.0
2021-12-14 00:00:00+07:00,18790.8359375,18790.8359375,18601.505859375,18767.169921875,18767.169921875,3779888,0.0,0.0
2021-12-15 00:00:00+07:00,18790.8359375,18814.501953125,18530.5078125,18814.501953125,18814.501953125,4359411,0.0,0.0
2021-12-16 00:00:00+07:00,18767.169921875,18767.169921875,18506.841796875,18767.169921875,18767.169921875,3874116,0.0,0.0
2021-12-17 00:00:00+07:00,18743.50390625,18767.169921875,18293.84765625,18625.171875,18625.171875,4745196,0.0,0.0
2021-12-20 00:00:00+07:00,18672.505859375,18696.171875,18412.177734375,18577.83984375,18577.83984375,4047994,0.0,0.0
2021-12-21 00:00:00+07:00,18554.173828125,18601.505859375,18388.51171875,18601.505859375,18601.505859375,3785804,0.0,0.0
2021-12-22 00:00:00+07:00,18577.83984375,18577.83984375,18341.1796875,18483.17578125,18483.17578125,4456597,0.0,0.0
2021-12-23 00:00:00+07:00,18483.17578125,18483.17578125,17749.529296875,18293.84765625,18293.84765625,8731710,0.0,0.0
2021-12-24 00:00:00+07:00,18270.181640625,19571.814453125,18104.51953125,19524.482421875,19524.482421875,7739360,0.0,0.0
2021-12-27 00:00:00+07:00,19642.8125,20826.115234375,19548.1484375,20826.115234375,20826.115234375,7776544,0.0,0.0
2021-12-28 00:00:00+07:00,20968.111328125,21252.103515625,20352.79296875,20802.44921875,20802.44921875,5955791,0.0,0.0
2021-12-29 00:00:00+07:00,20802.44921875,21299.435546875,20116.1328125,21299.435546875,21299.435546875,5222462,0.0,0.0
2021-12-30 00:00:00+07:00,21394.099609375,21394.099609375,20826.115234375,21323.1015625,21323.1015625,4882101,0.0,0.0
2021-12-31 00:00:00+07:00,21252.103515625,21725.423828125,21204.771484375,21583.427734375,21583.427734375,4768225,0.0,0.0
2022-01-03 00:00:00+07:00,21583.427734375,21583.427734375,21583.427734375,21583.427734375,21583.427734375,0,0.0,0.0
2022-01-04 00:00:00+07:00,21654.42578125,21725.423828125,21275.76953125,21583.427734375,21583.427734375,4665123,0.0,0.0
2022-01-05 00:00:00+07:00,21512.4296875,21583.427734375,20944.4453125,21299.435546875,21299.435546875,3997077,0.0,0.0
2022-01-06 00:00:00+07:00,20849.78125,20920.779296875,20163.46484375,20802.44921875,20802.44921875,5633811,0.0,0.0
2022-01-07 00:00:00+07:00,20731.451171875,20731.451171875,19784.80859375,20092.466796875,20092.466796875,4692166,0.0,0.0
2022-01-10 00:00:00+07:00,20021.46875,20021.46875,18980.1640625,19287.822265625,19287.822265625,4702730,0.0,0.0
2022-01-11 00:00:00+07:00,18932.83203125,19145.826171875,18483.17578125,18483.17578125,18483.17578125,3258889,0.0,0.0
2022-01-12 00:00:00+07:00,18459.509765625,19406.15234375,17891.525390625,19406.15234375,19406.15234375,4731463,0.0,0.0
2022-01-13 00:00:00+07:00,19879.47265625,19974.13671875,19287.822265625,19690.14453125,19690.14453125,4846184,0.0,0.0
2022-01-14 00:00:00+07:00,19666.478515625,19737.4765625,19311.48828125,19737.4765625,19737.4765625,4646742,0.0,0.0
2022-01-17 00:00:00+07:00,20254.853515625,20254.853515625,18957.119140625,19644.154296875,19644.154296875,3143741,0.0,0.0
2022-01-18 00:00:00+07:00,19542.37109375,19771.3828125,18600.876953125,19466.03515625,19466.03515625,4562639,0.0,0.0
2022-01-19 00:00:00+07:00,19389.697265625,19567.818359375,19084.34765625,19466.03515625,19466.03515625,3728710,0.0,0.0
2022-01-20 00:00:00+07:00,19491.48046875,19974.94921875,19211.576171875,19974.94921875,19974.94921875,3713186,0.0,0.0
2022-01-21 00:00:00+07:00,19974.94921875,19974.94921875,19160.685546875,19974.94921875,19974.94921875,5539225,0.0,0.0
2022-01-24 00:00:00+07:00,19924.05859375,20025.841796875,19745.9375,19949.50390625,19949.50390625,3957628,0.0,0.0
2022-01-25 00:00:00+07:00,19924.05859375,20331.19140625,19745.9375,20331.19140625,20331.19140625,3638518,0.0,0.0
2022-01-26 00:00:00+07:00,20331.19140625,20509.3125,19644.154296875,20153.0703125,20153.0703125,5103593,0.0,0.0
2022-01-27 00:00:00+07:00,20051.287109375,20051.287109375,19491.48046875,19847.720703125,19847.720703125,3670547,0.0,0.0
2022-01-28 00:00:00+07:00,19822.275390625,20000.396484375,19389.697265625,20000.396484375,20000.396484375,4531396,0.0,0.0
2022-01-31 00:00:00+07:00,20000.396484375,20000.396484375,20000.396484375,20000.396484375,20000.396484375,0,0.0,0.0
2022-02-01 00:00:00+07:00,20000.396484375,20000.396484375,20000.396484375,20000.396484375,20000.396484375,0,0.0,0.0
2022-02-02 00:00:00+07:00,20000.396484375,20000.396484375,20000.396484375,20000.396484375,20000.396484375,0,0.0,0.0
2022-02-03 00:00:00+07:00,20000.396484375,20000.396484375,20000.396484375,20000.396484375,20000.396484375,0,0.0,0.0
2022-02-04 00:00:00+07:00,20000.396484375,20000.396484375,20000.396484375,20000.396484375,20000.396484375,0,0.0,0.0
2022-02-07 00:00:00+07:00,19974.94921875,20025.841796875,19695.046875,20000.396484375,20000.396484375,2931328,0.0,0.0
2022-02-08 00:00:00+07:00,19924.05859375,19974.94921875,19084.34765625,19440.587890625,19440.587890625,4273004,0.0,0.0
2022-02-09 00:00:00+07:00,19440.587890625,19873.166015625,19008.009765625,19542.37109375,19542.37109375,4551832,0.0,0.0
2022-02-10 00:00:00+07:00,19593.263671875,19644.154296875,19135.23828125,19644.154296875,19644.154296875,3681944,0.0,0.0
2022-02-11 00:00:00+07:00,19593.263671875,19593.263671875,19262.46875,19466.03515625,19466.03515625,3305850,0.0,0.0
2022-02-14 00:00:00+07:00,19338.8046875,19415.142578125,18626.322265625,18626.322265625,18626.322265625,4069237,0.0,0.0
2022-02-15 00:00:00+07:00,18626.322265625,18626.322265625,18626.322265625,18626.322265625,18626.322265625,0,0.0,0.0
2022-02-16 00:00:00+07:00,19033.455078125,19084.34765625,18677.21484375,18728.10546875,18728.10546875,3283842,0.0,0.0
2022-02-17 00:00:00+07:00,18855.3359375,19033.455078125,18473.6484375,18473.6484375,18473.6484375,3437502,0.0,0.0
2022-02-18 00:00:00+07:00,18473.6484375,18499.09375,17862.94921875,18422.755859375,18422.755859375,3636946,0.0,0.0
2022-02-21 00:00:00+07:00,18397.310546875,18499.09375,18193.744140625,18473.6484375,18473.6484375,3100905,0.0,0.0
2022-02-22 00:00:00+07:00,18397.310546875,18422.755859375,18066.515625,18320.97265625,18320.97265625,2975344,0.0,0.0
2022-02-23 00:00:00+07:00,18499.09375,18549.986328125,17862.94921875,18549.986328125,18549.986328125,4854239,0.0,0.0
2022-02-24 00:00:00+07:00,18524.5390625,18524.5390625,17939.287109375,18422.755859375,18422.755859375,3255351,0.0,0.0
2022-02-25 00:00:00+07:00,18371.865234375,18473.6484375,18295.52734375,18473.6484375,18473.6484375,3833639,0.0,0.0
2022-02-28 00:00:00+07:00,18473.6484375,18473.6484375,17812.056640625,18015.623046875,18015.623046875,3225483,0.0,0.0
2022-03-01 00:00:00+07:00,18091.9609375,18855.3359375,17633.9375,18778.998046875,18778.998046875,4643989,0.0,0.0
2022-03-02 00:00:00+07:00,18829.888671875,19237.021484375,18320.97265625,19237.021484375,19237.021484375,4141548,0.0,0.0
2022-03-03 00:00:00+07:00,19008.009765625,19262.46875,18626.322265625,19262.46875,19262.46875,3823421,0.0,0.0
2022-03-04 00:00:00+07:00,19160.685546875,19338.8046875,18829.888671875,19338.8046875,19338.8046875,4907686,0.0,0.0
2022-03-07 00:00:00+07:00,19338.8046875,19364.251953125,18880.78125,19237.021484375,19237.021484375,3511778,0.0,0.0
2022-03-08 00:00:00+07:00,19160.685546875,19237.021484375,18957.119140625,19186.130859375,19186.130859375,3918328,0.0,0.0
2022-03-09 00:00:00+07:00,19135.23828125,19186.130859375,18728.10546875,19084.34765625,19084.34765625,3865274,0.0,0.0
2022-03-10 00:00:00+07:00,19109.79296875,19237.021484375,18855.3359375,19084.34765625,19084.34765625,3909486,0.0,0.0
2022-03-11 00:00:00+07:00,19008.009765625,19084.34765625,18829.888671875,19084.34765625,19084.34765625,3224108,0.0,0.0
2022-03-14 00:00:00+07:00,19058.90234375,19058.90234375,18804.443359375,19033.455078125,19033.455078125,3273821,0.0,0.0
2022-03-15 00:00:00+07:00,18957.119140625,19084.34765625,18855.3359375,19084.34765625,19084.34765625,3350848,0.0,0.0
2022-03-16 00:00:00+07:00,19084.34765625,19211.576171875,18880.78125,19186.130859375,19186.130859375,3481911,0.0,0.0
2022-03-17 00:00:00+07:00,19186.130859375,19237.021484375,18880.78125,19237.021484375,19237.021484375,3482893,0.0,0.0
2022-03-18 00:00:00+07:00,19262.46875,19262.46875,19109.79296875,19262.46875,19262.46875,2997351,0.0,0.0
2022-03-21 00:00:00+07:00,19211.576171875,19313.359375,18880.78125,19262.46875,19262.46875,3560509,0.0,0.0
2022-03-22 00:00:00+07:00,19211.576171875,19542.37109375,18982.564453125,19491.48046875,19491.48046875,3783925,0.0,0.0
2022-03-23 00:00:00+07:00,19287.9140625,19491.48046875,19237.021484375,19440.587890625,19440.587890625,3277751,0.0,0.0
2022-03-24 00:00:00+07:00,19313.359375,19415.142578125,19008.009765625,19389.697265625,19389.697265625,3251028,0.0,0.0
2022-03-25 00:00:00+07:00,19364.251953125,19466.03515625,19058.90234375,19389.697265625,19389.697265625,3572299,0.0,0.0
2022-03-28 00:00:00+07:00,19364.251953125,19364.251953125,18880.78125,19160.685546875,19160.685546875,3735391,0.0,0.0
2022-03-29 00:00:00+07:00,19160.685546875,19160.685546875,18575.431640625,18575.431640625,18575.431640625,4744988,0.0,0.0
2022-03-30 00:00:00+07:00,18575.431640625,19567.818359375,18524.5390625,19364.251953125,19364.251953125,5036784,0.0,0.0
2022-03-31 00:00:00+07:00,19313.359375,19466.03515625,19109.79296875,19364.251953125,19364.251953125,5371810,0.0,0.0
2022-04-01 00:00:00+07:00,19262.46875,19593.263671875,19109.79296875,19593.263671875,19593.263671875,4946593,0.0,0.0
2022-04-04 00:00:00+07:00,19593.263671875,19644.154296875,19338.8046875,19618.708984375,19618.708984375,5153896,0.0,0.0
2022-04-05 00:00:00+07:00,19593.263671875,19593.263671875,19364.251953125,19567.818359375,19567.818359375,5045430,0.0,0.0
2022-04-06 00:00:00+07:00,19516.92578125,19567.818359375,19364.251953125,19567.818359375,19567.818359375,3856825,0.0,0.0
2022-04-07 00:00:00+07:00,19567.818359375,19567.818359375,19313.359375,19415.142578125,19415.142578125,5390084,0.0,0.0
2022-04-08 00:00:00+07:00,19338.8046875,19364.251953125,18778.998046875,19237.021484375,19237.021484375,5033837,0.0,0.0
2022-04-11 00:00:00+07:00,19237.021484375,19237.021484375,19237.021484375,19237.021484375,19237.021484375,0,0.0,0.0
2022-04-12 00:00:00+07:00,19211.576171875,19338.8046875,18626.322265625,19338.8046875,19338.8046875,4111681,0.0,0.0
2022-04-13 00:00:00+07:00,19262.46875,19364.251953125,19186.130859375,19364.251953125,19364.251953125,5164507,0.0,0.0
2022-04-14 00:00:00+07:00,19338.8046875,19516.92578125,19033.455078125,19415.142578125,19415.142578125,4925371,0.0,0.0
2022-04-15 00:00:00+07:00,19389.697265625,19389.697265625,19211.576171875,19338.8046875,19338.8046875,4386972,0.0,0.0
2022-04-18 00:00:00+07:00,19338.8046875,19338.8046875,18829.888671875,19211.576171875,19211.576171875,4664621,0.0,0.0
2022-04-19 00:00:00+07:00,19186.130859375,19237.021484375,19084.34765625,19160.685546875,19160.685546875,3081255,0.0,0.0
2022-04-20 00:00:00+07:00,19160.685546875,19287.9140625,19008.009765625,19211.576171875,19211.576171875,4187921,0.0,0.0
2022-04-21 00:00:00+07:00,19186.130859375,19338.8046875,19109.79296875,19313.359375,19313.359375,4230364,0.0,0.0
2022-04-22 00:00:00+07:00,19338.8046875,19466.03515625,19135.23828125,19211.576171875,19211.576171875,3908897,0.0,0.0
2022-04-25 00:00:00+07:00,19211.576171875,19211.576171875,18066.515625,18066.515625,18066.515625,3710632,0.0,0.0
2022-04-26 00:00:00+07:00,18117.40625,18575.431640625,17583.044921875,18549.986328125,18549.986328125,3772528,0.0,0.0
2022-04-27 00:00:00+07:00,18549.986328125,18855.3359375,18371.865234375,18855.3359375,18855.3359375,3776458,0.0,0.0
2022-04-28 00:00:00+07:00,18880.78125,19008.009765625,18728.10546875,18957.119140625,18957.119140625,4021685,0.0,0.0
2022-04-29 00:00:00+07:00,18957.119140625,18982.564453125,18422.755859375,18702.66015625,18702.66015625,4170040,0.0,0.0
2022-05-02 00:00:00+07:00,18702.66015625,18702.66015625,18702.66015625,18702.66015625,18702.66015625,0,0.0,0.0
2022-05-03 00:00:00+07:00,18702.66015625,18702.66015625,18702.66015625,18702.66015625,18702.66015625,0,0.0,0.0
2022-05-04 00:00:00+07:00,18728.10546875,18728.10546875,18295.52734375,18448.203125,18448.203125,3357136,0.0,0.0
2022-05-05 00:00:00+07:00,18473.6484375,18524.5390625,18193.744140625,18422.755859375,18422.755859375,3422962,0.0,0.0
2022-05-06 00:00:00+07:00,17837.50390625,18066.515625,17608.490234375,17964.732421875,17964.732421875,3195026,0.0,0.0
2022-05-09 00:00:00+07:00,17812.056640625,17862.94921875,17277.6953125,17557.599609375,17557.599609375,2674115,0.0,0.0
2022-05-10 00:00:00+07:00,17455.81640625,18320.97265625,17048.68359375,18320.97265625,18320.97265625,2651715,0.0,0.0
2022-05-11 00:00:00+07:00,18295.52734375,18320.97265625,17812.056640625,18320.97265625,18320.97265625,3526319,0.0,0.0
2022-05-12 00:00:00+07:00,18270.08203125,18270.08203125,17710.2734375,17812.056640625,17812.056640625,3667796,0.0,0.0
2022-05-13 00:00:00+07:00,17812.056640625,17964.732421875,17048.68359375,17633.9375,17633.9375,3251224,0.0,0.0
2022-05-16 00:00:00+07:00,17786.611328125,17786.611328125,17354.033203125,17710.2734375,17710.2734375,4330970,0.0,0.0
2022-05-17 00:00:00+07:00,17633.9375,17812.056640625,17404.923828125,17710.2734375,17710.2734375,3883352,0.0,0.0
2022-05-18 00:00:00+07:00,17761.166015625,17812.056640625,17557.599609375,17710.2734375,17710.2734375,4265930,0.0,0.0
2022-05-19 00:00:00+07:00,17633.9375,17684.828125,17328.587890625,17608.490234375,17608.490234375,3023878,0.0,0.0
2022-05-20 00:00:00+07:00,17633.9375,17786.611328125,17532.154296875,17735.720703125,17735.720703125,3942694,0.0,0.0
2022-05-23 00:00:00+07:00,17761.166015625,17812.056640625,17481.26171875,17557.599609375,17557.599609375,3674084,0.0,0.0
2022-05-24 00:00:00+07:00,17659.3828125,17659.3828125,17303.140625,17328.587890625,17328.587890625,3510010,0.0,0.0
2022-05-25 00:00:00+07:00,17404.923828125,17404.923828125,16946.900390625,17328.587890625,17328.587890625,4105786,0.0,0.0
2022-05-26 00:00:00+07:00,17354.033203125,17430.37109375,17099.57421875,17430.37109375,17430.37109375,3812221,0.0,0.0
2022-05-27 00:00:00+07:00,17404.923828125,17608.490234375,17201.357421875,17608.490234375,17608.490234375,4082010,0.0,0.0
2022-05-30 00:00:00+07:00,17506.70703125,17608.490234375,17328.587890625,17455.81640625,17455.81640625,5136801,0.0,0.0
2022-05-31 00:00:00+07:00,17328.587890625,17379.478515625,17125.021484375,17201.357421875,17201.357421875,4357104,0.0,0.0
2022-06-01 00:00:00+07:00,17201.357421875,17252.25,17048.68359375,17048.68359375,17048.68359375,3934834,0.0,0.0
2022-06-02 00:00:00+07:00,17048.68359375,17048.68359375,17048.68359375,17048.68359375,17048.68359375,0,0.0,0.0
2022-06-03 00:00:00+07:00,17201.357421875,17252.25,17074.12890625,17201.357421875,17201.357421875,3288165,0.0,0.0
2022-06-06 00:00:00+07:00,17277.6953125,17277.6953125,17048.68359375,17175.912109375,17175.912109375,3730478,0.0,0.0
2022-06-07 00:00:00+07:00,17125.021484375,17125.021484375,16616.10546875,16997.791015625,16997.791015625,3975902,0.0,0.0
2022-06-08 00:00:00+07:00,17175.912109375,17226.8046875,16997.791015625,17201.357421875,17201.357421875,4406032,0.0,0.0
2022-06-09 00:00:00+07:00,17277.6953125,17277.6953125,16056.2978515625,17023.23828125,17023.23828125,3525533,0.0,0.0
2022-06-10 00:00:00+07:00,16997.791015625,17023.23828125,16794.2265625,16845.1171875,16845.1171875,3272446,0.0,0.0
2022-06-13 00:00:00+07:00,16717.888671875,16717.888671875,16081.7431640625,16081.7431640625,16081.7431640625,3826958,0.0,0.0
2022-06-14 00:00:00+07:00,15954.5146484375,16794.2265625,15547.3818359375,16794.2265625,16794.2265625,5682471,0.0,0.0
2022-06-15 00:00:00+07:00,16743.333984375,17303.140625,16107.189453125,17303.140625,17303.140625,4965260,0.0,0.0
2022-06-16 00:00:00+07:00,17552.95703125,18251.431640625,17279.640625,18251.431640625,18251.431640625,3217814,0.0,1.2018737
2022-06-17 00:00:00+07:00,18129.95703125,18221.0625,17613.693359375,18221.0625,18221.0625,3317095,0.0,0.0
2022-06-20 00:00:00+07:00,18190.6953125,18221.0625,17613.693359375,18221.0625,18221.0625,3351835,0.0,0.0
2022-06-21 00:00:00+07:00,18190.6953125,18190.6953125,17674.431640625,18190.6953125,18190.6953125,3369122,0.0,0.0
2022-06-22 00:00:00+07:00,18190.6953125,18767.6953125,17735.16796875,18676.58984375,18676.58984375,4479156,0.0,0.0
2022-06-23 00:00:00+07:00,18676.58984375,18767.6953125,18524.748046875,18767.6953125,18767.6953125,2760760,0.0,0.0
2022-06-24 00:00:00+07:00,18767.6953125,18949.90625,18312.16796875,18949.90625,18949.90625,3403204,0.0,0.0
2022-06-27 00:00:00+07:00,18858.80078125,19101.748046875,18767.6953125,19041.01171875,19041.01171875,2107286,0.0,0.0
2022-06-28 00:00:00+07:00,19071.37890625,19344.6953125,18949.90625,19101.748046875,19101.748046875,2933802,0.0,0.0
2022-06-29 00:00:00+07:00,19041.01171875,19405.431640625,18828.431640625,19192.853515625,19192.853515625,2835838,0.0,0.0
2022-06-30 00:00:00+07:00,19253.58984375,19314.326171875,19132.115234375,19192.853515625,19192.853515625,2416983,0.0,0.0
2022-07-01 00:00:00+07:00,19253.58984375,19253.58984375,19101.748046875,19223.220703125,19223.220703125,2823984,0.0,0.0
2022-07-04 00:00:00+07:00,19283.958984375,19283.958984375,19010.642578125,19223.220703125,19223.220703125,2212329,0.0,0.0
2022-07-05 00:00:00+07:00,19283.958984375,19283.958984375,19071.37890625,19253.58984375,19253.58984375,2728490,0.0,0.0
2022-07-06 00:00:00+07:00,19223.220703125,19253.58984375,18889.16796875,19071.37890625,19071.37890625,2910422,0.0,0.0
2022-07-07 00:00:00+07:00,18889.16796875,19101.748046875,18706.95703125,19010.642578125,19010.642578125,1945440,0.0,0.0
2022-07-08 00:00:00+07:00,19041.01171875,19253.58984375,18798.0625,19253.58984375,19253.58984375,3135821,0.0,0.0
2022-07-11 00:00:00+07:00,19283.958984375,19283.958984375,19041.01171875,19253.58984375,19253.58984375,2212000,0.0,0.0
2022-07-12 00:00:00+07:00,19253.58984375,19253.58984375,19253.58984375,19253.58984375,19253.58984375,0,0.0,0.0
2022-07-13 00:00:00+07:00,19435.80078125,19435.80078125,19192.853515625,19223.220703125,19223.220703125,3069798,0.0,0.0
2022-07-14 00:00:00+07:00,19162.484375,19192.853515625,18980.2734375,19132.115234375,19132.115234375,2026116,0.0,0.0
2022-07-15 00:00:00+07:00,19162.484375,19283.958984375,19071.37890625,19101.748046875,19101.748046875,2640076,0.0,0.0
2022-07-18 00:00:00+07:00,19132.115234375,19314.326171875,18980.2734375,19314.326171875,19314.326171875,2654071,0.0,0.0
2022-07-19 00:00:00+07:00,19314.326171875,19344.6953125,19132.115234375,19344.6953125,19344.6953125,2179565,0.0,0.0
2022-07-20 00:00:00+07:00,19314.326171875,19435.80078125,19283.958984375,19435.80078125,19435.80078125,2944010,0.0,0.0
2022-07-21 00:00:00+07:00,19405.431640625,19435.80078125,19253.58984375,19435.80078125,19435.80078125,2558906,0.0,0.0
2022-07-22 00:00:00+07:00,19405.431640625,19496.537109375,19253.58984375,19405.431640625,19405.431640625,2733759,0.0,0.0
2022-07-25 00:00:00+07:00,19344.6953125,19375.064453125,19162.484375,19223.220703125,19223.220703125,2513135,0.0,0.0
2022-07-26 00:00:00+07:00,19132.115234375,19283.958984375,19041.01171875,19283.958984375,19283.958984375,2261229,0.0,0.0
2022-07-27 00:00:00+07:00,19253.58984375,19283.958984375,19162.484375,19283.958984375,19283.958984375,2848022,0.0,0.0
2022-07-28 00:00:00+07:00,18585.484375,19314.326171875,18281.80078125,19314.326171875,19314.326171875,3557640,0.0,0.0
2022-07-29 00:00:00+07:00,19314.326171875,19344.6953125,19101.748046875,19344.6953125,19344.6953125,2494695,0.0,0.0
2022-08-01 00:00:00+07:00,19283.958984375,19405.431640625,19132.115234375,19405.431640625,19405.431640625,3224729,0.0,0.0
2022-08-02 00:00:00+07:00,19283.958984375,19344.6953125,19101.748046875,19344.6953125,19344.6953125,3092355,0.0,0.0
2022-08-03 00:00:00+07:00,19253.58984375,19314.326171875,19132.115234375,19314.326171875,19314.326171875,2735570,0.0,0.0
2022-08-04 00:00:00+07:00,19283.958984375,19314.326171875,19162.484375,19283.958984375,19283.958984375,3287953,0.0,0.0
2022-08-05 00:00:00+07:00,19253.58984375,19283.958984375,19101.748046875,19162.484375,19162.484375,2979079,0.0,0.0
2022-08-08 00:00:00+07:00,19192.853515625,19223.220703125,19101.748046875,19101.748046875,19101.748046875,3050041,0.0,0.0
2022-08-09 00:00:00+07:00,19101.748046875,19132.115234375,18889.16796875,18980.2734375,18980.2734375,3211722,0.0,0.0
2022-08-10 00:00:00+07:00,18980.2734375,18980.2734375,18767.6953125,18889.16796875,18889.16796875,3027979,0.0,0.0
2022-08-11 00:00:00+07:00,18980.2734375,19132.115234375,18798.0625,19132.115234375,19132.115234375,3461653,0.0,0.0
2022-08-12 00:00:00+07:00,19041.01171875,19101.748046875,18919.537109375,19041.01171875,19041.01171875,2919972,0.0,0.0
2022-08-15 00:00:00+07:00,19132.115234375,19132.115234375,18980.2734375,19132.115234375,19132.115234375,2815423,0.0,0.0
2022-08-16 00:00:00+07:00,19101.748046875,19101.748046875,18949.90625,19101.748046875,19101.748046875,2763230,0.0,0.0
2022-08-17 00:00:00+07:00,19041.01171875,19132.115234375,19010.642578125,19132.115234375,19132.115234375,3044608,0.0,0.0
2022-08-18 00:00:00+07:00,19132.115234375,19132.115234375,18949.90625,19041.01171875,19041.01171875,3406991,0.0,0.0
2022-08-19 00:00:00+07:00,19041.01171875,19041.01171875,18919.537109375,18980.2734375,18980.2734375,2765700,0.0,0.0
2022-08-22 00:00:00+07:00,19010.642578125,19739.484375,18919.537109375,19739.484375,19739.484375,3306887,0.0,0.0
2022-08-23 00:00:00+07:00,19739.484375,19739.484375,19496.537109375,19739.484375,19739.484375,3053169,0.0,0.0
2022-08-24 00:00:00+07:00,19739.484375,19739.484375,19648.37890625,19678.748046875,19678.748046875,2857078,0.0,0.0
2022-08-25 00:00:00+07:00,19618.01171875,19678.748046875,19314.326171875,19678.748046875,19678.748046875,2387676,0.0,0.0
2022-08-26 00:00:00+07:00,19648.37890625,19678.748046875,19435.80078125,19678.748046875,19678.748046875,2920795,0.0,0.0
2022-08-29 00:00:00+07:00,19557.2734375,19557.2734375,19253.58984375,19557.2734375,19557.2734375,2541619,0.0,0.0
2022-08-30 00:00:00+07:00,19526.90625,19618.01171875,19132.115234375,19618.01171875,19618.01171875,1807303,0.0,0.0
2022-08-31 00:00:00+07:00,19132.115234375,19587.642578125,18828.431640625,19587.642578125,19587.642578125,3534261,0.0,0.0
2022-09-01 00:00:00+07:00,19587.642578125,19587.642578125,19587.642578125,19587.642578125,19587.642578125,0,0.0,0.0
2022-09-02 00:00:00+07:00,19587.642578125,19587.642578125,19587.642578125,19587.642578125,19587.642578125,0,0.0,0.0
2022-09-05 00:00:00+07:00,19496.537109375,19496.537109375,19132.115234375,19435.80078125,19435.80078125,1907572,0.0,0.0
2022-09-06 00:00:00+07:00,19405.431640625,19466.169921875,19314.326171875,19435.80078125,19435.80078125,2540631,0.0,0.0
2022-09-07 00:00:00+07:00,19405.431640625,19435.80078125,19192.853515625,19435.80078125,19435.80078125,2653248,0.0,0.0
2022-09-08 00:00:00+07:00,19435.80078125,19435.80078125,19223.220703125,19405.431640625,19405.431640625,2096749,0.0,0.0
2022-09-09 00:00:00+07:00,19405.431640625,19405.431640625,19223.220703125,19375.064453125,19375.064453125,2336965,0.0,0.0
2022-09-12 00:00:00+07:00,19375.064453125,19375.064453125,19132.115234375,19132.115234375,19132.115234375,2083577,0.0,0.0
2022-09-13 00:00:00+07:00,19162.484375,19162.484375,18949.90625,19132.115234375,19132.115234375,2126055,0.0,0.0
2022-09-14 00:00:00+07:00,19101.748046875,19101.748046875,18889.16796875,19071.37890625,19071.37890625,2217269,0.0,0.0
2022-09-15 00:00:00+07:00,19071.37890625,19132.115234375,18919.537109375,19101.748046875,19101.748046875,2387017,0.0,0.0
2022-09-16 00:00:00+07:00,19071.37890625,19132.115234375,18980.2734375,19132.115234375,19132.115234375,2288066,0.0,0.0
2022-09-19 00:00:00+07:00,19132.115234375,19132.115234375,18949.90625,19071.37890625,19071.37890625,2377632,0.0,0.0
2022-09-20 00:00:00+07:00,18889.16796875,19162.484375,18889.16796875,19132.115234375,19132.115234375,1942312,0.0,0.0
2022-09-21 00:00:00+07:00,19132.115234375,19132.115234375,19041.01171875,19071.37890625,19071.37890625,1843690,0.0,0.0
2022-09-22 00:00:00+07:00,19071.37890625,19071.37890625,18798.0625,19010.642578125,19010.642578125,2147953,0.0,0.0
2022-09-23 00:00:00+07:00,18858.80078125,18949.90625,18737.326171875,18889.16796875,18889.16796875,1836775,0.0,0.0
2022-09-26 00:00:00+07:00,18281.80078125,18828.431640625,18281.80078125,18524.748046875,18524.748046875,1771411,0.0,0.0
2022-09-27 00:00:00+07:00,18372.904296875,18555.115234375,18372.904296875,18555.115234375,18555.115234375,2167217,0.0,0.0
2022-09-28 00:00:00+07:00,18585.484375,18585.484375,18342.537109375,18555.115234375,18555.115234375,2140380,0.0,0.0
2022-09-29 00:00:00+07:00,18555.115234375,18615.853515625,18464.009765625,18555.115234375,18555.115234375,1910042,0.0,0.0
2022-09-30 00:00:00+07:00,18494.37890625,18585.484375,18372.904296875,18585.484375,18585.484375,1896706,0.0,0.0
2022-10-03 00:00:00+07:00,18585.484375,18585.484375,18038.8515625,18038.8515625,18038.8515625,1848794,0.0,0.0
2022-10-04 00:00:00+07:00,18555.115234375,18555.115234375,17917.37890625,17917.37890625,17917.37890625,1905102,0.0,0.0
2022-10-05 00:00:00+07:00,17917.37890625,18221.0625,17917.37890625,18221.0625,18221.0625,1912182,0.0,0.0
2022-10-06 00:00:00+07:00,18251.431640625,18342.537109375,17856.642578125,18099.58984375,18099.58984375,1818499,0.0,0.0
2022-10-07 00:00:00+07:00,18099.58984375,18129.95703125,17552.95703125,17826.2734375,17826.2734375,1732884,0.0,0.0
2022-10-10 00:00:00+07:00,17826.2734375,17856.642578125,17552.95703125,17644.0625,17644.0625,1521974,0.0,0.0
2022-10-11 00:00:00+07:00,17583.326171875,17644.0625,16884.8515625,16945.587890625,16945.587890625,1280605,0.0,0.0
2022-10-12 00:00:00+07:00,16945.587890625,18129.95703125,16884.8515625,18008.484375,18008.484375,2266991,0.0,0.0
2022-10-13 00:00:00+07:00,18190.6953125,18190.6953125,17735.16796875,17978.115234375,17978.115234375,1830848,0.0,0.0
2022-10-14 00:00:00+07:00,18160.326171875,18160.326171875,17826.2734375,18008.484375,18008.484375,1889790,0.0,0.0
2022-10-17 00:00:00+07:00,18129.95703125,18129.95703125,17583.326171875,17917.37890625,17917.37890625,1887650,0.0,0.0
2022-10-18 00:00:00+07:00,18069.220703125,18099.58984375,17765.537109375,17917.37890625,17917.37890625,1816030,0.0,0.0
2022-10-19 00:00:00+07:00,17917.37890625,18008.484375,17765.537109375,17917.37890625,17917.37890625,1623725,0.0,0.0
2022-10-20 00:00:00+07:00,17917.37890625,17917.37890625,17765.537109375,17917.37890625,17917.37890625,1589808,0.0,0.0
2022-10-21 00:00:00+07:00,17795.904296875,17917.37890625,17188.53515625,17492.220703125,17492.220703125,1695839,0.0,0.0
2022-10-24 00:00:00+07:00,17644.0625,17644.0625,16915.220703125,17310.009765625,17310.009765625,1408699,0.0,0.0
2022-10-25 00:00:00+07:00,17522.58984375,17613.693359375,17067.0625,17613.693359375,17613.693359375,1643317,0.0,0.0
2022-10-26 00:00:00+07:00,17644.0625,17887.009765625,17492.220703125,17613.693359375,17613.693359375,1239444,0.0,0.0
2022-10-27 00:00:00+07:00,17522.58984375,18828.431640625,17097.431640625,18828.431640625,18828.431640625,2076991,0.0,0.0
2022-10-28 00:00:00+07:00,18828.431640625,18828.431640625,18433.642578125,18798.0625,18798.0625,2025787,0.0,0.0
2022-10-31 00:00:00+07:00,18828.431640625,18828.431640625,18615.853515625,18798.0625,18798.0625,1612200,0.0,0.0
2022-11-01 00:00:00+07:00,18737.326171875,18828.431640625,18706.95703125,18828.431640625,18828.431640625,1724323,0.0,0.0
2022-11-02 00:00:00+07:00,18798.0625,18828.431640625,18615.853515625,18798.0625,18798.0625,1654843,0.0,0.0
2022-11-03 00:00:00+07:00,18767.6953125,18798.0625,18494.37890625,18494.37890625,18494.37890625,1699132,0.0,0.0
2022-11-04 00:00:00+07:00,18494.37890625,18555.115234375,18372.904296875,18403.2734375,18403.2734375,1716420,0.0,0.0
2022-11-07 00:00:00+07:00,18433.642578125,18494.37890625,18221.0625,18221.0625,18221.0625,1791662,0.0,0.0
2022-11-08 00:00:00+07:00,18221.0625,18767.6953125,18038.8515625,18281.80078125,18281.80078125,1717901,0.0,0.0
2022-11-09 00:00:00+07:00,18342.537109375,18585.484375,18221.0625,18281.80078125,18281.80078125,1654678,0.0,0.0
2022-11-10 00:00:00+07:00,18281.80078125,18281.80078125,17674.431640625,17674.431640625,17674.431640625,1955154,0.0,0.0
2022-11-11 00:00:00+07:00,17704.798828125,18251.431640625,17704.798828125,18251.431640625,18251.431640625,1986766,0.0,0.0
2022-11-14 00:00:00+07:00,18221.0625,18221.0625,17704.798828125,18069.220703125,18069.220703125,1852087,0.0,0.0
2022-11-15 00:00:00+07:00,17978.115234375,18099.58984375,17431.484375,17795.904296875,17795.904296875,1567416,0.0,0.0
2022-11-16 00:00:00+07:00,17795.904296875,18251.431640625,17431.484375,18099.58984375,18099.58984375,2076004,0.0,0.0
2022-11-17 00:00:00+07:00,18160.326171875,18342.537109375,18099.58984375,18342.537109375,18342.537109375,1873161,0.0,0.0
2022-11-18 00:00:00+07:00,18342.537109375,18372.904296875,18069.220703125,18221.0625,18221.0625,1656324,0.0,0.0
2022-11-21 00:00:00+07:00,18221.0625,18312.16796875,18008.484375,18099.58984375,18099.58984375,1448049,0.0,0.0
2022-11-22 00:00:00+07:00,18129.95703125,18251.431640625,16854.482421875,18099.58984375,18099.58984375,2089998,0.0,0.0
2022-11-23 00:00:00+07:00,18099.58984375,18160.326171875,18008.484375,18008.484375,18008.484375,1560007,0.0,0.0
2022-11-24 00:00:00+07:00,18008.484375,18038.8515625,17887.009765625,17947.74609375,17947.74609375,1548647,0.0,0.0
2022-11-25 00:00:00+07:00,17947.74609375,18099.58984375,17947.74609375,18099.58984375,18099.58984375,1774704,0.0,0.0
2022-11-28 00:00:00+07:00,18129.95703125,18251.431640625,18099.58984375,18251.431640625,18251.431640625,2296298,0.0,0.0
2022-11-29 00:00:00+07:00,18281.80078125,18312.16796875,18069.220703125,18281.80078125,18281.80078125,1797919,0.0,0.0
2022-11-30 00:00:00+07:00,18281.80078125,18312.16796875,18129.95703125,18312.16796875,18312.16796875,2042910,0.0,0.0
2022-12-01 00:00:00+07:00,18312.16796875,18403.2734375,18251.431640625,18403.2734375,18403.2734375,1948898,0.0,0.0
2022-12-02 00:00:00+07:00,18403.2734375,18494.37890625,18312.16796875,18494.37890625,18494.37890625,2378785,0.0,0.0
2022-12-05 00:00:00+07:00,18524.748046875,18646.220703125,18494.37890625,18646.220703125,18646.220703125,2354582,0.0,0.0
2022-12-06 00:00:00+07:00,18676.58984375,18676.58984375,18464.009765625,18555.115234375,18555.115234375,2333672,0.0,0.0
2022-12-07 00:00:00+07:00,18555.115234375,18585.484375,18464.009765625,18585.484375,18585.484375,1797754,0.0,0.0
2022-12-08 00:00:00+07:00,18585.484375,18828.431640625,18585.484375,18737.326171875,18737.326171875,2101194,0.0,0.0
2022-12-09 00:00:00+07:00,18737.326171875,18767.6953125,18494.37890625,18676.58984375,18676.58984375,2008499,0.0,0.0
2022-12-12 00:00:00+07:00,18676.58984375,18767.6953125,18524.748046875,18706.95703125,18706.95703125,2012780,0.0,0.0
2022-12-13 00:00:00+07:00,18706.95703125,18828.431640625,18615.853515625,18828.431640625,18828.431640625,1988907,0.0,0.0
2022-12-14 00:00:00+07:00,18828.431640625,18889.16796875,18737.326171875,18828.431640625,18828.431640625,1950215,0.0,0.0
2022-12-15 00:00:00+07:00,18828.431640625,18949.90625,18767.6953125,18889.16796875,18889.16796875,1995657,0.0,0.0
2022-12-16 00:00:00+07:00,18889.16796875,18949.90625,18767.6953125,18949.90625,18949.90625,1971948,0.0,0.0
2022-12-19 00:00:00+07:00,18949.90625,19071.37890625,18858.80078125,19010.642578125,19010.642578125,2022000,0.0,0.0
2022-12-20 00:00:00+07:00,19010.642578125,19041.01171875,18706.95703125,19010.642578125,19010.642578125,2208707,0.0,0.0
2022-12-21 00:00:00+07:00,19010.642578125,19071.37890625,18919.537109375,19071.37890625,19071.37890625,1807468,0.0,0.0
2022-12-22 00:00:00+07:00,19101.748046875,19253.58984375,19041.01171875,19253.58984375,19253.58984375,2028257,0.0,0.0
2022-12-23 00:00:00+07:00,19253.58984375,19314.326171875,19132.115234375,19283.958984375,19283.958984375,1262988,0.0,0.0
2022-12-26 00:00:00+07:00,19283.958984375,19344.6953125,19071.37890625,19223.220703125,19223.220703125,1444591,0.0,0.0
2022-12-27 00:00:00+07:00,19223.220703125,19435.80078125,19162.484375,19435.80078125,19435.80078125,1602156,0.0,0.0
2022-12-28 00:00:00+07:00,19435.80078125,19618.01171875,19253.58984375,19618.01171875,19618.01171875,1716420,0.0,0.0
2022-12-29 00:00:00+07:00,19618.01171875,19739.484375,19526.90625,19709.1171875,19709.1171875,1569557,0.0,0.0
2022-12-30 00:00:00+07:00,19739.484375,19982.431640625,19709.1171875,19982.431640625,19982.431640625,2142849,0.0,0.0
2023-01-02 00:00:00+07:00,19982.431640625,19982.431640625,19982.431640625,19982.431640625,19982.431640625,0,0.0,0.0
2023-01-03 00:00:00+07:00,20012.80078125,20316.484375,19982.431640625,20225.380859375,20225.380859375,1664886,0.0,0.0
2023-01-04 00:00:00+07:00,20255.748046875,20377.22265625,20164.642578125,20346.853515625,20346.853515625,1835128,0.0,0.0
2023-01-05 00:00:00+07:00,20377.22265625,20498.6953125,20286.1171875,20437.958984375,20437.958984375,1506498,0.0,0.0
2023-01-06 00:00:00+07:00,20437.958984375,20559.43359375,20346.853515625,20498.6953125,20498.6953125,1815042,0.0,0.0
2023-01-09 00:00:00+07:00,20529.064453125,20620.169921875,20437.958984375,20498.6953125,20498.6953125,1658135,0.0,0.0
2023-01-10 00:00:00+07:00,20498.6953125,20559.43359375,20346.853515625,20468.328125,20468.328125,1604461,0.0,0.0
2023-01-11 00:00:00+07:00,20468.328125,20589.80078125,20407.58984375,20529.064453125,20529.064453125,1859002,0.0,0.0
2023-01-12 00:00:00+07:00,20498.6953125,20498.6953125,20377.22265625,20498.6953125,20498.6953125,1560337,0.0,0.0
2023-01-13 00:00:00+07:00,20498.6953125,20589.80078125,20407.58984375,20498.6953125,20498.6953125,1747208,0.0,0.0
2023-01-16 00:00:00+07:00,20529.064453125,20559.43359375,20377.22265625,20559.43359375,20559.43359375,1662910,0.0,0.0
2023-01-17 00:00:00+07:00,20589.80078125,20650.537109375,20529.064453125,20559.43359375,20559.43359375,1716255,0.0,0.0
2023-01-18 00:00:00+07:00,20559.43359375,20650.537109375,20498.6953125,20589.80078125,20589.80078125,1839409,0.0,0.0
2023-01-19 00:00:00+07:00,20589.80078125,20650.537109375,20498.6953125,20620.169921875,20620.169921875,1767789,0.0,0.0
2023-01-20 00:00:00+07:00,20620.169921875,20620.169921875,20620.169921875,20620.169921875,20620.169921875,0,0.0,0.0
2023-01-23 00:00:00+07:00,20620.169921875,20620.169921875,20620.169921875,20620.169921875,20620.169921875,0,0.0,0.0
2023-01-24 00:00:00+07:00,20620.169921875,20620.169921875,20620.169921875,20620.169921875,20620.169921875,0,0.0,0.0
2023-01-25 00:00:00+07:00,20620.169921875,20620.169921875,20620.169921875,20620.169921875,20620.169921875,0,0.0,0.0
2023-01-26 00:00:00+07:00,20620.169921875,20620.169921875,20620.169921875,20620.169921875,20620.169921875,0,0.0,0.0
2023-01-27 00:00:00+07:00,20650.537109375,20802.380859375,20620.169921875,20680.90625,20680.90625,1809773,0.0,0.0
2023-01-30 00:00:00+07:00,20680.90625,20711.275390625,20498.6953125,20559.43359375,20559.43359375,1846654,0.0,0.0
2023-01-31 00:00:00+07:00,20559.43359375,20559.43359375,20407.58984375,20529.064453125,20529.064453125,2027269,0.0,0.0
2023-02-01 00:00:00+07:00,20559.43359375,20620.169921875,20377.22265625,20377.22265625,20377.22265625,1699132,0.0,0.0
2023-02-02 00:00:00+07:00,20377.22265625,20437.958984375,20255.748046875,20316.484375,20316.484375,1650562,0.0,0.0
2023-02-03 00:00:00+07:00,20255.748046875,20316.484375,19314.326171875,19314.326171875,19314.326171875,1975735,0.0,0.0
2023-02-06 00:00:00+07:00,19375.064453125,19375.064453125,19192.853515625,19344.6953125,19344.6953125,1654678,0.0,0.0
2023-02-07 00:00:00+07:00,19344.6953125,19435.80078125,19192.853515625,19405.431640625,19405.431640625,1702096,0.0,0.0
2023-02-08 00:00:00+07:00,19405.431640625,19587.642578125,19344.6953125,19435.80078125,19435.80078125,1687278,0.0,0.0
2023-02-09 00:00:00+07:00,19435.80078125,19557.2734375,19405.431640625,19435.80078125,19435.80078125,1647763,0.0,0.0
2023-02-10 00:00:00+07:00,19466.169921875,19496.537109375,19344.6953125,19405.431640625,19405.431640625,1533335,0.0,0.0
2023-02-13 00:00:00+07:00,19405.431640625,19435.80078125,19253.58984375,19283.958984375,19283.958984375,1497113,0.0,0.0
2023-02-14 00:00:00+07:00,19253.58984375,19375.064453125,19192.853515625,19253.58984375,19253.58984375,1483941,0.0,0.0
2023-02-15 00:00:00+07:00,19253.58984375,19405.431640625,19253.58984375,19344.6953125,19344.6953125,1594418,0.0,0.0
2023-02-16 00:00:00+07:00,19375.064453125,19435.80078125,19314.326171875,19405.431640625,19405.431640625,1511931,0.0,0.0
2023-02-17 00:00:00+07:00,19405.431640625,19466.169921875,19314.326171875,19405.431640625,19405.431640625,1471758,0.0,0.0
2023-02-20 00:00:00+07:00,19405.431640625,19618.01171875,19405.431640625,19618.01171875,19618.01171875,1544860,0.0,0.0
2023-02-21 00:00:00+07:00,19618.01171875,19678.748046875,19526.90625,19587.642578125,19587.642578125,1676082,0.0,0.0
2023-02-22 00:00:00+07:00,19557.2734375,19587.642578125,19375.064453125,19375.064453125,19375.064453125,1588655,0.0,0.0
2023-02-23 00:00:00+07:00,19375.064453125,19405.431640625,19101.748046875,19314.326171875,19314.326171875,1802364,0.0,0.0
2023-02-24 00:00:00+07:00,19344.6953125,19375.064453125,18949.90625,19192.853515625,19192.853515625,1602156,0.0,0.0
2023-02-27 00:00:00+07:00,19192.853515625,19223.220703125,18949.90625,19132.115234375,19132.115234375,1460233,0.0,0.0
2023-02-28 00:00:00+07:00,19162.484375,19283.958984375,19132.115234375,19283.958984375,19283.958984375,1444097,0.0,0.0
2023-03-01 00:00:00+07:00,19283.958984375,19496.537109375,19162.484375,19466.169921875,19466.169921875,1482624,0.0,0.0
2023-03-02 00:00:00+07:00,19466.169921875,19526.90625,19344.6953125,19435.80078125,19435.80078125,1511931,0.0,0.0
2023-03-03 00:00:00+07:00,19435.80078125,19526.90625,19192.853515625,19405.431640625,19405.431640625,1431255,0.0,0.0
2023-03-06 00:00:00+07:00,19435.80078125,19648.37890625,19435.80078125,19526.90625,19526.90625,1538933,0.0,0.0
2023-03-07 00:00:00+07:00,19526.90625,19739.484375,19526.90625,19678.748046875,19678.748046875,1530371,0.0,0.0
2023-03-08 00:00:00+07:00,19618.01171875,19739.484375,19466.169921875,19739.484375,19739.484375,1443439,0.0,0.0
2023-03-09 00:00:00+07:00,19769.853515625,19830.58984375,19557.2734375,19800.22265625,19800.22265625,1668837,0.0,0.0
2023-03-10 00:00:00+07:00,19800.22265625,19800.22265625,19496.537109375,19678.748046875,19678.748046875,1630146,0.0,0.0
2023-03-13 00:00:00+07:00,19587.642578125,19678.748046875,19496.537109375,19678.748046875,19678.748046875,1557373,0.0,0.0
2023-03-14 00:00:00+07:00,19678.748046875,19678.748046875,19344.6953125,19618.01171875,19618.01171875,1598863,0.0,0.0
2023-03-15 00:00:00+07:00,19648.37890625,19769.853515625,19648.37890625,19769.853515625,19769.853515625,1490527,0.0,0.0
2023-03-16 00:00:00+07:00,19739.484375,19769.853515625,19435.80078125,19557.2734375,19557.2734375,1509297,0.0,0.0
2023-03-17 00:00:00+07:00,19618.01171875,19678.748046875,19466.169921875,19587.642578125,19587.642578125,1468136,0.0,0.0
2023-03-20 00:00:00+07:00,19587.642578125,19587.642578125,19132.115234375,19496.537109375,19496.537109375,1569721,0.0,0.0
2023-03-21 00:00:00+07:00,19526.90625,19587.642578125,19071.37890625,19526.90625,19526.90625,1617139,0.0,0.0
2023-03-22 00:00:00+07:00,19557.2734375,19587.642578125,19192.853515625,19526.90625,19526.90625,1517529,0.0,0.0
2023-03-23 00:00:00+07:00,19496.537109375,19526.90625,19162.484375,19526.90625,19526.90625,1566922,0.0,0.0
2023-03-24 00:00:00+07:00,19526.90625,19557.2734375,19162.484375,19253.58984375,19253.58984375,1350250,0.0,0.0
2023-03-27 00:00:00+07:00,19283.958984375,19283.958984375,19071.37890625,19253.58984375,19253.58984375,1344817,0.0,0.0
2023-03-28 00:00:00+07:00,19253.58984375,19253.58984375,19041.01171875,19132.115234375,19132.115234375,1242079,0.0,0.0
2023-03-29 00:00:00+07:00,19132.115234375,19162.484375,18949.90625,19071.37890625,19071.37890625,1245536,0.0,0.0
2023-03-30 00:00:00+07:00,19071.37890625,19101.748046875,18919.537109375,19101.748046875,19101.748046875,1435536,0.0,0.0
2023-03-31 00:00:00+07:00,19101.748046875,19132.115234375,18919.537109375,19101.748046875,19101.748046875,1424340,0.0,0.0
2023-04-03 00:00:00+07:00,19101.748046875,19192.853515625,18980.2734375,19192.853515625,19192.853515625,1469782,0.0,0.0
2023-04-04 00:00:00+07:00,19192.853515625,19223.220703125,19010.642578125,19132.115234375,19132.115234375,1348768,0.0,0.0
2023-04-05 00:00:00+07:00,19101.748046875,19162.484375,18949.90625,19162.484375,19162.484375,1530371,0.0,0.0
2023-04-06 00:00:00+07:00,19162.484375,19162.484375,18949.90625,19041.01171875,19041.01171875,1674929,0.0,0.0
2023-04-07 00:00:00+07:00,19041.01171875,19041.01171875,18889.16796875,19010.642578125,19010.642578125,1368690,0.0,0.0
2023-04-10 00:00:00+07:00,19010.642578125,19071.37890625,18919.537109375,19010.642578125,19010.642578125,1296576,0.0,0.0
2023-04-11 00:00:00+07:00,18919.537109375,19041.01171875,18858.80078125,19041.01171875,19041.01171875,1359305,0.0,0.0
2023-04-12 00:00:00+07:00,19041.01171875,19041.01171875,18889.16796875,19041.01171875,19041.01171875,1419895,0.0,0.0
2023-04-13 00:00:00+07:00,19041.01171875,19041.01171875,18889.16796875,19041.01171875,19041.01171875,1375605,0.0,0.0
2023-04-14 00:00:00+07:00,19010.642578125,19041.01171875,18889.16796875,19010.642578125,19010.642578125,1327200,0.0,0.0
2023-04-17 00:00:00+07:00,18980.2734375,19041.01171875,18919.537109375,19041.01171875,19041.01171875,1196143,0.0,0.0
2023-04-18 00:00:00+07:00,19041.01171875,19041.01171875,18889.16796875,18980.2734375,18980.2734375,1371983,0.0,0.0
2023-04-19 00:00:00+07:00,18980.2734375,19010.642578125,18889.16796875,18919.537109375,18919.537109375,1228413,0.0,0.0
2023-04-20 00:00:00+07:00,18949.90625,18949.90625,18828.431640625,18949.90625,18949.90625,1177867,0.0,0.0
2023-04-21 00:00:00+07:00,18949.90625,18980.2734375,18828.431640625,18889.16796875,18889.16796875,1278136,0.0,0.0
2023-04-24 00:00:00+07:00,18889.16796875,18919.537109375,18737.326171875,18889.16796875,18889.16796875,1256403,0.0,0.0
2023-04-25 00:00:00+07:00,18889.16796875,18889.16796875,18706.95703125,18737.326171875,18737.326171875,1039895,0.0,0.0
2023-04-26 00:00:00+07:00,18737.326171875,18737.326171875,18433.642578125,18464.009765625,18464.009765625,954280,0.0,0.0
2023-04-27 00:00:00+07:00,18494.37890625,18585.484375,18372.904296875,18585.484375,18585.484375,1391247,0.0,0.0
2023-04-28 00:00:00+07:00,18585.484375,19405.431640625,18585.484375,19405.431640625,19405.431640625,1557208,0.0,0.0
2023-05-01 00:00:00+07:00,19405.431640625,19405.431640625,19405.431640625,19405.431640625,19405.431640625,0,0.0,0.0
2023-05-02 00:00:00+07:00,19405.431640625,19405.431640625,19405.431640625,19405.431640625,19405.431640625,0,0.0,0.0
2023-05-03 00:00:00+07:00,19405.431640625,19405.431640625,19405.431640625,19405.431640625,19405.431640625,0,0.0,0.0
2023-05-04 00:00:00+07:00,19375.064453125,19375.064453125,19041.01171875,19101.748046875,19101.748046875,1026065,0.0,0.0
2023-05-05 00:00:00+07:00,19101.748046875,19132.115234375,18980.2734375,19101.748046875,19101.748046875,885952,0.0,0.0
2023-05-08 00:00:00+07:00,19132.115234375,19223.220703125,19101.748046875,19162.484375,19162.484375,1028534,0.0,0.0
2023-05-09 00:00:00+07:00,19162.484375,19283.958984375,19071.37890625,19162.484375,19162.484375,1096697,0.0,0.0
2023-05-10 00:00:00+07:00,19162.484375,19192.853515625,19071.37890625,19071.37890625,19071.37890625,739418,0.0,0.0
2023-05-11 00:00:00+07:00,19071.37890625,19101.748046875,18949.90625,18949.90625,18949.90625,857633,0.0,0.0
2023-05-12 00:00:00+07:00,18949.90625,18949.90625,18767.6953125,18828.431640625,18828.431640625,895666,0.0,0.0
2023-05-15 00:00:00+07:00,18858.80078125,18949.90625,18706.95703125,18706.95703125,18706.95703125,802313,0.0,0.0
2023-05-16 00:00:00+07:00,18706.95703125,18737.326171875,18433.642578125,18433.642578125,18433.642578125,842321,0.0,0.0
2023-05-17 00:00:00+07:00,18403.2734375,18433.642578125,18251.431640625,18251.431640625,18251.431640625,920363,0.0,0.0
2023-05-18 00:00:00+07:00,18251.431640625,18251.431640625,18069.220703125,18251.431640625,18251.431640625,1069531,0.0,0.0
2023-05-19 00:00:00+07:00,18251.431640625,18251.431640625,18099.58984375,18190.6953125,18190.6953125,889245,0.0,0.0
2023-05-22 00:00:00+07:00,18190.6953125,18312.16796875,18160.326171875,18312.16796875,18312.16796875,922174,0.0,0.0
2023-05-23 00:00:00+07:00,18312.16796875,18372.904296875,18160.326171875,18221.0625,18221.0625,870146,0.0,0.0
2023-05-24 00:00:00+07:00,18221.0625,18221.0625,18221.0625,18221.0625,18221.0625,0,0.0,0.0
2023-05-25 00:00:00+07:00,18129.95703125,18190.6953125,18008.484375,18160.326171875,18160.326171875,1022278,0.0,0.0
2023-05-26 00:00:00+07:00,18190.6953125,18281.80078125,18160.326171875,18251.431640625,18251.431640625,954938,0.0,0.0
2023-05-29 00:00:00+07:00,18251.431640625,18464.009765625,18251.431640625,18342.537109375,18342.537109375,842321,0.0,0.0
2023-05-30 00:00:00+07:00,18372.904296875,18403.2734375,18190.6953125,18342.537109375,18342.537109375,900112,0.0,0.0
2023-05-31 00:00:00+07:00,18342.537109375,18433.642578125,18251.431640625,18433.642578125,18433.642578125,884141,0.0,0.0
2023-06-01 00:00:00+07:00,18464.009765625,18585.484375,18433.642578125,18555.115234375,18555.115234375,1006637,0.0,0.0
2023-06-02 00:00:00+07:00,18615.853515625,19010.642578125,18615.853515625,19010.642578125,19010.642578125,973708,0.0,0.0
2023-06-05 00:00:00+07:00,19041.01171875,19192.853515625,19041.01171875,19132.115234375,19132.115234375,819930,0.0,0.0
2023-06-06 00:00:00+07:00,19132.115234375,19223.220703125,19041.01171875,19162.484375,19162.484375,1002521,0.0,0.0
2023-06-07 00:00:00+07:00,19192.853515625,19223.220703125,19041.01171875,19192.853515625,19192.853515625,875744,0.0,0.0
2023-06-08 00:00:00+07:00,19223.220703125,19253.58984375,19010.642578125,19071.37890625,19071.37890625,865866,0.0,0.0
2023-06-09 00:00:00+07:00,19071.37890625,19132.115234375,18980.2734375,19041.01171875,19041.01171875,1142304,0.0,0.0
2023-06-12 00:00:00+07:00,19071.37890625,19192.853515625,18980.2734375,19162.484375,19162.484375,732339,0.0,0.0
2023-06-13 00:00:00+07:00,19162.484375,19435.80078125,19132.115234375,19132.115234375,19132.115234375,986221,0.0,0.0
2023-06-14 00:00:00+07:00,19162.484375,19253.58984375,19071.37890625,19132.115234375,19132.115234375,930077,0.0,0.0
2023-06-15 00:00:00+07:00,19071.37890625,19162.484375,19041.01171875,19132.115234375,19132.115234375,1215571,0.0,0.0
2023-06-16 00:00:00+07:00,19162.484375,19192.853515625,18980.2734375,19101.748046875,19101.748046875,1039236,0.0,0.0
2023-06-19 00:00:00+07:00,19132.115234375,19192.853515625,19071.37890625,19101.748046875,19101.748046875,1002521,0.0,0.0
2023-06-20 00:00:00+07:00,19101.748046875,19162.484375,19071.37890625,19132.115234375,19132.115234375,1178032,0.0,0.0
2023-06-21 00:00:00+07:00,19162.484375,19283.958984375,19101.748046875,19283.958984375,19283.958984375,1068378,0.0,0.0
2023-06-22 00:00:00+07:00,19283.958984375,19283.958984375,19283.958984375,19283.958984375,19283.958984375,0,0.0,0.0
2023-06-23 00:00:00+07:00,19466.013671875,19831.228515625,19429.4921875,19831.228515625,19831.228515625,1365082,0.0,1.210999
2023-06-26 00:00:00+07:00,19831.228515625,19867.75,19612.099609375,19831.228515625,19831.228515625,1037878,0.0,0.0
2023-06-27 00:00:00+07:00,19831.228515625,19867.75,19758.185546875,19867.75,19867.75,1011456,0.0,0.0
2023-06-28 00:00:00+07:00,19867.75,19940.79296875,19867.75,19940.79296875,19940.79296875,912199,0.0,0.0
2023-06-29 00:00:00+07:00,19940.79296875,20013.8359375,19831.228515625,19831.228515625,19831.228515625,1066629,0.0,0.0
2023-06-30 00:00:00+07:00,19831.228515625,19867.75,19758.185546875,19758.185546875,19758.185546875,823759,0.0,0.0
2023-07-03 00:00:00+07:00,19758.185546875,19831.228515625,19721.6640625,19758.185546875,19758.185546875,991468,0.0,0.0
2023-07-04 00:00:00+07:00,19794.70703125,19831.228515625,19721.6640625,19794.70703125,19794.70703125,949438,0.0,0.0
2023-07-05 00:00:00+07:00,19831.228515625,19940.79296875,19794.70703125,19940.79296875,19940.79296875,796925,0.0,0.0
2023-07-06 00:00:00+07:00,19940.79296875,20890.35546875,19940.79296875,20890.35546875,20890.35546875,842925,0.0,0.0
2023-07-07 00:00:00+07:00,20926.876953125,20926.876953125,20780.791015625,20926.876953125,20926.876953125,923699,0.0,0.0
2023-07-10 00:00:00+07:00,20963.3984375,20999.919921875,20890.35546875,20999.919921875,20999.919921875,1201617,0.0,0.0
2023-07-11 00:00:00+07:00,21036.44140625,21182.52734375,20963.3984375,21109.484375,21109.484375,1276504,0.0,0.0
2023-07-12 00:00:00+07:00,21109.484375,21182.52734375,20890.35546875,20963.3984375,20963.3984375,769818,0.0,0.0
2023-07-13 00:00:00+07:00,20999.919921875,21146.005859375,20926.876953125,21146.005859375,21146.005859375,1221742,0.0,0.0
2023-07-14 00:00:00+07:00,21182.52734375,21219.048828125,21036.44140625,21182.52734375,21182.52734375,912884,0.0,0.0
2023-07-17 00:00:00+07:00,21255.572265625,21255.572265625,21109.484375,21255.572265625,21255.572265625,874961,0.0,0.0
2023-07-18 00:00:00+07:00,21255.572265625,21401.658203125,21219.048828125,21401.658203125,21401.658203125,1207778,0.0,0.0
2023-07-19 00:00:00+07:00,21438.1796875,21474.701171875,21365.13671875,21401.658203125,21401.658203125,879616,0.0,0.0
2023-07-20 00:00:00+07:00,21401.658203125,21511.22265625,21328.615234375,21401.658203125,21401.658203125,967509,0.0,0.0
2023-07-21 00:00:00+07:00,21401.658203125,21511.22265625,21328.615234375,21401.658203125,21401.658203125,1185599,0.0,0.0
2023-07-24 00:00:00+07:00,21438.1796875,21547.744140625,21328.615234375,21474.701171875,21474.701171875,1122486,0.0,0.0
2023-07-25 00:00:00+07:00,21474.701171875,21547.744140625,21438.1796875,21547.744140625,21547.744140625,1383427,0.0,0.0
2023-07-26 00:00:00+07:00,21547.744140625,21620.787109375,21511.22265625,21620.787109375,21620.787109375,1418201,0.0,0.0
2023-07-27 00:00:00+07:00,21620.787109375,21693.830078125,21547.744140625,21657.30859375,21657.30859375,1146034,0.0,0.0
2023-07-28 00:00:00+07:00,21657.30859375,21730.3515625,21547.744140625,21693.830078125,21693.830078125,1461737,0.0,0.0
2023-07-31 00:00:00+07:00,21730.3515625,21876.439453125,21292.09375,21292.09375,21292.09375,1913798,0.0,0.0
2023-08-01 00:00:00+07:00,21328.615234375,21876.439453125,21328.615234375,21876.439453125,21876.439453125,1862733,0.0,0.0
2023-08-02 00:00:00+07:00,21839.916015625,22095.568359375,21803.39453125,22095.568359375,22095.568359375,4055819,0.0,0.0
2023-08-03 00:00:00+07:00,22132.08984375,22168.611328125,21986.00390625,22095.568359375,22095.568359375,1379731,0.0,0.0
2023-08-04 00:00:00+07:00,22132.08984375,22862.521484375,21182.52734375,21182.52734375,21182.52734375,7225450,0.0,0.0
2023-08-07 00:00:00+07:00,21255.572265625,22095.568359375,21255.572265625,22095.568359375,22095.568359375,2132299,0.0,0.0
2023-08-08 00:00:00+07:00,21912.9609375,22205.1328125,21474.701171875,22132.08984375,22132.08984375,4950631,0.0,0.0
2023-08-09 00:00:00+07:00,22132.08984375,22241.654296875,21547.744140625,21912.9609375,21912.9609375,1830012,0.0,0.0
2023-08-10 00:00:00+07:00,21949.482421875,21986.00390625,21401.658203125,21912.9609375,21912.9609375,1657375,0.0,0.0
2023-08-11 00:00:00+07:00,21912.9609375,22205.1328125,21620.787109375,22205.1328125,22205.1328125,3932878,0.0,0.0
2023-08-14 00:00:00+07:00,22241.654296875,22241.654296875,20926.876953125,21730.3515625,21730.3515625,1446541,0.0,0.0
2023-08-15 00:00:00+07:00,21547.744140625,21547.744140625,21036.44140625,21547.744140625,21547.744140625,1284034,0.0,0.0
2023-08-16 00:00:00+07:00,21401.658203125,21584.265625,20999.919921875,21547.744140625,21547.744140625,1409166,0.0,0.0
2023-08-17 00:00:00+07:00,21036.44140625,21474.701171875,21036.44140625,21474.701171875,21474.701171875,1718708,0.0,0.0
2023-08-18 00:00:00+07:00,21401.658203125,21401.658203125,19977.314453125,20050.359375,20050.359375,1478303,0.0,0.0
2023-08-21 00:00:00+07:00,20123.40234375,20525.138671875,19429.4921875,19429.4921875,19429.4921875,1425183,0.0,0.0
2023-08-22 00:00:00+07:00,19612.099609375,20598.181640625,19612.099609375,20598.181640625,20598.181640625,1633964,0.0,0.0
2023-08-23 00:00:00+07:00,20671.2265625,20671.2265625,19173.83984375,20598.181640625,20598.181640625,1687905,0.0,0.0
2023-08-24 00:00:00+07:00,20598.181640625,20780.791015625,19721.6640625,20780.791015625,20780.791015625,1567976,0.0,0.0
2023-08-25 00:00:00+07:00,20232.966796875,20780.791015625,19977.314453125,20598.181640625,20598.181640625,1196825,0.0,0.0
2023-08-28 00:00:00+07:00,20598.181640625,20671.2265625,20050.359375,20671.2265625,20671.2265625,1531970,0.0,0.0
2023-08-29 00:00:00+07:00,20671.2265625,20707.748046875,20123.40234375,20707.748046875,20707.748046875,2395568,0.0,0.0
2023-08-30 00:00:00+07:00,20707.748046875,20744.26953125,20196.4453125,20525.138671875,20525.138671875,1939126,0.0,0.0
2023-08-31 00:00:00+07:00,20306.009765625,20598.181640625,20050.359375,20525.138671875,20525.138671875,2031948,0.0,0.0
2023-09-01 00:00:00+07:00,20525.138671875,20525.138671875,20525.138671875,20525.138671875,20525.138671875,0,0.0,0.0
2023-09-04 00:00:00+07:00,20525.138671875,20525.138671875,20525.138671875,20525.138671875,20525.138671875,0,0.0,0.0
2023-09-05 00:00:00+07:00,20525.138671875,20598.181640625,20086.880859375,20086.880859375,20086.880859375,1928447,0.0,0.0
2023-09-06 00:00:00+07:00,20086.880859375,20342.53125,19721.6640625,20306.009765625,20306.009765625,1803179,0.0,0.0
2023-09-07 00:00:00+07:00,20159.923828125,20269.48828125,19904.271484375,20050.359375,20050.359375,2088216,0.0,0.0
2023-09-08 00:00:00+07:00,19977.314453125,20269.48828125,19940.79296875,20086.880859375,20086.880859375,1744994,0.0,0.0
2023-09-11 00:00:00+07:00,20123.40234375,20123.40234375,19648.62109375,19721.6640625,19721.6640625,2160091,0.0,0.0
2023-09-12 00:00:00+07:00,19721.6640625,20086.880859375,19502.53515625,19977.314453125,19977.314453125,1725554,0.0,0.0
2023-09-13 00:00:00+07:00,19867.75,19867.75,19429.4921875,19831.228515625,19831.228515625,2237032,0.0,0.0
2023-09-14 00:00:00+07:00,19466.013671875,19831.228515625,19210.361328125,19210.361328125,19210.361328125,1714875,0.0,0.0
2023-09-15 00:00:00+07:00,19246.8828125,19721.6640625,19246.8828125,19721.6640625,19721.6640625,1677637,0.0,0.0
2023-09-18 00:00:00+07:00,19283.404296875,19721.6640625,19210.361328125,19575.578125,19575.578125,1574136,0.0,0.0
2023-09-19 00:00:00+07:00,19575.578125,19575.578125,19575.578125,19575.578125,19575.578125,0,0.0,0.0
2023-09-20 00:00:00+07:00,19173.83984375,19539.056640625,19100.796875,19356.447265625,19356.447265625,1558666,0.0,0.0
2023-09-21 00:00:00+07:00,19064.275390625,19429.4921875,19064.275390625,19356.447265625,19356.447265625,2146264,0.0,0.0
2023-09-22 00:00:00+07:00,18918.189453125,19283.404296875,18626.015625,18626.015625,18626.015625,1572083,0.0,0.0
2023-09-25 00:00:00+07:00,18626.015625,18991.232421875,18516.451171875,18991.232421875,18991.232421875,1675036,0.0,0.0
2023-09-26 00:00:00+07:00,19064.275390625,19466.013671875,18516.451171875,19137.318359375,19137.318359375,2014287,0.0,0.0
2023-09-27 00:00:00+07:00,19173.83984375,19319.92578125,18662.537109375,19173.83984375,19173.83984375,1606172,0.0,0.0
2023-09-28 00:00:00+07:00,18991.232421875,19210.361328125,18224.279296875,18260.80078125,18260.80078125,1677637,0.0,0.0
2023-09-29 00:00:00+07:00,18151.234375,18406.88671875,18114.712890625,18260.80078125,18260.80078125,1412588,0.0,0.0
2023-10-02 00:00:00+07:00,18260.80078125,18370.365234375,18114.712890625,18260.80078125,18260.80078125,1286635,0.0,0.0
2023-10-03 00:00:00+07:00,17968.626953125,18297.322265625,17968.626953125,18187.7578125,18187.7578125,1392052,0.0,0.0
2023-10-04 00:00:00+07:00,18260.80078125,18260.80078125,17859.0625,17859.0625,17859.0625,1458451,0.0,0.0
2023-10-05 00:00:00+07:00,17749.498046875,17968.626953125,17566.890625,17895.583984375,17895.583984375,1230093,0.0,0.0
2023-10-06 00:00:00+07:00,17895.583984375,18005.1484375,17786.01953125,17895.583984375,17895.583984375,1615071,0.0,0.0
2023-10-09 00:00:00+07:00,17932.10546875,18005.1484375,17566.890625,17932.10546875,17932.10546875,1241730,0.0,0.0
2023-10-10 00:00:00+07:00,17968.626953125,18041.669921875,17859.0625,17968.626953125,17968.626953125,1376034,0.0,0.0
2023-10-11 00:00:00+07:00,18005.1484375,18078.19140625,17895.583984375,18078.19140625,18078.19140625,1130016,0.0,0.0
2023-10-12 00:00:00+07:00,18114.712890625,18260.80078125,18005.1484375,18078.19140625,18078.19140625,1534845,0.0,0.0
2023-10-13 00:00:00+07:00,17968.626953125,18114.712890625,17603.412109375,18114.712890625,18114.712890625,1550999,0.0,0.0
2023-10-16 00:00:00+07:00,18041.669921875,18260.80078125,17676.455078125,18114.712890625,18114.712890625,1108522,0.0,0.0
2023-10-17 00:00:00+07:00,18114.712890625,18187.7578125,18005.1484375,18078.19140625,18078.19140625,1201480,0.0,0.0
2023-10-18 00:00:00+07:00,18005.1484375,18151.234375,17968.626953125,18041.669921875,18041.669921875,1684619,0.0,0.0
2023-10-19 00:00:00+07:00,18041.669921875,18114.712890625,17676.455078125,17968.626953125,17968.626953125,1579886,0.0,0.0
2023-10-20 00:00:00+07:00,17968.626953125,18187.7578125,17822.541015625,17859.0625,17859.0625,1510339,0.0,0.0
2023-10-23 00:00:00+07:00,17932.10546875,18114.712890625,17932.10546875,18114.712890625,18114.712890625,1941180,0.0,0.0
2023-10-24 00:00:00+07:00,18187.7578125,18845.146484375,18151.234375,18845.146484375,18845.146484375,2246889,0.0,0.0
2023-10-25 00:00:00+07:00,18881.66796875,18954.7109375,18772.1015625,18918.189453125,18918.189453125,1534023,0.0,0.0
2023-10-26 00:00:00+07:00,18918.189453125,18918.189453125,18516.451171875,18626.015625,18626.015625,1642178,0.0,0.0
2023-10-27 00:00:00+07:00,18662.537109375,18735.580078125,18443.408203125,18662.537109375,18662.537109375,1635196,0.0,0.0
2023-10-30 00:00:00+07:00,18662.537109375,18699.05859375,18516.451171875,18516.451171875,18516.451171875,1369052,0.0,0.0
2023-10-31 00:00:00+07:00,18406.88671875,18845.146484375,18370.365234375,18845.146484375,18845.146484375,1485559,0.0,0.0
2023-11-01 00:00:00+07:00,18845.146484375,18991.232421875,18808.625,18918.189453125,18918.189453125,1640672,0.0,0.0
2023-11-02 00:00:00+07:00,18918.189453125,18991.232421875,18808.625,18954.7109375,18954.7109375,1411356,0.0,0.0
2023-11-03 00:00:00+07:00,18954.7109375,18991.232421875,17749.498046875,17749.498046875,17749.498046875,2775617,0.0,0.0
2023-11-06 00:00:00+07:00,18041.669921875,18626.015625,18041.669921875,18479.9296875,18479.9296875,1360838,0.0,0.0
2023-11-07 00:00:00+07:00,18260.80078125,18516.451171875,17786.01953125,17822.541015625,17822.541015625,1972805,0.0,0.0
2023-11-08 00:00:00+07:00,17822.541015625,18224.279296875,17603.412109375,18224.279296875,18224.279296875,1482273,0.0,0.0
2023-11-09 00:00:00+07:00,18224.279296875,18224.279296875,17895.583984375,17895.583984375,17895.583984375,1724732,0.0,0.0
2023-11-10 00:00:00+07:00,17712.9765625,17932.10546875,17384.28125,17384.28125,17384.28125,1894495,0.0,0.0
2023-11-13 00:00:00+07:00,16836.45703125,17092.109375,16763.4140625,16799.935546875,16799.935546875,2073841,0.0,0.0
2023-11-14 00:00:00+07:00,16799.935546875,17165.15234375,16617.328125,16909.5,16909.5,2275913,0.0,0.0
2023-11-15 00:00:00+07:00,16909.5,17347.759765625,16909.5,17165.15234375,17165.15234375,1994846,0.0,0.0
2023-11-16 00:00:00+07:00,17055.587890625,17165.15234375,16799.935546875,17128.630859375,17128.630859375,2260306,0.0,0.0
2023-11-17 00:00:00+07:00,17165.15234375,17165.15234375,16471.2421875,16909.5,16909.5,2177204,0.0,0.0
2023-11-20 00:00:00+07:00,16690.37109375,16909.5,16288.6337890625,16909.5,16909.5,2899243,0.0,0.0
2023-11-21 00:00:00+07:00,16799.935546875,16909.5,16471.2421875,16909.5,16909.5,2076990,0.0,0.0
2023-11-22 00:00:00+07:00,16836.45703125,16872.978515625,16507.763671875,16872.978515625,16872.978515625,1904352,0.0,0.0
2023-11-23 00:00:00+07:00,16617.328125,16799.935546875,16544.28515625,16799.935546875,16799.935546875,1849864,0.0,0.0
2023-11-24 00:00:00+07:00,16690.37109375,16872.978515625,16288.6337890625,16872.978515625,16872.978515625,3186744,0.0,0.0
2023-11-27 00:00:00+07:00,16507.763671875,16872.978515625,16507.763671875,16836.45703125,16836.45703125,1933924,0.0,0.0
2023-11-28 00:00:00+07:00,16544.28515625,16836.45703125,16507.763671875,16836.45703125,16836.45703125,1955281,0.0,0.0
2023-11-29 00:00:00+07:00,16799.935546875,16836.45703125,16544.28515625,16836.45703125,16836.45703125,2215812,0.0,0.0
2023-11-30 00:00:00+07:00,16726.892578125,16799.935546875,16507.763671875,16507.763671875,16507.763671875,1931596,0.0,0.0
2023-12-01 00:00:00+07:00,16398.19921875,16726.892578125,16361.6767578125,16580.806640625,16580.806640625,1556886,0.0,0.0
2023-12-04 00:00:00+07:00,16580.806640625,16653.849609375,16398.19921875,16617.328125,16617.328125,1733631,0.0,0.0
2023-12-05 00:00:00+07:00,16580.806640625,16617.328125,16434.720703125,16580.806640625,16580.806640625,1338249,0.0,0.0
2023-12-06 00:00:00+07:00,16544.28515625,16580.806640625,16471.2421875,16580.806640625,16580.806640625,1510749,0.0,0.0
2023-12-07 00:00:00+07:00,16544.28515625,16580.806640625,16434.720703125,16580.806640625,16580.806640625,1896959,0.0,0.0
2023-12-08 00:00:00+07:00,16580.806640625,16580.806640625,16434.720703125,16580.806640625,16580.806640625,1945013,0.0,0.0
2023-12-11 00:00:00+07:00,16507.763671875,16580.806640625,16434.720703125,16544.28515625,16544.28515625,1476660,0.0,0.0
2023-12-12 00:00:00+07:00,16544.28515625,16544.28515625,16434.720703125,16544.28515625,16544.28515625,1595767,0.0,0.0
2023-12-13 00:00:00+07:00,16544.28515625,16580.806640625,16434.720703125,16507.763671875,16507.763671875,1526630,0.0,0.0
2023-12-14 00:00:00+07:00,16507.763671875,16580.806640625,16434.720703125,16507.763671875,16507.763671875,1416695,0.0,0.0
2023-12-15 00:00:00+07:00,16471.2421875,16507.763671875,16361.6767578125,16507.763671875,16507.763671875,1686262,0.0,0.0
2023-12-18 00:00:00+07:00,16507.763671875,16507.763671875,16361.6767578125,16507.763671875,16507.763671875,1481452,0.0,0.0
2023-12-19 00:00:00+07:00,16361.6767578125,16507.763671875,16361.6767578125,16507.763671875,16507.763671875,1376034,0.0,0.0
2023-12-20 00:00:00+07:00,16361.6767578125,16507.763671875,16361.6767578125,16507.763671875,16507.763671875,1404511,0.0,0.0
2023-12-21 00:00:00+07:00,16507.763671875,16507.763671875,16398.19921875,16507.763671875,16507.763671875,1575642,0.0,0.0
2023-12-22 00:00:00+07:00,16507.763671875,16544.28515625,16361.6767578125,16507.763671875,16507.763671875,1705155,0.0,0.0
2023-12-25 00:00:00+07:00,16507.763671875,16617.328125,16434.720703125,16544.28515625,16544.28515625,1481178,0.0,0.0
2023-12-26 00:00:00+07:00,16544.28515625,16617.328125,16471.2421875,16580.806640625,16580.806640625,1375076,0.0,0.0
2023-12-27 00:00:00+07:00,16580.806640625,16617.328125,16544.28515625,16544.28515625,16544.28515625,1416695,0.0,0.0
2023-12-28 00:00:00+07:00,16544.28515625,17530.3671875,16471.2421875,17274.716796875,17274.716796875,1807423,0.0,0.0
2023-12-29 00:00:00+07:00,17311.23828125,17493.845703125,17311.23828125,17457.32421875,17457.32421875,1670381,0.0,0.0
2024-01-01 00:00:00+07:00,17457.32421875,17457.32421875,17457.32421875,17457.32421875,17457.32421875,0,0.0,0.0
2024-01-02 00:00:00+07:00,17457.32421875,17603.412109375,16946.0234375,17493.845703125,17493.845703125,1756220,0.0,0.0
2024-01-03 00:00:00+07:00,17493.845703125,17493.845703125,17019.06640625,17019.06640625,17019.06640625,1739655,0.0,0.0
2024-01-04 00:00:00+07:00,17055.587890625,17457.32421875,16836.45703125,17201.673828125,17201.673828125,1612470,0.0,0.0
2024-01-05 00:00:00+07:00,17201.673828125,17457.32421875,17092.109375,17238.1953125,17238.1953125,1552779,0.0,0.0
2024-01-08 00:00:00+07:00,17238.1953125,17311.23828125,17019.06640625,17019.06640625,17019.06640625,1437916,0.0,0.0
2024-01-09 00:00:00+07:00,16909.5,17165.15234375,16909.5,17128.630859375,17128.630859375,1479261,0.0,0.0
2024-01-10 00:00:00+07:00,17128.630859375,17165.15234375,16909.5,17092.109375,17092.109375,1736506,0.0,0.0
2024-01-11 00:00:00+07:00,17092.109375,17457.32421875,16946.0234375,17238.1953125,17238.1953125,1871905,0.0,0.0
2024-01-12 00:00:00+07:00,17238.1953125,17238.1953125,16982.544921875,17128.630859375,17128.630859375,1643684,0.0,0.0
2024-01-15 00:00:00+07:00,17128.630859375,17128.630859375,16982.544921875,17019.06640625,17019.06640625,1622738,0.0,0.0
2024-01-16 00:00:00+07:00,16836.45703125,17055.587890625,16653.849609375,16763.4140625,16763.4140625,1538815,0.0,0.0
2024-01-17 00:00:00+07:00,16726.892578125,16909.5,16690.37109375,16836.45703125,16836.45703125,2236210,0.0,0.0
2024-01-18 00:00:00+07:00,16872.978515625,16909.5,16726.892578125,16836.45703125,16836.45703125,2714421,0.0,0.0
2024-01-19 00:00:00+07:00,16836.45703125,16909.5,16763.4140625,16872.978515625,16872.978515625,2541783,0.0,0.0
2024-01-22 00:00:00+07:00,16909.5,17019.06640625,16836.45703125,16982.544921875,16982.544921875,2363395,0.0,0.0
2024-01-23 00:00:00+07:00,16982.544921875,17019.06640625,16726.892578125,16872.978515625,16872.978515625,1887513,0.0,0.0
2024-01-24 00:00:00+07:00,16836.45703125,16982.544921875,16653.849609375,16872.978515625,16872.978515625,1903667,0.0,0.0
2024-01-25 00:00:00+07:00,16872.978515625,16872.978515625,16872.978515625,16872.978515625,16872.978515625,0,0.0,0.0
2024-01-26 00:00:00+07:00,16726.892578125,16872.978515625,16726.892578125,16872.978515625,16872.978515625,1988549,0.0,0.0
2024-01-29 00:00:00+07:00,16836.45703125,16872.978515625,16726.892578125,16799.935546875,16799.935546875,1841649,0.0,0.0
2024-01-30 00:00:00+07:00,16726.892578125,16799.935546875,16653.849609375,16799.935546875,16799.935546875,1894221,0.0,0.0
2024-01-31 00:00:00+07:00,16799.935546875,16872.978515625,16361.6767578125,16726.892578125,16726.892578125,2212936,0.0,0.0
2024-02-01 00:00:00+07:00,16580.806640625,16726.892578125,16434.720703125,16617.328125,16617.328125,1854655,0.0,0.0
2024-02-02 00:00:00+07:00,16617.328125,16617.328125,16617.328125,16617.328125,16617.328125,0,0.0,0.0
2024-02-05 00:00:00+07:00,16617.328125,16836.45703125,16325.1552734375,16799.935546875,16799.935546875,2155026,0.0,0.0
2024-02-06 00:00:00+07:00,16799.935546875,16872.978515625,16617.328125,16799.935546875,16799.935546875,1842471,0.0,0.0
2024-02-07 00:00:00+07:00,16763.4140625,16946.0234375,16580.806640625,16946.0234375,16946.0234375,2019489,0.0,0.0
2024-02-08 00:00:00+07:00,16946.0234375,16946.0234375,16946.0234375,16946.0234375,16946.0234375,0,0.0,0.0
2024-02-09 00:00:00+07:00,16946.0234375,16946.0234375,16946.0234375,16946.0234375,16946.0234375,0,0.0,0.0
2024-02-12 00:00:00+07:00,16946.0234375,16946.0234375,16946.0234375,16946.0234375,16946.0234375,0,0.0,0.0
2024-02-13 00:00:00+07:00,16946.0234375,16946.0234375,16946.0234375,16946.0234375,16946.0234375,0,0.0,0.0
2024-02-14 00:00:00+07:00,16946.0234375,16946.0234375,16946.0234375,16946.0234375,16946.0234375,0,0.0,0.0
2024-02-15 00:00:00+07:00,16946.0234375,17019.06640625,16690.37109375,16982.544921875,16982.544921875,2137091,0.0,0.0
2024-02-16 00:00:00+07:00,17019.06640625,17019.06640625,16799.935546875,16982.544921875,16982.544921875,1780863,0.0,0.0
2024-02-19 00:00:00+07:00,16982.544921875,17019.06640625,16690.37109375,16836.45703125,16836.45703125,1958156,0.0,0.0
2024-02-20 00:00:00+07:00,16872.978515625,16872.978515625,16617.328125,16799.935546875,16799.935546875,2047418,0.0,0.0
2024-02-21 00:00:00+07:00,16690.37109375,16836.45703125,16507.763671875,16763.4140625,16763.4140625,2301377,0.0,0.0
2024-02-22 00:00:00+07:00,16763.4140625,16799.935546875,16544.28515625,16799.935546875,16799.935546875,1904489,0.0,0.0
2024-02-23 00:00:00+07:00,16799.935546875,16946.0234375,16653.849609375,16799.935546875,16799.935546875,2055906,0.0,0.0
2024-02-26 00:00:00+07:00,16653.849609375,16799.935546875,16580.806640625,16726.892578125,16726.892578125,1766351,0.0,0.0
2024-02-27 00:00:00+07:00,16726.892578125,16726.892578125,16471.2421875,16726.892578125,16726.892578125,2416652,0.0,0.0
2024-02-28 00:00:00+07:00,16544.28515625,16763.4140625,16507.763671875,16763.4140625,16763.4140625,2194591,0.0,0.0
2024-02-29 00:00:00+07:00,16763.4140625,16799.935546875,16544.28515625,16726.892578125,16726.892578125,1961715,0.0,0.0
2024-03-01 00:00:00+07:00,16580.806640625,16763.4140625,16544.28515625,16763.4140625,16763.4140625,1896822,0.0,0.0
2024-03-04 00:00:00+07:00,16763.4140625,16799.935546875,16580.806640625,16690.37109375,16690.37109375,2058234,0.0,0.0
2024-03-05 00:00:00+07:00,16690.37109375,16690.37109375,16544.28515625,16690.37109375,16690.37109375,1985126,0.0,0.0
2024-03-06 00:00:00+07:00,16580.806640625,16690.37109375,16471.2421875,16617.328125,16617.328125,2097388,0.0,0.0
2024-03-07 00:00:00+07:00,16617.328125,16617.328125,16471.2421875,16617.328125,16617.328125,1974584,0.0,0.0
2024-03-08 00:00:00+07:00,16617.328125,16653.849609375,16398.19921875,16580.806640625,16580.806640625,1896685,0.0,0.0
2024-03-11 00:00:00+07:00,16544.28515625,16580.806640625,16252.1123046875,16471.2421875,16471.2421875,2415282,0.0,0.0
2024-03-12 00:00:00+07:00,16507.763671875,16507.763671875,16252.1123046875,16471.2421875,16471.2421875,2018805,0.0,0.0
2024-03-13 00:00:00+07:00,16471.2421875,16544.28515625,16288.6337890625,16507.763671875,16507.763671875,1938304,0.0,0.0
2024-03-14 00:00:00+07:00,16507.763671875,16544.28515625,16325.1552734375,16507.763671875,16507.763671875,2050704,0.0,0.0
2024-03-15 00:00:00+07:00,16507.763671875,16580.806640625,16325.1552734375,16507.763671875,16507.763671875,2121347,0.0,0.0
2024-03-18 00:00:00+07:00,16507.763671875,16544.28515625,16252.1123046875,16398.19921875,16398.19921875,1903941,0.0,0.0
2024-03-19 00:00:00+07:00,16288.6337890625,16398.19921875,16142.546875,16398.19921875,16398.19921875,2002924,0.0,0.0
2024-03-20 00:00:00+07:00,16288.6337890625,16471.2421875,16179.0693359375,16471.2421875,16471.2421875,2150234,0.0,0.0
2024-03-21 00:00:00+07:00,16507.763671875,16544.28515625,16288.6337890625,16471.2421875,16471.2421875,1817280,0.0,0.0
2024-03-22 00:00:00+07:00,16471.2421875,16507.763671875,16325.1552734375,16325.1552734375,16325.1552734375,1852739,0.0,0.0
2024-03-25 00:00:00+07:00,16215.5908203125,16361.6767578125,16142.546875,16142.546875,16142.546875,1955144,0.0,0.0
2024-03-26 00:00:00+07:00,16215.5908203125,16325.1552734375,16069.50390625,16288.6337890625,16288.6337890625,1896685,0.0,0.0
2024-03-27 00:00:00+07:00,16106.025390625,16325.1552734375,16069.50390625,16215.5908203125,16215.5908203125,1958293,0.0,0.0
2024-03-28 00:00:00+07:00,16106.025390625,16215.5908203125,16032.982421875,16215.5908203125,16215.5908203125,1836036,0.0,0.0
2024-03-29 00:00:00+07:00,16032.982421875,16179.0693359375,16032.982421875,16142.546875,16142.546875,1880257,0.0,0.0
2024-04-01 00:00:00+07:00,16142.546875,16142.546875,16142.546875,16142.546875,16142.546875,0,0.0,0.0
2024-04-02 00:00:00+07:00,15923.41796875,16142.546875,15850.3740234375,16106.025390625,16106.025390625,1848221,0.0,0.0
2024-04-03 00:00:00+07:00,15886.896484375,16106.025390625,15777.3310546875,16069.50390625,16069.50390625,2829832,0.0,0.0
2024-04-04 00:00:00+07:00,16106.025390625,16142.546875,15886.896484375,16069.50390625,16069.50390625,1878066,0.0,0.0
2024-04-05 00:00:00+07:00,15886.896484375,16069.50390625,15813.8525390625,16032.982421875,16032.982421875,1928447,0.0,0.0
2024-04-08 00:00:00+07:00,15886.896484375,16032.982421875,15777.3310546875,15996.4609375,15996.4609375,1982251,0.0,0.0
2024-04-09 00:00:00+07:00,15850.3740234375,15996.4609375,15777.3310546875,15996.4609375,15996.4609375,2190758,0.0,0.0
2024-04-10 00:00:00+07:00,15996.4609375,16069.50390625,15813.8525390625,16069.50390625,16069.50390625,2751933,0.0,0.0
2024-04-11 00:00:00+07:00,15850.3740234375,16106.025390625,15850.3740234375,16106.025390625,16106.025390625,2761379,0.0,0.0
2024-04-12 00:00:00+07:00,16142.546875,16507.763671875,16069.50390625,16507.763671875,16507.763671875,3508882,0.0,0.0
2024-04-15 00:00:00+07:00,16471.2421875,16507.763671875,16069.50390625,16325.1552734375,16325.1552734375,2949350,0.0,0.0
2024-04-16 00:00:00+07:00,16361.6767578125,16361.6767578125,15192.9853515625,16179.0693359375,16179.0693359375,3541465,0.0,0.0
2024-04-17 00:00:00+07:00,16215.5908203125,16507.763671875,15959.939453125,16215.5908203125,16215.5908203125,2946064,0.0,0.0
2024-04-18 00:00:00+07:00,16215.5908203125,16215.5908203125,16215.5908203125,16215.5908203125,16215.5908203125,0,0.0,0.0
2024-04-19 00:00:00+07:00,16215.5908203125,16252.1123046875,15704.2880859375,16142.546875,16142.546875,2893219,0.0,0.0
2024-04-22 00:00:00+07:00,16142.546875,16288.6337890625,15886.896484375,16179.0693359375,16179.0693359375,3007809,0.0,0.0
2024-04-23 00:00:00+07:00,15996.4609375,16179.0693359375,15704.2880859375,16069.50390625,16069.50390625,3014928,0.0,0.0
2024-04-24 00:00:00+07:00,16069.50390625,16179.0693359375,15996.4609375,16142.546875,16142.546875,2764802,0.0,0.0
2024-04-25 00:00:00+07:00,16106.025390625,16142.546875,15777.3310546875,16069.50390625,16069.50390625,2972761,0.0,0.0
2024-04-26 00:00:00+07:00,16069.50390625,16069.50390625,15704.2880859375,16069.50390625,16069.50390625,3059422,0.0,0.0
2024-04-29 00:00:00+07:00,16069.50390625,16069.50390625,16069.50390625,16069.50390625,16069.50390625,0,0.0,0.0
2024-04-30 00:00:00+07:00,16069.50390625,16069.50390625,16069.50390625,16069.50390625,16069.50390625,0,0.0,0.0
2024-05-01 00:00:00+07:00,16069.50390625,16069.50390625,16069.50390625,16069.50390625,16069.50390625,0,0.0,0.0
2024-05-02 00:00:00+07:00,16069.50390625,16106.025390625,15813.8525390625,16032.982421875,16032.982421875,2445949,0.0,0.0
2024-05-03 00:00:00+07:00,16069.50390625,16069.50390625,15850.3740234375,15996.4609375,15996.4609375,2610099,0.0,0.0
2024-05-06 00:00:00+07:00,15996.4609375,16069.50390625,15850.3740234375,16069.50390625,16069.50390625,2580390,0.0,0.0
2024-05-07 00:00:00+07:00,16069.50390625,16106.025390625,15923.41796875,16106.025390625,16106.025390625,2636932,0.0,0.0
2024-05-08 00:00:00+07:00,16106.025390625,16142.546875,15886.896484375,15996.4609375,15996.4609375,3733407,0.0,0.0
2024-05-09 00:00:00+07:00,16032.982421875,16069.50390625,15886.896484375,16032.982421875,16032.982421875,2710176,0.0,0.0
2024-05-10 00:00:00+07:00,16032.982421875,16069.50390625,15850.3740234375,15886.896484375,15886.896484375,2793552,0.0,0.0
2024-05-13 00:00:00+07:00,15923.41796875,15959.939453125,15777.3310546875,15886.896484375,15886.896484375,2540551,0.0,0.0
2024-05-14 00:00:00+07:00,15923.41796875,15923.41796875,15777.3310546875,15850.3740234375,15850.3740234375,1769363,0.0,0.0
2024-05-15 00:00:00+07:00,15850.3740234375,15886.896484375,15740.8095703125,15886.896484375,15886.896484375,2052073,0.0,0.0
2024-05-16 00:00:00+07:00,15886.896484375,16179.0693359375,15777.3310546875,16142.546875,16142.546875,2594355,0.0,0.0
2024-05-17 00:00:00+07:00,16142.546875,16142.546875,15850.3740234375,16069.50390625,16069.50390625,2350663,0.0,0.0
2024-05-20 00:00:00+07:00,16069.50390625,16106.025390625,15923.41796875,16069.50390625,16069.50390625,2425687,0.0,0.0
2024-05-21 00:00:00+07:00,16069.50390625,16069.50390625,15886.896484375,16032.982421875,16032.982421875,2249627,0.0,0.0
2024-05-22 00:00:00+07:00,16032.982421875,16069.50390625,15850.3740234375,15996.4609375,15996.4609375,2337110,0.0,0.0
2024-05-23 00:00:00+07:00,15996.4609375,16032.982421875,15813.8525390625,16032.982421875,16032.982421875,2454711,0.0,0.0
2024-05-24 00:00:00+07:00,16032.982421875,16032.982421875,15777.3310546875,15959.939453125,15959.939453125,2559854,0.0,0.0
2024-05-27 00:00:00+07:00,15886.896484375,15959.939453125,15777.3310546875,15813.8525390625,15813.8525390625,2189389,0.0,0.0
2024-05-28 00:00:00+07:00,15813.8525390625,15813.8525390625,15631.2451171875,15813.8525390625,15813.8525390625,2456902,0.0,0.0
2024-05-29 00:00:00+07:00,15813.8525390625,15813.8525390625,15558.2021484375,15777.3310546875,15777.3310546875,2613384,0.0,0.0
2024-05-30 00:00:00+07:00,15631.2451171875,15740.8095703125,15558.2021484375,15704.2880859375,15704.2880859375,2478533,0.0,0.0
2024-05-31 00:00:00+07:00,15704.2880859375,15704.2880859375,15558.2021484375,15704.2880859375,15704.2880859375,2128603,0.0,0.0
2024-06-03 00:00:00+07:00,15704.2880859375,15704.2880859375,15704.2880859375,15704.2880859375,15704.2880859375,0,0.0,0.0
2024-06-04 00:00:00+07:00,15777.3310546875,15777.3310546875,15631.2451171875,15777.3310546875,15777.3310546875,2174740,0.0,0.0
2024-06-05 00:00:00+07:00,15667.7666015625,15850.3740234375,15667.7666015625,15850.3740234375,15850.3740234375,2073156,0.0,0.0
2024-06-06 00:00:00+07:00,15923.41796875,15923.41796875,15740.8095703125,15850.3740234375,15850.3740234375,2338068,0.0,0.0
2024-06-07 00:00:00+07:00,15813.8525390625,15886.896484375,15704.2880859375,15813.8525390625,15813.8525390625,2225942,0.0,0.0
2024-06-10 00:00:00+07:00,15813.8525390625,15850.3740234375,15704.2880859375,15813.8525390625,15813.8525390625,2095472,0.0,0.0
2024-06-11 00:00:00+07:00,15813.8525390625,15813.8525390625,15594.7236328125,15740.8095703125,15740.8095703125,2110121,0.0,0.0
2024-06-12 00:00:00+07:00,15740.8095703125,15777.3310546875,15521.6796875,15777.3310546875,15777.3310546875,2286592,0.0,0.0
2024-06-13 00:00:00+07:00,15777.3310546875,15850.3740234375,15740.8095703125,15850.3740234375,15850.3740234375,3192220,0.0,0.0
2024-06-14 00:00:00+07:00,15850.3740234375,16653.849609375,15777.3310546875,16069.50390625,16069.50390625,4558672,0.0,0.0
2024-06-17 00:00:00+07:00,16252.1123046875,16799.935546875,16106.025390625,16361.6767578125,16361.6767578125,5886242,0.0,0.0
2024-06-18 00:00:00+07:00,16434.720703125,16872.978515625,16434.720703125,16580.806640625,16580.806640625,5543568,0.0,0.0
2024-06-19 00:00:00+07:00,16653.849609375,16872.978515625,16580.806640625,16726.892578125,16726.892578125,6116517,0.0,0.0
2024-06-20 00:00:00+07:00,16763.4140625,17165.15234375,16763.4140625,16982.544921875,16982.544921875,6158273,0.0,0.0
2024-06-21 00:00:00+07:00,17128.630859375,17530.3671875,17092.109375,17347.759765625,17347.759765625,5802730,0.0,0.0
2024-06-24 00:00:00+07:00,17457.32421875,17493.845703125,16398.19921875,16507.763671875,16507.763671875,7174384,0.0,0.0
2024-06-25 00:00:00+07:00,16507.763671875,16544.28515625,15448.63671875,15448.63671875,15448.63671875,5086305,0.0,0.0
2024-06-26 00:00:00+07:00,15521.6796875,16032.982421875,15119.9423828125,15448.63671875,15448.63671875,4678874,0.0,0.0
2024-06-27 00:00:00+07:00,15485.158203125,15485.158203125,14608.6396484375,15192.9853515625,15192.9853515625,4916131,0.0,0.0
2024-06-28 00:00:00+07:00,15156.4638671875,15192.9853515625,14754.7265625,15192.9853515625,15192.9853515625,4252962,0.0,0.0
2024-07-01 00:00:00+07:00,15192.9853515625,15229.5068359375,14900.8125,15229.5068359375,15229.5068359375,4566749,0.0,0.0
2024-07-02 00:00:00+07:00,15266.029296875,15266.029296875,14937.3349609375,15266.029296875,15266.029296875,5000054,0.0,0.0
2024-07-03 00:00:00+07:00,15229.5068359375,15302.55078125,15010.3779296875,15302.55078125,15302.55078125,4118932,0.0,0.0
2024-07-04 00:00:00+07:00,15302.55078125,15339.072265625,15119.9423828125,15266.029296875,15266.029296875,3844984,0.0,0.0
2024-07-05 00:00:00+07:00,15266.029296875,15266.029296875,15119.9423828125,15266.029296875,15266.029296875,3499299,0.0,0.0
2024-07-08 00:00:00+07:00,15229.5068359375,15266.029296875,14973.8564453125,15229.5068359375,15229.5068359375,3636751,0.0,0.0
2024-07-09 00:00:00+07:00,15046.8994140625,15266.029296875,15010.3779296875,15266.029296875,15266.029296875,3986955,0.0,0.0
2024-07-10 00:00:00+07:00,15119.9423828125,15302.55078125,15119.9423828125,15266.029296875,15266.029296875,3803639,0.0,0.0
2024-07-11 00:00:00+07:00,15229.5068359375,15302.55078125,15192.9853515625,15266.029296875,15266.029296875,3666597,0.0,0.0
2024-07-12 00:00:00+07:00,15229.5068359375,15302.55078125,15156.4638671875,15192.9853515625,15192.9853515625,3672621,0.0,0.0
2024-07-15 00:00:00+07:00,15192.9853515625,15192.9853515625,15046.8994140625,15192.9853515625,15192.9853515625,3511483,0.0,0.0
2024-07-16 00:00:00+07:00,15156.4638671875,15266.029296875,15046.8994140625,15192.9853515625,15192.9853515625,3512031,0.0,0.0
2024-07-17 00:00:00+07:00,15229.5068359375,15266.029296875,15083.4208984375,15192.9853515625,15192.9853515625,3647019,0.0,0.0
2024-07-18 00:00:00+07:00,15192.9853515625,15339.072265625,15046.8994140625,15339.072265625,15339.072265625,4027205,0.0,0.0
2024-07-19 00:00:00+07:00,15302.55078125,15412.115234375,15192.9853515625,15375.59375,15375.59375,3683436,0.0,0.0
2024-07-22 00:00:00+07:00,15412.115234375,15485.158203125,15229.5068359375,15448.63671875,15448.63671875,3957931,0.0,0.0
2024-07-23 00:00:00+07:00,15485.158203125,15704.2880859375,15375.59375,15667.7666015625,15667.7666015625,3701097,0.0,0.0
2024-07-24 00:00:00+07:00,15704.2880859375,16069.50390625,15631.2451171875,16032.982421875,16032.982421875,3656055,0.0,0.0
2024-07-25 00:00:00+07:00,15448.63671875,15996.4609375,15448.63671875,15996.4609375,15996.4609375,3386625,0.0,0.0
2024-07-26 00:00:00+07:00,16069.50390625,16069.50390625,15777.3310546875,16032.982421875,16032.982421875,3116648,0.0,0.0
2024-07-29 00:00:00+07:00,16032.982421875,16032.982421875,15813.8525390625,16032.982421875,16032.982421875,3253554,0.0,0.0
2024-07-30 00:00:00+07:00,15850.3740234375,16032.982421875,15850.3740234375,15996.4609375,15996.4609375,3025196,0.0,0.0
2024-07-31 00:00:00+07:00,15996.4609375,15996.4609375,15777.3310546875,15923.41796875,15923.41796875,3468358,0.0,0.0
2024-08-01 00:00:00+07:00,15923.41796875,16288.6337890625,15777.3310546875,16032.982421875,16032.982421875,3961217,0.0,0.0
2024-08-02 00:00:00+07:00,16032.982421875,16507.763671875,15631.2451171875,16507.763671875,16507.763671875,4078819,0.0,0.0
2024-08-05 00:00:00+07:00,16288.6337890625,16288.6337890625,15375.59375,15996.4609375,15996.4609375,4040211,0.0,0.0
2024-08-06 00:00:00+07:00,16142.546875,16142.546875,15740.8095703125,16069.50390625,16069.50390625,4192313,0.0,0.0
2024-08-07 00:00:00+07:00,15813.8525390625,16069.50390625,15777.3310546875,15777.3310546875,15777.3310546875,3687406,0.0,0.0
2024-08-08 00:00:00+07:00,15485.158203125,15813.8525390625,15485.158203125,15777.3310546875,15777.3310546875,3452477,0.0,0.0
2024-08-09 00:00:00+07:00,15813.8525390625,15850.3740234375,15631.2451171875,15850.3740234375,15850.3740234375,3121577,0.0,0.0
2024-08-12 00:00:00+07:00,15777.3310546875,15959.939453125,15740.8095703125,15886.896484375,15886.896484375,3062571,0.0,0.0
2024-08-13 00:00:00+07:00,15777.3310546875,15959.939453125,15558.2021484375,15558.2021484375,15558.2021484375,3282167,0.0,0.0
2024-08-14 00:00:00+07:00,15740.8095703125,15777.3310546875,15667.7666015625,15777.3310546875,15777.3310546875,2897326,0.0,0.0
2024-08-15 00:00:00+07:00,15850.3740234375,15850.3740234375,15631.2451171875,15740.8095703125,15740.8095703125,2873915,0.0,0.0
2024-08-16 00:00:00+07:00,15777.3310546875,15813.8525390625,15631.2451171875,15777.3310546875,15777.3310546875,3750109,0.0,0.0
2024-08-19 00:00:00+07:00,15813.8525390625,15813.8525390625,15631.2451171875,15777.3310546875,15777.3310546875,3387310,0.0,0.0
2024-08-20 00:00:00+07:00,15777.3310546875,15813.8525390625,15704.2880859375,15777.3310546875,15777.3310546875,4115372,0.0,0.0
2024-08-21 00:00:00+07:00,15667.7666015625,15813.8525390625,15631.2451171875,15813.8525390625,15813.8525390625,3906455,0.0,0.0
2024-08-22 00:00:00+07:00,15740.8095703125,16580.806640625,15740.8095703125,16580.806640625,16580.806640625,6834174,0.0,0.0
2024-08-23 00:00:00+07:00,16304.3203125,16968.109375,16304.3203125,16594.728515625,16594.728515625,3361187,0.0,1.1364971
2024-08-26 00:00:00+07:00,16428.78125,16511.75390625,16345.8076171875,16470.267578125,16470.267578125,3280077,0.0,0.0
2024-08-27 00:00:00+07:00,16345.8076171875,16470.267578125,16055.3994140625,16096.88671875,16096.88671875,2695916,0.0,0.0
2024-08-28 00:00:00+07:00,16138.373046875,16138.373046875,15847.9658203125,15972.42578125,15972.42578125,2871152,0.0,0.0
2024-08-29 00:00:00+07:00,15847.9658203125,15972.42578125,15806.478515625,15889.4521484375,15889.4521484375,3039037,0.0,0.0
2024-08-30 00:00:00+07:00,16055.3994140625,16055.3994140625,15764.9921875,15930.939453125,15930.939453125,2735688,0.0,0.0
2024-09-02 00:00:00+07:00,15930.939453125,15930.939453125,15930.939453125,15930.939453125,15930.939453125,0,0.0,0.0
2024-09-03 00:00:00+07:00,15930.939453125,15930.939453125,15930.939453125,15930.939453125,15930.939453125,0,0.0,0.0
2024-09-04 00:00:00+07:00,15557.5576171875,15930.939453125,15350.1240234375,15350.1240234375,15350.1240234375,3147987,0.0,0.0
2024-09-05 00:00:00+07:00,15350.1240234375,15516.0712890625,15267.150390625,15350.1240234375,15350.1240234375,3008063,0.0,0.0
2024-09-06 00:00:00+07:00,15391.6103515625,15391.6103515625,14935.255859375,14935.255859375,14935.255859375,2067282,0.0,0.0
2024-09-09 00:00:00+07:00,14935.255859375,15018.2294921875,14727.8212890625,15018.2294921875,15018.2294921875,975731,0.0,0.0
2024-09-10 00:00:00+07:00,14852.2822265625,15018.2294921875,14105.51953125,14105.51953125,14105.51953125,3006737,0.0,0.0
2024-09-11 00:00:00+07:00,14105.51953125,14520.3876953125,13275.783203125,13275.783203125,13275.783203125,2677115,0.0,0.0
2024-09-12 00:00:00+07:00,13358.7568359375,13690.6513671875,12487.533203125,12487.533203125,12487.533203125,6366961,0.0,0.0
2024-09-13 00:00:00+07:00,12860.9150390625,13026.8623046875,12611.994140625,12653.48046875,12653.48046875,2656385,0.0,0.0
2024-09-16 00:00:00+07:00,12777.94140625,13192.8095703125,12611.994140625,12653.48046875,12653.48046875,3599335,0.0,0.0
2024-09-17 00:00:00+07:00,12860.9150390625,13026.8623046875,12653.48046875,12819.427734375,12819.427734375,1970987,0.0,0.0
2024-09-18 00:00:00+07:00,12943.888671875,13109.8359375,12943.888671875,12943.888671875,12943.888671875,2106211,0.0,0.0
2024-09-19 00:00:00+07:00,13109.8359375,13815.111328125,13068.3486328125,13815.111328125,13815.111328125,3314546,0.0,0.0
2024-09-20 00:00:00+07:00,13981.05859375,14354.4404296875,13649.1640625,13732.1376953125,13732.1376953125,3262722,0.0,0.0
2024-09-23 00:00:00+07:00,13856.5986328125,13856.5986328125,13234.2958984375,13234.2958984375,13234.2958984375,2421250,0.0,0.0
2024-09-24 00:00:00+07:00,13275.783203125,13815.111328125,13192.8095703125,13690.6513671875,13690.6513671875,1264738,0.0,0.0
2024-09-25 00:00:00+07:00,14105.51953125,14105.51953125,13732.1376953125,13815.111328125,13815.111328125,2332909,0.0,0.0
2024-09-26 00:00:00+07:00,13815.111328125,14147.005859375,13815.111328125,14105.51953125,14105.51953125,3089414,0.0,0.0
2024-09-27 00:00:00+07:00,14105.51953125,14229.9794921875,13981.05859375,14105.51953125,14105.51953125,1981111,0.0,0.0
2024-09-30 00:00:00+07:00,14105.51953125,14147.005859375,13981.05859375,14147.005859375,14147.005859375,1863724,0.0,0.0
2024-10-01 00:00:00+07:00,14147.005859375,14561.8740234375,14105.51953125,14478.900390625,14478.900390625,2425107,0.0,0.0
2024-10-02 00:00:00+07:00,14354.4404296875,14603.361328125,14271.466796875,14561.8740234375,14561.8740234375,2113321,0.0,0.0
2024-10-03 00:00:00+07:00,14520.3876953125,14935.255859375,14520.3876953125,14769.30859375,14769.30859375,3175104,0.0,0.0
2024-10-04 00:00:00+07:00,14769.30859375,14769.30859375,14478.900390625,14520.3876953125,14520.3876953125,2535503,0.0,0.0
2024-10-07 00:00:00+07:00,14478.900390625,14520.3876953125,14188.4931640625,14188.4931640625,14188.4931640625,1971469,0.0,0.0
2024-10-08 00:00:00+07:00,14188.4931640625,14271.466796875,14064.0322265625,14188.4931640625,14188.4931640625,2725443,0.0,0.0
2024-10-09 00:00:00+07:00,14188.4931640625,14935.255859375,14064.0322265625,14520.3876953125,14520.3876953125,2669160,0.0,0.0
2024-10-10 00:00:00+07:00,14603.361328125,14769.30859375,14520.3876953125,14520.3876953125,14520.3876953125,2573708,0.0,0.0
2024-10-11 00:00:00+07:00,14644.84765625,14686.3349609375,14520.3876953125,14603.361328125,14603.361328125,1930492,0.0,0.0
2024-10-14 00:00:00+07:00,14727.8212890625,14727.8212890625,14437.4140625,14437.4140625,14437.4140625,2437159,0.0,0.0
2024-10-15 00:00:00+07:00,14188.4931640625,14603.361328125,14188.4931640625,14437.4140625,14437.4140625,1941459,0.0,0.0
2024-10-16 00:00:00+07:00,14105.51953125,14354.4404296875,13856.5986328125,13856.5986328125,13856.5986328125,2012084,0.0,0.0
2024-10-17 00:00:00+07:00,13856.5986328125,13939.572265625,13441.73046875,13898.0849609375,13898.0849609375,2579011,0.0,0.0
2024-10-18 00:00:00+07:00,13898.0849609375,14229.9794921875,13856.5986328125,13856.5986328125,13856.5986328125,2049204,0.0,0.0
2024-10-21 00:00:00+07:00,13649.1640625,13898.0849609375,13649.1640625,13856.5986328125,13856.5986328125,2434266,0.0,0.0
2024-10-22 00:00:00+07:00,13815.111328125,13856.5986328125,13649.1640625,13856.5986328125,13856.5986328125,2229021,0.0,0.0
2024-10-23 00:00:00+07:00,13856.5986328125,13856.5986328125,13649.1640625,13815.111328125,13815.111328125,2236011,0.0,0.0
2024-10-24 00:00:00+07:00,13773.625,13815.111328125,13607.677734375,13815.111328125,13815.111328125,2070175,0.0,0.0
2024-10-25 00:00:00+07:00,13815.111328125,13815.111328125,13566.1904296875,13815.111328125,13815.111328125,2096569,0.0,0.0
2024-10-28 00:00:00+07:00,13607.677734375,13815.111328125,13607.677734375,13815.111328125,13815.111328125,2282652,0.0,0.0
2024-10-29 00:00:00+07:00,13815.111328125,13856.5986328125,13649.1640625,13773.625,13773.625,2218776,0.0,0.0
2024-10-30 00:00:00+07:00,13690.6513671875,13690.6513671875,13483.216796875,13690.6513671875,13690.6513671875,3935105,0.0,0.0
2024-10-31 00:00:00+07:00,13649.1640625,13732.1376953125,13483.216796875,13732.1376953125,13732.1376953125,2326521,0.0,0.0
2024-11-01 00:00:00+07:00,13566.1904296875,14064.0322265625,13566.1904296875,14064.0322265625,14064.0322265625,3249706,0.0,0.0
2024-11-04 00:00:00+07:00,13939.572265625,13939.572265625,13607.677734375,13856.5986328125,13856.5986328125,2444993,0.0,0.0
2024-11-05 00:00:00+07:00,13773.625,13898.0849609375,13566.1904296875,13898.0849609375,13898.0849609375,2118142,0.0,0.0
2024-11-06 00:00:00+07:00,13898.0849609375,14064.0322265625,13815.111328125,14022.5458984375,14022.5458984375,2239988,0.0,0.0
2024-11-07 00:00:00+07:00,14022.5458984375,14105.51953125,13815.111328125,13981.05859375,13981.05859375,1948570,0.0,0.0
2024-11-08 00:00:00+07:00,13981.05859375,14022.5458984375,13690.6513671875,13898.0849609375,13898.0849609375,2091025,0.0,0.0
2024-11-11 00:00:00+07:00,13898.0849609375,13939.572265625,13607.677734375,13856.5986328125,13856.5986328125,2056918,0.0,0.0
2024-11-12 00:00:00+07:00,13856.5986328125,13856.5986328125,13649.1640625,13815.111328125,13815.111328125,2069331,0.0,0.0
2024-11-13 00:00:00+07:00,13607.677734375,13856.5986328125,13566.1904296875,13856.5986328125,13856.5986328125,2242760,0.0,0.0
2024-11-14 00:00:00+07:00,13607.677734375,13898.0849609375,13607.677734375,13898.0849609375,13898.0849609375,2256740,0.0,0.0
2024-11-15 00:00:00+07:00,13856.5986328125,13939.572265625,13732.1376953125,13939.572265625,13939.572265625,2149477,0.0,0.0
2024-11-18 00:00:00+07:00,13773.625,13981.05859375,13607.677734375,13981.05859375,13981.05859375,4272923,0.0,0.0
2024-11-19 00:00:00+07:00,13732.1376953125,14105.51953125,13690.6513671875,14022.5458984375,14022.5458984375,3974635,0.0,0.0
2024-11-20 00:00:00+07:00,13732.1376953125,14022.5458984375,13732.1376953125,14022.5458984375,14022.5458984375,2296150,0.0,0.0
2024-11-21 00:00:00+07:00,13856.5986328125,14022.5458984375,13732.1376953125,14022.5458984375,14022.5458984375,2703388,0.0,0.0
2024-11-22 00:00:00+07:00,13981.05859375,14022.5458984375,13856.5986328125,14022.5458984375,14022.5458984375,2045709,0.0,0.0
2024-11-25 00:00:00+07:00,13981.05859375,14022.5458984375,13856.5986328125,13981.05859375,13981.05859375,2377743,0.0,0.0
2024-11-26 00:00:00+07:00,13939.572265625,14022.5458984375,13898.0849609375,14022.5458984375,14022.5458984375,2223597,0.0,0.0
2024-11-27 00:00:00+07:00,13898.0849609375,14064.0322265625,13898.0849609375,14064.0322265625,14064.0322265625,2337127,0.0,0.0
2024-11-28 00:00:00+07:00,14105.51953125,14188.4931640625,13939.572265625,14105.51953125,14105.51953125,2341345,0.0,0.0
2024-11-29 00:00:00+07:00,14105.51953125,14105.51953125,13939.572265625,14105.51953125,14105.51953125,2606610,0.0,0.0
2024-12-02 00:00:00+07:00,14105.51953125,14147.005859375,13981.05859375,14064.0322265625,14064.0322265625,2097774,0.0,0.0
2024-12-03 00:00:00+07:00,14064.0322265625,14105.51953125,13898.0849609375,14105.51953125,14105.51953125,2204555,0.0,0.0
2024-12-04 00:00:00+07:00,13939.572265625,14064.0322265625,13898.0849609375,14064.0322265625,14064.0322265625,2106934,0.0,0.0
2024-12-05 00:00:00+07:00,14064.0322265625,14271.466796875,13939.572265625,14271.466796875,14271.466796875,2774254,0.0,0.0
2024-12-06 00:00:00+07:00,14105.51953125,14603.361328125,14105.51953125,14312.953125,14312.953125,2237578,0.0,0.0
2024-12-09 00:00:00+07:00,14188.4931640625,14437.4140625,14105.51953125,14354.4404296875,14354.4404296875,2977451,0.0,0.0
2024-12-10 00:00:00+07:00,14354.4404296875,14478.900390625,14312.953125,14395.9267578125,14395.9267578125,2758466,0.0,0.0
2024-12-11 00:00:00+07:00,14395.9267578125,14437.4140625,14188.4931640625,14395.9267578125,14395.9267578125,2514653,0.0,0.0
2024-12-12 00:00:00+07:00,14395.9267578125,14437.4140625,14229.9794921875,14437.4140625,14437.4140625,2114044,0.0,0.0
2024-12-13 00:00:00+07:00,14312.953125,14437.4140625,14188.4931640625,14395.9267578125,14395.9267578125,2161770,0.0,0.0
2024-12-16 00:00:00+07:00,14395.9267578125,14395.9267578125,14188.4931640625,14354.4404296875,14354.4404296875,2054748,0.0,0.0
2024-12-17 00:00:00+07:00,14312.953125,14354.4404296875,14064.0322265625,14354.4404296875,14354.4404296875,2859462,0.0,0.0
2024-12-18 00:00:00+07:00,14188.4931640625,14312.953125,14188.4931640625,14312.953125,14312.953125,1839861,0.0,0.0
2024-12-19 00:00:00+07:00,14147.005859375,14188.4931640625,13690.6513671875,13690.6513671875,13690.6513671875,2729662,0.0,0.0
2024-12-20 00:00:00+07:00,13939.572265625,14022.5458984375,13690.6513671875,13856.5986328125,13856.5986328125,1906026,0.0,0.0
2024-12-23 00:00:00+07:00,13815.111328125,14064.0322265625,13773.625,14064.0322265625,14064.0322265625,2107295,0.0,0.0
2024-12-24 00:00:00+07:00,14022.5458984375,14147.005859375,13898.0849609375,14147.005859375,14147.005859375,2050048,0.0,0.0
2024-12-25 00:00:00+07:00,13981.05859375,14312.953125,13981.05859375,14312.953125,14312.953125,2319772,0.0,0.0
2024-12-26 00:00:00+07:00,14312.953125,14354.4404296875,14022.5458984375,14022.5458984375,14022.5458984375,2041009,0.0,0.0
2024-12-27 00:00:00+07:00,14147.005859375,14271.466796875,14022.5458984375,14022.5458984375,14022.5458984375,2099220,0.0,0.0
2024-12-30 00:00:00+07:00,13939.572265625,14064.0322265625,13856.5986328125,13856.5986328125,13856.5986328125,2081865,0.0,0.0
2024-12-31 00:00:00+07:00,13981.05859375,13981.05859375,13773.625,13898.0849609375,13898.0849609375,1966166,0.0,0.0
2025-01-01 00:00:00+07:00,13898.0849609375,13898.0849609375,13898.0849609375,13898.0849609375,13898.0849609375,0,0.0,0.0
2025-01-02 00:00:00+07:00,14022.5458984375,14022.5458984375,13649.1640625,13898.0849609375,13898.0849609375,1982075,0.0,0.0
2025-01-03 00:00:00+07:00,13898.0849609375,13939.572265625,13690.6513671875,13939.572265625,13939.572265625,2121758,0.0,0.0
2025-01-06 00:00:00+07:00,13815.111328125,13898.0849609375,13773.625,13898.0849609375,13898.0849609375,2060172,0.0,0.0
2025-01-07 00:00:00+07:00,13898.0849609375,13939.572265625,13732.1376953125,13939.572265625,13939.572265625,3857369,0.0,0.0
2025-01-08 00:00:00+07:00,13815.111328125,14188.4931640625,13773.625,14188.4931640625,14188.4931640625,2559969,0.0,0.0
2025-01-09 00:00:00+07:00,14354.4404296875,14354.4404296875,14022.5458984375,14147.005859375,14147.005859375,2346166,0.0,0.0
2025-01-10 00:00:00+07:00,14147.005859375,14437.4140625,14064.0322265625,14437.4140625,14437.4140625,2598294,0.0,0.0
2025-01-13 00:00:00+07:00,14147.005859375,14603.361328125,14147.005859375,14520.3876953125,14520.3876953125,3054222,0.0,0.0
2025-01-14 00:00:00+07:00,14229.9794921875,14478.900390625,14229.9794921875,14478.900390625,14478.900390625,2272890,0.0,0.0
2025-01-15 00:00:00+07:00,14312.953125,14686.3349609375,14188.4931640625,14686.3349609375,14686.3349609375,4043814,0.0,0.0
2025-01-16 00:00:00+07:00,14312.953125,14686.3349609375,14188.4931640625,14686.3349609375,14686.3349609375,4043814,0.0,0.0
2025-01-17 00:00:00+07:00,14603.361328125,14852.2822265625,14603.361328125,14852.2822265625,14852.2822265625,2502963,0.0,0.0
2025-01-20 00:00:00+07:00,14644.84765625,14935.255859375,14644.84765625,14935.255859375,14935.255859375,2333391,0.0,0.0
2025-01-21 00:00:00+07:00,14935.255859375,15308.63671875,14893.7685546875,15308.63671875,15308.63671875,3243078,0.0,0.0
2025-01-22 00:00:00+07:00,15433.09765625,15557.5576171875,15225.6630859375,15557.5576171875,15557.5576171875,2366293,0.0,0.0
2025-01-23 00:00:00+07:00,15557.5576171875,15723.5048828125,15433.09765625,15557.5576171875,15557.5576171875,2572985,0.0,0.0
2025-01-24 00:00:00+07:00,15433.09765625,15599.044921875,15018.2294921875,15557.5576171875,15557.5576171875,2745209,0.0,0.0
2025-01-27 00:00:00+07:00,15557.5576171875,15557.5576171875,15557.5576171875,15557.5576171875,15557.5576171875,0,0.0,0.0
2025-01-28 00:00:00+07:00,15557.5576171875,15557.5576171875,15557.5576171875,15557.5576171875,15557.5576171875,0,0.0,0.0
2025-01-29 00:00:00+07:00,15557.5576171875,15557.5576171875,15557.5576171875,15557.5576171875,15557.5576171875,0,0.0,0.0
2025-01-30 00:00:00+07:00,15557.5576171875,15557.5576171875,15557.5576171875,15557.5576171875,15557.5576171875,0,0.0,0.0
2025-01-31 00:00:00+07:00,15557.5576171875,15557.5576171875,15557.5576171875,15557.5576171875,15557.5576171875,0,0.0,0.0
2025-02-03 00:00:00+07:00,15184.1767578125,15516.0712890625,14603.361328125,15516.0712890625,15516.0712890625,2521885,0.0,0.0
2025-02-04 00:00:00+07:00,15516.0712890625,15599.044921875,15018.2294921875,15599.044921875,15599.044921875,2332547,0.0,0.0
2025-02-05 00:00:00+07:00,15391.6103515625,15599.044921875,15350.1240234375,15474.583984375,15474.583984375,2403413,0.0,0.0
2025-02-06 00:00:00+07:00,15599.044921875,15599.044921875,15225.6630859375,15474.583984375,15474.583984375,2631679,0.0,0.0
2025-02-07 00:00:00+07:00,15101.203125,15557.5576171875,15101.203125,15516.0712890625,15516.0712890625,2703027,0.0,0.0
2025-02-10 00:00:00+07:00,15350.1240234375,15516.0712890625,15018.2294921875,15516.0712890625,15516.0712890625,2987575,0.0,0.0
2025-02-11 00:00:00+07:00,15474.583984375,15723.5048828125,15308.63671875,15723.5048828125,15723.5048828125,3246814,0.0,0.0
2025-02-12 00:00:00+07:00,15723.5048828125,15723.5048828125,15516.0712890625,15723.5048828125,15723.5048828125,2749306,0.0,0.0
2025-02-13 00:00:00+07:00,15682.0185546875,15806.478515625,15474.583984375,15806.478515625,15806.478515625,2001599,0.0,0.0
2025-02-14 00:00:00+07:00,15930.939453125,16179.8603515625,15889.4521484375,16179.8603515625,16179.8603515625,2857413,0.0,0.0
2025-02-17 00:00:00+07:00,16055.3994140625,16511.75390625,15972.42578125,16470.267578125,16470.267578125,2510917,0.0,0.0
2025-02-18 00:00:00+07:00,16511.75390625,16511.75390625,16262.833984375,16387.294921875,16387.294921875,2380635,0.0,0.0
2025-02-19 00:00:00+07:00,16262.833984375,16428.78125,16179.8603515625,16262.833984375,16262.833984375,2135858,0.0,0.0
2025-02-20 00:00:00+07:00,16096.88671875,16387.294921875,16013.9130859375,16262.833984375,16262.833984375,2669642,0.0,0.0
2025-02-21 00:00:00+07:00,16179.8603515625,16262.833984375,16013.9130859375,16221.3466796875,16221.3466796875,2221187,0.0,0.0
2025-02-24 00:00:00+07:00,16013.9130859375,16304.3203125,15889.4521484375,16304.3203125,16304.3203125,2465361,0.0,0.0
2025-02-25 00:00:00+07:00,16304.3203125,16345.8076171875,16096.88671875,16262.833984375,16262.833984375,2138751,0.0,0.0
2025-02-26 00:00:00+07:00,16345.8076171875,16345.8076171875,16013.9130859375,16013.9130859375,16013.9130859375,2146103,0.0,0.0
2025-02-27 00:00:00+07:00,16013.9130859375,16179.8603515625,15806.478515625,16179.8603515625,16179.8603515625,2137787,0.0,0.0
2025-02-28 00:00:00+07:00,16221.3466796875,16221.3466796875,15806.478515625,16096.88671875,16096.88671875,2725082,0.0,0.0
2025-03-03 00:00:00+07:00,16096.88671875,16262.833984375,15847.9658203125,16138.373046875,16138.373046875,2062462,0.0,0.0
2025-03-04 00:00:00+07:00,15889.4521484375,16138.373046875,15889.4521484375,16138.373046875,16138.373046875,2303864,0.0,0.0
2025-03-05 00:00:00+07:00,16138.373046875,16179.8603515625,16013.9130859375,16138.373046875,16138.373046875,2171894,0.0,0.0
2025-03-06 00:00:00+07:00,16179.8603515625,16387.294921875,16096.88671875,16138.373046875,16138.373046875,2264695,0.0,0.0
2025-03-07 00:00:00+07:00,16138.373046875,16304.3203125,16013.9130859375,16304.3203125,16304.3203125,2159721,0.0,0.0
2025-03-10 00:00:00+07:00,16345.8076171875,16470.267578125,16304.3203125,16428.78125,16428.78125,2240229,0.0,0.0
2025-03-11 00:00:00+07:00,16428.78125,16428.78125,16138.373046875,16428.78125,16428.78125,2236011,0.0,0.0
2025-03-12 00:00:00+07:00,16428.78125,16511.75390625,16221.3466796875,16470.267578125,16470.267578125,1953270,0.0,0.0
2025-03-13 00:00:00+07:00,16470.267578125,16470.267578125,16221.3466796875,16428.78125,16428.78125,2226369,0.0,0.0
2025-03-14 00:00:00+07:00,16428.78125,16428.78125,16262.833984375,16428.78125,16428.78125,2026065,0.0,0.0
2025-03-17 00:00:00+07:00,16511.75390625,16511.75390625,16304.3203125,16428.78125,16428.78125,2159360,0.0,0.0
2025-03-18 00:00:00+07:00,16470.267578125,16470.267578125,16262.833984375,16345.8076171875,16345.8076171875,1822385,0.0,0.0
2025-03-19 00:00:00+07:00,16345.8076171875,16428.78125,16221.3466796875,16428.78125,16428.78125,2088132,0.0,0.0
2025-03-20 00:00:00+07:00,16428.78125,16470.267578125,16304.3203125,16470.267578125,16470.267578125,2483800,0.0,0.0
2025-03-21 00:00:00+07:00,16428.78125,16470.267578125,16221.3466796875,16470.267578125,16470.267578125,2392446,0.0,0.0
2025-03-24 00:00:00+07:00,16470.267578125,16470.267578125,16179.8603515625,16387.294921875,16387.294921875,2418840,0.0,0.0
2025-03-25 00:00:00+07:00,16428.78125,16511.75390625,16179.8603515625,16428.78125,16428.78125,2398231,0.0,0.0
2025-03-26 00:00:00+07:00,16262.833984375,16470.267578125,16221.3466796875,16221.3466796875,16221.3466796875,2302779,0.0,0.0
2025-03-27 00:00:00+07:00,16428.78125,16428.78125,16096.88671875,16262.833984375,16262.833984375,2163458,0.0,0.0
2025-03-28 00:00:00+07:00,16304.3203125,16345.8076171875,16096.88671875,16345.8076171875,16345.8076171875,2320616,0.0,0.0
2025-03-31 00:00:00+07:00,16345.8076171875,16345.8076171875,16055.3994140625,16221.3466796875,16221.3466796875,2209978,0.0,0.0
2025-04-01 00:00:00+07:00,16262.833984375,16262.833984375,16055.3994140625,16221.3466796875,16221.3466796875,2362678,0.0,0.0
2025-04-02 00:00:00+07:00,16262.833984375,16262.833984375,15930.939453125,15930.939453125,15930.939453125,2482234,0.0,0.0
2025-04-03 00:00:00+07:00,16179.8603515625,16179.8603515625,15391.6103515625,15516.0712890625,15516.0712890625,2288196,0.0,0.0
2025-04-04 00:00:00+07:00,16428.78125,16428.78125,15640.53125,15930.939453125,15930.939453125,3206198,0.0,0.0
2025-04-07 00:00:00+07:00,15930.939453125,15930.939453125,15930.939453125,15930.939453125,15930.939453125,0,0.0,0.0
2025-04-08 00:00:00+07:00,16013.9130859375,16013.9130859375,15059.7158203125,15764.9921875,15764.9921875,1926756,0.0,0.0
2025-04-09 00:00:00+07:00,15682.0185546875,16055.3994140625,15018.2294921875,16013.9130859375,16013.9130859375,2978777,0.0,0.0
2025-04-10 00:00:00+07:00,16968.109375,17134.056640625,16594.728515625,17134.056640625,17134.056640625,3214273,0.0,0.0
2025-04-11 00:00:00+07:00,16221.3466796875,17258.517578125,16221.3466796875,16594.728515625,16594.728515625,2808241,0.0,0.0
2025-04-14 00:00:00+07:00,15889.4521484375,16553.2421875,15847.9658203125,15889.4521484375,15889.4521484375,2945634,0.0,0.0
2025-04-15 00:00:00+07:00,15433.09765625,15847.9658203125,15018.2294921875,15433.09765625,15433.09765625,2372801,0.0,0.0
2025-04-16 00:00:00+07:00,15184.1767578125,15516.0712890625,15059.7158203125,15516.0712890625,15516.0712890625,2386782,0.0,0.0
2025-04-17 00:00:00+07:00,15847.9658203125,16387.294921875,15682.0185546875,16055.3994140625,16055.3994140625,3437477,0.0,0.0
2025-04-18 00:00:00+07:00,16262.833984375,16262.833984375,15972.42578125,16055.3994140625,16055.3994140625,2405101,0.0,0.0
2025-04-21 00:00:00+07:00,16013.9130859375,16055.3994140625,15599.044921875,15806.478515625,15806.478515625,2202265,0.0,0.0
2025-04-22 00:00:00+07:00,15599.044921875,15930.939453125,15142.689453125,15930.939453125,15930.939453125,3160401,0.0,0.0
2025-04-23 00:00:00+07:00,16470.267578125,16511.75390625,15350.1240234375,15350.1240234375,15350.1240234375,2363883,0.0,0.0
2025-04-24 00:00:00+07:00,15391.6103515625,15682.0185546875,15308.63671875,15433.09765625,15433.09765625,2647587,0.0,0.0
2025-04-25 00:00:00+07:00,15516.0712890625,15557.5576171875,15018.2294921875,15018.2294921875,15018.2294921875,5316869,0.0,0.0
2025-04-28 00:00:00+07:00,15142.689453125,15516.0712890625,15101.203125,15433.09765625,15433.09765625,2153575,0.0,0.0
2025-04-29 00:00:00+07:00,15516.0712890625,15599.044921875,15267.150390625,15267.150390625,15267.150390625,2098136,0.0,0.0
2025-04-30 00:00:00+07:00,15267.150390625,15267.150390625,15267.150390625,15267.150390625,15267.150390625,0,0.0,0.0
2025-05-01 00:00:00+07:00,15267.150390625,15267.150390625,15267.150390625,15267.150390625,15267.150390625,0,0.0,0.0
2025-05-02 00:00:00+07:00,15267.150390625,15267.150390625,15267.150390625,15267.150390625,15267.150390625,0,0.0,0.0
2025-05-05 00:00:00+07:00,15308.63671875,15350.1240234375,15101.203125,15308.63671875,15308.63671875,2179728,0.0,0.0
2025-05-06 00:00:00+07:00,15308.63671875,15350.1240234375,15101.203125,15308.63671875,15308.63671875,2179728,0.0,0.0
2025-05-07 00:00:00+07:00,15308.63671875,15433.09765625,15142.689453125,15308.63671875,15308.63671875,2062582,0.0,0.0
2025-05-08 00:00:00+07:00,15350.1240234375,15391.6103515625,15225.6630859375,15391.6103515625,15391.6103515625,2119950,0.0,0.0
2025-05-09 00:00:00+07:00,15308.63671875,15516.0712890625,15267.150390625,15516.0712890625,15516.0712890625,2453550,0.0,0.0
2025-05-12 00:00:00+07:00,15557.5576171875,15889.4521484375,15433.09765625,15764.9921875,15764.9921875,2995168,0.0,0.0
2025-05-13 00:00:00+07:00,15557.5576171875,15889.4521484375,15433.09765625,15764.9921875,15764.9921875,2995168,0.0,0.0
2025-05-14 00:00:00+07:00,15764.9921875,15806.478515625,15516.0712890625,15516.0712890625,15516.0712890625,2533696,0.0,0.0
2025-05-15 00:00:00+07:00,15433.09765625,15682.0185546875,15433.09765625,15640.53125,15640.53125,2891761,0.0,0.0
2025-05-16 00:00:00+07:00,15557.5576171875,16179.8603515625,15557.5576171875,16096.88671875,16096.88671875,3350341,0.0,0.0
2025-05-19 00:00:00+07:00,15764.9921875,15764.9921875,15474.583984375,15599.044921875,15599.044921875,2371717,0.0,0.0
2025-05-20 00:00:00+07:00,15764.9921875,15764.9921875,15474.583984375,15599.044921875,15599.044921875,2371717,0.0,0.0
2025-05-21 00:00:00+07:00,15433.09765625,15640.53125,15350.1240234375,15640.53125,15640.53125,2514051,0.0,0.0
2025-05-22 00:00:00+07:00,15640.53125,15640.53125,15433.09765625,15516.0712890625,15516.0712890625,2668317,0.0,0.0
2025-05-23 00:00:00+07:00,15433.09765625,15474.583984375,15350.1240234375,15474.583984375,15474.583984375,2506458,0.0,0.0
2025-05-26 00:00:00+07:00,15391.6103515625,15474.583984375,15142.689453125,15474.583984375,15474.583984375,2900198,0.0,0.0
2025-05-27 00:00:00+07:00,15391.6103515625,15474.583984375,15142.689453125,15474.583984375,15474.583984375,2900198,0.0,0.0
2025-05-28 00:00:00+07:00,15474.583984375,15474.583984375,15308.63671875,15308.63671875,15308.63671875,2119709,0.0,0.0
2025-05-29 00:00:00+07:00,15308.63671875,15474.583984375,15308.63671875,15433.09765625,15433.09765625,2409078,0.0,0.0
2025-05-30 00:00:00+07:00,15433.09765625,15433.09765625,15267.150390625,15267.150390625,15267.150390625,2317241,0.0,0.0
2025-06-02 00:00:00+07:00,15267.150390625,15391.6103515625,15101.203125,15350.1240234375,15350.1240234375,2615408,0.0,0.0
2025-06-03 00:00:00+07:00,15267.150390625,15391.6103515625,15101.203125,15350.1240234375,15350.1240234375,2615408,0.0,0.0
2025-06-04 00:00:00+07:00,15350.1240234375,15350.1240234375,15350.1240234375,15350.1240234375,15350.1240234375,0,0.0,0.0
2025-06-05 00:00:00+07:00,15225.6630859375,15308.63671875,15142.689453125,15142.689453125,15142.689453125,2857292,0.0,0.0
2025-06-06 00:00:00+07:00,15225.6630859375,15267.150390625,15018.2294921875,15018.2294921875,15018.2294921875,2711342,0.0,0.0
2025-06-09 00:00:00+07:00,15018.2294921875,15059.7158203125,14935.255859375,15059.7158203125,15059.7158203125,2401967,0.0,0.0
2025-06-10 00:00:00+07:00,15018.2294921875,15059.7158203125,14935.255859375,15059.7158203125,15059.7158203125,2401967,0.0,0.0
2025-06-11 00:00:00+07:00,15225.6630859375,15225.6630859375,14976.7421875,15018.2294921875,15018.2294921875,2522246,0.0,0.0
2025-06-12 00:00:00+07:00,14976.7421875,15101.203125,14893.7685546875,14976.7421875,14976.7421875,2615770,0.0,0.0
2025-06-13 00:00:00+07:00,15101.203125,15101.203125,14893.7685546875,15059.7158203125,15059.7158203125,2454996,0.0,0.0
2025-06-16 00:00:00+07:00,14935.255859375,14935.255859375,14727.8212890625,14893.7685546875,14893.7685546875,2497660,0.0,0.0
2025-06-17 00:00:00+07:00,14935.255859375,14935.255859375,14727.8212890625,14893.7685546875,14893.7685546875,2497660,0.0,0.0
2025-06-18 00:00:00+07:00,14935.255859375,14935.255859375,14727.8212890625,14893.7685546875,14893.7685546875,2360749,0.0,0.0
2025-06-19 00:00:00+07:00,14893.7685546875,14935.255859375,14727.8212890625,14893.7685546875,14893.7685546875,2279760,0.0,0.0
2025-06-20 00:00:00+07:00,14727.8212890625,15018.2294921875,14727.8212890625,15018.2294921875,15018.2294921875,2682418,0.0,0.0
2025-06-23 00:00:00+07:00,15018.2294921875,15018.2294921875,14935.255859375,15018.2294921875,15018.2294921875,2179848,0.0,0.0
2025-06-24 00:00:00+07:00,15018.2294921875,15018.2294921875,14935.255859375,15018.2294921875,15018.2294921875,2179848,0.0,0.0
2025-06-25 00:00:00+07:00,15018.2294921875,15059.7158203125,14893.7685546875,15018.2294921875,15018.2294921875,2579734,0.0,0.0
2025-06-26 00:00:00+07:00,15018.2294921875,15018.2294921875,14852.2822265625,15018.2294921875,15018.2294921875,2333030,0.0,0.0
2025-06-27 00:00:00+07:00,14893.7685546875,15059.7158203125,14852.2822265625,15059.7158203125,15059.7158203125,2602272,0.0,0.0
2025-06-30 00:00:00+07:00,15059.7158203125,15059.7158203125,14976.7421875,15059.7158203125,15059.7158203125,2292535,0.0,0.0
2025-07-01 00:00:00+07:00,15059.7158203125,15059.7158203125,14976.7421875,15059.7158203125,15059.7158203125,2292535,0.0,0.0
2025-07-02 00:00:00+07:00,15059.7158203125,15059.7158203125,14935.255859375,14935.255859375,14935.255859375,2328329,0.0,0.0
2025-07-03 00:00:00+07:00,14935.255859375,15059.7158203125,14935.255859375,15059.7158203125,15059.7158203125,2514774,0.0,0.0
2025-07-04 00:00:00+07:00,15059.7158203125,15225.6630859375,14976.7421875,15184.1767578125,15184.1767578125,2575034,0.0,0.0
2025-07-07 00:00:00+07:00,15350.1240234375,15682.0185546875,15350.1240234375,15682.0185546875,15682.0185546875,3187879,0.0,0.0
2025-07-08 00:00:00+07:00,15350.1240234375,15682.0185546875,15350.1240234375,15682.0185546875,15682.0185546875,3187879,0.0,0.0
2025-07-09 00:00:00+07:00,15640.53125,15764.9921875,15516.0712890625,15682.0185546875,15682.0185546875,2673258,0.0,0.0
2025-07-10 00:00:00+07:00,15682.0185546875,15847.9658203125,15640.53125,15847.9658203125,15847.9658203125,3034216,0.0,0.0
2025-07-11 00:00:00+07:00,15889.4521484375,15930.939453125,15764.9921875,15930.939453125,15930.939453125,3096525,0.0,0.0
2025-07-14 00:00:00+07:00,16055.3994140625,16055.3994140625,15806.478515625,15972.42578125,15972.42578125,2799563,0.0,0.0
2025-07-15 00:00:00+07:00,16055.3994140625,16055.3994140625,15806.478515625,15972.42578125,15972.42578125,2799563,0.0,0.0
2025-07-16 00:00:00+07:00,16013.9130859375,16013.9130859375,15847.9658203125,16013.9130859375,16013.9130859375,2643851,0.0,0.0
2025-07-17 00:00:00+07:00,15972.42578125,16096.88671875,15930.939453125,16096.88671875,16096.88671875,2923579,0.0,0.0
2025-07-18 00:00:00+07:00,16179.8603515625,16594.728515625,16013.9130859375,16594.728515625,16594.728515625,3410239,0.0,0.0
2025-07-21 00:00:00+07:00,16428.78125,16553.2421875,16262.833984375,16511.75390625,16511.75390625,3080375,0.0,0.0
2025-07-22 00:00:00+07:00,16428.78125,16553.2421875,16262.833984375,16511.75390625,16511.75390625,3080375,0.0,0.0
2025-07-23 00:00:00+07:00,16636.21484375,16636.21484375,16179.8603515625,16594.728515625,16594.728515625,4056950,0.0,0.0
2025-07-24 00:00:00+07:00,16594.728515625,16677.703125,16387.294921875,16470.267578125,16470.267578125,2888989,0.0,0.0
2025-07-25 00:00:00+07:00,16511.75390625,16677.703125,16428.78125,16553.2421875,16553.2421875,2338935,0.0,0.0
2025-07-28 00:00:00+07:00,17341.4921875,17548.92578125,17009.59765625,17507.439453125,17507.439453125,3843509,0.0,0.0
2025-07-29 00:00:00+07:00,17341.4921875,17548.92578125,17009.59765625,17507.439453125,17507.439453125,3843509,0.0,0.0
2025-07-30 00:00:00+07:00,17175.544921875,17548.92578125,16511.75390625,16511.75390625,16511.75390625,2870911,0.0,0.0
2025-07-31 00:00:00+07:00,16470.267578125,16802.162109375,15847.9658203125,15972.42578125,15972.42578125,3164378,0.0,0.0
2025-08-01 00:00:00+07:00,16221.3466796875,16719.189453125,16179.8603515625,16179.8603515625,16179.8603515625,3469414,0.0,0.0
2025-08-04 00:00:00+07:00,16470.267578125,16802.162109375,15889.4521484375,16802.162109375,16802.162109375,3572821,0.0,0.0
2025-08-05 00:00:00+07:00,16470.267578125,16802.162109375,15889.4521484375,16802.162109375,16802.162109375,3572821,0.0,0.0
2025-08-06 00:00:00+07:00,16802.162109375,17300.00390625,16179.8603515625,16262.833984375,16262.833984375,5005083,0.0,0.0
2025-08-07 00:00:00+07:00,16428.78125,17009.59765625,16345.8076171875,16594.728515625,16594.728515625,5434014,0.0,0.0
2025-08-08 00:00:00+07:00,16636.21484375,16760.67578125,16262.833984375,16428.78125,16428.78125,5079564,0.0,0.0
2025-08-11 00:00:00+07:00,16677.703125,17092.5703125,16594.728515625,17009.59765625,17009.59765625,6152435,0.0,0.0
2025-08-12 00:00:00+07:00,16677.703125,17092.5703125,16594.728515625,17009.59765625,17009.59765625,6152435,0.0,0.0
2025-08-13 00:00:00+07:00,17009.59765625,17051.083984375,16677.703125,16926.623046875,16926.623046875,4986041,0.0,0.0
2025-08-14 00:00:00+07:00,16926.623046875,16968.109375,16470.267578125,16553.2421875,16553.2421875,5156095,0.0,0.0
2025-08-15 00:00:00+07:00,16802.162109375,17258.517578125,16553.2421875,17258.517578125,17258.517578125,6259216,0.0,0.0
2025-08-18 00:00:00+07:00,17175.544921875,17258.517578125,16802.162109375,17092.5703125,17092.5703125,4012358,0.0,0.0
2025-08-19 00:00:00+07:00,17175.544921875,17258.517578125,16802.162109375,17092.5703125,17092.5703125,4012358,0.0,0.0
2025-08-20 00:00:00+07:00,17092.5703125,17258.517578125,16843.650390625,17175.544921875,17175.544921875,4264848,0.0,0.0
2025-08-21 00:00:00+07:00,17175.544921875,17922.306640625,16926.623046875,17922.306640625,17922.306640625,7760175,0.0,0.0
2025-08-22 00:00:00+07:00,18171.228515625,19166.912109375,17922.306640625,19166.912109375,19166.912109375,5800396,0.0,0.0
2025-08-25 00:00:00+07:00,18710.556640625,18710.556640625,17175.544921875,17217.03125,17217.03125,4992428,0.0,0.0
2025-08-26 00:00:00+07:00,18710.556640625,18710.556640625,17175.544921875,17217.03125,17217.03125,4992428,0.0,0.0
2025-08-27 00:00:00+07:00,17175.544921875,18088.25390625,16760.67578125,18088.25390625,18088.25390625,3340217,0.0,0.0
2025-08-28 00:00:00+07:00,18088.25390625,18129.740234375,17507.439453125,17756.359375,17756.359375,3657064,0.0,0.0
2025-08-29 00:00:00+07:00,17673.38671875,17963.79296875,17258.517578125,17839.333984375,17839.333984375,3204391,0.0,0.0
2025-09-01 00:00:00+07:00,17839.333984375,17839.333984375,17839.333984375,17839.333984375,17839.333984375,0,0.0,0.0
2025-09-02 00:00:00+07:00,17839.333984375,17839.333984375,17839.333984375,17839.333984375,17839.333984375,0,0.0,0.0
2025-09-03 00:00:00+07:00,17507.439453125,17839.333984375,17465.951171875,17548.92578125,17548.92578125,3222348,0.0,0.0
2025-09-04 00:00:00+07:00,17507.439453125,17839.333984375,17465.951171875,17548.92578125,17548.92578125,3222348,0.0,0.0
2025-09-05 00:00:00+07:00,17756.359375,17963.79296875,17590.412109375,17963.79296875,17963.79296875,3146420,0.0,0.0
2025-09-08 00:00:00+07:00,17465.951171875,17548.92578125,16553.2421875,16553.2421875,16553.2421875,4315105,0.0,0.0
2025-09-09 00:00:00+07:00,17465.951171875,17548.92578125,16553.2421875,16553.2421875,16553.2421875,4315105,0.0,0.0
2025-09-10 00:00:00+07:00,16553.2421875,16760.67578125,16262.833984375,16304.3203125,16304.3203125,3457845,0.0,0.0
2025-09-11 00:00:00+07:00,16387.294921875,16677.703125,16387.294921875,16553.2421875,16553.2421875,3009871,0.0,0.0
2025-09-12 00:00:00+07:00,16594.728515625,16843.650390625,15930.939453125,16677.703125,16677.703125,3273931,0.0,0.0
2025-09-15 00:00:00+07:00,16511.75390625,16511.75390625,16262.833984375,16470.267578125,16470.267578125,3219335,0.0,0.0
2025-09-16 00:00:00+07:00,16511.75390625,16511.75390625,16262.833984375,16470.267578125,16470.267578125,3219335,0.0,0.0
2025-09-17 00:00:00+07:00,16594.728515625,16677.703125,16304.3203125,16594.728515625,16594.728515625,3727810,0.0,0.0
2025-09-18 00:00:00+07:00,16553.2421875,16760.67578125,16428.78125,16677.703125,16677.703125,3510873,0.0,0.0
2025-09-19 00:00:00+07:00,16677.703125,16719.189453125,16221.3466796875,16594.728515625,16594.728515625,2973474,0.0,0.0
2025-09-22 00:00:00+07:00,16262.833984375,16470.267578125,16013.9130859375,16013.9130859375,16013.9130859375,4831534,0.0,0.0
2025-09-23 00:00:00+07:00,16262.833984375,16470.267578125,16013.9130859375,16013.9130859375,16013.9130859375,4831534,0.0,0.0
2025-09-24 00:00:00+07:00,16055.3994140625,16221.3466796875,15930.939453125,16013.9130859375,16013.9130859375,4717281,0.0,0.0
2025-09-25 00:00:00+07:00,16013.9130859375,16594.728515625,15764.9921875,16179.8603515625,16179.8603515625,3436754,0.0,0.0
2025-09-26 00:00:00+07:00,16221.3466796875,16428.78125,16138.373046875,16138.373046875,16138.373046875,4233874,0.0,0.0
2025-09-29 00:00:00+07:00,16179.8603515625,16179.8603515625,15806.478515625,16179.8603515625,16179.8603515625,3033854,0.0,0.0
2025-09-30 00:00:00+07:00,16179.8603515625,16179.8603515625,15806.478515625,16179.8603515625,16179.8603515625,3033854,0.0,0.0
2025-10-01 00:00:00+07:00,16179.8603515625,16179.8603515625,15806.478515625,16013.9130859375,16013.9130859375,2683382,0.0,0.0
2025-10-02 00:00:00+07:00,16013.9130859375,16096.88671875,15847.9658203125,16096.88671875,16096.88671875,2943344,0.0,0.0
2025-10-03 00:00:00+07:00,16096.88671875,16138.373046875,15930.939453125,16013.9130859375,16013.9130859375,3605482,0.0,0.0
2025-10-06 00:00:00+07:00,16511.75390625,16511.75390625,15847.9658203125,16345.8076171875,16345.8076171875,3154616,0.0,0.0
2025-10-07 00:00:00+07:00,16511.75390625,16511.75390625,15847.9658203125,16345.8076171875,16345.8076171875,3154616,0.0,0.0
2025-10-08 00:00:00+07:00,16345.8076171875,16387.294921875,15930.939453125,15930.939453125,15930.939453125,2739062,0.0,0.0
2025-10-09 00:00:00+07:00,16055.3994140625,16138.373046875,15930.939453125,15930.939453125,15930.939453125,3718650,0.0,0.0
2025-10-10 00:00:00+07:00,15889.4521484375,16055.3994140625,15806.478515625,15847.9658203125,15847.9658203125,3055910,0.0,0.0
2025-10-13 00:00:00+07:00,15930.939453125,16138.373046875,15764.9921875,16138.373046875,16138.373046875,4282926,0.0,0.0
2025-10-14 00:00:00+07:00,15930.939453125,16138.373046875,15764.9921875,16138.373046875,16138.373046875,4282926,0.0,0.0
2025-10-15 00:00:00+07:00,16138.373046875,16138.373046875,15847.9658203125,16096.88671875,16096.88671875,3516176,0.0,0.0
2025-10-16 00:00:00+07:00,15930.939453125,16055.3994140625,15764.9921875,15764.9921875,15764.9921875,3141720,0.0,0.0
2025-10-17 00:00:00+07:00,15806.478515625,15889.4521484375,15433.09765625,15764.9921875,15764.9921875,4435263,0.0,0.0
2025-10-20 00:00:00+07:00,15474.583984375,15599.044921875,14437.4140625,14437.4140625,14437.4140625,4130106,0.0,0.0
2025-10-21 00:00:00+07:00,15474.583984375,15599.044921875,14437.4140625,14437.4140625,14437.4140625,4130106,0.0,0.0
2025-10-22 00:00:00+07:00,14852.2822265625,15433.09765625,14478.900390625,15391.6103515625,15391.6103515625,4283769,0.0,0.0
2025-10-23 00:00:00+07:00,15516.0712890625,15516.0712890625,14644.84765625,15142.689453125,15142.689453125,3143648,0.0,0.0
2025-10-24 00:00:00+07:00,15267.150390625,15267.150390625,14769.30859375,15059.7158203125,15059.7158203125,3146300,0.0,0.0
2025-10-27 00:00:00+07:00,14893.7685546875,14893.7685546875,14561.8740234375,14561.8740234375,14561.8740234375,3286344,0.0,0.0
2025-10-28 00:00:00+07:00,14893.7685546875,14893.7685546875,14561.8740234375,14561.8740234375,14561.8740234375,3286344,0.0,0.0
2025-10-29 00:00:00+07:00,14603.361328125,14727.8212890625,14147.005859375,14727.8212890625,14727.8212890625,2979620,0.0,0.0
2025-10-30 00:00:00+07:00,14727.8212890625,14893.7685546875,14437.4140625,14893.7685546875,14893.7685546875,3886414,0.0,0.0
2025-10-31 00:00:00+07:00,14893.7685546875,14893.7685546875,14561.8740234375,14852.2822265625,14852.2822265625,3128824,0.0,0.0
2025-11-03 00:00:00+07:00,14686.3349609375,14727.8212890625,14354.4404296875,14727.8212890625,14727.8212890625,3472789,0.0,0.0
2025-11-04 00:00:00+07:00,14437.4140625,14769.30859375,14271.466796875,14769.30859375,14769.30859375,3834591,0.0,0.0
2025-11-05 00:00:00+07:00,14437.4140625,14769.30859375,14271.466796875,14769.30859375,14769.30859375,3834591,0.0,0.0
2025-11-06 00:00:00+07:00,14395.9267578125,14520.3876953125,14271.466796875,14478.900390625,14478.900390625,2994444,0.0,0.0
2025-11-07 00:00:00+07:00,14271.466796875,14395.9267578125,14022.5458984375,14271.466796875,14271.466796875,3522082,0.0,0.0
2025-11-10 00:00:00+07:00,14312.953125,14312.953125,13981.05859375,13981.05859375,13981.05859375,3208729,0.0,0.0
2025-11-11 00:00:00+07:00,14022.5458984375,14022.5458984375,13773.625,13773.625,13773.625,3483877,0.0,0.0
2025-11-12 00:00:00+07:00,13815.111328125,14271.466796875,13773.625,14229.9794921875,14229.9794921875,4376932,0.0,0.0
2025-11-13 00:00:00+07:00,14105.51953125,14312.953125,14022.5458984375,14229.9794921875,14229.9794921875,4254483,0.0,0.0
2025-11-14 00:00:00+07:00,14147.005859375,14188.4931640625,14022.5458984375,14105.51953125,14105.51953125,3875809,0.0,0.0
2025-11-17 00:00:00+07:00,14105.51953125,14478.900390625,14022.5458984375,14478.900390625,14478.900390625,4100217,0.0,0.0
2025-11-18 00:00:00+07:00,14478.900390625,14478.900390625,14147.005859375,14395.9267578125,14395.9267578125,4111787,0.0,0.0
2025-11-19 00:00:00+07:00,14395.9267578125,14395.9267578125,14105.51953125,14271.466796875,14271.466796875,3821575,0.0,0.0
2025-11-20 00:00:00+07:00,14229.9794921875,14271.466796875,14105.51953125,14105.51953125,14105.51953125,3689605,0.0,0.0
2025-11-21 00:00:00+07:00,13939.572265625,14229.9794921875,13939.572265625,14229.9794921875,14229.9794921875,3443141,0.0,0.0
2025-11-24 00:00:00+07:00,14188.4931640625,14437.4140625,14064.0322265625,14437.4140625,14437.4140625,2906103,0.0,0.0
2025-11-25 00:00:00+07:00,14271.466796875,14354.4404296875,14022.5458984375,14188.4931640625,14188.4931640625,3039760,0.0,0.0
2025-11-26 00:00:00+07:00,14147.005859375,14312.953125,14105.51953125,14312.953125,14312.953125,3973792,0.0,0.0
2025-11-27 00:00:00+07:00,14354.4404296875,14478.900390625,14229.9794921875,14395.9267578125,14395.9267578125,3470017,0.0,0.0
2025-11-28 00:00:00+07:00,14271.466796875,14395.9267578125,14188.4931640625,14354.4404296875,14354.4404296875,3287188,0.0,0.0
2025-12-01 00:00:00+07:00,14354.4404296875,14354.4404296875,14147.005859375,14271.466796875,14271.466796875,3201016,0.0,0.0
2025-12-02 00:00:00+07:00,14271.466796875,14312.953125,14147.005859375,14312.953125,14312.953125,3343832,0.0,0.0
2025-12-03 00:00:00+07:00,14354.4404296875,14727.8212890625,14312.953125,14727.8212890625,14727.8212890625,3799881,0.0,0.0
2025-12-04 00:00:00+07:00,14769.30859375,14769.30859375,14520.3876953125,14686.3349609375,14686.3349609375,3086040,0.0,0.0
2025-12-05 00:00:00+07:00,14686.3349609375,14686.3349609375,14395.9267578125,14686.3349609375,14686.3349609375,3517743,0.0,0.0
2025-12-08 00:00:00+07:00,14395.9267578125,14603.361328125,14395.9267578125,14561.8740234375,14561.8740234375,2898149,0.0,0.0
2025-12-09 00:00:00+07:00,14437.4140625,14520.3876953125,14188.4931640625,14437.4140625,14437.4140625,3299963,0.0,0.0
2025-12-10 00:00:00+07:00,14354.4404296875,14561.8740234375,14271.466796875,14478.900390625,14478.900390625,2936474,0.0,0.0
2025-12-11 00:00:00+07:00,14520.3876953125,14520.3876953125,14271.466796875,14478.900390625,14478.900390625,2817039,0.0,0.0
2025-12-12 00:00:00+07:00,14478.900390625,14478.900390625,14105.51953125,14354.4404296875,14354.4404296875,2995891,0.0,0.0
2025-12-15 00:00:00+07:00,14312.953125,14312.953125,14105.51953125,14271.466796875,14271.466796875,3284657,0.0,0.0
2025-12-16 00:00:00+07:00,14271.466796875,14561.8740234375,14147.005859375,14561.8740234375,14561.8740234375,2956963,0.0,0.0
2025-12-17 00:00:00+07:00,14478.900390625,14520.3876953125,14271.466796875,14478.900390625,14478.900390625,2920083,0.0,0.0
2025-12-18 00:00:00+07:00,14478.900390625,14520.3876953125,14271.466796875,14478.900390625,14478.900390625,2920083,0.0,0.0
2025-12-19 00:00:00+07:00,14478.900390625,14520.3876953125,14354.4404296875,14520.3876953125,14520.3876953125,2708932,0.0,0.0
2025-12-22 00:00:00+07:00,14520.3876953125,14727.8212890625,14395.9267578125,14727.8212890625,14727.8212890625,2601187,0.0,0.0
2025-12-23 00:00:00+07:00,14686.3349609375,14686.3349609375,14437.4140625,14520.3876953125,14520.3876953125,3208247,0.0,0.0
2025-12-24 00:00:00+07:00,14603.361328125,14603.361328125,14271.466796875,14520.3876953125,14520.3876953125,2782088,0.0,0.0
2025-12-25 00:00:00+07:00,14603.361328125,14603.361328125,14271.466796875,14520.3876953125,14520.3876953125,2782088,0.0,0.0
2025-12-26 00:00:00+07:00,14437.4140625,14437.4140625,14188.4931640625,14354.4404296875,14354.4404296875,2523934,0.0,0.0
2025-12-29 00:00:00+07:00,14229.9794921875,14354.4404296875,14188.4931640625,14354.4404296875,14354.4404296875,2156950,0.0,0.0
2025-12-30 00:00:00+07:00,14354.4404296875,14354.4404296875,14188.4931640625,14271.466796875,14271.466796875,2156106,0.0,0.0
2025-12-31 00:00:00+07:00,14312.953125,14478.900390625,14147.005859375,14478.900390625,14478.900390625,2909960,0.0,0.0
2026-01-01 00:00:00+07:00,14478.900390625,14478.900390625,14478.900390625,14478.900390625,14478.900390625,0,0.0,0.0
2026-01-02 00:00:00+07:00,14478.900390625,14478.900390625,14478.900390625,14478.900390625,14478.900390625,0,0.0,0.0
2026-01-05 00:00:00+07:00,14437.4140625,14437.4140625,14147.005859375,14271.466796875,14271.466796875,2492598,0.0,0.0
2026-01-06 00:00:00+07:00,14312.953125,14354.4404296875,14105.51953125,14354.4404296875,14354.4404296875,2495009,0.0,0.0
2026-01-07 00:00:00+07:00,14354.4404296875,14395.9267578125,14229.9794921875,14395.9267578125,14395.9267578125,2857051,0.0,0.0
2026-01-08 00:00:00+07:00,14395.9267578125,14520.3876953125,14271.466796875,14437.4140625,14437.4140625,3229097,0.0,0.0
2026-01-09 00:00:00+07:00,14437.4140625,14478.900390625,14312.953125,14395.9267578125,14395.9267578125,2527188,0.0,0.0
2026-01-12 00:00:00+07:00,14437.4140625,14727.8212890625,14354.4404296875,14727.8212890625,14727.8212890625,3386256,0.0,0.0
2026-01-13 00:00:00+07:00,14769.30859375,14769.30859375,14520.3876953125,14686.3349609375,14686.3349609375,3201498,0.0,0.0
2026-01-14 00:00:00+07:00,14686.3349609375,14893.7685546875,14561.8740234375,14852.2822265625,14852.2822265625,4106243,0.0,0.0
2026-01-15 00:00:00+07:00,14852.2822265625,14893.7685546875,14644.84765625,14893.7685546875,14893.7685546875,2607454,0.0,0.0
2026-01-16 00:00:00+07:00,14893.7685546875,14935.255859375,14769.30859375,14935.255859375,14935.255859375,2317121,0.0,0.0
2026-01-19 00:00:00+07:00,14935.255859375,14935.255859375,14769.30859375,14935.255859375,14935.255859375,2839696,0.0,0.0
2026-01-20 00:00:00+07:00,14893.7685546875,14893.7685546875,14644.84765625,14686.3349609375,14686.3349609375,3161967,0.0,0.0
2026-01-21 00:00:00+07:00,14644.84765625,14644.84765625,14312.953125,14437.4140625,14437.4140625,2785342,0.0,0.0
2026-01-22 00:00:00+07:00,14354.4404296875,14686.3349609375,14354.4404296875,14686.3349609375,14686.3349609375,2379189,0.0,0.0
2026-01-23 00:00:00+07:00,14561.8740234375,14686.3349609375,14437.4140625,14644.84765625,14644.84765625,2402088,0.0,0.0
2026-01-26 00:00:00+07:00,14603.361328125,14603.361328125,14271.466796875,14395.9267578125,14395.9267578125,2372922,0.0,0.0
2026-01-27 00:00:00+07:00,14395.9267578125,14520.3876953125,14271.466796875,14478.900390625,14478.900390625,2170327,0.0,0.0
2026-01-28 00:00:00+07:00,14520.3876953125,14561.8740234375,14312.953125,14478.900390625,14478.900390625,2227815,0.0,0.0
2026-01-29 00:00:00+07:00,14478.900390625,14478.900390625,14312.953125,14478.900390625,14478.900390625,2236854,0.0,0.0
2026-01-30 00:00:00+07:00,14437.4140625,14520.3876953125,14229.9794921875,14229.9794921875,14229.9794921875,2864403,0.0,0.0
2026-02-02 00:00:00+07:00,14147.005859375,14229.9794921875,13898.0849609375,14229.9794921875,14229.9794921875,3541003,0.0,0.0
2026-02-03 00:00:00+07:00,14147.005859375,14229.9794921875,13981.05859375,14105.51953125,14105.51953125,2538275,0.0,0.0
2026-02-04 00:00:00+07:00,14105.51953125,14105.51953125,13981.05859375,14105.51953125,14105.51953125,2536468,0.0,0.0
2026-02-05 00:00:00+07:00,14064.0322265625,14105.51953125,13939.572265625,13939.572265625,13939.572265625,2691939,0.0,0.0
2026-02-06 00:00:00+07:00,13939.572265625,13939.572265625,13732.1376953125,13939.572265625,13939.572265625,2706522,0.0,0.0
2026-02-09 00:00:00+07:00,13856.5986328125,13939.572265625,13732.1376953125,13898.0849609375,13898.0849609375,2665545,0.0,0.0
2026-02-10 00:00:00+07:00,13856.5986328125,13898.0849609375,13690.6513671875,13898.0849609375,13898.0849609375,2427397,0.0,0.0
2026-02-11 00:00:00+07:00,13856.5986328125,14105.51953125,13773.625,14105.51953125,14105.51953125,2716284,0.0,0.0
2026-02-12 00:00:00+07:00,14105.51953125,14105.51953125,13815.111328125,14064.0322265625,14064.0322265625,2570093,0.0,0.0
2026-02-13 00:00:00+07:00,14022.5458984375,14105.51953125,13898.0849609375,14105.51953125,14105.51953125,2748704,0.0,0.0
2026-02-16 00:00:00+07:00,14105.51953125,14105.51953125,14105.51953125,14105.51953125,14105.51953125,0,0.0,0.0
2026-02-17 00:00:00+07:00,14105.51953125,14105.51953125,14105.51953125,14105.51953125,14105.51953125,0,0.0,0.0
2026-02-18 00:00:00+07:00,14105.51953125,14105.51953125,14105.51953125,14105.51953125,14105.51953125,0,0.0,0.0
2026-02-19 00:00:00+07:00,14105.51953125,14105.51953125,14105.51953125,14105.51953125,14105.51953125,0,0.0,0.0
2026-02-20 00:00:00+07:00,14105.51953125,14105.51953125,14105.51953125,14105.51953125,14105.51953125,0,0.0,0.0
2026-02-23 00:00:00+07:00,14229.9794921875,14229.9794921875,14064.0322265625,14188.4931640625,14188.4931640625,1938085,0.0,0.0
2026-02-24 00:00:00+07:00,14105.51953125,14147.005859375,14022.5458984375,14105.51953125,14105.51953125,2673981,0.0,0.0
2026-02-25 00:00:00+07:00,14022.5458984375,14105.51953125,13939.572265625,14064.0322265625,14064.0322265625,2556715,0.0,0.0
2026-02-26 00:00:00+07:00,14064.0322265625,14105.51953125,13898.0849609375,14105.51953125,14105.51953125,2547435,0.0,0.0
2026-02-27 00:00:00+07:00,14064.0322265625,14105.51953125,13898.0849609375,14022.5458984375,14022.5458984375,2401726,0.0,0.0
2026-03-02 00:00:00+07:00,13773.625,13939.572265625,13732.1376953125,13939.572265625,13939.572265625,2723756,0.0,0.0
2026-03-03 00:00:00+07:00,13773.625,13939.572265625,13732.1376953125,13939.572265625,13939.572265625,2723756,0.0,0.0
2026-03-04 00:00:00+07:00,13732.1376953125,13939.572265625,13607.677734375,13939.572265625,13939.572265625,2843071,0.0,0.0
2026-03-05 00:00:00+07:00,13773.625,14105.51953125,13690.6513671875,14105.51953125,14105.51953125,3354800,0.0,0.0
2026-03-06 00:00:00+07:00,14064.0322265625,14105.51953125,13815.111328125,14105.51953125,14105.51953125,2790524,0.0,0.0
2026-03-09 00:00:00+07:00,13773.625,13815.111328125,13234.2958984375,13524.7041015625,13524.7041015625,2782449,0.0,0.0
2026-03-10 00:00:00+07:00,13690.6513671875,13732.1376953125,13441.73046875,13690.6513671875,13690.6513671875,2456081,0.0,0.0
2026-03-11 00:00:00+07:00,13524.7041015625,13815.111328125,13483.216796875,13773.625,13773.625,2405703,0.0,0.0
2026-03-12 00:00:00+07:00,13566.1904296875,13732.1376953125,13524.7041015625,13732.1376953125,13732.1376953125,2553823,0.0,0.0
2026-03-13 00:00:00+07:00,13690.6513671875,13732.1376953125,13566.1904296875,13732.1376953125,13732.1376953125,1878909,0.0,0.0
2026-03-16 00:00:00+07:00,13732.1376953125,13732.1376953125,13566.1904296875,13732.1376953125,13732.1376953125,2536347,0.0,0.0
2026-03-17 00:00:00+07:00,13732.1376953125,13815.111328125,13732.1376953125,13815.111328125,13815.111328125,2111272,0.0,0.0
2026-03-18 00:00:00+07:00,13856.5986328125,13939.572265625,13773.625,13939.572265625,13939.572265625,2204193,0.0,0.0
2026-03-19 00:00:00+07:00,13815.111328125,14105.51953125,13773.625,14064.0322265625,14064.0322265625,3468209,0.0,0.0
2026-03-20 00:00:00+07:00,14064.0322265625,14064.0322265625,13898.0849609375,14022.5458984375,14022.5458984375,2205881,0.0,0.0
2026-03-23 00:00:00+07:00,13981.05859375,13981.05859375,13566.1904296875,13939.572265625,13939.572265625,2235770,0.0,0.0
2026-03-24 00:00:00+07:00,13939.572265625,13939.572265625,13773.625,13939.572265625,13939.572265625,2403654,0.0,0.0
2026-03-25 00:00:00+07:00,13898.0849609375,13981.05859375,13815.111328125,13898.0849609375,13898.0849609375,2138751,0.0,0.0
2026-03-26 00:00:00+07:00,13898.0849609375,13898.0849609375,13773.625,13898.0849609375,13898.0849609375,2437641,0.0,0.0
2026-03-27 00:00:00+07:00,13856.5986328125,14022.5458984375,13815.111328125,14022.5458984375,14022.5458984375,2263851,0.0,0.0
2026-03-30 00:00:00+07:00,13981.05859375,14022.5458984375,13773.625,14022.5458984375,14022.5458984375,2334596,0.0,0.0
2026-03-31 00:00:00+07:00,13981.05859375,14064.0322265625,13898.0849609375,14064.0322265625,14064.0322265625,2169363,0.0,0.0
2026-04-01 00:00:00+07:00,14105.51953125,14147.005859375,14022.5458984375,14105.51953125,14105.51953125,2105246,0.0,0.0
2026-04-02 00:00:00+07:00,14064.0322265625,14064.0322265625,13898.0849609375,14022.5458984375,14022.5458984375,2239747,0.0,0.0
2026-04-03 00:00:00+07:00,14022.5458984375,14064.0322265625,13856.5986328125,13939.572265625,13939.572265625,2172015,0.0,0.0
2026-04-06 00:00:00+07:00,13939.572265625,13939.572265625,13815.111328125,13898.0849609375,13898.0849609375,2336043,0.0,0.0
2026-04-07 00:00:00+07:00,13939.572265625,13939.572265625,13815.111328125,13939.572265625,13939.572265625,2233600,0.0,0.0
2026-04-08 00:00:00+07:00,14105.51953125,14105.51953125,13981.05859375,14105.51953125,14105.51953125,2151526,0.0,0.0
2026-04-09 00:00:00+07:00,14395.9267578125,14395.9267578125,14147.005859375,14229.9794921875,14229.9794921875,2060654,0.0,0.0
2026-04-10 00:00:00+07:00,14229.9794921875,14229.9794921875,14022.5458984375,14229.9794921875,14229.9794921875,2856208,0.0,0.0
2026-04-13 00:00:00+07:00,14064.0322265625,14229.9794921875,14064.0322265625,14188.4931640625,14188.4931640625,2460540,0.0,0.0
2026-04-14 00:00:00+07:00,14188.4931640625,14188.4931640625,14022.5458984375,14105.51953125,14105.51953125,2632161,0.0,0.0
2026-04-15 00:00:00+07:00,14105.51953125,14147.005859375,13939.572265625,14022.5458984375,14022.5458984375,2328329,0.0,0.0
2026-04-16 00:00:00+07:00,13939.572265625,14022.5458984375,13773.625,13815.111328125,13815.111328125,2357495,0.0,0.0
2026-04-17 00:00:00+07:00,13815.111328125,13981.05859375,13732.1376953125,13981.05859375,13981.05859375,2555148,0.0,0.0
2026-04-20 00:00:00+07:00,13939.572265625,14022.5458984375,13815.111328125,13981.05859375,13981.05859375,2646382,0.0,0.0
2026-04-21 00:00:00+07:00,13981.05859375,13981.05859375,13815.111328125,13939.572265625,13939.572265625,2216125,0.0,0.0
2026-04-22 00:00:00+07:00,13939.572265625,13981.05859375,13773.625,13939.572265625,13939.572265625,2839214,0.0,0.0
2026-04-23 00:00:00+07:00,13898.0849609375,13939.572265625,13773.625,13856.5986328125,13856.5986328125,2430771,0.0,0.0
2026-04-24 00:00:00+07:00,13856.5986328125,13898.0849609375,13690.6513671875,13815.111328125,13815.111328125,2275903,0.0,0.0
2026-04-27 00:00:00+07:00,13815.111328125,13815.111328125,13815.111328125,13815.111328125,13815.111328125,0,0.0,0.0
2026-04-28 00:00:00+07:00,13815.111328125,13815.111328125,13690.6513671875,13815.111328125,13815.111328125,1705601,0.0,0.0
2026-04-29 00:00:00+07:00,13732.1376953125,13856.5986328125,13690.6513671875,13856.5986328125,13856.5986328125,2180933,0.0,0.0
2026-04-30 00:00:00+07:00,13856.5986328125,13856.5986328125,13856.5986328125,13856.5986328125,13856.5986328125,0,0.0,0.0
2026-05-01 00:00:00+07:00,13856.5986328125,13856.5986328125,13856.5986328125,13856.5986328125,13856.5986328125,0,0.0,0.0
2026-05-04 00:00:00+07:00,13856.5986328125,13898.0849609375,13773.625,13898.0849609375,13898.0849609375,2397990,0.0,0.0
2026-05-05 00:00:00+07:00,13898.0849609375,13898.0849609375,13732.1376953125,13898.0849609375,13898.0849609375,2318808,0.0,0.0
2026-05-06 00:00:00+07:00,13773.625,13939.572265625,13773.625,13939.572265625,13939.572265625,2290245,0.0,0.0
2026-05-07 00:00:00+07:00,13939.572265625,14022.5458984375,13898.0849609375,13939.572265625,13939.572265625,2283375,0.0,0.0
2026-05-08 00:00:00+07:00,13939.572265625,13981.05859375,13815.111328125,13939.572265625,13939.572265625,2219138,0.0,0.0
2026-05-11 00:00:00+07:00,13898.0849609375,13939.572265625,13773.625,13856.5986328125,13856.5986328125,2529960,0.0,0.0
2026-05-12 00:00:00+07:00,13856.5986328125,13856.5986328125,13732.1376953125,13732.1376953125,13732.1376953125,2358821,0.0,0.0
2026-05-13 00:00:00+07:00,13815.111328125,13815.111328125,13690.6513671875,13815.111328125,13815.111328125,2311697,0.0,0.0
2026-05-14 00:00:00+07:00,13815.111328125,13856.5986328125,13773.625,13856.5986328125,13856.5986328125,2209135,0.0,0.0
2026-05-15 00:00:00+07:00,13856.5986328125,13856.5986328125,13690.6513671875,13690.6513671875,13690.6513671875,2420527,0.0,0.0
2026-05-18 00:00:00+07:00,13732.1376953125,13732.1376953125,13566.1904296875,13732.1376953125,13732.1376953125,2340140,0.0,0.0
2026-05-19 00:00:00+07:00,13773.625,13773.625,13607.677734375,13690.6513671875,13690.6513671875,2396664,0.0,0.0
2026-05-20 00:00:00+07:00,13649.1640625,13690.6513671875,13566.1904296875,13649.1640625,13649.1640625,2262766,0.0,0.0
2026-05-21 00:00:00+07:00,13649.1640625,13732.1376953125,13566.1904296875,13732.1376953125,13732.1376953125,2523331,0.0,0.0
2026-05-22 00:00:00+07:00,13732.1376953125,13856.5986328125,13690.6513671875,13856.5986328125,13856.5986328125,2223838,0.0,0.0
2026-05-25 00:00:00+07:00,13856.5986328125,14271.466796875,13856.5986328125,14271.466796875,14271.466796875,2286870,0.0,0.0
2026-05-26 00:00:00+07:00,14229.9794921875,14478.900390625,14188.4931640625,14478.900390625,14478.900390625,2552497,0.0,0.0
2026-05-27 00:00:00+07:00,14478.900390625,14852.2822265625,14312.953125,14852.2822265625,14852.2822265625,4742831,0.0,0.0
2026-05-28 00:00:00+07:00,14850.0,14950.0,14300.0,14450.0,14450.0,1855600,0.0,1.205202
2026-05-29 00:00:00+07:00,14500.0,14500.0,14000.0,14000.0,14000.0,2358100,0.0,0.0
2026-06-01 00:00:00+07:00,14000.0,14250.0,13950.0,14200.0,14200.0,2871800,0.0,0.0
2026-06-02 00:00:00+07:00,14200.0,14450.0,14200.0,14400.0,14400.0,2898500,0.0,0.0
2026-06-03 00:00:00+07:00,14400.0,14500.0,14200.0,14400.0,14400.0,3461200,0.0,0.0
2026-06-04 00:00:00+07:00,14450.0,14450.0,14150.0,14350.0,14350.0,2966100,0.0,0.0
2026-06-05 00:00:00+07:00,14350.0,14350.0,14050.0,14350.0,14350.0,2984000,0.0,0.0
2026-06-08 00:00:00+07:00,14350.0,14350.0,14100.0,14300.0,14300.0,2637200,0.0,0.0
2026-06-09 00:00:00+07:00,14250.0,14350.0,14150.0,14350.0,14350.0,2410200,0.0,0.0
2026-06-10 00:00:00+07:00,14350.0,14500.0,14300.0,14400.0,14400.0,2271300,0.0,0.0
2026-06-11 00:00:00+07:00,14350.0,14500.0,14350.0,14500.0,14500.0,2110400,0.0,0.0
2026-06-12 00:00:00+07:00,14550.0,14700.0,14400.0,14550.0,14550.0,2178700,0.0,0.0
2026-06-15 00:00:00+07:00,14650.0,14850.0,14500.0,14850.0,14850.0,2322100,0.0,0.0
2026-06-16 00:00:00+07:00,14850.0,14900.0,14650.0,14850.0,14850.0,2116200,0.0,0.0
2026-06-17 00:00:00+07:00,14850.0,14900.0,14700.0,14900.0,14900.0,1903900,0.0,0.0
2026-06-18 00:00:00+07:00,14900.0,14900.0,14650.0,14850.0,14850.0,2491200,0.0,0.0
2026-06-19 00:00:00+07:00,14850.0,14900.0,14700.0,14900.0,14900.0,2337600,0.0,0.0
2026-06-22 00:00:00+07:00,14850.0,15000.0,14750.0,14950.0,14950.0,2656300,0.0,0.0
2026-06-23 00:00:00+07:00,15000.0,15150.0,14850.0,15150.0,15150.0,2080900,0.0,0.0
2026-06-24 00:00:00+07:00,15150.0,15200.0,14900.0,15150.0,15150.0,2432500,0.0,0.0
2026-06-25 00:00:00+07:00,15100.0,15200.0,15000.0,15200.0,15200.0,2238400,0.0,0.0
2026-06-26 00:00:00+07:00,15200.0,16250.0,15100.0,16100.0,16100.0,3324700,0.0,0.0
2026-06-29 00:00:00+07:00,16350.0,16350.0,16000.0,16150.0,16150.0,2060100,0.0,0.0
2026-06-30 00:00:00+07:00,16150.0,16200.0,15700.0,16200.0,16200.0,2970600,0.0,0.0
2026-07-01 00:00:00+07:00,16150.0,16200.0,15700.0,16200.0,16200.0,2970600,0.0,0.0
2026-07-02 00:00:00+07:00,16450.0,16550.0,16300.0,16500.0,16500.0,2233800,0.0,0.0
2026-07-03 00:00:00+07:00,16500.0,16500.0,16350.0,16500.0,16500.0,2092000,0.0,0.0
2026-07-06 00:00:00+07:00,16500.0,16500.0,16050.0,16400.0,16400.0,2425200,0.0,0.0
2026-07-07 00:00:00+07:00,16400.0,16400.0,16150.0,16400.0,16400.0,2168400,0.0,0.0
2026-07-08 00:00:00+07:00,16400.0,16400.0,16250.0,16400.0,16400.0,2275500,0.0,0.0
2026-07-09 00:00:00+07:00,16350.0,16400.0,15850.0,15950.0,15950.0,2241900,0.0,0.0
2026-07-10 00:00:00+07:00,15700.0,16250.0,15650.0,16250.0,16250.0,2245900,0.0,0.0
2026-07-13 00:00:00+07:00,16200.0,16250.0,15450.0,15650.0,15650.0,2493500,0.0,0.0
2026-07-14 00:00:00+07:00,15650.0,15900.0,15250.0,15900.0,15900.0,2117100,0.0,0.0
2026-07-15 00:00:00+07:00,15900.0,15900.0,15600.0,15800.0,15800.0,2091700,0.0,0.0
2026-07-16 00:00:00+07:00,15800.0,16000.0,15650.0,16000.0,16000.0,2057800,0.0,0.0
2026-07-17 00:00:00+07:00,16000.0,16050.0,15450.0,15950.0,15950.0,2330900,0.0,0.0
2026-07-20 00:00:00+07:00,15900.0,15900.0,15250.0,15750.0,15750.0,2322000,0.0,0.0
2026-07-21 00:00:00+07:00,15800.0,15800.0,15500.0,15650.0,15650.0,2199400,0.0,0.0
2026-07-22 00:00:00+07:00,15650.0,15750.0,15050.0,15650.0,15650.0,2774200,0.0,0.0
2026-07-23 00:00:00+07:00,15600.0,15800.0,15350.0,15650.0,15650.0,2316600,0.0,0.0
2026-07-24 00:00:00+07:00,15450.0,15600.0,15250.0,15400.0,15400.0,1961400,0.0,0.0
2026-07-27 00:00:00+07:00,15450.0,15550.0,15300.0,15550.0,15550.0,1844400,0.0,0.0
2026-07-28 00:00:00+07:00,15400.0,15550.0,15350.0,15550.0,15550.0,2080100,0.0,0.0
2026-07-29 00:00:00+07:00,15400.0,15500.0,14950.0,15400.0,15400.0,2057100,0.0,0.0
2026-07-30 00:00:00+07:00,15300.0,15550.0,15050.0,15550.0,15550.0,2195400,0.0,0.0
2026-07-31 00:00:00+07:00,15650.0,15650.0,15350.0,15550.0,15550.0,2149600,0.0,0.0
2026-08-03 00:00:00+07:00,15550.0,15550.0,15400.0,15550.0,15550.0,2217000,0.0,0.0
2026-08-04 00:00:00+07:00,15500.0,15500.0,15200.0,15450.0,15450.0,2213000,0.0,0.0
2026-08-05 00:00:00+07:00,15400.0,15400.0,15150.0,15350.0,15350.0,2157500,0.0,0.0
2026-08-06 00:00:00+07:00,15300.0,15300.0,15050.0,15200.0,15200.0,2108400,0.0,0.0
2026-08-07 00:00:00+07:00,15200.0,15200.0,15050.0,15050.0,15050.0,2027800,0.0,0.0
2026-08-10 00:00:00+07:00,15050.0,15300.0,14800.0,15250.0,15250.0,2228300,0.0,0.0
2026-08-11 00:00:00+07:00,15250.0,15450.0,15250.0,15400.0,15400.0,1901900,0.0,0.0
2026-08-12 00:00:00+07:00,15450.0,15550.0,15300.0,15450.0,15450.0,1947100,0.0,0.0
2026-08-13 00:00:00+07:00,15450.0,15500.0,15200.0,15200.0,15200.0,1888500,0.0,0.0
2026-08-14 00:00:00+07:00,15150.0,15350.0,14800.0,15050.0,15050.0,2407500,0.0,0.0
2026-08-17 00:00:00+07:00,15050.0,15250.0,15000.0,15200.0,15200.0,2066300,0.0,0.0
2026-08-18 00:00:00+07:00,15250.0,15300.0,14850.0,15050.0,15050.0,1914300,0.0,0.0
2026-08-19 00:00:00+07:00,15100.0,15100.0,14750.0,15050.0,15050.0,2401800,0.0,0.0
2026-08-20 00:00:00+07:00,15100.0,15100.0,14900.0,15100.0,15100.0,2557000,0.0,0.0
2026-08-21 00:00:00+07:00,15000.0,15300.0,14850.0,15300.0,15300.0,2242100,0.0,0.0
2026-08-24 00:00:00+07:00,15500.0,15500.0,15200.0,15500.0,15500.0,2272800,0.0,0.0
2026-08-25 00:00:00+07:00,15550.0,16050.0,15500.0,15850.0,15850.0,2261600,0.0,0.0
2026-08-26 00:00:00+07:00,15900.0,16000.0,15700.0,16000.0,16000.0,2047000,0.0,0.0
2026-08-27 00:00:00+07:00,15850.0,16050.0,15750.0,16000.0,16000.0,2158700,0.0,0.0
2026-08-28 00:00:00+07:00,16000.0,17100.0,16000.0,17100.0,17100.0,4905600,0.0,0.0
2026-08-31 00:00:00+07:00,17100.0,17100.0,17100.0,17100.0,17100.0,0,0.0,0.0
