Date,Open,High,Low,Close,Adj Close,Volume,Dividends,Stock Splits
2020-01-01 00:00:00+07:00,5803.54833984375,5803.54833984375,5803.54833984375,5803.54833984375,4327.10986328125,0,0.0,0.0
2020-01-02 00:00:00+07:00,5819.62451171875,5916.08251953125,5803.54833984375,5916.08251953125,4411.015625,3083574,0.0,0.0
2020-01-03 00:00:00+07:00,5948.23486328125,5980.3876953125,5835.70068359375,5867.853515625,4375.05615234375,2189214,0.0,0.0
2020-01-06 00:00:00+07:00,5835.70068359375,5883.9296875,5803.54833984375,5851.77685546875,4363.06884765625,4192877,0.0,0.0
2020-01-07 00:00:00+07:00,5851.77685546875,5883.9296875,5835.70068359375,5867.853515625,4375.05615234375,2000116,0.0,0.0
2020-01-08 00:00:00+07:00,5803.54833984375,5819.62451171875,5642.78515625,5707.09033203125,4255.19140625,8157841,0.0,0.0
2020-01-09 00:00:00+07:00,5771.3955078125,5803.54833984375,5739.24267578125,5771.3955078125,4303.1376953125,3573985,0.0,0.0
2020-01-10 00:00:00+07:00,5787.4716796875,5900.005859375,5755.3193359375,5883.9296875,4387.04248046875,6429957,0.0,0.0
2020-01-13 00:00:00+07:00,5851.77685546875,5948.23486328125,5851.77685546875,5883.9296875,4387.04248046875,3500118,0.0,0.0
2020-01-14 00:00:00+07:00,5883.9296875,5932.15869140625,5867.853515625,5916.08251953125,4411.015625,3317738,0.0,0.0
2020-01-15 00:00:00+07:00,5932.15869140625,5932.15869140625,5883.9296875,5916.08251953125,4411.015625,2582246,0.0,0.0
2020-01-16 00:00:00+07:00,5916.08251953125,6141.15087890625,5916.08251953125,6141.15087890625,4578.826171875,7417031,0.0,0.0
2020-01-17 00:00:00+07:00,6173.30322265625,6269.76123046875,6108.998046875,6189.37939453125,4614.78466796875,8810292,0.0,0.0
2020-01-20 00:00:00+07:00,6189.37939453125,6189.37939453125,6108.998046875,6189.37939453125,4614.78466796875,4005925,0.0,0.0
2020-01-21 00:00:00+07:00,6141.15087890625,6253.68505859375,6125.07421875,6189.37939453125,4614.78466796875,4793077,0.0,0.0
2020-01-22 00:00:00+07:00,6189.37939453125,6237.6083984375,6157.22705078125,6205.4560546875,4626.771484375,5379032,0.0,0.0
2020-01-23 00:00:00+07:00,6205.4560546875,6205.4560546875,6205.4560546875,6205.4560546875,4626.771484375,0,0.0,0.0
2020-01-24 00:00:00+07:00,6205.4560546875,6205.4560546875,6205.4560546875,6205.4560546875,4626.771484375,0,0.0,0.0
2020-01-27 00:00:00+07:00,6205.4560546875,6205.4560546875,6205.4560546875,6205.4560546875,4626.771484375,0,0.0,0.0
2020-01-28 00:00:00+07:00,6205.4560546875,6205.4560546875,6205.4560546875,6205.4560546875,4626.771484375,0,0.0,0.0
2020-01-29 00:00:00+07:00,6205.4560546875,6205.4560546875,6205.4560546875,6205.4560546875,4626.771484375,0,0.0,0.0
2020-01-30 00:00:00+07:00,6092.921875,6092.921875,5819.62451171875,5948.23486328125,4434.98828125,7504582,0.0,0.0
2020-01-31 00:00:00+07:00,5819.62451171875,5883.9296875,5546.3271484375,5691.01416015625,4243.205078125,13862882,0.0,0.0
2020-02-03 00:00:00+07:00,5401.64013671875,5498.09814453125,5305.1826171875,5482.02197265625,4087.381103515625,9780135,0.0,0.0
2020-02-04 00:00:00+07:00,5498.09814453125,5546.3271484375,5401.64013671875,5465.94580078125,4075.394775390625,5543062,0.0,0.0
2020-02-05 00:00:00+07:00,5498.09814453125,5546.3271484375,5433.79296875,5449.869140625,4063.40771484375,6730648,0.0,0.0
2020-02-06 00:00:00+07:00,5465.94580078125,5691.01416015625,5433.79296875,5691.01416015625,4243.205078125,8928603,0.0,0.0
2020-02-07 00:00:00+07:00,5691.01416015625,5771.3955078125,5626.70849609375,5691.01416015625,4243.205078125,7967468,0.0,0.0
2020-02-10 00:00:00+07:00,5530.2509765625,5658.861328125,5401.64013671875,5642.78515625,4207.24609375,2412307,0.0,0.0
2020-02-11 00:00:00+07:00,5642.78515625,5658.861328125,5594.55615234375,5610.63232421875,4183.2724609375,4733299,0.0,0.0
2020-02-12 00:00:00+07:00,5626.70849609375,5723.16650390625,5626.70849609375,5723.16650390625,4267.17822265625,8677239,0.0,0.0
2020-02-13 00:00:00+07:00,5658.861328125,5691.01416015625,5642.78515625,5658.861328125,4219.23193359375,3933302,0.0,0.0
2020-02-14 00:00:00+07:00,5658.861328125,5739.24267578125,5626.70849609375,5723.16650390625,4267.17822265625,3429860,0.0,0.0
2020-02-17 00:00:00+07:00,5723.16650390625,5771.3955078125,5674.9375,5674.9375,4231.21826171875,6080561,0.0,0.0
2020-02-18 00:00:00+07:00,5674.9375,5691.01416015625,5594.55615234375,5642.78515625,4207.24609375,4597167,0.0,0.0
2020-02-19 00:00:00+07:00,5658.861328125,5674.9375,5610.63232421875,5658.861328125,4219.23193359375,5189188,0.0,0.0
2020-02-20 00:00:00+07:00,5691.01416015625,5739.24267578125,5626.70849609375,5658.861328125,4219.23193359375,5176934,0.0,0.0
2020-02-21 00:00:00+07:00,5658.861328125,5674.9375,5610.63232421875,5610.63232421875,4183.2724609375,3725543,0.0,0.0
2020-02-24 00:00:00+07:00,5482.02197265625,5514.17431640625,5224.80078125,5224.80078125,3895.597412109375,10832460,0.0,0.0
2020-02-25 00:00:00+07:00,5096.1904296875,5289.10595703125,5096.1904296875,5273.02978515625,3931.556884765625,5266258,0.0,0.0
2020-02-26 00:00:00+07:00,5144.41943359375,5369.48779296875,5112.2666015625,5176.57177734375,3859.638427734375,3229347,0.0,0.0
2020-02-27 00:00:00+07:00,5144.41943359375,5305.1826171875,5128.34326171875,5305.1826171875,3955.5302734375,4635454,0.0,0.0
2020-02-28 00:00:00+07:00,5192.6484375,5208.724609375,5080.1142578125,5112.2666015625,3811.693115234375,6182077,0.0,0.0
2020-03-02 00:00:00+07:00,5160.49560546875,5176.57177734375,5064.03759765625,5080.1142578125,3787.7197265625,6575327,0.0,0.0
2020-03-03 00:00:00+07:00,5176.57177734375,5224.80078125,5128.34326171875,5128.34326171875,3823.6787109375,6495582,0.0,0.0
2020-03-05 00:00:00+07:00,5321.2587890625,5449.869140625,5289.10595703125,5401.64013671875,4027.448486328125,10258759,0.0,0.0
2020-03-06 00:00:00+07:00,5385.56396484375,5385.56396484375,5289.10595703125,5369.48779296875,4003.4755859375,4238752,0.0,0.0
2020-03-09 00:00:00+07:00,4999.732421875,5080.1142578125,4999.732421875,4999.732421875,3727.786865234375,11123852,0.0,0.0
2020-03-10 00:00:00+07:00,4790.74072265625,5031.88525390625,4790.74072265625,4999.732421875,3727.786865234375,10493794,0.0,0.0
2020-03-11 00:00:00+07:00,5096.1904296875,5096.1904296875,4662.1298828125,4662.1298828125,3476.07177734375,11240545,0.0,0.0
2020-03-12 00:00:00+07:00,4437.0615234375,4501.3671875,4340.60400390625,4356.68017578125,3248.329345703125,14325519,0.0,0.0
2020-03-13 00:00:00+07:00,4083.3828125,4420.9853515625,4083.3828125,4276.298828125,3188.39697265625,13948971,0.0,0.0
2020-03-16 00:00:00+07:00,4340.60400390625,4372.75634765625,4244.14599609375,4276.298828125,3188.39697265625,9013013,0.0,0.0
2020-03-17 00:00:00+07:00,4211.9931640625,4565.67236328125,4115.53564453125,4565.67236328125,3404.1533203125,15036969,0.0,0.0
2020-03-18 00:00:00+07:00,4629.9775390625,4629.9775390625,4372.75634765625,4404.9091796875,3284.28857421875,9922581,0.0,0.0
2020-03-19 00:00:00+07:00,4308.451171875,4469.21435546875,4276.298828125,4404.9091796875,3284.28857421875,7988586,0.0,0.0
2020-03-20 00:00:00+07:00,4501.3671875,4517.443359375,4372.75634765625,4453.13818359375,3320.248291015625,8922351,0.0,0.0
2020-03-23 00:00:00+07:00,4244.14599609375,4308.451171875,4147.68798828125,4147.68798828125,3092.50537109375,10252196,0.0,0.0
2020-03-24 00:00:00+07:00,4163.7646484375,4179.8408203125,3922.619873046875,4019.07763671875,2996.61376953125,9361569,0.0,0.0
2020-03-25 00:00:00+07:00,4179.8408203125,4292.375,4099.458984375,4292.375,3200.38330078125,7389879,0.0,0.0
2020-03-26 00:00:00+07:00,4244.14599609375,4260.22216796875,4147.68798828125,4163.7646484375,3104.49169921875,3909292,0.0,0.0
2020-03-27 00:00:00+07:00,4179.8408203125,4195.9169921875,3970.8486328125,3970.8486328125,2960.654296875,7680431,0.0,0.0
2020-03-30 00:00:00+07:00,3826.161865234375,3826.161865234375,3697.551513671875,3697.551513671875,2756.884765625,7550084,0.0,0.0
2020-03-31 00:00:00+07:00,3745.7802734375,3842.23828125,3568.94091796875,3729.7041015625,2780.857421875,5227349,0.0,0.0
2020-04-01 00:00:00+07:00,3729.7041015625,3986.925048828125,3729.7041015625,3986.925048828125,2972.640625,11555107,0.0,0.0
2020-04-02 00:00:00+07:00,3986.925048828125,3986.925048828125,3986.925048828125,3986.925048828125,2972.640625,0,0.0,0.0
2020-04-03 00:00:00+07:00,4147.68798828125,4260.22216796875,4115.53564453125,4260.22216796875,3176.41064453125,14134244,0.0,0.0
2020-04-06 00:00:00+07:00,4485.29052734375,4549.595703125,4437.0615234375,4549.595703125,3392.166259765625,17021971,0.0,0.0
2020-04-07 00:00:00+07:00,4662.1298828125,4678.20654296875,4501.3671875,4549.595703125,3392.166259765625,19835427,0.0,0.0
2020-04-08 00:00:00+07:00,4469.21435546875,4662.1298828125,4372.75634765625,4613.9013671875,3440.11279296875,12725587,0.0,0.0
2020-04-09 00:00:00+07:00,4848.615234375,4923.20947265625,4829.966796875,4923.20947265625,3670.731689453125,14765514,0.0,1.16
2020-04-10 00:00:00+07:00,4960.50634765625,5072.3974609375,4848.615234375,4960.50634765625,3698.54052734375,8670446,0.0,0.0
2020-04-13 00:00:00+07:00,4904.56103515625,4997.80322265625,4848.615234375,4904.56103515625,3656.82763671875,9580921,0.0,0.0
2020-04-14 00:00:00+07:00,4867.263671875,4923.20947265625,4755.37255859375,4923.20947265625,3670.731689453125,10462250,0.0,0.0
2020-04-15 00:00:00+07:00,4960.50634765625,5016.4521484375,4923.20947265625,4979.15478515625,3712.44482421875,8247276,0.0,0.0
2020-04-16 00:00:00+07:00,4923.20947265625,5053.7490234375,4885.912109375,4979.15478515625,3712.44482421875,6979266,0.0,0.0
2020-04-17 00:00:00+07:00,5035.1005859375,5146.99169921875,5016.4521484375,5072.3974609375,3781.966064453125,10553223,0.0,0.0
2020-04-20 00:00:00+07:00,5091.0458984375,5146.99169921875,5016.4521484375,5109.6943359375,3809.7744140625,8918294,0.0,0.0
2020-04-21 00:00:00+07:00,4960.50634765625,5016.4521484375,4755.37255859375,4792.669921875,3573.40185546875,11898692,0.0,0.0
2020-04-22 00:00:00+07:00,4662.1298828125,5016.4521484375,4662.1298828125,4960.50634765625,3698.54052734375,9210409,0.0,0.0
2020-04-23 00:00:00+07:00,5035.1005859375,5146.99169921875,4960.50634765625,4960.50634765625,3698.54052734375,6957147,0.0,0.0
2020-04-24 00:00:00+07:00,4941.85791015625,4979.15478515625,4867.263671875,4941.85791015625,3684.636474609375,4041956,0.0,0.0
2020-04-27 00:00:00+07:00,4979.15478515625,4979.15478515625,4867.263671875,4885.912109375,3642.923095703125,5665033,0.0,0.0
2020-04-28 00:00:00+07:00,4885.912109375,4885.912109375,4774.02099609375,4829.966796875,3601.210693359375,6936502,0.0,0.0
2020-04-29 00:00:00+07:00,4829.966796875,4829.966796875,4829.966796875,4829.966796875,3601.210693359375,0,0.0,0.0
2020-04-30 00:00:00+07:00,4829.966796875,4829.966796875,4829.966796875,4829.966796875,3601.210693359375,0,0.0,0.0
2020-05-01 00:00:00+07:00,4829.966796875,4829.966796875,4829.966796875,4829.966796875,3601.210693359375,0,0.0,0.0
2020-05-04 00:00:00+07:00,4811.318359375,4848.615234375,4736.72412109375,4736.72412109375,3531.68896484375,5845798,0.0,0.0
2020-05-05 00:00:00+07:00,4736.72412109375,4811.318359375,4699.42724609375,4718.07568359375,3517.784912109375,4471427,0.0,0.0
2020-05-06 00:00:00+07:00,4755.37255859375,4848.615234375,4736.72412109375,4829.966796875,3601.210693359375,4492849,0.0,0.0
2020-05-07 00:00:00+07:00,4829.966796875,4923.20947265625,4811.318359375,4923.20947265625,3670.731689453125,6252614,0.0,0.0
2020-05-08 00:00:00+07:00,4923.20947265625,5146.99169921875,4923.20947265625,5035.1005859375,3754.15771484375,21233293,0.0,0.0
2020-05-11 00:00:00+07:00,5109.6943359375,5277.53125,5091.0458984375,5277.53125,3934.9130859375,16649042,0.0,0.0
2020-05-12 00:00:00+07:00,5221.58544921875,5352.12548828125,5146.99169921875,5296.1796875,3948.817626953125,10606980,0.0,0.0
2020-05-13 00:00:00+07:00,5221.58544921875,5333.4765625,5109.6943359375,5240.234375,3907.10498046875,14721114,0.0,0.0
2020-05-14 00:00:00+07:00,5165.64013671875,5464.0166015625,5165.64013671875,5314.828125,3962.721923828125,15703980,0.0,0.0
2020-05-15 00:00:00+07:00,5314.828125,5314.828125,5314.828125,5314.828125,3962.721923828125,0,0.0,0.0
2020-05-18 00:00:00+07:00,5314.828125,5314.828125,5314.828125,5314.828125,3962.721923828125,0,0.0,0.0
2020-05-19 00:00:00+07:00,5408.07080078125,5445.3681640625,5296.1796875,5445.3681640625,4060.051513671875,18427789,0.0,0.0
2020-05-20 00:00:00+07:00,5445.3681640625,5445.3681640625,5445.3681640625,5445.3681640625,4060.051513671875,0,0.0,0.0
2020-05-21 00:00:00+07:00,5389.42236328125,5408.07080078125,5296.1796875,5352.12548828125,3990.53076171875,8886737,0.0,0.0
2020-05-22 00:00:00+07:00,5296.1796875,5482.6650390625,5258.8828125,5333.4765625,3976.62548828125,19988207,0.0,0.0
2020-05-25 00:00:00+07:00,5370.77392578125,5445.3681640625,5333.4765625,5426.71923828125,4046.14794921875,16148278,0.0,0.0
2020-05-26 00:00:00+07:00,5482.6650390625,5743.744140625,5464.0166015625,5743.744140625,4282.5205078125,21772692,0.0,0.0
2020-05-27 00:00:00+07:00,5781.04150390625,5799.68994140625,5557.25927734375,5557.25927734375,4143.47802734375,21283216,0.0,0.0
2020-05-28 00:00:00+07:00,5557.25927734375,5631.85302734375,5519.9619140625,5538.6103515625,4129.57275390625,13074737,0.0,0.0
2020-05-29 00:00:00+07:00,5519.9619140625,5557.25927734375,5464.0166015625,5519.9619140625,4115.6689453125,9581939,0.0,0.0
2020-06-01 00:00:00+07:00,5557.25927734375,5706.447265625,5538.6103515625,5669.150390625,4226.904296875,11945880,0.0,0.0
2020-06-02 00:00:00+07:00,5706.447265625,5725.095703125,5594.55615234375,5613.20458984375,4185.19091796875,16373443,0.0,0.0
2020-06-03 00:00:00+07:00,5631.85302734375,5669.150390625,5594.55615234375,5669.150390625,4226.904296875,8717581,0.0,0.0
2020-06-04 00:00:00+07:00,5762.392578125,5948.8779296875,5762.392578125,5855.63525390625,4365.94580078125,25095932,0.0,0.0
2020-06-05 00:00:00+07:00,5855.63525390625,5855.63525390625,5855.63525390625,5855.63525390625,4365.94580078125,0,0.0,0.0
2020-06-08 00:00:00+07:00,5855.63525390625,5855.63525390625,5855.63525390625,5855.63525390625,4365.94580078125,0,0.0,0.0
2020-06-09 00:00:00+07:00,5855.63525390625,5855.63525390625,5855.63525390625,5855.63525390625,4365.94580078125,0,0.0,0.0
2020-06-10 00:00:00+07:00,5874.28369140625,6004.82373046875,5743.744140625,5967.5263671875,4449.37255859375,17545869,0.0,0.0
2020-06-11 00:00:00+07:00,5967.5263671875,6042.12060546875,5557.25927734375,5557.25927734375,4143.47802734375,25066519,0.0,0.0
2020-06-12 00:00:00+07:00,5445.3681640625,5781.04150390625,5333.4765625,5781.04150390625,4310.3291015625,20344053,0.0,0.0
2020-06-15 00:00:00+07:00,5781.04150390625,5799.68994140625,5389.42236328125,5389.42236328125,4018.33837890625,19448513,0.0,0.0
2020-06-16 00:00:00+07:00,5594.55615234375,5687.798828125,5501.3134765625,5669.150390625,4226.904296875,13421225,0.0,0.0
2020-06-17 00:00:00+07:00,5650.50146484375,5687.798828125,5538.6103515625,5594.55615234375,4171.2861328125,7807375,0.0,0.0
2020-06-18 00:00:00+07:00,5482.6650390625,5594.55615234375,5482.6650390625,5594.55615234375,4171.2861328125,4929345,0.0,0.0
2020-06-19 00:00:00+07:00,5594.55615234375,5706.447265625,5557.25927734375,5706.447265625,4254.7119140625,13368647,0.0,0.0
2020-06-22 00:00:00+07:00,5706.447265625,5781.04150390625,5575.90771484375,5669.150390625,4226.904296875,10099702,0.0,0.0
2020-06-23 00:00:00+07:00,5762.392578125,6060.76904296875,5762.392578125,6004.82373046875,4477.1806640625,37603626,0.0,0.0
2020-06-24 00:00:00+07:00,6004.82373046875,6098.06591796875,5855.63525390625,5874.28369140625,4379.85009765625,16022638,0.0,0.0
2020-06-25 00:00:00+07:00,5836.98681640625,5911.5810546875,5743.744140625,5892.9326171875,4393.75439453125,10496382,0.0,0.0
2020-06-26 00:00:00+07:00,5930.2294921875,6042.12060546875,5762.392578125,5781.04150390625,4310.3291015625,13191100,0.0,0.0
2020-06-29 00:00:00+07:00,5781.04150390625,5781.04150390625,5464.0166015625,5519.9619140625,4115.6689453125,20114330,0.0,0.0
2020-06-30 00:00:00+07:00,5669.150390625,5687.798828125,5389.42236328125,5519.9619140625,4115.6689453125,10140027,0.0,0.0
2020-07-01 00:00:00+07:00,5575.90771484375,5743.744140625,5501.3134765625,5706.447265625,4254.7119140625,9211830,0.0,0.0
2020-07-02 00:00:00+07:00,5706.447265625,5706.447265625,5613.20458984375,5650.50146484375,4212.99853515625,6235347,0.0,0.0
2020-07-03 00:00:00+07:00,5706.447265625,5706.447265625,5631.85302734375,5650.50146484375,4212.99853515625,6135821,0.0,0.0
2020-07-06 00:00:00+07:00,5706.447265625,5818.33837890625,5650.50146484375,5818.33837890625,4338.1376953125,10682751,0.0,0.0
2020-07-07 00:00:00+07:00,5855.63525390625,5911.5810546875,5781.04150390625,5799.68994140625,4324.23291015625,13005535,0.0,0.0
2020-07-08 00:00:00+07:00,5781.04150390625,5855.63525390625,5725.095703125,5855.63525390625,4365.94580078125,6684417,0.0,0.0
2020-07-09 00:00:00+07:00,5930.2294921875,5967.5263671875,5855.63525390625,5911.5810546875,4407.65966796875,13074334,0.0,0.0
2020-07-10 00:00:00+07:00,5911.5810546875,5911.5810546875,5911.5810546875,5911.5810546875,4407.65966796875,0,0.0,0.0
2020-07-13 00:00:00+07:00,6042.12060546875,6060.76904296875,5911.5810546875,5948.8779296875,4435.46826171875,14206569,0.0,0.0
2020-07-14 00:00:00+07:00,5930.2294921875,6228.60595703125,5930.2294921875,6228.60595703125,4644.03173828125,24500791,0.0,0.0
2020-07-15 00:00:00+07:00,6228.60595703125,6228.60595703125,6228.60595703125,6228.60595703125,4644.03173828125,0,0.0,0.0
2020-07-16 00:00:00+07:00,6191.30859375,6228.60595703125,6154.01171875,6191.30859375,4616.22314453125,9469652,0.0,0.0
2020-07-17 00:00:00+07:00,6172.66015625,6321.84814453125,6154.01171875,6228.60595703125,4644.03173828125,18297376,0.0,0.0
2020-07-20 00:00:00+07:00,5967.5263671875,5967.5263671875,5762.392578125,5762.392578125,4570.08251953125,17261771,372.9704,0.0
2020-07-21 00:00:00+07:00,5836.98681640625,5855.63525390625,5631.85302734375,5687.798828125,4510.92333984375,18644696,0.0,0.0
2020-07-22 00:00:00+07:00,5743.744140625,5762.392578125,5613.20458984375,5613.20458984375,4451.76318359375,10614810,0.0,0.0
2020-07-23 00:00:00+07:00,5631.85302734375,5650.50146484375,5538.6103515625,5557.25927734375,4407.3935546875,11739966,0.0,0.0
2020-07-24 00:00:00+07:00,5538.6103515625,5557.25927734375,5202.93701171875,5333.4765625,4229.9140625,26208326,0.0,0.0
2020-07-27 00:00:00+07:00,5035.1005859375,5221.58544921875,4960.50634765625,4960.50634765625,3934.116455078125,22282947,0.0,0.0
2020-07-28 00:00:00+07:00,5146.99169921875,5296.1796875,4979.15478515625,5296.1796875,4200.3349609375,17825087,0.0,0.0
2020-07-29 00:00:00+07:00,5221.58544921875,5221.58544921875,4941.85791015625,5053.7490234375,4008.0654296875,16958718,0.0,0.0
2020-07-30 00:00:00+07:00,5072.3974609375,5184.28857421875,5072.3974609375,5128.34326171875,4067.225341796875,7237973,0.0,0.0
2020-07-31 00:00:00+07:00,4997.80322265625,5146.99169921875,4979.15478515625,5053.7490234375,4008.0654296875,7593900,0.0,0.0
2020-08-03 00:00:00+07:00,5035.1005859375,5296.1796875,5035.1005859375,5258.8828125,4170.75537109375,13451496,0.0,0.0
2020-08-04 00:00:00+07:00,5352.12548828125,5389.42236328125,5240.234375,5352.12548828125,4244.70458984375,12448065,0.0,0.0
2020-08-05 00:00:00+07:00,5296.1796875,5482.6650390625,5277.53125,5408.07080078125,4289.07421875,12526623,0.0,0.0
2020-08-06 00:00:00+07:00,5389.42236328125,5426.71923828125,5333.4765625,5352.12548828125,4244.70458984375,11176543,0.0,0.0
2020-08-07 00:00:00+07:00,5352.12548828125,5389.42236328125,5296.1796875,5314.828125,4215.12451171875,6869606,0.0,0.0
2020-08-10 00:00:00+07:00,5408.07080078125,5445.3681640625,5370.77392578125,5370.77392578125,4259.494140625,8815739,0.0,0.0
2020-08-11 00:00:00+07:00,5426.71923828125,5501.3134765625,5370.77392578125,5482.6650390625,4348.234375,14247511,0.0,0.0
2020-08-12 00:00:00+07:00,5501.3134765625,5519.9619140625,5408.07080078125,5464.0166015625,4333.44384765625,7715866,0.0,0.0
2020-08-13 00:00:00+07:00,5482.6650390625,5557.25927734375,5445.3681640625,5538.6103515625,4392.60302734375,10013341,0.0,0.0
2020-08-14 00:00:00+07:00,5519.9619140625,5557.25927734375,5389.42236328125,5445.3681640625,4318.65380859375,11532657,0.0,0.0
2020-08-17 00:00:00+07:00,5445.3681640625,5445.3681640625,5314.828125,5408.07080078125,4289.07421875,10220221,0.0,0.0
2020-08-18 00:00:00+07:00,5408.07080078125,5445.3681640625,5352.12548828125,5370.77392578125,4259.494140625,5177783,0.0,0.0
2020-08-19 00:00:00+07:00,5352.12548828125,5445.3681640625,5352.12548828125,5426.71923828125,4303.86474609375,7159254,0.0,0.0
2020-08-20 00:00:00+07:00,5426.71923828125,5445.3681640625,5352.12548828125,5352.12548828125,4244.70458984375,7248591,0.0,0.0
2020-08-21 00:00:00+07:00,5389.42236328125,5482.6650390625,5352.12548828125,5482.6650390625,4348.234375,10076536,0.0,0.0
2020-08-24 00:00:00+07:00,5538.6103515625,5631.85302734375,5501.3134765625,5594.55615234375,4436.97314453125,18888630,0.0,0.0
2020-08-25 00:00:00+07:00,5650.50146484375,5687.798828125,5575.90771484375,5594.55615234375,4436.97314453125,12363715,0.0,0.0
2020-08-26 00:00:00+07:00,5613.20458984375,5669.150390625,5575.90771484375,5613.20458984375,4451.76318359375,14531501,0.0,0.0
2020-08-27 00:00:00+07:00,5613.20458984375,5650.50146484375,5575.90771484375,5631.85302734375,4466.55322265625,9950655,0.0,0.0
2020-08-28 00:00:00+07:00,5687.798828125,5743.744140625,5631.85302734375,5631.85302734375,4466.55322265625,15738406,0.0,0.0
2020-08-31 00:00:00+07:00,5650.50146484375,5687.798828125,5538.6103515625,5557.25927734375,4407.3935546875,10710581,0.0,0.0
2020-09-01 00:00:00+07:00,5538.6103515625,5631.85302734375,5519.9619140625,5631.85302734375,4466.55322265625,9248186,0.0,0.0
2020-09-02 00:00:00+07:00,5631.85302734375,5631.85302734375,5631.85302734375,5631.85302734375,4466.55322265625,0,0.0,0.0
2020-09-03 00:00:00+07:00,5725.095703125,5725.095703125,5631.85302734375,5687.798828125,4510.92333984375,13073905,0.0,0.0
2020-09-04 00:00:00+07:00,5594.55615234375,5855.63525390625,5538.6103515625,5743.744140625,4555.29248046875,26043835,0.0,0.0
2020-09-07 00:00:00+07:00,5781.04150390625,5911.5810546875,5706.447265625,5725.095703125,4540.5029296875,25692735,0.0,0.0
2020-09-08 00:00:00+07:00,5762.392578125,5892.9326171875,5706.447265625,5892.9326171875,4673.611328125,18316386,0.0,0.0
2020-09-09 00:00:00+07:00,5781.04150390625,5930.2294921875,5762.392578125,5911.5810546875,4688.40234375,18887530,0.0,0.0
2020-09-10 00:00:00+07:00,5948.8779296875,6023.47216796875,5911.5810546875,5911.5810546875,4688.40234375,23561252,0.0,0.0
2020-09-11 00:00:00+07:00,5911.5810546875,5948.8779296875,5855.63525390625,5874.28369140625,4658.8212890625,11804663,0.0,0.0
2020-09-14 00:00:00+07:00,5911.5810546875,5930.2294921875,5836.98681640625,5874.28369140625,4658.8212890625,12452945,0.0,0.0
2020-09-15 00:00:00+07:00,5892.9326171875,6023.47216796875,5874.28369140625,5892.9326171875,4673.611328125,18781785,0.0,0.0
2020-09-16 00:00:00+07:00,5892.9326171875,6004.82373046875,5892.9326171875,5930.2294921875,4703.19189453125,10208289,0.0,0.0
2020-09-17 00:00:00+07:00,5948.8779296875,5986.1748046875,5892.9326171875,5967.5263671875,4732.77197265625,16088086,0.0,0.0
2020-09-18 00:00:00+07:00,5967.5263671875,6135.36328125,5948.8779296875,6079.41748046875,4821.5107421875,21189858,0.0,0.0
2020-09-21 00:00:00+07:00,6135.36328125,6247.25439453125,6098.06591796875,6154.01171875,4880.67041015625,21778859,0.0,0.0
2020-09-22 00:00:00+07:00,6098.06591796875,6191.30859375,6098.06591796875,6172.66015625,4895.46044921875,18288689,0.0,0.0
2020-09-23 00:00:00+07:00,6172.66015625,6265.90283203125,6172.66015625,6228.60595703125,4939.830078125,15281909,0.0,0.0
2020-09-24 00:00:00+07:00,6191.30859375,6265.90283203125,6154.01171875,6172.66015625,4895.46044921875,12239201,0.0,0.0
2020-09-25 00:00:00+07:00,6191.30859375,6209.95703125,6060.76904296875,6135.36328125,4865.88037109375,19547180,0.0,0.0
2020-09-28 00:00:00+07:00,6172.66015625,6321.84814453125,6172.66015625,6303.19970703125,4998.98974609375,13983039,0.0,0.0
2020-09-29 00:00:00+07:00,6377.7939453125,6396.4423828125,6228.60595703125,6247.25439453125,4954.62060546875,16414760,0.0,0.0
2020-09-30 00:00:00+07:00,6247.25439453125,6340.4970703125,6191.30859375,6321.84814453125,5013.77978515625,11883409,0.0,0.0
2020-10-01 00:00:00+07:00,6377.7939453125,6713.46728515625,6340.4970703125,6638.873046875,5265.2080078125,27672517,0.0,0.0
2020-10-02 00:00:00+07:00,6676.17041015625,6732.11572265625,6340.4970703125,6620.224609375,5250.41796875,29389543,0.0,0.0
2020-10-05 00:00:00+07:00,6732.11572265625,6825.3583984375,6638.873046875,6806.7099609375,5398.3173828125,17891017,0.0,0.0
2020-10-06 00:00:00+07:00,6806.7099609375,6844.0068359375,6694.81884765625,6769.4130859375,5368.73779296875,14017653,0.0,0.0
2020-10-07 00:00:00+07:00,6713.46728515625,6769.4130859375,6638.873046875,6657.52197265625,5279.99853515625,15472326,0.0,0.0
2020-10-08 00:00:00+07:00,6713.46728515625,6732.11572265625,6564.279296875,6657.52197265625,5279.99853515625,12503592,0.0,0.0
2020-10-09 00:00:00+07:00,6713.46728515625,6806.7099609375,6657.52197265625,6713.46728515625,5324.3681640625,10377793,0.0,0.0
2020-10-12 00:00:00+07:00,6788.0615234375,6788.0615234375,6620.224609375,6657.52197265625,5279.99853515625,13001889,0.0,0.0
2020-10-13 00:00:00+07:00,6657.52197265625,6694.81884765625,6545.630859375,6545.630859375,5191.2587890625,11728142,0.0,0.0
2020-10-14 00:00:00+07:00,6564.279296875,6750.76416015625,6508.33349609375,6750.76416015625,5353.947265625,14423369,0.0,0.0
2020-10-15 00:00:00+07:00,6825.3583984375,6844.0068359375,6732.11572265625,6769.4130859375,5368.73779296875,12689693,0.0,0.0
2020-10-16 00:00:00+07:00,6750.76416015625,6825.3583984375,6694.81884765625,6769.4130859375,5368.73779296875,11915422,0.0,0.0
2020-10-19 00:00:00+07:00,6825.3583984375,6974.54638671875,6769.4130859375,6844.0068359375,5427.89697265625,25370377,0.0,0.0
2020-10-20 00:00:00+07:00,6844.0068359375,6844.0068359375,6676.17041015625,6788.0615234375,5383.52783203125,11237674,0.0,0.0
2020-10-21 00:00:00+07:00,6788.0615234375,6825.3583984375,6601.576171875,6601.576171875,5235.62890625,18944184,0.0,0.0
2020-10-22 00:00:00+07:00,6545.630859375,6713.46728515625,6489.68505859375,6713.46728515625,5324.3681640625,17926569,0.0,0.0
2020-10-23 00:00:00+07:00,6750.76416015625,6769.4130859375,6601.576171875,6676.17041015625,5294.7880859375,11717632,0.0,0.0
2020-10-26 00:00:00+07:00,6676.17041015625,6750.76416015625,6564.279296875,6564.279296875,5206.04833984375,12687011,0.0,0.0
2020-10-27 00:00:00+07:00,6526.98193359375,6582.927734375,6415.0908203125,6415.0908203125,5087.7294921875,14612231,0.0,0.0
2020-10-28 00:00:00+07:00,6377.7939453125,6433.73974609375,6154.01171875,6228.60595703125,4939.830078125,15869865,0.0,0.0
2020-10-29 00:00:00+07:00,6154.01171875,6377.7939453125,6135.36328125,6377.7939453125,5058.1494140625,12868232,0.0,0.0
2020-10-30 00:00:00+07:00,6377.7939453125,6396.4423828125,6228.60595703125,6377.7939453125,5058.1494140625,8121260,0.0,0.0
2020-11-02 00:00:00+07:00,6377.7939453125,6396.4423828125,6303.19970703125,6396.4423828125,5072.939453125,4499874,0.0,0.0
2020-11-03 00:00:00+07:00,6433.73974609375,6489.68505859375,6415.0908203125,6471.03662109375,5132.09912109375,8362111,0.0,0.0
2020-11-04 00:00:00+07:00,6489.68505859375,6545.630859375,6433.73974609375,6526.98193359375,5176.46826171875,12268909,0.0,0.0
2020-11-05 00:00:00+07:00,6489.68505859375,6545.630859375,6433.73974609375,6433.73974609375,5102.51953125,6666078,0.0,0.0
2020-11-06 00:00:00+07:00,6433.73974609375,6471.03662109375,6359.1455078125,6396.4423828125,5072.939453125,4094587,0.0,0.0
2020-11-09 00:00:00+07:00,6433.73974609375,6564.279296875,6433.73974609375,6526.98193359375,5176.46826171875,10627116,0.0,0.0
2020-11-10 00:00:00+07:00,6620.224609375,6732.11572265625,6564.279296875,6601.576171875,5235.62890625,23638122,0.0,0.0
2020-11-11 00:00:00+07:00,6638.873046875,6676.17041015625,6526.98193359375,6526.98193359375,5176.46826171875,12999342,0.0,0.0
2020-11-12 00:00:00+07:00,6564.279296875,6601.576171875,6508.33349609375,6526.98193359375,5176.46826171875,9767638,0.0,0.0
2020-11-13 00:00:00+07:00,6564.279296875,6638.873046875,6508.33349609375,6638.873046875,5265.2080078125,11255531,0.0,0.0
2020-11-16 00:00:00+07:00,6713.46728515625,6750.76416015625,6601.576171875,6601.576171875,5235.62890625,16807177,0.0,0.0
2020-11-17 00:00:00+07:00,6657.52197265625,6806.7099609375,6582.927734375,6806.7099609375,5398.3173828125,23012013,0.0,0.0
2020-11-18 00:00:00+07:00,6825.3583984375,6937.24951171875,6788.0615234375,6862.6552734375,5442.6865234375,20137951,0.0,0.0
2020-11-19 00:00:00+07:00,6918.60107421875,6937.24951171875,6825.3583984375,6881.30419921875,5457.47705078125,13946843,0.0,0.0
2020-11-20 00:00:00+07:00,6881.30419921875,6899.95263671875,6750.76416015625,6788.0615234375,5383.52783203125,16231555,0.0,0.0
2020-11-23 00:00:00+07:00,6788.0615234375,6993.1953125,6732.11572265625,6974.54638671875,5531.4267578125,25101991,0.0,0.0
2020-11-24 00:00:00+07:00,7011.84375,7123.73486328125,6937.24951171875,7067.7890625,5605.3759765625,29348896,0.0,0.0
2020-11-25 00:00:00+07:00,7086.4375,7198.32861328125,7067.7890625,7161.03173828125,5679.32568359375,23140522,0.0,0.0
2020-11-26 00:00:00+07:00,7142.38330078125,7198.32861328125,7030.4921875,7142.38330078125,5664.53564453125,14329206,0.0,0.0
2020-11-27 00:00:00+07:00,7142.38330078125,7235.6259765625,7142.38330078125,7216.9775390625,5723.6953125,12356932,0.0,0.0
2020-11-30 00:00:00+07:00,7235.6259765625,7310.2197265625,7161.03173828125,7179.68017578125,5694.11572265625,18039849,0.0,0.0
2020-12-01 00:00:00+07:00,7011.84375,7235.6259765625,7011.84375,7235.6259765625,5738.4853515625,23578385,0.0,0.0
2020-12-02 00:00:00+07:00,7235.6259765625,7403.46240234375,7216.9775390625,7347.51708984375,5827.224609375,19031617,0.0,0.0
2020-12-03 00:00:00+07:00,7422.11083984375,7608.59619140625,7384.81396484375,7534.00244140625,5975.1240234375,21592544,0.0,0.0
2020-12-04 00:00:00+07:00,7534.00244140625,7571.29931640625,7459.408203125,7478.056640625,5930.75439453125,17007676,0.0,0.0
2020-12-07 00:00:00+07:00,7589.94775390625,7683.1904296875,7552.65087890625,7664.5419921875,6078.6533203125,18989469,0.0,0.0
2020-12-08 00:00:00+07:00,7701.8388671875,8186.7001953125,7701.8388671875,8168.0517578125,6477.98046875,30921756,0.0,0.0
2020-12-09 00:00:00+07:00,8279.943359375,8652.9130859375,8279.943359375,8466.427734375,6714.61962890625,36898638,0.0,0.0
2020-12-10 00:00:00+07:00,8466.427734375,8671.5615234375,8354.537109375,8503.7255859375,6744.19873046875,26431239,0.0,0.0
2020-12-11 00:00:00+07:00,8503.7255859375,8783.453125,8410.482421875,8783.453125,6966.04736328125,24192938,0.0,0.0
2020-12-14 00:00:00+07:00,8988.5869140625,9380.2060546875,8951.2900390625,9380.2060546875,7439.3251953125,31716966,0.0,0.0
2020-12-15 00:00:00+07:00,9249.666015625,9734.52734375,9249.666015625,9510.7451171875,7542.85400390625,41136105,0.0,0.0
2020-12-16 00:00:00+07:00,9548.0419921875,9622.63671875,9324.259765625,9342.908203125,7409.74560546875,38725324,0.0,0.0
2020-12-17 00:00:00+07:00,9249.666015625,9548.0419921875,9175.072265625,9342.908203125,7409.74560546875,35415812,0.0,0.0
2020-12-18 00:00:00+07:00,9473.4482421875,9995.6064453125,9380.2060546875,9995.6064453125,7927.39208984375,39703605,0.0,0.0
2020-12-21 00:00:00+07:00,10219.388671875,10685.6025390625,10144.794921875,10685.6025390625,8474.619140625,37676796,0.0,0.0
2020-12-22 00:00:00+07:00,10685.6025390625,10685.6025390625,10685.6025390625,10685.6025390625,8474.619140625,0,0.0,0.0
2020-12-23 00:00:00+07:00,10946.681640625,10965.330078125,10629.65625,10741.5478515625,8518.98828125,37472034,0.0,0.0
2020-12-24 00:00:00+07:00,10704.2509765625,10741.5478515625,9995.6064453125,10573.7109375,8385.8798828125,42582574,0.0,0.0
2020-12-25 00:00:00+07:00,10443.1708984375,11301.0029296875,10312.6318359375,11301.0029296875,8962.685546875,42927641,0.0,0.0
2020-12-28 00:00:00+07:00,11823.162109375,12028.2958984375,11599.3798828125,11935.052734375,9465.5439453125,33725115,0.0,0.0
2020-12-29 00:00:00+07:00,11748.5673828125,11990.9990234375,11599.3798828125,11823.162109375,9376.8046875,31938244,0.0,0.0
2020-12-30 00:00:00+07:00,11711.2705078125,11916.404296875,11562.0830078125,11748.5673828125,9317.642578125,28233634,0.0,0.0
2020-12-31 00:00:00+07:00,11748.5673828125,12475.8603515625,11729.9189453125,12345.3203125,9790.9208984375,25861086,0.0,0.0
2021-01-01 00:00:00+07:00,12345.3203125,12345.3203125,12345.3203125,12345.3203125,9790.9208984375,0,0.0,0.0
2021-01-04 00:00:00+07:00,12867.4794921875,12904.7763671875,12606.3994140625,12606.3994140625,9997.9794921875,2416143,0.0,0.0
2021-01-05 00:00:00+07:00,12401.265625,12718.291015625,12345.3203125,12587.7509765625,9983.1904296875,2312462,0.0,0.0
2021-01-06 00:00:00+07:00,12755.587890625,13035.3154296875,12308.0234375,12680.994140625,10057.140625,2780381,0.0,0.0
2021-01-07 00:00:00+07:00,12867.4794921875,12904.7763671875,12513.1572265625,12830.181640625,10175.458984375,3695655,0.0,0.0
2021-01-08 00:00:00+07:00,13016.6669921875,13016.6669921875,12513.1572265625,12736.939453125,10101.509765625,3056837,0.0,0.0
2021-01-11 00:00:00+07:00,12718.291015625,12755.587890625,12326.671875,12513.1572265625,9924.0302734375,3612431,0.0,0.0
2021-01-12 00:00:00+07:00,12382.6171875,12867.4794921875,12121.5380859375,12718.291015625,10086.71875,4394557,0.0,0.0
2021-01-13 00:00:00+07:00,12867.4794921875,12867.4794921875,12457.2119140625,12494.5087890625,9909.2412109375,2615542,0.0,0.0
2021-01-14 00:00:00+07:00,12494.5087890625,13352.3408203125,12308.0234375,13184.50390625,10456.466796875,6124882,0.0,0.0
2021-01-15 00:00:00+07:00,13352.3408203125,13893.1474609375,13221.80078125,13781.2568359375,10929.7451171875,3927818,0.0,0.0
2021-01-18 00:00:00+07:00,13781.2568359375,13781.2568359375,13445.5830078125,13538.826171875,10737.4755859375,3113517,0.0,0.0
2021-01-19 00:00:00+07:00,13352.3408203125,13557.474609375,12606.3994140625,12606.3994140625,9997.9794921875,5280311,0.0,0.0
2021-01-20 00:00:00+07:00,12755.587890625,12867.4794921875,11767.2158203125,12419.9140625,9850.080078125,3883230,0.0,0.0
2021-01-21 00:00:00+07:00,12457.2119140625,13053.9638671875,12308.0234375,12886.1279296875,10219.830078125,3508187,0.0,0.0
2021-01-22 00:00:00+07:00,12792.884765625,12942.0732421875,12457.2119140625,12587.7509765625,9983.1904296875,3083676,0.0,0.0
2021-01-25 00:00:00+07:00,12382.6171875,12886.1279296875,12270.7265625,12569.1025390625,9968.400390625,3258006,0.0,0.0
2021-01-26 00:00:00+07:00,12475.8603515625,12531.8056640625,11785.865234375,11935.052734375,9465.5439453125,2850574,0.0,0.0
2021-01-27 00:00:00+07:00,11599.3798828125,11935.052734375,11114.5185546875,11114.5185546875,8814.787109375,3769360,0.0,0.0
2021-01-28 00:00:00+07:00,10349.9287109375,10536.4140625,10349.9287109375,10349.9287109375,8208.400390625,4844271,0.0,0.0
2021-01-29 00:00:00+07:00,9697.23046875,11058.572265625,9697.23046875,10741.5478515625,8518.98828125,3755499,0.0,0.0
2021-02-01 00:00:00+07:00,10741.5478515625,11002.626953125,9995.6064453125,9995.6064453125,7927.39208984375,4199931,0.0,0.0
2021-02-02 00:00:00+07:00,9958.3095703125,10443.1708984375,9585.33984375,10368.5771484375,8223.1904296875,3111051,0.0,0.0
2021-02-03 00:00:00+07:00,10629.65625,11077.220703125,10443.1708984375,11077.220703125,8785.2060546875,3852986,0.0,0.0
2021-02-04 00:00:00+07:00,11077.220703125,11412.89453125,10890.736328125,11077.220703125,8785.2060546875,3236288,0.0,0.0
2021-02-05 00:00:00+07:00,11114.5185546875,11748.5673828125,11095.869140625,11748.5673828125,9317.642578125,3328735,0.0,0.0
2021-02-08 00:00:00+07:00,11860.458984375,12214.78125,11039.923828125,11412.89453125,9051.4248046875,5745764,0.0,0.0
2021-02-09 00:00:00+07:00,11412.89453125,11412.89453125,11412.89453125,11412.89453125,9051.4248046875,0,0.0,0.0
2021-02-10 00:00:00+07:00,11412.89453125,11412.89453125,11412.89453125,11412.89453125,9051.4248046875,0,0.0,0.0
2021-02-11 00:00:00+07:00,11412.89453125,11412.89453125,11412.89453125,11412.89453125,9051.4248046875,0,0.0,0.0
2021-02-12 00:00:00+07:00,11412.89453125,11412.89453125,11412.89453125,11412.89453125,9051.4248046875,0,0.0,0.0
2021-02-15 00:00:00+07:00,11412.89453125,11412.89453125,11412.89453125,11412.89453125,9051.4248046875,0,0.0,0.0
2021-02-16 00:00:00+07:00,11412.89453125,11412.89453125,11412.89453125,11412.89453125,9051.4248046875,0,0.0,0.0
2021-02-17 00:00:00+07:00,12121.5380859375,12531.8056640625,12009.6474609375,12513.1572265625,9924.0302734375,3014716,0.0,0.0
2021-02-18 00:00:00+07:00,12494.5087890625,12587.7509765625,12214.78125,12419.9140625,9850.080078125,3926531,0.0,0.0
2021-02-19 00:00:00+07:00,12196.1318359375,12531.8056640625,12196.1318359375,12363.96875,9805.7109375,3196258,0.0,0.0
2021-02-22 00:00:00+07:00,12363.96875,12587.7509765625,12196.1318359375,12252.078125,9716.9716796875,3595995,0.0,0.0
2021-02-23 00:00:00+07:00,12289.375,12662.345703125,12177.4833984375,12531.8056640625,9938.8212890625,4174245,0.0,0.0
2021-02-24 00:00:00+07:00,12531.8056640625,12531.8056640625,12531.8056640625,12531.8056640625,9938.8212890625,0,0.0,0.0
2021-02-25 00:00:00+07:00,12531.8056640625,12531.8056640625,12531.8056640625,12531.8056640625,9938.8212890625,0,0.0,0.0
2021-02-26 00:00:00+07:00,12196.1318359375,12457.2119140625,12158.8349609375,12382.6171875,9820.5,3739331,0.0,0.0
2021-03-01 00:00:00+07:00,12531.8056640625,13091.26171875,12419.9140625,13053.9638671875,10352.9365234375,5173305,0.0,0.0
2021-03-02 00:00:00+07:00,13240.44921875,13240.44921875,12923.4248046875,13072.6123046875,10367.7275390625,3359757,0.0,0.0
2021-03-03 00:00:00+07:00,12960.7216796875,13091.26171875,12904.7763671875,12998.0185546875,10308.568359375,2634820,0.0,0.0
2021-03-04 00:00:00+07:00,13035.3154296875,13035.3154296875,12308.0234375,12475.8603515625,9894.4501953125,4190949,0.0,0.0
2021-03-05 00:00:00+07:00,12308.0234375,12475.8603515625,12121.5380859375,12475.8603515625,9894.4501953125,3791802,0.0,0.0
2021-03-08 00:00:00+07:00,12736.939453125,12848.830078125,12438.5634765625,12513.1572265625,9924.0302734375,2901517,0.0,0.0
2021-03-09 00:00:00+07:00,12419.9140625,12513.1572265625,12214.78125,12326.671875,9776.130859375,2810759,0.0,0.0
2021-03-10 00:00:00+07:00,12233.4296875,12401.265625,12046.9443359375,12345.3203125,9790.9208984375,2932028,0.0,0.0
2021-03-11 00:00:00+07:00,12531.8056640625,12792.884765625,12419.9140625,12662.345703125,10042.3486328125,2900337,0.0,0.0
2021-03-12 00:00:00+07:00,12662.345703125,12718.291015625,12457.2119140625,12494.5087890625,9909.2412109375,1659541,0.0,0.0
2021-03-15 00:00:00+07:00,12494.5087890625,12569.1025390625,12382.6171875,12382.6171875,9820.5,1902134,0.0,0.0
2021-03-16 00:00:00+07:00,12382.6171875,12382.6171875,12084.2412109375,12196.1318359375,9672.6005859375,3479069,0.0,0.0
2021-03-17 00:00:00+07:00,12102.8896484375,12270.7265625,12065.5927734375,12158.8349609375,9643.021484375,2016916,0.0,0.0
2021-03-18 00:00:00+07:00,12382.6171875,12494.5087890625,12308.0234375,12419.9140625,9850.080078125,1896477,0.0,0.0
2021-03-19 00:00:00+07:00,12345.3203125,12680.994140625,12345.3203125,12419.9140625,9850.080078125,2991202,0.0,0.0
2021-03-22 00:00:00+07:00,12531.8056640625,12587.7509765625,12382.6171875,12457.2119140625,9879.66015625,2039545,0.0,0.0
2021-03-23 00:00:00+07:00,12457.2119140625,12457.2119140625,12140.1865234375,12270.7265625,9731.7607421875,2367265,0.0,0.0
2021-03-24 00:00:00+07:00,12046.9443359375,12214.78125,11562.0830078125,11673.9736328125,9258.4833984375,3560523,0.0,0.0
2021-03-25 00:00:00+07:00,11748.5673828125,11841.810546875,11450.19140625,11487.48828125,9110.5849609375,3556636,0.0,0.0
2021-03-26 00:00:00+07:00,11431.54296875,11599.3798828125,10965.330078125,11524.78515625,9140.1650390625,2718794,0.0,0.0
2021-03-29 00:00:00+07:00,11673.9736328125,11729.9189453125,11562.0830078125,11711.2705078125,9288.0634765625,1526743,0.0,0.0
2021-03-30 00:00:00+07:00,11897.755859375,11897.755859375,11636.6767578125,11860.458984375,9406.3837890625,1952460,0.0,0.0
2021-03-31 00:00:00+07:00,11823.162109375,11990.9990234375,11804.513671875,11841.810546875,9391.59375,2048929,0.0,0.0
2021-04-01 00:00:00+07:00,11860.458984375,12662.345703125,11841.810546875,12662.345703125,10042.3486328125,5871136,0.0,0.0
2021-04-02 00:00:00+07:00,13016.6669921875,13035.3154296875,12699.642578125,12792.884765625,10145.87890625,3700642,0.0,0.0
2021-04-05 00:00:00+07:00,13053.9638671875,13240.44921875,12830.181640625,13053.9638671875,10352.9365234375,5002943,0.0,0.0
2021-04-06 00:00:00+07:00,12867.4794921875,13165.85546875,12867.4794921875,13053.9638671875,10352.9365234375,4259533,0.0,0.0
2021-04-07 00:00:00+07:00,13053.9638671875,13240.44921875,12979.3701171875,13184.50390625,10456.466796875,3485960,0.0,0.0
2021-04-08 00:00:00+07:00,13315.0439453125,13315.0439453125,13035.3154296875,13128.55859375,10412.0966796875,2949054,0.0,0.0
2021-04-09 00:00:00+07:00,13091.26171875,13315.0439453125,13053.9638671875,13147.20703125,10426.8876953125,3050161,0.0,0.0
2021-04-12 00:00:00+07:00,13277.74609375,13743.958984375,13128.55859375,13613.419921875,10796.634765625,4547894,0.0,0.0
2021-04-13 00:00:00+07:00,13762.6083984375,13762.6083984375,13109.91015625,13277.74609375,10530.416015625,4735684,0.0,0.0
2021-04-14 00:00:00+07:00,13128.55859375,13501.5283203125,13053.9638671875,13408.2861328125,10633.9453125,4424613,0.0,0.0
2021-04-15 00:00:00+07:00,13408.2861328125,13408.2861328125,12942.0732421875,12998.0185546875,10308.568359375,5018065,0.0,0.0
2021-04-16 00:00:00+07:00,12923.4248046875,13072.6123046875,12419.9140625,12680.994140625,10057.140625,4882639,0.0,0.0
2021-04-19 00:00:00+07:00,12867.4794921875,12979.3701171875,12606.3994140625,12979.3701171875,10293.7783203125,3184086,0.0,0.0
2021-04-20 00:00:00+07:00,13240.44921875,13259.09765625,12643.6962890625,12718.291015625,10086.71875,3995276,0.0,0.0
2021-04-21 00:00:00+07:00,12718.291015625,12718.291015625,12718.291015625,12718.291015625,10086.71875,0,0.0,0.0
2021-04-22 00:00:00+07:00,12531.8056640625,12680.994140625,11841.810546875,11841.810546875,9391.59375,3963585,0.0,0.0
2021-04-23 00:00:00+07:00,11935.052734375,12308.0234375,11767.2158203125,12308.0234375,9761.3408203125,3935137,0.0,0.0
2021-04-26 00:00:00+07:00,12308.0234375,12345.3203125,11785.865234375,11823.162109375,9376.8046875,2662758,0.0,0.0
2021-04-27 00:00:00+07:00,11823.162109375,11935.052734375,11618.0283203125,11860.458984375,9406.3837890625,1434430,0.0,0.0
2021-04-28 00:00:00+07:00,11860.458984375,12140.1865234375,11823.162109375,11972.349609375,9495.1220703125,2346781,0.0,0.0
2021-04-29 00:00:00+07:00,11972.349609375,12308.0234375,11972.349609375,12158.8349609375,9643.021484375,2458666,0.0,0.0
2021-04-30 00:00:00+07:00,12158.8349609375,12158.8349609375,12158.8349609375,12158.8349609375,9643.021484375,0,0.0,0.0
2021-05-03 00:00:00+07:00,12158.8349609375,12158.8349609375,12158.8349609375,12158.8349609375,9643.021484375,0,0.0,0.0
2021-05-04 00:00:00+07:00,11860.458984375,12270.7265625,11785.865234375,12270.7265625,9731.7607421875,2680695,0.0,0.0
2021-05-05 00:00:00+07:00,12345.3203125,12755.587890625,12289.375,12531.8056640625,9938.8212890625,3320960,0.0,0.0
2021-05-06 00:00:00+07:00,12494.5087890625,12662.345703125,12214.78125,12252.078125,9716.9716796875,2873177,0.0,0.0
2021-05-07 00:00:00+07:00,12121.5380859375,12494.5087890625,12084.2412109375,12196.1318359375,9672.6005859375,2512370,0.0,0.0
2021-05-10 00:00:00+07:00,12121.5380859375,13016.6669921875,12046.9443359375,12942.0732421875,10264.1982421875,6091287,0.0,0.0
2021-05-11 00:00:00+07:00,13053.9638671875,13165.85546875,12755.587890625,12755.587890625,10116.298828125,4301333,0.0,0.0
2021-05-12 00:00:00+07:00,12680.994140625,12998.0185546875,12680.994140625,12979.3701171875,10293.7783203125,2716435,0.0,0.0
2021-05-13 00:00:00+07:00,12830.181640625,13482.8798828125,12830.181640625,13072.6123046875,10367.7275390625,5623582,0.0,0.0
2021-05-14 00:00:00+07:00,13184.50390625,13389.6376953125,13072.6123046875,13165.85546875,10441.677734375,3498990,0.0,0.0
2021-05-17 00:00:00+07:00,13426.9345703125,13538.826171875,13165.85546875,13221.80078125,10486.046875,4544194,0.0,0.0
2021-05-18 00:00:00+07:00,13203.15234375,13389.6376953125,13016.6669921875,13147.20703125,10426.8876953125,3099307,0.0,0.0
2021-05-19 00:00:00+07:00,13147.20703125,13501.5283203125,13053.9638671875,13426.9345703125,10648.736328125,4390750,0.0,0.0
2021-05-20 00:00:00+07:00,13482.8798828125,14359.3603515625,13426.9345703125,14359.3603515625,11388.2314453125,7541858,0.0,0.0
2021-05-21 00:00:00+07:00,14545.845703125,15030.70703125,14359.3603515625,14545.845703125,11536.1298828125,4272885,0.0,0.0
2021-05-24 00:00:00+07:00,14620.439453125,14862.87109375,14396.6572265625,14844.2216796875,11772.76953125,4441344,0.0,0.0
2021-05-25 00:00:00+07:00,14844.2216796875,15291.787109375,14732.3310546875,15254.4892578125,12098.146484375,3962378,0.0,0.0
2021-05-26 00:00:00+07:00,15217.1923828125,15552.8662109375,15105.3017578125,15273.1376953125,12112.935546875,3553794,0.0,0.0
2021-05-27 00:00:00+07:00,15273.1376953125,15329.083984375,14545.845703125,14769.6279296875,11713.609375,4331898,0.0,0.0
2021-05-28 00:00:00+07:00,14881.51953125,15627.4599609375,14732.3310546875,15590.1630859375,12364.3662109375,4565509,0.0,0.0
2021-05-31 00:00:00+07:00,15813.9453125,16597.18359375,15664.7568359375,16559.88671875,13133.4423828125,3269133,0.0,0.0
2021-06-01 00:00:00+07:00,16783.66796875,16895.55859375,16149.6181640625,16298.806640625,12926.3818359375,3324580,0.0,0.0
2021-06-02 00:00:00+07:00,16037.7275390625,17156.638671875,16037.7275390625,17156.638671875,13606.7177734375,4455286,0.0,0.0
2021-06-03 00:00:00+07:00,17790.6875,18350.14453125,17529.609375,18238.251953125,14464.53125,3939454,0.0,0.0
2021-06-04 00:00:00+07:00,18200.955078125,18648.51953125,17902.580078125,18182.306640625,14420.1630859375,4283932,0.0,0.0
2021-06-07 00:00:00+07:00,17977.173828125,18387.44140625,16970.154296875,17585.5546875,13946.8857421875,64332986,0.0,0.0
2021-06-08 00:00:00+07:00,17585.5546875,17585.5546875,17585.5546875,17585.5546875,13946.8857421875,0,0.0,0.0
2021-06-09 00:00:00+07:00,16634.48046875,17548.2578125,16037.7275390625,17417.71875,13813.7783203125,57126248,0.0,0.0
2021-06-10 00:00:00+07:00,17417.71875,17809.3359375,17343.123046875,17529.609375,13902.517578125,39951963,0.0,0.0
2021-06-11 00:00:00+07:00,17343.123046875,18723.115234375,17305.826171875,18685.81640625,14819.4912109375,59555663,0.0,0.0
2021-06-14 00:00:00+07:00,18835.005859375,19991.212890625,18648.51953125,19767.431640625,15677.306640625,49815748,0.0,0.0
2021-06-15 00:00:00+07:00,19394.4609375,19953.916015625,19207.9765625,19394.4609375,15677.3046875,39796455,372.9704,0.0
2021-06-16 00:00:00+07:00,18946.896484375,19282.5703125,18256.90234375,18424.73828125,14893.44140625,59228827,0.0,0.0
2021-06-17 00:00:00+07:00,17939.876953125,19170.6796875,17939.876953125,18835.005859375,15225.076171875,28855104,0.0,0.0
2021-06-18 00:00:00+07:00,19207.9765625,19207.9765625,18685.81640625,18835.005859375,15225.076171875,20907825,0.0,0.0
2021-06-21 00:00:00+07:00,18685.81640625,18835.005859375,18238.251953125,18275.55078125,14772.845703125,33626528,0.0,0.0
2021-06-22 00:00:00+07:00,18611.22265625,18611.22265625,18312.84765625,18462.03515625,14923.5888671875,24235434,0.0,0.0
2021-06-23 00:00:00+07:00,18462.03515625,18946.896484375,18350.14453125,18611.22265625,15044.1826171875,25840387,0.0,0.0
2021-06-24 00:00:00+07:00,18648.51953125,18835.005859375,18536.62890625,18723.115234375,15134.6279296875,19836158,0.0,0.0
2021-06-25 00:00:00+07:00,18835.005859375,20028.51171875,18797.708984375,20028.51171875,16189.8349609375,63503697,0.0,0.0
2021-06-28 00:00:00+07:00,20438.77734375,20438.77734375,19842.025390625,20103.10546875,16250.130859375,25845214,0.0,0.0
2021-06-29 00:00:00+07:00,20103.10546875,20811.748046875,19991.212890625,20364.18359375,16461.171875,27962272,0.0,0.0
2021-06-30 00:00:00+07:00,20177.69921875,20625.263671875,20140.40234375,20513.373046875,16581.765625,31164134,0.0,0.0
2021-07-01 00:00:00+07:00,20886.341796875,21706.876953125,20662.560546875,21445.798828125,17335.48046875,36797825,0.0,0.0
2021-07-02 00:00:00+07:00,21594.986328125,22005.25390625,21259.3125,21594.986328125,17456.076171875,33966770,0.0,0.0
2021-07-05 00:00:00+07:00,21594.986328125,21594.986328125,21594.986328125,21594.986328125,17456.076171875,0,0.0,0.0
2021-07-06 00:00:00+07:00,21594.986328125,21594.986328125,21594.986328125,21594.986328125,17456.076171875,0,0.0,0.0
2021-07-07 00:00:00+07:00,21594.986328125,21594.986328125,21594.986328125,21594.986328125,17456.076171875,0,0.0,0.0
2021-07-08 00:00:00+07:00,21594.986328125,21594.986328125,21594.986328125,21594.986328125,17456.076171875,0,0.0,0.0
2021-07-09 00:00:00+07:00,20028.51171875,20513.373046875,19431.7578125,19618.244140625,15858.1982421875,36585744,0.0,0.0
2021-07-12 00:00:00+07:00,19618.244140625,19618.244140625,19618.244140625,19618.244140625,15858.1982421875,0,0.0,0.0
2021-07-13 00:00:00+07:00,18797.708984375,19319.8671875,18368.79296875,19319.8671875,15617.0087890625,33426244,0.0,0.0
2021-07-14 00:00:00+07:00,19319.8671875,19319.8671875,19319.8671875,19319.8671875,15617.0087890625,0,0.0,0.0
2021-07-15 00:00:00+07:00,18648.51953125,20028.51171875,18648.51953125,20028.51171875,16189.8349609375,36495925,0.0,0.0
2021-07-16 00:00:00+07:00,20028.51171875,20028.51171875,20028.51171875,20028.51171875,16189.8349609375,0,0.0,0.0
2021-07-19 00:00:00+07:00,19021.490234375,19319.8671875,18387.44140625,18387.44140625,14863.291015625,44440791,0.0,0.0
2021-07-20 00:00:00+07:00,18685.81640625,19655.541015625,18200.955078125,19655.541015625,15888.34765625,41036767,0.0,0.0
2021-07-21 00:00:00+07:00,19618.244140625,19767.431640625,19170.6796875,19207.9765625,15526.5634765625,25491566,0.0,0.0
2021-07-22 00:00:00+07:00,19096.083984375,19767.431640625,19058.787109375,19469.0546875,15737.6025390625,26824916,0.0,0.0
2021-07-23 00:00:00+07:00,19319.8671875,19543.6484375,18872.302734375,18872.302734375,15255.2255859375,32935320,0.0,0.0
2021-07-26 00:00:00+07:00,18872.302734375,19245.2734375,18648.51953125,18946.896484375,15315.5224609375,26035309,0.0,0.0
2021-07-27 00:00:00+07:00,19319.8671875,19916.619140625,19245.2734375,19394.4609375,15677.3046875,39624859,0.0,0.0
2021-07-28 00:00:00+07:00,19357.1640625,19767.431640625,19319.8671875,19543.6484375,15797.900390625,18859941,0.0,0.0
2021-07-29 00:00:00+07:00,19767.431640625,20140.40234375,19655.541015625,20140.40234375,16280.279296875,34773268,0.0,0.0
2021-07-30 00:00:00+07:00,20140.40234375,20513.373046875,19991.212890625,20364.18359375,16461.171875,40669178,0.0,0.0
2021-08-02 00:00:00+07:00,20177.69921875,20737.154296875,20140.40234375,20513.373046875,16581.765625,4130569008,0.0,0.0
2021-08-03 00:00:00+07:00,20438.77734375,21072.828125,20326.88671875,21072.828125,17033.994140625,48648363,0.0,0.0
2021-08-04 00:00:00+07:00,21072.828125,21072.828125,21072.828125,21072.828125,17033.994140625,0,0.0,0.0
2021-08-05 00:00:00+07:00,20998.234375,21557.689453125,20923.640625,21445.798828125,17335.48046875,32747370,0.0,0.0
2021-08-06 00:00:00+07:00,21333.90625,21520.392578125,21035.53125,21035.53125,17003.845703125,44059259,0.0,0.0
2021-08-09 00:00:00+07:00,20923.640625,22452.818359375,20923.640625,22117.14453125,17878.15625,61187696,0.0,0.0
2021-08-10 00:00:00+07:00,22117.14453125,22117.14453125,22117.14453125,22117.14453125,17878.15625,0,0.0,0.0
2021-08-11 00:00:00+07:00,22266.333984375,22303.630859375,21520.392578125,21520.392578125,17395.779296875,47427355,0.0,0.0
2021-08-12 00:00:00+07:00,21408.501953125,21967.95703125,21408.501953125,21520.392578125,17395.779296875,36575019,0.0,0.0
2021-08-13 00:00:00+07:00,21632.283203125,22266.333984375,21520.392578125,22005.25390625,17787.7109375,57595990,0.0,0.0
2021-08-16 00:00:00+07:00,22863.0859375,23310.650390625,22713.8984375,23161.462890625,18722.322265625,45392877,0.0,0.0
2021-08-17 00:00:00+07:00,23161.462890625,23161.462890625,23161.462890625,23161.462890625,18722.322265625,0,0.0,0.0
2021-08-18 00:00:00+07:00,22713.8984375,23310.650390625,22452.818359375,22452.818359375,18149.494140625,47217151,0.0,0.0
2021-08-19 00:00:00+07:00,22713.8984375,23459.837890625,22676.6015625,23385.244140625,18903.2109375,42123449,0.0,0.0
2021-08-20 00:00:00+07:00,23385.244140625,23683.62109375,22639.302734375,23310.650390625,18842.916015625,71349360,0.0,0.0
2021-08-23 00:00:00+07:00,23310.650390625,23646.32421875,23049.5703125,23646.32421875,19114.25390625,38626120,0.0,0.0
2021-08-24 00:00:00+07:00,23497.134765625,23720.91796875,22266.333984375,22825.7890625,18450.98046875,62464205,0.0,0.0
2021-08-25 00:00:00+07:00,22825.7890625,23124.166015625,22527.412109375,23124.166015625,18692.173828125,29691900,0.0,0.0
2021-08-26 00:00:00+07:00,23124.166015625,23236.056640625,22266.333984375,22788.4921875,18420.83203125,32793486,0.0,0.0
2021-08-27 00:00:00+07:00,22452.818359375,22900.3828125,22303.630859375,22825.7890625,18450.98046875,28435500,0.0,0.0
2021-08-30 00:00:00+07:00,22974.9765625,23310.650390625,22639.302734375,23273.353515625,18812.767578125,33016024,0.0,0.0
2021-08-31 00:00:00+07:00,23459.837890625,23571.73046875,22751.1953125,23049.5703125,18631.873046875,25873634,0.0,0.0
2021-09-01 00:00:00+07:00,22863.0859375,23124.166015625,22713.8984375,22825.7890625,18450.98046875,25205216,0.0,0.0
2021-09-02 00:00:00+07:00,22825.7890625,22825.7890625,22825.7890625,22825.7890625,18450.98046875,0,0.0,0.0
2021-09-03 00:00:00+07:00,22825.7890625,22825.7890625,22825.7890625,22825.7890625,18450.98046875,0,0.0,0.0
2021-09-06 00:00:00+07:00,22900.3828125,23012.2734375,22378.224609375,22378.224609375,18089.197265625,45766097,0.0,0.0
2021-09-07 00:00:00+07:00,22564.708984375,22900.3828125,22303.630859375,22527.412109375,18209.79296875,65832837,0.0,0.0
2021-09-08 00:00:00+07:00,22527.40625,22527.40625,22527.40625,22527.40625,18209.7890625,0,0.0,1.3333333333333333
2021-09-09 00:00:00+07:00,25068.083984375,25576.220703125,24701.095703125,24814.015625,20058.146484375,35679109,0.0,0.0
2021-09-10 00:00:00+07:00,24842.24609375,25011.625,24616.40625,24729.326171875,19989.685546875,18437769,0.0,0.0
2021-09-13 00:00:00+07:00,24729.326171875,24729.326171875,24108.26953125,24616.40625,19898.408203125,21331517,0.0,0.0
2021-09-14 00:00:00+07:00,24334.109375,24447.02734375,23995.3515625,23995.3515625,19396.38671875,14805440,0.0,0.0
2021-09-15 00:00:00+07:00,23713.052734375,24362.337890625,23656.59375,24221.189453125,19578.9375,13717407,0.0,0.0
2021-09-16 00:00:00+07:00,24305.87890625,24390.568359375,23910.662109375,23995.3515625,19396.38671875,8596759,0.0,0.0
2021-09-17 00:00:00+07:00,24023.580078125,24814.015625,23882.431640625,24277.6484375,19624.576171875,24879892,0.0,0.0
2021-09-20 00:00:00+07:00,24672.8671875,24701.095703125,24136.5,24164.73046875,19533.30078125,13436144,0.0,0.0
2021-09-21 00:00:00+07:00,24164.73046875,24164.73046875,24164.73046875,24164.73046875,19533.30078125,0,0.0,0.0
2021-09-22 00:00:00+07:00,24164.73046875,24164.73046875,24164.73046875,24164.73046875,19533.30078125,0,0.0,0.0
2021-09-23 00:00:00+07:00,23713.052734375,24108.26953125,23600.1328125,23656.59375,19122.5546875,10228366,0.0,0.0
2021-09-24 00:00:00+07:00,23713.052734375,23882.431640625,23600.1328125,23600.1328125,19076.9140625,913059162,0.0,0.0
2021-09-27 00:00:00+07:00,23600.1328125,23684.822265625,22583.859375,22583.859375,18255.421875,19331150,0.0,0.0
2021-09-28 00:00:00+07:00,22583.859375,23091.99609375,22470.939453125,22922.6171875,18529.251953125,12181974,0.0,0.0
2021-09-29 00:00:00+07:00,22866.158203125,22894.388671875,22470.939453125,22640.318359375,18301.060546875,9778487,0.0,0.0
2021-09-30 00:00:00+07:00,22753.23828125,22979.078125,22640.318359375,22950.84765625,18552.072265625,7732247,0.0,0.0
2021-10-01 00:00:00+07:00,22696.779296875,22809.69921875,22132.181640625,22132.181640625,17890.314453125,19004368,0.0,0.0
2021-10-04 00:00:00+07:00,22019.263671875,22075.72265625,21369.9765625,21793.423828125,17616.48046875,3173,0.0,0.0
2021-10-05 00:00:00+07:00,22273.33203125,22979.078125,22132.181640625,22809.69921875,18437.9765625,17140559,0.0,0.0
2021-10-06 00:00:00+07:00,22809.69921875,22809.69921875,22809.69921875,22809.69921875,18437.9765625,0,0.0,0.0
2021-10-07 00:00:00+07:00,22583.859375,23120.2265625,22442.7109375,22979.078125,18574.890625,15062792,0.0,0.0
2021-10-08 00:00:00+07:00,22979.078125,22979.078125,22979.078125,22979.078125,18574.890625,0,0.0,0.0
2021-10-11 00:00:00+07:00,22979.078125,22979.078125,22979.078125,22979.078125,18574.890625,0,0.0,0.0
2021-10-12 00:00:00+07:00,23656.59375,23797.7421875,23374.294921875,23374.294921875,18894.36328125,13375747,0.0,0.0
2021-10-13 00:00:00+07:00,23374.294921875,23571.904296875,23148.45703125,23148.45703125,18711.806640625,12787185,0.0,0.0
2021-10-14 00:00:00+07:00,23148.45703125,23148.45703125,23148.45703125,23148.45703125,18711.806640625,0,0.0,0.0
2021-10-15 00:00:00+07:00,23261.375,23374.294921875,22979.078125,23007.306640625,18597.7109375,11311264,0.0,0.0
2021-10-18 00:00:00+07:00,23007.306640625,23007.306640625,23007.306640625,23007.306640625,18597.7109375,0,0.0,0.0
2021-10-19 00:00:00+07:00,23148.45703125,23543.673828125,23035.537109375,23091.99609375,18666.166015625,15697405,0.0,0.0
2021-10-20 00:00:00+07:00,23091.99609375,23120.2265625,22527.400390625,22753.23828125,18392.337890625,23871561,0.0,0.0
2021-10-21 00:00:00+07:00,22809.69921875,22837.927734375,22414.48046875,22414.48046875,18118.505859375,18097880,0.0,0.0
2021-10-22 00:00:00+07:00,22414.48046875,22555.62890625,22047.4921875,22132.181640625,17890.314453125,19850282,0.0,0.0
2021-10-25 00:00:00+07:00,22132.181640625,22132.181640625,22132.181640625,22132.181640625,17890.314453125,0,0.0,0.0
2021-10-26 00:00:00+07:00,22132.181640625,22132.181640625,22132.181640625,22132.181640625,17890.314453125,0,0.0,0.0
2021-10-27 00:00:00+07:00,22132.181640625,22132.181640625,22132.181640625,22132.181640625,17890.314453125,0,0.0,0.0
2021-10-28 00:00:00+07:00,22866.158203125,23374.294921875,22725.009765625,23035.537109375,18620.529296875,22969501,0.0,0.0
2021-10-29 00:00:00+07:00,23063.767578125,23148.45703125,22696.779296875,22866.158203125,18483.61328125,20737996,0.0,0.0
2021-11-01 00:00:00+07:00,22866.158203125,22866.158203125,22866.158203125,22866.158203125,18483.61328125,0,0.0,0.0
2021-11-02 00:00:00+07:00,23430.75390625,23910.662109375,23374.294921875,23995.3515625,19396.38671875,32939807,0.0,0.0
2021-11-03 00:00:00+07:00,24136.5,24192.958984375,23374.294921875,23543.673828125,19031.27734375,3289092346,0.0,0.0
2021-11-04 00:00:00+07:00,23600.1328125,24785.78515625,23543.673828125,24277.6484375,19624.576171875,44095562,0.0,0.0
2021-11-05 00:00:00+07:00,24447.02734375,24503.48828125,24164.73046875,24221.189453125,19578.9375,25161863,0.0,0.0
2021-11-08 00:00:00+07:00,24447.02734375,25378.61328125,24334.109375,25124.54296875,20309.154296875,56040907,0.0,0.0
2021-11-09 00:00:00+07:00,25124.54296875,25293.921875,24729.326171875,25011.625,20217.880859375,28593872,0.0,0.0
2021-11-10 00:00:00+07:00,25124.54296875,25802.060546875,25011.625,25237.462890625,20400.431640625,34960720,0.0,0.0
2021-11-11 00:00:00+07:00,25265.693359375,25689.140625,24418.798828125,24926.935546875,20149.419921875,43634702,0.0,0.0
2021-11-12 00:00:00+07:00,25068.083984375,25519.76171875,24870.474609375,25181.00390625,20354.794921875,21809558,0.0,0.0
2021-11-15 00:00:00+07:00,25689.140625,26423.115234375,25463.302734375,25858.51953125,20902.455078125,50400596,0.0,0.0
2021-11-16 00:00:00+07:00,25519.76171875,25886.75,25124.54296875,25265.693359375,20423.251953125,28961922,0.0,0.0
2021-11-17 00:00:00+07:00,25293.921875,26112.587890625,25181.00390625,25886.75,20925.27734375,35402274,0.0,0.0
2021-11-18 00:00:00+07:00,27326.470703125,27693.45703125,26536.03515625,27693.45703125,22385.708984375,72545438,0.0,0.0
2021-11-19 00:00:00+07:00,28229.82421875,28681.501953125,25802.060546875,27382.9296875,22134.69921875,54985286,0.0,0.0
2021-11-22 00:00:00+07:00,27382.9296875,28173.365234375,27044.171875,27439.388671875,22180.337890625,36070362,0.0,0.0
2021-11-23 00:00:00+07:00,27270.009765625,29359.017578125,27044.171875,29359.017578125,23732.048828125,66271754,0.0,0.0
2021-11-24 00:00:00+07:00,29923.61328125,30714.048828125,29754.234375,30036.533203125,24279.708984375,41440569,0.0,0.0
2021-11-25 00:00:00+07:00,30092.9921875,31335.10546875,29810.6953125,31052.806640625,25101.20703125,45023836,0.0,0.0
2021-11-26 00:00:00+07:00,30883.427734375,31278.646484375,29923.61328125,30205.912109375,24416.626953125,54610682,0.0,0.0
2021-11-29 00:00:00+07:00,29641.31640625,31278.646484375,29641.31640625,31222.185546875,25238.119140625,52691259,0.0,0.0
2021-11-30 00:00:00+07:00,32069.080078125,32577.216796875,31052.806640625,31560.943359375,25511.951171875,42440221,0.0,0.0
2021-12-01 00:00:00+07:00,31335.10546875,31730.322265625,30544.669921875,31165.7265625,25192.48046875,41190124,0.0,0.0
2021-12-02 00:00:00+07:00,31052.806640625,31504.484375,30488.2109375,30488.2109375,24644.8203125,37625809,0.0,0.0
2021-12-03 00:00:00+07:00,30544.669921875,30714.048828125,28512.123046875,28512.123046875,23047.470703125,79580551,0.0,0.0
2021-12-06 00:00:00+07:00,28568.58203125,29528.396484375,27665.228515625,28794.421875,23275.66015625,55391417,0.0,0.0
2021-12-07 00:00:00+07:00,29359.017578125,29641.31640625,28681.501953125,29471.9375,23823.326171875,28115831,0.0,0.0
2021-12-08 00:00:00+07:00,29641.31640625,29867.154296875,29246.09765625,29246.09765625,23640.771484375,23040702,0.0,0.0
2021-12-09 00:00:00+07:00,28794.421875,30375.291015625,28794.421875,30375.291015625,24553.541015625,29017360,0.0,0.0
2021-12-10 00:00:00+07:00,30318.83203125,30375.291015625,29697.775390625,29923.61328125,24188.43359375,24769725,0.0,0.0
2021-12-13 00:00:00+07:00,30036.533203125,30488.2109375,29528.396484375,30149.453125,24370.98828125,27502473,0.0,0.0
2021-12-14 00:00:00+07:00,30092.9921875,30431.75,29697.775390625,29754.234375,24051.517578125,25739267,0.0,0.0
2021-12-15 00:00:00+07:00,29641.31640625,29980.07421875,29189.638671875,29189.638671875,23595.1328125,24639012,0.0,0.0
2021-12-16 00:00:00+07:00,29302.55859375,29359.017578125,28512.123046875,28737.9609375,23230.0234375,39530001,0.0,0.0
2021-12-17 00:00:00+07:00,28794.421875,29867.154296875,28737.9609375,29641.31640625,23960.240234375,28592101,0.0,0.0
2021-12-20 00:00:00+07:00,29641.31640625,30770.509765625,29415.4765625,30205.912109375,24416.626953125,32915542,0.0,0.0
2021-12-21 00:00:00+07:00,29980.07421875,30318.83203125,29641.31640625,29641.31640625,23960.240234375,21771123,0.0,0.0
2021-12-22 00:00:00+07:00,29641.31640625,29810.6953125,28681.501953125,28850.880859375,23321.30078125,40331104,0.0,0.0
2021-12-23 00:00:00+07:00,28681.501953125,28737.9609375,27100.630859375,27665.228515625,22362.890625,46549350,0.0,0.0
2021-12-24 00:00:00+07:00,27778.146484375,28201.595703125,27326.470703125,27693.45703125,22385.708984375,15670306,0.0,0.0
2021-12-27 00:00:00+07:00,28201.595703125,28201.595703125,27665.228515625,27749.91796875,22431.349609375,11564542,0.0,0.0
2021-12-28 00:00:00+07:00,27834.607421875,27975.755859375,27552.30859375,27552.30859375,22271.615234375,17463976,0.0,0.0
2021-12-29 00:00:00+07:00,27608.767578125,28455.6640625,27157.091796875,28032.21484375,22659.541015625,17374532,0.0,0.0
2021-12-30 00:00:00+07:00,28342.744140625,29810.6953125,28286.28515625,29697.775390625,24005.87890625,29411447,0.0,0.0
2021-12-31 00:00:00+07:00,29867.154296875,29923.61328125,29133.1796875,29246.09765625,23640.771484375,17019765,0.0,0.0
2022-01-03 00:00:00+07:00,29246.09765625,29246.09765625,29246.09765625,29246.09765625,23640.771484375,0,0.0,0.0
2022-01-04 00:00:00+07:00,29641.31640625,30149.453125,29302.55859375,29923.61328125,24188.43359375,29126996,0.0,0.0
2022-01-05 00:00:00+07:00,29923.61328125,30431.75,29641.31640625,29810.6953125,24097.158203125,27809949,0.0,0.0
2022-01-06 00:00:00+07:00,29584.85546875,29923.61328125,29302.55859375,29302.55859375,23686.41015625,23464545,0.0,0.0
2022-01-07 00:00:00+07:00,29189.638671875,29641.31640625,28907.33984375,29133.1796875,23549.494140625,24751127,0.0,0.0
2022-01-10 00:00:00+07:00,29133.1796875,29359.017578125,27975.755859375,27975.755859375,22613.90234375,30944577,0.0,0.0
2022-01-11 00:00:00+07:00,28060.4453125,28568.58203125,27100.630859375,27157.091796875,21952.142578125,27633009,0.0,0.0
2022-01-12 00:00:00+07:00,27382.9296875,28512.123046875,27157.091796875,28512.123046875,23047.470703125,27390003,0.0,0.0
2022-01-13 00:00:00+07:00,28794.421875,28850.880859375,27580.5390625,27580.5390625,22294.435546875,20178127,0.0,0.0
2022-01-14 00:00:00+07:00,27354.69921875,27919.296875,27270.009765625,27495.849609375,22225.974609375,11828624,0.0,0.0
2022-01-17 00:00:00+07:00,27382.9296875,27608.767578125,25576.220703125,25576.220703125,20674.263671875,57291004,0.0,0.0
2022-01-18 00:00:00+07:00,25011.625,25463.302734375,23797.7421875,23882.431640625,19305.107421875,28325184,0.0,0.0
2022-01-19 00:00:00+07:00,24785.78515625,25519.76171875,24475.2578125,25519.76171875,20628.625,19634376,0.0,0.0
2022-01-20 00:00:00+07:00,25632.681640625,26084.357421875,25096.314453125,25802.060546875,20856.8203125,16039065,0.0,0.0
2022-01-21 00:00:00+07:00,25519.76171875,25745.599609375,24955.1640625,25152.7734375,20331.974609375,15104415,0.0,0.0
2022-01-24 00:00:00+07:00,24729.326171875,25011.625,23402.525390625,23402.525390625,18917.181640625,33281290,0.0,0.0
2022-01-25 00:00:00+07:00,23148.45703125,24221.189453125,23091.99609375,24164.73046875,19533.30078125,18130824,0.0,0.0
2022-01-26 00:00:00+07:00,24277.6484375,24503.48828125,23938.890625,23967.12109375,19373.56640625,14906397,0.0,0.0
2022-01-27 00:00:00+07:00,23995.3515625,25124.54296875,23769.51171875,24503.48828125,19807.1328125,13362640,0.0,0.0
2022-01-28 00:00:00+07:00,24447.02734375,25435.072265625,24390.568359375,25435.072265625,20560.169921875,13803840,0.0,0.0
2022-01-31 00:00:00+07:00,25435.072265625,25435.072265625,25435.072265625,25435.072265625,20560.169921875,0,0.0,0.0
2022-02-01 00:00:00+07:00,25435.072265625,25435.072265625,25435.072265625,25435.072265625,20560.169921875,0,0.0,0.0
2022-02-02 00:00:00+07:00,25435.072265625,25435.072265625,25435.072265625,25435.072265625,20560.169921875,0,0.0,0.0
2022-02-03 00:00:00+07:00,25435.072265625,25435.072265625,25435.072265625,25435.072265625,20560.169921875,0,0.0,0.0
2022-02-04 00:00:00+07:00,25435.072265625,25435.072265625,25435.072265625,25435.072265625,20560.169921875,0,0.0,0.0
2022-02-07 00:00:00+07:00,25971.439453125,26479.576171875,25576.220703125,25886.75,20925.27734375,17163585,0.0,0.0
2022-02-08 00:00:00+07:00,25689.140625,26027.8984375,25406.841796875,25773.830078125,20834.0,11792669,0.0,0.0
2022-02-09 00:00:00+07:00,25576.220703125,26140.818359375,25576.220703125,25802.060546875,20856.8203125,14578198,0.0,0.0
2022-02-10 00:00:00+07:00,25858.51953125,25914.978515625,25181.00390625,25463.302734375,20582.986328125,12391504,0.0,0.0
2022-02-11 00:00:00+07:00,25406.841796875,25773.830078125,25293.921875,25463.302734375,20582.986328125,9843490,0.0,0.0
2022-02-14 00:00:00+07:00,25124.54296875,25237.462890625,24616.40625,24616.40625,19898.408203125,18571316,0.0,0.0
2022-02-15 00:00:00+07:00,24616.40625,24616.40625,24616.40625,24616.40625,19898.408203125,0,0.0,0.0
2022-02-16 00:00:00+07:00,25237.462890625,25463.302734375,25011.625,25350.3828125,20491.708984375,8616241,0.0,0.0
2022-02-17 00:00:00+07:00,25293.921875,25491.53125,25293.921875,25406.841796875,20537.349609375,10398045,0.0,0.0
2022-02-18 00:00:00+07:00,25124.54296875,25858.51953125,25068.083984375,25519.76171875,20628.625,16624616,0.0,0.0
2022-02-21 00:00:00+07:00,25576.220703125,26197.27734375,25576.220703125,25971.439453125,20993.734375,19439901,0.0,0.0
2022-02-22 00:00:00+07:00,25576.220703125,25802.060546875,25124.54296875,25406.841796875,20537.349609375,13644788,0.0,0.0
2022-02-23 00:00:00+07:00,25519.76171875,25745.599609375,25519.76171875,25576.220703125,20674.263671875,9976328,0.0,0.0
2022-02-24 00:00:00+07:00,25463.302734375,25971.439453125,24531.716796875,25181.00390625,20354.794921875,22586927,0.0,0.0
2022-02-25 00:00:00+07:00,25406.841796875,26281.966796875,25293.921875,25802.060546875,20856.8203125,27771337,0.0,0.0
2022-02-28 00:00:00+07:00,25858.51953125,26310.197265625,25773.830078125,25802.060546875,20856.8203125,13331645,0.0,0.0
2022-03-01 00:00:00+07:00,25971.439453125,26140.818359375,25632.681640625,25971.439453125,20993.734375,15594677,0.0,0.0
2022-03-02 00:00:00+07:00,25745.599609375,25886.75,25152.7734375,25293.921875,20446.0703125,22328689,0.0,0.0
2022-03-03 00:00:00+07:00,25406.841796875,25689.140625,25124.54296875,25689.140625,20765.54296875,14955282,0.0,0.0
2022-03-04 00:00:00+07:00,25971.439453125,26761.873046875,25943.208984375,26310.197265625,21267.56640625,36336038,0.0,0.0
2022-03-07 00:00:00+07:00,26027.8984375,26451.345703125,25830.2890625,26423.115234375,21358.83984375,20561232,0.0,0.0
2022-03-08 00:00:00+07:00,26253.736328125,27213.55078125,26027.8984375,26536.03515625,21450.119140625,43098921,0.0,0.0
2022-03-09 00:00:00+07:00,26705.4140625,26818.333984375,25914.978515625,26310.197265625,21267.56640625,21803890,0.0,0.0
2022-03-10 00:00:00+07:00,26987.712890625,26987.712890625,26310.197265625,26310.197265625,21267.56640625,15061021,0.0,0.0
2022-03-11 00:00:00+07:00,26084.357421875,26253.736328125,25237.462890625,25406.841796875,20537.349609375,29689699,0.0,0.0
2022-03-14 00:00:00+07:00,25181.00390625,25293.921875,24221.189453125,24390.568359375,19715.853515625,29474678,0.0,0.0
2022-03-15 00:00:00+07:00,24305.87890625,24898.705078125,24277.6484375,24447.02734375,19761.4921875,13837315,0.0,0.0
2022-03-16 00:00:00+07:00,24559.947265625,25096.314453125,24503.48828125,24729.326171875,19989.685546875,12572873,0.0,0.0
2022-03-17 00:00:00+07:00,25096.314453125,25096.314453125,24729.326171875,24729.326171875,19989.685546875,8354639,0.0,0.0
2022-03-18 00:00:00+07:00,24814.015625,25124.54296875,24672.8671875,24729.326171875,19989.685546875,13848651,0.0,0.0
2022-03-21 00:00:00+07:00,25011.625,25096.314453125,24729.326171875,25011.625,20217.880859375,12322605,0.0,0.0
2022-03-22 00:00:00+07:00,25011.625,25293.921875,24955.1640625,25039.853515625,20240.697265625,10637331,0.0,0.0
2022-03-23 00:00:00+07:00,25124.54296875,25237.462890625,24955.1640625,24955.1640625,20172.240234375,11210484,0.0,0.0
2022-03-24 00:00:00+07:00,25096.314453125,25096.314453125,24701.095703125,24729.326171875,19989.685546875,12566496,0.0,0.0
2022-03-25 00:00:00+07:00,24701.095703125,24814.015625,24447.02734375,24531.716796875,19829.94921875,14041532,0.0,0.0
2022-03-28 00:00:00+07:00,24221.189453125,24418.798828125,23600.1328125,23854.201171875,19282.287109375,18405357,0.0,0.0
2022-03-29 00:00:00+07:00,24221.189453125,24221.189453125,24051.810546875,24080.041015625,19464.841796875,7263240,0.0,0.0
2022-03-30 00:00:00+07:00,23769.51171875,24390.568359375,23741.283203125,23882.431640625,19305.107421875,12394515,0.0,0.0
2022-03-31 00:00:00+07:00,24164.73046875,24164.73046875,23713.052734375,23713.052734375,19168.19140625,7509079,0.0,0.0
2022-04-01 00:00:00+07:00,23713.052734375,24221.189453125,23374.294921875,24221.189453125,19578.9375,13822969,0.0,0.0
2022-04-04 00:00:00+07:00,24559.947265625,25435.072265625,24334.109375,25406.841796875,20537.349609375,26231654,0.0,0.0
2022-04-05 00:00:00+07:00,25293.921875,25632.681640625,24983.39453125,25011.625,20217.880859375,12783111,0.0,0.0
2022-04-06 00:00:00+07:00,24672.8671875,25350.3828125,24672.8671875,25181.00390625,20354.794921875,14438098,0.0,0.0
2022-04-07 00:00:00+07:00,25181.00390625,25604.451171875,24870.474609375,24870.474609375,20103.78125,17074849,0.0,0.0
2022-04-08 00:00:00+07:00,24842.24609375,24983.39453125,24277.6484375,24277.6484375,19624.576171875,12947653,0.0,0.0
2022-04-11 00:00:00+07:00,24277.6484375,24277.6484375,24277.6484375,24277.6484375,19624.576171875,0,0.0,0.0
2022-04-12 00:00:00+07:00,24334.109375,24503.48828125,23487.21484375,23600.1328125,19076.9140625,12449422,0.0,0.0
2022-04-13 00:00:00+07:00,23713.052734375,24136.5,23091.99609375,24023.580078125,19419.203125,14920744,0.0,0.0
2022-04-14 00:00:00+07:00,24249.419921875,24249.419921875,23656.59375,23713.052734375,19168.19140625,7608088,0.0,0.0
2022-04-15 00:00:00+07:00,23600.1328125,23769.51171875,22499.169921875,22583.859375,18255.421875,17164647,0.0,0.0
2022-04-18 00:00:00+07:00,22188.642578125,22583.859375,21002.990234375,21172.369140625,17114.45703125,29227067,0.0,0.0
2022-04-19 00:00:00+07:00,21228.828125,21680.505859375,19760.876953125,19760.876953125,15973.4931640625,21357199,0.0,0.0
2022-04-20 00:00:00+07:00,19732.646484375,20325.474609375,19591.498046875,19873.796875,16064.7705078125,17979743,0.0,0.0
2022-04-21 00:00:00+07:00,19535.0390625,20777.150390625,19478.578125,20353.703125,16452.697265625,22219408,0.0,0.0
2022-04-22 00:00:00+07:00,20607.771484375,20692.4609375,19760.876953125,20353.703125,16452.697265625,12534792,0.0,0.0
2022-04-25 00:00:00+07:00,20325.474609375,20466.623046875,18942.212890625,18942.212890625,15311.7353515625,19741532,0.0,0.0
2022-04-26 00:00:00+07:00,18349.38671875,19478.578125,17700.099609375,19478.578125,15745.2998046875,22547075,0.0,0.0
2022-04-27 00:00:00+07:00,19337.4296875,19535.0390625,19026.90234375,19422.119140625,15699.662109375,9058327,0.0,0.0
2022-04-28 00:00:00+07:00,19365.66015625,19563.267578125,18801.0625,18913.982421875,15288.9169921875,10995286,0.0,0.0
2022-04-29 00:00:00+07:00,18913.982421875,19309.19921875,18716.373046875,18942.212890625,15311.7353515625,16492663,0.0,0.0
2022-05-02 00:00:00+07:00,18942.212890625,18942.212890625,18942.212890625,18942.212890625,15311.7353515625,0,0.0,0.0
2022-05-03 00:00:00+07:00,18942.212890625,18942.212890625,18942.212890625,18942.212890625,15311.7353515625,0,0.0,0.0
2022-05-04 00:00:00+07:00,18942.212890625,19083.361328125,18067.087890625,18067.087890625,14604.3369140625,13192430,0.0,0.0
2022-05-05 00:00:00+07:00,18349.38671875,18490.53515625,17107.2734375,17502.4921875,14147.9521484375,17943079,0.0,0.0
2022-05-06 00:00:00+07:00,16937.89453125,17333.111328125,16288.6083984375,16288.6083984375,13166.72265625,26813308,0.0,0.0
2022-05-09 00:00:00+07:00,16062.7705078125,16091.0,15159.416015625,15159.416015625,12253.9521484375,34377471,0.0,0.0
2022-05-10 00:00:00+07:00,14679.5087890625,15836.931640625,14651.279296875,15752.2421875,12733.1572265625,27294183,0.0,0.0
2022-05-11 00:00:00+07:00,15836.931640625,15865.1611328125,15441.7138671875,15639.3232421875,12641.8798828125,10897340,0.0,0.0
2022-05-12 00:00:00+07:00,15385.2548828125,15554.6337890625,14566.58984375,14566.58984375,11774.7470703125,28116540,0.0,0.0
2022-05-13 00:00:00+07:00,14679.5087890625,15018.2666015625,14143.142578125,14566.58984375,11774.7470703125,44372928,0.0,0.0
2022-05-16 00:00:00+07:00,15469.9443359375,15582.86328125,15357.0244140625,15413.484375,12459.3251953125,33088763,0.0,0.0
2022-05-17 00:00:00+07:00,15244.10546875,16457.98828125,15187.6455078125,16457.98828125,13303.638671875,34844531,0.0,0.0
2022-05-18 00:00:00+07:00,16486.216796875,16909.6640625,16147.4599609375,16175.689453125,13075.4453125,43840513,0.0,0.0
2022-05-19 00:00:00+07:00,15582.86328125,16373.2978515625,15582.86328125,16091.0,13006.98828125,33810518,0.0,0.0
2022-05-20 00:00:00+07:00,16260.37890625,16655.595703125,16034.5400390625,16062.7705078125,12984.1689453125,29308896,0.0,0.0
2022-05-23 00:00:00+07:00,16091.0,16175.689453125,14961.806640625,14961.806640625,12094.216796875,54610505,0.0,0.0
2022-05-24 00:00:00+07:00,14905.34765625,15865.1611328125,14199.6015625,15865.1611328125,12824.43359375,38674877,0.0,0.0
2022-05-25 00:00:00+07:00,15865.1611328125,16542.677734375,15808.7021484375,16260.37890625,13143.9033203125,30718044,0.0,0.0
2022-05-26 00:00:00+07:00,16316.8388671875,17050.814453125,16260.37890625,16627.3671875,13440.5546875,51524585,0.0,0.0
2022-05-27 00:00:00+07:00,16542.677734375,17191.962890625,16514.447265625,16881.435546875,13645.9287109375,37359424,0.0,0.0
2022-05-30 00:00:00+07:00,16966.125,17333.111328125,16655.595703125,16881.435546875,13645.9287109375,25905934,0.0,0.0
2022-05-31 00:00:00+07:00,16599.13671875,16966.125,16373.2978515625,16740.28515625,13531.8310546875,32455922,0.0,0.0
2022-06-01 00:00:00+07:00,16655.595703125,16881.435546875,16203.9189453125,16683.826171875,13486.193359375,25766366,0.0,0.0
2022-06-02 00:00:00+07:00,16683.826171875,16683.826171875,16683.826171875,16683.826171875,13486.193359375,0,0.0,0.0
2022-06-03 00:00:00+07:00,16260.37890625,16768.515625,16260.37890625,16514.447265625,13349.27734375,30571390,0.0,0.0
2022-06-06 00:00:00+07:00,16683.826171875,16881.435546875,16260.37890625,16373.2978515625,13235.1806640625,23317006,0.0,0.0
2022-06-07 00:00:00+07:00,16203.9189453125,16345.068359375,15385.2548828125,15921.62109375,12870.072265625,32900310,0.0,0.0
2022-06-08 00:00:00+07:00,16091.0,16796.74609375,15921.62109375,16542.677734375,13372.0966796875,26851211,0.0,0.0
2022-06-09 00:00:00+07:00,16570.90625,16712.056640625,16288.6083984375,16373.2978515625,13235.1806640625,14119641,0.0,0.0
2022-06-10 00:00:00+07:00,16147.4599609375,16373.2978515625,15724.0126953125,15724.0126953125,12710.337890625,27740519,0.0,0.0
2022-06-13 00:00:00+07:00,14961.806640625,15244.10546875,14651.279296875,14651.279296875,11843.205078125,36994030,0.0,0.0
2022-06-14 00:00:00+07:00,14340.7509765625,14510.1298828125,13635.0048828125,13747.9248046875,11112.9873046875,32095665,0.0,0.0
2022-06-15 00:00:00+07:00,13832.6142578125,13973.7626953125,12788.1103515625,12788.1103515625,10337.1318359375,34527844,0.0,0.0
2022-06-16 00:00:00+07:00,13211.5576171875,13211.5576171875,12392.892578125,12505.8125,10108.9404296875,24014849,0.0,0.0
2022-06-17 00:00:00+07:00,11771.8369140625,12138.82421875,11630.6875,11630.6875,9401.5419921875,37085246,0.0,0.0
2022-06-20 00:00:00+07:00,11658.91796875,12025.9052734375,10840.2529296875,10840.2529296875,8762.6025390625,32349651,0.0,0.0
2022-06-21 00:00:00+07:00,10360.345703125,11235.4697265625,10190.966796875,10332.1162109375,8351.8564453125,44253020,0.0,0.0
2022-06-22 00:00:00+07:00,10632.4677734375,10632.4677734375,10512.3271484375,10632.4677734375,9125.1748046875,19797590,600.7044,0.0
2022-06-23 00:00:00+07:00,10812.6796875,11113.03125,10752.6083984375,11113.03125,9537.6123046875,22802063,0.0,0.0
2022-06-24 00:00:00+07:00,11052.9609375,11473.4541015625,11022.92578125,11173.1015625,9589.1669921875,19858352,0.0,0.0
2022-06-27 00:00:00+07:00,11263.2080078125,11923.982421875,11173.1015625,11923.982421875,10233.6005859375,23132175,0.0,0.0
2022-06-28 00:00:00+07:00,11954.017578125,11984.052734375,11683.701171875,11773.806640625,10104.71484375,21992513,0.0,0.0
2022-06-29 00:00:00+07:00,11593.5947265625,12134.2294921875,11533.5244140625,11863.912109375,10182.0458984375,23710163,0.0,0.0
2022-06-30 00:00:00+07:00,11833.876953125,11923.982421875,11293.2431640625,11293.2431640625,9692.27734375,22044286,0.0,0.0
2022-07-01 00:00:00+07:00,11203.13671875,11893.947265625,10782.64453125,11833.876953125,10156.26953125,25848819,0.0,0.0
2022-07-04 00:00:00+07:00,12044.123046875,12374.5107421875,11984.052734375,12134.2294921875,10414.0419921875,32814808,0.0,0.0
2022-07-05 00:00:00+07:00,12104.193359375,12224.3349609375,11833.876953125,11833.876953125,10156.26953125,23672375,0.0,0.0
2022-07-06 00:00:00+07:00,11533.5244140625,11893.947265625,11353.3134765625,11413.3837890625,9795.38671875,25245028,0.0,0.0
2022-07-07 00:00:00+07:00,11293.2431640625,11533.5244140625,11203.13671875,11473.4541015625,9846.9404296875,16352635,0.0,0.0
2022-07-08 00:00:00+07:00,11593.5947265625,12254.3701171875,11593.5947265625,12254.3701171875,10517.15234375,50416976,0.0,0.0
2022-07-11 00:00:00+07:00,12284.4052734375,12704.8984375,11954.017578125,12404.5458984375,10646.0380859375,43388561,0.0,0.0
2022-07-12 00:00:00+07:00,12404.5458984375,12404.5458984375,12404.5458984375,12404.5458984375,10646.0380859375,0,0.0,0.0
2022-07-13 00:00:00+07:00,12554.7216796875,12674.86328125,12194.2998046875,12434.5810546875,10671.8154296875,29697468,0.0,0.0
2022-07-14 00:00:00+07:00,12314.4404296875,13185.4619140625,12224.3349609375,12915.14453125,11084.251953125,39112581,0.0,0.0
2022-07-15 00:00:00+07:00,12975.21484375,13065.3212890625,12674.86328125,12674.86328125,10878.03515625,27596934,0.0,0.0
2022-07-18 00:00:00+07:00,12795.00390625,12855.07421875,12434.5810546875,12554.7216796875,10774.923828125,29992122,0.0,0.0
2022-07-19 00:00:00+07:00,12404.5458984375,12554.7216796875,12074.158203125,12404.5458984375,10646.0380859375,33073005,0.0,0.0
2022-07-20 00:00:00+07:00,12614.79296875,12975.21484375,12554.7216796875,12795.00390625,10981.1435546875,37110265,0.0,0.0
2022-07-21 00:00:00+07:00,12734.93359375,12975.21484375,12674.86328125,12795.00390625,10981.1435546875,26568807,0.0,0.0
2022-07-22 00:00:00+07:00,12795.00390625,12915.14453125,12554.7216796875,12554.7216796875,10774.923828125,29813665,0.0,0.0
2022-07-25 00:00:00+07:00,12434.5810546875,12644.828125,12194.2998046875,12284.4052734375,10542.9287109375,30481048,0.0,0.0
2022-07-26 00:00:00+07:00,12344.4755859375,12434.5810546875,12074.158203125,12164.2646484375,10439.8193359375,27396835,0.0,0.0
2022-07-27 00:00:00+07:00,12014.087890625,12254.3701171875,11893.947265625,12254.3701171875,10517.15234375,29639702,0.0,0.0
2022-07-28 00:00:00+07:00,12554.7216796875,12825.0390625,12434.5810546875,12704.8984375,10903.8115234375,32430426,0.0,0.0
2022-07-29 00:00:00+07:00,12795.00390625,13005.25,12644.828125,12825.0390625,11006.9208984375,34613030,0.0,0.0
2022-08-01 00:00:00+07:00,12825.0390625,13696.060546875,12825.0390625,13696.060546875,11754.462890625,48559490,0.0,0.0
2022-08-02 00:00:00+07:00,13816.201171875,14206.6591796875,13756.130859375,13936.341796875,11960.681640625,59141067,0.0,0.0
2022-08-03 00:00:00+07:00,13756.130859375,14236.6943359375,13726.095703125,14146.5888671875,12141.1240234375,37072975,0.0,0.0
2022-08-04 00:00:00+07:00,14296.7646484375,14356.8349609375,13816.201171875,14146.5888671875,12141.1240234375,34861905,0.0,0.0
2022-08-05 00:00:00+07:00,14026.4482421875,15077.6806640625,13966.3779296875,14897.4697265625,12785.556640625,48266667,0.0,0.0
2022-08-08 00:00:00+07:00,15107.7158203125,15227.8564453125,14627.15234375,14807.36328125,12708.224609375,35377799,0.0,0.0
2022-08-09 00:00:00+07:00,14837.3984375,14987.5751953125,14627.15234375,14897.4697265625,12785.556640625,24886116,0.0,0.0
2022-08-10 00:00:00+07:00,14747.29296875,15017.6103515625,14687.22265625,14747.29296875,12656.669921875,24278996,0.0,0.0
2022-08-11 00:00:00+07:00,14927.5048828125,15137.7509765625,14296.7646484375,14657.1875,12579.3388671875,46688187,0.0,0.0
2022-08-12 00:00:00+07:00,14627.15234375,14957.5400390625,14446.94140625,14957.5400390625,12837.1123046875,28597426,0.0,0.0
2022-08-15 00:00:00+07:00,15107.7158203125,15197.8212890625,14777.328125,14867.43359375,12759.779296875,24264180,0.0,0.0
2022-08-16 00:00:00+07:00,14867.43359375,15017.6103515625,14687.22265625,14777.328125,12682.447265625,19584840,0.0,0.0
2022-08-17 00:00:00+07:00,14897.4697265625,15107.7158203125,14717.2578125,14747.29296875,12656.669921875,35309546,0.0,0.0
2022-08-18 00:00:00+07:00,14597.1171875,15317.9619140625,14597.1171875,15077.6806640625,12940.220703125,47654719,0.0,0.0
2022-08-19 00:00:00+07:00,15077.6806640625,15287.9267578125,14957.5400390625,15107.7158203125,12965.9970703125,26223879,0.0,0.0
2022-08-22 00:00:00+07:00,15107.7158203125,15227.8564453125,14777.328125,14837.3984375,12734.0009765625,27880434,0.0,0.0
2022-08-23 00:00:00+07:00,14597.1171875,15257.8916015625,14296.7646484375,15257.8916015625,13094.8837890625,53977796,0.0,0.0
2022-08-24 00:00:00+07:00,15408.068359375,15438.103515625,15107.7158203125,15167.7861328125,13017.552734375,22415850,0.0,0.0
2022-08-25 00:00:00+07:00,15227.8564453125,15618.314453125,15227.8564453125,15317.9619140625,13146.4384765625,24609108,0.0,0.0
2022-08-26 00:00:00+07:00,15317.9619140625,15408.068359375,14897.4697265625,14897.4697265625,12785.556640625,38732361,0.0,0.0
2022-08-29 00:00:00+07:00,14537.046875,14657.1875,14146.5888671875,14657.1875,12579.3388671875,47624588,0.0,0.0
2022-08-30 00:00:00+07:00,14807.36328125,14897.4697265625,14356.8349609375,14386.8701171875,12347.341796875,20134029,0.0,0.0
2022-08-31 00:00:00+07:00,14236.6943359375,14537.046875,14236.6943359375,14416.90625,12373.119140625,18056135,0.0,0.0
2022-09-01 00:00:00+07:00,14416.90625,14416.90625,14416.90625,14416.90625,12373.119140625,0,0.0,0.0
2022-09-02 00:00:00+07:00,14416.90625,14416.90625,14416.90625,14416.90625,12373.119140625,0,0.0,0.0
2022-09-05 00:00:00+07:00,14476.9765625,14597.1171875,14236.6943359375,14236.6943359375,12218.455078125,16910147,0.0,0.0
2022-09-06 00:00:00+07:00,14326.7998046875,14507.01171875,14116.5537109375,14266.7294921875,12244.2333984375,18356615,0.0,0.0
2022-09-07 00:00:00+07:00,14236.6943359375,14386.8701171875,13545.884765625,13545.884765625,11625.5771484375,38642633,0.0,0.0
2022-09-08 00:00:00+07:00,13786.166015625,13816.201171875,13245.5322265625,13245.5322265625,11367.802734375,26597108,0.0,0.0
2022-09-09 00:00:00+07:00,13215.4970703125,13335.6376953125,12795.00390625,13335.6376953125,11445.1357421875,55669809,0.0,0.0
2022-09-12 00:00:00+07:00,13515.849609375,13515.849609375,13125.3916015625,13125.3916015625,11264.6943359375,19973717,0.0,0.0
2022-09-13 00:00:00+07:00,13125.3916015625,13245.5322265625,12734.93359375,13005.25,11161.583984375,31583087,0.0,0.0
2022-09-14 00:00:00+07:00,12614.79296875,13305.6025390625,12614.79296875,13185.4619140625,11316.2490234375,43032312,0.0,0.0
2022-09-15 00:00:00+07:00,13275.5673828125,13275.5673828125,12975.21484375,13005.25,11161.583984375,15736025,0.0,0.0
2022-09-16 00:00:00+07:00,12915.14453125,13035.28515625,12644.828125,12704.8984375,10903.8115234375,32406454,0.0,0.0
2022-09-19 00:00:00+07:00,12704.8984375,12704.8984375,11954.017578125,11954.017578125,10259.3779296875,37778480,0.0,0.0
2022-09-20 00:00:00+07:00,12134.2294921875,12464.6162109375,11954.017578125,12434.5810546875,10671.8154296875,23548520,0.0,0.0
2022-09-21 00:00:00+07:00,12314.4404296875,12494.6513671875,12224.3349609375,12344.4755859375,10594.4833984375,13953618,0.0,0.0
2022-09-22 00:00:00+07:00,12194.2998046875,12734.93359375,12134.2294921875,12674.86328125,10878.03515625,28643705,0.0,0.0
2022-09-23 00:00:00+07:00,12614.79296875,12795.00390625,12344.4755859375,12404.5458984375,10646.0380859375,18002198,0.0,0.0
2022-09-26 00:00:00+07:00,12044.123046875,12194.2998046875,11563.5595703125,11713.736328125,10053.16015625,38133064,0.0,0.0
2022-09-27 00:00:00+07:00,11833.876953125,12014.087890625,11713.736328125,11743.771484375,10078.9365234375,18234925,0.0,0.0
2022-09-28 00:00:00+07:00,11653.6650390625,12044.123046875,11653.6650390625,11863.912109375,10182.0458984375,23505404,0.0,0.0
2022-09-29 00:00:00+07:00,12134.2294921875,12134.2294921875,11593.5947265625,11593.5947265625,9950.0498046875,18879501,0.0,0.0
2022-09-30 00:00:00+07:00,11503.4892578125,11893.947265625,10992.890625,11893.947265625,10207.8232421875,34340350,0.0,0.0
2022-10-03 00:00:00+07:00,11773.806640625,11803.841796875,11082.99609375,11082.99609375,9511.8349609375,26374535,0.0,0.0
2022-10-04 00:00:00+07:00,11353.3134765625,11473.4541015625,10572.3974609375,10692.5380859375,9176.728515625,25991652,0.0,0.0
2022-10-05 00:00:00+07:00,11022.92578125,11293.2431640625,10932.8203125,11203.13671875,9614.9453125,22667055,0.0,0.0
2022-10-06 00:00:00+07:00,11203.13671875,11203.13671875,10452.2568359375,10452.2568359375,8970.51171875,20096905,0.0,0.0
2022-10-07 00:00:00+07:00,10242.009765625,10272.044921875,9731.4111328125,10091.833984375,8661.1845703125,40170838,0.0,0.0
2022-10-10 00:00:00+07:00,10061.798828125,10632.4677734375,9941.658203125,10452.2568359375,8970.51171875,29329233,0.0,0.0
2022-10-11 00:00:00+07:00,10242.009765625,10452.2568359375,9731.4111328125,9731.4111328125,8351.85546875,27307773,0.0,0.0
2022-10-12 00:00:00+07:00,9851.552734375,10392.1865234375,9761.4462890625,10362.1513671875,8893.1796875,30934016,0.0,0.0
2022-10-13 00:00:00+07:00,10362.1513671875,10632.4677734375,10211.974609375,10512.3271484375,9022.06640625,20785930,0.0,0.0
2022-10-14 00:00:00+07:00,10812.6796875,11052.9609375,10692.5380859375,10752.6083984375,9228.2841796875,36684598,0.0,0.0
2022-10-17 00:00:00+07:00,10572.3974609375,10812.6796875,10362.1513671875,10812.6796875,9279.8408203125,22833859,0.0,0.0
2022-10-18 00:00:00+07:00,11052.9609375,11113.03125,10632.4677734375,10692.5380859375,9176.728515625,31292096,0.0,0.0
2022-10-19 00:00:00+07:00,10752.6083984375,10812.6796875,10512.3271484375,10602.4326171875,9099.3984375,20551538,0.0,0.0
2022-10-20 00:00:00+07:00,10512.3271484375,10722.5732421875,10362.1513671875,10452.2568359375,8970.51171875,18664587,0.0,0.0
2022-10-21 00:00:00+07:00,10452.2568359375,10482.2919921875,9731.4111328125,9731.4111328125,8351.85546875,46739127,0.0,0.0
2022-10-24 00:00:00+07:00,9791.4814453125,9851.552734375,9070.63671875,9070.63671875,7784.75390625,38878023,0.0,0.0
2022-10-25 00:00:00+07:00,9070.63671875,9641.3056640625,8590.0732421875,9040.6015625,7758.97705078125,38287383,0.0,0.0
2022-10-26 00:00:00+07:00,9190.77734375,9370.98828125,8830.3544921875,8920.4599609375,7655.86669921875,15006382,0.0,0.0
2022-10-27 00:00:00+07:00,9070.63671875,9521.1650390625,9010.56640625,9521.1650390625,8171.41455078125,36141402,0.0,0.0
2022-10-28 00:00:00+07:00,9731.4111328125,9851.552734375,9521.1650390625,9551.2001953125,8197.1923828125,27072383,0.0,0.0
2022-10-31 00:00:00+07:00,9551.2001953125,9851.552734375,9130.70703125,9791.4814453125,8403.41015625,34129764,0.0,0.0
2022-11-01 00:00:00+07:00,9971.693359375,10242.009765625,9791.4814453125,10181.939453125,8738.515625,37169862,0.0,0.0
2022-11-02 00:00:00+07:00,10181.939453125,10242.009765625,9911.623046875,9911.623046875,8506.51953125,26488568,0.0,0.0
2022-11-03 00:00:00+07:00,9731.4111328125,10091.833984375,9701.3759765625,9911.623046875,8506.51953125,18814911,0.0,0.0
2022-11-04 00:00:00+07:00,9761.4462890625,9791.4814453125,9220.8125,9220.8125,7913.640625,42135199,0.0,0.0
2022-11-07 00:00:00+07:00,9160.7421875,9310.91796875,8590.0732421875,8590.0732421875,7372.31689453125,35237963,0.0,0.0
2022-11-08 00:00:00+07:00,8289.720703125,9100.671875,8289.720703125,9010.56640625,7733.20068359375,27268486,0.0,0.0
2022-11-09 00:00:00+07:00,9100.671875,9370.98828125,8950.49609375,8950.49609375,7681.64501953125,14342994,0.0,0.0
2022-11-10 00:00:00+07:00,8830.3544921875,8890.4248046875,8349.791015625,8349.791015625,7166.09814453125,30640860,0.0,0.0
2022-11-11 00:00:00+07:00,8590.0732421875,8770.2841796875,8289.720703125,8469.9326171875,7269.20849609375,33061019,0.0,0.0
2022-11-14 00:00:00+07:00,8289.720703125,8710.2138671875,7929.29833984375,8560.0380859375,7346.5400390625,34226650,0.0,0.0
2022-11-15 00:00:00+07:00,8409.861328125,8560.0380859375,7989.36865234375,8349.791015625,7166.09814453125,40346133,0.0,0.0
2022-11-16 00:00:00+07:00,7869.2275390625,8920.4599609375,7839.1923828125,8920.4599609375,7655.86669921875,44944900,0.0,0.0
2022-11-17 00:00:00+07:00,9100.671875,9521.1650390625,9070.63671875,9491.1298828125,8145.6376953125,38929130,0.0,0.0
2022-11-18 00:00:00+07:00,9461.0947265625,9971.693359375,9220.8125,9761.4462890625,8377.6328125,57593384,0.0,0.0
2022-11-21 00:00:00+07:00,9881.587890625,9911.623046875,9581.2353515625,9671.3408203125,8300.30078125,20855348,0.0,0.0
2022-11-22 00:00:00+07:00,9551.2001953125,10211.974609375,9551.2001953125,9821.5166015625,8429.1875,49367042,0.0,0.0
2022-11-23 00:00:00+07:00,9731.4111328125,9881.587890625,9491.1298828125,9491.1298828125,8145.6376953125,21852345,0.0,0.0
2022-11-24 00:00:00+07:00,9280.8828125,9611.2705078125,9160.7421875,9611.2705078125,8248.74609375,27011621,0.0,0.0
2022-11-25 00:00:00+07:00,9851.552734375,10272.044921875,9701.3759765625,10272.044921875,8815.8466796875,37571224,0.0,0.0
2022-11-28 00:00:00+07:00,10512.3271484375,10962.85546875,10512.3271484375,10962.85546875,9408.7255859375,54334377,0.0,0.0
2022-11-29 00:00:00+07:00,11113.03125,11503.4892578125,10812.6796875,11383.3486328125,9769.6083984375,53736579,0.0,0.0
2022-11-30 00:00:00+07:00,11233.1728515625,11653.6650390625,11082.99609375,11563.5595703125,9924.2734375,49350894,0.0,0.0
2022-12-01 00:00:00+07:00,11713.736328125,11803.841796875,10932.8203125,10932.8203125,9382.94921875,61776473,0.0,0.0
2022-12-02 00:00:00+07:00,10872.75,11683.701171875,10872.75,11683.701171875,10027.3818359375,48820184,0.0,0.0
2022-12-05 00:00:00+07:00,12194.2998046875,12494.6513671875,11893.947265625,12494.6513671875,10723.3701171875,59619173,0.0,0.0
2022-12-06 00:00:00+07:00,12254.3701171875,12584.7578125,11743.771484375,11743.771484375,10078.9365234375,68813878,0.0,0.0
2022-12-07 00:00:00+07:00,11743.771484375,11984.052734375,11353.3134765625,11563.5595703125,9924.2734375,35258439,0.0,0.0
2022-12-08 00:00:00+07:00,11863.912109375,12344.4755859375,11743.771484375,12344.4755859375,10594.4833984375,57629009,0.0,0.0
2022-12-09 00:00:00+07:00,12434.5810546875,12494.6513671875,11954.017578125,12164.2646484375,10439.8193359375,30932351,0.0,0.0
2022-12-12 00:00:00+07:00,12254.3701171875,12464.6162109375,11473.4541015625,11503.4892578125,9872.71875,44133353,0.0,0.0
2022-12-13 00:00:00+07:00,11503.4892578125,12254.3701171875,11323.2783203125,12254.3701171875,10517.15234375,42204950,0.0,0.0
2022-12-14 00:00:00+07:00,12614.79296875,12614.79296875,12074.158203125,12074.158203125,10362.486328125,34528130,0.0,0.0
2022-12-15 00:00:00+07:00,12074.158203125,12224.3349609375,11984.052734375,12164.2646484375,10439.8193359375,25891769,0.0,0.0
2022-12-16 00:00:00+07:00,12014.087890625,12374.5107421875,12014.087890625,12314.4404296875,10568.7060546875,35706413,0.0,0.0
2022-12-19 00:00:00+07:00,12314.4404296875,13125.3916015625,12224.3349609375,12314.4404296875,10568.7060546875,69460785,0.0,0.0
2022-12-20 00:00:00+07:00,12314.4404296875,12464.6162109375,11623.6298828125,11893.947265625,10207.8232421875,44628938,0.0,0.0
2022-12-21 00:00:00+07:00,12134.2294921875,12134.2294921875,11082.99609375,11593.5947265625,9950.0498046875,44025646,0.0,0.0
2022-12-22 00:00:00+07:00,11713.736328125,11743.771484375,11173.1015625,11473.4541015625,9846.9404296875,21822213,0.0,0.0
2022-12-23 00:00:00+07:00,11413.3837890625,11473.4541015625,10962.85546875,10992.890625,9434.50390625,18916458,0.0,0.0
2022-12-26 00:00:00+07:00,10932.8203125,10992.890625,10242.009765625,10242.009765625,8790.0703125,31014089,0.0,0.0
2022-12-27 00:00:00+07:00,10211.974609375,10932.8203125,10211.974609375,10932.8203125,9382.94921875,24551176,0.0,0.0
2022-12-28 00:00:00+07:00,11082.99609375,11082.99609375,10692.5380859375,10902.78515625,9357.1708984375,18277708,0.0,0.0
2022-12-29 00:00:00+07:00,10812.6796875,10962.85546875,10572.3974609375,10572.3974609375,9073.62109375,14562237,0.0,0.0
2022-12-30 00:00:00+07:00,10662.5029296875,10872.75,10572.3974609375,10632.4677734375,9125.1748046875,10690948,0.0,0.0
2023-01-02 00:00:00+07:00,10632.4677734375,10632.4677734375,10632.4677734375,10632.4677734375,9125.1748046875,0,0.0,0.0
2023-01-03 00:00:00+07:00,10692.5380859375,11353.3134765625,10692.5380859375,11353.3134765625,9743.83203125,30041730,0.0,0.0
2023-01-04 00:00:00+07:00,11533.5244140625,11713.736328125,11383.3486328125,11413.3837890625,9795.38671875,17779959,0.0,0.0
2023-01-05 00:00:00+07:00,11503.4892578125,11623.6298828125,11233.1728515625,11593.5947265625,9950.0498046875,22156488,0.0,0.0
2023-01-06 00:00:00+07:00,11593.5947265625,11773.806640625,11353.3134765625,11353.3134765625,9743.83203125,21880478,0.0,0.0
2023-01-09 00:00:00+07:00,11473.4541015625,11623.6298828125,11323.2783203125,11413.3837890625,9795.38671875,16166853,0.0,0.0
2023-01-10 00:00:00+07:00,11413.3837890625,11563.5595703125,11082.99609375,11353.3134765625,9743.83203125,19350116,0.0,0.0
2023-01-11 00:00:00+07:00,11443.4189453125,11863.912109375,11443.4189453125,11593.5947265625,9950.0498046875,23262522,0.0,0.0
2023-01-12 00:00:00+07:00,11623.6298828125,11713.736328125,11473.4541015625,11593.5947265625,9950.0498046875,10891879,0.0,0.0
2023-01-13 00:00:00+07:00,11713.736328125,11923.982421875,11473.4541015625,11533.5244140625,9898.4951171875,23850665,0.0,0.0
2023-01-16 00:00:00+07:00,11593.5947265625,11713.736328125,11473.4541015625,11653.6650390625,10001.6044921875,12201675,0.0,0.0
2023-01-17 00:00:00+07:00,11773.806640625,12254.3701171875,11713.736328125,12254.3701171875,10517.15234375,36610851,0.0,0.0
2023-01-18 00:00:00+07:00,12314.4404296875,12614.79296875,12194.2998046875,12344.4755859375,10594.4833984375,32241148,0.0,0.0
2023-01-19 00:00:00+07:00,12284.4052734375,12764.96875,12254.3701171875,12734.93359375,10929.5888671875,44039130,0.0,0.0
2023-01-20 00:00:00+07:00,12734.93359375,12734.93359375,12734.93359375,12734.93359375,10929.5888671875,0,0.0,0.0
2023-01-23 00:00:00+07:00,12734.93359375,12734.93359375,12734.93359375,12734.93359375,10929.5888671875,0,0.0,0.0
2023-01-24 00:00:00+07:00,12734.93359375,12734.93359375,12734.93359375,12734.93359375,10929.5888671875,0,0.0,0.0
2023-01-25 00:00:00+07:00,12734.93359375,12734.93359375,12734.93359375,12734.93359375,10929.5888671875,0,0.0,0.0
2023-01-26 00:00:00+07:00,12734.93359375,12734.93359375,12734.93359375,12734.93359375,10929.5888671875,0,0.0,0.0
2023-01-27 00:00:00+07:00,12915.14453125,12975.21484375,12524.6865234375,12584.7578125,10800.7021484375,32396299,0.0,0.0
2023-01-30 00:00:00+07:00,12584.7578125,13035.28515625,12434.5810546875,12614.79296875,10826.4794921875,32028564,0.0,0.0
2023-01-31 00:00:00+07:00,12704.8984375,13005.25,12524.6865234375,12975.21484375,11135.8076171875,29839801,0.0,0.0
2023-02-01 00:00:00+07:00,13035.28515625,13125.3916015625,12074.158203125,12104.193359375,10388.2646484375,44209097,0.0,0.0
2023-02-02 00:00:00+07:00,12194.2998046875,12254.3701171875,11954.017578125,12104.193359375,10388.2646484375,19972718,0.0,0.0
2023-02-03 00:00:00+07:00,12074.158203125,12194.2998046875,11773.806640625,11863.912109375,10182.0458984375,22002668,0.0,0.0
2023-02-06 00:00:00+07:00,11773.806640625,12014.087890625,11653.6650390625,12014.087890625,10310.931640625,19231255,0.0,0.0
2023-02-07 00:00:00+07:00,12074.158203125,12224.3349609375,11443.4189453125,11443.4189453125,9821.1630859375,28946516,0.0,0.0
2023-02-08 00:00:00+07:00,11653.6650390625,11833.876953125,11233.1728515625,11713.736328125,10053.16015625,20875158,0.0,0.0
2023-02-09 00:00:00+07:00,11683.701171875,11863.912109375,11593.5947265625,11623.6298828125,9975.8271484375,12375970,0.0,0.0
2023-02-10 00:00:00+07:00,11623.6298828125,11773.806640625,11323.2783203125,11413.3837890625,9795.38671875,15878025,0.0,0.0
2023-02-13 00:00:00+07:00,11383.3486328125,11413.3837890625,10902.78515625,11113.03125,9537.6123046875,18911297,0.0,0.0
2023-02-14 00:00:00+07:00,11263.2080078125,11353.3134765625,11113.03125,11353.3134765625,9743.83203125,10289253,0.0,0.0
2023-02-15 00:00:00+07:00,11353.3134765625,11623.6298828125,11293.2431640625,11473.4541015625,9846.9404296875,17220616,0.0,0.0
2023-02-16 00:00:00+07:00,11593.5947265625,11713.736328125,11503.4892578125,11713.736328125,10053.16015625,16360958,0.0,0.0
2023-02-17 00:00:00+07:00,11683.701171875,11803.841796875,11533.5244140625,11683.701171875,10027.3818359375,13411088,0.0,0.0
2023-02-20 00:00:00+07:00,11683.701171875,12464.6162109375,11653.6650390625,12464.6162109375,10697.5927734375,39379268,0.0,0.0
2023-02-21 00:00:00+07:00,12494.6513671875,12584.7578125,12284.4052734375,12284.4052734375,10542.9287109375,23406353,0.0,0.0
2023-02-22 00:00:00+07:00,12134.2294921875,12254.3701171875,11593.5947265625,11593.5947265625,9950.0498046875,40068126,0.0,0.0
2023-02-23 00:00:00+07:00,11593.5947265625,11833.876953125,11293.2431640625,11833.876953125,10156.26953125,29875592,0.0,0.0
2023-02-24 00:00:00+07:00,11863.912109375,11863.912109375,11413.3837890625,11413.3837890625,9795.38671875,12861733,0.0,0.0
2023-02-27 00:00:00+07:00,11293.2431640625,11353.3134765625,10962.85546875,10962.85546875,9408.7255859375,24695507,0.0,0.0
2023-02-28 00:00:00+07:00,11173.1015625,11263.2080078125,10932.8203125,10962.85546875,9408.7255859375,19823393,0.0,0.0
2023-03-01 00:00:00+07:00,10992.890625,11413.3837890625,10902.78515625,11383.3486328125,9769.6083984375,18945091,0.0,0.0
2023-03-02 00:00:00+07:00,11413.3837890625,11473.4541015625,11203.13671875,11203.13671875,9614.9453125,8891561,0.0,0.0
2023-03-03 00:00:00+07:00,11323.2783203125,11323.2783203125,11082.99609375,11082.99609375,9511.8349609375,12289904,0.0,0.0
2023-03-06 00:00:00+07:00,11323.2783203125,11533.5244140625,11263.2080078125,11263.2080078125,9666.5,17213291,0.0,0.0
2023-03-07 00:00:00+07:00,11413.3837890625,11713.736328125,11293.2431640625,11653.6650390625,10001.6044921875,26973000,0.0,0.0
2023-03-08 00:00:00+07:00,11473.4541015625,11893.947265625,11413.3837890625,11893.947265625,10207.8232421875,24398189,0.0,0.0
2023-03-09 00:00:00+07:00,11893.947265625,12074.158203125,11863.912109375,11893.947265625,10207.8232421875,29481887,0.0,0.0
2023-03-10 00:00:00+07:00,11743.771484375,11923.982421875,11683.701171875,11893.947265625,10207.8232421875,22263861,0.0,0.0
2023-03-13 00:00:00+07:00,11743.771484375,11984.052734375,11533.5244140625,11803.841796875,10130.4912109375,34194688,0.0,0.0
2023-03-14 00:00:00+07:00,11803.841796875,11833.876953125,11413.3837890625,11443.4189453125,9821.1630859375,25103694,0.0,0.0
2023-03-15 00:00:00+07:00,11803.841796875,12224.3349609375,11713.736328125,12224.3349609375,10491.3740234375,47375880,0.0,0.0
2023-03-16 00:00:00+07:00,12134.2294921875,12404.5458984375,12104.193359375,12104.193359375,10388.2646484375,32612878,0.0,0.0
2023-03-17 00:00:00+07:00,12254.3701171875,12314.4404296875,12044.123046875,12194.2998046875,10465.59765625,32132109,0.0,0.0
2023-03-20 00:00:00+07:00,12134.2294921875,12164.2646484375,11713.736328125,11713.736328125,10053.16015625,30877249,0.0,0.0
2023-03-21 00:00:00+07:00,11833.876953125,12014.087890625,11623.6298828125,12014.087890625,10310.931640625,29211039,0.0,0.0
2023-03-22 00:00:00+07:00,12104.193359375,12194.2998046875,11923.982421875,11923.982421875,10233.6005859375,20481621,0.0,0.0
2023-03-23 00:00:00+07:00,11833.876953125,12254.3701171875,11803.841796875,12224.3349609375,10491.3740234375,29121144,0.0,0.0
2023-03-24 00:00:00+07:00,12284.4052734375,12404.5458984375,12254.3701171875,12284.4052734375,10542.9287109375,30987620,0.0,0.0
2023-03-27 00:00:00+07:00,12314.4404296875,12855.07421875,12284.4052734375,12614.79296875,10826.4794921875,39109418,0.0,0.0
2023-03-28 00:00:00+07:00,12734.93359375,12795.00390625,12464.6162109375,12494.6513671875,10723.3701171875,31438923,0.0,0.0
2023-03-29 00:00:00+07:00,12494.6513671875,12674.86328125,12464.6162109375,12644.828125,10852.2578125,26365047,0.0,0.0
2023-03-30 00:00:00+07:00,12915.14453125,13035.28515625,12584.7578125,12584.7578125,10800.7021484375,38642966,0.0,0.0
2023-03-31 00:00:00+07:00,12644.828125,13035.28515625,12524.6865234375,12915.14453125,11084.251953125,53238330,0.0,0.0
2023-04-03 00:00:00+07:00,13215.4970703125,13305.6025390625,13155.4267578125,13215.4970703125,11342.0263671875,52997114,0.0,0.0
2023-04-04 00:00:00+07:00,13275.5673828125,13635.990234375,13095.3564453125,13515.849609375,11599.7998046875,51612406,0.0,0.0
2023-04-05 00:00:00+07:00,13455.7783203125,13575.919921875,13275.5673828125,13515.849609375,11599.7998046875,30586091,0.0,0.0
2023-04-06 00:00:00+07:00,13605.955078125,13816.201171875,13125.3916015625,13125.3916015625,11264.6943359375,41993865,0.0,0.0
2023-04-07 00:00:00+07:00,13155.4267578125,13515.849609375,13065.3212890625,13515.849609375,11599.7998046875,42093914,0.0,0.0
2023-04-10 00:00:00+07:00,13666.025390625,13936.341796875,13365.6728515625,13455.7783203125,11548.244140625,43708019,0.0,0.0
2023-04-11 00:00:00+07:00,13455.7783203125,13575.919921875,13095.3564453125,13575.919921875,11651.3544921875,42031654,0.0,0.0
2023-04-12 00:00:00+07:00,13575.919921875,13635.990234375,13185.4619140625,13215.4970703125,11342.0263671875,28338230,0.0,0.0
2023-04-13 00:00:00+07:00,13275.5673828125,13365.6728515625,13005.25,13065.3212890625,11213.1396484375,29543315,0.0,0.0
2023-04-14 00:00:00+07:00,13155.4267578125,13245.5322265625,12734.93359375,12734.93359375,10929.5888671875,44848680,0.0,0.0
2023-04-17 00:00:00+07:00,12734.93359375,12915.14453125,12704.8984375,12825.0390625,11006.9208984375,21479782,0.0,0.0
2023-04-18 00:00:00+07:00,12885.109375,13065.3212890625,12704.8984375,13065.3212890625,11213.1396484375,31781687,0.0,0.0
2023-04-19 00:00:00+07:00,13095.3564453125,13125.3916015625,12764.96875,12795.00390625,10981.1435546875,22689029,0.0,0.0
2023-04-20 00:00:00+07:00,12734.93359375,12855.07421875,12644.828125,12674.86328125,10878.03515625,15893673,0.0,0.0
2023-04-21 00:00:00+07:00,12855.07421875,13335.6376953125,12825.0390625,13005.25,11161.583984375,51041743,0.0,0.0
2023-04-24 00:00:00+07:00,13035.28515625,13155.4267578125,12885.109375,12915.14453125,11084.251953125,16067969,0.0,0.0
2023-04-25 00:00:00+07:00,13005.25,13035.28515625,12584.7578125,12674.86328125,10878.03515625,31151427,0.0,0.0
2023-04-26 00:00:00+07:00,12674.86328125,12825.0390625,12434.5810546875,12825.0390625,11006.9208984375,29221360,0.0,0.0
2023-04-27 00:00:00+07:00,12855.07421875,12885.109375,12674.86328125,12704.8984375,10903.8115234375,15208644,0.0,0.0
2023-04-28 00:00:00+07:00,12795.00390625,12945.1796875,12764.96875,12945.1796875,11110.029296875,27734106,0.0,0.0
2023-05-01 00:00:00+07:00,12945.1796875,12945.1796875,12945.1796875,12945.1796875,11110.029296875,0,0.0,0.0
2023-05-02 00:00:00+07:00,12945.1796875,12945.1796875,12945.1796875,12945.1796875,11110.029296875,0,0.0,0.0
2023-05-03 00:00:00+07:00,12945.1796875,12945.1796875,12945.1796875,12945.1796875,11110.029296875,0,0.0,0.0
2023-05-04 00:00:00+07:00,12825.0390625,13155.4267578125,12795.00390625,13065.3212890625,11213.1396484375,27494221,0.0,0.0
2023-05-05 00:00:00+07:00,13065.3212890625,13095.3564453125,12885.109375,12885.109375,11058.4765625,14155714,0.0,0.0
2023-05-08 00:00:00+07:00,13005.25,13395.7080078125,12975.21484375,13395.7080078125,11496.689453125,47554670,0.0,0.0
2023-05-09 00:00:00+07:00,13455.7783203125,13485.8134765625,13245.5322265625,13365.6728515625,11470.9130859375,21996509,0.0,0.0
2023-05-10 00:00:00+07:00,13365.6728515625,13635.990234375,13365.6728515625,13515.849609375,11599.7998046875,31688796,0.0,0.0
2023-05-11 00:00:00+07:00,13515.849609375,13756.130859375,13455.7783203125,13455.7783203125,11548.244140625,32887223,0.0,0.0
2023-05-12 00:00:00+07:00,13425.7431640625,13966.3779296875,13395.7080078125,13966.3779296875,11986.4599609375,45792405,0.0,0.0
2023-05-15 00:00:00+07:00,14116.5537109375,14176.6240234375,13756.130859375,13756.130859375,11806.0185546875,34701593,0.0,0.0
2023-05-16 00:00:00+07:00,13756.130859375,13906.306640625,13726.095703125,13756.130859375,11806.0185546875,32745722,0.0,0.0
2023-05-17 00:00:00+07:00,13756.130859375,13816.201171875,13455.7783203125,13485.8134765625,11574.021484375,37702903,0.0,0.0
2023-05-18 00:00:00+07:00,13575.919921875,13906.306640625,13485.8134765625,13696.060546875,11754.462890625,45109374,0.0,0.0
2023-05-19 00:00:00+07:00,13696.060546875,13996.4130859375,13605.955078125,13756.130859375,11806.0185546875,26081546,0.0,0.0
2023-05-22 00:00:00+07:00,13876.271484375,13936.341796875,13726.095703125,13756.130859375,11806.0185546875,24596623,0.0,0.0
2023-05-23 00:00:00+07:00,13816.201171875,13996.4130859375,13696.060546875,13726.095703125,11780.2412109375,33806310,0.0,0.0
2023-05-24 00:00:00+07:00,13726.095703125,13726.095703125,13726.095703125,13726.095703125,11780.2412109375,0,0.0,0.0
2023-05-25 00:00:00+07:00,13575.919921875,13635.990234375,13485.8134765625,13515.849609375,11599.7998046875,26172606,0.0,0.0
2023-05-26 00:00:00+07:00,13545.884765625,13635.990234375,13515.849609375,13545.884765625,11625.5771484375,13770999,0.0,0.0
2023-05-29 00:00:00+07:00,13726.095703125,14086.5185546875,13666.025390625,14056.4833984375,12063.7919921875,29292610,0.0,0.0
2023-05-30 00:00:00+07:00,14116.5537109375,14176.6240234375,13876.271484375,14026.4482421875,12038.013671875,24711987,0.0,0.0
2023-05-31 00:00:00+07:00,13966.3779296875,14116.5537109375,13816.201171875,13906.306640625,11934.904296875,31007097,0.0,0.0
2023-06-01 00:00:00+07:00,13936.341796875,14176.6240234375,13846.236328125,14086.5185546875,12089.568359375,27236357,0.0,0.0
2023-06-02 00:00:00+07:00,14296.7646484375,14627.15234375,14236.6943359375,14476.9765625,12424.6748046875,45449808,0.0,0.0
2023-06-05 00:00:00+07:00,14687.22265625,14777.328125,14356.8349609375,14476.9765625,12424.6748046875,31447080,0.0,0.0
2023-06-06 00:00:00+07:00,14476.9765625,15197.8212890625,14356.8349609375,15107.7158203125,12965.9970703125,57139251,0.0,0.0
2023-06-07 00:00:00+07:00,15107.7158203125,15257.8916015625,14957.5400390625,15077.6806640625,12940.220703125,30251650,0.0,0.0
2023-06-08 00:00:00+07:00,15197.8212890625,15257.8916015625,14597.1171875,14597.1171875,12527.7841796875,57857241,0.0,0.0
2023-06-09 00:00:00+07:00,14717.2578125,15167.7861328125,14567.08203125,15167.7861328125,13017.552734375,38215967,0.0,0.0
2023-06-12 00:00:00+07:00,15167.7861328125,15257.8916015625,14837.3984375,15227.8564453125,13069.107421875,28813672,0.0,0.0
2023-06-13 00:00:00+07:00,15317.9619140625,15438.103515625,15077.6806640625,15227.8564453125,13069.107421875,30663334,0.0,0.0
2023-06-14 00:00:00+07:00,15317.9619140625,15738.455078125,15227.8564453125,15257.8916015625,13094.8837890625,42035483,0.0,0.0
2023-06-15 00:00:00+07:00,15317.9619140625,15498.173828125,15287.9267578125,15438.103515625,13249.5498046875,23713326,0.0,0.0
2023-06-16 00:00:00+07:00,15648.349609375,16339.16015625,15648.349609375,15678.384765625,13455.7666015625,57346674,0.0,0.0
2023-06-19 00:00:00+07:00,15798.5263671875,16038.8076171875,15678.384765625,15858.5966796875,13610.431640625,24993990,0.0,0.0
2023-06-20 00:00:00+07:00,15498.173828125,15588.279296875,14987.5751953125,15438.103515625,13771.185546875,32051704,600.7044,0.0
2023-06-21 00:00:00+07:00,15438.103515625,15738.455078125,15378.033203125,15618.314453125,13931.9384765625,32060027,0.0,0.0
2023-06-22 00:00:00+07:00,15618.314453125,15618.314453125,15618.314453125,15618.314453125,13931.9384765625,0,0.0,0.0
2023-06-23 00:00:00+07:00,15678.384765625,15738.455078125,15468.138671875,15618.314453125,13931.9384765625,20780936,0.0,0.0
2023-06-26 00:00:00+07:00,15618.314453125,15648.349609375,15167.7861328125,15498.173828125,13824.76953125,28939524,0.0,0.0
2023-06-27 00:00:00+07:00,15528.208984375,16068.8427734375,15498.173828125,15978.7373046875,14253.4443359375,33934327,0.0,0.0
2023-06-28 00:00:00+07:00,15978.7373046875,16188.9833984375,15858.5966796875,15948.7021484375,14226.65234375,27338903,0.0,0.0
2023-06-29 00:00:00+07:00,16008.7724609375,16008.7724609375,15287.9267578125,15287.9267578125,13637.2236328125,33197192,0.0,0.0
2023-06-30 00:00:00+07:00,15317.9619140625,15558.244140625,15257.8916015625,15498.173828125,13824.76953125,24167293,0.0,0.0
2023-07-03 00:00:00+07:00,15648.349609375,15678.384765625,15408.068359375,15438.103515625,13771.185546875,21876316,0.0,0.0
2023-07-04 00:00:00+07:00,15438.103515625,15918.6669921875,15347.998046875,15918.6669921875,14199.8603515625,40588848,0.0,0.0
2023-07-05 00:00:00+07:00,16038.8076171875,16038.8076171875,15738.455078125,15738.455078125,14039.1064453125,26424976,0.0,0.0
2023-07-06 00:00:00+07:00,15738.455078125,16038.8076171875,15498.173828125,15798.5263671875,14092.69140625,44624943,0.0,0.0
2023-07-07 00:00:00+07:00,15678.384765625,15888.6318359375,15408.068359375,15888.6318359375,14173.068359375,24631915,0.0,0.0
2023-07-10 00:00:00+07:00,16008.7724609375,16519.37109375,16008.7724609375,16519.37109375,14735.7041015625,50996129,0.0,0.0
2023-07-11 00:00:00+07:00,16459.30078125,17090.041015625,16459.30078125,16849.7578125,15030.41796875,45114867,0.0,0.0
2023-07-12 00:00:00+07:00,16999.935546875,17180.146484375,16609.4765625,16789.6875,14976.8330078125,38362961,0.0,0.0
2023-07-13 00:00:00+07:00,16969.900390625,17120.076171875,16819.72265625,17060.005859375,15217.962890625,26896256,0.0,0.0
2023-07-14 00:00:00+07:00,17120.076171875,17180.146484375,16789.6875,17120.076171875,15271.5478515625,26806528,0.0,0.0
2023-07-17 00:00:00+07:00,17150.111328125,17540.568359375,17150.111328125,17300.287109375,15432.30078125,24085223,0.0,0.0
2023-07-18 00:00:00+07:00,17300.287109375,17300.287109375,17090.041015625,17150.111328125,15298.3388671875,20668068,0.0,0.0
2023-07-19 00:00:00+07:00,17180.146484375,17360.357421875,17090.041015625,17120.076171875,15271.5478515625,16724864,0.0,0.0
2023-07-20 00:00:00+07:00,17120.076171875,17120.076171875,16579.44140625,16819.72265625,15003.625,47997983,0.0,0.0
2023-07-21 00:00:00+07:00,16819.72265625,17300.287109375,16729.6171875,17270.251953125,15405.5087890625,27405825,0.0,0.0
2023-07-24 00:00:00+07:00,17480.498046875,17540.568359375,17060.005859375,17240.216796875,15378.7177734375,24197591,0.0,0.0
2023-07-25 00:00:00+07:00,17240.216796875,17480.498046875,17120.076171875,17300.287109375,15432.30078125,24053427,0.0,0.0
2023-07-26 00:00:00+07:00,17300.287109375,17450.462890625,17060.005859375,17420.427734375,15539.4697265625,21275522,0.0,0.0
2023-07-27 00:00:00+07:00,17420.427734375,17840.919921875,17360.357421875,17690.744140625,15780.59765625,27410486,0.0,0.0
2023-07-28 00:00:00+07:00,17690.744140625,17961.0625,17630.673828125,17870.95703125,15941.3525390625,21858005,0.0,0.0
2023-07-31 00:00:00+07:00,17991.09765625,18141.2734375,17630.673828125,17810.884765625,15887.767578125,25335755,0.0,0.0
2023-08-01 00:00:00+07:00,17840.919921875,17840.919921875,17300.287109375,17300.287109375,15432.30078125,27262327,0.0,0.0
2023-08-02 00:00:00+07:00,17240.216796875,17510.533203125,17180.146484375,17420.427734375,15539.4697265625,19075771,0.0,0.0
2023-08-03 00:00:00+07:00,17390.392578125,17450.462890625,16999.935546875,17120.076171875,15271.5478515625,25320939,0.0,0.0
2023-08-04 00:00:00+07:00,17120.076171875,17660.708984375,17120.076171875,17540.568359375,15646.63671875,24957366,0.0,0.0
2023-08-07 00:00:00+07:00,17780.849609375,17991.09765625,17660.708984375,17840.919921875,15914.55859375,25126001,0.0,0.0
2023-08-08 00:00:00+07:00,17931.02734375,17931.02734375,17420.427734375,17480.498046875,15593.052734375,19358439,0.0,0.0
2023-08-09 00:00:00+07:00,17360.357421875,17540.568359375,17150.111328125,17180.146484375,15325.1318359375,27667850,0.0,0.0
2023-08-10 00:00:00+07:00,17180.146484375,17330.322265625,16879.79296875,16879.79296875,15057.208984375,38924468,0.0,0.0
2023-08-11 00:00:00+07:00,16969.900390625,16999.935546875,16609.4765625,16909.828125,15084.001953125,45839517,0.0,0.0
2023-08-14 00:00:00+07:00,17090.041015625,17660.708984375,16879.79296875,17510.533203125,15619.845703125,50495883,0.0,0.0
2023-08-15 00:00:00+07:00,17540.568359375,17540.568359375,17210.181640625,17240.216796875,15378.7177734375,21948232,0.0,0.0
2023-08-16 00:00:00+07:00,17210.181640625,17510.533203125,17090.041015625,17330.322265625,15459.09375,23864982,0.0,0.0
2023-08-17 00:00:00+07:00,17450.462890625,18381.5546875,17450.462890625,17991.09765625,16048.5224609375,98481714,0.0,0.0
2023-08-18 00:00:00+07:00,17840.919921875,18261.4140625,16819.72265625,16999.935546875,15164.37890625,77305242,0.0,0.0
2023-08-21 00:00:00+07:00,17420.427734375,17510.533203125,17120.076171875,17330.322265625,15459.09375,59161210,0.0,0.0
2023-08-22 00:00:00+07:00,17420.427734375,18441.625,16729.6171875,18441.625,16450.40234375,86249741,0.0,0.0
2023-08-23 00:00:00+07:00,18621.8359375,18711.94140625,18111.23828125,18261.4140625,16289.6513671875,54766869,0.0,0.0
2023-08-24 00:00:00+07:00,18201.34375,19282.611328125,18111.23828125,19222.541015625,17147.0,63751654,0.0,0.0
2023-08-25 00:00:00+07:00,19042.330078125,19522.892578125,19012.294921875,19342.681640625,17254.16796875,53992112,0.0,0.0
2023-08-28 00:00:00+07:00,19402.751953125,19643.033203125,19282.611328125,19492.857421875,17388.130859375,44891463,0.0,0.0
2023-08-29 00:00:00+07:00,19522.892578125,19703.10546875,19042.330078125,19432.787109375,17334.544921875,58593710,0.0,0.0
2023-08-30 00:00:00+07:00,19462.822265625,20363.87890625,19282.611328125,20123.59765625,17950.765625,41585844,0.0,0.0
2023-08-31 00:00:00+07:00,20123.59765625,20273.7734375,20003.45703125,20063.52734375,17897.181640625,29361695,0.0,0.0
2023-09-01 00:00:00+07:00,20063.52734375,20063.52734375,20063.52734375,20063.52734375,17897.181640625,0,0.0,0.0
2023-09-04 00:00:00+07:00,20063.52734375,20063.52734375,20063.52734375,20063.52734375,17897.181640625,0,0.0,0.0
2023-09-05 00:00:00+07:00,20183.66796875,20243.73828125,19703.10546875,20033.4921875,17870.388671875,45173465,0.0,0.0
2023-09-06 00:00:00+07:00,20033.4921875,20724.302734375,19793.2109375,20423.94921875,18218.6875,32721917,0.0,0.0
2023-09-07 00:00:00+07:00,20484.01953125,20514.0546875,20003.45703125,20213.703125,18031.142578125,35743703,0.0,0.0
2023-09-08 00:00:00+07:00,20123.59765625,20484.01953125,20063.52734375,20273.7734375,18084.7265625,27728280,0.0,0.0
2023-09-11 00:00:00+07:00,20423.94921875,20634.197265625,20063.52734375,20123.59765625,17950.765625,57311548,0.0,0.0
2023-09-12 00:00:00+07:00,20213.703125,21505.216796875,20123.59765625,21505.216796875,19183.20703125,61809102,0.0,0.0
2023-09-13 00:00:00+07:00,21745.5,21985.78125,21325.005859375,21505.216796875,19183.20703125,59330012,0.0,0.0
2023-09-14 00:00:00+07:00,21505.216796875,21775.53515625,20964.583984375,21415.111328125,19102.830078125,56448395,0.0,0.0
2023-09-15 00:00:00+07:00,21565.2890625,21655.39453125,21024.654296875,21325.005859375,19022.453125,39330492,0.0,0.0
2023-09-18 00:00:00+07:00,21024.654296875,21595.32421875,20964.583984375,21445.146484375,19129.623046875,42429354,0.0,0.0
2023-09-19 00:00:00+07:00,21505.216796875,21745.5,21144.794921875,21745.5,19397.544921875,32558942,0.0,0.0
2023-09-20 00:00:00+07:00,21865.640625,22226.0625,21685.4296875,21895.67578125,19531.505859375,38208143,0.0,0.0
2023-09-21 00:00:00+07:00,21865.640625,21895.67578125,20874.478515625,20874.478515625,18620.572265625,81881869,0.0,0.0
2023-09-22 00:00:00+07:00,20213.703125,20393.9140625,19432.787109375,19582.962890625,17468.5078125,115795887,0.0,0.0
2023-09-25 00:00:00+07:00,19342.681640625,19883.31640625,18231.37890625,18231.37890625,16262.8583984375,71497061,0.0,0.0
2023-09-26 00:00:00+07:00,18621.8359375,19492.857421875,18201.34375,18561.765625,16557.572265625,64427860,0.0,0.0
2023-09-27 00:00:00+07:00,19042.330078125,19823.24609375,18561.765625,19823.24609375,17682.84375,53348035,0.0,0.0
2023-09-28 00:00:00+07:00,19703.10546875,19763.17578125,19042.330078125,19402.751953125,17307.75390625,46464616,0.0,0.0
2023-09-29 00:00:00+07:00,19763.17578125,19763.17578125,19102.400390625,19102.400390625,17039.83203125,33276100,0.0,0.0
2023-10-02 00:00:00+07:00,19102.400390625,19612.998046875,19042.330078125,19282.611328125,17200.5859375,28653360,0.0,0.0
2023-10-03 00:00:00+07:00,18982.259765625,19012.294921875,18081.203125,18141.2734375,16182.4814453125,70327434,0.0,0.0
2023-10-04 00:00:00+07:00,17900.9921875,19402.751953125,17810.884765625,19072.365234375,17013.0390625,55868742,0.0,0.0
2023-10-05 00:00:00+07:00,19162.470703125,19462.822265625,18922.189453125,19012.294921875,16959.453125,37063154,0.0,0.0
2023-10-06 00:00:00+07:00,19012.294921875,19793.2109375,18741.9765625,19793.2109375,17656.0546875,44113044,0.0,0.0
2023-10-09 00:00:00+07:00,19763.17578125,20123.59765625,19462.822265625,19943.38671875,17790.013671875,36547759,0.0,0.0
2023-10-10 00:00:00+07:00,20183.66796875,20363.87890625,19643.033203125,19643.033203125,17522.08984375,46245207,0.0,0.0
2023-10-11 00:00:00+07:00,19703.10546875,20423.94921875,19552.927734375,20423.94921875,18218.6875,39221287,0.0,0.0
2023-10-12 00:00:00+07:00,20484.01953125,20484.01953125,20063.52734375,20183.66796875,18004.3515625,30211531,0.0,0.0
2023-10-13 00:00:00+07:00,20003.45703125,20484.01953125,19823.24609375,20153.6328125,17977.55859375,36676274,0.0,0.0
2023-10-16 00:00:00+07:00,20153.6328125,20183.66796875,19162.470703125,19282.611328125,17200.5859375,47215568,0.0,0.0
2023-10-17 00:00:00+07:00,19462.822265625,19763.17578125,18892.154296875,18892.154296875,16852.2890625,32522817,0.0,0.0
2023-10-18 00:00:00+07:00,19102.400390625,19312.646484375,17900.9921875,18952.224609375,16905.87109375,47435976,0.0,0.0
2023-10-19 00:00:00+07:00,18952.224609375,19072.365234375,17900.9921875,18081.203125,16128.8974609375,48057746,0.0,0.0
2023-10-20 00:00:00+07:00,18081.203125,18862.119140625,17480.498046875,18802.048828125,16771.912109375,46940557,0.0,0.0
2023-10-23 00:00:00+07:00,18381.5546875,18832.083984375,18261.4140625,18381.5546875,16396.818359375,25535687,0.0,0.0
2023-10-24 00:00:00+07:00,18621.8359375,18711.94140625,18291.44921875,18651.87109375,16637.94921875,23729641,0.0,0.0
2023-10-25 00:00:00+07:00,18621.8359375,18952.224609375,18501.6953125,18501.6953125,16503.98828125,23940893,0.0,0.0
2023-10-26 00:00:00+07:00,17840.919921875,17991.09765625,17210.181640625,17240.216796875,15378.7177734375,90160650,0.0,0.0
2023-10-27 00:00:00+07:00,17570.603515625,17900.9921875,17270.251953125,17690.744140625,15780.59765625,33380977,0.0,0.0
2023-10-30 00:00:00+07:00,17420.427734375,17630.673828125,16519.37109375,16519.37109375,14735.7041015625,27954514,0.0,0.0
2023-10-31 00:00:00+07:00,16549.40625,16759.65234375,15408.068359375,15468.138671875,13797.9775390625,60654790,0.0,0.0
2023-11-01 00:00:00+07:00,15468.138671875,16309.125,15468.138671875,16309.125,14548.158203125,51567958,0.0,0.0
2023-11-02 00:00:00+07:00,16579.44140625,17420.427734375,16519.37109375,17360.357421875,15485.884765625,45747458,0.0,0.0
2023-11-03 00:00:00+07:00,17420.427734375,17450.462890625,16999.935546875,17360.357421875,15485.884765625,42258554,0.0,0.0
2023-11-06 00:00:00+07:00,17510.533203125,17600.638671875,17300.287109375,17420.427734375,15539.4697265625,29733925,0.0,0.0
2023-11-07 00:00:00+07:00,17360.357421875,17600.638671875,16999.935546875,17029.970703125,15191.171875,30513510,0.0,0.0
2023-11-08 00:00:00+07:00,17029.970703125,18201.34375,16999.935546875,18201.34375,16236.0673828125,52655182,0.0,0.0
2023-11-09 00:00:00+07:00,18411.58984375,18982.259765625,18351.51953125,18531.73046875,16530.779296875,56570751,0.0,0.0
2023-11-10 00:00:00+07:00,18381.5546875,19162.470703125,18351.51953125,18501.6953125,16503.98828125,53843786,0.0,0.0
2023-11-13 00:00:00+07:00,18621.8359375,18982.259765625,18501.6953125,18892.154296875,16852.2890625,34733722,0.0,0.0
2023-11-14 00:00:00+07:00,19192.505859375,19342.681640625,18832.083984375,19072.365234375,17013.0390625,38688079,0.0,0.0
2023-11-15 00:00:00+07:00,19703.10546875,19703.10546875,19162.470703125,19192.505859375,17120.208984375,44794910,0.0,0.0
2023-11-16 00:00:00+07:00,19162.470703125,19402.751953125,18832.083984375,19402.751953125,17307.75390625,31717929,0.0,0.0
2023-11-17 00:00:00+07:00,19432.787109375,19582.962890625,18681.90625,18922.189453125,16879.080078125,48755760,0.0,0.0
2023-11-20 00:00:00+07:00,18441.625,19643.033203125,18411.58984375,19462.822265625,17361.337890625,44119702,0.0,0.0
2023-11-21 00:00:00+07:00,19703.10546875,19703.10546875,19402.751953125,19552.927734375,17441.71484375,28782542,0.0,0.0
2023-11-22 00:00:00+07:00,19522.892578125,19793.2109375,19402.751953125,19763.17578125,17629.26171875,38159866,0.0,0.0
2023-11-23 00:00:00+07:00,19943.38671875,19943.38671875,18561.765625,18561.765625,16557.572265625,45084070,0.0,0.0
2023-11-24 00:00:00+07:00,18772.013671875,19222.541015625,18441.625,19222.541015625,17147.0,41089260,0.0,0.0
2023-11-27 00:00:00+07:00,19192.505859375,19222.541015625,18621.8359375,18621.8359375,16611.15625,25138653,0.0,0.0
2023-11-28 00:00:00+07:00,18621.8359375,18922.189453125,18141.2734375,18862.119140625,16825.49609375,35619515,0.0,0.0
2023-11-29 00:00:00+07:00,18922.189453125,19192.505859375,18802.048828125,18982.259765625,16932.662109375,20335625,0.0,0.0
2023-11-30 00:00:00+07:00,18982.259765625,19312.646484375,18802.048828125,18802.048828125,16771.912109375,27766401,0.0,0.0
2023-12-01 00:00:00+07:00,19042.330078125,19372.716796875,18772.013671875,19222.541015625,17147.0,33366161,0.0,0.0
2023-12-04 00:00:00+07:00,19763.17578125,20423.94921875,19552.927734375,20183.66796875,18004.3515625,75373011,0.0,0.0
2023-12-05 00:00:00+07:00,20213.703125,20243.73828125,19913.3515625,20003.45703125,17843.595703125,39079953,0.0,0.0
2023-12-06 00:00:00+07:00,20033.4921875,20333.84375,19973.421875,20183.66796875,18004.3515625,29806340,0.0,0.0
2023-12-07 00:00:00+07:00,20183.66796875,20243.73828125,19252.576171875,19733.140625,17602.46875,73601257,0.0,0.0
2023-12-08 00:00:00+07:00,19643.033203125,19823.24609375,19402.751953125,19582.962890625,17468.5078125,30097831,0.0,0.0
2023-12-11 00:00:00+07:00,19582.962890625,19853.28125,19282.611328125,19643.033203125,17522.08984375,33289084,0.0,0.0
2023-12-12 00:00:00+07:00,19703.10546875,19823.24609375,19522.892578125,19582.962890625,17468.5078125,20731993,0.0,0.0
2023-12-13 00:00:00+07:00,19763.17578125,19793.2109375,19222.541015625,19222.541015625,17147.0,35873550,0.0,0.0
2023-12-14 00:00:00+07:00,19522.892578125,19522.892578125,19162.470703125,19222.541015625,17147.0,26067063,0.0,0.0
2023-12-15 00:00:00+07:00,19282.611328125,19522.892578125,19042.330078125,19102.400390625,17039.83203125,33079497,0.0,0.0
2023-12-18 00:00:00+07:00,19132.435546875,19312.646484375,19012.294921875,19042.330078125,16986.24609375,18850202,0.0,0.0
2023-12-19 00:00:00+07:00,19072.365234375,19312.646484375,18832.083984375,19312.646484375,17227.375,26115506,0.0,0.0
2023-12-20 00:00:00+07:00,19312.646484375,19582.962890625,19192.505859375,19402.751953125,17307.75390625,22484602,0.0,0.0
2023-12-21 00:00:00+07:00,19252.576171875,19402.751953125,19222.541015625,19342.681640625,17254.16796875,13456868,0.0,0.0
2023-12-22 00:00:00+07:00,19432.787109375,19793.2109375,19342.681640625,19432.787109375,17334.544921875,29061881,0.0,0.0
2023-12-25 00:00:00+07:00,19432.787109375,19673.068359375,19282.611328125,19552.927734375,17441.71484375,23228229,0.0,0.0
2023-12-26 00:00:00+07:00,19582.962890625,19763.17578125,19522.892578125,19673.068359375,17548.8828125,23315460,0.0,0.0
2023-12-27 00:00:00+07:00,19793.2109375,19913.3515625,19703.10546875,19703.10546875,17575.67578125,26804364,0.0,0.0
2023-12-28 00:00:00+07:00,19733.140625,19913.3515625,19612.998046875,19823.24609375,17682.84375,18138538,0.0,0.0
2023-12-29 00:00:00+07:00,19793.2109375,19883.31640625,19673.068359375,19703.10546875,17575.67578125,21292169,0.0,0.0
2024-01-01 00:00:00+07:00,19703.10546875,19703.10546875,19703.10546875,19703.10546875,17575.67578125,0,0.0,0.0
2024-01-02 00:00:00+07:00,19823.24609375,19943.38671875,19522.892578125,19522.892578125,17414.921875,30051885,0.0,0.0
2024-01-03 00:00:00+07:00,19432.787109375,19793.2109375,19402.751953125,19793.2109375,17656.0546875,18992202,0.0,0.0
2024-01-04 00:00:00+07:00,19823.24609375,20544.08984375,19823.24609375,20183.66796875,18004.3515625,97740751,0.0,0.0
2024-01-05 00:00:00+07:00,20303.80859375,20514.0546875,20183.66796875,20514.0546875,18299.064453125,41846205,0.0,0.0
2024-01-08 00:00:00+07:00,20694.267578125,20724.302734375,20423.94921875,20484.01953125,18272.2734375,34507820,0.0,0.0
2024-01-09 00:00:00+07:00,20544.08984375,20634.197265625,20363.87890625,20423.94921875,18218.6875,31604895,0.0,0.0
2024-01-10 00:00:00+07:00,20393.9140625,20453.984375,20033.4921875,20243.73828125,18057.935546875,39668095,0.0,0.0
2024-01-11 00:00:00+07:00,20273.7734375,20664.232421875,20183.66796875,20363.87890625,18165.103515625,42403051,0.0,0.0
2024-01-12 00:00:00+07:00,20183.66796875,20423.94921875,20033.4921875,20333.84375,18138.310546875,42048634,0.0,0.0
2024-01-15 00:00:00+07:00,20423.94921875,20484.01953125,19823.24609375,19823.24609375,17682.84375,37033522,0.0,0.0
2024-01-16 00:00:00+07:00,19823.24609375,20123.59765625,19673.068359375,20123.59765625,17950.765625,32154084,0.0,0.0
2024-01-17 00:00:00+07:00,20123.59765625,20724.302734375,20093.5625,20213.703125,18031.142578125,43646924,0.0,0.0
2024-01-18 00:00:00+07:00,20303.80859375,20453.984375,20213.703125,20303.80859375,18111.517578125,24532365,0.0,0.0
2024-01-19 00:00:00+07:00,20423.94921875,20484.01953125,20063.52734375,20243.73828125,18057.935546875,37271742,0.0,0.0
2024-01-22 00:00:00+07:00,20363.87890625,20423.94921875,20063.52734375,20393.9140625,18191.89453125,27991637,0.0,0.0
2024-01-23 00:00:00+07:00,20423.94921875,20484.01953125,20213.703125,20303.80859375,18111.517578125,20916776,0.0,0.0
2024-01-24 00:00:00+07:00,20273.7734375,20664.232421875,20243.73828125,20423.94921875,18218.6875,45532377,0.0,0.0
2024-01-25 00:00:00+07:00,20423.94921875,20423.94921875,20423.94921875,20423.94921875,18218.6875,0,0.0,0.0
2024-01-26 00:00:00+07:00,20514.0546875,20634.197265625,20393.9140625,20484.01953125,18272.2734375,23785741,0.0,0.0
2024-01-29 00:00:00+07:00,20544.08984375,20664.232421875,20333.84375,20393.9140625,18191.89453125,20408373,0.0,0.0
2024-01-30 00:00:00+07:00,20333.84375,20514.0546875,20303.80859375,20514.0546875,18299.064453125,19818732,0.0,0.0
2024-01-31 00:00:00+07:00,20604.162109375,21114.759765625,20544.08984375,20664.232421875,18433.02734375,74610240,0.0,0.0
2024-02-01 00:00:00+07:00,20694.267578125,20934.548828125,20664.232421875,20814.408203125,18566.986328125,18566868,0.0,0.0
2024-02-02 00:00:00+07:00,20814.408203125,20814.408203125,20814.408203125,20814.408203125,18566.986328125,0,0.0,0.0
2024-02-05 00:00:00+07:00,20904.513671875,21114.759765625,20724.302734375,20994.619140625,18727.73828125,32509333,0.0,0.0
2024-02-06 00:00:00+07:00,21114.759765625,21294.970703125,20964.583984375,21024.654296875,18754.53125,21966544,0.0,0.0
2024-02-07 00:00:00+07:00,21024.654296875,21234.900390625,20964.583984375,21084.724609375,18808.115234375,26153961,0.0,0.0
2024-02-08 00:00:00+07:00,21084.724609375,21084.724609375,21084.724609375,21084.724609375,18808.115234375,0,0.0,0.0
2024-02-09 00:00:00+07:00,21084.724609375,21084.724609375,21084.724609375,21084.724609375,18808.115234375,0,0.0,0.0
2024-02-12 00:00:00+07:00,21084.724609375,21084.724609375,21084.724609375,21084.724609375,18808.115234375,0,0.0,0.0
2024-02-13 00:00:00+07:00,21084.724609375,21084.724609375,21084.724609375,21084.724609375,18808.115234375,0,0.0,0.0
2024-02-14 00:00:00+07:00,21084.724609375,21084.724609375,21084.724609375,21084.724609375,18808.115234375,0,0.0,0.0
2024-02-15 00:00:00+07:00,21144.794921875,21325.005859375,21024.654296875,21084.724609375,18808.115234375,24785568,0.0,0.0
2024-02-16 00:00:00+07:00,21234.900390625,21264.935546875,20964.583984375,21024.654296875,18754.53125,30026914,0.0,0.0
2024-02-19 00:00:00+07:00,21024.654296875,21144.794921875,20664.232421875,21144.794921875,18861.701171875,54659495,0.0,0.0
2024-02-20 00:00:00+07:00,21415.111328125,21505.216796875,21174.830078125,21204.865234375,18915.28515625,30134122,0.0,0.0
2024-02-21 00:00:00+07:00,21204.865234375,21204.865234375,20844.443359375,20994.619140625,18727.73828125,30885573,0.0,0.0
2024-02-22 00:00:00+07:00,20934.548828125,20994.619140625,20754.337890625,20814.408203125,18566.986328125,23991666,0.0,0.0
2024-02-23 00:00:00+07:00,20784.373046875,20964.583984375,20453.984375,20514.0546875,18299.064453125,40191481,0.0,0.0
2024-02-26 00:00:00+07:00,20484.01953125,21234.900390625,20453.984375,21084.724609375,18808.115234375,44739974,0.0,0.0
2024-02-27 00:00:00+07:00,21174.830078125,21895.67578125,21084.724609375,21565.2890625,19236.79296875,78308731,0.0,0.0
2024-02-28 00:00:00+07:00,21685.4296875,21775.53515625,21415.111328125,21685.4296875,19343.958984375,43391557,0.0,0.0
2024-02-29 00:00:00+07:00,21865.640625,22646.556640625,21805.5703125,22226.0625,19826.21875,71896426,0.0,0.0
2024-03-01 00:00:00+07:00,22466.345703125,22646.556640625,22226.0625,22436.310546875,20013.765625,35775998,0.0,0.0
2024-03-04 00:00:00+07:00,22706.626953125,22736.662109375,22226.0625,22316.16796875,19906.595703125,42194130,0.0,0.0
2024-03-05 00:00:00+07:00,22316.16796875,22496.380859375,22015.81640625,22466.345703125,20040.556640625,52248992,0.0,0.0
2024-03-06 00:00:00+07:00,22466.345703125,22706.626953125,22045.8515625,22286.1328125,19879.802734375,46081399,0.0,0.0
2024-03-07 00:00:00+07:00,22226.0625,22796.732421875,22135.95703125,22646.556640625,20201.30859375,56700433,0.0,0.0
2024-03-08 00:00:00+07:00,22766.697265625,22886.837890625,22105.921875,22105.921875,19719.05078125,59734204,0.0,0.0
2024-03-11 00:00:00+07:00,22105.921875,22316.16796875,21745.5,21835.60546875,19477.921875,41362273,0.0,0.0
2024-03-12 00:00:00+07:00,21835.60546875,21985.78125,21655.39453125,21805.5703125,19451.12890625,36501813,0.0,0.0
2024-03-13 00:00:00+07:00,21865.640625,22886.837890625,21805.5703125,22796.732421875,20335.271484375,59576389,0.0,0.0
2024-03-14 00:00:00+07:00,22856.802734375,23427.47265625,22706.626953125,22736.662109375,20281.6875,65530399,0.0,0.0
2024-03-15 00:00:00+07:00,22706.626953125,22766.697265625,22286.1328125,22706.626953125,20254.89453125,46573988,0.0,0.0
2024-03-18 00:00:00+07:00,22736.662109375,22826.767578125,21385.076171875,22015.81640625,19638.673828125,80928655,0.0,0.0
2024-03-19 00:00:00+07:00,22045.8515625,22226.0625,21715.46484375,21715.46484375,19370.751953125,24352077,0.0,0.0
2024-03-20 00:00:00+07:00,21865.640625,22346.203125,21775.53515625,22346.203125,19933.388671875,27241684,0.0,0.0
2024-03-21 00:00:00+07:00,22796.732421875,22826.767578125,22526.416015625,22616.521484375,20174.517578125,45238889,0.0,0.0
2024-03-22 00:00:00+07:00,22706.626953125,23097.083984375,22586.486328125,22706.626953125,20254.89453125,49639555,0.0,0.0
2024-03-25 00:00:00+07:00,22736.662109375,23006.978515625,22406.2734375,22526.416015625,20094.142578125,40526088,0.0,0.0
2024-03-26 00:00:00+07:00,22466.345703125,22946.908203125,22316.16796875,22826.767578125,20362.064453125,32487359,0.0,0.0
2024-03-27 00:00:00+07:00,23006.978515625,23127.119140625,22766.697265625,23127.119140625,20629.986328125,31254972,0.0,0.0
2024-03-28 00:00:00+07:00,23427.47265625,23577.6484375,23307.330078125,23517.578125,20978.283203125,43977203,0.0,0.0
2024-03-29 00:00:00+07:00,23457.5078125,23487.54296875,23127.119140625,23127.119140625,20629.986328125,29181573,0.0,0.0
2024-04-01 00:00:00+07:00,23127.119140625,23547.61328125,22736.662109375,23307.330078125,20790.73828125,51758401,0.0,0.0
2024-04-02 00:00:00+07:00,23006.978515625,23427.47265625,22826.767578125,23367.40234375,20844.322265625,35205834,0.0,0.0
2024-04-03 00:00:00+07:00,23307.330078125,23547.61328125,22826.767578125,22856.802734375,20388.85546875,42867339,0.0,0.0
2024-04-04 00:00:00+07:00,22856.802734375,22946.908203125,22616.521484375,22616.521484375,20174.517578125,41424533,0.0,0.0
2024-04-05 00:00:00+07:00,22316.16796875,22406.2734375,22105.921875,22105.921875,19719.05078125,52012769,0.0,0.0
2024-04-08 00:00:00+07:00,22105.921875,22226.0625,22015.81640625,22045.8515625,19665.466796875,20173482,0.0,0.0
2024-04-09 00:00:00+07:00,22165.9921875,22526.416015625,22045.8515625,22526.416015625,20094.142578125,22033299,0.0,0.0
2024-04-10 00:00:00+07:00,22586.486328125,22586.486328125,22196.02734375,22196.02734375,19799.427734375,14192338,0.0,0.0
2024-04-11 00:00:00+07:00,21955.74609375,22466.345703125,21955.74609375,22316.16796875,19906.595703125,19790099,0.0,0.0
2024-04-12 00:00:00+07:00,22436.310546875,22706.626953125,22256.09765625,22556.451171875,20120.931640625,32459392,0.0,0.0
2024-04-15 00:00:00+07:00,22406.2734375,22616.521484375,20994.619140625,20994.619140625,18727.73828125,49836324,0.0,0.0
2024-04-16 00:00:00+07:00,21084.724609375,21204.865234375,20484.01953125,21144.794921875,18861.701171875,54594239,0.0,0.0
2024-04-17 00:00:00+07:00,21294.970703125,21325.005859375,20664.232421875,20664.232421875,18433.02734375,23192105,0.0,0.0
2024-04-18 00:00:00+07:00,20664.232421875,20664.232421875,20664.232421875,20664.232421875,18433.02734375,0,0.0,0.0
2024-04-19 00:00:00+07:00,20393.9140625,20904.513671875,19853.28125,19943.38671875,17790.013671875,49213722,0.0,0.0
2024-04-22 00:00:00+07:00,20544.08984375,21325.005859375,20393.9140625,21084.724609375,18808.115234375,32461389,0.0,0.0
2024-04-23 00:00:00+07:00,21084.724609375,21204.865234375,20604.162109375,20724.302734375,18486.609375,27869947,0.0,0.0
2024-04-24 00:00:00+07:00,21024.654296875,21595.32421875,20964.583984375,21415.111328125,19102.830078125,35502985,0.0,0.0
2024-04-25 00:00:00+07:00,21415.111328125,21415.111328125,21084.724609375,21234.900390625,18942.078125,17609659,0.0,0.0
2024-04-26 00:00:00+07:00,20934.548828125,21234.900390625,20844.443359375,21144.794921875,18861.701171875,23005990,0.0,0.0
2024-04-29 00:00:00+07:00,21144.794921875,21144.794921875,21144.794921875,21144.794921875,18861.701171875,0,0.0,0.0
2024-04-30 00:00:00+07:00,21144.794921875,21144.794921875,21144.794921875,21144.794921875,18861.701171875,0,0.0,0.0
2024-05-01 00:00:00+07:00,21144.794921875,21144.794921875,21144.794921875,21144.794921875,18861.701171875,0,0.0,0.0
2024-05-02 00:00:00+07:00,21144.794921875,21204.865234375,20604.162109375,20844.443359375,18593.779296875,20343449,0.0,0.0
2024-05-03 00:00:00+07:00,21084.724609375,21204.865234375,20784.373046875,20814.408203125,18566.986328125,15255256,0.0,0.0
2024-05-06 00:00:00+07:00,21024.654296875,21655.39453125,20994.619140625,21415.111328125,19102.830078125,27949853,0.0,0.0
2024-05-07 00:00:00+07:00,21505.216796875,21625.359375,21264.935546875,21355.041015625,19049.24609375,13772664,0.0,0.0
2024-05-08 00:00:00+07:00,21144.794921875,21565.2890625,21084.724609375,21415.111328125,19102.830078125,22824703,0.0,0.0
2024-05-09 00:00:00+07:00,21535.25390625,21565.2890625,21054.689453125,21144.794921875,18861.701171875,25541513,0.0,0.0
2024-05-10 00:00:00+07:00,21204.865234375,21325.005859375,21024.654296875,21294.970703125,18995.66015625,20173815,0.0,0.0
2024-05-13 00:00:00+07:00,21415.111328125,21565.2890625,21174.830078125,21385.076171875,19076.037109375,17101089,0.0,0.0
2024-05-14 00:00:00+07:00,21415.111328125,21565.2890625,21234.900390625,21325.005859375,19022.453125,11701262,0.0,0.0
2024-05-15 00:00:00+07:00,21445.146484375,21805.5703125,21325.005859375,21595.32421875,19263.58203125,33783005,0.0,0.0
2024-05-16 00:00:00+07:00,21835.60546875,21865.640625,21655.39453125,21685.4296875,19343.958984375,22666555,0.0,0.0
2024-05-17 00:00:00+07:00,21685.4296875,21985.78125,21595.32421875,21865.640625,19504.712890625,24663877,0.0,0.0
2024-05-20 00:00:00+07:00,21985.78125,22286.1328125,21925.7109375,22015.81640625,19638.673828125,33203019,0.0,0.0
2024-05-21 00:00:00+07:00,21955.74609375,22105.921875,21805.5703125,22105.921875,19719.05078125,23368232,0.0,0.0
2024-05-22 00:00:00+07:00,22105.921875,22436.310546875,21865.640625,21895.67578125,19531.505859375,37768992,0.0,0.0
2024-05-23 00:00:00+07:00,21865.640625,22045.8515625,21535.25390625,22045.8515625,19665.466796875,27766068,0.0,0.0
2024-05-24 00:00:00+07:00,21805.5703125,21895.67578125,20904.513671875,21174.830078125,18888.4921875,47102867,0.0,0.0
2024-05-27 00:00:00+07:00,21174.830078125,21325.005859375,20904.513671875,21084.724609375,18808.115234375,28035918,0.0,0.0
2024-05-28 00:00:00+07:00,21204.865234375,21385.076171875,21114.759765625,21385.076171875,19076.037109375,21714506,0.0,0.0
2024-05-29 00:00:00+07:00,21475.181640625,21565.2890625,21084.724609375,21144.794921875,18861.701171875,21794579,0.0,0.0
2024-05-30 00:00:00+07:00,21024.654296875,21054.689453125,20604.162109375,20934.548828125,18674.154296875,31399303,0.0,0.0
2024-05-31 00:00:00+07:00,20934.548828125,21024.654296875,20784.373046875,20844.443359375,18593.779296875,14052335,0.0,0.0
2024-06-03 00:00:00+07:00,20844.443359375,20844.443359375,20844.443359375,20844.443359375,18593.779296875,0,0.0,0.0
2024-06-04 00:00:00+07:00,21264.935546875,21565.2890625,21234.900390625,21264.935546875,18968.869140625,19044807,0.0,0.0
2024-06-05 00:00:00+07:00,21294.970703125,21505.216796875,21264.935546875,21264.935546875,18968.869140625,23486759,0.0,0.0
2024-06-06 00:00:00+07:00,21385.076171875,21415.111328125,21144.794921875,21264.935546875,18968.869140625,14372293,0.0,0.0
2024-06-07 00:00:00+07:00,21415.111328125,21415.111328125,21204.865234375,21294.970703125,18995.66015625,10733731,0.0,0.0
2024-06-10 00:00:00+07:00,21325.005859375,21505.216796875,21234.900390625,21234.900390625,18942.078125,22162480,0.0,0.0
2024-06-11 00:00:00+07:00,21325.005859375,21505.216796875,21174.830078125,21505.216796875,19183.20703125,24596456,0.0,0.0
2024-06-12 00:00:00+07:00,21535.25390625,21985.78125,21505.216796875,21985.78125,19611.880859375,45523221,0.0,0.0
2024-06-13 00:00:00+07:00,22105.921875,22165.9921875,21835.60546875,21925.7109375,19558.296875,21655076,0.0,0.0
2024-06-14 00:00:00+07:00,22045.8515625,22346.203125,21685.4296875,21685.4296875,19343.958984375,44510743,0.0,0.0
2024-06-17 00:00:00+07:00,21625.359375,21775.53515625,21475.181640625,21565.2890625,19236.79296875,20894303,0.0,0.0
2024-06-18 00:00:00+07:00,21685.4296875,21805.5703125,21535.25390625,21685.4296875,19343.958984375,16135723,0.0,0.0
2024-06-19 00:00:00+07:00,21745.5,21805.5703125,21505.216796875,21745.5,19397.544921875,16262407,0.0,0.0
2024-06-20 00:00:00+07:00,21745.5,21805.5703125,21264.935546875,21565.2890625,19236.79296875,23763601,0.0,0.0
2024-06-21 00:00:00+07:00,21505.216796875,21625.359375,21325.005859375,21325.005859375,19022.453125,15074136,0.0,0.0
2024-06-24 00:00:00+07:00,21294.970703125,21325.005859375,20544.08984375,20784.373046875,18540.193359375,45256867,0.0,0.0
2024-06-25 00:00:00+07:00,20784.373046875,20934.548828125,20664.232421875,20754.337890625,18513.40234375,10859750,0.0,0.0
2024-06-26 00:00:00+07:00,20754.337890625,20814.408203125,20183.66796875,20664.232421875,18433.02734375,19169161,0.0,0.0
2024-06-27 00:00:00+07:00,20604.162109375,20754.337890625,20484.01953125,20604.162109375,18379.44140625,8837291,0.0,0.0
2024-06-28 00:00:00+07:00,20604.162109375,20694.267578125,20273.7734375,20393.9140625,18191.89453125,18915459,0.0,0.0
2024-07-01 00:00:00+07:00,20453.984375,20484.01953125,20093.5625,20363.87890625,18165.103515625,13207660,0.0,0.0
2024-07-02 00:00:00+07:00,20453.984375,20634.197265625,20363.87890625,20634.197265625,18406.234375,12008568,0.0,0.0
2024-07-03 00:00:00+07:00,20634.197265625,20784.373046875,20634.197265625,20694.267578125,18459.818359375,9909199,0.0,0.0
2024-07-04 00:00:00+07:00,20694.267578125,20904.513671875,20604.162109375,20664.232421875,18433.02734375,9598730,0.0,0.0
2024-07-05 00:00:00+07:00,20664.232421875,20814.408203125,20514.0546875,20814.408203125,18566.986328125,12385459,0.0,0.0
2024-07-08 00:00:00+07:00,20904.513671875,21054.689453125,20664.232421875,20754.337890625,18513.40234375,12696594,0.0,0.0
2024-07-09 00:00:00+07:00,20784.373046875,20964.583984375,20604.162109375,20814.408203125,18566.986328125,16773973,0.0,0.0
2024-07-10 00:00:00+07:00,20844.443359375,20874.478515625,20634.197265625,20634.197265625,18406.234375,9594902,0.0,0.0
2024-07-11 00:00:00+07:00,20784.373046875,21114.759765625,20694.267578125,20904.513671875,18647.36328125,18313499,0.0,0.0
2024-07-12 00:00:00+07:00,20904.513671875,20964.583984375,20694.267578125,20694.267578125,18459.818359375,8505347,0.0,0.0
2024-07-15 00:00:00+07:00,20844.443359375,20844.443359375,20604.162109375,20604.162109375,18379.44140625,6581439,0.0,0.0
2024-07-16 00:00:00+07:00,20724.302734375,21024.654296875,20634.197265625,20664.232421875,18433.02734375,12450549,0.0,0.0
2024-07-17 00:00:00+07:00,20784.373046875,20994.619140625,20393.9140625,20514.0546875,18299.064453125,23875303,0.0,0.0
2024-07-18 00:00:00+07:00,20634.197265625,20664.232421875,20303.80859375,20634.197265625,18406.234375,15735692,0.0,0.0
2024-07-19 00:00:00+07:00,20844.443359375,21144.794921875,20724.302734375,20904.513671875,18647.36328125,28740591,0.0,0.0
2024-07-22 00:00:00+07:00,20874.478515625,21054.689453125,20514.0546875,20814.408203125,18566.986328125,16832904,0.0,0.0
2024-07-23 00:00:00+07:00,20814.408203125,20874.478515625,20333.84375,20333.84375,18138.310546875,21177637,0.0,0.0
2024-07-24 00:00:00+07:00,20213.703125,20363.87890625,19192.505859375,19763.17578125,17629.26171875,36520457,0.0,0.0
2024-07-25 00:00:00+07:00,19402.751953125,19612.998046875,19102.400390625,19162.470703125,17093.416015625,27404992,0.0,0.0
2024-07-26 00:00:00+07:00,19282.611328125,19402.751953125,19162.470703125,19282.611328125,17200.5859375,11648990,0.0,0.0
2024-07-29 00:00:00+07:00,19432.787109375,19552.927734375,19342.681640625,19342.681640625,17254.16796875,9485197,0.0,0.0
2024-07-30 00:00:00+07:00,19342.681640625,19462.822265625,19162.470703125,19192.505859375,17120.208984375,9966798,0.0,0.0
2024-07-31 00:00:00+07:00,19342.681640625,19402.751953125,19042.330078125,19102.400390625,17039.83203125,13072319,0.0,0.0
2024-08-01 00:00:00+07:00,19282.611328125,19282.611328125,18021.1328125,18201.34375,16236.0673828125,39747835,0.0,0.0
2024-08-02 00:00:00+07:00,17931.02734375,18832.083984375,17870.95703125,18772.013671875,16745.119140625,25547007,0.0,0.0
2024-08-05 00:00:00+07:00,18411.58984375,18501.6953125,17780.849609375,17780.849609375,15860.974609375,36667451,0.0,0.0
2024-08-06 00:00:00+07:00,18201.34375,18621.8359375,17810.884765625,18381.5546875,16396.818359375,28484891,0.0,0.0
2024-08-07 00:00:00+07:00,18561.765625,18561.765625,18171.30859375,18381.5546875,16396.818359375,10865577,0.0,0.0
2024-08-08 00:00:00+07:00,18201.34375,18441.625,17961.0625,18021.1328125,16075.3134765625,18544894,0.0,0.0
2024-08-09 00:00:00+07:00,18351.51953125,18982.259765625,18201.34375,18802.048828125,16771.912109375,24839837,0.0,0.0
2024-08-12 00:00:00+07:00,18982.259765625,19222.541015625,18741.9765625,19222.541015625,17147.0,18436521,0.0,0.0
2024-08-13 00:00:00+07:00,19192.505859375,19192.505859375,18772.013671875,19042.330078125,16986.24609375,15643467,0.0,0.0
2024-08-14 00:00:00+07:00,19102.400390625,19132.435546875,18802.048828125,18862.119140625,16825.49609375,12022718,0.0,0.0
2024-08-15 00:00:00+07:00,18862.119140625,18952.224609375,18501.6953125,18561.765625,16557.572265625,15548745,0.0,0.0
2024-08-16 00:00:00+07:00,18772.013671875,19643.033203125,18711.94140625,19643.033203125,17522.08984375,45417346,0.0,0.0
2024-08-19 00:00:00+07:00,19823.24609375,19823.24609375,19462.822265625,19462.822265625,17361.337890625,16103261,0.0,0.0
2024-08-20 00:00:00+07:00,19462.822265625,19793.2109375,19402.751953125,19612.998046875,17495.298828125,23002161,0.0,0.0
2024-08-21 00:00:00+07:00,19612.998046875,19853.28125,19492.857421875,19853.28125,17709.63671875,21559855,0.0,0.0
2024-08-22 00:00:00+07:00,19853.28125,19973.421875,19643.033203125,19883.31640625,17736.4296875,16997877,0.0,0.0
2024-08-23 00:00:00+07:00,19943.38671875,20363.87890625,19673.068359375,20183.66796875,18004.3515625,26598273,0.0,0.0
2024-08-26 00:00:00+07:00,20363.87890625,20604.162109375,20183.66796875,20393.9140625,18191.89453125,33029889,0.0,0.0
2024-08-27 00:00:00+07:00,20153.6328125,20363.87890625,20063.52734375,20063.52734375,17897.181640625,16604173,0.0,0.0
2024-08-28 00:00:00+07:00,20123.59765625,20574.125,19913.3515625,20453.984375,18245.48046875,33373985,0.0,0.0
2024-08-29 00:00:00+07:00,20484.01953125,20544.08984375,20273.7734375,20393.9140625,18191.89453125,14506802,0.0,0.0
2024-08-30 00:00:00+07:00,20333.84375,20423.94921875,20213.703125,20243.73828125,18057.935546875,14369463,0.0,0.0
2024-09-02 00:00:00+07:00,20243.73828125,20243.73828125,20243.73828125,20243.73828125,18057.935546875,0,0.0,0.0
2024-09-03 00:00:00+07:00,20243.73828125,20243.73828125,20243.73828125,20243.73828125,18057.935546875,0,0.0,0.0
2024-09-04 00:00:00+07:00,19913.3515625,20093.5625,19823.24609375,19913.3515625,17763.220703125,16743176,0.0,0.0
2024-09-05 00:00:00+07:00,20123.59765625,20273.7734375,19763.17578125,19883.31640625,17736.4296875,16409568,0.0,0.0
2024-09-06 00:00:00+07:00,19883.31640625,20063.52734375,19703.10546875,20063.52734375,17897.181640625,15878192,0.0,0.0
2024-09-09 00:00:00+07:00,19943.38671875,20033.4921875,19733.140625,19763.17578125,17629.26171875,16821751,0.0,0.0
2024-09-10 00:00:00+07:00,19883.31640625,20033.4921875,19222.541015625,19462.822265625,17361.337890625,22104715,0.0,0.0
2024-09-11 00:00:00+07:00,19462.822265625,19582.962890625,19132.435546875,19522.892578125,17414.921875,14834584,0.0,0.0
2024-09-12 00:00:00+07:00,19643.033203125,19673.068359375,19372.716796875,19372.716796875,17280.9609375,9891054,0.0,0.0
2024-09-13 00:00:00+07:00,19402.751953125,19643.033203125,19282.611328125,19402.751953125,17307.75390625,19381579,0.0,0.0
2024-09-16 00:00:00+07:00,19402.751953125,19612.998046875,19252.576171875,19282.611328125,17200.5859375,15854386,0.0,0.0
2024-09-17 00:00:00+07:00,19282.611328125,19643.033203125,19252.576171875,19643.033203125,17522.08984375,16082452,0.0,0.0
2024-09-18 00:00:00+07:00,19763.17578125,20273.7734375,19703.10546875,20063.52734375,17897.181640625,46863481,0.0,0.0
2024-09-19 00:00:00+07:00,20273.7734375,20363.87890625,20153.6328125,20183.66796875,18004.3515625,41015181,0.0,0.0
2024-09-20 00:00:00+07:00,20303.80859375,20333.84375,20063.52734375,20183.66796875,18004.3515625,52731592,0.0,0.0
2024-09-23 00:00:00+07:00,20380.330078125,20456.234375,20076.7109375,20190.568359375,18714.291015625,25339376,759.04395,1.2
2024-09-24 00:00:00+07:00,20228.521484375,20228.521484375,20038.759765625,20190.568359375,18714.291015625,11344402,0.0,0.0
2024-09-25 00:00:00+07:00,20304.42578125,20949.61328125,20266.47265625,20835.755859375,19312.3046875,36003054,0.0,0.0
2024-09-26 00:00:00+07:00,20835.755859375,21025.517578125,20759.8515625,20873.708984375,19347.482421875,19689769,0.0,0.0
2024-09-27 00:00:00+07:00,20873.708984375,21063.46875,20797.802734375,20949.61328125,19417.8359375,16567157,0.0,0.0
2024-09-30 00:00:00+07:00,20873.708984375,21367.0859375,20683.947265625,21177.326171875,19628.900390625,16796656,0.0,0.0
2024-10-01 00:00:00+07:00,21253.23046875,21518.89453125,21101.421875,21101.421875,19558.544921875,19030914,0.0,0.0
2024-10-02 00:00:00+07:00,20949.61328125,21101.421875,20873.708984375,20949.61328125,19417.8359375,15572353,0.0,0.0
2024-10-03 00:00:00+07:00,20949.61328125,21215.27734375,20759.8515625,20911.66015625,19382.658203125,16903633,0.0,0.0
2024-10-04 00:00:00+07:00,20911.66015625,21101.421875,20721.8984375,20721.8984375,19206.771484375,11206334,0.0,0.0
2024-10-07 00:00:00+07:00,20873.708984375,20949.61328125,20683.947265625,20949.61328125,19417.8359375,12705852,0.0,0.0
2024-10-08 00:00:00+07:00,21063.46875,21177.326171875,20759.8515625,20797.802734375,19277.126953125,16257820,0.0,0.0
2024-10-09 00:00:00+07:00,20759.8515625,20949.61328125,20570.08984375,20721.8984375,19206.771484375,22686961,0.0,0.0
2024-10-10 00:00:00+07:00,20873.708984375,21101.421875,20759.8515625,20911.66015625,19382.658203125,19611908,0.0,0.0
2024-10-11 00:00:00+07:00,20987.564453125,20987.564453125,20759.8515625,20835.755859375,19312.3046875,10916627,0.0,0.0
2024-10-14 00:00:00+07:00,21025.517578125,21253.23046875,20873.708984375,20987.564453125,19453.013671875,16588894,0.0,0.0
2024-10-15 00:00:00+07:00,20987.564453125,21177.326171875,20683.947265625,20683.947265625,19171.59375,16545814,0.0,0.0
2024-10-16 00:00:00+07:00,20532.138671875,20835.755859375,20532.138671875,20570.08984375,19066.0625,12925997,0.0,0.0
2024-10-17 00:00:00+07:00,20608.04296875,20835.755859375,20456.234375,20835.755859375,19312.3046875,14549487,0.0,0.0
2024-10-18 00:00:00+07:00,20911.66015625,21063.46875,20759.8515625,20759.8515625,19241.94921875,15660753,0.0,0.0
2024-10-21 00:00:00+07:00,20759.8515625,20797.802734375,20418.28125,20418.28125,18925.35546875,15535596,0.0,0.0
2024-10-22 00:00:00+07:00,20342.376953125,20645.994140625,20266.47265625,20266.47265625,18784.646484375,20217275,0.0,0.0
2024-10-23 00:00:00+07:00,20342.376953125,20494.185546875,20266.47265625,20418.28125,18925.35546875,10718088,0.0,0.0
2024-10-24 00:00:00+07:00,20418.28125,20570.08984375,20342.376953125,20342.376953125,18855.0,15510301,0.0,0.0
2024-10-25 00:00:00+07:00,20342.376953125,20418.28125,20266.47265625,20266.47265625,18784.646484375,10478181,0.0,0.0
2024-10-28 00:00:00+07:00,20228.521484375,20494.185546875,20228.521484375,20342.376953125,18855.0,8074367,0.0,0.0
2024-10-29 00:00:00+07:00,20380.330078125,20494.185546875,20266.47265625,20266.47265625,18784.646484375,7059933,0.0,0.0
2024-10-30 00:00:00+07:00,20342.376953125,20380.330078125,19886.951171875,20000.806640625,18538.404296875,12668305,0.0,0.0
2024-10-31 00:00:00+07:00,20000.806640625,20190.568359375,19962.85546875,20190.568359375,18714.291015625,9334769,0.0,0.0
2024-11-01 00:00:00+07:00,20114.6640625,20114.6640625,19773.09375,19886.951171875,18432.873046875,11036515,0.0,0.0
2024-11-04 00:00:00+07:00,19886.951171875,20152.6171875,19659.23828125,19924.90234375,18468.048828125,17671572,0.0,0.0
2024-11-05 00:00:00+07:00,19924.90234375,20076.7109375,19848.998046875,19848.998046875,18397.6953125,4219913,0.0,0.0
2024-11-06 00:00:00+07:00,19962.85546875,20190.568359375,19886.951171875,20076.7109375,18608.7578125,14065720,0.0,0.0
2024-11-07 00:00:00+07:00,20228.521484375,20266.47265625,20000.806640625,20000.806640625,18538.404296875,7892823,0.0,0.0
2024-11-08 00:00:00+07:00,20000.806640625,20076.7109375,19773.09375,19811.046875,18362.51953125,10170689,0.0,0.0
2024-11-11 00:00:00+07:00,19811.046875,19811.046875,19393.572265625,19507.4296875,18081.1015625,16726963,0.0,0.0
2024-11-12 00:00:00+07:00,19583.333984375,19848.998046875,19393.572265625,19507.4296875,18081.1015625,13220710,0.0,0.0
2024-11-13 00:00:00+07:00,19507.4296875,19507.4296875,19165.859375,19317.66796875,17905.21484375,16360317,0.0,0.0
2024-11-14 00:00:00+07:00,19317.66796875,19317.66796875,18710.43359375,18748.384765625,17377.556640625,16803507,0.0,0.0
2024-11-15 00:00:00+07:00,18748.384765625,18748.384765625,18065.24609375,18179.1015625,16849.896484375,33597265,0.0,0.0
2024-11-18 00:00:00+07:00,18179.1015625,18672.48046875,18065.24609375,18444.767578125,17096.13671875,32774124,0.0,0.0
2024-11-19 00:00:00+07:00,18482.71875,18596.576171875,18065.24609375,18103.197265625,16779.54296875,14103663,0.0,0.0
2024-11-20 00:00:00+07:00,18141.150390625,18748.384765625,18027.29296875,18444.767578125,17096.13671875,23663584,0.0,0.0
2024-11-21 00:00:00+07:00,18444.767578125,18710.43359375,18255.005859375,18672.48046875,17307.201171875,18701947,0.0,0.0
2024-11-22 00:00:00+07:00,18596.576171875,18672.48046875,18406.814453125,18482.71875,17131.314453125,16868852,0.0,0.0
2024-11-25 00:00:00+07:00,18520.671875,18596.576171875,18368.86328125,18596.576171875,17236.84765625,13380911,0.0,0.0
2024-11-26 00:00:00+07:00,18672.48046875,18900.193359375,18596.576171875,18672.48046875,17307.201171875,12297443,0.0,0.0
2024-11-27 00:00:00+07:00,18672.48046875,18748.384765625,18406.814453125,18444.767578125,17096.13671875,12282424,0.0,0.0
2024-11-28 00:00:00+07:00,18558.625,18634.529296875,18406.814453125,18444.767578125,17096.13671875,11146522,0.0,0.0
2024-11-29 00:00:00+07:00,18444.767578125,18710.43359375,18368.86328125,18634.529296875,17272.025390625,11880998,0.0,0.0
2024-12-02 00:00:00+07:00,18672.48046875,18786.337890625,18444.767578125,18558.625,17201.671875,10324435,0.0,0.0
2024-12-03 00:00:00+07:00,18558.625,18596.576171875,18406.814453125,18444.767578125,17096.13671875,16503656,0.0,0.0
2024-12-04 00:00:00+07:00,18406.814453125,18444.767578125,18217.0546875,18255.005859375,16920.25,12040541,0.0,0.0
2024-12-05 00:00:00+07:00,18292.958984375,19507.4296875,17951.388671875,19507.4296875,18081.1015625,46918628,0.0,0.0
2024-12-06 00:00:00+07:00,19735.142578125,20076.7109375,19583.333984375,20000.806640625,18538.404296875,44561847,0.0,0.0
2024-12-09 00:00:00+07:00,19962.85546875,20038.759765625,19735.142578125,19886.951171875,18432.873046875,24847310,0.0,0.0
2024-12-10 00:00:00+07:00,19848.998046875,20038.759765625,19735.142578125,19924.90234375,18468.048828125,16624993,0.0,0.0
2024-12-11 00:00:00+07:00,19962.85546875,20038.759765625,19697.189453125,19848.998046875,18397.6953125,16547658,0.0,0.0
2024-12-12 00:00:00+07:00,19811.046875,20076.7109375,19735.142578125,19735.142578125,18292.1640625,16046502,0.0,0.0
2024-12-13 00:00:00+07:00,19697.189453125,19735.142578125,19507.4296875,19583.333984375,18151.45703125,14451864,0.0,0.0
2024-12-16 00:00:00+07:00,19659.23828125,19886.951171875,19545.380859375,19811.046875,18362.51953125,19233801,0.0,0.0
2024-12-17 00:00:00+07:00,19811.046875,19848.998046875,19621.28515625,19735.142578125,18292.1640625,8167379,0.0,0.0
2024-12-18 00:00:00+07:00,19735.142578125,19886.951171875,19583.333984375,19886.951171875,18432.873046875,9489964,0.0,0.0
2024-12-19 00:00:00+07:00,19583.333984375,19886.951171875,19317.66796875,19886.951171875,18432.873046875,40462348,0.0,0.0
2024-12-20 00:00:00+07:00,19811.046875,19924.90234375,19659.23828125,19924.90234375,18468.048828125,16188522,0.0,0.0
2024-12-23 00:00:00+07:00,19886.951171875,19962.85546875,19621.28515625,19621.28515625,18186.6328125,10332208,0.0,0.0
2024-12-24 00:00:00+07:00,19621.28515625,19697.189453125,19355.62109375,19697.189453125,18256.986328125,16203541,0.0,0.0
2024-12-25 00:00:00+07:00,19735.142578125,20304.42578125,19659.23828125,20152.6171875,18679.115234375,34544904,0.0,0.0
2024-12-26 00:00:00+07:00,20114.6640625,20190.568359375,20000.806640625,20000.806640625,18538.404296875,11546630,0.0,0.0
2024-12-27 00:00:00+07:00,20038.759765625,20266.47265625,19962.85546875,20190.568359375,18714.291015625,21536171,0.0,0.0
2024-12-30 00:00:00+07:00,20190.568359375,20418.28125,20076.7109375,20076.7109375,18608.7578125,15142733,0.0,0.0
2024-12-31 00:00:00+07:00,20076.7109375,20076.7109375,19773.09375,19773.09375,18327.341796875,10847857,0.0,0.0
2025-01-01 00:00:00+07:00,19773.09375,19773.09375,19773.09375,19773.09375,18327.341796875,0,0.0,0.0
2025-01-02 00:00:00+07:00,19773.09375,20000.806640625,19659.23828125,19697.189453125,18256.986328125,11775603,0.0,0.0
2025-01-03 00:00:00+07:00,19659.23828125,19697.189453125,19241.763671875,19241.763671875,17834.861328125,21165968,0.0,0.0
2025-01-06 00:00:00+07:00,19241.763671875,19355.62109375,18862.2421875,18900.193359375,17518.263671875,13154706,0.0,0.0
2025-01-07 00:00:00+07:00,19241.763671875,19241.763671875,18596.576171875,18634.529296875,17272.025390625,24456555,0.0,0.0
2025-01-08 00:00:00+07:00,18596.576171875,18824.2890625,18558.625,18748.384765625,17377.556640625,12034086,0.0,0.0
2025-01-09 00:00:00+07:00,18748.384765625,18938.146484375,18520.671875,18520.671875,17166.4921875,11735289,0.0,0.0
2025-01-10 00:00:00+07:00,18444.767578125,18634.529296875,17837.533203125,17989.341796875,16674.01171875,28157395,0.0,0.0
2025-01-13 00:00:00+07:00,17875.484375,18444.767578125,17875.484375,18330.91015625,16990.60546875,14276644,0.0,0.0
2025-01-14 00:00:00+07:00,18368.86328125,18368.86328125,18141.150390625,18179.1015625,16849.896484375,10677774,0.0,0.0
2025-01-15 00:00:00+07:00,18330.91015625,18482.71875,18217.0546875,18330.91015625,16990.60546875,12999906,0.0,0.0
2025-01-16 00:00:00+07:00,18330.91015625,18482.71875,18217.0546875,18330.91015625,16990.60546875,12999906,0.0,0.0
2025-01-17 00:00:00+07:00,18520.671875,18672.48046875,18406.814453125,18634.529296875,17272.025390625,9278777,0.0,0.0
2025-01-20 00:00:00+07:00,18710.43359375,18710.43359375,18482.71875,18596.576171875,17236.84765625,9198150,0.0,0.0
2025-01-21 00:00:00+07:00,18634.529296875,18824.2890625,18520.671875,18558.625,17201.671875,10570666,0.0,0.0
2025-01-22 00:00:00+07:00,18596.576171875,18786.337890625,18520.671875,18520.671875,17166.4921875,12588467,0.0,0.0
2025-01-23 00:00:00+07:00,18558.625,19165.859375,18558.625,19089.955078125,17694.150390625,24342728,0.0,0.0
2025-01-24 00:00:00+07:00,19052.001953125,19165.859375,18976.09765625,19165.859375,17764.505859375,12793725,0.0,0.0
2025-01-27 00:00:00+07:00,19165.859375,19165.859375,19165.859375,19165.859375,17764.505859375,0,0.0,0.0
2025-01-28 00:00:00+07:00,19165.859375,19165.859375,19165.859375,19165.859375,17764.505859375,0,0.0,0.0
2025-01-29 00:00:00+07:00,19165.859375,19165.859375,19165.859375,19165.859375,17764.505859375,0,0.0,0.0
2025-01-30 00:00:00+07:00,19165.859375,19165.859375,19165.859375,19165.859375,17764.505859375,0,0.0,0.0
2025-01-31 00:00:00+07:00,19165.859375,19165.859375,19165.859375,19165.859375,17764.505859375,0,0.0,0.0
2025-02-03 00:00:00+07:00,18862.2421875,19014.05078125,18786.337890625,18824.2890625,17447.91015625,16938413,0.0,0.0
2025-02-04 00:00:00+07:00,18900.193359375,19317.66796875,18824.2890625,19203.810546875,17799.68359375,20642810,0.0,0.0
2025-02-05 00:00:00+07:00,19317.66796875,19317.66796875,19014.05078125,19014.05078125,17623.796875,12689911,0.0,0.0
2025-02-06 00:00:00+07:00,19127.90625,19279.71484375,19014.05078125,19014.05078125,17623.796875,12201665,0.0,0.0
2025-02-07 00:00:00+07:00,19014.05078125,19127.90625,18938.146484375,18976.09765625,17588.619140625,10335633,0.0,0.0
2025-02-10 00:00:00+07:00,18938.146484375,19089.955078125,18710.43359375,18900.193359375,17518.263671875,20891017,0.0,0.0
2025-02-11 00:00:00+07:00,18938.146484375,18976.09765625,18710.43359375,18748.384765625,17377.556640625,17035114,0.0,0.0
2025-02-12 00:00:00+07:00,18824.2890625,19014.05078125,18786.337890625,18786.337890625,17412.734375,9175753,0.0,0.0
2025-02-13 00:00:00+07:00,18786.337890625,18900.193359375,18748.384765625,18824.2890625,17447.91015625,8916875,0.0,0.0
2025-02-14 00:00:00+07:00,18976.09765625,19203.810546875,18900.193359375,18900.193359375,17518.263671875,21278215,0.0,0.0
2025-02-17 00:00:00+07:00,18900.193359375,19241.763671875,18824.2890625,18976.09765625,17588.619140625,24324810,0.0,0.0
2025-02-18 00:00:00+07:00,19052.001953125,19203.810546875,18976.09765625,19089.955078125,17694.150390625,12962490,0.0,0.0
2025-02-19 00:00:00+07:00,19165.859375,19279.71484375,19014.05078125,19241.763671875,17834.861328125,20442822,0.0,0.0
2025-02-20 00:00:00+07:00,19317.66796875,19393.572265625,19165.859375,19165.859375,17764.505859375,18189461,0.0,0.0
2025-02-21 00:00:00+07:00,19127.90625,19279.71484375,19089.955078125,19241.763671875,17834.861328125,15252345,0.0,0.0
2025-02-24 00:00:00+07:00,19203.810546875,19621.28515625,19165.859375,19621.28515625,18186.6328125,33019169,0.0,0.0
2025-02-25 00:00:00+07:00,19659.23828125,19886.951171875,19545.380859375,19621.28515625,18186.6328125,36979546,0.0,0.0
2025-02-26 00:00:00+07:00,19621.28515625,19811.046875,19431.525390625,19621.28515625,18186.6328125,33216654,0.0,0.0
2025-02-27 00:00:00+07:00,19697.189453125,19811.046875,19431.525390625,19811.046875,18362.51953125,23709167,0.0,0.0
2025-02-28 00:00:00+07:00,19886.951171875,20342.376953125,19886.951171875,19962.85546875,18503.228515625,54537686,0.0,0.0
2025-03-03 00:00:00+07:00,19962.85546875,20342.376953125,19848.998046875,20190.568359375,18714.291015625,33786055,0.0,0.0
2025-03-04 00:00:00+07:00,20076.7109375,20190.568359375,19811.046875,20000.806640625,18538.404296875,31714106,0.0,0.0
2025-03-05 00:00:00+07:00,20038.759765625,20228.521484375,19811.046875,19811.046875,18362.51953125,36314367,0.0,0.0
2025-03-06 00:00:00+07:00,19886.951171875,20456.234375,19886.951171875,20418.28125,18925.35546875,59270350,0.0,0.0
2025-03-07 00:00:00+07:00,20570.08984375,20608.04296875,20342.376953125,20418.28125,18925.35546875,30165316,0.0,0.0
2025-03-10 00:00:00+07:00,20494.185546875,20683.947265625,20114.6640625,20228.521484375,18749.470703125,60131302,0.0,0.0
2025-03-11 00:00:00+07:00,20000.806640625,20266.47265625,20000.806640625,20266.47265625,18784.646484375,34815508,0.0,0.0
2025-03-12 00:00:00+07:00,20380.330078125,20456.234375,20152.6171875,20266.47265625,18784.646484375,35293346,0.0,0.0
2025-03-13 00:00:00+07:00,20304.42578125,20797.802734375,20076.7109375,20456.234375,18960.533203125,66947377,0.0,0.0
2025-03-14 00:00:00+07:00,20494.185546875,20645.994140625,20342.376953125,20456.234375,18960.533203125,38206352,0.0,0.0
2025-03-17 00:00:00+07:00,20570.08984375,20608.04296875,20380.330078125,20494.185546875,18995.70703125,23834984,0.0,0.0
2025-03-18 00:00:00+07:00,20570.08984375,20835.755859375,20342.376953125,20342.376953125,18855.0,38918037,0.0,0.0
2025-03-19 00:00:00+07:00,20266.47265625,20380.330078125,20114.6640625,20152.6171875,18679.115234375,32028317,0.0,0.0
2025-03-20 00:00:00+07:00,20228.521484375,20380.330078125,20038.759765625,20152.6171875,18679.115234375,25742251,0.0,0.0
2025-03-21 00:00:00+07:00,20190.568359375,20380.330078125,20114.6640625,20190.568359375,18714.291015625,27937118,0.0,0.0
2025-03-24 00:00:00+07:00,20304.42578125,20608.04296875,20114.6640625,20608.04296875,19101.2421875,32204723,0.0,0.0
2025-03-25 00:00:00+07:00,20721.8984375,20835.755859375,20418.28125,20418.28125,18925.35546875,31096619,0.0,0.0
2025-03-26 00:00:00+07:00,20418.28125,20532.138671875,20038.759765625,20114.6640625,18643.935546875,34464935,0.0,0.0
2025-03-27 00:00:00+07:00,20114.6640625,20190.568359375,19962.85546875,19962.85546875,18503.228515625,19850498,0.0,0.0
2025-03-28 00:00:00+07:00,20000.806640625,20152.6171875,19773.09375,20000.806640625,18538.404296875,23216311,0.0,0.0
2025-03-31 00:00:00+07:00,19848.998046875,20000.806640625,19735.142578125,19735.142578125,18292.1640625,25682966,0.0,0.0
2025-04-01 00:00:00+07:00,19886.951171875,19924.90234375,19583.333984375,19773.09375,18327.341796875,24245632,0.0,0.0
2025-04-02 00:00:00+07:00,19848.998046875,20114.6640625,19811.046875,20076.7109375,18608.7578125,20511329,0.0,0.0
2025-04-03 00:00:00+07:00,19127.90625,19583.333984375,18672.48046875,18672.48046875,17307.201171875,71517336,0.0,0.0
2025-04-04 00:00:00+07:00,17382.10546875,18103.197265625,17382.10546875,18027.29296875,16709.189453125,108083336,0.0,0.0
2025-04-07 00:00:00+07:00,18027.29296875,18027.29296875,18027.29296875,18027.29296875,16709.189453125,0,0.0,0.0
2025-04-08 00:00:00+07:00,17458.009765625,17533.9140625,16774.87109375,16774.87109375,15548.33984375,41527240,0.0,0.0
2025-04-09 00:00:00+07:00,15636.3046875,16736.91796875,15636.3046875,15636.3046875,14493.0224609375,97077253,0.0,0.0
2025-04-10 00:00:00+07:00,16698.966796875,16698.966796875,16698.966796875,16698.966796875,15477.9853515625,6877335,0.0,0.0
2025-04-11 00:00:00+07:00,17458.009765625,17799.580078125,17002.583984375,17799.580078125,16498.125,85701495,0.0,0.0
2025-04-14 00:00:00+07:00,17989.341796875,18292.958984375,17761.626953125,18292.958984375,16955.4296875,48482569,0.0,0.0
2025-04-15 00:00:00+07:00,18065.24609375,18217.0546875,17609.818359375,17685.72265625,16392.591796875,34479559,0.0,0.0
2025-04-16 00:00:00+07:00,17761.626953125,17913.4375,17458.009765625,17458.009765625,16181.529296875,24886043,0.0,0.0
2025-04-17 00:00:00+07:00,17306.201171875,17723.67578125,17306.201171875,17533.9140625,16251.8837890625,24576706,0.0,0.0
2025-04-18 00:00:00+07:00,17685.72265625,18179.1015625,17647.771484375,17723.67578125,16427.771484375,34721969,0.0,0.0
2025-04-21 00:00:00+07:00,17761.626953125,17837.533203125,17344.154296875,17382.10546875,16111.17578125,24413079,0.0,0.0
2025-04-22 00:00:00+07:00,17078.48828125,17382.10546875,16167.6357421875,16888.7265625,15653.8701171875,63839783,0.0,0.0
2025-04-23 00:00:00+07:00,17420.05859375,17420.05859375,17154.392578125,17268.25,16005.6435546875,17776178,0.0,0.0
2025-04-24 00:00:00+07:00,17382.10546875,17571.8671875,17192.345703125,17458.009765625,16181.529296875,23642900,0.0,0.0
2025-04-25 00:00:00+07:00,17609.818359375,17609.818359375,17306.201171875,17306.201171875,16040.8203125,20173140,0.0,0.0
2025-04-28 00:00:00+07:00,17382.10546875,17571.8671875,17306.201171875,17495.962890625,16216.70703125,15888935,0.0,0.0
2025-04-29 00:00:00+07:00,17571.8671875,17571.8671875,17420.05859375,17420.05859375,16146.3525390625,12882390,0.0,0.0
2025-04-30 00:00:00+07:00,17420.05859375,17420.05859375,17420.05859375,17420.05859375,16146.3525390625,0,0.0,0.0
2025-05-01 00:00:00+07:00,17420.05859375,17420.05859375,17420.05859375,17420.05859375,16146.3525390625,0,0.0,0.0
2025-05-02 00:00:00+07:00,17420.05859375,17420.05859375,17420.05859375,17420.05859375,16146.3525390625,0,0.0,0.0
2025-05-05 00:00:00+07:00,17761.626953125,17799.580078125,17458.009765625,17533.9140625,16251.8837890625,12271358,0.0,0.0
2025-05-06 00:00:00+07:00,17761.626953125,17799.580078125,17458.009765625,17533.9140625,16251.8837890625,12271358,0.0,0.0
2025-05-07 00:00:00+07:00,17609.818359375,17837.533203125,17533.9140625,17571.8671875,16287.0625,21704936,0.0,0.0
2025-05-08 00:00:00+07:00,17571.8671875,17571.8671875,17268.25,17344.154296875,16075.9990234375,24882881,0.0,0.0
2025-05-09 00:00:00+07:00,17420.05859375,17685.72265625,17268.25,17533.9140625,16251.8837890625,24397797,0.0,0.0
2025-05-12 00:00:00+07:00,17533.9140625,17609.818359375,17344.154296875,17609.818359375,16322.2392578125,26378578,0.0,0.0
2025-05-13 00:00:00+07:00,17533.9140625,17609.818359375,17344.154296875,17609.818359375,16322.2392578125,26378578,0.0,0.0
2025-05-14 00:00:00+07:00,17875.484375,18141.150390625,17723.67578125,17761.626953125,16462.947265625,33665903,0.0,0.0
2025-05-15 00:00:00+07:00,17799.580078125,18368.86328125,17685.72265625,18141.150390625,16814.720703125,48246878,0.0,0.0
2025-05-16 00:00:00+07:00,18330.91015625,18406.814453125,18103.197265625,18141.150390625,16814.720703125,31417417,0.0,0.0
2025-05-19 00:00:00+07:00,17875.484375,17989.341796875,17723.67578125,17723.67578125,16427.771484375,26012065,0.0,0.0
2025-05-20 00:00:00+07:00,17875.484375,17989.341796875,17723.67578125,17723.67578125,16427.771484375,26012065,0.0,0.0
2025-05-21 00:00:00+07:00,17761.626953125,17951.388671875,17685.72265625,17837.533203125,16533.302734375,20203837,0.0,0.0
2025-05-22 00:00:00+07:00,17875.484375,17989.341796875,17647.771484375,17723.67578125,16427.771484375,32121065,0.0,0.0
2025-05-23 00:00:00+07:00,17723.67578125,18141.150390625,17647.771484375,17723.67578125,16427.771484375,36446770,0.0,0.0
2025-05-26 00:00:00+07:00,17799.580078125,17913.4375,17306.201171875,17913.4375,16603.658203125,27551501,0.0,0.0
2025-05-27 00:00:00+07:00,17799.580078125,17913.4375,17306.201171875,17913.4375,16603.658203125,27551501,0.0,0.0
2025-05-28 00:00:00+07:00,17989.341796875,18217.0546875,17837.533203125,17989.341796875,16674.01171875,32172446,0.0,0.0
2025-05-29 00:00:00+07:00,18179.1015625,18368.86328125,17875.484375,17989.341796875,16674.01171875,32409586,0.0,0.0
2025-05-30 00:00:00+07:00,18103.197265625,18141.150390625,17837.533203125,17837.533203125,16533.302734375,19615860,0.0,0.0
2025-06-02 00:00:00+07:00,17723.67578125,17989.341796875,17723.67578125,17989.341796875,16674.01171875,15885510,0.0,0.0
2025-06-03 00:00:00+07:00,17723.67578125,17989.341796875,17723.67578125,17989.341796875,16674.01171875,15885510,0.0,0.0
2025-06-04 00:00:00+07:00,18292.958984375,18862.2421875,18292.958984375,18596.576171875,17236.84765625,77185914,0.0,0.0
2025-06-05 00:00:00+07:00,18748.384765625,18748.384765625,18330.91015625,18368.86328125,17025.78515625,25605237,0.0,0.0
2025-06-06 00:00:00+07:00,18368.86328125,18444.767578125,18141.150390625,18179.1015625,16849.896484375,32482046,0.0,0.0
2025-06-09 00:00:00+07:00,17951.388671875,17989.341796875,17723.67578125,17723.67578125,16427.771484375,20689316,0.0,0.0
2025-06-10 00:00:00+07:00,17951.388671875,17989.341796875,17723.67578125,17723.67578125,16427.771484375,20689316,0.0,0.0
2025-06-11 00:00:00+07:00,17761.626953125,17875.484375,17685.72265625,17723.67578125,16427.771484375,17758524,0.0,0.0
2025-06-12 00:00:00+07:00,17761.626953125,17913.4375,17723.67578125,17837.533203125,16533.302734375,16996249,0.0,0.0
2025-06-13 00:00:00+07:00,17913.4375,18103.197265625,17875.484375,17951.388671875,16638.833984375,18197102,0.0,0.0
2025-06-16 00:00:00+07:00,17533.9140625,18103.197265625,17533.9140625,18103.197265625,16779.54296875,22163539,0.0,0.0
2025-06-17 00:00:00+07:00,17533.9140625,18103.197265625,17533.9140625,18103.197265625,16779.54296875,22163539,0.0,0.0
2025-06-18 00:00:00+07:00,18141.150390625,18179.1015625,17951.388671875,18103.197265625,16779.54296875,21535907,0.0,0.0
2025-06-19 00:00:00+07:00,18103.197265625,18179.1015625,17913.4375,17913.4375,16603.658203125,28712830,0.0,0.0
2025-06-20 00:00:00+07:00,17913.4375,18179.1015625,17837.533203125,18141.150390625,16814.720703125,25940791,0.0,0.0
2025-06-23 00:00:00+07:00,17989.341796875,18103.197265625,17875.484375,18027.29296875,16709.189453125,20632666,0.0,0.0
2025-06-24 00:00:00+07:00,17989.341796875,18103.197265625,17875.484375,18027.29296875,16709.189453125,20632666,0.0,0.0
2025-06-25 00:00:00+07:00,18330.91015625,18634.529296875,18217.0546875,18444.767578125,17096.13671875,63881810,0.0,0.0
2025-06-26 00:00:00+07:00,18482.71875,18824.2890625,18368.86328125,18596.576171875,17236.84765625,34064168,0.0,0.0
2025-06-27 00:00:00+07:00,18596.576171875,18672.48046875,18330.91015625,18596.576171875,17236.84765625,24263549,0.0,0.0
2025-06-30 00:00:00+07:00,18976.09765625,19089.955078125,18748.384765625,18748.384765625,17377.556640625,35031832,0.0,0.0
2025-07-01 00:00:00+07:00,18976.09765625,19089.955078125,18748.384765625,18748.384765625,17377.556640625,35031832,0.0,0.0
2025-07-02 00:00:00+07:00,18786.337890625,18824.2890625,18482.71875,18558.625,17201.671875,19950492,0.0,0.0
2025-07-03 00:00:00+07:00,18520.671875,19583.333984375,18482.71875,19355.62109375,17940.392578125,54364442,0.0,0.0
2025-07-04 00:00:00+07:00,19355.62109375,19962.85546875,19089.955078125,19545.380859375,18116.27734375,76837845,0.0,0.0
2025-07-07 00:00:00+07:00,19886.951171875,20076.7109375,19773.09375,19962.85546875,18503.228515625,43882967,0.0,0.0
2025-07-08 00:00:00+07:00,19886.951171875,20076.7109375,19773.09375,19962.85546875,18503.228515625,43882967,0.0,0.0
2025-07-09 00:00:00+07:00,20038.759765625,20608.04296875,19924.90234375,20532.138671875,19030.88671875,85644055,0.0,0.0
2025-07-10 00:00:00+07:00,20683.947265625,21898.41796875,20683.947265625,21670.705078125,20086.205078125,95562848,0.0,0.0
2025-07-11 00:00:00+07:00,21936.369140625,22126.130859375,21708.65625,21974.322265625,20367.62109375,68201718,0.0,0.0
2025-07-14 00:00:00+07:00,22619.509765625,22733.365234375,22012.2734375,22581.556640625,20930.45703125,67794100,0.0,0.0
2025-07-15 00:00:00+07:00,22619.509765625,22733.365234375,22012.2734375,22581.556640625,20930.45703125,67794100,0.0,0.0
2025-07-16 00:00:00+07:00,22619.509765625,24137.59765625,22505.65234375,23150.83984375,21458.115234375,82800346,0.0,0.0
2025-07-17 00:00:00+07:00,23150.83984375,24213.501953125,22999.03125,23985.7890625,22232.015625,62065709,0.0,0.0
2025-07-18 00:00:00+07:00,24289.40625,24365.310546875,23796.02734375,24213.501953125,22443.078125,65440744,0.0,0.0
2025-07-21 00:00:00+07:00,24327.357421875,24365.310546875,23378.552734375,23796.02734375,22056.12890625,72503445,0.0,0.0
2025-07-22 00:00:00+07:00,24327.357421875,24365.310546875,23378.552734375,23796.02734375,22056.12890625,72503445,0.0,0.0
2025-07-23 00:00:00+07:00,23530.361328125,24289.40625,23188.791015625,24289.40625,22513.43359375,81307547,0.0,0.0
2025-07-24 00:00:00+07:00,24517.119140625,25314.115234375,24213.501953125,24479.166015625,22689.318359375,57769252,0.0,0.0
2025-07-25 00:00:00+07:00,24517.119140625,24555.0703125,23796.02734375,24289.40625,22513.43359375,56900922,0.0,0.0
2025-07-28 00:00:00+07:00,26414.728515625,27211.724609375,26149.0625,27173.7734375,25186.904296875,65325204,0.0,0.0
2025-07-29 00:00:00+07:00,26414.728515625,27211.724609375,26149.0625,27173.7734375,25186.904296875,65325204,0.0,0.0
2025-07-30 00:00:00+07:00,27401.486328125,27477.390625,25276.162109375,25276.162109375,23428.041015625,138330729,0.0,0.0
2025-07-31 00:00:00+07:00,25503.875,25921.349609375,24820.736328125,25731.58984375,23850.169921875,82661750,0.0,0.0
2025-08-01 00:00:00+07:00,25883.3984375,26262.919921875,25124.353515625,25959.302734375,24061.232421875,65055786,0.0,0.0
2025-08-04 00:00:00+07:00,24668.927734375,25807.494140625,24593.0234375,25807.494140625,23920.5234375,74733487,0.0,0.0
2025-08-05 00:00:00+07:00,24668.927734375,25807.494140625,24593.0234375,25807.494140625,23920.5234375,74733487,0.0,0.0
2025-08-06 00:00:00+07:00,26111.111328125,27249.677734375,24668.927734375,26300.873046875,24377.828125,121118681,0.0,0.0
2025-08-07 00:00:00+07:00,26376.77734375,26794.25,26111.111328125,26794.25,24835.12890625,65992755,0.0,0.0
2025-08-08 00:00:00+07:00,27173.7734375,27173.7734375,26376.77734375,26680.39453125,24729.599609375,48889660,0.0,0.0
2025-08-11 00:00:00+07:00,27173.7734375,28653.908203125,26794.25,28464.146484375,26382.927734375,78072556,0.0,0.0
2025-08-12 00:00:00+07:00,27173.7734375,28653.908203125,26794.25,28464.146484375,26382.927734375,78072556,0.0,0.0
2025-08-13 00:00:00+07:00,28767.765625,28805.716796875,27629.19921875,27894.865234375,25855.271484375,59777172,0.0,0.0
2025-08-14 00:00:00+07:00,28122.578125,28198.482421875,27021.962890625,27894.865234375,25855.271484375,89297466,0.0,0.0
2025-08-15 00:00:00+07:00,28084.625,28691.861328125,27401.486328125,27932.81640625,25890.447265625,92805564,0.0,0.0
2025-08-18 00:00:00+07:00,27781.0078125,27932.81640625,27059.916015625,27173.7734375,25186.904296875,66170083,0.0,0.0
2025-08-19 00:00:00+07:00,27781.0078125,27932.81640625,27059.916015625,27173.7734375,25186.904296875,66170083,0.0,0.0
2025-08-20 00:00:00+07:00,26946.05859375,28312.337890625,26946.05859375,27894.865234375,25855.271484375,77869274,0.0,0.0
2025-08-21 00:00:00+07:00,27894.865234375,27932.81640625,26187.015625,27401.486328125,25397.966796875,79496189,0.0,0.0
2025-08-22 00:00:00+07:00,27477.390625,28767.765625,27401.486328125,28122.578125,26066.333984375,95221498,0.0,0.0
2025-08-25 00:00:00+07:00,27629.19921875,28691.861328125,27211.724609375,27818.958984375,25784.9140625,91362564,0.0,0.0
2025-08-26 00:00:00+07:00,27629.19921875,28691.861328125,27211.724609375,27818.958984375,25784.9140625,91362564,0.0,0.0
2025-08-27 00:00:00+07:00,27743.0546875,29754.521484375,27439.4375,29754.521484375,27578.955078125,124312172,0.0,0.0
2025-08-28 00:00:00+07:00,30703.326171875,31272.609375,30437.662109375,30551.517578125,28317.677734375,78593343,0.0,0.0
2025-08-29 00:00:00+07:00,30741.279296875,31879.845703125,30475.61328125,31879.845703125,29548.8828125,72368275,0.0,0.0
2025-09-01 00:00:00+07:00,31879.845703125,31879.845703125,31879.845703125,31879.845703125,29548.8828125,0,0.0,0.0
2025-09-02 00:00:00+07:00,31879.845703125,31879.845703125,31879.845703125,31879.845703125,29548.8828125,0,0.0,0.0
2025-09-03 00:00:00+07:00,32031.654296875,32373.22265625,31044.896484375,31386.466796875,29091.578125,71308652,0.0,0.0
2025-09-04 00:00:00+07:00,32031.654296875,32373.22265625,31044.896484375,31386.466796875,29091.578125,71308652,0.0,0.0
2025-09-05 00:00:00+07:00,31576.2265625,32335.271484375,31234.658203125,32107.55859375,29759.943359375,43751354,0.0,0.0
2025-09-08 00:00:00+07:00,30589.470703125,31576.2265625,30437.662109375,30513.56640625,28282.5,95049703,0.0,0.0
2025-09-09 00:00:00+07:00,30589.470703125,31576.2265625,30437.662109375,30513.56640625,28282.5,95049703,0.0,0.0
2025-09-10 00:00:00+07:00,30779.23046875,31879.845703125,29830.42578125,31879.845703125,29548.8828125,68501832,0.0,0.0
2025-09-11 00:00:00+07:00,32487.080078125,32942.5078125,31614.1796875,32221.4140625,29865.4765625,57012774,0.0,0.0
2025-09-12 00:00:00+07:00,31728.037109375,32335.271484375,30209.94921875,32221.4140625,29865.4765625,113195820,0.0,0.0
2025-09-15 00:00:00+07:00,32221.4140625,32221.4140625,32221.4140625,32221.4140625,29865.4765625,0,0.0,0.0
2025-09-16 00:00:00+07:00,31955.75,32373.22265625,31462.37109375,32031.654296875,29689.58984375,53384262,0.0,0.0
2025-09-17 00:00:00+07:00,32638.888671875,32638.888671875,31576.2265625,31576.2265625,29267.462890625,49954289,0.0,0.0
2025-09-18 00:00:00+07:00,31424.41796875,31614.1796875,30741.279296875,30817.18359375,28563.91796875,49958505,0.0,0.0
2025-09-19 00:00:00+07:00,31006.9453125,31424.41796875,30589.470703125,30968.9921875,28704.626953125,34722891,0.0,0.0
2025-09-22 00:00:00+07:00,30741.279296875,30931.041015625,29754.521484375,29830.42578125,27649.310546875,57359789,0.0,0.0
2025-09-23 00:00:00+07:00,30741.279296875,30931.041015625,29754.521484375,29830.42578125,27649.310546875,57359789,0.0,0.0
2025-09-24 00:00:00+07:00,29906.330078125,30437.662109375,29906.330078125,29906.330078125,27719.6640625,28232226,0.0,0.0
2025-09-25 00:00:00+07:00,29982.234375,30551.517578125,29261.142578125,30551.517578125,29055.1171875,47924499,759.04395,0.0
2025-09-26 00:00:00+07:00,29982.234375,30096.091796875,29602.712890625,29602.712890625,28152.78515625,34249928,0.0,0.0
2025-09-29 00:00:00+07:00,28881.62109375,28995.478515625,28236.43359375,28502.099609375,27106.078125,45332422,0.0,0.0
2025-09-30 00:00:00+07:00,28881.62109375,28995.478515625,28236.43359375,28502.099609375,27106.078125,45332422,0.0,0.0
2025-10-01 00:00:00+07:00,28540.05078125,29450.904296875,28312.337890625,29261.142578125,27827.943359375,50362302,0.0,0.0
2025-10-02 00:00:00+07:00,29488.857421875,29754.521484375,29185.23828125,29299.095703125,27864.0390625,22353251,0.0,0.0
2025-10-03 00:00:00+07:00,29337.046875,29564.76171875,28615.95703125,28729.8125,27322.638671875,27874012,0.0,0.0
2025-10-06 00:00:00+07:00,29223.19140625,30551.517578125,29185.23828125,30551.517578125,29055.1171875,70483535,0.0,0.0
2025-10-07 00:00:00+07:00,29223.19140625,30551.517578125,29185.23828125,30551.517578125,29055.1171875,70483535,0.0,0.0
2025-10-08 00:00:00+07:00,31120.80078125,31386.466796875,30779.23046875,30968.9921875,29452.14453125,53410347,0.0,0.0
2025-10-09 00:00:00+07:00,31690.083984375,32259.3671875,30779.23046875,31272.609375,29740.890625,70809604,0.0,0.0
2025-10-10 00:00:00+07:00,31310.5625,31348.513671875,30779.23046875,30855.134765625,29343.86328125,44070571,0.0,0.0
2025-10-13 00:00:00+07:00,30475.61328125,31652.130859375,30361.7578125,31386.466796875,29849.169921875,55680308,0.0,0.0
2025-10-14 00:00:00+07:00,30475.61328125,31652.130859375,30361.7578125,31386.466796875,29849.169921875,55680308,0.0,0.0
2025-10-15 00:00:00+07:00,32145.509765625,32866.6015625,31120.80078125,31120.80078125,29596.517578125,85988699,0.0,0.0
2025-10-16 00:00:00+07:00,31196.705078125,31690.083984375,31006.9453125,31462.37109375,29921.357421875,39673988,0.0,0.0
2025-10-17 00:00:00+07:00,31652.130859375,32069.60546875,31234.658203125,31386.466796875,29849.169921875,39208270,0.0,0.0
2025-10-20 00:00:00+07:00,30931.041015625,31728.037109375,28805.716796875,28805.716796875,27394.82421875,92993168,0.0,0.0
2025-10-21 00:00:00+07:00,30931.041015625,31728.037109375,28805.716796875,28805.716796875,27394.82421875,92993168,0.0,0.0
2025-10-22 00:00:00+07:00,28805.716796875,29982.234375,28046.673828125,29299.095703125,27864.0390625,106959422,0.0,0.0
2025-10-23 00:00:00+07:00,29450.904296875,29450.904296875,28236.43359375,29185.23828125,27755.7578125,43206853,0.0,0.0
2025-10-24 00:00:00+07:00,29223.19140625,29337.046875,28464.146484375,28464.146484375,27069.984375,31987213,0.0,0.0
2025-10-27 00:00:00+07:00,27629.19921875,27743.0546875,26224.966796875,26414.728515625,25120.9453125,93720004,0.0,0.0
2025-10-28 00:00:00+07:00,27629.19921875,27743.0546875,26224.966796875,26414.728515625,25120.9453125,93720004,0.0,0.0
2025-10-29 00:00:00+07:00,26338.82421875,27325.58203125,26338.82421875,27211.724609375,25878.90625,45404618,0.0,0.0
2025-10-30 00:00:00+07:00,27287.62890625,27477.390625,27021.962890625,27021.962890625,25698.439453125,30165579,0.0,0.0
2025-10-31 00:00:00+07:00,27059.916015625,27211.724609375,26414.728515625,26452.681640625,25157.041015625,36937651,0.0,0.0
2025-11-03 00:00:00+07:00,26035.20703125,26224.966796875,24668.927734375,24668.927734375,23460.654296875,65892233,0.0,0.0
2025-11-04 00:00:00+07:00,24593.0234375,26376.77734375,24365.310546875,26376.77734375,25084.853515625,76198093,0.0,0.0
2025-11-05 00:00:00+07:00,24593.0234375,26376.77734375,24365.310546875,26376.77734375,25084.853515625,76198093,0.0,0.0
2025-11-06 00:00:00+07:00,26566.537109375,26604.490234375,25845.4453125,26035.20703125,24760.013671875,30535650,0.0,0.0
2025-11-07 00:00:00+07:00,25921.349609375,25959.302734375,24934.59375,25010.498046875,23785.494140625,48322894,0.0,0.0
2025-11-10 00:00:00+07:00,25010.498046875,26452.681640625,24858.689453125,25503.875,24254.705078125,43516849,0.0,0.0
2025-11-11 00:00:00+07:00,25883.3984375,26528.5859375,25579.78125,26452.681640625,25157.041015625,39792031,0.0,0.0
2025-11-12 00:00:00+07:00,26642.44140625,27211.724609375,26414.728515625,26946.05859375,25626.251953125,46065186,0.0,0.0
2025-11-13 00:00:00+07:00,26984.01171875,26984.01171875,26414.728515625,26528.5859375,25229.2265625,28078743,0.0,0.0
2025-11-14 00:00:00+07:00,26414.728515625,26832.203125,26262.919921875,26528.5859375,25229.2265625,25861480,0.0,0.0
2025-11-17 00:00:00+07:00,26566.537109375,26908.107421875,26452.681640625,26870.154296875,25554.064453125,21017887,0.0,0.0
2025-11-18 00:00:00+07:00,26908.107421875,27287.62890625,26718.345703125,26984.01171875,25662.345703125,33741788,0.0,0.0
2025-11-19 00:00:00+07:00,26870.154296875,26908.107421875,26073.158203125,26300.873046875,25012.66796875,30655142,0.0,0.0
2025-11-20 00:00:00+07:00,26300.873046875,26528.5859375,25921.349609375,26414.728515625,25120.9453125,27750304,0.0,0.0
2025-11-21 00:00:00+07:00,26035.20703125,26224.966796875,25845.4453125,26035.20703125,24760.013671875,24301096,0.0,0.0
2025-11-24 00:00:00+07:00,26262.919921875,26490.6328125,26035.20703125,26111.111328125,24832.19921875,15589348,0.0,0.0
2025-11-25 00:00:00+07:00,25921.349609375,26035.20703125,24744.83203125,24934.59375,23713.30859375,69859593,0.0,0.0
2025-11-26 00:00:00+07:00,25048.44921875,25845.4453125,25010.498046875,25807.494140625,24543.453125,47478279,0.0,0.0
2025-11-27 00:00:00+07:00,25693.63671875,25921.349609375,25162.306640625,25200.2578125,23965.958984375,26485950,0.0,0.0
2025-11-28 00:00:00+07:00,25162.306640625,25390.01953125,24706.87890625,24896.640625,23677.212890625,33560113,0.0,0.0
2025-12-01 00:00:00+07:00,25048.44921875,25162.306640625,24289.40625,24289.40625,23099.720703125,37410878,0.0,0.0
2025-12-02 00:00:00+07:00,24061.693359375,24630.974609375,24061.693359375,24517.119140625,23316.28125,41288387,0.0,0.0
2025-12-03 00:00:00+07:00,24593.0234375,24706.87890625,24403.26171875,24555.0703125,23352.373046875,29046803,0.0,0.0
2025-12-04 00:00:00+07:00,24706.87890625,25162.306640625,24668.927734375,24896.640625,23677.212890625,42180826,0.0,0.0
2025-12-05 00:00:00+07:00,25010.498046875,25048.44921875,24441.21484375,24479.166015625,23280.1875,62042390,0.0,0.0
2025-12-08 00:00:00+07:00,25000.0,25375.0,24500.0,24500.0,23300.0,38325960,0.0,0.0
2025-12-09 00:00:00+07:00,24458.333984375,24500.0,23666.666015625,23958.333984375,22784.865234375,36991920,0.0,0.0
2025-12-10 00:00:00+07:00,24166.666015625,24416.666015625,24083.333984375,24375.0,23181.123046875,14562720,0.0,0.0
2025-12-11 00:00:00+07:00,24458.333984375,24750.0,24125.0,24208.333984375,23022.619140625,14025840,0.0,0.0
2025-12-12 00:00:00+07:00,24416.666015625,24500.0,23333.333984375,23416.666015625,22269.728515625,25870560,0.0,0.0
2025-12-15 00:00:00+07:00,23375.0,24041.666015625,23375.0,23666.666015625,22507.482421875,22400760,0.0,0.0
2025-12-16 00:00:00+07:00,23833.333984375,25291.666015625,23333.333984375,25208.333984375,23973.640625,38525400,0.0,0.0
2025-12-17 00:00:00+07:00,25000.0,25083.333984375,24666.666015625,24708.333984375,23498.130859375,16403640,0.0,0.0
2025-12-18 00:00:00+07:00,25000.0,25083.333984375,24666.666015625,24708.333984375,23498.130859375,16403640,0.0,0.0
2025-12-19 00:00:00+07:00,25000.0,25791.666015625,24875.0,25666.666015625,24409.5234375,51153840,0.0,0.0
2025-12-22 00:00:00+07:00,25750.0,26250.0,25458.333984375,26208.333984375,24924.66015625,35586000,0.0,0.0
2025-12-23 00:00:00+07:00,26208.333984375,26333.333984375,25541.666015625,25666.666015625,24409.5234375,31409880,0.0,0.0
2025-12-24 00:00:00+07:00,25583.333984375,26125.0,25333.333984375,26125.0,24845.408203125,26492280,0.0,0.0
2025-12-25 00:00:00+07:00,25583.333984375,26125.0,25333.333984375,26125.0,24845.408203125,26492280,0.0,0.0
2025-12-26 00:00:00+07:00,25208.333984375,26041.666015625,24791.666015625,25625.0,24369.8984375,37446240,0.0,0.0
2025-12-29 00:00:00+07:00,25666.666015625,25791.666015625,25333.333984375,25416.666015625,24171.767578125,14399400,0.0,0.0
2025-12-30 00:00:00+07:00,25416.666015625,25666.666015625,25250.0,25500.0,24251.021484375,13398960,0.0,0.0
2025-12-31 00:00:00+07:00,25541.666015625,25750.0,25166.666015625,25208.333984375,23973.640625,16335360,0.0,0.0
2026-01-01 00:00:00+07:00,25208.333984375,25208.333984375,25208.333984375,25208.333984375,23973.640625,0,0.0,0.0
2026-01-02 00:00:00+07:00,25208.333984375,25208.333984375,25208.333984375,25208.333984375,23973.640625,0,0.0,0.0
2026-01-05 00:00:00+07:00,25333.333984375,25333.333984375,24000.0,24291.666015625,23101.87109375,37418040,0.0,0.0
2026-01-06 00:00:00+07:00,24291.666015625,24833.333984375,23875.0,24708.333984375,23498.130859375,28847640,0.0,0.0
2026-01-07 00:00:00+07:00,25000.0,25416.666015625,24791.666015625,25083.333984375,23854.763671875,29566200,0.0,0.0
2026-01-08 00:00:00+07:00,25166.666015625,26083.333984375,25166.666015625,25458.333984375,24211.39453125,51844920,0.0,0.0
2026-01-09 00:00:00+07:00,25791.666015625,25875.0,25250.0,25291.666015625,24052.890625,34818480,0.0,0.0
2026-01-12 00:00:00+07:00,25375.0,27041.666015625,25375.0,27041.666015625,25717.17578125,67099920,0.0,0.0
2026-01-13 00:00:00+07:00,27958.333984375,28250.0,27208.333984375,27291.666015625,25954.931640625,60182880,0.0,0.0
2026-01-14 00:00:00+07:00,27333.333984375,27958.333984375,26833.333984375,27791.666015625,26430.44140625,70320120,0.0,0.0
2026-01-15 00:00:00+07:00,27750.0,28166.666015625,26958.333984375,27208.333984375,25875.681640625,50578320,0.0,0.0
2026-01-16 00:00:00+07:00,27416.666015625,27875.0,26666.666015625,27208.333984375,25875.681640625,49002840,0.0,0.0
2026-01-19 00:00:00+07:00,27166.666015625,27666.666015625,27041.666015625,27208.333984375,25875.681640625,28026000,0.0,0.0
2026-01-20 00:00:00+07:00,27500.0,27750.0,26875.0,27166.666015625,25836.0546875,33082680,0.0,0.0
2026-01-21 00:00:00+07:00,26875.0,27083.333984375,26166.666015625,26416.666015625,25122.7890625,54677400,0.0,0.0
2026-01-22 00:00:00+07:00,26708.333984375,27125.0,26416.666015625,26583.333984375,25281.29296875,27957120,0.0,0.0
2026-01-23 00:00:00+07:00,26833.333984375,27250.0,26500.0,26583.333984375,25281.29296875,31286760,0.0,0.0
2026-01-26 00:00:00+07:00,26458.333984375,27000.0,25666.666015625,25833.333984375,24568.02734375,31183800,0.0,0.0
2026-01-27 00:00:00+07:00,25833.333984375,26166.666015625,25708.333984375,25708.333984375,24449.150390625,21577680,0.0,0.0
2026-01-28 00:00:00+07:00,25833.333984375,26166.666015625,25416.666015625,25791.666015625,24528.400390625,29974320,0.0,0.0
2026-01-29 00:00:00+07:00,25875.0,26250.0,25791.666015625,25958.333984375,24686.90625,13296840,0.0,0.0
2026-01-30 00:00:00+07:00,26000.0,26333.333984375,25916.666015625,25958.333984375,24686.90625,22775760,0.0,0.0
2026-02-02 00:00:00+07:00,25958.333984375,25958.333984375,25500.0,25666.666015625,24409.5234375,24402840,0.0,0.0
2026-02-03 00:00:00+07:00,25833.333984375,26250.0,25750.0,25750.0,24488.775390625,33156960,0.0,0.0
2026-02-04 00:00:00+07:00,26166.666015625,27083.333984375,26125.0,26291.666015625,25003.912109375,38859360,0.0,0.0
2026-02-05 00:00:00+07:00,26416.666015625,26583.333984375,25833.333984375,25833.333984375,24568.02734375,18237240,0.0,0.0
2026-02-06 00:00:00+07:00,25583.333984375,25833.333984375,24916.666015625,24916.666015625,23696.2578125,44827440,0.0,0.0
2026-02-09 00:00:00+07:00,25208.333984375,25291.666015625,24666.666015625,24666.666015625,23458.50390625,17580240,0.0,0.0
2026-02-10 00:00:00+07:00,24666.666015625,25000.0,24583.333984375,24958.333984375,23735.884765625,22953120,0.0,0.0
2026-02-11 00:00:00+07:00,25125.0,26000.0,25083.333984375,26000.0,24726.53125,27285720,0.0,0.0
2026-02-12 00:00:00+07:00,26041.666015625,26250.0,25875.0,26041.666015625,24766.15625,14117160,0.0,0.0
2026-02-13 00:00:00+07:00,25916.666015625,26291.666015625,25750.0,26166.666015625,24885.033203125,23440200,0.0,0.0
2026-02-16 00:00:00+07:00,26166.666015625,26166.666015625,26166.666015625,26166.666015625,24885.033203125,0,0.0,0.0
2026-02-17 00:00:00+07:00,26166.666015625,26166.666015625,26166.666015625,26166.666015625,24885.033203125,0,0.0,0.0
2026-02-18 00:00:00+07:00,26166.666015625,26166.666015625,26166.666015625,26166.666015625,24885.033203125,0,0.0,0.0
2026-02-19 00:00:00+07:00,26166.666015625,26166.666015625,26166.666015625,26166.666015625,24885.033203125,0,0.0,0.0
2026-02-20 00:00:00+07:00,26166.666015625,26166.666015625,26166.666015625,26166.666015625,24885.033203125,0,0.0,0.0
2026-02-23 00:00:00+07:00,26333.333984375,26541.666015625,26083.333984375,26333.333984375,25043.5390625,20003160,0.0,0.0
2026-02-24 00:00:00+07:00,26250.0,27333.333984375,26041.666015625,26750.0,25439.796875,55773720,0.0,0.0
2026-02-25 00:00:00+07:00,26666.666015625,27250.0,26500.0,26791.666015625,25479.421875,51197640,0.0,0.0
2026-02-26 00:00:00+07:00,26916.666015625,27250.0,26666.666015625,27000.0,25677.55078125,36515520,0.0,0.0
2026-02-27 00:00:00+07:00,27083.333984375,27458.333984375,26750.0,27000.0,25677.55078125,44756280,0.0,0.0
2026-03-02 00:00:00+07:00,26250.0,27333.333984375,26083.333984375,26541.666015625,25241.666015625,87066480,0.0,0.0
2026-03-03 00:00:00+07:00,26250.0,27333.333984375,26083.333984375,26541.666015625,25241.666015625,87066480,0.0,0.0
2026-03-04 00:00:00+07:00,27125.0,28083.333984375,26250.0,28083.333984375,26707.82421875,111013560,0.0,0.0
2026-03-05 00:00:00+07:00,28583.333984375,29166.666015625,27916.666015625,27916.666015625,26549.3203125,100785480,0.0,0.0
2026-03-06 00:00:00+07:00,27583.333984375,27666.666015625,26250.0,26250.0,24964.28515625,84724440,0.0,0.0
2026-03-09 00:00:00+07:00,24416.666015625,24541.666015625,24416.666015625,24416.666015625,23220.748046875,40236000,0.0,0.0
2026-03-10 00:00:00+07:00,25000.0,25416.666015625,24166.666015625,24708.333984375,23498.130859375,97249320,0.0,0.0
2026-03-11 00:00:00+07:00,24833.333984375,25666.666015625,24500.0,25208.333984375,23973.640625,46878360,0.0,0.0
2026-03-12 00:00:00+07:00,24750.0,25083.333984375,24083.333984375,24291.666015625,23101.87109375,52934640,0.0,0.0
2026-03-13 00:00:00+07:00,23958.333984375,24333.333984375,23500.0,23666.666015625,22507.482421875,65928720,0.0,0.0
2026-03-16 00:00:00+07:00,23708.333984375,24375.0,23583.333984375,23666.666015625,22507.482421875,31248840,0.0,0.0
2026-03-17 00:00:00+07:00,24000.0,24541.666015625,23875.0,23875.0,22705.61328125,35120880,0.0,0.0
2026-03-18 00:00:00+07:00,24000.0,24083.333984375,23083.333984375,23333.333984375,22190.4765625,50988720,0.0,0.0
2026-03-19 00:00:00+07:00,22833.333984375,23000.0,22166.666015625,22500.0,21397.958984375,72428040,0.0,0.0
2026-03-20 00:00:00+07:00,22333.333984375,22750.0,22208.333984375,22458.333984375,21358.333984375,41743800,0.0,0.0
2026-03-23 00:00:00+07:00,21750.0,21958.333984375,21000.0,21166.666015625,20129.931640625,61128840,0.0,0.0
2026-03-24 00:00:00+07:00,21875.0,22083.333984375,21541.666015625,21583.333984375,20526.19140625,33783120,0.0,0.0
2026-03-25 00:00:00+07:00,22000.0,22708.333984375,21916.666015625,22375.0,21279.08203125,36481200,0.0,0.0
2026-03-26 00:00:00+07:00,22375.0,22375.0,21958.333984375,21958.333984375,20882.82421875,28083120,0.0,0.0
2026-03-27 00:00:00+07:00,21958.333984375,22666.666015625,21958.333984375,22541.666015625,21437.583984375,27966360,0.0,0.0
2026-03-30 00:00:00+07:00,21958.333984375,22416.666015625,21666.666015625,22125.0,21041.326171875,31130520,0.0,0.0
2026-03-31 00:00:00+07:00,22250.0,22750.0,22125.0,22458.333984375,21358.333984375,41340960,0.0,0.0
2026-04-01 00:00:00+07:00,23083.333984375,23750.0,23000.0,23250.0,22111.224609375,48358560,0.0,0.0
2026-04-02 00:00:00+07:00,23041.666015625,23291.666015625,22791.666015625,22958.333984375,21833.84375,30198960,0.0,0.0
2026-04-03 00:00:00+07:00,23083.333984375,23166.666015625,22500.0,22500.0,21397.958984375,32561040,0.0,0.0
2026-04-06 00:00:00+07:00,22416.666015625,22916.666015625,22375.0,22458.333984375,21358.333984375,21084720,0.0,0.0
2026-04-07 00:00:00+07:00,22625.0,22916.666015625,22291.666015625,22916.666015625,21794.216796875,21763440,0.0,0.0
2026-04-08 00:00:00+07:00,23916.666015625,24500.0,23750.0,24500.0,23300.0,78933960,0.0,0.0
2026-04-09 00:00:00+07:00,24125.0,24375.0,23958.333984375,23958.333984375,22784.865234375,34583880,0.0,0.0
2026-04-10 00:00:00+07:00,24250.0,24291.666015625,23833.333984375,23833.333984375,22665.986328125,28263720,0.0,0.0
2026-04-13 00:00:00+07:00,23500.0,23958.333984375,23416.666015625,23666.666015625,22507.482421875,26186280,0.0,0.0
2026-04-14 00:00:00+07:00,24000.0,24250.0,23708.333984375,23916.666015625,22745.23828125,23835000,0.0,0.0
2026-04-15 00:00:00+07:00,24166.666015625,24291.666015625,23916.666015625,23916.666015625,22745.23828125,29334240,0.0,0.0
2026-04-16 00:00:00+07:00,23916.666015625,24250.0,23791.666015625,24041.666015625,22864.115234375,31548000,0.0,0.0
2026-04-17 00:00:00+07:00,24041.666015625,24291.666015625,23791.666015625,23791.666015625,22626.359375,22309560,0.0,0.0
2026-04-20 00:00:00+07:00,23833.333984375,24333.333984375,23833.333984375,24125.0,22943.3671875,28360440,0.0,0.0
2026-04-21 00:00:00+07:00,24166.666015625,24250.0,23583.333984375,23583.333984375,22428.232421875,25974720,0.0,0.0
2026-04-22 00:00:00+07:00,23666.666015625,23708.333984375,23416.666015625,23458.333984375,22309.35546875,17701320,0.0,0.0
2026-04-23 00:00:00+07:00,23500.0,23750.0,22958.333984375,23291.666015625,22150.849609375,26494440,0.0,0.0
2026-04-24 00:00:00+07:00,23250.0,23333.333984375,22958.333984375,23083.333984375,21952.72265625,13040400,0.0,0.0
2026-04-27 00:00:00+07:00,23083.333984375,23083.333984375,23083.333984375,23083.333984375,21952.72265625,0,0.0,0.0
2026-04-28 00:00:00+07:00,23166.666015625,23375.0,23041.666015625,23041.666015625,21913.095703125,12897960,0.0,0.0
2026-04-29 00:00:00+07:00,23083.333984375,23250.0,23041.666015625,23041.666015625,21913.095703125,14689320,0.0,0.0
2026-04-30 00:00:00+07:00,23041.666015625,23041.666015625,23041.666015625,23041.666015625,21913.095703125,0,0.0,0.0
2026-05-01 00:00:00+07:00,23041.666015625,23041.666015625,23041.666015625,23041.666015625,21913.095703125,0,0.0,0.0
2026-05-04 00:00:00+07:00,23208.333984375,23458.333984375,23083.333984375,23083.333984375,21952.72265625,15283320,0.0,0.0
2026-05-05 00:00:00+07:00,23000.0,23125.0,22750.0,22750.0,21635.71484375,17140560,0.0,0.0
2026-05-06 00:00:00+07:00,22958.333984375,23916.666015625,22875.0,23750.0,22586.734375,33273720,0.0,0.0
2026-05-07 00:00:00+07:00,23958.333984375,24000.0,23583.333984375,23625.0,22467.857421875,22914480,0.0,0.0
2026-05-08 00:00:00+07:00,23625.0,23833.333984375,23500.0,23583.333984375,22428.232421875,17962560,0.0,0.0
2026-05-11 00:00:00+07:00,23708.333984375,24000.0,23541.666015625,23583.333984375,22428.232421875,27741480,0.0,0.0
2026-05-12 00:00:00+07:00,23583.333984375,23666.666015625,23375.0,23375.0,22230.1015625,14878320,0.0,0.0
2026-05-13 00:00:00+07:00,23541.666015625,23625.0,23041.666015625,23166.666015625,22031.97265625,22955160,0.0,0.0
2026-05-14 00:00:00+07:00,23166.666015625,23458.333984375,23166.666015625,23416.666015625,22269.728515625,13902240,0.0,0.0
2026-05-15 00:00:00+07:00,23500.0,23625.0,23208.333984375,23250.0,22111.224609375,15602280,0.0,0.0
2026-05-18 00:00:00+07:00,23166.666015625,23541.666015625,23041.666015625,23458.333984375,22309.35546875,17795760,0.0,0.0
2026-05-19 00:00:00+07:00,23583.333984375,23958.333984375,23041.666015625,23166.666015625,22031.97265625,46181760,0.0,0.0
2026-05-20 00:00:00+07:00,23166.666015625,23250.0,22083.333984375,22708.333984375,21596.08984375,29427480,0.0,0.0
2026-05-21 00:00:00+07:00,22833.333984375,22958.333984375,22541.666015625,22583.333984375,21477.2109375,19930080,0.0,0.0
2026-05-22 00:00:00+07:00,22625.0,23291.666015625,22333.333984375,22958.333984375,21833.84375,28256520,0.0,0.0
2026-05-25 00:00:00+07:00,23125.0,23208.333984375,22875.0,22875.0,21754.591796875,9610320,0.0,0.0
2026-05-26 00:00:00+07:00,22833.333984375,23416.666015625,22833.333984375,23333.333984375,22190.4765625,22918800,0.0,0.0
2026-05-27 00:00:00+07:00,23416.666015625,23500.0,23208.333984375,23250.0,22111.224609375,12120720,0.0,0.0
2026-05-28 00:00:00+07:00,23250.0,23500.0,22958.333984375,22958.333984375,21833.84375,18098160,0.0,0.0
2026-05-29 00:00:00+07:00,23000.0,23333.333984375,22875.0,22916.666015625,21794.216796875,14059440,0.0,0.0
2026-06-01 00:00:00+07:00,22916.666015625,23291.666015625,22791.666015625,22875.0,21754.591796875,14023920,0.0,0.0
2026-06-02 00:00:00+07:00,22875.0,23083.333984375,22458.333984375,22500.0,21397.958984375,20322960,0.0,0.0
2026-06-03 00:00:00+07:00,22500.0,22958.333984375,22416.666015625,22750.0,21635.71484375,17718000,0.0,0.0
2026-06-04 00:00:00+07:00,22791.666015625,22833.333984375,22500.0,22583.333984375,21477.2109375,12212640,0.0,0.0
2026-06-05 00:00:00+07:00,22625.0,22708.333984375,22416.666015625,22500.0,21397.958984375,11056560,0.0,0.0
2026-06-08 00:00:00+07:00,22333.333984375,22375.0,21958.333984375,21958.333984375,20882.82421875,22831560,0.0,0.0
2026-06-09 00:00:00+07:00,22000.0,22333.333984375,21875.0,22083.333984375,21001.701171875,13594800,0.0,0.0
2026-06-10 00:00:00+07:00,22083.333984375,22291.666015625,21958.333984375,22125.0,21041.326171875,10928160,0.0,0.0
2026-06-11 00:00:00+07:00,22000.0,22125.0,21916.666015625,21916.666015625,20843.197265625,8937600,0.0,0.0
2026-06-12 00:00:00+07:00,22250.0,22333.333984375,21791.666015625,21791.666015625,20724.3203125,17037120,0.0,0.0
2026-06-15 00:00:00+07:00,22250.0,22666.666015625,22166.666015625,22541.666015625,21437.583984375,28919400,0.0,0.0
2026-06-16 00:00:00+07:00,22666.666015625,23166.666015625,22541.666015625,23000.0,21873.46875,27825960,0.0,0.0
2026-06-17 00:00:00+07:00,23041.666015625,23250.0,22875.0,23083.333984375,21952.72265625,18164640,0.0,0.0
2026-06-18 00:00:00+07:00,23083.333984375,23333.333984375,22916.666015625,22916.666015625,21794.216796875,15301680,0.0,0.0
2026-06-19 00:00:00+07:00,22916.666015625,23041.666015625,22625.0,22625.0,21516.837890625,16352640,0.0,0.0
2026-06-22 00:00:00+07:00,22666.666015625,22875.0,22416.666015625,22666.666015625,21556.462890625,11600400,0.0,0.0
2026-06-23 00:00:00+07:00,22708.333984375,22875.0,22375.0,22375.0,21279.08203125,19779840,0.0,0.0
2026-06-24 00:00:00+07:00,22416.666015625,22458.333984375,22125.0,22250.0,21160.205078125,12291240,0.0,0.0
2026-06-25 00:00:00+07:00,22333.333984375,22375.0,22083.333984375,22083.333984375,21001.701171875,12314040,0.0,0.0
2026-06-26 00:00:00+07:00,22083.333984375,22166.666015625,21875.0,22000.0,20922.44921875,11266080,0.0,0.0
2026-06-29 00:00:00+07:00,22083.333984375,22291.666015625,22083.333984375,22166.666015625,21080.951171875,8759160,0.0,0.0
2026-06-30 00:00:00+07:00,22208.333984375,22625.0,22166.666015625,22291.666015625,21199.830078125,17668560,0.0,0.0
2026-07-01 00:00:00+07:00,22208.333984375,22625.0,22166.666015625,22291.666015625,21199.830078125,17668560,0.0,0.0
2026-07-02 00:00:00+07:00,22708.333984375,22916.666015625,22583.333984375,22583.333984375,21477.2109375,15704880,0.0,0.0
2026-07-03 00:00:00+07:00,22708.333984375,22916.666015625,22458.333984375,22791.666015625,21675.33984375,24123240,0.0,0.0
2026-07-06 00:00:00+07:00,22916.666015625,23083.333984375,21916.666015625,22291.666015625,21199.830078125,21858120,0.0,0.0
2026-07-07 00:00:00+07:00,22291.666015625,22625.0,22041.666015625,22625.0,21516.837890625,18308160,0.0,0.0
2026-07-08 00:00:00+07:00,22625.0,23166.666015625,22583.333984375,22666.666015625,21556.462890625,26279160,0.0,0.0
2026-07-09 00:00:00+07:00,22583.333984375,22708.333984375,22333.333984375,22458.333984375,21358.333984375,12708480,0.0,0.0
2026-07-10 00:00:00+07:00,22500.0,22541.666015625,22083.333984375,22125.0,21041.326171875,18254760,0.0,0.0
2026-07-13 00:00:00+07:00,22083.333984375,22083.333984375,20916.666015625,21375.0,20328.060546875,42150840,0.0,0.0
2026-07-14 00:00:00+07:00,21041.666015625,21541.666015625,20833.333984375,21291.666015625,20248.80859375,21554520,0.0,0.0
2026-07-15 00:00:00+07:00,21208.333984375,21458.333984375,20583.333984375,20583.333984375,19575.171875,23903520,0.0,0.0
2026-07-16 00:00:00+07:00,20416.666015625,20833.333984375,19750.0,20833.333984375,19812.92578125,41717640,0.0,0.0
2026-07-17 00:00:00+07:00,20833.333984375,20833.333984375,20208.333984375,20208.333984375,19218.5390625,13911240,0.0,0.0
2026-07-20 00:00:00+07:00,19916.666015625,20041.666015625,18916.666015625,18916.666015625,17990.134765625,43504560,0.0,0.0
2026-07-21 00:00:00+07:00,18833.333984375,19750.0,18833.333984375,19333.333984375,18386.39453125,27596040,0.0,0.0
2026-07-22 00:00:00+07:00,19375.0,19708.333984375,18666.666015625,18875.0,17950.509765625,41705280,0.0,0.0
2026-07-23 00:00:00+07:00,18791.666015625,20000.0,18500.0,19625.0,18663.775390625,35854920,0.0,0.0
2026-07-24 00:00:00+07:00,19291.666015625,19416.666015625,19000.0,19000.0,18069.388671875,21185160,0.0,0.0
2026-07-27 00:00:00+07:00,19208.333984375,19291.666015625,18333.333984375,18333.333984375,17435.375,19800480,0.0,0.0
2026-07-28 00:00:00+07:00,18166.666015625,19416.666015625,18083.333984375,19166.666015625,18227.890625,36493560,0.0,0.0
2026-07-29 00:00:00+07:00,19416.666015625,19625.0,19166.666015625,19375.0,18426.021484375,22568880,0.0,0.0
2026-07-30 00:00:00+07:00,19458.333984375,20250.0,19333.333984375,20000.0,19020.408203125,34818960,0.0,0.0
2026-07-31 00:00:00+07:00,20083.333984375,20083.333984375,19583.333984375,19625.0,18663.775390625,21412680,0.0,0.0
2026-08-03 00:00:00+07:00,19833.333984375,20666.666015625,19791.666015625,20458.333984375,19456.29296875,29213880,0.0,0.0
2026-08-04 00:00:00+07:00,20500.0,20583.333984375,20250.0,20458.333984375,19456.29296875,16956240,0.0,0.0
2026-08-05 00:00:00+07:00,20708.333984375,20708.333984375,20291.666015625,20333.333984375,19337.416015625,19787520,0.0,0.0
2026-08-06 00:00:00+07:00,20333.333984375,20541.666015625,20000.0,20250.0,19258.1640625,17679360,0.0,0.0
2026-08-07 00:00:00+07:00,20208.333984375,20541.666015625,20166.666015625,20375.0,19377.041015625,15942480,0.0,0.0
2026-08-10 00:00:00+07:00,20541.666015625,21041.666015625,20500.0,20916.666015625,19892.17578125,24421560,0.0,0.0
2026-08-11 00:00:00+07:00,20958.333984375,21166.666015625,20833.333984375,20958.333984375,19931.802734375,27202800,0.0,0.0
2026-08-12 00:00:00+07:00,20958.333984375,21125.0,20833.333984375,21083.333984375,20050.681640625,18874680,0.0,0.0
2026-08-13 00:00:00+07:00,21083.333984375,21250.0,20833.333984375,20833.333984375,19812.92578125,33644880,0.0,0.0
2026-08-14 00:00:00+07:00,20791.666015625,20791.666015625,20250.0,20416.666015625,19416.666015625,40819440,0.0,0.0
2026-08-17 00:00:00+07:00,19800.0,20100.0,19700.0,19800.0,19800.0,18212900,1000.0,1.2
2026-08-18 00:00:00+07:00,19800.0,19900.0,19300.0,19500.0,19500.0,15279600,0.0,0.0
2026-08-19 00:00:00+07:00,19500.0,19600.0,19200.0,19400.0,19400.0,11085700,0.0,0.0
2026-08-20 00:00:00+07:00,19600.0,19700.0,19400.0,19400.0,19400.0,11042500,0.0,0.0
2026-08-21 00:00:00+07:00,19700.0,20750.0,19650.0,20750.0,20750.0,38706800,0.0,0.0
2026-08-24 00:00:00+07:00,21400.0,21600.0,21100.0,21250.0,21250.0,32450300,0.0,0.0
2026-08-25 00:00:00+07:00,21250.0,21500.0,21100.0,21250.0,21250.0,30658300,0.0,0.0
2026-08-26 00:00:00+07:00,21100.0,21650.0,21100.0,21650.0,21650.0,27952800,0.0,0.0
2026-08-27 00:00:00+07:00,21750.0,21750.0,21350.0,21400.0,21400.0,15960200,0.0,0.0
2026-08-28 00:00:00+07:00,21300.0,21600.0,21300.0,21350.0,21350.0,20299000,0.0,0.0
2026-08-31 00:00:00+07:00,21350.0,21350.0,21350.0,21350.0,21350.0,0,0.0,0.0
