Date,Open,High,Low,Close,Adj Close,Volume,Dividends,Stock Splits
2020-01-01 00:00:00+07:00,10050.0,10050.0,10050.0,10050.0,10050.0,0,0.0,0.0
2020-01-02 00:00:00+07:00,10100.0,10300.0,10000.0,10200.0,10200.0,2914530,0.0,0.0
2020-01-03 00:00:00+07:00,10250.0,10300.0,10150.0,10200.0,10200.0,1975250,0.0,0.0
2020-01-06 00:00:00+07:00,10100.0,10150.0,10000.0,10050.0,10050.0,2302490,0.0,0.0
2020-01-07 00:00:00+07:00,10050.0,10150.0,10000.0,10150.0,10150.0,2154970,0.0,0.0
2020-01-08 00:00:00+07:00,10050.0,10100.0,9970.0,9980.0,9980.0,4490220,0.0,0.0
2020-01-09 00:00:00+07:00,10100.0,10200.0,10050.0,10150.0,10150.0,2443480,0.0,0.0
2020-01-10 00:00:00+07:00,10150.0,10500.0,10150.0,10500.0,10500.0,10754160,0.0,0.0
2020-01-13 00:00:00+07:00,10500.0,10550.0,10300.0,10400.0,10400.0,3390120,0.0,0.0
2020-01-14 00:00:00+07:00,10400.0,10450.0,10300.0,10300.0,10300.0,1811340,0.0,0.0
2020-01-15 00:00:00+07:00,10300.0,10350.0,10200.0,10250.0,10250.0,2479650,0.0,0.0
2020-01-16 00:00:00+07:00,10300.0,10550.0,10300.0,10400.0,10400.0,9556920,0.0,0.0
2020-01-17 00:00:00+07:00,10450.0,10700.0,10400.0,10600.0,10600.0,6094750,0.0,0.0
2020-01-20 00:00:00+07:00,10500.0,10750.0,10500.0,10700.0,10700.0,4135740,0.0,0.0
2020-01-21 00:00:00+07:00,10700.0,11050.0,10700.0,10900.0,10900.0,7604200,0.0,0.0
2020-01-22 00:00:00+07:00,10900.0,10950.0,10750.0,10900.0,10900.0,7030700,0.0,0.0
2020-01-23 00:00:00+07:00,10900.0,10900.0,10900.0,10900.0,10900.0,0,0.0,0.0
2020-01-24 00:00:00+07:00,10900.0,10900.0,10900.0,10900.0,10900.0,0,0.0,0.0
2020-01-27 00:00:00+07:00,10900.0,10900.0,10900.0,10900.0,10900.0,0,0.0,0.0
2020-01-28 00:00:00+07:00,10900.0,10900.0,10900.0,10900.0,10900.0,0,0.0,0.0
2020-01-29 00:00:00+07:00,10900.0,10900.0,10900.0,10900.0,10900.0,0,0.0,0.0
2020-01-30 00:00:00+07:00,10800.0,10800.0,10200.0,10350.0,10350.0,8264520,0.0,0.0
2020-01-31 00:00:00+07:00,10300.0,10500.0,10200.0,10200.0,10200.0,6261030,0.0,0.0
2020-02-03 00:00:00+07:00,10000.0,10400.0,9820.0,10250.0,10250.0,7105100,0.0,0.0
2020-02-04 00:00:00+07:00,10250.0,10400.0,10100.0,10200.0,10200.0,5433400,0.0,0.0
2020-02-05 00:00:00+07:00,10350.0,10450.0,10250.0,10250.0,10250.0,3967950,0.0,0.0
2020-02-06 00:00:00+07:00,10300.0,10950.0,10300.0,10950.0,10950.0,22697950,0.0,0.0
2020-02-07 00:00:00+07:00,11000.0,11450.0,10950.0,11150.0,11150.0,14963660,0.0,0.0
2020-02-10 00:00:00+07:00,10900.0,11100.0,10800.0,10950.0,10950.0,5335400,0.0,0.0
2020-02-11 00:00:00+07:00,10950.0,11450.0,10900.0,11350.0,11350.0,14652800,0.0,0.0
2020-02-12 00:00:00+07:00,11400.0,11800.0,11400.0,11550.0,11550.0,14679180,0.0,0.0
2020-02-13 00:00:00+07:00,11500.0,11600.0,11300.0,11500.0,11500.0,7807880,0.0,0.0
2020-02-14 00:00:00+07:00,11550.0,11900.0,11450.0,11600.0,11600.0,17826750,0.0,0.0
2020-02-17 00:00:00+07:00,11650.0,11850.0,11500.0,11650.0,11650.0,8914870,0.0,0.0
2020-02-18 00:00:00+07:00,11650.0,11750.0,11350.0,11550.0,11550.0,8502440,0.0,0.0
2020-02-19 00:00:00+07:00,11400.0,11550.0,11300.0,11400.0,11400.0,6823570,0.0,0.0
2020-02-20 00:00:00+07:00,11500.0,11550.0,11200.0,11300.0,11300.0,7140210,0.0,0.0
2020-02-21 00:00:00+07:00,11250.0,11500.0,11200.0,11300.0,11300.0,7650810,0.0,0.0
2020-02-24 00:00:00+07:00,11000.0,11100.0,10750.0,10850.0,10850.0,11765040,0.0,0.0
2020-02-25 00:00:00+07:00,10700.0,11150.0,10700.0,11150.0,11150.0,5669010,0.0,0.0
2020-02-26 00:00:00+07:00,11000.0,11400.0,10950.0,11200.0,11200.0,8381260,0.0,0.0
2020-02-27 00:00:00+07:00,11300.0,11700.0,11150.0,11650.0,11650.0,13069630,0.0,0.0
2020-02-28 00:00:00+07:00,11350.0,11750.0,11350.0,11600.0,11600.0,11942990,0.0,0.0
2020-03-02 00:00:00+07:00,11800.0,12400.0,11750.0,12350.0,12350.0,27550640,0.0,0.0
2020-03-03 00:00:00+07:00,12600.0,12700.0,12150.0,12250.0,12250.0,15552620,0.0,0.0
2020-03-05 00:00:00+07:00,12650.0,12700.0,12200.0,12200.0,12200.0,17517480,0.0,0.0
2020-03-06 00:00:00+07:00,12100.0,12400.0,12100.0,12250.0,12250.0,12062750,0.0,0.0
2020-03-09 00:00:00+07:00,11500.0,11700.0,11400.0,11400.0,11400.0,17015340,0.0,0.0
2020-03-10 00:00:00+07:00,11000.0,11500.0,10850.0,11400.0,11400.0,15319250,0.0,0.0
2020-03-11 00:00:00+07:00,11450.0,11500.0,10650.0,10650.0,10650.0,18789590,0.0,0.0
2020-03-12 00:00:00+07:00,10000.0,10250.0,9930.0,9950.0,9950.0,21362410,0.0,0.0
2020-03-13 00:00:00+07:00,9300.0,10550.0,9280.0,10400.0,10400.0,16337900,0.0,0.0
2020-03-16 00:00:00+07:00,10400.0,10500.0,9800.0,9990.0,9990.0,9159620,0.0,0.0
2020-03-17 00:00:00+07:00,9900.0,10200.0,9560.0,10200.0,10200.0,8611390,0.0,0.0
2020-03-18 00:00:00+07:00,10400.0,10400.0,10000.0,10000.0,10000.0,8306390,0.0,0.0
2020-03-19 00:00:00+07:00,9900.0,9960.0,9600.0,9750.0,9750.0,7516500,0.0,0.0
2020-03-20 00:00:00+07:00,9810.0,9920.0,9740.0,9800.0,9800.0,4889230,0.0,0.0
2020-03-23 00:00:00+07:00,9300.0,9500.0,9120.0,9120.0,9120.0,10633200,0.0,0.0
2020-03-24 00:00:00+07:00,9120.0,9170.0,8800.0,8800.0,8800.0,7815200,0.0,0.0
2020-03-25 00:00:00+07:00,9150.0,9260.0,8900.0,9110.0,9110.0,9894240,0.0,0.0
2020-03-26 00:00:00+07:00,9110.0,9110.0,8700.0,8700.0,8700.0,7221630,0.0,0.0
2020-03-27 00:00:00+07:00,8750.0,8750.0,8210.0,8210.0,8210.0,11651840,0.0,0.0
2020-03-30 00:00:00+07:00,7700.0,7990.0,7640.0,7640.0,7640.0,16130350,0.0,0.0
2020-03-31 00:00:00+07:00,7860.0,7860.0,7120.0,7300.0,7300.0,12191270,0.0,0.0
2020-04-01 00:00:00+07:00,7200.0,7810.0,7200.0,7810.0,7810.0,8807420,0.0,0.0
2020-04-02 00:00:00+07:00,7810.0,7810.0,7810.0,7810.0,7810.0,0,0.0,0.0
2020-04-03 00:00:00+07:00,7990.0,8350.0,7900.0,8350.0,8350.0,10672810,0.0,0.0
2020-04-06 00:00:00+07:00,8900.0,8930.0,8610.0,8930.0,8930.0,12901110,0.0,0.0
2020-04-07 00:00:00+07:00,9400.0,9400.0,9010.0,9180.0,9180.0,17284520,0.0,0.0
2020-04-08 00:00:00+07:00,9000.0,9290.0,8800.0,9280.0,9280.0,8761230,0.0,0.0
2020-04-09 00:00:00+07:00,9400.0,9490.0,9180.0,9190.0,9190.0,9821780,0.0,0.0
2020-04-10 00:00:00+07:00,9150.0,9230.0,8950.0,9010.0,9010.0,10709980,0.0,0.0
2020-04-13 00:00:00+07:00,9010.0,9240.0,9010.0,9040.0,9040.0,7684370,0.0,0.0
2020-04-14 00:00:00+07:00,9100.0,9160.0,8940.0,9160.0,9160.0,8530630,0.0,0.0
2020-04-15 00:00:00+07:00,9200.0,9800.0,9180.0,9700.0,9700.0,14857170,0.0,0.0
2020-04-16 00:00:00+07:00,9500.0,9950.0,9500.0,9720.0,9720.0,7634020,0.0,0.0
2020-04-17 00:00:00+07:00,9900.0,9940.0,9720.0,9730.0,9730.0,8375490,0.0,0.0
2020-04-20 00:00:00+07:00,9700.0,9850.0,9540.0,9550.0,9550.0,11284390,0.0,0.0
2020-04-21 00:00:00+07:00,9350.0,9450.0,8970.0,8990.0,8990.0,16193310,0.0,0.0
2020-04-22 00:00:00+07:00,8730.0,9290.0,8730.0,9170.0,9170.0,8168410,0.0,0.0
2020-04-23 00:00:00+07:00,9350.0,9380.0,9150.0,9150.0,9150.0,5414960,0.0,0.0
2020-04-24 00:00:00+07:00,9150.0,9200.0,9040.0,9100.0,9100.0,4794810,0.0,0.0
2020-04-27 00:00:00+07:00,9180.0,9230.0,8990.0,8990.0,8990.0,8059440,0.0,0.0
2020-04-28 00:00:00+07:00,9080.0,9120.0,8940.0,8980.0,8980.0,7077710,0.0,0.0
2020-04-29 00:00:00+07:00,8980.0,8980.0,8980.0,8980.0,8980.0,0,0.0,0.0
2020-04-30 00:00:00+07:00,8980.0,8980.0,8980.0,8980.0,8980.0,0,0.0,0.0
2020-05-01 00:00:00+07:00,8980.0,8980.0,8980.0,8980.0,8980.0,0,0.0,0.0
2020-05-04 00:00:00+07:00,9100.0,9100.0,8980.0,8980.0,8980.0,4402500,0.0,0.0
2020-05-05 00:00:00+07:00,8980.0,9090.0,8930.0,8970.0,8970.0,4803310,0.0,0.0
2020-05-06 00:00:00+07:00,9000.0,9140.0,8930.0,9140.0,9140.0,8419490,0.0,0.0
2020-05-07 00:00:00+07:00,9180.0,9380.0,9170.0,9340.0,9340.0,12175430,0.0,0.0
2020-05-08 00:00:00+07:00,9400.0,9770.0,9400.0,9520.0,9520.0,15592700,0.0,0.0
2020-05-11 00:00:00+07:00,9670.0,9750.0,9540.0,9690.0,9690.0,10595020,0.0,0.0
2020-05-12 00:00:00+07:00,9690.0,9750.0,9460.0,9700.0,9700.0,11311610,0.0,0.0
2020-05-13 00:00:00+07:00,9700.0,10150.0,9550.0,9960.0,9960.0,19002960,0.0,0.0
2020-05-14 00:00:00+07:00,9880.0,10300.0,9790.0,10050.0,10050.0,12577730,0.0,0.0
2020-05-15 00:00:00+07:00,10050.0,10050.0,10050.0,10050.0,10050.0,0,0.0,0.0
2020-05-18 00:00:00+07:00,10050.0,10050.0,10050.0,10050.0,10050.0,0,0.0,0.0
2020-05-19 00:00:00+07:00,9920.0,10150.0,9860.0,10150.0,10150.0,15436660,0.0,0.0
2020-05-20 00:00:00+07:00,10150.0,10150.0,10150.0,10150.0,10150.0,0,0.0,0.0
2020-05-21 00:00:00+07:00,10500.0,10550.0,10250.0,10500.0,10500.0,10196270,0.0,0.0
2020-05-22 00:00:00+07:00,10300.0,10600.0,10200.0,10200.0,10200.0,14870140,0.0,0.0
2020-05-25 00:00:00+07:00,10250.0,10400.0,10100.0,10250.0,10250.0,9448390,0.0,0.0
2020-05-26 00:00:00+07:00,10300.0,10450.0,10300.0,10450.0,10450.0,9396730,0.0,0.0
2020-05-27 00:00:00+07:00,10450.0,10550.0,10000.0,10100.0,10100.0,15368550,0.0,0.0
2020-05-28 00:00:00+07:00,10100.0,10600.0,10050.0,10300.0,10300.0,16769210,0.0,0.0
2020-05-29 00:00:00+07:00,10200.0,10450.0,10200.0,10300.0,10300.0,6856490,0.0,0.0
2020-06-01 00:00:00+07:00,10400.0,10750.0,10350.0,10750.0,10750.0,18020090,0.0,0.0
2020-06-02 00:00:00+07:00,10850.0,10900.0,10500.0,10500.0,10500.0,13896530,0.0,0.0
2020-06-03 00:00:00+07:00,10600.0,10700.0,10500.0,10650.0,10650.0,8714660,0.0,0.0
2020-06-04 00:00:00+07:00,10750.0,10900.0,10600.0,10600.0,10600.0,13972710,0.0,0.0
2020-06-05 00:00:00+07:00,10600.0,10600.0,10600.0,10600.0,10600.0,0,0.0,0.0
2020-06-08 00:00:00+07:00,10600.0,10600.0,10600.0,10600.0,10600.0,0,0.0,0.0
2020-06-09 00:00:00+07:00,10600.0,10600.0,10600.0,10600.0,10600.0,0,0.0,0.0
2020-06-10 00:00:00+07:00,10750.0,11500.0,10600.0,11500.0,11500.0,30775990,0.0,0.0
2020-06-11 00:00:00+07:00,12150.0,12300.0,11050.0,11050.0,11050.0,38094150,0.0,0.0
2020-06-12 00:00:00+07:00,11200.0,11800.0,11000.0,11800.0,11800.0,31670570,0.0,0.0
2020-06-15 00:00:00+07:00,12100.0,12600.0,11750.0,12050.0,12050.0,31268310,0.0,0.0
2020-06-16 00:00:00+07:00,12500.0,12500.0,11900.0,11900.0,11900.0,18761140,0.0,0.0
2020-06-17 00:00:00+07:00,11850.0,11950.0,11550.0,11600.0,11600.0,15663170,0.0,0.0
2020-06-18 00:00:00+07:00,11400.0,11750.0,11350.0,11400.0,11400.0,13243590,0.0,0.0
2020-06-19 00:00:00+07:00,11550.0,11950.0,11400.0,11900.0,11900.0,15350170,0.0,0.0
2020-06-22 00:00:00+07:00,12000.0,12000.0,11650.0,11700.0,11700.0,10790120,0.0,0.0
2020-06-23 00:00:00+07:00,11650.0,11800.0,11400.0,11550.0,11550.0,12607230,0.0,0.0
2020-06-24 00:00:00+07:00,11600.0,11650.0,11200.0,11200.0,11200.0,11843150,0.0,0.0
2020-06-25 00:00:00+07:00,11150.0,11500.0,10950.0,11450.0,11450.0,10662480,0.0,0.0
2020-06-26 00:00:00+07:00,11600.0,11650.0,11200.0,11300.0,11300.0,6481490,0.0,0.0
2020-06-29 00:00:00+07:00,11300.0,11300.0,10900.0,10950.0,10950.0,13159470,0.0,0.0
2020-06-30 00:00:00+07:00,11100.0,11200.0,10600.0,10750.0,10750.0,10862380,0.0,0.0
2020-07-01 00:00:00+07:00,10800.0,11350.0,10750.0,11200.0,11200.0,9138780,0.0,0.0
2020-07-02 00:00:00+07:00,11200.0,11300.0,11000.0,11050.0,11050.0,4903810,0.0,0.0
2020-07-03 00:00:00+07:00,11150.0,11200.0,11000.0,11000.0,11000.0,3885370,0.0,0.0
2020-07-06 00:00:00+07:00,11050.0,11600.0,11050.0,11550.0,11550.0,16285280,0.0,0.0
2020-07-07 00:00:00+07:00,11600.0,11700.0,11400.0,11450.0,11450.0,8914970,0.0,0.0
2020-07-08 00:00:00+07:00,11400.0,11700.0,11350.0,11500.0,11500.0,9193690,0.0,0.0
2020-07-09 00:00:00+07:00,11700.0,11850.0,11500.0,11800.0,11800.0,14045940,0.0,0.0
2020-07-10 00:00:00+07:00,11800.0,11800.0,11800.0,11800.0,11800.0,0,0.0,0.0
2020-07-13 00:00:00+07:00,11650.0,11700.0,11450.0,11450.0,11450.0,6095670,0.0,0.0
2020-07-14 00:00:00+07:00,11400.0,11650.0,11350.0,11550.0,11550.0,6750550,0.0,0.0
2020-07-15 00:00:00+07:00,11550.0,11550.0,11550.0,11550.0,11550.0,0,0.0,0.0
2020-07-16 00:00:00+07:00,11550.0,11600.0,11450.0,11600.0,11600.0,5104280,0.0,0.0
2020-07-17 00:00:00+07:00,11600.0,11750.0,11500.0,11600.0,11600.0,9198320,0.0,0.0
2020-07-20 00:00:00+07:00,11650.0,11700.0,11450.0,11450.0,11450.0,8089560,0.0,0.0
2020-07-21 00:00:00+07:00,11450.0,11600.0,11400.0,11500.0,11500.0,7047320,0.0,0.0
2020-07-22 00:00:00+07:00,11550.0,11600.0,11250.0,11300.0,11300.0,8504960,0.0,0.0
2020-07-23 00:00:00+07:00,11350.0,11400.0,11100.0,11250.0,11250.0,8264440,0.0,0.0
2020-07-24 00:00:00+07:00,11150.0,11250.0,10600.0,10900.0,10900.0,20162440,0.0,0.0
2020-07-27 00:00:00+07:00,10400.0,10650.0,10150.0,10150.0,10150.0,26014460,0.0,0.0
2020-07-28 00:00:00+07:00,10200.0,10600.0,10100.0,10550.0,10550.0,13933220,0.0,0.0
2020-07-29 00:00:00+07:00,10250.0,10350.0,9950.0,10150.0,10150.0,14831390,0.0,0.0
2020-07-30 00:00:00+07:00,10200.0,10350.0,10150.0,10200.0,10200.0,6312810,0.0,0.0
2020-07-31 00:00:00+07:00,9900.0,10250.0,9900.0,10100.0,10100.0,5740090,0.0,0.0
2020-08-03 00:00:00+07:00,10150.0,10450.0,10050.0,10350.0,10350.0,9792690,0.0,0.0
2020-08-04 00:00:00+07:00,10500.0,10500.0,10350.0,10500.0,10500.0,6786090,0.0,0.0
2020-08-05 00:00:00+07:00,10500.0,10700.0,10400.0,10650.0,10650.0,8289610,0.0,0.0
2020-08-06 00:00:00+07:00,10600.0,10700.0,10500.0,10500.0,10500.0,5678190,0.0,0.0
2020-08-07 00:00:00+07:00,10550.0,10550.0,10400.0,10450.0,10450.0,7123120,0.0,0.0
2020-08-10 00:00:00+07:00,10550.0,10800.0,10550.0,10600.0,10600.0,11949300,0.0,0.0
2020-08-11 00:00:00+07:00,10700.0,10750.0,10500.0,10650.0,10650.0,7719420,0.0,0.0
2020-08-12 00:00:00+07:00,10650.0,10800.0,10600.0,10750.0,10750.0,8772530,0.0,0.0
2020-08-13 00:00:00+07:00,10750.0,10900.0,10750.0,10850.0,10850.0,6495400,0.0,0.0
2020-08-14 00:00:00+07:00,10850.0,10850.0,10650.0,10700.0,10700.0,8807480,0.0,0.0
2020-08-17 00:00:00+07:00,10700.0,10750.0,10550.0,10650.0,10650.0,5192680,0.0,0.0
2020-08-18 00:00:00+07:00,10650.0,10800.0,10600.0,10750.0,10750.0,5212200,0.0,0.0
2020-08-19 00:00:00+07:00,10800.0,10800.0,10700.0,10800.0,10800.0,4210320,0.0,0.0
2020-08-20 00:00:00+07:00,10750.0,10850.0,10650.0,10650.0,10650.0,6059540,0.0,0.0
2020-08-21 00:00:00+07:00,10700.0,11050.0,10650.0,11050.0,11050.0,12934020,0.0,0.0
2020-08-24 00:00:00+07:00,11100.0,11400.0,11100.0,11300.0,11300.0,14295580,0.0,0.0
2020-08-25 00:00:00+07:00,11300.0,11400.0,11200.0,11250.0,11250.0,9624650,0.0,0.0
2020-08-26 00:00:00+07:00,11250.0,11300.0,11100.0,11200.0,11200.0,9988740,0.0,0.0
2020-08-27 00:00:00+07:00,11250.0,11350.0,11150.0,11300.0,11300.0,6803050,0.0,0.0
2020-08-28 00:00:00+07:00,11400.0,11450.0,11300.0,11350.0,11350.0,10087760,0.0,0.0
2020-08-31 00:00:00+07:00,11500.0,11550.0,11200.0,11200.0,11200.0,8672820,0.0,0.0
2020-09-01 00:00:00+07:00,11200.0,11350.0,11150.0,11300.0,11300.0,4572030,0.0,0.0
2020-09-02 00:00:00+07:00,11300.0,11300.0,11300.0,11300.0,11300.0,0,0.0,0.0
2020-09-03 00:00:00+07:00,11400.0,11450.0,11300.0,11400.0,11400.0,11143030,0.0,0.0
2020-09-04 00:00:00+07:00,11250.0,11350.0,11200.0,11300.0,11300.0,9881990,0.0,0.0
2020-09-07 00:00:00+07:00,11400.0,11400.0,11200.0,11200.0,11200.0,6937040,0.0,0.0
2020-09-08 00:00:00+07:00,11250.0,11250.0,11100.0,11250.0,11250.0,6011590,0.0,0.0
2020-09-09 00:00:00+07:00,11150.0,11300.0,11050.0,11300.0,11300.0,8875270,0.0,0.0
2020-09-10 00:00:00+07:00,11350.0,11400.0,11200.0,11200.0,11200.0,5248510,0.0,0.0
2020-09-11 00:00:00+07:00,11150.0,11250.0,11100.0,11150.0,11150.0,5393090,0.0,0.0
2020-09-14 00:00:00+07:00,11200.0,11350.0,11200.0,11300.0,11300.0,6799070,0.0,0.0
2020-09-15 00:00:00+07:00,11350.0,11800.0,11250.0,11600.0,11600.0,24122170,0.0,0.0
2020-09-16 00:00:00+07:00,11650.0,11700.0,11550.0,11550.0,11550.0,10179630,0.0,0.0
2020-09-17 00:00:00+07:00,11550.0,11700.0,11450.0,11450.0,11450.0,11363380,0.0,0.0
2020-09-18 00:00:00+07:00,11450.0,11650.0,11450.0,11650.0,11650.0,8721320,0.0,0.0
2020-09-21 00:00:00+07:00,11800.0,12050.0,11750.0,11750.0,11750.0,17853730,0.0,0.0
2020-09-22 00:00:00+07:00,11750.0,12550.0,11650.0,12550.0,12550.0,45707880,0.0,0.0
2020-09-23 00:00:00+07:00,12700.0,13250.0,12500.0,12650.0,12650.0,24791380,0.0,0.0
2020-09-24 00:00:00+07:00,12600.0,12700.0,12400.0,12450.0,12450.0,17728750,0.0,0.0
2020-09-25 00:00:00+07:00,12450.0,13300.0,12400.0,13300.0,13300.0,39321600,0.0,0.0
2020-09-28 00:00:00+07:00,13700.0,14050.0,13600.0,13800.0,13800.0,28883470,0.0,0.0
2020-09-29 00:00:00+07:00,13800.0,13950.0,13300.0,13300.0,13300.0,22791400,0.0,0.0
2020-09-30 00:00:00+07:00,13300.0,13900.0,12950.0,13800.0,13800.0,28314430,0.0,0.0
2020-10-01 00:00:00+07:00,14000.0,14200.0,13650.0,13750.0,13750.0,13285440,0.0,0.0
2020-10-02 00:00:00+07:00,13750.0,13900.0,13150.0,13450.0,13450.0,23206500,0.0,0.0
2020-10-05 00:00:00+07:00,13650.0,13800.0,13400.0,13700.0,13700.0,22603020,0.0,0.0
2020-10-06 00:00:00+07:00,13750.0,14400.0,13700.0,14200.0,14200.0,27112100,0.0,0.0
2020-10-07 00:00:00+07:00,14050.0,14300.0,13700.0,13700.0,13700.0,19465920,0.0,0.0
2020-10-08 00:00:00+07:00,13800.0,13850.0,13450.0,13550.0,13550.0,21328780,0.0,0.0
2020-10-09 00:00:00+07:00,13600.0,13800.0,13450.0,13550.0,13550.0,12474800,0.0,0.0
2020-10-12 00:00:00+07:00,13700.0,13800.0,13300.0,13300.0,13300.0,17962060,0.0,0.0
2020-10-13 00:00:00+07:00,13300.0,13600.0,13200.0,13450.0,13450.0,12669050,0.0,0.0
2020-10-14 00:00:00+07:00,13500.0,13750.0,13350.0,13500.0,13500.0,12364650,0.0,0.0
2020-10-15 00:00:00+07:00,13600.0,14000.0,13450.0,13850.0,13850.0,20799860,0.0,0.0
2020-10-16 00:00:00+07:00,13850.0,13950.0,13700.0,13750.0,13750.0,13048220,0.0,0.0
2020-10-19 00:00:00+07:00,13800.0,14300.0,13750.0,14100.0,14100.0,20547610,0.0,0.0
2020-10-20 00:00:00+07:00,14000.0,14350.0,13950.0,14200.0,14200.0,17698150,0.0,0.0
2020-10-21 00:00:00+07:00,14350.0,14750.0,14300.0,14400.0,14400.0,25828950,0.0,0.0
2020-10-22 00:00:00+07:00,14350.0,14700.0,14200.0,14600.0,14600.0,18152400,0.0,0.0
2020-10-23 00:00:00+07:00,14800.0,14800.0,14500.0,14550.0,14550.0,13634620,0.0,0.0
2020-10-26 00:00:00+07:00,14500.0,14650.0,14100.0,14100.0,14100.0,26821200,0.0,0.0
2020-10-27 00:00:00+07:00,14100.0,14200.0,13300.0,13300.0,13300.0,37138550,0.0,0.0
2020-10-28 00:00:00+07:00,13300.0,13650.0,13100.0,13100.0,13100.0,22628960,0.0,0.0
2020-10-29 00:00:00+07:00,13000.0,13500.0,13000.0,13500.0,13500.0,13046030,0.0,0.0
2020-10-30 00:00:00+07:00,13500.0,13550.0,13050.0,13300.0,13300.0,8184700,0.0,0.0
2020-11-02 00:00:00+07:00,13400.0,13450.0,13250.0,13450.0,13450.0,5463810,0.0,0.0
2020-11-03 00:00:00+07:00,13500.0,13700.0,13450.0,13600.0,13600.0,12021500,0.0,0.0
2020-11-04 00:00:00+07:00,13700.0,13900.0,13500.0,13650.0,13650.0,9734960,0.0,0.0
2020-11-05 00:00:00+07:00,13650.0,13700.0,13350.0,13350.0,13350.0,8295550,0.0,0.0
2020-11-06 00:00:00+07:00,13500.0,13500.0,13250.0,13350.0,13350.0,6207220,0.0,0.0
2020-11-09 00:00:00+07:00,13500.0,13700.0,13400.0,13700.0,13700.0,7874430,0.0,0.0
2020-11-10 00:00:00+07:00,13950.0,14000.0,13600.0,13600.0,13600.0,9473760,0.0,0.0
2020-11-11 00:00:00+07:00,13700.0,13700.0,13450.0,13600.0,13600.0,7954210,0.0,0.0
2020-11-12 00:00:00+07:00,13600.0,13750.0,13600.0,13700.0,13700.0,6757380,0.0,0.0
2020-11-13 00:00:00+07:00,13700.0,13950.0,13700.0,13900.0,13900.0,15076240,0.0,0.0
2020-11-16 00:00:00+07:00,14050.0,14100.0,13650.0,13650.0,13650.0,12294300,0.0,0.0
2020-11-17 00:00:00+07:00,13700.0,13900.0,13600.0,13850.0,13850.0,9076100,0.0,0.0
2020-11-18 00:00:00+07:00,13850.0,14400.0,13800.0,14200.0,14200.0,22974320,0.0,0.0
2020-11-19 00:00:00+07:00,14200.0,14400.0,14050.0,14200.0,14200.0,12623080,0.0,0.0
2020-11-20 00:00:00+07:00,14250.0,14250.0,14050.0,14150.0,14150.0,9539770,0.0,0.0
2020-11-23 00:00:00+07:00,14250.0,14700.0,14050.0,14600.0,14600.0,27268530,0.0,0.0
2020-11-24 00:00:00+07:00,14600.0,14650.0,14200.0,14500.0,14500.0,16805930,0.0,0.0
2020-11-25 00:00:00+07:00,14550.0,14600.0,14350.0,14350.0,14350.0,12055730,0.0,0.0
2020-11-26 00:00:00+07:00,14350.0,14650.0,14350.0,14500.0,14500.0,21860890,0.0,0.0
2020-11-27 00:00:00+07:00,14600.0,14600.0,14350.0,14500.0,14500.0,11455070,0.0,0.0
2020-11-30 00:00:00+07:00,14550.0,15000.0,14500.0,14650.0,14650.0,18682960,0.0,0.0
2020-12-01 00:00:00+07:00,14450.0,15500.0,14400.0,15450.0,15450.0,37839250,0.0,0.0
2020-12-02 00:00:00+07:00,15450.0,15800.0,15150.0,15400.0,15400.0,21124570,0.0,0.0
2020-12-03 00:00:00+07:00,15550.0,15900.0,15450.0,15650.0,15650.0,20877740,0.0,0.0
2020-12-04 00:00:00+07:00,15700.0,16100.0,15500.0,15600.0,15600.0,24514030,0.0,0.0
2020-12-07 00:00:00+07:00,15600.0,15750.0,15550.0,15550.0,15550.0,14994850,0.0,0.0
2020-12-08 00:00:00+07:00,15650.0,15900.0,15500.0,15850.0,15850.0,19849710,0.0,0.0
2020-12-09 00:00:00+07:00,15900.0,16200.0,15900.0,15900.0,15900.0,18897260,0.0,0.0
2020-12-10 00:00:00+07:00,15950.0,16050.0,15450.0,15550.0,15550.0,21848500,0.0,0.0
2020-12-11 00:00:00+07:00,15700.0,15900.0,15500.0,15800.0,15800.0,15443500,0.0,0.0
2020-12-14 00:00:00+07:00,15950.0,16100.0,15800.0,15950.0,15950.0,15678170,0.0,0.0
2020-12-15 00:00:00+07:00,15850.0,16050.0,15800.0,15950.0,15950.0,17651510,0.0,0.0
2020-12-16 00:00:00+07:00,16300.0,16800.0,16250.0,16600.0,16600.0,23929920,0.0,0.0
2020-12-17 00:00:00+07:00,16500.0,16950.0,16400.0,16600.0,16600.0,23515290,0.0,0.0
2020-12-18 00:00:00+07:00,16800.0,17150.0,16650.0,17000.0,17000.0,25115670,0.0,0.0
2020-12-21 00:00:00+07:00,17200.0,17300.0,16900.0,17000.0,17000.0,25779000,0.0,0.0
2020-12-22 00:00:00+07:00,17000.0,17000.0,17000.0,17000.0,17000.0,0,0.0,0.0
2020-12-23 00:00:00+07:00,17200.0,17300.0,16700.0,16700.0,16700.0,26091720,0.0,0.0
2020-12-24 00:00:00+07:00,16800.0,16850.0,15800.0,16500.0,16500.0,29370800,0.0,0.0
2020-12-25 00:00:00+07:00,16500.0,16950.0,16250.0,16950.0,16950.0,20824680,0.0,0.0
2020-12-28 00:00:00+07:00,17050.0,17100.0,16550.0,16750.0,16750.0,23669440,0.0,0.0
2020-12-29 00:00:00+07:00,16750.0,16900.0,16600.0,16700.0,16700.0,13078710,0.0,0.0
2020-12-30 00:00:00+07:00,17000.0,17250.0,16800.0,16800.0,16800.0,35805500,0.0,0.0
2020-12-31 00:00:00+07:00,17000.0,17000.0,16750.0,16900.0,16900.0,14969830,0.0,0.0
2021-01-01 00:00:00+07:00,16900.0,16900.0,16900.0,16900.0,16900.0,0,0.0,0.0
2021-01-04 00:00:00+07:00,17050.0,17700.0,16900.0,17550.0,17550.0,4680960,0.0,0.0
2021-01-05 00:00:00+07:00,17550.0,17950.0,17450.0,17700.0,17700.0,2339950,0.0,0.0
2021-01-06 00:00:00+07:00,17900.0,18350.0,17700.0,18000.0,18000.0,3119360,0.0,0.0
2021-01-07 00:00:00+07:00,18050.0,18450.0,17850.0,18450.0,18450.0,3968350,0.0,0.0
2021-01-08 00:00:00+07:00,18800.0,19500.0,18650.0,19400.0,19400.0,3488920,0.0,0.0
2021-01-11 00:00:00+07:00,20000.0,20400.0,19800.0,20100.0,20100.0,3349310,0.0,0.0
2021-01-12 00:00:00+07:00,19900.0,20050.0,19500.0,19800.0,19800.0,2723680,0.0,0.0
2021-01-13 00:00:00+07:00,19800.0,20050.0,19400.0,19500.0,19500.0,2665000,0.0,0.0
2021-01-14 00:00:00+07:00,19650.0,20250.0,19000.0,20100.0,20100.0,2746230,0.0,0.0
2021-01-15 00:00:00+07:00,20500.0,21500.0,20500.0,21100.0,21100.0,5169260,0.0,0.0
2021-01-18 00:00:00+07:00,21700.0,21700.0,20250.0,20600.0,20600.0,5965920,0.0,0.0
2021-01-19 00:00:00+07:00,20350.0,20450.0,19200.0,19200.0,19200.0,4504570,0.0,0.0
2021-01-20 00:00:00+07:00,19400.0,19600.0,17950.0,19000.0,19000.0,3442670,0.0,0.0
2021-01-21 00:00:00+07:00,19400.0,20000.0,18850.0,20000.0,20000.0,3447710,0.0,0.0
2021-01-22 00:00:00+07:00,20000.0,20200.0,19700.0,19950.0,19950.0,2996740,0.0,0.0
2021-01-25 00:00:00+07:00,19700.0,19900.0,19350.0,19350.0,19350.0,2807170,0.0,0.0
2021-01-26 00:00:00+07:00,19300.0,19300.0,18050.0,18100.0,18100.0,3230220,0.0,0.0
2021-01-27 00:00:00+07:00,17800.0,18650.0,17000.0,17250.0,17250.0,3215850,0.0,0.0
2021-01-28 00:00:00+07:00,16150.0,16950.0,16050.0,16050.0,16050.0,4505090,0.0,0.0
2021-01-29 00:00:00+07:00,15500.0,17150.0,15500.0,16900.0,16900.0,3123040,0.0,0.0
2021-02-01 00:00:00+07:00,17000.0,17450.0,16100.0,16100.0,16100.0,2312390,0.0,0.0
2021-02-02 00:00:00+07:00,16400.0,17200.0,16000.0,17150.0,17150.0,2075640,0.0,0.0
2021-02-03 00:00:00+07:00,17350.0,18200.0,17150.0,18000.0,18000.0,2710980,0.0,0.0
2021-02-04 00:00:00+07:00,17900.0,18150.0,17550.0,17600.0,17600.0,1865100,0.0,0.0
2021-02-05 00:00:00+07:00,17650.0,18300.0,17600.0,18300.0,18300.0,1806030,0.0,0.0
2021-02-08 00:00:00+07:00,18300.0,18450.0,17100.0,17400.0,17400.0,2403730,0.0,0.0
2021-02-09 00:00:00+07:00,17400.0,17400.0,17400.0,17400.0,17400.0,0,0.0,0.0
2021-02-10 00:00:00+07:00,17400.0,17400.0,17400.0,17400.0,17400.0,0,0.0,0.0
2021-02-11 00:00:00+07:00,17400.0,17400.0,17400.0,17400.0,17400.0,0,0.0,0.0
2021-02-12 00:00:00+07:00,17400.0,17400.0,17400.0,17400.0,17400.0,0,0.0,0.0
2021-02-15 00:00:00+07:00,17400.0,17400.0,17400.0,17400.0,17400.0,0,0.0,0.0
2021-02-16 00:00:00+07:00,17400.0,17400.0,17400.0,17400.0,17400.0,0,0.0,0.0
2021-02-17 00:00:00+07:00,18300.0,18800.0,18200.0,18750.0,18750.0,2103120,0.0,0.0
2021-02-18 00:00:00+07:00,18700.0,18800.0,18450.0,18600.0,18600.0,2250390,0.0,0.0
2021-02-19 00:00:00+07:00,18400.0,19000.0,18250.0,18700.0,18700.0,2259090,0.0,0.0
2021-02-22 00:00:00+07:00,18800.0,19200.0,18550.0,18600.0,18600.0,2599100,0.0,0.0
2021-02-23 00:00:00+07:00,18650.0,19000.0,18500.0,18800.0,18800.0,2489720,0.0,0.0
2021-02-24 00:00:00+07:00,18800.0,18800.0,18800.0,18800.0,18800.0,0,0.0,0.0
2021-02-25 00:00:00+07:00,18800.0,18800.0,18800.0,18800.0,18800.0,0,0.0,0.0
2021-02-26 00:00:00+07:00,18250.0,18550.0,18200.0,18350.0,18350.0,1742110,0.0,0.0
2021-03-01 00:00:00+07:00,18600.0,19150.0,18500.0,19100.0,19100.0,3578110,0.0,0.0
2021-03-02 00:00:00+07:00,19600.0,19600.0,19050.0,19150.0,19150.0,2113790,0.0,0.0
2021-03-03 00:00:00+07:00,19150.0,19300.0,19000.0,19000.0,19000.0,1662460,0.0,0.0
2021-03-04 00:00:00+07:00,19050.0,19150.0,18300.0,18350.0,18350.0,2354350,0.0,0.0
2021-03-05 00:00:00+07:00,18350.0,18850.0,18150.0,18700.0,18700.0,2486180,0.0,0.0
2021-03-08 00:00:00+07:00,19000.0,19150.0,18500.0,18600.0,18600.0,1365310,0.0,0.0
2021-03-09 00:00:00+07:00,18500.0,18700.0,18300.0,18550.0,18550.0,1477030,0.0,0.0
2021-03-10 00:00:00+07:00,18650.0,18900.0,18400.0,18700.0,18700.0,1897000,0.0,0.0
2021-03-11 00:00:00+07:00,19000.0,19350.0,18850.0,19300.0,19300.0,3459430,0.0,0.0
2021-03-12 00:00:00+07:00,19400.0,19500.0,19000.0,19200.0,19200.0,1994150,0.0,0.0
2021-03-15 00:00:00+07:00,19200.0,19350.0,18900.0,18900.0,18900.0,2295410,0.0,0.0
2021-03-16 00:00:00+07:00,18950.0,19150.0,18750.0,18900.0,18900.0,2379940,0.0,0.0
2021-03-17 00:00:00+07:00,19000.0,19750.0,19000.0,19600.0,19600.0,3832490,0.0,0.0
2021-03-18 00:00:00+07:00,19850.0,19950.0,19600.0,19700.0,19700.0,1987740,0.0,0.0
2021-03-19 00:00:00+07:00,19600.0,19900.0,19550.0,19600.0,19600.0,2432890,0.0,0.0
2021-03-22 00:00:00+07:00,19700.0,19700.0,19150.0,19200.0,19200.0,3281630,0.0,0.0
2021-03-23 00:00:00+07:00,19200.0,19200.0,18750.0,18800.0,18800.0,2529750,0.0,0.0
2021-03-24 00:00:00+07:00,18550.0,18850.0,18300.0,18400.0,18400.0,2297320,0.0,0.0
2021-03-25 00:00:00+07:00,18600.0,19050.0,18450.0,18750.0,18750.0,2872430,0.0,0.0
2021-03-26 00:00:00+07:00,18750.0,19100.0,18300.0,18950.0,18950.0,2336510,0.0,0.0
2021-03-29 00:00:00+07:00,19050.0,19250.0,18900.0,19200.0,19200.0,3699540,0.0,0.0
2021-03-30 00:00:00+07:00,19250.0,20500.0,19000.0,20500.0,20500.0,9997850,0.0,0.0
2021-03-31 00:00:00+07:00,21450.0,21900.0,21250.0,21450.0,21450.0,5667400,0.0,0.0
2021-04-01 00:00:00+07:00,21400.0,21650.0,21100.0,21600.0,21600.0,3320280,0.0,0.0
2021-04-02 00:00:00+07:00,21900.0,22950.0,21800.0,22600.0,22600.0,5603920,0.0,0.0
2021-04-05 00:00:00+07:00,23000.0,23300.0,22600.0,23150.0,23150.0,4616380,0.0,0.0
2021-04-06 00:00:00+07:00,22600.0,23200.0,22600.0,22750.0,22750.0,4237400,0.0,0.0
2021-04-07 00:00:00+07:00,22300.0,22600.0,22100.0,22300.0,22300.0,5162580,0.0,0.0
2021-04-08 00:00:00+07:00,22500.0,22600.0,22000.0,22200.0,22200.0,2666540,0.0,0.0
2021-04-09 00:00:00+07:00,22200.0,22900.0,22200.0,22700.0,22700.0,2531720,0.0,0.0
2021-04-12 00:00:00+07:00,23000.0,23850.0,22750.0,23450.0,23450.0,4931340,0.0,0.0
2021-04-13 00:00:00+07:00,23450.0,23550.0,22600.0,22700.0,22700.0,4662780,0.0,0.0
2021-04-14 00:00:00+07:00,22500.0,22950.0,22200.0,22900.0,22900.0,3510580,0.0,0.0
2021-04-15 00:00:00+07:00,23000.0,23000.0,22200.0,22350.0,22350.0,3694740,0.0,0.0
2021-04-16 00:00:00+07:00,22200.0,22800.0,21800.0,22100.0,22100.0,4148500,0.0,0.0
2021-04-19 00:00:00+07:00,22300.0,22900.0,22000.0,22900.0,22900.0,2903210,0.0,0.0
2021-04-20 00:00:00+07:00,23000.0,23150.0,22300.0,22500.0,22500.0,2974490,0.0,0.0
2021-04-21 00:00:00+07:00,22500.0,22500.0,22500.0,22500.0,22500.0,0,0.0,0.0
2021-04-22 00:00:00+07:00,22500.0,22600.0,21000.0,21000.0,21000.0,3545090,0.0,0.0
2021-04-23 00:00:00+07:00,21300.0,22450.0,20900.0,22450.0,22450.0,4522700,0.0,0.0
2021-04-26 00:00:00+07:00,22900.0,23200.0,22450.0,22550.0,22550.0,4162950,0.0,0.0
2021-04-27 00:00:00+07:00,22550.0,23250.0,22300.0,23100.0,23100.0,4754650,0.0,0.0
2021-04-28 00:00:00+07:00,23100.0,24350.0,22900.0,24200.0,24200.0,7112570,0.0,0.0
2021-04-29 00:00:00+07:00,24250.0,24600.0,23850.0,23900.0,23900.0,3889340,0.0,0.0
2021-04-30 00:00:00+07:00,23900.0,23900.0,23900.0,23900.0,23900.0,0,0.0,0.0
2021-05-03 00:00:00+07:00,23900.0,23900.0,23900.0,23900.0,23900.0,0,0.0,0.0
2021-05-04 00:00:00+07:00,23300.0,24200.0,23150.0,24100.0,24100.0,5430790,0.0,0.0
2021-05-05 00:00:00+07:00,24150.0,25100.0,24050.0,24700.0,24700.0,5167730,0.0,0.0
2021-05-06 00:00:00+07:00,24550.0,24900.0,24300.0,24400.0,24400.0,3426900,0.0,0.0
2021-05-07 00:00:00+07:00,24250.0,24550.0,23800.0,24000.0,24000.0,4845830,0.0,0.0
2021-05-10 00:00:00+07:00,23800.0,24500.0,23700.0,24300.0,24300.0,4148890,0.0,0.0
2021-05-11 00:00:00+07:00,24450.0,25450.0,24450.0,24650.0,24650.0,5801200,0.0,0.0
2021-05-12 00:00:00+07:00,24850.0,26350.0,24800.0,26350.0,26350.0,5947530,0.0,0.0
2021-05-13 00:00:00+07:00,26050.0,27150.0,26050.0,26300.0,26300.0,4710530,0.0,0.0
2021-05-14 00:00:00+07:00,26600.0,26850.0,26150.0,26400.0,26400.0,3274260,0.0,0.0
2021-05-17 00:00:00+07:00,26500.0,26700.0,25850.0,25950.0,25950.0,3975210,0.0,0.0
2021-05-18 00:00:00+07:00,25900.0,27400.0,25650.0,27300.0,27300.0,4474520,0.0,0.0
2021-05-19 00:00:00+07:00,27300.0,28700.0,27300.0,28500.0,28500.0,4648420,0.0,0.0
2021-05-20 00:00:00+07:00,28450.0,29550.0,28100.0,29400.0,29400.0,5726810,0.0,0.0
2021-05-21 00:00:00+07:00,29250.0,29800.0,28800.0,28850.0,28850.0,4579280,0.0,0.0
2021-05-24 00:00:00+07:00,28850.0,29250.0,28800.0,28900.0,28900.0,3159520,0.0,0.0
2021-05-25 00:00:00+07:00,28950.0,29750.0,28900.0,29350.0,29350.0,2412310,0.0,0.0
2021-05-26 00:00:00+07:00,29600.0,29800.0,29350.0,29500.0,29500.0,3148960,0.0,0.0
2021-05-27 00:00:00+07:00,29550.0,30300.0,29000.0,29800.0,29800.0,4675150,0.0,0.0
2021-05-28 00:00:00+07:00,30400.0,31850.0,30000.0,31850.0,31850.0,7383990,0.0,0.0
2021-05-31 00:00:00+07:00,32150.0,33900.0,31900.0,33800.0,33800.0,4212880,0.0,0.0
2021-06-01 00:00:00+07:00,33500.0,33550.0,32350.0,32400.0,32400.0,4706350,0.0,0.0
2021-06-02 00:00:00+07:00,31600.0,32400.0,31200.0,32200.0,32200.0,5165730,0.0,0.0
2021-06-03 00:00:00+07:00,33200.0,33200.0,32200.0,32750.0,32750.0,3095070,0.0,0.0
2021-06-04 00:00:00+07:00,32200.0,33000.0,31800.0,32150.0,32150.0,3748190,0.0,0.0
2021-06-07 00:00:00+07:00,31800.0,32000.0,30000.0,30700.0,30700.0,38824700,0.0,0.0
2021-06-08 00:00:00+07:00,30700.0,30700.0,30700.0,30700.0,30700.0,0,0.0,0.0
2021-06-09 00:00:00+07:00,28500.0,30350.0,28000.0,29600.0,29600.0,37519500,0.0,0.0
2021-06-10 00:00:00+07:00,29600.0,30050.0,28800.0,28900.0,28900.0,23976800,0.0,0.0
2021-06-11 00:00:00+07:00,29100.0,30800.0,28800.0,30500.0,30500.0,36442200,0.0,0.0
2021-06-14 00:00:00+07:00,30700.0,31300.0,30400.0,30800.0,30800.0,26889200,0.0,0.0
2021-06-15 00:00:00+07:00,30800.0,30800.0,29800.0,30100.0,30100.0,29659500,0.0,0.0
2021-06-16 00:00:00+07:00,29600.0,30200.0,29000.0,29200.0,29200.0,30686500,0.0,0.0
2021-06-17 00:00:00+07:00,28550.0,29650.0,28550.0,29400.0,29400.0,19581100,0.0,0.0
2021-06-18 00:00:00+07:00,29900.0,30100.0,29500.0,29650.0,29650.0,16991300,0.0,0.0
2021-06-21 00:00:00+07:00,29500.0,30300.0,29350.0,29850.0,29850.0,24072800,0.0,0.0
2021-06-22 00:00:00+07:00,30150.0,30750.0,29850.0,30200.0,30200.0,25185700,0.0,0.0
2021-06-23 00:00:00+07:00,30200.0,30350.0,29750.0,29750.0,29750.0,24112800,0.0,0.0
2021-06-24 00:00:00+07:00,29750.0,29900.0,28850.0,29000.0,29000.0,21749700,0.0,0.0
2021-06-25 00:00:00+07:00,29000.0,29500.0,28900.0,29500.0,29500.0,15572700,0.0,0.0
2021-06-28 00:00:00+07:00,29800.0,30400.0,29450.0,30200.0,30200.0,19303900,0.0,0.0
2021-06-29 00:00:00+07:00,30500.0,31500.0,30400.0,31000.0,31000.0,36074600,0.0,0.0
2021-06-30 00:00:00+07:00,30950.0,31400.0,30500.0,30600.0,30600.0,16495700,0.0,0.0
2021-07-01 00:00:00+07:00,30600.0,31250.0,30450.0,31000.0,31000.0,29589500,0.0,0.0
2021-07-02 00:00:00+07:00,31100.0,31950.0,31100.0,31500.0,31500.0,41478500,0.0,0.0
2021-07-05 00:00:00+07:00,31500.0,31500.0,31500.0,31500.0,31500.0,0,0.0,0.0
2021-07-06 00:00:00+07:00,31500.0,31500.0,31500.0,31500.0,31500.0,0,0.0,0.0
2021-07-07 00:00:00+07:00,31500.0,31500.0,31500.0,31500.0,31500.0,0,0.0,0.0
2021-07-08 00:00:00+07:00,31500.0,31500.0,31500.0,31500.0,31500.0,0,0.0,0.0
2021-07-09 00:00:00+07:00,30000.0,30500.0,29000.0,29100.0,29100.0,38413800,0.0,0.0
2021-07-12 00:00:00+07:00,29100.0,29100.0,29100.0,29100.0,29100.0,0,0.0,0.0
2021-07-13 00:00:00+07:00,28800.0,29000.0,28050.0,28700.0,28700.0,18442600,0.0,0.0
2021-07-14 00:00:00+07:00,28700.0,28700.0,28700.0,28700.0,28700.0,0,0.0,0.0
2021-07-15 00:00:00+07:00,27100.0,28800.0,27100.0,28800.0,28800.0,25368800,0.0,0.0
2021-07-16 00:00:00+07:00,28800.0,28800.0,28800.0,28800.0,28800.0,0,0.0,0.0
2021-07-19 00:00:00+07:00,27500.0,27950.0,26700.0,27500.0,27500.0,38557500,0.0,0.0
2021-07-20 00:00:00+07:00,27800.0,28100.0,27200.0,28100.0,28100.0,23884800,0.0,0.0
2021-07-21 00:00:00+07:00,28300.0,28400.0,27800.0,27850.0,27850.0,14144600,0.0,0.0
2021-07-22 00:00:00+07:00,27850.0,28150.0,27650.0,28000.0,28000.0,16617400,0.0,0.0
2021-07-23 00:00:00+07:00,28300.0,29950.0,27900.0,28700.0,28700.0,63584600,0.0,0.0
2021-07-26 00:00:00+07:00,28900.0,29300.0,28350.0,28700.0,28700.0,15097600,0.0,0.0
2021-07-27 00:00:00+07:00,29000.0,29750.0,28700.0,29100.0,29100.0,29764400,0.0,0.0
2021-07-28 00:00:00+07:00,28900.0,29450.0,28700.0,28900.0,28900.0,17532900,0.0,0.0
2021-07-29 00:00:00+07:00,29100.0,29400.0,29000.0,29300.0,29300.0,16102300,0.0,0.0
2021-07-30 00:00:00+07:00,29400.0,30350.0,29250.0,29900.0,29900.0,32248600,0.0,0.0
2021-08-02 00:00:00+07:00,29800.0,30400.0,29300.0,29300.0,29300.0,26509200,0.0,0.0
2021-08-03 00:00:00+07:00,29400.0,29800.0,29250.0,29800.0,29800.0,26539400,0.0,0.0
2021-08-04 00:00:00+07:00,29800.0,29800.0,29800.0,29800.0,29800.0,0,0.0,0.0
2021-08-05 00:00:00+07:00,30600.0,31250.0,30300.0,31050.0,31050.0,30721500,0.0,0.0
2021-08-06 00:00:00+07:00,31000.0,31150.0,30300.0,30300.0,30300.0,30921200,0.0,0.0
2021-08-09 00:00:00+07:00,30300.0,30800.0,30100.0,30700.0,30700.0,20906000,0.0,0.0
2021-08-10 00:00:00+07:00,30700.0,30700.0,30700.0,30700.0,30700.0,0,0.0,0.0
2021-08-11 00:00:00+07:00,30500.0,30850.0,30350.0,30400.0,30400.0,26155800,0.0,0.0
2021-08-12 00:00:00+07:00,30300.0,30500.0,29600.0,29600.0,29600.0,27936600,0.0,0.0
2021-08-13 00:00:00+07:00,29600.0,29800.0,29150.0,29700.0,29700.0,22964600,0.0,0.0
2021-08-16 00:00:00+07:00,29850.0,30400.0,29400.0,30300.0,30300.0,24095900,0.0,0.0
2021-08-17 00:00:00+07:00,30300.0,30300.0,30300.0,30300.0,30300.0,0,0.0,0.0
2021-08-18 00:00:00+07:00,30000.0,30150.0,29550.0,29950.0,29950.0,22196200,0.0,0.0
2021-08-19 00:00:00+07:00,29800.0,30050.0,29600.0,29950.0,29950.0,16698400,0.0,0.0
2021-08-20 00:00:00+07:00,29800.0,29900.0,28000.0,28300.0,28300.0,42106300,0.0,0.0
2021-08-23 00:00:00+07:00,28200.0,28500.0,27000.0,27000.0,27000.0,29889700,0.0,0.0
2021-08-24 00:00:00+07:00,26900.0,27850.0,26650.0,27250.0,27250.0,25860800,0.0,0.0
2021-08-25 00:00:00+07:00,27350.0,27550.0,27100.0,27350.0,27350.0,8164000,0.0,0.0
2021-08-26 00:00:00+07:00,27500.0,27550.0,26850.0,27100.0,27100.0,13170400,0.0,0.0
2021-08-27 00:00:00+07:00,27000.0,27300.0,26550.0,27300.0,27300.0,16479200,0.0,0.0
2021-08-30 00:00:00+07:00,27350.0,27950.0,27200.0,27900.0,27900.0,11734700,0.0,0.0
2021-08-31 00:00:00+07:00,28000.0,28000.0,27300.0,27350.0,27350.0,11977600,0.0,0.0
2021-09-01 00:00:00+07:00,27200.0,27500.0,27200.0,27200.0,27200.0,10287300,0.0,0.0
2021-09-02 00:00:00+07:00,27200.0,27200.0,27200.0,27200.0,27200.0,0,0.0,0.0
2021-09-03 00:00:00+07:00,27200.0,27200.0,27200.0,27200.0,27200.0,0,0.0,0.0
2021-09-06 00:00:00+07:00,27200.0,27850.0,27100.0,27550.0,27550.0,16262200,0.0,0.0
2021-09-07 00:00:00+07:00,27750.0,28350.0,27550.0,27900.0,27900.0,13779100,0.0,0.0
2021-09-08 00:00:00+07:00,27900.0,27900.0,27900.0,27900.0,27900.0,0,0.0,0.0
2021-09-09 00:00:00+07:00,27150.0,27500.0,27100.0,27350.0,27350.0,9342700,0.0,0.0
2021-09-10 00:00:00+07:00,27500.0,27600.0,27150.0,27200.0,27200.0,10699600,0.0,0.0
2021-09-13 00:00:00+07:00,27250.0,27300.0,26800.0,26900.0,26900.0,10646300,0.0,0.0
2021-09-14 00:00:00+07:00,26900.0,27200.0,26650.0,26650.0,26650.0,12638800,0.0,0.0
2021-09-15 00:00:00+07:00,26650.0,26900.0,26550.0,26600.0,26600.0,10157900,0.0,0.0
2021-09-16 00:00:00+07:00,26900.0,26950.0,26600.0,26750.0,26750.0,5187000,0.0,0.0
2021-09-17 00:00:00+07:00,26900.0,27100.0,26700.0,26800.0,26800.0,16365100,0.0,0.0
2021-09-20 00:00:00+07:00,27000.0,27500.0,26900.0,27100.0,27100.0,17459500,0.0,0.0
2021-09-21 00:00:00+07:00,27100.0,27100.0,27100.0,27100.0,27100.0,0,0.0,0.0
2021-09-22 00:00:00+07:00,27100.0,27100.0,27100.0,27100.0,27100.0,0,0.0,0.0
2021-09-23 00:00:00+07:00,26750.0,27000.0,26600.0,26600.0,26600.0,12776800,0.0,0.0
2021-09-24 00:00:00+07:00,26700.0,27200.0,26700.0,26750.0,26750.0,1384940000,0.0,0.0
2021-09-27 00:00:00+07:00,27000.0,27100.0,26500.0,26500.0,26500.0,10520000,0.0,0.0
2021-09-28 00:00:00+07:00,26350.0,26600.0,26200.0,26550.0,26550.0,9950300,0.0,0.0
2021-09-29 00:00:00+07:00,26500.0,26550.0,25700.0,25800.0,25800.0,19931200,0.0,0.0
2021-09-30 00:00:00+07:00,25850.0,26150.0,25700.0,25700.0,25700.0,10103000,0.0,0.0
2021-10-01 00:00:00+07:00,25650.0,25650.0,24500.0,24700.0,24700.0,24145000,0.0,0.0
2021-10-04 00:00:00+07:00,24500.0,24800.0,24050.0,24300.0,24300.0,1574160000,0.0,0.0
2021-10-05 00:00:00+07:00,24400.0,25750.0,24400.0,25750.0,25750.0,13478800,0.0,0.0
2021-10-06 00:00:00+07:00,25750.0,25750.0,25750.0,25750.0,25750.0,0,0.0,0.0
2021-10-07 00:00:00+07:00,25500.0,25750.0,24900.0,25500.0,25500.0,10015400,0.0,0.0
2021-10-08 00:00:00+07:00,25500.0,25500.0,25500.0,25500.0,25500.0,0,0.0,0.0
2021-10-11 00:00:00+07:00,25500.0,25500.0,25500.0,25500.0,25500.0,0,0.0,0.0
2021-10-12 00:00:00+07:00,26750.0,26800.0,26350.0,26600.0,26600.0,11680000,0.0,0.0
2021-10-13 00:00:00+07:00,26700.0,26750.0,26200.0,26250.0,26250.0,9597600,0.0,0.0
2021-10-14 00:00:00+07:00,26250.0,26250.0,26250.0,26250.0,26250.0,0,0.0,0.0
2021-10-15 00:00:00+07:00,26500.0,27200.0,26400.0,26850.0,26850.0,18823000,0.0,0.0
2021-10-18 00:00:00+07:00,26850.0,26850.0,26850.0,26850.0,26850.0,0,0.0,0.0
2021-10-19 00:00:00+07:00,26900.0,26950.0,26200.0,26200.0,26200.0,8316500,0.0,0.0
2021-10-20 00:00:00+07:00,26400.0,26750.0,25650.0,26300.0,26300.0,14904000,0.0,0.0
2021-10-21 00:00:00+07:00,26500.0,26600.0,26000.0,26100.0,26100.0,8665200,0.0,0.0
2021-10-22 00:00:00+07:00,26400.0,26400.0,26000.0,26200.0,26200.0,6241800,0.0,0.0
2021-10-25 00:00:00+07:00,26200.0,26200.0,26200.0,26200.0,26200.0,0,0.0,0.0
2021-10-26 00:00:00+07:00,26200.0,26200.0,26200.0,26200.0,26200.0,0,0.0,0.0
2021-10-27 00:00:00+07:00,25750.0,26650.0,25650.0,26500.0,26500.0,18102100,0.0,0.0
2021-10-28 00:00:00+07:00,26600.0,26700.0,26000.0,26700.0,26700.0,11057400,0.0,0.0
2021-10-29 00:00:00+07:00,26600.0,26700.0,26200.0,26600.0,26600.0,10004300,0.0,0.0
2021-11-01 00:00:00+07:00,26600.0,26600.0,26600.0,26600.0,26600.0,0,0.0,0.0
2021-11-02 00:00:00+07:00,26700.0,26650.0,26500.0,26800.0,26800.0,9856900,0.0,0.0
2021-11-03 00:00:00+07:00,26800.0,28450.0,26500.0,27900.0,27900.0,416,0.0,0.0
2021-11-04 00:00:00+07:00,27900.0,28150.0,27450.0,27450.0,27450.0,13509500,0.0,0.0
2021-11-05 00:00:00+07:00,27500.0,27750.0,27350.0,27650.0,27650.0,9439300,0.0,0.0
2021-11-08 00:00:00+07:00,27650.0,28000.0,27300.0,27850.0,27850.0,22636800,0.0,0.0
2021-11-09 00:00:00+07:00,28050.0,28800.0,27300.0,28100.0,28100.0,26353000,0.0,0.0
2021-11-10 00:00:00+07:00,28200.0,28750.0,28150.0,28450.0,28450.0,16093600,0.0,0.0
2021-11-11 00:00:00+07:00,28550.0,28600.0,27700.0,27700.0,27700.0,22523900,0.0,0.0
2021-11-12 00:00:00+07:00,27450.0,28450.0,27300.0,28100.0,28100.0,17017200,0.0,0.0
2021-11-15 00:00:00+07:00,28400.0,28400.0,27650.0,27950.0,27950.0,12698200,0.0,0.0
2021-11-16 00:00:00+07:00,28000.0,28800.0,27700.0,28050.0,28050.0,22035100,0.0,0.0
2021-11-17 00:00:00+07:00,28100.0,28300.0,27600.0,28000.0,28000.0,10324800,0.0,0.0
2021-11-18 00:00:00+07:00,28150.0,28150.0,27550.0,27650.0,27650.0,12176100,0.0,0.0
2021-11-19 00:00:00+07:00,27700.0,28450.0,27000.0,27900.0,27900.0,22040300,0.0,0.0
2021-11-22 00:00:00+07:00,28000.0,29500.0,27900.0,28800.0,28800.0,35710300,0.0,0.0
2021-11-23 00:00:00+07:00,28950.0,28950.0,28300.0,28500.0,28500.0,10730300,0.0,0.0
2021-11-24 00:00:00+07:00,28500.0,30450.0,28350.0,30450.0,30450.0,67319900,0.0,0.0
2021-11-25 00:00:00+07:00,31000.0,31250.0,30350.0,30650.0,30650.0,28507400,0.0,0.0
2021-11-26 00:00:00+07:00,30700.0,31450.0,30500.0,30850.0,30850.0,29138700,0.0,0.0
2021-11-29 00:00:00+07:00,30100.0,30600.0,29800.0,29900.0,29900.0,38634400,0.0,0.0
2021-11-30 00:00:00+07:00,30250.0,30300.0,28650.0,28900.0,28900.0,35420000,0.0,0.0
2021-12-01 00:00:00+07:00,28800.0,29900.0,28750.0,29900.0,29900.0,19243000,0.0,0.0
2021-12-02 00:00:00+07:00,29900.0,30050.0,29300.0,29300.0,29300.0,13458600,0.0,0.0
2021-12-03 00:00:00+07:00,29400.0,29550.0,28000.0,28000.0,28000.0,23483000,0.0,0.0
2021-12-06 00:00:00+07:00,28000.0,28400.0,26400.0,27000.0,27000.0,26472000,0.0,0.0
2021-12-07 00:00:00+07:00,27300.0,28100.0,26900.0,28050.0,28050.0,12829200,0.0,0.0
2021-12-08 00:00:00+07:00,28050.0,28800.0,27800.0,28600.0,28600.0,15748100,0.0,0.0
2021-12-09 00:00:00+07:00,28500.0,28900.0,28400.0,28850.0,28850.0,11915400,0.0,0.0
2021-12-10 00:00:00+07:00,28850.0,29050.0,28400.0,28600.0,28600.0,9892400,0.0,0.0
2021-12-13 00:00:00+07:00,28600.0,29000.0,28350.0,28650.0,28650.0,10709100,0.0,0.0
2021-12-14 00:00:00+07:00,28550.0,28800.0,28100.0,28100.0,28100.0,11426600,0.0,0.0
2021-12-15 00:00:00+07:00,28100.0,28900.0,27700.0,28350.0,28350.0,15191400,0.0,0.0
2021-12-16 00:00:00+07:00,28700.0,28700.0,28000.0,28600.0,28600.0,11084400,0.0,0.0
2021-12-17 00:00:00+07:00,28650.0,28700.0,28000.0,28300.0,28300.0,9269300,0.0,0.0
2021-12-20 00:00:00+07:00,28250.0,28700.0,28150.0,28650.0,28650.0,13058500,0.0,0.0
2021-12-21 00:00:00+07:00,28650.0,28800.0,28200.0,28200.0,28200.0,9480400,0.0,0.0
2021-12-22 00:00:00+07:00,28450.0,28600.0,27200.0,27650.0,27650.0,12051600,0.0,0.0
2021-12-23 00:00:00+07:00,27600.0,27800.0,26900.0,27400.0,27400.0,14265800,0.0,0.0
2021-12-24 00:00:00+07:00,27400.0,28250.0,27400.0,28200.0,28200.0,10410800,0.0,0.0
2021-12-27 00:00:00+07:00,28450.0,28450.0,27850.0,28100.0,28100.0,7405300,0.0,0.0
2021-12-28 00:00:00+07:00,28250.0,30050.0,28050.0,30050.0,30050.0,45046600,0.0,0.0
2021-12-29 00:00:00+07:00,30500.0,30800.0,29500.0,29500.0,29500.0,16201800,0.0,0.0
2021-12-30 00:00:00+07:00,29600.0,31050.0,29600.0,30500.0,30500.0,26157300,0.0,0.0
2021-12-31 00:00:00+07:00,30700.0,32300.0,30500.0,31500.0,31500.0,35409200,0.0,0.0
2022-01-03 00:00:00+07:00,31500.0,31500.0,31500.0,31500.0,31500.0,0,0.0,0.0
2022-01-04 00:00:00+07:00,32000.0,32850.0,31700.0,32100.0,32100.0,32861600,0.0,0.0
2022-01-05 00:00:00+07:00,31900.0,32800.0,31700.0,32550.0,32550.0,36939600,0.0,0.0
2022-01-06 00:00:00+07:00,32500.0,33900.0,32400.0,32700.0,32700.0,38537500,0.0,0.0
2022-01-07 00:00:00+07:00,32700.0,32950.0,31950.0,31950.0,31950.0,28165900,0.0,0.0
2022-01-10 00:00:00+07:00,31950.0,32950.0,31150.0,31600.0,31600.0,28376500,0.0,0.0
2022-01-11 00:00:00+07:00,31800.0,33300.0,31700.0,32450.0,32450.0,29595900,0.0,0.0
2022-01-12 00:00:00+07:00,32500.0,34700.0,31650.0,34700.0,34700.0,62422400,0.0,0.0
2022-01-13 00:00:00+07:00,35400.0,36200.0,34300.0,34300.0,34300.0,43947500,0.0,0.0
2022-01-14 00:00:00+07:00,33800.0,35450.0,33750.0,35000.0,35000.0,26697800,0.0,0.0
2022-01-17 00:00:00+07:00,35500.0,35600.0,32600.0,32600.0,32600.0,44370800,0.0,0.0
2022-01-18 00:00:00+07:00,32600.0,34500.0,32550.0,33900.0,33900.0,39676700,0.0,0.0
2022-01-19 00:00:00+07:00,34300.0,34400.0,32700.0,32900.0,32900.0,20802100,0.0,0.0
2022-01-20 00:00:00+07:00,32600.0,33900.0,31800.0,33800.0,33800.0,30983900,0.0,0.0
2022-01-21 00:00:00+07:00,33600.0,35250.0,33350.0,34600.0,34600.0,39140700,0.0,0.0
2022-01-24 00:00:00+07:00,34400.0,34950.0,33000.0,33300.0,33300.0,30187300,0.0,0.0
2022-01-25 00:00:00+07:00,33100.0,34800.0,33000.0,34700.0,34700.0,24092400,0.0,0.0
2022-01-26 00:00:00+07:00,35000.0,36500.0,34800.0,35550.0,35550.0,48906400,0.0,0.0
2022-01-27 00:00:00+07:00,35300.0,35950.0,34750.0,35400.0,35400.0,23697100,0.0,0.0
2022-01-28 00:00:00+07:00,35200.0,36200.0,35200.0,35550.0,35550.0,22212200,0.0,0.0
2022-01-31 00:00:00+07:00,35550.0,35550.0,35550.0,35550.0,35550.0,0,0.0,0.0
2022-02-01 00:00:00+07:00,35550.0,35550.0,35550.0,35550.0,35550.0,0,0.0,0.0
2022-02-02 00:00:00+07:00,35550.0,35550.0,35550.0,35550.0,35550.0,0,0.0,0.0
2022-02-03 00:00:00+07:00,35550.0,35550.0,35550.0,35550.0,35550.0,0,0.0,0.0
2022-02-04 00:00:00+07:00,35550.0,35550.0,35550.0,35550.0,35550.0,0,0.0,0.0
2022-02-07 00:00:00+07:00,36000.0,36300.0,35450.0,35600.0,35600.0,18652400,0.0,0.0
2022-02-08 00:00:00+07:00,35350.0,36200.0,35350.0,35850.0,35850.0,18823800,0.0,0.0
2022-02-09 00:00:00+07:00,36000.0,36700.0,35000.0,35050.0,35050.0,32928900,0.0,0.0
2022-02-10 00:00:00+07:00,35000.0,35250.0,34200.0,34750.0,34750.0,33959900,0.0,0.0
2022-02-11 00:00:00+07:00,34750.0,35350.0,34450.0,35300.0,35300.0,18450500,0.0,0.0
2022-02-14 00:00:00+07:00,34850.0,35000.0,32850.0,32850.0,32850.0,37421900,0.0,0.0
2022-02-15 00:00:00+07:00,32850.0,32850.0,32850.0,32850.0,32850.0,0,0.0,0.0
2022-02-16 00:00:00+07:00,33750.0,34100.0,33100.0,33600.0,33600.0,20057100,0.0,0.0
2022-02-17 00:00:00+07:00,33600.0,34250.0,33450.0,33900.0,33900.0,15739300,0.0,0.0
2022-02-18 00:00:00+07:00,33600.0,33800.0,33200.0,33350.0,33350.0,18494900,0.0,0.0
2022-02-21 00:00:00+07:00,33350.0,33550.0,32800.0,33200.0,33200.0,21150600,0.0,0.0
2022-02-22 00:00:00+07:00,32900.0,33700.0,32800.0,33700.0,33700.0,24415700,0.0,0.0
2022-02-23 00:00:00+07:00,33900.0,33950.0,33600.0,33600.0,33600.0,13866100,0.0,0.0
2022-02-24 00:00:00+07:00,33400.0,33700.0,32000.0,32900.0,32900.0,30479000,0.0,0.0
2022-02-25 00:00:00+07:00,33100.0,33550.0,32900.0,33000.0,33000.0,17789600,0.0,0.0
2022-02-28 00:00:00+07:00,33000.0,33350.0,32800.0,32850.0,32850.0,16458800,0.0,0.0
2022-03-01 00:00:00+07:00,33000.0,33000.0,32650.0,32650.0,32650.0,16919600,0.0,0.0
2022-03-02 00:00:00+07:00,32500.0,32550.0,31100.0,31250.0,31250.0,45276000,0.0,0.0
2022-03-03 00:00:00+07:00,31550.0,31900.0,31100.0,31850.0,31850.0,19790900,0.0,0.0
2022-03-04 00:00:00+07:00,31850.0,32550.0,31500.0,32000.0,32000.0,13257500,0.0,0.0
2022-03-07 00:00:00+07:00,31200.0,32000.0,31200.0,31500.0,31500.0,16727500,0.0,0.0
2022-03-08 00:00:00+07:00,31050.0,31650.0,30650.0,30850.0,30850.0,16477900,0.0,0.0
2022-03-09 00:00:00+07:00,31000.0,31300.0,30500.0,31100.0,31100.0,14911000,0.0,0.0
2022-03-10 00:00:00+07:00,31750.0,32000.0,31550.0,31550.0,31550.0,12219700,0.0,0.0
2022-03-11 00:00:00+07:00,31400.0,32450.0,31300.0,32050.0,32050.0,15987700,0.0,0.0
2022-03-14 00:00:00+07:00,32050.0,32600.0,31850.0,32500.0,32500.0,20978200,0.0,0.0
2022-03-15 00:00:00+07:00,32500.0,33150.0,32350.0,32700.0,32700.0,17471800,0.0,0.0
2022-03-16 00:00:00+07:00,32800.0,32950.0,32550.0,32900.0,32900.0,11148500,0.0,0.0
2022-03-17 00:00:00+07:00,33000.0,33150.0,32650.0,32800.0,32800.0,10884800,0.0,0.0
2022-03-18 00:00:00+07:00,32800.0,33250.0,32550.0,33100.0,33100.0,26734000,0.0,0.0
2022-03-21 00:00:00+07:00,33100.0,33450.0,32800.0,33100.0,33100.0,12852100,0.0,0.0
2022-03-22 00:00:00+07:00,33350.0,34200.0,33350.0,34050.0,34050.0,24584000,0.0,0.0
2022-03-23 00:00:00+07:00,34000.0,34300.0,33650.0,34000.0,34000.0,15498400,0.0,0.0
2022-03-24 00:00:00+07:00,34000.0,34050.0,33600.0,33650.0,33650.0,9921600,0.0,0.0
2022-03-25 00:00:00+07:00,33600.0,34000.0,33600.0,33650.0,33650.0,11344100,0.0,0.0
2022-03-28 00:00:00+07:00,33500.0,33550.0,31800.0,31850.0,31850.0,36749100,0.0,0.0
2022-03-29 00:00:00+07:00,32100.0,32350.0,31750.0,32300.0,32300.0,12694700,0.0,0.0
2022-03-30 00:00:00+07:00,31950.0,32650.0,31500.0,32250.0,32250.0,15931800,0.0,0.0
2022-03-31 00:00:00+07:00,32100.0,32450.0,31700.0,31700.0,31700.0,9023400,0.0,0.0
2022-04-01 00:00:00+07:00,31650.0,32250.0,31550.0,32200.0,32200.0,9156000,0.0,0.0
2022-04-04 00:00:00+07:00,32500.0,32700.0,32150.0,32200.0,32200.0,10191000,0.0,0.0
2022-04-05 00:00:00+07:00,32050.0,32300.0,31800.0,31800.0,31800.0,8729900,0.0,0.0
2022-04-06 00:00:00+07:00,31800.0,32600.0,31550.0,32350.0,32350.0,12151500,0.0,0.0
2022-04-07 00:00:00+07:00,32400.0,32900.0,31750.0,31900.0,31900.0,11478600,0.0,0.0
2022-04-08 00:00:00+07:00,31900.0,31950.0,30900.0,31000.0,31000.0,18745300,0.0,0.0
2022-04-11 00:00:00+07:00,31000.0,31000.0,31000.0,31000.0,31000.0,0,0.0,0.0
2022-04-12 00:00:00+07:00,31150.0,31450.0,30500.0,30800.0,30800.0,9624800,0.0,0.0
2022-04-13 00:00:00+07:00,31000.0,31500.0,30700.0,31350.0,31350.0,6924200,0.0,0.0
2022-04-14 00:00:00+07:00,31350.0,31500.0,30750.0,30800.0,30800.0,6467600,0.0,0.0
2022-04-15 00:00:00+07:00,30700.0,31000.0,30100.0,30100.0,30100.0,10461600,0.0,0.0
2022-04-18 00:00:00+07:00,30100.0,30200.0,29000.0,29000.0,29000.0,14856200,0.0,0.0
2022-04-19 00:00:00+07:00,29100.0,29400.0,27500.0,27500.0,27500.0,15852000,0.0,0.0
2022-04-20 00:00:00+07:00,27800.0,28200.0,27450.0,27550.0,27550.0,12024300,0.0,0.0
2022-04-21 00:00:00+07:00,27400.0,28350.0,27100.0,27650.0,27650.0,9902300,0.0,0.0
2022-04-22 00:00:00+07:00,28100.0,29000.0,27800.0,28800.0,28800.0,11530600,0.0,0.0
2022-04-25 00:00:00+07:00,28800.0,29000.0,26800.0,26800.0,26800.0,14386300,0.0,0.0
2022-04-26 00:00:00+07:00,26600.0,27500.0,25650.0,27400.0,27400.0,11114800,0.0,0.0
2022-04-27 00:00:00+07:00,27000.0,28200.0,26450.0,28200.0,28200.0,8593800,0.0,0.0
2022-04-28 00:00:00+07:00,27850.0,28200.0,27400.0,27700.0,27700.0,6523900,0.0,0.0
2022-04-29 00:00:00+07:00,27550.0,28150.0,27400.0,27700.0,27700.0,11168500,0.0,0.0
2022-05-02 00:00:00+07:00,27700.0,27700.0,27700.0,27700.0,27700.0,0,0.0,0.0
2022-05-03 00:00:00+07:00,27700.0,27700.0,27700.0,27700.0,27700.0,0,0.0,0.0
2022-05-04 00:00:00+07:00,27700.0,27700.0,26700.0,26750.0,26750.0,8979400,0.0,0.0
2022-05-05 00:00:00+07:00,27000.0,27050.0,25900.0,26900.0,26900.0,13505600,0.0,0.0
2022-05-06 00:00:00+07:00,26000.0,26600.0,25400.0,25500.0,25500.0,15245000,0.0,0.0
2022-05-09 00:00:00+07:00,25100.0,25100.0,23750.0,23750.0,23750.0,23972900,0.0,0.0
2022-05-10 00:00:00+07:00,22550.0,23900.0,22550.0,23900.0,23900.0,18391700,0.0,0.0
2022-05-11 00:00:00+07:00,23900.0,24000.0,22800.0,23550.0,23550.0,13068000,0.0,0.0
2022-05-12 00:00:00+07:00,23450.0,23450.0,21950.0,21950.0,21950.0,24214900,0.0,0.0
2022-05-13 00:00:00+07:00,21500.0,21950.0,20450.0,20450.0,20450.0,22537200,0.0,0.0
2022-05-16 00:00:00+07:00,21100.0,21300.0,19050.0,19050.0,19050.0,35190100,0.0,0.0
2022-05-17 00:00:00+07:00,18700.0,20350.0,18600.0,20350.0,20350.0,30818300,0.0,0.0
2022-05-18 00:00:00+07:00,20950.0,21750.0,20700.0,21750.0,21750.0,27100600,0.0,0.0
2022-05-19 00:00:00+07:00,21300.0,22400.0,21250.0,21750.0,21750.0,22221600,0.0,0.0
2022-05-20 00:00:00+07:00,21750.0,22050.0,21500.0,21600.0,21600.0,14328800,0.0,0.0
2022-05-23 00:00:00+07:00,21750.0,21750.0,20150.0,20350.0,20350.0,30824100,0.0,0.0
2022-05-24 00:00:00+07:00,20350.0,21750.0,20100.0,21750.0,21750.0,17952200,0.0,0.0
2022-05-25 00:00:00+07:00,22000.0,22850.0,22000.0,22750.0,22750.0,20351500,0.0,0.0
2022-05-26 00:00:00+07:00,22600.0,22750.0,22300.0,22400.0,22400.0,15266200,0.0,0.0
2022-05-27 00:00:00+07:00,22500.0,22700.0,22100.0,22250.0,22250.0,15040300,0.0,0.0
2022-05-30 00:00:00+07:00,22450.0,23000.0,22250.0,22800.0,22800.0,16390500,0.0,0.0
2022-05-31 00:00:00+07:00,22600.0,22800.0,22350.0,22350.0,22350.0,12812300,0.0,0.0
2022-06-01 00:00:00+07:00,22300.0,22600.0,22000.0,22250.0,22250.0,14727100,0.0,0.0
2022-06-02 00:00:00+07:00,22250.0,22250.0,22250.0,22250.0,22250.0,0,0.0,0.0
2022-06-03 00:00:00+07:00,21500.0,21700.0,20950.0,21150.0,21150.0,12083400,0.0,0.0
2022-06-06 00:00:00+07:00,21150.0,21400.0,20500.0,20500.0,20500.0,17162600,0.0,0.0
2022-06-07 00:00:00+07:00,20500.0,20550.0,19800.0,20200.0,20200.0,16797600,0.0,0.0
2022-06-08 00:00:00+07:00,20400.0,21600.0,20300.0,21600.0,21600.0,11493800,0.0,0.0
2022-06-09 00:00:00+07:00,22250.0,22350.0,21700.0,22300.0,22300.0,16071100,0.0,0.0
2022-06-10 00:00:00+07:00,21800.0,22700.0,21750.0,21900.0,21900.0,17446000,0.0,0.0
2022-06-13 00:00:00+07:00,21050.0,21600.0,20500.0,20600.0,20600.0,16680200,0.0,0.0
2022-06-14 00:00:00+07:00,20350.0,21250.0,20350.0,20900.0,20900.0,12472300,0.0,0.0
2022-06-15 00:00:00+07:00,21000.0,21050.0,19950.0,20700.0,20700.0,13262200,0.0,0.0
2022-06-16 00:00:00+07:00,21100.0,21250.0,20800.0,21000.0,21000.0,11245300,0.0,0.0
2022-06-17 00:00:00+07:00,20500.0,20500.0,19800.0,20250.0,20250.0,12492500,0.0,0.0
2022-06-20 00:00:00+07:00,20300.0,20550.0,18850.0,18850.0,18850.0,16894800,0.0,0.0
2022-06-21 00:00:00+07:00,18850.0,19600.0,18700.0,19200.0,19200.0,10840400,0.0,0.0
2022-06-22 00:00:00+07:00,19700.0,20500.0,19600.0,20500.0,20500.0,9689900,0.0,0.0
2022-06-23 00:00:00+07:00,20150.0,21700.0,20150.0,21300.0,21300.0,15465200,0.0,0.0
2022-06-24 00:00:00+07:00,21300.0,21800.0,21050.0,21200.0,21200.0,11596900,0.0,0.0
2022-06-27 00:00:00+07:00,21400.0,21750.0,21150.0,21500.0,21500.0,9786600,0.0,0.0
2022-06-28 00:00:00+07:00,21500.0,22800.0,21350.0,22550.0,22550.0,24887500,0.0,0.0
2022-06-29 00:00:00+07:00,22100.0,23300.0,22100.0,22600.0,22600.0,13808600,0.0,0.0
2022-06-30 00:00:00+07:00,22550.0,22750.0,21500.0,21500.0,21500.0,18789800,0.0,0.0
2022-07-01 00:00:00+07:00,21400.0,22050.0,20700.0,22000.0,22000.0,16869800,0.0,0.0
2022-07-04 00:00:00+07:00,22300.0,22950.0,22100.0,22350.0,22350.0,22132700,0.0,0.0
2022-07-05 00:00:00+07:00,22400.0,23600.0,22350.0,23050.0,23050.0,30049300,0.0,0.0
2022-07-06 00:00:00+07:00,22600.0,23400.0,22450.0,22500.0,22500.0,17725300,0.0,0.0
2022-07-07 00:00:00+07:00,22500.0,23150.0,22100.0,22600.0,22600.0,15935900,0.0,0.0
2022-07-08 00:00:00+07:00,23000.0,23050.0,22350.0,22500.0,22500.0,15739700,0.0,0.0
2022-07-11 00:00:00+07:00,22250.0,22450.0,21650.0,22050.0,22050.0,21170600,0.0,0.0
2022-07-12 00:00:00+07:00,22050.0,22050.0,22050.0,22050.0,22050.0,0,0.0,0.0
2022-07-13 00:00:00+07:00,22600.0,23400.0,22600.0,23050.0,23050.0,17150700,0.0,0.0
2022-07-14 00:00:00+07:00,22900.0,23350.0,22800.0,23300.0,23300.0,12876400,0.0,0.0
2022-07-15 00:00:00+07:00,23400.0,23750.0,22950.0,23000.0,23000.0,16982600,0.0,0.0
2022-07-18 00:00:00+07:00,23050.0,23400.0,22550.0,22550.0,22550.0,14305700,0.0,0.0
2022-07-19 00:00:00+07:00,22550.0,23150.0,22450.0,22950.0,22950.0,11691000,0.0,0.0
2022-07-20 00:00:00+07:00,23250.0,23500.0,22950.0,23050.0,23050.0,11199600,0.0,0.0
2022-07-21 00:00:00+07:00,23050.0,23600.0,23000.0,23100.0,23100.0,17945400,0.0,0.0
2022-07-22 00:00:00+07:00,23300.0,23500.0,23000.0,23000.0,23000.0,11581700,0.0,0.0
2022-07-25 00:00:00+07:00,23000.0,23300.0,22800.0,22850.0,22850.0,6665200,0.0,0.0
2022-07-26 00:00:00+07:00,22950.0,22950.0,22700.0,22950.0,22950.0,9279700,0.0,0.0
2022-07-27 00:00:00+07:00,22850.0,23050.0,22750.0,23050.0,23050.0,9170900,0.0,0.0
2022-07-28 00:00:00+07:00,23350.0,24650.0,23250.0,24450.0,24450.0,40238200,0.0,0.0
2022-07-29 00:00:00+07:00,24650.0,24900.0,24300.0,24700.0,24700.0,17762000,0.0,0.0
2022-08-01 00:00:00+07:00,24500.0,25600.0,24500.0,25200.0,25200.0,16701100,0.0,0.0
2022-08-02 00:00:00+07:00,25000.0,25500.0,24850.0,24950.0,24950.0,18607500,0.0,0.0
2022-08-03 00:00:00+07:00,24850.0,25650.0,24750.0,25450.0,25450.0,14338500,0.0,0.0
2022-08-04 00:00:00+07:00,25650.0,25700.0,25100.0,25200.0,25200.0,13127200,0.0,0.0
2022-08-05 00:00:00+07:00,25100.0,25250.0,24850.0,25250.0,25250.0,12665800,0.0,0.0
2022-08-08 00:00:00+07:00,25250.0,25650.0,25100.0,25300.0,25300.0,7664100,0.0,0.0
2022-08-09 00:00:00+07:00,25300.0,25500.0,25000.0,25250.0,25250.0,7863800,0.0,0.0
2022-08-10 00:00:00+07:00,25200.0,25300.0,24900.0,24900.0,24900.0,8967800,0.0,0.0
2022-08-11 00:00:00+07:00,25200.0,25600.0,24800.0,25200.0,25200.0,15664300,0.0,0.0
2022-08-12 00:00:00+07:00,25050.0,25650.0,25050.0,25650.0,25650.0,8391200,0.0,0.0
2022-08-15 00:00:00+07:00,25900.0,26350.0,25650.0,25650.0,25650.0,13671000,0.0,0.0
2022-08-16 00:00:00+07:00,25800.0,25800.0,25350.0,25550.0,25550.0,9490900,0.0,0.0
2022-08-17 00:00:00+07:00,25550.0,25600.0,25300.0,25400.0,25400.0,11130300,0.0,0.0
2022-08-18 00:00:00+07:00,25200.0,25650.0,25000.0,25200.0,25200.0,12921000,0.0,0.0
2022-08-19 00:00:00+07:00,25250.0,25500.0,25050.0,25100.0,25100.0,7722200,0.0,0.0
2022-08-22 00:00:00+07:00,25000.0,25200.0,24700.0,24700.0,24700.0,9667900,0.0,0.0
2022-08-23 00:00:00+07:00,24600.0,25000.0,24300.0,25000.0,25000.0,9877300,0.0,0.0
2022-08-24 00:00:00+07:00,25100.0,25550.0,24800.0,25400.0,25400.0,13326500,0.0,0.0
2022-08-25 00:00:00+07:00,25550.0,25650.0,25400.0,25650.0,25650.0,8891300,0.0,0.0
2022-08-26 00:00:00+07:00,25700.0,25800.0,25100.0,25100.0,25100.0,10738200,0.0,0.0
2022-08-29 00:00:00+07:00,24700.0,24850.0,24050.0,24850.0,24850.0,15059400,0.0,0.0
2022-08-30 00:00:00+07:00,24900.0,25100.0,24650.0,24650.0,24650.0,8084200,0.0,0.0
2022-08-31 00:00:00+07:00,24550.0,24900.0,24400.0,24800.0,24800.0,7673100,0.0,0.0
2022-09-01 00:00:00+07:00,24800.0,24800.0,24800.0,24800.0,24800.0,0,0.0,0.0
2022-09-02 00:00:00+07:00,24800.0,24800.0,24800.0,24800.0,24800.0,0,0.0,0.0
2022-09-05 00:00:00+07:00,24700.0,24850.0,24600.0,24700.0,24700.0,5292400,0.0,0.0
2022-09-06 00:00:00+07:00,24700.0,25050.0,24650.0,24700.0,24700.0,6307900,0.0,0.0
2022-09-07 00:00:00+07:00,24700.0,25450.0,24350.0,24350.0,24350.0,22424200,0.0,0.0
2022-09-08 00:00:00+07:00,24700.0,24700.0,23900.0,23900.0,23900.0,10363500,0.0,0.0
2022-09-09 00:00:00+07:00,24000.0,24050.0,22650.0,23750.0,23750.0,21144800,0.0,0.0
2022-09-12 00:00:00+07:00,23750.0,23900.0,23100.0,23100.0,23100.0,5734900,0.0,0.0
2022-09-13 00:00:00+07:00,23000.0,23450.0,23000.0,23050.0,23050.0,6532800,0.0,0.0
2022-09-14 00:00:00+07:00,22650.0,23050.0,22500.0,23050.0,23050.0,10170600,0.0,0.0
2022-09-15 00:00:00+07:00,23250.0,23350.0,22800.0,23050.0,23050.0,8396500,0.0,0.0
2022-09-16 00:00:00+07:00,22950.0,23000.0,22450.0,22450.0,22450.0,16349600,0.0,0.0
2022-09-19 00:00:00+07:00,22600.0,22650.0,21600.0,21600.0,21600.0,10742400,0.0,0.0
2022-09-20 00:00:00+07:00,21900.0,22300.0,21650.0,22150.0,22150.0,6368400,0.0,0.0
2022-09-21 00:00:00+07:00,22050.0,22100.0,21750.0,21750.0,21750.0,3707700,0.0,0.0
2022-09-22 00:00:00+07:00,21450.0,21950.0,21450.0,21950.0,21950.0,5220700,0.0,0.0
2022-09-23 00:00:00+07:00,21800.0,22000.0,21450.0,21450.0,21450.0,6962300,0.0,0.0
2022-09-26 00:00:00+07:00,20950.0,21000.0,20250.0,20500.0,20500.0,16606500,0.0,0.0
2022-09-27 00:00:00+07:00,20800.0,20800.0,20400.0,20500.0,20500.0,5440900,0.0,0.0
2022-09-28 00:00:00+07:00,20200.0,20600.0,20150.0,20300.0,20300.0,6498700,0.0,0.0
2022-09-29 00:00:00+07:00,20600.0,20700.0,19700.0,19700.0,19700.0,7927300,0.0,0.0
2022-09-30 00:00:00+07:00,19600.0,20800.0,19500.0,20600.0,20600.0,16490500,0.0,0.0
2022-10-03 00:00:00+07:00,20300.0,20400.0,19200.0,19200.0,19200.0,14937100,0.0,0.0
2022-10-04 00:00:00+07:00,19750.0,19750.0,18600.0,18750.0,18750.0,15971100,0.0,0.0
2022-10-05 00:00:00+07:00,19350.0,19500.0,19000.0,19250.0,19250.0,10610300,0.0,0.0
2022-10-06 00:00:00+07:00,19350.0,19350.0,17950.0,18000.0,18000.0,18656100,0.0,0.0
2022-10-07 00:00:00+07:00,17600.0,17600.0,16750.0,16750.0,16750.0,40976500,0.0,0.0
2022-10-10 00:00:00+07:00,16200.0,17250.0,15750.0,17000.0,17000.0,34119100,0.0,0.0
2022-10-11 00:00:00+07:00,16950.0,17000.0,15850.0,15850.0,15850.0,24976900,0.0,0.0
2022-10-12 00:00:00+07:00,15950.0,16950.0,15900.0,16950.0,16950.0,15160800,0.0,0.0
2022-10-13 00:00:00+07:00,17050.0,17700.0,16950.0,17650.0,17650.0,16491000,0.0,0.0
2022-10-14 00:00:00+07:00,18100.0,18100.0,17450.0,17650.0,17650.0,25065100,0.0,0.0
2022-10-17 00:00:00+07:00,17450.0,18150.0,17300.0,18150.0,18150.0,12846000,0.0,0.0
2022-10-18 00:00:00+07:00,18500.0,18650.0,17500.0,17700.0,17700.0,14148300,0.0,0.0
2022-10-19 00:00:00+07:00,17750.0,17850.0,16900.0,17300.0,17300.0,17992600,0.0,0.0
2022-10-20 00:00:00+07:00,17250.0,17750.0,16900.0,17150.0,17150.0,13245100,0.0,0.0
2022-10-21 00:00:00+07:00,17100.0,17250.0,15950.0,15950.0,15950.0,22530300,0.0,0.0
2022-10-24 00:00:00+07:00,16050.0,16350.0,14850.0,14850.0,14850.0,27147400,0.0,0.0
2022-10-25 00:00:00+07:00,14900.0,15850.0,14050.0,14900.0,14900.0,22832700,0.0,0.0
2022-10-26 00:00:00+07:00,15150.0,15400.0,14800.0,15000.0,15000.0,7624800,0.0,0.0
2022-10-27 00:00:00+07:00,15000.0,16050.0,15000.0,16050.0,16050.0,21985200,0.0,0.0
2022-10-28 00:00:00+07:00,16450.0,16850.0,16100.0,16150.0,16150.0,18824600,0.0,0.0
2022-10-31 00:00:00+07:00,16200.0,16500.0,15600.0,16150.0,16150.0,16782900,0.0,0.0
2022-11-01 00:00:00+07:00,16500.0,17250.0,16350.0,16900.0,16900.0,29458400,0.0,0.0
2022-11-02 00:00:00+07:00,16900.0,17300.0,16750.0,16900.0,16900.0,19123400,0.0,0.0
2022-11-03 00:00:00+07:00,16800.0,17450.0,16800.0,17250.0,17250.0,19534000,0.0,0.0
2022-11-04 00:00:00+07:00,17050.0,17250.0,16050.0,16600.0,16600.0,32100600,0.0,0.0
2022-11-07 00:00:00+07:00,16350.0,16700.0,15500.0,15500.0,15500.0,20698900,0.0,0.0
2022-11-08 00:00:00+07:00,15500.0,16550.0,15300.0,16450.0,16450.0,22034700,0.0,0.0
2022-11-09 00:00:00+07:00,16800.0,17050.0,15800.0,16250.0,16250.0,35899100,0.0,0.0
2022-11-10 00:00:00+07:00,16000.0,16250.0,15150.0,15150.0,15150.0,37391500,0.0,0.0
2022-11-11 00:00:00+07:00,15600.0,16200.0,15450.0,15600.0,15600.0,39517200,0.0,0.0
2022-11-14 00:00:00+07:00,15450.0,16100.0,14850.0,15850.0,15850.0,36929800,0.0,0.0
2022-11-15 00:00:00+07:00,15750.0,16000.0,14850.0,15100.0,15100.0,27646400,0.0,0.0
2022-11-16 00:00:00+07:00,14800.0,16150.0,14450.0,16150.0,16150.0,29344400,0.0,0.0
2022-11-17 00:00:00+07:00,16900.0,17250.0,16600.0,17200.0,17200.0,35148700,0.0,0.0
2022-11-18 00:00:00+07:00,16950.0,17650.0,16450.0,17100.0,17100.0,32563700,0.0,0.0
2022-11-21 00:00:00+07:00,17300.0,17400.0,16700.0,16700.0,16700.0,17502900,0.0,0.0
2022-11-22 00:00:00+07:00,16600.0,17850.0,16600.0,16900.0,16900.0,30775500,0.0,0.0
2022-11-23 00:00:00+07:00,16900.0,17900.0,16900.0,17500.0,17500.0,25665600,0.0,0.0
2022-11-24 00:00:00+07:00,17300.0,18200.0,16900.0,18200.0,18200.0,18314400,0.0,0.0
2022-11-25 00:00:00+07:00,18500.0,18950.0,18000.0,18900.0,18900.0,24962000,0.0,0.0
2022-11-28 00:00:00+07:00,19100.0,19750.0,19050.0,19700.0,19700.0,28234200,0.0,0.0
2022-11-29 00:00:00+07:00,19500.0,19950.0,18900.0,19750.0,19750.0,26282100,0.0,0.0
2022-11-30 00:00:00+07:00,19550.0,20200.0,19150.0,20000.0,20000.0,25462700,0.0,0.0
2022-12-01 00:00:00+07:00,20200.0,21100.0,19500.0,19500.0,19500.0,39125200,0.0,0.0
2022-12-02 00:00:00+07:00,19800.0,20850.0,19500.0,20850.0,20850.0,27685300,0.0,0.0
2022-12-05 00:00:00+07:00,22300.0,22300.0,21850.0,22300.0,22300.0,38505100,0.0,0.0
2022-12-06 00:00:00+07:00,22250.0,22650.0,20750.0,20750.0,20750.0,49350900,0.0,0.0
2022-12-07 00:00:00+07:00,20550.0,20900.0,19700.0,20300.0,20300.0,27772200,0.0,0.0
2022-12-08 00:00:00+07:00,20750.0,21700.0,20750.0,21700.0,21700.0,20042500,0.0,0.0
2022-12-09 00:00:00+07:00,22500.0,22600.0,21900.0,22400.0,22400.0,26467900,0.0,0.0
2022-12-12 00:00:00+07:00,22500.0,22600.0,21300.0,21300.0,21300.0,20770500,0.0,0.0
2022-12-13 00:00:00+07:00,21350.0,22600.0,21050.0,22550.0,22550.0,25986500,0.0,0.0
2022-12-14 00:00:00+07:00,23000.0,23500.0,22700.0,23250.0,23250.0,21018800,0.0,0.0
2022-12-15 00:00:00+07:00,23100.0,23650.0,22650.0,23250.0,23250.0,20332000,0.0,0.0
2022-12-16 00:00:00+07:00,22850.0,23200.0,22550.0,22800.0,22800.0,25278700,0.0,0.0
2022-12-19 00:00:00+07:00,23000.0,23400.0,22400.0,22400.0,22400.0,23175600,0.0,0.0
2022-12-20 00:00:00+07:00,22000.0,22450.0,21250.0,22450.0,22450.0,28918700,0.0,0.0
2022-12-21 00:00:00+07:00,22750.0,23800.0,22300.0,23550.0,23550.0,35449400,0.0,0.0
2022-12-22 00:00:00+07:00,23750.0,24150.0,23100.0,23400.0,23400.0,17470200,0.0,0.0
2022-12-23 00:00:00+07:00,23450.0,23700.0,22900.0,23500.0,23500.0,13227800,0.0,0.0
2022-12-26 00:00:00+07:00,23450.0,23550.0,21900.0,21900.0,21900.0,20485300,0.0,0.0
2022-12-27 00:00:00+07:00,22000.0,23000.0,21850.0,22500.0,22500.0,20842100,0.0,0.0
2022-12-28 00:00:00+07:00,22600.0,23000.0,22050.0,22900.0,22900.0,15196800,0.0,0.0
2022-12-29 00:00:00+07:00,22700.0,22950.0,22350.0,22350.0,22350.0,9448000,0.0,0.0
2022-12-30 00:00:00+07:00,22600.0,22700.0,22200.0,22500.0,22500.0,10618600,0.0,0.0
2023-01-02 00:00:00+07:00,22500.0,22500.0,22500.0,22500.0,22500.0,0,0.0,0.0
2023-01-03 00:00:00+07:00,22500.0,23600.0,22500.0,23500.0,23500.0,16251000,0.0,0.0
2023-01-04 00:00:00+07:00,23600.0,24100.0,23300.0,23300.0,23300.0,18036600,0.0,0.0
2023-01-05 00:00:00+07:00,23400.0,24250.0,23400.0,24200.0,24200.0,19217000,0.0,0.0
2023-01-06 00:00:00+07:00,24250.0,25100.0,24100.0,24300.0,24300.0,25666300,0.0,0.0
2023-01-09 00:00:00+07:00,24600.0,25000.0,24200.0,24650.0,24650.0,13239000,0.0,0.0
2023-01-10 00:00:00+07:00,24650.0,25300.0,24150.0,24950.0,24950.0,14761200,0.0,0.0
2023-01-11 00:00:00+07:00,25250.0,25400.0,24700.0,24700.0,24700.0,10080600,0.0,0.0
2023-01-12 00:00:00+07:00,24900.0,24950.0,24550.0,24950.0,24950.0,7154600,0.0,0.0
2023-01-13 00:00:00+07:00,25150.0,25450.0,24950.0,25300.0,25300.0,13353500,0.0,0.0
2023-01-16 00:00:00+07:00,25400.0,25550.0,25000.0,25500.0,25500.0,7925000,0.0,0.0
2023-01-17 00:00:00+07:00,25500.0,26550.0,25500.0,26550.0,26550.0,14388000,0.0,0.0
2023-01-18 00:00:00+07:00,26550.0,26850.0,26550.0,26800.0,26800.0,8512500,0.0,0.0
2023-01-19 00:00:00+07:00,26550.0,27000.0,26500.0,26800.0,26800.0,12060500,0.0,0.0
2023-01-20 00:00:00+07:00,26800.0,26800.0,26800.0,26800.0,26800.0,0,0.0,0.0
2023-01-23 00:00:00+07:00,26800.0,26800.0,26800.0,26800.0,26800.0,0,0.0,0.0
2023-01-24 00:00:00+07:00,26800.0,26800.0,26800.0,26800.0,26800.0,0,0.0,0.0
2023-01-25 00:00:00+07:00,26800.0,26800.0,26800.0,26800.0,26800.0,0,0.0,0.0
2023-01-26 00:00:00+07:00,26800.0,26800.0,26800.0,26800.0,26800.0,0,0.0,0.0
2023-01-27 00:00:00+07:00,27100.0,27400.0,26650.0,26650.0,26650.0,8531800,0.0,0.0
2023-01-30 00:00:00+07:00,26500.0,26650.0,25850.0,25850.0,25850.0,18539200,0.0,0.0
2023-01-31 00:00:00+07:00,25850.0,27100.0,25150.0,27100.0,27100.0,25362500,0.0,0.0
2023-02-01 00:00:00+07:00,27100.0,27300.0,25400.0,25650.0,25650.0,16199300,0.0,0.0
2023-02-02 00:00:00+07:00,25700.0,26350.0,25400.0,26150.0,26150.0,18433700,0.0,0.0
2023-02-03 00:00:00+07:00,26350.0,27150.0,26050.0,26050.0,26050.0,30634000,0.0,0.0
2023-02-06 00:00:00+07:00,26100.0,26400.0,25600.0,25700.0,25700.0,19359900,0.0,0.0
2023-02-07 00:00:00+07:00,25900.0,26300.0,25550.0,25750.0,25750.0,19755100,0.0,0.0
2023-02-08 00:00:00+07:00,25900.0,25950.0,25000.0,25000.0,25000.0,28192600,0.0,0.0
2023-02-09 00:00:00+07:00,25200.0,25700.0,24200.0,24450.0,24450.0,37343600,0.0,0.0
2023-02-10 00:00:00+07:00,24500.0,24800.0,23650.0,23650.0,23650.0,16166300,0.0,0.0
2023-02-13 00:00:00+07:00,23800.0,24500.0,23350.0,24500.0,24500.0,17392800,0.0,0.0
2023-02-14 00:00:00+07:00,24500.0,24850.0,24050.0,24400.0,24400.0,9246400,0.0,0.0
2023-02-15 00:00:00+07:00,24100.0,24600.0,22950.0,23350.0,23350.0,33356400,0.0,0.0
2023-02-16 00:00:00+07:00,23750.0,24250.0,23450.0,23900.0,23900.0,15366000,0.0,0.0
2023-02-17 00:00:00+07:00,24600.0,24900.0,24350.0,24400.0,24400.0,17975900,0.0,0.0
2023-02-20 00:00:00+07:00,24300.0,25700.0,24200.0,25700.0,25700.0,20147300,0.0,0.0
2023-02-21 00:00:00+07:00,25950.0,26100.0,25350.0,25350.0,25350.0,16561800,0.0,0.0
2023-02-22 00:00:00+07:00,25100.0,25500.0,24700.0,24700.0,24700.0,18524900,0.0,0.0
2023-02-23 00:00:00+07:00,24600.0,25000.0,24050.0,25000.0,25000.0,14252800,0.0,0.0
2023-02-24 00:00:00+07:00,25050.0,25050.0,24300.0,24300.0,24300.0,8464100,0.0,0.0
2023-02-27 00:00:00+07:00,24000.0,24200.0,23600.0,23600.0,23600.0,13398600,0.0,0.0
2023-02-28 00:00:00+07:00,23950.0,24000.0,23600.0,23750.0,23750.0,6462100,0.0,0.0
2023-03-01 00:00:00+07:00,23600.0,25400.0,23600.0,25400.0,25400.0,21605400,0.0,0.0
2023-03-02 00:00:00+07:00,25400.0,25700.0,25200.0,25600.0,25600.0,11122900,0.0,0.0
2023-03-03 00:00:00+07:00,25650.0,25750.0,25000.0,25000.0,25000.0,11814300,0.0,0.0
2023-03-06 00:00:00+07:00,25250.0,25600.0,24700.0,24900.0,24900.0,18558000,0.0,0.0
2023-03-07 00:00:00+07:00,25050.0,25300.0,24850.0,25000.0,25000.0,15476600,0.0,0.0
2023-03-08 00:00:00+07:00,24850.0,25350.0,24850.0,25350.0,25350.0,13744200,0.0,0.0
2023-03-09 00:00:00+07:00,25500.0,27100.0,25450.0,26500.0,26500.0,42575200,0.0,0.0
2023-03-10 00:00:00+07:00,26500.0,26850.0,25950.0,26000.0,26000.0,23483500,0.0,0.0
2023-03-13 00:00:00+07:00,25600.0,25750.0,25000.0,25000.0,25000.0,29609000,0.0,0.0
2023-03-14 00:00:00+07:00,24900.0,25050.0,24100.0,24400.0,24400.0,25329600,0.0,0.0
2023-03-15 00:00:00+07:00,25100.0,25500.0,24900.0,25350.0,25350.0,20097700,0.0,0.0
2023-03-16 00:00:00+07:00,24800.0,24950.0,24500.0,24600.0,24600.0,19670500,0.0,0.0
2023-03-17 00:00:00+07:00,24750.0,25050.0,24550.0,25050.0,25050.0,21263500,0.0,0.0
2023-03-20 00:00:00+07:00,25000.0,25050.0,24200.0,24200.0,24200.0,16972100,0.0,0.0
2023-03-21 00:00:00+07:00,24500.0,24650.0,24150.0,24600.0,24600.0,10858100,0.0,0.0
2023-03-22 00:00:00+07:00,24750.0,25250.0,24600.0,24800.0,24800.0,16551000,0.0,0.0
2023-03-23 00:00:00+07:00,24550.0,25150.0,24500.0,25000.0,25000.0,12242200,0.0,0.0
2023-03-24 00:00:00+07:00,25250.0,25550.0,25050.0,25050.0,25050.0,16106400,0.0,0.0
2023-03-27 00:00:00+07:00,25050.0,25700.0,24950.0,25500.0,25500.0,16704000,0.0,0.0
2023-03-28 00:00:00+07:00,25900.0,26000.0,25300.0,25400.0,25400.0,17176400,0.0,0.0
2023-03-29 00:00:00+07:00,25500.0,25650.0,25150.0,25350.0,25350.0,16807400,0.0,0.0
2023-03-30 00:00:00+07:00,25700.0,26450.0,25400.0,26000.0,26000.0,39396200,0.0,0.0
2023-03-31 00:00:00+07:00,26000.0,26350.0,25850.0,26200.0,26200.0,22409800,0.0,0.0
2023-04-03 00:00:00+07:00,26600.0,27050.0,26500.0,26750.0,26750.0,25291900,0.0,0.0
2023-04-04 00:00:00+07:00,26750.0,26950.0,26500.0,26900.0,26900.0,17729100,0.0,0.0
2023-04-05 00:00:00+07:00,26900.0,26900.0,25900.0,26250.0,26250.0,39446300,0.0,0.0
2023-04-06 00:00:00+07:00,26250.0,26400.0,25650.0,25650.0,25650.0,26271200,0.0,0.0
2023-04-07 00:00:00+07:00,25750.0,26000.0,25500.0,26000.0,26000.0,15461800,0.0,0.0
2023-04-10 00:00:00+07:00,26100.0,26500.0,25850.0,25950.0,25950.0,16465400,0.0,0.0
2023-04-11 00:00:00+07:00,25900.0,25950.0,25600.0,25950.0,25950.0,13353600,0.0,0.0
2023-04-12 00:00:00+07:00,25950.0,26400.0,25800.0,26100.0,26100.0,20359600,0.0,0.0
2023-04-13 00:00:00+07:00,26200.0,26550.0,26050.0,26450.0,26450.0,16207400,0.0,0.0
2023-04-14 00:00:00+07:00,26700.0,26750.0,25700.0,25700.0,25700.0,16397700,0.0,0.0
2023-04-17 00:00:00+07:00,25800.0,26050.0,25650.0,25900.0,25900.0,10198100,0.0,0.0
2023-04-18 00:00:00+07:00,25900.0,26100.0,25800.0,25900.0,25900.0,10113700,0.0,0.0
2023-04-19 00:00:00+07:00,26000.0,26000.0,25500.0,25500.0,25500.0,14169900,0.0,0.0
2023-04-20 00:00:00+07:00,25600.0,25800.0,25500.0,25700.0,25700.0,9010300,0.0,0.0
2023-04-21 00:00:00+07:00,25700.0,25800.0,25500.0,25600.0,25600.0,8711200,0.0,0.0
2023-04-24 00:00:00+07:00,25650.0,25900.0,25450.0,25550.0,25550.0,7659200,0.0,0.0
2023-04-25 00:00:00+07:00,25750.0,25900.0,24900.0,25050.0,25050.0,15450700,0.0,0.0
2023-04-26 00:00:00+07:00,25050.0,25400.0,24650.0,25400.0,25400.0,12437000,0.0,0.0
2023-04-27 00:00:00+07:00,25400.0,25500.0,25150.0,25150.0,25150.0,6548900,0.0,0.0
2023-04-28 00:00:00+07:00,25250.0,25450.0,25150.0,25300.0,25300.0,6775000,0.0,0.0
2023-05-01 00:00:00+07:00,25300.0,25300.0,25300.0,25300.0,25300.0,0,0.0,0.0
2023-05-02 00:00:00+07:00,25300.0,25300.0,25300.0,25300.0,25300.0,0,0.0,0.0
2023-05-03 00:00:00+07:00,25300.0,25300.0,25300.0,25300.0,25300.0,0,0.0,0.0
2023-05-04 00:00:00+07:00,25050.0,25300.0,24950.0,25150.0,25150.0,8447400,0.0,0.0
2023-05-05 00:00:00+07:00,25050.0,25250.0,24850.0,24950.0,24950.0,7684600,0.0,0.0
2023-05-08 00:00:00+07:00,25000.0,25700.0,25000.0,25650.0,25650.0,10204600,0.0,0.0
2023-05-09 00:00:00+07:00,25650.0,25900.0,25600.0,25750.0,25750.0,7317100,0.0,0.0
2023-05-10 00:00:00+07:00,25800.0,26450.0,25750.0,26350.0,26350.0,14508700,0.0,0.0
2023-05-11 00:00:00+07:00,26400.0,26750.0,26300.0,26400.0,26400.0,14943800,0.0,0.0
2023-05-12 00:00:00+07:00,26550.0,26850.0,26350.0,26800.0,26800.0,16486600,0.0,0.0
2023-05-15 00:00:00+07:00,27000.0,27600.0,26900.0,27000.0,27000.0,29853900,0.0,0.0
2023-05-16 00:00:00+07:00,27000.0,27550.0,27000.0,27400.0,27400.0,13149900,0.0,0.0
2023-05-17 00:00:00+07:00,27400.0,27500.0,26900.0,27000.0,27000.0,17690100,0.0,0.0
2023-05-18 00:00:00+07:00,27150.0,27500.0,27000.0,27200.0,27200.0,15189700,0.0,0.0
2023-05-19 00:00:00+07:00,27350.0,27950.0,27200.0,27850.0,27850.0,24344500,0.0,0.0
2023-05-22 00:00:00+07:00,28000.0,28500.0,27800.0,28150.0,28150.0,17738400,0.0,0.0
2023-05-23 00:00:00+07:00,28200.0,28300.0,27700.0,27950.0,27950.0,17308100,0.0,0.0
2023-05-24 00:00:00+07:00,27950.0,27950.0,27950.0,27950.0,27950.0,0,0.0,0.0
2023-05-25 00:00:00+07:00,27200.0,27500.0,26850.0,27000.0,27000.0,35282200,0.0,0.0
2023-05-26 00:00:00+07:00,27250.0,27250.0,26850.0,27200.0,27200.0,11437800,0.0,0.0
2023-05-29 00:00:00+07:00,27400.0,27700.0,27300.0,27700.0,27700.0,9984100,0.0,0.0
2023-05-30 00:00:00+07:00,27950.0,27950.0,27400.0,27700.0,27700.0,9099700,0.0,0.0
2023-05-31 00:00:00+07:00,27700.0,27900.0,27550.0,27700.0,27700.0,15062400,0.0,0.0
2023-06-01 00:00:00+07:00,27650.0,28000.0,27650.0,28000.0,28000.0,8842400,0.0,0.0
2023-06-02 00:00:00+07:00,28200.0,28800.0,28150.0,28300.0,28300.0,17871000,0.0,0.0
2023-06-05 00:00:00+07:00,28550.0,28650.0,28050.0,28050.0,28050.0,14176900,0.0,0.0
2023-06-06 00:00:00+07:00,28050.0,28300.0,27750.0,28300.0,28300.0,17184500,0.0,0.0
2023-06-07 00:00:00+07:00,28700.0,28800.0,28150.0,28350.0,28350.0,12976500,0.0,0.0
2023-06-08 00:00:00+07:00,28300.0,28400.0,27600.0,27600.0,27600.0,20255700,0.0,0.0
2023-06-09 00:00:00+07:00,27700.0,28100.0,27250.0,28100.0,28100.0,12851200,0.0,0.0
2023-06-12 00:00:00+07:00,28150.0,28200.0,27500.0,28200.0,28200.0,11276200,0.0,0.0
2023-06-13 00:00:00+07:00,28200.0,28400.0,27950.0,28200.0,28200.0,9048400,0.0,0.0
2023-06-14 00:00:00+07:00,28250.0,28450.0,27800.0,27800.0,27800.0,16588600,0.0,0.0
2023-06-15 00:00:00+07:00,27800.0,27900.0,27600.0,27800.0,27800.0,11049600,0.0,0.0
2023-06-16 00:00:00+07:00,28050.0,29600.0,28000.0,29000.0,29000.0,44855200,0.0,0.0
2023-06-19 00:00:00+07:00,29150.0,29150.0,28750.0,28750.0,28750.0,8516000,0.0,0.0
2023-06-20 00:00:00+07:00,28900.0,29250.0,28700.0,29250.0,29250.0,10685100,0.0,0.0
2023-06-21 00:00:00+07:00,29250.0,29550.0,29100.0,29400.0,29400.0,16888300,0.0,0.0
2023-06-22 00:00:00+07:00,29400.0,29400.0,29400.0,29400.0,29400.0,0,0.0,0.0
2023-06-23 00:00:00+07:00,30200.0,30650.0,30000.0,30300.0,30300.0,16889100,0.0,0.0
2023-06-26 00:00:00+07:00,30200.0,30250.0,29250.0,29600.0,29600.0,31159200,0.0,0.0
2023-06-27 00:00:00+07:00,29550.0,29750.0,29450.0,29600.0,29600.0,11224400,0.0,0.0
2023-06-28 00:00:00+07:00,29700.0,30000.0,29550.0,29900.0,29900.0,13693600,0.0,0.0
2023-06-29 00:00:00+07:00,29950.0,30050.0,29300.0,29550.0,29550.0,14837600,0.0,0.0
2023-06-30 00:00:00+07:00,29550.0,29800.0,29300.0,29800.0,29800.0,8144800,0.0,0.0
2023-07-03 00:00:00+07:00,29800.0,29950.0,29450.0,29700.0,29700.0,7045400,0.0,0.0
2023-07-04 00:00:00+07:00,29700.0,29850.0,29300.0,29850.0,29850.0,17233800,0.0,0.0
2023-07-05 00:00:00+07:00,29850.0,30250.0,29650.0,29900.0,29900.0,14555700,0.0,0.0
2023-07-06 00:00:00+07:00,29850.0,29900.0,29100.0,29100.0,29100.0,26337200,0.0,0.0
2023-07-07 00:00:00+07:00,29100.0,29600.0,29000.0,29600.0,29600.0,9708200,0.0,0.0
2023-07-10 00:00:00+07:00,29800.0,29950.0,29500.0,29850.0,29850.0,11191900,0.0,0.0
2023-07-11 00:00:00+07:00,30050.0,30350.0,29850.0,30000.0,30000.0,17902700,0.0,0.0
2023-07-12 00:00:00+07:00,29800.0,29900.0,29300.0,29800.0,29800.0,32137800,0.0,0.0
2023-07-13 00:00:00+07:00,29650.0,30000.0,29650.0,30000.0,30000.0,11703900,0.0,0.0
2023-07-14 00:00:00+07:00,30200.0,30200.0,27900.0,29000.0,29000.0,74861900,0.0,0.0
2023-07-17 00:00:00+07:00,28850.0,28900.0,28000.0,28000.0,28000.0,41707400,0.0,0.0
2023-07-18 00:00:00+07:00,28000.0,28450.0,27900.0,28450.0,28450.0,23016500,0.0,0.0
2023-07-19 00:00:00+07:00,28450.0,28600.0,28200.0,28250.0,28250.0,11967700,0.0,0.0
2023-07-20 00:00:00+07:00,28250.0,28300.0,27600.0,27850.0,27850.0,27253400,0.0,0.0
2023-07-21 00:00:00+07:00,27950.0,28750.0,27800.0,28750.0,28750.0,29526800,0.0,0.0
2023-07-24 00:00:00+07:00,28750.0,28900.0,28450.0,28700.0,28700.0,17378100,0.0,0.0
2023-07-25 00:00:00+07:00,28600.0,29150.0,28400.0,28500.0,28500.0,19697700,0.0,0.0
2023-07-26 00:00:00+07:00,28500.0,28500.0,28200.0,28300.0,28300.0,13249800,0.0,0.0
2023-07-27 00:00:00+07:00,28300.0,28450.0,27900.0,28100.0,28100.0,21100800,0.0,0.0
2023-07-28 00:00:00+07:00,28100.0,28750.0,28100.0,28650.0,28650.0,19908800,0.0,0.0
2023-07-31 00:00:00+07:00,28900.0,29100.0,28500.0,28950.0,28950.0,21200800,0.0,0.0
2023-08-01 00:00:00+07:00,29100.0,29700.0,28900.0,28950.0,28950.0,41823000,0.0,0.0
2023-08-02 00:00:00+07:00,28900.0,29300.0,28800.0,29100.0,29100.0,18419000,0.0,0.0
2023-08-03 00:00:00+07:00,29150.0,29200.0,28600.0,28600.0,28600.0,20537400,0.0,0.0
2023-08-04 00:00:00+07:00,28600.0,28950.0,28500.0,28950.0,28950.0,18096200,0.0,0.0
2023-08-07 00:00:00+07:00,29050.0,30250.0,29050.0,30050.0,30050.0,49624600,0.0,0.0
2023-08-08 00:00:00+07:00,30350.0,30400.0,29750.0,29800.0,29800.0,15546300,0.0,0.0
2023-08-09 00:00:00+07:00,29850.0,31200.0,29650.0,31200.0,31200.0,37815900,0.0,0.0
2023-08-10 00:00:00+07:00,31150.0,31300.0,30550.0,30550.0,30550.0,13398600,0.0,0.0
2023-08-11 00:00:00+07:00,30750.0,32100.0,30550.0,31850.0,31850.0,33178800,0.0,0.0
2023-08-14 00:00:00+07:00,31900.0,32000.0,31500.0,31900.0,31900.0,16893000,0.0,0.0
2023-08-15 00:00:00+07:00,31900.0,32000.0,31450.0,31500.0,31500.0,16928700,0.0,0.0
2023-08-16 00:00:00+07:00,31500.0,32900.0,31200.0,32900.0,32900.0,44953500,0.0,0.0
2023-08-17 00:00:00+07:00,32600.0,32800.0,32250.0,32350.0,32350.0,14884100,0.0,0.0
2023-08-18 00:00:00+07:00,32100.0,32450.0,30300.0,31300.0,31300.0,45150600,0.0,0.0
2023-08-21 00:00:00+07:00,31600.0,32700.0,31300.0,31800.0,31800.0,35255100,0.0,0.0
2023-08-22 00:00:00+07:00,32000.0,32150.0,30500.0,32150.0,32150.0,32920900,0.0,0.0
2023-08-23 00:00:00+07:00,32100.0,32200.0,30750.0,30900.0,30900.0,38653900,0.0,0.0
2023-08-24 00:00:00+07:00,31100.0,31700.0,30900.0,31550.0,31550.0,14088400,0.0,0.0
2023-08-25 00:00:00+07:00,31300.0,31500.0,30950.0,31100.0,31100.0,17148500,0.0,0.0
2023-08-28 00:00:00+07:00,31150.0,31900.0,30950.0,31650.0,31650.0,18709800,0.0,0.0
2023-08-29 00:00:00+07:00,31800.0,31900.0,31350.0,31750.0,31750.0,17672400,0.0,0.0
2023-08-30 00:00:00+07:00,31800.0,32500.0,31800.0,32500.0,32500.0,27237000,0.0,0.0
2023-08-31 00:00:00+07:00,32500.0,32650.0,32350.0,32650.0,32650.0,18726700,0.0,0.0
2023-09-01 00:00:00+07:00,32650.0,32650.0,32650.0,32650.0,32650.0,0,0.0,0.0
2023-09-04 00:00:00+07:00,32650.0,32650.0,32650.0,32650.0,32650.0,0,0.0,0.0
2023-09-05 00:00:00+07:00,32700.0,33150.0,32400.0,32700.0,32700.0,22518900,0.0,0.0
2023-09-06 00:00:00+07:00,32600.0,33050.0,32150.0,33050.0,33050.0,23144500,0.0,0.0
2023-09-07 00:00:00+07:00,33000.0,33250.0,32650.0,33000.0,33000.0,20729300,0.0,0.0
2023-09-08 00:00:00+07:00,32800.0,32950.0,32500.0,32500.0,32500.0,18547100,0.0,0.0
2023-09-11 00:00:00+07:00,32700.0,32700.0,31550.0,31600.0,31600.0,32699500,0.0,0.0
2023-09-12 00:00:00+07:00,31800.0,32350.0,31350.0,32350.0,32350.0,14337200,0.0,0.0
2023-09-13 00:00:00+07:00,32500.0,32550.0,31850.0,31950.0,31950.0,17037500,0.0,0.0
2023-09-14 00:00:00+07:00,32000.0,32450.0,31800.0,31800.0,31800.0,14940900,0.0,0.0
2023-09-15 00:00:00+07:00,32300.0,33150.0,32100.0,32500.0,32500.0,34137000,0.0,0.0
2023-09-18 00:00:00+07:00,32300.0,33050.0,32300.0,32600.0,32600.0,15196000,0.0,0.0
2023-09-19 00:00:00+07:00,32700.0,33600.0,32650.0,33300.0,33300.0,33669800,0.0,0.0
2023-09-20 00:00:00+07:00,33300.0,33550.0,33200.0,33250.0,33250.0,10589700,0.0,0.0
2023-09-21 00:00:00+07:00,33200.0,33700.0,32350.0,32350.0,32350.0,31019800,0.0,0.0
2023-09-22 00:00:00+07:00,32000.0,33000.0,31350.0,32900.0,32900.0,35946000,0.0,0.0
2023-09-25 00:00:00+07:00,32800.0,33150.0,31400.0,31650.0,31650.0,25662800,0.0,0.0
2023-09-26 00:00:00+07:00,31950.0,32200.0,31350.0,31350.0,31350.0,17056300,0.0,0.0
2023-09-27 00:00:00+07:00,31500.0,31800.0,30550.0,31800.0,31800.0,19340500,0.0,0.0
2023-09-28 00:00:00+07:00,31700.0,31700.0,30450.0,30750.0,30750.0,29418900,0.0,0.0
2023-09-29 00:00:00+07:00,31000.0,31250.0,30650.0,30650.0,30650.0,12280500,0.0,0.0
2023-10-02 00:00:00+07:00,30750.0,31100.0,30600.0,30850.0,30850.0,10885000,0.0,0.0
2023-10-03 00:00:00+07:00,30650.0,30650.0,29050.0,29200.0,29200.0,33380900,0.0,0.0
2023-10-04 00:00:00+07:00,28900.0,30600.0,28850.0,30200.0,30200.0,20419400,0.0,0.0
2023-10-05 00:00:00+07:00,30100.0,30350.0,29850.0,29900.0,29900.0,10308800,0.0,0.0
2023-10-06 00:00:00+07:00,29850.0,30950.0,29650.0,30950.0,30950.0,13108100,0.0,0.0
2023-10-09 00:00:00+07:00,30950.0,31300.0,30600.0,31200.0,31200.0,9199800,0.0,0.0
2023-10-10 00:00:00+07:00,31350.0,31650.0,31250.0,31250.0,31250.0,11506300,0.0,0.0
2023-10-11 00:00:00+07:00,31250.0,31800.0,31150.0,31750.0,31750.0,8374300,0.0,0.0
2023-10-12 00:00:00+07:00,31950.0,31950.0,31300.0,31600.0,31600.0,8160500,0.0,0.0
2023-10-13 00:00:00+07:00,31200.0,31600.0,31000.0,31500.0,31500.0,11308800,0.0,0.0
2023-10-16 00:00:00+07:00,31400.0,31450.0,30200.0,30200.0,30200.0,25870900,0.0,0.0
2023-10-17 00:00:00+07:00,30450.0,30700.0,30000.0,30000.0,30000.0,11770400,0.0,0.0
2023-10-18 00:00:00+07:00,30100.0,30300.0,29350.0,29700.0,29700.0,20147600,0.0,0.0
2023-10-19 00:00:00+07:00,29500.0,29900.0,28950.0,29000.0,29000.0,20421700,0.0,0.0
2023-10-20 00:00:00+07:00,29000.0,30300.0,28850.0,30100.0,30100.0,18953900,0.0,0.0
2023-10-23 00:00:00+07:00,29800.0,30100.0,29400.0,29700.0,29700.0,13702000,0.0,0.0
2023-10-24 00:00:00+07:00,30000.0,30200.0,29750.0,30000.0,30000.0,11931200,0.0,0.0
2023-10-25 00:00:00+07:00,30000.0,30200.0,29550.0,29550.0,29550.0,8074600,0.0,0.0
2023-10-26 00:00:00+07:00,29000.0,29200.0,27700.0,28100.0,28100.0,40837400,0.0,0.0
2023-10-27 00:00:00+07:00,28550.0,29250.0,28150.0,28700.0,28700.0,16878600,0.0,0.0
2023-10-30 00:00:00+07:00,28750.0,28800.0,27000.0,27000.0,27000.0,21271700,0.0,0.0
2023-10-31 00:00:00+07:00,27100.0,27550.0,26550.0,27000.0,27000.0,27998300,0.0,0.0
2023-11-01 00:00:00+07:00,27500.0,27700.0,27100.0,27650.0,27650.0,8556100,0.0,0.0
2023-11-02 00:00:00+07:00,27950.0,29050.0,27900.0,29000.0,29000.0,15521400,0.0,0.0
2023-11-03 00:00:00+07:00,29200.0,29200.0,28400.0,28500.0,28500.0,18856700,0.0,0.0
2023-11-06 00:00:00+07:00,28650.0,29500.0,28600.0,29450.0,29450.0,26745600,0.0,0.0
2023-11-07 00:00:00+07:00,29150.0,29300.0,28900.0,29000.0,29000.0,11144900,0.0,0.0
2023-11-08 00:00:00+07:00,28900.0,30100.0,28750.0,30000.0,30000.0,20906400,0.0,0.0
2023-11-09 00:00:00+07:00,30050.0,30300.0,29650.0,29650.0,29650.0,22227400,0.0,0.0
2023-11-10 00:00:00+07:00,29400.0,30000.0,29250.0,29500.0,29500.0,13739800,0.0,0.0
2023-11-13 00:00:00+07:00,29500.0,29600.0,29000.0,29250.0,29250.0,15892800,0.0,0.0
2023-11-14 00:00:00+07:00,29600.0,30450.0,29500.0,30000.0,30000.0,18566200,0.0,0.0
2023-11-15 00:00:00+07:00,30600.0,30700.0,29800.0,30000.0,30000.0,16567100,0.0,0.0
2023-11-16 00:00:00+07:00,29900.0,30200.0,29750.0,30200.0,30200.0,9783300,0.0,0.0
2023-11-17 00:00:00+07:00,30250.0,30400.0,29050.0,29350.0,29350.0,22164800,0.0,0.0
2023-11-20 00:00:00+07:00,28700.0,29450.0,28700.0,29200.0,29200.0,16240800,0.0,0.0
2023-11-21 00:00:00+07:00,29550.0,29600.0,29100.0,29300.0,29300.0,7021500,0.0,0.0
2023-11-22 00:00:00+07:00,29300.0,29450.0,28750.0,29100.0,29100.0,19080700,0.0,0.0
2023-11-23 00:00:00+07:00,29150.0,29300.0,28200.0,28200.0,28200.0,16575800,0.0,0.0
2023-11-24 00:00:00+07:00,28400.0,28400.0,27500.0,28300.0,28300.0,23863000,0.0,0.0
2023-11-27 00:00:00+07:00,28200.0,28200.0,27400.0,27400.0,27400.0,19828300,0.0,0.0
2023-11-28 00:00:00+07:00,27500.0,28150.0,26850.0,28150.0,28150.0,17252700,0.0,0.0
2023-11-29 00:00:00+07:00,28050.0,28250.0,27800.0,27800.0,27800.0,12029500,0.0,0.0
2023-11-30 00:00:00+07:00,27800.0,28100.0,27500.0,27500.0,27500.0,13608300,0.0,0.0
2023-12-01 00:00:00+07:00,27500.0,27650.0,27050.0,27500.0,27500.0,13635000,0.0,0.0
2023-12-04 00:00:00+07:00,27600.0,28350.0,27550.0,28200.0,28200.0,19614700,0.0,0.0
2023-12-05 00:00:00+07:00,28150.0,28300.0,27800.0,27800.0,27800.0,12589600,0.0,0.0
2023-12-06 00:00:00+07:00,27700.0,28100.0,27700.0,28100.0,28100.0,14176100,0.0,0.0
2023-12-07 00:00:00+07:00,28300.0,28950.0,28050.0,28550.0,28550.0,29262200,0.0,0.0
2023-12-08 00:00:00+07:00,28700.0,28850.0,28200.0,28200.0,28200.0,14678400,0.0,0.0
2023-12-11 00:00:00+07:00,28300.0,28400.0,27850.0,27850.0,27850.0,14345000,0.0,0.0
2023-12-12 00:00:00+07:00,27950.0,28100.0,27800.0,28000.0,28000.0,6953400,0.0,0.0
2023-12-13 00:00:00+07:00,28000.0,28200.0,27450.0,27450.0,27450.0,20639100,0.0,0.0
2023-12-14 00:00:00+07:00,27700.0,27750.0,27100.0,27100.0,27100.0,14265300,0.0,0.0
2023-12-15 00:00:00+07:00,27100.0,27450.0,27050.0,27100.0,27100.0,12858200,0.0,0.0
2023-12-18 00:00:00+07:00,27100.0,27200.0,26300.0,26300.0,26300.0,21729000,0.0,0.0
2023-12-19 00:00:00+07:00,26300.0,26600.0,25850.0,26600.0,26600.0,18259600,0.0,0.0
2023-12-20 00:00:00+07:00,26700.0,26950.0,26450.0,26950.0,26950.0,8217200,0.0,0.0
2023-12-21 00:00:00+07:00,26750.0,26850.0,26500.0,26600.0,26600.0,10018700,0.0,0.0
2023-12-22 00:00:00+07:00,26600.0,27450.0,26300.0,27200.0,27200.0,22251300,0.0,0.0
2023-12-25 00:00:00+07:00,27250.0,27800.0,27250.0,27500.0,27500.0,12751000,0.0,0.0
2023-12-26 00:00:00+07:00,27600.0,27600.0,27150.0,27500.0,27500.0,13847000,0.0,0.0
2023-12-27 00:00:00+07:00,27500.0,27650.0,27350.0,27400.0,27400.0,10685200,0.0,0.0
2023-12-28 00:00:00+07:00,27450.0,27800.0,27350.0,27600.0,27600.0,10407400,0.0,0.0
2023-12-29 00:00:00+07:00,27650.0,28100.0,27600.0,27950.0,27950.0,16014900,0.0,0.0
2024-01-01 00:00:00+07:00,27950.0,27950.0,27950.0,27950.0,27950.0,0,0.0,0.0
2024-01-02 00:00:00+07:00,28000.0,28150.0,27750.0,27750.0,27750.0,14813300,0.0,0.0
2024-01-03 00:00:00+07:00,27750.0,28500.0,27600.0,28500.0,28500.0,19990700,0.0,0.0
2024-01-04 00:00:00+07:00,28600.0,29550.0,28500.0,28600.0,28600.0,31414000,0.0,0.0
2024-01-05 00:00:00+07:00,29000.0,29450.0,28850.0,29300.0,29300.0,31291500,0.0,0.0
2024-01-08 00:00:00+07:00,29600.0,29650.0,29000.0,29200.0,29200.0,15853600,0.0,0.0
2024-01-09 00:00:00+07:00,29200.0,29500.0,29100.0,29200.0,29200.0,16760900,0.0,0.0
2024-01-10 00:00:00+07:00,29100.0,29800.0,29100.0,29450.0,29450.0,25102500,0.0,0.0
2024-01-11 00:00:00+07:00,29700.0,29950.0,29200.0,29500.0,29500.0,24449200,0.0,0.0
2024-01-12 00:00:00+07:00,29300.0,30150.0,29100.0,29900.0,29900.0,41145100,0.0,0.0
2024-01-15 00:00:00+07:00,30100.0,30250.0,29700.0,29800.0,29800.0,13057500,0.0,0.0
2024-01-16 00:00:00+07:00,29750.0,29900.0,29600.0,29900.0,29900.0,13163500,0.0,0.0
2024-01-17 00:00:00+07:00,29900.0,30050.0,29700.0,29700.0,29700.0,15239500,0.0,0.0
2024-01-18 00:00:00+07:00,29750.0,30250.0,29650.0,29800.0,29800.0,14262500,0.0,0.0
2024-01-19 00:00:00+07:00,30000.0,30300.0,29950.0,30300.0,30300.0,19382800,0.0,0.0
2024-01-22 00:00:00+07:00,30500.0,30600.0,30150.0,30250.0,30250.0,13400000,0.0,0.0
2024-01-23 00:00:00+07:00,30350.0,30700.0,30250.0,30500.0,30500.0,17926900,0.0,0.0
2024-01-24 00:00:00+07:00,30450.0,31250.0,30400.0,30750.0,30750.0,24678500,0.0,0.0
2024-01-25 00:00:00+07:00,30750.0,30750.0,30750.0,30750.0,30750.0,0,0.0,0.0
2024-01-26 00:00:00+07:00,30700.0,30700.0,30200.0,30300.0,30300.0,15139100,0.0,0.0
2024-01-29 00:00:00+07:00,30300.0,30650.0,30300.0,30350.0,30350.0,8935200,0.0,0.0
2024-01-30 00:00:00+07:00,30350.0,30700.0,30300.0,30700.0,30700.0,11432400,0.0,0.0
2024-01-31 00:00:00+07:00,30750.0,30900.0,29800.0,29900.0,29900.0,34436400,0.0,0.0
2024-02-01 00:00:00+07:00,29900.0,30150.0,29700.0,29800.0,29800.0,10674100,0.0,0.0
2024-02-02 00:00:00+07:00,29800.0,29800.0,29800.0,29800.0,29800.0,0,0.0,0.0
2024-02-05 00:00:00+07:00,30000.0,30850.0,29850.0,30600.0,30600.0,20315900,0.0,0.0
2024-02-06 00:00:00+07:00,30800.0,31100.0,30700.0,30800.0,30800.0,13437900,0.0,0.0
2024-02-07 00:00:00+07:00,30750.0,31200.0,30750.0,31100.0,31100.0,12202200,0.0,0.0
2024-02-08 00:00:00+07:00,31100.0,31100.0,31100.0,31100.0,31100.0,0,0.0,0.0
2024-02-09 00:00:00+07:00,31100.0,31100.0,31100.0,31100.0,31100.0,0,0.0,0.0
2024-02-15 00:00:00+07:00,31200.0,31700.0,31000.0,31250.0,31250.0,17188200,0.0,0.0
2024-02-16 00:00:00+07:00,31300.0,31400.0,30750.0,30800.0,30800.0,20794300,0.0,0.0
2024-02-19 00:00:00+07:00,30950.0,30950.0,30450.0,30700.0,30700.0,15780500,0.0,0.0
2024-02-20 00:00:00+07:00,30700.0,31050.0,30550.0,30700.0,30700.0,16158900,0.0,0.0
2024-02-21 00:00:00+07:00,31000.0,32000.0,30850.0,31500.0,31500.0,44463100,0.0,0.0
2024-02-22 00:00:00+07:00,31400.0,31500.0,31000.0,31050.0,31050.0,15526000,0.0,0.0
2024-02-23 00:00:00+07:00,31150.0,31550.0,30650.0,30650.0,30650.0,33551000,0.0,0.0
2024-02-26 00:00:00+07:00,30650.0,30750.0,30150.0,30500.0,30500.0,24763200,0.0,0.0
2024-02-27 00:00:00+07:00,30600.0,30850.0,30350.0,30750.0,30750.0,15451600,0.0,0.0
2024-02-28 00:00:00+07:00,30850.0,31500.0,30750.0,31400.0,31400.0,28484800,0.0,0.0
2024-02-29 00:00:00+07:00,31600.0,31800.0,31100.0,31550.0,31550.0,23713600,0.0,0.0
2024-03-01 00:00:00+07:00,31750.0,32200.0,31700.0,31950.0,31950.0,27190200,0.0,0.0
2024-03-04 00:00:00+07:00,32100.0,32200.0,31650.0,31750.0,31750.0,17157800,0.0,0.0
2024-03-05 00:00:00+07:00,31750.0,31950.0,31550.0,31900.0,31900.0,12352400,0.0,0.0
2024-03-06 00:00:00+07:00,31800.0,32150.0,31350.0,31550.0,31550.0,18418500,0.0,0.0
2024-03-07 00:00:00+07:00,31550.0,31600.0,31150.0,31300.0,31300.0,17422800,0.0,0.0
2024-03-08 00:00:00+07:00,31350.0,31500.0,30600.0,30650.0,30650.0,34885800,0.0,0.0
2024-03-11 00:00:00+07:00,30600.0,30700.0,30100.0,30200.0,30200.0,20137400,0.0,0.0
2024-03-12 00:00:00+07:00,30100.0,30550.0,30100.0,30250.0,30250.0,13195300,0.0,0.0
2024-03-13 00:00:00+07:00,30300.0,30850.0,30150.0,30850.0,30850.0,16466100,0.0,0.0
2024-03-14 00:00:00+07:00,30900.0,30950.0,30400.0,30450.0,30450.0,15812300,0.0,0.0
2024-03-15 00:00:00+07:00,30450.0,30750.0,30200.0,30500.0,30500.0,17494500,0.0,0.0
2024-03-18 00:00:00+07:00,30500.0,30700.0,29700.0,30250.0,30250.0,26184800,0.0,0.0
2024-03-19 00:00:00+07:00,30300.0,30550.0,29900.0,30400.0,30400.0,13159300,0.0,0.0
2024-03-20 00:00:00+07:00,30400.0,31250.0,30150.0,31150.0,31150.0,28145900,0.0,0.0
2024-03-21 00:00:00+07:00,31250.0,31500.0,31100.0,31500.0,31500.0,15677800,0.0,0.0
2024-03-22 00:00:00+07:00,31650.0,32400.0,31550.0,31650.0,31650.0,32805000,0.0,0.0
2024-03-25 00:00:00+07:00,31600.0,31700.0,30800.0,30850.0,30850.0,25048000,0.0,0.0
2024-03-26 00:00:00+07:00,30800.0,31000.0,30750.0,31000.0,31000.0,19270400,0.0,0.0
2024-03-27 00:00:00+07:00,31000.0,31200.0,30650.0,30900.0,30900.0,15097000,0.0,0.0
2024-03-28 00:00:00+07:00,31200.0,32000.0,30800.0,32000.0,32000.0,31997700,0.0,0.0
2024-03-29 00:00:00+07:00,32250.0,32600.0,31600.0,31600.0,31600.0,34573900,0.0,0.0
2024-04-01 00:00:00+07:00,31500.0,31700.0,31050.0,31400.0,31400.0,24131300,0.0,0.0
2024-04-02 00:00:00+07:00,30500.0,30950.0,29600.0,30200.0,30200.0,105089800,0.0,0.0
2024-04-03 00:00:00+07:00,30500.0,30800.0,30100.0,30100.0,30100.0,26957600,0.0,0.0
2024-04-04 00:00:00+07:00,30100.0,30200.0,29650.0,29700.0,29700.0,30271800,0.0,0.0
2024-04-05 00:00:00+07:00,29500.0,29850.0,29150.0,29600.0,29600.0,25456900,0.0,0.0
2024-04-08 00:00:00+07:00,29300.0,29450.0,28950.0,29000.0,29000.0,26854100,0.0,0.0
2024-04-09 00:00:00+07:00,29000.0,29250.0,28700.0,29150.0,29150.0,17950600,0.0,0.0
2024-04-10 00:00:00+07:00,29300.0,29450.0,29100.0,29100.0,29100.0,14930400,0.0,0.0
2024-04-11 00:00:00+07:00,28900.0,29100.0,28750.0,28850.0,28850.0,10462800,0.0,0.0
2024-04-12 00:00:00+07:00,29100.0,29400.0,28900.0,29100.0,29100.0,15445100,0.0,0.0
2024-04-15 00:00:00+07:00,29000.0,29400.0,27500.0,27500.0,27500.0,24337900,0.0,0.0
2024-04-16 00:00:00+07:00,27650.0,27800.0,27200.0,27300.0,27300.0,22651800,0.0,0.0
2024-04-17 00:00:00+07:00,27600.0,27600.0,26800.0,26800.0,26800.0,12961400,0.0,0.0
2024-04-19 00:00:00+07:00,26400.0,28000.0,26150.0,26800.0,26800.0,23052500,0.0,0.0
2024-04-22 00:00:00+07:00,27400.0,28150.0,27100.0,27650.0,27650.0,13422600,0.0,0.0
2024-04-23 00:00:00+07:00,27550.0,28150.0,27550.0,27800.0,27800.0,18401000,0.0,0.0
2024-04-24 00:00:00+07:00,27900.0,28600.0,27800.0,28600.0,28600.0,13991900,0.0,0.0
2024-04-25 00:00:00+07:00,28600.0,28650.0,28200.0,28450.0,28450.0,9380100,0.0,0.0
2024-04-26 00:00:00+07:00,28250.0,28950.0,28100.0,28200.0,28200.0,11932400,0.0,0.0
2024-04-29 00:00:00+07:00,28200.0,28200.0,28200.0,28200.0,28200.0,0,0.0,0.0
2024-04-30 00:00:00+07:00,28200.0,28200.0,28200.0,28200.0,28200.0,0,0.0,0.0
2024-05-02 00:00:00+07:00,28350.0,28350.0,27500.0,27600.0,27600.0,10054400,0.0,0.0
2024-05-03 00:00:00+07:00,27800.0,28050.0,27500.0,27550.0,27550.0,8851200,0.0,0.0
2024-05-06 00:00:00+07:00,27950.0,28150.0,27650.0,28100.0,28100.0,8810000,0.0,0.0
2024-05-07 00:00:00+07:00,28150.0,28350.0,28100.0,28300.0,28300.0,8560700,0.0,0.0
2024-05-08 00:00:00+07:00,28300.0,28350.0,27850.0,27950.0,27950.0,9179100,0.0,0.0
2024-05-09 00:00:00+07:00,28000.0,28150.0,27800.0,27800.0,27800.0,7552300,0.0,0.0
2024-05-10 00:00:00+07:00,27900.0,28000.0,27600.0,27600.0,27600.0,6903400,0.0,0.0
2024-05-13 00:00:00+07:00,27700.0,27700.0,27200.0,27250.0,27250.0,7861600,0.0,0.0
2024-05-14 00:00:00+07:00,27300.0,27550.0,27200.0,27250.0,27250.0,7428600,0.0,0.0
2024-05-15 00:00:00+07:00,27350.0,27900.0,27300.0,27800.0,27800.0,9801400,0.0,0.0
2024-05-16 00:00:00+07:00,28100.0,28650.0,28100.0,28400.0,28400.0,16790800,0.0,0.0
2024-05-17 00:00:00+07:00,28500.0,28550.0,28300.0,28500.0,28500.0,7138700,0.0,0.0
2024-05-20 00:00:00+07:00,28750.0,28750.0,28200.0,28300.0,28300.0,10164400,0.0,0.0
2024-05-21 00:00:00+07:00,28300.0,28450.0,27850.0,28300.0,28300.0,9961400,0.0,0.0
2024-05-22 00:00:00+07:00,28300.0,28400.0,27950.0,28000.0,28000.0,7853200,0.0,0.0
2024-05-23 00:00:00+07:00,27900.0,28550.0,27700.0,28550.0,28550.0,10710600,0.0,0.0
2024-05-24 00:00:00+07:00,28450.0,29250.0,28300.0,28700.0,28700.0,28342000,0.0,0.0
2024-05-27 00:00:00+07:00,28800.0,28950.0,28350.0,28700.0,28700.0,6564000,0.0,0.0
2024-05-28 00:00:00+07:00,28800.0,29000.0,28600.0,28850.0,28850.0,9012300,0.0,0.0
2024-05-29 00:00:00+07:00,28900.0,28900.0,28250.0,28250.0,28250.0,10808900,0.0,0.0
2024-05-30 00:00:00+07:00,28000.0,28250.0,27600.0,27850.0,27850.0,16001700,0.0,0.0
2024-05-31 00:00:00+07:00,28050.0,28200.0,27800.0,27850.0,27850.0,5567800,0.0,0.0
2024-06-03 00:00:00+07:00,27850.0,27850.0,27850.0,27850.0,27850.0,0,0.0,0.0
2024-06-04 00:00:00+07:00,30500.0,30600.0,29850.0,29950.0,29950.0,20232100,0.0,0.0
2024-06-05 00:00:00+07:00,30000.0,30400.0,29600.0,29600.0,29600.0,15295100,0.0,0.0
2024-06-06 00:00:00+07:00,29950.0,31100.0,29650.0,30700.0,30700.0,31379700,0.0,0.0
2024-06-07 00:00:00+07:00,30700.0,31100.0,30700.0,30750.0,30750.0,12983500,0.0,0.0
2024-06-10 00:00:00+07:00,31200.0,31700.0,31050.0,31100.0,31100.0,14942300,0.0,0.0
2024-06-11 00:00:00+07:00,31200.0,31350.0,30700.0,31200.0,31200.0,14064100,0.0,0.0
2024-06-12 00:00:00+07:00,31250.0,31350.0,30900.0,31350.0,31350.0,10808500,0.0,0.0
2024-06-13 00:00:00+07:00,31500.0,31900.0,31250.0,31650.0,31650.0,19842400,0.0,0.0
2024-06-14 00:00:00+07:00,31650.0,31900.0,30550.0,30550.0,30550.0,15865800,0.0,0.0
2024-06-17 00:00:00+07:00,30400.0,30800.0,30250.0,30500.0,30500.0,14506900,0.0,0.0
2024-06-18 00:00:00+07:00,30550.0,31150.0,30550.0,30550.0,30550.0,11579400,0.0,0.0
2024-06-19 00:00:00+07:00,30600.0,31200.0,30450.0,30900.0,30900.0,13605100,0.0,0.0
2024-06-20 00:00:00+07:00,31100.0,31100.0,30000.0,30750.0,30750.0,21298600,0.0,0.0
2024-06-21 00:00:00+07:00,30700.0,31350.0,30450.0,30650.0,30650.0,11453900,0.0,0.0
2024-06-24 00:00:00+07:00,30650.0,30750.0,29400.0,29500.0,29500.0,20293700,0.0,0.0
2024-06-25 00:00:00+07:00,29700.0,29800.0,29250.0,29600.0,29600.0,11199300,0.0,0.0
2024-06-26 00:00:00+07:00,29400.0,29650.0,28950.0,29500.0,29500.0,14572000,0.0,0.0
2024-06-27 00:00:00+07:00,29300.0,29500.0,29100.0,29200.0,29200.0,6435800,0.0,0.0
2024-06-28 00:00:00+07:00,29050.0,29400.0,28800.0,28800.0,28800.0,9182400,0.0,0.0
2024-07-01 00:00:00+07:00,29000.0,29350.0,28800.0,29300.0,29300.0,5212400,0.0,0.0
2024-07-02 00:00:00+07:00,29350.0,29750.0,29250.0,29600.0,29600.0,5431700,0.0,0.0
2024-07-03 00:00:00+07:00,29550.0,30100.0,29550.0,29900.0,29900.0,6484600,0.0,0.0
2024-07-04 00:00:00+07:00,29900.0,29950.0,29600.0,29900.0,29900.0,4385800,0.0,0.0
2024-07-05 00:00:00+07:00,29900.0,30150.0,29600.0,30100.0,30100.0,6500200,0.0,0.0
2024-07-08 00:00:00+07:00,30000.0,30300.0,29750.0,30150.0,30150.0,11712100,0.0,0.0
2024-07-09 00:00:00+07:00,30150.0,30400.0,29950.0,30350.0,30350.0,11044600,0.0,0.0
2024-07-10 00:00:00+07:00,30350.0,30450.0,29850.0,29850.0,29850.0,7896500,0.0,0.0
2024-07-11 00:00:00+07:00,30000.0,30150.0,29850.0,29850.0,29850.0,5412300,0.0,0.0
2024-07-12 00:00:00+07:00,30000.0,30150.0,29700.0,29750.0,29750.0,8716700,0.0,0.0
2024-07-15 00:00:00+07:00,29800.0,29950.0,29600.0,29750.0,29750.0,3659300,0.0,0.0
2024-07-16 00:00:00+07:00,29750.0,30200.0,29750.0,29900.0,29900.0,7816800,0.0,0.0
2024-07-17 00:00:00+07:00,30100.0,31200.0,29950.0,30400.0,30400.0,25058400,0.0,0.0
2024-07-18 00:00:00+07:00,30400.0,30600.0,29950.0,30600.0,30600.0,10719300,0.0,0.0
2024-07-19 00:00:00+07:00,30550.0,30850.0,30150.0,30300.0,30300.0,8140200,0.0,0.0
2024-07-22 00:00:00+07:00,30300.0,30600.0,29900.0,30000.0,30000.0,10809000,0.0,0.0
2024-07-23 00:00:00+07:00,30100.0,30300.0,29000.0,29000.0,29000.0,11984600,0.0,0.0
2024-07-24 00:00:00+07:00,29000.0,29450.0,28600.0,29200.0,29200.0,12412500,0.0,0.0
2024-07-25 00:00:00+07:00,29150.0,29150.0,28600.0,28800.0,28800.0,8570900,0.0,0.0
2024-07-26 00:00:00+07:00,28800.0,29100.0,28750.0,29100.0,29100.0,5366200,0.0,0.0
2024-07-29 00:00:00+07:00,29200.0,29400.0,28800.0,29100.0,29100.0,5947800,0.0,0.0
2024-07-30 00:00:00+07:00,29050.0,29150.0,28800.0,28900.0,28900.0,4458200,0.0,0.0
2024-07-31 00:00:00+07:00,29000.0,29250.0,28850.0,29000.0,29000.0,6032600,0.0,0.0
2024-08-01 00:00:00+07:00,29000.0,29250.0,28050.0,28050.0,28050.0,11998200,0.0,0.0
2024-08-02 00:00:00+07:00,28000.0,28550.0,27950.0,28400.0,28400.0,10783600,0.0,0.0
2024-08-05 00:00:00+07:00,28200.0,28400.0,27000.0,27200.0,27200.0,21028700,0.0,0.0
2024-08-06 00:00:00+07:00,27550.0,28450.0,27300.0,28400.0,28400.0,8945400,0.0,0.0
2024-08-07 00:00:00+07:00,28400.0,28500.0,27900.0,28400.0,28400.0,7957500,0.0,0.0
2024-08-08 00:00:00+07:00,28050.0,28600.0,28000.0,28250.0,28250.0,5944200,0.0,0.0
2024-08-09 00:00:00+07:00,28650.0,28950.0,28200.0,28850.0,28850.0,9925300,0.0,0.0
2024-08-12 00:00:00+07:00,28850.0,29350.0,28600.0,29200.0,29200.0,9701500,0.0,0.0
2024-08-13 00:00:00+07:00,29200.0,29500.0,29150.0,29150.0,29150.0,7059600,0.0,0.0
2024-08-14 00:00:00+07:00,29250.0,29400.0,29200.0,29200.0,29200.0,5866500,0.0,0.0
2024-08-15 00:00:00+07:00,29200.0,29300.0,28750.0,28950.0,28950.0,3730700,0.0,0.0
2024-08-16 00:00:00+07:00,28950.0,29450.0,28950.0,29350.0,29350.0,8293900,0.0,0.0
2024-08-19 00:00:00+07:00,29500.0,29700.0,29350.0,29650.0,29650.0,5992100,0.0,0.0
2024-08-20 00:00:00+07:00,29650.0,29800.0,29500.0,29650.0,29650.0,6413400,0.0,0.0
2024-08-21 00:00:00+07:00,29650.0,29950.0,29400.0,29950.0,29950.0,8881200,0.0,0.0
2024-08-22 00:00:00+07:00,30000.0,30050.0,29800.0,29900.0,29900.0,4940600,0.0,0.0
2024-08-23 00:00:00+07:00,29900.0,30000.0,29650.0,29950.0,29950.0,5876500,0.0,0.0
2024-08-26 00:00:00+07:00,30050.0,30200.0,29750.0,29750.0,29750.0,7701300,0.0,0.0
2024-08-27 00:00:00+07:00,29750.0,29850.0,29600.0,29600.0,29600.0,4245000,0.0,0.0
2024-08-28 00:00:00+07:00,29700.0,29850.0,29550.0,29550.0,29550.0,4655800,0.0,0.0
2024-08-29 00:00:00+07:00,29650.0,30900.0,29650.0,30450.0,30450.0,25193800,0.0,0.0
2024-08-30 00:00:00+07:00,30550.0,30650.0,30350.0,30550.0,30550.0,5079700,0.0,0.0
2024-09-04 00:00:00+07:00,30400.0,30400.0,29950.0,30100.0,30100.0,9433600,0.0,0.0
2024-09-05 00:00:00+07:00,30100.0,30150.0,29400.0,29600.0,29600.0,10457600,0.0,0.0
2024-09-06 00:00:00+07:00,29550.0,29900.0,29500.0,29900.0,29900.0,8550100,0.0,0.0
2024-09-09 00:00:00+07:00,29650.0,29750.0,29500.0,29500.0,29500.0,4193600,0.0,0.0
2024-09-10 00:00:00+07:00,29700.0,29750.0,29150.0,29200.0,29200.0,7772100,0.0,0.0
2024-09-11 00:00:00+07:00,29150.0,29700.0,29100.0,29600.0,29600.0,6358300,0.0,0.0
2024-09-12 00:00:00+07:00,29650.0,29800.0,29550.0,29700.0,29700.0,5852700,0.0,0.0
2024-09-13 00:00:00+07:00,29700.0,29950.0,29550.0,29800.0,29800.0,6158600,0.0,0.0
2024-09-16 00:00:00+07:00,29800.0,29900.0,29550.0,29550.0,29550.0,4878700,0.0,0.0
2024-09-17 00:00:00+07:00,29650.0,29850.0,29450.0,29850.0,29850.0,5758400,0.0,0.0
2024-09-18 00:00:00+07:00,29850.0,30600.0,29800.0,30250.0,30250.0,14764700,0.0,0.0
2024-09-19 00:00:00+07:00,30350.0,30600.0,30300.0,30500.0,30500.0,7185600,0.0,0.0
2024-09-20 00:00:00+07:00,30700.0,31300.0,30600.0,30850.0,30850.0,23258900,0.0,0.0
2024-09-23 00:00:00+07:00,30900.0,31300.0,30800.0,30800.0,30800.0,6037200,0.0,0.0
2024-09-24 00:00:00+07:00,30850.0,32050.0,30800.0,31850.0,31850.0,24839400,0.0,0.0
2024-09-25 00:00:00+07:00,32000.0,32700.0,31850.0,32700.0,32700.0,28614000,0.0,0.0
2024-09-26 00:00:00+07:00,32800.0,33200.0,32600.0,32750.0,32750.0,25838600,0.0,0.0
2024-09-27 00:00:00+07:00,32900.0,33650.0,32800.0,33600.0,33600.0,22047200,0.0,0.0
2024-09-30 00:00:00+07:00,33550.0,33650.0,33200.0,33350.0,33350.0,12432400,0.0,0.0
2024-10-01 00:00:00+07:00,33400.0,34400.0,33400.0,33500.0,33500.0,16258900,0.0,0.0
2024-10-02 00:00:00+07:00,33500.0,33900.0,33400.0,33550.0,33550.0,11383200,0.0,0.0
2024-10-03 00:00:00+07:00,33550.0,34200.0,33550.0,33750.0,33750.0,19074200,0.0,0.0
2024-10-04 00:00:00+07:00,33700.0,33800.0,33100.0,33100.0,33100.0,14347400,0.0,0.0
2024-10-07 00:00:00+07:00,33400.0,34150.0,33350.0,33800.0,33800.0,14756600,0.0,0.0
2024-10-08 00:00:00+07:00,33850.0,34200.0,33550.0,33700.0,33700.0,13909400,0.0,0.0
2024-10-09 00:00:00+07:00,33700.0,34300.0,33600.0,34150.0,34150.0,17686600,0.0,0.0
2024-10-10 00:00:00+07:00,34500.0,34800.0,33600.0,33600.0,33600.0,20748300,0.0,0.0
2024-10-11 00:00:00+07:00,33650.0,33800.0,33400.0,33800.0,33800.0,7702400,0.0,0.0
2024-10-14 00:00:00+07:00,34100.0,34200.0,33600.0,33900.0,33900.0,12932200,0.0,0.0
2024-10-15 00:00:00+07:00,33950.0,34200.0,33600.0,33700.0,33700.0,12425100,0.0,0.0
2024-10-16 00:00:00+07:00,33650.0,33750.0,33150.0,33600.0,33600.0,18409100,0.0,0.0
2024-10-17 00:00:00+07:00,33700.0,34600.0,33250.0,34600.0,34600.0,27209600,0.0,0.0
2024-10-18 00:00:00+07:00,35100.0,36450.0,34700.0,35550.0,35550.0,32868800,0.0,0.0
2024-10-21 00:00:00+07:00,35650.0,36100.0,35250.0,35250.0,35250.0,13537800,0.0,0.0
2024-10-22 00:00:00+07:00,35250.0,35900.0,34900.0,35000.0,35000.0,17680700,0.0,0.0
2024-10-23 00:00:00+07:00,35100.0,35800.0,34650.0,35800.0,35800.0,12097200,0.0,0.0
2024-10-24 00:00:00+07:00,35800.0,35800.0,33400.0,33400.0,33400.0,32157700,0.0,0.0
2024-10-25 00:00:00+07:00,33650.0,34000.0,33300.0,33450.0,33450.0,19673700,0.0,0.0
2024-10-28 00:00:00+07:00,33300.0,34100.0,33300.0,33750.0,33750.0,11423600,0.0,0.0
2024-10-29 00:00:00+07:00,33850.0,34300.0,33800.0,34050.0,34050.0,10111000,0.0,0.0
2024-10-30 00:00:00+07:00,34200.0,35200.0,33950.0,34800.0,34800.0,17096800,0.0,0.0
2024-10-31 00:00:00+07:00,34800.0,35700.0,34600.0,35200.0,35200.0,17764700,0.0,0.0
2024-11-01 00:00:00+07:00,35000.0,35250.0,34950.0,35000.0,35000.0,9112000,0.0,0.0
2024-11-04 00:00:00+07:00,35000.0,35350.0,34650.0,34900.0,34900.0,11339100,0.0,0.0
2024-11-05 00:00:00+07:00,34850.0,35300.0,34850.0,34850.0,34850.0,6852800,0.0,0.0
2024-11-06 00:00:00+07:00,35000.0,35500.0,34800.0,35500.0,35500.0,6934000,0.0,0.0
2024-11-07 00:00:00+07:00,35600.0,35800.0,35400.0,35600.0,35600.0,8231800,0.0,0.0
2024-11-08 00:00:00+07:00,35850.0,36000.0,35000.0,35500.0,35500.0,9413400,0.0,0.0
2024-11-11 00:00:00+07:00,35400.0,35550.0,33400.0,33800.0,33800.0,32893000,0.0,0.0
2024-11-12 00:00:00+07:00,33800.0,33900.0,33250.0,33550.0,33550.0,14613800,0.0,0.0
2024-11-13 00:00:00+07:00,33500.0,33500.0,32400.0,33400.0,33400.0,15006400,0.0,0.0
2024-11-14 00:00:00+07:00,33550.0,33550.0,32500.0,32500.0,32500.0,9004900,0.0,0.0
2024-11-15 00:00:00+07:00,32400.0,32850.0,32200.0,32400.0,32400.0,12216400,0.0,0.0
2024-11-18 00:00:00+07:00,32550.0,32700.0,31900.0,32600.0,32600.0,10149900,0.0,0.0
2024-11-19 00:00:00+07:00,32600.0,32600.0,31750.0,31950.0,31950.0,7271700,0.0,0.0
2024-11-20 00:00:00+07:00,31700.0,32750.0,31300.0,32400.0,32400.0,8575900,0.0,0.0
2024-11-21 00:00:00+07:00,32400.0,33050.0,32250.0,33050.0,33050.0,8026600,0.0,0.0
2024-11-22 00:00:00+07:00,33000.0,33150.0,32600.0,32650.0,32650.0,5610500,0.0,0.0
2024-11-25 00:00:00+07:00,32700.0,33150.0,32650.0,32850.0,32850.0,5082200,0.0,0.0
2024-11-26 00:00:00+07:00,33000.0,33350.0,32950.0,33200.0,33200.0,6126800,0.0,0.0
2024-11-27 00:00:00+07:00,33100.0,33300.0,32800.0,33200.0,33200.0,5196000,0.0,0.0
2024-11-28 00:00:00+07:00,33200.0,33600.0,32950.0,33150.0,33150.0,8503500,0.0,0.0
2024-11-29 00:00:00+07:00,33050.0,33300.0,32800.0,33300.0,33300.0,6626200,0.0,0.0
2024-12-02 00:00:00+07:00,33400.0,33400.0,32850.0,33100.0,33100.0,5222300,0.0,0.0
2024-12-03 00:00:00+07:00,33150.0,33150.0,32600.0,32600.0,32600.0,8715400,0.0,0.0
2024-12-04 00:00:00+07:00,32550.0,32600.0,32150.0,32400.0,32400.0,5780600,0.0,0.0
2024-12-05 00:00:00+07:00,32350.0,34000.0,32250.0,33950.0,33950.0,13198900,0.0,0.0
2024-12-06 00:00:00+07:00,33900.0,33950.0,33600.0,33800.0,33800.0,5016000,0.0,0.0
2024-12-09 00:00:00+07:00,33700.0,34100.0,33600.0,34000.0,34000.0,5819800,0.0,0.0
2024-12-10 00:00:00+07:00,34050.0,34200.0,33500.0,33500.0,33500.0,5671300,0.0,0.0
2024-12-11 00:00:00+07:00,33800.0,33900.0,33500.0,33650.0,33650.0,5182000,0.0,0.0
2024-12-12 00:00:00+07:00,33650.0,34100.0,33650.0,33800.0,33800.0,4826000,0.0,0.0
2024-12-13 00:00:00+07:00,33800.0,34200.0,33550.0,34000.0,34000.0,7644600,0.0,0.0
2024-12-16 00:00:00+07:00,34000.0,34100.0,33850.0,34100.0,34100.0,4502700,0.0,0.0
2024-12-17 00:00:00+07:00,34100.0,34200.0,33850.0,34100.0,34100.0,3703800,0.0,0.0
2024-12-18 00:00:00+07:00,34100.0,34200.0,33850.0,34200.0,34200.0,4850900,0.0,0.0
2024-12-19 00:00:00+07:00,33800.0,34000.0,33550.0,33900.0,33900.0,8676200,0.0,0.0
2024-12-20 00:00:00+07:00,33750.0,33950.0,33500.0,33850.0,33850.0,7578900,0.0,0.0
2024-12-23 00:00:00+07:00,34150.0,35000.0,34100.0,34500.0,34500.0,10898800,0.0,0.0
2024-12-24 00:00:00+07:00,34550.0,34750.0,34350.0,34700.0,34700.0,6484800,0.0,0.0
2024-12-25 00:00:00+07:00,34800.0,36500.0,34750.0,36250.0,36250.0,24376900,0.0,0.0
2024-12-26 00:00:00+07:00,36450.0,37400.0,36350.0,37100.0,37100.0,16442000,0.0,0.0
2024-12-27 00:00:00+07:00,37200.0,37400.0,36900.0,37400.0,37400.0,11145700,0.0,0.0
2024-12-30 00:00:00+07:00,37350.0,37850.0,36800.0,37850.0,37850.0,10631900,0.0,0.0
2024-12-31 00:00:00+07:00,37550.0,37550.0,36900.0,36900.0,36900.0,9388400,0.0,0.0
2025-01-02 00:00:00+07:00,36950.0,37200.0,36600.0,37000.0,37000.0,5957100,0.0,0.0
2025-01-03 00:00:00+07:00,36950.0,36950.0,36100.0,36100.0,36100.0,8642600,0.0,0.0
2025-01-06 00:00:00+07:00,36100.0,36600.0,36050.0,36250.0,36250.0,9584000,0.0,0.0
2025-01-07 00:00:00+07:00,36450.0,37050.0,36350.0,36900.0,36900.0,7377300,0.0,0.0
2025-01-08 00:00:00+07:00,36700.0,36900.0,36500.0,36700.0,36700.0,6074100,0.0,0.0
2025-01-09 00:00:00+07:00,36800.0,36900.0,36400.0,36400.0,36400.0,5593400,0.0,0.0
2025-01-10 00:00:00+07:00,36400.0,36550.0,35200.0,35200.0,35200.0,15560200,0.0,0.0
2025-01-13 00:00:00+07:00,35000.0,35350.0,34700.0,35300.0,35300.0,8382600,0.0,0.0
2025-01-14 00:00:00+07:00,35300.0,35400.0,34900.0,35400.0,35400.0,4412700,0.0,0.0
2025-01-15 00:00:00+07:00,35400.0,35450.0,35100.0,35100.0,35100.0,6977700,0.0,0.0
2025-01-16 00:00:00+07:00,35400.0,35450.0,35100.0,35100.0,35100.0,6977700,0.0,0.0
2025-01-17 00:00:00+07:00,35400.0,35800.0,35150.0,35750.0,35750.0,5715900,0.0,0.0
2025-01-20 00:00:00+07:00,35850.0,36350.0,35750.0,35950.0,35950.0,6359200,0.0,0.0
2025-01-21 00:00:00+07:00,36450.0,36450.0,35900.0,36050.0,36050.0,5396100,0.0,0.0
2025-01-22 00:00:00+07:00,36200.0,36650.0,36150.0,36350.0,36350.0,7602200,0.0,0.0
2025-01-23 00:00:00+07:00,36650.0,37550.0,36450.0,37000.0,37000.0,10155400,0.0,0.0
2025-01-24 00:00:00+07:00,37300.0,37350.0,36900.0,37000.0,37000.0,4818200,0.0,0.0
2025-01-27 00:00:00+07:00,37000.0,37000.0,37000.0,37000.0,37000.0,0,0.0,0.0
2025-01-28 00:00:00+07:00,37000.0,37000.0,37000.0,37000.0,37000.0,0,0.0,0.0
2025-01-29 00:00:00+07:00,37000.0,37000.0,37000.0,37000.0,37000.0,0,0.0,0.0
2025-01-30 00:00:00+07:00,37000.0,37000.0,37000.0,37000.0,37000.0,0,0.0,0.0
2025-01-31 00:00:00+07:00,37000.0,37000.0,37000.0,37000.0,37000.0,0,0.0,0.0
2025-02-03 00:00:00+07:00,36800.0,36900.0,36300.0,36550.0,36550.0,9000500,0.0,0.0
2025-02-04 00:00:00+07:00,36700.0,37800.0,36650.0,37300.0,37300.0,12650000,0.0,0.0
2025-02-05 00:00:00+07:00,37450.0,37500.0,37000.0,37250.0,37250.0,5279300,0.0,0.0
2025-02-06 00:00:00+07:00,37500.0,37850.0,37300.0,37350.0,37350.0,8268500,0.0,0.0
2025-02-07 00:00:00+07:00,37350.0,38100.0,37200.0,37450.0,37450.0,11948300,0.0,0.0
2025-02-10 00:00:00+07:00,37400.0,38850.0,37200.0,38450.0,38450.0,21128100,0.0,0.0
2025-02-11 00:00:00+07:00,38400.0,38700.0,38150.0,38500.0,38500.0,5513100,0.0,0.0
2025-02-12 00:00:00+07:00,38500.0,38850.0,38300.0,38650.0,38650.0,8553900,0.0,0.0
2025-02-13 00:00:00+07:00,38500.0,38800.0,38400.0,38800.0,38800.0,4741600,0.0,0.0
2025-02-14 00:00:00+07:00,39300.0,39300.0,38250.0,38250.0,38250.0,8007000,0.0,0.0
2025-02-17 00:00:00+07:00,38250.0,38500.0,38100.0,38300.0,38300.0,6088300,0.0,0.0
2025-02-18 00:00:00+07:00,38300.0,39150.0,38150.0,38650.0,38650.0,8042000,0.0,0.0
2025-02-19 00:00:00+07:00,38650.0,39100.0,38500.0,38750.0,38750.0,7478000,0.0,0.0
2025-02-20 00:00:00+07:00,38900.0,39050.0,38550.0,38750.0,38750.0,7041600,0.0,0.0
2025-02-21 00:00:00+07:00,38750.0,38950.0,38300.0,38850.0,38850.0,8170200,0.0,0.0
2025-02-24 00:00:00+07:00,38850.0,39600.0,38700.0,39400.0,39400.0,7261100,0.0,0.0
2025-02-25 00:00:00+07:00,39500.0,39700.0,39250.0,39250.0,39250.0,6148600,0.0,0.0
2025-02-26 00:00:00+07:00,39250.0,39350.0,38550.0,38550.0,38550.0,15149500,0.0,0.0
2025-02-27 00:00:00+07:00,38550.0,38650.0,38100.0,38300.0,38300.0,12864400,0.0,0.0
2025-02-28 00:00:00+07:00,38250.0,38700.0,38250.0,38250.0,38250.0,5601900,0.0,0.0
2025-03-03 00:00:00+07:00,38350.0,38850.0,38350.0,38850.0,38850.0,5444600,0.0,0.0
2025-03-04 00:00:00+07:00,38650.0,39400.0,38500.0,39200.0,39200.0,9150800,0.0,0.0
2025-03-05 00:00:00+07:00,39300.0,39700.0,38800.0,38800.0,38800.0,9606400,0.0,0.0
2025-03-06 00:00:00+07:00,38850.0,39550.0,38750.0,39500.0,39500.0,7514100,0.0,0.0
2025-03-07 00:00:00+07:00,39650.0,39900.0,39400.0,39750.0,39750.0,11663800,0.0,0.0
2025-03-10 00:00:00+07:00,40000.0,40300.0,39200.0,40000.0,40000.0,15036900,0.0,0.0
2025-03-11 00:00:00+07:00,39400.0,39900.0,39400.0,39900.0,39900.0,5687100,0.0,0.0
2025-03-12 00:00:00+07:00,40000.0,40050.0,39300.0,39750.0,39750.0,10908500,0.0,0.0
2025-03-13 00:00:00+07:00,39650.0,39700.0,38950.0,39000.0,39000.0,16107200,0.0,0.0
2025-03-14 00:00:00+07:00,38800.0,39050.0,38350.0,38850.0,38850.0,12595200,0.0,0.0
2025-03-17 00:00:00+07:00,39000.0,39200.0,38500.0,38850.0,38850.0,5677600,0.0,0.0
2025-03-18 00:00:00+07:00,38950.0,39100.0,38400.0,38400.0,38400.0,6627800,0.0,0.0
2025-03-19 00:00:00+07:00,38400.0,38600.0,37900.0,38400.0,38400.0,12163700,0.0,0.0
2025-03-20 00:00:00+07:00,38400.0,39000.0,38100.0,38900.0,38900.0,8974900,0.0,0.0
2025-03-21 00:00:00+07:00,38950.0,39000.0,38350.0,38650.0,38650.0,6529400,0.0,0.0
2025-03-24 00:00:00+07:00,38700.0,38700.0,37900.0,38600.0,38600.0,9208700,0.0,0.0
2025-03-25 00:00:00+07:00,38750.0,38800.0,38350.0,38650.0,38650.0,5559800,0.0,0.0
2025-03-26 00:00:00+07:00,38650.0,39200.0,38450.0,38600.0,38600.0,10412200,0.0,0.0
2025-03-27 00:00:00+07:00,38400.0,38600.0,38150.0,38250.0,38250.0,5286900,0.0,0.0
2025-03-28 00:00:00+07:00,38250.0,38700.0,37950.0,38250.0,38250.0,6500900,0.0,0.0
2025-03-31 00:00:00+07:00,38000.0,38750.0,37950.0,38300.0,38300.0,7858700,0.0,0.0
2025-04-01 00:00:00+07:00,38650.0,39700.0,38300.0,39700.0,39700.0,12024400,0.0,0.0
2025-04-02 00:00:00+07:00,39650.0,39750.0,39250.0,39250.0,39250.0,8155200,0.0,0.0
2025-04-03 00:00:00+07:00,38100.0,38500.0,36550.0,36550.0,36550.0,90990400,0.0,0.0
2025-04-04 00:00:00+07:00,34100.0,37500.0,34100.0,37400.0,37400.0,38581000,0.0,0.0
2025-04-08 00:00:00+07:00,36000.0,36900.0,34800.0,34800.0,34800.0,50377200,0.0,0.0
2025-04-09 00:00:00+07:00,33000.0,36000.0,32400.0,33100.0,33100.0,30887500,0.0,0.0
2025-04-10 00:00:00+07:00,35400.0,35400.0,35400.0,35400.0,35400.0,231100,0.0,0.0
2025-04-11 00:00:00+07:00,35400.0,37850.0,35400.0,37850.0,37850.0,45803600,0.0,0.0
2025-04-14 00:00:00+07:00,37950.0,38500.0,37550.0,37800.0,37800.0,12950500,0.0,0.0
2025-04-15 00:00:00+07:00,37450.0,38450.0,37100.0,38450.0,38450.0,16839800,0.0,0.0
2025-04-16 00:00:00+07:00,38600.0,38850.0,38050.0,38150.0,38150.0,9915900,0.0,0.0
2025-04-17 00:00:00+07:00,38000.0,38500.0,37950.0,38300.0,38300.0,12994500,0.0,0.0
2025-04-18 00:00:00+07:00,38600.0,39150.0,38500.0,38550.0,38550.0,14439400,0.0,0.0
2025-04-21 00:00:00+07:00,38550.0,41200.0,37850.0,40450.0,40450.0,34146600,0.0,0.0
2025-04-22 00:00:00+07:00,40450.0,40650.0,37650.0,40650.0,40650.0,32019500,0.0,0.0
2025-04-23 00:00:00+07:00,41050.0,41200.0,40150.0,40200.0,40200.0,13621800,0.0,0.0
2025-04-24 00:00:00+07:00,40200.0,40450.0,39500.0,40200.0,40200.0,13836900,0.0,0.0
2025-04-25 00:00:00+07:00,40200.0,40500.0,39150.0,39150.0,39150.0,23650700,0.0,0.0
2025-04-28 00:00:00+07:00,39250.0,39300.0,38750.0,39250.0,39250.0,9043800,0.0,0.0
2025-04-29 00:00:00+07:00,39200.0,39400.0,38900.0,39100.0,39100.0,4551800,0.0,0.0
2025-04-30 00:00:00+07:00,39100.0,39100.0,39100.0,39100.0,39100.0,0,0.0,0.0
2025-05-01 00:00:00+07:00,39100.0,39100.0,39100.0,39100.0,39100.0,0,0.0,0.0
2025-05-02 00:00:00+07:00,39100.0,39100.0,39100.0,39100.0,39100.0,0,0.0,0.0
2025-05-05 00:00:00+07:00,39100.0,39100.0,39100.0,39100.0,39100.0,0,0.0,0.0
2025-05-06 00:00:00+07:00,39200.0,39650.0,38950.0,39500.0,39500.0,5167000,0.0,0.0
2025-05-07 00:00:00+07:00,39400.0,39700.0,38850.0,38850.0,38850.0,8137000,0.0,0.0
2025-05-08 00:00:00+07:00,38950.0,39150.0,38550.0,38850.0,38850.0,9004500,0.0,0.0
2025-05-09 00:00:00+07:00,38850.0,39600.0,38750.0,39500.0,39500.0,9549200,0.0,0.0
2025-05-12 00:00:00+07:00,39500.0,39500.0,39500.0,39500.0,39500.0,0,0.0,0.0
2025-05-13 00:00:00+07:00,39800.0,40050.0,39750.0,40000.0,40000.0,17745900,0.0,0.0
2025-05-14 00:00:00+07:00,40350.0,40400.0,39600.0,40100.0,40100.0,13378200,0.0,0.0
2025-05-15 00:00:00+07:00,40200.0,40300.0,39700.0,40000.0,40000.0,11857000,0.0,0.0
2025-05-16 00:00:00+07:00,40200.0,41100.0,40050.0,40700.0,40700.0,18297100,0.0,0.0
2025-05-19 00:00:00+07:00,39500.0,39650.0,38950.0,39000.0,39000.0,15035800,0.0,0.0
2025-05-20 00:00:00+07:00,39500.0,39650.0,38950.0,39000.0,39000.0,15035800,0.0,0.0
2025-05-21 00:00:00+07:00,39000.0,39650.0,39000.0,39500.0,39500.0,10361100,0.0,0.0
2025-05-22 00:00:00+07:00,39500.0,42250.0,39500.0,41800.0,41800.0,39103400,0.0,0.0
2025-05-23 00:00:00+07:00,41750.0,42000.0,41000.0,41100.0,41100.0,9149500,0.0,0.0
2025-05-26 00:00:00+07:00,41500.0,41750.0,40300.0,41550.0,41550.0,10359000,0.0,0.0
2025-05-27 00:00:00+07:00,41500.0,41750.0,40300.0,41550.0,41550.0,10359000,0.0,0.0
2025-05-28 00:00:00+07:00,41550.0,42100.0,41100.0,41500.0,41500.0,8067700,0.0,0.0
2025-05-29 00:00:00+07:00,41700.0,41700.0,41050.0,41050.0,41050.0,7824600,0.0,0.0
2025-05-30 00:00:00+07:00,41150.0,41400.0,40750.0,41300.0,41300.0,7364400,0.0,0.0
2025-06-02 00:00:00+07:00,40700.0,42200.0,40500.0,41800.0,41800.0,11981200,0.0,0.0
2025-06-03 00:00:00+07:00,40700.0,42200.0,40500.0,41800.0,41800.0,11981200,0.0,0.0
2025-06-04 00:00:00+07:00,41900.0,42000.0,41550.0,41600.0,41600.0,5967100,0.0,0.0
2025-06-05 00:00:00+07:00,41700.0,41750.0,41000.0,41000.0,41000.0,7724000,0.0,0.0
2025-06-06 00:00:00+07:00,41000.0,41900.0,41000.0,41350.0,41350.0,10652000,0.0,0.0
2025-06-09 00:00:00+07:00,41950.0,42200.0,41600.0,41950.0,41950.0,7225300,0.0,0.0
2025-06-10 00:00:00+07:00,41950.0,42200.0,41600.0,41950.0,41950.0,7225300,0.0,0.0
2025-06-11 00:00:00+07:00,42100.0,44000.0,42000.0,42900.0,42900.0,15151600,0.0,0.0
2025-06-12 00:00:00+07:00,43150.0,43300.0,42600.0,42850.0,42850.0,6729600,0.0,0.0
2025-06-13 00:00:00+07:00,43200.0,45750.0,43200.0,45000.0,45000.0,20238200,0.0,0.0
2025-06-16 00:00:00+07:00,44600.0,45500.0,44550.0,45500.0,45500.0,8042500,0.0,0.0
2025-06-17 00:00:00+07:00,44600.0,45500.0,44550.0,45500.0,45500.0,8042500,0.0,0.0
2025-06-18 00:00:00+07:00,45550.0,46400.0,45500.0,46000.0,46000.0,8798900,0.0,0.0
2025-06-19 00:00:00+07:00,46000.0,47800.0,45700.0,47200.0,47200.0,12882100,0.0,0.0
2025-06-20 00:00:00+07:00,47200.0,47450.0,46700.0,47150.0,47150.0,8489700,0.0,0.0
2025-06-23 00:00:00+07:00,46250.0,47200.0,46150.0,46450.0,46450.0,6599000,0.0,0.0
2025-06-24 00:00:00+07:00,46250.0,47200.0,46150.0,46450.0,46450.0,6599000,0.0,0.0
2025-06-25 00:00:00+07:00,46850.0,47200.0,46150.0,46500.0,46500.0,10511600,0.0,0.0
2025-06-26 00:00:00+07:00,46500.0,47350.0,46450.0,46800.0,46800.0,6595600,0.0,0.0
2025-06-27 00:00:00+07:00,47000.0,47200.0,46200.0,46800.0,46800.0,9648600,0.0,0.0
2025-06-30 00:00:00+07:00,46600.0,47050.0,46350.0,46700.0,46700.0,6019100,0.0,0.0
2025-07-01 00:00:00+07:00,46600.0,47050.0,46350.0,46700.0,46700.0,6019100,0.0,0.0
2025-07-02 00:00:00+07:00,46800.0,46950.0,46450.0,46950.0,46950.0,6104200,0.0,0.0
2025-07-03 00:00:00+07:00,47300.0,48100.0,47000.0,47550.0,47550.0,9449300,0.0,0.0
2025-07-04 00:00:00+07:00,47400.0,47700.0,46400.0,46650.0,46650.0,14989200,0.0,0.0
2025-07-07 00:00:00+07:00,47100.0,48500.0,47100.0,47550.0,47550.0,8252600,0.0,0.0
2025-07-08 00:00:00+07:00,47100.0,48500.0,47100.0,47550.0,47550.0,8252600,0.0,0.0
2025-07-09 00:00:00+07:00,47700.0,48050.0,47200.0,47650.0,47650.0,6020400,0.0,0.0
2025-07-10 00:00:00+07:00,48000.0,48100.0,47350.0,47800.0,47800.0,9776500,0.0,0.0
2025-07-11 00:00:00+07:00,47900.0,47900.0,47250.0,47650.0,47650.0,8376100,0.0,0.0
2025-07-14 00:00:00+07:00,47750.0,48100.0,47200.0,47950.0,47950.0,8661400,0.0,0.0
2025-07-15 00:00:00+07:00,47750.0,48100.0,47200.0,47950.0,47950.0,8661400,0.0,0.0
2025-07-16 00:00:00+07:00,48200.0,49200.0,47700.0,47700.0,47700.0,9831600,0.0,0.0
2025-07-17 00:00:00+07:00,47800.0,48150.0,47250.0,47800.0,47800.0,9529800,0.0,0.0
2025-07-18 00:00:00+07:00,48050.0,48400.0,47600.0,47700.0,47700.0,9050500,0.0,0.0
2025-07-21 00:00:00+07:00,50700.0,50800.0,49150.0,49500.0,49500.0,10525200,0.0,0.0
2025-07-22 00:00:00+07:00,50700.0,50800.0,49150.0,49500.0,49500.0,10525200,0.0,0.0
2025-07-23 00:00:00+07:00,49200.0,49500.0,48700.0,49500.0,49500.0,9543900,0.0,0.0
2025-07-24 00:00:00+07:00,49700.0,49700.0,48500.0,48700.0,48700.0,15205900,0.0,0.0
2025-07-25 00:00:00+07:00,48800.0,49500.0,48500.0,49000.0,49000.0,10168300,0.0,0.0
2025-07-28 00:00:00+07:00,48800.0,49300.0,48350.0,49100.0,49100.0,15097200,0.0,0.0
2025-07-29 00:00:00+07:00,48800.0,49300.0,48350.0,49100.0,49100.0,15097200,0.0,0.0
2025-07-30 00:00:00+07:00,49100.0,50800.0,48000.0,48000.0,48000.0,24137000,0.0,0.0
2025-07-31 00:00:00+07:00,48850.0,50300.0,48100.0,49300.0,49300.0,17249500,0.0,0.0
2025-08-01 00:00:00+07:00,49900.0,50700.0,49250.0,49950.0,49950.0,18161500,0.0,0.0
2025-08-04 00:00:00+07:00,48900.0,50000.0,48500.0,50000.0,50000.0,10261900,0.0,0.0
2025-08-05 00:00:00+07:00,48900.0,50000.0,48500.0,50000.0,50000.0,10261900,0.0,0.0
2025-08-06 00:00:00+07:00,50400.0,53500.0,49650.0,51700.0,51700.0,34970000,0.0,0.0
2025-08-07 00:00:00+07:00,52600.0,54100.0,52200.0,54100.0,54100.0,12203200,0.0,0.0
2025-08-08 00:00:00+07:00,54800.0,55200.0,52900.0,54600.0,54600.0,14247000,0.0,0.0
2025-08-11 00:00:00+07:00,53600.0,53800.0,52700.0,53700.0,53700.0,11099300,0.0,0.0
2025-08-12 00:00:00+07:00,53600.0,53800.0,52700.0,53700.0,53700.0,11099300,0.0,0.0
2025-08-13 00:00:00+07:00,53600.0,54800.0,53000.0,54000.0,54000.0,7085300,0.0,0.0
2025-08-14 00:00:00+07:00,54400.0,54400.0,52900.0,53900.0,53900.0,8805500,0.0,0.0
2025-08-15 00:00:00+07:00,54300.0,56300.0,53700.0,55400.0,55400.0,16179400,0.0,0.0
2025-08-18 00:00:00+07:00,53900.0,53900.0,52200.0,52800.0,52800.0,12871600,0.0,0.0
2025-08-19 00:00:00+07:00,53900.0,53900.0,52200.0,52800.0,52800.0,12871600,0.0,0.0
2025-08-20 00:00:00+07:00,52700.0,53900.0,52300.0,53200.0,53200.0,10619300,0.0,0.0
2025-08-21 00:00:00+07:00,53400.0,54400.0,51700.0,54100.0,54100.0,25005100,0.0,0.0
2025-08-22 00:00:00+07:00,54800.0,57800.0,54700.0,57800.0,57800.0,26950700,0.0,0.0
2025-08-25 00:00:00+07:00,56200.0,56500.0,51700.0,53000.0,53000.0,22715200,0.0,0.0
2025-08-26 00:00:00+07:00,56200.0,56500.0,51700.0,53000.0,53000.0,22715200,0.0,0.0
2025-08-27 00:00:00+07:00,52500.0,55000.0,52400.0,55000.0,55000.0,12289300,0.0,0.0
2025-08-28 00:00:00+07:00,55300.0,56400.0,54100.0,55600.0,55600.0,15918500,0.0,0.0
2025-08-29 00:00:00+07:00,55900.0,56200.0,54400.0,54800.0,54800.0,8394200,0.0,0.0
2025-09-01 00:00:00+07:00,54800.0,54800.0,54800.0,54800.0,54800.0,0,0.0,0.0
2025-09-02 00:00:00+07:00,54800.0,54800.0,54800.0,54800.0,54800.0,0,0.0,0.0
2025-09-03 00:00:00+07:00,56000.0,56300.0,55200.0,56300.0,56300.0,7512300,0.0,0.0
2025-09-04 00:00:00+07:00,56000.0,56300.0,55200.0,56300.0,56300.0,7512300,0.0,0.0
2025-09-05 00:00:00+07:00,56700.0,56800.0,55700.0,56400.0,56400.0,7720900,0.0,0.0
2025-09-08 00:00:00+07:00,55700.0,56200.0,53900.0,54000.0,54000.0,11396400,0.0,0.0
2025-09-09 00:00:00+07:00,55700.0,56200.0,53900.0,54000.0,54000.0,11396400,0.0,0.0
2025-09-10 00:00:00+07:00,53900.0,54300.0,53100.0,54200.0,54200.0,6237400,0.0,0.0
2025-09-11 00:00:00+07:00,54500.0,54900.0,53400.0,53900.0,53900.0,7469300,0.0,0.0
2025-09-12 00:00:00+07:00,54200.0,55700.0,52600.0,55400.0,55400.0,12854900,0.0,0.0
2025-09-15 00:00:00+07:00,55200.0,56000.0,54500.0,56000.0,56000.0,8931100,0.0,0.0
2025-09-16 00:00:00+07:00,55200.0,56000.0,54500.0,56000.0,56000.0,8931100,0.0,0.0
2025-09-17 00:00:00+07:00,56400.0,56900.0,55900.0,56100.0,56100.0,6628000,0.0,0.0
2025-09-18 00:00:00+07:00,56300.0,56600.0,55500.0,56200.0,56200.0,8281600,0.0,0.0
2025-09-19 00:00:00+07:00,56500.0,57300.0,55800.0,57000.0,57000.0,8193300,0.0,0.0
2025-09-22 00:00:00+07:00,55500.0,55700.0,53600.0,54800.0,54800.0,8456900,0.0,0.0
2025-09-23 00:00:00+07:00,55500.0,55700.0,53600.0,54800.0,54800.0,8456900,0.0,0.0
2025-09-24 00:00:00+07:00,55200.0,55700.0,54500.0,55400.0,55400.0,5215300,0.0,0.0
2025-09-25 00:00:00+07:00,55400.0,57000.0,54500.0,57000.0,57000.0,6866400,0.0,0.0
2025-09-26 00:00:00+07:00,57200.0,57200.0,56000.0,56900.0,56900.0,6594300,0.0,0.0
2025-09-29 00:00:00+07:00,56500.0,56600.0,55400.0,56600.0,56600.0,5361700,0.0,0.0
2025-09-30 00:00:00+07:00,56500.0,56600.0,55400.0,56600.0,56600.0,5361700,0.0,0.0
2025-10-01 00:00:00+07:00,56600.0,57100.0,56000.0,56900.0,56900.0,8892800,0.0,0.0
2025-10-02 00:00:00+07:00,57100.0,59800.0,56700.0,59800.0,59800.0,18440100,0.0,0.0
2025-10-03 00:00:00+07:00,60000.0,60300.0,58000.0,58700.0,58700.0,8412100,0.0,0.0
2025-10-06 00:00:00+07:00,58000.0,59800.0,57100.0,59800.0,59800.0,10349900,0.0,0.0
2025-10-07 00:00:00+07:00,58000.0,59800.0,57100.0,59800.0,59800.0,10349900,0.0,0.0
2025-10-08 00:00:00+07:00,60000.0,60400.0,58500.0,58500.0,58500.0,7496400,0.0,0.0
2025-10-09 00:00:00+07:00,58600.0,60000.0,58500.0,59900.0,59900.0,10390300,0.0,0.0
2025-10-10 00:00:00+07:00,60300.0,61000.0,59700.0,60000.0,60000.0,9593000,0.0,0.0
2025-10-13 00:00:00+07:00,59900.0,61000.0,59300.0,61000.0,61000.0,7743200,0.0,0.0
2025-10-14 00:00:00+07:00,59900.0,61000.0,59300.0,61000.0,61000.0,7743200,0.0,0.0
2025-10-15 00:00:00+07:00,61100.0,61300.0,60100.0,60600.0,60600.0,7039200,0.0,0.0
2025-10-16 00:00:00+07:00,60200.0,60800.0,60000.0,60000.0,60000.0,3805800,0.0,0.0
2025-10-17 00:00:00+07:00,60100.0,60400.0,58500.0,59500.0,59500.0,10235300,0.0,0.0
2025-10-20 00:00:00+07:00,58600.0,58800.0,54900.0,54900.0,54900.0,13295700,0.0,0.0
2025-10-21 00:00:00+07:00,58600.0,58800.0,54900.0,54900.0,54900.0,13295700,0.0,0.0
2025-10-22 00:00:00+07:00,55500.0,55600.0,53000.0,55600.0,55600.0,11955700,0.0,0.0
2025-10-23 00:00:00+07:00,55700.0,55700.0,53500.0,55400.0,55400.0,5680600,0.0,0.0
2025-10-24 00:00:00+07:00,55400.0,55900.0,54700.0,55600.0,55600.0,5822500,0.0,0.0
2025-10-27 00:00:00+07:00,54500.0,55300.0,53500.0,54600.0,54600.0,4852600,0.0,0.0
2025-10-28 00:00:00+07:00,54500.0,55300.0,53500.0,54600.0,54600.0,4852600,0.0,0.0
2025-10-29 00:00:00+07:00,54400.0,56800.0,53600.0,56800.0,56800.0,6598200,0.0,0.0
2025-10-30 00:00:00+07:00,56800.0,58100.0,56500.0,57200.0,57200.0,5986100,0.0,0.0
2025-10-31 00:00:00+07:00,57200.0,57300.0,56400.0,56900.0,56900.0,3281900,0.0,0.0
2025-11-03 00:00:00+07:00,55400.0,55800.0,52300.0,52300.0,52300.0,6619800,0.0,0.0
2025-11-04 00:00:00+07:00,52000.0,54800.0,51700.0,53900.0,53900.0,11567100,0.0,0.0
2025-11-05 00:00:00+07:00,52000.0,54800.0,51700.0,53900.0,53900.0,11567100,0.0,0.0
2025-11-06 00:00:00+07:00,53500.0,53800.0,51900.0,51900.0,51900.0,7748900,0.0,0.0
2025-11-07 00:00:00+07:00,51700.0,51900.0,48350.0,48350.0,48350.0,20318100,0.0,0.0
2025-11-10 00:00:00+07:00,48500.0,49400.0,48350.0,48500.0,48500.0,8290900,0.0,0.0
2025-11-11 00:00:00+07:00,48700.0,49650.0,47450.0,49650.0,49650.0,8621000,0.0,0.0
2025-11-12 00:00:00+07:00,49700.0,50600.0,48850.0,50600.0,50600.0,8640000,0.0,0.0
2025-11-13 00:00:00+07:00,50500.0,50500.0,48550.0,48700.0,48700.0,17041000,0.0,0.0
2025-11-14 00:00:00+07:00,48600.0,48650.0,47400.0,48050.0,48050.0,14304600,0.0,0.0
2025-11-17 00:00:00+07:00,48100.0,49050.0,47900.0,48900.0,48900.0,10169700,0.0,0.0
2025-11-18 00:00:00+07:00,48900.0,49650.0,48500.0,49500.0,49500.0,8541600,0.0,0.0
2025-11-19 00:00:00+07:00,49450.0,50300.0,49050.0,49500.0,49500.0,9515600,0.0,0.0
2025-11-20 00:00:00+07:00,49500.0,49800.0,49100.0,49500.0,49500.0,5896100,0.0,0.0
2025-11-21 00:00:00+07:00,49050.0,51300.0,48900.0,51300.0,51300.0,10132900,0.0,0.0
2025-11-24 00:00:00+07:00,51500.0,51500.0,50000.0,50000.0,50000.0,6116900,0.0,0.0
2025-11-25 00:00:00+07:00,50000.0,51000.0,49750.0,50000.0,50000.0,5219100,0.0,0.0
2025-11-26 00:00:00+07:00,50100.0,51200.0,49950.0,49950.0,49950.0,7616300,0.0,0.0
2025-11-27 00:00:00+07:00,49800.0,50600.0,49300.0,49300.0,49300.0,3672600,0.0,0.0
2025-11-28 00:00:00+07:00,49000.0,49550.0,48600.0,48600.0,48600.0,4671200,0.0,0.0
2025-12-01 00:00:00+07:00,48700.0,49600.0,48650.0,49000.0,49000.0,3344100,0.0,0.0
2025-12-02 00:00:00+07:00,49000.0,49650.0,49000.0,49400.0,49400.0,5477800,0.0,0.0
2025-12-03 00:00:00+07:00,49200.0,50900.0,49200.0,49700.0,49700.0,7311300,0.0,0.0
2025-12-04 00:00:00+07:00,49200.0,50900.0,49200.0,49700.0,49700.0,7311300,0.0,0.0
2025-12-05 00:00:00+07:00,50600.0,50600.0,49200.0,49200.0,49200.0,6092100,0.0,0.0
2025-12-08 00:00:00+07:00,49200.0,49250.0,48700.0,48700.0,48700.0,4224200,0.0,0.0
2025-12-09 00:00:00+07:00,48350.0,49250.0,48050.0,48550.0,48550.0,10646500,0.0,0.0
2025-12-10 00:00:00+07:00,48450.0,48650.0,48400.0,48600.0,48600.0,5984100,0.0,0.0
2025-12-11 00:00:00+07:00,48400.0,48600.0,47700.0,47700.0,47700.0,6162200,0.0,0.0
2025-12-12 00:00:00+07:00,47700.0,48500.0,46000.0,46000.0,46000.0,8811500,0.0,0.0
2025-12-15 00:00:00+07:00,46050.0,47200.0,45950.0,46800.0,46800.0,6054400,0.0,0.0
2025-12-16 00:00:00+07:00,46500.0,48200.0,46500.0,47050.0,47050.0,5417200,0.0,0.0
2025-12-17 00:00:00+07:00,47200.0,47800.0,47100.0,47200.0,47200.0,4055200,0.0,0.0
2025-12-18 00:00:00+07:00,47200.0,47800.0,47100.0,47200.0,47200.0,4055200,0.0,0.0
2025-12-19 00:00:00+07:00,47700.0,49000.0,47700.0,49000.0,49000.0,7229300,0.0,0.0
2025-12-22 00:00:00+07:00,49300.0,52400.0,48600.0,52400.0,52400.0,13019000,0.0,0.0
2025-12-23 00:00:00+07:00,54700.0,56000.0,54200.0,56000.0,56000.0,8408800,0.0,0.0
2025-12-24 00:00:00+07:00,58800.0,58800.0,56600.0,58700.0,58700.0,19984100,0.0,0.0
2025-12-25 00:00:00+07:00,58800.0,58800.0,56600.0,58700.0,58700.0,19984100,0.0,0.0
2025-12-26 00:00:00+07:00,55500.0,57500.0,53100.0,57500.0,57500.0,17485500,0.0,0.0
2025-12-29 00:00:00+07:00,58200.0,60400.0,58100.0,59900.0,59900.0,22403400,0.0,0.0
2025-12-30 00:00:00+07:00,60300.0,60800.0,58500.0,60000.0,60000.0,19183500,0.0,0.0
2025-12-31 00:00:00+07:00,59600.0,60200.0,58000.0,58000.0,58000.0,14589500,0.0,0.0
2026-01-01 00:00:00+07:00,58000.0,58000.0,58000.0,58000.0,58000.0,0,0.0,0.0
2026-01-02 00:00:00+07:00,58000.0,58000.0,58000.0,58000.0,58000.0,0,0.0,0.0
2026-01-05 00:00:00+07:00,58200.0,58300.0,56000.0,57900.0,57900.0,18337600,0.0,0.0
2026-01-06 00:00:00+07:00,57500.0,58700.0,56700.0,56700.0,56700.0,12705700,0.0,0.0
2026-01-07 00:00:00+07:00,55600.0,55900.0,52800.0,53400.0,53400.0,53941300,0.0,0.0
2026-01-08 00:00:00+07:00,53700.0,55200.0,53100.0,53500.0,53500.0,16488100,0.0,0.0
2026-01-09 00:00:00+07:00,53600.0,54300.0,51500.0,51800.0,51800.0,21551500,0.0,0.0
2026-01-12 00:00:00+07:00,51500.0,54300.0,51100.0,53800.0,53800.0,21181100,0.0,0.0
2026-01-13 00:00:00+07:00,53800.0,55200.0,53700.0,54100.0,54100.0,18230000,0.0,0.0
2026-01-14 00:00:00+07:00,53900.0,55100.0,53800.0,54100.0,54100.0,14857600,0.0,0.0
2026-01-15 00:00:00+07:00,53800.0,57800.0,53700.0,57800.0,57800.0,23196000,0.0,0.0
2026-01-16 00:00:00+07:00,59400.0,60600.0,57900.0,58400.0,58400.0,18237000,0.0,0.0
2026-01-19 00:00:00+07:00,58000.0,58700.0,57600.0,58300.0,58300.0,8938300,0.0,0.0
2026-01-20 00:00:00+07:00,58200.0,60900.0,58100.0,58100.0,58100.0,16114900,0.0,0.0
2026-01-21 00:00:00+07:00,57600.0,62100.0,57200.0,62100.0,62100.0,25967900,0.0,0.0
2026-01-22 00:00:00+07:00,63000.0,66400.0,63000.0,63500.0,63500.0,17206700,0.0,0.0
2026-01-23 00:00:00+07:00,63200.0,66100.0,62600.0,62600.0,62600.0,16451000,0.0,0.0
2026-01-26 00:00:00+07:00,63000.0,63800.0,61600.0,62000.0,62000.0,14884400,0.0,0.0
2026-01-27 00:00:00+07:00,62000.0,63300.0,61000.0,61900.0,61900.0,12496700,0.0,0.0
2026-01-28 00:00:00+07:00,62000.0,65600.0,61900.0,63200.0,63200.0,12810300,0.0,0.0
2026-01-29 00:00:00+07:00,64000.0,64400.0,62600.0,62800.0,62800.0,7052500,0.0,0.0
2026-01-30 00:00:00+07:00,62800.0,65000.0,62700.0,63000.0,63000.0,9372100,0.0,0.0
2026-02-02 00:00:00+07:00,63000.0,64000.0,62000.0,63500.0,63500.0,12216000,0.0,0.0
2026-02-03 00:00:00+07:00,64000.0,64500.0,62700.0,63000.0,63000.0,10152200,0.0,0.0
2026-02-04 00:00:00+07:00,62800.0,64600.0,62600.0,63800.0,63800.0,11683400,0.0,0.0
2026-02-05 00:00:00+07:00,63800.0,65000.0,62300.0,62300.0,62300.0,10907100,0.0,0.0
2026-02-06 00:00:00+07:00,61800.0,62400.0,60800.0,61500.0,61500.0,14979600,0.0,0.0
2026-02-09 00:00:00+07:00,61600.0,62100.0,60300.0,60300.0,60300.0,5613100,0.0,0.0
2026-02-10 00:00:00+07:00,60300.0,60700.0,59000.0,59500.0,59500.0,15767700,0.0,0.0
2026-02-11 00:00:00+07:00,59300.0,62900.0,59300.0,61100.0,61100.0,8440100,0.0,0.0
2026-02-12 00:00:00+07:00,61200.0,62700.0,61100.0,61100.0,61100.0,4636600,0.0,0.0
2026-02-13 00:00:00+07:00,61200.0,62600.0,61100.0,62600.0,62600.0,8998200,0.0,0.0
2026-02-16 00:00:00+07:00,62600.0,62600.0,62600.0,62600.0,62600.0,0,0.0,0.0
2026-02-17 00:00:00+07:00,62600.0,62600.0,62600.0,62600.0,62600.0,0,0.0,0.0
2026-02-18 00:00:00+07:00,62600.0,62600.0,62600.0,62600.0,62600.0,0,0.0,0.0
2026-02-19 00:00:00+07:00,62600.0,62600.0,62600.0,62600.0,62600.0,0,0.0,0.0
2026-02-20 00:00:00+07:00,62600.0,62600.0,62600.0,62600.0,62600.0,0,0.0,0.0
2026-02-23 00:00:00+07:00,62500.0,63700.0,62500.0,62900.0,62900.0,5818900,0.0,0.0
2026-02-24 00:00:00+07:00,63200.0,64200.0,63000.0,63400.0,63400.0,7967200,0.0,0.0
2026-02-25 00:00:00+07:00,63400.0,67800.0,63400.0,66700.0,66700.0,20065800,0.0,0.0
2026-02-26 00:00:00+07:00,66800.0,67300.0,65600.0,67000.0,67000.0,8140000,0.0,0.0
2026-02-27 00:00:00+07:00,66900.0,67200.0,65500.0,65500.0,65500.0,7079500,0.0,0.0
2026-03-02 00:00:00+07:00,65100.0,70000.0,64100.0,67000.0,67000.0,22266500,0.0,0.0
2026-03-03 00:00:00+07:00,65100.0,70000.0,64100.0,67000.0,67000.0,22266500,0.0,0.0
2026-03-04 00:00:00+07:00,67600.0,68100.0,65300.0,66700.0,66700.0,15992100,0.0,0.0
2026-03-05 00:00:00+07:00,67600.0,68700.0,64900.0,64900.0,64900.0,11705000,0.0,0.0
2026-03-06 00:00:00+07:00,64900.0,65400.0,62600.0,63800.0,63800.0,9695500,0.0,0.0
2026-03-09 00:00:00+07:00,59400.0,64100.0,59400.0,60800.0,60800.0,34718500,0.0,0.0
2026-03-10 00:00:00+07:00,63000.0,65000.0,62600.0,65000.0,65000.0,21117100,0.0,0.0
2026-03-11 00:00:00+07:00,65100.0,67400.0,64500.0,66300.0,66300.0,9254700,0.0,0.0
2026-03-12 00:00:00+07:00,65600.0,67100.0,65100.0,65700.0,65700.0,6081700,0.0,0.0
2026-03-13 00:00:00+07:00,65000.0,67000.0,64900.0,65800.0,65800.0,6921900,0.0,0.0
2026-03-16 00:00:00+07:00,65700.0,68900.0,65600.0,66600.0,66600.0,10881400,0.0,0.0
2026-03-17 00:00:00+07:00,67000.0,69200.0,67000.0,67600.0,67600.0,8825000,0.0,0.0
2026-03-18 00:00:00+07:00,67700.0,68800.0,62900.0,63300.0,63300.0,33645200,0.0,0.0
2026-03-19 00:00:00+07:00,63300.0,64700.0,62100.0,63400.0,63400.0,11631900,0.0,0.0
2026-03-20 00:00:00+07:00,63100.0,64000.0,62700.0,63400.0,63400.0,9388100,0.0,0.0
2026-03-23 00:00:00+07:00,62400.0,62900.0,60000.0,60000.0,60000.0,8986900,0.0,0.0
2026-03-24 00:00:00+07:00,61100.0,62000.0,60500.0,60800.0,60800.0,6025600,0.0,0.0
2026-03-25 00:00:00+07:00,61300.0,62700.0,61100.0,62200.0,62200.0,5688900,0.0,0.0
2026-03-26 00:00:00+07:00,62000.0,62100.0,60300.0,60600.0,60600.0,5034300,0.0,0.0
2026-03-27 00:00:00+07:00,60500.0,60700.0,59700.0,59900.0,59900.0,9368300,0.0,0.0
2026-03-30 00:00:00+07:00,58900.0,63400.0,58100.0,61200.0,61200.0,7574900,0.0,0.0
2026-03-31 00:00:00+07:00,61200.0,62700.0,61200.0,62200.0,62200.0,5233600,0.0,0.0
2026-04-01 00:00:00+07:00,62800.0,63700.0,62200.0,62200.0,62200.0,3187200,0.0,0.0
2026-04-02 00:00:00+07:00,61600.0,62100.0,60700.0,61100.0,61100.0,6494800,0.0,0.0
2026-04-03 00:00:00+07:00,60800.0,62300.0,60600.0,60800.0,60800.0,4610800,0.0,0.0
2026-04-06 00:00:00+07:00,60800.0,62100.0,59600.0,61200.0,61200.0,4204600,0.0,0.0
2026-04-07 00:00:00+07:00,61500.0,62000.0,61000.0,61700.0,61700.0,2931800,0.0,0.0
2026-04-08 00:00:00+07:00,63500.0,66000.0,63100.0,66000.0,66000.0,9822700,0.0,0.0
2026-04-09 00:00:00+07:00,65900.0,68800.0,65500.0,66300.0,66300.0,11522600,0.0,0.0
2026-04-10 00:00:00+07:00,66300.0,68700.0,66100.0,66900.0,66900.0,10148800,0.0,0.0
2026-04-13 00:00:00+07:00,66300.0,68700.0,66000.0,67300.0,67300.0,5230900,0.0,0.0
2026-04-14 00:00:00+07:00,67900.0,68200.0,66100.0,66100.0,66100.0,4179900,0.0,0.0
2026-04-15 00:00:00+07:00,66400.0,66500.0,64300.0,64300.0,64300.0,6883400,0.0,0.0
2026-04-16 00:00:00+07:00,64500.0,65500.0,63500.0,63800.0,63800.0,4595200,0.0,0.0
2026-04-17 00:00:00+07:00,64000.0,65200.0,63900.0,64000.0,64000.0,3714500,0.0,0.0
2026-04-20 00:00:00+07:00,64500.0,65200.0,64100.0,64200.0,64200.0,2566400,0.0,0.0
2026-04-21 00:00:00+07:00,68000.0,68600.0,66900.0,67700.0,67700.0,14144000,0.0,0.0
2026-04-22 00:00:00+07:00,68400.0,69200.0,66500.0,66500.0,66500.0,8519100,0.0,0.0
2026-04-23 00:00:00+07:00,66700.0,67000.0,65200.0,65400.0,65400.0,7987700,0.0,0.0
2026-04-24 00:00:00+07:00,65400.0,65500.0,64800.0,64900.0,64900.0,2756500,0.0,0.0
2026-04-27 00:00:00+07:00,64900.0,64900.0,64900.0,64900.0,64900.0,0,0.0,0.0
2026-04-28 00:00:00+07:00,65900.0,69300.0,65100.0,68100.0,68100.0,8214800,0.0,0.0
2026-04-29 00:00:00+07:00,67800.0,68900.0,67300.0,67500.0,67500.0,4951500,0.0,0.0
2026-04-30 00:00:00+07:00,67500.0,67500.0,67500.0,67500.0,67500.0,0,0.0,0.0
2026-05-01 00:00:00+07:00,67500.0,67500.0,67500.0,67500.0,67500.0,0,0.0,0.0
2026-05-04 00:00:00+07:00,67600.0,68100.0,66200.0,66200.0,66200.0,4121200,0.0,0.0
2026-05-05 00:00:00+07:00,66200.0,67000.0,65800.0,66600.0,66600.0,3623900,0.0,0.0
2026-05-06 00:00:00+07:00,66600.0,69800.0,66600.0,68900.0,68900.0,7606000,0.0,0.0
2026-05-07 00:00:00+07:00,69000.0,73700.0,68400.0,73700.0,73700.0,18877100,0.0,0.0
2026-05-08 00:00:00+07:00,74000.0,74800.0,72300.0,73500.0,73500.0,4750300,0.0,0.0
2026-05-11 00:00:00+07:00,73000.0,73300.0,71900.0,72200.0,72200.0,3266700,0.0,0.0
2026-05-12 00:00:00+07:00,72300.0,76800.0,71900.0,76800.0,76800.0,6934600,0.0,0.0
2026-05-13 00:00:00+07:00,76000.0,76600.0,73500.0,73500.0,73500.0,10029200,0.0,0.0
2026-05-14 00:00:00+07:00,73000.0,75100.0,72800.0,73600.0,73600.0,4387600,0.0,0.0
2026-05-15 00:00:00+07:00,73900.0,74400.0,72800.0,72900.0,72900.0,3743400,0.0,0.0
2026-05-18 00:00:00+07:00,72900.0,74000.0,71600.0,72100.0,72100.0,5605300,0.0,0.0
2026-05-19 00:00:00+07:00,72100.0,73300.0,71600.0,72300.0,72300.0,4823500,0.0,0.0
2026-05-20 00:00:00+07:00,71700.0,72400.0,70100.0,71600.0,71600.0,5903700,0.0,0.0
2026-05-21 00:00:00+07:00,71800.0,72800.0,70700.0,70800.0,70800.0,5478500,0.0,0.0
2026-05-22 00:00:00+07:00,71100.0,71800.0,70500.0,71200.0,71200.0,4564100,0.0,0.0
2026-05-25 00:00:00+07:00,71200.0,72000.0,70000.0,70000.0,70000.0,4541800,0.0,0.0
2026-05-26 00:00:00+07:00,70300.0,70900.0,69300.0,69600.0,69600.0,5384000,0.0,0.0
2026-05-27 00:00:00+07:00,70000.0,70500.0,68300.0,68300.0,68300.0,5709900,0.0,0.0
2026-05-28 00:00:00+07:00,68400.0,69400.0,68000.0,68000.0,68000.0,7107900,0.0,0.0
2026-05-29 00:00:00+07:00,68000.0,68800.0,68000.0,68000.0,68000.0,2629200,0.0,0.0
2026-06-01 00:00:00+07:00,68400.0,69600.0,67000.0,67000.0,67000.0,5044700,0.0,0.0
2026-06-02 00:00:00+07:00,67200.0,67600.0,66300.0,66600.0,66600.0,6788500,0.0,0.0
2026-06-03 00:00:00+07:00,66500.0,67600.0,66100.0,66100.0,66100.0,5310300,0.0,0.0
2026-06-04 00:00:00+07:00,66300.0,70500.0,66200.0,70400.0,70400.0,10815200,0.0,0.0
2026-06-05 00:00:00+07:00,70500.0,70500.0,69200.0,69800.0,69800.0,3820900,0.0,0.0
2026-06-08 00:00:00+07:00,69200.0,71000.0,68600.0,69800.0,69800.0,4880800,0.0,0.0
2026-06-09 00:00:00+07:00,70000.0,73500.0,69200.0,72000.0,72000.0,8269000,0.0,0.0
2026-06-10 00:00:00+07:00,72100.0,72300.0,70600.0,70600.0,70600.0,3159300,0.0,0.0
2026-06-11 00:00:00+07:00,70700.0,72500.0,70000.0,71300.0,71300.0,4074600,0.0,0.0
2026-06-12 00:00:00+07:00,71500.0,73000.0,70900.0,70900.0,70900.0,5420000,0.0,0.0
2026-06-15 00:00:00+07:00,71100.0,73000.0,71100.0,71800.0,71800.0,4486600,0.0,0.0
2026-06-16 00:00:00+07:00,72100.0,73000.0,71300.0,71300.0,71300.0,2756600,0.0,0.0
2026-06-17 00:00:00+07:00,71300.0,73500.0,71200.0,72100.0,72100.0,6158700,0.0,0.0
2026-06-18 00:00:00+07:00,72500.0,72500.0,70900.0,70900.0,70900.0,3321200,0.0,0.0
2026-06-19 00:00:00+07:00,71200.0,72300.0,70700.0,72300.0,72300.0,7599400,0.0,0.0
2026-06-22 00:00:00+07:00,72200.0,72800.0,71200.0,71200.0,71200.0,1971200,0.0,0.0
2026-06-23 00:00:00+07:00,71400.0,75500.0,70900.0,71700.0,71700.0,8901600,0.0,0.0
2026-06-24 00:00:00+07:00,71800.0,73600.0,71200.0,71200.0,71200.0,3739700,0.0,0.0
2026-06-25 00:00:00+07:00,71200.0,73300.0,71200.0,72200.0,72200.0,6085200,0.0,0.0
2026-06-26 00:00:00+07:00,72000.0,75000.0,72000.0,73700.0,73700.0,6865100,0.0,0.0
2026-06-29 00:00:00+07:00,73900.0,76200.0,73700.0,74900.0,74900.0,8809100,0.0,0.0
2026-06-30 00:00:00+07:00,74900.0,75600.0,73700.0,73800.0,73800.0,2833300,0.0,0.0
2026-07-01 00:00:00+07:00,74900.0,75600.0,73700.0,73800.0,73800.0,2833300,0.0,0.0
2026-07-02 00:00:00+07:00,73000.0,74100.0,72600.0,72600.0,72600.0,2656100,0.0,0.0
2026-07-03 00:00:00+07:00,72900.0,72900.0,72000.0,72000.0,72000.0,2644200,0.0,0.0
2026-07-06 00:00:00+07:00,72300.0,72600.0,70800.0,70800.0,70800.0,3503000,0.0,0.0
2026-07-07 00:00:00+07:00,70700.0,72000.0,70600.0,70800.0,70800.0,2796900,0.0,0.0
2026-07-08 00:00:00+07:00,71400.0,72000.0,70900.0,70900.0,70900.0,2344200,0.0,0.0
2026-07-09 00:00:00+07:00,71100.0,71600.0,71000.0,71000.0,71000.0,1550100,0.0,0.0
2026-07-10 00:00:00+07:00,71200.0,71800.0,70100.0,70100.0,70100.0,2145300,0.0,0.0
2026-07-13 00:00:00+07:00,70300.0,70300.0,68500.0,68500.0,68500.0,4346600,0.0,0.0
2026-07-14 00:00:00+07:00,68300.0,71100.0,68300.0,70400.0,70400.0,4375100,0.0,0.0
2026-07-15 00:00:00+07:00,70600.0,71600.0,69800.0,69800.0,69800.0,3008400,0.0,0.0
2026-07-16 00:00:00+07:00,69500.0,72500.0,69500.0,71800.0,71800.0,7250100,0.0,0.0
2026-07-17 00:00:00+07:00,72000.0,74200.0,71600.0,73500.0,73500.0,7097200,0.0,0.0
2026-07-20 00:00:00+07:00,72700.0,73800.0,69000.0,73000.0,73000.0,5188900,0.0,0.0
2026-07-21 00:00:00+07:00,73000.0,73900.0,72200.0,72700.0,72700.0,4771800,0.0,0.0
2026-07-22 00:00:00+07:00,72900.0,73700.0,71000.0,71000.0,71000.0,8575100,0.0,0.0
2026-07-23 00:00:00+07:00,71200.0,73900.0,70600.0,72000.0,72000.0,6397700,0.0,0.0
2026-07-24 00:00:00+07:00,73000.0,74000.0,71700.0,73500.0,73500.0,6106500,0.0,0.0
2026-07-27 00:00:00+07:00,73500.0,75000.0,72500.0,72500.0,72500.0,2395500,0.0,0.0
2026-07-28 00:00:00+07:00,72400.0,73600.0,71800.0,72500.0,72500.0,1780100,0.0,0.0
2026-07-29 00:00:00+07:00,72900.0,72900.0,71500.0,71500.0,71500.0,2832200,0.0,0.0
2026-07-30 00:00:00+07:00,71700.0,73000.0,71000.0,71600.0,71600.0,2420000,0.0,0.0
2026-07-31 00:00:00+07:00,71500.0,72300.0,71100.0,71300.0,71300.0,2789200,0.0,0.0
2026-08-03 00:00:00+07:00,71800.0,72500.0,71300.0,71500.0,71500.0,3070900,0.0,0.0
2026-08-04 00:00:00+07:00,72100.0,74100.0,71900.0,74100.0,74100.0,4940100,0.0,0.0
2026-08-05 00:00:00+07:00,74500.0,74900.0,73200.0,73200.0,73200.0,2746300,0.0,0.0
2026-08-06 00:00:00+07:00,73200.0,73600.0,72200.0,72200.0,72200.0,1486200,0.0,0.0
2026-08-07 00:00:00+07:00,72500.0,76100.0,72400.0,74600.0,74600.0,6083800,0.0,0.0
2026-08-10 00:00:00+07:00,75000.0,76100.0,74300.0,74600.0,74600.0,2084300,0.0,0.0
2026-08-11 00:00:00+07:00,74900.0,75300.0,74200.0,74300.0,74300.0,1542200,0.0,0.0
2026-08-12 00:00:00+07:00,74300.0,75400.0,74100.0,74100.0,74100.0,1566500,0.0,0.0
2026-08-13 00:00:00+07:00,74700.0,74800.0,73100.0,73100.0,73100.0,2354000,0.0,0.0
2026-08-14 00:00:00+07:00,73100.0,73500.0,72300.0,72300.0,72300.0,2386900,0.0,0.0
2026-08-17 00:00:00+07:00,72500.0,75000.0,72500.0,74200.0,74200.0,3942200,0.0,0.0
2026-08-18 00:00:00+07:00,74400.0,76000.0,73700.0,75200.0,75200.0,4725400,0.0,0.0
2026-08-19 00:00:00+07:00,75300.0,76000.0,74100.0,74800.0,74800.0,4934700,0.0,0.0
2026-08-20 00:00:00+07:00,75000.0,75800.0,73600.0,74500.0,74500.0,2238300,0.0,0.0
2026-08-21 00:00:00+07:00,74600.0,75400.0,74100.0,74700.0,74700.0,1953800,0.0,0.0
2026-08-24 00:00:00+07:00,75200.0,75400.0,74800.0,74900.0,74900.0,1338500,0.0,0.0
2026-08-25 00:00:00+07:00,75200.0,75400.0,74100.0,74200.0,74200.0,3352700,0.0,0.0
2026-08-26 00:00:00+07:00,74500.0,75200.0,73800.0,74600.0,74600.0,3360400,0.0,0.0
2026-08-27 00:00:00+07:00,74300.0,75500.0,73500.0,73500.0,73500.0,2707500,0.0,0.0
2026-08-28 00:00:00+07:00,74000.0,76600.0,74000.0,75500.0,75500.0,9129600,0.0,0.0
2026-08-31 00:00:00+07:00,75500.0,75500.0,75500.0,75500.0,75500.0,0,0.0,0.0
