Date,Open,High,Low,Close,Adj Close,Volume,Dividends,Stock Splits
2020-01-01 00:00:00+07:00,23550.0,23550.0,23550.0,23550.0,22130.8359375,0,0.0,0.0
2020-01-02 00:00:00+07:00,23550.0,23850.0,23500.0,23800.0,22365.76953125,1387610,0.0,0.0
2020-01-03 00:00:00+07:00,23900.0,23950.0,23650.0,23650.0,22224.80859375,756700,0.0,0.0
2020-01-06 00:00:00+07:00,23400.0,23400.0,23050.0,23050.0,21660.96484375,1162990,0.0,0.0
2020-01-07 00:00:00+07:00,23050.0,23200.0,23000.0,23200.0,21801.927734375,1043300,0.0,0.0
2020-01-08 00:00:00+07:00,22800.0,23050.0,22600.0,22750.0,21379.04296875,1710390,0.0,0.0
2020-01-09 00:00:00+07:00,23000.0,23100.0,22850.0,23050.0,21660.96484375,2009840,0.0,0.0
2020-01-10 00:00:00+07:00,23000.0,23500.0,23000.0,23150.0,21754.94140625,3679110,0.0,0.0
2020-01-13 00:00:00+07:00,23000.0,23150.0,22750.0,22950.0,21566.9921875,892360,0.0,0.0
2020-01-14 00:00:00+07:00,22950.0,23050.0,22900.0,22900.0,21520.00390625,1804950,0.0,0.0
2020-01-15 00:00:00+07:00,22900.0,23000.0,22800.0,22900.0,21520.00390625,1929280,0.0,0.0
2020-01-16 00:00:00+07:00,22900.0,23350.0,22900.0,23300.0,21895.900390625,4383720,0.0,0.0
2020-01-17 00:00:00+07:00,23400.0,23600.0,23300.0,23400.0,21989.875,1875160,0.0,0.0
2020-01-20 00:00:00+07:00,23300.0,23450.0,23200.0,23350.0,21942.888671875,2019730,0.0,0.0
2020-01-21 00:00:00+07:00,23450.0,24050.0,23400.0,24050.0,22600.705078125,7458340,0.0,0.0
2020-01-22 00:00:00+07:00,24250.0,24250.0,23950.0,24200.0,22741.666015625,2309150,0.0,0.0
2020-01-23 00:00:00+07:00,24200.0,24200.0,24200.0,24200.0,22741.666015625,0,0.0,0.0
2020-01-24 00:00:00+07:00,24200.0,24200.0,24200.0,24200.0,22741.666015625,0,0.0,0.0
2020-01-27 00:00:00+07:00,24200.0,24200.0,24200.0,24200.0,22741.666015625,0,0.0,0.0
2020-01-28 00:00:00+07:00,24200.0,24200.0,24200.0,24200.0,22741.666015625,0,0.0,0.0
2020-01-29 00:00:00+07:00,24200.0,24200.0,24200.0,24200.0,22741.666015625,0,0.0,0.0
2020-01-30 00:00:00+07:00,23500.0,23800.0,22750.0,22900.0,21520.00390625,4013510,0.0,0.0
2020-01-31 00:00:00+07:00,22650.0,22900.0,21600.0,21600.0,20298.34765625,6118460,0.0,0.0
2020-02-03 00:00:00+07:00,20500.0,22100.0,20350.0,21450.0,20157.384765625,4258750,0.0,0.0
2020-02-04 00:00:00+07:00,21500.0,21900.0,21200.0,21750.0,20439.30859375,2196570,0.0,0.0
2020-02-05 00:00:00+07:00,22000.0,22150.0,21550.0,21750.0,20439.30859375,2433210,0.0,0.0
2020-02-06 00:00:00+07:00,21650.0,22450.0,21500.0,22350.0,21003.1484375,2677150,0.0,0.0
2020-02-07 00:00:00+07:00,22350.0,22350.0,21900.0,22150.0,20815.201171875,1965440,0.0,0.0
2020-02-10 00:00:00+07:00,21900.0,22000.0,21650.0,21850.0,20533.279296875,1304360,0.0,0.0
2020-02-11 00:00:00+07:00,21850.0,22300.0,21850.0,22150.0,20815.201171875,1353360,0.0,0.0
2020-02-12 00:00:00+07:00,22300.0,22950.0,22200.0,22650.0,21285.072265625,3157240,0.0,0.0
2020-02-13 00:00:00+07:00,22550.0,22650.0,22400.0,22600.0,21238.0859375,1823230,0.0,0.0
2020-02-14 00:00:00+07:00,23100.0,23400.0,22900.0,23300.0,21895.900390625,4375740,0.0,0.0
2020-02-17 00:00:00+07:00,23400.0,23900.0,23250.0,23800.0,22365.76953125,6393370,0.0,0.0
2020-02-18 00:00:00+07:00,23800.0,24100.0,23550.0,23700.0,22271.796875,4268770,0.0,0.0
2020-02-19 00:00:00+07:00,23600.0,23700.0,23450.0,23650.0,22224.80859375,1980690,0.0,0.0
2020-02-20 00:00:00+07:00,23700.0,23900.0,23300.0,23500.0,22083.849609375,2950950,0.0,0.0
2020-02-21 00:00:00+07:00,23400.0,23700.0,23100.0,23100.0,21707.953125,2959980,0.0,0.0
2020-02-24 00:00:00+07:00,22750.0,22750.0,21500.0,21500.0,20204.373046875,7508070,0.0,0.0
2020-02-25 00:00:00+07:00,21000.0,22250.0,20800.0,22200.0,20862.1875,3236900,0.0,0.0
2020-02-26 00:00:00+07:00,21750.0,22500.0,21600.0,22350.0,21003.1484375,2243500,0.0,0.0
2020-02-27 00:00:00+07:00,22350.0,22750.0,22200.0,22750.0,21379.04296875,2324050,0.0,0.0
2020-02-28 00:00:00+07:00,22000.0,22400.0,21850.0,22250.0,20909.17578125,2433150,0.0,0.0
2020-03-02 00:00:00+07:00,22400.0,22650.0,22100.0,22500.0,21144.111328125,2567350,0.0,0.0
2020-03-03 00:00:00+07:00,22850.0,23000.0,22500.0,22500.0,21144.111328125,2162150,0.0,0.0
2020-03-05 00:00:00+07:00,22550.0,22850.0,22300.0,22300.0,20956.1640625,2022250,0.0,0.0
2020-03-06 00:00:00+07:00,22200.0,22200.0,21800.0,22050.0,20721.228515625,2247920,0.0,0.0
2020-03-09 00:00:00+07:00,20650.0,21000.0,20550.0,20550.0,19311.619140625,4584600,0.0,0.0
2020-03-10 00:00:00+07:00,20400.0,21000.0,20100.0,20700.0,19452.58203125,3161970,0.0,0.0
2020-03-11 00:00:00+07:00,20800.0,20950.0,19300.0,19300.0,18136.947265625,5626550,0.0,0.0
2020-03-12 00:00:00+07:00,18000.0,18500.0,17950.0,17950.0,16868.30078125,4054760,0.0,0.0
2020-03-13 00:00:00+07:00,16700.0,18550.0,16700.0,18250.0,17150.22265625,4332700,0.0,0.0
2020-03-16 00:00:00+07:00,18250.0,18250.0,17200.0,17450.0,16398.43359375,3645430,0.0,0.0
2020-03-17 00:00:00+07:00,17000.0,17950.0,16850.0,17950.0,16868.30078125,3112070,0.0,0.0
2020-03-18 00:00:00+07:00,18100.0,18200.0,17700.0,17950.0,16868.30078125,1908520,0.0,0.0
2020-03-19 00:00:00+07:00,17600.0,17800.0,17150.0,17250.0,16210.484375,2214980,0.0,0.0
2020-03-20 00:00:00+07:00,17450.0,17500.0,17150.0,17350.0,16304.458984375,1878140,0.0,0.0
2020-03-23 00:00:00+07:00,16200.0,17000.0,16150.0,16150.0,15176.7724609375,3265510,0.0,0.0
2020-03-24 00:00:00+07:00,16500.0,16500.0,16000.0,16100.0,15129.78515625,3209920,0.0,0.0
2020-03-25 00:00:00+07:00,16500.0,16700.0,16300.0,16600.0,15599.654296875,2952270,0.0,0.0
2020-03-26 00:00:00+07:00,16600.0,16600.0,16100.0,16100.0,15129.78515625,1487540,0.0,0.0
2020-03-27 00:00:00+07:00,16150.0,16200.0,15600.0,16000.0,15035.8125,2746330,0.0,0.0
2020-03-30 00:00:00+07:00,15100.0,15500.0,14900.0,14900.0,14002.099609375,3360230,0.0,0.0
2020-03-31 00:00:00+07:00,15000.0,15500.0,14000.0,15000.0,14096.07421875,1578850,0.0,0.0
2020-04-01 00:00:00+07:00,15000.0,15600.0,14350.0,15500.0,14565.9423828125,1316380,0.0,0.0
2020-04-02 00:00:00+07:00,15500.0,15500.0,15500.0,15500.0,14565.9423828125,0,0.0,0.0
2020-04-03 00:00:00+07:00,15500.0,15950.0,15500.0,15850.0,14894.8505859375,1433510,0.0,0.0
2020-04-06 00:00:00+07:00,16200.0,16950.0,16100.0,16950.0,15928.5625,2966040,0.0,0.0
2020-04-07 00:00:00+07:00,17000.0,17200.0,16800.0,16950.0,15928.5625,2424610,0.0,0.0
2020-04-08 00:00:00+07:00,16800.0,16800.0,16300.0,16700.0,15693.62890625,1408000,0.0,0.0
2020-04-09 00:00:00+07:00,17100.0,17150.0,16850.0,16900.0,15881.576171875,2199830,0.0,0.0
2020-04-10 00:00:00+07:00,16700.0,16950.0,16650.0,16750.0,15740.6142578125,1495400,0.0,0.0
2020-04-13 00:00:00+07:00,16750.0,17600.0,16750.0,17200.0,16163.498046875,2564400,0.0,0.0
2020-04-14 00:00:00+07:00,17350.0,17350.0,16900.0,17150.0,16116.5107421875,1446850,0.0,0.0
2020-04-15 00:00:00+07:00,17300.0,17550.0,17200.0,17550.0,16492.404296875,2536130,0.0,0.0
2020-04-16 00:00:00+07:00,17500.0,17550.0,17200.0,17550.0,16492.404296875,1858330,0.0,0.0
2020-04-17 00:00:00+07:00,17800.0,17850.0,17500.0,17750.0,16680.353515625,2252420,0.0,0.0
2020-04-20 00:00:00+07:00,17900.0,17950.0,17500.0,17700.0,16633.365234375,1847520,0.0,0.0
2020-04-21 00:00:00+07:00,17300.0,17400.0,16700.0,16850.0,15834.5888671875,3045020,0.0,0.0
2020-04-22 00:00:00+07:00,16250.0,17200.0,16250.0,16900.0,15881.576171875,1742290,0.0,0.0
2020-04-23 00:00:00+07:00,17200.0,17300.0,16950.0,16950.0,15928.5625,1401680,0.0,0.0
2020-04-24 00:00:00+07:00,17100.0,17150.0,16900.0,17100.0,16069.5244140625,851770,0.0,0.0
2020-04-27 00:00:00+07:00,17100.0,17250.0,17000.0,17050.0,16022.537109375,962880,0.0,0.0
2020-04-28 00:00:00+07:00,17150.0,17150.0,16850.0,17100.0,16069.5244140625,921180,0.0,0.0
2020-04-29 00:00:00+07:00,17100.0,17100.0,17100.0,17100.0,16069.5244140625,0,0.0,0.0
2020-04-30 00:00:00+07:00,17100.0,17100.0,17100.0,17100.0,16069.5244140625,0,0.0,0.0
2020-05-01 00:00:00+07:00,17100.0,17100.0,17100.0,17100.0,16069.5244140625,0,0.0,0.0
2020-05-04 00:00:00+07:00,17200.0,17700.0,17150.0,17400.0,16351.4453125,2018840,0.0,0.0
2020-05-05 00:00:00+07:00,17500.0,17600.0,17350.0,17400.0,16351.4453125,546010,0.0,0.0
2020-05-06 00:00:00+07:00,17550.0,17550.0,17250.0,17550.0,16492.404296875,1175100,0.0,0.0
2020-05-07 00:00:00+07:00,17550.0,17700.0,17450.0,17700.0,16633.365234375,2409540,0.0,0.0
2020-05-08 00:00:00+07:00,17700.0,18900.0,17700.0,18900.0,17761.052734375,7260470,0.0,0.0
2020-05-11 00:00:00+07:00,19500.0,20200.0,19350.0,20200.0,18982.7109375,4765680,0.0,0.0
2020-05-12 00:00:00+07:00,20100.0,20750.0,19600.0,20600.0,19358.607421875,3555810,0.0,0.0
2020-05-13 00:00:00+07:00,20300.0,20700.0,19800.0,20600.0,19358.607421875,4746350,0.0,0.0
2020-05-14 00:00:00+07:00,20400.0,20600.0,20100.0,20500.0,19264.634765625,3351270,0.0,0.0
2020-05-15 00:00:00+07:00,20500.0,20500.0,20500.0,20500.0,19264.634765625,0,0.0,0.0
2020-05-18 00:00:00+07:00,20500.0,20500.0,20500.0,20500.0,19264.634765625,0,0.0,0.0
2020-05-19 00:00:00+07:00,21350.0,21400.0,20950.0,21400.0,20110.3984375,4135900,0.0,0.0
2020-05-20 00:00:00+07:00,21400.0,21400.0,21400.0,21400.0,20110.3984375,0,0.0,0.0
2020-05-21 00:00:00+07:00,21050.0,22000.0,20850.0,22000.0,20674.240234375,3539410,0.0,0.0
2020-05-22 00:00:00+07:00,21600.0,21600.0,21050.0,21050.0,19781.490234375,3322040,0.0,0.0
2020-05-25 00:00:00+07:00,21100.0,21300.0,20950.0,21050.0,19781.490234375,1962970,0.0,0.0
2020-05-26 00:00:00+07:00,21100.0,21300.0,21000.0,21300.0,20016.423828125,2220450,0.0,0.0
2020-05-27 00:00:00+07:00,21200.0,21400.0,20900.0,20900.0,19640.529296875,2673490,0.0,0.0
2020-05-28 00:00:00+07:00,20900.0,21200.0,20800.0,20900.0,19640.529296875,1584390,0.0,0.0
2020-05-29 00:00:00+07:00,20850.0,20950.0,20700.0,20700.0,19452.58203125,1101170,0.0,0.0
2020-06-01 00:00:00+07:00,20800.0,21300.0,20800.0,21300.0,20016.423828125,2341100,0.0,0.0
2020-06-02 00:00:00+07:00,21500.0,21500.0,21100.0,21150.0,19875.462890625,2469400,0.0,0.0
2020-06-03 00:00:00+07:00,21150.0,21450.0,21150.0,21350.0,20063.412109375,2064360,0.0,0.0
2020-06-04 00:00:00+07:00,21400.0,21450.0,21200.0,21200.0,19922.451171875,2216760,0.0,0.0
2020-06-05 00:00:00+07:00,21200.0,21200.0,21200.0,21200.0,19922.451171875,0,0.0,0.0
2020-06-08 00:00:00+07:00,21200.0,21200.0,21200.0,21200.0,19922.451171875,0,0.0,0.0
2020-06-09 00:00:00+07:00,21200.0,21200.0,21200.0,21200.0,19922.451171875,0,0.0,0.0
2020-06-10 00:00:00+07:00,21350.0,21950.0,21250.0,21850.0,20533.279296875,2295880,0.0,0.0
2020-06-11 00:00:00+07:00,21900.0,21900.0,20900.0,20900.0,19640.529296875,3478310,0.0,0.0
2020-06-12 00:00:00+07:00,20600.0,21250.0,20500.0,21150.0,19875.462890625,3715000,0.0,0.0
2020-06-15 00:00:00+07:00,21100.0,21100.0,20050.0,20100.0,18888.740234375,2302220,0.0,0.0
2020-06-16 00:00:00+07:00,20500.0,20600.0,20300.0,20600.0,19358.607421875,1487150,0.0,0.0
2020-06-17 00:00:00+07:00,20600.0,20600.0,20250.0,20300.0,19076.685546875,1416900,0.0,0.0
2020-06-18 00:00:00+07:00,20300.0,20450.0,20200.0,20200.0,18982.7109375,625890,0.0,0.0
2020-06-19 00:00:00+07:00,20200.0,20500.0,20200.0,20500.0,19264.634765625,632650,0.0,0.0
2020-06-22 00:00:00+07:00,20950.0,20950.0,20500.0,20750.0,19499.568359375,1166650,0.0,0.0
2020-06-23 00:00:00+07:00,20750.0,20800.0,20600.0,20650.0,19405.595703125,1173850,0.0,0.0
2020-06-24 00:00:00+07:00,20700.0,20750.0,20400.0,20500.0,19264.634765625,860730,0.0,0.0
2020-06-25 00:00:00+07:00,20200.0,20400.0,20100.0,20200.0,18982.7109375,1162400,0.0,0.0
2020-06-26 00:00:00+07:00,20500.0,20500.0,20150.0,20350.0,19123.673828125,668030,0.0,0.0
2020-06-29 00:00:00+07:00,20000.0,20100.0,19600.0,19650.0,18465.85546875,1752070,0.0,0.0
2020-06-30 00:00:00+07:00,19750.0,19900.0,19100.0,19550.0,18371.8828125,1290510,0.0,0.0
2020-07-01 00:00:00+07:00,19500.0,19900.0,19450.0,19800.0,18606.818359375,751460,0.0,0.0
2020-07-02 00:00:00+07:00,19950.0,19950.0,19500.0,19750.0,18559.830078125,820250,0.0,0.0
2020-07-03 00:00:00+07:00,19750.0,19800.0,19550.0,19800.0,18606.818359375,593390,0.0,0.0
2020-07-06 00:00:00+07:00,19800.0,20250.0,19800.0,20250.0,19029.69921875,1220550,0.0,0.0
2020-07-07 00:00:00+07:00,20300.0,20400.0,20200.0,20250.0,19029.69921875,895150,0.0,0.0
2020-07-08 00:00:00+07:00,20200.0,20250.0,20100.0,20100.0,18888.740234375,676840,0.0,0.0
2020-07-09 00:00:00+07:00,20250.0,20950.0,20100.0,20950.0,19687.517578125,3146430,0.0,0.0
2020-07-10 00:00:00+07:00,20950.0,20950.0,20950.0,20950.0,19687.517578125,0,0.0,0.0
2020-07-13 00:00:00+07:00,20800.0,20800.0,20000.0,20300.0,19076.685546875,1725580,0.0,0.0
2020-07-14 00:00:00+07:00,20200.0,20300.0,20000.0,20100.0,18888.740234375,1809120,0.0,0.0
2020-07-15 00:00:00+07:00,20100.0,20100.0,20100.0,20100.0,18888.740234375,0,0.0,0.0
2020-07-16 00:00:00+07:00,20600.0,21000.0,20400.0,21000.0,19734.501953125,1662150,0.0,0.0
2020-07-17 00:00:00+07:00,20700.0,20800.0,20550.0,20600.0,19358.607421875,1180670,0.0,0.0
2020-07-20 00:00:00+07:00,20500.0,20650.0,20450.0,20500.0,19264.634765625,1164560,0.0,0.0
2020-07-21 00:00:00+07:00,20500.0,20550.0,20300.0,20500.0,19264.634765625,818210,0.0,0.0
2020-07-22 00:00:00+07:00,20600.0,20600.0,20250.0,20250.0,19029.69921875,1224170,0.0,0.0
2020-07-23 00:00:00+07:00,20200.0,20300.0,20100.0,20300.0,19076.685546875,861140,0.0,0.0
2020-07-24 00:00:00+07:00,20300.0,20300.0,19000.0,19500.0,18324.89453125,2951240,0.0,0.0
2020-07-27 00:00:00+07:00,19100.0,19200.0,18150.0,18150.0,17056.25,2677650,0.0,0.0
2020-07-28 00:00:00+07:00,18200.0,18800.0,18000.0,18750.0,17620.091796875,2883870,0.0,0.0
2020-07-29 00:00:00+07:00,18300.0,18400.0,17500.0,18150.0,17056.25,1841250,0.0,0.0
2020-07-30 00:00:00+07:00,18200.0,19000.0,17500.0,18600.0,17479.130859375,974910,0.0,0.0
2020-07-31 00:00:00+07:00,18200.0,18650.0,18150.0,18150.0,17056.25,2304460,0.0,0.0
2020-08-03 00:00:00+07:00,18250.0,18600.0,18150.0,18600.0,17479.130859375,1247760,0.0,0.0
2020-08-04 00:00:00+07:00,18900.0,19100.0,18750.0,18850.0,17714.06640625,1210770,0.0,0.0
2020-08-05 00:00:00+07:00,18900.0,19450.0,18700.0,19450.0,18277.908203125,1917290,0.0,0.0
2020-08-06 00:00:00+07:00,19400.0,19500.0,19100.0,19200.0,18042.974609375,1860660,0.0,0.0
2020-08-07 00:00:00+07:00,19300.0,19350.0,19050.0,19150.0,17995.98828125,951190,0.0,0.0
2020-08-10 00:00:00+07:00,19300.0,19700.0,19300.0,19400.0,18230.921875,2743500,0.0,0.0
2020-08-11 00:00:00+07:00,19550.0,19550.0,19300.0,19450.0,18277.908203125,1334060,0.0,0.0
2020-08-12 00:00:00+07:00,19450.0,19700.0,19450.0,19650.0,18465.85546875,1634530,0.0,0.0
2020-08-13 00:00:00+07:00,19750.0,19850.0,19600.0,19800.0,18606.818359375,1584180,0.0,0.0
2020-08-14 00:00:00+07:00,19800.0,20200.0,19650.0,19800.0,18606.818359375,2588850,0.0,0.0
2020-08-17 00:00:00+07:00,19750.0,20150.0,19750.0,20100.0,18888.740234375,2732690,0.0,0.0
2020-08-18 00:00:00+07:00,20100.0,20200.0,20000.0,20050.0,18841.751953125,1410740,0.0,0.0
2020-08-19 00:00:00+07:00,20100.0,20250.0,20000.0,20200.0,18982.7109375,1132620,0.0,0.0
2020-08-20 00:00:00+07:00,20200.0,20250.0,19850.0,20000.0,18794.763671875,3659990,0.0,0.0
2020-08-21 00:00:00+07:00,20100.0,20400.0,20100.0,20350.0,19123.673828125,2817550,0.0,0.0
2020-08-24 00:00:00+07:00,20750.0,21000.0,20500.0,20950.0,19687.517578125,2749740,0.0,0.0
2020-08-25 00:00:00+07:00,21000.0,21400.0,21000.0,21300.0,20016.423828125,3775640,0.0,0.0
2020-08-26 00:00:00+07:00,21200.0,21300.0,21000.0,21100.0,19828.474609375,2116830,0.0,0.0
2020-08-27 00:00:00+07:00,21100.0,21200.0,21000.0,21150.0,19875.462890625,1792750,0.0,0.0
2020-08-28 00:00:00+07:00,21300.0,21850.0,21250.0,21600.0,20298.34765625,5154230,0.0,0.0
2020-08-31 00:00:00+07:00,21600.0,21800.0,21250.0,21300.0,20016.423828125,1793790,0.0,0.0
2020-09-01 00:00:00+07:00,21300.0,21700.0,21100.0,21700.0,20392.3203125,2171350,0.0,0.0
2020-09-02 00:00:00+07:00,21700.0,21700.0,21700.0,21700.0,20392.3203125,0,0.0,0.0
2020-09-03 00:00:00+07:00,21750.0,22100.0,21700.0,22000.0,20674.240234375,3326470,0.0,0.0
2020-09-04 00:00:00+07:00,21700.0,21900.0,21700.0,21850.0,20533.279296875,2276910,0.0,0.0
2020-09-07 00:00:00+07:00,21850.0,21950.0,21200.0,21200.0,19922.451171875,2350940,0.0,0.0
2020-09-08 00:00:00+07:00,21350.0,21500.0,21050.0,21500.0,20204.373046875,1935300,0.0,0.0
2020-09-09 00:00:00+07:00,21100.0,21500.0,20950.0,21200.0,19922.451171875,2762390,0.0,0.0
2020-09-10 00:00:00+07:00,21300.0,21600.0,21300.0,21450.0,20157.384765625,1524900,0.0,0.0
2020-09-11 00:00:00+07:00,21250.0,21450.0,21100.0,21300.0,20016.423828125,1236940,0.0,0.0
2020-09-14 00:00:00+07:00,21300.0,21550.0,21300.0,21500.0,20204.373046875,1578270,0.0,0.0
2020-09-15 00:00:00+07:00,21500.0,21550.0,21350.0,21350.0,20063.412109375,1835310,0.0,0.0
2020-09-16 00:00:00+07:00,21350.0,21450.0,21250.0,21400.0,20110.3984375,1258880,0.0,0.0
2020-09-17 00:00:00+07:00,21400.0,21600.0,21250.0,21300.0,20016.423828125,3654030,0.0,0.0
2020-09-18 00:00:00+07:00,21400.0,21800.0,21350.0,21800.0,20486.29296875,5334940,0.0,0.0
2020-09-21 00:00:00+07:00,22000.0,22300.0,22000.0,22300.0,20956.1640625,5874890,0.0,0.0
2020-09-22 00:00:00+07:00,22200.0,22450.0,22050.0,22350.0,21003.1484375,3669840,0.0,0.0
2020-09-23 00:00:00+07:00,22350.0,22500.0,22250.0,22300.0,20956.1640625,2941250,0.0,0.0
2020-09-24 00:00:00+07:00,22250.0,22450.0,22100.0,22450.0,21097.125,3988170,0.0,0.0
2020-09-25 00:00:00+07:00,22450.0,22500.0,22250.0,22400.0,21050.13671875,3497970,0.0,0.0
2020-09-28 00:00:00+07:00,22350.0,23000.0,22250.0,22850.0,21473.01953125,2811640,0.0,0.0
2020-09-29 00:00:00+07:00,22900.0,23000.0,22550.0,22550.0,21191.09765625,2973020,0.0,0.0
2020-09-30 00:00:00+07:00,22550.0,22600.0,22300.0,22600.0,21238.0859375,2357980,0.0,0.0
2020-10-01 00:00:00+07:00,22650.0,22900.0,22600.0,22800.0,21426.03125,3497290,0.0,0.0
2020-10-02 00:00:00+07:00,22900.0,23000.0,22350.0,22550.0,21191.09765625,4381810,0.0,0.0
2020-10-05 00:00:00+07:00,22550.0,22750.0,22250.0,22550.0,21191.09765625,5363760,0.0,0.0
2020-10-06 00:00:00+07:00,22700.0,22750.0,22200.0,22400.0,21050.13671875,6850730,0.0,0.0
2020-10-07 00:00:00+07:00,22300.0,22350.0,21800.0,21800.0,20486.29296875,12159210,0.0,0.0
2020-10-08 00:00:00+07:00,21900.0,22000.0,21350.0,21350.0,20063.412109375,14366760,0.0,0.0
2020-10-09 00:00:00+07:00,21500.0,21950.0,21300.0,21350.0,20063.412109375,13523760,0.0,0.0
2020-10-12 00:00:00+07:00,21700.0,21850.0,21200.0,21200.0,19922.451171875,14203730,0.0,0.0
2020-10-13 00:00:00+07:00,21250.0,21650.0,21200.0,21400.0,20110.3984375,14215200,0.0,0.0
2020-10-14 00:00:00+07:00,21600.0,22850.0,21600.0,22850.0,21473.01953125,48630920,0.0,0.0
2020-10-15 00:00:00+07:00,23450.0,23800.0,22800.0,22850.0,21473.01953125,25323170,0.0,0.0
2020-10-16 00:00:00+07:00,22900.0,23300.0,22600.0,22650.0,21285.072265625,27075400,0.0,0.0
2020-10-19 00:00:00+07:00,22950.0,23350.0,22850.0,23000.0,21613.98046875,28506770,0.0,0.0
2020-10-20 00:00:00+07:00,23000.0,24150.0,23000.0,23900.0,22459.744140625,34662420,0.0,0.0
2020-10-21 00:00:00+07:00,24200.0,24400.0,23700.0,23750.0,22318.783203125,20951070,0.0,0.0
2020-10-22 00:00:00+07:00,23700.0,24000.0,23500.0,23950.0,22506.73046875,24408740,0.0,0.0
2020-10-23 00:00:00+07:00,24100.0,24200.0,23850.0,24000.0,22553.716796875,28288440,0.0,0.0
2020-10-26 00:00:00+07:00,24400.0,24950.0,23350.0,23350.0,21942.888671875,24707670,0.0,0.0
2020-10-27 00:00:00+07:00,23800.0,23950.0,23300.0,23300.0,21895.900390625,30805330,0.0,0.0
2020-10-28 00:00:00+07:00,23300.0,23450.0,22400.0,22400.0,21050.13671875,32092220,0.0,0.0
2020-10-29 00:00:00+07:00,22100.0,22700.0,21800.0,21800.0,20486.29296875,36149460,0.0,0.0
2020-10-30 00:00:00+07:00,22100.0,22250.0,21350.0,21350.0,20063.412109375,28887760,0.0,0.0
2020-11-02 00:00:00+07:00,21600.0,21850.0,21400.0,21400.0,20110.3984375,22943680,0.0,0.0
2020-11-03 00:00:00+07:00,21800.0,22450.0,21650.0,22000.0,20674.240234375,27962010,0.0,0.0
2020-11-04 00:00:00+07:00,22350.0,22600.0,22150.0,22150.0,20815.201171875,21927670,0.0,0.0
2020-11-05 00:00:00+07:00,22150.0,22350.0,21800.0,21800.0,20486.29296875,19766660,0.0,0.0
2020-11-06 00:00:00+07:00,21900.0,22000.0,21500.0,21600.0,20298.34765625,15368880,0.0,0.0
2020-11-09 00:00:00+07:00,21850.0,22200.0,21800.0,22050.0,20721.228515625,17624180,0.0,0.0
2020-11-10 00:00:00+07:00,22500.0,22550.0,22050.0,22100.0,20768.21484375,21221910,0.0,0.0
2020-11-11 00:00:00+07:00,22200.0,22400.0,22000.0,22000.0,20674.240234375,14433190,0.0,0.0
2020-11-12 00:00:00+07:00,22100.0,22300.0,22000.0,22300.0,20956.1640625,10771120,0.0,0.0
2020-11-13 00:00:00+07:00,22400.0,23150.0,22400.0,23000.0,21613.98046875,22376970,0.0,0.0
2020-11-16 00:00:00+07:00,23400.0,23400.0,22800.0,22900.0,21520.00390625,25236270,0.0,0.0
2020-11-17 00:00:00+07:00,23000.0,23350.0,22850.0,23350.0,21942.888671875,17457030,0.0,0.0
2020-11-18 00:00:00+07:00,23300.0,23600.0,23100.0,23350.0,21942.888671875,22760740,0.0,0.0
2020-11-19 00:00:00+07:00,23350.0,23600.0,23200.0,23400.0,21989.875,16935520,0.0,0.0
2020-11-20 00:00:00+07:00,23500.0,23500.0,23300.0,23400.0,21989.875,13546080,0.0,0.0
2020-11-23 00:00:00+07:00,23400.0,23650.0,23100.0,23600.0,22177.8203125,17857230,0.0,0.0
2020-11-24 00:00:00+07:00,23700.0,24000.0,23400.0,23650.0,22224.80859375,22530770,0.0,0.0
2020-11-25 00:00:00+07:00,23950.0,23950.0,23550.0,23600.0,22177.8203125,13655890,0.0,0.0
2020-11-26 00:00:00+07:00,23650.0,23700.0,23400.0,23600.0,22177.8203125,13091570,0.0,0.0
2020-11-27 00:00:00+07:00,23600.0,23900.0,23550.0,23700.0,22271.796875,12261190,0.0,0.0
2020-11-30 00:00:00+07:00,23950.0,24400.0,23700.0,24100.0,22647.693359375,24645230,0.0,0.0
2020-12-01 00:00:00+07:00,23800.0,24500.0,23650.0,24500.0,23023.5859375,22797760,0.0,0.0
2020-12-02 00:00:00+07:00,24600.0,25300.0,24600.0,25100.0,23587.4296875,27463650,0.0,0.0
2020-12-03 00:00:00+07:00,25100.0,25500.0,25000.0,25000.0,23493.45703125,17490250,0.0,0.0
2020-12-04 00:00:00+07:00,24850.0,25000.0,24750.0,24800.0,23305.509765625,16507860,0.0,0.0
2020-12-07 00:00:00+07:00,24800.0,25200.0,24800.0,25050.0,23540.443359375,13044510,0.0,0.0
2020-12-08 00:00:00+07:00,25200.0,25200.0,24900.0,25000.0,23493.45703125,14341140,0.0,0.0
2020-12-09 00:00:00+07:00,25100.0,25900.0,25050.0,25750.0,24198.259765625,19001670,0.0,0.0
2020-12-10 00:00:00+07:00,26000.0,26000.0,25300.0,25300.0,23775.376953125,18133060,0.0,0.0
2020-12-11 00:00:00+07:00,25300.0,25650.0,25050.0,25650.0,24104.28515625,14116670,0.0,0.0
2020-12-14 00:00:00+07:00,25900.0,26300.0,25700.0,26200.0,24621.140625,15694300,0.0,0.0
2020-12-15 00:00:00+07:00,26100.0,26350.0,25950.0,26150.0,24574.154296875,13700860,0.0,0.0
2020-12-16 00:00:00+07:00,26450.0,27950.0,26400.0,27950.0,26265.68359375,29092450,0.0,0.0
2020-12-17 00:00:00+07:00,28000.0,29350.0,27950.0,28350.0,26641.580078125,29802380,0.0,0.0
2020-12-18 00:00:00+07:00,28500.0,29250.0,28500.0,29200.0,27440.357421875,15252570,0.0,0.0
2020-12-21 00:00:00+07:00,29500.0,29900.0,29100.0,29400.0,27628.3046875,22777010,0.0,0.0
2020-12-22 00:00:00+07:00,29400.0,29400.0,29400.0,29400.0,27628.3046875,0,0.0,0.0
2020-12-23 00:00:00+07:00,29200.0,29250.0,28500.0,28700.0,26970.486328125,19453550,0.0,0.0
2020-12-24 00:00:00+07:00,28900.0,28900.0,26900.0,27950.0,26265.68359375,26106600,0.0,0.0
2020-12-25 00:00:00+07:00,27950.0,29600.0,27700.0,29550.0,27769.263671875,17113750,0.0,0.0
2020-12-28 00:00:00+07:00,29900.0,30300.0,29500.0,29700.0,27910.224609375,14471300,0.0,0.0
2020-12-29 00:00:00+07:00,29650.0,29900.0,29500.0,29750.0,27957.212890625,12909770,0.0,0.0
2020-12-30 00:00:00+07:00,29800.0,30550.0,29700.0,29900.0,28098.171875,16579440,0.0,0.0
2020-12-31 00:00:00+07:00,29950.0,31750.0,29900.0,31500.0,29601.75390625,16486510,0.0,0.0
2021-01-01 00:00:00+07:00,31500.0,31500.0,31500.0,31500.0,29601.75390625,0,0.0,0.0
2021-01-04 00:00:00+07:00,32000.0,33400.0,31900.0,33000.0,31011.361328125,1860780,0.0,0.0
2021-01-05 00:00:00+07:00,32750.0,33350.0,32550.0,33050.0,31058.34765625,1428010,0.0,0.0
2021-01-06 00:00:00+07:00,33200.0,34100.0,32950.0,33200.0,31199.30859375,2022230,0.0,0.0
2021-01-07 00:00:00+07:00,33750.0,34600.0,33400.0,34600.0,32514.943359375,1638720,0.0,0.0
2021-01-08 00:00:00+07:00,35000.0,36250.0,34900.0,35700.0,33548.65234375,1694790,0.0,0.0
2021-01-11 00:00:00+07:00,35750.0,36250.0,35200.0,35250.0,33125.7734375,1398030,0.0,0.0
2021-01-12 00:00:00+07:00,35000.0,35500.0,34500.0,35100.0,32984.80859375,1641820,0.0,0.0
2021-01-13 00:00:00+07:00,35450.0,36000.0,35100.0,35150.0,33031.796875,1139960,0.0,0.0
2021-01-14 00:00:00+07:00,35350.0,35800.0,34850.0,35750.0,33595.64453125,1199520,0.0,0.0
2021-01-15 00:00:00+07:00,36300.0,37550.0,36250.0,36850.0,34629.35546875,1735740,0.0,0.0
2021-01-18 00:00:00+07:00,37200.0,37200.0,35900.0,36200.0,34018.5234375,1337740,0.0,0.0
2021-01-19 00:00:00+07:00,35900.0,36400.0,33700.0,33900.0,31857.125,2279650,0.0,0.0
2021-01-20 00:00:00+07:00,34200.0,34750.0,32000.0,34500.0,32420.96875,2577230,0.0,0.0
2021-01-21 00:00:00+07:00,35250.0,36200.0,34500.0,36200.0,34018.5234375,1425330,0.0,0.0
2021-01-22 00:00:00+07:00,36450.0,36900.0,35800.0,36300.0,34112.5,1234740,0.0,0.0
2021-01-25 00:00:00+07:00,35750.0,36350.0,35600.0,35800.0,33642.62890625,1563960,0.0,0.0
2021-01-26 00:00:00+07:00,35500.0,35800.0,33500.0,35000.0,32890.83984375,1811140,0.0,0.0
2021-01-27 00:00:00+07:00,34250.0,35250.0,32650.0,33500.0,31481.228515625,1877540,0.0,0.0
2021-01-28 00:00:00+07:00,31500.0,33000.0,31200.0,31200.0,29319.833984375,2712110,0.0,0.0
2021-01-29 00:00:00+07:00,29600.0,33350.0,29600.0,32000.0,30071.625,2742090,0.0,0.0
2021-02-01 00:00:00+07:00,32000.0,33500.0,31550.0,32200.0,30259.5703125,1514670,0.0,0.0
2021-02-02 00:00:00+07:00,32200.0,34100.0,31950.0,34000.0,31951.09765625,1349890,0.0,0.0
2021-02-03 00:00:00+07:00,34500.0,35500.0,34000.0,35000.0,32890.83984375,1823870,0.0,0.0
2021-02-04 00:00:00+07:00,35000.0,35600.0,34600.0,35000.0,32890.83984375,1414140,0.0,0.0
2021-02-05 00:00:00+07:00,35300.0,36300.0,35100.0,36300.0,34112.5,1435820,0.0,0.0
2021-02-08 00:00:00+07:00,36300.0,36500.0,34000.0,35000.0,32890.83984375,2127280,0.0,0.0
2021-02-09 00:00:00+07:00,35000.0,35000.0,35000.0,35000.0,32890.83984375,0,0.0,0.0
2021-02-10 00:00:00+07:00,35000.0,35000.0,35000.0,35000.0,32890.83984375,0,0.0,0.0
2021-02-11 00:00:00+07:00,35000.0,35000.0,35000.0,35000.0,32890.83984375,0,0.0,0.0
2021-02-12 00:00:00+07:00,35000.0,35000.0,35000.0,35000.0,32890.83984375,0,0.0,0.0
2021-02-15 00:00:00+07:00,35000.0,35000.0,35000.0,35000.0,32890.83984375,0,0.0,0.0
2021-02-16 00:00:00+07:00,35000.0,35000.0,35000.0,35000.0,32890.83984375,0,0.0,0.0
2021-02-17 00:00:00+07:00,36900.0,38400.0,36500.0,38400.0,36085.94921875,2113400,0.0,0.0
2021-02-18 00:00:00+07:00,38500.0,39200.0,38000.0,38900.0,36555.81640625,1579130,0.0,0.0
2021-02-19 00:00:00+07:00,38200.0,39100.0,38200.0,38700.0,36367.8671875,1280130,0.0,0.0
2021-02-22 00:00:00+07:00,38650.0,38850.0,38000.0,38600.0,36273.89453125,1446680,0.0,0.0
2021-02-23 00:00:00+07:00,38800.0,40350.0,38800.0,39800.0,37401.58203125,2638420,0.0,0.0
2021-02-24 00:00:00+07:00,39800.0,39800.0,39800.0,39800.0,37401.58203125,0,0.0,0.0
2021-02-25 00:00:00+07:00,39800.0,39800.0,39800.0,39800.0,37401.58203125,0,0.0,0.0
2021-02-26 00:00:00+07:00,38300.0,39350.0,38300.0,39250.0,36884.7265625,1526500,0.0,0.0
2021-03-01 00:00:00+07:00,39700.0,40250.0,39300.0,40200.0,37777.48046875,1262220,0.0,0.0
2021-03-02 00:00:00+07:00,40700.0,40750.0,40000.0,40300.0,37871.44921875,857680,0.0,0.0
2021-03-03 00:00:00+07:00,40350.0,40500.0,40000.0,40350.0,37918.4375,844190,0.0,0.0
2021-03-04 00:00:00+07:00,40400.0,40500.0,38600.0,39050.0,36696.78125,1622830,0.0,0.0
2021-03-05 00:00:00+07:00,38900.0,39350.0,38300.0,39200.0,36837.73828125,1116960,0.0,0.0
2021-03-08 00:00:00+07:00,39500.0,39700.0,38500.0,38850.0,36508.83203125,1080710,0.0,0.0
2021-03-09 00:00:00+07:00,38600.0,39300.0,38200.0,38950.0,36602.8046875,1059410,0.0,0.0
2021-03-10 00:00:00+07:00,39000.0,39400.0,38500.0,39300.0,36931.7109375,905000,0.0,0.0
2021-03-11 00:00:00+07:00,39700.0,40500.0,39450.0,40150.0,37730.4921875,1536930,0.0,0.0
2021-03-12 00:00:00+07:00,40400.0,40500.0,39750.0,40050.0,37636.515625,804680,0.0,0.0
2021-03-15 00:00:00+07:00,40200.0,40500.0,39900.0,40100.0,37683.50390625,863850,0.0,0.0
2021-03-16 00:00:00+07:00,40100.0,40200.0,39300.0,39850.0,37448.56640625,1157730,0.0,0.0
2021-03-17 00:00:00+07:00,40000.0,40400.0,39700.0,40300.0,37871.44921875,954280,0.0,0.0
2021-03-18 00:00:00+07:00,41200.0,41950.0,40700.0,41950.0,39422.01953125,1641010,0.0,0.0
2021-03-19 00:00:00+07:00,41500.0,42150.0,41500.0,42000.0,39469.00390625,741370,0.0,0.0
2021-03-22 00:00:00+07:00,42000.0,42000.0,41150.0,41300.0,38811.19140625,1055450,0.0,0.0
2021-03-23 00:00:00+07:00,41100.0,41400.0,40400.0,40450.0,38012.4140625,1299770,0.0,0.0
2021-03-24 00:00:00+07:00,39800.0,40450.0,39300.0,39300.0,36931.7109375,1379210,0.0,0.0
2021-03-25 00:00:00+07:00,39400.0,39800.0,39200.0,39350.0,36978.703125,1042080,0.0,0.0
2021-03-26 00:00:00+07:00,39150.0,39650.0,38400.0,39400.0,37025.6875,1018840,0.0,0.0
2021-03-29 00:00:00+07:00,39700.0,39750.0,39150.0,39550.0,37166.64453125,838060,0.0,0.0
2021-03-30 00:00:00+07:00,39700.0,40400.0,39450.0,40050.0,37636.515625,1076830,0.0,0.0
2021-03-31 00:00:00+07:00,40200.0,40950.0,40050.0,40400.0,37965.421875,1030410,0.0,0.0
2021-04-01 00:00:00+07:00,40500.0,41000.0,40250.0,41000.0,38529.26953125,1106580,0.0,0.0
2021-04-02 00:00:00+07:00,41600.0,41800.0,41200.0,41250.0,38764.19921875,826130,0.0,0.0
2021-04-05 00:00:00+07:00,41700.0,41800.0,41150.0,41500.0,38999.13671875,1102560,0.0,0.0
2021-04-06 00:00:00+07:00,41450.0,42500.0,41100.0,42200.0,39656.94921875,1495700,0.0,0.0
2021-04-07 00:00:00+07:00,42000.0,42550.0,41800.0,42200.0,39656.94921875,772840,0.0,0.0
2021-04-08 00:00:00+07:00,42400.0,42450.0,41700.0,41950.0,39422.01953125,751880,0.0,0.0
2021-04-09 00:00:00+07:00,41700.0,42000.0,41500.0,41600.0,39093.11328125,802250,0.0,0.0
2021-04-12 00:00:00+07:00,42000.0,42300.0,41600.0,42150.0,39609.96875,1499020,0.0,0.0
2021-04-13 00:00:00+07:00,42500.0,42500.0,41500.0,41600.0,39093.11328125,1510410,0.0,0.0
2021-04-14 00:00:00+07:00,41100.0,41950.0,40900.0,41800.0,39281.05859375,975330,0.0,0.0
2021-04-15 00:00:00+07:00,41950.0,41950.0,40900.0,40900.0,38435.29296875,1474510,0.0,0.0
2021-04-16 00:00:00+07:00,40800.0,41200.0,39600.0,40450.0,38012.4140625,1548870,0.0,0.0
2021-04-19 00:00:00+07:00,40800.0,41700.0,40000.0,41600.0,39093.11328125,1123440,0.0,0.0
2021-04-20 00:00:00+07:00,41550.0,41900.0,40800.0,41150.0,38670.2265625,1122500,0.0,0.0
2021-04-21 00:00:00+07:00,41150.0,41150.0,41150.0,41150.0,38670.2265625,0,0.0,0.0
2021-04-22 00:00:00+07:00,40700.0,41100.0,39700.0,39700.0,37307.609375,835280,0.0,0.0
2021-04-23 00:00:00+07:00,39750.0,40550.0,39100.0,40500.0,38059.3984375,1060070,0.0,0.0
2021-04-26 00:00:00+07:00,40500.0,40800.0,39450.0,39450.0,37072.671875,1215540,0.0,0.0
2021-04-27 00:00:00+07:00,39450.0,40100.0,39350.0,39500.0,37119.66015625,737000,0.0,0.0
2021-04-28 00:00:00+07:00,39500.0,40400.0,39500.0,39950.0,37542.54296875,606520,0.0,0.0
2021-04-29 00:00:00+07:00,40050.0,41750.0,39950.0,41000.0,38529.26953125,1796670,0.0,0.0
2021-04-30 00:00:00+07:00,41000.0,41000.0,41000.0,41000.0,38529.26953125,0,0.0,0.0
2021-05-03 00:00:00+07:00,41000.0,41000.0,41000.0,41000.0,38529.26953125,0,0.0,0.0
2021-05-04 00:00:00+07:00,40300.0,43400.0,40100.0,43400.0,40784.640625,3174980,0.0,0.0
2021-05-05 00:00:00+07:00,44400.0,46400.0,44350.0,45950.0,43180.97265625,2821480,0.0,0.0
2021-05-06 00:00:00+07:00,45100.0,47450.0,45050.0,47100.0,44261.671875,2676600,0.0,0.0
2021-05-07 00:00:00+07:00,46800.0,47800.0,46400.0,47050.0,44214.68359375,2202750,0.0,0.0
2021-05-10 00:00:00+07:00,46700.0,48400.0,46700.0,48100.0,45201.41015625,1961140,0.0,0.0
2021-05-11 00:00:00+07:00,48100.0,48250.0,47000.0,47000.0,44167.69921875,1602180,0.0,0.0
2021-05-12 00:00:00+07:00,46700.0,49250.0,46700.0,49250.0,46282.109375,2355340,0.0,0.0
2021-05-13 00:00:00+07:00,48950.0,49850.0,48000.0,48000.0,45107.43359375,1804520,0.0,0.0
2021-05-14 00:00:00+07:00,48900.0,48950.0,48150.0,48650.0,45718.265625,1390530,0.0,0.0
2021-05-17 00:00:00+07:00,48750.0,49100.0,47600.0,47850.0,44966.4765625,1712360,0.0,0.0
2021-05-18 00:00:00+07:00,47700.0,48900.0,47550.0,48350.0,45436.34375,1691000,0.0,0.0
2021-05-19 00:00:00+07:00,48400.0,50200.0,48400.0,50100.0,47080.88671875,1746790,0.0,0.0
2021-05-20 00:00:00+07:00,50700.0,50800.0,49900.0,50200.0,47174.859375,1317130,0.0,0.0
2021-05-21 00:00:00+07:00,50000.0,51700.0,49850.0,50800.0,47738.69921875,1885030,0.0,0.0
2021-05-24 00:00:00+07:00,50700.0,51200.0,50400.0,50900.0,47832.67578125,1466670,0.0,0.0
2021-05-25 00:00:00+07:00,51200.0,52100.0,51200.0,51600.0,48490.4921875,1056030,0.0,0.0
2021-05-26 00:00:00+07:00,51600.0,53000.0,51200.0,52800.0,49618.1796875,1650590,0.0,0.0
2021-05-27 00:00:00+07:00,53200.0,53500.0,50800.0,51400.0,48302.546875,1594160,0.0,0.0
2021-05-28 00:00:00+07:00,51700.0,53300.0,51200.0,53000.0,49806.125,2000270,0.0,0.0
2021-05-31 00:00:00+07:00,53200.0,53700.0,52200.0,53700.0,50463.9453125,1705460,0.0,0.0
2021-06-01 00:00:00+07:00,54100.0,54300.0,53000.0,53100.0,49900.1015625,1235820,0.0,0.0
2021-06-02 00:00:00+07:00,52900.0,53300.0,51800.0,52800.0,49618.1796875,2456090,0.0,0.0
2021-06-03 00:00:00+07:00,53300.0,55100.0,52800.0,54800.0,51497.65625,2373570,0.0,0.0
2021-06-04 00:00:00+07:00,54800.0,55200.0,54000.0,54600.0,51309.70703125,1337160,0.0,0.0
2021-06-07 00:00:00+07:00,53000.0,54400.0,51000.0,52400.0,49242.28125,20392100,0.0,0.0
2021-06-08 00:00:00+07:00,52400.0,52400.0,52400.0,52400.0,49242.28125,0,0.0,0.0
2021-06-09 00:00:00+07:00,49700.0,51100.0,49000.0,50800.0,47738.69921875,22397000,0.0,0.0
2021-06-10 00:00:00+07:00,50800.0,51200.0,50000.0,50100.0,47080.88671875,10935100,0.0,0.0
2021-06-11 00:00:00+07:00,50500.0,53200.0,50100.0,52600.0,49430.23046875,29600800,0.0,0.0
2021-06-14 00:00:00+07:00,52700.0,53300.0,52000.0,52700.0,49524.203125,16827800,0.0,0.0
2021-06-15 00:00:00+07:00,52600.0,53200.0,52000.0,52300.0,49148.30859375,19611800,0.0,0.0
2021-06-16 00:00:00+07:00,51500.0,52200.0,50500.0,50700.0,47644.73046875,20575900,0.0,0.0
2021-06-17 00:00:00+07:00,49500.0,50800.0,49500.0,50200.0,47174.859375,18677800,0.0,0.0
2021-06-18 00:00:00+07:00,51000.0,51400.0,50600.0,51000.0,47926.6484375,9956600,0.0,0.0
2021-06-21 00:00:00+07:00,50500.0,51000.0,50000.0,50400.0,47362.80859375,14920700,0.0,0.0
2021-06-22 00:00:00+07:00,50800.0,51300.0,50300.0,50900.0,47832.67578125,17224200,0.0,0.0
2021-06-23 00:00:00+07:00,50900.0,52100.0,50600.0,51100.0,48020.625,13102300,0.0,0.0
2021-06-24 00:00:00+07:00,51300.0,51700.0,50600.0,50900.0,47832.67578125,10692100,0.0,0.0
2021-06-25 00:00:00+07:00,51000.0,51600.0,50400.0,51600.0,48490.4921875,10947700,0.0,0.0
2021-06-28 00:00:00+07:00,52500.0,54000.0,52200.0,53600.0,50369.97265625,25721100,0.0,0.0
2021-06-29 00:00:00+07:00,53600.0,53800.0,52800.0,53500.0,50275.99609375,16059200,0.0,0.0
2021-06-30 00:00:00+07:00,53400.0,53800.0,52600.0,52700.0,49524.203125,11461700,0.0,0.0
2021-07-01 00:00:00+07:00,52900.0,53500.0,52100.0,53300.0,50088.046875,19326700,0.0,0.0
2021-07-02 00:00:00+07:00,54200.0,54900.0,53600.0,54300.0,51027.78515625,29377200,0.0,0.0
2021-07-05 00:00:00+07:00,54300.0,54300.0,54300.0,54300.0,51027.78515625,0,0.0,0.0
2021-07-06 00:00:00+07:00,54300.0,54300.0,54300.0,54300.0,51027.78515625,0,0.0,0.0
2021-07-07 00:00:00+07:00,54300.0,54300.0,54300.0,54300.0,51027.78515625,0,0.0,0.0
2021-07-08 00:00:00+07:00,54300.0,54300.0,54300.0,54300.0,51027.78515625,0,0.0,0.0
2021-07-09 00:00:00+07:00,56100.0,58500.0,55600.0,56600.0,53189.18359375,38234300,0.0,0.0
2021-07-12 00:00:00+07:00,56600.0,56600.0,56600.0,56600.0,53189.18359375,0,0.0,0.0
2021-07-13 00:00:00+07:00,54100.0,54300.0,52800.0,53900.0,50651.89453125,20072400,0.0,0.0
2021-07-14 00:00:00+07:00,53900.0,53900.0,53900.0,53900.0,50651.89453125,0,0.0,0.0
2021-07-15 00:00:00+07:00,51000.0,53200.0,50800.0,52100.0,48960.36328125,20322400,0.0,0.0
2021-07-16 00:00:00+07:00,52100.0,52100.0,52100.0,52100.0,48960.36328125,0,0.0,0.0
2021-07-19 00:00:00+07:00,50000.0,50900.0,48000.0,48000.0,45107.43359375,39327900,0.0,0.0
2021-07-20 00:00:00+07:00,48300.0,49600.0,47000.0,49500.0,46517.04296875,23861200,0.0,0.0
2021-07-21 00:00:00+07:00,50600.0,51400.0,49600.0,50300.0,47268.8359375,18598700,0.0,0.0
2021-07-22 00:00:00+07:00,50100.0,51500.0,49800.0,51100.0,48020.625,13886900,0.0,0.0
2021-07-23 00:00:00+07:00,50600.0,51100.0,49500.0,49500.0,46517.04296875,20067800,0.0,0.0
2021-07-26 00:00:00+07:00,49000.0,49650.0,48700.0,49000.0,46047.171875,14424400,0.0,0.0
2021-07-27 00:00:00+07:00,50000.0,50300.0,49550.0,49750.0,46751.9765625,13266100,0.0,0.0
2021-07-28 00:00:00+07:00,49750.0,50300.0,49500.0,49700.0,46704.98828125,7468600,0.0,0.0
2021-07-29 00:00:00+07:00,50100.0,50800.0,50000.0,50600.0,47550.75390625,12542100,0.0,0.0
2021-07-30 00:00:00+07:00,50700.0,51600.0,50500.0,51100.0,48020.625,16932500,0.0,0.0
2021-08-02 00:00:00+07:00,51000.0,51400.0,50600.0,50800.0,47738.69921875,14030000,0.0,0.0
2021-08-03 00:00:00+07:00,50800.0,52000.0,50800.0,51800.0,48678.4453125,22927700,0.0,0.0
2021-08-04 00:00:00+07:00,51800.0,51800.0,51800.0,51800.0,48678.4453125,0,0.0,0.0
2021-08-05 00:00:00+07:00,51900.0,52700.0,51700.0,52500.0,49336.2578125,12021200,0.0,0.0
2021-08-06 00:00:00+07:00,52500.0,53200.0,51800.0,51800.0,48678.4453125,16084300,0.0,0.0
2021-08-09 00:00:00+07:00,51500.0,52700.0,51300.0,52500.0,49336.2578125,15208100,0.0,0.0
2021-08-10 00:00:00+07:00,52500.0,52500.0,52500.0,52500.0,49336.2578125,0,0.0,0.0
2021-08-11 00:00:00+07:00,52300.0,53500.0,51900.0,52300.0,49148.30859375,20471000,0.0,0.0
2021-08-12 00:00:00+07:00,52400.0,53000.0,52000.0,52000.0,48866.390625,11779000,0.0,0.0
2021-08-13 00:00:00+07:00,52000.0,52200.0,51100.0,52200.0,49054.3359375,15402000,0.0,0.0
2021-08-16 00:00:00+07:00,52300.0,54400.0,52100.0,54000.0,50745.86328125,30299500,0.0,0.0
2021-08-17 00:00:00+07:00,54000.0,54000.0,54000.0,54000.0,50745.86328125,0,0.0,0.0
2021-08-18 00:00:00+07:00,53000.0,53500.0,52500.0,52800.0,49618.1796875,12905800,0.0,0.0
2021-08-19 00:00:00+07:00,52500.0,53300.0,52100.0,53000.0,49806.125,18765300,0.0,0.0
2021-08-20 00:00:00+07:00,52800.0,53000.0,49800.0,50500.0,47456.78125,31461200,0.0,0.0
2021-08-23 00:00:00+07:00,50300.0,50800.0,48750.0,48750.0,45812.2421875,26003500,0.0,0.0
2021-08-24 00:00:00+07:00,48750.0,49200.0,48400.0,49000.0,46047.171875,16213400,0.0,0.0
2021-08-25 00:00:00+07:00,48900.0,49200.0,48500.0,49150.0,46188.1328125,9431100,0.0,0.0
2021-08-26 00:00:00+07:00,49300.0,49350.0,48200.0,48300.0,45389.35546875,10111900,0.0,0.0
2021-08-27 00:00:00+07:00,47800.0,48150.0,47000.0,48050.0,45154.421875,19689500,0.0,0.0
2021-08-30 00:00:00+07:00,48600.0,49400.0,48100.0,49200.0,46235.12109375,12298900,0.0,0.0
2021-08-31 00:00:00+07:00,49500.0,49500.0,47000.0,48500.0,45577.30859375,7773900,0.0,0.0
2021-09-01 00:00:00+07:00,48200.0,48950.0,48200.0,48300.0,45389.35546875,8530000,0.0,0.0
2021-09-02 00:00:00+07:00,48300.0,48300.0,48300.0,48300.0,45389.35546875,0,0.0,0.0
2021-09-03 00:00:00+07:00,48300.0,48300.0,48300.0,48300.0,45389.35546875,0,0.0,0.0
2021-09-06 00:00:00+07:00,48650.0,48950.0,47900.0,48950.0,46000.1875,12880500,0.0,0.0
2021-09-07 00:00:00+07:00,49050.0,50400.0,49050.0,49650.0,46658.0,11611100,0.0,0.0
2021-09-08 00:00:00+07:00,49650.0,49650.0,49650.0,49650.0,46658.0,0,0.0,0.0
2021-09-09 00:00:00+07:00,48500.0,49500.0,48500.0,49300.0,46329.09765625,7854400,0.0,0.0
2021-09-10 00:00:00+07:00,49800.0,49800.0,49000.0,49300.0,46329.09765625,7222000,0.0,0.0
2021-09-13 00:00:00+07:00,49150.0,49450.0,48900.0,48950.0,46000.1875,6802200,0.0,0.0
2021-09-14 00:00:00+07:00,48950.0,49100.0,48500.0,48500.0,45577.30859375,6142500,0.0,0.0
2021-09-15 00:00:00+07:00,48200.0,48800.0,48100.0,48400.0,45483.33203125,5037600,0.0,0.0
2021-09-16 00:00:00+07:00,48900.0,49150.0,48600.0,49100.0,46141.14453125,5523500,0.0,0.0
2021-09-17 00:00:00+07:00,49200.0,49900.0,49200.0,49750.0,46751.9765625,8274500,0.0,0.0
2021-09-20 00:00:00+07:00,50500.0,51600.0,50100.0,50700.0,47644.73046875,13074700,0.0,0.0
2021-09-21 00:00:00+07:00,50700.0,50700.0,50700.0,50700.0,47644.73046875,0,0.0,0.0
2021-09-22 00:00:00+07:00,50700.0,50700.0,50700.0,50700.0,47644.73046875,0,0.0,0.0
2021-09-23 00:00:00+07:00,50600.0,51300.0,50000.0,50200.0,47174.859375,8627900,0.0,0.0
2021-09-24 00:00:00+07:00,50700.0,51500.0,50600.0,50600.0,47550.75390625,736470000,0.0,0.0
2021-09-27 00:00:00+07:00,50700.0,51100.0,49500.0,49500.0,46517.04296875,6850300,0.0,0.0
2021-09-28 00:00:00+07:00,49300.0,49850.0,48800.0,49800.0,46798.96484375,5568700,0.0,0.0
2021-09-29 00:00:00+07:00,49200.0,49750.0,48900.0,49400.0,46423.06640625,5676700,0.0,0.0
2021-09-30 00:00:00+07:00,49700.0,50400.0,49600.0,49600.0,46611.01953125,5275100,0.0,0.0
2021-10-01 00:00:00+07:00,49600.0,49800.0,48900.0,49000.0,46047.171875,6502800,0.0,0.0
2021-10-04 00:00:00+07:00,48800.0,48950.0,48300.0,48350.0,45436.34375,616719488,0.0,0.0
2021-10-05 00:00:00+07:00,48600.0,49200.0,48600.0,49100.0,46141.14453125,5889900,0.0,0.0
2021-10-06 00:00:00+07:00,49100.0,49100.0,49100.0,49100.0,46141.14453125,0,0.0,0.0
2021-10-07 00:00:00+07:00,50600.0,50800.0,50000.0,50000.0,46986.9140625,5414900,0.0,0.0
2021-10-08 00:00:00+07:00,50000.0,50000.0,50000.0,50000.0,46986.9140625,0,0.0,0.0
2021-10-11 00:00:00+07:00,50000.0,50000.0,50000.0,50000.0,46986.9140625,0,0.0,0.0
2021-10-12 00:00:00+07:00,53400.0,53400.0,52600.0,53000.0,49806.125,14216500,0.0,0.0
2021-10-13 00:00:00+07:00,53000.0,53200.0,52300.0,52400.0,49242.28125,14188100,0.0,0.0
2021-10-14 00:00:00+07:00,52400.0,52400.0,52400.0,52400.0,49242.28125,0,0.0,0.0
2021-10-15 00:00:00+07:00,52900.0,52900.0,52300.0,52600.0,49430.23046875,11950400,0.0,0.0
2021-10-18 00:00:00+07:00,52600.0,52600.0,52600.0,52600.0,49430.23046875,0,0.0,0.0
2021-10-19 00:00:00+07:00,52900.0,53000.0,52000.0,52700.0,49524.203125,14167300,0.0,0.0
2021-10-20 00:00:00+07:00,52800.0,53900.0,52500.0,53200.0,49994.07421875,22695300,0.0,0.0
2021-10-21 00:00:00+07:00,54000.0,54000.0,52900.0,52900.0,49712.15234375,15317400,0.0,0.0
2021-10-22 00:00:00+07:00,52900.0,53000.0,52200.0,52300.0,49148.30859375,11640600,0.0,0.0
2021-10-25 00:00:00+07:00,52300.0,52300.0,52300.0,52300.0,49148.30859375,0,0.0,0.0
2021-10-26 00:00:00+07:00,50400.0,51000.0,49950.0,51000.0,47926.6484375,20157800,0.0,0.0
2021-10-27 00:00:00+07:00,51200.0,51800.0,50900.0,51500.0,48396.51953125,16750100,0.0,0.0
2021-10-28 00:00:00+07:00,52000.0,52100.0,51500.0,51800.0,48678.4453125,13859600,0.0,0.0
2021-10-29 00:00:00+07:00,51900.0,52000.0,51300.0,51600.0,48490.4921875,12744400,0.0,0.0
2021-11-01 00:00:00+07:00,51600.0,51600.0,51600.0,51600.0,48490.4921875,0,0.0,0.0
2021-11-02 00:00:00+07:00,51800.0,51600.0,51500.0,51800.0,48678.4453125,15468300,0.0,0.0
2021-11-03 00:00:00+07:00,52300.0,54200.0,52000.0,53700.0,50463.9453125,64,0.0,0.0
2021-11-04 00:00:00+07:00,53700.0,54200.0,52800.0,53300.0,50088.046875,18683600,0.0,0.0
2021-11-05 00:00:00+07:00,53500.0,53500.0,52700.0,53000.0,49806.125,13453700,0.0,0.0
2021-11-08 00:00:00+07:00,52800.0,53300.0,52300.0,52600.0,49430.23046875,21189500,0.0,0.0
2021-11-09 00:00:00+07:00,53000.0,53300.0,52300.0,52300.0,49148.30859375,21533900,0.0,0.0
2021-11-10 00:00:00+07:00,52600.0,52700.0,51600.0,51700.0,48584.46875,19484600,0.0,0.0
2021-11-11 00:00:00+07:00,51700.0,52400.0,50700.0,51500.0,48396.51953125,21838500,0.0,0.0
2021-11-12 00:00:00+07:00,51400.0,52700.0,51100.0,52500.0,49336.2578125,12719800,0.0,0.0
2021-11-15 00:00:00+07:00,52800.0,53000.0,51900.0,52000.0,48866.390625,11079700,0.0,0.0
2021-11-16 00:00:00+07:00,52000.0,52900.0,51600.0,52000.0,48866.390625,12519700,0.0,0.0
2021-11-17 00:00:00+07:00,52000.0,52400.0,51700.0,52200.0,49054.3359375,12113200,0.0,0.0
2021-11-18 00:00:00+07:00,52000.0,52200.0,51400.0,51500.0,48396.51953125,12833900,0.0,0.0
2021-11-19 00:00:00+07:00,51800.0,53400.0,51200.0,52300.0,49148.30859375,29907300,0.0,0.0
2021-11-22 00:00:00+07:00,52300.0,54800.0,52300.0,53100.0,49900.1015625,23613400,0.0,0.0
2021-11-23 00:00:00+07:00,53400.0,53500.0,52400.0,52600.0,49430.23046875,10596400,0.0,0.0
2021-11-24 00:00:00+07:00,52600.0,55700.0,52300.0,55500.0,52155.47265625,52375300,0.0,0.0
2021-11-25 00:00:00+07:00,56000.0,56000.0,54700.0,54900.0,51591.62890625,17981000,0.0,0.0
2021-11-26 00:00:00+07:00,55100.0,55500.0,53900.0,54000.0,50745.86328125,21915600,0.0,0.0
2021-11-29 00:00:00+07:00,53000.0,53400.0,52100.0,52300.0,49148.30859375,28236300,0.0,0.0
2021-11-30 00:00:00+07:00,53100.0,53100.0,51500.0,51800.0,48678.4453125,24494700,0.0,0.0
2021-12-01 00:00:00+07:00,51600.0,52400.0,51500.0,52400.0,49242.28125,11339500,0.0,0.0
2021-12-02 00:00:00+07:00,52400.0,52600.0,51700.0,51700.0,48584.46875,8970600,0.0,0.0
2021-12-03 00:00:00+07:00,52000.0,52200.0,50200.0,50200.0,47174.859375,15571600,0.0,0.0
2021-12-06 00:00:00+07:00,50300.0,51000.0,48650.0,49000.0,46047.171875,22907100,0.0,0.0
2021-12-07 00:00:00+07:00,49600.0,50300.0,49350.0,50000.0,46986.9140625,8982100,0.0,0.0
2021-12-08 00:00:00+07:00,50200.0,50800.0,49900.0,50000.0,46986.9140625,7649900,0.0,0.0
2021-12-09 00:00:00+07:00,50000.0,50400.0,49850.0,50400.0,47362.80859375,5203500,0.0,0.0
2021-12-10 00:00:00+07:00,50500.0,50900.0,50100.0,50200.0,47174.859375,7507300,0.0,0.0
2021-12-13 00:00:00+07:00,50300.0,50400.0,49950.0,50000.0,46986.9140625,7440600,0.0,0.0
2021-12-14 00:00:00+07:00,50000.0,50800.0,49850.0,50100.0,47080.88671875,7138200,0.0,0.0
2021-12-15 00:00:00+07:00,50300.0,50800.0,49950.0,50200.0,47174.859375,6818200,0.0,0.0
2021-12-16 00:00:00+07:00,50500.0,50500.0,49850.0,49850.0,46845.953125,6325600,0.0,0.0
2021-12-17 00:00:00+07:00,50000.0,50100.0,49800.0,49850.0,46845.953125,7903900,0.0,0.0
2021-12-20 00:00:00+07:00,49850.0,50000.0,49350.0,49500.0,46517.04296875,7689900,0.0,0.0
2021-12-21 00:00:00+07:00,49500.0,49700.0,49200.0,49250.0,46282.109375,7255100,0.0,0.0
2021-12-22 00:00:00+07:00,49300.0,49500.0,48300.0,48900.0,45953.19921875,12625100,0.0,0.0
2021-12-23 00:00:00+07:00,48850.0,48850.0,47300.0,47350.0,44496.60546875,13503100,0.0,0.0
2021-12-24 00:00:00+07:00,47450.0,49150.0,47450.0,48900.0,45953.19921875,6139300,0.0,0.0
2021-12-27 00:00:00+07:00,49400.0,49400.0,48500.0,48850.0,45906.2109375,4727500,0.0,0.0
2021-12-28 00:00:00+07:00,49250.0,49350.0,48700.0,49150.0,46188.1328125,7473500,0.0,0.0
2021-12-29 00:00:00+07:00,49150.0,49650.0,49000.0,49100.0,46141.14453125,6141700,0.0,0.0
2021-12-30 00:00:00+07:00,49200.0,49750.0,49000.0,49300.0,46329.09765625,5321600,0.0,0.0
2021-12-31 00:00:00+07:00,49500.0,50500.0,49450.0,50000.0,46986.9140625,9547100,0.0,0.0
2022-01-03 00:00:00+07:00,50000.0,50000.0,50000.0,50000.0,46986.9140625,0,0.0,0.0
2022-01-04 00:00:00+07:00,50500.0,51200.0,50300.0,50900.0,47832.67578125,11334600,0.0,0.0
2022-01-05 00:00:00+07:00,50900.0,51200.0,50300.0,50500.0,47456.78125,9569600,0.0,0.0
2022-01-06 00:00:00+07:00,50200.0,50400.0,49600.0,49900.0,46892.9375,10716700,0.0,0.0
2022-01-07 00:00:00+07:00,49900.0,50100.0,49400.0,49450.0,46470.05859375,7832200,0.0,0.0
2022-01-10 00:00:00+07:00,49500.0,49600.0,48650.0,48650.0,45718.265625,8771400,0.0,0.0
2022-01-11 00:00:00+07:00,48900.0,49100.0,48400.0,48450.0,45530.31640625,7296500,0.0,0.0
2022-01-12 00:00:00+07:00,48450.0,50400.0,48400.0,50400.0,47362.80859375,12044200,0.0,0.0
2022-01-13 00:00:00+07:00,50900.0,51800.0,50200.0,50500.0,47456.78125,14417100,0.0,0.0
2022-01-14 00:00:00+07:00,50000.0,50400.0,49500.0,49750.0,46751.9765625,5187100,0.0,0.0
2022-01-17 00:00:00+07:00,49700.0,50500.0,48600.0,48600.0,45671.27734375,10990600,0.0,0.0
2022-01-18 00:00:00+07:00,48600.0,49450.0,48500.0,48750.0,45812.2421875,7885200,0.0,0.0
2022-01-19 00:00:00+07:00,49000.0,49400.0,48800.0,48850.0,45906.2109375,4221900,0.0,0.0
2022-01-20 00:00:00+07:00,48650.0,49400.0,48600.0,48850.0,45906.2109375,6430300,0.0,0.0
2022-01-21 00:00:00+07:00,49000.0,50800.0,48900.0,49800.0,46798.96484375,10321600,0.0,0.0
2022-01-24 00:00:00+07:00,49950.0,51400.0,49800.0,50300.0,47268.8359375,16269200,0.0,0.0
2022-01-25 00:00:00+07:00,51200.0,52100.0,51000.0,51900.0,48772.4140625,14466300,0.0,0.0
2022-01-26 00:00:00+07:00,52400.0,53300.0,52000.0,52400.0,49242.28125,15042300,0.0,0.0
2022-01-27 00:00:00+07:00,52000.0,52700.0,51500.0,51900.0,48772.4140625,8044000,0.0,0.0
2022-01-28 00:00:00+07:00,51900.0,53000.0,51600.0,52800.0,49618.1796875,10292900,0.0,0.0
2022-01-31 00:00:00+07:00,52800.0,52800.0,52800.0,52800.0,49618.1796875,0,0.0,0.0
2022-02-01 00:00:00+07:00,52800.0,52800.0,52800.0,52800.0,49618.1796875,0,0.0,0.0
2022-02-02 00:00:00+07:00,52800.0,52800.0,52800.0,52800.0,49618.1796875,0,0.0,0.0
2022-02-03 00:00:00+07:00,52800.0,52800.0,52800.0,52800.0,49618.1796875,0,0.0,0.0
2022-02-04 00:00:00+07:00,52800.0,52800.0,52800.0,52800.0,49618.1796875,0,0.0,0.0
2022-02-07 00:00:00+07:00,53700.0,53800.0,52800.0,52800.0,49618.1796875,9809900,0.0,0.0
2022-02-08 00:00:00+07:00,52800.0,54300.0,52800.0,53800.0,50557.91796875,16481000,0.0,0.0
2022-02-09 00:00:00+07:00,54000.0,54900.0,53600.0,53600.0,50369.97265625,17391000,0.0,0.0
2022-02-10 00:00:00+07:00,53600.0,54200.0,53100.0,53600.0,50369.97265625,11224900,0.0,0.0
2022-02-11 00:00:00+07:00,53500.0,53800.0,53000.0,53700.0,50463.9453125,7847800,0.0,0.0
2022-02-14 00:00:00+07:00,53200.0,53200.0,51500.0,51500.0,48396.51953125,18771500,0.0,0.0
2022-02-15 00:00:00+07:00,51500.0,51500.0,51500.0,51500.0,48396.51953125,0,0.0,0.0
2022-02-16 00:00:00+07:00,52200.0,52200.0,51500.0,51600.0,48490.4921875,6174400,0.0,0.0
2022-02-17 00:00:00+07:00,51600.0,52500.0,51600.0,52200.0,49054.3359375,7301000,0.0,0.0
2022-02-18 00:00:00+07:00,51700.0,52000.0,51500.0,51600.0,48490.4921875,6543700,0.0,0.0
2022-02-21 00:00:00+07:00,51600.0,51700.0,50800.0,51500.0,48396.51953125,8654200,0.0,0.0
2022-02-22 00:00:00+07:00,51000.0,51700.0,50600.0,51400.0,48302.546875,10561000,0.0,0.0
2022-02-23 00:00:00+07:00,51700.0,52200.0,51400.0,51700.0,48584.46875,6188300,0.0,0.0
2022-02-24 00:00:00+07:00,51500.0,51900.0,49800.0,50500.0,47456.78125,15534300,0.0,0.0
2022-02-25 00:00:00+07:00,51000.0,51300.0,50500.0,50700.0,47644.73046875,6665900,0.0,0.0
2022-02-28 00:00:00+07:00,50500.0,50900.0,50200.0,50400.0,47362.80859375,7106100,0.0,0.0
2022-03-01 00:00:00+07:00,50700.0,50700.0,50100.0,50300.0,47268.8359375,6945900,0.0,0.0
2022-03-02 00:00:00+07:00,50100.0,50100.0,49200.0,49200.0,46235.12109375,17893700,0.0,0.0
2022-03-03 00:00:00+07:00,49500.0,49900.0,49150.0,49650.0,46658.0,7391900,0.0,0.0
2022-03-04 00:00:00+07:00,49750.0,50400.0,49500.0,49950.0,46939.921875,7022700,0.0,0.0
2022-03-07 00:00:00+07:00,49500.0,49600.0,49100.0,49250.0,46282.109375,8122400,0.0,0.0
2022-03-08 00:00:00+07:00,49000.0,49500.0,48800.0,49000.0,46047.171875,8766400,0.0,0.0
2022-03-09 00:00:00+07:00,49000.0,49350.0,48900.0,49100.0,46141.14453125,6957800,0.0,0.0
2022-03-10 00:00:00+07:00,49800.0,49800.0,49250.0,49250.0,46282.109375,4387100,0.0,0.0
2022-03-11 00:00:00+07:00,49200.0,49200.0,48700.0,48900.0,45953.19921875,6422600,0.0,0.0
2022-03-14 00:00:00+07:00,48800.0,48900.0,48300.0,48500.0,45577.30859375,5161200,0.0,0.0
2022-03-15 00:00:00+07:00,48600.0,49000.0,48500.0,48600.0,45671.27734375,3829700,0.0,0.0
2022-03-16 00:00:00+07:00,48800.0,49450.0,48800.0,49050.0,46094.1640625,4542000,0.0,0.0
2022-03-17 00:00:00+07:00,49450.0,49500.0,49000.0,49000.0,46047.171875,3249200,0.0,0.0
2022-03-18 00:00:00+07:00,49150.0,49400.0,49100.0,49200.0,46235.12109375,2909700,0.0,0.0
2022-03-21 00:00:00+07:00,49250.0,49550.0,49100.0,49450.0,46470.05859375,3921900,0.0,0.0
2022-03-22 00:00:00+07:00,49550.0,50300.0,49500.0,49900.0,46892.9375,5953800,0.0,0.0
2022-03-23 00:00:00+07:00,49900.0,50200.0,49600.0,49600.0,46611.01953125,3409900,0.0,0.0
2022-03-24 00:00:00+07:00,49600.0,49800.0,49300.0,49300.0,46329.09765625,3214000,0.0,0.0
2022-03-25 00:00:00+07:00,49400.0,49450.0,49150.0,49250.0,46282.109375,3175400,0.0,0.0
2022-03-28 00:00:00+07:00,49150.0,49150.0,48350.0,48800.0,45859.22265625,6597500,0.0,0.0
2022-03-29 00:00:00+07:00,48900.0,49150.0,48650.0,48900.0,45953.19921875,4272400,0.0,0.0
2022-03-30 00:00:00+07:00,48900.0,49900.0,48900.0,49150.0,46188.1328125,5598900,0.0,0.0
2022-03-31 00:00:00+07:00,49500.0,49700.0,49300.0,49550.0,46564.03125,5248700,0.0,0.0
2022-04-01 00:00:00+07:00,49550.0,50400.0,49400.0,50300.0,47268.8359375,9575500,0.0,0.0
2022-04-04 00:00:00+07:00,50400.0,50600.0,49650.0,49650.0,46658.0,9775600,0.0,0.0
2022-04-05 00:00:00+07:00,49400.0,49500.0,49050.0,49050.0,46094.1640625,5803000,0.0,0.0
2022-04-06 00:00:00+07:00,48900.0,49900.0,48700.0,49900.0,46892.9375,9012200,0.0,0.0
2022-04-07 00:00:00+07:00,49900.0,50300.0,49300.0,49300.0,46329.09765625,5971000,0.0,0.0
2022-04-08 00:00:00+07:00,49400.0,49400.0,48800.0,48850.0,45906.2109375,7030100,0.0,0.0
2022-04-11 00:00:00+07:00,48850.0,48850.0,48850.0,48850.0,45906.2109375,0,0.0,0.0
2022-04-12 00:00:00+07:00,48700.0,48900.0,47900.0,48000.0,45107.43359375,8278800,0.0,0.0
2022-04-13 00:00:00+07:00,48400.0,48450.0,47900.0,48000.0,45107.43359375,6722300,0.0,0.0
2022-04-14 00:00:00+07:00,48050.0,48350.0,47150.0,47300.0,44449.6171875,8324100,0.0,0.0
2022-04-15 00:00:00+07:00,47300.0,47300.0,45600.0,45600.0,42852.0625,18618800,0.0,0.0
2022-04-18 00:00:00+07:00,46000.0,46250.0,44800.0,44850.0,42147.2578125,11505300,0.0,0.0
2022-04-19 00:00:00+07:00,45000.0,45450.0,43500.0,43700.0,41066.55859375,7232900,0.0,0.0
2022-04-20 00:00:00+07:00,43700.0,44200.0,43050.0,43050.0,40455.7265625,7909800,0.0,0.0
2022-04-21 00:00:00+07:00,43000.0,44000.0,42900.0,43600.0,40972.5859375,10019500,0.0,0.0
2022-04-22 00:00:00+07:00,44000.0,44750.0,43550.0,44100.0,41442.45703125,6684800,0.0,0.0
2022-04-25 00:00:00+07:00,44200.0,44300.0,41050.0,41050.0,38576.2578125,12317000,0.0,0.0
2022-04-26 00:00:00+07:00,40600.0,42000.0,38850.0,41500.0,38999.13671875,11120700,0.0,0.0
2022-04-27 00:00:00+07:00,41500.0,42200.0,40900.0,41600.0,39093.11328125,6154800,0.0,0.0
2022-04-28 00:00:00+07:00,41650.0,42800.0,41650.0,42300.0,39750.92578125,4729300,0.0,0.0
2022-04-29 00:00:00+07:00,42300.0,44000.0,42200.0,44000.0,41348.48046875,9795500,0.0,0.0
2022-05-02 00:00:00+07:00,44000.0,44000.0,44000.0,44000.0,41348.48046875,0,0.0,0.0
2022-05-03 00:00:00+07:00,44000.0,44000.0,44000.0,44000.0,41348.48046875,0,0.0,0.0
2022-05-04 00:00:00+07:00,43500.0,43650.0,42000.0,42000.0,39469.00390625,6384600,0.0,0.0
2022-05-05 00:00:00+07:00,42850.0,42850.0,41400.0,42600.0,40032.84765625,4804200,0.0,0.0
2022-05-06 00:00:00+07:00,41700.0,42300.0,41500.0,41500.0,38999.13671875,4889500,0.0,0.0
2022-05-09 00:00:00+07:00,41200.0,41400.0,38600.0,38600.0,36273.89453125,12361700,0.0,0.0
2022-05-10 00:00:00+07:00,37450.0,38850.0,37450.0,38700.0,36367.8671875,10236300,0.0,0.0
2022-05-11 00:00:00+07:00,39000.0,39450.0,38450.0,39000.0,36649.7890625,4071500,0.0,0.0
2022-05-12 00:00:00+07:00,39000.0,39000.0,36300.0,36300.0,34112.5,7306300,0.0,0.0
2022-05-13 00:00:00+07:00,36300.0,36800.0,33800.0,33800.0,31763.15234375,15203300,0.0,0.0
2022-05-16 00:00:00+07:00,35100.0,35800.0,32600.0,32600.0,30635.466796875,11689600,0.0,0.0
2022-05-17 00:00:00+07:00,32600.0,34850.0,32550.0,34850.0,32749.876953125,9447600,0.0,0.0
2022-05-18 00:00:00+07:00,35700.0,36900.0,35350.0,36050.0,33877.5625,8689300,0.0,0.0
2022-05-19 00:00:00+07:00,35400.0,36400.0,35200.0,35800.0,33642.62890625,5692200,0.0,0.0
2022-05-20 00:00:00+07:00,35800.0,36450.0,35350.0,35700.0,33548.65234375,5443200,0.0,0.0
2022-05-23 00:00:00+07:00,35800.0,36200.0,34850.0,34850.0,32749.876953125,5290600,0.0,0.0
2022-05-24 00:00:00+07:00,34800.0,35250.0,34400.0,35250.0,33125.7734375,4270100,0.0,0.0
2022-05-25 00:00:00+07:00,35850.0,36650.0,35500.0,36500.0,34300.4453125,6709700,0.0,0.0
2022-05-26 00:00:00+07:00,36700.0,37250.0,36550.0,36700.0,34488.39453125,4687800,0.0,0.0
2022-05-27 00:00:00+07:00,36900.0,37450.0,36850.0,37450.0,35193.19921875,5777300,0.0,0.0
2022-05-30 00:00:00+07:00,38000.0,38000.0,37450.0,37750.0,35475.1171875,4224300,0.0,0.0
2022-05-31 00:00:00+07:00,37450.0,37600.0,37150.0,37150.0,34911.27734375,5119800,0.0,0.0
2022-06-01 00:00:00+07:00,37000.0,37700.0,36650.0,36850.0,34629.35546875,3829000,0.0,0.0
2022-06-02 00:00:00+07:00,36850.0,36850.0,36850.0,36850.0,34629.35546875,0,0.0,0.0
2022-06-03 00:00:00+07:00,36350.0,36850.0,36050.0,36450.0,34253.45703125,3040200,0.0,0.0
2022-06-06 00:00:00+07:00,36450.0,36800.0,36000.0,36050.0,33877.5625,3845100,0.0,0.0
2022-06-07 00:00:00+07:00,36000.0,36200.0,35000.0,36200.0,34018.5234375,4640800,0.0,0.0
2022-06-08 00:00:00+07:00,36300.0,37450.0,36150.0,37250.0,35005.25,6456800,0.0,0.0
2022-06-09 00:00:00+07:00,37250.0,37550.0,37050.0,37400.0,35146.2109375,5776000,0.0,0.0
2022-06-10 00:00:00+07:00,37000.0,38900.0,36950.0,37950.0,35663.06640625,8194200,0.0,0.0
2022-06-13 00:00:00+07:00,37000.0,37250.0,35950.0,36000.0,33830.578125,6673500,0.0,0.0
2022-06-14 00:00:00+07:00,35300.0,36300.0,35200.0,35750.0,33595.64453125,3740800,0.0,0.0
2022-06-15 00:00:00+07:00,35700.0,36150.0,35050.0,35700.0,33548.65234375,5449100,0.0,0.0
2022-06-16 00:00:00+07:00,35900.0,36500.0,35600.0,36050.0,33877.5625,5916100,0.0,0.0
2022-06-17 00:00:00+07:00,35050.0,35400.0,33850.0,34500.0,32420.96875,4994900,0.0,0.0
2022-06-20 00:00:00+07:00,34500.0,35200.0,33000.0,33000.0,31011.361328125,4004000,0.0,0.0
2022-06-21 00:00:00+07:00,33100.0,33800.0,32800.0,33000.0,31011.361328125,4900200,0.0,0.0
2022-06-22 00:00:00+07:00,33750.0,35300.0,33450.0,34800.0,32702.890625,6208200,0.0,0.0
2022-06-23 00:00:00+07:00,34800.0,36400.0,34550.0,35950.0,33783.58984375,4708100,0.0,0.0
2022-06-24 00:00:00+07:00,35950.0,36100.0,35500.0,35500.0,33360.70703125,2969100,0.0,0.0
2022-06-27 00:00:00+07:00,35550.0,35950.0,35500.0,35550.0,33407.6953125,4282300,0.0,0.0
2022-06-28 00:00:00+07:00,35500.0,36950.0,35350.0,36700.0,34488.39453125,5342500,0.0,0.0
2022-06-29 00:00:00+07:00,36200.0,37150.0,36200.0,36750.0,34535.37890625,3048300,0.0,0.0
2022-06-30 00:00:00+07:00,36550.0,37100.0,35550.0,35550.0,33407.6953125,3566500,0.0,0.0
2022-07-01 00:00:00+07:00,35600.0,36250.0,34850.0,36000.0,33830.578125,3473300,0.0,0.0
2022-07-04 00:00:00+07:00,36250.0,36700.0,36050.0,36350.0,34159.484375,3148000,0.0,0.0
2022-07-05 00:00:00+07:00,36600.0,38250.0,36350.0,37750.0,35475.1171875,10888900,0.0,0.0
2022-07-06 00:00:00+07:00,37500.0,38400.0,37200.0,37600.0,35334.15625,6055300,0.0,0.0
2022-07-07 00:00:00+07:00,37450.0,38000.0,37000.0,37800.0,35522.10546875,3567400,0.0,0.0
2022-07-08 00:00:00+07:00,37950.0,38000.0,37350.0,37550.0,35287.171875,4058400,0.0,0.0
2022-07-11 00:00:00+07:00,37050.0,37300.0,35500.0,35600.0,33454.6796875,8452700,0.0,0.0
2022-07-12 00:00:00+07:00,35600.0,35600.0,35600.0,35600.0,33454.6796875,0,0.0,0.0
2022-07-13 00:00:00+07:00,36150.0,36800.0,36000.0,36100.0,33924.55078125,3156800,0.0,0.0
2022-07-14 00:00:00+07:00,35900.0,36300.0,35850.0,35950.0,33783.58984375,2902000,0.0,0.0
2022-07-15 00:00:00+07:00,36100.0,36550.0,36100.0,36100.0,33924.55078125,4094300,0.0,0.0
2022-07-18 00:00:00+07:00,36300.0,36850.0,36100.0,36300.0,34112.5,2990600,0.0,0.0
2022-07-19 00:00:00+07:00,36250.0,36300.0,35750.0,36100.0,33924.55078125,2566900,0.0,0.0
2022-07-20 00:00:00+07:00,36500.0,36600.0,36200.0,36300.0,34112.5,4923800,0.0,0.0
2022-07-21 00:00:00+07:00,36600.0,36900.0,36300.0,36850.0,34629.35546875,5488700,0.0,0.0
2022-07-22 00:00:00+07:00,37300.0,37900.0,37050.0,37100.0,34864.2890625,4424700,0.0,0.0
2022-07-25 00:00:00+07:00,36850.0,37100.0,36750.0,36800.0,34582.3671875,2340300,0.0,0.0
2022-07-26 00:00:00+07:00,36800.0,37050.0,36550.0,36600.0,34394.421875,2794900,0.0,0.0
2022-07-27 00:00:00+07:00,36400.0,36600.0,36400.0,36600.0,34394.421875,1654100,0.0,0.0
2022-07-28 00:00:00+07:00,36900.0,37500.0,36800.0,37300.0,35052.234375,5604300,0.0,0.0
2022-07-29 00:00:00+07:00,37500.0,37900.0,37150.0,37900.0,35616.078125,5486300,0.0,0.0
2022-08-01 00:00:00+07:00,37850.0,38800.0,37600.0,38600.0,36273.89453125,6875400,0.0,0.0
2022-08-02 00:00:00+07:00,38400.0,38600.0,38050.0,38300.0,35991.9765625,4609900,0.0,0.0
2022-08-03 00:00:00+07:00,38300.0,38400.0,37850.0,38150.0,35851.01171875,4944700,0.0,0.0
2022-08-04 00:00:00+07:00,38250.0,38850.0,38200.0,38400.0,36085.94921875,4630800,0.0,0.0
2022-08-05 00:00:00+07:00,38400.0,38800.0,38300.0,38400.0,36085.94921875,3914900,0.0,0.0
2022-08-08 00:00:00+07:00,38500.0,39650.0,38500.0,39200.0,36837.73828125,7998700,0.0,0.0
2022-08-09 00:00:00+07:00,39400.0,39650.0,39000.0,39150.0,36790.75390625,4306400,0.0,0.0
2022-08-10 00:00:00+07:00,38850.0,39050.0,38700.0,38800.0,36461.84375,3001500,0.0,0.0
2022-08-11 00:00:00+07:00,39100.0,39300.0,38350.0,38500.0,36179.92578125,4920200,0.0,0.0
2022-08-12 00:00:00+07:00,38500.0,38800.0,38250.0,38800.0,36461.84375,2817400,0.0,0.0
2022-08-15 00:00:00+07:00,39000.0,39350.0,38850.0,39100.0,36743.765625,4366600,0.0,0.0
2022-08-16 00:00:00+07:00,39050.0,39200.0,38950.0,39000.0,36649.7890625,3042300,0.0,0.0
2022-08-17 00:00:00+07:00,39050.0,39350.0,39000.0,39300.0,36931.7109375,4459300,0.0,0.0
2022-08-18 00:00:00+07:00,39100.0,39500.0,38950.0,39100.0,36743.765625,5337200,0.0,0.0
2022-08-19 00:00:00+07:00,39050.0,39200.0,38950.0,39000.0,36649.7890625,2566900,0.0,0.0
2022-08-22 00:00:00+07:00,38850.0,39100.0,38550.0,38700.0,36367.8671875,3086100,0.0,0.0
2022-08-23 00:00:00+07:00,38650.0,38800.0,38350.0,38800.0,36461.84375,3339900,0.0,0.0
2022-08-24 00:00:00+07:00,38800.0,39750.0,38800.0,39250.0,36884.7265625,3993200,0.0,0.0
2022-08-25 00:00:00+07:00,39300.0,39700.0,39300.0,39550.0,37166.64453125,3706900,0.0,0.0
2022-08-26 00:00:00+07:00,39600.0,39950.0,39500.0,39500.0,37119.66015625,4353000,0.0,0.0
2022-08-29 00:00:00+07:00,38800.0,39100.0,38500.0,38750.0,36414.85546875,4474600,0.0,0.0
2022-08-30 00:00:00+07:00,38800.0,39150.0,38750.0,38750.0,36414.85546875,3807500,0.0,0.0
2022-08-31 00:00:00+07:00,38750.0,39150.0,38650.0,38950.0,36602.8046875,2265500,0.0,0.0
2022-09-01 00:00:00+07:00,38950.0,38950.0,38950.0,38950.0,36602.8046875,0,0.0,0.0
2022-09-02 00:00:00+07:00,38950.0,38950.0,38950.0,38950.0,36602.8046875,0,0.0,0.0
2022-09-05 00:00:00+07:00,38850.0,38900.0,38550.0,38600.0,36273.89453125,2788600,0.0,0.0
2022-09-06 00:00:00+07:00,38550.0,39000.0,38550.0,38650.0,36320.8828125,2340700,0.0,0.0
2022-09-07 00:00:00+07:00,38650.0,38700.0,37550.0,37550.0,35287.171875,4269000,0.0,0.0
2022-09-08 00:00:00+07:00,37750.0,37900.0,37350.0,37400.0,35146.2109375,2473200,0.0,0.0
2022-09-09 00:00:00+07:00,37700.0,37700.0,37000.0,37650.0,35381.1484375,2951100,0.0,0.0
2022-09-12 00:00:00+07:00,37650.0,37800.0,37450.0,37500.0,35240.18359375,1289900,0.0,0.0
2022-09-13 00:00:00+07:00,37400.0,37600.0,37300.0,37300.0,35052.234375,1687000,0.0,0.0
2022-09-14 00:00:00+07:00,36500.0,37000.0,36500.0,36800.0,34582.3671875,2794500,0.0,0.0
2022-09-15 00:00:00+07:00,37000.0,37050.0,36600.0,36600.0,34394.421875,1611900,0.0,0.0
2022-09-16 00:00:00+07:00,36400.0,36650.0,36000.0,36000.0,33830.578125,2188200,0.0,0.0
2022-09-19 00:00:00+07:00,36000.0,36000.0,34850.0,35050.0,32937.82421875,3777300,0.0,0.0
2022-09-20 00:00:00+07:00,35550.0,35550.0,34900.0,35050.0,32937.82421875,1989200,0.0,0.0
2022-09-21 00:00:00+07:00,35000.0,35100.0,34500.0,34500.0,32420.96875,2073000,0.0,0.0
2022-09-22 00:00:00+07:00,34300.0,34650.0,34100.0,34550.0,32467.953125,2922800,0.0,0.0
2022-09-23 00:00:00+07:00,34450.0,34600.0,34050.0,34200.0,32139.048828125,2265200,0.0,0.0
2022-09-26 00:00:00+07:00,33850.0,33850.0,32950.0,33250.0,31246.296875,5217000,0.0,0.0
2022-09-27 00:00:00+07:00,33550.0,33900.0,33200.0,33500.0,31481.228515625,2336300,0.0,0.0
2022-09-28 00:00:00+07:00,33350.0,33700.0,33200.0,33250.0,31246.296875,2069900,0.0,0.0
2022-09-29 00:00:00+07:00,33700.0,33700.0,33000.0,33000.0,31011.361328125,2640300,0.0,0.0
2022-09-30 00:00:00+07:00,33000.0,33200.0,32200.0,32500.0,30541.4921875,5240200,0.0,0.0
2022-10-03 00:00:00+07:00,32500.0,32600.0,30250.0,30250.0,28427.08203125,6076000,0.0,0.0
2022-10-04 00:00:00+07:00,30800.0,31000.0,30000.0,30300.0,28474.068359375,5966900,0.0,0.0
2022-10-05 00:00:00+07:00,31000.0,31050.0,30500.0,30500.0,28662.015625,3986800,0.0,0.0
2022-10-06 00:00:00+07:00,30500.0,30800.0,29300.0,29300.0,27534.33203125,5573700,0.0,0.0
2022-10-07 00:00:00+07:00,28900.0,28900.0,27250.0,27250.0,25607.8671875,14349900,0.0,0.0
2022-10-10 00:00:00+07:00,25800.0,26950.0,25350.0,25800.0,24245.24609375,18275400,0.0,0.0
2022-10-11 00:00:00+07:00,25800.0,25800.0,24000.0,24000.0,22553.716796875,21188700,0.0,0.0
2022-10-12 00:00:00+07:00,24000.0,25400.0,23550.0,24800.0,23305.509765625,9605400,0.0,0.0
2022-10-13 00:00:00+07:00,24800.0,25300.0,24100.0,25300.0,23775.376953125,9386700,0.0,0.0
2022-10-14 00:00:00+07:00,26500.0,26500.0,25500.0,25700.0,24151.2734375,6333400,0.0,0.0
2022-10-17 00:00:00+07:00,25500.0,25500.0,24350.0,25100.0,23587.4296875,7760900,0.0,0.0
2022-10-18 00:00:00+07:00,25600.0,25900.0,25150.0,25300.0,23775.376953125,5030200,0.0,0.0
2022-10-19 00:00:00+07:00,25300.0,25500.0,24600.0,25200.0,23681.404296875,4571000,0.0,0.0
2022-10-20 00:00:00+07:00,25100.0,25100.0,24550.0,24600.0,23117.560546875,5210100,0.0,0.0
2022-10-21 00:00:00+07:00,24850.0,24850.0,22900.0,22900.0,21520.00390625,9633400,0.0,0.0
2022-10-24 00:00:00+07:00,23050.0,23350.0,21300.0,21300.0,20016.423828125,11800600,0.0,0.0
2022-10-25 00:00:00+07:00,21300.0,22450.0,20000.0,21300.0,20016.423828125,9593300,0.0,0.0
2022-10-26 00:00:00+07:00,21700.0,21800.0,21050.0,21400.0,20110.3984375,3153400,0.0,0.0
2022-10-27 00:00:00+07:00,21500.0,22850.0,21500.0,22850.0,21473.01953125,5222800,0.0,0.0
2022-10-28 00:00:00+07:00,23600.0,24400.0,23500.0,24400.0,22929.611328125,12484200,0.0,0.0
2022-10-31 00:00:00+07:00,24600.0,24800.0,23500.0,24600.0,23117.560546875,7284700,0.0,0.0
2022-11-01 00:00:00+07:00,25000.0,26000.0,25000.0,25650.0,24104.28515625,8603400,0.0,0.0
2022-11-02 00:00:00+07:00,25700.0,25800.0,25050.0,25200.0,23681.404296875,5442300,0.0,0.0
2022-11-03 00:00:00+07:00,24650.0,25850.0,24650.0,25850.0,24292.234375,6663000,0.0,0.0
2022-11-04 00:00:00+07:00,25000.0,25500.0,24050.0,25500.0,23963.32421875,12626400,0.0,0.0
2022-11-07 00:00:00+07:00,25450.0,25800.0,23750.0,23750.0,22318.783203125,6326200,0.0,0.0
2022-11-08 00:00:00+07:00,23750.0,24900.0,23000.0,24150.0,22694.677734375,5353800,0.0,0.0
2022-11-09 00:00:00+07:00,24500.0,25100.0,24200.0,24350.0,22882.626953125,3645200,0.0,0.0
2022-11-10 00:00:00+07:00,24000.0,24100.0,22650.0,22750.0,21379.04296875,7580100,0.0,0.0
2022-11-11 00:00:00+07:00,23500.0,23950.0,22800.0,22800.0,21426.03125,5479500,0.0,0.0
2022-11-14 00:00:00+07:00,22200.0,22400.0,21300.0,22200.0,20862.1875,5828500,0.0,0.0
2022-11-15 00:00:00+07:00,22050.0,22050.0,20650.0,20700.0,19452.58203125,10943000,0.0,0.0
2022-11-16 00:00:00+07:00,19300.0,22100.0,19300.0,22100.0,20768.21484375,18062800,0.0,0.0
2022-11-17 00:00:00+07:00,22700.0,23050.0,22200.0,22950.0,21566.9921875,5977300,0.0,0.0
2022-11-18 00:00:00+07:00,22850.0,23350.0,21800.0,22700.0,21332.056640625,6390000,0.0,0.0
2022-11-21 00:00:00+07:00,22650.0,23100.0,22250.0,22250.0,20909.17578125,4508400,0.0,0.0
2022-11-22 00:00:00+07:00,22050.0,23050.0,21850.0,21850.0,20533.279296875,7548800,0.0,0.0
2022-11-23 00:00:00+07:00,22000.0,22400.0,21700.0,22000.0,20674.240234375,3771800,0.0,0.0
2022-11-24 00:00:00+07:00,22000.0,22200.0,21500.0,22150.0,20815.201171875,3471500,0.0,0.0
2022-11-25 00:00:00+07:00,22350.0,23000.0,22200.0,23000.0,21613.98046875,5208100,0.0,0.0
2022-11-28 00:00:00+07:00,23300.0,24600.0,23250.0,24600.0,23117.560546875,9058600,0.0,0.0
2022-11-29 00:00:00+07:00,24950.0,25600.0,24350.0,25200.0,23681.404296875,7876400,0.0,0.0
2022-11-30 00:00:00+07:00,25200.0,25900.0,24950.0,25900.0,24339.22265625,8860700,0.0,0.0
2022-12-01 00:00:00+07:00,26250.0,27700.0,26250.0,27400.0,25748.828125,16532500,0.0,0.0
2022-12-02 00:00:00+07:00,27000.0,29000.0,26850.0,28800.0,27064.458984375,9001200,0.0,0.0
2022-12-05 00:00:00+07:00,29500.0,29800.0,28800.0,29000.0,27252.408203125,8445100,0.0,0.0
2022-12-06 00:00:00+07:00,28800.0,29000.0,27000.0,27050.0,25419.91796875,14489700,0.0,0.0
2022-12-07 00:00:00+07:00,27000.0,27150.0,25950.0,26400.0,24809.08984375,7114400,0.0,0.0
2022-12-08 00:00:00+07:00,26800.0,28200.0,26500.0,28200.0,26500.619140625,10144300,0.0,0.0
2022-12-09 00:00:00+07:00,28450.0,28500.0,27700.0,28250.0,26547.603515625,4407800,0.0,0.0
2022-12-12 00:00:00+07:00,28250.0,28550.0,27200.0,27200.0,25560.87890625,6189600,0.0,0.0
2022-12-13 00:00:00+07:00,27200.0,28800.0,27000.0,28800.0,27064.458984375,7316900,0.0,0.0
2022-12-14 00:00:00+07:00,29500.0,29700.0,28800.0,28800.0,27064.458984375,7999600,0.0,0.0
2022-12-15 00:00:00+07:00,28800.0,29550.0,28600.0,29500.0,27722.27734375,7681000,0.0,0.0
2022-12-16 00:00:00+07:00,29000.0,29300.0,28600.0,29150.0,27393.369140625,6469000,0.0,0.0
2022-12-19 00:00:00+07:00,29150.0,30650.0,29050.0,29250.0,27487.34375,9319200,0.0,0.0
2022-12-20 00:00:00+07:00,29000.0,29250.0,27250.0,27700.0,26030.75,11750600,0.0,0.0
2022-12-21 00:00:00+07:00,28050.0,28200.0,26300.0,27700.0,26030.75,6560300,0.0,0.0
2022-12-22 00:00:00+07:00,27750.0,28400.0,27250.0,27700.0,26030.75,3604900,0.0,0.0
2022-12-23 00:00:00+07:00,27700.0,27900.0,26950.0,27600.0,25936.775390625,2878800,0.0,0.0
2022-12-26 00:00:00+07:00,27250.0,27400.0,25700.0,25700.0,24151.2734375,7542600,0.0,0.0
2022-12-27 00:00:00+07:00,25600.0,26300.0,25400.0,26300.0,24715.115234375,4426300,0.0,0.0
2022-12-28 00:00:00+07:00,26100.0,26450.0,25750.0,26150.0,24574.154296875,3298700,0.0,0.0
2022-12-29 00:00:00+07:00,26100.0,26300.0,25750.0,25950.0,24386.20703125,2934700,0.0,0.0
2022-12-30 00:00:00+07:00,25950.0,26100.0,25850.0,25850.0,24292.234375,2181900,0.0,0.0
2023-01-02 00:00:00+07:00,25850.0,25850.0,25850.0,25850.0,24292.234375,0,0.0,0.0
2023-01-03 00:00:00+07:00,25750.0,27450.0,25750.0,27450.0,25795.814453125,3786800,0.0,0.0
2023-01-04 00:00:00+07:00,27450.0,27800.0,27250.0,27300.0,25654.853515625,3185500,0.0,0.0
2023-01-05 00:00:00+07:00,27300.0,27800.0,27150.0,27650.0,25983.763671875,2716900,0.0,0.0
2023-01-06 00:00:00+07:00,27450.0,28400.0,27300.0,27700.0,26030.75,4803900,0.0,0.0
2023-01-09 00:00:00+07:00,27800.0,27950.0,27600.0,27750.0,26077.736328125,2387700,0.0,0.0
2023-01-10 00:00:00+07:00,27750.0,28000.0,27300.0,27450.0,25795.814453125,2613300,0.0,0.0
2023-01-11 00:00:00+07:00,27450.0,28000.0,27300.0,27650.0,25983.763671875,3136500,0.0,0.0
2023-01-12 00:00:00+07:00,27650.0,27950.0,27600.0,27850.0,26171.708984375,2124100,0.0,0.0
2023-01-13 00:00:00+07:00,27900.0,28300.0,27800.0,27800.0,26124.724609375,2810200,0.0,0.0
2023-01-16 00:00:00+07:00,27850.0,28100.0,27650.0,28100.0,26406.64453125,2492900,0.0,0.0
2023-01-17 00:00:00+07:00,28400.0,29300.0,28350.0,29000.0,27252.408203125,6179200,0.0,0.0
2023-01-18 00:00:00+07:00,29100.0,29150.0,28900.0,29100.0,27346.3828125,3241200,0.0,0.0
2023-01-19 00:00:00+07:00,28850.0,29300.0,28850.0,29100.0,27346.3828125,4742400,0.0,0.0
2023-01-20 00:00:00+07:00,29100.0,29100.0,29100.0,29100.0,27346.3828125,0,0.0,0.0
2023-01-23 00:00:00+07:00,29100.0,29100.0,29100.0,29100.0,27346.3828125,0,0.0,0.0
2023-01-24 00:00:00+07:00,29100.0,29100.0,29100.0,29100.0,27346.3828125,0,0.0,0.0
2023-01-25 00:00:00+07:00,29100.0,29100.0,29100.0,29100.0,27346.3828125,0,0.0,0.0
2023-01-26 00:00:00+07:00,29100.0,29100.0,29100.0,29100.0,27346.3828125,0,0.0,0.0
2023-01-27 00:00:00+07:00,29350.0,29700.0,29000.0,29050.0,27299.396484375,5539200,0.0,0.0
2023-01-30 00:00:00+07:00,29050.0,29050.0,28550.0,28700.0,26970.486328125,5917000,0.0,0.0
2023-01-31 00:00:00+07:00,28650.0,29400.0,28050.0,29400.0,27628.3046875,6148400,0.0,0.0
2023-02-01 00:00:00+07:00,29500.0,29500.0,28000.0,28200.0,26500.619140625,5944500,0.0,0.0
2023-02-02 00:00:00+07:00,28200.0,28400.0,27600.0,28000.0,26312.669921875,3795200,0.0,0.0
2023-02-03 00:00:00+07:00,28100.0,28200.0,27100.0,27100.0,25466.90625,6448000,0.0,0.0
2023-02-06 00:00:00+07:00,27100.0,28000.0,27050.0,27950.0,26265.68359375,3183300,0.0,0.0
2023-02-07 00:00:00+07:00,27950.0,28050.0,27400.0,27400.0,25748.828125,3288400,0.0,0.0
2023-02-08 00:00:00+07:00,27500.0,27950.0,27400.0,27850.0,26171.708984375,2709000,0.0,0.0
2023-02-09 00:00:00+07:00,27700.0,27850.0,27300.0,27300.0,25654.853515625,2757300,0.0,0.0
2023-02-10 00:00:00+07:00,27350.0,27500.0,26900.0,26950.0,25325.947265625,2626000,0.0,0.0
2023-02-13 00:00:00+07:00,26850.0,26900.0,26350.0,26600.0,24997.037109375,2897200,0.0,0.0
2023-02-14 00:00:00+07:00,26500.0,27400.0,26500.0,26850.0,25231.97265625,2949800,0.0,0.0
2023-02-15 00:00:00+07:00,26850.0,27600.0,26600.0,27400.0,25748.828125,2633000,0.0,0.0
2023-02-16 00:00:00+07:00,27600.0,27900.0,27200.0,27900.0,26218.6953125,2247700,0.0,0.0
2023-02-17 00:00:00+07:00,27750.0,27800.0,27500.0,27800.0,26124.724609375,1784300,0.0,0.0
2023-02-20 00:00:00+07:00,27750.0,28600.0,27700.0,28600.0,26876.515625,2743200,0.0,0.0
2023-02-21 00:00:00+07:00,28600.0,28950.0,28350.0,28400.0,26688.56640625,2590900,0.0,0.0
2023-02-22 00:00:00+07:00,28050.0,28150.0,27500.0,27500.0,25842.802734375,2373000,0.0,0.0
2023-02-23 00:00:00+07:00,27500.0,27950.0,27000.0,27950.0,26265.68359375,3597400,0.0,0.0
2023-02-24 00:00:00+07:00,27950.0,27950.0,27150.0,27250.0,25607.8671875,1972500,0.0,0.0
2023-02-27 00:00:00+07:00,27200.0,27200.0,26600.0,27000.0,25372.931640625,2377000,0.0,0.0
2023-02-28 00:00:00+07:00,27000.0,27200.0,26500.0,26500.0,24903.0625,2104000,0.0,0.0
2023-03-01 00:00:00+07:00,26200.0,27350.0,26050.0,27300.0,25654.853515625,2204200,0.0,0.0
2023-03-02 00:00:00+07:00,27550.0,27600.0,27000.0,27200.0,25560.87890625,1549900,0.0,0.0
2023-03-03 00:00:00+07:00,27200.0,27350.0,26550.0,26800.0,25184.986328125,1875800,0.0,0.0
2023-03-06 00:00:00+07:00,27000.0,27450.0,26700.0,27200.0,25560.87890625,2568900,0.0,0.0
2023-03-07 00:00:00+07:00,27200.0,27500.0,27050.0,27100.0,25466.90625,2340300,0.0,0.0
2023-03-08 00:00:00+07:00,26900.0,27400.0,26800.0,27300.0,25654.853515625,1945300,0.0,0.0
2023-03-09 00:00:00+07:00,27500.0,27850.0,27200.0,27800.0,26124.724609375,3286200,0.0,0.0
2023-03-10 00:00:00+07:00,27500.0,27600.0,27000.0,27150.0,25513.892578125,2129800,0.0,0.0
2023-03-13 00:00:00+07:00,26550.0,26950.0,26550.0,26750.0,25137.998046875,3114300,0.0,0.0
2023-03-14 00:00:00+07:00,26650.0,26750.0,26300.0,26300.0,24715.115234375,2469900,0.0,0.0
2023-03-15 00:00:00+07:00,26800.0,27400.0,26800.0,27200.0,25560.87890625,2361600,0.0,0.0
2023-03-16 00:00:00+07:00,26900.0,26950.0,26350.0,26750.0,25137.998046875,2661700,0.0,0.0
2023-03-17 00:00:00+07:00,26800.0,27100.0,26600.0,26650.0,25044.0234375,1199600,0.0,0.0
2023-03-20 00:00:00+07:00,26500.0,26600.0,26250.0,26250.0,24668.12890625,2286500,0.0,0.0
2023-03-21 00:00:00+07:00,26500.0,26600.0,26100.0,26350.0,24762.1015625,1997800,0.0,0.0
2023-03-22 00:00:00+07:00,26450.0,26600.0,26200.0,26200.0,24621.140625,2471700,0.0,0.0
2023-03-23 00:00:00+07:00,26200.0,26350.0,25850.0,26200.0,24621.140625,2369000,0.0,0.0
2023-03-24 00:00:00+07:00,26400.0,26700.0,26300.0,26450.0,24856.076171875,1955600,0.0,0.0
2023-03-27 00:00:00+07:00,26450.0,26700.0,26350.0,26500.0,24903.0625,1537100,0.0,0.0
2023-03-28 00:00:00+07:00,26700.0,27700.0,26700.0,27550.0,25889.7890625,7664400,0.0,0.0
2023-03-29 00:00:00+07:00,27550.0,28300.0,27500.0,28000.0,26312.669921875,5720700,0.0,0.0
2023-03-30 00:00:00+07:00,28350.0,28500.0,27700.0,27700.0,26030.75,4898700,0.0,0.0
2023-03-31 00:00:00+07:00,27800.0,28400.0,27800.0,28350.0,26641.580078125,7220300,0.0,0.0
2023-04-03 00:00:00+07:00,29000.0,29350.0,28700.0,29300.0,27534.33203125,12424400,0.0,0.0
2023-04-04 00:00:00+07:00,29300.0,29500.0,29050.0,29500.0,27722.27734375,7303300,0.0,0.0
2023-04-05 00:00:00+07:00,29400.0,29600.0,29200.0,29500.0,27722.27734375,4329800,0.0,0.0
2023-04-06 00:00:00+07:00,29350.0,30200.0,29350.0,29600.0,27816.251953125,7828100,0.0,0.0
2023-04-07 00:00:00+07:00,29650.0,29700.0,29400.0,29550.0,27769.263671875,4094900,0.0,0.0
2023-04-10 00:00:00+07:00,29650.0,30800.0,29600.0,30200.0,28380.095703125,5660400,0.0,0.0
2023-04-11 00:00:00+07:00,30200.0,30400.0,29600.0,30400.0,28568.041015625,5209800,0.0,0.0
2023-04-12 00:00:00+07:00,30400.0,30950.0,30100.0,30700.0,28849.96484375,4505500,0.0,0.0
2023-04-13 00:00:00+07:00,30600.0,30950.0,30200.0,30200.0,28380.095703125,3214600,0.0,0.0
2023-04-14 00:00:00+07:00,30200.0,30400.0,28900.0,28900.0,27158.435546875,9435600,0.0,0.0
2023-04-17 00:00:00+07:00,29000.0,29450.0,28750.0,29450.0,27675.29296875,3014200,0.0,0.0
2023-04-18 00:00:00+07:00,29400.0,29400.0,28900.0,29150.0,27393.369140625,2553900,0.0,0.0
2023-04-19 00:00:00+07:00,29200.0,29400.0,29000.0,29000.0,27252.408203125,2611900,0.0,0.0
2023-04-20 00:00:00+07:00,28900.0,29000.0,28550.0,28850.0,27111.447265625,2314000,0.0,0.0
2023-04-21 00:00:00+07:00,29000.0,29000.0,28700.0,28700.0,26970.486328125,2354900,0.0,0.0
2023-04-24 00:00:00+07:00,28700.0,29750.0,28650.0,29500.0,27722.27734375,3483000,0.0,0.0
2023-04-25 00:00:00+07:00,29650.0,29850.0,29000.0,29000.0,27252.408203125,2086300,0.0,0.0
2023-04-26 00:00:00+07:00,29200.0,30000.0,28850.0,30000.0,28192.1484375,3239100,0.0,0.0
2023-04-27 00:00:00+07:00,30200.0,30200.0,29850.0,29900.0,28098.171875,2031600,0.0,0.0
2023-04-28 00:00:00+07:00,29950.0,29950.0,29500.0,29500.0,27722.27734375,2477700,0.0,0.0
2023-05-01 00:00:00+07:00,29500.0,29500.0,29500.0,29500.0,27722.27734375,0,0.0,0.0
2023-05-02 00:00:00+07:00,29500.0,29500.0,29500.0,29500.0,27722.27734375,0,0.0,0.0
2023-05-03 00:00:00+07:00,29500.0,29500.0,29500.0,29500.0,27722.27734375,0,0.0,0.0
2023-05-04 00:00:00+07:00,29500.0,29500.0,28900.0,29050.0,27299.396484375,1917900,0.0,0.0
2023-05-05 00:00:00+07:00,29050.0,29200.0,28450.0,28700.0,26970.486328125,3437700,0.0,0.0
2023-05-08 00:00:00+07:00,28900.0,29400.0,28700.0,29400.0,27628.3046875,2847500,0.0,0.0
2023-05-09 00:00:00+07:00,29450.0,29500.0,29050.0,29300.0,27534.33203125,1990400,0.0,0.0
2023-05-10 00:00:00+07:00,29350.0,29400.0,29100.0,29300.0,27534.33203125,2523100,0.0,0.0
2023-05-11 00:00:00+07:00,29500.0,29500.0,29100.0,29100.0,27346.3828125,2514400,0.0,0.0
2023-05-12 00:00:00+07:00,29100.0,29300.0,29000.0,29300.0,27534.33203125,2625300,0.0,0.0
2023-05-15 00:00:00+07:00,29450.0,30150.0,29400.0,29900.0,28098.171875,7336200,0.0,0.0
2023-05-16 00:00:00+07:00,30100.0,30100.0,29750.0,29800.0,28004.19921875,2075700,0.0,0.0
2023-05-17 00:00:00+07:00,29700.0,29900.0,29250.0,29250.0,27487.34375,3659200,0.0,0.0
2023-05-18 00:00:00+07:00,29250.0,29700.0,29250.0,29550.0,27769.263671875,3215500,0.0,0.0
2023-05-19 00:00:00+07:00,29550.0,29750.0,29250.0,29650.0,27863.23828125,3397600,0.0,0.0
2023-05-22 00:00:00+07:00,29700.0,30600.0,29700.0,30500.0,28662.015625,9444100,0.0,0.0
2023-05-23 00:00:00+07:00,30700.0,30700.0,30000.0,30350.0,28521.056640625,4205200,0.0,0.0
2023-05-24 00:00:00+07:00,30350.0,30350.0,30350.0,30350.0,28521.056640625,0,0.0,0.0
2023-05-25 00:00:00+07:00,29800.0,29900.0,29600.0,29800.0,28004.19921875,2521600,0.0,0.0
2023-05-26 00:00:00+07:00,29900.0,29950.0,29650.0,29900.0,28098.171875,1794600,0.0,0.0
2023-05-29 00:00:00+07:00,30000.0,30200.0,29800.0,30200.0,28380.095703125,2765200,0.0,0.0
2023-05-30 00:00:00+07:00,30400.0,30450.0,30000.0,30200.0,28380.095703125,2100900,0.0,0.0
2023-05-31 00:00:00+07:00,30200.0,30300.0,29900.0,29950.0,28145.16015625,3944600,0.0,0.0
2023-06-01 00:00:00+07:00,30000.0,30300.0,29750.0,30300.0,28474.068359375,4776200,0.0,0.0
2023-06-02 00:00:00+07:00,30800.0,32200.0,30700.0,32200.0,30259.5703125,13798700,0.0,0.0
2023-06-05 00:00:00+07:00,32450.0,32800.0,31900.0,31900.0,29977.650390625,5861900,0.0,0.0
2023-06-06 00:00:00+07:00,31900.0,32700.0,31750.0,32700.0,30729.44140625,6000100,0.0,0.0
2023-06-07 00:00:00+07:00,32550.0,32750.0,32200.0,32600.0,30635.466796875,4964100,0.0,0.0
2023-06-08 00:00:00+07:00,32700.0,32750.0,31750.0,31750.0,29836.689453125,5741200,0.0,0.0
2023-06-09 00:00:00+07:00,31800.0,32500.0,31600.0,32400.0,30447.517578125,5315500,0.0,0.0
2023-06-12 00:00:00+07:00,32250.0,32850.0,31900.0,32700.0,30729.44140625,4136800,0.0,0.0
2023-06-13 00:00:00+07:00,32700.0,32900.0,32400.0,32800.0,30823.4140625,3529000,0.0,0.0
2023-06-14 00:00:00+07:00,33000.0,33450.0,32550.0,32600.0,30635.466796875,5374800,0.0,0.0
2023-06-15 00:00:00+07:00,32600.0,32900.0,32400.0,32650.0,30682.453125,3863700,0.0,0.0
2023-06-16 00:00:00+07:00,32650.0,33450.0,32500.0,32550.0,30588.478515625,6928400,0.0,0.0
2023-06-19 00:00:00+07:00,32550.0,32550.0,31950.0,32100.0,30165.59765625,3674300,0.0,0.0
2023-06-20 00:00:00+07:00,32200.0,32250.0,31950.0,32150.0,30212.583984375,2084400,0.0,0.0
2023-06-21 00:00:00+07:00,32150.0,32500.0,32100.0,32500.0,30541.4921875,2506800,0.0,0.0
2023-06-22 00:00:00+07:00,32500.0,32500.0,32500.0,32500.0,30541.4921875,0,0.0,0.0
2023-06-23 00:00:00+07:00,32650.0,33250.0,32550.0,32900.0,30917.390625,4144400,0.0,0.0
2023-06-26 00:00:00+07:00,32900.0,33300.0,32550.0,33300.0,31293.283203125,4044900,0.0,0.0
2023-06-27 00:00:00+07:00,33300.0,33400.0,32900.0,32950.0,30964.375,3665500,0.0,0.0
2023-06-28 00:00:00+07:00,32950.0,33300.0,32750.0,33300.0,31293.283203125,4303400,0.0,0.0
2023-06-29 00:00:00+07:00,33300.0,33400.0,32650.0,32650.0,30682.453125,3538900,0.0,0.0
2023-06-30 00:00:00+07:00,32650.0,32800.0,32350.0,32350.0,30400.533203125,2448500,0.0,0.0
2023-07-03 00:00:00+07:00,32700.0,32700.0,32000.0,32000.0,30071.625,3753900,0.0,0.0
2023-07-04 00:00:00+07:00,32000.0,32100.0,31850.0,32000.0,30071.625,4327000,0.0,0.0
2023-07-05 00:00:00+07:00,32150.0,32400.0,31950.0,31950.0,30024.63671875,4323800,0.0,0.0
2023-07-06 00:00:00+07:00,31950.0,32050.0,31200.0,31550.0,29648.740234375,6311500,0.0,0.0
2023-07-07 00:00:00+07:00,31500.0,31800.0,31300.0,31550.0,29648.740234375,3274400,0.0,0.0
2023-07-10 00:00:00+07:00,32000.0,32100.0,31700.0,32000.0,30071.625,4982800,0.0,0.0
2023-07-11 00:00:00+07:00,32200.0,32350.0,31950.0,31950.0,30024.63671875,5708100,0.0,0.0
2023-07-12 00:00:00+07:00,31900.0,32000.0,31600.0,31650.0,29742.716796875,4341600,0.0,0.0
2023-07-13 00:00:00+07:00,31700.0,32000.0,31650.0,31950.0,30024.63671875,4412100,0.0,0.0
2023-07-14 00:00:00+07:00,32200.0,32200.0,31700.0,31950.0,30024.63671875,4472000,0.0,0.0
2023-07-17 00:00:00+07:00,32100.0,32100.0,31800.0,31900.0,29977.650390625,3652700,0.0,0.0
2023-07-18 00:00:00+07:00,31900.0,32300.0,31800.0,32300.0,30353.544921875,6508500,0.0,0.0
2023-07-19 00:00:00+07:00,32650.0,32900.0,32250.0,32300.0,30353.544921875,5556900,0.0,0.0
2023-07-20 00:00:00+07:00,32400.0,32400.0,31800.0,31900.0,29977.650390625,5263800,0.0,0.0
2023-07-21 00:00:00+07:00,31850.0,32300.0,31850.0,32300.0,30353.544921875,5206200,0.0,0.0
2023-07-24 00:00:00+07:00,32450.0,32500.0,32150.0,32450.0,30494.505859375,4832200,0.0,0.0
2023-07-25 00:00:00+07:00,32800.0,33800.0,32700.0,33500.0,31481.228515625,13269100,0.0,0.0
2023-07-26 00:00:00+07:00,33500.0,33550.0,33200.0,33450.0,31434.244140625,3413000,0.0,0.0
2023-07-27 00:00:00+07:00,33350.0,33450.0,32700.0,33100.0,31105.333984375,7797000,0.0,0.0
2023-07-28 00:00:00+07:00,33050.0,33800.0,33000.0,33800.0,31763.15234375,5630800,0.0,0.0
2023-07-31 00:00:00+07:00,34100.0,34600.0,34000.0,34300.0,32233.021484375,7648800,0.0,0.0
2023-08-01 00:00:00+07:00,34600.0,34600.0,34000.0,34000.0,31951.09765625,8659400,0.0,0.0
2023-08-02 00:00:00+07:00,33900.0,34100.0,33750.0,33900.0,31857.125,4644300,0.0,0.0
2023-08-03 00:00:00+07:00,34000.0,34050.0,33500.0,33500.0,31481.228515625,4171200,0.0,0.0
2023-08-04 00:00:00+07:00,33650.0,34200.0,33450.0,33600.0,31575.205078125,12322800,0.0,0.0
2023-08-07 00:00:00+07:00,34200.0,34450.0,34000.0,34350.0,32280.005859375,5256500,0.0,0.0
2023-08-08 00:00:00+07:00,34400.0,34500.0,33950.0,34000.0,31951.09765625,5539100,0.0,0.0
2023-08-09 00:00:00+07:00,34050.0,34200.0,33800.0,34000.0,31951.09765625,4668500,0.0,0.0
2023-08-10 00:00:00+07:00,34000.0,34050.0,33500.0,33500.0,31481.228515625,6166000,0.0,0.0
2023-08-11 00:00:00+07:00,33550.0,33800.0,33100.0,33650.0,31622.19140625,5907600,0.0,0.0
2023-08-14 00:00:00+07:00,33750.0,33800.0,33450.0,33800.0,31763.15234375,4574500,0.0,0.0
2023-08-15 00:00:00+07:00,33900.0,34400.0,33850.0,34050.0,31998.087890625,4610800,0.0,0.0
2023-08-16 00:00:00+07:00,34000.0,35350.0,33950.0,35300.0,33172.76171875,13197300,0.0,0.0
2023-08-17 00:00:00+07:00,35300.0,35300.0,34700.0,34700.0,32608.91796875,5308300,0.0,0.0
2023-08-18 00:00:00+07:00,34550.0,34550.0,32450.0,32500.0,30541.4921875,13220000,0.0,0.0
2023-08-21 00:00:00+07:00,32500.0,32950.0,32100.0,32750.0,30776.427734375,5356600,0.0,0.0
2023-08-22 00:00:00+07:00,32750.0,33100.0,31900.0,33100.0,31105.333984375,6716400,0.0,0.0
2023-08-23 00:00:00+07:00,34000.0,34200.0,33200.0,33200.0,31199.30859375,9087900,0.0,0.0
2023-08-24 00:00:00+07:00,33500.0,33950.0,33400.0,33800.0,31763.15234375,4814900,0.0,0.0
2023-08-25 00:00:00+07:00,33700.0,33850.0,33400.0,33650.0,31622.19140625,3638000,0.0,0.0
2023-08-28 00:00:00+07:00,33850.0,34100.0,33600.0,34000.0,31951.09765625,4017200,0.0,0.0
2023-08-29 00:00:00+07:00,34000.0,34250.0,33750.0,33900.0,31857.125,3702500,0.0,0.0
2023-08-30 00:00:00+07:00,34000.0,34300.0,33900.0,34000.0,31951.09765625,4267500,0.0,0.0
2023-08-31 00:00:00+07:00,34100.0,34500.0,34100.0,34500.0,32420.96875,4121700,0.0,0.0
2023-09-01 00:00:00+07:00,34500.0,34500.0,34500.0,34500.0,32420.96875,0,0.0,0.0
2023-09-04 00:00:00+07:00,34500.0,34500.0,34500.0,34500.0,32420.96875,0,0.0,0.0
2023-09-05 00:00:00+07:00,34800.0,35150.0,34750.0,35000.0,32890.83984375,7998900,0.0,0.0
2023-09-06 00:00:00+07:00,35050.0,35350.0,34850.0,35200.0,33078.78515625,4653200,0.0,0.0
2023-09-07 00:00:00+07:00,35250.0,36150.0,35100.0,35750.0,33595.64453125,9044800,0.0,0.0
2023-09-08 00:00:00+07:00,35850.0,35900.0,35350.0,35350.0,33219.74609375,4602900,0.0,0.0
2023-09-11 00:00:00+07:00,35600.0,35600.0,34450.0,34550.0,32467.953125,10812100,0.0,0.0
2023-09-12 00:00:00+07:00,34550.0,35300.0,34400.0,35300.0,33172.76171875,4935900,0.0,0.0
2023-09-13 00:00:00+07:00,35400.0,35450.0,34850.0,35000.0,32890.83984375,4978100,0.0,0.0
2023-09-14 00:00:00+07:00,35100.0,35750.0,34900.0,34900.0,32796.8671875,7642600,0.0,0.0
2023-09-15 00:00:00+07:00,35100.0,35500.0,34900.0,34900.0,32796.8671875,4523900,0.0,0.0
2023-09-18 00:00:00+07:00,34850.0,35000.0,34000.0,34100.0,32045.07421875,7730100,0.0,0.0
2023-09-19 00:00:00+07:00,34300.0,34350.0,33800.0,33900.0,31857.125,5864300,0.0,0.0
2023-09-20 00:00:00+07:00,33900.0,34500.0,33850.0,34350.0,32280.005859375,3426300,0.0,0.0
2023-09-21 00:00:00+07:00,34350.0,34500.0,34000.0,34300.0,32233.021484375,3165600,0.0,0.0
2023-09-22 00:00:00+07:00,33950.0,34250.0,33400.0,34000.0,31951.09765625,7542500,0.0,0.0
2023-09-25 00:00:00+07:00,34000.0,34200.0,32750.0,32800.0,30823.4140625,4230500,0.0,0.0
2023-09-26 00:00:00+07:00,32800.0,33000.0,32400.0,32400.0,30447.517578125,4755900,0.0,0.0
2023-09-27 00:00:00+07:00,32250.0,32600.0,32250.0,32600.0,30635.466796875,3553500,0.0,0.0
2023-09-28 00:00:00+07:00,32600.0,33900.0,31850.0,33650.0,31622.19140625,6556500,0.0,0.0
2023-09-29 00:00:00+07:00,33500.0,33700.0,33100.0,33650.0,31622.19140625,2907800,0.0,0.0
2023-10-02 00:00:00+07:00,33650.0,33650.0,33000.0,33150.0,31152.322265625,2138300,0.0,0.0
2023-10-03 00:00:00+07:00,32900.0,32900.0,31900.0,32500.0,30541.4921875,4650100,0.0,0.0
2023-10-04 00:00:00+07:00,32250.0,32650.0,32000.0,32250.0,30306.556640625,2796000,0.0,0.0
2023-10-05 00:00:00+07:00,32350.0,32600.0,31800.0,31800.0,29883.677734375,2442600,0.0,0.0
2023-10-06 00:00:00+07:00,31750.0,32250.0,31600.0,32050.0,30118.611328125,2551600,0.0,0.0
2023-10-09 00:00:00+07:00,32100.0,32150.0,31900.0,32100.0,30165.59765625,2793700,0.0,0.0
2023-10-10 00:00:00+07:00,32300.0,32650.0,32250.0,32500.0,30541.4921875,2660000,0.0,0.0
2023-10-11 00:00:00+07:00,32650.0,32650.0,32300.0,32600.0,30635.466796875,2199600,0.0,0.0
2023-10-12 00:00:00+07:00,32700.0,32850.0,32500.0,32500.0,30541.4921875,2464200,0.0,0.0
2023-10-13 00:00:00+07:00,32400.0,32450.0,32000.0,32200.0,30259.5703125,1949500,0.0,0.0
2023-10-16 00:00:00+07:00,32050.0,32300.0,31800.0,31800.0,29883.677734375,2476400,0.0,0.0
2023-10-17 00:00:00+07:00,31950.0,32200.0,31750.0,31750.0,29836.689453125,1820000,0.0,0.0
2023-10-18 00:00:00+07:00,31750.0,31800.0,31000.0,31250.0,29366.8203125,4719900,0.0,0.0
2023-10-19 00:00:00+07:00,31250.0,31400.0,30650.0,30650.0,28802.9765625,2785000,0.0,0.0
2023-10-20 00:00:00+07:00,30700.0,31400.0,30550.0,31100.0,29225.861328125,2434100,0.0,0.0
2023-10-23 00:00:00+07:00,31100.0,31500.0,30500.0,30900.0,29037.912109375,2788400,0.0,0.0
2023-10-24 00:00:00+07:00,31350.0,31800.0,31050.0,31350.0,29460.79296875,2173100,0.0,0.0
2023-10-25 00:00:00+07:00,31200.0,31600.0,31200.0,31200.0,29319.833984375,2122800,0.0,0.0
2023-10-26 00:00:00+07:00,30800.0,30950.0,29200.0,29800.0,28004.19921875,6676400,0.0,0.0
2023-10-27 00:00:00+07:00,30000.0,30400.0,29100.0,29550.0,27769.263671875,3872700,0.0,0.0
2023-10-30 00:00:00+07:00,29200.0,29250.0,28100.0,28100.0,26406.64453125,6594400,0.0,0.0
2023-10-31 00:00:00+07:00,28200.0,28500.0,27200.0,27700.0,26030.75,6087100,0.0,0.0
2023-11-01 00:00:00+07:00,28300.0,28450.0,27450.0,28200.0,26500.619140625,4479300,0.0,0.0
2023-11-02 00:00:00+07:00,28800.0,29600.0,28500.0,29350.0,27581.31640625,4705900,0.0,0.0
2023-11-03 00:00:00+07:00,29950.0,31000.0,29550.0,31000.0,29131.884765625,8102700,0.0,0.0
2023-11-06 00:00:00+07:00,30800.0,31000.0,30300.0,31000.0,29131.884765625,3301400,0.0,0.0
2023-11-07 00:00:00+07:00,30600.0,30950.0,30450.0,30600.0,28755.98828125,1508300,0.0,0.0
2023-11-08 00:00:00+07:00,30600.0,31900.0,30200.0,31800.0,29883.677734375,3874600,0.0,0.0
2023-11-09 00:00:00+07:00,31850.0,31950.0,31300.0,31500.0,29601.75390625,4253500,0.0,0.0
2023-11-10 00:00:00+07:00,31200.0,31500.0,30700.0,31050.0,29178.873046875,4074300,0.0,0.0
2023-11-13 00:00:00+07:00,31300.0,31300.0,30650.0,30900.0,29037.912109375,2458800,0.0,0.0
2023-11-14 00:00:00+07:00,31150.0,31750.0,30900.0,31500.0,29601.75390625,3979700,0.0,0.0
2023-11-15 00:00:00+07:00,32000.0,32200.0,31500.0,31550.0,29648.740234375,3671500,0.0,0.0
2023-11-16 00:00:00+07:00,31500.0,31800.0,31500.0,31700.0,29789.701171875,2240400,0.0,0.0
2023-11-17 00:00:00+07:00,31700.0,31950.0,30700.0,31150.0,29272.845703125,5082600,0.0,0.0
2023-11-20 00:00:00+07:00,30500.0,31250.0,30450.0,31000.0,29131.884765625,4320400,0.0,0.0
2023-11-21 00:00:00+07:00,31350.0,31350.0,30800.0,30800.0,28943.9375,2243600,0.0,0.0
2023-11-22 00:00:00+07:00,30900.0,31000.0,30650.0,30950.0,29084.8984375,1836200,0.0,0.0
2023-11-23 00:00:00+07:00,31200.0,31300.0,30400.0,30400.0,28568.041015625,3280100,0.0,0.0
2023-11-24 00:00:00+07:00,30350.0,30600.0,29450.0,30050.0,28239.1328125,4696800,0.0,0.0
2023-11-27 00:00:00+07:00,29950.0,29950.0,29300.0,29300.0,27534.33203125,3048100,0.0,0.0
2023-11-28 00:00:00+07:00,29300.0,29950.0,28800.0,29950.0,28145.16015625,3736900,0.0,0.0
2023-11-29 00:00:00+07:00,29900.0,30300.0,29600.0,29900.0,28098.171875,1779600,0.0,0.0
2023-11-30 00:00:00+07:00,29750.0,30050.0,29500.0,29500.0,27722.27734375,2756300,0.0,0.0
2023-12-01 00:00:00+07:00,29600.0,29850.0,29350.0,29750.0,27957.212890625,2696100,0.0,0.0
2023-12-04 00:00:00+07:00,29800.0,30500.0,29800.0,30200.0,28380.095703125,4761000,0.0,0.0
2023-12-05 00:00:00+07:00,30250.0,30300.0,29900.0,30050.0,28239.1328125,3093500,0.0,0.0
2023-12-06 00:00:00+07:00,30000.0,30500.0,30000.0,30400.0,28568.041015625,2489700,0.0,0.0
2023-12-07 00:00:00+07:00,30550.0,31050.0,30300.0,30850.0,28990.92578125,5844300,0.0,0.0
2023-12-08 00:00:00+07:00,30850.0,31000.0,30600.0,30950.0,29084.8984375,2749400,0.0,0.0
2023-12-11 00:00:00+07:00,30950.0,31000.0,30650.0,30850.0,28990.92578125,1614200,0.0,0.0
2023-12-12 00:00:00+07:00,30850.0,31050.0,30750.0,31050.0,29178.873046875,2167900,0.0,0.0
2023-12-13 00:00:00+07:00,31150.0,31150.0,30500.0,30500.0,28662.015625,3108700,0.0,0.0
2023-12-14 00:00:00+07:00,30800.0,30850.0,30550.0,30550.0,28709.00390625,2552800,0.0,0.0
2023-12-15 00:00:00+07:00,30550.0,30800.0,30400.0,30600.0,28755.98828125,2153100,0.0,0.0
2023-12-18 00:00:00+07:00,30600.0,30650.0,30050.0,30050.0,28239.1328125,2378300,0.0,0.0
2023-12-19 00:00:00+07:00,30000.0,30600.0,29800.0,30600.0,28755.98828125,2109500,0.0,0.0
2023-12-20 00:00:00+07:00,30300.0,30550.0,30150.0,30350.0,28521.056640625,1746600,0.0,0.0
2023-12-21 00:00:00+07:00,30300.0,30650.0,30150.0,30650.0,28802.9765625,2482700,0.0,0.0
2023-12-22 00:00:00+07:00,30500.0,30800.0,30450.0,30600.0,28755.98828125,1853900,0.0,0.0
2023-12-25 00:00:00+07:00,30800.0,31000.0,30600.0,30950.0,29084.8984375,2572700,0.0,0.0
2023-12-26 00:00:00+07:00,30850.0,31000.0,30750.0,30800.0,28943.9375,1507400,0.0,0.0
2023-12-27 00:00:00+07:00,30850.0,31150.0,30850.0,30850.0,28990.92578125,2015600,0.0,0.0
2023-12-28 00:00:00+07:00,30900.0,31650.0,30900.0,31500.0,29601.75390625,5753400,0.0,0.0
2023-12-29 00:00:00+07:00,31700.0,31950.0,31500.0,31800.0,29883.677734375,4231700,0.0,0.0
2024-01-01 00:00:00+07:00,31800.0,31800.0,31800.0,31800.0,29883.677734375,0,0.0,0.0
2024-01-02 00:00:00+07:00,31900.0,32250.0,31800.0,32100.0,30165.59765625,3710100,0.0,0.0
2024-01-03 00:00:00+07:00,31900.0,32600.0,31850.0,32600.0,30635.466796875,5610600,0.0,0.0
2024-01-04 00:00:00+07:00,32600.0,33650.0,32550.0,33100.0,31105.333984375,10073900,0.0,0.0
2024-01-05 00:00:00+07:00,33100.0,33400.0,33000.0,33200.0,31199.30859375,3569900,0.0,0.0
2024-01-08 00:00:00+07:00,33500.0,34150.0,33350.0,34100.0,32045.07421875,6323800,0.0,0.0
2024-01-09 00:00:00+07:00,34000.0,34500.0,33800.0,34500.0,32420.96875,6900500,0.0,0.0
2024-01-10 00:00:00+07:00,34550.0,34700.0,34250.0,34400.0,32326.99609375,7189800,0.0,0.0
2024-01-11 00:00:00+07:00,34300.0,34600.0,33800.0,34150.0,32092.064453125,6731000,0.0,0.0
2024-01-12 00:00:00+07:00,33850.0,34700.0,33550.0,34650.0,32561.9296875,10186600,0.0,0.0
2024-01-15 00:00:00+07:00,34700.0,34800.0,34300.0,34300.0,32233.021484375,3727300,0.0,0.0
2024-01-16 00:00:00+07:00,34100.0,34200.0,33800.0,34150.0,32092.064453125,4458700,0.0,0.0
2024-01-17 00:00:00+07:00,34150.0,34650.0,34000.0,34050.0,31998.087890625,4420000,0.0,0.0
2024-01-18 00:00:00+07:00,34250.0,34600.0,34050.0,34400.0,32326.99609375,4108200,0.0,0.0
2024-01-19 00:00:00+07:00,34600.0,35150.0,34500.0,34950.0,32843.8515625,7947400,0.0,0.0
2024-01-22 00:00:00+07:00,35300.0,35300.0,34700.0,34950.0,32843.8515625,4313700,0.0,0.0
2024-01-23 00:00:00+07:00,35500.0,36000.0,35400.0,35450.0,33313.72265625,10075300,0.0,0.0
2024-01-24 00:00:00+07:00,35250.0,35550.0,35250.0,35250.0,33125.7734375,3141400,0.0,0.0
2024-01-25 00:00:00+07:00,35250.0,35250.0,35250.0,35250.0,33125.7734375,0,0.0,0.0
2024-01-26 00:00:00+07:00,35050.0,35500.0,35000.0,35400.0,33266.73046875,3145200,0.0,0.0
2024-01-29 00:00:00+07:00,35450.0,35650.0,35200.0,35250.0,33125.7734375,3145300,0.0,0.0
2024-01-30 00:00:00+07:00,35100.0,35250.0,34700.0,35200.0,33078.78515625,5207300,0.0,0.0
2024-01-31 00:00:00+07:00,35200.0,35250.0,34400.0,34550.0,32467.953125,5380200,0.0,0.0
2024-02-01 00:00:00+07:00,34450.0,34650.0,34000.0,34150.0,32092.064453125,6209900,0.0,0.0
2024-02-02 00:00:00+07:00,34150.0,34150.0,34150.0,34150.0,32092.064453125,0,0.0,0.0
2024-02-05 00:00:00+07:00,34450.0,36000.0,34400.0,35500.0,33360.70703125,9600300,0.0,0.0
2024-02-06 00:00:00+07:00,35650.0,36200.0,35600.0,35650.0,33501.66796875,4013800,0.0,0.0
2024-02-07 00:00:00+07:00,35800.0,37300.0,35800.0,37300.0,35052.234375,11167100,0.0,0.0
2024-02-08 00:00:00+07:00,37300.0,37300.0,37300.0,37300.0,35052.234375,0,0.0,0.0
2024-02-09 00:00:00+07:00,37300.0,37300.0,37300.0,37300.0,35052.234375,0,0.0,0.0
2024-02-15 00:00:00+07:00,37500.0,38950.0,37450.0,38400.0,36085.94921875,13071500,0.0,0.0
2024-02-16 00:00:00+07:00,38500.0,38700.0,37900.0,38500.0,36179.92578125,7217800,0.0,0.0
2024-02-19 00:00:00+07:00,38550.0,39050.0,38450.0,38900.0,36555.81640625,9734800,0.0,0.0
2024-02-20 00:00:00+07:00,38800.0,39000.0,38500.0,38900.0,36555.81640625,5413200,0.0,0.0
2024-02-21 00:00:00+07:00,38750.0,39350.0,38600.0,39000.0,36649.7890625,7674900,0.0,0.0
2024-02-22 00:00:00+07:00,39000.0,40350.0,38950.0,40300.0,37871.44921875,9645200,0.0,0.0
2024-02-23 00:00:00+07:00,40750.0,42350.0,40000.0,40100.0,37683.50390625,16442400,0.0,0.0
2024-02-26 00:00:00+07:00,40200.0,41500.0,40200.0,41200.0,38717.21484375,9615100,0.0,0.0
2024-02-27 00:00:00+07:00,41400.0,41950.0,41000.0,41950.0,39422.01953125,8413100,0.0,0.0
2024-02-28 00:00:00+07:00,42050.0,42350.0,41550.0,42200.0,39656.94921875,7524100,0.0,0.0
2024-02-29 00:00:00+07:00,42450.0,42450.0,41350.0,42200.0,39656.94921875,9026500,0.0,0.0
2024-03-01 00:00:00+07:00,41700.0,41850.0,41250.0,41850.0,39328.046875,9291100,0.0,0.0
2024-03-04 00:00:00+07:00,41750.0,42200.0,41350.0,41850.0,39328.046875,8435000,0.0,0.0
2024-03-05 00:00:00+07:00,41800.0,42200.0,41400.0,42200.0,39656.94921875,6316800,0.0,0.0
2024-03-06 00:00:00+07:00,42050.0,43500.0,41800.0,42750.0,40173.80859375,11167400,0.0,0.0
2024-03-07 00:00:00+07:00,42850.0,43300.0,42400.0,42600.0,40032.84765625,7214000,0.0,0.0
2024-03-08 00:00:00+07:00,42450.0,42600.0,41000.0,41000.0,38529.26953125,20127300,0.0,0.0
2024-03-11 00:00:00+07:00,40900.0,41200.0,39900.0,40400.0,37965.421875,11182600,0.0,0.0
2024-03-12 00:00:00+07:00,40350.0,41300.0,40100.0,41200.0,38717.21484375,8497100,0.0,0.0
2024-03-13 00:00:00+07:00,41200.0,42000.0,40950.0,42000.0,39469.00390625,7892700,0.0,0.0
2024-03-14 00:00:00+07:00,42100.0,42100.0,41250.0,41400.0,38905.1640625,6636800,0.0,0.0
2024-03-15 00:00:00+07:00,41250.0,41650.0,40400.0,41400.0,38905.1640625,7540800,0.0,0.0
2024-03-18 00:00:00+07:00,41200.0,41200.0,39400.0,40100.0,37683.50390625,11297200,0.0,0.0
2024-03-19 00:00:00+07:00,40200.0,40400.0,39600.0,40300.0,37871.44921875,5330900,0.0,0.0
2024-03-20 00:00:00+07:00,40400.0,42450.0,40050.0,42300.0,39750.92578125,16882000,0.0,0.0
2024-03-21 00:00:00+07:00,42600.0,45100.0,42600.0,45100.0,42382.1953125,16923300,0.0,0.0
2024-03-22 00:00:00+07:00,45500.0,45500.0,44050.0,44900.0,42194.25,10791500,0.0,0.0
2024-03-25 00:00:00+07:00,45600.0,46400.0,44150.0,44800.0,42100.2734375,10737400,0.0,0.0
2024-03-26 00:00:00+07:00,44800.0,46200.0,44500.0,45950.0,43180.97265625,7755900,0.0,0.0
2024-03-27 00:00:00+07:00,46200.0,46200.0,45100.0,45550.0,42805.078125,4640100,0.0,0.0
2024-03-28 00:00:00+07:00,48700.0,48700.0,47700.0,48000.0,45107.43359375,30022800,0.0,0.0
2024-03-29 00:00:00+07:00,47950.0,48150.0,47550.0,47550.0,44684.5546875,6403800,0.0,0.0
2024-04-01 00:00:00+07:00,47550.0,47700.0,46850.0,47450.0,44590.578125,8561000,0.0,0.0
2024-04-02 00:00:00+07:00,47600.0,48000.0,47000.0,47650.0,44778.53125,13559100,0.0,0.0
2024-04-03 00:00:00+07:00,47400.0,47950.0,46800.0,46800.0,43979.75,8776700,0.0,0.0
2024-04-04 00:00:00+07:00,46500.0,46750.0,45950.0,46000.0,43227.9609375,10756900,0.0,0.0
2024-04-05 00:00:00+07:00,45500.0,45900.0,45150.0,45200.0,42476.171875,12129600,0.0,0.0
2024-04-08 00:00:00+07:00,45000.0,45850.0,44900.0,45500.0,42758.0859375,9964400,0.0,0.0
2024-04-09 00:00:00+07:00,45500.0,45800.0,45200.0,45800.0,43040.0078125,5384200,0.0,0.0
2024-04-10 00:00:00+07:00,46000.0,46800.0,45600.0,45650.0,42899.05078125,7754300,0.0,0.0
2024-04-11 00:00:00+07:00,45050.0,45650.0,44950.0,45100.0,42382.1953125,11371200,0.0,0.0
2024-04-12 00:00:00+07:00,45450.0,47450.0,45100.0,47400.0,44543.59375,13456300,0.0,0.0
2024-04-15 00:00:00+07:00,47200.0,47450.0,44200.0,44400.0,41724.375,13735800,0.0,0.0
2024-04-16 00:00:00+07:00,44950.0,45500.0,44200.0,45500.0,42758.0859375,15151800,0.0,0.0
2024-04-17 00:00:00+07:00,45500.0,45600.0,44650.0,44850.0,42147.2578125,7454000,0.0,0.0
2024-04-19 00:00:00+07:00,44000.0,44650.0,43350.0,44500.0,41818.3515625,14444400,0.0,0.0
2024-04-22 00:00:00+07:00,45350.0,45700.0,44900.0,45250.0,42523.15234375,6813500,0.0,0.0
2024-04-23 00:00:00+07:00,45500.0,47500.0,45500.0,46200.0,43415.90625,15592800,0.0,0.0
2024-04-24 00:00:00+07:00,46800.0,47050.0,46400.0,47000.0,44167.69921875,7532200,0.0,0.0
2024-04-25 00:00:00+07:00,47000.0,47000.0,45800.0,46150.0,43368.921875,7161400,0.0,0.0
2024-04-26 00:00:00+07:00,46000.0,46900.0,45650.0,46600.0,43791.80078125,5678300,0.0,0.0
2024-04-29 00:00:00+07:00,46600.0,46600.0,46600.0,46600.0,43791.80078125,0,0.0,0.0
2024-04-30 00:00:00+07:00,46600.0,46600.0,46600.0,46600.0,43791.80078125,0,0.0,0.0
2024-05-02 00:00:00+07:00,46800.0,46950.0,46350.0,46850.0,44026.73828125,4351500,0.0,0.0
2024-05-03 00:00:00+07:00,47500.0,48800.0,47400.0,48200.0,45295.38671875,13660600,0.0,0.0
2024-05-06 00:00:00+07:00,48500.0,48700.0,47900.0,48350.0,45436.34375,7906500,0.0,0.0
2024-05-07 00:00:00+07:00,48350.0,48350.0,47700.0,47900.0,45013.4609375,9058500,0.0,0.0
2024-05-08 00:00:00+07:00,47900.0,49200.0,47300.0,48200.0,45295.38671875,15386300,0.0,0.0
2024-05-09 00:00:00+07:00,48600.0,48900.0,47800.0,48450.0,45530.31640625,8705600,0.0,0.0
2024-05-10 00:00:00+07:00,48800.0,48800.0,47900.0,48500.0,45577.30859375,7679300,0.0,0.0
2024-05-13 00:00:00+07:00,48500.0,48650.0,48000.0,48400.0,45483.33203125,6004900,0.0,0.0
2024-05-14 00:00:00+07:00,48450.0,48450.0,47850.0,47900.0,45013.4609375,7472800,0.0,0.0
2024-05-15 00:00:00+07:00,47900.0,48150.0,47750.0,48100.0,45201.41015625,9678900,0.0,0.0
2024-05-16 00:00:00+07:00,48500.0,49950.0,48400.0,49900.0,46892.9375,20864900,0.0,0.0
2024-05-17 00:00:00+07:00,49750.0,50000.0,49650.0,49750.0,46751.9765625,6345600,0.0,0.0
2024-05-20 00:00:00+07:00,49950.0,50500.0,49550.0,49700.0,46704.98828125,9304700,0.0,0.0
2024-05-21 00:00:00+07:00,48100.0,48200.0,47050.0,47200.0,45035.25,11258500,750.0,0.0
2024-05-22 00:00:00+07:00,47250.0,47500.0,46350.0,46400.0,44271.94140625,14666400,0.0,0.0
2024-05-23 00:00:00+07:00,46300.0,46650.0,45850.0,46500.0,44367.35546875,7238900,0.0,0.0
2024-05-24 00:00:00+07:00,46150.0,47250.0,45800.0,46400.0,44271.94140625,14617600,0.0,0.0
2024-05-27 00:00:00+07:00,46400.0,46600.0,46000.0,46500.0,44367.35546875,5007700,0.0,0.0
2024-05-28 00:00:00+07:00,46500.0,46950.0,46300.0,46900.0,44749.01171875,6014900,0.0,0.0
2024-05-29 00:00:00+07:00,47000.0,47050.0,46400.0,46500.0,44367.35546875,6948600,0.0,0.0
2024-05-30 00:00:00+07:00,46050.0,46800.0,45850.0,46800.0,44653.59765625,7573700,0.0,0.0
2024-05-31 00:00:00+07:00,46800.0,47000.0,46300.0,47000.0,44844.42578125,5677200,0.0,0.0
2024-06-03 00:00:00+07:00,47000.0,47000.0,47000.0,47000.0,44844.42578125,0,0.0,0.0
2024-06-04 00:00:00+07:00,47500.0,47800.0,47000.0,47600.0,45416.90625,9962000,0.0,0.0
2024-06-05 00:00:00+07:00,47700.0,47750.0,47200.0,47500.0,45321.4921875,9260100,0.0,0.0
2024-06-06 00:00:00+07:00,47550.0,48000.0,47200.0,48000.0,45798.55859375,13114900,0.0,0.0
2024-06-07 00:00:00+07:00,49000.0,49700.0,48700.0,49100.0,46848.109375,15463100,0.0,0.0
2024-06-10 00:00:00+07:00,49500.0,49500.0,48350.0,48900.0,46657.28125,8633400,0.0,0.0
2024-06-11 00:00:00+07:00,24750.0,24925.0,24575.0,24675.0,23543.322265625,33173800,0.0,0.0
2024-06-12 00:00:00+07:00,24675.0,24750.0,24500.0,24700.0,23567.17578125,18315800,0.0,0.0
2024-06-13 00:00:00+07:00,24750.0,24800.0,24650.0,24700.0,23567.17578125,16849800,0.0,0.0
2024-06-14 00:00:00+07:00,24750.0,24775.0,24550.0,24550.0,23424.0546875,19671200,0.0,0.0
2024-06-17 00:00:00+07:00,24525.0,24525.0,24250.0,24300.0,23185.521484375,19374400,0.0,0.0
2024-06-18 00:00:00+07:00,24300.0,24550.0,24100.0,24400.0,23280.93359375,20486200,0.0,0.0
2024-06-19 00:00:00+07:00,24500.0,24500.0,24075.0,24150.0,23042.400390625,34054600,0.0,0.0
2024-06-20 00:00:00+07:00,24550.0,25150.0,24500.0,24800.0,23662.58984375,34583800,0.0,2.0
2024-06-21 00:00:00+07:00,24950.0,24950.0,24200.0,24500.0,23376.34765625,11686300,0.0,0.0
2024-06-24 00:00:00+07:00,24500.0,24500.0,23600.0,23950.0,22851.572265625,14021100,0.0,0.0
2024-06-25 00:00:00+07:00,23950.0,24000.0,23400.0,24000.0,22899.279296875,12070000,0.0,0.0
2024-06-26 00:00:00+07:00,23950.0,24000.0,23550.0,24000.0,22899.279296875,7388500,0.0,0.0
2024-06-27 00:00:00+07:00,23650.0,23700.0,23350.0,23450.0,22374.505859375,12338200,0.0,0.0
2024-06-28 00:00:00+07:00,23450.0,23500.0,22500.0,23350.0,22279.091796875,21090100,0.0,0.0
2024-07-01 00:00:00+07:00,23100.0,23100.0,22650.0,22650.0,21611.1953125,9012800,0.0,0.0
2024-07-02 00:00:00+07:00,22850.0,23200.0,22650.0,22900.0,21849.728515625,9248300,0.0,0.0
2024-07-03 00:00:00+07:00,22950.0,23550.0,22900.0,23500.0,22422.212890625,10183800,0.0,0.0
2024-07-04 00:00:00+07:00,23500.0,23550.0,23300.0,23500.0,22422.212890625,5683100,0.0,0.0
2024-07-05 00:00:00+07:00,23350.0,23500.0,23200.0,23500.0,22422.212890625,8377700,0.0,0.0
2024-07-08 00:00:00+07:00,23500.0,23500.0,23100.0,23450.0,22374.505859375,6699200,0.0,0.0
2024-07-09 00:00:00+07:00,23300.0,23500.0,23250.0,23350.0,22279.091796875,11389200,0.0,0.0
2024-07-10 00:00:00+07:00,23400.0,23450.0,23100.0,23150.0,22088.263671875,10290600,0.0,0.0
2024-07-11 00:00:00+07:00,23150.0,23350.0,22800.0,22800.0,21754.314453125,15419800,0.0,0.0
2024-07-12 00:00:00+07:00,22850.0,23000.0,22800.0,22800.0,21754.314453125,5523200,0.0,0.0
2024-07-15 00:00:00+07:00,22850.0,22900.0,22600.0,22650.0,21611.1953125,6044600,0.0,0.0
2024-07-16 00:00:00+07:00,22650.0,22850.0,22550.0,22700.0,21658.900390625,11029900,0.0,0.0
2024-07-17 00:00:00+07:00,22850.0,24200.0,22800.0,23700.0,22613.0390625,27351200,0.0,0.0
2024-07-18 00:00:00+07:00,23700.0,23850.0,23300.0,23700.0,22613.0390625,11221300,0.0,0.0
2024-07-19 00:00:00+07:00,23750.0,23750.0,23100.0,23400.0,22326.798828125,14092100,0.0,0.0
2024-07-22 00:00:00+07:00,23300.0,23800.0,23000.0,23650.0,22565.33203125,14480100,0.0,0.0
2024-07-23 00:00:00+07:00,23800.0,23800.0,23000.0,23050.0,21992.849609375,12471200,0.0,0.0
2024-07-24 00:00:00+07:00,22850.0,23200.0,22850.0,23000.0,21945.142578125,10819000,0.0,0.0
2024-07-25 00:00:00+07:00,22850.0,22900.0,22550.0,22750.0,21706.607421875,8303700,0.0,0.0
2024-07-26 00:00:00+07:00,22700.0,22850.0,22600.0,22750.0,21706.607421875,6322500,0.0,0.0
2024-07-29 00:00:00+07:00,22850.0,22950.0,22750.0,22750.0,21706.607421875,5198700,0.0,0.0
2024-07-30 00:00:00+07:00,22700.0,22950.0,22600.0,22950.0,21897.435546875,6723500,0.0,0.0
2024-07-31 00:00:00+07:00,23000.0,23350.0,22950.0,23250.0,22183.677734375,11002900,0.0,0.0
2024-08-01 00:00:00+07:00,23200.0,23250.0,22550.0,23000.0,21945.142578125,11637400,0.0,0.0
2024-08-02 00:00:00+07:00,22550.0,23500.0,22550.0,23500.0,22422.212890625,13700300,0.0,0.0
2024-08-05 00:00:00+07:00,23000.0,23000.0,22300.0,22300.0,21277.248046875,16810500,0.0,0.0
2024-08-06 00:00:00+07:00,22400.0,22600.0,22050.0,22300.0,21277.248046875,17667600,0.0,0.0
2024-08-07 00:00:00+07:00,22400.0,22400.0,21750.0,21800.0,20800.1796875,19624800,0.0,0.0
2024-08-08 00:00:00+07:00,21600.0,21650.0,20750.0,20850.0,19893.75,41051900,0.0,0.0
2024-08-09 00:00:00+07:00,21000.0,21300.0,21000.0,21100.0,20132.283203125,14966900,0.0,0.0
2024-08-12 00:00:00+07:00,21200.0,21250.0,21000.0,21250.0,20275.404296875,10346600,0.0,0.0
2024-08-13 00:00:00+07:00,21200.0,21200.0,20900.0,21000.0,20036.869140625,11492700,0.0,0.0
2024-08-14 00:00:00+07:00,21050.0,21300.0,20900.0,21200.0,20227.697265625,11836400,0.0,0.0
2024-08-15 00:00:00+07:00,21200.0,21200.0,20950.0,21150.0,20179.990234375,9559800,0.0,0.0
2024-08-16 00:00:00+07:00,21150.0,21550.0,21050.0,21450.0,20466.232421875,21418700,0.0,0.0
2024-08-19 00:00:00+07:00,21550.0,21950.0,21400.0,21900.0,20895.591796875,15706900,0.0,0.0
2024-08-20 00:00:00+07:00,21950.0,22050.0,21800.0,21850.0,20847.884765625,12413000,0.0,0.0
2024-08-21 00:00:00+07:00,21700.0,22100.0,21550.0,22000.0,20991.005859375,20036300,0.0,0.0
2024-08-22 00:00:00+07:00,22000.0,22650.0,22000.0,22350.0,21324.955078125,20780600,0.0,0.0
2024-08-23 00:00:00+07:00,22350.0,22500.0,22200.0,22400.0,21372.662109375,11973100,0.0,0.0
2024-08-26 00:00:00+07:00,22500.0,22650.0,22400.0,22500.0,21468.076171875,16940600,0.0,0.0
2024-08-27 00:00:00+07:00,22500.0,22700.0,22450.0,22650.0,21611.1953125,15067700,0.0,0.0
2024-08-28 00:00:00+07:00,22700.0,23150.0,22600.0,23000.0,21945.142578125,19145000,0.0,0.0
2024-08-29 00:00:00+07:00,23000.0,23250.0,23000.0,23000.0,21945.142578125,16097600,0.0,0.0
2024-08-30 00:00:00+07:00,23000.0,23350.0,23000.0,23350.0,22279.091796875,13276300,0.0,0.0
2024-09-04 00:00:00+07:00,23050.0,23250.0,22850.0,23000.0,21945.142578125,13719600,0.0,0.0
2024-09-05 00:00:00+07:00,22900.0,23050.0,22700.0,22800.0,21754.314453125,11375000,0.0,0.0
2024-09-06 00:00:00+07:00,22800.0,22950.0,22650.0,22800.0,21754.314453125,12161700,0.0,0.0
2024-09-09 00:00:00+07:00,22700.0,22850.0,22600.0,22650.0,21611.1953125,12271500,0.0,0.0
2024-09-10 00:00:00+07:00,22700.0,22750.0,22200.0,22250.0,21229.541015625,14110600,0.0,0.0
2024-09-11 00:00:00+07:00,22150.0,22250.0,21950.0,22100.0,21086.419921875,11246200,0.0,0.0
2024-09-12 00:00:00+07:00,22300.0,22400.0,22150.0,22300.0,21277.248046875,9122600,0.0,0.0
2024-09-13 00:00:00+07:00,22300.0,22350.0,22150.0,22200.0,21181.833984375,10103800,0.0,0.0
2024-09-16 00:00:00+07:00,22200.0,22700.0,22200.0,22200.0,21181.833984375,11594300,0.0,0.0
2024-09-17 00:00:00+07:00,22150.0,22750.0,22150.0,22750.0,21706.607421875,7238500,0.0,0.0
2024-09-18 00:00:00+07:00,22750.0,23100.0,22700.0,23000.0,21945.142578125,15057800,0.0,0.0
2024-09-19 00:00:00+07:00,23200.0,23200.0,22900.0,23200.0,22135.970703125,13432600,0.0,0.0
2024-09-20 00:00:00+07:00,23300.0,23700.0,23300.0,23550.0,22469.91796875,30615100,0.0,0.0
2024-09-23 00:00:00+07:00,23550.0,23750.0,23350.0,23350.0,22279.091796875,8232000,0.0,0.0
2024-09-24 00:00:00+07:00,23300.0,23600.0,23300.0,23550.0,22469.91796875,11039500,0.0,0.0
2024-09-25 00:00:00+07:00,23750.0,23950.0,23600.0,23800.0,22708.453125,23428400,0.0,0.0
2024-09-26 00:00:00+07:00,23800.0,24400.0,23650.0,24100.0,22994.693359375,26218200,0.0,0.0
2024-09-27 00:00:00+07:00,24200.0,24350.0,24050.0,24200.0,23090.107421875,16810100,0.0,0.0
2024-09-30 00:00:00+07:00,24150.0,24350.0,23950.0,24200.0,23090.107421875,21491800,0.0,0.0
2024-10-01 00:00:00+07:00,24200.0,24800.0,24150.0,24650.0,23519.46875,40736400,0.0,0.0
2024-10-02 00:00:00+07:00,24550.0,25150.0,24350.0,24900.0,23758.00390625,28212200,0.0,0.0
2024-10-03 00:00:00+07:00,24950.0,25200.0,24350.0,24350.0,23233.228515625,29754600,0.0,0.0
2024-10-04 00:00:00+07:00,24350.0,24450.0,24050.0,24050.0,22946.986328125,21424400,0.0,0.0
2024-10-07 00:00:00+07:00,24250.0,24350.0,24000.0,24150.0,23042.400390625,12843900,0.0,0.0
2024-10-08 00:00:00+07:00,24200.0,24600.0,24200.0,24400.0,23280.93359375,16248500,0.0,0.0
2024-10-09 00:00:00+07:00,24400.0,24750.0,24300.0,24650.0,23519.46875,21677200,0.0,0.0
2024-10-10 00:00:00+07:00,24900.0,25000.0,24550.0,24550.0,23424.0546875,18247800,0.0,0.0
2024-10-11 00:00:00+07:00,24550.0,24600.0,24250.0,24450.0,23328.640625,13916200,0.0,0.0
2024-10-14 00:00:00+07:00,24550.0,24600.0,24350.0,24350.0,23233.228515625,11945500,0.0,0.0
2024-10-15 00:00:00+07:00,24350.0,24600.0,24150.0,24250.0,23137.814453125,14126800,0.0,0.0
2024-10-16 00:00:00+07:00,24200.0,24300.0,24100.0,24200.0,23090.107421875,9019700,0.0,0.0
2024-10-17 00:00:00+07:00,24200.0,24400.0,24100.0,24350.0,23233.228515625,9422800,0.0,0.0
2024-10-18 00:00:00+07:00,24450.0,24800.0,24400.0,24450.0,23328.640625,15418700,0.0,0.0
2024-10-21 00:00:00+07:00,24450.0,24500.0,24100.0,24150.0,23042.400390625,9745000,0.0,0.0
2024-10-22 00:00:00+07:00,24200.0,24400.0,24000.0,24200.0,23090.107421875,16879300,0.0,0.0
2024-10-23 00:00:00+07:00,24200.0,24300.0,23750.0,24200.0,23090.107421875,16761400,0.0,0.0
2024-10-24 00:00:00+07:00,24150.0,24200.0,23550.0,23650.0,22565.33203125,14256700,0.0,0.0
2024-10-25 00:00:00+07:00,23750.0,23850.0,23400.0,23500.0,22422.212890625,14325400,0.0,0.0
2024-10-28 00:00:00+07:00,23500.0,23700.0,23450.0,23650.0,22565.33203125,7020100,0.0,0.0
2024-10-29 00:00:00+07:00,23700.0,23850.0,23700.0,23750.0,22660.74609375,6285800,0.0,0.0
2024-10-30 00:00:00+07:00,23800.0,24000.0,23750.0,24000.0,22899.279296875,11087000,0.0,0.0
2024-10-31 00:00:00+07:00,24000.0,24100.0,23850.0,23900.0,22803.865234375,8621600,0.0,0.0
2024-11-01 00:00:00+07:00,23850.0,24000.0,23700.0,23700.0,22613.0390625,14550800,0.0,0.0
2024-11-04 00:00:00+07:00,23750.0,23750.0,23400.0,23450.0,22374.505859375,13930100,0.0,0.0
2024-11-05 00:00:00+07:00,23500.0,23650.0,23450.0,23450.0,22374.505859375,9921800,0.0,0.0
2024-11-06 00:00:00+07:00,23600.0,24050.0,23600.0,23900.0,22803.865234375,15680200,0.0,0.0
2024-11-07 00:00:00+07:00,24150.0,24150.0,23850.0,23850.0,22756.158203125,8601500,0.0,0.0
2024-11-08 00:00:00+07:00,24000.0,24000.0,23450.0,23600.0,22517.625,13097100,0.0,0.0
2024-11-11 00:00:00+07:00,23700.0,23700.0,23050.0,23200.0,22135.970703125,15357300,0.0,0.0
2024-11-12 00:00:00+07:00,23400.0,23400.0,22900.0,23050.0,21992.849609375,12489700,0.0,0.0
2024-11-13 00:00:00+07:00,23000.0,23150.0,22700.0,23150.0,22088.263671875,13323900,0.0,0.0
2024-11-14 00:00:00+07:00,23000.0,23050.0,22750.0,22800.0,21754.314453125,7429400,0.0,0.0
2024-11-15 00:00:00+07:00,22800.0,22800.0,22400.0,22450.0,21420.369140625,14453100,0.0,0.0
2024-11-18 00:00:00+07:00,22400.0,22700.0,22200.0,22450.0,21420.369140625,12110400,0.0,0.0
2024-11-19 00:00:00+07:00,22550.0,22550.0,22200.0,22400.0,21372.662109375,6936100,0.0,0.0
2024-11-20 00:00:00+07:00,22300.0,22850.0,22250.0,22850.0,21802.021484375,10247500,0.0,0.0
2024-11-21 00:00:00+07:00,22800.0,23200.0,22600.0,23200.0,22135.970703125,11213000,0.0,0.0
2024-11-22 00:00:00+07:00,23200.0,23550.0,23150.0,23500.0,22422.212890625,14405800,0.0,0.0
2024-11-25 00:00:00+07:00,23500.0,23600.0,23400.0,23500.0,22422.212890625,7187600,0.0,0.0
2024-11-26 00:00:00+07:00,23500.0,23700.0,23450.0,23550.0,22469.91796875,6757500,0.0,0.0
2024-11-27 00:00:00+07:00,23500.0,23600.0,23350.0,23500.0,22422.212890625,6388200,0.0,0.0
2024-11-28 00:00:00+07:00,23650.0,23700.0,23400.0,23600.0,22517.625,8136900,0.0,0.0
2024-11-29 00:00:00+07:00,23500.0,23600.0,23350.0,23600.0,22517.625,8447400,0.0,0.0
2024-12-02 00:00:00+07:00,23700.0,23700.0,23400.0,23650.0,22565.33203125,6569300,0.0,0.0
2024-12-03 00:00:00+07:00,23650.0,23750.0,23450.0,23650.0,22565.33203125,8333300,0.0,0.0
2024-12-04 00:00:00+07:00,23450.0,23600.0,23400.0,23450.0,22374.505859375,8179300,0.0,0.0
2024-12-05 00:00:00+07:00,23450.0,24200.0,23350.0,24200.0,23090.107421875,14188900,0.0,0.0
2024-12-06 00:00:00+07:00,24200.0,24250.0,23950.0,24150.0,23042.400390625,10921300,0.0,0.0
2024-12-09 00:00:00+07:00,24100.0,24300.0,23950.0,24150.0,23042.400390625,7597400,0.0,0.0
2024-12-10 00:00:00+07:00,24050.0,24200.0,24000.0,24050.0,22946.986328125,7039400,0.0,0.0
2024-12-11 00:00:00+07:00,24050.0,24300.0,24000.0,24150.0,23042.400390625,10341200,0.0,0.0
2024-12-12 00:00:00+07:00,24200.0,24500.0,24150.0,24250.0,23137.814453125,18543300,0.0,0.0
2024-12-13 00:00:00+07:00,24300.0,24550.0,24100.0,24350.0,23233.228515625,11020400,0.0,0.0
2024-12-16 00:00:00+07:00,24300.0,24400.0,24100.0,24300.0,23185.521484375,6356400,0.0,0.0
2024-12-17 00:00:00+07:00,24400.0,24400.0,24150.0,24200.0,23090.107421875,5387400,0.0,0.0
2024-12-18 00:00:00+07:00,24250.0,24300.0,24100.0,24200.0,23090.107421875,5786300,0.0,0.0
2024-12-19 00:00:00+07:00,24000.0,24050.0,23750.0,23750.0,22660.74609375,15028500,0.0,0.0
2024-12-20 00:00:00+07:00,23850.0,23950.0,23800.0,23800.0,22708.453125,4594100,0.0,0.0
2024-12-23 00:00:00+07:00,24000.0,24050.0,23800.0,23900.0,22803.865234375,3208600,0.0,0.0
2024-12-24 00:00:00+07:00,24050.0,24050.0,23800.0,24000.0,22899.279296875,5175500,0.0,0.0
2024-12-25 00:00:00+07:00,24000.0,24900.0,23950.0,24450.0,23328.640625,18370600,0.0,0.0
2024-12-26 00:00:00+07:00,24500.0,24550.0,24300.0,24350.0,23233.228515625,5475600,0.0,0.0
2024-12-27 00:00:00+07:00,24500.0,24900.0,24450.0,24600.0,23471.76171875,15395600,0.0,0.0
2024-12-30 00:00:00+07:00,24750.0,24750.0,24350.0,24400.0,23280.93359375,10145800,0.0,0.0
2024-12-31 00:00:00+07:00,24350.0,24650.0,24350.0,24650.0,23519.46875,9403700,0.0,0.0
2025-01-02 00:00:00+07:00,24650.0,24700.0,24300.0,24350.0,23233.228515625,7834500,0.0,0.0
2025-01-03 00:00:00+07:00,24350.0,24350.0,23600.0,23600.0,22517.625,17426900,0.0,0.0
2025-01-06 00:00:00+07:00,23600.0,23850.0,23500.0,23600.0,22517.625,8132700,0.0,0.0
2025-01-07 00:00:00+07:00,23900.0,23900.0,23550.0,23650.0,22565.33203125,7615500,0.0,0.0
2025-01-08 00:00:00+07:00,23800.0,24300.0,23650.0,23950.0,22851.572265625,11947100,0.0,0.0
2025-01-09 00:00:00+07:00,24050.0,24050.0,23750.0,23950.0,22851.572265625,4709000,0.0,0.0
2025-01-10 00:00:00+07:00,24000.0,24000.0,23400.0,23400.0,22326.798828125,6232100,0.0,0.0
2025-01-13 00:00:00+07:00,23200.0,23800.0,23150.0,23800.0,22708.453125,7939900,0.0,0.0
2025-01-14 00:00:00+07:00,23550.0,23750.0,23500.0,23600.0,22517.625,4180100,0.0,0.0
2025-01-15 00:00:00+07:00,23800.0,23900.0,23650.0,23700.0,22613.0390625,6720200,0.0,0.0
2025-01-16 00:00:00+07:00,23800.0,23900.0,23650.0,23700.0,22613.0390625,6720200,0.0,0.0
2025-01-17 00:00:00+07:00,23850.0,24400.0,23750.0,24400.0,23280.93359375,10016400,0.0,0.0
2025-01-20 00:00:00+07:00,24400.0,24500.0,24250.0,24400.0,23280.93359375,5183100,0.0,0.0
2025-01-21 00:00:00+07:00,24400.0,24500.0,24150.0,24200.0,23090.107421875,8127000,0.0,0.0
2025-01-22 00:00:00+07:00,24450.0,24450.0,24150.0,24200.0,23090.107421875,7455200,0.0,0.0
2025-01-23 00:00:00+07:00,24350.0,24850.0,24250.0,24600.0,23471.76171875,21069200,0.0,0.0
2025-01-24 00:00:00+07:00,24800.0,24850.0,24650.0,24750.0,23614.8828125,10331500,0.0,0.0
2025-01-27 00:00:00+07:00,24750.0,24750.0,24750.0,24750.0,23614.8828125,0,0.0,0.0
2025-01-28 00:00:00+07:00,24750.0,24750.0,24750.0,24750.0,23614.8828125,0,0.0,0.0
2025-01-29 00:00:00+07:00,24750.0,24750.0,24750.0,24750.0,23614.8828125,0,0.0,0.0
2025-01-30 00:00:00+07:00,24750.0,24750.0,24750.0,24750.0,23614.8828125,0,0.0,0.0
2025-01-31 00:00:00+07:00,24750.0,24750.0,24750.0,24750.0,23614.8828125,0,0.0,0.0
2025-02-03 00:00:00+07:00,24500.0,24700.0,24250.0,24250.0,23137.814453125,10885100,0.0,0.0
2025-02-04 00:00:00+07:00,24350.0,24700.0,24300.0,24650.0,23519.46875,12471500,0.0,0.0
2025-02-05 00:00:00+07:00,24850.0,24900.0,24550.0,24700.0,23567.17578125,9430900,0.0,0.0
2025-02-06 00:00:00+07:00,24900.0,25500.0,24800.0,25200.0,24044.244140625,37579600,0.0,0.0
2025-02-07 00:00:00+07:00,25450.0,25800.0,25200.0,25750.0,24569.01953125,26585000,0.0,0.0
2025-02-10 00:00:00+07:00,25750.0,26250.0,25450.0,25750.0,24569.01953125,22152900,0.0,0.0
2025-02-11 00:00:00+07:00,26100.0,26150.0,25750.0,25900.0,24712.140625,15667000,0.0,0.0
2025-02-12 00:00:00+07:00,26000.0,26000.0,25700.0,25700.0,24521.3125,11524500,0.0,0.0
2025-02-13 00:00:00+07:00,25600.0,26000.0,25550.0,25950.0,24759.84765625,11953600,0.0,0.0
2025-02-14 00:00:00+07:00,26100.0,26200.0,25900.0,26000.0,24807.5546875,10239600,0.0,0.0
2025-02-17 00:00:00+07:00,26000.0,26100.0,25700.0,25700.0,24521.3125,10972700,0.0,0.0
2025-02-18 00:00:00+07:00,25700.0,26100.0,25650.0,25850.0,24664.43359375,10757000,0.0,0.0
2025-02-19 00:00:00+07:00,25950.0,26150.0,25800.0,26100.0,24902.96875,12938100,0.0,0.0
2025-02-20 00:00:00+07:00,26200.0,26600.0,26050.0,26550.0,25332.328125,21179500,0.0,0.0
2025-02-21 00:00:00+07:00,26600.0,26600.0,26400.0,26500.0,25284.62109375,8800600,0.0,0.0
2025-02-24 00:00:00+07:00,26400.0,26650.0,26300.0,26500.0,25284.62109375,11762200,0.0,0.0
2025-02-25 00:00:00+07:00,26600.0,26800.0,26350.0,26400.0,25189.20703125,14496400,0.0,0.0
2025-02-26 00:00:00+07:00,26400.0,26550.0,26300.0,26300.0,25093.79296875,9946900,0.0,0.0
2025-02-27 00:00:00+07:00,26400.0,26400.0,26000.0,26250.0,25046.0859375,12505900,0.0,0.0
2025-02-28 00:00:00+07:00,26250.0,26300.0,26050.0,26100.0,24902.96875,12220900,0.0,0.0
2025-03-03 00:00:00+07:00,26150.0,26300.0,26050.0,26100.0,24902.96875,9359400,0.0,0.0
2025-03-04 00:00:00+07:00,26100.0,27550.0,26000.0,27500.0,26238.7578125,40196300,0.0,0.0
2025-03-05 00:00:00+07:00,27500.0,27600.0,27300.0,27300.0,26047.931640625,13269400,0.0,0.0
2025-03-06 00:00:00+07:00,27450.0,27700.0,27350.0,27700.0,26429.5859375,12570100,0.0,0.0
2025-03-07 00:00:00+07:00,27700.0,27900.0,27450.0,27750.0,26477.29296875,14922200,0.0,0.0
2025-03-10 00:00:00+07:00,27750.0,28300.0,27700.0,27800.0,26525.0,13907700,0.0,0.0
2025-03-11 00:00:00+07:00,27500.0,28000.0,27450.0,28000.0,26715.826171875,15313400,0.0,0.0
2025-03-12 00:00:00+07:00,28100.0,28250.0,27800.0,27850.0,26572.705078125,10861400,0.0,0.0
2025-03-13 00:00:00+07:00,27800.0,27800.0,27250.0,27300.0,26047.931640625,18991700,0.0,0.0
2025-03-14 00:00:00+07:00,27100.0,27400.0,27100.0,27300.0,26047.931640625,10662000,0.0,0.0
2025-03-17 00:00:00+07:00,27350.0,27450.0,27150.0,27450.0,26191.05078125,11002100,0.0,0.0
2025-03-18 00:00:00+07:00,27500.0,27600.0,27300.0,27400.0,26143.34375,7945400,0.0,0.0
2025-03-19 00:00:00+07:00,27300.0,27350.0,27150.0,27250.0,26000.224609375,12083700,0.0,0.0
2025-03-20 00:00:00+07:00,27500.0,27550.0,27100.0,27450.0,26191.05078125,14430700,0.0,0.0
2025-03-21 00:00:00+07:00,27350.0,27550.0,27300.0,27350.0,26095.63671875,7447300,0.0,0.0
2025-03-24 00:00:00+07:00,27350.0,28200.0,27200.0,28000.0,26715.826171875,21083700,0.0,0.0
2025-03-25 00:00:00+07:00,28100.0,28200.0,27850.0,27900.0,26620.412109375,8130100,0.0,0.0
2025-03-26 00:00:00+07:00,27900.0,28500.0,27800.0,28000.0,26715.826171875,24089300,0.0,0.0
2025-03-27 00:00:00+07:00,28000.0,28150.0,27750.0,27750.0,26477.29296875,7518900,0.0,0.0
2025-03-28 00:00:00+07:00,27750.0,27800.0,27450.0,27550.0,26286.46484375,12353600,0.0,0.0
2025-03-31 00:00:00+07:00,27400.0,27500.0,27200.0,27500.0,26238.7578125,12983300,0.0,0.0
2025-04-01 00:00:00+07:00,27500.0,28000.0,27400.0,27950.0,26668.119140625,9054500,0.0,0.0
2025-04-02 00:00:00+07:00,28000.0,28150.0,27850.0,27900.0,26620.412109375,6668600,0.0,0.0
2025-04-03 00:00:00+07:00,26950.0,27200.0,25950.0,25950.0,24759.84765625,58893200,0.0,0.0
2025-04-04 00:00:00+07:00,24150.0,25750.0,24150.0,25700.0,24521.3125,56795800,0.0,0.0
2025-04-08 00:00:00+07:00,25000.0,25000.0,23950.0,23950.0,22851.572265625,33465800,0.0,0.0
2025-04-09 00:00:00+07:00,22300.0,24900.0,22300.0,23600.0,22517.625,40792200,0.0,0.0
2025-04-10 00:00:00+07:00,25250.0,25250.0,25250.0,25250.0,24091.951171875,1241800,0.0,0.0
2025-04-11 00:00:00+07:00,26500.0,26600.0,25600.0,26600.0,25380.03515625,47940500,0.0,0.0
2025-04-14 00:00:00+07:00,26600.0,26700.0,26100.0,26550.0,25332.328125,19905300,0.0,0.0
2025-04-15 00:00:00+07:00,26050.0,26350.0,25800.0,26000.0,24807.5546875,21183400,0.0,0.0
2025-04-16 00:00:00+07:00,26150.0,26450.0,25750.0,25800.0,24616.7265625,18147100,0.0,0.0
2025-04-17 00:00:00+07:00,25600.0,26000.0,25550.0,26000.0,24807.5546875,14259300,0.0,0.0
2025-04-18 00:00:00+07:00,26500.0,26500.0,26000.0,26000.0,24807.5546875,16887000,0.0,0.0
2025-04-21 00:00:00+07:00,26000.0,26300.0,25600.0,25750.0,24569.01953125,12192200,0.0,0.0
2025-04-22 00:00:00+07:00,25250.0,25650.0,23950.0,25150.0,23996.537109375,29523500,0.0,0.0
2025-04-23 00:00:00+07:00,25750.0,26300.0,25150.0,26100.0,24902.96875,18232600,0.0,0.0
2025-04-24 00:00:00+07:00,26000.0,26100.0,25700.0,25750.0,24569.01953125,8915900,0.0,0.0
2025-04-25 00:00:00+07:00,25950.0,26050.0,25400.0,25950.0,24759.84765625,19491800,0.0,0.0
2025-04-28 00:00:00+07:00,26000.0,26100.0,25800.0,26000.0,24807.5546875,11163200,0.0,0.0
2025-04-29 00:00:00+07:00,26000.0,26600.0,26000.0,26300.0,25093.79296875,18134300,0.0,0.0
2025-04-30 00:00:00+07:00,26300.0,26300.0,26300.0,26300.0,25093.79296875,0,0.0,0.0
2025-05-01 00:00:00+07:00,26300.0,26300.0,26300.0,26300.0,25093.79296875,0,0.0,0.0
2025-05-02 00:00:00+07:00,26300.0,26300.0,26300.0,26300.0,25093.79296875,0,0.0,0.0
2025-05-05 00:00:00+07:00,26300.0,26300.0,26300.0,26300.0,25093.79296875,0,0.0,0.0
2025-05-06 00:00:00+07:00,26650.0,26650.0,26150.0,26500.0,25284.62109375,9048300,0.0,0.0
2025-05-07 00:00:00+07:00,26500.0,27200.0,26400.0,26850.0,25618.5703125,24407100,0.0,0.0
2025-05-08 00:00:00+07:00,26850.0,27100.0,26600.0,27000.0,25761.689453125,13694100,0.0,0.0
2025-05-09 00:00:00+07:00,27000.0,27450.0,26850.0,27400.0,26143.34375,18382100,0.0,0.0
2025-05-12 00:00:00+07:00,27400.0,27400.0,27400.0,27400.0,26143.34375,0,0.0,0.0
2025-05-13 00:00:00+07:00,27650.0,29450.0,27600.0,29400.0,28051.619140625,46701100,0.0,0.0
2025-05-14 00:00:00+07:00,29500.0,29700.0,29150.0,29400.0,28051.619140625,13206500,0.0,0.0
2025-05-15 00:00:00+07:00,29350.0,30500.0,29300.0,29850.0,28480.978515625,19728500,0.0,0.0
2025-05-16 00:00:00+07:00,29900.0,30200.0,29550.0,29900.0,28528.685546875,17783500,0.0,0.0
2025-05-19 00:00:00+07:00,29200.0,29950.0,29100.0,29500.0,28147.033203125,20464800,0.0,0.0
2025-05-20 00:00:00+07:00,29200.0,29950.0,29100.0,29500.0,28147.033203125,20464800,0.0,0.0
2025-05-21 00:00:00+07:00,29500.0,31100.0,29500.0,30950.0,29530.529296875,38192300,0.0,0.0
2025-05-22 00:00:00+07:00,31000.0,31400.0,30700.0,30900.0,29482.822265625,19486900,0.0,0.0
2025-05-23 00:00:00+07:00,30650.0,31200.0,30300.0,30500.0,29101.16796875,28001500,0.0,0.0
2025-05-26 00:00:00+07:00,30150.0,30350.0,29500.0,30350.0,28958.048828125,20226200,0.0,0.0
2025-05-27 00:00:00+07:00,30150.0,30350.0,29500.0,30350.0,28958.048828125,20226200,0.0,0.0
2025-05-28 00:00:00+07:00,30600.0,31250.0,30350.0,30600.0,29196.58203125,23572600,0.0,0.0
2025-05-29 00:00:00+07:00,30700.0,30800.0,30250.0,30500.0,29101.16796875,18570300,0.0,0.0
2025-05-30 00:00:00+07:00,30500.0,30800.0,30300.0,30800.0,29387.408203125,14712100,0.0,0.0
2025-06-02 00:00:00+07:00,30400.0,30950.0,30200.0,30850.0,29435.115234375,13955600,0.0,0.0
2025-06-03 00:00:00+07:00,30400.0,30950.0,30200.0,30850.0,29435.115234375,13955600,0.0,0.0
2025-06-04 00:00:00+07:00,30900.0,31900.0,30900.0,31600.0,30150.71875,23860200,0.0,0.0
2025-06-05 00:00:00+07:00,31700.0,31700.0,31200.0,31350.0,29912.18359375,15682100,0.0,0.0
2025-06-06 00:00:00+07:00,31350.0,31600.0,31050.0,31100.0,29673.650390625,15787800,0.0,0.0
2025-06-09 00:00:00+07:00,30300.0,30450.0,29750.0,29750.0,28385.564453125,20750500,0.0,0.0
2025-06-10 00:00:00+07:00,30300.0,30450.0,29750.0,29750.0,28385.564453125,20750500,0.0,0.0
2025-06-11 00:00:00+07:00,29950.0,30500.0,29850.0,30050.0,28671.806640625,15103700,0.0,0.0
2025-06-12 00:00:00+07:00,30350.0,30350.0,29950.0,30100.0,28719.513671875,6090700,0.0,0.0
2025-06-13 00:00:00+07:00,30350.0,31150.0,30250.0,30950.0,29530.529296875,24550800,0.0,0.0
2025-06-16 00:00:00+07:00,31000.0,32350.0,30950.0,32300.0,30818.61328125,23148300,0.0,0.0
2025-06-17 00:00:00+07:00,31000.0,32350.0,30950.0,32300.0,30818.61328125,23148300,0.0,0.0
2025-06-18 00:00:00+07:00,32550.0,32600.0,32050.0,32400.0,30914.02734375,17962300,0.0,0.0
2025-06-19 00:00:00+07:00,32400.0,33350.0,32200.0,32800.0,31295.68359375,17756300,0.0,0.0
2025-06-20 00:00:00+07:00,32800.0,34000.0,32800.0,34000.0,32440.646484375,23284100,0.0,0.0
2025-06-23 00:00:00+07:00,33600.0,34000.0,33400.0,33800.0,32249.818359375,18895500,0.0,0.0
2025-06-24 00:00:00+07:00,33600.0,34000.0,33400.0,33800.0,32249.818359375,18895500,0.0,0.0
2025-06-25 00:00:00+07:00,34050.0,34750.0,33700.0,34000.0,32440.646484375,25166100,0.0,0.0
2025-06-26 00:00:00+07:00,34150.0,34250.0,33800.0,33800.0,32249.818359375,13115100,0.0,0.0
2025-06-27 00:00:00+07:00,34000.0,34450.0,33800.0,34050.0,32488.35546875,12610700,0.0,0.0
2025-06-30 00:00:00+07:00,34100.0,34700.0,34000.0,34200.0,32631.474609375,13910000,0.0,0.0
2025-07-01 00:00:00+07:00,34100.0,34700.0,34000.0,34200.0,32631.474609375,13910000,0.0,0.0
2025-07-02 00:00:00+07:00,34200.0,34550.0,34050.0,34400.0,32822.30078125,12545400,0.0,0.0
2025-07-03 00:00:00+07:00,34500.0,35100.0,34450.0,35000.0,33394.78515625,16948700,0.0,0.0
2025-07-04 00:00:00+07:00,35150.0,35300.0,34800.0,34850.0,33251.6640625,22273300,0.0,0.0
2025-07-07 00:00:00+07:00,35200.0,35450.0,35100.0,35300.0,33681.0234375,12244900,0.0,0.0
2025-07-08 00:00:00+07:00,35200.0,35450.0,35100.0,35300.0,33681.0234375,12244900,0.0,0.0
2025-07-09 00:00:00+07:00,35300.0,35550.0,35100.0,35300.0,33681.0234375,12974100,0.0,0.0
2025-07-10 00:00:00+07:00,35450.0,35600.0,34700.0,34900.0,33299.37109375,31885200,0.0,0.0
2025-07-11 00:00:00+07:00,34900.0,35000.0,34650.0,34800.0,33203.95703125,14459300,0.0,0.0
2025-07-14 00:00:00+07:00,34950.0,35100.0,34300.0,35100.0,33490.1953125,18132100,0.0,0.0
2025-07-15 00:00:00+07:00,34950.0,35100.0,34300.0,35100.0,33490.1953125,18132100,0.0,0.0
2025-07-16 00:00:00+07:00,35150.0,35750.0,34800.0,34800.0,33203.95703125,18005600,0.0,0.0
2025-07-17 00:00:00+07:00,34800.0,35450.0,34600.0,35250.0,33633.31640625,15009100,0.0,0.0
2025-07-18 00:00:00+07:00,35400.0,35600.0,35100.0,35150.0,33537.90234375,16136500,0.0,0.0
2025-07-21 00:00:00+07:00,36300.0,36500.0,35350.0,35450.0,33824.14453125,23119500,0.0,0.0
2025-07-22 00:00:00+07:00,36300.0,36500.0,35350.0,35450.0,33824.14453125,23119500,0.0,0.0
2025-07-23 00:00:00+07:00,35150.0,35450.0,34900.0,35350.0,33728.73046875,26975100,0.0,0.0
2025-07-24 00:00:00+07:00,35400.0,35450.0,34900.0,35000.0,33394.78515625,27862300,0.0,0.0
2025-07-25 00:00:00+07:00,35050.0,35600.0,34950.0,35050.0,33442.48828125,19279700,0.0,0.0
2025-07-28 00:00:00+07:00,35250.0,35850.0,35200.0,35600.0,33967.265625,30577800,0.0,0.0
2025-07-29 00:00:00+07:00,35250.0,35850.0,35200.0,35600.0,33967.265625,30577800,0.0,0.0
2025-07-30 00:00:00+07:00,35750.0,35750.0,33900.0,33900.0,32345.232421875,45002200,0.0,0.0
2025-07-31 00:00:00+07:00,34150.0,34600.0,33700.0,34500.0,32917.71484375,30546900,0.0,0.0
2025-08-01 00:00:00+07:00,34600.0,35000.0,33800.0,34000.0,32440.646484375,26760600,0.0,0.0
2025-08-04 00:00:00+07:00,34100.0,35350.0,34000.0,35350.0,33728.73046875,23096800,0.0,0.0
2025-08-05 00:00:00+07:00,34100.0,35350.0,34000.0,35350.0,33728.73046875,23096800,0.0,0.0
2025-08-06 00:00:00+07:00,35800.0,37800.0,35800.0,37000.0,35303.0546875,92362100,0.0,0.0
2025-08-07 00:00:00+07:00,38000.0,39000.0,37200.0,38200.0,36448.0234375,30371700,0.0,0.0
2025-08-08 00:00:00+07:00,38500.0,38900.0,37800.0,38400.0,36638.84765625,30075200,0.0,0.0
2025-08-11 00:00:00+07:00,37950.0,38450.0,37600.0,37750.0,36018.65625,24602200,0.0,0.0
2025-08-12 00:00:00+07:00,37950.0,38450.0,37600.0,37750.0,36018.65625,24602200,0.0,0.0
2025-08-13 00:00:00+07:00,37800.0,38000.0,37200.0,37700.0,35970.953125,22622400,0.0,0.0
2025-08-14 00:00:00+07:00,37800.0,38000.0,36900.0,37500.0,35780.125,27538600,0.0,0.0
2025-08-15 00:00:00+07:00,37750.0,39200.0,37750.0,38400.0,36638.84765625,38004200,0.0,0.0
2025-08-18 00:00:00+07:00,38200.0,38650.0,37650.0,37950.0,36209.484375,21688500,0.0,0.0
2025-08-19 00:00:00+07:00,38200.0,38650.0,37650.0,37950.0,36209.484375,21688500,0.0,0.0
2025-08-20 00:00:00+07:00,38250.0,39450.0,38100.0,39200.0,37402.15625,37483600,0.0,0.0
2025-08-21 00:00:00+07:00,40450.0,40900.0,38900.0,40500.0,38642.53515625,52927800,0.0,0.0
2025-08-22 00:00:00+07:00,41300.0,42500.0,41000.0,41550.0,39644.37890625,37569600,0.0,0.0
2025-08-25 00:00:00+07:00,39550.0,39650.0,37300.0,37550.0,35827.83203125,39313700,0.0,0.0
2025-08-26 00:00:00+07:00,39550.0,39650.0,37300.0,37550.0,35827.83203125,39313700,0.0,0.0
2025-08-27 00:00:00+07:00,38000.0,39400.0,36950.0,39350.0,37545.28125,29545200,0.0,0.0
2025-08-28 00:00:00+07:00,39500.0,40700.0,38900.0,38950.0,37163.625,25051600,0.0,0.0
2025-08-29 00:00:00+07:00,39600.0,39600.0,38800.0,39600.0,37783.8125,18621100,0.0,0.0
2025-09-01 00:00:00+07:00,39600.0,39600.0,39600.0,39600.0,37783.8125,0,0.0,0.0
2025-09-02 00:00:00+07:00,39600.0,39600.0,39600.0,39600.0,37783.8125,0,0.0,0.0
2025-09-03 00:00:00+07:00,40050.0,40100.0,39450.0,39600.0,37783.8125,13486800,0.0,0.0
2025-09-04 00:00:00+07:00,40050.0,40100.0,39450.0,39600.0,37783.8125,13486800,0.0,0.0
2025-09-05 00:00:00+07:00,39600.0,39950.0,39400.0,39600.0,37783.8125,16817900,0.0,0.0
2025-09-08 00:00:00+07:00,39500.0,39600.0,38000.0,38000.0,36257.1953125,31844700,0.0,0.0
2025-09-09 00:00:00+07:00,39500.0,39600.0,38000.0,38000.0,36257.1953125,31844700,0.0,0.0
2025-09-10 00:00:00+07:00,38550.0,38650.0,37850.0,38500.0,36734.26171875,27379900,0.0,0.0
2025-09-11 00:00:00+07:00,39250.0,39800.0,38600.0,39000.0,37211.328125,25909000,0.0,0.0
2025-09-12 00:00:00+07:00,38900.0,39000.0,37700.0,38700.0,36925.0859375,20441400,0.0,0.0
2025-09-15 00:00:00+07:00,38550.0,39000.0,38550.0,39000.0,37211.328125,16479300,0.0,0.0
2025-09-16 00:00:00+07:00,38550.0,39000.0,38550.0,39000.0,37211.328125,16479300,0.0,0.0
2025-09-17 00:00:00+07:00,39650.0,40100.0,39250.0,39350.0,37545.28125,30137900,0.0,0.0
2025-09-18 00:00:00+07:00,39350.0,39450.0,38500.0,38700.0,36925.0859375,15622100,0.0,0.0
2025-09-19 00:00:00+07:00,38700.0,38800.0,38200.0,38800.0,37020.5,13628900,0.0,0.0
2025-09-22 00:00:00+07:00,38300.0,38400.0,37300.0,37500.0,35780.125,21457800,0.0,0.0
2025-09-23 00:00:00+07:00,38300.0,38400.0,37300.0,37500.0,35780.125,21457800,0.0,0.0
2025-09-24 00:00:00+07:00,37550.0,38000.0,37500.0,37500.0,35780.125,8090400,0.0,0.0
2025-09-25 00:00:00+07:00,37500.0,38800.0,37150.0,38800.0,37020.5,14155200,0.0,0.0
2025-09-26 00:00:00+07:00,38800.0,38950.0,38550.0,38900.0,37115.9140625,11877200,0.0,0.0
2025-09-29 00:00:00+07:00,38600.0,38800.0,38400.0,38750.0,36972.796875,10121500,0.0,0.0
2025-09-30 00:00:00+07:00,38600.0,38800.0,38400.0,38750.0,37952.20703125,10121500,1000.0,0.0
2025-10-01 00:00:00+07:00,38050.0,38050.0,37500.0,37850.0,37070.734375,11108100,0.0,0.0
2025-10-02 00:00:00+07:00,37850.0,38600.0,37800.0,38550.0,37756.32421875,13225600,0.0,0.0
2025-10-03 00:00:00+07:00,38850.0,39200.0,38400.0,38850.0,38050.1484375,16259200,0.0,0.0
2025-10-06 00:00:00+07:00,38950.0,39400.0,38500.0,39400.0,38588.82421875,23149900,0.0,0.0
2025-10-07 00:00:00+07:00,38950.0,39400.0,38500.0,39400.0,38588.82421875,23149900,0.0,0.0
2025-10-08 00:00:00+07:00,40000.0,40000.0,38950.0,39000.0,38197.05859375,11813100,0.0,0.0
2025-10-09 00:00:00+07:00,39250.0,39400.0,38450.0,38600.0,37805.29296875,20604100,0.0,0.0
2025-10-10 00:00:00+07:00,38600.0,39100.0,38550.0,38950.0,38148.08984375,18770600,0.0,0.0
2025-10-13 00:00:00+07:00,39300.0,41500.0,39250.0,41300.0,40449.70703125,43313300,0.0,0.0
2025-10-14 00:00:00+07:00,39300.0,41500.0,39250.0,41300.0,40449.70703125,43313300,0.0,0.0
2025-10-15 00:00:00+07:00,41750.0,42000.0,40550.0,40800.0,39960.0,25929200,0.0,0.0
2025-10-16 00:00:00+07:00,41000.0,41350.0,40550.0,40800.0,39960.0,13321200,0.0,0.0
2025-10-17 00:00:00+07:00,41200.0,41250.0,40800.0,41250.0,40400.734375,20239100,0.0,0.0
2025-10-20 00:00:00+07:00,40650.0,40650.0,37850.0,37850.0,37070.734375,30048800,0.0,0.0
2025-10-21 00:00:00+07:00,40650.0,40650.0,37850.0,37850.0,37070.734375,30048800,0.0,0.0
2025-10-22 00:00:00+07:00,38100.0,38450.0,36500.0,37650.0,36874.85546875,28577600,0.0,0.0
2025-10-23 00:00:00+07:00,38100.0,38150.0,36400.0,38000.0,37217.6484375,15701400,0.0,0.0
2025-10-24 00:00:00+07:00,38050.0,38050.0,36800.0,37250.0,36483.08984375,15619200,0.0,0.0
2025-10-27 00:00:00+07:00,36300.0,36500.0,35050.0,35050.0,34328.3828125,15906600,0.0,0.0
2025-10-28 00:00:00+07:00,36300.0,36500.0,35050.0,35050.0,34328.3828125,15906600,0.0,0.0
2025-10-29 00:00:00+07:00,35050.0,36400.0,34000.0,36000.0,35258.82421875,26134800,0.0,0.0
2025-10-30 00:00:00+07:00,35900.0,36900.0,35650.0,36400.0,35650.58984375,13116300,0.0,0.0
2025-10-31 00:00:00+07:00,36500.0,36600.0,35600.0,35700.0,34965.0,10507900,0.0,0.0
2025-11-03 00:00:00+07:00,35100.0,35500.0,33600.0,33600.0,32908.234375,16737200,0.0,0.0
2025-11-04 00:00:00+07:00,33600.0,35200.0,33450.0,35000.0,34279.4140625,16062100,0.0,0.0
2025-11-05 00:00:00+07:00,33600.0,35200.0,33450.0,35000.0,34279.4140625,16062100,0.0,0.0
2025-11-06 00:00:00+07:00,34150.0,34500.0,33500.0,33600.0,32908.234375,13684100,0.0,0.0
2025-11-07 00:00:00+07:00,33600.0,33950.0,33000.0,33000.0,32320.587890625,16083600,0.0,0.0
2025-11-10 00:00:00+07:00,33300.0,33600.0,32950.0,33400.0,32712.353515625,8793300,0.0,0.0
2025-11-11 00:00:00+07:00,33450.0,34000.0,33350.0,33650.0,32957.20703125,11239700,0.0,0.0
2025-11-12 00:00:00+07:00,33700.0,35000.0,33600.0,35000.0,34279.4140625,12025800,0.0,0.0
2025-11-13 00:00:00+07:00,34650.0,35500.0,34600.0,35100.0,34377.3515625,12530800,0.0,0.0
2025-11-14 00:00:00+07:00,34800.0,35350.0,34700.0,35100.0,34377.3515625,5603100,0.0,0.0
2025-11-17 00:00:00+07:00,35100.0,35250.0,34700.0,35150.0,34426.32421875,9499500,0.0,0.0
2025-11-18 00:00:00+07:00,35200.0,35350.0,34950.0,35350.0,34622.20703125,8594800,0.0,0.0
2025-11-19 00:00:00+07:00,35400.0,35400.0,34750.0,34800.0,34083.53125,6830700,0.0,0.0
2025-11-20 00:00:00+07:00,34850.0,35000.0,34600.0,34600.0,33887.6484375,6941100,0.0,0.0
2025-11-21 00:00:00+07:00,34500.0,34500.0,33500.0,34250.0,33544.8515625,8560200,0.0,0.0
2025-11-24 00:00:00+07:00,34300.0,34400.0,33900.0,33950.0,33251.03125,8275900,0.0,0.0
2025-11-25 00:00:00+07:00,34000.0,34000.0,33450.0,33450.0,32761.32421875,9145600,0.0,0.0
2025-11-26 00:00:00+07:00,33600.0,33900.0,33500.0,33850.0,33153.08984375,7859900,0.0,0.0
2025-11-27 00:00:00+07:00,33950.0,34200.0,33700.0,33750.0,33055.1484375,8857300,0.0,0.0
2025-11-28 00:00:00+07:00,33750.0,33900.0,33300.0,33750.0,33055.1484375,8390800,0.0,0.0
2025-12-01 00:00:00+07:00,33700.0,33700.0,33200.0,33200.0,32516.470703125,7034700,0.0,0.0
2025-12-02 00:00:00+07:00,33200.0,34300.0,33150.0,34200.0,33495.8828125,14025300,0.0,0.0
2025-12-03 00:00:00+07:00,34250.0,35000.0,34250.0,34900.0,34181.47265625,16220500,0.0,0.0
2025-12-04 00:00:00+07:00,34250.0,35000.0,34250.0,34900.0,34181.47265625,16220500,0.0,0.0
2025-12-05 00:00:00+07:00,35500.0,35500.0,34700.0,34700.0,33985.58984375,7316700,0.0,0.0
2025-12-08 00:00:00+07:00,34650.0,34800.0,34150.0,34200.0,33495.8828125,6283600,0.0,0.0
2025-12-09 00:00:00+07:00,34200.0,34200.0,33500.0,33800.0,33104.1171875,10774500,0.0,0.0
2025-12-10 00:00:00+07:00,33750.0,34150.0,33700.0,33700.0,33006.17578125,5381400,0.0,0.0
2025-12-11 00:00:00+07:00,33750.0,34000.0,33400.0,33400.0,32712.353515625,6610500,0.0,0.0
2025-12-12 00:00:00+07:00,33450.0,33600.0,32000.0,32000.0,31341.177734375,19124300,0.0,0.0
2025-12-15 00:00:00+07:00,32000.0,32300.0,31500.0,32000.0,31341.177734375,10487300,0.0,0.0
2025-12-16 00:00:00+07:00,32000.0,33100.0,30500.0,33000.0,32320.587890625,14017600,0.0,0.0
2025-12-17 00:00:00+07:00,33000.0,33150.0,32550.0,32600.0,31928.82421875,6749600,0.0,0.0
2025-12-18 00:00:00+07:00,33000.0,33150.0,32550.0,32600.0,31928.82421875,6749600,0.0,0.0
2025-12-19 00:00:00+07:00,33200.0,33650.0,33100.0,33600.0,32908.234375,9184900,0.0,0.0
2025-12-22 00:00:00+07:00,33850.0,35200.0,33750.0,35200.0,34475.29296875,16562200,0.0,0.0
2025-12-23 00:00:00+07:00,35300.0,35350.0,34750.0,34800.0,34083.53125,12785000,0.0,0.0
2025-12-24 00:00:00+07:00,34700.0,35200.0,34300.0,34950.0,34230.44140625,10571000,0.0,0.0
2025-12-25 00:00:00+07:00,34700.0,35200.0,34300.0,34950.0,34230.44140625,10571000,0.0,0.0
2025-12-26 00:00:00+07:00,33500.0,34350.0,33050.0,33900.0,33202.05859375,12160300,0.0,0.0
2025-12-29 00:00:00+07:00,33950.0,34450.0,33800.0,34050.0,33348.97265625,6596700,0.0,0.0
2025-12-30 00:00:00+07:00,34200.0,34400.0,33750.0,34350.0,33642.79296875,7265300,0.0,0.0
2025-12-31 00:00:00+07:00,34800.0,34900.0,34250.0,34900.0,34181.47265625,9454000,0.0,0.0
2026-01-01 00:00:00+07:00,34900.0,34900.0,34900.0,34900.0,34181.47265625,0,0.0,0.0
2026-01-02 00:00:00+07:00,34900.0,34900.0,34900.0,34900.0,34181.47265625,0,0.0,0.0
2026-01-05 00:00:00+07:00,34650.0,34950.0,33800.0,34950.0,34230.44140625,8187500,0.0,0.0
2026-01-06 00:00:00+07:00,34950.0,36000.0,34200.0,36000.0,35258.82421875,25180300,0.0,0.0
2026-01-07 00:00:00+07:00,36250.0,36500.0,35950.0,36400.0,35650.58984375,13319400,0.0,0.0
2026-01-08 00:00:00+07:00,36500.0,36650.0,35500.0,36000.0,35258.82421875,21044200,0.0,0.0
2026-01-09 00:00:00+07:00,37050.0,37150.0,36200.0,36650.0,35895.44140625,28290500,0.0,0.0
2026-01-12 00:00:00+07:00,36700.0,38000.0,36450.0,38000.0,37217.6484375,23390400,0.0,0.0
2026-01-13 00:00:00+07:00,38100.0,38200.0,37150.0,37350.0,36581.03125,20065400,0.0,0.0
2026-01-14 00:00:00+07:00,37200.0,37300.0,36000.0,36500.0,35748.53125,24159300,0.0,0.0
2026-01-15 00:00:00+07:00,36000.0,36600.0,35300.0,35600.0,34867.05859375,27274000,0.0,0.0
2026-01-16 00:00:00+07:00,35650.0,36350.0,35600.0,35800.0,35062.94140625,9580800,0.0,0.0
2026-01-19 00:00:00+07:00,35900.0,36450.0,35800.0,36300.0,35552.6484375,9996300,0.0,0.0
2026-01-20 00:00:00+07:00,36350.0,36600.0,35650.0,35950.0,35209.85546875,15678200,0.0,0.0
2026-01-21 00:00:00+07:00,35800.0,35900.0,35000.0,35800.0,35062.94140625,11159500,0.0,0.0
2026-01-22 00:00:00+07:00,35850.0,36250.0,35650.0,36000.0,35258.82421875,8784900,0.0,0.0
2026-01-23 00:00:00+07:00,36200.0,36900.0,35950.0,36500.0,35748.53125,20704300,0.0,0.0
2026-01-26 00:00:00+07:00,36700.0,36700.0,35650.0,35650.0,34916.03125,9416700,0.0,0.0
2026-01-27 00:00:00+07:00,35500.0,35800.0,34750.0,34950.0,34230.44140625,12126400,0.0,0.0
2026-01-28 00:00:00+07:00,35000.0,35300.0,34350.0,34500.0,33789.70703125,11482000,0.0,0.0
2026-01-29 00:00:00+07:00,34650.0,35000.0,34150.0,34900.0,34181.47265625,8593000,0.0,0.0
2026-01-30 00:00:00+07:00,34850.0,35900.0,34800.0,35900.0,35160.8828125,11603200,0.0,0.0
2026-02-02 00:00:00+07:00,35300.0,35750.0,34750.0,35000.0,34279.4140625,9657500,0.0,0.0
2026-02-03 00:00:00+07:00,35600.0,35600.0,34700.0,34700.0,33985.58984375,14012600,0.0,0.0
2026-02-04 00:00:00+07:00,34700.0,34900.0,34350.0,34550.0,33838.67578125,11708700,0.0,0.0
2026-02-05 00:00:00+07:00,34950.0,35100.0,34750.0,34850.0,34132.5,10700200,0.0,0.0
2026-02-06 00:00:00+07:00,34500.0,34600.0,34100.0,34600.0,33887.6484375,12492400,0.0,0.0
2026-02-09 00:00:00+07:00,35000.0,35000.0,34500.0,34750.0,34034.55859375,7754700,0.0,0.0
2026-02-10 00:00:00+07:00,34800.0,35000.0,34450.0,34600.0,33887.6484375,9951100,0.0,0.0
2026-02-11 00:00:00+07:00,34700.0,35350.0,34600.0,35300.0,34573.234375,11045000,0.0,0.0
2026-02-12 00:00:00+07:00,35400.0,35750.0,35200.0,35450.0,34720.1484375,7542700,0.0,0.0
2026-02-13 00:00:00+07:00,35200.0,35500.0,35200.0,35450.0,34720.1484375,6059700,0.0,0.0
2026-02-16 00:00:00+07:00,35450.0,35450.0,35450.0,35450.0,34720.1484375,0,0.0,0.0
2026-02-17 00:00:00+07:00,35450.0,35450.0,35450.0,35450.0,34720.1484375,0,0.0,0.0
2026-02-18 00:00:00+07:00,35450.0,35450.0,35450.0,35450.0,34720.1484375,0,0.0,0.0
2026-02-19 00:00:00+07:00,35450.0,35450.0,35450.0,35450.0,34720.1484375,0,0.0,0.0
2026-02-20 00:00:00+07:00,35450.0,35450.0,35450.0,35450.0,34720.1484375,0,0.0,0.0
2026-02-23 00:00:00+07:00,35500.0,35900.0,35450.0,35850.0,35111.9140625,9141000,0.0,0.0
2026-02-24 00:00:00+07:00,35850.0,35900.0,35750.0,35800.0,35062.94140625,10872100,0.0,0.0
2026-02-25 00:00:00+07:00,35800.0,36450.0,35700.0,36000.0,35258.82421875,12384800,0.0,0.0
2026-02-26 00:00:00+07:00,36100.0,36450.0,36000.0,36450.0,35699.55859375,9305800,0.0,0.0
2026-02-27 00:00:00+07:00,36050.0,36400.0,35850.0,36250.0,35503.67578125,7958700,0.0,0.0
2026-03-02 00:00:00+07:00,35800.0,35800.0,34650.0,34650.0,33936.6171875,17516400,0.0,0.0
2026-03-03 00:00:00+07:00,35800.0,35800.0,34650.0,34650.0,33936.6171875,17516400,0.0,0.0
2026-03-04 00:00:00+07:00,33500.0,33700.0,31800.0,32500.0,31830.8828125,30866600,0.0,0.0
2026-03-05 00:00:00+07:00,33000.0,33100.0,32200.0,32200.0,31537.05859375,15754300,0.0,0.0
2026-03-06 00:00:00+07:00,32100.0,32100.0,31350.0,31450.0,30802.5,14743000,0.0,0.0
2026-03-09 00:00:00+07:00,29250.0,29800.0,29250.0,29250.0,28647.794921875,33386400,0.0,0.0
2026-03-10 00:00:00+07:00,30800.0,30800.0,29750.0,30300.0,29676.177734375,18772700,0.0,0.0
2026-03-11 00:00:00+07:00,30050.0,31350.0,29950.0,31100.0,30459.70703125,12998900,0.0,0.0
2026-03-12 00:00:00+07:00,30550.0,31000.0,29900.0,30000.0,29382.353515625,18068400,0.0,0.0
2026-03-13 00:00:00+07:00,30000.0,30300.0,29650.0,30000.0,29382.353515625,9833600,0.0,0.0
2026-03-16 00:00:00+07:00,30000.0,30450.0,30000.0,30200.0,29578.236328125,8138100,0.0,0.0
2026-03-17 00:00:00+07:00,30250.0,30900.0,30100.0,30300.0,29676.177734375,13156600,0.0,0.0
2026-03-18 00:00:00+07:00,30500.0,30800.0,30150.0,30300.0,29676.177734375,6834600,0.0,0.0
2026-03-19 00:00:00+07:00,30150.0,30300.0,29900.0,30050.0,29431.32421875,16386600,0.0,0.0
2026-03-20 00:00:00+07:00,30000.0,30100.0,29850.0,29850.0,29235.44140625,7919000,0.0,0.0
2026-03-23 00:00:00+07:00,29500.0,29550.0,28900.0,28900.0,28305.0,15397100,0.0,0.0
2026-03-24 00:00:00+07:00,29300.0,29850.0,29150.0,29850.0,29235.44140625,9251700,0.0,0.0
2026-03-25 00:00:00+07:00,30300.0,30900.0,30050.0,30800.0,30165.8828125,10014500,0.0,0.0
2026-03-26 00:00:00+07:00,30700.0,30700.0,30150.0,30150.0,29529.265625,7432100,0.0,0.0
2026-03-27 00:00:00+07:00,30150.0,30700.0,30050.0,30650.0,30018.970703125,7624800,0.0,0.0
2026-03-30 00:00:00+07:00,30050.0,30500.0,29750.0,30500.0,29872.05859375,6340300,0.0,0.0
2026-03-31 00:00:00+07:00,30500.0,30750.0,30400.0,30700.0,30067.94140625,8861500,0.0,0.0
2026-04-01 00:00:00+07:00,31350.0,31350.0,30800.0,30800.0,30165.8828125,8787500,0.0,0.0
2026-04-02 00:00:00+07:00,30500.0,30550.0,30100.0,30350.0,29725.1484375,7864700,0.0,0.0
2026-04-03 00:00:00+07:00,30400.0,30500.0,29750.0,29750.0,29137.5,8900100,0.0,0.0
2026-04-06 00:00:00+07:00,29700.0,29700.0,29000.0,29050.0,28451.912109375,12541800,0.0,0.0
2026-04-07 00:00:00+07:00,29250.0,29300.0,28350.0,28700.0,28109.1171875,15385300,0.0,0.0
2026-04-08 00:00:00+07:00,29750.0,30700.0,29500.0,30700.0,30067.94140625,18128900,0.0,0.0
2026-04-09 00:00:00+07:00,30950.0,31600.0,30600.0,30900.0,30263.82421875,20809500,0.0,0.0
2026-04-10 00:00:00+07:00,31050.0,32650.0,31050.0,32250.0,31586.029296875,30690500,0.0,0.0
2026-04-13 00:00:00+07:00,31500.0,32150.0,31500.0,31900.0,31243.236328125,10921700,0.0,0.0
2026-04-14 00:00:00+07:00,32400.0,32550.0,31850.0,32050.0,31390.1484375,9838400,0.0,0.0
2026-04-15 00:00:00+07:00,32400.0,32550.0,31850.0,31850.0,31194.265625,12297700,0.0,0.0
2026-04-16 00:00:00+07:00,31850.0,32100.0,31800.0,31900.0,31243.236328125,8572900,0.0,0.0
2026-04-17 00:00:00+07:00,32150.0,32450.0,32000.0,32250.0,31586.029296875,12197000,0.0,0.0
2026-04-20 00:00:00+07:00,32400.0,32900.0,32350.0,32600.0,31928.82421875,12615300,0.0,0.0
2026-04-21 00:00:00+07:00,32650.0,32850.0,32500.0,32700.0,32026.765625,10355500,0.0,0.0
2026-04-22 00:00:00+07:00,33100.0,33500.0,32900.0,33000.0,32320.587890625,15089100,0.0,0.0
2026-04-23 00:00:00+07:00,33000.0,33700.0,32900.0,33300.0,32614.412109375,12864900,0.0,0.0
2026-04-24 00:00:00+07:00,33400.0,34300.0,33300.0,34250.0,33544.8515625,24933500,0.0,0.0
2026-04-27 00:00:00+07:00,34250.0,34250.0,34250.0,34250.0,33544.8515625,0,0.0,0.0
2026-04-28 00:00:00+07:00,35000.0,35000.0,34500.0,34600.0,33887.6484375,16775400,0.0,0.0
2026-04-29 00:00:00+07:00,34500.0,34600.0,33500.0,33850.0,33153.08984375,16456400,0.0,0.0
2026-04-30 00:00:00+07:00,33850.0,33850.0,33850.0,33850.0,33153.08984375,0,0.0,0.0
2026-05-01 00:00:00+07:00,33850.0,33850.0,33850.0,33850.0,33153.08984375,0,0.0,0.0
2026-05-04 00:00:00+07:00,33800.0,33950.0,33300.0,33550.0,32859.265625,11611400,0.0,0.0
2026-05-05 00:00:00+07:00,33450.0,33450.0,32700.0,33300.0,32614.412109375,10590600,0.0,0.0
2026-05-06 00:00:00+07:00,33450.0,33900.0,33200.0,33900.0,33202.05859375,7863100,0.0,0.0
2026-05-07 00:00:00+07:00,34050.0,34200.0,33700.0,33700.0,33006.17578125,9746800,0.0,0.0
2026-05-08 00:00:00+07:00,33650.0,33950.0,33550.0,33850.0,33153.08984375,10525100,0.0,0.0
2026-05-11 00:00:00+07:00,33950.0,33950.0,33750.0,33800.0,33104.1171875,10445400,0.0,0.0
2026-05-12 00:00:00+07:00,33800.0,33850.0,33650.0,33800.0,33104.1171875,9674900,0.0,0.0
2026-05-13 00:00:00+07:00,33900.0,33900.0,33550.0,33600.0,32908.234375,11500800,0.0,0.0
2026-05-14 00:00:00+07:00,33600.0,34000.0,33600.0,34000.0,33300.0,10236700,0.0,0.0
2026-05-15 00:00:00+07:00,34350.0,34800.0,33950.0,34050.0,33348.97265625,22577300,0.0,0.0
2026-05-18 00:00:00+07:00,34000.0,34200.0,33750.0,34000.0,33300.0,12191600,0.0,0.0
2026-05-19 00:00:00+07:00,33500.0,33600.0,32600.0,32600.0,32600.0,15755800,700.0,0.0
2026-05-20 00:00:00+07:00,32200.0,32450.0,31050.0,32450.0,32450.0,19950800,0.0,0.0
2026-05-21 00:00:00+07:00,32500.0,32600.0,32200.0,32250.0,32250.0,9017000,0.0,0.0
2026-05-22 00:00:00+07:00,32400.0,32400.0,31650.0,32200.0,32200.0,7157000,0.0,0.0
2026-05-25 00:00:00+07:00,32050.0,32800.0,32050.0,32550.0,32550.0,6800800,0.0,0.0
2026-05-26 00:00:00+07:00,32500.0,33000.0,32450.0,32900.0,32900.0,5439700,0.0,0.0
2026-05-27 00:00:00+07:00,33100.0,33700.0,32900.0,33650.0,33650.0,16305800,0.0,0.0
2026-05-28 00:00:00+07:00,33600.0,33600.0,32600.0,32600.0,32600.0,8065900,0.0,0.0
2026-05-29 00:00:00+07:00,32650.0,33050.0,32650.0,32750.0,32750.0,6878700,0.0,0.0
2026-06-01 00:00:00+07:00,32850.0,32950.0,32350.0,32350.0,32350.0,5957400,0.0,0.0
2026-06-02 00:00:00+07:00,32350.0,32400.0,31900.0,31900.0,31900.0,8472100,0.0,0.0
2026-06-03 00:00:00+07:00,31900.0,32000.0,31450.0,31550.0,31550.0,11052800,0.0,0.0
2026-06-04 00:00:00+07:00,31650.0,31900.0,31450.0,31450.0,31450.0,6761500,0.0,0.0
2026-06-05 00:00:00+07:00,31500.0,32000.0,31500.0,31700.0,31700.0,5839000,0.0,0.0
2026-06-08 00:00:00+07:00,31500.0,31600.0,30850.0,30850.0,30850.0,9610500,0.0,0.0
2026-06-09 00:00:00+07:00,30900.0,31200.0,30800.0,30900.0,30900.0,9572400,0.0,0.0
2026-06-10 00:00:00+07:00,31050.0,31250.0,30900.0,30950.0,30950.0,4691800,0.0,0.0
2026-06-11 00:00:00+07:00,30950.0,31050.0,30800.0,30850.0,30850.0,6590700,0.0,0.0
2026-06-12 00:00:00+07:00,31300.0,31450.0,31050.0,31250.0,31250.0,10931200,0.0,0.0
2026-06-15 00:00:00+07:00,31700.0,31950.0,31250.0,31700.0,31700.0,10553500,0.0,0.0
2026-06-16 00:00:00+07:00,31800.0,31900.0,31550.0,31750.0,31750.0,7120000,0.0,0.0
2026-06-17 00:00:00+07:00,31750.0,31800.0,31350.0,31450.0,31450.0,16629400,0.0,0.0
2026-06-18 00:00:00+07:00,31450.0,31500.0,31150.0,31200.0,31200.0,8917000,0.0,0.0
2026-06-19 00:00:00+07:00,31250.0,31300.0,30900.0,30950.0,30950.0,10874100,0.0,0.0
2026-06-22 00:00:00+07:00,31150.0,31150.0,30900.0,30900.0,30900.0,5678600,0.0,0.0
2026-06-23 00:00:00+07:00,31000.0,33050.0,31000.0,32050.0,32050.0,28233400,0.0,0.0
2026-06-24 00:00:00+07:00,32500.0,32950.0,32000.0,32500.0,32500.0,17964000,0.0,0.0
2026-06-25 00:00:00+07:00,32700.0,33500.0,32450.0,33400.0,33400.0,20973800,0.0,0.0
2026-06-26 00:00:00+07:00,33400.0,33450.0,32900.0,33400.0,33400.0,10271000,0.0,0.0
2026-06-29 00:00:00+07:00,33300.0,33900.0,33250.0,33800.0,33800.0,14115800,0.0,0.0
2026-06-30 00:00:00+07:00,33850.0,33850.0,33450.0,33500.0,33500.0,9363600,0.0,0.0
2026-07-01 00:00:00+07:00,33850.0,33850.0,33450.0,33500.0,33500.0,9363600,0.0,0.0
2026-07-02 00:00:00+07:00,34350.0,34600.0,33800.0,33850.0,33850.0,12377100,0.0,0.0
2026-07-03 00:00:00+07:00,33950.0,33950.0,33200.0,33600.0,33600.0,15380400,0.0,0.0
2026-07-06 00:00:00+07:00,33600.0,33950.0,33200.0,33750.0,33750.0,10686300,0.0,0.0
2026-07-07 00:00:00+07:00,33750.0,33850.0,33350.0,33850.0,33850.0,7544400,0.0,0.0
2026-07-08 00:00:00+07:00,33850.0,34200.0,33750.0,33750.0,33750.0,12585200,0.0,0.0
2026-07-09 00:00:00+07:00,33550.0,33650.0,33150.0,33150.0,33150.0,11473700,0.0,0.0
2026-07-10 00:00:00+07:00,33150.0,33200.0,32300.0,32400.0,32400.0,16294000,0.0,0.0
2026-07-13 00:00:00+07:00,32250.0,32350.0,31500.0,32350.0,32350.0,19906700,0.0,0.0
2026-07-14 00:00:00+07:00,32150.0,32300.0,31750.0,32200.0,32200.0,11243700,0.0,0.0
2026-07-15 00:00:00+07:00,32050.0,32200.0,31500.0,31500.0,31500.0,8134600,0.0,0.0
2026-07-16 00:00:00+07:00,31300.0,31900.0,30750.0,31900.0,31900.0,14633400,0.0,0.0
2026-07-17 00:00:00+07:00,31900.0,31900.0,31450.0,31450.0,31450.0,7054000,0.0,0.0
2026-07-20 00:00:00+07:00,31400.0,31400.0,29950.0,29950.0,29950.0,14287800,0.0,0.0
2026-07-21 00:00:00+07:00,30000.0,30200.0,29600.0,29800.0,29800.0,10138100,0.0,0.0
2026-07-22 00:00:00+07:00,29900.0,30300.0,29000.0,29000.0,29000.0,19146900,0.0,0.0
2026-07-23 00:00:00+07:00,29050.0,29950.0,28350.0,29250.0,29250.0,16985100,0.0,0.0
2026-07-24 00:00:00+07:00,28900.0,29200.0,28500.0,28600.0,28600.0,10695100,0.0,0.0
2026-07-27 00:00:00+07:00,28700.0,29050.0,28250.0,28250.0,28250.0,10295400,0.0,0.0
2026-07-28 00:00:00+07:00,28150.0,28600.0,27800.0,28500.0,28500.0,10441600,0.0,0.0
2026-07-29 00:00:00+07:00,28150.0,28550.0,28150.0,28400.0,28400.0,8541800,0.0,0.0
2026-07-30 00:00:00+07:00,28600.0,29750.0,28400.0,29300.0,29300.0,19699200,0.0,0.0
2026-07-31 00:00:00+07:00,29550.0,29550.0,28950.0,28950.0,28950.0,11594700,0.0,0.0
2026-08-03 00:00:00+07:00,29150.0,30300.0,29150.0,29950.0,29950.0,13434400,0.0,0.0
2026-08-04 00:00:00+07:00,29900.0,29950.0,29550.0,29650.0,29650.0,9310400,0.0,0.0
2026-08-05 00:00:00+07:00,29900.0,30050.0,29550.0,29650.0,29650.0,12029900,0.0,0.0
2026-08-06 00:00:00+07:00,29700.0,29750.0,29200.0,29200.0,29200.0,11006100,0.0,0.0
2026-08-07 00:00:00+07:00,29150.0,29700.0,28900.0,29700.0,29700.0,22690400,0.0,0.0
2026-08-10 00:00:00+07:00,29700.0,31350.0,29500.0,31350.0,31350.0,34812900,0.0,0.0
2026-08-11 00:00:00+07:00,31150.0,31550.0,30700.0,31000.0,31000.0,18021000,0.0,0.0
2026-08-12 00:00:00+07:00,31000.0,31500.0,30900.0,31500.0,31500.0,15306400,0.0,0.0
2026-08-13 00:00:00+07:00,31500.0,32100.0,31300.0,31700.0,31700.0,33919400,0.0,0.0
2026-08-14 00:00:00+07:00,31700.0,32150.0,31450.0,32000.0,32000.0,15485400,0.0,0.0
2026-08-17 00:00:00+07:00,31850.0,32050.0,31600.0,31800.0,31800.0,10961200,0.0,0.0
2026-08-18 00:00:00+07:00,31850.0,31850.0,30600.0,30850.0,30850.0,14744200,0.0,0.0
2026-08-19 00:00:00+07:00,30650.0,31100.0,30650.0,31000.0,31000.0,8372700,0.0,0.0
2026-08-20 00:00:00+07:00,31200.0,31300.0,30850.0,31000.0,31000.0,6415500,0.0,0.0
2026-08-21 00:00:00+07:00,30800.0,31700.0,30750.0,31650.0,31650.0,9772000,0.0,0.0
2026-08-24 00:00:00+07:00,31650.0,31900.0,31450.0,31450.0,31450.0,10086100,0.0,0.0
2026-08-25 00:00:00+07:00,31450.0,31900.0,31200.0,31300.0,31300.0,14732000,0.0,0.0
2026-08-26 00:00:00+07:00,31250.0,33450.0,31000.0,33450.0,33450.0,39167000,0.0,0.0
2026-08-27 00:00:00+07:00,33500.0,35200.0,33450.0,34100.0,34100.0,32608700,0.0,0.0
2026-08-28 00:00:00+07:00,33350.0,33650.0,32700.0,33400.0,33400.0,27675200,0.0,0.0
2026-08-31 00:00:00+07:00,33400.0,33400.0,33400.0,33400.0,33400.0,0,0.0,0.0
