Date,Open,High,Low,Close,Adj Close,Volume,Dividends,Stock Splits
2020-01-01 00:00:00+07:00,112461.5390625,112461.5390625,112461.5390625,112461.5390625,112461.5390625,0,0.0,0.0
2020-01-02 00:00:00+07:00,112538.4609375,113846.15625,112538.4609375,113846.15625,113846.15625,545623,0.0,0.0
2020-01-03 00:00:00+07:00,113846.15625,114461.5390625,113461.5390625,113846.15625,113846.15625,456027,0.0,0.0
2020-01-06 00:00:00+07:00,113692.3046875,113692.3046875,112000.0,112307.6953125,112307.6953125,434655,0.0,0.0
2020-01-07 00:00:00+07:00,112153.84375,112307.6953125,111923.078125,112230.765625,112230.765625,468988,0.0,0.0
2020-01-08 00:00:00+07:00,112076.921875,112153.84375,110769.234375,111384.6171875,111384.6171875,542360,0.0,0.0
2020-01-09 00:00:00+07:00,111384.6171875,112461.5390625,111307.6953125,112461.5390625,112461.5390625,586872,0.0,0.0
2020-01-10 00:00:00+07:00,112461.5390625,112538.4609375,111769.234375,112461.5390625,112461.5390625,629070,0.0,0.0
2020-01-13 00:00:00+07:00,112461.5390625,112692.3046875,112230.765625,112692.3046875,112692.3046875,606541,0.0,0.0
2020-01-14 00:00:00+07:00,112692.3046875,112692.3046875,112153.84375,112307.6953125,112307.6953125,631969,0.0,0.0
2020-01-15 00:00:00+07:00,112230.765625,112307.6953125,111769.234375,112307.6953125,112307.6953125,549809,0.0,0.0
2020-01-16 00:00:00+07:00,112307.6953125,112538.4609375,112153.84375,112307.6953125,112307.6953125,525902,0.0,0.0
2020-01-17 00:00:00+07:00,112307.6953125,114153.84375,112307.6953125,114000.0,114000.0,659035,0.0,0.0
2020-01-20 00:00:00+07:00,114000.0,114000.0,113076.921875,113076.921875,113076.921875,443703,0.0,0.0
2020-01-21 00:00:00+07:00,113076.921875,113230.765625,112692.3046875,113076.921875,113076.921875,479960,0.0,0.0
2020-01-22 00:00:00+07:00,113076.921875,113076.921875,112692.3046875,112692.3046875,112692.3046875,474539,0.0,0.0
2020-01-23 00:00:00+07:00,112692.3046875,112692.3046875,112692.3046875,112692.3046875,112692.3046875,0,0.0,0.0
2020-01-24 00:00:00+07:00,112692.3046875,112692.3046875,112692.3046875,112692.3046875,112692.3046875,0,0.0,0.0
2020-01-27 00:00:00+07:00,112692.3046875,112692.3046875,112692.3046875,112692.3046875,112692.3046875,0,0.0,0.0
2020-01-28 00:00:00+07:00,112692.3046875,112692.3046875,112692.3046875,112692.3046875,112692.3046875,0,0.0,0.0
2020-01-29 00:00:00+07:00,112692.3046875,112692.3046875,112692.3046875,112692.3046875,112692.3046875,0,0.0,0.0
2020-01-30 00:00:00+07:00,111538.4609375,111538.4609375,107692.3046875,107692.3046875,107692.3046875,735410,0.0,0.0
2020-01-31 00:00:00+07:00,107461.5390625,107461.5390625,100153.84375,100153.84375,100153.84375,635817,0.0,0.0
2020-02-03 00:00:00+07:00,93153.84375,96538.4609375,93153.84375,96538.4609375,96538.4609375,1416597,0.0,0.0
2020-02-04 00:00:00+07:00,96538.4609375,99846.15625,96461.5390625,99230.765625,99230.765625,353366,0.0,0.0
2020-02-05 00:00:00+07:00,99230.765625,99461.5390625,97538.4609375,97692.3046875,97692.3046875,620789,0.0,0.0
2020-02-06 00:00:00+07:00,97538.4609375,98384.6171875,97153.84375,98076.921875,98076.921875,549705,0.0,0.0
2020-02-07 00:00:00+07:00,98153.84375,101461.5390625,98000.0,100923.078125,100923.078125,652964,0.0,0.0
2020-02-10 00:00:00+07:00,100769.234375,100769.234375,99076.921875,99230.765625,99230.765625,350467,0.0,0.0
2020-02-11 00:00:00+07:00,99230.765625,99307.6953125,98692.3046875,99230.765625,99230.765625,448864,0.0,0.0
2020-02-12 00:00:00+07:00,99307.6953125,99384.6171875,98769.234375,99384.6171875,99384.6171875,484510,0.0,0.0
2020-02-13 00:00:00+07:00,99153.84375,99384.6171875,98769.234375,99384.6171875,99384.6171875,471562,0.0,0.0
2020-02-14 00:00:00+07:00,99384.6171875,99384.6171875,98769.234375,98923.078125,98923.078125,365144,0.0,0.0
2020-02-17 00:00:00+07:00,98846.15625,99153.84375,98846.15625,99000.0,99000.0,422175,0.0,0.0
2020-02-18 00:00:00+07:00,99076.921875,99076.921875,98769.234375,99000.0,99000.0,451412,0.0,0.0
2020-02-19 00:00:00+07:00,99000.0,99000.0,98692.3046875,98769.234375,98769.234375,490854,0.0,0.0
2020-02-20 00:00:00+07:00,98769.234375,99000.0,98461.5390625,98846.15625,98846.15625,335010,0.0,0.0
2020-02-21 00:00:00+07:00,98846.15625,99076.921875,98769.234375,98923.078125,98923.078125,483262,0.0,0.0
2020-02-24 00:00:00+07:00,98769.234375,98846.15625,97923.078125,98461.5390625,98461.5390625,398541,0.0,0.0
2020-02-25 00:00:00+07:00,98307.6953125,98307.6953125,96307.6953125,97692.3046875,97692.3046875,321360,0.0,0.0
2020-02-26 00:00:00+07:00,96538.4609375,96615.3828125,96000.0,96153.84375,96153.84375,504530,0.0,0.0
2020-02-27 00:00:00+07:00,96153.84375,96153.84375,94384.6171875,94461.5390625,94461.5390625,317174,0.0,0.0
2020-02-28 00:00:00+07:00,93846.15625,94384.6171875,93692.3046875,93769.234375,93769.234375,397046,0.0,0.0
2020-03-02 00:00:00+07:00,93076.921875,93076.921875,91846.15625,92923.078125,92923.078125,441675,0.0,0.0
2020-03-03 00:00:00+07:00,92692.3046875,93769.234375,92538.4609375,92923.078125,92923.078125,435890,0.0,0.0
2020-03-05 00:00:00+07:00,93461.5390625,95307.6953125,93384.6171875,94615.3828125,94615.3828125,537472,0.0,0.0
2020-03-06 00:00:00+07:00,94538.4609375,94538.4609375,92230.765625,92692.3046875,92692.3046875,389441,0.0,0.0
2020-03-09 00:00:00+07:00,91538.4609375,91538.4609375,86230.765625,87307.6953125,87307.6953125,442871,0.0,0.0
2020-03-10 00:00:00+07:00,83846.15625,88076.921875,82923.078125,88076.921875,88076.921875,451048,0.0,0.0
2020-03-11 00:00:00+07:00,88076.921875,88076.921875,81923.078125,81923.078125,81923.078125,888342,0.0,0.0
2020-03-12 00:00:00+07:00,81153.84375,81538.4609375,76230.765625,77692.3046875,77692.3046875,1029093,0.0,0.0
2020-03-13 00:00:00+07:00,76538.4609375,77692.3046875,72307.6953125,77692.3046875,77692.3046875,634738,0.0,0.0
2020-03-16 00:00:00+07:00,76384.6171875,76923.078125,73846.15625,76923.078125,76923.078125,516412,0.0,0.0
2020-03-17 00:00:00+07:00,75384.6171875,78230.765625,75153.84375,78230.765625,78230.765625,571935,0.0,0.0
2020-03-18 00:00:00+07:00,78230.765625,78461.5390625,75384.6171875,78000.0,78000.0,498784,0.0,0.0
2020-03-19 00:00:00+07:00,76307.6953125,76923.078125,73153.84375,75384.6171875,75384.6171875,702221,0.0,0.0
2020-03-20 00:00:00+07:00,75384.6171875,79230.765625,74923.078125,79230.765625,79230.765625,608140,0.0,0.0
2020-03-23 00:00:00+07:00,76923.078125,76923.078125,73692.3046875,73692.3046875,73692.3046875,520338,0.0,0.0
2020-03-24 00:00:00+07:00,72923.078125,75384.6171875,72769.234375,74230.765625,74230.765625,430872,0.0,0.0
2020-03-25 00:00:00+07:00,75384.6171875,76538.4609375,74307.6953125,74692.3046875,74692.3046875,403832,0.0,0.0
2020-03-26 00:00:00+07:00,74692.3046875,74692.3046875,72769.234375,74615.3828125,74615.3828125,270868,0.0,0.0
2020-03-27 00:00:00+07:00,74230.765625,74538.4609375,72461.5390625,74538.4609375,74538.4609375,288873,0.0,0.0
2020-03-30 00:00:00+07:00,72307.6953125,74230.765625,71692.3046875,74230.765625,74230.765625,171015,0.0,0.0
2020-03-31 00:00:00+07:00,74230.765625,76076.921875,73846.15625,74769.234375,74769.234375,200174,0.0,0.0
2020-04-01 00:00:00+07:00,74769.234375,76307.6953125,74615.3828125,76307.6953125,76307.6953125,326235,0.0,0.0
2020-04-02 00:00:00+07:00,76307.6953125,76307.6953125,76307.6953125,76307.6953125,76307.6953125,0,0.0,0.0
2020-04-03 00:00:00+07:00,76307.6953125,78000.0,76153.84375,76846.15625,76846.15625,490542,0.0,0.0
2020-04-06 00:00:00+07:00,76846.15625,77076.921875,76153.84375,76846.15625,76846.15625,606177,0.0,0.0
2020-04-07 00:00:00+07:00,76923.078125,76923.078125,74769.234375,76153.84375,76153.84375,343200,0.0,0.0
2020-04-08 00:00:00+07:00,75769.234375,76153.84375,75000.0,76153.84375,76153.84375,354146,0.0,0.0
2020-04-09 00:00:00+07:00,76153.84375,79230.765625,75846.15625,78461.5390625,78461.5390625,467688,0.0,0.0
2020-04-10 00:00:00+07:00,78461.5390625,83923.078125,78461.5390625,83923.078125,83923.078125,349544,0.0,0.0
2020-04-13 00:00:00+07:00,86923.078125,89769.234375,86153.84375,89000.0,89000.0,314535,0.0,0.0
2020-04-14 00:00:00+07:00,88076.921875,88076.921875,84230.765625,86769.234375,86769.234375,391209,0.0,0.0
2020-04-15 00:00:00+07:00,86000.0,86307.6953125,81538.4609375,85230.765625,85230.765625,317785,0.0,0.0
2020-04-16 00:00:00+07:00,85384.6171875,89230.765625,85076.921875,89230.765625,89230.765625,395252,0.0,0.0
2020-04-17 00:00:00+07:00,89230.765625,90769.234375,89230.765625,90307.6953125,90307.6953125,509457,0.0,0.0
2020-04-20 00:00:00+07:00,90461.5390625,90461.5390625,89615.3828125,90153.84375,90153.84375,494312,0.0,0.0
2020-04-21 00:00:00+07:00,89615.3828125,89615.3828125,86923.078125,88461.5390625,88461.5390625,351052,0.0,0.0
2020-04-22 00:00:00+07:00,88230.765625,88846.15625,87538.4609375,88538.4609375,88538.4609375,549133,0.0,0.0
2020-04-23 00:00:00+07:00,88846.15625,90230.765625,88846.15625,89538.4609375,89538.4609375,543244,0.0,0.0
2020-04-24 00:00:00+07:00,89615.3828125,89615.3828125,88230.765625,88615.3828125,88615.3828125,286390,0.0,0.0
2020-04-27 00:00:00+07:00,88615.3828125,88615.3828125,86923.078125,87307.6953125,87307.6953125,363896,0.0,0.0
2020-04-28 00:00:00+07:00,86923.078125,87307.6953125,86307.6953125,86846.15625,86846.15625,275041,0.0,0.0
2020-04-29 00:00:00+07:00,86846.15625,86846.15625,86846.15625,86846.15625,86846.15625,0,0.0,0.0
2020-04-30 00:00:00+07:00,86846.15625,86846.15625,86846.15625,86846.15625,86846.15625,0,0.0,0.0
2020-05-01 00:00:00+07:00,86846.15625,86846.15625,86846.15625,86846.15625,86846.15625,0,0.0,0.0
2020-05-04 00:00:00+07:00,88846.15625,89230.765625,87615.3828125,87923.078125,87923.078125,344851,0.0,0.0
2020-05-05 00:00:00+07:00,87846.15625,87923.078125,85538.4609375,85769.234375,85769.234375,334789,0.0,0.0
2020-05-06 00:00:00+07:00,86000.0,86538.4609375,85923.078125,86230.765625,86230.765625,535509,0.0,0.0
2020-05-07 00:00:00+07:00,86307.6953125,88615.3828125,86307.6953125,88615.3828125,88615.3828125,537966,0.0,0.0
2020-05-08 00:00:00+07:00,88615.3828125,94769.234375,88538.4609375,92307.6953125,92307.6953125,1198730,0.0,0.0
2020-05-11 00:00:00+07:00,91769.234375,91769.234375,90461.5390625,91230.765625,91230.765625,525434,0.0,0.0
2020-05-12 00:00:00+07:00,91230.765625,91230.765625,89692.3046875,90307.6953125,90307.6953125,583154,0.0,0.0
2020-05-13 00:00:00+07:00,90000.0,90000.0,84000.0,88384.6171875,88384.6171875,922701,0.0,0.0
2020-05-14 00:00:00+07:00,88307.6953125,88307.6953125,86769.234375,87692.3046875,87692.3046875,688779,0.0,0.0
2020-05-15 00:00:00+07:00,87692.3046875,87692.3046875,87692.3046875,87692.3046875,87692.3046875,0,0.0,0.0
2020-05-18 00:00:00+07:00,87692.3046875,87692.3046875,87692.3046875,87692.3046875,87692.3046875,0,0.0,0.0
2020-05-19 00:00:00+07:00,88461.5390625,89230.765625,88076.921875,89230.765625,89230.765625,735618,0.0,0.0
2020-05-20 00:00:00+07:00,89230.765625,89230.765625,89230.765625,89230.765625,89230.765625,0,0.0,0.0
2020-05-21 00:00:00+07:00,87461.5390625,88461.5390625,87384.6171875,88461.5390625,88461.5390625,587808,0.0,0.0
2020-05-22 00:00:00+07:00,88307.6953125,88307.6953125,86923.078125,87692.3046875,87692.3046875,517218,0.0,0.0
2020-05-25 00:00:00+07:00,87692.3046875,87692.3046875,87000.0,87000.0,87000.0,430638,0.0,0.0
2020-05-26 00:00:00+07:00,86923.078125,87153.84375,86461.5390625,87153.84375,87153.84375,603356,0.0,0.0
2020-05-27 00:00:00+07:00,86923.078125,88615.3828125,86923.078125,86923.078125,86923.078125,645931,0.0,0.0
2020-05-28 00:00:00+07:00,86923.078125,87846.15625,86923.078125,87153.84375,87153.84375,566878,0.0,0.0
2020-05-29 00:00:00+07:00,87153.84375,87153.84375,86846.15625,86923.078125,86923.078125,584792,0.0,0.0
2020-06-01 00:00:00+07:00,86923.078125,87692.3046875,86846.15625,87153.84375,87153.84375,528463,0.0,0.0
2020-06-02 00:00:00+07:00,87153.84375,88846.15625,87076.921875,88230.765625,88230.765625,772135,0.0,0.0
2020-06-03 00:00:00+07:00,88230.765625,88230.765625,87461.5390625,87538.4609375,87538.4609375,404768,0.0,0.0
2020-06-04 00:00:00+07:00,87615.3828125,87923.078125,87538.4609375,87923.078125,87923.078125,893945,0.0,0.0
2020-06-05 00:00:00+07:00,87923.078125,87923.078125,87923.078125,87923.078125,87923.078125,0,0.0,0.0
2020-06-08 00:00:00+07:00,87923.078125,87923.078125,87923.078125,87923.078125,87923.078125,0,0.0,0.0
2020-06-09 00:00:00+07:00,87923.078125,87923.078125,87923.078125,87923.078125,87923.078125,0,0.0,0.0
2020-06-10 00:00:00+07:00,90692.3046875,91076.921875,90307.6953125,90615.3828125,90615.3828125,707629,0.0,0.0
2020-06-11 00:00:00+07:00,90615.3828125,90692.3046875,87307.6953125,87307.6953125,87307.6953125,906854,0.0,0.0
2020-06-12 00:00:00+07:00,86153.84375,87230.765625,84076.921875,87230.765625,87230.765625,855296,0.0,0.0
2020-06-15 00:00:00+07:00,86307.6953125,86307.6953125,83846.15625,83846.15625,83846.15625,818545,0.0,0.0
2020-06-16 00:00:00+07:00,84615.3828125,84923.078125,82384.6171875,82846.15625,82846.15625,796224,0.0,0.0
2020-06-17 00:00:00+07:00,82846.15625,84461.5390625,82692.3046875,84461.5390625,84461.5390625,623922,0.0,0.0
2020-06-18 00:00:00+07:00,84230.765625,85615.3828125,83846.15625,85384.6171875,85384.6171875,449228,0.0,0.0
2020-06-19 00:00:00+07:00,85384.6171875,86076.921875,84230.765625,84615.3828125,84615.3828125,544453,0.0,0.0
2020-06-22 00:00:00+07:00,84615.3828125,84615.3828125,83230.765625,83846.15625,83846.15625,359606,0.0,0.0
2020-06-23 00:00:00+07:00,83461.5390625,85384.6171875,83230.765625,84153.84375,84153.84375,360776,0.0,0.0
2020-06-24 00:00:00+07:00,84153.84375,84153.84375,83076.921875,83461.5390625,83461.5390625,348283,0.0,0.0
2020-06-25 00:00:00+07:00,83076.921875,83461.5390625,82461.5390625,83461.5390625,83461.5390625,336089,0.0,0.0
2020-06-26 00:00:00+07:00,83230.765625,83615.3828125,82692.3046875,83461.5390625,83461.5390625,322738,0.0,0.0
2020-06-29 00:00:00+07:00,83846.15625,84230.765625,81923.078125,82153.84375,82153.84375,426582,0.0,0.0
2020-06-30 00:00:00+07:00,83000.0,83076.921875,81846.15625,83076.921875,83076.921875,376467,0.0,0.0
2020-07-01 00:00:00+07:00,83076.921875,83461.5390625,82384.6171875,83076.921875,83076.921875,407238,0.0,0.0
2020-07-02 00:00:00+07:00,83076.921875,83076.921875,82230.765625,83000.0,83000.0,317941,0.0,0.0
2020-07-03 00:00:00+07:00,82692.3046875,83230.765625,82692.3046875,83076.921875,83076.921875,369668,0.0,0.0
2020-07-06 00:00:00+07:00,83076.921875,83230.765625,82461.5390625,82846.15625,82846.15625,414076,0.0,0.0
2020-07-07 00:00:00+07:00,82692.3046875,83846.15625,82692.3046875,83307.6953125,83307.6953125,455819,0.0,0.0
2020-07-08 00:00:00+07:00,83153.84375,83153.84375,82692.3046875,82769.234375,82769.234375,376285,0.0,0.0
2020-07-09 00:00:00+07:00,82769.234375,84230.765625,82538.4609375,83153.84375,83153.84375,675623,0.0,0.0
2020-07-10 00:00:00+07:00,83153.84375,83153.84375,83153.84375,83153.84375,83153.84375,0,0.0,0.0
2020-07-13 00:00:00+07:00,83076.921875,84230.765625,82307.6953125,83076.921875,83076.921875,480012,0.0,0.0
2020-07-14 00:00:00+07:00,83076.921875,83384.6171875,82307.6953125,83076.921875,83076.921875,426153,0.0,0.0
2020-07-15 00:00:00+07:00,83076.921875,83076.921875,83076.921875,83076.921875,83076.921875,0,0.0,0.0
2020-07-16 00:00:00+07:00,82923.078125,86153.84375,82538.4609375,86153.84375,86153.84375,364247,0.0,0.0
2020-07-17 00:00:00+07:00,83846.15625,83846.15625,83076.921875,83846.15625,83846.15625,414999,0.0,0.0
2020-07-20 00:00:00+07:00,83615.3828125,83615.3828125,82538.4609375,82692.3046875,82692.3046875,283881,0.0,0.0
2020-07-21 00:00:00+07:00,82615.3828125,83461.5390625,82307.6953125,83384.6171875,83384.6171875,302263,0.0,0.0
2020-07-22 00:00:00+07:00,83307.6953125,83307.6953125,82615.3828125,82615.3828125,82615.3828125,321646,0.0,0.0
2020-07-23 00:00:00+07:00,82615.3828125,83076.921875,82461.5390625,83000.0,83000.0,328848,0.0,0.0
2020-07-24 00:00:00+07:00,82692.3046875,83000.0,78769.234375,79846.15625,79846.15625,457223,0.0,0.0
2020-07-27 00:00:00+07:00,75384.6171875,76923.078125,74307.6953125,75307.6953125,75307.6953125,471627,0.0,0.0
2020-07-28 00:00:00+07:00,75230.765625,75307.6953125,73000.0,74230.765625,74230.765625,434265,0.0,0.0
2020-07-29 00:00:00+07:00,73846.15625,74153.84375,72538.4609375,73153.84375,73153.84375,298610,0.0,0.0
2020-07-30 00:00:00+07:00,73153.84375,74615.3828125,73153.84375,73846.15625,73846.15625,271323,0.0,0.0
2020-07-31 00:00:00+07:00,73076.921875,73769.234375,72692.3046875,72692.3046875,72692.3046875,346827,0.0,0.0
2020-08-03 00:00:00+07:00,72692.3046875,74000.0,72692.3046875,73846.15625,73846.15625,386516,0.0,0.0
2020-08-04 00:00:00+07:00,73846.15625,75000.0,73846.15625,74615.3828125,74615.3828125,420927,0.0,0.0
2020-08-05 00:00:00+07:00,74615.3828125,76923.078125,73923.078125,76769.234375,76769.234375,537836,0.0,0.0
2020-08-06 00:00:00+07:00,76923.078125,78538.4609375,76923.078125,77692.3046875,77692.3046875,471133,0.0,0.0
2020-08-07 00:00:00+07:00,77692.3046875,77846.15625,76307.6953125,77153.84375,77153.84375,331526,0.0,0.0
2020-08-10 00:00:00+07:00,77153.84375,77692.3046875,76923.078125,76923.078125,76923.078125,441623,0.0,0.0
2020-08-11 00:00:00+07:00,76923.078125,77000.0,76230.765625,76538.4609375,76538.4609375,313079,0.0,0.0
2020-08-12 00:00:00+07:00,76769.234375,77307.6953125,76692.3046875,77307.6953125,77307.6953125,388583,0.0,0.0
2020-08-13 00:00:00+07:00,77461.5390625,78153.84375,77384.6171875,78153.84375,78153.84375,548561,0.0,0.0
2020-08-14 00:00:00+07:00,78153.84375,78230.765625,77153.84375,77384.6171875,77384.6171875,470925,0.0,0.0
2020-08-17 00:00:00+07:00,77384.6171875,77384.6171875,76000.0,77076.921875,77076.921875,344513,0.0,0.0
2020-08-18 00:00:00+07:00,76923.078125,77076.921875,76076.921875,76769.234375,76769.234375,347217,0.0,0.0
2020-08-19 00:00:00+07:00,76769.234375,76923.078125,76615.3828125,76923.078125,76923.078125,319072,0.0,0.0
2020-08-20 00:00:00+07:00,76846.15625,76923.078125,76000.0,76615.3828125,76615.3828125,625625,0.0,0.0
2020-08-21 00:00:00+07:00,76692.3046875,76692.3046875,76230.765625,76615.3828125,76615.3828125,351585,0.0,0.0
2020-08-24 00:00:00+07:00,76692.3046875,77230.765625,76692.3046875,76923.078125,76923.078125,698919,0.0,0.0
2020-08-25 00:00:00+07:00,77000.0,77230.765625,76307.6953125,76538.4609375,76538.4609375,729261,0.0,0.0
2020-08-26 00:00:00+07:00,76769.234375,77384.6171875,76615.3828125,77384.6171875,77384.6171875,598884,0.0,0.0
2020-08-27 00:00:00+07:00,77307.6953125,77384.6171875,76538.4609375,76615.3828125,76615.3828125,359437,0.0,0.0
2020-08-28 00:00:00+07:00,76769.234375,77538.4609375,76769.234375,77384.6171875,77384.6171875,624598,0.0,0.0
2020-08-31 00:00:00+07:00,77692.3046875,79384.6171875,77461.5390625,79230.765625,79230.765625,636844,0.0,0.0
2020-09-01 00:00:00+07:00,79769.234375,81153.84375,79692.3046875,81153.84375,81153.84375,892866,0.0,0.0
2020-09-02 00:00:00+07:00,81153.84375,81153.84375,81153.84375,81153.84375,81153.84375,0,0.0,0.0
2020-09-03 00:00:00+07:00,82000.0,83000.0,81923.078125,82769.234375,82769.234375,789724,0.0,0.0
2020-09-04 00:00:00+07:00,81153.84375,82769.234375,81153.84375,82769.234375,82769.234375,863057,0.0,0.0
2020-09-07 00:00:00+07:00,83076.921875,83076.921875,81230.765625,82307.6953125,82307.6953125,631319,0.0,0.0
2020-09-08 00:00:00+07:00,82307.6953125,82307.6953125,81076.921875,82153.84375,82153.84375,525226,0.0,0.0
2020-09-09 00:00:00+07:00,81538.4609375,81538.4609375,80307.6953125,81538.4609375,81538.4609375,685906,0.0,0.0
2020-09-10 00:00:00+07:00,81538.4609375,81692.3046875,81153.84375,81538.4609375,81538.4609375,598871,0.0,0.0
2020-09-11 00:00:00+07:00,81538.4609375,81538.4609375,80384.6171875,81384.6171875,81384.6171875,532467,0.0,0.0
2020-09-14 00:00:00+07:00,81538.4609375,82615.3828125,81538.4609375,82615.3828125,82615.3828125,716846,0.0,0.0
2020-09-15 00:00:00+07:00,82692.3046875,83076.921875,81538.4609375,82230.765625,82230.765625,540228,0.0,0.0
2020-09-16 00:00:00+07:00,82230.765625,82230.765625,82230.765625,82230.765625,82230.765625,0,0.0,0.0
2020-09-17 00:00:00+07:00,82230.765625,82230.765625,81461.5390625,81461.5390625,81461.5390625,736229,0.0,0.0
2020-09-18 00:00:00+07:00,81000.0,81615.3828125,81000.0,81538.4609375,81538.4609375,463242,0.0,0.0
2020-09-21 00:00:00+07:00,81538.4609375,82307.6953125,81538.4609375,81923.078125,81923.078125,541814,0.0,0.0
2020-09-22 00:00:00+07:00,81923.078125,82153.84375,81461.5390625,82076.921875,82076.921875,833599,0.0,0.0
2020-09-23 00:00:00+07:00,82076.921875,82153.84375,81538.4609375,81923.078125,81923.078125,481949,0.0,0.0
2020-09-24 00:00:00+07:00,81615.3828125,81846.15625,81153.84375,81384.6171875,81384.6171875,459797,0.0,0.0
2020-09-25 00:00:00+07:00,81384.6171875,81692.3046875,81000.0,81230.765625,81230.765625,408395,0.0,0.0
2020-09-28 00:00:00+07:00,81307.6953125,81384.6171875,80769.234375,81153.84375,81153.84375,430651,0.0,0.0
2020-09-29 00:00:00+07:00,81076.921875,81076.921875,80000.0,80000.0,80000.0,486681,0.0,0.0
2020-09-30 00:00:00+07:00,79846.15625,81000.0,79846.15625,80461.5390625,80461.5390625,537810,0.0,0.0
2020-10-01 00:00:00+07:00,80538.4609375,81153.84375,80461.5390625,81153.84375,81153.84375,578890,0.0,0.0
2020-10-02 00:00:00+07:00,81153.84375,81230.765625,80230.765625,80692.3046875,80692.3046875,500058,0.0,0.0
2020-10-05 00:00:00+07:00,80769.234375,81076.921875,80615.3828125,80615.3828125,80615.3828125,398541,0.0,0.0
2020-10-06 00:00:00+07:00,80615.3828125,80692.3046875,79923.078125,80384.6171875,80384.6171875,531375,0.0,0.0
2020-10-07 00:00:00+07:00,80230.765625,80230.765625,79230.765625,80000.0,80000.0,463073,0.0,0.0
2020-10-08 00:00:00+07:00,80000.0,80000.0,79461.5390625,80000.0,80000.0,526877,0.0,0.0
2020-10-09 00:00:00+07:00,80000.0,80615.3828125,80000.0,80307.6953125,80307.6953125,494260,0.0,0.0
2020-10-12 00:00:00+07:00,80307.6953125,80769.234375,80153.84375,80769.234375,80769.234375,645671,0.0,0.0
2020-10-13 00:00:00+07:00,81000.0,81153.84375,80538.4609375,80769.234375,80769.234375,440349,0.0,0.0
2020-10-14 00:00:00+07:00,80769.234375,80769.234375,80000.0,80461.5390625,80461.5390625,387166,0.0,0.0
2020-10-15 00:00:00+07:00,80384.6171875,81538.4609375,79615.3828125,81538.4609375,81538.4609375,650481,0.0,0.0
2020-10-16 00:00:00+07:00,81384.6171875,81461.5390625,80461.5390625,80769.234375,80769.234375,542724,0.0,0.0
2020-10-19 00:00:00+07:00,80769.234375,80769.234375,80000.0,80384.6171875,80384.6171875,435331,0.0,0.0
2020-10-20 00:00:00+07:00,80384.6171875,80384.6171875,79615.3828125,80384.6171875,80384.6171875,571259,0.0,0.0
2020-10-21 00:00:00+07:00,80307.6953125,80461.5390625,79846.15625,79923.078125,79923.078125,608140,0.0,0.0
2020-10-22 00:00:00+07:00,79846.15625,80769.234375,79538.4609375,80769.234375,80769.234375,658138,0.0,0.0
2020-10-23 00:00:00+07:00,80769.234375,81000.0,80000.0,81000.0,81000.0,880438,0.0,0.0
2020-10-26 00:00:00+07:00,81000.0,81076.921875,80384.6171875,80384.6171875,80384.6171875,790361,0.0,0.0
2020-10-27 00:00:00+07:00,80384.6171875,80846.15625,80000.0,80384.6171875,80384.6171875,803959,0.0,0.0
2020-10-28 00:00:00+07:00,80384.6171875,80846.15625,78846.15625,80000.0,80000.0,948298,0.0,0.0
2020-10-29 00:00:00+07:00,80000.0,80000.0,77000.0,78692.3046875,78692.3046875,765414,0.0,0.0
2020-10-30 00:00:00+07:00,78538.4609375,78538.4609375,76461.5390625,77846.15625,77846.15625,675506,0.0,0.0
2020-11-02 00:00:00+07:00,77692.3046875,80692.3046875,77307.6953125,80692.3046875,80692.3046875,660322,0.0,0.0
2020-11-03 00:00:00+07:00,80692.3046875,81230.765625,79230.765625,81153.84375,81153.84375,757237,0.0,0.0
2020-11-04 00:00:00+07:00,81153.84375,81307.6953125,81000.0,81153.84375,81153.84375,736190,0.0,0.0
2020-11-05 00:00:00+07:00,81153.84375,81384.6171875,81076.921875,81307.6953125,81307.6953125,705757,0.0,0.0
2020-11-06 00:00:00+07:00,81307.6953125,81384.6171875,80615.3828125,81307.6953125,81307.6953125,728702,0.0,0.0
2020-11-09 00:00:00+07:00,81307.6953125,81538.4609375,81153.84375,81538.4609375,81538.4609375,630760,0.0,0.0
2020-11-10 00:00:00+07:00,87230.765625,87230.765625,87230.765625,87230.765625,87230.765625,903292,0.0,0.0
2020-11-11 00:00:00+07:00,87692.3046875,88076.921875,86846.15625,87538.4609375,87538.4609375,897299,0.0,0.0
2020-11-12 00:00:00+07:00,87307.6953125,87615.3828125,86461.5390625,86692.3046875,86692.3046875,573040,0.0,0.0
2020-11-13 00:00:00+07:00,86307.6953125,86692.3046875,85000.0,86692.3046875,86692.3046875,639210,0.0,0.0
2020-11-16 00:00:00+07:00,86769.234375,87615.3828125,83000.0,85538.4609375,85538.4609375,876057,0.0,0.0
2020-11-17 00:00:00+07:00,85923.078125,86923.078125,84692.3046875,86923.078125,86923.078125,823030,0.0,0.0
2020-11-18 00:00:00+07:00,87076.921875,87461.5390625,86230.765625,87307.6953125,87307.6953125,989326,0.0,0.0
2020-11-19 00:00:00+07:00,87153.84375,87461.5390625,86000.0,87461.5390625,87461.5390625,866593,0.0,0.0
2020-11-20 00:00:00+07:00,86923.078125,92692.3046875,86923.078125,91461.5390625,91461.5390625,1078649,0.0,0.0
2020-11-23 00:00:00+07:00,91461.5390625,91538.4609375,90692.3046875,91461.5390625,91461.5390625,581308,0.0,0.0
2020-11-24 00:00:00+07:00,91461.5390625,91461.5390625,90000.0,90769.234375,90769.234375,525161,0.0,0.0
2020-11-25 00:00:00+07:00,90923.078125,92461.5390625,90769.234375,91538.4609375,91538.4609375,803088,0.0,0.0
2020-11-26 00:00:00+07:00,91538.4609375,92384.6171875,90769.234375,92384.6171875,92384.6171875,778765,0.0,0.0
2020-11-27 00:00:00+07:00,92461.5390625,92461.5390625,91384.6171875,91538.4609375,91538.4609375,528541,0.0,0.0
2020-11-30 00:00:00+07:00,91307.6953125,91461.5390625,90307.6953125,90384.6171875,90384.6171875,827684,0.0,0.0
2020-12-01 00:00:00+07:00,89230.765625,90846.15625,88461.5390625,90769.234375,90769.234375,725647,0.0,0.0
2020-12-02 00:00:00+07:00,90384.6171875,91923.078125,90384.6171875,91923.078125,91923.078125,796224,0.0,0.0
2020-12-03 00:00:00+07:00,92076.921875,92076.921875,90923.078125,91384.6171875,91384.6171875,583492,0.0,0.0
2020-12-04 00:00:00+07:00,90923.078125,91538.4609375,90692.3046875,91153.84375,91153.84375,646048,0.0,0.0
2020-12-07 00:00:00+07:00,91076.921875,91076.921875,90307.6953125,90769.234375,90769.234375,628992,0.0,0.0
2020-12-08 00:00:00+07:00,90692.3046875,91307.6953125,90461.5390625,91153.84375,91153.84375,679289,0.0,0.0
2020-12-09 00:00:00+07:00,91153.84375,92307.6953125,91000.0,92307.6953125,92307.6953125,887926,0.0,0.0
2020-12-10 00:00:00+07:00,92538.4609375,92846.15625,91538.4609375,92153.84375,92153.84375,852631,0.0,0.0
2020-12-11 00:00:00+07:00,92153.84375,94000.0,92076.921875,94000.0,94000.0,938223,0.0,0.0
2020-12-14 00:00:00+07:00,94384.6171875,97692.3046875,94384.6171875,97692.3046875,97692.3046875,939198,0.0,0.0
2020-12-15 00:00:00+07:00,97692.3046875,99230.765625,96153.84375,96153.84375,96153.84375,1233518,0.0,0.0
2020-12-16 00:00:00+07:00,96153.84375,98538.4609375,96000.0,98538.4609375,98538.4609375,690157,0.0,0.0
2020-12-17 00:00:00+07:00,97692.3046875,98076.921875,95769.234375,95846.15625,95846.15625,767390,0.0,0.0
2020-12-18 00:00:00+07:00,95692.3046875,97307.6953125,95692.3046875,96153.84375,96153.84375,1082003,0.0,0.0
2020-12-21 00:00:00+07:00,96307.6953125,96769.234375,96000.0,96769.234375,96769.234375,848159,0.0,0.0
2020-12-22 00:00:00+07:00,96538.4609375,96615.3828125,94923.078125,95076.921875,95076.921875,672971,0.0,0.0
2020-12-23 00:00:00+07:00,95076.921875,95076.921875,93923.078125,94307.6953125,94307.6953125,688493,0.0,0.0
2020-12-24 00:00:00+07:00,94461.5390625,95153.84375,93769.234375,94615.3828125,94615.3828125,680550,0.0,0.0
2020-12-25 00:00:00+07:00,94615.3828125,96923.078125,94461.5390625,96846.15625,96846.15625,1137383,0.0,0.0
2020-12-28 00:00:00+07:00,96846.15625,96923.078125,95692.3046875,96076.921875,96076.921875,794794,0.0,0.0
2020-12-29 00:00:00+07:00,95846.15625,96923.078125,95538.4609375,96615.3828125,96615.3828125,828893,0.0,0.0
2020-12-30 00:00:00+07:00,96615.3828125,96692.3046875,95769.234375,95769.234375,95769.234375,734201,0.0,0.0
2020-12-31 00:00:00+07:00,95769.234375,96846.15625,95384.6171875,96153.84375,96153.84375,816556,0.0,0.0
2021-01-01 00:00:00+07:00,96153.84375,96153.84375,96153.84375,96153.84375,96153.84375,0,0.0,0.0
2021-01-04 00:00:00+07:00,96307.6953125,96923.078125,95384.6171875,96769.234375,96769.234375,102973,0.0,0.0
2021-01-05 00:00:00+07:00,96769.234375,97076.921875,95846.15625,96000.0,96000.0,84955,0.0,0.0
2021-01-06 00:00:00+07:00,96076.921875,96153.84375,94384.6171875,95153.84375,95153.84375,82550,0.0,0.0
2021-01-07 00:00:00+07:00,95153.84375,96461.5390625,95000.0,95846.15625,95846.15625,80080,0.0,0.0
2021-01-08 00:00:00+07:00,96230.765625,97461.5390625,96230.765625,97307.6953125,97307.6953125,96174,0.0,0.0
2021-01-11 00:00:00+07:00,97307.6953125,101538.4609375,97307.6953125,101000.0,101000.0,102297,0.0,0.0
2021-01-12 00:00:00+07:00,101076.921875,101230.765625,100538.4609375,101153.84375,101153.84375,82355,0.0,0.0
2021-01-13 00:00:00+07:00,101307.6953125,101538.4609375,100846.15625,101000.0,101000.0,81003,0.0,0.0
2021-01-14 00:00:00+07:00,100615.3828125,101076.921875,99615.3828125,100538.4609375,100538.4609375,97461,0.0,0.0
2021-01-15 00:00:00+07:00,100923.078125,101384.6171875,100000.0,101384.6171875,101384.6171875,97760,0.0,0.0
2021-01-18 00:00:00+07:00,101461.5390625,101769.234375,100923.078125,101538.4609375,101538.4609375,110513,0.0,0.0
2021-01-19 00:00:00+07:00,101538.4609375,101692.3046875,98384.6171875,98384.6171875,98384.6171875,91091,0.0,0.0
2021-01-20 00:00:00+07:00,98769.234375,100000.0,96923.078125,100000.0,100000.0,82485,0.0,0.0
2021-01-21 00:00:00+07:00,100000.0,101153.84375,99076.921875,100769.234375,100769.234375,98176,0.0,0.0
2021-01-22 00:00:00+07:00,101230.765625,103076.921875,100769.234375,102923.078125,102923.078125,114231,0.0,0.0
2021-01-25 00:00:00+07:00,102769.234375,103000.0,102538.4609375,102769.234375,102769.234375,107159,0.0,0.0
2021-01-26 00:00:00+07:00,102769.234375,102769.234375,99615.3828125,100769.234375,100769.234375,61087,0.0,0.0
2021-01-27 00:00:00+07:00,100538.4609375,100769.234375,98846.15625,100615.3828125,100615.3828125,88829,0.0,0.0
2021-01-28 00:00:00+07:00,97923.078125,98076.921875,93615.3828125,93615.3828125,93615.3828125,56836,0.0,0.0
2021-01-29 00:00:00+07:00,91538.4609375,100000.0,90769.234375,96769.234375,96769.234375,88725,0.0,0.0
2021-02-01 00:00:00+07:00,96769.234375,97307.6953125,94076.921875,96538.4609375,96538.4609375,77207,0.0,0.0
2021-02-02 00:00:00+07:00,96384.6171875,99846.15625,96230.765625,99769.234375,99769.234375,78832,0.0,0.0
2021-02-03 00:00:00+07:00,99846.15625,101153.84375,99230.765625,100769.234375,100769.234375,78052,0.0,0.0
2021-02-04 00:00:00+07:00,100769.234375,100846.15625,99230.765625,100461.5390625,100461.5390625,78637,0.0,0.0
2021-02-05 00:00:00+07:00,100615.3828125,100846.15625,100384.6171875,100846.15625,100846.15625,64532,0.0,0.0
2021-02-08 00:00:00+07:00,100384.6171875,100461.5390625,93846.15625,95846.15625,95846.15625,170391,0.0,0.0
2021-02-09 00:00:00+07:00,96384.6171875,99230.765625,95538.4609375,99230.765625,99230.765625,85904,0.0,0.0
2021-02-10 00:00:00+07:00,99230.765625,99230.765625,99230.765625,99230.765625,99230.765625,0,0.0,0.0
2021-02-11 00:00:00+07:00,99230.765625,99230.765625,99230.765625,99230.765625,99230.765625,0,0.0,0.0
2021-02-12 00:00:00+07:00,99230.765625,99230.765625,99230.765625,99230.765625,99230.765625,0,0.0,0.0
2021-02-15 00:00:00+07:00,99230.765625,99230.765625,99230.765625,99230.765625,99230.765625,0,0.0,0.0
2021-02-16 00:00:00+07:00,99230.765625,99230.765625,99230.765625,99230.765625,99230.765625,0,0.0,0.0
2021-02-17 00:00:00+07:00,99615.3828125,100769.234375,99307.6953125,100769.234375,100769.234375,80418,0.0,0.0
2021-02-18 00:00:00+07:00,100692.3046875,101384.6171875,99230.765625,101384.6171875,101384.6171875,79092,0.0,0.0
2021-02-19 00:00:00+07:00,101153.84375,101461.5390625,99846.15625,101384.6171875,101384.6171875,69745,0.0,0.0
2021-02-22 00:00:00+07:00,101461.5390625,101461.5390625,100000.0,101230.765625,101230.765625,75010,0.0,0.0
2021-02-23 00:00:00+07:00,101000.0,103461.5390625,99461.5390625,103076.921875,103076.921875,159692,0.0,0.0
2021-02-24 00:00:00+07:00,103076.921875,103076.921875,103076.921875,103076.921875,103076.921875,0,0.0,0.0
2021-02-25 00:00:00+07:00,103076.921875,103076.921875,103076.921875,103076.921875,103076.921875,0,0.0,0.0
2021-02-26 00:00:00+07:00,103461.5390625,104615.3828125,102692.3046875,103923.078125,103923.078125,100373,0.0,0.0
2021-03-01 00:00:00+07:00,104076.921875,105307.6953125,103846.15625,104769.234375,104769.234375,86294,0.0,0.0
2021-03-02 00:00:00+07:00,105153.84375,106538.4609375,103923.078125,105923.078125,105923.078125,104364,0.0,0.0
2021-03-03 00:00:00+07:00,105692.3046875,106000.0,104230.765625,105538.4609375,105538.4609375,91572,0.0,0.0
2021-03-04 00:00:00+07:00,105000.0,105923.078125,104076.921875,105230.765625,105230.765625,45981,0.0,0.0
2021-03-05 00:00:00+07:00,104923.078125,105384.6171875,103846.15625,105230.765625,105230.765625,63713,0.0,0.0
2021-03-08 00:00:00+07:00,105538.4609375,105615.3828125,103230.765625,104615.3828125,104615.3828125,64207,0.0,0.0
2021-03-09 00:00:00+07:00,104307.6953125,104307.6953125,102307.6953125,103769.234375,103769.234375,61984,0.0,0.0
2021-03-10 00:00:00+07:00,103769.234375,104230.765625,102769.234375,104230.765625,104230.765625,99723,0.0,0.0
2021-03-11 00:00:00+07:00,104461.5390625,105000.0,104000.0,104692.3046875,104692.3046875,82290,0.0,0.0
2021-03-12 00:00:00+07:00,104230.765625,104846.15625,103076.921875,103846.15625,103846.15625,68757,0.0,0.0
2021-03-15 00:00:00+07:00,103846.15625,104153.84375,102692.3046875,103846.15625,103846.15625,64441,0.0,0.0
2021-03-16 00:00:00+07:00,103846.15625,103923.078125,102307.6953125,103538.4609375,103538.4609375,62010,0.0,0.0
2021-03-17 00:00:00+07:00,103230.765625,103307.6953125,100923.078125,102692.3046875,102692.3046875,73333,0.0,0.0
2021-03-18 00:00:00+07:00,102692.3046875,103769.234375,102307.6953125,103769.234375,103769.234375,64987,0.0,0.0
2021-03-19 00:00:00+07:00,103384.6171875,103538.4609375,100384.6171875,100384.6171875,100384.6171875,121459,0.0,0.0
2021-03-22 00:00:00+07:00,101230.765625,102307.6953125,101153.84375,102076.921875,102076.921875,65949,0.0,0.0
2021-03-23 00:00:00+07:00,101538.4609375,102000.0,100076.921875,100769.234375,100769.234375,46319,0.0,0.0
2021-03-24 00:00:00+07:00,100000.0,100846.15625,98076.921875,98461.5390625,98461.5390625,53963,0.0,0.0
2021-03-25 00:00:00+07:00,98461.5390625,100692.3046875,98307.6953125,98538.4609375,98538.4609375,66053,0.0,0.0
2021-03-26 00:00:00+07:00,98692.3046875,100384.6171875,98615.3828125,100384.6171875,100384.6171875,52455,0.0,0.0
2021-03-29 00:00:00+07:00,100538.4609375,101230.765625,100384.6171875,101230.765625,101230.765625,83213,0.0,0.0
2021-03-30 00:00:00+07:00,101230.765625,101307.6953125,100000.0,101230.765625,101230.765625,66287,0.0,0.0
2021-03-31 00:00:00+07:00,101153.84375,101230.765625,99769.234375,99769.234375,99769.234375,59319,0.0,0.0
2021-04-01 00:00:00+07:00,100000.0,102230.765625,99769.234375,101923.078125,101923.078125,69719,0.0,0.0
2021-04-02 00:00:00+07:00,102923.078125,103307.6953125,101769.234375,101769.234375,101769.234375,69017,0.0,0.0
2021-04-05 00:00:00+07:00,104615.3828125,104615.3828125,101692.3046875,101769.234375,101769.234375,57304,0.0,0.0
2021-04-06 00:00:00+07:00,101923.078125,102923.078125,101692.3046875,102307.6953125,102307.6953125,55536,0.0,0.0
2021-04-07 00:00:00+07:00,102307.6953125,103076.921875,101615.3828125,102307.6953125,102307.6953125,49543,0.0,0.0
2021-04-08 00:00:00+07:00,102692.3046875,103076.921875,102000.0,102307.6953125,102307.6953125,54392,0.0,0.0
2021-04-09 00:00:00+07:00,102692.3046875,102692.3046875,101076.921875,101384.6171875,101384.6171875,54327,0.0,0.0
2021-04-12 00:00:00+07:00,101615.3828125,101615.3828125,100692.3046875,101384.6171875,101384.6171875,80782,0.0,0.0
2021-04-13 00:00:00+07:00,101846.15625,101846.15625,100846.15625,101461.5390625,101461.5390625,64935,0.0,0.0
2021-04-14 00:00:00+07:00,101692.3046875,101769.234375,100769.234375,101538.4609375,101538.4609375,66066,0.0,0.0
2021-04-15 00:00:00+07:00,101538.4609375,101846.15625,99230.765625,101307.6953125,101307.6953125,83304,0.0,0.0
2021-04-16 00:00:00+07:00,101307.6953125,101307.6953125,98615.3828125,99230.765625,99230.765625,56056,0.0,0.0
2021-04-19 00:00:00+07:00,99230.765625,99692.3046875,98461.5390625,99384.6171875,99384.6171875,77038,0.0,0.0
2021-04-20 00:00:00+07:00,99384.6171875,101538.4609375,99076.921875,100769.234375,100769.234375,94835,0.0,0.0
2021-04-21 00:00:00+07:00,100769.234375,100769.234375,100769.234375,100769.234375,100769.234375,0,0.0,0.0
2021-04-22 00:00:00+07:00,100384.6171875,101615.3828125,100230.765625,100307.6953125,100307.6953125,100412,0.0,0.0
2021-04-23 00:00:00+07:00,100307.6953125,100615.3828125,97307.6953125,99615.3828125,99615.3828125,105638,0.0,0.0
2021-04-26 00:00:00+07:00,100461.5390625,100461.5390625,95000.0,98076.921875,98076.921875,73138,0.0,0.0
2021-04-27 00:00:00+07:00,98076.921875,98384.6171875,96923.078125,97846.15625,97846.15625,61711,0.0,0.0
2021-04-28 00:00:00+07:00,97846.15625,97846.15625,95923.078125,96923.078125,96923.078125,67223,0.0,0.0
2021-04-29 00:00:00+07:00,96923.078125,97000.0,95461.5390625,96076.921875,96076.921875,67678,0.0,0.0
2021-04-30 00:00:00+07:00,96076.921875,96076.921875,96076.921875,96076.921875,96076.921875,0,0.0,0.0
2021-05-03 00:00:00+07:00,96076.921875,96076.921875,96076.921875,96076.921875,96076.921875,0,0.0,0.0
2021-05-04 00:00:00+07:00,96076.921875,96153.84375,94615.3828125,95384.6171875,95384.6171875,66989,0.0,0.0
2021-05-05 00:00:00+07:00,95384.6171875,96000.0,94923.078125,95769.234375,95769.234375,65923,0.0,0.0
2021-05-06 00:00:00+07:00,95769.234375,95769.234375,93846.15625,93846.15625,93846.15625,55458,0.0,0.0
2021-05-07 00:00:00+07:00,93076.921875,94307.6953125,90769.234375,91923.078125,91923.078125,57135,0.0,0.0
2021-05-10 00:00:00+07:00,91923.078125,92307.6953125,90769.234375,91692.3046875,91692.3046875,61412,0.0,0.0
2021-05-11 00:00:00+07:00,91846.15625,92153.84375,91384.6171875,91538.4609375,91538.4609375,68601,0.0,0.0
2021-05-12 00:00:00+07:00,91538.4609375,91692.3046875,90769.234375,91538.4609375,91538.4609375,69173,0.0,0.0
2021-05-13 00:00:00+07:00,91538.4609375,91769.234375,89846.15625,90000.0,90000.0,62530,0.0,0.0
2021-05-14 00:00:00+07:00,90000.0,91307.6953125,89769.234375,90692.3046875,90692.3046875,85670,0.0,0.0
2021-05-17 00:00:00+07:00,90769.234375,90923.078125,87692.3046875,87692.3046875,87692.3046875,63076,0.0,0.0
2021-05-18 00:00:00+07:00,87923.078125,88307.6953125,86230.765625,86923.078125,86923.078125,50817,0.0,0.0
2021-05-19 00:00:00+07:00,86923.078125,87076.921875,84307.6953125,84615.3828125,84615.3828125,47151,0.0,0.0
2021-05-20 00:00:00+07:00,84153.84375,85384.6171875,83384.6171875,85384.6171875,85384.6171875,61841,0.0,0.0
2021-05-21 00:00:00+07:00,85153.84375,86692.3046875,85000.0,86692.3046875,86692.3046875,42848,0.0,0.0
2021-05-24 00:00:00+07:00,86692.3046875,86692.3046875,86692.3046875,86692.3046875,86692.3046875,0,0.0,0.0
2021-05-25 00:00:00+07:00,87307.6953125,87307.6953125,86153.84375,87153.84375,87153.84375,54990,0.0,0.0
2021-05-26 00:00:00+07:00,86923.078125,87230.765625,86307.6953125,86923.078125,86923.078125,61490,0.0,0.0
2021-05-27 00:00:00+07:00,86923.078125,86923.078125,84615.3828125,86923.078125,86923.078125,56940,0.0,0.0
2021-05-28 00:00:00+07:00,86923.078125,86923.078125,85000.0,86153.84375,86153.84375,65247,0.0,0.0
2021-05-31 00:00:00+07:00,86000.0,86000.0,82307.6953125,84615.3828125,84615.3828125,66651,0.0,0.0
2021-06-01 00:00:00+07:00,84538.4609375,84538.4609375,81538.4609375,81692.3046875,81692.3046875,36881,0.0,0.0
2021-06-02 00:00:00+07:00,81692.3046875,82461.5390625,81538.4609375,82000.0,82000.0,67431,0.0,0.0
2021-06-03 00:00:00+07:00,82000.0,82461.5390625,81384.6171875,82230.765625,82230.765625,76570,0.0,0.0
2021-06-04 00:00:00+07:00,81692.3046875,82615.3828125,81692.3046875,82615.3828125,82615.3828125,82433,0.0,0.0
2021-06-07 00:00:00+07:00,82692.3046875,86000.0,82692.3046875,86000.0,86000.0,889850,0.0,0.0
2021-06-08 00:00:00+07:00,86000.0,86000.0,86000.0,86000.0,86000.0,0,0.0,0.0
2021-06-09 00:00:00+07:00,90153.84375,90307.6953125,87153.84375,88692.3046875,88692.3046875,835120,0.0,0.0
2021-06-10 00:00:00+07:00,88153.84375,88153.84375,85769.234375,87538.4609375,87538.4609375,829140,0.0,0.0
2021-06-11 00:00:00+07:00,87615.3828125,88846.15625,86769.234375,88846.15625,88846.15625,1041560,0.0,0.0
2021-06-14 00:00:00+07:00,88846.15625,89076.921875,88461.5390625,89000.0,89000.0,835510,0.0,0.0
2021-06-15 00:00:00+07:00,89000.0,90000.0,88923.078125,90000.0,90000.0,867880,0.0,0.0
2021-06-16 00:00:00+07:00,89076.921875,90230.765625,89076.921875,89615.3828125,89615.3828125,692250,0.0,0.0
2021-06-17 00:00:00+07:00,89230.765625,89615.3828125,88461.5390625,89615.3828125,89615.3828125,764920,0.0,0.0
2021-06-18 00:00:00+07:00,89307.6953125,89615.3828125,88769.234375,89230.765625,89230.765625,475930,0.0,0.0
2021-06-21 00:00:00+07:00,89230.765625,89230.765625,87538.4609375,87692.3046875,87692.3046875,869700,0.0,0.0
2021-06-22 00:00:00+07:00,88000.0,88769.234375,87692.3046875,88461.5390625,88461.5390625,687570,0.0,0.0
2021-06-23 00:00:00+07:00,88538.4609375,88692.3046875,88000.0,88538.4609375,88538.4609375,764400,0.0,0.0
2021-06-24 00:00:00+07:00,89153.84375,89153.84375,88461.5390625,88846.15625,88846.15625,824720,0.0,0.0
2021-06-25 00:00:00+07:00,88846.15625,89230.765625,88461.5390625,89153.84375,89153.84375,611130,0.0,0.0
2021-06-28 00:00:00+07:00,89230.765625,89307.6953125,88153.84375,88846.15625,88846.15625,668460,0.0,0.0
2021-06-29 00:00:00+07:00,89000.0,92307.6953125,88692.3046875,92307.6953125,92307.6953125,866970,0.0,0.0
2021-06-30 00:00:00+07:00,92307.6953125,93615.3828125,92153.84375,93461.5390625,93461.5390625,773760,0.0,0.0
2021-07-01 00:00:00+07:00,93461.5390625,93461.5390625,92000.0,92846.15625,92846.15625,694590,0.0,0.0
2021-07-02 00:00:00+07:00,93076.921875,93153.84375,92153.84375,92769.234375,92769.234375,658840,0.0,0.0
2021-07-05 00:00:00+07:00,92769.234375,92769.234375,92769.234375,92769.234375,92769.234375,0,0.0,0.0
2021-07-06 00:00:00+07:00,92769.234375,92769.234375,92769.234375,92769.234375,92769.234375,0,0.0,0.0
2021-07-07 00:00:00+07:00,92769.234375,92769.234375,92769.234375,92769.234375,92769.234375,0,0.0,0.0
2021-07-08 00:00:00+07:00,92769.234375,92769.234375,92769.234375,92769.234375,92769.234375,0,0.0,0.0
2021-07-09 00:00:00+07:00,92461.5390625,92461.5390625,90230.765625,91461.5390625,91461.5390625,827710,0.0,0.0
2021-07-12 00:00:00+07:00,91461.5390625,91461.5390625,91461.5390625,91461.5390625,91461.5390625,0,0.0,0.0
2021-07-13 00:00:00+07:00,92307.6953125,92307.6953125,90615.3828125,92230.765625,92230.765625,707460,0.0,0.0
2021-07-14 00:00:00+07:00,92230.765625,92230.765625,92230.765625,92230.765625,92230.765625,0,0.0,0.0
2021-07-15 00:00:00+07:00,89923.078125,89923.078125,84000.0,88307.6953125,88307.6953125,1346280,0.0,0.0
2021-07-16 00:00:00+07:00,88307.6953125,88307.6953125,88307.6953125,88307.6953125,88307.6953125,0,0.0,0.0
2021-07-19 00:00:00+07:00,88230.765625,88230.765625,85384.6171875,87692.3046875,87692.3046875,748670,0.0,0.0
2021-07-20 00:00:00+07:00,87384.6171875,88076.921875,84615.3828125,88076.921875,88076.921875,670150,0.0,0.0
2021-07-21 00:00:00+07:00,87692.3046875,88076.921875,86384.6171875,87692.3046875,87692.3046875,668200,0.0,0.0
2021-07-22 00:00:00+07:00,87615.3828125,87846.15625,86769.234375,87692.3046875,87692.3046875,707980,0.0,0.0
2021-07-23 00:00:00+07:00,87615.3828125,87615.3828125,85230.765625,87230.765625,87230.765625,720720,0.0,0.0
2021-07-26 00:00:00+07:00,86923.078125,87692.3046875,85769.234375,87692.3046875,87692.3046875,804310,0.0,0.0
2021-07-27 00:00:00+07:00,87692.3046875,88846.15625,87538.4609375,88384.6171875,88384.6171875,809250,0.0,0.0
2021-07-28 00:00:00+07:00,88076.921875,88076.921875,87153.84375,88000.0,88000.0,676780,0.0,0.0
2021-07-29 00:00:00+07:00,88000.0,88000.0,86384.6171875,88000.0,88000.0,649480,0.0,0.0
2021-07-30 00:00:00+07:00,88076.921875,88076.921875,86461.5390625,86923.078125,86923.078125,690430,0.0,0.0
2021-08-02 00:00:00+07:00,86923.078125,89153.84375,86923.078125,88846.15625,88846.15625,654160,0.0,0.0
2021-08-03 00:00:00+07:00,88692.3046875,89461.5390625,88000.0,89230.765625,89230.765625,745940,0.0,0.0
2021-08-04 00:00:00+07:00,89230.765625,89230.765625,89230.765625,89230.765625,89230.765625,0,0.0,0.0
2021-08-05 00:00:00+07:00,89538.4609375,89615.3828125,88076.921875,89615.3828125,89615.3828125,481000,0.0,0.0
2021-08-06 00:00:00+07:00,89846.15625,90384.6171875,89230.765625,90307.6953125,90307.6953125,616200,0.0,0.0
2021-08-09 00:00:00+07:00,89846.15625,92076.921875,89230.765625,91923.078125,91923.078125,795730,0.0,0.0
2021-08-10 00:00:00+07:00,91923.078125,91923.078125,91923.078125,91923.078125,91923.078125,0,0.0,0.0
2021-08-11 00:00:00+07:00,91384.6171875,91461.5390625,90769.234375,91307.6953125,91307.6953125,668460,0.0,0.0
2021-08-12 00:00:00+07:00,91307.6953125,91538.4609375,89923.078125,91307.6953125,91307.6953125,623220,0.0,0.0
2021-08-13 00:00:00+07:00,91307.6953125,91307.6953125,89615.3828125,90769.234375,90769.234375,695760,0.0,0.0
2021-08-16 00:00:00+07:00,90846.15625,90846.15625,89461.5390625,90230.765625,90230.765625,623090,0.0,0.0
2021-08-17 00:00:00+07:00,90230.765625,90230.765625,90230.765625,90230.765625,90230.765625,0,0.0,0.0
2021-08-18 00:00:00+07:00,90230.765625,90923.078125,90076.921875,90769.234375,90769.234375,1102010,0.0,0.0
2021-08-19 00:00:00+07:00,90769.234375,92307.6953125,90538.4609375,92307.6953125,92307.6953125,1814020,0.0,0.0
2021-08-20 00:00:00+07:00,91538.4609375,92307.6953125,90384.6171875,92153.84375,92153.84375,2117570,0.0,0.0
2021-08-23 00:00:00+07:00,91923.078125,92538.4609375,90923.078125,92538.4609375,92538.4609375,2038530,0.0,0.0
2021-08-24 00:00:00+07:00,92615.3828125,94461.5390625,92153.84375,94461.5390625,94461.5390625,1964820,0.0,0.0
2021-08-25 00:00:00+07:00,95000.0,97692.3046875,94615.3828125,97692.3046875,97692.3046875,1835210,0.0,0.0
2021-08-26 00:00:00+07:00,96769.234375,97615.3828125,95615.3828125,96769.234375,96769.234375,1449370,0.0,0.0
2021-08-27 00:00:00+07:00,97000.0,97538.4609375,96000.0,97538.4609375,97538.4609375,1835470,0.0,0.0
2021-08-30 00:00:00+07:00,97307.6953125,97692.3046875,95384.6171875,97615.3828125,97615.3828125,1596530,0.0,0.0
2021-08-31 00:00:00+07:00,97538.4609375,97538.4609375,96153.84375,97307.6953125,97307.6953125,1369030,0.0,0.0
2021-09-01 00:00:00+07:00,96538.4609375,97153.84375,95846.15625,96538.4609375,96538.4609375,1124370,0.0,0.0
2021-09-02 00:00:00+07:00,96538.4609375,96538.4609375,96538.4609375,96538.4609375,96538.4609375,0,0.0,0.0
2021-09-03 00:00:00+07:00,96538.4609375,96538.4609375,96538.4609375,96538.4609375,96538.4609375,0,0.0,0.0
2021-09-06 00:00:00+07:00,95923.078125,96923.078125,95923.078125,96692.3046875,96692.3046875,1305590,0.0,0.0
2021-09-07 00:00:00+07:00,96538.4609375,96538.4609375,95230.765625,95846.15625,95846.15625,1067950,0.0,0.0
2021-09-08 00:00:00+07:00,95846.15625,95846.15625,95846.15625,95846.15625,95846.15625,0,0.0,0.0
2021-09-09 00:00:00+07:00,95846.15625,99230.765625,95384.6171875,99230.765625,99230.765625,1594840,0.0,0.0
2021-09-10 00:00:00+07:00,99615.3828125,100000.0,99384.6171875,99846.15625,99846.15625,1198340,0.0,0.0
2021-09-13 00:00:00+07:00,99846.15625,99846.15625,98461.5390625,98461.5390625,98461.5390625,1325480,0.0,0.0
2021-09-14 00:00:00+07:00,98000.0,98307.6953125,96153.84375,96769.234375,96769.234375,1152190,0.0,0.0
2021-09-15 00:00:00+07:00,96384.6171875,97230.765625,96384.6171875,96923.078125,96923.078125,894530,0.0,0.0
2021-09-16 00:00:00+07:00,96923.078125,97076.921875,96230.765625,96923.078125,96923.078125,927030,0.0,0.0
2021-09-17 00:00:00+07:00,96923.078125,97000.0,95384.6171875,96076.921875,96076.921875,1609010,0.0,0.0
2021-09-20 00:00:00+07:00,96153.84375,96846.15625,95000.0,95538.4609375,95538.4609375,915720,0.0,0.0
2021-09-21 00:00:00+07:00,95538.4609375,95538.4609375,95538.4609375,95538.4609375,95538.4609375,0,0.0,0.0
2021-09-22 00:00:00+07:00,95538.4609375,95538.4609375,95538.4609375,95538.4609375,95538.4609375,0,0.0,0.0
2021-09-23 00:00:00+07:00,94846.15625,95384.6171875,93846.15625,95153.84375,95153.84375,906360,0.0,0.0
2021-09-24 00:00:00+07:00,95076.921875,96307.6953125,95076.921875,96153.84375,96153.84375,135616000,0.0,0.0
2021-09-27 00:00:00+07:00,96230.765625,99769.234375,96153.84375,99230.765625,99230.765625,1596400,0.0,0.0
2021-09-28 00:00:00+07:00,99076.921875,99461.5390625,98461.5390625,99230.765625,99230.765625,1095640,0.0,0.0
2021-09-29 00:00:00+07:00,99230.765625,99307.6953125,97692.3046875,98846.15625,98846.15625,1112670,0.0,0.0
2021-09-30 00:00:00+07:00,98461.5390625,99076.921875,97615.3828125,98384.6171875,98384.6171875,989300,0.0,0.0
2021-10-01 00:00:00+07:00,98076.921875,99230.765625,96538.4609375,99076.921875,99076.921875,993460,0.0,0.0
2021-10-04 00:00:00+07:00,99076.921875,101538.4609375,98846.15625,101384.6171875,101384.6171875,134654000,0.0,0.0
2021-10-05 00:00:00+07:00,101076.921875,101307.6953125,99384.6171875,100615.3828125,100615.3828125,1058070,0.0,0.0
2021-10-06 00:00:00+07:00,100615.3828125,100615.3828125,100615.3828125,100615.3828125,100615.3828125,0,0.0,0.0
2021-10-07 00:00:00+07:00,99538.4609375,100000.0,97923.078125,99076.921875,99076.921875,968760,0.0,0.0
2021-10-08 00:00:00+07:00,99076.921875,99230.765625,97769.234375,99153.84375,99153.84375,942370,0.0,0.0
2021-10-11 00:00:00+07:00,99153.84375,99153.84375,99153.84375,99153.84375,99153.84375,0,0.0,0.0
2021-10-12 00:00:00+07:00,101923.078125,102153.84375,101384.6171875,101923.078125,101923.078125,1199640,0.0,0.0
2021-10-13 00:00:00+07:00,102153.84375,103153.84375,101923.078125,103000.0,103000.0,1059760,0.0,0.0
2021-10-14 00:00:00+07:00,103000.0,103000.0,103000.0,103000.0,103000.0,0,0.0,0.0
2021-10-15 00:00:00+07:00,103384.6171875,103461.5390625,100692.3046875,101307.6953125,101307.6953125,1276600,0.0,0.0
2021-10-18 00:00:00+07:00,101307.6953125,101307.6953125,101307.6953125,101307.6953125,101307.6953125,0,0.0,0.0
2021-10-19 00:00:00+07:00,100769.234375,104000.0,100000.0,104000.0,104000.0,1400100,0.0,0.0
2021-10-20 00:00:00+07:00,104000.0,105000.0,102538.4609375,104538.4609375,104538.4609375,1219920,0.0,0.0
2021-10-21 00:00:00+07:00,104538.4609375,104538.4609375,101384.6171875,101384.6171875,101384.6171875,1123850,0.0,0.0
2021-10-22 00:00:00+07:00,101461.5390625,102153.84375,101230.765625,101384.6171875,101384.6171875,1024920,0.0,0.0
2021-10-25 00:00:00+07:00,101384.6171875,101384.6171875,101384.6171875,101384.6171875,101384.6171875,0,0.0,0.0
2021-10-26 00:00:00+07:00,101384.6171875,102000.0,100538.4609375,101923.078125,101923.078125,1139190,0.0,0.0
2021-10-27 00:00:00+07:00,101923.078125,103846.15625,101769.234375,103076.921875,103076.921875,1199250,0.0,0.0
2021-10-28 00:00:00+07:00,103076.921875,103384.6171875,102153.84375,102692.3046875,102692.3046875,1154140,0.0,0.0
2021-10-29 00:00:00+07:00,102307.6953125,103076.921875,101538.4609375,101538.4609375,101538.4609375,992940,0.0,0.0
2021-11-01 00:00:00+07:00,101538.4609375,101538.4609375,101538.4609375,101538.4609375,101538.4609375,0,0.0,0.0
2021-11-02 00:00:00+07:00,100000.0,101538.4609375,100000.0,101538.4609375,101538.4609375,1195740,0.0,0.0
2021-11-03 00:00:00+07:00,101384.6171875,101538.4609375,98461.5390625,99846.15625,99846.15625,94705000,0.0,0.0
2021-11-04 00:00:00+07:00,99461.5390625,99846.15625,98000.0,99692.3046875,99692.3046875,886210,0.0,0.0
2021-11-05 00:00:00+07:00,99692.3046875,100230.765625,99384.6171875,100000.0,100000.0,1130090,0.0,0.0
2021-11-08 00:00:00+07:00,99846.15625,101538.4609375,99692.3046875,101384.6171875,101384.6171875,1362270,0.0,0.0
2021-11-09 00:00:00+07:00,101461.5390625,101461.5390625,99461.5390625,100769.234375,100769.234375,1038310,0.0,0.0
2021-11-10 00:00:00+07:00,100769.234375,100769.234375,99076.921875,99769.234375,99769.234375,931970,0.0,0.0
2021-11-11 00:00:00+07:00,99384.6171875,99538.4609375,97923.078125,98923.078125,98923.078125,1070550,0.0,0.0
2021-11-12 00:00:00+07:00,98615.3828125,99153.84375,98076.921875,98923.078125,98923.078125,981760,0.0,0.0
2021-11-15 00:00:00+07:00,98538.4609375,98923.078125,96923.078125,97692.3046875,97692.3046875,1044290,0.0,0.0
2021-11-16 00:00:00+07:00,97307.6953125,98384.6171875,96538.4609375,98384.6171875,98384.6171875,1037920,0.0,0.0
2021-11-17 00:00:00+07:00,98076.921875,98461.5390625,97692.3046875,98384.6171875,98384.6171875,969800,0.0,0.0
2021-11-18 00:00:00+07:00,98384.6171875,98461.5390625,96615.3828125,97307.6953125,97307.6953125,1180010,0.0,0.0
2021-11-19 00:00:00+07:00,97307.6953125,98384.6171875,97076.921875,98307.6953125,98307.6953125,1246440,0.0,0.0
2021-11-22 00:00:00+07:00,98615.3828125,98769.234375,96923.078125,98461.5390625,98461.5390625,1039090,0.0,0.0
2021-11-23 00:00:00+07:00,98307.6953125,101615.3828125,98076.921875,101538.4609375,101538.4609375,1709760,0.0,0.0
2021-11-24 00:00:00+07:00,101846.15625,101846.15625,100615.3828125,101692.3046875,101692.3046875,1534260,0.0,0.0
2021-11-25 00:00:00+07:00,101692.3046875,102153.84375,100692.3046875,101538.4609375,101538.4609375,1324050,0.0,0.0
2021-11-26 00:00:00+07:00,101384.6171875,101384.6171875,98538.4609375,99615.3828125,99615.3828125,1184820,0.0,0.0
2021-11-29 00:00:00+07:00,99153.84375,99153.84375,95769.234375,96153.84375,96153.84375,1135550,0.0,0.0
2021-11-30 00:00:00+07:00,94615.3828125,95153.84375,93538.4609375,94230.765625,94230.765625,869700,0.0,0.0
2021-12-01 00:00:00+07:00,93538.4609375,93846.15625,89846.15625,92307.6953125,92307.6953125,1064700,0.0,0.0
2021-12-02 00:00:00+07:00,92307.6953125,93000.0,92076.921875,92615.3828125,92615.3828125,1058590,0.0,0.0
2021-12-03 00:00:00+07:00,92615.3828125,92923.078125,91000.0,92615.3828125,92615.3828125,1046630,0.0,0.0
2021-12-06 00:00:00+07:00,92153.84375,92692.3046875,90769.234375,92692.3046875,92692.3046875,1008540,0.0,0.0
2021-12-07 00:00:00+07:00,92307.6953125,94615.3828125,91153.84375,94615.3828125,94615.3828125,1197300,0.0,0.0
2021-12-08 00:00:00+07:00,94461.5390625,94615.3828125,92384.6171875,93384.6171875,93384.6171875,952640,0.0,0.0
2021-12-09 00:00:00+07:00,93000.0,95000.0,91923.078125,95000.0,95000.0,1091610,0.0,0.0
2021-12-10 00:00:00+07:00,95076.921875,96153.84375,94230.765625,95769.234375,95769.234375,880100,0.0,0.0
2021-12-13 00:00:00+07:00,95769.234375,96923.078125,95384.6171875,96769.234375,96769.234375,1179750,0.0,0.0
2021-12-14 00:00:00+07:00,96923.078125,96923.078125,94692.3046875,95384.6171875,95384.6171875,1033240,0.0,0.0
2021-12-15 00:00:00+07:00,95307.6953125,95615.3828125,94538.4609375,95384.6171875,95384.6171875,1013740,0.0,0.0
2021-12-16 00:00:00+07:00,94692.3046875,95384.6171875,93153.84375,94461.5390625,94461.5390625,1003080,0.0,0.0
2021-12-17 00:00:00+07:00,94538.4609375,95076.921875,93384.6171875,94230.765625,94230.765625,967590,0.0,0.0
2021-12-20 00:00:00+07:00,94230.765625,94230.765625,92307.6953125,93923.078125,93923.078125,920400,0.0,0.0
2021-12-21 00:00:00+07:00,93769.234375,94230.765625,93461.5390625,94230.765625,94230.765625,885040,0.0,0.0
2021-12-22 00:00:00+07:00,94230.765625,94615.3828125,93076.921875,94384.6171875,94384.6171875,908180,0.0,0.0
2021-12-23 00:00:00+07:00,94384.6171875,95307.6953125,92846.15625,95307.6953125,95307.6953125,897650,0.0,0.0
2021-12-24 00:00:00+07:00,95307.6953125,95769.234375,94461.5390625,95384.6171875,95384.6171875,1009840,0.0,0.0
2021-12-27 00:00:00+07:00,95384.6171875,96153.84375,94615.3828125,96153.84375,96153.84375,934310,0.0,0.0
2021-12-28 00:00:00+07:00,96692.3046875,96846.15625,94384.6171875,96307.6953125,96307.6953125,1001910,0.0,0.0
2021-12-29 00:00:00+07:00,96307.6953125,96461.5390625,94923.078125,96307.6953125,96307.6953125,1122030,0.0,0.0
2021-12-30 00:00:00+07:00,95846.15625,96923.078125,95384.6171875,96923.078125,96923.078125,1146340,0.0,0.0
2021-12-31 00:00:00+07:00,96923.078125,98692.3046875,96769.234375,98692.3046875,98692.3046875,1163110,0.0,0.0
2022-01-03 00:00:00+07:00,98692.3046875,98692.3046875,98692.3046875,98692.3046875,98692.3046875,0,0.0,0.0
2022-01-04 00:00:00+07:00,98692.3046875,98692.3046875,96923.078125,96923.078125,96923.078125,896480,0.0,0.0
2022-01-05 00:00:00+07:00,96769.234375,96846.15625,94615.3828125,94615.3828125,94615.3828125,741130,0.0,0.0
2022-01-06 00:00:00+07:00,94615.3828125,95692.3046875,94384.6171875,95230.765625,95230.765625,815230,0.0,0.0
2022-01-07 00:00:00+07:00,95230.765625,95461.5390625,93692.3046875,95230.765625,95230.765625,835770,0.0,0.0
2022-01-10 00:00:00+07:00,95307.6953125,95307.6953125,94230.765625,95230.765625,95230.765625,887770,0.0,0.0
2022-01-11 00:00:00+07:00,95000.0,95230.765625,93846.15625,95230.765625,95230.765625,885820,0.0,0.0
2022-01-12 00:00:00+07:00,94615.3828125,94769.234375,92923.078125,94769.234375,94769.234375,811980,0.0,0.0
2022-01-13 00:00:00+07:00,94615.3828125,94615.3828125,92307.6953125,93846.15625,93846.15625,918840,0.0,0.0
2022-01-14 00:00:00+07:00,93769.234375,94076.921875,93076.921875,93846.15625,93846.15625,761020,0.0,0.0
2022-01-17 00:00:00+07:00,93461.5390625,93846.15625,92307.6953125,92692.3046875,92692.3046875,837590,0.0,0.0
2022-01-18 00:00:00+07:00,92692.3046875,95769.234375,92307.6953125,95769.234375,95769.234375,1094990,0.0,0.0
2022-01-19 00:00:00+07:00,95384.6171875,97153.84375,93846.15625,97153.84375,97153.84375,1320410,0.0,0.0
2022-01-20 00:00:00+07:00,96923.078125,97153.84375,95076.921875,95076.921875,95076.921875,1172340,0.0,0.0
2022-01-21 00:00:00+07:00,95076.921875,95153.84375,93076.921875,93846.15625,93846.15625,669630,0.0,0.0
2022-01-24 00:00:00+07:00,93692.3046875,93846.15625,90230.765625,92692.3046875,92692.3046875,787280,0.0,0.0
2022-01-25 00:00:00+07:00,92692.3046875,93307.6953125,91153.84375,93307.6953125,93307.6953125,749580,0.0,0.0
2022-01-26 00:00:00+07:00,93307.6953125,93307.6953125,91538.4609375,93153.84375,93153.84375,865930,0.0,0.0
2022-01-27 00:00:00+07:00,93076.921875,93692.3046875,91615.3828125,93153.84375,93153.84375,928980,0.0,0.0
2022-01-28 00:00:00+07:00,93461.5390625,94384.6171875,93153.84375,93769.234375,93769.234375,746590,0.0,0.0
2022-01-31 00:00:00+07:00,93769.234375,93769.234375,93769.234375,93769.234375,93769.234375,0,0.0,0.0
2022-02-01 00:00:00+07:00,93769.234375,93769.234375,93769.234375,93769.234375,93769.234375,0,0.0,0.0
2022-02-02 00:00:00+07:00,93769.234375,93769.234375,93769.234375,93769.234375,93769.234375,0,0.0,0.0
2022-02-03 00:00:00+07:00,93769.234375,93769.234375,93769.234375,93769.234375,93769.234375,0,0.0,0.0
2022-02-04 00:00:00+07:00,93769.234375,93769.234375,93769.234375,93769.234375,93769.234375,0,0.0,0.0
2022-02-07 00:00:00+07:00,94461.5390625,100307.6953125,94461.5390625,100307.6953125,100307.6953125,1373710,0.0,0.0
2022-02-08 00:00:00+07:00,100538.4609375,102076.921875,100076.921875,101153.84375,101153.84375,1077830,0.0,0.0
2022-02-09 00:00:00+07:00,100615.3828125,103846.15625,99846.15625,103846.15625,103846.15625,1504230,0.0,0.0
2022-02-10 00:00:00+07:00,103692.3046875,103692.3046875,101769.234375,102307.6953125,102307.6953125,1389960,0.0,0.0
2022-02-11 00:00:00+07:00,102153.84375,102230.765625,99846.15625,102153.84375,102153.84375,1134510,0.0,0.0
2022-02-14 00:00:00+07:00,101538.4609375,107692.3046875,101538.4609375,107692.3046875,107692.3046875,1667640,0.0,0.0
2022-02-15 00:00:00+07:00,107692.3046875,107692.3046875,107692.3046875,107692.3046875,107692.3046875,0,0.0,0.0
2022-02-16 00:00:00+07:00,107307.6953125,107307.6953125,105461.5390625,107076.921875,107076.921875,833170,0.0,0.0
2022-02-17 00:00:00+07:00,106923.078125,108923.078125,106384.6171875,108923.078125,108923.078125,1529970,0.0,0.0
2022-02-18 00:00:00+07:00,107769.234375,114615.3828125,107769.234375,114615.3828125,114615.3828125,1849120,0.0,0.0
2022-02-21 00:00:00+07:00,113461.5390625,114307.6953125,112307.6953125,112307.6953125,112307.6953125,1266590,0.0,0.0
2022-02-22 00:00:00+07:00,110769.234375,111000.0,108615.3828125,109846.15625,109846.15625,1039350,0.0,0.0
2022-02-23 00:00:00+07:00,109538.4609375,114615.3828125,109230.765625,114000.0,114000.0,1499420,0.0,0.0
2022-02-24 00:00:00+07:00,113000.0,114000.0,110384.6171875,113846.15625,113846.15625,950820,0.0,0.0
2022-02-25 00:00:00+07:00,113923.078125,113923.078125,111615.3828125,111615.3828125,111615.3828125,980720,0.0,0.0
2022-02-28 00:00:00+07:00,111153.84375,111153.84375,106615.3828125,107769.234375,107769.234375,1032590,0.0,0.0
2022-03-01 00:00:00+07:00,106923.078125,109615.3828125,106923.078125,108384.6171875,108384.6171875,1050790,0.0,0.0
2022-03-02 00:00:00+07:00,108307.6953125,111538.4609375,107923.078125,111538.4609375,111538.4609375,1451060,0.0,0.0
2022-03-03 00:00:00+07:00,111538.4609375,111538.4609375,108692.3046875,110307.6953125,110307.6953125,834470,0.0,0.0
2022-03-04 00:00:00+07:00,109615.3828125,109846.15625,107230.765625,107230.765625,107230.765625,899210,0.0,0.0
2022-03-07 00:00:00+07:00,106615.3828125,106615.3828125,103076.921875,103230.765625,103230.765625,1042470,0.0,0.0
2022-03-08 00:00:00+07:00,103076.921875,105384.6171875,102923.078125,105384.6171875,105384.6171875,1122420,0.0,0.0
2022-03-09 00:00:00+07:00,105307.6953125,109000.0,105000.0,107692.3046875,107692.3046875,1245660,0.0,0.0
2022-03-10 00:00:00+07:00,107692.3046875,107923.078125,106923.078125,106923.078125,106923.078125,1026090,0.0,0.0
2022-03-11 00:00:00+07:00,106538.4609375,107538.4609375,105769.234375,106538.4609375,106538.4609375,1313910,0.0,0.0
2022-03-14 00:00:00+07:00,106615.3828125,112538.4609375,106461.5390625,111538.4609375,111538.4609375,1855620,0.0,0.0
2022-03-15 00:00:00+07:00,111538.4609375,113846.15625,111153.84375,113846.15625,113846.15625,1837550,0.0,0.0
2022-03-16 00:00:00+07:00,113076.921875,113076.921875,110923.078125,113076.921875,113076.921875,1353430,0.0,0.0
2022-03-17 00:00:00+07:00,112307.6953125,113076.921875,110769.234375,111538.4609375,111538.4609375,1308970,0.0,0.0
2022-03-18 00:00:00+07:00,110923.078125,114000.0,109769.234375,114000.0,114000.0,3130140,0.0,0.0
2022-03-21 00:00:00+07:00,112384.6171875,112384.6171875,110000.0,110230.765625,110230.765625,1024660,0.0,0.0
2022-03-22 00:00:00+07:00,110230.765625,110230.765625,107692.3046875,108307.6953125,108307.6953125,967200,0.0,0.0
2022-03-23 00:00:00+07:00,108307.6953125,108461.5390625,107076.921875,108461.5390625,108461.5390625,938080,0.0,0.0
2022-03-24 00:00:00+07:00,108461.5390625,110769.234375,107615.3828125,110769.234375,110769.234375,1522430,0.0,0.0
2022-03-25 00:00:00+07:00,110769.234375,110769.234375,109538.4609375,110000.0,110000.0,1049750,0.0,0.0
2022-03-28 00:00:00+07:00,109846.15625,109923.078125,107307.6953125,108307.6953125,108307.6953125,960440,0.0,0.0
2022-03-29 00:00:00+07:00,108307.6953125,109923.078125,107692.3046875,109923.078125,109923.078125,1352390,0.0,0.0
2022-03-30 00:00:00+07:00,109230.765625,109615.3828125,107307.6953125,108076.921875,108076.921875,937560,0.0,0.0
2022-03-31 00:00:00+07:00,108000.0,108692.3046875,107307.6953125,108076.921875,108076.921875,777530,0.0,0.0
2022-04-01 00:00:00+07:00,108076.921875,108461.5390625,105000.0,108384.6171875,108384.6171875,865280,0.0,0.0
2022-04-04 00:00:00+07:00,108384.6171875,110384.6171875,106923.078125,109923.078125,109923.078125,1285570,0.0,0.0
2022-04-05 00:00:00+07:00,109923.078125,110384.6171875,108846.15625,108846.15625,108846.15625,866060,0.0,0.0
2022-04-06 00:00:00+07:00,108461.5390625,108692.3046875,106846.15625,108461.5390625,108461.5390625,792740,0.0,0.0
2022-04-07 00:00:00+07:00,108076.921875,108076.921875,105384.6171875,105384.6171875,105384.6171875,947570,0.0,0.0
2022-04-08 00:00:00+07:00,105384.6171875,106769.234375,105000.0,106461.5390625,106461.5390625,860210,0.0,0.0
2022-04-11 00:00:00+07:00,106461.5390625,106461.5390625,106461.5390625,106461.5390625,106461.5390625,0,0.0,0.0
2022-04-12 00:00:00+07:00,107076.921875,107692.3046875,105769.234375,106153.84375,106153.84375,1001650,0.0,0.0
2022-04-13 00:00:00+07:00,106230.765625,106538.4609375,105692.3046875,106230.765625,106230.765625,1003990,0.0,0.0
2022-04-14 00:00:00+07:00,105769.234375,106615.3828125,103846.15625,105307.6953125,105307.6953125,830830,0.0,0.0
2022-04-15 00:00:00+07:00,105307.6953125,105538.4609375,104153.84375,104538.4609375,104538.4609375,780780,0.0,0.0
2022-04-18 00:00:00+07:00,104615.3828125,106923.078125,103846.15625,106384.6171875,106384.6171875,1010880,0.0,0.0
2022-04-19 00:00:00+07:00,106384.6171875,110076.921875,105538.4609375,110076.921875,110076.921875,1314950,0.0,0.0
2022-04-20 00:00:00+07:00,109846.15625,111000.0,108846.15625,109230.765625,109230.765625,1003080,0.0,0.0
2022-04-21 00:00:00+07:00,107692.3046875,109384.6171875,105000.0,105000.0,105000.0,952380,0.0,0.0
2022-04-22 00:00:00+07:00,105076.921875,108461.5390625,105076.921875,106307.6953125,106307.6953125,1184040,0.0,0.0
2022-04-25 00:00:00+07:00,106307.6953125,106538.4609375,98923.078125,100769.234375,100769.234375,829270,0.0,0.0
2022-04-26 00:00:00+07:00,99615.3828125,102000.0,95769.234375,99230.765625,99230.765625,886470,0.0,0.0
2022-04-27 00:00:00+07:00,99230.765625,99615.3828125,96153.84375,99230.765625,99230.765625,628290,0.0,0.0
2022-04-28 00:00:00+07:00,98461.5390625,99461.5390625,96923.078125,99230.765625,99230.765625,511420,0.0,0.0
2022-04-29 00:00:00+07:00,98846.15625,100615.3828125,97307.6953125,99923.078125,99923.078125,711620,0.0,0.0
2022-05-02 00:00:00+07:00,99923.078125,99923.078125,99923.078125,99923.078125,99923.078125,0,0.0,0.0
2022-05-03 00:00:00+07:00,99923.078125,99923.078125,99923.078125,99923.078125,99923.078125,0,0.0,0.0
2022-05-04 00:00:00+07:00,99615.3828125,101000.0,99230.765625,100230.765625,100230.765625,635180,0.0,0.0
2022-05-05 00:00:00+07:00,100000.0,100615.3828125,98769.234375,100615.3828125,100615.3828125,560820,0.0,0.0
2022-05-06 00:00:00+07:00,100000.0,100000.0,97538.4609375,98461.5390625,98461.5390625,480610,0.0,0.0
2022-05-09 00:00:00+07:00,97692.3046875,98461.5390625,94230.765625,95384.6171875,95384.6171875,729300,0.0,0.0
2022-05-10 00:00:00+07:00,95307.6953125,99307.6953125,94230.765625,99307.6953125,99307.6953125,813020,0.0,0.0
2022-05-11 00:00:00+07:00,99153.84375,99230.765625,97000.0,97307.6953125,97307.6953125,691730,0.0,0.0
2022-05-12 00:00:00+07:00,97307.6953125,97384.6171875,93461.5390625,96000.0,96000.0,823680,0.0,0.0
2022-05-13 00:00:00+07:00,95769.234375,98000.0,95000.0,96846.15625,96846.15625,894270,0.0,0.0
2022-05-16 00:00:00+07:00,97153.84375,97692.3046875,94615.3828125,96923.078125,96923.078125,805610,0.0,0.0
2022-05-17 00:00:00+07:00,96923.078125,98461.5390625,95076.921875,98461.5390625,98461.5390625,793390,0.0,0.0
2022-05-18 00:00:00+07:00,98076.921875,98076.921875,95384.6171875,96692.3046875,96692.3046875,859170,0.0,0.0
2022-05-19 00:00:00+07:00,95384.6171875,96769.234375,94000.0,96384.6171875,96384.6171875,984100,0.0,0.0
2022-05-20 00:00:00+07:00,96461.5390625,96538.4609375,94615.3828125,96384.6171875,96384.6171875,652990,0.0,0.0
2022-05-23 00:00:00+07:00,96384.6171875,96538.4609375,94076.921875,96153.84375,96153.84375,843570,0.0,0.0
2022-05-24 00:00:00+07:00,96000.0,96384.6171875,94615.3828125,96384.6171875,96384.6171875,791440,0.0,0.0
2022-05-25 00:00:00+07:00,95769.234375,96846.15625,94923.078125,96692.3046875,96692.3046875,1012570,0.0,0.0
2022-05-26 00:00:00+07:00,96692.3046875,96692.3046875,95000.0,96153.84375,96153.84375,758810,0.0,0.0
2022-05-27 00:00:00+07:00,96153.84375,97692.3046875,95461.5390625,97692.3046875,97692.3046875,1116310,0.0,0.0
2022-05-30 00:00:00+07:00,97923.078125,101923.078125,97923.078125,101923.078125,101923.078125,1505140,0.0,0.0
2022-05-31 00:00:00+07:00,102000.0,102000.0,99846.15625,100692.3046875,100692.3046875,830310,0.0,0.0
2022-06-01 00:00:00+07:00,100384.6171875,101153.84375,99692.3046875,101000.0,101000.0,860860,0.0,0.0
2022-06-02 00:00:00+07:00,101000.0,101000.0,101000.0,101000.0,101000.0,0,0.0,0.0
2022-06-03 00:00:00+07:00,98846.15625,98923.078125,96461.5390625,97692.3046875,97692.3046875,820690,0.0,0.0
2022-06-06 00:00:00+07:00,96538.4609375,98538.4609375,96153.84375,98153.84375,98153.84375,885430,0.0,0.0
2022-06-07 00:00:00+07:00,97692.3046875,97692.3046875,96538.4609375,97538.4609375,97538.4609375,789750,0.0,0.0
2022-06-08 00:00:00+07:00,97307.6953125,97846.15625,96769.234375,97692.3046875,97692.3046875,853450,0.0,0.0
2022-06-09 00:00:00+07:00,97153.84375,98307.6953125,96769.234375,98307.6953125,98307.6953125,837070,0.0,0.0
2022-06-10 00:00:00+07:00,97923.078125,99153.84375,96923.078125,98230.765625,98230.765625,888550,0.0,0.0
2022-06-13 00:00:00+07:00,97307.6953125,97538.4609375,95000.0,96076.921875,96076.921875,759850,0.0,0.0
2022-06-14 00:00:00+07:00,95384.6171875,96000.0,94846.15625,96000.0,96000.0,812890,0.0,0.0
2022-06-15 00:00:00+07:00,96000.0,96230.765625,94538.4609375,95769.234375,95769.234375,899340,0.0,0.0
2022-06-16 00:00:00+07:00,95615.3828125,98076.921875,94923.078125,96461.5390625,96461.5390625,882310,0.0,0.0
2022-06-17 00:00:00+07:00,96153.84375,96230.765625,93923.078125,96076.921875,96076.921875,730210,0.0,0.0
2022-06-20 00:00:00+07:00,96153.84375,97846.15625,95923.078125,97692.3046875,97692.3046875,987350,0.0,0.0
2022-06-21 00:00:00+07:00,96923.078125,98461.5390625,96153.84375,98307.6953125,98307.6953125,923780,0.0,0.0
2022-06-22 00:00:00+07:00,98307.6953125,100000.0,98076.921875,99461.5390625,99461.5390625,1209910,0.0,0.0
2022-06-23 00:00:00+07:00,99461.5390625,99692.3046875,97153.84375,98615.3828125,98615.3828125,887510,0.0,0.0
2022-06-24 00:00:00+07:00,98692.3046875,99230.765625,97307.6953125,98692.3046875,98692.3046875,807300,0.0,0.0
2022-06-27 00:00:00+07:00,99230.765625,102307.6953125,98692.3046875,102307.6953125,102307.6953125,1253200,0.0,0.0
2022-06-28 00:00:00+07:00,102307.6953125,102461.5390625,101153.84375,102307.6953125,102307.6953125,818870,0.0,0.0
2022-06-29 00:00:00+07:00,102230.765625,102230.765625,100769.234375,101769.234375,101769.234375,703170,0.0,0.0
2022-06-30 00:00:00+07:00,101384.6171875,101846.15625,99384.6171875,100000.0,100000.0,729690,0.0,0.0
2022-07-01 00:00:00+07:00,99230.765625,100076.921875,97923.078125,100076.921875,100076.921875,673010,0.0,0.0
2022-07-04 00:00:00+07:00,100000.0,100076.921875,99384.6171875,99692.3046875,99692.3046875,760760,0.0,0.0
2022-07-05 00:00:00+07:00,99615.3828125,99615.3828125,96846.15625,96846.15625,96846.15625,673530,0.0,0.0
2022-07-06 00:00:00+07:00,96769.234375,97769.234375,95769.234375,97769.234375,97769.234375,822640,0.0,0.0
2022-07-07 00:00:00+07:00,97538.4609375,99461.5390625,97384.6171875,99461.5390625,99461.5390625,796900,0.0,0.0
2022-07-08 00:00:00+07:00,99461.5390625,99461.5390625,97692.3046875,98307.6953125,98307.6953125,585260,0.0,0.0
2022-07-11 00:00:00+07:00,97692.3046875,98307.6953125,96923.078125,98000.0,98000.0,662350,0.0,0.0
2022-07-12 00:00:00+07:00,98000.0,98000.0,98000.0,98000.0,98000.0,0,0.0,0.0
2022-07-13 00:00:00+07:00,96538.4609375,97000.0,96000.0,96000.0,96000.0,614250,0.0,0.0
2022-07-14 00:00:00+07:00,95923.078125,97846.15625,95384.6171875,97461.5390625,97461.5390625,687830,0.0,0.0
2022-07-15 00:00:00+07:00,97538.4609375,97538.4609375,95692.3046875,95923.078125,95923.078125,451620,0.0,0.0
2022-07-18 00:00:00+07:00,96000.0,96000.0,95307.6953125,95538.4609375,95538.4609375,518050,0.0,0.0
2022-07-19 00:00:00+07:00,95615.3828125,95769.234375,94615.3828125,95769.234375,95769.234375,475150,0.0,0.0
2022-07-20 00:00:00+07:00,95769.234375,96538.4609375,95384.6171875,96538.4609375,96538.4609375,639730,0.0,0.0
2022-07-21 00:00:00+07:00,96615.3828125,97615.3828125,96230.765625,96923.078125,96923.078125,619450,0.0,0.0
2022-07-22 00:00:00+07:00,97153.84375,97153.84375,95769.234375,96615.3828125,96615.3828125,639990,0.0,0.0
2022-07-25 00:00:00+07:00,96384.6171875,96769.234375,95769.234375,96769.234375,96769.234375,755950,0.0,0.0
2022-07-26 00:00:00+07:00,96692.3046875,96846.15625,96153.84375,96230.765625,96230.765625,556010,0.0,0.0
2022-07-27 00:00:00+07:00,96153.84375,96384.6171875,95846.15625,96384.6171875,96384.6171875,570960,0.0,0.0
2022-07-28 00:00:00+07:00,96769.234375,98000.0,96153.84375,98000.0,98000.0,723710,0.0,0.0
2022-07-29 00:00:00+07:00,98000.0,98000.0,96538.4609375,96692.3046875,96692.3046875,638040,0.0,0.0
2022-08-01 00:00:00+07:00,96923.078125,97769.234375,96692.3046875,97769.234375,97769.234375,570440,0.0,0.0
2022-08-02 00:00:00+07:00,96769.234375,98384.6171875,96692.3046875,98076.921875,98076.921875,468910,0.0,0.0
2022-08-03 00:00:00+07:00,97538.4609375,98076.921875,96769.234375,97692.3046875,97692.3046875,536250,0.0,0.0
2022-08-04 00:00:00+07:00,97769.234375,99384.6171875,97000.0,99384.6171875,99384.6171875,963690,0.0,0.0
2022-08-05 00:00:00+07:00,99384.6171875,99384.6171875,97230.765625,97307.6953125,97307.6953125,1037140,0.0,0.0
2022-08-08 00:00:00+07:00,97307.6953125,97615.3828125,96153.84375,96307.6953125,96307.6953125,504270,0.0,0.0
2022-08-09 00:00:00+07:00,96153.84375,97230.765625,96000.0,97230.765625,97230.765625,864240,0.0,0.0
2022-08-10 00:00:00+07:00,96923.078125,96923.078125,96230.765625,96461.5390625,96461.5390625,990600,0.0,0.0
2022-08-11 00:00:00+07:00,96923.078125,96923.078125,96307.6953125,96307.6953125,96307.6953125,910260,0.0,0.0
2022-08-12 00:00:00+07:00,96000.0,96307.6953125,95384.6171875,95615.3828125,95615.3828125,858390,0.0,0.0
2022-08-15 00:00:00+07:00,95615.3828125,96384.6171875,95538.4609375,95692.3046875,95692.3046875,868660,0.0,0.0
2022-08-16 00:00:00+07:00,95538.4609375,95615.3828125,94846.15625,94923.078125,94923.078125,879970,0.0,0.0
2022-08-17 00:00:00+07:00,94923.078125,95461.5390625,94846.15625,95000.0,95000.0,1000740,0.0,0.0
2022-08-18 00:00:00+07:00,95307.6953125,95461.5390625,94846.15625,95384.6171875,95384.6171875,1355640,0.0,0.0
2022-08-19 00:00:00+07:00,95307.6953125,95384.6171875,94769.234375,95384.6171875,95384.6171875,721500,0.0,0.0
2022-08-22 00:00:00+07:00,95000.0,95384.6171875,94769.234375,95307.6953125,95307.6953125,336830,0.0,0.0
2022-08-23 00:00:00+07:00,94769.234375,95153.84375,94307.6953125,95000.0,95000.0,798070,0.0,0.0
2022-08-24 00:00:00+07:00,94615.3828125,95153.84375,94615.3828125,95000.0,95000.0,660400,0.0,0.0
2022-08-25 00:00:00+07:00,95000.0,95000.0,94615.3828125,94923.078125,94923.078125,481910,0.0,0.0
2022-08-26 00:00:00+07:00,95153.84375,95153.84375,93692.3046875,94615.3828125,94615.3828125,861250,0.0,0.0
2022-08-29 00:00:00+07:00,94461.5390625,94461.5390625,91923.078125,93846.15625,93846.15625,579020,0.0,0.0
2022-08-30 00:00:00+07:00,93846.15625,94230.765625,92384.6171875,94153.84375,94153.84375,339430,0.0,0.0
2022-08-31 00:00:00+07:00,93076.921875,93769.234375,92692.3046875,93538.4609375,93538.4609375,684320,0.0,0.0
2022-09-01 00:00:00+07:00,93538.4609375,93538.4609375,93538.4609375,93538.4609375,93538.4609375,0,0.0,0.0
2022-09-02 00:00:00+07:00,93538.4609375,93538.4609375,93538.4609375,93538.4609375,93538.4609375,0,0.0,0.0
2022-09-05 00:00:00+07:00,93461.5390625,93461.5390625,91923.078125,92307.6953125,92307.6953125,720980,0.0,0.0
2022-09-06 00:00:00+07:00,92307.6953125,92307.6953125,90846.15625,92076.921875,92076.921875,666900,0.0,0.0
2022-09-07 00:00:00+07:00,91692.3046875,91692.3046875,87615.3828125,87615.3828125,87615.3828125,1222390,0.0,0.0
2022-09-08 00:00:00+07:00,87615.3828125,88461.5390625,87538.4609375,88461.5390625,88461.5390625,728130,0.0,0.0
2022-09-09 00:00:00+07:00,88461.5390625,90846.15625,88461.5390625,90769.234375,90769.234375,495300,0.0,0.0
2022-09-12 00:00:00+07:00,90769.234375,90769.234375,89461.5390625,90384.6171875,90384.6171875,512720,0.0,0.0
2022-09-13 00:00:00+07:00,90769.234375,90769.234375,90000.0,90307.6953125,90307.6953125,617500,0.0,0.0
2022-09-14 00:00:00+07:00,88692.3046875,89615.3828125,88692.3046875,89384.6171875,89384.6171875,624260,0.0,0.0
2022-09-15 00:00:00+07:00,89230.765625,89615.3828125,88461.5390625,89230.765625,89230.765625,882050,0.0,0.0
2022-09-16 00:00:00+07:00,89230.765625,89230.765625,88461.5390625,89000.0,89000.0,2790580,0.0,0.0
2022-09-19 00:00:00+07:00,89307.6953125,89307.6953125,88076.921875,88461.5390625,88461.5390625,429650,0.0,0.0
2022-09-20 00:00:00+07:00,88153.84375,89307.6953125,88153.84375,89307.6953125,89307.6953125,421850,0.0,0.0
2022-09-21 00:00:00+07:00,88230.765625,89230.765625,87846.15625,88461.5390625,88461.5390625,460070,0.0,0.0
2022-09-22 00:00:00+07:00,87769.234375,88461.5390625,86692.3046875,88461.5390625,88461.5390625,711880,0.0,0.0
2022-09-23 00:00:00+07:00,87692.3046875,88000.0,86769.234375,86769.234375,86769.234375,488020,0.0,0.0
2022-09-26 00:00:00+07:00,86076.921875,86076.921875,84692.3046875,84692.3046875,84692.3046875,655330,0.0,0.0
2022-09-27 00:00:00+07:00,84769.234375,85153.84375,84615.3828125,85000.0,85000.0,364780,0.0,0.0
2022-09-28 00:00:00+07:00,85000.0,85000.0,83846.15625,84692.3046875,84692.3046875,532870,0.0,0.0
2022-09-29 00:00:00+07:00,84769.234375,85461.5390625,84538.4609375,84692.3046875,84692.3046875,319410,0.0,0.0
2022-09-30 00:00:00+07:00,84615.3828125,86923.078125,84538.4609375,85307.6953125,85307.6953125,532870,0.0,0.0
2022-10-03 00:00:00+07:00,84615.3828125,85384.6171875,83846.15625,84615.3828125,84615.3828125,371670,0.0,0.0
2022-10-04 00:00:00+07:00,84615.3828125,86846.15625,84538.4609375,86846.15625,86846.15625,455780,0.0,0.0
2022-10-05 00:00:00+07:00,87615.3828125,89846.15625,87384.6171875,88461.5390625,88461.5390625,828880,0.0,0.0
2022-10-06 00:00:00+07:00,87923.078125,88461.5390625,86923.078125,87846.15625,87846.15625,402480,0.0,0.0
2022-10-07 00:00:00+07:00,87692.3046875,88461.5390625,87384.6171875,88461.5390625,88461.5390625,1071850,0.0,0.0
2022-10-10 00:00:00+07:00,88230.765625,88230.765625,84615.3828125,84615.3828125,84615.3828125,700180,0.0,0.0
2022-10-11 00:00:00+07:00,86000.0,86000.0,81615.3828125,82307.6953125,82307.6953125,803660,0.0,0.0
2022-10-12 00:00:00+07:00,82307.6953125,83769.234375,80846.15625,83615.3828125,83615.3828125,544310,0.0,0.0
2022-10-13 00:00:00+07:00,84538.4609375,84538.4609375,80923.078125,83615.3828125,83615.3828125,418600,0.0,0.0
2022-10-14 00:00:00+07:00,83538.4609375,83846.15625,82307.6953125,83846.15625,83846.15625,449150,0.0,0.0
2022-10-17 00:00:00+07:00,83692.3046875,83846.15625,81923.078125,83846.15625,83846.15625,309920,0.0,0.0
2022-10-18 00:00:00+07:00,83076.921875,84615.3828125,82615.3828125,83923.078125,83923.078125,398840,0.0,0.0
2022-10-19 00:00:00+07:00,83846.15625,84153.84375,83153.84375,83923.078125,83923.078125,221780,0.0,0.0
2022-10-20 00:00:00+07:00,84153.84375,84615.3828125,83307.6953125,83769.234375,83769.234375,288340,0.0,0.0
2022-10-21 00:00:00+07:00,83846.15625,84076.921875,81923.078125,83769.234375,83769.234375,268840,0.0,0.0
2022-10-24 00:00:00+07:00,83769.234375,83769.234375,81153.84375,82307.6953125,82307.6953125,270140,0.0,0.0
2022-10-25 00:00:00+07:00,82307.6953125,83076.921875,81538.4609375,83076.921875,83076.921875,232700,0.0,0.0
2022-10-26 00:00:00+07:00,83076.921875,83692.3046875,81538.4609375,82692.3046875,82692.3046875,168350,0.0,0.0
2022-10-27 00:00:00+07:00,82692.3046875,83384.6171875,81692.3046875,83076.921875,83076.921875,148720,0.0,0.0
2022-10-28 00:00:00+07:00,83692.3046875,83692.3046875,81538.4609375,82923.078125,82923.078125,177840,0.0,0.0
2022-10-31 00:00:00+07:00,82692.3046875,83076.921875,81153.84375,82769.234375,82769.234375,201110,0.0,0.0
2022-11-01 00:00:00+07:00,82846.15625,83076.921875,81692.3046875,81769.234375,81769.234375,144690,0.0,0.0
2022-11-02 00:00:00+07:00,82153.84375,82153.84375,77000.0,80769.234375,80769.234375,376480,0.0,0.0
2022-11-03 00:00:00+07:00,75384.6171875,80384.6171875,75384.6171875,79000.0,79000.0,217490,0.0,0.0
2022-11-04 00:00:00+07:00,77000.0,78923.078125,73923.078125,77000.0,77000.0,307060,0.0,0.0
2022-11-07 00:00:00+07:00,74230.765625,78461.5390625,74230.765625,77076.921875,77076.921875,299000,0.0,0.0
2022-11-08 00:00:00+07:00,77615.3828125,79000.0,76538.4609375,77230.765625,77230.765625,370370,0.0,0.0
2022-11-09 00:00:00+07:00,77384.6171875,78461.5390625,74615.3828125,77384.6171875,77384.6171875,273520,0.0,0.0
2022-11-10 00:00:00+07:00,77384.6171875,78230.765625,76461.5390625,76923.078125,76923.078125,283660,0.0,0.0
2022-11-11 00:00:00+07:00,75076.921875,78230.765625,75076.921875,77923.078125,77923.078125,204230,0.0,0.0
2022-11-14 00:00:00+07:00,77923.078125,78461.5390625,75384.6171875,78384.6171875,78384.6171875,489060,0.0,0.0
2022-11-15 00:00:00+07:00,78000.0,78461.5390625,76769.234375,78307.6953125,78307.6953125,422370,0.0,0.0
2022-11-16 00:00:00+07:00,78230.765625,83769.234375,77000.0,78384.6171875,78384.6171875,515970,0.0,0.0
2022-11-17 00:00:00+07:00,78769.234375,78923.078125,77692.3046875,78538.4609375,78538.4609375,433550,0.0,0.0
2022-11-18 00:00:00+07:00,78538.4609375,78769.234375,77461.5390625,78615.3828125,78615.3828125,413140,0.0,0.0
2022-11-21 00:00:00+07:00,78615.3828125,78615.3828125,75461.5390625,77384.6171875,77384.6171875,142480,0.0,0.0
2022-11-22 00:00:00+07:00,76076.921875,78692.3046875,75384.6171875,75461.5390625,75461.5390625,431340,0.0,0.0
2022-11-23 00:00:00+07:00,75461.5390625,77769.234375,74384.6171875,77230.765625,77230.765625,147290,0.0,0.0
2022-11-24 00:00:00+07:00,77153.84375,77846.15625,76153.84375,77846.15625,77846.15625,394290,0.0,0.0
2022-11-25 00:00:00+07:00,78230.765625,78461.5390625,77846.15625,78461.5390625,78461.5390625,360880,0.0,0.0
2022-11-28 00:00:00+07:00,78461.5390625,78923.078125,77769.234375,78615.3828125,78615.3828125,286520,0.0,0.0
2022-11-29 00:00:00+07:00,76384.6171875,79153.84375,76384.6171875,79076.921875,79076.921875,689260,0.0,0.0
2022-11-30 00:00:00+07:00,79230.765625,79307.6953125,75769.234375,79230.765625,79230.765625,767000,0.0,0.0
2022-12-01 00:00:00+07:00,78076.921875,79461.5390625,77000.0,79384.6171875,79384.6171875,968630,0.0,0.0
2022-12-02 00:00:00+07:00,79230.765625,81923.078125,79153.84375,81923.078125,81923.078125,999310,0.0,0.0
2022-12-05 00:00:00+07:00,81923.078125,83307.6953125,81923.078125,82230.765625,82230.765625,885560,0.0,0.0
2022-12-06 00:00:00+07:00,82153.84375,82846.15625,81153.84375,81538.4609375,81538.4609375,887380,0.0,0.0
2022-12-07 00:00:00+07:00,80769.234375,81692.3046875,79384.6171875,81538.4609375,81538.4609375,600080,0.0,0.0
2022-12-08 00:00:00+07:00,81461.5390625,82846.15625,80384.6171875,82307.6953125,82307.6953125,855400,0.0,0.0
2022-12-09 00:00:00+07:00,82307.6953125,88000.0,81000.0,85769.234375,85769.234375,639210,0.0,0.0
2022-12-12 00:00:00+07:00,86538.4609375,86923.078125,84307.6953125,85692.3046875,85692.3046875,605540,0.0,0.0
2022-12-13 00:00:00+07:00,85615.3828125,86153.84375,84307.6953125,86153.84375,86153.84375,626210,0.0,0.0
2022-12-14 00:00:00+07:00,86230.765625,86384.6171875,83846.15625,86307.6953125,86307.6953125,541840,0.0,0.0
2022-12-15 00:00:00+07:00,86230.765625,86846.15625,85000.0,86846.15625,86846.15625,348140,0.0,0.0
2022-12-16 00:00:00+07:00,85461.5390625,86923.078125,84692.3046875,86923.078125,86923.078125,747500,0.0,0.0
2022-12-19 00:00:00+07:00,86846.15625,86846.15625,84615.3828125,85538.4609375,85538.4609375,418600,0.0,0.0
2022-12-20 00:00:00+07:00,85384.6171875,86076.921875,83846.15625,85615.3828125,85615.3828125,487240,0.0,0.0
2022-12-21 00:00:00+07:00,85615.3828125,86769.234375,85000.0,85846.15625,85846.15625,456820,0.0,0.0
2022-12-22 00:00:00+07:00,85923.078125,86692.3046875,83923.078125,85615.3828125,85615.3828125,288600,0.0,0.0
2022-12-23 00:00:00+07:00,85615.3828125,86000.0,82769.234375,85769.234375,85769.234375,336440,0.0,0.0
2022-12-26 00:00:00+07:00,85769.234375,85769.234375,82846.15625,83769.234375,83769.234375,196560,0.0,0.0
2022-12-27 00:00:00+07:00,85384.6171875,86846.15625,82615.3828125,83076.921875,83076.921875,323960,0.0,0.0
2022-12-28 00:00:00+07:00,82923.078125,85461.5390625,81692.3046875,85000.0,85000.0,293280,0.0,0.0
2022-12-29 00:00:00+07:00,85076.921875,86307.6953125,83692.3046875,84000.0,84000.0,520000,0.0,0.0
2022-12-30 00:00:00+07:00,86846.15625,86846.15625,83461.5390625,84230.765625,84230.765625,172770,0.0,0.0
2023-01-02 00:00:00+07:00,84230.765625,84230.765625,84230.765625,84230.765625,84230.765625,0,0.0,0.0
2023-01-03 00:00:00+07:00,84230.765625,85923.078125,83923.078125,85923.078125,85923.078125,514670,0.0,0.0
2023-01-04 00:00:00+07:00,86538.4609375,86538.4609375,83846.15625,84923.078125,84923.078125,253760,0.0,0.0
2023-01-05 00:00:00+07:00,85307.6953125,85384.6171875,84461.5390625,84615.3828125,84615.3828125,505440,0.0,0.0
2023-01-06 00:00:00+07:00,84692.3046875,84769.234375,82769.234375,82923.078125,82923.078125,477750,0.0,0.0
2023-01-09 00:00:00+07:00,84076.921875,84076.921875,83153.84375,84000.0,84000.0,503620,0.0,0.0
2023-01-10 00:00:00+07:00,84000.0,84230.765625,83076.921875,83923.078125,83923.078125,530140,0.0,0.0
2023-01-11 00:00:00+07:00,83846.15625,85000.0,83769.234375,84692.3046875,84692.3046875,538980,0.0,0.0
2023-01-12 00:00:00+07:00,85076.921875,85076.921875,83461.5390625,84461.5390625,84461.5390625,336180,0.0,0.0
2023-01-13 00:00:00+07:00,84461.5390625,84692.3046875,82846.15625,82846.15625,82846.15625,306930,0.0,0.0
2023-01-16 00:00:00+07:00,83153.84375,84615.3828125,82538.4609375,82538.4609375,82538.4609375,189800,0.0,0.0
2023-01-17 00:00:00+07:00,83923.078125,85076.921875,82307.6953125,85076.921875,85076.921875,607620,0.0,0.0
2023-01-18 00:00:00+07:00,83923.078125,86384.6171875,83923.078125,86384.6171875,86384.6171875,607880,0.0,0.0
2023-01-19 00:00:00+07:00,86153.84375,88461.5390625,86153.84375,88076.921875,88076.921875,703560,0.0,0.0
2023-01-20 00:00:00+07:00,88076.921875,88076.921875,88076.921875,88076.921875,88076.921875,0,0.0,0.0
2023-01-23 00:00:00+07:00,88076.921875,88076.921875,88076.921875,88076.921875,88076.921875,0,0.0,0.0
2023-01-24 00:00:00+07:00,88076.921875,88076.921875,88076.921875,88076.921875,88076.921875,0,0.0,0.0
2023-01-25 00:00:00+07:00,88076.921875,88076.921875,88076.921875,88076.921875,88076.921875,0,0.0,0.0
2023-01-26 00:00:00+07:00,88076.921875,88076.921875,88076.921875,88076.921875,88076.921875,0,0.0,0.0
2023-01-27 00:00:00+07:00,88076.921875,90769.234375,88076.921875,89384.6171875,89384.6171875,299390,0.0,0.0
2023-01-30 00:00:00+07:00,90076.921875,90076.921875,86923.078125,86923.078125,86923.078125,438100,0.0,0.0
2023-01-31 00:00:00+07:00,88000.0,89461.5390625,86153.84375,89461.5390625,89461.5390625,384930,0.0,0.0
2023-02-01 00:00:00+07:00,89230.765625,89230.765625,85384.6171875,87615.3828125,87615.3828125,456950,0.0,0.0
2023-02-02 00:00:00+07:00,88076.921875,88384.6171875,86153.84375,86153.84375,86153.84375,410410,0.0,0.0
2023-02-03 00:00:00+07:00,86230.765625,87230.765625,83923.078125,83923.078125,83923.078125,215930,0.0,0.0
2023-02-06 00:00:00+07:00,83153.84375,85000.0,82692.3046875,84230.765625,84230.765625,309530,0.0,0.0
2023-02-07 00:00:00+07:00,83307.6953125,84307.6953125,83076.921875,84153.84375,84153.84375,179010,0.0,0.0
2023-02-08 00:00:00+07:00,84076.921875,84230.765625,83076.921875,83076.921875,83076.921875,178620,0.0,0.0
2023-02-09 00:00:00+07:00,82846.15625,83846.15625,78384.6171875,78384.6171875,78384.6171875,283140,0.0,0.0
2023-02-10 00:00:00+07:00,78461.5390625,80000.0,76461.5390625,78461.5390625,78461.5390625,197080,0.0,0.0
2023-02-13 00:00:00+07:00,78461.5390625,79307.6953125,77692.3046875,79307.6953125,79307.6953125,179140,0.0,0.0
2023-02-14 00:00:00+07:00,79307.6953125,79307.6953125,77692.3046875,79076.921875,79076.921875,241930,0.0,0.0
2023-02-15 00:00:00+07:00,79076.921875,79230.765625,77769.234375,79000.0,79000.0,239070,0.0,0.0
2023-02-16 00:00:00+07:00,77692.3046875,79076.921875,77692.3046875,79076.921875,79076.921875,179140,0.0,0.0
2023-02-17 00:00:00+07:00,79153.84375,79153.84375,77846.15625,78923.078125,78923.078125,278460,0.0,0.0
2023-02-20 00:00:00+07:00,78846.15625,79076.921875,78230.765625,78923.078125,78923.078125,297700,0.0,0.0
2023-02-21 00:00:00+07:00,79000.0,80000.0,78692.3046875,78846.15625,78846.15625,388310,0.0,0.0
2023-02-22 00:00:00+07:00,78692.3046875,78769.234375,77538.4609375,77538.4609375,77538.4609375,497120,0.0,0.0
2023-02-23 00:00:00+07:00,78615.3828125,78615.3828125,75307.6953125,75538.4609375,75538.4609375,767520,0.0,0.0
2023-02-24 00:00:00+07:00,75615.3828125,76692.3046875,73846.15625,74000.0,74000.0,780780,0.0,0.0
2023-02-27 00:00:00+07:00,72307.6953125,76076.921875,72307.6953125,75769.234375,75769.234375,215930,0.0,0.0
2023-02-28 00:00:00+07:00,76076.921875,76923.078125,74615.3828125,76923.078125,76923.078125,413140,0.0,0.0
2023-03-01 00:00:00+07:00,76153.84375,78076.921875,75230.765625,78076.921875,78076.921875,252720,0.0,0.0
2023-03-02 00:00:00+07:00,76923.078125,78153.84375,75461.5390625,78153.84375,78153.84375,384800,0.0,0.0
2023-03-03 00:00:00+07:00,78230.765625,78230.765625,75384.6171875,77846.15625,77846.15625,351780,0.0,0.0
2023-03-06 00:00:00+07:00,77769.234375,78307.6953125,74076.921875,74076.921875,74076.921875,421980,0.0,0.0
2023-03-07 00:00:00+07:00,76153.84375,77846.15625,74692.3046875,74692.3046875,74692.3046875,289250,0.0,0.0
2023-03-08 00:00:00+07:00,74769.234375,76153.84375,74769.234375,75615.3828125,75615.3828125,158860,0.0,0.0
2023-03-09 00:00:00+07:00,77230.765625,79230.765625,76923.078125,78307.6953125,78307.6953125,569920,0.0,0.0
2023-03-10 00:00:00+07:00,79076.921875,79076.921875,75846.15625,77384.6171875,77384.6171875,396370,0.0,0.0
2023-03-13 00:00:00+07:00,77692.3046875,78615.3828125,76230.765625,77461.5390625,77461.5390625,389090,0.0,0.0
2023-03-14 00:00:00+07:00,76769.234375,78846.15625,76769.234375,78230.765625,78230.765625,285870,0.0,0.0
2023-03-15 00:00:00+07:00,79076.921875,80692.3046875,78923.078125,80692.3046875,80692.3046875,338780,0.0,0.0
2023-03-16 00:00:00+07:00,80692.3046875,81230.765625,76615.3828125,78461.5390625,78461.5390625,416780,0.0,0.0
2023-03-17 00:00:00+07:00,79923.078125,83769.234375,78461.5390625,83769.234375,83769.234375,1079910,0.0,0.0
2023-03-20 00:00:00+07:00,80923.078125,82923.078125,79307.6953125,81230.765625,81230.765625,365950,0.0,0.0
2023-03-21 00:00:00+07:00,80384.6171875,86846.15625,78153.84375,79846.15625,79846.15625,543400,0.0,0.0
2023-03-22 00:00:00+07:00,80000.0,81000.0,78538.4609375,80615.3828125,80615.3828125,402350,0.0,0.0
2023-03-23 00:00:00+07:00,80384.6171875,81538.4609375,78923.078125,81307.6953125,81307.6953125,342420,0.0,0.0
2023-03-24 00:00:00+07:00,81461.5390625,81692.3046875,80461.5390625,81692.3046875,81692.3046875,368940,0.0,0.0
2023-03-27 00:00:00+07:00,81769.234375,81923.078125,79923.078125,81923.078125,81923.078125,240110,0.0,0.0
2023-03-28 00:00:00+07:00,81230.765625,82076.921875,80384.6171875,81846.15625,81846.15625,229710,0.0,0.0
2023-03-29 00:00:00+07:00,81692.3046875,81846.15625,80000.0,81692.3046875,81692.3046875,234130,0.0,0.0
2023-03-30 00:00:00+07:00,81615.3828125,82692.3046875,80153.84375,81769.234375,81769.234375,196560,0.0,0.0
2023-03-31 00:00:00+07:00,81769.234375,82000.0,80384.6171875,80846.15625,80846.15625,274690,0.0,0.0
2023-04-03 00:00:00+07:00,80846.15625,81538.4609375,78923.078125,78923.078125,78923.078125,388310,0.0,0.0
2023-04-04 00:00:00+07:00,79230.765625,79538.4609375,78461.5390625,78461.5390625,78461.5390625,402610,0.0,0.0
2023-04-05 00:00:00+07:00,79153.84375,79153.84375,77692.3046875,79153.84375,79153.84375,269620,0.0,0.0
2023-04-06 00:00:00+07:00,79538.4609375,79538.4609375,78076.921875,78615.3828125,78615.3828125,267540,0.0,0.0
2023-04-07 00:00:00+07:00,78692.3046875,79230.765625,78076.921875,79230.765625,79230.765625,238810,0.0,0.0
2023-04-10 00:00:00+07:00,79153.84375,79230.765625,77846.15625,78692.3046875,78692.3046875,395980,0.0,0.0
2023-04-11 00:00:00+07:00,78692.3046875,78692.3046875,77692.3046875,78692.3046875,78692.3046875,357760,0.0,0.0
2023-04-12 00:00:00+07:00,78461.5390625,78461.5390625,76384.6171875,76692.3046875,76692.3046875,301990,0.0,0.0
2023-04-13 00:00:00+07:00,76230.765625,76923.078125,75538.4609375,76384.6171875,76384.6171875,124930,0.0,0.0
2023-04-14 00:00:00+07:00,76615.3828125,77000.0,75461.5390625,75769.234375,75769.234375,127270,0.0,0.0
2023-04-17 00:00:00+07:00,75923.078125,76692.3046875,75384.6171875,76615.3828125,76615.3828125,262210,0.0,0.0
2023-04-18 00:00:00+07:00,76307.6953125,77000.0,76000.0,76153.84375,76153.84375,187200,0.0,0.0
2023-04-19 00:00:00+07:00,76153.84375,77000.0,75846.15625,77000.0,77000.0,184730,0.0,0.0
2023-04-20 00:00:00+07:00,76230.765625,78230.765625,76230.765625,76538.4609375,76538.4609375,120510,0.0,0.0
2023-04-21 00:00:00+07:00,76615.3828125,76769.234375,75000.0,75000.0,75000.0,171600,0.0,0.0
2023-04-24 00:00:00+07:00,74769.234375,75000.0,73769.234375,74923.078125,74923.078125,292370,0.0,0.0
2023-04-25 00:00:00+07:00,74923.078125,75076.921875,73076.921875,73769.234375,73769.234375,364520,0.0,0.0
2023-04-26 00:00:00+07:00,73615.3828125,74538.4609375,72923.078125,73230.765625,73230.765625,223730,0.0,0.0
2023-04-27 00:00:00+07:00,73230.765625,73769.234375,73076.921875,73153.84375,73153.84375,116090,0.0,0.0
2023-04-28 00:00:00+07:00,73769.234375,74615.3828125,73461.5390625,74615.3828125,74615.3828125,236730,0.0,0.0
2023-05-01 00:00:00+07:00,74615.3828125,74615.3828125,74615.3828125,74615.3828125,74615.3828125,0,0.0,0.0
2023-05-02 00:00:00+07:00,74615.3828125,74615.3828125,74615.3828125,74615.3828125,74615.3828125,0,0.0,0.0
2023-05-03 00:00:00+07:00,74615.3828125,74615.3828125,74615.3828125,74615.3828125,74615.3828125,0,0.0,0.0
2023-05-04 00:00:00+07:00,75384.6171875,75384.6171875,73461.5390625,73461.5390625,73461.5390625,276380,0.0,0.0
2023-05-05 00:00:00+07:00,73461.5390625,74461.5390625,73461.5390625,73846.15625,73846.15625,54860,0.0,0.0
2023-05-08 00:00:00+07:00,74000.0,74692.3046875,73538.4609375,74076.921875,74076.921875,83070,0.0,0.0
2023-05-09 00:00:00+07:00,74000.0,74076.921875,73384.6171875,73384.6171875,73384.6171875,122850,0.0,0.0
2023-05-10 00:00:00+07:00,73384.6171875,74461.5390625,73384.6171875,74461.5390625,74461.5390625,334230,0.0,0.0
2023-05-11 00:00:00+07:00,74384.6171875,74615.3828125,73769.234375,74384.6171875,74384.6171875,183170,0.0,0.0
2023-05-12 00:00:00+07:00,74076.921875,74769.234375,73615.3828125,74769.234375,74769.234375,459030,0.0,0.0
2023-05-15 00:00:00+07:00,75000.0,75153.84375,74153.84375,74846.15625,74846.15625,1051570,0.0,0.0
2023-05-16 00:00:00+07:00,75000.0,75000.0,74615.3828125,75000.0,75000.0,1266070,0.0,0.0
2023-05-17 00:00:00+07:00,75000.0,76230.765625,75000.0,75615.3828125,75615.3828125,1287260,0.0,0.0
2023-05-18 00:00:00+07:00,75384.6171875,76538.4609375,75230.765625,76461.5390625,76461.5390625,1412580,0.0,0.0
2023-05-19 00:00:00+07:00,76307.6953125,76923.078125,75538.4609375,75923.078125,75923.078125,1229020,0.0,0.0
2023-05-22 00:00:00+07:00,76000.0,76461.5390625,75000.0,76307.6953125,76307.6953125,1499940,0.0,0.0
2023-05-23 00:00:00+07:00,76307.6953125,76692.3046875,75384.6171875,75923.078125,75923.078125,1565850,0.0,0.0
2023-05-24 00:00:00+07:00,75923.078125,75923.078125,75923.078125,75923.078125,75923.078125,0,0.0,0.0
2023-05-25 00:00:00+07:00,75692.3046875,75923.078125,74384.6171875,75384.6171875,75384.6171875,1272440,0.0,0.0
2023-05-26 00:00:00+07:00,75384.6171875,76153.84375,74923.078125,75461.5390625,75461.5390625,1128920,0.0,0.0
2023-05-29 00:00:00+07:00,75461.5390625,76538.4609375,75461.5390625,76538.4609375,76538.4609375,671320,0.0,0.0
2023-05-30 00:00:00+07:00,76538.4609375,76769.234375,75384.6171875,75769.234375,75769.234375,699400,0.0,0.0
2023-05-31 00:00:00+07:00,75769.234375,76461.5390625,75000.0,75000.0,75000.0,763230,0.0,0.0
2023-06-01 00:00:00+07:00,75461.5390625,75846.15625,74615.3828125,75000.0,75000.0,639080,0.0,0.0
2023-06-02 00:00:00+07:00,75692.3046875,76076.921875,74230.765625,74461.5390625,74461.5390625,770380,0.0,0.0
2023-06-05 00:00:00+07:00,75384.6171875,76153.84375,74153.84375,74461.5390625,74461.5390625,785200,0.0,0.0
2023-06-06 00:00:00+07:00,74692.3046875,75384.6171875,74307.6953125,75153.84375,75153.84375,624780,0.0,0.0
2023-06-07 00:00:00+07:00,75307.6953125,75307.6953125,74307.6953125,74307.6953125,74307.6953125,621790,0.0,0.0
2023-06-08 00:00:00+07:00,74538.4609375,75307.6953125,73923.078125,74769.234375,74769.234375,992290,0.0,0.0
2023-06-09 00:00:00+07:00,74307.6953125,74923.078125,73846.15625,73846.15625,73846.15625,1023100,0.0,0.0
2023-06-12 00:00:00+07:00,73846.15625,74384.6171875,73153.84375,74153.84375,74153.84375,976170,0.0,0.0
2023-06-13 00:00:00+07:00,74230.765625,74538.4609375,73692.3046875,74230.765625,74230.765625,1348750,0.0,0.0
2023-06-14 00:00:00+07:00,74230.765625,75000.0,74000.0,74692.3046875,74692.3046875,1764750,0.0,0.0
2023-06-15 00:00:00+07:00,74923.078125,75153.84375,74461.5390625,74692.3046875,74692.3046875,1137890,0.0,0.0
2023-06-16 00:00:00+07:00,74846.15625,75076.921875,73461.5390625,73461.5390625,73461.5390625,1134250,0.0,0.0
2023-06-19 00:00:00+07:00,73846.15625,74153.84375,73384.6171875,73538.4609375,73538.4609375,823680,0.0,0.0
2023-06-20 00:00:00+07:00,73615.3828125,73923.078125,72923.078125,73153.84375,73153.84375,1008540,0.0,0.0
2023-06-21 00:00:00+07:00,73384.6171875,73692.3046875,72000.0,72307.6953125,72307.6953125,1092780,0.0,0.0
2023-06-22 00:00:00+07:00,72307.6953125,72307.6953125,72307.6953125,72307.6953125,72307.6953125,0,0.0,0.0
2023-06-23 00:00:00+07:00,72461.5390625,72846.15625,71923.078125,72846.15625,72846.15625,717210,0.0,0.0
2023-06-26 00:00:00+07:00,72846.15625,73846.15625,72538.4609375,72923.078125,72923.078125,1190670,0.0,0.0
2023-06-27 00:00:00+07:00,72923.078125,73538.4609375,72692.3046875,73230.765625,73230.765625,902200,0.0,0.0
2023-06-28 00:00:00+07:00,73230.765625,73461.5390625,72846.15625,73000.0,73000.0,895050,0.0,0.0
2023-06-29 00:00:00+07:00,73000.0,73230.765625,72153.84375,72384.6171875,72384.6171875,867490,0.0,0.0
2023-06-30 00:00:00+07:00,72153.84375,72769.234375,72153.84375,72538.4609375,72538.4609375,855400,0.0,0.0
2023-07-03 00:00:00+07:00,72692.3046875,73076.921875,72384.6171875,72615.3828125,72615.3828125,1372410,0.0,0.0
2023-07-04 00:00:00+07:00,72538.4609375,72846.15625,72384.6171875,72384.6171875,72384.6171875,1002300,0.0,0.0
2023-07-05 00:00:00+07:00,72769.234375,72769.234375,72230.765625,72538.4609375,72538.4609375,1123200,0.0,0.0
2023-07-06 00:00:00+07:00,72538.4609375,72615.3828125,72076.921875,72538.4609375,72538.4609375,1002950,0.0,0.0
2023-07-07 00:00:00+07:00,72538.4609375,72615.3828125,72153.84375,72153.84375,72153.84375,999180,0.0,0.0
2023-07-10 00:00:00+07:00,72461.5390625,72538.4609375,71461.5390625,72461.5390625,72461.5390625,1085240,0.0,0.0
2023-07-11 00:00:00+07:00,72461.5390625,72538.4609375,71615.3828125,72461.5390625,72461.5390625,1063920,0.0,0.0
2023-07-12 00:00:00+07:00,72230.765625,72307.6953125,71846.15625,72230.765625,72230.765625,1095640,0.0,0.0
2023-07-13 00:00:00+07:00,72230.765625,73000.0,72230.765625,73000.0,73000.0,1927120,0.0,0.0
2023-07-14 00:00:00+07:00,73153.84375,75307.6953125,73153.84375,75307.6953125,75307.6953125,2226770,0.0,0.0
2023-07-17 00:00:00+07:00,75384.6171875,76000.0,74769.234375,74846.15625,74846.15625,1020500,0.0,0.0
2023-07-18 00:00:00+07:00,74384.6171875,74923.078125,74076.921875,74076.921875,74076.921875,1180400,0.0,0.0
2023-07-19 00:00:00+07:00,74076.921875,74615.3828125,74000.0,74384.6171875,74384.6171875,1028300,0.0,0.0
2023-07-20 00:00:00+07:00,74461.5390625,75230.765625,74076.921875,75230.765625,75230.765625,1224860,0.0,0.0
2023-07-21 00:00:00+07:00,75230.765625,75384.6171875,74230.765625,75384.6171875,75384.6171875,1240460,0.0,0.0
2023-07-24 00:00:00+07:00,75384.6171875,75615.3828125,74384.6171875,74461.5390625,74461.5390625,1189110,0.0,0.0
2023-07-25 00:00:00+07:00,74538.4609375,74692.3046875,73461.5390625,74692.3046875,74692.3046875,1409720,0.0,0.0
2023-07-26 00:00:00+07:00,74230.765625,74615.3828125,73923.078125,74230.765625,74230.765625,937170,0.0,0.0
2023-07-27 00:00:00+07:00,74307.6953125,74692.3046875,74076.921875,74538.4609375,74538.4609375,995280,0.0,0.0
2023-07-28 00:00:00+07:00,74538.4609375,75230.765625,74000.0,75230.765625,75230.765625,1100320,0.0,0.0
2023-07-31 00:00:00+07:00,75076.921875,78461.5390625,74846.15625,78461.5390625,78461.5390625,1354860,0.0,0.0
2023-08-01 00:00:00+07:00,78461.5390625,79461.5390625,77461.5390625,77846.15625,77846.15625,1009840,0.0,0.0
2023-08-02 00:00:00+07:00,77846.15625,78000.0,76307.6953125,77538.4609375,77538.4609375,940160,0.0,0.0
2023-08-03 00:00:00+07:00,77692.3046875,79000.0,76769.234375,77692.3046875,77692.3046875,1080040,0.0,0.0
2023-08-04 00:00:00+07:00,77692.3046875,78461.5390625,76846.15625,77692.3046875,77692.3046875,1554020,0.0,0.0
2023-08-07 00:00:00+07:00,77846.15625,78384.6171875,76923.078125,78384.6171875,78384.6171875,1094340,0.0,0.0
2023-08-08 00:00:00+07:00,78461.5390625,79538.4609375,77461.5390625,79230.765625,79230.765625,1053130,0.0,0.0
2023-08-09 00:00:00+07:00,79461.5390625,79615.3828125,78076.921875,78153.84375,78153.84375,844480,0.0,0.0
2023-08-10 00:00:00+07:00,78461.5390625,79076.921875,77384.6171875,77461.5390625,77461.5390625,1076660,0.0,0.0
2023-08-11 00:00:00+07:00,77384.6171875,77923.078125,76846.15625,77769.234375,77769.234375,1105650,0.0,0.0
2023-08-14 00:00:00+07:00,78076.921875,78076.921875,76615.3828125,77076.921875,77076.921875,1341990,0.0,0.0
2023-08-15 00:00:00+07:00,77307.6953125,78384.6171875,76538.4609375,78384.6171875,78384.6171875,1070160,0.0,0.0
2023-08-16 00:00:00+07:00,78461.5390625,78461.5390625,77076.921875,77538.4609375,77538.4609375,967330,0.0,0.0
2023-08-17 00:00:00+07:00,77538.4609375,77923.078125,76538.4609375,76923.078125,76923.078125,1250860,0.0,0.0
2023-08-18 00:00:00+07:00,76923.078125,77000.0,73846.15625,75307.6953125,75307.6953125,1465360,0.0,0.0
2023-08-21 00:00:00+07:00,75153.84375,75769.234375,73846.15625,73846.15625,73846.15625,1393470,0.0,0.0
2023-08-22 00:00:00+07:00,75230.765625,76076.921875,73846.15625,74846.15625,74846.15625,1243840,0.0,0.0
2023-08-23 00:00:00+07:00,74846.15625,75769.234375,73846.15625,74230.765625,74230.765625,1141920,0.0,0.0
2023-08-24 00:00:00+07:00,74538.4609375,75538.4609375,74076.921875,75000.0,75000.0,1094210,0.0,0.0
2023-08-25 00:00:00+07:00,74230.765625,75153.84375,74153.84375,74615.3828125,74615.3828125,1180140,0.0,0.0
2023-08-28 00:00:00+07:00,75000.0,75769.234375,74461.5390625,75384.6171875,75384.6171875,1350830,0.0,0.0
2023-08-29 00:00:00+07:00,75384.6171875,75615.3828125,74230.765625,75000.0,75000.0,1012050,0.0,0.0
2023-08-30 00:00:00+07:00,75000.0,75384.6171875,74153.84375,74538.4609375,74538.4609375,1089920,0.0,0.0
2023-08-31 00:00:00+07:00,74615.3828125,75384.6171875,73923.078125,75384.6171875,75384.6171875,928460,0.0,0.0
2023-09-01 00:00:00+07:00,75384.6171875,75384.6171875,75384.6171875,75384.6171875,75384.6171875,0,0.0,0.0
2023-09-04 00:00:00+07:00,75384.6171875,75384.6171875,75384.6171875,75384.6171875,75384.6171875,0,0.0,0.0
2023-09-05 00:00:00+07:00,75461.5390625,77384.6171875,74923.078125,77307.6953125,77307.6953125,1836120,0.0,0.0
2023-09-06 00:00:00+07:00,77384.6171875,78307.6953125,76538.4609375,78230.765625,78230.765625,1324960,0.0,0.0
2023-09-07 00:00:00+07:00,77769.234375,78384.6171875,77076.921875,77692.3046875,77692.3046875,1175200,0.0,0.0
2023-09-08 00:00:00+07:00,77230.765625,78307.6953125,77153.84375,78000.0,78000.0,1110330,0.0,0.0
2023-09-11 00:00:00+07:00,78076.921875,78307.6953125,76153.84375,76153.84375,76153.84375,1601210,0.0,0.0
2023-09-12 00:00:00+07:00,76538.4609375,78384.6171875,76307.6953125,78384.6171875,78384.6171875,1300780,0.0,0.0
2023-09-13 00:00:00+07:00,78384.6171875,78384.6171875,76153.84375,76153.84375,76153.84375,1274260,0.0,0.0
2023-09-14 00:00:00+07:00,76153.84375,76923.078125,74615.3828125,76153.84375,76153.84375,1323010,0.0,0.0
2023-09-15 00:00:00+07:00,76538.4609375,77076.921875,75923.078125,76692.3046875,76692.3046875,1217450,0.0,0.0
2023-09-18 00:00:00+07:00,76538.4609375,76615.3828125,75384.6171875,76000.0,76000.0,1138800,0.0,0.0
2023-09-19 00:00:00+07:00,76076.921875,76461.5390625,75230.765625,76461.5390625,76461.5390625,1206790,0.0,0.0
2023-09-20 00:00:00+07:00,76461.5390625,76615.3828125,75692.3046875,76461.5390625,76461.5390625,1195610,0.0,0.0
2023-09-21 00:00:00+07:00,76153.84375,76538.4609375,75538.4609375,76384.6171875,76384.6171875,1437410,0.0,0.0
2023-09-22 00:00:00+07:00,75384.6171875,75769.234375,74230.765625,75076.921875,75076.921875,1110330,0.0,0.0
2023-09-25 00:00:00+07:00,74615.3828125,75769.234375,73923.078125,75384.6171875,75384.6171875,1444820,0.0,0.0
2023-09-26 00:00:00+07:00,75769.234375,76153.84375,74538.4609375,75384.6171875,75384.6171875,1855620,0.0,0.0
2023-09-27 00:00:00+07:00,75384.6171875,76692.3046875,75230.765625,76692.3046875,76692.3046875,1378390,0.0,0.0
2023-09-28 00:00:00+07:00,76153.84375,76538.4609375,73769.234375,76384.6171875,76384.6171875,2850380,0.0,0.0
2023-09-29 00:00:00+07:00,76461.5390625,76692.3046875,75769.234375,76384.6171875,76384.6171875,2712320,0.0,0.0
2023-10-02 00:00:00+07:00,76384.6171875,76461.5390625,74769.234375,75769.234375,75769.234375,1795300,0.0,0.0
2023-10-03 00:00:00+07:00,75384.6171875,75615.3828125,73846.15625,75307.6953125,75307.6953125,1466660,0.0,0.0
2023-10-04 00:00:00+07:00,75307.6953125,75384.6171875,74076.921875,74461.5390625,74461.5390625,1162980,0.0,0.0
2023-10-05 00:00:00+07:00,75000.0,75000.0,73461.5390625,73461.5390625,73461.5390625,1275690,0.0,0.0
2023-10-06 00:00:00+07:00,73461.5390625,74615.3828125,72307.6953125,74615.3828125,74615.3828125,1014000,0.0,0.0
2023-10-09 00:00:00+07:00,74615.3828125,74923.078125,73538.4609375,74692.3046875,74692.3046875,980200,0.0,0.0
2023-10-10 00:00:00+07:00,74846.15625,75000.0,73846.15625,74846.15625,74846.15625,1175850,0.0,0.0
2023-10-11 00:00:00+07:00,75000.0,75076.921875,74230.765625,75076.921875,75076.921875,1029210,0.0,0.0
2023-10-12 00:00:00+07:00,75153.84375,75384.6171875,74538.4609375,75153.84375,75153.84375,1109810,0.0,0.0
2023-10-13 00:00:00+07:00,75000.0,80384.6171875,74307.6953125,79846.15625,79846.15625,1707810,0.0,0.0
2023-10-16 00:00:00+07:00,79923.078125,79923.078125,77846.15625,78846.15625,78846.15625,1069510,0.0,0.0
2023-10-17 00:00:00+07:00,78461.5390625,79230.765625,78307.6953125,79153.84375,79153.84375,1223820,0.0,0.0
2023-10-18 00:00:00+07:00,79230.765625,80769.234375,78615.3828125,80692.3046875,80692.3046875,1686620,0.0,0.0
2023-10-19 00:00:00+07:00,80692.3046875,81153.84375,80000.0,80846.15625,80846.15625,1312610,0.0,0.0
2023-10-20 00:00:00+07:00,80846.15625,81000.0,79692.3046875,80923.078125,80923.078125,1166880,0.0,0.0
2023-10-23 00:00:00+07:00,80923.078125,81000.0,76846.15625,79615.3828125,79615.3828125,1390870,0.0,0.0
2023-10-24 00:00:00+07:00,79615.3828125,79846.15625,78384.6171875,79692.3046875,79692.3046875,1157910,0.0,0.0
2023-10-25 00:00:00+07:00,79692.3046875,80000.0,77384.6171875,79076.921875,79076.921875,1107080,0.0,0.0
2023-10-26 00:00:00+07:00,78692.3046875,78692.3046875,76153.84375,76769.234375,76769.234375,1032070,0.0,0.0
2023-10-27 00:00:00+07:00,76769.234375,76769.234375,74769.234375,76769.234375,76769.234375,1040390,0.0,0.0
2023-10-30 00:00:00+07:00,76692.3046875,76692.3046875,74615.3828125,75384.6171875,75384.6171875,915330,0.0,0.0
2023-10-31 00:00:00+07:00,76153.84375,76923.078125,74923.078125,76153.84375,76153.84375,1349530,0.0,0.0
2023-11-01 00:00:00+07:00,76307.6953125,80769.234375,76153.84375,80307.6953125,80307.6953125,1177020,0.0,0.0
2023-11-02 00:00:00+07:00,80692.3046875,80692.3046875,78000.0,80692.3046875,80692.3046875,980590,0.0,0.0
2023-11-03 00:00:00+07:00,80692.3046875,81923.078125,80615.3828125,81923.078125,81923.078125,1328080,0.0,0.0
2023-11-06 00:00:00+07:00,81923.078125,83000.0,81230.765625,82538.4609375,82538.4609375,1614470,0.0,0.0
2023-11-07 00:00:00+07:00,82307.6953125,82538.4609375,80846.15625,81538.4609375,81538.4609375,1152190,0.0,0.0
2023-11-08 00:00:00+07:00,81615.3828125,87230.765625,80076.921875,86923.078125,86923.078125,1298960,0.0,0.0
2023-11-09 00:00:00+07:00,86923.078125,86923.078125,83384.6171875,83384.6171875,83384.6171875,1198340,0.0,0.0
2023-11-10 00:00:00+07:00,82692.3046875,84615.3828125,81153.84375,83846.15625,83846.15625,1214850,0.0,0.0
2023-11-13 00:00:00+07:00,83846.15625,83846.15625,81615.3828125,83076.921875,83076.921875,1352780,0.0,0.0
2023-11-14 00:00:00+07:00,83461.5390625,83923.078125,81923.078125,82923.078125,82923.078125,1105650,0.0,0.0
2023-11-15 00:00:00+07:00,83076.921875,85076.921875,82769.234375,83615.3828125,83615.3828125,1197560,0.0,0.0
2023-11-16 00:00:00+07:00,82769.234375,83846.15625,82307.6953125,83461.5390625,83461.5390625,1172600,0.0,0.0
2023-11-17 00:00:00+07:00,83615.3828125,84230.765625,80000.0,81153.84375,81153.84375,1174160,0.0,0.0
2023-11-20 00:00:00+07:00,81307.6953125,83846.15625,79615.3828125,81307.6953125,81307.6953125,1356290,0.0,0.0
2023-11-21 00:00:00+07:00,81538.4609375,82000.0,80461.5390625,82000.0,82000.0,1151150,0.0,0.0
2023-11-22 00:00:00+07:00,82230.765625,83307.6953125,80769.234375,83230.765625,83230.765625,1015430,0.0,0.0
2023-11-23 00:00:00+07:00,83461.5390625,83769.234375,80769.234375,80769.234375,80769.234375,1086020,0.0,0.0
2023-11-24 00:00:00+07:00,81461.5390625,82538.4609375,80076.921875,81769.234375,81769.234375,1137240,0.0,0.0
2023-11-27 00:00:00+07:00,81769.234375,82230.765625,77692.3046875,81538.4609375,81538.4609375,972010,0.0,0.0
2023-11-28 00:00:00+07:00,81846.15625,82615.3828125,81076.921875,81923.078125,81923.078125,947180,0.0,0.0
2023-11-29 00:00:00+07:00,82153.84375,82769.234375,81076.921875,82153.84375,82153.84375,1079260,0.0,0.0
2023-11-30 00:00:00+07:00,81538.4609375,82153.84375,78461.5390625,78461.5390625,78461.5390625,1300520,0.0,0.0
2023-12-01 00:00:00+07:00,80384.6171875,81076.921875,78461.5390625,81076.921875,81076.921875,899210,0.0,0.0
2023-12-04 00:00:00+07:00,81307.6953125,82769.234375,80000.0,81384.6171875,81384.6171875,1126190,0.0,0.0
2023-12-05 00:00:00+07:00,81384.6171875,81461.5390625,79846.15625,80846.15625,80846.15625,1172470,0.0,0.0
2023-12-06 00:00:00+07:00,81307.6953125,81538.4609375,80307.6953125,81384.6171875,81384.6171875,1006460,0.0,0.0
2023-12-07 00:00:00+07:00,79846.15625,81538.4609375,78846.15625,81307.6953125,81307.6953125,1254500,0.0,0.0
2023-12-08 00:00:00+07:00,81307.6953125,81307.6953125,79846.15625,80153.84375,80153.84375,1061190,0.0,0.0
2023-12-11 00:00:00+07:00,80230.765625,80384.6171875,78307.6953125,80153.84375,80153.84375,933140,0.0,0.0
2023-12-12 00:00:00+07:00,80307.6953125,80692.3046875,78538.4609375,80384.6171875,80384.6171875,985270,0.0,0.0
2023-12-13 00:00:00+07:00,80615.3828125,80769.234375,79384.6171875,80769.234375,80769.234375,1379820,0.0,0.0
2023-12-14 00:00:00+07:00,80923.078125,81307.6953125,80615.3828125,81000.0,81000.0,1018810,0.0,0.0
2023-12-15 00:00:00+07:00,81000.0,81153.84375,79230.765625,79230.765625,79230.765625,1160770,0.0,0.0
2023-12-18 00:00:00+07:00,80692.3046875,80769.234375,78461.5390625,80769.234375,80769.234375,944840,0.0,0.0
2023-12-19 00:00:00+07:00,80769.234375,80769.234375,79769.234375,80230.765625,80230.765625,946790,0.0,0.0
2023-12-20 00:00:00+07:00,80230.765625,80769.234375,79307.6953125,80230.765625,80230.765625,1634620,0.0,0.0
2023-12-21 00:00:00+07:00,80000.0,81692.3046875,79923.078125,81000.0,81000.0,974870,0.0,0.0
2023-12-22 00:00:00+07:00,81153.84375,81692.3046875,80846.15625,81692.3046875,81692.3046875,921570,0.0,0.0
2023-12-25 00:00:00+07:00,82076.921875,82923.078125,81923.078125,82923.078125,82923.078125,1009710,0.0,0.0
2023-12-26 00:00:00+07:00,83076.921875,83230.765625,82692.3046875,83076.921875,83076.921875,1171820,0.0,0.0
2023-12-27 00:00:00+07:00,83153.84375,83153.84375,82692.3046875,83000.0,83000.0,1795300,0.0,0.0
2023-12-28 00:00:00+07:00,82923.078125,83076.921875,81846.15625,83076.921875,83076.921875,2072980,0.0,0.0
2023-12-29 00:00:00+07:00,83076.921875,83076.921875,82307.6953125,83076.921875,83076.921875,2671760,0.0,0.0
2024-01-01 00:00:00+07:00,83076.921875,83076.921875,83076.921875,83076.921875,83076.921875,0,0.0,0.0
2024-01-02 00:00:00+07:00,83076.921875,83307.6953125,82153.84375,82307.6953125,82307.6953125,1208740,0.0,0.0
2024-01-03 00:00:00+07:00,82307.6953125,82846.15625,81076.921875,82846.15625,82846.15625,1146990,0.0,0.0
2024-01-04 00:00:00+07:00,83000.0,83076.921875,81076.921875,82923.078125,82923.078125,867750,0.0,0.0
2024-01-05 00:00:00+07:00,83000.0,83076.921875,81692.3046875,82769.234375,82769.234375,823030,0.0,0.0
2024-01-08 00:00:00+07:00,82923.078125,82923.078125,81692.3046875,82000.0,82000.0,814190,0.0,0.0
2024-01-09 00:00:00+07:00,81846.15625,82076.921875,80923.078125,81923.078125,81923.078125,817310,0.0,0.0
2024-01-10 00:00:00+07:00,82076.921875,82076.921875,80230.765625,81307.6953125,81307.6953125,871260,0.0,0.0
2024-01-11 00:00:00+07:00,81461.5390625,81538.4609375,80538.4609375,81384.6171875,81384.6171875,801970,0.0,0.0
2024-01-12 00:00:00+07:00,81230.765625,81384.6171875,79923.078125,81000.0,81000.0,857090,0.0,0.0
2024-01-15 00:00:00+07:00,81000.0,81384.6171875,80153.84375,80923.078125,80923.078125,797290,0.0,0.0
2024-01-16 00:00:00+07:00,80384.6171875,81076.921875,80230.765625,81076.921875,81076.921875,952120,0.0,0.0
2024-01-17 00:00:00+07:00,81076.921875,81076.921875,79923.078125,80461.5390625,80461.5390625,956280,0.0,0.0
2024-01-18 00:00:00+07:00,80461.5390625,80769.234375,79769.234375,80230.765625,80230.765625,907270,0.0,0.0
2024-01-19 00:00:00+07:00,80230.765625,80923.078125,80230.765625,80769.234375,80769.234375,796900,0.0,0.0
2024-01-22 00:00:00+07:00,80769.234375,81384.6171875,80692.3046875,81230.765625,81230.765625,820170,0.0,0.0
2024-01-23 00:00:00+07:00,81230.765625,81384.6171875,79615.3828125,80769.234375,80769.234375,911950,0.0,0.0
2024-01-24 00:00:00+07:00,80769.234375,81153.84375,79846.15625,80538.4609375,80538.4609375,858000,0.0,0.0
2024-01-25 00:00:00+07:00,80538.4609375,80538.4609375,80538.4609375,80538.4609375,80538.4609375,0,0.0,0.0
2024-01-26 00:00:00+07:00,80384.6171875,81384.6171875,80384.6171875,81307.6953125,81307.6953125,882180,0.0,0.0
2024-01-29 00:00:00+07:00,81461.5390625,81538.4609375,81000.0,81384.6171875,81384.6171875,807690,0.0,0.0
2024-01-30 00:00:00+07:00,81461.5390625,81538.4609375,81153.84375,81230.765625,81230.765625,809250,0.0,0.0
2024-01-31 00:00:00+07:00,81230.765625,81384.6171875,79692.3046875,80461.5390625,80461.5390625,838370,0.0,0.0
2024-02-01 00:00:00+07:00,80461.5390625,81153.84375,80000.0,81153.84375,81153.84375,794040,0.0,0.0
2024-02-02 00:00:00+07:00,81153.84375,81153.84375,81153.84375,81153.84375,81153.84375,0,0.0,0.0
2024-02-05 00:00:00+07:00,80615.3828125,81076.921875,79846.15625,81000.0,81000.0,871650,0.0,0.0
2024-02-06 00:00:00+07:00,81153.84375,81153.84375,80384.6171875,80384.6171875,80384.6171875,802750,0.0,0.0
2024-02-07 00:00:00+07:00,80538.4609375,81000.0,80230.765625,81000.0,81000.0,800410,0.0,0.0
2024-02-08 00:00:00+07:00,81000.0,81000.0,81000.0,81000.0,81000.0,0,0.0,0.0
2024-02-09 00:00:00+07:00,81000.0,81000.0,81000.0,81000.0,81000.0,0,0.0,0.0
2024-02-12 00:00:00+07:00,81000.0,81000.0,81000.0,81000.0,81000.0,0,0.0,0.0
2024-02-13 00:00:00+07:00,81000.0,81000.0,81000.0,81000.0,81000.0,0,0.0,0.0
2024-02-14 00:00:00+07:00,81000.0,81000.0,81000.0,81000.0,81000.0,0,0.0,0.0
2024-02-15 00:00:00+07:00,81076.921875,81153.84375,80000.0,80384.6171875,80384.6171875,897910,0.0,0.0
2024-02-16 00:00:00+07:00,80384.6171875,81000.0,80307.6953125,81000.0,81000.0,825890,0.0,0.0
2024-02-19 00:00:00+07:00,81461.5390625,81538.4609375,80307.6953125,80923.078125,80923.078125,800150,0.0,0.0
2024-02-20 00:00:00+07:00,80769.234375,80923.078125,80230.765625,80230.765625,80230.765625,843050,0.0,0.0
2024-02-21 00:00:00+07:00,80230.765625,80384.6171875,79384.6171875,79384.6171875,79384.6171875,854750,0.0,0.0
2024-02-22 00:00:00+07:00,79384.6171875,80538.4609375,79384.6171875,79692.3046875,79692.3046875,807820,0.0,0.0
2024-02-23 00:00:00+07:00,79846.15625,80307.6953125,79538.4609375,79846.15625,79846.15625,872040,0.0,0.0
2024-02-26 00:00:00+07:00,79923.078125,80692.3046875,79923.078125,80384.6171875,80384.6171875,787280,0.0,0.0
2024-02-27 00:00:00+07:00,80615.3828125,80615.3828125,79615.3828125,79615.3828125,79615.3828125,842140,0.0,0.0
2024-02-28 00:00:00+07:00,79615.3828125,80538.4609375,79461.5390625,79538.4609375,79538.4609375,830180,0.0,0.0
2024-02-29 00:00:00+07:00,79692.3046875,80230.765625,79307.6953125,79307.6953125,79307.6953125,947180,0.0,0.0
2024-03-01 00:00:00+07:00,79846.15625,80230.765625,79384.6171875,79461.5390625,79461.5390625,845910,0.0,0.0
2024-03-04 00:00:00+07:00,79615.3828125,80153.84375,79461.5390625,79692.3046875,79692.3046875,869830,0.0,0.0
2024-03-05 00:00:00+07:00,80000.0,80307.6953125,79615.3828125,80307.6953125,80307.6953125,717600,0.0,0.0
2024-03-06 00:00:00+07:00,80307.6953125,80384.6171875,79384.6171875,79923.078125,79923.078125,611650,0.0,0.0
2024-03-07 00:00:00+07:00,79923.078125,80000.0,79461.5390625,79923.078125,79923.078125,767650,0.0,0.0
2024-03-08 00:00:00+07:00,80000.0,80153.84375,79307.6953125,79769.234375,79769.234375,827320,0.0,0.0
2024-03-11 00:00:00+07:00,79615.3828125,80076.921875,79230.765625,79230.765625,79230.765625,797290,0.0,0.0
2024-03-12 00:00:00+07:00,79615.3828125,79615.3828125,78461.5390625,78846.15625,78846.15625,856310,0.0,0.0
2024-03-13 00:00:00+07:00,79153.84375,79692.3046875,78461.5390625,78615.3828125,78615.3828125,872690,0.0,0.0
2024-03-14 00:00:00+07:00,79153.84375,79153.84375,77692.3046875,78461.5390625,78461.5390625,904280,0.0,0.0
2024-03-15 00:00:00+07:00,78384.6171875,79153.84375,77307.6953125,79000.0,79000.0,917280,0.0,0.0
2024-03-18 00:00:00+07:00,79000.0,79230.765625,77307.6953125,78307.6953125,78307.6953125,803790,0.0,0.0
2024-03-19 00:00:00+07:00,78307.6953125,78461.5390625,76923.078125,77692.3046875,77692.3046875,766870,0.0,0.0
2024-03-20 00:00:00+07:00,78076.921875,78461.5390625,77000.0,77846.15625,77846.15625,897000,0.0,0.0
2024-03-21 00:00:00+07:00,78230.765625,79307.6953125,77846.15625,78923.078125,78923.078125,963300,0.0,0.0
2024-03-22 00:00:00+07:00,78923.078125,79230.765625,78076.921875,78615.3828125,78615.3828125,779220,0.0,0.0
2024-03-25 00:00:00+07:00,78461.5390625,78615.3828125,77461.5390625,77461.5390625,77461.5390625,817180,0.0,0.0
2024-03-26 00:00:00+07:00,77076.921875,78923.078125,77076.921875,78384.6171875,78384.6171875,863720,0.0,0.0
2024-03-27 00:00:00+07:00,78230.765625,79307.6953125,77692.3046875,79230.765625,79230.765625,919880,0.0,0.0
2024-03-28 00:00:00+07:00,79230.765625,79384.6171875,78230.765625,79384.6171875,79384.6171875,825630,0.0,0.0
2024-03-29 00:00:00+07:00,79538.4609375,79538.4609375,78769.234375,79230.765625,79230.765625,863330,0.0,0.0
2024-04-01 00:00:00+07:00,79307.6953125,79307.6953125,78461.5390625,79000.0,79000.0,934830,0.0,0.0
2024-04-02 00:00:00+07:00,78384.6171875,79230.765625,78000.0,79230.765625,79230.765625,1059630,0.0,0.0
2024-04-03 00:00:00+07:00,78923.078125,79384.6171875,77615.3828125,78615.3828125,78615.3828125,1132820,0.0,0.0
2024-04-04 00:00:00+07:00,78692.3046875,79307.6953125,78461.5390625,78615.3828125,78615.3828125,1053000,0.0,0.0
2024-04-05 00:00:00+07:00,78615.3828125,79230.765625,77923.078125,78384.6171875,78384.6171875,975130,0.0,0.0
2024-04-08 00:00:00+07:00,78769.234375,78846.15625,77307.6953125,77769.234375,77769.234375,1041040,0.0,0.0
2024-04-09 00:00:00+07:00,77769.234375,78769.234375,77769.234375,78615.3828125,78615.3828125,1045330,0.0,0.0
2024-04-10 00:00:00+07:00,78846.15625,78846.15625,77692.3046875,78461.5390625,78461.5390625,1173510,0.0,0.0
2024-04-11 00:00:00+07:00,78076.921875,78461.5390625,77538.4609375,77692.3046875,77692.3046875,1231620,0.0,0.0
2024-04-12 00:00:00+07:00,77923.078125,82615.3828125,77692.3046875,82307.6953125,82307.6953125,1957800,0.0,0.0
2024-04-15 00:00:00+07:00,82000.0,82000.0,80615.3828125,81461.5390625,81461.5390625,1432470,0.0,0.0
2024-04-16 00:00:00+07:00,81384.6171875,82538.4609375,80000.0,81538.4609375,81538.4609375,1329770,0.0,0.0
2024-04-17 00:00:00+07:00,81615.3828125,81615.3828125,78384.6171875,79538.4609375,79538.4609375,1428700,0.0,0.0
2024-04-18 00:00:00+07:00,79538.4609375,79538.4609375,79538.4609375,79538.4609375,79538.4609375,0,0.0,0.0
2024-04-19 00:00:00+07:00,78461.5390625,79692.3046875,78461.5390625,79461.5390625,79461.5390625,1231490,0.0,0.0
2024-04-22 00:00:00+07:00,79461.5390625,80153.84375,78538.4609375,79461.5390625,79461.5390625,1053910,0.0,0.0
2024-04-23 00:00:00+07:00,80000.0,80000.0,77692.3046875,79076.921875,79076.921875,1443650,0.0,0.0
2024-04-24 00:00:00+07:00,79384.6171875,79846.15625,78923.078125,79615.3828125,79615.3828125,1166230,0.0,0.0
2024-04-25 00:00:00+07:00,79846.15625,79846.15625,78076.921875,79615.3828125,79615.3828125,1175850,0.0,0.0
2024-04-26 00:00:00+07:00,79230.765625,80000.0,78384.6171875,80000.0,80000.0,1174680,0.0,0.0
2024-04-29 00:00:00+07:00,80000.0,80000.0,80000.0,80000.0,80000.0,0,0.0,0.0
2024-04-30 00:00:00+07:00,80000.0,80000.0,80000.0,80000.0,80000.0,0,0.0,0.0
2024-05-01 00:00:00+07:00,80000.0,80000.0,80000.0,80000.0,80000.0,0,0.0,0.0
2024-05-02 00:00:00+07:00,80000.0,80153.84375,78615.3828125,79923.078125,79923.078125,1076010,0.0,0.0
2024-05-03 00:00:00+07:00,80000.0,82000.0,79307.6953125,81538.4609375,81538.4609375,1420250,0.0,0.0
2024-05-06 00:00:00+07:00,81692.3046875,87230.765625,81692.3046875,87230.765625,87230.765625,2258620,0.0,0.0
2024-05-07 00:00:00+07:00,87692.3046875,91307.6953125,87692.3046875,91230.765625,91230.765625,2028130,0.0,0.0
2024-05-08 00:00:00+07:00,90692.3046875,90692.3046875,88923.078125,90307.6953125,90307.6953125,1594060,0.0,0.0
2024-05-09 00:00:00+07:00,90307.6953125,91461.5390625,89230.765625,90692.3046875,90692.3046875,1470040,0.0,0.0
2024-05-10 00:00:00+07:00,90692.3046875,90769.234375,89076.921875,89923.078125,89923.078125,1201850,0.0,0.0
2024-05-13 00:00:00+07:00,90000.0,92000.0,88846.15625,91384.6171875,91384.6171875,1364740,0.0,0.0
2024-05-14 00:00:00+07:00,91538.4609375,91538.4609375,89692.3046875,90000.0,90000.0,1403090,0.0,0.0
2024-05-15 00:00:00+07:00,89692.3046875,91076.921875,89692.3046875,90230.765625,90230.765625,1714700,0.0,0.0
2024-05-16 00:00:00+07:00,90384.6171875,90615.3828125,89230.765625,90384.6171875,90384.6171875,1447680,0.0,0.0
2024-05-17 00:00:00+07:00,90615.3828125,91846.15625,89769.234375,90307.6953125,90307.6953125,1293630,0.0,0.0
2024-05-20 00:00:00+07:00,90538.4609375,90615.3828125,88153.84375,88153.84375,88153.84375,1307540,0.0,0.0
2024-05-21 00:00:00+07:00,88153.84375,88230.765625,85384.6171875,86538.4609375,86538.4609375,1195740,0.0,0.0
2024-05-22 00:00:00+07:00,86769.234375,87846.15625,83923.078125,83923.078125,83923.078125,1530360,0.0,0.0
2024-05-23 00:00:00+07:00,84076.921875,86000.0,83846.15625,85692.3046875,85692.3046875,1092390,0.0,0.0
2024-05-24 00:00:00+07:00,85384.6171875,85384.6171875,83076.921875,83076.921875,83076.921875,1009060,0.0,0.0
2024-05-27 00:00:00+07:00,83307.6953125,84153.84375,82846.15625,83846.15625,83846.15625,829920,0.0,0.0
2024-05-28 00:00:00+07:00,84538.4609375,84538.4609375,83461.5390625,84307.6953125,84307.6953125,892840,0.0,0.0
2024-05-29 00:00:00+07:00,84307.6953125,84384.6171875,82538.4609375,83000.0,83000.0,1060800,0.0,0.0
2024-05-30 00:00:00+07:00,82307.6953125,83384.6171875,82307.6953125,82307.6953125,82307.6953125,860470,0.0,0.0
2024-05-31 00:00:00+07:00,82692.3046875,83692.3046875,82384.6171875,82384.6171875,82384.6171875,934960,0.0,0.0
2024-06-03 00:00:00+07:00,82384.6171875,82384.6171875,82384.6171875,82384.6171875,82384.6171875,0,0.0,0.0
2024-06-04 00:00:00+07:00,83846.15625,83846.15625,83000.0,83384.6171875,83384.6171875,903630,0.0,0.0
2024-06-05 00:00:00+07:00,83846.15625,84153.84375,83076.921875,83076.921875,83076.921875,1021540,0.0,0.0
2024-06-06 00:00:00+07:00,83153.84375,84461.5390625,82923.078125,83538.4609375,83538.4609375,1237470,0.0,0.0
2024-06-07 00:00:00+07:00,83769.234375,84000.0,83076.921875,83846.15625,83846.15625,1290250,0.0,0.0
2024-06-10 00:00:00+07:00,83846.15625,85615.3828125,83538.4609375,83846.15625,83846.15625,1396720,0.0,0.0
2024-06-11 00:00:00+07:00,83846.15625,83846.15625,81076.921875,81384.6171875,81384.6171875,1992250,0.0,0.0
2024-06-12 00:00:00+07:00,81461.5390625,81769.234375,80384.6171875,81769.234375,81769.234375,1415960,0.0,0.0
2024-06-13 00:00:00+07:00,82000.0,82000.0,81000.0,81538.4609375,81538.4609375,1084720,0.0,0.0
2024-06-14 00:00:00+07:00,81538.4609375,81692.3046875,80000.0,80615.3828125,80615.3828125,1538420,0.0,0.0
2024-06-17 00:00:00+07:00,80692.3046875,81076.921875,80000.0,80615.3828125,80615.3828125,858130,0.0,0.0
2024-06-18 00:00:00+07:00,80692.3046875,80769.234375,80076.921875,80461.5390625,80461.5390625,1161550,0.0,0.0
2024-06-19 00:00:00+07:00,80615.3828125,80615.3828125,78461.5390625,79461.5390625,79461.5390625,1775150,0.0,0.0
2024-06-20 00:00:00+07:00,79307.6953125,79923.078125,78692.3046875,79846.15625,79846.15625,1406340,0.0,0.0
2024-06-21 00:00:00+07:00,79923.078125,80000.0,78384.6171875,78846.15625,78846.15625,1573130,0.0,0.0
2024-06-24 00:00:00+07:00,78769.234375,79230.765625,77615.3828125,78153.84375,78153.84375,1189630,0.0,0.0
2024-06-25 00:00:00+07:00,78153.84375,78461.5390625,77615.3828125,78153.84375,78153.84375,1023750,0.0,0.0
2024-06-26 00:00:00+07:00,78384.6171875,78461.5390625,77769.234375,78153.84375,78153.84375,1060540,0.0,0.0
2024-06-27 00:00:00+07:00,78153.84375,78538.4609375,77461.5390625,78461.5390625,78461.5390625,1108380,0.0,0.0
2024-06-28 00:00:00+07:00,78461.5390625,78538.4609375,77461.5390625,78076.921875,78076.921875,1026090,0.0,0.0
2024-07-01 00:00:00+07:00,77769.234375,78230.765625,76692.3046875,77461.5390625,77461.5390625,1213030,0.0,0.0
2024-07-02 00:00:00+07:00,77692.3046875,77846.15625,76692.3046875,77692.3046875,77692.3046875,1408680,0.0,0.0
2024-07-03 00:00:00+07:00,77692.3046875,77846.15625,77000.0,77846.15625,77846.15625,834730,0.0,0.0
2024-07-04 00:00:00+07:00,77692.3046875,78000.0,77230.765625,77846.15625,77846.15625,1062620,0.0,0.0
2024-07-05 00:00:00+07:00,77769.234375,78307.6953125,77307.6953125,78153.84375,78153.84375,1217580,0.0,0.0
2024-07-08 00:00:00+07:00,78153.84375,78461.5390625,77692.3046875,77923.078125,77923.078125,1053650,0.0,0.0
2024-07-09 00:00:00+07:00,77692.3046875,78076.921875,77384.6171875,78000.0,78000.0,1225770,0.0,0.0
2024-07-10 00:00:00+07:00,77923.078125,78076.921875,77461.5390625,77692.3046875,77692.3046875,1094600,0.0,0.0
2024-07-11 00:00:00+07:00,77692.3046875,77846.15625,77461.5390625,77692.3046875,77692.3046875,1229410,0.0,0.0
2024-07-12 00:00:00+07:00,77692.3046875,78538.4609375,77461.5390625,78461.5390625,78461.5390625,1156740,0.0,0.0
2024-07-15 00:00:00+07:00,78769.234375,80615.3828125,78769.234375,80153.84375,80153.84375,1496300,0.0,0.0
2024-07-16 00:00:00+07:00,80307.6953125,81153.84375,79846.15625,81153.84375,81153.84375,1056380,0.0,0.0
2024-07-17 00:00:00+07:00,81153.84375,81538.4609375,79384.6171875,81153.84375,81153.84375,1134510,0.0,0.0
2024-07-18 00:00:00+07:00,81153.84375,81307.6953125,79384.6171875,81307.6953125,81307.6953125,1299220,0.0,0.0
2024-07-19 00:00:00+07:00,81461.5390625,81538.4609375,80384.6171875,81230.765625,81230.765625,1092520,0.0,0.0
2024-07-22 00:00:00+07:00,80615.3828125,81153.84375,80384.6171875,81000.0,81000.0,963560,0.0,0.0
2024-07-23 00:00:00+07:00,81153.84375,81538.4609375,80461.5390625,81538.4609375,81538.4609375,1026220,0.0,0.0
2024-07-24 00:00:00+07:00,81461.5390625,83000.0,81153.84375,83000.0,83000.0,1048060,0.0,0.0
2024-07-25 00:00:00+07:00,82615.3828125,83000.0,81923.078125,83000.0,83000.0,1061190,0.0,0.0
2024-07-26 00:00:00+07:00,82769.234375,83000.0,81923.078125,82923.078125,82923.078125,821210,0.0,0.0
2024-07-29 00:00:00+07:00,82923.078125,83000.0,81615.3828125,81692.3046875,81692.3046875,815230,0.0,0.0
2024-07-30 00:00:00+07:00,81615.3828125,81923.078125,80384.6171875,81076.921875,81076.921875,895830,0.0,0.0
2024-07-31 00:00:00+07:00,81153.84375,81769.234375,80846.15625,81461.5390625,81461.5390625,557960,0.0,0.0
2024-08-01 00:00:00+07:00,81846.15625,82307.6953125,80076.921875,80153.84375,80153.84375,1013740,0.0,0.0
2024-08-02 00:00:00+07:00,79846.15625,80615.3828125,78307.6953125,80615.3828125,80615.3828125,813020,0.0,0.0
2024-08-05 00:00:00+07:00,80000.0,80000.0,75538.4609375,76846.15625,76846.15625,1145170,0.0,0.0
2024-08-06 00:00:00+07:00,76846.15625,79230.765625,76846.15625,77307.6953125,77307.6953125,540410,0.0,0.0
2024-08-07 00:00:00+07:00,77076.921875,77307.6953125,75538.4609375,76384.6171875,76384.6171875,953420,0.0,0.0
2024-08-08 00:00:00+07:00,76000.0,76923.078125,74615.3828125,76384.6171875,76384.6171875,815750,0.0,0.0
2024-08-09 00:00:00+07:00,76384.6171875,77692.3046875,76153.84375,77615.3828125,77615.3828125,638170,0.0,0.0
2024-08-12 00:00:00+07:00,77615.3828125,78384.6171875,76076.921875,77769.234375,77769.234375,740610,0.0,0.0
2024-08-13 00:00:00+07:00,77000.0,79461.5390625,76923.078125,79076.921875,79076.921875,571090,0.0,0.0
2024-08-14 00:00:00+07:00,79384.6171875,79384.6171875,77846.15625,78846.15625,78846.15625,618930,0.0,0.0
2024-08-15 00:00:00+07:00,79153.84375,79153.84375,78153.84375,79076.921875,79076.921875,746720,0.0,0.0
2024-08-16 00:00:00+07:00,79384.6171875,81538.4609375,78461.5390625,80769.234375,80769.234375,1407640,0.0,0.0
2024-08-19 00:00:00+07:00,81000.0,81461.5390625,80153.84375,80769.234375,80769.234375,645320,0.0,0.0
2024-08-20 00:00:00+07:00,80923.078125,81230.765625,79923.078125,81076.921875,81076.921875,725790,0.0,0.0
2024-08-21 00:00:00+07:00,80923.078125,81307.6953125,79923.078125,80692.3046875,80692.3046875,761800,0.0,0.0
2024-08-22 00:00:00+07:00,80769.234375,81000.0,79846.15625,80384.6171875,80384.6171875,770510,0.0,0.0
2024-08-23 00:00:00+07:00,80538.4609375,80538.4609375,79846.15625,80384.6171875,80384.6171875,759850,0.0,0.0
2024-08-26 00:00:00+07:00,80384.6171875,80769.234375,80000.0,80384.6171875,80384.6171875,843310,0.0,0.0
2024-08-27 00:00:00+07:00,80384.6171875,80615.3828125,79923.078125,80000.0,80000.0,889850,0.0,0.0
2024-08-28 00:00:00+07:00,80153.84375,80153.84375,79538.4609375,79846.15625,79846.15625,970840,0.0,0.0
2024-08-29 00:00:00+07:00,79846.15625,80615.3828125,79461.5390625,80538.4609375,80538.4609375,967850,0.0,0.0
2024-08-30 00:00:00+07:00,80692.3046875,81153.84375,80538.4609375,81000.0,81000.0,1012570,0.0,0.0
2024-09-02 00:00:00+07:00,81000.0,81000.0,81000.0,81000.0,81000.0,0,0.0,0.0
2024-09-03 00:00:00+07:00,81000.0,81000.0,81000.0,81000.0,81000.0,0,0.0,0.0
2024-09-04 00:00:00+07:00,80307.6953125,80769.234375,79230.765625,80230.765625,80230.765625,804440,0.0,0.0
2024-09-05 00:00:00+07:00,80000.0,80769.234375,79230.765625,79846.15625,79846.15625,1004510,0.0,0.0
2024-09-06 00:00:00+07:00,80000.0,80615.3828125,79153.84375,79846.15625,79846.15625,1003600,0.0,0.0
2024-09-09 00:00:00+07:00,80000.0,80000.0,78538.4609375,79230.765625,79230.765625,890240,0.0,0.0
2024-09-10 00:00:00+07:00,79538.4609375,80615.3828125,79461.5390625,80153.84375,80153.84375,1011400,0.0,0.0
2024-09-11 00:00:00+07:00,80153.84375,81384.6171875,79923.078125,80769.234375,80769.234375,1158950,0.0,0.0
2024-09-12 00:00:00+07:00,81153.84375,81307.6953125,80615.3828125,81000.0,81000.0,814450,0.0,0.0
2024-09-13 00:00:00+07:00,81153.84375,81153.84375,79846.15625,80615.3828125,80615.3828125,870610,0.0,0.0
2024-09-16 00:00:00+07:00,80692.3046875,80923.078125,79538.4609375,80000.0,80000.0,1005160,0.0,0.0
2024-09-17 00:00:00+07:00,80000.0,80769.234375,79692.3046875,80769.234375,80769.234375,1095120,0.0,0.0
2024-09-18 00:00:00+07:00,80769.234375,81153.84375,80153.84375,80846.15625,80846.15625,1078350,0.0,0.0
2024-09-19 00:00:00+07:00,80769.234375,80923.078125,80461.5390625,80846.15625,80846.15625,1002300,0.0,0.0
2024-09-20 00:00:00+07:00,80923.078125,81076.921875,80230.765625,80923.078125,80923.078125,1596140,0.0,0.0
2024-09-23 00:00:00+07:00,81000.0,81153.84375,80384.6171875,80769.234375,80769.234375,733070,0.0,0.0
2024-09-24 00:00:00+07:00,80769.234375,80923.078125,80384.6171875,80846.15625,80846.15625,902980,0.0,0.0
2024-09-25 00:00:00+07:00,81000.0,81000.0,80153.84375,80461.5390625,80461.5390625,1121900,0.0,0.0
2024-09-26 00:00:00+07:00,80538.4609375,80846.15625,80153.84375,80846.15625,80846.15625,1219920,0.0,0.0
2024-09-27 00:00:00+07:00,80923.078125,81000.0,80000.0,80846.15625,80846.15625,917930,0.0,0.0
2024-09-30 00:00:00+07:00,80846.15625,80923.078125,80230.765625,80769.234375,80769.234375,829270,0.0,0.0
2024-10-01 00:00:00+07:00,80769.234375,81153.84375,80615.3828125,81000.0,81000.0,1028950,0.0,0.0
2024-10-02 00:00:00+07:00,80846.15625,81000.0,79846.15625,80769.234375,80769.234375,857350,0.0,0.0
2024-10-03 00:00:00+07:00,80769.234375,81615.3828125,80461.5390625,81153.84375,81153.84375,1031940,0.0,0.0
2024-10-04 00:00:00+07:00,81230.765625,81307.6953125,80615.3828125,81000.0,81000.0,960180,0.0,0.0
2024-10-07 00:00:00+07:00,81000.0,81153.84375,80000.0,80769.234375,80769.234375,859820,0.0,0.0
2024-10-08 00:00:00+07:00,80769.234375,80923.078125,80000.0,80615.3828125,80615.3828125,1006850,0.0,0.0
2024-10-09 00:00:00+07:00,80615.3828125,81461.5390625,80076.921875,81230.765625,81230.765625,1157910,0.0,0.0
2024-10-10 00:00:00+07:00,81230.765625,81538.4609375,80461.5390625,81538.4609375,81538.4609375,2637700,0.0,0.0
2024-10-11 00:00:00+07:00,81615.3828125,84230.765625,81538.4609375,83769.234375,83769.234375,1825850,0.0,0.0
2024-10-14 00:00:00+07:00,83846.15625,84153.84375,81538.4609375,82538.4609375,82538.4609375,1435590,0.0,0.0
2024-10-15 00:00:00+07:00,82538.4609375,82615.3828125,81000.0,81461.5390625,81461.5390625,1197170,0.0,0.0
2024-10-16 00:00:00+07:00,81153.84375,81461.5390625,79846.15625,81384.6171875,81384.6171875,1058590,0.0,0.0
2024-10-17 00:00:00+07:00,81384.6171875,81384.6171875,80153.84375,81000.0,81000.0,1002170,0.0,0.0
2024-10-18 00:00:00+07:00,81000.0,81923.078125,80307.6953125,81923.078125,81923.078125,1296100,0.0,0.0
2024-10-21 00:00:00+07:00,81307.6953125,81307.6953125,80230.765625,81230.765625,81230.765625,1075100,0.0,0.0
2024-10-22 00:00:00+07:00,81076.921875,81076.921875,80153.84375,80153.84375,80153.84375,1027520,0.0,0.0
2024-10-23 00:00:00+07:00,80153.84375,80769.234375,79923.078125,80307.6953125,80307.6953125,1009060,0.0,0.0
2024-10-24 00:00:00+07:00,80384.6171875,80384.6171875,79692.3046875,80153.84375,80153.84375,1002820,0.0,0.0
2024-10-25 00:00:00+07:00,80153.84375,80230.765625,79538.4609375,80153.84375,80153.84375,955110,0.0,0.0
2024-10-28 00:00:00+07:00,80153.84375,80153.84375,79153.84375,79692.3046875,79692.3046875,1006460,0.0,0.0
2024-10-29 00:00:00+07:00,79769.234375,80000.0,79384.6171875,79923.078125,79923.078125,903110,0.0,0.0
2024-10-30 00:00:00+07:00,79923.078125,80000.0,79230.765625,79923.078125,79923.078125,937300,0.0,0.0
2024-10-31 00:00:00+07:00,79846.15625,80769.234375,79615.3828125,80769.234375,80769.234375,977860,0.0,0.0
2024-11-01 00:00:00+07:00,80692.3046875,80692.3046875,79615.3828125,80538.4609375,80538.4609375,839670,0.0,0.0
2024-11-04 00:00:00+07:00,80538.4609375,80538.4609375,79538.4609375,80000.0,80000.0,942370,0.0,0.0
2024-11-05 00:00:00+07:00,80000.0,80076.921875,78923.078125,79615.3828125,79615.3828125,945490,0.0,0.0
2024-11-06 00:00:00+07:00,79692.3046875,80769.234375,79307.6953125,80692.3046875,80692.3046875,905710,0.0,0.0
2024-11-07 00:00:00+07:00,80769.234375,80769.234375,80076.921875,80230.765625,80230.765625,843570,0.0,0.0
2024-11-08 00:00:00+07:00,80230.765625,80461.5390625,79615.3828125,80461.5390625,80461.5390625,898560,0.0,0.0
2024-11-11 00:00:00+07:00,80461.5390625,80615.3828125,79538.4609375,80384.6171875,80384.6171875,892840,0.0,0.0
2024-11-12 00:00:00+07:00,80384.6171875,80769.234375,79307.6953125,80384.6171875,80384.6171875,928590,0.0,0.0
2024-11-13 00:00:00+07:00,80076.921875,80307.6953125,79230.765625,79692.3046875,79692.3046875,916630,0.0,0.0
2024-11-14 00:00:00+07:00,79692.3046875,79769.234375,78538.4609375,79461.5390625,79461.5390625,864500,0.0,0.0
2024-11-15 00:00:00+07:00,79307.6953125,79538.4609375,78076.921875,79461.5390625,79461.5390625,983970,0.0,0.0
2024-11-18 00:00:00+07:00,79153.84375,79230.765625,77692.3046875,78230.765625,78230.765625,985270,0.0,0.0
2024-11-19 00:00:00+07:00,78461.5390625,78615.3828125,77153.84375,78230.765625,78230.765625,753870,0.0,0.0
2024-11-20 00:00:00+07:00,77923.078125,78692.3046875,77000.0,78461.5390625,78461.5390625,948090,0.0,0.0
2024-11-21 00:00:00+07:00,78461.5390625,78615.3828125,77076.921875,78230.765625,78230.765625,900900,0.0,0.0
2024-11-22 00:00:00+07:00,78230.765625,78769.234375,77692.3046875,78230.765625,78230.765625,786240,0.0,0.0
2024-11-25 00:00:00+07:00,78153.84375,79076.921875,78076.921875,79076.921875,79076.921875,1005680,0.0,0.0
2024-11-26 00:00:00+07:00,79153.84375,79461.5390625,78769.234375,79384.6171875,79384.6171875,752310,0.0,0.0
2024-11-27 00:00:00+07:00,79230.765625,79461.5390625,78538.4609375,78769.234375,78769.234375,739440,0.0,0.0
2024-11-28 00:00:00+07:00,78846.15625,79153.84375,78307.6953125,78615.3828125,78615.3828125,826540,0.0,0.0
2024-11-29 00:00:00+07:00,78615.3828125,78769.234375,77230.765625,78769.234375,78769.234375,876720,0.0,0.0
2024-12-02 00:00:00+07:00,78923.078125,79000.0,77923.078125,78692.3046875,78692.3046875,749190,0.0,0.0
2024-12-03 00:00:00+07:00,78461.5390625,78692.3046875,77692.3046875,78076.921875,78076.921875,904410,0.0,0.0
2024-12-04 00:00:00+07:00,78000.0,78076.921875,77230.765625,78000.0,78000.0,905190,0.0,0.0
2024-12-05 00:00:00+07:00,78000.0,79230.765625,77615.3828125,79230.765625,79230.765625,1027650,0.0,0.0
2024-12-06 00:00:00+07:00,79076.921875,79230.765625,78384.6171875,79076.921875,79076.921875,831220,0.0,0.0
2024-12-09 00:00:00+07:00,78846.15625,79615.3828125,78076.921875,79000.0,79000.0,885430,0.0,0.0
2024-12-10 00:00:00+07:00,78923.078125,79000.0,78384.6171875,78923.078125,78923.078125,713440,0.0,0.0
2024-12-11 00:00:00+07:00,78923.078125,79769.234375,78307.6953125,79153.84375,79153.84375,891020,0.0,0.0
2024-12-12 00:00:00+07:00,79153.84375,79615.3828125,78461.5390625,79153.84375,79153.84375,862160,0.0,0.0
2024-12-13 00:00:00+07:00,79076.921875,79076.921875,78307.6953125,78769.234375,78769.234375,747760,0.0,0.0
2024-12-16 00:00:00+07:00,78769.234375,78769.234375,77769.234375,78461.5390625,78461.5390625,836680,0.0,0.0
2024-12-17 00:00:00+07:00,78461.5390625,78615.3828125,77538.4609375,78153.84375,78153.84375,872820,0.0,0.0
2024-12-18 00:00:00+07:00,78000.0,78000.0,77307.6953125,77461.5390625,77461.5390625,787670,0.0,0.0
2024-12-19 00:00:00+07:00,77307.6953125,77307.6953125,75384.6171875,76923.078125,76923.078125,1476020,0.0,0.0
2024-12-20 00:00:00+07:00,76923.078125,77615.3828125,76307.6953125,76307.6953125,76307.6953125,1310010,0.0,0.0
2024-12-23 00:00:00+07:00,77153.84375,77769.234375,76538.4609375,77384.6171875,77384.6171875,907530,0.0,0.0
2024-12-24 00:00:00+07:00,77384.6171875,77692.3046875,76769.234375,77692.3046875,77692.3046875,878540,0.0,0.0
2024-12-25 00:00:00+07:00,77769.234375,78461.5390625,77307.6953125,78461.5390625,78461.5390625,1219660,0.0,0.0
2024-12-26 00:00:00+07:00,78461.5390625,78615.3828125,77692.3046875,78076.921875,78076.921875,807040,0.0,0.0
2024-12-27 00:00:00+07:00,78153.84375,78307.6953125,77692.3046875,77846.15625,77846.15625,846170,0.0,0.0
2024-12-30 00:00:00+07:00,77076.921875,77538.4609375,76692.3046875,77000.0,77000.0,977470,0.0,0.0
2024-12-31 00:00:00+07:00,77307.6953125,77307.6953125,76461.5390625,76923.078125,76923.078125,889590,0.0,0.0
2025-01-01 00:00:00+07:00,76923.078125,76923.078125,76923.078125,76923.078125,76923.078125,0,0.0,0.0
2025-01-02 00:00:00+07:00,77000.0,77000.0,76153.84375,76846.15625,76846.15625,970840,0.0,0.0
2025-01-03 00:00:00+07:00,76846.15625,76846.15625,76076.921875,76538.4609375,76538.4609375,966810,0.0,0.0
2025-01-06 00:00:00+07:00,76538.4609375,76846.15625,76153.84375,76692.3046875,76692.3046875,863070,0.0,0.0
2025-01-07 00:00:00+07:00,76692.3046875,76846.15625,75769.234375,76538.4609375,76538.4609375,800280,0.0,0.0
2025-01-08 00:00:00+07:00,76461.5390625,76538.4609375,75692.3046875,76461.5390625,76461.5390625,634270,0.0,0.0
2025-01-09 00:00:00+07:00,76461.5390625,76461.5390625,75923.078125,76384.6171875,76384.6171875,571480,0.0,0.0
2025-01-10 00:00:00+07:00,76384.6171875,76615.3828125,75538.4609375,75846.15625,75846.15625,611390,0.0,0.0
2025-01-13 00:00:00+07:00,76000.0,76307.6953125,75461.5390625,75846.15625,75846.15625,675610,0.0,0.0
2025-01-14 00:00:00+07:00,75769.234375,75923.078125,75307.6953125,75769.234375,75769.234375,638560,0.0,0.0
2025-01-15 00:00:00+07:00,75846.15625,76461.5390625,75615.3828125,75923.078125,75923.078125,619320,0.0,0.0
2025-01-16 00:00:00+07:00,75846.15625,76461.5390625,75615.3828125,75923.078125,75923.078125,619320,0.0,0.0
2025-01-17 00:00:00+07:00,76076.921875,76230.765625,75384.6171875,76153.84375,76153.84375,680160,0.0,0.0
2025-01-20 00:00:00+07:00,75769.234375,76153.84375,75461.5390625,76000.0,76000.0,547430,0.0,0.0
2025-01-21 00:00:00+07:00,76153.84375,76384.6171875,75461.5390625,76000.0,76000.0,625040,0.0,0.0
2025-01-22 00:00:00+07:00,76000.0,76153.84375,75615.3828125,76000.0,76000.0,616850,0.0,0.0
2025-01-23 00:00:00+07:00,76000.0,76538.4609375,75846.15625,76153.84375,76153.84375,740740,0.0,0.0
2025-01-24 00:00:00+07:00,76076.921875,76769.234375,75615.3828125,76769.234375,76769.234375,795730,0.0,0.0
2025-01-27 00:00:00+07:00,76769.234375,76769.234375,76769.234375,76769.234375,76769.234375,0,0.0,0.0
2025-01-28 00:00:00+07:00,76769.234375,76769.234375,76769.234375,76769.234375,76769.234375,0,0.0,0.0
2025-01-29 00:00:00+07:00,76769.234375,76769.234375,76769.234375,76769.234375,76769.234375,0,0.0,0.0
2025-01-30 00:00:00+07:00,76769.234375,76769.234375,76769.234375,76769.234375,76769.234375,0,0.0,0.0
2025-01-31 00:00:00+07:00,76769.234375,76769.234375,76769.234375,76769.234375,76769.234375,0,0.0,0.0
2025-02-03 00:00:00+07:00,76538.4609375,76538.4609375,75307.6953125,76000.0,76000.0,656760,0.0,0.0
2025-02-04 00:00:00+07:00,76000.0,76000.0,75307.6953125,75538.4609375,75538.4609375,707070,0.0,0.0
2025-02-05 00:00:00+07:00,75538.4609375,75923.078125,75000.0,75153.84375,75153.84375,696410,0.0,0.0
2025-02-06 00:00:00+07:00,75153.84375,75769.234375,74846.15625,75384.6171875,75384.6171875,539890,0.0,0.0
2025-02-07 00:00:00+07:00,75307.6953125,75538.4609375,75000.0,75461.5390625,75461.5390625,658840,0.0,0.0
2025-02-10 00:00:00+07:00,75384.6171875,75384.6171875,74384.6171875,74461.5390625,74461.5390625,605930,0.0,0.0
2025-02-11 00:00:00+07:00,74461.5390625,74615.3828125,73153.84375,74230.765625,74230.765625,835640,0.0,0.0
2025-02-12 00:00:00+07:00,74076.921875,74615.3828125,73923.078125,73923.078125,73923.078125,596310,0.0,0.0
2025-02-13 00:00:00+07:00,73615.3828125,74000.0,73461.5390625,74000.0,74000.0,579020,0.0,0.0
2025-02-14 00:00:00+07:00,74000.0,74461.5390625,74000.0,74384.6171875,74384.6171875,664560,0.0,0.0
2025-02-17 00:00:00+07:00,74384.6171875,75000.0,74153.84375,75000.0,75000.0,666120,0.0,0.0
2025-02-18 00:00:00+07:00,75000.0,75230.765625,74384.6171875,74923.078125,74923.078125,624390,0.0,0.0
2025-02-19 00:00:00+07:00,75000.0,75000.0,74307.6953125,74923.078125,74923.078125,708370,0.0,0.0
2025-02-20 00:00:00+07:00,74923.078125,75000.0,74461.5390625,74538.4609375,74538.4609375,793390,0.0,0.0
2025-02-21 00:00:00+07:00,74461.5390625,74538.4609375,74000.0,74307.6953125,74307.6953125,652080,0.0,0.0
2025-02-24 00:00:00+07:00,74000.0,74307.6953125,73615.3828125,74307.6953125,74307.6953125,820040,0.0,0.0
2025-02-25 00:00:00+07:00,74384.6171875,74461.5390625,73846.15625,73923.078125,73923.078125,767910,0.0,0.0
2025-02-26 00:00:00+07:00,73923.078125,74692.3046875,73846.15625,74692.3046875,74692.3046875,618800,0.0,0.0
2025-02-27 00:00:00+07:00,74692.3046875,74769.234375,74076.921875,74538.4609375,74538.4609375,665730,0.0,0.0
2025-02-28 00:00:00+07:00,74384.6171875,74615.3828125,73846.15625,73846.15625,73846.15625,715130,0.0,0.0
2025-03-03 00:00:00+07:00,74000.0,74615.3828125,73846.15625,74538.4609375,74538.4609375,729560,0.0,0.0
2025-03-04 00:00:00+07:00,74307.6953125,74615.3828125,73923.078125,74461.5390625,74461.5390625,740870,0.0,0.0
2025-03-05 00:00:00+07:00,74230.765625,74461.5390625,73923.078125,74153.84375,74153.84375,637520,0.0,0.0
2025-03-06 00:00:00+07:00,74230.765625,74461.5390625,74000.0,74230.765625,74230.765625,699530,0.0,0.0
2025-03-07 00:00:00+07:00,74076.921875,74615.3828125,73846.15625,74615.3828125,74615.3828125,986440,0.0,0.0
2025-03-10 00:00:00+07:00,74615.3828125,75307.6953125,74153.84375,75153.84375,75153.84375,771940,0.0,0.0
2025-03-11 00:00:00+07:00,74769.234375,75384.6171875,74461.5390625,75153.84375,75153.84375,664820,0.0,0.0
2025-03-12 00:00:00+07:00,75153.84375,75230.765625,74692.3046875,74923.078125,74923.078125,683670,0.0,0.0
2025-03-13 00:00:00+07:00,74923.078125,75000.0,74230.765625,74846.15625,74846.15625,690820,0.0,0.0
2025-03-14 00:00:00+07:00,74923.078125,76769.234375,74384.6171875,75846.15625,75846.15625,1183910,0.0,0.0
2025-03-17 00:00:00+07:00,75923.078125,76461.5390625,75923.078125,76230.765625,76230.765625,945880,0.0,0.0
2025-03-18 00:00:00+07:00,76230.765625,76461.5390625,75000.0,75692.3046875,75692.3046875,813020,0.0,0.0
2025-03-19 00:00:00+07:00,75615.3828125,75615.3828125,74846.15625,75230.765625,75230.765625,792220,0.0,0.0
2025-03-20 00:00:00+07:00,75307.6953125,75307.6953125,74000.0,74000.0,74000.0,711620,0.0,0.0
2025-03-21 00:00:00+07:00,74076.921875,75000.0,73769.234375,74307.6953125,74307.6953125,809120,0.0,0.0
2025-03-24 00:00:00+07:00,74384.6171875,74461.5390625,73538.4609375,74307.6953125,74307.6953125,738920,0.0,0.0
2025-03-25 00:00:00+07:00,74615.3828125,74769.234375,73769.234375,74384.6171875,74384.6171875,694070,0.0,0.0
2025-03-26 00:00:00+07:00,74461.5390625,75076.921875,74000.0,74384.6171875,74384.6171875,939900,0.0,0.0
2025-03-27 00:00:00+07:00,74230.765625,74384.6171875,73769.234375,74230.765625,74230.765625,667810,0.0,0.0
2025-03-28 00:00:00+07:00,74230.765625,74230.765625,73230.765625,73846.15625,73846.15625,980850,0.0,0.0
2025-03-31 00:00:00+07:00,73769.234375,73769.234375,72846.15625,73076.921875,73076.921875,682240,0.0,0.0
2025-04-01 00:00:00+07:00,73076.921875,73230.765625,72615.3828125,73230.765625,73230.765625,590070,0.0,0.0
2025-04-02 00:00:00+07:00,73307.6953125,73307.6953125,72692.3046875,73076.921875,73076.921875,669370,0.0,0.0
2025-04-03 00:00:00+07:00,73000.0,73000.0,68000.0,68000.0,68000.0,945750,0.0,0.0
2025-04-04 00:00:00+07:00,63384.6171875,68000.0,63384.6171875,66384.6171875,66384.6171875,1331460,0.0,0.0
2025-04-07 00:00:00+07:00,66384.6171875,66384.6171875,66384.6171875,66384.6171875,66384.6171875,0,0.0,0.0
2025-04-08 00:00:00+07:00,66153.84375,66153.84375,61769.23046875,63538.4609375,63538.4609375,824980,0.0,0.0
2025-04-09 00:00:00+07:00,60692.30859375,63461.5390625,59307.69140625,60846.15234375,60846.15234375,822250,0.0,0.0
2025-04-10 00:00:00+07:00,65076.921875,65076.921875,65076.921875,65076.921875,65076.921875,28210,0.0,0.0
2025-04-11 00:00:00+07:00,69615.3828125,69615.3828125,65076.921875,65692.3046875,65692.3046875,1296620,0.0,0.0
2025-04-14 00:00:00+07:00,65692.3046875,65769.234375,64307.69140625,65769.234375,65769.234375,784420,0.0,0.0
2025-04-15 00:00:00+07:00,65230.76953125,65692.3046875,63384.6171875,64076.921875,64076.921875,1033890,0.0,0.0
2025-04-16 00:00:00+07:00,64076.921875,65769.234375,64000.0,65692.3046875,65692.3046875,831870,0.0,0.0
2025-04-17 00:00:00+07:00,64384.6171875,67692.3046875,64000.0,67692.3046875,67692.3046875,1692080,0.0,0.0
2025-04-18 00:00:00+07:00,68307.6953125,68307.6953125,66538.4609375,66538.4609375,66538.4609375,963170,0.0,0.0
2025-04-21 00:00:00+07:00,67153.84375,67307.6953125,64615.3828125,64615.3828125,64615.3828125,833950,0.0,0.0
2025-04-22 00:00:00+07:00,64846.15234375,64846.15234375,61615.3828125,64230.76953125,64230.76953125,1209260,0.0,0.0
2025-04-23 00:00:00+07:00,65384.6171875,66153.84375,65230.76953125,65923.078125,65923.078125,950820,0.0,0.0
2025-04-24 00:00:00+07:00,66000.0,66000.0,64846.15234375,65923.078125,65923.078125,753220,0.0,0.0
2025-04-25 00:00:00+07:00,65923.078125,70000.0,64846.15234375,70000.0,70000.0,1831700,0.0,0.0
2025-04-28 00:00:00+07:00,68461.5390625,69230.765625,67230.765625,68538.4609375,68538.4609375,585390,0.0,0.0
2025-04-29 00:00:00+07:00,68538.4609375,68538.4609375,66153.84375,66153.84375,66153.84375,863070,0.0,0.0
2025-04-30 00:00:00+07:00,66153.84375,66153.84375,66153.84375,66153.84375,66153.84375,0,0.0,0.0
2025-05-01 00:00:00+07:00,66153.84375,66153.84375,66153.84375,66153.84375,66153.84375,0,0.0,0.0
2025-05-02 00:00:00+07:00,66153.84375,66153.84375,66153.84375,66153.84375,66153.84375,0,0.0,0.0
2025-05-05 00:00:00+07:00,66230.765625,69000.0,66153.84375,68923.078125,68923.078125,826930,0.0,0.0
2025-05-06 00:00:00+07:00,66230.765625,69000.0,66153.84375,68923.078125,68923.078125,826930,0.0,0.0
2025-05-07 00:00:00+07:00,68923.078125,69000.0,67769.234375,68461.5390625,68461.5390625,774800,0.0,0.0
2025-05-08 00:00:00+07:00,68538.4609375,68538.4609375,67769.234375,68384.6171875,68384.6171875,766740,0.0,0.0
2025-05-09 00:00:00+07:00,68307.6953125,69384.6171875,67230.765625,69076.921875,69076.921875,926770,0.0,0.0
2025-05-12 00:00:00+07:00,68846.15625,69615.3828125,68461.5390625,69538.4609375,69538.4609375,964600,0.0,0.0
2025-05-13 00:00:00+07:00,68846.15625,69615.3828125,68461.5390625,69538.4609375,69538.4609375,964600,0.0,0.0
2025-05-14 00:00:00+07:00,70384.6171875,70384.6171875,68769.234375,69615.3828125,69615.3828125,776750,0.0,0.0
2025-05-15 00:00:00+07:00,69076.921875,71538.4609375,68846.15625,71538.4609375,71538.4609375,1320800,0.0,0.0
2025-05-16 00:00:00+07:00,70769.234375,70769.234375,69153.84375,70000.0,70000.0,1358240,0.0,0.0
2025-05-19 00:00:00+07:00,68846.15625,68846.15625,67692.3046875,67692.3046875,67692.3046875,922220,0.0,0.0
2025-05-20 00:00:00+07:00,68846.15625,68846.15625,67692.3046875,67692.3046875,67692.3046875,922220,0.0,0.0
2025-05-21 00:00:00+07:00,67692.3046875,68384.6171875,66769.234375,67923.078125,67923.078125,1168310,0.0,0.0
2025-05-22 00:00:00+07:00,68000.0,68000.0,67076.921875,67923.078125,67923.078125,895960,0.0,0.0
2025-05-23 00:00:00+07:00,67307.6953125,68153.84375,66923.078125,67076.921875,67076.921875,1088880,0.0,0.0
2025-05-26 00:00:00+07:00,67538.4609375,67538.4609375,66307.6953125,67538.4609375,67538.4609375,747240,0.0,0.0
2025-05-27 00:00:00+07:00,67538.4609375,67538.4609375,66307.6953125,67538.4609375,67538.4609375,747240,0.0,0.0
2025-05-28 00:00:00+07:00,67307.6953125,68307.6953125,67153.84375,68000.0,68000.0,957840,0.0,0.0
2025-05-29 00:00:00+07:00,67846.15625,68153.84375,67307.6953125,67692.3046875,67692.3046875,822120,0.0,0.0
2025-05-30 00:00:00+07:00,67307.6953125,67461.5390625,67076.921875,67307.6953125,67307.6953125,680810,0.0,0.0
2025-06-02 00:00:00+07:00,66846.15625,69307.6953125,66538.4609375,68846.15625,68846.15625,1478620,0.0,0.0
2025-06-03 00:00:00+07:00,66846.15625,69307.6953125,66538.4609375,68846.15625,68846.15625,1478620,0.0,0.0
2025-06-04 00:00:00+07:00,69230.765625,70000.0,68461.5390625,69076.921875,69076.921875,989690,0.0,0.0
2025-06-05 00:00:00+07:00,69076.921875,71153.84375,68692.3046875,70615.3828125,70615.3828125,1789320,0.0,0.0
2025-06-06 00:00:00+07:00,70769.234375,70769.234375,70000.0,70230.765625,70230.765625,908050,0.0,0.0
2025-06-09 00:00:00+07:00,69230.765625,69230.765625,67692.3046875,68307.6953125,68307.6953125,1092130,0.0,0.0
2025-06-10 00:00:00+07:00,69230.765625,69230.765625,67692.3046875,68307.6953125,68307.6953125,1092130,0.0,0.0
2025-06-11 00:00:00+07:00,68461.5390625,68846.15625,67769.234375,68461.5390625,68461.5390625,746460,0.0,0.0
2025-06-12 00:00:00+07:00,68307.6953125,68461.5390625,67384.6171875,67384.6171875,67384.6171875,889850,0.0,0.0
2025-06-13 00:00:00+07:00,67461.5390625,68692.3046875,67461.5390625,68384.6171875,68384.6171875,859300,0.0,0.0
2025-06-16 00:00:00+07:00,67538.4609375,67538.4609375,66769.234375,67538.4609375,67538.4609375,972010,0.0,0.0
2025-06-17 00:00:00+07:00,67538.4609375,67538.4609375,66769.234375,67538.4609375,67538.4609375,972010,0.0,0.0
2025-06-18 00:00:00+07:00,67692.3046875,67769.234375,67000.0,67461.5390625,67461.5390625,871650,0.0,0.0
2025-06-19 00:00:00+07:00,67461.5390625,67769.234375,67230.765625,67461.5390625,67461.5390625,861120,0.0,0.0
2025-06-20 00:00:00+07:00,67153.84375,68615.3828125,66923.078125,68076.921875,68076.921875,1561170,0.0,0.0
2025-06-23 00:00:00+07:00,67615.3828125,67615.3828125,66846.15625,67307.6953125,67307.6953125,874640,0.0,0.0
2025-06-24 00:00:00+07:00,67615.3828125,67615.3828125,66846.15625,67307.6953125,67307.6953125,874640,0.0,0.0
2025-06-25 00:00:00+07:00,67307.6953125,67769.234375,67153.84375,67769.234375,67769.234375,832780,0.0,0.0
2025-06-26 00:00:00+07:00,67384.6171875,67923.078125,67000.0,67000.0,67000.0,864370,0.0,0.0
2025-06-27 00:00:00+07:00,67076.921875,67538.4609375,67000.0,67000.0,67000.0,683670,0.0,0.0
2025-06-30 00:00:00+07:00,67307.6953125,68307.6953125,67307.6953125,67769.234375,67769.234375,783120,0.0,0.0
2025-07-01 00:00:00+07:00,67307.6953125,68307.6953125,67307.6953125,67769.234375,67769.234375,783120,0.0,0.0
2025-07-02 00:00:00+07:00,67846.15625,70000.0,67846.15625,69615.3828125,69615.3828125,1670370,0.0,0.0
2025-07-03 00:00:00+07:00,69615.3828125,69615.3828125,69153.84375,69384.6171875,69384.6171875,777660,0.0,0.0
2025-07-04 00:00:00+07:00,67153.84375,69538.4609375,67153.84375,68461.5390625,68461.5390625,909740,0.0,0.0
2025-07-07 00:00:00+07:00,69000.0,69461.5390625,68230.765625,69230.765625,69230.765625,1025960,0.0,0.0
2025-07-08 00:00:00+07:00,69000.0,69461.5390625,68230.765625,69230.765625,69230.765625,1025960,0.0,0.0
2025-07-09 00:00:00+07:00,69230.765625,73076.921875,68846.15625,73076.921875,73076.921875,2779530,0.0,0.0
2025-07-10 00:00:00+07:00,73076.921875,73230.765625,72307.6953125,72307.6953125,72307.6953125,1389180,0.0,0.0
2025-07-11 00:00:00+07:00,72384.6171875,73846.15625,72076.921875,73846.15625,73846.15625,1653990,0.0,0.0
2025-07-14 00:00:00+07:00,77230.765625,77615.3828125,75538.4609375,76153.84375,76153.84375,1473290,0.0,0.0
2025-07-15 00:00:00+07:00,77230.765625,77615.3828125,75538.4609375,76153.84375,76153.84375,1473290,0.0,0.0
2025-07-16 00:00:00+07:00,76923.078125,77000.0,75000.0,75000.0,75000.0,1448460,0.0,0.0
2025-07-17 00:00:00+07:00,74615.3828125,75000.0,73461.5390625,73846.15625,73846.15625,2008890,0.0,0.0
2025-07-18 00:00:00+07:00,73846.15625,75230.765625,72538.4609375,72538.4609375,72538.4609375,2226640,0.0,0.0
2025-07-21 00:00:00+07:00,72307.6953125,74076.921875,72230.765625,73153.84375,73153.84375,2029170,0.0,0.0
2025-07-22 00:00:00+07:00,72307.6953125,74076.921875,72230.765625,73153.84375,73153.84375,2029170,0.0,0.0
2025-07-23 00:00:00+07:00,73461.5390625,78230.765625,73461.5390625,78230.765625,78230.765625,3790800,0.0,0.0
2025-07-24 00:00:00+07:00,83076.921875,83692.3046875,82692.3046875,83692.3046875,83692.3046875,2232230,0.0,0.0
2025-07-25 00:00:00+07:00,89538.4609375,89538.4609375,84153.84375,87692.3046875,87692.3046875,3759340,0.0,0.0
2025-07-28 00:00:00+07:00,95615.3828125,99769.234375,95384.6171875,97692.3046875,97692.3046875,3044860,0.0,0.0
2025-07-29 00:00:00+07:00,95615.3828125,99769.234375,95384.6171875,97692.3046875,97692.3046875,3044860,0.0,0.0
2025-07-30 00:00:00+07:00,98384.6171875,98384.6171875,90923.078125,91000.0,91000.0,4021030,0.0,0.0
2025-07-31 00:00:00+07:00,91000.0,95307.6953125,90384.6171875,91307.6953125,91307.6953125,2757430,0.0,0.0
2025-08-01 00:00:00+07:00,92846.15625,94230.765625,88461.5390625,93230.765625,93230.765625,3598270,0.0,0.0
2025-08-04 00:00:00+07:00,90000.0,97923.078125,89384.6171875,97923.078125,97923.078125,4246710,0.0,0.0
2025-08-05 00:00:00+07:00,90000.0,97923.078125,89384.6171875,97923.078125,97923.078125,4246710,0.0,0.0
2025-08-06 00:00:00+07:00,99230.765625,101461.5390625,92307.6953125,97923.078125,97923.078125,5185960,0.0,0.0
2025-08-07 00:00:00+07:00,97923.078125,99615.3828125,96384.6171875,99230.765625,99230.765625,2855190,0.0,0.0
2025-08-08 00:00:00+07:00,99384.6171875,99461.5390625,96769.234375,98230.765625,98230.765625,2885740,0.0,0.0
2025-08-11 00:00:00+07:00,96153.84375,96153.84375,93461.5390625,95384.6171875,95384.6171875,2650050,0.0,0.0
2025-08-12 00:00:00+07:00,96153.84375,96153.84375,93461.5390625,95384.6171875,95384.6171875,2650050,0.0,0.0
2025-08-13 00:00:00+07:00,96153.84375,99615.3828125,94384.6171875,97692.3046875,97692.3046875,4096300,0.0,0.0
2025-08-14 00:00:00+07:00,98076.921875,98076.921875,94692.3046875,98000.0,98000.0,3978520,0.0,0.0
2025-08-15 00:00:00+07:00,99153.84375,104846.15625,98461.5390625,104846.15625,104846.15625,5818800,0.0,0.0
2025-08-18 00:00:00+07:00,112000.0,112000.0,107692.3046875,109538.4609375,109538.4609375,2657070,0.0,0.0
2025-08-19 00:00:00+07:00,112000.0,112000.0,107692.3046875,109538.4609375,109538.4609375,2657070,0.0,0.0
2025-08-20 00:00:00+07:00,116846.15625,117153.84375,111000.0,112307.6953125,112307.6953125,3101800,0.0,0.0
2025-08-21 00:00:00+07:00,112307.6953125,112307.6953125,105000.0,110615.3828125,110615.3828125,3126240,0.0,0.0
2025-08-22 00:00:00+07:00,110538.4609375,112307.6953125,107769.234375,112153.84375,112153.84375,3592940,0.0,0.0
2025-08-25 00:00:00+07:00,108076.921875,111153.84375,107692.3046875,109615.3828125,109615.3828125,3155880,0.0,0.0
2025-08-26 00:00:00+07:00,108076.921875,111153.84375,107692.3046875,109615.3828125,109615.3828125,3155880,0.0,0.0
2025-08-27 00:00:00+07:00,110000.0,111153.84375,108615.3828125,110769.234375,110769.234375,2622360,0.0,0.0
2025-08-28 00:00:00+07:00,111153.84375,111615.3828125,109076.921875,110846.15625,110846.15625,2629380,0.0,0.0
2025-08-29 00:00:00+07:00,111153.84375,114000.0,110769.234375,111538.4609375,111538.4609375,2564510,0.0,0.0
2025-09-01 00:00:00+07:00,111538.4609375,111538.4609375,111538.4609375,111538.4609375,111538.4609375,0,0.0,0.0
2025-09-02 00:00:00+07:00,111538.4609375,111538.4609375,111538.4609375,111538.4609375,111538.4609375,0,0.0,0.0
2025-09-03 00:00:00+07:00,110769.234375,110769.234375,107692.3046875,109230.765625,109230.765625,2767050,0.0,0.0
2025-09-04 00:00:00+07:00,110769.234375,110769.234375,107692.3046875,109230.765625,109230.765625,2767050,0.0,0.0
2025-09-05 00:00:00+07:00,109384.6171875,109384.6171875,107307.6953125,107692.3046875,107692.3046875,2606760,0.0,0.0
2025-09-08 00:00:00+07:00,108461.5390625,109692.3046875,107076.921875,109153.84375,109153.84375,2810210,0.0,0.0
2025-09-09 00:00:00+07:00,108461.5390625,109692.3046875,107076.921875,109153.84375,109153.84375,2810210,0.0,0.0
2025-09-10 00:00:00+07:00,109230.765625,112769.234375,109153.84375,111538.4609375,111538.4609375,3097900,0.0,0.0
2025-09-11 00:00:00+07:00,111923.078125,112000.0,109076.921875,111461.5390625,111461.5390625,2563470,0.0,0.0
2025-09-12 00:00:00+07:00,111538.4609375,112307.6953125,108076.921875,111846.15625,111846.15625,2816190,0.0,0.0
2025-09-15 00:00:00+07:00,111846.15625,111846.15625,111846.15625,111846.15625,111846.15625,0,0.0,0.0
2025-09-16 00:00:00+07:00,112692.3046875,112692.3046875,110384.6171875,112000.0,112000.0,2909790,0.0,0.0
2025-09-17 00:00:00+07:00,112076.921875,113153.84375,109230.765625,109230.765625,109230.765625,2906540,0.0,0.0
2025-09-18 00:00:00+07:00,109230.765625,109615.3828125,108000.0,109230.765625,109230.765625,2628990,0.0,0.0
2025-09-19 00:00:00+07:00,109307.6953125,109307.6953125,107076.921875,107538.4609375,107538.4609375,2734290,0.0,0.0
2025-09-22 00:00:00+07:00,105000.0,105153.84375,100769.234375,104230.765625,104230.765625,3057600,0.0,0.0
2025-09-23 00:00:00+07:00,105000.0,105153.84375,100769.234375,104230.765625,104230.765625,3057600,0.0,0.0
2025-09-24 00:00:00+07:00,104307.6953125,104615.3828125,102076.921875,102307.6953125,102307.6953125,2292550,0.0,0.0
2025-09-25 00:00:00+07:00,102307.6953125,103076.921875,100307.6953125,102846.15625,102846.15625,1991470,0.0,0.0
2025-09-26 00:00:00+07:00,103076.921875,105615.3828125,103000.0,104538.4609375,104538.4609375,2197650,0.0,0.0
2025-09-29 00:00:00+07:00,101769.234375,101923.078125,98769.234375,99769.234375,99769.234375,2319720,0.0,0.0
2025-09-30 00:00:00+07:00,101769.234375,101923.078125,98769.234375,99769.234375,99769.234375,2319720,0.0,0.0
2025-10-01 00:00:00+07:00,99846.15625,101153.84375,99076.921875,99692.3046875,99692.3046875,2196610,0.0,0.0
2025-10-02 00:00:00+07:00,99538.4609375,99846.15625,98461.5390625,98461.5390625,98461.5390625,2178540,0.0,0.0
2025-10-03 00:00:00+07:00,98615.3828125,101153.84375,98000.0,99000.0,99000.0,2287870,0.0,0.0
2025-10-06 00:00:00+07:00,99615.3828125,103307.6953125,99615.3828125,103307.6953125,103307.6953125,2213770,0.0,0.0
2025-10-07 00:00:00+07:00,99615.3828125,103307.6953125,99615.3828125,103307.6953125,103307.6953125,2213770,0.0,0.0
2025-10-08 00:00:00+07:00,103692.3046875,103692.3046875,101307.6953125,102615.3828125,102615.3828125,2077920,0.0,0.0
2025-10-09 00:00:00+07:00,103846.15625,103846.15625,101769.234375,102615.3828125,102615.3828125,2359500,0.0,0.0
2025-10-10 00:00:00+07:00,102692.3046875,102692.3046875,100846.15625,102384.6171875,102384.6171875,2225990,0.0,0.0
2025-10-13 00:00:00+07:00,101461.5390625,109692.3046875,100000.0,109692.3046875,109692.3046875,4905030,0.0,0.0
2025-10-14 00:00:00+07:00,101461.5390625,109692.3046875,100000.0,109692.3046875,109692.3046875,4905030,0.0,0.0
2025-10-15 00:00:00+07:00,111923.078125,117307.6953125,110461.5390625,117307.6953125,117307.6953125,6130020,0.0,0.0
2025-10-16 00:00:00+07:00,120538.4609375,125461.5390625,117538.4609375,125461.5390625,125461.5390625,4489940,0.0,0.0
2025-10-17 00:00:00+07:00,126153.84375,133461.53125,124000.0,133461.53125,133461.53125,4783350,0.0,0.0
2025-10-20 00:00:00+07:00,134230.765625,138461.53125,127384.6171875,134230.765625,134230.765625,4531020,0.0,0.0
2025-10-21 00:00:00+07:00,134230.765625,138461.53125,127384.6171875,134230.765625,134230.765625,4531020,0.0,0.0
2025-10-22 00:00:00+07:00,134230.765625,143615.390625,134230.765625,138461.53125,138461.53125,5366790,0.0,0.0
2025-10-23 00:00:00+07:00,138846.15625,139461.53125,136230.765625,138615.390625,138615.390625,3797300,0.0,0.0
2025-10-24 00:00:00+07:00,138538.46875,142384.609375,138538.46875,141538.46875,141538.46875,3381820,0.0,0.0
2025-10-27 00:00:00+07:00,140769.234375,140769.234375,130769.234375,134846.15625,134846.15625,3932110,0.0,0.0
2025-10-28 00:00:00+07:00,140769.234375,140769.234375,130769.234375,134846.15625,134846.15625,3932110,0.0,0.0
2025-10-29 00:00:00+07:00,134076.921875,144230.765625,134076.921875,144230.765625,144230.765625,4841590,0.0,0.0
2025-10-30 00:00:00+07:00,145769.234375,151153.84375,145384.609375,150076.921875,150076.921875,3013660,0.0,0.0
2025-10-31 00:00:00+07:00,150076.921875,154769.234375,148153.84375,150384.609375,150384.609375,3102710,0.0,0.0
2025-11-03 00:00:00+07:00,143692.3125,146076.921875,140846.15625,141153.84375,141153.84375,3131830,0.0,0.0
2025-11-04 00:00:00+07:00,141538.46875,145384.609375,140615.390625,142923.078125,142923.078125,2768480,0.0,0.0
2025-11-05 00:00:00+07:00,141538.46875,145384.609375,140615.390625,142923.078125,142923.078125,2768480,0.0,0.0
2025-11-06 00:00:00+07:00,142153.84375,143461.53125,139153.84375,139153.84375,139153.84375,2299310,0.0,0.0
2025-11-07 00:00:00+07:00,137307.6875,138461.53125,133000.0,136923.078125,136923.078125,2686840,0.0,0.0
2025-11-10 00:00:00+07:00,137307.6875,139230.765625,134846.15625,135769.234375,135769.234375,2507050,0.0,0.0
2025-11-11 00:00:00+07:00,135769.234375,136538.46875,131153.84375,134538.46875,134538.46875,2621710,0.0,0.0
2025-11-12 00:00:00+07:00,134615.390625,136153.84375,131000.0,135461.53125,135461.53125,2498730,0.0,0.0
2025-11-13 00:00:00+07:00,135230.765625,136769.234375,134000.0,135615.390625,135615.390625,2415270,0.0,0.0
2025-11-14 00:00:00+07:00,135076.921875,136153.84375,133307.6875,135692.3125,135692.3125,2404090,0.0,0.0
2025-11-17 00:00:00+07:00,135692.3125,137692.3125,134230.765625,137692.3125,137692.3125,2486380,0.0,0.0
2025-11-18 00:00:00+07:00,138615.390625,138615.390625,136153.84375,137769.234375,137769.234375,2379000,0.0,0.0
2025-11-19 00:00:00+07:00,137461.53125,137769.234375,135461.53125,136923.078125,136923.078125,2355210,0.0,0.0
2025-11-20 00:00:00+07:00,136538.46875,146461.53125,136307.6875,146461.53125,146461.53125,3912350,0.0,0.0
2025-11-21 00:00:00+07:00,146923.078125,151615.390625,145076.921875,149692.3125,149692.3125,2500810,0.0,0.0
2025-11-24 00:00:00+07:00,149769.234375,157769.234375,148461.53125,157538.46875,157538.46875,3713970,0.0,0.0
2025-11-25 00:00:00+07:00,157923.078125,168538.46875,156538.46875,168538.46875,168538.46875,4176120,0.0,0.0
2025-11-26 00:00:00+07:00,168076.921875,169230.765625,159153.84375,159846.15625,159846.15625,2926040,0.0,0.0
2025-11-27 00:00:00+07:00,159230.765625,159846.15625,148692.3125,155384.609375,155384.609375,6347640,0.0,0.0
2025-11-28 00:00:00+07:00,154615.390625,159076.921875,151384.609375,156538.46875,156538.46875,1933490,0.0,0.0
2025-12-01 00:00:00+07:00,156692.3125,162076.921875,154384.609375,156846.15625,156846.15625,2410330,0.0,0.0
2025-12-02 00:00:00+07:00,156923.078125,167769.234375,155076.921875,167615.390625,167615.390625,4627220,0.0,0.0
2025-12-03 00:00:00+07:00,167846.15625,167923.078125,163230.765625,164615.390625,164615.390625,2200510,0.0,0.0
2025-12-04 00:00:00+07:00,164692.3125,164692.3125,158461.53125,158461.53125,158461.53125,2924870,0.0,0.0
2025-12-05 00:00:00+07:00,157076.921875,159615.390625,153846.15625,159615.390625,159615.390625,3016910,0.0,0.0
2025-12-08 00:00:00+07:00,157230.765625,159615.390625,154538.46875,158769.234375,158769.234375,2174900,0.0,0.0
2025-12-09 00:00:00+07:00,157692.3125,157692.3125,153846.15625,153846.15625,153846.15625,2575300,0.0,0.0
2025-12-10 00:00:00+07:00,154230.765625,154615.390625,148923.078125,151230.765625,151230.765625,3300570,0.0,0.0
2025-12-11 00:00:00+07:00,150538.46875,151000.0,144538.46875,144615.390625,144615.390625,2272400,0.0,0.0
2025-12-12 00:00:00+07:00,142307.6875,146538.46875,138307.6875,142307.6875,142307.6875,2592460,0.0,0.0
2025-12-15 00:00:00+07:00,141538.46875,143846.15625,140769.234375,143076.921875,143076.921875,1824550,0.0,0.0
2025-12-16 00:00:00+07:00,143153.84375,147307.6875,139846.15625,147307.6875,147307.6875,2062190,0.0,0.0
2025-12-17 00:00:00+07:00,147384.609375,147384.609375,142384.609375,142384.609375,142384.609375,1964430,0.0,0.0
2025-12-18 00:00:00+07:00,147384.609375,147384.609375,142384.609375,142384.609375,142384.609375,1964430,0.0,0.0
2025-12-19 00:00:00+07:00,149230.765625,153769.234375,147538.46875,153769.234375,153769.234375,2750540,0.0,0.0
2025-12-22 00:00:00+07:00,153846.15625,159230.765625,152000.0,158461.53125,158461.53125,2414620,0.0,0.0
2025-12-23 00:00:00+07:00,158076.921875,161538.46875,155615.390625,158846.15625,158846.15625,2396420,0.0,0.0
2025-12-24 00:00:00+07:00,158461.53125,158615.390625,153076.921875,153076.921875,153076.921875,2383160,0.0,0.0
2025-12-25 00:00:00+07:00,158461.53125,158615.390625,153076.921875,153076.921875,153076.921875,2383160,0.0,0.0
2025-12-26 00:00:00+07:00,160538.46875,163461.53125,157692.3125,159923.078125,159923.078125,2165280,0.0,0.0
2025-12-29 00:00:00+07:00,160307.6875,162461.53125,159000.0,160153.84375,160153.84375,2184520,0.0,0.0
2025-12-30 00:00:00+07:00,160000.0,160153.84375,153538.46875,158000.0,158000.0,2213380,0.0,0.0
2025-12-31 00:00:00+07:00,157307.6875,160769.234375,155153.84375,160769.234375,160769.234375,1813760,0.0,0.0
2026-01-01 00:00:00+07:00,160769.234375,160769.234375,160769.234375,160769.234375,160769.234375,0,0.0,0.0
2026-01-02 00:00:00+07:00,160769.234375,160769.234375,160769.234375,160769.234375,160769.234375,0,0.0,0.0
2026-01-05 00:00:00+07:00,159230.765625,161153.84375,156692.3125,159615.390625,159615.390625,2324400,0.0,0.0
2026-01-06 00:00:00+07:00,159615.390625,165769.234375,157846.15625,163230.765625,163230.765625,2717260,0.0,0.0
2026-01-07 00:00:00+07:00,163461.53125,163615.390625,159923.078125,161230.765625,161230.765625,1934140,0.0,0.0
2026-01-08 00:00:00+07:00,161538.46875,162461.53125,153461.53125,156153.84375,156153.84375,2898870,0.0,0.0
2026-01-09 00:00:00+07:00,155153.84375,155923.078125,146153.84375,152846.15625,152846.15625,3293680,0.0,0.0
2026-01-12 00:00:00+07:00,152153.84375,152307.6875,144615.390625,150000.0,150000.0,2556970,0.0,0.0
2026-01-13 00:00:00+07:00,149230.765625,151153.84375,146307.6875,150000.0,150000.0,2131220,0.0,0.0
2026-01-14 00:00:00+07:00,149384.609375,150153.84375,143076.921875,145692.3125,145692.3125,2473510,0.0,0.0
2026-01-15 00:00:00+07:00,145000.0,145000.0,136538.46875,138846.15625,138846.15625,2176850,0.0,0.0
2026-01-16 00:00:00+07:00,138846.15625,143846.15625,138153.84375,141538.46875,141538.46875,1794650,0.0,0.0
2026-01-19 00:00:00+07:00,141923.078125,143846.15625,140153.84375,142307.6875,142307.6875,1408290,0.0,0.0
2026-01-20 00:00:00+07:00,142692.3125,143076.921875,139461.53125,139846.15625,139846.15625,1841970,0.0,0.0
2026-01-21 00:00:00+07:00,139615.390625,141153.84375,137000.0,139846.15625,139846.15625,1902160,0.0,0.0
2026-01-22 00:00:00+07:00,139230.765625,140076.921875,137769.234375,139230.765625,139230.765625,1700010,0.0,0.0
2026-01-23 00:00:00+07:00,139615.390625,148923.078125,138384.609375,148923.078125,148923.078125,1963520,0.0,0.0
2026-01-26 00:00:00+07:00,145923.078125,146076.921875,140000.0,140000.0,140000.0,1587170,0.0,0.0
2026-01-27 00:00:00+07:00,140153.84375,141153.84375,137538.46875,137538.46875,137538.46875,1591720,0.0,0.0
2026-01-28 00:00:00+07:00,137692.3125,138615.390625,128153.84375,131923.078125,131923.078125,2560090,0.0,0.0
2026-01-29 00:00:00+07:00,132307.6875,133000.0,123846.15625,126153.84375,126153.84375,2317120,0.0,0.0
2026-01-30 00:00:00+07:00,126384.6171875,131153.84375,122615.3828125,131153.84375,131153.84375,2204800,0.0,0.0
2026-02-02 00:00:00+07:00,131307.6875,132076.921875,123307.6953125,130769.234375,130769.234375,1948180,0.0,0.0
2026-02-03 00:00:00+07:00,129846.15625,130769.234375,126769.234375,129230.765625,129230.765625,1696240,0.0,0.0
2026-02-04 00:00:00+07:00,127692.3046875,128461.5390625,124000.0,126923.078125,126923.078125,1705990,0.0,0.0
2026-02-05 00:00:00+07:00,126153.84375,130769.234375,124769.234375,128076.921875,128076.921875,1970020,0.0,0.0
2026-02-06 00:00:00+07:00,126923.078125,127769.234375,124153.84375,127692.3046875,127692.3046875,1648920,0.0,0.0
2026-02-09 00:00:00+07:00,127692.3046875,129615.3828125,126538.4609375,126923.078125,126923.078125,1355250,0.0,0.0
2026-02-10 00:00:00+07:00,126153.84375,126923.078125,124230.765625,125384.6171875,125384.6171875,1363700,0.0,0.0
2026-02-11 00:00:00+07:00,125000.0,129230.765625,124000.0,129230.765625,129230.765625,1544270,0.0,0.0
2026-02-12 00:00:00+07:00,129230.765625,130769.234375,127461.5390625,129230.765625,129230.765625,1402180,0.0,0.0
2026-02-13 00:00:00+07:00,129230.765625,130384.6171875,127307.6953125,130153.84375,130153.84375,1621750,0.0,0.0
2026-02-16 00:00:00+07:00,130153.84375,130153.84375,130153.84375,130153.84375,130153.84375,0,0.0,0.0
2026-02-17 00:00:00+07:00,130153.84375,130153.84375,130153.84375,130153.84375,130153.84375,0,0.0,0.0
2026-02-18 00:00:00+07:00,130153.84375,130153.84375,130153.84375,130153.84375,130153.84375,0,0.0,0.0
2026-02-19 00:00:00+07:00,130153.84375,130153.84375,130153.84375,130153.84375,130153.84375,0,0.0,0.0
2026-02-20 00:00:00+07:00,130153.84375,130153.84375,130153.84375,130153.84375,130153.84375,0,0.0,0.0
2026-02-23 00:00:00+07:00,130384.6171875,134615.390625,130153.84375,134538.46875,134538.46875,1646840,0.0,0.0
2026-02-24 00:00:00+07:00,134538.46875,143538.46875,131307.6875,143538.46875,143538.46875,2162420,0.0,0.0
2026-02-25 00:00:00+07:00,138615.390625,141153.84375,136153.84375,137307.6875,137307.6875,1538550,0.0,0.0
2026-02-26 00:00:00+07:00,136538.46875,137769.234375,133615.390625,137307.6875,137307.6875,1527240,0.0,0.0
2026-02-27 00:00:00+07:00,136769.234375,137307.6875,134769.234375,135230.765625,135230.765625,1474070,0.0,0.0
2026-03-02 00:00:00+07:00,131153.84375,132000.0,129384.6171875,130000.0,130000.0,1539980,0.0,0.0
2026-03-03 00:00:00+07:00,131153.84375,132000.0,129384.6171875,130000.0,130000.0,1539980,0.0,0.0
2026-03-04 00:00:00+07:00,125846.15625,127692.3046875,119846.15625,125538.4609375,125538.4609375,1908140,0.0,0.0
2026-03-05 00:00:00+07:00,125615.3828125,125923.078125,120000.0,120307.6953125,120307.6953125,2036970,0.0,0.0
2026-03-06 00:00:00+07:00,120000.0,121923.078125,117076.921875,120307.6953125,120307.6953125,1609530,0.0,0.0
2026-03-09 00:00:00+07:00,115000.0,117692.3046875,111923.078125,117692.3046875,117692.3046875,1444690,0.0,0.0
2026-03-10 00:00:00+07:00,118692.3046875,120000.0,115923.078125,119230.765625,119230.765625,1857700,0.0,0.0
2026-03-11 00:00:00+07:00,120769.234375,123076.921875,117538.4609375,122846.15625,122846.15625,1863810,0.0,0.0
2026-03-12 00:00:00+07:00,119230.765625,121461.5390625,117538.4609375,117538.4609375,117538.4609375,1811160,0.0,0.0
2026-03-13 00:00:00+07:00,117384.6171875,120769.234375,117384.6171875,120615.3828125,120615.3828125,1634490,0.0,0.0
2026-03-16 00:00:00+07:00,120000.0,120000.0,117384.6171875,118461.5390625,118461.5390625,1510730,0.0,0.0
2026-03-17 00:00:00+07:00,118461.5390625,120769.234375,118461.5390625,120769.234375,120769.234375,1616940,0.0,0.0
2026-03-18 00:00:00+07:00,120153.84375,123076.921875,119384.6171875,123076.921875,123076.921875,1671280,0.0,0.0
2026-03-19 00:00:00+07:00,121846.15625,122153.84375,119230.765625,122076.921875,122076.921875,2242890,0.0,0.0
2026-03-20 00:00:00+07:00,121153.84375,121153.84375,116384.6171875,121000.0,121000.0,2319460,0.0,0.0
2026-03-23 00:00:00+07:00,117307.6953125,117923.078125,116230.765625,116769.234375,116769.234375,1274130,0.0,0.0
2026-03-24 00:00:00+07:00,116769.234375,117692.3046875,112846.15625,117692.3046875,117692.3046875,2151110,0.0,0.0
2026-03-25 00:00:00+07:00,117692.3046875,118076.921875,115384.6171875,117692.3046875,117692.3046875,1677390,0.0,0.0
2026-03-26 00:00:00+07:00,117692.3046875,119230.765625,116076.921875,119230.765625,119230.765625,1514630,0.0,0.0
2026-03-27 00:00:00+07:00,119230.765625,121153.84375,117923.078125,120769.234375,120769.234375,1305590,0.0,0.0
2026-03-30 00:00:00+07:00,119230.765625,121923.078125,116923.078125,120846.15625,120846.15625,1620840,0.0,0.0
2026-03-31 00:00:00+07:00,120923.078125,121538.4609375,120000.0,120000.0,120000.0,1123720,0.0,0.0
2026-04-01 00:00:00+07:00,120384.6171875,128384.6171875,120153.84375,128384.6171875,128384.6171875,2192970,0.0,0.0
2026-04-02 00:00:00+07:00,130769.234375,130769.234375,124000.0,127307.6953125,127307.6953125,1378130,0.0,0.0
2026-04-03 00:00:00+07:00,126923.078125,131153.84375,123923.078125,123923.078125,123923.078125,1862900,0.0,0.0
2026-04-06 00:00:00+07:00,122307.6953125,125769.234375,122307.6953125,125615.3828125,125615.3828125,1310400,0.0,0.0
2026-04-07 00:00:00+07:00,125615.3828125,125769.234375,122692.3046875,125769.234375,125769.234375,1290770,0.0,0.0
2026-04-08 00:00:00+07:00,127692.3046875,130384.6171875,126692.3046875,130384.6171875,130384.6171875,1646450,0.0,0.0
2026-04-09 00:00:00+07:00,129000.0,129076.921875,126923.078125,127692.3046875,127692.3046875,1342640,0.0,0.0
2026-04-10 00:00:00+07:00,128076.921875,130384.6171875,127692.3046875,128461.5390625,128461.5390625,1351610,0.0,0.0
2026-04-13 00:00:00+07:00,124153.84375,128461.5390625,124076.921875,128307.6953125,128307.6953125,1369290,0.0,0.0
2026-04-14 00:00:00+07:00,128461.5390625,130000.0,127230.765625,128307.6953125,128307.6953125,1428960,0.0,0.0
2026-04-15 00:00:00+07:00,128307.6953125,137230.765625,128307.6953125,137076.921875,137076.921875,3433300,0.0,0.0
2026-04-16 00:00:00+07:00,135769.234375,137076.921875,131846.15625,137076.921875,137076.921875,2005380,0.0,0.0
2026-04-17 00:00:00+07:00,137000.0,137000.0,132461.53125,136769.234375,136769.234375,2123550,0.0,0.0
2026-04-20 00:00:00+07:00,135307.6875,136000.0,133230.765625,134846.15625,134846.15625,1196910,0.0,0.0
2026-04-21 00:00:00+07:00,134923.078125,138615.390625,134615.390625,135153.84375,135153.84375,1921790,0.0,0.0
2026-04-22 00:00:00+07:00,135230.765625,135692.3125,133076.921875,135153.84375,135153.84375,1631110,0.0,0.0
2026-04-23 00:00:00+07:00,135076.921875,136923.078125,132615.390625,134538.46875,134538.46875,1369160,0.0,0.0
2026-04-24 00:00:00+07:00,134461.53125,138846.15625,132461.53125,138846.15625,138846.15625,2056210,0.0,0.0
2026-04-27 00:00:00+07:00,138846.15625,138846.15625,138846.15625,138846.15625,138846.15625,0,0.0,0.0
2026-04-28 00:00:00+07:00,137538.46875,138846.15625,135461.53125,137461.53125,137461.53125,1759160,0.0,0.0
2026-04-29 00:00:00+07:00,136692.3125,139615.390625,135538.46875,138461.53125,138461.53125,1944670,0.0,0.0
2026-04-30 00:00:00+07:00,138461.53125,138461.53125,138461.53125,138461.53125,138461.53125,0,0.0,0.0
2026-05-01 00:00:00+07:00,138461.53125,138461.53125,138461.53125,138461.53125,138461.53125,0,0.0,0.0
2026-05-04 00:00:00+07:00,137307.6875,138461.53125,135538.46875,138384.609375,138384.609375,1526980,0.0,0.0
2026-05-05 00:00:00+07:00,137692.3125,140000.0,136307.6875,139230.765625,139230.765625,1927510,0.0,0.0
2026-05-06 00:00:00+07:00,139307.6875,146153.84375,137692.3125,139615.390625,139615.390625,2696330,0.0,0.0
2026-05-07 00:00:00+07:00,139615.390625,141923.078125,138615.390625,140000.0,140000.0,1643850,0.0,0.0
2026-05-08 00:00:00+07:00,139923.078125,140000.0,135538.46875,135538.46875,135538.46875,1773070,0.0,0.0
2026-05-11 00:00:00+07:00,135538.46875,135538.46875,131153.84375,131153.84375,131153.84375,1984060,0.0,0.0
2026-05-12 00:00:00+07:00,130769.234375,134615.390625,130307.6953125,134615.390625,134615.390625,1652820,0.0,0.0
2026-05-13 00:00:00+07:00,134615.390625,139615.390625,132923.078125,133153.84375,133153.84375,1437280,0.0,0.0
2026-05-14 00:00:00+07:00,133461.53125,135000.0,131846.15625,133153.84375,133153.84375,1556230,0.0,0.0
2026-05-15 00:00:00+07:00,133307.6875,133384.609375,131769.234375,131769.234375,131769.234375,1479660,0.0,0.0
2026-05-18 00:00:00+07:00,130384.6171875,132538.46875,130384.6171875,131615.390625,131615.390625,1808560,0.0,0.0
2026-05-19 00:00:00+07:00,131692.3125,132692.3125,130230.765625,132307.6875,132307.6875,1528280,0.0,0.0
2026-05-20 00:00:00+07:00,132307.6875,132769.234375,129923.078125,131230.765625,131230.765625,1736410,0.0,0.0
2026-05-21 00:00:00+07:00,131538.46875,133846.15625,131384.609375,133461.53125,133461.53125,1976520,0.0,0.0
2026-05-22 00:00:00+07:00,133461.53125,133461.53125,130615.3828125,130846.15625,130846.15625,1409720,0.0,0.0
2026-05-25 00:00:00+07:00,130846.15625,133846.15625,130538.4609375,133692.3125,133692.3125,1451190,0.0,0.0
2026-05-26 00:00:00+07:00,133692.3125,133846.15625,132153.84375,132769.234375,132769.234375,1295060,0.0,0.0
2026-05-27 00:00:00+07:00,132769.234375,132846.15625,130384.6171875,132384.609375,132384.609375,1361750,0.0,0.0
2026-05-28 00:00:00+07:00,132461.53125,132692.3125,130769.234375,131076.921875,131076.921875,1299090,0.0,0.0
2026-05-29 00:00:00+07:00,130000.0,132307.6875,129615.3828125,132230.765625,132230.765625,1298310,0.0,0.0
2026-06-01 00:00:00+07:00,132230.765625,132692.3125,130461.5390625,131538.46875,131538.46875,1145820,0.0,0.0
2026-06-02 00:00:00+07:00,131538.46875,131615.390625,129846.15625,130846.15625,130846.15625,1171560,0.0,0.0
2026-06-03 00:00:00+07:00,130846.15625,132307.6875,130000.0,131384.609375,131384.609375,1416740,0.0,0.0
2026-06-04 00:00:00+07:00,131384.609375,132769.234375,130153.84375,132769.234375,132769.234375,1344330,0.0,0.0
2026-06-05 00:00:00+07:00,133076.921875,142000.0,132538.46875,142000.0,142000.0,2325830,0.0,0.0
2026-06-08 00:00:00+07:00,136923.078125,138461.53125,134538.46875,136000.0,136000.0,1100970,0.0,0.0
2026-06-09 00:00:00+07:00,136153.84375,138000.0,134923.078125,137692.3125,137692.3125,1168570,0.0,0.0
2026-06-10 00:00:00+07:00,137923.078125,141153.84375,137461.53125,140000.0,140000.0,1310920,0.0,0.0
2026-06-11 00:00:00+07:00,139230.765625,140384.609375,136384.609375,136538.46875,136538.46875,1063140,0.0,0.0
2026-06-12 00:00:00+07:00,136769.234375,140846.15625,136692.3125,139076.921875,139076.921875,1179880,0.0,0.0
2026-06-15 00:00:00+07:00,139230.765625,142692.3125,139230.765625,141307.6875,141307.6875,1396850,0.0,0.0
2026-06-16 00:00:00+07:00,143800.0,144100.0,137800.0,138000.0,138000.0,969400,0.0,1.3
2026-06-17 00:00:00+07:00,136800.0,144000.0,136300.0,143900.0,143900.0,959700,0.0,0.0
2026-06-18 00:00:00+07:00,142800.0,142800.0,138400.0,138400.0,138400.0,1144100,0.0,0.0
2026-06-19 00:00:00+07:00,138900.0,141000.0,138400.0,140500.0,140500.0,1166800,0.0,0.0
2026-06-22 00:00:00+07:00,140500.0,141000.0,138900.0,139500.0,139500.0,1005000,0.0,0.0
2026-06-23 00:00:00+07:00,139500.0,140200.0,137500.0,137500.0,137500.0,938200,0.0,0.0
2026-06-24 00:00:00+07:00,137500.0,138200.0,136100.0,136400.0,136400.0,967200,0.0,0.0
2026-06-25 00:00:00+07:00,136500.0,139900.0,136300.0,139400.0,139400.0,965800,0.0,0.0
2026-06-26 00:00:00+07:00,138500.0,140000.0,138000.0,139500.0,139500.0,982800,0.0,0.0
2026-06-29 00:00:00+07:00,139500.0,139500.0,136600.0,138800.0,138800.0,1234200,0.0,0.0
2026-06-30 00:00:00+07:00,138700.0,140000.0,137800.0,139500.0,139500.0,744200,0.0,0.0
2026-07-01 00:00:00+07:00,138700.0,140000.0,137800.0,139500.0,139500.0,744200,0.0,0.0
2026-07-02 00:00:00+07:00,139300.0,139400.0,137600.0,139000.0,139000.0,761000,0.0,0.0
2026-07-03 00:00:00+07:00,139200.0,142500.0,138000.0,141800.0,141800.0,1006400,0.0,0.0
2026-07-06 00:00:00+07:00,141800.0,142000.0,137700.0,140600.0,140600.0,965100,0.0,0.0
2026-07-07 00:00:00+07:00,140000.0,140000.0,138600.0,139700.0,139700.0,818200,0.0,0.0
2026-07-08 00:00:00+07:00,139000.0,139000.0,137200.0,138900.0,138900.0,861400,0.0,0.0
2026-07-09 00:00:00+07:00,137500.0,139000.0,137100.0,139000.0,139000.0,884700,0.0,0.0
2026-07-10 00:00:00+07:00,138000.0,138000.0,137100.0,138000.0,138000.0,750900,0.0,0.0
2026-07-13 00:00:00+07:00,136800.0,137500.0,128400.0,134400.0,134400.0,967500,0.0,0.0
2026-07-14 00:00:00+07:00,133000.0,133900.0,130900.0,133300.0,133300.0,925900,0.0,0.0
2026-07-15 00:00:00+07:00,133300.0,133300.0,129100.0,129700.0,129700.0,920100,0.0,0.0
2026-07-16 00:00:00+07:00,130000.0,132800.0,129800.0,132500.0,132500.0,932800,0.0,0.0
2026-07-17 00:00:00+07:00,132000.0,132000.0,129700.0,131300.0,131300.0,980200,0.0,0.0
2026-07-20 00:00:00+07:00,131000.0,134600.0,128200.0,132000.0,132000.0,1110400,0.0,0.0
2026-07-21 00:00:00+07:00,130600.0,132000.0,130200.0,130800.0,130800.0,847200,0.0,0.0
2026-07-22 00:00:00+07:00,130800.0,131600.0,126000.0,126000.0,126000.0,1263300,0.0,0.0
2026-07-23 00:00:00+07:00,127000.0,130000.0,126200.0,127600.0,127600.0,1204100,0.0,0.0
2026-07-24 00:00:00+07:00,125800.0,127400.0,124500.0,127400.0,127400.0,828800,0.0,0.0
2026-07-27 00:00:00+07:00,127000.0,129500.0,124200.0,126000.0,126000.0,1058500,0.0,0.0
2026-07-28 00:00:00+07:00,125500.0,127000.0,123300.0,123400.0,123400.0,969700,0.0,0.0
2026-07-29 00:00:00+07:00,122200.0,125500.0,118100.0,125500.0,125500.0,1334100,0.0,0.0
2026-07-30 00:00:00+07:00,125000.0,126500.0,123200.0,124200.0,124200.0,1067400,0.0,0.0
2026-07-31 00:00:00+07:00,124400.0,126500.0,123600.0,125000.0,125000.0,1446000,0.0,0.0
2026-08-03 00:00:00+07:00,125100.0,127000.0,123700.0,126600.0,126600.0,1080700,0.0,0.0
2026-08-04 00:00:00+07:00,126600.0,126600.0,124300.0,126500.0,126500.0,1546500,0.0,0.0
2026-08-05 00:00:00+07:00,126800.0,128000.0,125300.0,126100.0,126100.0,1604300,0.0,0.0
2026-08-06 00:00:00+07:00,126500.0,127000.0,125000.0,126000.0,126000.0,1466900,0.0,0.0
2026-08-07 00:00:00+07:00,125700.0,126100.0,124800.0,125500.0,125500.0,1356700,0.0,0.0
2026-08-10 00:00:00+07:00,125700.0,126500.0,123600.0,125500.0,125500.0,1513100,0.0,0.0
2026-08-11 00:00:00+07:00,125600.0,128000.0,125600.0,127200.0,127200.0,1390800,0.0,0.0
2026-08-12 00:00:00+07:00,127300.0,128500.0,126100.0,127700.0,127700.0,1512600,0.0,0.0
2026-08-13 00:00:00+07:00,127900.0,127900.0,124800.0,124900.0,124900.0,1564200,0.0,0.0
2026-08-14 00:00:00+07:00,124300.0,125000.0,121700.0,123200.0,123200.0,1315200,0.0,0.0
2026-08-17 00:00:00+07:00,121500.0,124000.0,121500.0,123500.0,123500.0,1264300,0.0,0.0
2026-08-18 00:00:00+07:00,123500.0,124800.0,122100.0,123500.0,123500.0,1304900,0.0,0.0
2026-08-19 00:00:00+07:00,122900.0,123700.0,122200.0,123100.0,123100.0,1148400,0.0,0.0
2026-08-20 00:00:00+07:00,123300.0,124000.0,122300.0,123400.0,123400.0,1437200,0.0,0.0
2026-08-21 00:00:00+07:00,123000.0,125000.0,122100.0,124500.0,124500.0,1367400,0.0,0.0
2026-08-24 00:00:00+07:00,125000.0,125400.0,124000.0,124500.0,124500.0,1395500,0.0,0.0
2026-08-25 00:00:00+07:00,124600.0,125100.0,123800.0,124700.0,124700.0,1511700,0.0,0.0
2026-08-26 00:00:00+07:00,124700.0,127500.0,124600.0,127000.0,127000.0,1510000,0.0,0.0
2026-08-27 00:00:00+07:00,127000.0,128000.0,125300.0,126500.0,126500.0,1442000,0.0,0.0
2026-08-28 00:00:00+07:00,126600.0,126600.0,125000.0,125000.0,125000.0,1161100,0.0,0.0
2026-08-31 00:00:00+07:00,125000.0,125000.0,125000.0,125000.0,125000.0,0,0.0,0.0
