Date,Open,High,Low,Close,Adj Close,Volume,Dividends,Stock Splits
2020-01-01 00:00:00+07:00,6977.3759765625,6977.3759765625,6977.3759765625,6977.3759765625,6029.20849609375,0,0.0,0.0
2020-01-02 00:00:00+07:00,6994.81982421875,7221.58447265625,6994.81982421875,7169.25390625,6195.01123046875,4933717,0.0,0.0
2020-01-03 00:00:00+07:00,7186.697265625,7308.8017578125,7099.48046875,7116.923828125,6149.79296875,4059634,0.0,0.0
2020-01-06 00:00:00+07:00,7029.70654296875,7099.48046875,6959.9326171875,6959.9326171875,6014.13525390625,4745078,0.0,0.0
2020-01-07 00:00:00+07:00,6977.3759765625,7099.48046875,6977.3759765625,7099.48046875,6134.7197265625,3722086,0.0,0.0
2020-01-08 00:00:00+07:00,7029.70654296875,7099.48046875,6942.4892578125,7012.26318359375,6059.3544921875,6929825,0.0,0.0
2020-01-09 00:00:00+07:00,7082.03662109375,7256.47119140625,7064.59326171875,7239.02783203125,6255.3037109375,9686363,0.0,0.0
2020-01-10 00:00:00+07:00,7239.02783203125,7430.90576171875,7239.02783203125,7343.6884765625,6345.74169921875,8894059,0.0,0.0
2020-01-13 00:00:00+07:00,7326.2451171875,7378.5751953125,7186.697265625,7186.697265625,6210.08447265625,3665188,0.0,0.0
2020-01-14 00:00:00+07:00,7221.58447265625,7430.90576171875,7204.14111328125,7378.5751953125,6375.8876953125,5875073,0.0,0.0
2020-01-15 00:00:00+07:00,7378.5751953125,7570.453125,7378.5751953125,7553.009765625,6526.6181640625,5802525,0.0,0.0
2020-01-16 00:00:00+07:00,7570.453125,7657.67041015625,7553.009765625,7622.78369140625,6586.91064453125,8067215,0.0,0.0
2020-01-17 00:00:00+07:00,7657.67041015625,7727.4443359375,7570.453125,7640.22705078125,6601.98291015625,6845553,0.0,0.0
2020-01-20 00:00:00+07:00,7605.33984375,7849.54833984375,7587.896484375,7849.54833984375,6782.859375,7103300,0.0,0.0
2020-01-21 00:00:00+07:00,7919.32177734375,8233.3037109375,7884.43505859375,8215.8603515625,7099.39208984375,15333872,0.0,0.0
2020-01-22 00:00:00+07:00,8198.4169921875,8303.078125,8058.86962890625,8233.3037109375,7114.4658203125,7819730,0.0,0.0
2020-01-23 00:00:00+07:00,8233.3037109375,8233.3037109375,8233.3037109375,8233.3037109375,7114.4658203125,0,0.0,0.0
2020-01-24 00:00:00+07:00,8233.3037109375,8233.3037109375,8233.3037109375,8233.3037109375,7114.4658203125,0,0.0,0.0
2020-01-27 00:00:00+07:00,8233.3037109375,8233.3037109375,8233.3037109375,8233.3037109375,7114.4658203125,0,0.0,0.0
2020-01-28 00:00:00+07:00,8233.3037109375,8233.3037109375,8233.3037109375,8233.3037109375,7114.4658203125,0,0.0,0.0
2020-01-29 00:00:00+07:00,8233.3037109375,8233.3037109375,8233.3037109375,8233.3037109375,7114.4658203125,0,0.0,0.0
2020-01-30 00:00:00+07:00,8023.982421875,8163.5302734375,7797.2177734375,7919.32177734375,6843.15087890625,12259766,0.0,0.0
2020-01-31 00:00:00+07:00,7849.54833984375,8058.86962890625,7832.10498046875,7832.10498046875,6767.78662109375,13370871,0.0,0.0
2020-02-03 00:00:00+07:00,7553.009765625,8180.9736328125,7413.46240234375,7884.43505859375,6813.0048828125,12989925,0.0,0.0
2020-02-04 00:00:00+07:00,7919.32177734375,8180.9736328125,7849.54833984375,8180.9736328125,7069.2470703125,13090966,0.0,0.0
2020-02-05 00:00:00+07:00,8320.521484375,8582.1728515625,8285.6337890625,8425.181640625,7280.2685546875,18349734,0.0,0.0
2020-02-06 00:00:00+07:00,8372.8515625,8896.154296875,8215.8603515625,8896.154296875,7687.240234375,24269352,0.0,0.0
2020-02-07 00:00:00+07:00,8756.607421875,8948.4853515625,8686.8330078125,8843.82421875,7642.02197265625,17029725,0.0,0.0
2020-02-10 00:00:00+07:00,8651.9462890625,8826.380859375,8582.1728515625,8582.1728515625,7415.92626953125,13838955,0.0,0.0
2020-02-11 00:00:00+07:00,8582.1728515625,8861.267578125,8564.7294921875,8861.267578125,7657.09375,14202588,0.0,0.0
2020-02-12 00:00:00+07:00,9035.7021484375,9367.1279296875,8965.9287109375,9018.2587890625,7792.751953125,17684613,0.0,0.0
2020-02-13 00:00:00+07:00,8948.4853515625,9279.91015625,8843.82421875,9279.91015625,8018.84716796875,10666731,0.0,0.0
2020-02-14 00:00:00+07:00,9419.4580078125,9593.892578125,9279.91015625,9471.7880859375,8184.64990234375,16493420,0.0,0.0
2020-02-17 00:00:00+07:00,9454.3447265625,9524.1181640625,9332.240234375,9454.3447265625,8169.57763671875,8023589,0.0,0.0
2020-02-18 00:00:00+07:00,9419.4580078125,9628.779296875,9384.5712890625,9559.005859375,8260.015625,7623610,0.0,0.0
2020-02-19 00:00:00+07:00,9628.779296875,9733.439453125,9593.892578125,9698.552734375,8380.599609375,8675123,0.0,0.0
2020-02-20 00:00:00+07:00,9820.6572265625,9960.2041015625,9750.8828125,9960.2041015625,8606.6943359375,11435932,0.0,0.0
2020-02-21 00:00:00+07:00,9942.7607421875,10221.8564453125,9838.1005859375,10047.421875,8682.0595703125,13631169,0.0,0.0
2020-02-24 00:00:00+07:00,9768.3271484375,9872.9873046875,9349.6845703125,9349.6845703125,8079.14013671875,23169397,0.0,0.0
2020-02-25 00:00:00+07:00,9140.36328125,9872.9873046875,9140.36328125,9872.9873046875,8531.330078125,17329236,0.0,0.0
2020-02-26 00:00:00+07:00,9698.552734375,10082.30859375,9663.666015625,9872.9873046875,8531.330078125,11880884,0.0,0.0
2020-02-27 00:00:00+07:00,9768.3271484375,9960.2041015625,9715.99609375,9890.4306640625,8546.40234375,8327170,0.0,0.0
2020-02-28 00:00:00+07:00,9681.109375,9750.8828125,9349.6845703125,9489.2314453125,8199.7236328125,14310278,0.0,0.0
2020-03-02 00:00:00+07:00,9454.3447265625,9524.1181640625,9349.6845703125,9384.5712890625,8109.28515625,8955544,0.0,0.0
2020-03-03 00:00:00+07:00,9593.892578125,9628.779296875,9454.3447265625,9471.7880859375,8184.64990234375,6983800,0.0,0.0
2020-03-05 00:00:00+07:00,9593.892578125,9925.3173828125,9489.2314453125,9715.99609375,8395.671875,14284481,0.0,0.0
2020-03-06 00:00:00+07:00,9559.005859375,9663.666015625,9489.2314453125,9593.892578125,8290.162109375,6173323,0.0,0.0
2020-03-09 00:00:00+07:00,8931.0419921875,9157.806640625,8931.0419921875,8931.0419921875,7717.38720703125,11044294,0.0,0.0
2020-03-10 00:00:00+07:00,8931.0419921875,9245.0234375,8564.7294921875,9070.5888671875,7837.970703125,13366428,0.0,0.0
2020-03-11 00:00:00+07:00,9070.5888671875,9210.13671875,8442.625,8442.625,7295.341796875,18513119,0.0,0.0
2020-03-12 00:00:00+07:00,7884.43505859375,8128.64306640625,7866.99169921875,7866.99169921875,6797.93212890625,8845216,0.0,0.0
2020-03-13 00:00:00+07:00,7326.2451171875,8041.42626953125,7326.2451171875,7849.54833984375,6782.859375,15360616,0.0,0.0
2020-03-16 00:00:00+07:00,7744.8876953125,7762.3310546875,7308.8017578125,7308.8017578125,6315.595703125,14434910,0.0,0.0
2020-03-17 00:00:00+07:00,6837.82861328125,7570.453125,6802.94189453125,7500.67919921875,6481.3984375,17888099,0.0,0.0
2020-03-18 00:00:00+07:00,7500.67919921875,7622.78369140625,7291.35791015625,7518.123046875,6496.47216796875,9357672,0.0,0.0
2020-03-19 00:00:00+07:00,7326.2451171875,7326.2451171875,7012.26318359375,7256.47119140625,6270.376953125,10965669,0.0,0.0
2020-03-20 00:00:00+07:00,7256.47119140625,7448.34912109375,7186.697265625,7343.6884765625,6345.74169921875,8128442,0.0,0.0
2020-03-23 00:00:00+07:00,7047.14990234375,7047.14990234375,6837.82861328125,6837.82861328125,5908.6240234375,10016917,0.0,0.0
2020-03-24 00:00:00+07:00,6837.82861328125,7029.70654296875,6488.9599609375,6802.94189453125,5878.47802734375,14574189,0.0,0.0
2020-03-25 00:00:00+07:00,7116.923828125,7151.810546875,6872.71533203125,7082.03662109375,6119.64599609375,7951499,0.0,0.0
2020-03-26 00:00:00+07:00,6977.3759765625,7029.70654296875,6768.0546875,6837.82861328125,5908.6240234375,8654198,0.0,0.0
2020-03-27 00:00:00+07:00,6837.82861328125,6855.27197265625,6558.7333984375,6820.38525390625,5893.55126953125,13698530,0.0,0.0
2020-03-30 00:00:00+07:00,6349.412109375,6419.18603515625,6349.412109375,6349.412109375,5486.5791015625,2445618,0.0,0.0
2020-03-31 00:00:00+07:00,6349.412109375,6436.62939453125,5913.326171875,5913.326171875,5109.75341796875,12901009,0.0,0.0
2020-04-01 00:00:00+07:00,5913.326171875,6105.2041015625,5581.90087890625,6017.98681640625,5200.19189453125,10567897,0.0,0.0
2020-04-02 00:00:00+07:00,6017.98681640625,6017.98681640625,6017.98681640625,6017.98681640625,5200.19189453125,0,0.0,0.0
2020-04-03 00:00:00+07:00,6017.98681640625,6227.30810546875,6000.54345703125,6122.6474609375,5290.63037109375,9279591,0.0,0.0
2020-04-06 00:00:00+07:00,6279.638671875,6541.2900390625,6244.75146484375,6541.2900390625,5652.3828125,15083922,0.0,0.0
2020-04-07 00:00:00+07:00,6628.50732421875,6785.49853515625,6506.4033203125,6785.49853515625,5863.4052734375,12343063,0.0,0.0
2020-04-08 00:00:00+07:00,6628.50732421875,6680.837890625,6488.9599609375,6593.62060546875,5697.60205078125,10716062,0.0,0.0
2020-04-09 00:00:00+07:00,6593.62060546875,6733.16796875,6541.2900390625,6558.7333984375,5667.455078125,17133546,0.0,0.0
2020-04-10 00:00:00+07:00,6488.9599609375,6558.7333984375,6349.412109375,6506.4033203125,5622.23681640625,9745812,0.0,0.0
2020-04-13 00:00:00+07:00,6645.95068359375,6959.9326171875,6628.50732421875,6959.9326171875,6014.13525390625,13219582,0.0,0.0
2020-04-14 00:00:00+07:00,7361.1318359375,7430.90576171875,7047.14990234375,7430.90576171875,6421.10693359375,23240713,0.0,0.0
2020-04-15 00:00:00+07:00,7587.896484375,7884.43505859375,7500.67919921875,7587.896484375,6556.76416015625,14317015,0.0,0.0
2020-04-16 00:00:00+07:00,7343.6884765625,7587.896484375,7326.2451171875,7587.896484375,6556.76416015625,10829830,0.0,0.0
2020-04-17 00:00:00+07:00,7675.11376953125,7744.8876953125,7378.5751953125,7483.23583984375,6466.326171875,14359294,0.0,0.0
2020-04-20 00:00:00+07:00,7570.453125,7570.453125,7256.47119140625,7326.2451171875,6330.6689453125,9640414,0.0,0.0
2020-04-21 00:00:00+07:00,7151.810546875,7291.35791015625,6820.38525390625,6820.38525390625,5893.55126953125,16205891,0.0,0.0
2020-04-22 00:00:00+07:00,6628.50732421875,7273.91455078125,6628.50732421875,7047.14990234375,6089.50048828125,16566542,0.0,0.0
2020-04-23 00:00:00+07:00,7221.58447265625,7221.58447265625,6942.4892578125,6942.4892578125,5999.06201171875,10719760,0.0,0.0
2020-04-24 00:00:00+07:00,6942.4892578125,7151.810546875,6820.38525390625,7151.810546875,6179.9384765625,9638150,0.0,0.0
2020-04-27 00:00:00+07:00,7640.22705078125,7640.22705078125,7308.8017578125,7326.2451171875,6330.6689453125,25591281,0.0,0.0
2020-04-28 00:00:00+07:00,7291.35791015625,7465.79248046875,7151.810546875,7326.2451171875,6330.6689453125,7033904,0.0,0.0
2020-04-29 00:00:00+07:00,7326.2451171875,7326.2451171875,7326.2451171875,7326.2451171875,6330.6689453125,0,0.0,0.0
2020-04-30 00:00:00+07:00,7326.2451171875,7326.2451171875,7326.2451171875,7326.2451171875,6330.6689453125,0,0.0,0.0
2020-05-01 00:00:00+07:00,7326.2451171875,7326.2451171875,7326.2451171875,7326.2451171875,6330.6689453125,0,0.0,0.0
2020-05-04 00:00:00+07:00,6820.38525390625,7116.923828125,6802.94189453125,6994.81982421875,6044.28125,10389951,0.0,0.0
2020-05-05 00:00:00+07:00,7064.59326171875,7134.3671875,6977.3759765625,7099.48046875,6134.7197265625,6661501,0.0,0.0
2020-05-06 00:00:00+07:00,7099.48046875,7273.91455078125,7082.03662109375,7273.91455078125,6285.44873046875,7597354,0.0,0.0
2020-05-07 00:00:00+07:00,7256.47119140625,7465.79248046875,7256.47119140625,7465.79248046875,6451.25244140625,9678566,0.0,0.0
2020-05-08 00:00:00+07:00,7500.67919921875,7971.65234375,7500.67919921875,7954.208984375,6873.2978515625,42203658,0.0,0.0
2020-05-11 00:00:00+07:00,8093.75634765625,8425.181640625,8093.75634765625,8407.73828125,7265.19580078125,24388451,0.0,0.0
2020-05-12 00:00:00+07:00,8442.625,8442.625,8146.0869140625,8390.294921875,7250.123046875,19589054,0.0,0.0
2020-05-13 00:00:00+07:00,8268.1904296875,8442.625,8041.42626953125,8337.96484375,7204.904296875,20941281,0.0,0.0
2020-05-14 00:00:00+07:00,8268.1904296875,8337.96484375,8146.0869140625,8250.7470703125,7129.53857421875,14492410,0.0,0.0
2020-05-15 00:00:00+07:00,8250.7470703125,8250.7470703125,8250.7470703125,8250.7470703125,7129.53857421875,0,0.0,0.0
2020-05-18 00:00:00+07:00,8250.7470703125,8250.7470703125,8250.7470703125,8250.7470703125,7129.53857421875,0,0.0,0.0
2020-05-19 00:00:00+07:00,9070.5888671875,9070.5888671875,8704.2763671875,9070.5888671875,7837.970703125,20817538,0.0,0.0
2020-05-20 00:00:00+07:00,9070.5888671875,9070.5888671875,9070.5888671875,9070.5888671875,7837.970703125,0,0.0,0.0
2020-05-21 00:00:00+07:00,8547.2861328125,8634.5029296875,8425.181640625,8617.0595703125,7446.072265625,19186925,0.0,0.0
2020-05-22 00:00:00+07:00,8617.0595703125,8634.5029296875,8407.73828125,8425.181640625,7280.2685546875,13875903,0.0,0.0
2020-05-25 00:00:00+07:00,8372.8515625,8460.068359375,8233.3037109375,8372.8515625,7235.05029296875,14830875,0.0,0.0
2020-05-26 00:00:00+07:00,8477.51171875,8634.5029296875,8390.294921875,8634.5029296875,7461.14453125,14494560,0.0,0.0
2020-05-27 00:00:00+07:00,8477.51171875,8529.8427734375,8023.982421875,8023.982421875,6933.58935546875,22699277,0.0,0.0
2020-05-28 00:00:00+07:00,8058.86962890625,8198.4169921875,7936.765625,8058.86962890625,6963.73583984375,18502657,0.0,0.0
2020-05-29 00:00:00+07:00,8058.86962890625,8163.5302734375,8006.5390625,8146.0869140625,7039.1005859375,10595530,0.0,0.0
2020-06-01 00:00:00+07:00,8285.6337890625,8564.7294921875,8163.5302734375,8564.7294921875,7400.853515625,25650788,0.0,0.0
2020-06-02 00:00:00+07:00,8669.3896484375,8669.3896484375,8355.408203125,8407.73828125,7265.19580078125,17132543,0.0,0.0
2020-06-03 00:00:00+07:00,8425.181640625,8512.3994140625,8355.408203125,8477.51171875,7325.48779296875,11242334,0.0,0.0
2020-06-04 00:00:00+07:00,8547.2861328125,8582.1728515625,8355.408203125,8372.8515625,7235.05029296875,17105398,0.0,0.0
2020-06-05 00:00:00+07:00,8372.8515625,8372.8515625,8372.8515625,8372.8515625,7235.05029296875,0,0.0,0.0
2020-06-08 00:00:00+07:00,8372.8515625,8372.8515625,8372.8515625,8372.8515625,7235.05029296875,0,0.0,0.0
2020-06-09 00:00:00+07:00,8372.8515625,8372.8515625,8372.8515625,8372.8515625,7235.05029296875,0,0.0,0.0
2020-06-10 00:00:00+07:00,8372.8515625,8547.2861328125,8198.4169921875,8425.181640625,7280.2685546875,16056436,0.0,0.0
2020-06-11 00:00:00+07:00,8477.51171875,8477.51171875,8058.86962890625,8058.86962890625,6963.73583984375,22636589,0.0,0.0
2020-06-12 00:00:00+07:00,7710.00048828125,8128.64306640625,7710.00048828125,8058.86962890625,6963.73583984375,17351852,0.0,0.0
2020-06-15 00:00:00+07:00,8058.86962890625,8058.86962890625,7535.56640625,7535.56640625,6511.544921875,16671252,0.0,0.0
2020-06-16 00:00:00+07:00,7779.7744140625,7849.54833984375,7640.22705078125,7744.8876953125,6692.4208984375,8874138,0.0,0.0
2020-06-17 00:00:00+07:00,7779.7744140625,7866.99169921875,7675.11376953125,7797.2177734375,6737.64013671875,7986497,0.0,0.0
2020-06-18 00:00:00+07:00,7744.8876953125,7866.99169921875,7710.00048828125,7779.7744140625,6722.56689453125,4376086,0.0,0.0
2020-06-19 00:00:00+07:00,7814.6611328125,7971.65234375,7797.2177734375,7954.208984375,6873.2978515625,7024904,0.0,0.0
2020-06-22 00:00:00+07:00,8023.982421875,8023.982421875,7849.54833984375,7919.32177734375,6843.15087890625,5934981,0.0,0.0
2020-06-23 00:00:00+07:00,7919.32177734375,7971.65234375,7814.6611328125,7936.765625,6858.22412109375,5830931,0.0,0.0
2020-06-24 00:00:00+07:00,7919.32177734375,7954.208984375,7744.8876953125,7779.7744140625,6722.56689453125,7230826,0.0,0.0
2020-06-25 00:00:00+07:00,7605.33984375,7779.7744140625,7605.33984375,7675.11376953125,6632.12890625,6600790,0.0,0.0
2020-06-26 00:00:00+07:00,7797.2177734375,7814.6611328125,7605.33984375,7675.11376953125,6632.12890625,4161678,0.0,0.0
2020-06-29 00:00:00+07:00,7570.453125,7570.453125,7273.91455078125,7326.2451171875,6330.6689453125,12555579,0.0,0.0
2020-06-30 00:00:00+07:00,7465.79248046875,7465.79248046875,7064.59326171875,7134.3671875,6164.86474609375,8593602,0.0,0.0
2020-07-01 00:00:00+07:00,7239.02783203125,7535.56640625,7082.03662109375,7535.56640625,6511.544921875,6453801,0.0,0.0
2020-07-02 00:00:00+07:00,7500.67919921875,7570.453125,7396.0185546875,7483.23583984375,6466.326171875,4764828,0.0,0.0
2020-07-03 00:00:00+07:00,7413.46240234375,7500.67919921875,7413.46240234375,7430.90576171875,6421.10693359375,2690036,0.0,0.0
2020-07-06 00:00:00+07:00,7465.79248046875,7710.00048828125,7430.90576171875,7675.11376953125,6632.12890625,5841221,0.0,0.0
2020-07-07 00:00:00+07:00,7710.00048828125,7779.7744140625,7553.009765625,7570.453125,6541.69091796875,5817602,0.0,0.0
2020-07-08 00:00:00+07:00,7570.453125,7657.67041015625,7500.67919921875,7640.22705078125,6601.98291015625,4788160,0.0,0.0
2020-07-09 00:00:00+07:00,7692.55712890625,8006.5390625,7692.55712890625,7971.65234375,6888.37060546875,13755829,0.0,0.0
2020-07-10 00:00:00+07:00,7971.65234375,7971.65234375,7971.65234375,7971.65234375,6888.37060546875,0,0.0,0.0
2020-07-13 00:00:00+07:00,7989.095703125,8006.5390625,7744.8876953125,7797.2177734375,6737.64013671875,7351674,0.0,0.0
2020-07-14 00:00:00+07:00,7692.55712890625,7814.6611328125,7640.22705078125,7744.8876953125,6692.4208984375,9852156,0.0,0.0
2020-07-15 00:00:00+07:00,7744.8876953125,7744.8876953125,7744.8876953125,7744.8876953125,6692.4208984375,0,0.0,0.0
2020-07-16 00:00:00+07:00,7849.54833984375,7884.43505859375,7814.6611328125,7884.43505859375,6813.0048828125,5571635,0.0,0.0
2020-07-17 00:00:00+07:00,7849.54833984375,8093.75634765625,7832.10498046875,8041.42626953125,6948.6630859375,14574991,0.0,0.0
2020-07-20 00:00:00+07:00,8093.75634765625,8128.64306640625,7919.32177734375,7919.32177734375,6843.15087890625,8429128,0.0,0.0
2020-07-21 00:00:00+07:00,7919.32177734375,7971.65234375,7849.54833984375,7936.765625,6858.22412109375,5228383,0.0,0.0
2020-07-22 00:00:00+07:00,7954.208984375,7989.095703125,7797.2177734375,7832.10498046875,6767.78662109375,6358435,0.0,0.0
2020-07-23 00:00:00+07:00,7814.6611328125,7849.54833984375,7710.00048828125,7849.54833984375,6782.859375,6827122,0.0,0.0
2020-07-24 00:00:00+07:00,7797.2177734375,7814.6611328125,7308.8017578125,7396.0185546875,6390.9609375,19515387,0.0,0.0
2020-07-27 00:00:00+07:00,6977.3759765625,7308.8017578125,6890.1591796875,6890.1591796875,5953.84326171875,18535162,0.0,0.0
2020-07-28 00:00:00+07:00,7047.14990234375,7221.58447265625,6890.1591796875,7221.58447265625,6240.23046875,13573927,0.0,0.0
2020-07-29 00:00:00+07:00,6994.81982421875,7064.59326171875,6768.0546875,6959.9326171875,6014.13525390625,9889018,0.0,0.0
2020-07-30 00:00:00+07:00,7047.14990234375,7221.58447265625,6977.3759765625,7082.03662109375,6119.64599609375,6601908,0.0,0.0
2020-07-31 00:00:00+07:00,6942.4892578125,7134.3671875,6872.71533203125,7047.14990234375,6089.50048828125,7115884,0.0,0.0
2020-08-03 00:00:00+07:00,7047.14990234375,7308.8017578125,7012.26318359375,7308.8017578125,6315.595703125,8113479,0.0,0.0
2020-08-04 00:00:00+07:00,7396.0185546875,7535.56640625,7308.8017578125,7361.1318359375,6360.814453125,9881737,0.0,0.0
2020-08-05 00:00:00+07:00,7361.1318359375,7500.67919921875,7291.35791015625,7500.67919921875,6481.3984375,9642707,0.0,0.0
2020-08-06 00:00:00+07:00,7535.56640625,7570.453125,7396.0185546875,7448.34912109375,6436.1796875,8729585,0.0,0.0
2020-08-07 00:00:00+07:00,7483.23583984375,7500.67919921875,7378.5751953125,7413.46240234375,6406.0341796875,6797741,0.0,0.0
2020-08-10 00:00:00+07:00,7500.67919921875,7570.453125,7448.34912109375,7448.34912109375,6436.1796875,9716288,0.0,0.0
2020-08-11 00:00:00+07:00,7518.123046875,7535.56640625,7430.90576171875,7483.23583984375,6466.326171875,5840361,0.0,0.0
2020-08-12 00:00:00+07:00,7535.56640625,7587.896484375,7483.23583984375,7570.453125,6541.69091796875,10654635,0.0,0.0
2020-08-13 00:00:00+07:00,7605.33984375,7657.67041015625,7570.453125,7587.896484375,6556.76416015625,6685836,0.0,0.0
2020-08-14 00:00:00+07:00,7587.896484375,7640.22705078125,7430.90576171875,7465.79248046875,6451.25244140625,10086943,0.0,0.0
2020-08-17 00:00:00+07:00,7396.0185546875,7500.67919921875,7343.6884765625,7430.90576171875,6421.10693359375,7516349,0.0,0.0
2020-08-18 00:00:00+07:00,7465.79248046875,7518.123046875,7430.90576171875,7430.90576171875,6421.10693359375,5578171,0.0,0.0
2020-08-19 00:00:00+07:00,7430.90576171875,7518.123046875,7430.90576171875,7465.79248046875,6451.25244140625,4799540,0.0,0.0
2020-08-20 00:00:00+07:00,7465.79248046875,7553.009765625,7430.90576171875,7448.34912109375,6436.1796875,10220260,0.0,0.0
2020-08-21 00:00:00+07:00,7518.123046875,7657.67041015625,7465.79248046875,7640.22705078125,6601.98291015625,17528910,0.0,0.0
2020-08-24 00:00:00+07:00,7797.2177734375,8093.75634765625,7779.7744140625,8093.75634765625,6993.8818359375,20691588,0.0,0.0
2020-08-25 00:00:00+07:00,8128.64306640625,8215.8603515625,7971.65234375,8023.982421875,6933.58935546875,18004532,0.0,0.0
2020-08-26 00:00:00+07:00,7971.65234375,8093.75634765625,7954.208984375,7989.095703125,6903.443359375,12747628,0.0,0.0
2020-08-27 00:00:00+07:00,7989.095703125,8076.31298828125,7954.208984375,8058.86962890625,6963.73583984375,11166977,0.0,0.0
2020-08-28 00:00:00+07:00,8128.64306640625,8355.408203125,8058.86962890625,8233.3037109375,7114.4658203125,20254261,0.0,0.0
2020-08-31 00:00:00+07:00,8303.078125,8355.408203125,8111.19970703125,8146.0869140625,7039.1005859375,9650303,0.0,0.0
2020-09-01 00:00:00+07:00,8128.64306640625,8198.4169921875,7954.208984375,8163.5302734375,7054.173828125,14961870,0.0,0.0
2020-09-02 00:00:00+07:00,8163.5302734375,8163.5302734375,8163.5302734375,8163.5302734375,7054.173828125,0,0.0,0.0
2020-09-03 00:00:00+07:00,8250.7470703125,8337.96484375,8146.0869140625,8268.1904296875,7144.611328125,12163741,0.0,0.0
2020-09-04 00:00:00+07:00,8093.75634765625,8268.1904296875,8076.31298828125,8180.9736328125,7069.2470703125,11776604,0.0,0.0
2020-09-07 00:00:00+07:00,8250.7470703125,8250.7470703125,7849.54833984375,7849.54833984375,6782.859375,16895892,0.0,0.0
2020-09-08 00:00:00+07:00,7884.43505859375,8023.982421875,7849.54833984375,7989.095703125,6903.443359375,13625379,0.0,0.0
2020-09-09 00:00:00+07:00,7849.54833984375,8023.982421875,7832.10498046875,7971.65234375,6888.37060546875,14166729,0.0,0.0
2020-09-10 00:00:00+07:00,8006.5390625,8041.42626953125,7954.208984375,7954.208984375,6873.2978515625,9976816,0.0,0.0
2020-09-11 00:00:00+07:00,7919.32177734375,8006.5390625,7884.43505859375,7971.65234375,6888.37060546875,7102039,0.0,0.0
2020-09-14 00:00:00+07:00,7989.095703125,8163.5302734375,7989.095703125,8093.75634765625,6993.8818359375,9372233,0.0,0.0
2020-09-15 00:00:00+07:00,8093.75634765625,8111.19970703125,8023.982421875,8041.42626953125,6948.6630859375,11846745,0.0,0.0
2020-09-16 00:00:00+07:00,8041.42626953125,8041.42626953125,8041.42626953125,8041.42626953125,6948.6630859375,0,0.0,0.0
2020-09-17 00:00:00+07:00,8006.5390625,8128.64306640625,7971.65234375,7971.65234375,6888.37060546875,10028898,0.0,0.0
2020-09-18 00:00:00+07:00,7989.095703125,8111.19970703125,7989.095703125,8111.19970703125,7008.95458984375,10074761,0.0,0.0
2020-09-21 00:00:00+07:00,8198.4169921875,8233.3037109375,8111.19970703125,8146.0869140625,7039.1005859375,12604996,0.0,0.0
2020-09-22 00:00:00+07:00,8058.86962890625,8198.4169921875,8058.86962890625,8163.5302734375,7054.173828125,9179381,0.0,0.0
2020-09-23 00:00:00+07:00,8180.9736328125,8337.96484375,8146.0869140625,8303.078125,7174.75830078125,24934415,0.0,0.0
2020-09-24 00:00:00+07:00,8233.3037109375,8303.078125,8146.0869140625,8180.9736328125,7069.2470703125,11579596,0.0,0.0
2020-09-25 00:00:00+07:00,8198.4169921875,8198.4169921875,8076.31298828125,8128.64306640625,7024.02783203125,9124920,0.0,0.0
2020-09-28 00:00:00+07:00,8128.64306640625,8337.96484375,8128.64306640625,8303.078125,7174.75830078125,24329575,0.0,0.0
2020-09-29 00:00:00+07:00,8372.8515625,8547.2861328125,8268.1904296875,8285.6337890625,7159.68408203125,33194139,0.0,0.0
2020-09-30 00:00:00+07:00,8268.1904296875,8303.078125,8180.9736328125,8285.6337890625,7159.68408203125,14932059,0.0,0.0
2020-10-01 00:00:00+07:00,8337.96484375,8477.51171875,8285.6337890625,8407.73828125,7265.19580078125,15140476,0.0,0.0
2020-10-02 00:00:00+07:00,8425.181640625,8442.625,8111.19970703125,8250.7470703125,7129.53857421875,22407792,0.0,0.0
2020-10-05 00:00:00+07:00,8407.73828125,8494.955078125,8337.96484375,8442.625,7295.341796875,20225740,0.0,0.0
2020-10-06 00:00:00+07:00,8494.955078125,8512.3994140625,8355.408203125,8425.181640625,7280.2685546875,17596069,0.0,0.0
2020-10-07 00:00:00+07:00,8425.181640625,8442.625,8285.6337890625,8285.6337890625,7159.68408203125,17959903,0.0,0.0
2020-10-08 00:00:00+07:00,8285.6337890625,8337.96484375,8093.75634765625,8180.9736328125,7069.2470703125,21827259,0.0,0.0
2020-10-09 00:00:00+07:00,8180.9736328125,8233.3037109375,8093.75634765625,8163.5302734375,7054.173828125,10021044,0.0,0.0
2020-10-12 00:00:00+07:00,8268.1904296875,8320.521484375,8093.75634765625,8163.5302734375,7054.173828125,10229776,0.0,0.0
2020-10-13 00:00:00+07:00,8163.5302734375,8215.8603515625,8111.19970703125,8163.5302734375,7054.173828125,7568976,0.0,0.0
2020-10-14 00:00:00+07:00,8198.4169921875,8425.181640625,8163.5302734375,8372.8515625,7235.05029296875,29139606,0.0,0.0
2020-10-15 00:00:00+07:00,8425.181640625,8442.625,8303.078125,8390.294921875,7250.123046875,23948715,0.0,0.0
2020-10-16 00:00:00+07:00,8390.294921875,8739.1640625,8337.96484375,8582.1728515625,7415.92626953125,33156360,0.0,0.0
2020-10-19 00:00:00+07:00,8651.9462890625,8669.3896484375,8494.955078125,8529.8427734375,7370.70703125,20406266,0.0,0.0
2020-10-20 00:00:00+07:00,8442.625,8704.2763671875,8407.73828125,8651.9462890625,7476.21826171875,37202551,0.0,0.0
2020-10-21 00:00:00+07:00,8721.720703125,9175.25,8634.5029296875,8756.607421875,7566.65673828125,46033808,0.0,0.0
2020-10-22 00:00:00+07:00,8826.380859375,8931.0419921875,8721.720703125,8931.0419921875,7717.38720703125,24492014,0.0,0.0
2020-10-23 00:00:00+07:00,8931.0419921875,8965.9287109375,8808.9375,8965.9287109375,7747.5322265625,20710564,0.0,0.0
2020-10-26 00:00:00+07:00,8965.9287109375,9070.5888671875,8477.51171875,8477.51171875,7325.48779296875,28435588,0.0,0.0
2020-10-27 00:00:00+07:00,8547.2861328125,8686.8330078125,8477.51171875,8494.955078125,7340.560546875,29219952,0.0,0.0
2020-10-28 00:00:00+07:00,8442.625,8529.8427734375,8093.75634765625,8093.75634765625,6993.8818359375,27491078,0.0,0.0
2020-10-29 00:00:00+07:00,8093.75634765625,8268.1904296875,8023.982421875,8128.64306640625,7024.02783203125,17320894,0.0,0.0
2020-10-30 00:00:00+07:00,8233.3037109375,8233.3037109375,7989.095703125,8233.3037109375,7114.4658203125,17334195,0.0,0.0
2020-11-02 00:00:00+07:00,8233.3037109375,8303.078125,8163.5302734375,8303.078125,7174.75830078125,7019171,0.0,0.0
2020-11-03 00:00:00+07:00,8303.078125,8407.73828125,8285.6337890625,8355.408203125,7219.9765625,14848446,0.0,0.0
2020-11-04 00:00:00+07:00,8372.8515625,8512.3994140625,8337.96484375,8442.625,7295.341796875,11794290,0.0,0.0
2020-11-05 00:00:00+07:00,8442.625,8460.068359375,8233.3037109375,8268.1904296875,7144.611328125,11923823,0.0,0.0
2020-11-06 00:00:00+07:00,8268.1904296875,8303.078125,8128.64306640625,8198.4169921875,7084.31982421875,10029357,0.0,0.0
2020-11-09 00:00:00+07:00,8268.1904296875,8320.521484375,8233.3037109375,8320.521484375,7189.83154296875,11860532,0.0,0.0
2020-11-10 00:00:00+07:00,8425.181640625,8442.625,8285.6337890625,8285.6337890625,7159.68408203125,14337567,0.0,0.0
2020-11-11 00:00:00+07:00,8285.6337890625,8320.521484375,8180.9736328125,8285.6337890625,7159.68408203125,15353794,0.0,0.0
2020-11-12 00:00:00+07:00,8285.6337890625,8320.521484375,8250.7470703125,8320.521484375,7189.83154296875,8299251,0.0,0.0
2020-11-13 00:00:00+07:00,8355.408203125,8547.2861328125,8320.521484375,8547.2861328125,7385.7802734375,20632770,0.0,0.0
2020-11-16 00:00:00+07:00,8582.1728515625,8686.8330078125,8372.8515625,8425.181640625,7280.2685546875,26194488,0.0,0.0
2020-11-17 00:00:00+07:00,8425.181640625,8721.720703125,8372.8515625,8721.720703125,7536.51025390625,22292849,0.0,0.0
2020-11-18 00:00:00+07:00,8704.2763671875,8791.494140625,8669.3896484375,8686.8330078125,7506.3642578125,21981156,0.0,0.0
2020-11-19 00:00:00+07:00,8739.1640625,8931.0419921875,8686.8330078125,8896.154296875,7687.240234375,33992376,0.0,0.0
2020-11-20 00:00:00+07:00,8878.7109375,8896.154296875,8774.05078125,8896.154296875,7687.240234375,15001656,0.0,0.0
2020-11-23 00:00:00+07:00,8896.154296875,8913.59765625,8285.6337890625,8896.154296875,7687.240234375,19478640,0.0,0.0
2020-11-24 00:00:00+07:00,8896.154296875,9070.5888671875,8808.9375,8948.4853515625,7732.4599609375,25064120,0.0,0.0
2020-11-25 00:00:00+07:00,9070.5888671875,9314.796875,8965.9287109375,9314.796875,8048.9931640625,35299458,0.0,0.0
2020-11-26 00:00:00+07:00,9314.796875,9489.2314453125,9227.580078125,9489.2314453125,8199.7236328125,22141474,0.0,0.0
2020-11-27 00:00:00+07:00,9471.7880859375,9506.6748046875,9314.796875,9419.4580078125,8139.431640625,17890507,0.0,0.0
2020-11-30 00:00:00+07:00,9489.2314453125,9524.1181640625,9349.6845703125,9349.6845703125,8079.14013671875,26051168,0.0,0.0
2020-12-01 00:00:00+07:00,9210.13671875,9768.3271484375,9192.693359375,9733.439453125,8410.7451171875,31391140,0.0,0.0
2020-12-02 00:00:00+07:00,9698.552734375,9768.3271484375,9559.005859375,9663.666015625,8350.453125,21639767,0.0,0.0
2020-12-03 00:00:00+07:00,9663.666015625,9925.3173828125,9593.892578125,9872.9873046875,8531.330078125,24208498,0.0,0.0
2020-12-04 00:00:00+07:00,9838.1005859375,9960.2041015625,9698.552734375,9698.552734375,8380.599609375,22002482,0.0,0.0
2020-12-07 00:00:00+07:00,9838.1005859375,9890.4306640625,9733.439453125,9803.2138671875,8471.0380859375,12740319,0.0,0.0
2020-12-08 00:00:00+07:00,9942.7607421875,9960.2041015625,9803.2138671875,9890.4306640625,8546.40234375,13568051,0.0,0.0
2020-12-09 00:00:00+07:00,9995.091796875,10047.421875,9890.4306640625,9925.3173828125,8576.548828125,15277490,0.0,0.0
2020-12-10 00:00:00+07:00,9942.7607421875,9960.2041015625,9768.3271484375,9768.3271484375,8440.8916015625,17457335,0.0,0.0
2020-12-11 00:00:00+07:00,9820.6572265625,9872.9873046875,9698.552734375,9872.9873046875,8531.330078125,12672471,0.0,0.0
2020-12-14 00:00:00+07:00,10012.53515625,10099.751953125,9907.8740234375,10012.53515625,8651.9140625,16197492,0.0,0.0
2020-12-15 00:00:00+07:00,10082.30859375,10099.751953125,9785.7705078125,9803.2138671875,8471.0380859375,17382178,0.0,0.0
2020-12-16 00:00:00+07:00,9890.4306640625,10256.7431640625,9768.3271484375,10221.8564453125,8832.7900390625,21136283,0.0,0.0
2020-12-17 00:00:00+07:00,10186.9697265625,10553.28125,10134.638671875,10326.5166015625,8923.2275390625,27962574,0.0,0.0
2020-12-18 00:00:00+07:00,10535.837890625,11041.6982421875,10466.064453125,11041.6982421875,9541.22265625,27806412,0.0,0.0
2020-12-21 00:00:00+07:00,11198.6884765625,11687.10546875,11198.6884765625,11512.6708984375,9948.193359375,16791498,0.0,0.0
2020-12-22 00:00:00+07:00,11512.6708984375,11687.10546875,11233.576171875,11512.6708984375,9948.193359375,16795855,0.0,0.0
2020-12-23 00:00:00+07:00,11512.6708984375,11512.6708984375,10814.93359375,11163.8017578125,9646.732421875,14710802,0.0,0.0
2020-12-24 00:00:00+07:00,11163.8017578125,11320.79296875,10466.064453125,10989.3671875,9496.001953125,19609004,0.0,0.0
2020-12-25 00:00:00+07:00,10814.93359375,11338.236328125,10780.0458984375,11338.236328125,9797.4638671875,17505032,0.0,0.0
2020-12-28 00:00:00+07:00,11512.6708984375,11512.6708984375,11163.8017578125,11268.462890625,9737.1708984375,13010105,0.0,0.0
2020-12-29 00:00:00+07:00,11251.01953125,11303.349609375,11024.2548828125,11059.1416015625,9556.2958984375,17153038,0.0,0.0
2020-12-30 00:00:00+07:00,11111.4716796875,11303.349609375,11094.0283203125,11094.0283203125,9586.44140625,16211050,0.0,0.0
2020-12-31 00:00:00+07:00,11094.0283203125,11460.3408203125,11094.0283203125,11338.236328125,9797.4638671875,20902814,0.0,0.0
2021-01-01 00:00:00+07:00,11338.236328125,11338.236328125,11338.236328125,11338.236328125,9797.4638671875,0,0.0,0.0
2021-01-04 00:00:00+07:00,11477.7841796875,11931.3134765625,11355.6796875,11931.3134765625,10309.9462890625,2403625,0.0,0.0
2021-01-05 00:00:00+07:00,11861.5400390625,12088.3046875,11826.65234375,11983.6435546875,10355.1650390625,1621870,0.0,0.0
2021-01-06 00:00:00+07:00,12210.408203125,12210.408203125,11931.3134765625,12001.0869140625,10370.23828125,1765534,0.0,0.0
2021-01-07 00:00:00+07:00,12053.4169921875,12192.96484375,11896.4267578125,12175.521484375,10520.9677734375,1344660,0.0,0.0
2021-01-08 00:00:00+07:00,12332.5126953125,12559.27734375,12192.96484375,12402.2861328125,10716.91796875,1306680,0.0,0.0
2021-01-11 00:00:00+07:00,12559.27734375,12559.27734375,12227.8515625,12280.181640625,10611.4052734375,1269904,0.0,0.0
2021-01-12 00:00:00+07:00,12280.181640625,12280.181640625,11966.2001953125,12175.521484375,10520.9677734375,1322130,0.0,0.0
2021-01-13 00:00:00+07:00,12175.521484375,12629.05078125,12105.748046875,12454.6162109375,10762.1357421875,1584922,0.0,0.0
2021-01-14 00:00:00+07:00,12559.27734375,13012.806640625,12384.8427734375,12838.3720703125,11093.7421875,1872050,0.0,0.0
2021-01-15 00:00:00+07:00,12960.4765625,13257.0146484375,12908.1455078125,12995.36328125,11229.400390625,1335229,0.0,0.0
2021-01-18 00:00:00+07:00,12995.36328125,13030.25,12716.2685546875,12716.2685546875,10988.232421875,1468001,0.0,0.0
2021-01-19 00:00:00+07:00,12594.1640625,12646.494140625,11826.65234375,11826.65234375,10219.5068359375,2125612,0.0,0.0
2021-01-20 00:00:00+07:00,11861.5400390625,12035.9736328125,11024.2548828125,11931.3134765625,10309.9462890625,2314107,0.0,0.0
2021-01-21 00:00:00+07:00,12210.408203125,12751.1552734375,11931.3134765625,12629.05078125,10912.8671875,1972775,0.0,0.0
2021-01-22 00:00:00+07:00,12663.9375,12838.3720703125,12472.0595703125,12733.7119140625,11003.3056640625,1165194,0.0,0.0
2021-01-25 00:00:00+07:00,12698.82421875,12698.82421875,12419.7294921875,12524.390625,10822.4296875,1010150,0.0,0.0
2021-01-26 00:00:00+07:00,12384.8427734375,12402.2861328125,11652.21875,11809.208984375,10204.435546875,1900169,0.0,0.0
2021-01-27 00:00:00+07:00,11512.6708984375,12035.9736328125,11024.2548828125,11111.4716796875,9601.513671875,2314308,0.0,0.0
2021-01-28 00:00:00+07:00,10361.4033203125,10780.0458984375,10343.9599609375,10343.9599609375,8938.30078125,2496353,0.0,0.0
2021-01-29 00:00:00+07:00,9838.1005859375,11059.1416015625,9838.1005859375,10466.064453125,9043.8125,2201371,0.0,0.0
2021-02-01 00:00:00+07:00,10535.837890625,11041.6982421875,10466.064453125,10814.93359375,9345.2734375,2320729,0.0,0.0
2021-02-02 00:00:00+07:00,10814.93359375,11565.0009765625,10814.93359375,11565.0009765625,9993.4111328125,1301205,0.0,0.0
2021-02-03 00:00:00+07:00,11861.5400390625,12367.3994140625,11687.10546875,12367.3994140625,10686.771484375,2067453,0.0,0.0
2021-02-04 00:00:00+07:00,12384.8427734375,12977.919921875,12384.8427734375,12768.5986328125,11033.451171875,2370833,0.0,0.0
2021-02-05 00:00:00+07:00,12768.5986328125,12943.033203125,12663.9375,12908.1455078125,11154.03515625,1607996,0.0,0.0
2021-02-08 00:00:00+07:00,12908.1455078125,12908.1455078125,12035.9736328125,12559.27734375,10852.57421875,2460810,0.0,0.0
2021-02-09 00:00:00+07:00,12733.7119140625,13431.44921875,12349.9560546875,13431.44921875,11606.2255859375,3275529,0.0,0.0
2021-02-10 00:00:00+07:00,13431.44921875,13431.44921875,13431.44921875,13431.44921875,11606.2255859375,0,0.0,0.0
2021-02-11 00:00:00+07:00,13431.44921875,13431.44921875,13431.44921875,13431.44921875,11606.2255859375,0,0.0,0.0
2021-02-12 00:00:00+07:00,13431.44921875,13431.44921875,13431.44921875,13431.44921875,11606.2255859375,0,0.0,0.0
2021-02-15 00:00:00+07:00,13431.44921875,13431.44921875,13431.44921875,13431.44921875,11606.2255859375,0,0.0,0.0
2021-02-16 00:00:00+07:00,13431.44921875,13431.44921875,13431.44921875,13431.44921875,11606.2255859375,0,0.0,0.0
2021-02-17 00:00:00+07:00,13780.318359375,14355.951171875,13675.6572265625,14355.951171875,12405.095703125,1972317,0.0,0.0
2021-02-18 00:00:00+07:00,14268.734375,14478.0556640625,13954.751953125,14408.2822265625,12450.314453125,1476572,0.0,0.0
2021-02-19 00:00:00+07:00,14059.4130859375,14390.8388671875,13989.6396484375,14164.0732421875,12239.2919921875,1570303,0.0,0.0
2021-02-22 00:00:00+07:00,14059.4130859375,14652.490234375,13972.1962890625,14286.177734375,12344.8037109375,1400583,0.0,0.0
2021-02-23 00:00:00+07:00,14303.62109375,14512.9423828125,13780.318359375,14129.1865234375,12209.146484375,2577473,0.0,0.0
2021-02-24 00:00:00+07:00,14129.1865234375,14129.1865234375,14129.1865234375,14129.1865234375,12209.146484375,0,0.0,0.0
2021-02-25 00:00:00+07:00,14129.1865234375,14129.1865234375,14129.1865234375,14129.1865234375,12209.146484375,0,0.0,0.0
2021-02-26 00:00:00+07:00,13501.22265625,14041.9697265625,13483.779296875,13954.751953125,12058.4169921875,1675930,0.0,0.0
2021-03-01 00:00:00+07:00,14198.9609375,14286.177734375,13972.1962890625,14233.84765625,12299.5859375,960962,0.0,0.0
2021-03-02 00:00:00+07:00,14338.5078125,14355.951171875,14164.0732421875,14216.404296875,12284.51171875,1476314,0.0,0.0
2021-03-03 00:00:00+07:00,14216.404296875,14547.8291015625,14164.0732421875,14512.9423828125,12540.75390625,1739192,0.0,0.0
2021-03-04 00:00:00+07:00,14652.490234375,14914.1416015625,13954.751953125,14478.0556640625,12510.607421875,2150177,0.0,0.0
2021-03-05 00:00:00+07:00,14268.734375,14617.603515625,14129.1865234375,14582.7158203125,12601.044921875,1026517,0.0,0.0
2021-03-08 00:00:00+07:00,14617.603515625,14826.9248046875,14268.734375,14425.7255859375,12465.388671875,1019924,0.0,0.0
2021-03-09 00:00:00+07:00,14303.62109375,14826.9248046875,14129.1865234375,14582.7158203125,12601.044921875,1649330,0.0,0.0
2021-03-10 00:00:00+07:00,14617.603515625,14792.037109375,14408.2822265625,14652.490234375,12661.337890625,1047929,0.0,0.0
2021-03-11 00:00:00+07:00,14826.9248046875,15489.775390625,14722.263671875,15263.0107421875,13188.892578125,2254056,0.0,0.0
2021-03-12 00:00:00+07:00,15385.1142578125,15699.0966796875,15263.0107421875,15524.662109375,13414.9892578125,2480101,0.0,0.0
2021-03-15 00:00:00+07:00,15524.662109375,15699.0966796875,15315.3408203125,15629.322265625,13505.42578125,1456450,0.0,0.0
2021-03-16 00:00:00+07:00,15629.322265625,15629.322265625,15140.90625,15472.33203125,13369.76953125,1575262,0.0,0.0
2021-03-17 00:00:00+07:00,15472.33203125,15681.6533203125,15315.3408203125,15559.548828125,13445.1337890625,995245,0.0,0.0
2021-03-18 00:00:00+07:00,15838.6435546875,15995.634765625,15611.87890625,15995.634765625,13821.958984375,1780440,0.0,0.0
2021-03-19 00:00:00+07:00,15768.8701171875,15925.861328125,15629.322265625,15768.8701171875,13626.009765625,829136,0.0,0.0
2021-03-22 00:00:00+07:00,15733.9833984375,15768.8701171875,15454.888671875,15664.2099609375,13535.5732421875,1233271,0.0,0.0
2021-03-23 00:00:00+07:00,15437.4453125,15664.2099609375,15350.2275390625,15524.662109375,13414.9892578125,1142177,0.0,0.0
2021-03-24 00:00:00+07:00,15297.8974609375,15454.888671875,15001.3583984375,15385.1142578125,13294.404296875,1079660,0.0,0.0
2021-03-25 00:00:00+07:00,15385.1142578125,15454.888671875,15036.24609375,15088.576171875,13038.1630859375,647292,0.0,0.0
2021-03-26 00:00:00+07:00,15088.576171875,15210.6796875,14478.0556640625,15140.90625,13083.3818359375,1004675,0.0,0.0
2021-03-29 00:00:00+07:00,15175.79296875,15524.662109375,15018.802734375,15524.662109375,13414.9892578125,783045,0.0,0.0
2021-03-30 00:00:00+07:00,15629.322265625,15786.3134765625,15420.0009765625,15681.6533203125,13550.646484375,1060943,0.0,0.0
2021-03-31 00:00:00+07:00,15420.0009765625,15681.6533203125,15420.0009765625,15576.9921875,13460.20703125,824263,0.0,0.0
2021-04-01 00:00:00+07:00,15576.9921875,16082.8525390625,15489.775390625,16013.078125,13837.0322265625,1475339,0.0,0.0
2021-04-02 00:00:00+07:00,16187.5126953125,16257.2861328125,15995.634765625,16117.7392578125,13927.4716796875,687966,0.0,0.0
2021-04-05 00:00:00+07:00,16327.060546875,16327.060546875,16013.078125,16204.9560546875,14002.8359375,906357,0.0,0.0
2021-04-06 00:00:00+07:00,16204.9560546875,16396.833984375,15699.0966796875,16204.9560546875,14002.8359375,1079603,0.0,0.0
2021-04-07 00:00:00+07:00,16047.96484375,16396.833984375,16047.96484375,16222.3994140625,14017.9091796875,1185029,0.0,0.0
2021-04-08 00:00:00+07:00,16396.833984375,16466.607421875,16082.8525390625,16292.173828125,14078.201171875,1228255,0.0,0.0
2021-04-09 00:00:00+07:00,16292.173828125,16623.599609375,16152.6259765625,16466.607421875,14228.931640625,1761407,0.0,0.0
2021-04-12 00:00:00+07:00,16571.267578125,17216.67578125,16571.267578125,17094.572265625,14771.560546875,3585015,0.0,0.0
2021-04-13 00:00:00+07:00,17443.44140625,17617.875,17112.015625,17338.779296875,14982.58203125,2504465,0.0,0.0
2021-04-14 00:00:00+07:00,17443.44140625,17513.21484375,17094.572265625,17478.328125,15103.16796875,2416237,0.0,0.0
2021-04-15 00:00:00+07:00,17478.328125,17757.421875,17303.892578125,17443.44140625,15073.0205078125,2461870,0.0,0.0
2021-04-16 00:00:00+07:00,17269.005859375,17443.44140625,16920.13671875,17077.12890625,14756.48828125,2284153,0.0,0.0
2021-04-19 00:00:00+07:00,17269.005859375,17286.44921875,16815.4765625,17286.44921875,14937.36328125,1787204,0.0,0.0
2021-04-20 00:00:00+07:00,17286.44921875,17408.552734375,17094.572265625,17269.005859375,14922.2890625,2140976,0.0,0.0
2021-04-21 00:00:00+07:00,17269.005859375,17269.005859375,17269.005859375,17269.005859375,14922.2890625,0,0.0,0.0
2021-04-22 00:00:00+07:00,17303.892578125,17966.744140625,16065.4091796875,17094.572265625,14771.560546875,5311022,0.0,0.0
2021-04-23 00:00:00+07:00,17181.7890625,17792.30859375,17024.798828125,17792.30859375,15374.48046875,5084088,0.0,0.0
2021-04-26 00:00:00+07:00,17966.744140625,18664.48046875,17931.857421875,18490.046875,15977.3994140625,5178909,0.0,0.0
2021-04-27 00:00:00+07:00,18280.7265625,18629.59375,17931.857421875,18559.8203125,16037.6943359375,4860451,0.0,0.0
2021-04-28 00:00:00+07:00,18664.48046875,19187.78515625,18420.2734375,19187.78515625,16580.32421875,5062332,0.0,0.0
2021-04-29 00:00:00+07:00,19362.21875,20513.486328125,18908.689453125,20408.826171875,17635.435546875,11905908,0.0,0.0
2021-04-30 00:00:00+07:00,20408.826171875,20408.826171875,20408.826171875,20408.826171875,17635.435546875,0,0.0,0.0
2021-05-03 00:00:00+07:00,20408.826171875,20408.826171875,20408.826171875,20408.826171875,17635.435546875,0,0.0,0.0
2021-05-04 00:00:00+07:00,19920.408203125,20757.693359375,19606.427734375,20757.693359375,17936.89453125,7122018,0.0,0.0
2021-05-05 00:00:00+07:00,20757.693359375,21490.318359375,20478.599609375,21141.44921875,18268.5,6297008,0.0,0.0
2021-05-06 00:00:00+07:00,21141.44921875,21594.978515625,21036.7890625,21560.091796875,18630.25390625,8274772,0.0,0.0
2021-05-07 00:00:00+07:00,21455.431640625,21490.318359375,20967.015625,21455.431640625,18539.814453125,10407407,0.0,0.0
2021-05-10 00:00:00+07:00,21280.998046875,21839.1875,20932.12890625,21734.52734375,18780.984375,10338900,0.0,0.0
2021-05-11 00:00:00+07:00,21769.4140625,22153.169921875,21455.431640625,21978.734375,18992.00390625,7034564,0.0,0.0
2021-05-12 00:00:00+07:00,21874.07421875,22327.603515625,21455.431640625,22327.603515625,19293.46484375,9574917,0.0,0.0
2021-05-13 00:00:00+07:00,22153.169921875,22850.90625,22083.396484375,22711.359375,19625.07421875,7371968,0.0,0.0
2021-05-14 00:00:00+07:00,22746.24609375,23234.662109375,22257.830078125,23234.662109375,20077.26171875,12733210,0.0,0.0
2021-05-17 00:00:00+07:00,23304.4375,23513.7578125,22641.5859375,22955.568359375,19836.095703125,10456165,0.0,0.0
2021-05-18 00:00:00+07:00,22955.568359375,23443.984375,22502.0390625,23443.984375,20258.140625,8784304,0.0,0.0
2021-05-19 00:00:00+07:00,23199.775390625,23548.64453125,22676.47265625,23548.64453125,20348.578125,11839837,0.0,0.0
2021-05-20 00:00:00+07:00,23443.984375,23513.7578125,22850.90625,23304.4375,20137.556640625,9846308,0.0,0.0
2021-05-21 00:00:00+07:00,23304.4375,23723.080078125,22676.47265625,23653.3046875,20439.013671875,12267877,0.0,0.0
2021-05-24 00:00:00+07:00,23653.3046875,23653.3046875,23653.3046875,23653.3046875,20439.013671875,0,0.0,0.0
2021-05-25 00:00:00+07:00,22850.90625,23548.64453125,22816.01953125,23304.4375,20137.556640625,9109728,0.0,0.0
2021-05-26 00:00:00+07:00,23234.662109375,23688.19140625,23060.228515625,23583.53125,20378.724609375,10088921,0.0,0.0
2021-05-27 00:00:00+07:00,23618.41796875,23618.41796875,23060.228515625,23478.87109375,20288.287109375,11076341,0.0,0.0
2021-05-28 00:00:00+07:00,23409.09765625,23967.287109375,23339.32421875,23932.400390625,20680.18359375,11440432,0.0,0.0
2021-05-31 00:00:00+07:00,23932.400390625,24141.720703125,23443.984375,24141.720703125,20861.060546875,9498097,0.0,0.0
2021-06-01 00:00:00+07:00,23897.513671875,24490.58984375,23443.984375,24176.609375,20891.20703125,13322228,0.0,0.0
2021-06-02 00:00:00+07:00,24071.947265625,24525.4765625,23757.966796875,24490.58984375,21162.521484375,8417892,0.0,0.0
2021-06-03 00:00:00+07:00,24455.703125,24699.912109375,23757.966796875,24630.138671875,21283.10546875,16984952,0.0,0.0
2021-06-04 00:00:00+07:00,24176.609375,25048.78125,23932.400390625,25013.89453125,21614.7109375,21951919,0.0,0.0
2021-06-07 00:00:00+07:00,24769.685546875,25118.5546875,24246.3828125,25118.5546875,21705.1484375,130846606,0.0,0.0
2021-06-08 00:00:00+07:00,25118.5546875,25118.5546875,25118.5546875,25118.5546875,21705.1484375,0,0.0,0.0
2021-06-09 00:00:00+07:00,24769.685546875,25188.328125,24455.703125,25048.78125,21644.859375,95764364,0.0,0.0
2021-06-10 00:00:00+07:00,24769.685546875,25153.44140625,24455.703125,25048.78125,21644.859375,219366127,0.0,0.0
2021-06-11 00:00:00+07:00,24769.685546875,25048.78125,24490.58984375,25013.89453125,21614.7109375,86038072,0.0,0.0
2021-06-14 00:00:00+07:00,24874.345703125,24874.345703125,24420.81640625,24734.798828125,21373.54296875,100771691,0.0,0.0
2021-06-15 00:00:00+07:00,24490.58984375,24490.58984375,23025.341796875,23199.775390625,20047.1171875,108447929,0.0,0.0
2021-06-16 00:00:00+07:00,23025.341796875,23723.080078125,23025.341796875,23304.4375,20137.556640625,69006168,0.0,0.0
2021-06-17 00:00:00+07:00,23025.341796875,23164.888671875,22676.47265625,23025.341796875,19896.38671875,45096034,0.0,0.0
2021-06-18 00:00:00+07:00,22990.455078125,23269.548828125,22990.455078125,23199.775390625,20047.1171875,42657582,0.0,0.0
2021-06-21 00:00:00+07:00,23234.662109375,23374.2109375,22990.455078125,23199.775390625,20047.1171875,44484916,0.0,0.0
2021-06-22 00:00:00+07:00,23199.775390625,23304.4375,22850.90625,23025.341796875,19896.38671875,46515192,0.0,0.0
2021-06-23 00:00:00+07:00,23723.080078125,24211.49609375,23688.19140625,24071.947265625,20800.767578125,87917575,0.0,0.0
2021-06-24 00:00:00+07:00,24246.3828125,24281.26953125,23862.626953125,23932.400390625,20680.18359375,38401827,0.0,0.0
2021-06-25 00:00:00+07:00,23897.513671875,24071.947265625,23688.19140625,23792.853515625,20559.599609375,31704181,0.0,0.0
2021-06-28 00:00:00+07:00,23862.626953125,23862.626953125,23618.41796875,23723.080078125,20499.310546875,49536385,0.0,0.0
2021-06-29 00:00:00+07:00,23723.080078125,23792.853515625,23304.4375,23339.32421875,20167.703125,44988544,0.0,0.0
2021-06-30 00:00:00+07:00,23374.2109375,23723.080078125,23374.2109375,23618.41796875,20408.87109375,44191396,0.0,0.0
2021-07-01 00:00:00+07:00,23792.853515625,24595.251953125,23583.53125,24560.36328125,21222.810546875,88608666,0.0,0.0
2021-07-02 00:00:00+07:00,25048.78125,25188.328125,24595.251953125,25153.44140625,21735.296875,91417171,0.0,0.0
2021-07-05 00:00:00+07:00,25153.44140625,25153.44140625,25153.44140625,25153.44140625,21735.296875,0,0.0,0.0
2021-07-06 00:00:00+07:00,25153.44140625,25153.44140625,25153.44140625,25153.44140625,21735.296875,0,0.0,0.0
2021-07-07 00:00:00+07:00,25153.44140625,25153.44140625,25153.44140625,25153.44140625,21735.296875,0,0.0,0.0
2021-07-08 00:00:00+07:00,25153.44140625,25153.44140625,25153.44140625,25153.44140625,21735.296875,0,0.0,0.0
2021-07-09 00:00:00+07:00,23967.287109375,24525.4765625,23374.2109375,24002.173828125,20740.4765625,60781013,0.0,0.0
2021-07-12 00:00:00+07:00,24002.173828125,24002.173828125,24002.173828125,24002.173828125,20740.4765625,0,0.0,0.0
2021-07-13 00:00:00+07:00,22467.15234375,22676.47265625,21560.091796875,22327.603515625,19293.46484375,51090265,0.0,0.0
2021-07-14 00:00:00+07:00,22327.603515625,22327.603515625,22327.603515625,22327.603515625,19293.46484375,0,0.0,0.0
2021-07-15 00:00:00+07:00,21490.318359375,22920.681640625,21280.998046875,22327.603515625,19293.46484375,50944078,0.0,0.0
2021-07-16 00:00:00+07:00,22327.603515625,22327.603515625,22327.603515625,22327.603515625,19293.46484375,0,0.0,0.0
2021-07-19 00:00:00+07:00,21769.4140625,21978.734375,20932.12890625,20932.12890625,18087.625,48765609,0.0,0.0
2021-07-20 00:00:00+07:00,20932.12890625,21280.998046875,20408.826171875,21141.44921875,18268.5,33401954,0.0,0.0
2021-07-21 00:00:00+07:00,21280.998046875,21525.205078125,21036.7890625,21036.7890625,18178.064453125,22295200,0.0,0.0
2021-07-22 00:00:00+07:00,21036.7890625,21385.658203125,20827.46875,21211.224609375,18328.79296875,19022910,0.0,0.0
2021-07-23 00:00:00+07:00,21176.3359375,21280.998046875,20408.826171875,20408.826171875,17635.435546875,32035824,0.0,0.0
2021-07-26 00:00:00+07:00,20234.390625,20373.939453125,19711.087890625,19780.861328125,17092.8046875,26765935,0.0,0.0
2021-07-27 00:00:00+07:00,20164.6171875,20339.05078125,19745.974609375,19885.521484375,17183.2421875,36999868,0.0,0.0
2021-07-28 00:00:00+07:00,19745.974609375,19920.408203125,19641.314453125,19641.314453125,16972.220703125,13282070,0.0,0.0
2021-07-29 00:00:00+07:00,20234.390625,20304.1640625,19885.521484375,20129.73046875,17394.265625,24632755,0.0,0.0
2021-07-30 00:00:00+07:00,20234.390625,21280.998046875,20129.73046875,21280.998046875,18389.087890625,44823439,0.0,0.0
2021-08-02 00:00:00+07:00,21455.431640625,21455.431640625,21071.67578125,21071.67578125,18208.208984375,21716472,0.0,0.0
2021-08-03 00:00:00+07:00,21001.90234375,21246.111328125,21001.90234375,21211.224609375,18328.79296875,24909650,0.0,0.0
2021-08-04 00:00:00+07:00,21211.224609375,21211.224609375,21211.224609375,21211.224609375,18328.79296875,0,0.0,0.0
2021-08-05 00:00:00+07:00,21141.44921875,21560.091796875,21036.7890625,21560.091796875,18630.25390625,23075722,0.0,0.0
2021-08-06 00:00:00+07:00,21455.431640625,21629.8671875,21141.44921875,21141.44921875,18268.5,34227479,0.0,0.0
2021-08-09 00:00:00+07:00,20932.12890625,21385.658203125,20932.12890625,21280.998046875,18389.087890625,25392926,0.0,0.0
2021-08-10 00:00:00+07:00,21280.998046875,21280.998046875,21280.998046875,21280.998046875,18389.087890625,0,0.0,0.0
2021-08-11 00:00:00+07:00,21176.3359375,21594.978515625,21106.5625,21350.771484375,18449.376953125,38625120,0.0,0.0
2021-08-12 00:00:00+07:00,21420.544921875,21839.1875,21385.658203125,21594.978515625,18660.400390625,28342459,0.0,0.0
2021-08-13 00:00:00+07:00,21978.734375,22188.056640625,21874.07421875,22188.056640625,19172.8828125,43358132,0.0,0.0
2021-08-16 00:00:00+07:00,22327.603515625,23304.4375,22292.716796875,22885.794921875,19775.802734375,44829745,0.0,0.0
2021-08-17 00:00:00+07:00,22885.794921875,22885.794921875,22885.794921875,22885.794921875,19775.802734375,0,0.0,0.0
2021-08-18 00:00:00+07:00,22676.47265625,22711.359375,22188.056640625,22327.603515625,19293.46484375,40337512,0.0,0.0
2021-08-19 00:00:00+07:00,22257.830078125,22536.92578125,22013.62109375,22536.92578125,19474.341796875,34647121,0.0,0.0
2021-08-20 00:00:00+07:00,22362.490234375,22397.376953125,21280.998046875,21804.30078125,18841.275390625,45699126,0.0,0.0
2021-08-23 00:00:00+07:00,21629.8671875,21769.4140625,21141.44921875,21141.44921875,18268.5,26258007,0.0,0.0
2021-08-24 00:00:00+07:00,21246.111328125,21664.75390625,21071.67578125,21280.998046875,18389.087890625,23921312,0.0,0.0
2021-08-25 00:00:00+07:00,21455.431640625,21525.205078125,21211.224609375,21420.544921875,18509.66796875,10531465,0.0,0.0
2021-08-26 00:00:00+07:00,21560.091796875,21629.8671875,21176.3359375,21211.224609375,18328.79296875,11975848,0.0,0.0
2021-08-27 00:00:00+07:00,21001.90234375,21350.771484375,20862.35546875,21350.771484375,18449.376953125,18447622,0.0,0.0
2021-08-30 00:00:00+07:00,21594.978515625,21629.8671875,21315.884765625,21490.318359375,18569.9609375,11711852,0.0,0.0
2021-08-31 00:00:00+07:00,21525.205078125,21664.75390625,21420.544921875,21490.318359375,18569.9609375,15351902,0.0,0.0
2021-09-01 00:00:00+07:00,21350.771484375,21629.8671875,21176.3359375,21455.431640625,18539.814453125,18801336,0.0,0.0
2021-09-02 00:00:00+07:00,21455.431640625,21455.431640625,21455.431640625,21455.431640625,18539.814453125,0,0.0,0.0
2021-09-03 00:00:00+07:00,21455.431640625,21455.431640625,21455.431640625,21455.431640625,18539.814453125,0,0.0,0.0
2021-09-06 00:00:00+07:00,21525.205078125,21560.091796875,21246.111328125,21315.884765625,18419.232421875,13269744,0.0,0.0
2021-09-07 00:00:00+07:00,21350.771484375,22257.830078125,21350.771484375,22153.169921875,19142.73828125,30144569,0.0,0.0
2021-09-08 00:00:00+07:00,22153.169921875,22153.169921875,22153.169921875,22153.169921875,19142.73828125,0,0.0,0.0
2021-09-09 00:00:00+07:00,21629.8671875,22153.169921875,21629.8671875,22118.283203125,19112.591796875,17675698,0.0,0.0
2021-09-10 00:00:00+07:00,22188.056640625,22816.01953125,22188.056640625,22536.92578125,19474.341796875,29349427,0.0,0.0
2021-09-13 00:00:00+07:00,22676.47265625,23025.341796875,22571.8125,22606.69921875,19534.634765625,21348712,0.0,0.0
2021-09-14 00:00:00+07:00,22606.69921875,22606.69921875,22222.943359375,22292.716796875,19263.3203125,17697770,0.0,0.0
2021-09-15 00:00:00+07:00,22048.509765625,22362.490234375,22013.62109375,22292.716796875,19263.3203125,11904188,0.0,0.0
2021-09-16 00:00:00+07:00,22432.263671875,22676.47265625,22397.376953125,22676.47265625,19594.927734375,13473259,0.0,0.0
2021-09-17 00:00:00+07:00,22850.90625,23513.7578125,22816.01953125,23374.2109375,20197.84765625,37451040,0.0,0.0
2021-09-20 00:00:00+07:00,23897.513671875,24002.173828125,23409.09765625,23548.64453125,20348.578125,23278951,0.0,0.0
2021-09-21 00:00:00+07:00,23548.64453125,23548.64453125,23548.64453125,23548.64453125,20348.578125,0,0.0,0.0
2021-09-22 00:00:00+07:00,23548.64453125,23548.64453125,23548.64453125,23548.64453125,20348.578125,0,0.0,0.0
2021-09-23 00:00:00+07:00,23234.662109375,23583.53125,23130.001953125,23374.2109375,20197.84765625,14814164,0.0,0.0
2021-09-24 00:00:00+07:00,23374.2109375,23478.87109375,23374.2109375,23374.2109375,20197.84765625,1231494439,0.0,0.0
2021-09-27 00:00:00+07:00,23339.32421875,23827.740234375,23304.4375,23374.2109375,20197.84765625,27289627,0.0,0.0
2021-09-28 00:00:00+07:00,23374.2109375,23374.2109375,22850.90625,23304.4375,20137.556640625,19949906,0.0,0.0
2021-09-29 00:00:00+07:00,23234.662109375,23234.662109375,22885.794921875,23025.341796875,19896.38671875,18945230,0.0,0.0
2021-09-30 00:00:00+07:00,23095.115234375,23199.775390625,22816.01953125,22990.455078125,19866.2421875,19627148,0.0,0.0
2021-10-01 00:00:00+07:00,22885.794921875,22920.681640625,22222.943359375,22292.716796875,19263.3203125,25581822,0.0,0.0
2021-10-04 00:00:00+07:00,22257.830078125,22292.716796875,21525.205078125,21978.734375,18992.00390625,9539,0.0,0.0
2021-10-05 00:00:00+07:00,21943.84765625,21978.734375,21769.4140625,21839.1875,18871.423828125,25660648,0.0,0.0
2021-10-06 00:00:00+07:00,21839.1875,21839.1875,21839.1875,21839.1875,18871.423828125,0,0.0,0.0
2021-10-07 00:00:00+07:00,23466.666015625,23933.333984375,23266.666015625,23766.666015625,20536.970703125,18672300,0.0,1.910938
2021-10-08 00:00:00+07:00,23833.333984375,24000.0,23533.333984375,23933.333984375,20680.990234375,10327950,0.0,0.0
2021-10-11 00:00:00+07:00,23933.333984375,23933.333984375,23933.333984375,23933.333984375,20680.990234375,0,0.0,0.0
2021-10-12 00:00:00+07:00,24533.333984375,24666.666015625,24166.666015625,24466.666015625,21141.845703125,9623250,0.0,0.0
2021-10-13 00:00:00+07:00,24400.0,24600.0,24200.0,24566.666015625,21228.255859375,8458350,0.0,0.0
2021-10-14 00:00:00+07:00,24566.666015625,24566.666015625,24566.666015625,24566.666015625,21228.255859375,0,0.0,0.0
2021-10-15 00:00:00+07:00,24633.333984375,25066.666015625,24566.666015625,25000.0,21602.705078125,17390100,0.0,0.0
2021-10-18 00:00:00+07:00,25000.0,25000.0,25000.0,25000.0,21602.705078125,0,0.0,0.0
2021-10-19 00:00:00+07:00,25700.0,25766.666015625,25433.333984375,25666.666015625,22178.77734375,15157950,0.0,0.0
2021-10-20 00:00:00+07:00,25633.333984375,25866.666015625,25166.666015625,25533.333984375,22063.564453125,12610650,0.0,0.0
2021-10-21 00:00:00+07:00,25533.333984375,25666.666015625,25033.333984375,25033.333984375,21631.509765625,13495200,0.0,0.0
2021-10-22 00:00:00+07:00,25166.666015625,25266.666015625,24800.0,24800.0,21429.8828125,10418850,0.0,0.0
2021-10-25 00:00:00+07:00,24800.0,24800.0,24800.0,24800.0,21429.8828125,0,0.0,0.0
2021-10-26 00:00:00+07:00,24433.333984375,24700.0,24133.333984375,24700.0,21343.47265625,8560800,0.0,0.0
2021-10-27 00:00:00+07:00,25000.0,25433.333984375,24700.0,25300.0,21861.939453125,10157850,0.0,0.0
2021-10-28 00:00:00+07:00,25633.333984375,25733.333984375,25300.0,25733.333984375,22236.38671875,16000050,0.0,0.0
2021-10-29 00:00:00+07:00,25800.0,26000.0,25266.666015625,25366.666015625,21919.54296875,11776050,0.0,0.0
2021-11-01 00:00:00+07:00,25366.666015625,25366.666015625,25366.666015625,25366.666015625,21919.54296875,0,0.0,0.0
2021-11-02 00:00:00+07:00,24933.333984375,25033.333984375,24900.0,25133.333984375,21717.919921875,8536500,0.0,0.0
2021-11-03 00:00:00+07:00,25000.0,26000.0,25000.0,25600.0,22121.169921875,26433300,0.0,0.0
2021-11-04 00:00:00+07:00,25700.0,25700.0,25266.666015625,25333.333984375,21890.7421875,6869250,0.0,0.0
2021-11-05 00:00:00+07:00,25333.333984375,25633.333984375,25233.333984375,25300.0,21861.939453125,6577050,0.0,0.0
2021-11-08 00:00:00+07:00,25466.666015625,25466.666015625,25000.0,25033.333984375,21631.509765625,12098400,0.0,0.0
2021-11-09 00:00:00+07:00,25066.666015625,25133.333984375,24700.0,24700.0,21343.47265625,15206850,0.0,0.0
2021-11-10 00:00:00+07:00,24733.333984375,24800.0,24400.0,24466.666015625,21141.845703125,9415800,0.0,0.0
2021-11-11 00:00:00+07:00,24466.666015625,24700.0,23700.0,24333.333984375,21026.6328125,13803900,0.0,0.0
2021-11-12 00:00:00+07:00,24333.333984375,24666.666015625,23966.666015625,24500.0,21170.65234375,10422750,0.0,0.0
2021-11-15 00:00:00+07:00,24400.0,24433.333984375,24033.333984375,24100.0,20825.0078125,15141600,0.0,0.0
2021-11-16 00:00:00+07:00,24100.0,24666.666015625,23933.333984375,24100.0,20825.0078125,13641600,0.0,0.0
2021-11-17 00:00:00+07:00,24166.666015625,24333.333984375,23900.0,24100.0,20825.0078125,17919000,0.0,0.0
2021-11-18 00:00:00+07:00,24000.0,24133.333984375,23600.0,23600.0,20392.955078125,18216450,0.0,0.0
2021-11-19 00:00:00+07:00,23666.666015625,24533.333984375,23233.333984375,24133.333984375,20853.8125,29376000,0.0,0.0
2021-11-22 00:00:00+07:00,24133.333984375,25100.0,23933.333984375,24466.666015625,21141.845703125,25579200,0.0,0.0
2021-11-23 00:00:00+07:00,24600.0,24733.333984375,24066.666015625,24166.666015625,20882.615234375,11292150,0.0,0.0
2021-11-24 00:00:00+07:00,24166.666015625,25066.666015625,23933.333984375,24866.666015625,21487.490234375,53975700,0.0,0.0
2021-11-25 00:00:00+07:00,25233.333984375,25666.666015625,24933.333984375,25333.333984375,21890.7421875,48728100,0.0,0.0
2021-11-26 00:00:00+07:00,25600.0,26333.333984375,25466.666015625,26133.333984375,22582.029296875,67123650,0.0,0.0
2021-11-29 00:00:00+07:00,25733.333984375,25933.333984375,25333.333984375,25600.0,22121.169921875,38247300,0.0,0.0
2021-11-30 00:00:00+07:00,25866.666015625,25933.333984375,24866.666015625,25133.333984375,21717.919921875,30733350,0.0,0.0
2021-12-01 00:00:00+07:00,25000.0,25266.666015625,24633.333984375,25266.666015625,21833.1328125,28669650,0.0,0.0
2021-12-02 00:00:00+07:00,25266.666015625,25300.0,24666.666015625,24666.666015625,21314.669921875,15629100,0.0,0.0
2021-12-03 00:00:00+07:00,24866.666015625,25033.333984375,23533.333984375,23800.0,20565.775390625,34852350,0.0,0.0
2021-12-06 00:00:00+07:00,23833.333984375,24033.333984375,22666.666015625,23666.666015625,20450.55859375,32016000,0.0,0.0
2021-12-07 00:00:00+07:00,23800.0,24033.333984375,23233.333984375,23766.666015625,20536.970703125,23041650,0.0,0.0
2021-12-08 00:00:00+07:00,23800.0,24266.666015625,23333.333984375,23833.333984375,20594.58203125,24737550,0.0,0.0
2021-12-09 00:00:00+07:00,23600.0,23966.666015625,23600.0,23733.333984375,20508.169921875,19444500,0.0,0.0
2021-12-10 00:00:00+07:00,23833.333984375,24133.333984375,23700.0,23866.666015625,20623.3828125,22914600,0.0,0.0
2021-12-13 00:00:00+07:00,24000.0,24066.666015625,23533.333984375,23600.0,20392.955078125,17354700,0.0,0.0
2021-12-14 00:00:00+07:00,23600.0,23866.666015625,23333.333984375,23333.333984375,20162.525390625,24132900,0.0,0.0
2021-12-15 00:00:00+07:00,23333.333984375,23400.0,22966.666015625,23100.0,19960.900390625,37458150,0.0,0.0
2021-12-16 00:00:00+07:00,23333.333984375,23333.333984375,22333.333984375,22466.666015625,19413.6328125,56214750,0.0,0.0
2021-12-17 00:00:00+07:00,22600.0,22933.333984375,22466.666015625,22533.333984375,19471.23828125,41414850,0.0,0.0
2021-12-20 00:00:00+07:00,22866.666015625,23300.0,22533.333984375,22766.666015625,19672.86328125,33886200,0.0,0.0
2021-12-21 00:00:00+07:00,22666.666015625,23000.0,22666.666015625,22766.666015625,19672.86328125,17524950,0.0,0.0
2021-12-22 00:00:00+07:00,22800.0,22933.333984375,22400.0,22400.0,19356.025390625,30016500,0.0,0.0
2021-12-23 00:00:00+07:00,22400.0,22600.0,21533.333984375,21600.0,18664.73828125,27228300,0.0,0.0
2021-12-24 00:00:00+07:00,21800.0,22900.0,21666.666015625,22833.333984375,19730.47265625,19646400,0.0,0.0
2021-12-27 00:00:00+07:00,23033.333984375,23133.333984375,22666.666015625,22900.0,19788.078125,10703550,0.0,0.0
2021-12-28 00:00:00+07:00,23000.0,23033.333984375,22733.333984375,23033.333984375,19903.294921875,14803950,0.0,0.0
2021-12-29 00:00:00+07:00,23133.333984375,23466.666015625,23100.0,23166.666015625,20018.5078125,13249950,0.0,0.0
2021-12-30 00:00:00+07:00,23266.666015625,23700.0,23233.333984375,23600.0,20392.955078125,14293800,0.0,0.0
2021-12-31 00:00:00+07:00,23666.666015625,24133.333984375,23633.333984375,23866.666015625,20623.3828125,16842600,0.0,0.0
2022-01-03 00:00:00+07:00,23866.666015625,23866.666015625,23866.666015625,23866.666015625,20623.3828125,0,0.0,0.0
2022-01-04 00:00:00+07:00,24100.0,24233.333984375,24000.0,24033.333984375,20767.40234375,21461850,0.0,0.0
2022-01-05 00:00:00+07:00,24033.333984375,24100.0,23666.666015625,23666.666015625,20450.55859375,19893900,0.0,0.0
2022-01-06 00:00:00+07:00,23533.333984375,23666.666015625,23266.666015625,23433.333984375,20248.935546875,21517200,0.0,0.0
2022-01-07 00:00:00+07:00,23400.0,23433.333984375,23066.666015625,23066.666015625,19932.095703125,17994300,0.0,0.0
2022-01-10 00:00:00+07:00,23000.0,23400.0,22766.666015625,22933.333984375,19816.884765625,16574700,0.0,0.0
2022-01-11 00:00:00+07:00,22933.333984375,23200.0,22666.666015625,22866.666015625,19759.2734375,13968450,0.0,0.0
2022-01-12 00:00:00+07:00,22800.0,23633.333984375,22566.666015625,23600.0,20392.955078125,18138150,0.0,0.0
2022-01-13 00:00:00+07:00,23800.0,24166.666015625,23300.0,23500.0,20306.54296875,23784900,0.0,0.0
2022-01-14 00:00:00+07:00,23500.0,23600.0,23133.333984375,23233.333984375,20076.115234375,10368150,0.0,0.0
2022-01-17 00:00:00+07:00,23233.333984375,23400.0,22033.333984375,22033.333984375,19039.185546875,19138350,0.0,0.0
2022-01-18 00:00:00+07:00,22033.333984375,22600.0,22000.0,22166.666015625,19154.3984375,9514650,0.0,0.0
2022-01-19 00:00:00+07:00,22200.0,22633.333984375,22200.0,22333.333984375,19298.41796875,9773400,0.0,0.0
2022-01-20 00:00:00+07:00,22400.0,22633.333984375,22133.333984375,22633.333984375,19557.650390625,11635200,0.0,0.0
2022-01-21 00:00:00+07:00,22666.666015625,23166.666015625,22366.666015625,22866.666015625,19759.2734375,13690650,0.0,0.0
2022-01-24 00:00:00+07:00,22700.0,22900.0,22000.0,22300.0,19269.61328125,17997300,0.0,0.0
2022-01-25 00:00:00+07:00,22266.666015625,23266.666015625,22066.666015625,23266.666015625,20104.91796875,17550750,0.0,0.0
2022-01-26 00:00:00+07:00,23266.666015625,24233.333984375,23200.0,23933.333984375,20680.990234375,28207500,0.0,0.0
2022-01-27 00:00:00+07:00,23933.333984375,24433.333984375,23600.0,23633.333984375,20421.759765625,24626250,0.0,0.0
2022-01-28 00:00:00+07:00,23766.666015625,24466.666015625,23666.666015625,24433.333984375,21113.046875,36132900,0.0,0.0
2022-01-31 00:00:00+07:00,24433.333984375,24433.333984375,24433.333984375,24433.333984375,21113.046875,0,0.0,0.0
2022-02-01 00:00:00+07:00,24433.333984375,24433.333984375,24433.333984375,24433.333984375,21113.046875,0,0.0,0.0
2022-02-02 00:00:00+07:00,24433.333984375,24433.333984375,24433.333984375,24433.333984375,21113.046875,0,0.0,0.0
2022-02-03 00:00:00+07:00,24433.333984375,24433.333984375,24433.333984375,24433.333984375,21113.046875,0,0.0,0.0
2022-02-04 00:00:00+07:00,24433.333984375,24433.333984375,24433.333984375,24433.333984375,21113.046875,0,0.0,0.0
2022-02-07 00:00:00+07:00,24666.666015625,24800.0,24200.0,24200.0,20911.41796875,16849800,0.0,0.0
2022-02-08 00:00:00+07:00,24100.0,25266.666015625,24066.666015625,24866.666015625,21487.490234375,33448350,0.0,0.0
2022-02-09 00:00:00+07:00,25000.0,25333.333984375,24733.333984375,24733.333984375,21372.27734375,27062850,0.0,0.0
2022-02-10 00:00:00+07:00,24700.0,24833.333984375,24100.0,24466.666015625,21141.845703125,23062650,0.0,0.0
2022-02-11 00:00:00+07:00,24533.333984375,24800.0,24333.333984375,24400.0,21084.240234375,17688600,0.0,0.0
2022-02-14 00:00:00+07:00,24133.333984375,24300.0,23333.333984375,23333.333984375,20162.525390625,29958150,0.0,0.0
2022-02-15 00:00:00+07:00,23333.333984375,23333.333984375,23333.333984375,23333.333984375,20162.525390625,0,0.0,0.0
2022-02-16 00:00:00+07:00,24066.666015625,24266.666015625,23766.666015625,23766.666015625,20536.970703125,10366650,0.0,0.0
2022-02-17 00:00:00+07:00,23766.666015625,24200.0,23700.0,24200.0,20911.41796875,16415700,0.0,0.0
2022-02-18 00:00:00+07:00,23933.333984375,24000.0,23800.0,23933.333984375,20680.990234375,14540700,0.0,0.0
2022-02-21 00:00:00+07:00,23866.666015625,24100.0,23600.0,23933.333984375,20680.990234375,15255750,0.0,0.0
2022-02-22 00:00:00+07:00,23666.666015625,23933.333984375,23466.666015625,23700.0,20479.365234375,16038450,0.0,0.0
2022-02-23 00:00:00+07:00,23800.0,24100.0,23666.666015625,23933.333984375,20680.990234375,20465400,0.0,0.0
2022-02-24 00:00:00+07:00,23900.0,24800.0,23733.333984375,24600.0,21257.064453125,53595600,0.0,0.0
2022-02-25 00:00:00+07:00,24866.666015625,25866.666015625,24666.666015625,25466.666015625,22005.955078125,74069550,0.0,0.0
2022-02-28 00:00:00+07:00,25466.666015625,25800.0,25000.0,25333.333984375,21890.7421875,32003400,0.0,0.0
2022-03-01 00:00:00+07:00,25266.666015625,25466.666015625,24966.666015625,25166.666015625,21746.724609375,25304100,0.0,0.0
2022-03-02 00:00:00+07:00,24933.333984375,24933.333984375,24333.333984375,24333.333984375,21026.6328125,43642950,0.0,0.0
2022-03-03 00:00:00+07:00,24533.333984375,24966.666015625,24333.333984375,24966.666015625,21573.90234375,30217500,0.0,0.0
2022-03-04 00:00:00+07:00,25000.0,25966.666015625,24966.666015625,25400.0,21948.349609375,70869600,0.0,0.0
2022-03-07 00:00:00+07:00,25333.333984375,25533.333984375,24900.0,25133.333984375,21717.919921875,28885650,0.0,0.0
2022-03-08 00:00:00+07:00,25000.0,25133.333984375,24500.0,24666.666015625,21314.669921875,24404700,0.0,0.0
2022-03-09 00:00:00+07:00,24766.666015625,24833.333984375,24333.333984375,24566.666015625,21228.255859375,20632050,0.0,0.0
2022-03-10 00:00:00+07:00,25000.0,25033.333984375,24500.0,24500.0,21170.65234375,16467150,0.0,0.0
2022-03-11 00:00:00+07:00,24433.333984375,24700.0,24133.333984375,24266.666015625,20969.02734375,16269600,0.0,0.0
2022-03-14 00:00:00+07:00,24066.666015625,24200.0,23733.333984375,24000.0,20738.59765625,21284700,0.0,0.0
2022-03-15 00:00:00+07:00,24000.0,24633.333984375,24000.0,24600.0,21257.064453125,17439150,0.0,0.0
2022-03-16 00:00:00+07:00,24666.666015625,24833.333984375,24533.333984375,24533.333984375,21199.45703125,12866250,0.0,0.0
2022-03-17 00:00:00+07:00,24633.333984375,24733.333984375,24300.0,24300.0,20997.830078125,12367500,0.0,0.0
2022-03-18 00:00:00+07:00,24366.666015625,24466.666015625,24133.333984375,24166.666015625,20882.615234375,14202600,0.0,0.0
2022-03-21 00:00:00+07:00,24333.333984375,24600.0,24066.666015625,24533.333984375,21199.45703125,9870000,0.0,0.0
2022-03-22 00:00:00+07:00,24533.333984375,25066.666015625,24533.333984375,24566.666015625,21228.255859375,15695400,0.0,0.0
2022-03-23 00:00:00+07:00,24700.0,24700.0,24433.333984375,24433.333984375,21113.046875,13929150,0.0,0.0
2022-03-24 00:00:00+07:00,24433.333984375,24466.666015625,24233.333984375,24233.333984375,20940.22265625,19009500,0.0,0.0
2022-03-25 00:00:00+07:00,24233.333984375,24600.0,24200.0,24500.0,21170.65234375,14401200,0.0,0.0
2022-03-28 00:00:00+07:00,24433.333984375,24433.333984375,24000.0,24166.666015625,20882.615234375,18345300,0.0,0.0
2022-03-29 00:00:00+07:00,24166.666015625,24333.333984375,24166.666015625,24266.666015625,20969.02734375,11134950,0.0,0.0
2022-03-30 00:00:00+07:00,24200.0,24966.666015625,24133.333984375,24533.333984375,21199.45703125,24933600,0.0,0.0
2022-03-31 00:00:00+07:00,24600.0,25000.0,24533.333984375,24800.0,21429.8828125,13743450,0.0,0.0
2022-04-01 00:00:00+07:00,24733.333984375,25733.333984375,24666.666015625,25733.333984375,22236.38671875,55286850,0.0,0.0
2022-04-04 00:00:00+07:00,26400.0,26600.0,25933.333984375,26000.0,22466.8125,36755550,0.0,0.0
2022-04-05 00:00:00+07:00,25800.0,26133.333984375,25433.333984375,25533.333984375,22063.564453125,23659050,0.0,0.0
2022-04-06 00:00:00+07:00,25400.0,26800.0,25233.333984375,26633.333984375,23014.083984375,61602750,0.0,0.0
2022-04-07 00:00:00+07:00,26733.333984375,27366.666015625,26533.333984375,26533.333984375,22927.671875,47375700,0.0,0.0
2022-04-08 00:00:00+07:00,26533.333984375,26700.0,25866.666015625,25866.666015625,22351.6015625,35994900,0.0,0.0
2022-04-11 00:00:00+07:00,25866.666015625,25866.666015625,25866.666015625,25866.666015625,22351.6015625,0,0.0,0.0
2022-04-12 00:00:00+07:00,26066.666015625,26800.0,26000.0,26000.0,22466.8125,37805850,0.0,0.0
2022-04-13 00:00:00+07:00,26266.666015625,26300.0,25333.333984375,26000.0,22466.8125,37905150,0.0,0.0
2022-04-14 00:00:00+07:00,26000.0,27066.666015625,25933.333984375,26333.333984375,22754.8515625,35063550,0.0,0.0
2022-04-15 00:00:00+07:00,26200.0,26466.666015625,25133.333984375,25666.666015625,22178.77734375,44658150,0.0,0.0
2022-04-18 00:00:00+07:00,25666.666015625,25733.333984375,24433.333984375,24433.333984375,21113.046875,43134000,0.0,0.0
2022-04-19 00:00:00+07:00,24566.666015625,24966.666015625,23800.0,23866.666015625,20623.3828125,36181050,0.0,0.0
2022-04-20 00:00:00+07:00,23666.666015625,24166.666015625,23466.666015625,23466.666015625,20277.7421875,32001900,0.0,0.0
2022-04-21 00:00:00+07:00,23400.0,24333.333984375,23000.0,23666.666015625,20450.55859375,28379100,0.0,0.0
2022-04-22 00:00:00+07:00,24133.333984375,24800.0,23600.0,24533.333984375,21199.45703125,34057950,0.0,0.0
2022-04-25 00:00:00+07:00,24433.333984375,24633.333984375,22833.333984375,22833.333984375,19730.47265625,49109400,0.0,0.0
2022-04-26 00:00:00+07:00,22400.0,24400.0,22066.666015625,24266.666015625,20969.02734375,33969150,0.0,0.0
2022-04-27 00:00:00+07:00,24000.0,24300.0,23600.0,23966.666015625,20709.79296875,18704850,0.0,0.0
2022-04-28 00:00:00+07:00,24066.666015625,24466.666015625,23900.0,24333.333984375,21026.6328125,16688700,0.0,0.0
2022-04-29 00:00:00+07:00,24333.333984375,24600.0,24200.0,24466.666015625,21141.845703125,19879500,0.0,0.0
2022-05-02 00:00:00+07:00,24466.666015625,24466.666015625,24466.666015625,24466.666015625,21141.845703125,0,0.0,0.0
2022-05-03 00:00:00+07:00,24466.666015625,24466.666015625,24466.666015625,24466.666015625,21141.845703125,0,0.0,0.0
2022-05-04 00:00:00+07:00,24500.0,24500.0,23866.666015625,23866.666015625,20623.3828125,18026700,0.0,0.0
2022-05-05 00:00:00+07:00,24233.333984375,24233.333984375,23166.666015625,23700.0,20479.365234375,15937800,0.0,0.0
2022-05-06 00:00:00+07:00,23333.333984375,23433.333984375,22766.666015625,22766.666015625,19672.86328125,19184250,0.0,0.0
2022-05-09 00:00:00+07:00,22466.666015625,22633.333984375,21200.0,21200.0,18319.095703125,35896800,0.0,0.0
2022-05-10 00:00:00+07:00,20766.666015625,22200.0,20766.666015625,22200.0,19183.203125,22636500,0.0,0.0
2022-05-11 00:00:00+07:00,22200.0,22600.0,21700.0,22266.666015625,19240.80859375,11420400,0.0,0.0
2022-05-12 00:00:00+07:00,21966.666015625,22000.0,20733.333984375,20733.333984375,17915.84375,26857050,0.0,0.0
2022-05-13 00:00:00+07:00,20800.0,21066.666015625,19333.333984375,19333.333984375,16706.091796875,30700200,0.0,0.0
2022-05-16 00:00:00+07:00,20000.0,20366.666015625,19333.333984375,19333.333984375,16706.091796875,18401700,0.0,0.0
2022-05-17 00:00:00+07:00,19333.333984375,20666.666015625,19300.0,20666.666015625,17858.236328125,15581850,0.0,0.0
2022-05-18 00:00:00+07:00,21000.0,21433.333984375,20466.666015625,20633.333984375,17829.43359375,17815800,0.0,0.0
2022-05-19 00:00:00+07:00,20066.666015625,20600.0,19966.666015625,20300.0,17541.3984375,13786200,0.0,0.0
2022-05-20 00:00:00+07:00,20400.0,20633.333984375,20200.0,20400.0,17627.806640625,11123250,0.0,0.0
2022-05-23 00:00:00+07:00,20533.333984375,20533.333984375,19466.666015625,19533.333984375,16878.916015625,16576050,0.0,0.0
2022-05-24 00:00:00+07:00,19733.333984375,20133.333984375,19466.666015625,20000.0,17282.166015625,14838000,0.0,0.0
2022-05-25 00:00:00+07:00,20233.333984375,21000.0,20133.333984375,21000.0,18146.271484375,19259250,0.0,0.0
2022-05-26 00:00:00+07:00,21133.333984375,21166.666015625,20700.0,20700.0,17887.041015625,12941100,0.0,0.0
2022-05-27 00:00:00+07:00,20733.333984375,20866.666015625,20500.0,20733.333984375,17915.84375,15838050,0.0,0.0
2022-05-30 00:00:00+07:00,20966.666015625,21066.666015625,20700.0,21066.666015625,18203.87890625,17781000,0.0,0.0
2022-05-31 00:00:00+07:00,21000.0,21066.666015625,20533.333984375,20666.666015625,17858.236328125,15427200,0.0,0.0
2022-06-01 00:00:00+07:00,20600.0,20800.0,20266.666015625,20566.666015625,17771.82421875,15043950,0.0,0.0
2022-06-02 00:00:00+07:00,20566.666015625,20566.666015625,20566.666015625,20566.666015625,17771.82421875,0,0.0,0.0
2022-06-03 00:00:00+07:00,20133.333984375,20500.0,20100.0,20500.0,17714.216796875,10686450,0.0,0.0
2022-06-06 00:00:00+07:00,20466.666015625,20800.0,20233.333984375,20400.0,17627.806640625,11554650,0.0,0.0
2022-06-07 00:00:00+07:00,20366.666015625,20466.666015625,19866.666015625,20300.0,17541.3984375,11736900,0.0,0.0
2022-06-08 00:00:00+07:00,20400.0,21300.0,20166.666015625,21200.0,18319.095703125,28520850,0.0,0.0
2022-06-09 00:00:00+07:00,21266.666015625,21300.0,21000.0,21000.0,18146.271484375,14104350,0.0,0.0
2022-06-10 00:00:00+07:00,20866.666015625,21166.666015625,20600.0,20600.0,17800.62890625,14484450,0.0,0.0
2022-06-13 00:00:00+07:00,20000.0,20300.0,19166.666015625,19166.666015625,16562.07421875,31440750,0.0,0.0
2022-06-14 00:00:00+07:00,18800.0,19466.666015625,18800.0,19233.333984375,16619.681640625,17275500,0.0,0.0
2022-06-15 00:00:00+07:00,19233.333984375,19600.0,18400.0,19233.333984375,16619.681640625,19265700,0.0,0.0
2022-06-16 00:00:00+07:00,19466.666015625,19600.0,19300.0,19333.333984375,16706.091796875,7878600,0.0,0.0
2022-06-17 00:00:00+07:00,18866.666015625,19000.0,18200.0,18600.0,16072.4130859375,18821100,0.0,0.0
2022-06-20 00:00:00+07:00,18600.0,18666.666015625,17666.666015625,18066.666015625,15611.556640625,14788950,0.0,0.0
2022-06-21 00:00:00+07:00,18233.333984375,18633.333984375,17866.666015625,18133.333984375,15669.1630859375,10805700,0.0,0.0
2022-06-22 00:00:00+07:00,18566.666015625,19300.0,18333.333984375,18933.333984375,16360.4501953125,10582350,0.0,0.0
2022-06-23 00:00:00+07:00,18666.666015625,19033.333984375,18633.333984375,18966.666015625,16389.251953125,7132350,0.0,0.0
2022-06-24 00:00:00+07:00,18866.666015625,19166.666015625,18766.666015625,18766.666015625,16216.431640625,5410950,0.0,0.0
2022-06-27 00:00:00+07:00,18866.666015625,19400.0,18833.333984375,19266.666015625,16648.484375,8809200,0.0,0.0
2022-06-28 00:00:00+07:00,19000.0,20233.333984375,19000.0,20000.0,17282.166015625,18268650,0.0,0.0
2022-06-29 00:00:00+07:00,19733.333984375,20166.666015625,19666.666015625,20000.0,17282.166015625,12583350,0.0,0.0
2022-06-30 00:00:00+07:00,19933.333984375,20133.333984375,19333.333984375,19333.333984375,16706.091796875,11820600,0.0,0.0
2022-07-01 00:00:00+07:00,19400.0,19566.666015625,18733.333984375,19400.0,16763.701171875,10543350,0.0,0.0
2022-07-04 00:00:00+07:00,19466.666015625,19666.666015625,19233.333984375,19466.666015625,16821.306640625,13272900,0.0,0.0
2022-07-05 00:00:00+07:00,19500.0,19900.0,19466.666015625,19666.666015625,16994.12890625,17112750,0.0,0.0
2022-07-06 00:00:00+07:00,19533.333984375,19700.0,19200.0,19200.0,16590.87890625,8384250,0.0,0.0
2022-07-07 00:00:00+07:00,19233.333984375,19366.666015625,18966.666015625,19266.666015625,16648.484375,11782650,0.0,0.0
2022-07-08 00:00:00+07:00,19333.333984375,19433.333984375,19033.333984375,19066.666015625,16475.6640625,11010600,0.0,0.0
2022-07-11 00:00:00+07:00,18933.333984375,19000.0,18333.333984375,18333.333984375,15841.986328125,12711600,0.0,0.0
2022-07-12 00:00:00+07:00,18333.333984375,18333.333984375,18333.333984375,18333.333984375,15841.986328125,0,0.0,0.0
2022-07-13 00:00:00+07:00,18533.333984375,18800.0,18366.666015625,18500.0,15986.0029296875,15802950,0.0,0.0
2022-07-14 00:00:00+07:00,18433.333984375,18733.333984375,18333.333984375,18700.0,16158.8251953125,14691450,0.0,0.0
2022-07-15 00:00:00+07:00,18733.333984375,18900.0,18700.0,18833.333984375,16274.0380859375,13098300,0.0,0.0
2022-07-18 00:00:00+07:00,19000.0,19100.0,18766.666015625,18766.666015625,16216.431640625,11306100,0.0,0.0
2022-07-19 00:00:00+07:00,18766.666015625,18766.666015625,18500.0,18666.666015625,16130.01953125,9350850,0.0,0.0
2022-07-20 00:00:00+07:00,18866.666015625,18966.666015625,18733.333984375,18766.666015625,16216.431640625,14547450,0.0,0.0
2022-07-21 00:00:00+07:00,18800.0,18900.0,18666.666015625,18800.0,16245.2353515625,13888200,0.0,0.0
2022-07-22 00:00:00+07:00,18866.666015625,19000.0,18733.333984375,18766.666015625,16216.431640625,10906050,0.0,0.0
2022-07-25 00:00:00+07:00,18766.666015625,18766.666015625,18433.333984375,18433.333984375,15928.39453125,11720700,0.0,0.0
2022-07-26 00:00:00+07:00,18400.0,18700.0,18366.666015625,18466.666015625,15957.2001953125,11128350,0.0,0.0
2022-07-27 00:00:00+07:00,18400.0,18500.0,18300.0,18466.666015625,15957.2001953125,9593700,0.0,0.0
2022-07-28 00:00:00+07:00,18666.666015625,19200.0,18533.333984375,18933.333984375,16360.4501953125,28404450,0.0,0.0
2022-07-29 00:00:00+07:00,19000.0,19133.333984375,18866.666015625,19133.333984375,16533.271484375,19478100,0.0,0.0
2022-08-01 00:00:00+07:00,19133.333984375,19400.0,19033.333984375,19400.0,16763.701171875,19094100,0.0,0.0
2022-08-02 00:00:00+07:00,19533.333984375,19533.333984375,19166.666015625,19366.666015625,16734.89453125,17950500,0.0,0.0
2022-08-03 00:00:00+07:00,19233.333984375,19433.333984375,19100.0,19333.333984375,16706.091796875,19549650,0.0,0.0
2022-08-04 00:00:00+07:00,19500.0,19966.666015625,19366.666015625,19600.0,16936.521484375,27252600,0.0,0.0
2022-08-05 00:00:00+07:00,19600.0,19666.666015625,19300.0,19566.666015625,16907.716796875,18279150,0.0,0.0
2022-08-08 00:00:00+07:00,19600.0,20000.0,19466.666015625,20000.0,17282.166015625,25773900,0.0,0.0
2022-08-09 00:00:00+07:00,20133.333984375,20533.333984375,20000.0,20166.666015625,17426.181640625,30517350,0.0,0.0
2022-08-10 00:00:00+07:00,20200.0,20233.333984375,19966.666015625,20066.666015625,17339.771484375,16425150,0.0,0.0
2022-08-11 00:00:00+07:00,20266.666015625,20333.333984375,19733.333984375,19733.333984375,17051.736328125,22533900,0.0,0.0
2022-08-12 00:00:00+07:00,19766.666015625,19933.333984375,19600.0,19933.333984375,17224.556640625,13050750,0.0,0.0
2022-08-15 00:00:00+07:00,20133.333984375,20300.0,20000.0,20233.333984375,17483.791015625,16812450,0.0,0.0
2022-08-16 00:00:00+07:00,20233.333984375,20233.333984375,19966.666015625,20100.0,17368.576171875,15348450,0.0,0.0
2022-08-17 00:00:00+07:00,20133.333984375,20333.333984375,20033.333984375,20100.0,17368.576171875,15590400,0.0,0.0
2022-08-18 00:00:00+07:00,20200.0,20233.333984375,19966.666015625,20033.333984375,17310.966796875,17776650,0.0,0.0
2022-08-19 00:00:00+07:00,20133.333984375,21200.0,20033.333984375,20833.333984375,18002.25390625,47664600,0.0,0.0
2022-08-22 00:00:00+07:00,20833.333984375,21066.666015625,20633.333984375,20833.333984375,18002.25390625,20098200,0.0,0.0
2022-08-23 00:00:00+07:00,20533.333984375,20800.0,20333.333984375,20800.0,17973.451171875,13274400,0.0,0.0
2022-08-24 00:00:00+07:00,20800.0,21066.666015625,20700.0,20933.333984375,18088.666015625,19132200,0.0,0.0
2022-08-25 00:00:00+07:00,21033.333984375,21566.666015625,21033.333984375,21300.0,18405.50390625,26184000,0.0,0.0
2022-08-26 00:00:00+07:00,21466.666015625,21733.333984375,20866.666015625,21066.666015625,18203.87890625,22696800,0.0,0.0
2022-08-29 00:00:00+07:00,20666.666015625,21000.0,20400.0,20800.0,17973.451171875,26955300,0.0,0.0
2022-08-30 00:00:00+07:00,20933.333984375,21333.333984375,20800.0,20900.0,18059.86328125,13667100,0.0,0.0
2022-08-31 00:00:00+07:00,20966.666015625,21200.0,20766.666015625,21200.0,18319.095703125,12684600,0.0,0.0
2022-09-01 00:00:00+07:00,21200.0,21200.0,21200.0,21200.0,18319.095703125,0,0.0,0.0
2022-09-02 00:00:00+07:00,21200.0,21200.0,21200.0,21200.0,18319.095703125,0,0.0,0.0
2022-09-05 00:00:00+07:00,21133.333984375,21200.0,20833.333984375,20866.666015625,18031.05859375,17904600,0.0,0.0
2022-09-06 00:00:00+07:00,20866.666015625,21200.0,20766.666015625,20933.333984375,18088.666015625,17363250,0.0,0.0
2022-09-07 00:00:00+07:00,20933.333984375,20933.333984375,20200.0,20200.0,17454.98828125,27903000,0.0,0.0
2022-09-08 00:00:00+07:00,20233.333984375,20333.333984375,19933.333984375,19933.333984375,17224.556640625,15981450,0.0,0.0
2022-09-09 00:00:00+07:00,20166.666015625,20533.333984375,19933.333984375,20333.333984375,17570.201171875,26485200,0.0,0.0
2022-09-12 00:00:00+07:00,20466.666015625,20766.666015625,20266.666015625,20300.0,17541.3984375,11639100,0.0,0.0
2022-09-13 00:00:00+07:00,20300.0,20466.666015625,20233.333984375,20333.333984375,17570.201171875,10131150,0.0,0.0
2022-09-14 00:00:00+07:00,19866.666015625,20200.0,19866.666015625,20200.0,17454.98828125,22848900,0.0,0.0
2022-09-15 00:00:00+07:00,20300.0,20500.0,20200.0,20200.0,17454.98828125,13907700,0.0,0.0
2022-09-16 00:00:00+07:00,20266.666015625,20800.0,20266.666015625,20366.666015625,17599.00390625,25418550,0.0,0.0
2022-09-19 00:00:00+07:00,20466.666015625,20666.666015625,19866.666015625,19933.333984375,17224.556640625,22450800,0.0,0.0
2022-09-20 00:00:00+07:00,20133.333984375,20200.0,19666.666015625,20000.0,17282.166015625,18792600,0.0,0.0
2022-09-21 00:00:00+07:00,19866.666015625,20000.0,19400.0,19666.666015625,16994.12890625,18869250,0.0,0.0
2022-09-22 00:00:00+07:00,19466.666015625,19766.666015625,19266.666015625,19533.333984375,16878.916015625,12812100,0.0,0.0
2022-09-23 00:00:00+07:00,19566.666015625,19733.333984375,19133.333984375,19166.666015625,16562.07421875,14770950,0.0,0.0
2022-09-26 00:00:00+07:00,18866.666015625,18966.666015625,18033.333984375,18400.0,15899.591796875,26629950,0.0,0.0
2022-09-27 00:00:00+07:00,18533.333984375,18666.666015625,18100.0,18266.666015625,15784.3759765625,29153250,0.0,0.0
2022-09-28 00:00:00+07:00,18600.0,18750.0,18300.0,18500.0,15986.0029296875,10527500,0.0,1.5
2022-09-29 00:00:00+07:00,18750.0,18800.0,18000.0,18000.0,15553.947265625,5605100,0.0,0.0
2022-09-30 00:00:00+07:00,18200.0,18250.0,17100.0,18000.0,15553.947265625,15853300,0.0,0.0
2022-10-03 00:00:00+07:00,17850.0,17850.0,16750.0,17000.0,14689.83984375,24720900,0.0,0.0
2022-10-04 00:00:00+07:00,17200.0,17550.0,16000.0,16800.0,14517.0185546875,17447600,0.0,0.0
2022-10-05 00:00:00+07:00,17400.0,17450.0,16800.0,17000.0,14689.83984375,13912600,0.0,0.0
2022-10-06 00:00:00+07:00,17100.0,17100.0,15850.0,16500.0,14257.7861328125,13937100,0.0,0.0
2022-10-07 00:00:00+07:00,16000.0,16400.0,15350.0,15350.0,13264.0625,19180300,0.0,0.0
2022-10-10 00:00:00+07:00,14800.0,15900.0,14300.0,15350.0,13264.0625,14888700,0.0,0.0
2022-10-11 00:00:00+07:00,15000.0,15350.0,14300.0,15350.0,13264.0625,19258200,0.0,0.0
2022-10-12 00:00:00+07:00,15300.0,16200.0,15000.0,16000.0,13825.732421875,10409800,0.0,0.0
2022-10-13 00:00:00+07:00,16100.0,16200.0,15400.0,16000.0,13825.732421875,11415600,0.0,0.0
2022-10-14 00:00:00+07:00,16500.0,16500.0,16000.0,16150.0,13955.3486328125,8932700,0.0,0.0
2022-10-17 00:00:00+07:00,15800.0,16150.0,15300.0,15950.0,13782.5263671875,7432900,0.0,0.0
2022-10-18 00:00:00+07:00,16200.0,16350.0,15950.0,15950.0,13782.5263671875,7378800,0.0,0.0
2022-10-19 00:00:00+07:00,16100.0,16100.0,15700.0,15950.0,13782.5263671875,9833500,0.0,0.0
2022-10-20 00:00:00+07:00,15850.0,16150.0,15700.0,15950.0,13782.5263671875,8684100,0.0,0.0
2022-10-21 00:00:00+07:00,16000.0,16000.0,15100.0,15550.0,13436.8837890625,13706600,0.0,0.0
2022-10-24 00:00:00+07:00,15600.0,15650.0,14800.0,15400.0,13307.2666015625,10493200,0.0,0.0
2022-10-25 00:00:00+07:00,15250.0,16050.0,14900.0,15450.0,13350.4716796875,15262300,0.0,0.0
2022-10-26 00:00:00+07:00,15500.0,15750.0,15200.0,15550.0,13436.8837890625,7060400,0.0,0.0
2022-10-27 00:00:00+07:00,15500.0,16550.0,15050.0,16550.0,14300.9912109375,20959900,0.0,0.0
2022-10-28 00:00:00+07:00,16600.0,16900.0,16350.0,16350.0,14128.169921875,8111200,0.0,0.0
2022-10-31 00:00:00+07:00,16500.0,16600.0,15650.0,16350.0,14128.169921875,11070200,0.0,0.0
2022-11-01 00:00:00+07:00,16500.0,17450.0,16500.0,17200.0,14862.6611328125,25628600,0.0,0.0
2022-11-02 00:00:00+07:00,17200.0,17800.0,16900.0,17500.0,15121.89453125,21507900,0.0,0.0
2022-11-03 00:00:00+07:00,17150.0,17650.0,17150.0,17500.0,15121.89453125,11402300,0.0,0.0
2022-11-04 00:00:00+07:00,17150.0,17400.0,16550.0,16950.0,14646.634765625,32346400,0.0,0.0
2022-11-07 00:00:00+07:00,17100.0,17350.0,16850.0,17100.0,14776.2509765625,23171500,0.0,0.0
2022-11-08 00:00:00+07:00,16800.0,17250.0,16650.0,17200.0,14862.6611328125,22335400,0.0,0.0
2022-11-09 00:00:00+07:00,17350.0,17650.0,17050.0,17500.0,15121.89453125,16395500,0.0,0.0
2022-11-10 00:00:00+07:00,17400.0,17400.0,16300.0,16300.0,14084.96484375,23021600,0.0,0.0
2022-11-11 00:00:00+07:00,16650.0,17000.0,16250.0,16300.0,14084.96484375,17937800,0.0,0.0
2022-11-14 00:00:00+07:00,16000.0,16150.0,15200.0,15700.0,13566.4990234375,16001400,0.0,0.0
2022-11-15 00:00:00+07:00,15150.0,15700.0,14650.0,14650.0,12659.185546875,18164400,0.0,0.0
2022-11-16 00:00:00+07:00,13650.0,15650.0,13650.0,15500.0,13393.677734375,29662500,0.0,0.0
2022-11-17 00:00:00+07:00,15750.0,15850.0,15350.0,15500.0,13393.677734375,13169500,0.0,0.0
2022-11-18 00:00:00+07:00,15000.0,15750.0,14700.0,15500.0,13393.677734375,16315900,0.0,0.0
2022-11-21 00:00:00+07:00,15700.0,15700.0,15100.0,15500.0,13393.677734375,11391400,0.0,0.0
2022-11-22 00:00:00+07:00,15250.0,16450.0,15100.0,15500.0,13393.677734375,16566500,0.0,0.0
2022-11-23 00:00:00+07:00,15250.0,15600.0,15050.0,15050.0,13004.8291015625,6000000,0.0,0.0
2022-11-24 00:00:00+07:00,14850.0,15250.0,14550.0,15100.0,13048.0341796875,10247900,0.0,0.0
2022-11-25 00:00:00+07:00,15300.0,15500.0,15150.0,15500.0,13393.677734375,9694700,0.0,0.0
2022-11-28 00:00:00+07:00,15600.0,16200.0,15600.0,16100.0,13912.142578125,16558000,0.0,0.0
2022-11-29 00:00:00+07:00,16200.0,16350.0,15550.0,16150.0,13955.3486328125,16820500,0.0,0.0
2022-11-30 00:00:00+07:00,16250.0,17000.0,15900.0,16800.0,14517.0185546875,23312200,0.0,0.0
2022-12-01 00:00:00+07:00,17050.0,17400.0,16600.0,16800.0,14517.0185546875,31045800,0.0,0.0
2022-12-02 00:00:00+07:00,16800.0,17400.0,16550.0,17300.0,14949.072265625,25887700,0.0,0.0
2022-12-05 00:00:00+07:00,17700.0,18400.0,17450.0,18150.0,15683.5654296875,43389200,0.0,0.0
2022-12-06 00:00:00+07:00,18150.0,18600.0,16900.0,16900.0,14603.4296875,34482600,0.0,0.0
2022-12-07 00:00:00+07:00,16800.0,17000.0,15850.0,16200.0,13998.5537109375,26221800,0.0,0.0
2022-12-08 00:00:00+07:00,16450.0,17300.0,16400.0,17000.0,14689.83984375,29415300,0.0,0.0
2022-12-09 00:00:00+07:00,17150.0,17200.0,16650.0,16900.0,14603.4296875,13749900,0.0,0.0
2022-12-12 00:00:00+07:00,16950.0,17450.0,16650.0,16650.0,14387.40234375,23202300,0.0,0.0
2022-12-13 00:00:00+07:00,16700.0,17100.0,16400.0,17100.0,14776.2509765625,18048300,0.0,0.0
2022-12-14 00:00:00+07:00,17250.0,17350.0,17000.0,17050.0,14733.0458984375,18923500,0.0,0.0
2022-12-15 00:00:00+07:00,17050.0,18200.0,17050.0,18200.0,15726.76953125,66731500,0.0,0.0
2022-12-16 00:00:00+07:00,18450.0,18850.0,18300.0,18500.0,15986.0029296875,27564100,0.0,0.0
2022-12-19 00:00:00+07:00,18350.0,18750.0,17950.0,17950.0,15510.7421875,29429800,0.0,0.0
2022-12-20 00:00:00+07:00,17900.0,17900.0,16900.0,17300.0,14949.072265625,26419500,0.0,0.0
2022-12-21 00:00:00+07:00,17500.0,17900.0,17000.0,17650.0,15251.5107421875,20499300,0.0,0.0
2022-12-22 00:00:00+07:00,18000.0,18850.0,17950.0,18450.0,15942.7958984375,52431700,0.0,0.0
2022-12-23 00:00:00+07:00,18450.0,18650.0,18100.0,18350.0,15856.38671875,16849000,0.0,0.0
2022-12-26 00:00:00+07:00,18350.0,18500.0,17200.0,17200.0,14862.6611328125,26485700,0.0,0.0
2022-12-27 00:00:00+07:00,17300.0,17900.0,17150.0,17900.0,15467.537109375,14921400,0.0,0.0
2022-12-28 00:00:00+07:00,17900.0,18500.0,17500.0,18150.0,15683.5654296875,17482100,0.0,0.0
2022-12-29 00:00:00+07:00,18100.0,18500.0,17800.0,17800.0,15381.126953125,20198000,0.0,0.0
2022-12-30 00:00:00+07:00,17900.0,18100.0,17600.0,17900.0,15467.537109375,10035400,0.0,0.0
2023-01-02 00:00:00+07:00,17900.0,17900.0,17900.0,17900.0,15467.537109375,0,0.0,0.0
2023-01-03 00:00:00+07:00,18000.0,18500.0,17800.0,18500.0,15986.0029296875,20274800,0.0,0.0
2023-01-04 00:00:00+07:00,18500.0,19300.0,18500.0,18900.0,16331.64453125,42535900,0.0,0.0
2023-01-05 00:00:00+07:00,19000.0,19050.0,18550.0,18950.0,16374.8515625,15385600,0.0,0.0
2023-01-06 00:00:00+07:00,18850.0,19650.0,18800.0,18950.0,16374.8515625,31406400,0.0,0.0
2023-01-09 00:00:00+07:00,19200.0,19300.0,18800.0,18850.0,16288.439453125,18731600,0.0,0.0
2023-01-10 00:00:00+07:00,18850.0,19000.0,18550.0,18700.0,16158.8251953125,13485000,0.0,0.0
2023-01-11 00:00:00+07:00,19000.0,19000.0,18450.0,18450.0,15942.7958984375,17427300,0.0,0.0
2023-01-12 00:00:00+07:00,18600.0,18750.0,18400.0,18700.0,16158.8251953125,15245400,0.0,0.0
2023-01-13 00:00:00+07:00,18850.0,19500.0,18550.0,19400.0,16763.701171875,25700900,0.0,0.0
2023-01-16 00:00:00+07:00,19600.0,19600.0,19200.0,19400.0,16763.701171875,17941500,0.0,0.0
2023-01-17 00:00:00+07:00,19500.0,19600.0,19350.0,19600.0,16936.521484375,32912200,0.0,0.0
2023-01-18 00:00:00+07:00,19600.0,19800.0,19400.0,19650.0,16979.724609375,19675400,0.0,0.0
2023-01-19 00:00:00+07:00,19550.0,19700.0,19400.0,19500.0,16850.109375,18347800,0.0,0.0
2023-01-20 00:00:00+07:00,19500.0,19500.0,19500.0,19500.0,16850.109375,0,0.0,0.0
2023-01-23 00:00:00+07:00,19500.0,19500.0,19500.0,19500.0,16850.109375,0,0.0,0.0
2023-01-24 00:00:00+07:00,19500.0,19500.0,19500.0,19500.0,16850.109375,0,0.0,0.0
2023-01-25 00:00:00+07:00,19500.0,19500.0,19500.0,19500.0,16850.109375,0,0.0,0.0
2023-01-26 00:00:00+07:00,19500.0,19500.0,19500.0,19500.0,16850.109375,0,0.0,0.0
2023-01-27 00:00:00+07:00,19650.0,20250.0,19400.0,19700.0,17022.931640625,24443100,0.0,0.0
2023-01-30 00:00:00+07:00,19700.0,19750.0,19250.0,19250.0,16634.083984375,23819000,0.0,0.0
2023-01-31 00:00:00+07:00,19150.0,19500.0,19050.0,19450.0,16806.90625,25095200,0.0,0.0
2023-02-01 00:00:00+07:00,19550.0,19600.0,18100.0,18300.0,15813.1806640625,32198300,0.0,0.0
2023-02-02 00:00:00+07:00,18600.0,18700.0,18150.0,18400.0,15899.591796875,25931700,0.0,0.0
2023-02-03 00:00:00+07:00,18500.0,18550.0,18050.0,18250.0,15769.9755859375,20039600,0.0,0.0
2023-02-06 00:00:00+07:00,18150.0,18550.0,17950.0,18500.0,15986.0029296875,16961600,0.0,0.0
2023-02-07 00:00:00+07:00,18550.0,18650.0,17950.0,17950.0,15510.7421875,15658900,0.0,0.0
2023-02-08 00:00:00+07:00,18100.0,18250.0,17850.0,17950.0,15510.7421875,11578100,0.0,0.0
2023-02-09 00:00:00+07:00,17950.0,18550.0,17900.0,18000.0,15553.947265625,15157900,0.0,0.0
2023-02-10 00:00:00+07:00,18000.0,18300.0,17500.0,17500.0,15121.89453125,13102800,0.0,0.0
2023-02-13 00:00:00+07:00,17600.0,17650.0,16600.0,17000.0,14689.83984375,25784300,0.0,0.0
2023-02-14 00:00:00+07:00,17000.0,17200.0,16700.0,16700.0,14430.607421875,16873000,0.0,0.0
2023-02-15 00:00:00+07:00,16700.0,17200.0,16700.0,17200.0,14862.6611328125,12674000,0.0,0.0
2023-02-16 00:00:00+07:00,17400.0,17600.0,17100.0,17500.0,15121.89453125,14454300,0.0,0.0
2023-02-17 00:00:00+07:00,17300.0,17500.0,17200.0,17300.0,14949.072265625,10770300,0.0,0.0
2023-02-20 00:00:00+07:00,17100.0,18300.0,17100.0,18300.0,15813.1806640625,20553100,0.0,0.0
2023-02-21 00:00:00+07:00,18400.0,18400.0,17800.0,17800.0,15381.126953125,18376200,0.0,0.0
2023-02-22 00:00:00+07:00,17600.0,18000.0,17450.0,17450.0,15078.6884765625,16999300,0.0,0.0
2023-02-23 00:00:00+07:00,17450.0,17550.0,17100.0,17550.0,15165.099609375,12980300,0.0,0.0
2023-02-24 00:00:00+07:00,17550.0,17650.0,17150.0,17150.0,14819.4560546875,10418800,0.0,0.0
2023-02-27 00:00:00+07:00,17000.0,17150.0,16550.0,17000.0,14689.83984375,10311400,0.0,0.0
2023-02-28 00:00:00+07:00,17150.0,17250.0,16900.0,17050.0,14733.0458984375,8629400,0.0,0.0
2023-03-01 00:00:00+07:00,16850.0,17500.0,16700.0,17450.0,15078.6884765625,9654500,0.0,0.0
2023-03-02 00:00:00+07:00,17450.0,17550.0,17250.0,17300.0,14949.072265625,4287200,0.0,0.0
2023-03-03 00:00:00+07:00,17450.0,17500.0,16900.0,17000.0,14689.83984375,8977500,0.0,0.0
2023-03-06 00:00:00+07:00,17300.0,17500.0,17050.0,17100.0,14776.2509765625,13129000,0.0,0.0
2023-03-07 00:00:00+07:00,17400.0,17700.0,17300.0,17400.0,15035.4833984375,13127900,0.0,0.0
2023-03-08 00:00:00+07:00,17200.0,18150.0,17200.0,18150.0,15683.5654296875,27188600,0.0,0.0
2023-03-09 00:00:00+07:00,18150.0,18300.0,18000.0,18200.0,15726.76953125,15264000,0.0,0.0
2023-03-10 00:00:00+07:00,17900.0,18300.0,17900.0,18300.0,15813.1806640625,14754800,0.0,0.0
2023-03-13 00:00:00+07:00,18800.0,19400.0,18600.0,19400.0,16763.701171875,41362700,0.0,0.0
2023-03-14 00:00:00+07:00,19600.0,19600.0,19100.0,19400.0,16763.701171875,22988900,0.0,0.0
2023-03-15 00:00:00+07:00,19800.0,19850.0,19550.0,19800.0,17109.341796875,22320800,0.0,0.0
2023-03-16 00:00:00+07:00,19500.0,19650.0,19150.0,19450.0,16806.90625,15492200,0.0,0.0
2023-03-17 00:00:00+07:00,19600.0,19750.0,19350.0,19700.0,17022.931640625,15548900,0.0,0.0
2023-03-20 00:00:00+07:00,19550.0,19700.0,19300.0,19700.0,17022.931640625,18939800,0.0,0.0
2023-03-21 00:00:00+07:00,19700.0,20350.0,19500.0,20350.0,17584.6015625,29194300,0.0,0.0
2023-03-22 00:00:00+07:00,20500.0,21200.0,20450.0,21000.0,18146.271484375,42033400,0.0,0.0
2023-03-23 00:00:00+07:00,21000.0,21150.0,20800.0,21050.0,18189.478515625,22821300,0.0,0.0
2023-03-24 00:00:00+07:00,21050.0,21200.0,20850.0,21150.0,18275.888671875,19655000,0.0,0.0
2023-03-27 00:00:00+07:00,21150.0,21550.0,21000.0,21250.0,18362.298828125,29328600,0.0,0.0
2023-03-28 00:00:00+07:00,21400.0,21600.0,20550.0,21000.0,18146.271484375,37168400,0.0,0.0
2023-03-29 00:00:00+07:00,20900.0,20900.0,20600.0,20900.0,18059.86328125,16599000,0.0,0.0
2023-03-30 00:00:00+07:00,21000.0,21050.0,20700.0,20900.0,18059.86328125,15528600,0.0,0.0
2023-03-31 00:00:00+07:00,20800.0,21300.0,20800.0,21050.0,18189.478515625,23139600,0.0,0.0
2023-04-03 00:00:00+07:00,21150.0,21250.0,20900.0,21200.0,18319.095703125,13548900,0.0,0.0
2023-04-04 00:00:00+07:00,21200.0,21450.0,21000.0,21400.0,18491.9140625,16356500,0.0,0.0
2023-04-05 00:00:00+07:00,21300.0,21450.0,21150.0,21200.0,18319.095703125,11992000,0.0,0.0
2023-04-06 00:00:00+07:00,21200.0,21500.0,20900.0,20900.0,18059.86328125,12254900,0.0,0.0
2023-04-07 00:00:00+07:00,20900.0,21050.0,20650.0,20900.0,18059.86328125,7668500,0.0,0.0
2023-04-10 00:00:00+07:00,20900.0,21350.0,20700.0,20900.0,18059.86328125,16772700,0.0,0.0
2023-04-11 00:00:00+07:00,20900.0,21100.0,20700.0,21000.0,18146.271484375,9490100,0.0,0.0
2023-04-12 00:00:00+07:00,21000.0,21050.0,20650.0,20650.0,17843.833984375,8669800,0.0,0.0
2023-04-13 00:00:00+07:00,20650.0,20650.0,20200.0,20600.0,17800.62890625,19916500,0.0,0.0
2023-04-14 00:00:00+07:00,20600.0,20700.0,20350.0,20500.0,17714.216796875,8543300,0.0,0.0
2023-04-17 00:00:00+07:00,20450.0,20600.0,20300.0,20450.0,17671.013671875,5197600,0.0,0.0
2023-04-18 00:00:00+07:00,20450.0,20550.0,20100.0,20250.0,17498.19140625,10605300,0.0,0.0
2023-04-19 00:00:00+07:00,20450.0,20550.0,19700.0,19700.0,17022.931640625,18419600,0.0,0.0
2023-04-20 00:00:00+07:00,19650.0,19800.0,19250.0,19350.0,16720.49609375,12244000,0.0,0.0
2023-04-21 00:00:00+07:00,19350.0,19600.0,19350.0,19450.0,16806.90625,8123300,0.0,0.0
2023-04-24 00:00:00+07:00,19450.0,20050.0,19350.0,19500.0,16850.109375,7087200,0.0,0.0
2023-04-25 00:00:00+07:00,19700.0,19750.0,19250.0,19300.0,16677.291015625,7168900,0.0,0.0
2023-04-26 00:00:00+07:00,19300.0,19400.0,19100.0,19350.0,16720.49609375,7850900,0.0,0.0
2023-04-27 00:00:00+07:00,19350.0,19700.0,19350.0,19400.0,16763.701171875,5199300,0.0,0.0
2023-04-28 00:00:00+07:00,19550.0,19900.0,19500.0,19900.0,17195.755859375,8573200,0.0,0.0
2023-05-01 00:00:00+07:00,19900.0,19900.0,19900.0,19900.0,17195.755859375,0,0.0,0.0
2023-05-02 00:00:00+07:00,19900.0,19900.0,19900.0,19900.0,17195.755859375,0,0.0,0.0
2023-05-03 00:00:00+07:00,19900.0,19900.0,19900.0,19900.0,17195.755859375,0,0.0,0.0
2023-05-04 00:00:00+07:00,19550.0,19800.0,19500.0,19550.0,16893.314453125,7484200,0.0,0.0
2023-05-05 00:00:00+07:00,19600.0,19900.0,19450.0,19450.0,16806.90625,5917600,0.0,0.0
2023-05-08 00:00:00+07:00,19450.0,19650.0,19400.0,19450.0,16806.90625,5491600,0.0,0.0
2023-05-09 00:00:00+07:00,19550.0,19600.0,19400.0,19450.0,16806.90625,4727700,0.0,0.0
2023-05-10 00:00:00+07:00,19500.0,19600.0,19450.0,19550.0,16893.314453125,8932500,0.0,0.0
2023-05-11 00:00:00+07:00,19600.0,19850.0,19600.0,19800.0,17109.341796875,6668100,0.0,0.0
2023-05-12 00:00:00+07:00,19800.0,19850.0,19550.0,19750.0,17066.138671875,7522200,0.0,0.0
2023-05-15 00:00:00+07:00,19800.0,20200.0,19750.0,19800.0,17109.341796875,13095400,0.0,0.0
2023-05-16 00:00:00+07:00,19900.0,19900.0,19600.0,19600.0,16936.521484375,7492900,0.0,0.0
2023-05-17 00:00:00+07:00,19600.0,19650.0,19200.0,19200.0,16590.87890625,12684600,0.0,0.0
2023-05-18 00:00:00+07:00,19300.0,19500.0,19200.0,19250.0,16634.083984375,7579700,0.0,0.0
2023-05-19 00:00:00+07:00,19300.0,19400.0,19200.0,19300.0,16677.291015625,6594600,0.0,0.0
2023-05-22 00:00:00+07:00,19300.0,19700.0,19300.0,19700.0,17022.931640625,12024200,0.0,0.0
2023-05-23 00:00:00+07:00,19750.0,19800.0,19500.0,19550.0,16893.314453125,7235600,0.0,0.0
2023-05-24 00:00:00+07:00,19550.0,19550.0,19550.0,19550.0,16893.314453125,0,0.0,0.0
2023-05-25 00:00:00+07:00,19350.0,19450.0,19200.0,19200.0,16590.87890625,7299200,0.0,0.0
2023-05-26 00:00:00+07:00,19300.0,19300.0,19100.0,19150.0,16547.673828125,6988000,0.0,0.0
2023-05-29 00:00:00+07:00,19200.0,19450.0,19200.0,19350.0,16720.49609375,7043800,0.0,0.0
2023-05-30 00:00:00+07:00,19500.0,19500.0,19350.0,19450.0,16806.90625,8975200,0.0,0.0
2023-05-31 00:00:00+07:00,19550.0,19550.0,19250.0,19300.0,16677.291015625,7913900,0.0,0.0
2023-06-01 00:00:00+07:00,19300.0,19400.0,19200.0,19400.0,16763.701171875,9750400,0.0,0.0
2023-06-02 00:00:00+07:00,19600.0,20200.0,19550.0,19850.0,17152.548828125,24536300,0.0,0.0
2023-06-05 00:00:00+07:00,20100.0,20150.0,19750.0,19750.0,17066.138671875,13421500,0.0,0.0
2023-06-06 00:00:00+07:00,19750.0,20000.0,19700.0,19850.0,17152.548828125,14948300,0.0,0.0
2023-06-07 00:00:00+07:00,20000.0,20100.0,19750.0,19900.0,17195.755859375,16189900,0.0,0.0
2023-06-08 00:00:00+07:00,19900.0,20050.0,19500.0,19500.0,16850.109375,16595600,0.0,0.0
2023-06-09 00:00:00+07:00,19600.0,19600.0,19300.0,19500.0,16850.109375,9596000,0.0,0.0
2023-06-12 00:00:00+07:00,19700.0,19700.0,19350.0,19600.0,16936.521484375,8506300,0.0,0.0
2023-06-13 00:00:00+07:00,19700.0,19750.0,19400.0,19500.0,16850.109375,9666700,0.0,0.0
2023-06-14 00:00:00+07:00,19600.0,20100.0,19550.0,19750.0,17066.138671875,25385000,0.0,0.0
2023-06-15 00:00:00+07:00,19750.0,19850.0,19550.0,19700.0,17022.931640625,9431000,0.0,0.0
2023-06-16 00:00:00+07:00,19850.0,20100.0,19500.0,19550.0,16893.314453125,33727700,0.0,0.0
2023-06-19 00:00:00+07:00,19550.0,19650.0,19250.0,19450.0,16806.90625,12070100,0.0,0.0
2023-06-20 00:00:00+07:00,19450.0,19550.0,19250.0,19500.0,16850.109375,14470100,0.0,0.0
2023-06-21 00:00:00+07:00,19500.0,19650.0,19400.0,19650.0,16979.724609375,8111300,0.0,0.0
2023-06-22 00:00:00+07:00,19650.0,19650.0,19650.0,19650.0,16979.724609375,0,0.0,0.0
2023-06-23 00:00:00+07:00,19700.0,20400.0,19650.0,20200.0,17454.98828125,42322900,0.0,0.0
2023-06-26 00:00:00+07:00,20500.0,20500.0,19950.0,20250.0,17498.19140625,16576800,0.0,0.0
2023-06-27 00:00:00+07:00,20450.0,20450.0,20100.0,20100.0,17368.576171875,14429100,0.0,0.0
2023-06-28 00:00:00+07:00,20200.0,20350.0,20050.0,20250.0,17498.19140625,16754200,0.0,0.0
2023-06-29 00:00:00+07:00,20300.0,20450.0,19900.0,19900.0,17195.755859375,18446100,0.0,0.0
2023-06-30 00:00:00+07:00,19900.0,20000.0,19750.0,19850.0,17152.548828125,12376000,0.0,0.0
2023-07-03 00:00:00+07:00,19850.0,20000.0,19750.0,19850.0,17152.548828125,9808600,0.0,0.0
2023-07-04 00:00:00+07:00,19850.0,19950.0,19750.0,19850.0,17152.548828125,7339700,0.0,0.0
2023-07-05 00:00:00+07:00,19900.0,20300.0,19900.0,19950.0,17238.958984375,20485400,0.0,0.0
2023-07-06 00:00:00+07:00,19950.0,20100.0,19550.0,19550.0,16893.314453125,16274900,0.0,0.0
2023-07-07 00:00:00+07:00,19600.0,19850.0,19500.0,19850.0,17152.548828125,8345400,0.0,0.0
2023-07-10 00:00:00+07:00,19950.0,20150.0,19800.0,20050.0,17325.37109375,15275400,0.0,0.0
2023-07-11 00:00:00+07:00,20300.0,20300.0,19800.0,19900.0,17195.755859375,19607100,0.0,0.0
2023-07-12 00:00:00+07:00,20000.0,20000.0,19650.0,19650.0,16979.724609375,13715900,0.0,0.0
2023-07-13 00:00:00+07:00,19900.0,19950.0,19650.0,19950.0,17238.958984375,16403200,0.0,0.0
2023-07-14 00:00:00+07:00,20050.0,20100.0,19600.0,19900.0,17195.755859375,17478700,0.0,0.0
2023-07-17 00:00:00+07:00,20100.0,20500.0,20050.0,20450.0,17671.013671875,34232500,0.0,0.0
2023-07-18 00:00:00+07:00,20450.0,21100.0,20300.0,20950.0,18103.068359375,37316000,0.0,0.0
2023-07-19 00:00:00+07:00,21000.0,21000.0,20650.0,20650.0,17843.833984375,22965200,0.0,0.0
2023-07-20 00:00:00+07:00,20600.0,21000.0,20500.0,21000.0,18146.271484375,19553900,0.0,0.0
2023-07-21 00:00:00+07:00,20950.0,21450.0,20800.0,21400.0,18491.9140625,28604200,0.0,0.0
2023-07-24 00:00:00+07:00,21500.0,21900.0,21300.0,21850.0,18880.763671875,24112900,0.0,0.0
2023-07-25 00:00:00+07:00,21900.0,22350.0,21800.0,21850.0,18880.763671875,26110300,0.0,0.0
2023-07-26 00:00:00+07:00,21800.0,21900.0,21550.0,21850.0,18880.763671875,17436600,0.0,0.0
2023-07-27 00:00:00+07:00,21800.0,21850.0,21500.0,21750.0,18794.35546875,17807700,0.0,0.0
2023-07-28 00:00:00+07:00,21750.0,22100.0,21600.0,22100.0,19096.791015625,18133600,0.0,0.0
2023-07-31 00:00:00+07:00,22150.0,22250.0,21900.0,22150.0,19139.99609375,19655800,0.0,0.0
2023-08-01 00:00:00+07:00,22150.0,22200.0,21650.0,21950.0,18967.17578125,25773800,0.0,0.0
2023-08-02 00:00:00+07:00,21950.0,22250.0,21700.0,22000.0,19010.380859375,17047500,0.0,0.0
2023-08-03 00:00:00+07:00,21950.0,22000.0,21600.0,21700.0,18751.1484375,15903700,0.0,0.0
2023-08-04 00:00:00+07:00,21800.0,22200.0,21600.0,22200.0,19183.203125,15491700,0.0,0.0
2023-08-07 00:00:00+07:00,22450.0,23000.0,22300.0,22650.0,19572.05078125,20240800,0.0,0.0
2023-08-08 00:00:00+07:00,22650.0,22650.0,22200.0,22200.0,19183.203125,13851300,0.0,0.0
2023-08-09 00:00:00+07:00,22100.0,22200.0,21700.0,22050.0,19053.587890625,21337900,0.0,0.0
2023-08-10 00:00:00+07:00,22050.0,22050.0,21550.0,21950.0,18967.17578125,19843500,0.0,0.0
2023-08-11 00:00:00+07:00,21950.0,22000.0,21550.0,22000.0,19010.380859375,12402500,0.0,0.0
2023-08-14 00:00:00+07:00,21900.0,22000.0,21800.0,21950.0,18967.17578125,11667300,0.0,0.0
2023-08-15 00:00:00+07:00,21950.0,22000.0,21650.0,22000.0,19010.380859375,18407400,0.0,0.0
2023-08-16 00:00:00+07:00,21900.0,22600.0,21650.0,22400.0,19356.025390625,39587900,0.0,0.0
2023-08-17 00:00:00+07:00,22500.0,22650.0,22150.0,22150.0,19139.99609375,15635100,0.0,0.0
2023-08-18 00:00:00+07:00,22000.0,22050.0,20600.0,20600.0,17800.62890625,34224900,0.0,0.0
2023-08-21 00:00:00+07:00,20600.0,21000.0,20400.0,20800.0,17973.451171875,12657600,0.0,0.0
2023-08-22 00:00:00+07:00,20750.0,20850.0,20050.0,20600.0,17800.62890625,21183300,0.0,0.0
2023-08-23 00:00:00+07:00,20750.0,20850.0,20250.0,20250.0,17498.19140625,14416600,0.0,0.0
2023-08-24 00:00:00+07:00,20250.0,20500.0,20150.0,20500.0,17714.216796875,9969500,0.0,0.0
2023-08-25 00:00:00+07:00,20450.0,20550.0,20000.0,20200.0,17454.98828125,16068000,0.0,0.0
2023-08-28 00:00:00+07:00,20200.0,20400.0,20100.0,20300.0,17541.3984375,11608800,0.0,0.0
2023-08-29 00:00:00+07:00,20350.0,20900.0,20250.0,20850.0,18016.658203125,16213200,0.0,0.0
2023-08-30 00:00:00+07:00,20900.0,20900.0,20600.0,20800.0,17973.451171875,9352600,0.0,0.0
2023-08-31 00:00:00+07:00,20800.0,21050.0,20700.0,20950.0,18103.068359375,14336300,0.0,0.0
2023-09-01 00:00:00+07:00,20950.0,20950.0,20950.0,20950.0,18103.068359375,0,0.0,0.0
2023-09-04 00:00:00+07:00,20950.0,20950.0,20950.0,20950.0,18103.068359375,0,0.0,0.0
2023-09-05 00:00:00+07:00,21200.0,21300.0,20950.0,21000.0,18146.271484375,14495100,0.0,0.0
2023-09-06 00:00:00+07:00,21250.0,21800.0,20900.0,21800.0,18837.560546875,23267300,0.0,0.0
2023-09-07 00:00:00+07:00,21900.0,22100.0,21700.0,21750.0,18794.35546875,20570900,0.0,0.0
2023-09-08 00:00:00+07:00,21750.0,21900.0,21700.0,21800.0,18837.560546875,16766200,0.0,0.0
2023-09-11 00:00:00+07:00,22100.0,22300.0,21500.0,21900.0,18923.970703125,38037700,0.0,0.0
2023-09-12 00:00:00+07:00,21900.0,22300.0,21700.0,22300.0,19269.61328125,19787600,0.0,0.0
2023-09-13 00:00:00+07:00,22300.0,22550.0,22050.0,22450.0,19399.23046875,30576700,0.0,0.0
2023-09-14 00:00:00+07:00,22400.0,22600.0,22000.0,22400.0,19356.025390625,23071700,0.0,0.0
2023-09-15 00:00:00+07:00,22450.0,22650.0,22200.0,22550.0,19485.642578125,24180400,0.0,0.0
2023-09-18 00:00:00+07:00,22500.0,22500.0,21900.0,22150.0,19139.99609375,17640000,0.0,0.0
2023-09-19 00:00:00+07:00,22050.0,22150.0,21600.0,21900.0,18923.970703125,13549100,0.0,0.0
2023-09-20 00:00:00+07:00,21800.0,22050.0,21550.0,21900.0,18923.970703125,14203800,0.0,0.0
2023-09-21 00:00:00+07:00,21700.0,21900.0,21650.0,21650.0,18707.9453125,10971400,0.0,0.0
2023-09-22 00:00:00+07:00,21200.0,21350.0,20850.0,21250.0,18362.298828125,19598000,0.0,0.0
2023-09-25 00:00:00+07:00,21200.0,21300.0,20400.0,20400.0,17627.806640625,14432900,0.0,0.0
2023-09-26 00:00:00+07:00,20600.0,20700.0,20250.0,20450.0,17671.013671875,18954700,0.0,0.0
2023-09-27 00:00:00+07:00,20500.0,21000.0,20300.0,21000.0,18146.271484375,12676000,0.0,0.0
2023-09-28 00:00:00+07:00,20750.0,21400.0,20550.0,21200.0,18319.095703125,13128800,0.0,0.0
2023-09-29 00:00:00+07:00,21300.0,21700.0,21100.0,21700.0,18751.1484375,8454600,0.0,0.0
2023-10-02 00:00:00+07:00,21600.0,21800.0,21400.0,21800.0,18837.560546875,11272900,0.0,0.0
2023-10-03 00:00:00+07:00,21500.0,21600.0,20700.0,21000.0,18146.271484375,12856900,0.0,0.0
2023-10-04 00:00:00+07:00,20500.0,21250.0,20500.0,21000.0,18146.271484375,6975100,0.0,0.0
2023-10-05 00:00:00+07:00,20900.0,21100.0,20800.0,20800.0,17973.451171875,5682000,0.0,0.0
2023-10-06 00:00:00+07:00,20950.0,21050.0,20700.0,20950.0,18103.068359375,8351000,0.0,0.0
2023-10-09 00:00:00+07:00,21000.0,21400.0,20750.0,21400.0,18491.9140625,13601600,0.0,0.0
2023-10-10 00:00:00+07:00,21350.0,21600.0,21300.0,21600.0,18664.73828125,11693200,0.0,0.0
2023-10-11 00:00:00+07:00,21600.0,21800.0,21400.0,21800.0,18837.560546875,8928600,0.0,0.0
2023-10-12 00:00:00+07:00,21900.0,21900.0,21600.0,21850.0,18880.763671875,10399300,0.0,0.0
2023-10-13 00:00:00+07:00,21650.0,22000.0,21400.0,21950.0,18967.17578125,13714000,0.0,0.0
2023-10-16 00:00:00+07:00,21700.0,22500.0,21700.0,22500.0,19442.435546875,26096800,0.0,0.0
2023-10-17 00:00:00+07:00,22450.0,22700.0,22200.0,22700.0,19615.2578125,25974900,0.0,0.0
2023-10-18 00:00:00+07:00,22500.0,23150.0,21750.0,22500.0,19442.435546875,39738000,0.0,0.0
2023-10-19 00:00:00+07:00,22200.0,22400.0,21450.0,21450.0,18535.12109375,11470700,0.0,0.0
2023-10-20 00:00:00+07:00,21600.0,22100.0,21450.0,21600.0,18664.73828125,10805700,0.0,0.0
2023-10-23 00:00:00+07:00,21600.0,21700.0,20700.0,21050.0,18189.478515625,13595100,0.0,0.0
2023-10-24 00:00:00+07:00,20850.0,21400.0,20850.0,21050.0,18189.478515625,5469700,0.0,0.0
2023-10-25 00:00:00+07:00,21050.0,21250.0,20900.0,21000.0,18146.271484375,5160700,0.0,0.0
2023-10-26 00:00:00+07:00,20700.0,20850.0,19550.0,20200.0,17454.98828125,17363600,0.0,0.0
2023-10-27 00:00:00+07:00,20200.0,20500.0,19900.0,20200.0,17454.98828125,5693300,0.0,0.0
2023-10-30 00:00:00+07:00,20000.0,20150.0,19800.0,19900.0,17195.755859375,4922200,0.0,0.0
2023-10-31 00:00:00+07:00,19800.0,20050.0,19550.0,20000.0,17282.166015625,6938600,0.0,0.0
2023-11-01 00:00:00+07:00,20000.0,20100.0,19800.0,19800.0,17109.341796875,4810600,0.0,0.0
2023-11-02 00:00:00+07:00,19950.0,20400.0,19850.0,20300.0,17541.3984375,6159200,0.0,0.0
2023-11-03 00:00:00+07:00,20450.0,20500.0,19800.0,19800.0,17109.341796875,13532500,0.0,0.0
2023-11-06 00:00:00+07:00,20200.0,20850.0,20200.0,20800.0,17973.451171875,9583200,0.0,0.0
2023-11-07 00:00:00+07:00,20900.0,21100.0,20700.0,20700.0,17887.041015625,6341900,0.0,0.0
2023-11-08 00:00:00+07:00,20800.0,21350.0,20600.0,21350.0,18448.7109375,13583900,0.0,0.0
2023-11-09 00:00:00+07:00,20500.0,20550.0,20000.0,20000.0,18131.41015625,13599100,1000.0,0.0
2023-11-10 00:00:00+07:00,19900.0,19900.0,19550.0,19550.0,17723.455078125,12157400,0.0,0.0
2023-11-13 00:00:00+07:00,19550.0,19700.0,19050.0,19200.0,17406.154296875,10465400,0.0,0.0
2023-11-14 00:00:00+07:00,19400.0,20000.0,19300.0,19600.0,17768.783203125,12703100,0.0,0.0
2023-11-15 00:00:00+07:00,19900.0,20150.0,19800.0,19950.0,18086.08203125,17930900,0.0,0.0
2023-11-16 00:00:00+07:00,19750.0,20000.0,19750.0,19900.0,18040.75390625,9904000,0.0,0.0
2023-11-17 00:00:00+07:00,20000.0,20000.0,19000.0,19300.0,17496.810546875,15196300,0.0,0.0
2023-11-20 00:00:00+07:00,18900.0,19900.0,18850.0,19500.0,17678.126953125,11870100,0.0,0.0
2023-11-21 00:00:00+07:00,19600.0,19900.0,19500.0,19650.0,17814.11328125,8679600,0.0,0.0
2023-11-22 00:00:00+07:00,19650.0,19750.0,19400.0,19650.0,17814.11328125,7319900,0.0,0.0
2023-11-23 00:00:00+07:00,19700.0,19750.0,19150.0,19150.0,17360.826171875,10595200,0.0,0.0
2023-11-24 00:00:00+07:00,19150.0,19400.0,19000.0,19200.0,17406.154296875,10847900,0.0,0.0
2023-11-27 00:00:00+07:00,19250.0,19450.0,19150.0,19200.0,17406.154296875,8007700,0.0,0.0
2023-11-28 00:00:00+07:00,19200.0,19450.0,19050.0,19350.0,17542.138671875,5746400,0.0,0.0
2023-11-29 00:00:00+07:00,19400.0,19400.0,19250.0,19250.0,17451.482421875,5477900,0.0,0.0
2023-11-30 00:00:00+07:00,19200.0,19450.0,19100.0,19100.0,17315.498046875,6750000,0.0,0.0
2023-12-01 00:00:00+07:00,19200.0,19350.0,19050.0,19300.0,17496.810546875,4871900,0.0,0.0
2023-12-04 00:00:00+07:00,19300.0,19600.0,19250.0,19500.0,17678.126953125,10850300,0.0,0.0
2023-12-05 00:00:00+07:00,19500.0,19550.0,19150.0,19150.0,17360.826171875,11505600,0.0,0.0
2023-12-06 00:00:00+07:00,19250.0,19450.0,19150.0,19400.0,17587.470703125,9473600,0.0,0.0
2023-12-07 00:00:00+07:00,19400.0,19650.0,19150.0,19650.0,17814.11328125,17158000,0.0,0.0
2023-12-08 00:00:00+07:00,19650.0,19700.0,19300.0,19600.0,17768.783203125,8339400,0.0,0.0
2023-12-11 00:00:00+07:00,19500.0,19600.0,19200.0,19400.0,17587.470703125,7675600,0.0,0.0
2023-12-12 00:00:00+07:00,19400.0,19450.0,19200.0,19450.0,17632.796875,6823800,0.0,0.0
2023-12-13 00:00:00+07:00,19350.0,19400.0,19100.0,19200.0,17406.154296875,9962400,0.0,0.0
2023-12-14 00:00:00+07:00,19200.0,19300.0,18950.0,19000.0,17224.83984375,9433900,0.0,0.0
2023-12-15 00:00:00+07:00,19000.0,19100.0,18650.0,18700.0,16952.87109375,12092300,0.0,0.0
2023-12-18 00:00:00+07:00,18650.0,18700.0,18050.0,18400.0,16680.8984375,22104100,0.0,0.0
2023-12-19 00:00:00+07:00,18100.0,18300.0,18000.0,18300.0,16590.240234375,11907200,0.0,0.0
2023-12-20 00:00:00+07:00,18300.0,18350.0,18050.0,18250.0,16544.912109375,7715000,0.0,0.0
2023-12-21 00:00:00+07:00,18200.0,18250.0,18000.0,18200.0,16499.5859375,9592700,0.0,0.0
2023-12-22 00:00:00+07:00,18200.0,18350.0,18050.0,18150.0,16454.255859375,10359500,0.0,0.0
2023-12-25 00:00:00+07:00,18250.0,18500.0,18250.0,18500.0,16771.5546875,8637100,0.0,0.0
2023-12-26 00:00:00+07:00,18500.0,18550.0,18250.0,18500.0,16771.5546875,8402900,0.0,0.0
2023-12-27 00:00:00+07:00,18500.0,18600.0,18350.0,18500.0,16771.5546875,7673900,0.0,0.0
2023-12-28 00:00:00+07:00,18500.0,18800.0,18450.0,18800.0,17043.52734375,10315400,0.0,0.0
2023-12-29 00:00:00+07:00,18800.0,19200.0,18700.0,19200.0,17406.154296875,17010800,0.0,0.0
2024-01-01 00:00:00+07:00,19200.0,19200.0,19200.0,19200.0,17406.154296875,0,0.0,0.0
2024-01-02 00:00:00+07:00,19200.0,19200.0,18850.0,18850.0,17088.85546875,8798600,0.0,0.0
2024-01-03 00:00:00+07:00,18850.0,19100.0,18650.0,19100.0,17315.498046875,8220900,0.0,0.0
2024-01-04 00:00:00+07:00,19150.0,19650.0,18950.0,19350.0,17542.138671875,25321300,0.0,0.0
2024-01-05 00:00:00+07:00,19350.0,19450.0,19100.0,19200.0,17406.154296875,9906800,0.0,0.0
2024-01-08 00:00:00+07:00,19300.0,19400.0,19150.0,19250.0,17451.482421875,9012800,0.0,0.0
2024-01-09 00:00:00+07:00,19250.0,19350.0,19100.0,19150.0,17360.826171875,6451500,0.0,0.0
2024-01-10 00:00:00+07:00,19100.0,19750.0,19100.0,19600.0,17768.783203125,31567400,0.0,0.0
2024-01-11 00:00:00+07:00,19800.0,19850.0,19550.0,19650.0,17814.11328125,17937600,0.0,0.0
2024-01-12 00:00:00+07:00,19450.0,19750.0,19300.0,19650.0,17814.11328125,25020500,0.0,0.0
2024-01-15 00:00:00+07:00,19800.0,19800.0,19350.0,19350.0,17542.138671875,11340300,0.0,0.0
2024-01-16 00:00:00+07:00,19300.0,19450.0,19200.0,19450.0,17632.796875,9593500,0.0,0.0
2024-01-17 00:00:00+07:00,19450.0,19550.0,19250.0,19300.0,17496.810546875,11934200,0.0,0.0
2024-01-18 00:00:00+07:00,19400.0,19550.0,19300.0,19500.0,17678.126953125,8447900,0.0,0.0
2024-01-19 00:00:00+07:00,19550.0,19750.0,19550.0,19700.0,17859.439453125,16580100,0.0,0.0
2024-01-22 00:00:00+07:00,19850.0,19950.0,19700.0,19800.0,17950.09765625,16135000,0.0,0.0
2024-01-23 00:00:00+07:00,19850.0,19900.0,19650.0,19700.0,17859.439453125,10961900,0.0,0.0
2024-01-24 00:00:00+07:00,19700.0,19800.0,19550.0,19650.0,17814.11328125,7406900,0.0,0.0
2024-01-25 00:00:00+07:00,19650.0,19650.0,19650.0,19650.0,17814.11328125,0,0.0,0.0
2024-01-26 00:00:00+07:00,19700.0,19750.0,19650.0,19750.0,17904.767578125,7546300,0.0,0.0
2024-01-29 00:00:00+07:00,19750.0,19750.0,19550.0,19750.0,17904.767578125,4834600,0.0,0.0
2024-01-30 00:00:00+07:00,19650.0,19850.0,19650.0,19700.0,17859.439453125,6805100,0.0,0.0
2024-01-31 00:00:00+07:00,19650.0,19700.0,19150.0,19400.0,17587.470703125,20001700,0.0,0.0
2024-02-01 00:00:00+07:00,19350.0,19350.0,19100.0,19150.0,17360.826171875,6507100,0.0,0.0
2024-02-02 00:00:00+07:00,19150.0,19150.0,19150.0,19150.0,17360.826171875,0,0.0,0.0
2024-02-05 00:00:00+07:00,18850.0,19450.0,18850.0,19200.0,17406.154296875,10730400,0.0,0.0
2024-02-06 00:00:00+07:00,19300.0,19400.0,19200.0,19300.0,17496.810546875,5805600,0.0,0.0
2024-02-07 00:00:00+07:00,19350.0,19600.0,19300.0,19600.0,17768.783203125,10722600,0.0,0.0
2024-02-08 00:00:00+07:00,19600.0,19600.0,19600.0,19600.0,17768.783203125,0,0.0,0.0
2024-02-09 00:00:00+07:00,19600.0,19600.0,19600.0,19600.0,17768.783203125,0,0.0,0.0
2024-02-15 00:00:00+07:00,19600.0,20150.0,19600.0,19800.0,17950.09765625,19362100,0.0,0.0
2024-02-16 00:00:00+07:00,19950.0,19950.0,19700.0,19850.0,17995.42578125,7324700,0.0,0.0
2024-02-19 00:00:00+07:00,19850.0,19950.0,19650.0,19800.0,17950.09765625,11047900,0.0,0.0
2024-02-20 00:00:00+07:00,19700.0,19750.0,19500.0,19600.0,17768.783203125,16244900,0.0,0.0
2024-02-21 00:00:00+07:00,19600.0,20000.0,19600.0,19750.0,17904.767578125,17579300,0.0,0.0
2024-02-22 00:00:00+07:00,19800.0,19900.0,19600.0,19700.0,17859.439453125,10541600,0.0,0.0
2024-02-23 00:00:00+07:00,19700.0,20250.0,19500.0,19500.0,17678.126953125,42130600,0.0,0.0
2024-02-26 00:00:00+07:00,19550.0,19550.0,19200.0,19250.0,17451.482421875,12770300,0.0,0.0
2024-02-27 00:00:00+07:00,19350.0,19500.0,19200.0,19350.0,17542.138671875,17762400,0.0,0.0
2024-02-28 00:00:00+07:00,19400.0,19900.0,19400.0,19900.0,18040.75390625,20960400,0.0,0.0
2024-02-29 00:00:00+07:00,20100.0,20200.0,19650.0,19900.0,18040.75390625,17115500,0.0,0.0
2024-03-01 00:00:00+07:00,19900.0,19900.0,19650.0,19650.0,17814.11328125,9758900,0.0,0.0
2024-03-04 00:00:00+07:00,19800.0,19800.0,19600.0,19600.0,17768.783203125,12989200,0.0,0.0
2024-03-05 00:00:00+07:00,19600.0,19750.0,19550.0,19750.0,17904.767578125,8094000,0.0,0.0
2024-03-06 00:00:00+07:00,19800.0,19850.0,19300.0,19400.0,17587.470703125,11549500,0.0,0.0
2024-03-07 00:00:00+07:00,19400.0,19600.0,19400.0,19450.0,17632.796875,8016100,0.0,0.0
2024-03-08 00:00:00+07:00,19450.0,19500.0,18950.0,19000.0,17224.83984375,29743400,0.0,0.0
2024-03-11 00:00:00+07:00,18950.0,19100.0,18550.0,18550.0,16816.8828125,16575400,0.0,0.0
2024-03-12 00:00:00+07:00,18550.0,18750.0,18500.0,18550.0,16816.8828125,10959400,0.0,0.0
2024-03-13 00:00:00+07:00,18650.0,19100.0,18600.0,19050.0,17270.16796875,10986000,0.0,0.0
2024-03-14 00:00:00+07:00,19100.0,19100.0,18650.0,18800.0,17043.52734375,9582800,0.0,0.0
2024-03-15 00:00:00+07:00,18750.0,18800.0,18550.0,18650.0,16907.541015625,13581400,0.0,0.0
2024-03-18 00:00:00+07:00,18650.0,18700.0,17950.0,18200.0,16499.5859375,23317100,0.0,0.0
2024-03-19 00:00:00+07:00,18200.0,18500.0,18100.0,18150.0,16454.255859375,12349900,0.0,0.0
2024-03-20 00:00:00+07:00,18200.0,18650.0,18200.0,18650.0,16907.541015625,11504800,0.0,0.0
2024-03-21 00:00:00+07:00,18750.0,18950.0,18550.0,18750.0,16998.197265625,16882000,0.0,0.0
2024-03-22 00:00:00+07:00,18900.0,19000.0,18650.0,18800.0,17043.52734375,14969100,0.0,0.0
2024-03-25 00:00:00+07:00,18800.0,19150.0,18650.0,18900.0,17134.18359375,19751100,0.0,0.0
2024-03-26 00:00:00+07:00,18900.0,19600.0,18900.0,19600.0,17768.783203125,37172800,0.0,0.0
2024-03-27 00:00:00+07:00,19650.0,19750.0,19350.0,19600.0,17768.783203125,16220800,0.0,0.0
2024-03-28 00:00:00+07:00,19650.0,19800.0,19500.0,19650.0,17814.11328125,14691300,0.0,0.0
2024-03-29 00:00:00+07:00,19700.0,19800.0,19450.0,19750.0,17904.767578125,20541100,0.0,0.0
2024-04-01 00:00:00+07:00,19600.0,19750.0,19450.0,19650.0,17814.11328125,11686300,0.0,0.0
2024-04-02 00:00:00+07:00,19550.0,19600.0,18900.0,19550.0,17723.455078125,25838800,0.0,0.0
2024-04-03 00:00:00+07:00,19350.0,19500.0,19250.0,19350.0,17542.138671875,16269600,0.0,0.0
2024-04-04 00:00:00+07:00,19400.0,19600.0,19200.0,19300.0,17496.810546875,12592700,0.0,0.0
2024-04-05 00:00:00+07:00,19100.0,19450.0,19000.0,19450.0,17632.796875,11106300,0.0,0.0
2024-04-08 00:00:00+07:00,19450.0,19450.0,19100.0,19400.0,17587.470703125,8428800,0.0,0.0
2024-04-09 00:00:00+07:00,19350.0,19400.0,19150.0,19350.0,17542.138671875,9349100,0.0,0.0
2024-04-10 00:00:00+07:00,19400.0,19950.0,19300.0,19350.0,17542.138671875,29210400,0.0,0.0
2024-04-11 00:00:00+07:00,19350.0,19600.0,19300.0,19350.0,17542.138671875,9554900,0.0,0.0
2024-04-12 00:00:00+07:00,19400.0,19700.0,19400.0,19700.0,17859.439453125,17723300,0.0,0.0
2024-04-15 00:00:00+07:00,19600.0,19800.0,18400.0,18600.0,16862.2109375,28346300,0.0,0.0
2024-04-16 00:00:00+07:00,18700.0,19000.0,18500.0,18750.0,16998.197265625,23551000,0.0,0.0
2024-04-17 00:00:00+07:00,18950.0,19050.0,18150.0,18150.0,16454.255859375,13194900,0.0,0.0
2024-04-19 00:00:00+07:00,18150.0,18500.0,17950.0,18100.0,16408.927734375,15355900,0.0,0.0
2024-04-22 00:00:00+07:00,18400.0,18600.0,18250.0,18300.0,16590.240234375,8682900,0.0,0.0
2024-04-23 00:00:00+07:00,18350.0,18600.0,18000.0,18400.0,16680.8984375,15635300,0.0,0.0
2024-04-24 00:00:00+07:00,18500.0,18750.0,18400.0,18600.0,16862.2109375,13072600,0.0,0.0
2024-04-25 00:00:00+07:00,18750.0,18750.0,18350.0,18600.0,16862.2109375,10618000,0.0,0.0
2024-04-26 00:00:00+07:00,18400.0,18600.0,18300.0,18550.0,16816.8828125,8253200,0.0,0.0
2024-04-29 00:00:00+07:00,18550.0,18550.0,18550.0,18550.0,16816.8828125,0,0.0,0.0
2024-04-30 00:00:00+07:00,18550.0,18550.0,18550.0,18550.0,16816.8828125,0,0.0,0.0
2024-05-02 00:00:00+07:00,18550.0,18600.0,18300.0,18300.0,16590.240234375,6332900,0.0,0.0
2024-05-03 00:00:00+07:00,18400.0,18500.0,18350.0,18400.0,16680.8984375,10568400,0.0,0.0
2024-05-06 00:00:00+07:00,18500.0,18750.0,18400.0,18750.0,16998.197265625,11299500,0.0,0.0
2024-05-07 00:00:00+07:00,18750.0,18850.0,18550.0,18800.0,17043.52734375,7408000,0.0,0.0
2024-05-08 00:00:00+07:00,18650.0,18800.0,18500.0,18550.0,16816.8828125,10945500,0.0,0.0
2024-05-09 00:00:00+07:00,18650.0,18850.0,18500.0,18750.0,16998.197265625,9750600,0.0,0.0
2024-05-10 00:00:00+07:00,18700.0,18750.0,18400.0,18500.0,16771.5546875,10354900,0.0,0.0
2024-05-13 00:00:00+07:00,18550.0,18900.0,18450.0,18800.0,17043.52734375,16732700,0.0,0.0
2024-05-14 00:00:00+07:00,19000.0,19300.0,18900.0,19100.0,17315.498046875,20931300,0.0,0.0
2024-05-15 00:00:00+07:00,19250.0,19250.0,19050.0,19050.0,17270.16796875,10503000,0.0,0.0
2024-05-16 00:00:00+07:00,19200.0,19450.0,19100.0,19400.0,17587.470703125,20748200,0.0,0.0
2024-05-17 00:00:00+07:00,19400.0,19450.0,19250.0,19400.0,17587.470703125,12369500,0.0,0.0
2024-05-20 00:00:00+07:00,19550.0,19850.0,19500.0,19800.0,17950.09765625,25252400,0.0,0.0
2024-05-21 00:00:00+07:00,19800.0,19850.0,19600.0,19800.0,17950.09765625,24050900,0.0,0.0
2024-05-22 00:00:00+07:00,18800.0,18800.0,18250.0,18300.0,17472.701171875,22572900,1000.0,0.0
2024-05-23 00:00:00+07:00,18300.0,18500.0,18150.0,18500.0,17663.66015625,9367000,0.0,0.0
2024-05-24 00:00:00+07:00,18400.0,18500.0,18000.0,18000.0,17186.26171875,19560300,0.0,0.0
2024-05-27 00:00:00+07:00,18150.0,18150.0,17950.0,18000.0,17186.26171875,7401000,0.0,0.0
2024-05-28 00:00:00+07:00,18100.0,18200.0,18000.0,18050.0,17234.00390625,8406700,0.0,0.0
2024-05-29 00:00:00+07:00,18100.0,18100.0,17950.0,18050.0,17234.00390625,8290900,0.0,0.0
2024-05-30 00:00:00+07:00,18000.0,18000.0,17700.0,17950.0,17138.5234375,10458100,0.0,0.0
2024-05-31 00:00:00+07:00,17950.0,18050.0,17900.0,18000.0,17186.26171875,5706900,0.0,0.0
2024-06-03 00:00:00+07:00,18000.0,18000.0,18000.0,18000.0,17186.26171875,0,0.0,0.0
2024-06-04 00:00:00+07:00,18400.0,18400.0,18150.0,18200.0,17377.220703125,9138000,0.0,0.0
2024-06-05 00:00:00+07:00,18200.0,18300.0,18100.0,18100.0,17281.7421875,11802100,0.0,0.0
2024-06-06 00:00:00+07:00,18150.0,18250.0,17950.0,18100.0,17281.7421875,16613400,0.0,0.0
2024-06-07 00:00:00+07:00,18250.0,18250.0,17950.0,18000.0,17186.26171875,9957000,0.0,0.0
2024-06-10 00:00:00+07:00,18050.0,18200.0,18000.0,18050.0,17234.00390625,10496400,0.0,0.0
2024-06-11 00:00:00+07:00,18200.0,18350.0,18050.0,18300.0,17472.701171875,31079900,0.0,0.0
2024-06-12 00:00:00+07:00,18300.0,19400.0,18150.0,19400.0,18522.97265625,69932300,0.0,0.0
2024-06-13 00:00:00+07:00,19500.0,19800.0,19250.0,19450.0,18570.7109375,44255400,0.0,0.0
2024-06-14 00:00:00+07:00,19450.0,19500.0,18700.0,18700.0,17854.619140625,35956600,0.0,0.0
2024-06-17 00:00:00+07:00,18700.0,19050.0,18450.0,18750.0,17902.357421875,26718200,0.0,0.0
2024-06-18 00:00:00+07:00,18800.0,19100.0,18600.0,18600.0,17759.138671875,35291600,0.0,0.0
2024-06-19 00:00:00+07:00,18650.0,19200.0,18400.0,19000.0,18141.0546875,51393800,0.0,0.0
2024-06-20 00:00:00+07:00,19150.0,19800.0,19000.0,19700.0,18809.41015625,66042200,0.0,0.0
2024-06-21 00:00:00+07:00,19700.0,19850.0,19350.0,19600.0,18713.931640625,48973500,0.0,0.0
2024-06-24 00:00:00+07:00,19450.0,19600.0,18850.0,18850.0,17997.8359375,45272700,0.0,0.0
2024-06-25 00:00:00+07:00,18850.0,19200.0,18850.0,19000.0,18141.0546875,19532800,0.0,0.0
2024-06-26 00:00:00+07:00,19000.0,19100.0,18550.0,19000.0,18141.0546875,27222600,0.0,0.0
2024-06-27 00:00:00+07:00,19000.0,19050.0,18700.0,19000.0,18141.0546875,25081800,0.0,0.0
2024-06-28 00:00:00+07:00,18950.0,19300.0,18600.0,18650.0,17806.876953125,41520600,0.0,0.0
2024-07-01 00:00:00+07:00,18650.0,19050.0,18500.0,19000.0,18141.0546875,16520100,0.0,0.0
2024-07-02 00:00:00+07:00,19000.0,19200.0,18800.0,18950.0,18093.31640625,16424000,0.0,0.0
2024-07-03 00:00:00+07:00,19000.0,19200.0,18750.0,19000.0,18141.0546875,20129200,0.0,0.0
2024-07-04 00:00:00+07:00,19150.0,19450.0,19050.0,19050.0,18188.794921875,26247200,0.0,0.0
2024-07-05 00:00:00+07:00,19050.0,19300.0,19000.0,19150.0,18284.275390625,18430400,0.0,0.0
2024-07-08 00:00:00+07:00,19200.0,19300.0,19000.0,19050.0,18188.794921875,16156200,0.0,0.0
2024-07-09 00:00:00+07:00,19200.0,19450.0,19000.0,19400.0,18522.97265625,32010600,0.0,0.0
2024-07-10 00:00:00+07:00,19500.0,19550.0,19200.0,19200.0,18332.013671875,15163800,0.0,0.0
2024-07-11 00:00:00+07:00,19200.0,19550.0,19050.0,19050.0,18188.794921875,25226500,0.0,0.0
2024-07-12 00:00:00+07:00,19100.0,19200.0,18950.0,19000.0,18141.0546875,16053100,0.0,0.0
2024-07-15 00:00:00+07:00,19050.0,19100.0,18700.0,18800.0,17950.09765625,16131600,0.0,0.0
2024-07-16 00:00:00+07:00,18900.0,19100.0,18800.0,19000.0,18141.0546875,17481000,0.0,0.0
2024-07-17 00:00:00+07:00,19000.0,19400.0,18800.0,19000.0,18141.0546875,34909100,0.0,0.0
2024-07-18 00:00:00+07:00,19000.0,19100.0,18650.0,19050.0,18188.794921875,15897100,0.0,0.0
2024-07-19 00:00:00+07:00,19000.0,19200.0,18800.0,18800.0,17950.09765625,16979400,0.0,0.0
2024-07-22 00:00:00+07:00,18800.0,19050.0,18650.0,18800.0,17950.09765625,15847000,0.0,0.0
2024-07-23 00:00:00+07:00,18850.0,18900.0,18200.0,18400.0,17568.1796875,17890000,0.0,0.0
2024-07-24 00:00:00+07:00,18350.0,18600.0,18200.0,18500.0,17663.66015625,13366800,0.0,0.0
2024-07-25 00:00:00+07:00,18400.0,18500.0,18300.0,18350.0,17520.439453125,10459200,0.0,0.0
2024-07-26 00:00:00+07:00,18400.0,18500.0,18300.0,18400.0,17568.1796875,7748600,0.0,0.0
2024-07-29 00:00:00+07:00,18500.0,18600.0,18400.0,18400.0,17568.1796875,6226600,0.0,0.0
2024-07-30 00:00:00+07:00,18400.0,18700.0,18300.0,18550.0,17711.3984375,12800200,0.0,0.0
2024-07-31 00:00:00+07:00,18600.0,19150.0,18600.0,19000.0,18141.0546875,35033400,0.0,0.0
2024-08-01 00:00:00+07:00,19150.0,19150.0,18450.0,18550.0,17711.3984375,15647200,0.0,0.0
2024-08-02 00:00:00+07:00,18500.0,18750.0,18350.0,18750.0,17902.357421875,14027800,0.0,0.0
2024-08-05 00:00:00+07:00,18400.0,18600.0,17950.0,18150.0,17329.482421875,28580900,0.0,0.0
2024-08-06 00:00:00+07:00,18350.0,18500.0,18100.0,18350.0,17520.439453125,13180000,0.0,0.0
2024-08-07 00:00:00+07:00,18400.0,18400.0,18000.0,18000.0,17186.26171875,13538000,0.0,0.0
2024-08-08 00:00:00+07:00,17900.0,18000.0,17500.0,17850.0,17043.044921875,21942400,0.0,0.0
2024-08-09 00:00:00+07:00,17850.0,18100.0,17800.0,18000.0,17186.26171875,10704400,0.0,0.0
2024-08-12 00:00:00+07:00,18000.0,18150.0,17800.0,18150.0,17329.482421875,12636700,0.0,0.0
2024-08-13 00:00:00+07:00,18100.0,18200.0,17950.0,18150.0,17329.482421875,10643300,0.0,0.0
2024-08-14 00:00:00+07:00,18150.0,18200.0,18000.0,18000.0,17186.26171875,8233100,0.0,0.0
2024-08-15 00:00:00+07:00,18000.0,18100.0,17950.0,18000.0,17186.26171875,7537900,0.0,0.0
2024-08-16 00:00:00+07:00,18050.0,18450.0,18000.0,18400.0,17568.1796875,23592000,0.0,0.0
2024-08-19 00:00:00+07:00,18400.0,18600.0,18400.0,18450.0,17615.91796875,12496800,0.0,0.0
2024-08-20 00:00:00+07:00,18450.0,18650.0,18400.0,18600.0,17759.138671875,18245300,0.0,0.0
2024-08-21 00:00:00+07:00,18500.0,18850.0,18450.0,18750.0,17902.357421875,33804500,0.0,0.0
2024-08-22 00:00:00+07:00,18750.0,18850.0,18600.0,18750.0,17902.357421875,13069100,0.0,0.0
2024-08-23 00:00:00+07:00,18800.0,19000.0,18700.0,18750.0,17902.357421875,23789000,0.0,0.0
2024-08-26 00:00:00+07:00,18800.0,19300.0,18800.0,19000.0,18141.0546875,39610000,0.0,0.0
2024-08-27 00:00:00+07:00,19100.0,19150.0,18950.0,19000.0,18141.0546875,15396700,0.0,0.0
2024-08-28 00:00:00+07:00,19000.0,19100.0,18900.0,18950.0,18093.31640625,13771100,0.0,0.0
2024-08-29 00:00:00+07:00,18950.0,19350.0,18900.0,18950.0,18093.31640625,23609900,0.0,0.0
2024-08-30 00:00:00+07:00,19100.0,19100.0,18950.0,18950.0,18093.31640625,11969500,0.0,0.0
2024-09-04 00:00:00+07:00,18800.0,18800.0,18500.0,18500.0,17663.66015625,23328500,0.0,0.0
2024-09-05 00:00:00+07:00,18550.0,18550.0,18300.0,18300.0,17472.701171875,15906000,0.0,0.0
2024-09-06 00:00:00+07:00,18300.0,18450.0,18200.0,18450.0,17615.91796875,15016900,0.0,0.0
2024-09-09 00:00:00+07:00,18400.0,18450.0,18250.0,18350.0,17520.439453125,15693400,0.0,0.0
2024-09-10 00:00:00+07:00,18400.0,18450.0,18100.0,18150.0,17329.482421875,20585600,0.0,0.0
2024-09-11 00:00:00+07:00,18100.0,18300.0,18050.0,18250.0,17424.9609375,11712500,0.0,0.0
2024-09-12 00:00:00+07:00,18250.0,18600.0,18250.0,18500.0,17663.66015625,22640600,0.0,0.0
2024-09-13 00:00:00+07:00,18500.0,18550.0,18300.0,18450.0,17615.91796875,9336300,0.0,0.0
2024-09-16 00:00:00+07:00,18400.0,18550.0,18250.0,18350.0,17520.439453125,8949100,0.0,0.0
2024-09-17 00:00:00+07:00,18350.0,18650.0,18300.0,18650.0,17806.876953125,10212200,0.0,0.0
2024-09-18 00:00:00+07:00,18650.0,18800.0,18500.0,18650.0,17806.876953125,22132500,0.0,0.0
2024-09-19 00:00:00+07:00,18650.0,18800.0,18650.0,18750.0,17902.357421875,17466800,0.0,0.0
2024-09-20 00:00:00+07:00,18800.0,19100.0,18800.0,18950.0,18093.31640625,52246200,0.0,0.0
2024-09-23 00:00:00+07:00,19000.0,19200.0,18900.0,19000.0,18141.0546875,29074100,0.0,0.0
2024-09-24 00:00:00+07:00,19000.0,19200.0,18950.0,19200.0,18332.013671875,37613000,0.0,0.0
2024-09-25 00:00:00+07:00,19300.0,19550.0,19200.0,19450.0,18570.7109375,45912400,0.0,0.0
2024-09-26 00:00:00+07:00,19500.0,19850.0,19350.0,19600.0,18713.931640625,55121600,0.0,0.0
2024-09-27 00:00:00+07:00,19700.0,20150.0,19600.0,19750.0,18857.1484375,62864300,0.0,0.0
2024-09-30 00:00:00+07:00,19700.0,20150.0,19650.0,20100.0,19191.326171875,26723800,0.0,0.0
2024-10-01 00:00:00+07:00,20100.0,20300.0,19850.0,19900.0,19000.369140625,33052600,0.0,0.0
2024-10-02 00:00:00+07:00,19800.0,19900.0,19600.0,19700.0,18809.41015625,37579900,0.0,0.0
2024-10-03 00:00:00+07:00,19800.0,20450.0,19800.0,20000.0,19095.849609375,49868500,0.0,0.0
2024-10-04 00:00:00+07:00,20000.0,20450.0,19950.0,20000.0,19095.849609375,34247700,0.0,0.0
2024-10-07 00:00:00+07:00,20100.0,20150.0,19700.0,20000.0,19095.849609375,25931500,0.0,0.0
2024-10-08 00:00:00+07:00,20000.0,20150.0,19850.0,20100.0,19191.326171875,27923200,0.0,0.0
2024-10-09 00:00:00+07:00,20000.0,20300.0,20000.0,20250.0,19334.546875,49592300,0.0,0.0
2024-10-10 00:00:00+07:00,20350.0,20700.0,20300.0,20550.0,19620.984375,45236500,0.0,0.0
2024-10-11 00:00:00+07:00,20500.0,20700.0,20350.0,20700.0,19764.203125,22150500,0.0,0.0
2024-10-14 00:00:00+07:00,20800.0,20800.0,20400.0,20650.0,19716.4609375,22645500,0.0,0.0
2024-10-15 00:00:00+07:00,20500.0,21050.0,20500.0,20850.0,19907.419921875,44778300,0.0,0.0
2024-10-16 00:00:00+07:00,20800.0,20900.0,20650.0,20850.0,19907.419921875,17841900,0.0,0.0
2024-10-17 00:00:00+07:00,20850.0,20950.0,20700.0,20900.0,19955.162109375,22772200,0.0,0.0
2024-10-18 00:00:00+07:00,20850.0,20950.0,20550.0,20550.0,19620.984375,24407500,0.0,0.0
2024-10-21 00:00:00+07:00,20550.0,20750.0,20400.0,20650.0,19716.4609375,18193500,0.0,0.0
2024-10-22 00:00:00+07:00,20600.0,20650.0,20300.0,20600.0,19668.72265625,22323400,0.0,0.0
2024-10-23 00:00:00+07:00,20500.0,20550.0,20300.0,20450.0,19525.505859375,15969500,0.0,0.0
2024-10-24 00:00:00+07:00,20400.0,20450.0,20000.0,20000.0,19095.849609375,26049600,0.0,0.0
2024-10-25 00:00:00+07:00,20100.0,20200.0,20000.0,20100.0,19191.326171875,16940400,0.0,0.0
2024-10-28 00:00:00+07:00,20000.0,20100.0,19900.0,20100.0,19191.326171875,11242600,0.0,0.0
2024-10-29 00:00:00+07:00,20200.0,20300.0,20150.0,20250.0,19334.546875,14155600,0.0,0.0
2024-10-30 00:00:00+07:00,20250.0,20350.0,20150.0,20250.0,19334.546875,9997900,0.0,0.0
2024-10-31 00:00:00+07:00,20250.0,20450.0,20150.0,20450.0,19525.505859375,13914600,0.0,0.0
2024-11-01 00:00:00+07:00,20400.0,20400.0,20050.0,20150.0,19239.06640625,16603900,0.0,0.0
2024-11-04 00:00:00+07:00,20150.0,20200.0,19600.0,19700.0,18809.41015625,30569300,0.0,0.0
2024-11-05 00:00:00+07:00,19550.0,19800.0,19550.0,19700.0,18809.41015625,9956500,0.0,0.0
2024-11-06 00:00:00+07:00,19750.0,19950.0,19700.0,19850.0,18952.62890625,16235900,0.0,0.0
2024-11-07 00:00:00+07:00,19900.0,19950.0,19600.0,19700.0,18809.41015625,13396000,0.0,0.0
2024-11-08 00:00:00+07:00,19800.0,19800.0,19300.0,19500.0,18618.451171875,24424300,0.0,0.0
2024-11-11 00:00:00+07:00,19450.0,19450.0,18950.0,19200.0,18332.013671875,28129900,0.0,0.0
2024-11-12 00:00:00+07:00,19250.0,19250.0,18900.0,19100.0,18236.533203125,15114900,0.0,0.0
2024-11-13 00:00:00+07:00,18950.0,19350.0,18750.0,19350.0,18475.234375,20297800,0.0,0.0
2024-11-14 00:00:00+07:00,19100.0,19200.0,18800.0,19000.0,18141.0546875,12405400,0.0,0.0
2024-11-15 00:00:00+07:00,18850.0,18950.0,18700.0,18700.0,17854.619140625,16699300,0.0,0.0
2024-11-18 00:00:00+07:00,18600.0,18900.0,18450.0,18700.0,17854.619140625,19557500,0.0,0.0
2024-11-19 00:00:00+07:00,18750.0,18800.0,18500.0,18500.0,17663.66015625,11166800,0.0,0.0
2024-11-20 00:00:00+07:00,18400.0,18900.0,18400.0,18700.0,17854.619140625,17682700,0.0,0.0
2024-11-21 00:00:00+07:00,18700.0,19200.0,18600.0,19200.0,18332.013671875,27855200,0.0,0.0
2024-11-22 00:00:00+07:00,19200.0,19300.0,19050.0,19050.0,18188.794921875,18059300,0.0,0.0
2024-11-25 00:00:00+07:00,19050.0,19200.0,19050.0,19050.0,18188.794921875,7649800,0.0,0.0
2024-11-26 00:00:00+07:00,19050.0,19400.0,19050.0,19050.0,18188.794921875,18360500,0.0,0.0
2024-11-27 00:00:00+07:00,19050.0,19200.0,19000.0,19050.0,18188.794921875,6902700,0.0,0.0
2024-11-28 00:00:00+07:00,19200.0,19350.0,19050.0,19050.0,18188.794921875,11978600,0.0,0.0
2024-11-29 00:00:00+07:00,19150.0,19200.0,19000.0,19150.0,18284.275390625,6008400,0.0,0.0
2024-12-02 00:00:00+07:00,19300.0,19300.0,19100.0,19200.0,18332.013671875,6324600,0.0,0.0
2024-12-03 00:00:00+07:00,19150.0,19200.0,19000.0,19200.0,18332.013671875,10874600,0.0,0.0
2024-12-04 00:00:00+07:00,19050.0,19150.0,18950.0,19000.0,18141.0546875,8458600,0.0,0.0
2024-12-05 00:00:00+07:00,19000.0,19500.0,18800.0,19500.0,18618.451171875,31488800,0.0,0.0
2024-12-06 00:00:00+07:00,19500.0,19500.0,19300.0,19350.0,18475.234375,11632800,0.0,0.0
2024-12-09 00:00:00+07:00,19250.0,19550.0,19200.0,19400.0,18522.97265625,19955200,0.0,0.0
2024-12-10 00:00:00+07:00,19400.0,19450.0,19200.0,19250.0,18379.75390625,7241900,0.0,0.0
2024-12-11 00:00:00+07:00,19250.0,19300.0,19050.0,19250.0,18379.75390625,13262400,0.0,0.0
2024-12-12 00:00:00+07:00,19250.0,19550.0,19150.0,19300.0,18427.4921875,23034300,0.0,0.0
2024-12-13 00:00:00+07:00,19200.0,19300.0,19100.0,19150.0,18284.275390625,7750600,0.0,0.0
2024-12-16 00:00:00+07:00,19150.0,19200.0,19000.0,19100.0,18236.533203125,6791900,0.0,0.0
2024-12-17 00:00:00+07:00,19100.0,19150.0,18950.0,18950.0,18093.31640625,8186500,0.0,0.0
2024-12-18 00:00:00+07:00,19000.0,19100.0,18950.0,19000.0,18141.0546875,4843000,0.0,0.0
2024-12-19 00:00:00+07:00,18950.0,18950.0,18600.0,18800.0,17950.09765625,21112100,0.0,0.0
2024-12-20 00:00:00+07:00,18800.0,18900.0,18650.0,18900.0,18045.57421875,6638600,0.0,0.0
2024-12-23 00:00:00+07:00,18950.0,19150.0,18900.0,18950.0,18093.31640625,7737800,0.0,0.0
2024-12-24 00:00:00+07:00,18950.0,19000.0,18750.0,18950.0,18093.31640625,5918600,0.0,0.0
2024-12-25 00:00:00+07:00,18950.0,19300.0,18800.0,19200.0,18332.013671875,14786600,0.0,0.0
2024-12-26 00:00:00+07:00,19250.0,19300.0,19050.0,19250.0,18379.75390625,8211900,0.0,0.0
2024-12-27 00:00:00+07:00,19200.0,19350.0,19100.0,19250.0,18379.75390625,16560300,0.0,0.0
2024-12-30 00:00:00+07:00,19200.0,19250.0,19100.0,19250.0,18379.75390625,6678700,0.0,0.0
2024-12-31 00:00:00+07:00,19250.0,19250.0,19050.0,19200.0,18332.013671875,8163800,0.0,0.0
2025-01-02 00:00:00+07:00,19100.0,19200.0,18950.0,19150.0,18284.275390625,8363400,0.0,0.0
2025-01-03 00:00:00+07:00,19100.0,19100.0,18750.0,18750.0,17902.357421875,10601500,0.0,0.0
2025-01-06 00:00:00+07:00,18750.0,18900.0,18700.0,18800.0,17950.09765625,6917300,0.0,0.0
2025-01-07 00:00:00+07:00,18850.0,18900.0,18700.0,18700.0,17854.619140625,6745900,0.0,0.0
2025-01-08 00:00:00+07:00,18700.0,18900.0,18650.0,18850.0,17997.8359375,4829800,0.0,0.0
2025-01-09 00:00:00+07:00,18900.0,18900.0,18650.0,18700.0,17854.619140625,3978900,0.0,0.0
2025-01-10 00:00:00+07:00,18700.0,18750.0,18450.0,18500.0,17663.66015625,6522500,0.0,0.0
2025-01-13 00:00:00+07:00,18450.0,18500.0,18250.0,18300.0,17472.701171875,8588900,0.0,0.0
2025-01-14 00:00:00+07:00,18250.0,18350.0,18050.0,18150.0,17329.482421875,11010000,0.0,0.0
2025-01-15 00:00:00+07:00,18300.0,18500.0,18200.0,18400.0,17568.1796875,5618700,0.0,0.0
2025-01-16 00:00:00+07:00,18300.0,18500.0,18200.0,18400.0,17568.1796875,5618700,0.0,0.0
2025-01-17 00:00:00+07:00,18400.0,18450.0,18300.0,18450.0,17615.91796875,4423700,0.0,0.0
2025-01-20 00:00:00+07:00,18400.0,18550.0,18350.0,18400.0,17568.1796875,6430800,0.0,0.0
2025-01-21 00:00:00+07:00,18500.0,18500.0,18250.0,18400.0,17568.1796875,11084100,0.0,0.0
2025-01-22 00:00:00+07:00,18400.0,18500.0,18250.0,18350.0,17520.439453125,10799900,0.0,0.0
2025-01-23 00:00:00+07:00,18500.0,18900.0,18400.0,18900.0,18045.57421875,26477400,0.0,0.0
2025-01-24 00:00:00+07:00,18900.0,19000.0,18800.0,18900.0,18045.57421875,11206200,0.0,0.0
2025-01-27 00:00:00+07:00,18900.0,18900.0,18900.0,18900.0,18045.57421875,0,0.0,0.0
2025-01-28 00:00:00+07:00,18900.0,18900.0,18900.0,18900.0,18045.57421875,0,0.0,0.0
2025-01-29 00:00:00+07:00,18900.0,18900.0,18900.0,18900.0,18045.57421875,0,0.0,0.0
2025-01-30 00:00:00+07:00,18900.0,18900.0,18900.0,18900.0,18045.57421875,0,0.0,0.0
2025-01-31 00:00:00+07:00,18900.0,18900.0,18900.0,18900.0,18045.57421875,0,0.0,0.0
2025-02-03 00:00:00+07:00,18800.0,18800.0,18500.0,18500.0,17663.66015625,9498400,0.0,0.0
2025-02-04 00:00:00+07:00,18750.0,18800.0,18550.0,18750.0,17902.357421875,11820000,0.0,0.0
2025-02-05 00:00:00+07:00,18750.0,19100.0,18750.0,19050.0,18188.794921875,12836500,0.0,0.0
2025-02-06 00:00:00+07:00,19100.0,19200.0,18950.0,19050.0,18188.794921875,9985800,0.0,0.0
2025-02-07 00:00:00+07:00,18950.0,19200.0,18900.0,18950.0,18093.31640625,8925500,0.0,0.0
2025-02-10 00:00:00+07:00,18900.0,19100.0,18750.0,18850.0,17997.8359375,13500000,0.0,0.0
2025-02-11 00:00:00+07:00,18850.0,19150.0,18800.0,18900.0,18045.57421875,20352000,0.0,0.0
2025-02-12 00:00:00+07:00,19000.0,19100.0,18800.0,18900.0,18045.57421875,7800900,0.0,0.0
2025-02-13 00:00:00+07:00,18900.0,19000.0,18800.0,18900.0,18045.57421875,8322600,0.0,0.0
2025-02-14 00:00:00+07:00,19100.0,19150.0,19000.0,19000.0,18141.0546875,11535000,0.0,0.0
2025-02-17 00:00:00+07:00,19000.0,19100.0,18850.0,18850.0,17997.8359375,11944500,0.0,0.0
2025-02-18 00:00:00+07:00,18850.0,19200.0,18750.0,18950.0,18093.31640625,18113100,0.0,0.0
2025-02-19 00:00:00+07:00,19000.0,19100.0,18950.0,19050.0,18188.794921875,9257700,0.0,0.0
2025-02-20 00:00:00+07:00,19100.0,19300.0,19000.0,19200.0,18332.013671875,18762900,0.0,0.0
2025-02-21 00:00:00+07:00,19150.0,19600.0,19050.0,19450.0,18570.7109375,42288600,0.0,0.0
2025-02-24 00:00:00+07:00,19400.0,19550.0,19200.0,19550.0,18666.189453125,22721400,0.0,0.0
2025-02-25 00:00:00+07:00,19550.0,19600.0,19250.0,19350.0,18475.234375,14015500,0.0,0.0
2025-02-26 00:00:00+07:00,19350.0,19400.0,19250.0,19250.0,18379.75390625,11212100,0.0,0.0
2025-02-27 00:00:00+07:00,19250.0,19350.0,19050.0,19300.0,18427.4921875,9546600,0.0,0.0
2025-02-28 00:00:00+07:00,19100.0,19400.0,19100.0,19300.0,18427.4921875,9236600,0.0,0.0
2025-03-03 00:00:00+07:00,19350.0,19350.0,19100.0,19200.0,18332.013671875,9400800,0.0,0.0
2025-03-04 00:00:00+07:00,19100.0,19200.0,18950.0,19100.0,18236.533203125,19237100,0.0,0.0
2025-03-05 00:00:00+07:00,19100.0,19350.0,19000.0,19000.0,18141.0546875,16030300,0.0,0.0
2025-03-06 00:00:00+07:00,19050.0,19350.0,19050.0,19150.0,18284.275390625,20891200,0.0,0.0
2025-03-07 00:00:00+07:00,19200.0,19450.0,19150.0,19250.0,18379.75390625,20716400,0.0,0.0
2025-03-10 00:00:00+07:00,19400.0,19650.0,19300.0,19400.0,18522.97265625,34122100,0.0,0.0
2025-03-11 00:00:00+07:00,19250.0,19750.0,19200.0,19700.0,18809.41015625,37545200,0.0,0.0
2025-03-12 00:00:00+07:00,19800.0,19800.0,19500.0,19600.0,18713.931640625,27171700,0.0,0.0
2025-03-13 00:00:00+07:00,19650.0,19650.0,19200.0,19250.0,18379.75390625,16157500,0.0,0.0
2025-03-14 00:00:00+07:00,19300.0,19600.0,19200.0,19600.0,18713.931640625,17673600,0.0,0.0
2025-03-17 00:00:00+07:00,19750.0,20400.0,19600.0,20200.0,19286.8046875,71545100,0.0,0.0
2025-03-18 00:00:00+07:00,20250.0,20300.0,19800.0,19800.0,18904.890625,25977100,0.0,0.0
2025-03-19 00:00:00+07:00,19750.0,19750.0,19400.0,19450.0,18570.7109375,29438700,0.0,0.0
2025-03-20 00:00:00+07:00,19600.0,19700.0,19400.0,19600.0,18713.931640625,18739400,0.0,0.0
2025-03-21 00:00:00+07:00,19600.0,19650.0,19400.0,19500.0,18618.451171875,9370100,0.0,0.0
2025-03-24 00:00:00+07:00,19500.0,19650.0,19250.0,19600.0,18713.931640625,16805100,0.0,0.0
2025-03-25 00:00:00+07:00,19650.0,19700.0,19450.0,19500.0,18618.451171875,11786900,0.0,0.0
2025-03-26 00:00:00+07:00,19500.0,19650.0,19300.0,19350.0,18475.234375,9453500,0.0,0.0
2025-03-27 00:00:00+07:00,19250.0,19450.0,19250.0,19250.0,18379.75390625,6689600,0.0,0.0
2025-03-28 00:00:00+07:00,19250.0,19400.0,19200.0,19250.0,18379.75390625,11134300,0.0,0.0
2025-03-31 00:00:00+07:00,19150.0,19250.0,19000.0,19000.0,18141.0546875,14764100,0.0,0.0
2025-04-01 00:00:00+07:00,19150.0,19200.0,19000.0,19150.0,18284.275390625,8728300,0.0,0.0
2025-04-02 00:00:00+07:00,19150.0,19350.0,19100.0,19150.0,18284.275390625,11401400,0.0,0.0
2025-04-03 00:00:00+07:00,18200.0,18550.0,17850.0,17850.0,17043.044921875,40611200,0.0,0.0
2025-04-04 00:00:00+07:00,16800.0,17450.0,16650.0,17450.0,16661.126953125,46810000,0.0,0.0
2025-04-08 00:00:00+07:00,17000.0,17200.0,16250.0,16250.0,15515.376953125,24697900,0.0,0.0
2025-04-09 00:00:00+07:00,15200.0,16500.0,15150.0,15950.0,15228.9384765625,56107800,0.0,0.0
2025-04-10 00:00:00+07:00,17050.0,17050.0,17050.0,17050.0,16279.2099609375,1665400,0.0,0.0
2025-04-11 00:00:00+07:00,17000.0,17650.0,16800.0,17450.0,16661.126953125,60038400,0.0,0.0
2025-04-14 00:00:00+07:00,17500.0,17700.0,17250.0,17300.0,16517.908203125,28905800,0.0,0.0
2025-04-15 00:00:00+07:00,17200.0,17250.0,16850.0,16900.0,16135.990234375,19615100,0.0,0.0
2025-04-16 00:00:00+07:00,16850.0,17000.0,16700.0,16800.0,16040.5126953125,13818200,0.0,0.0
2025-04-17 00:00:00+07:00,16800.0,16800.0,16350.0,16550.0,15801.8134765625,21615700,0.0,0.0
2025-04-18 00:00:00+07:00,16650.0,17250.0,16650.0,16950.0,16183.7314453125,16480100,0.0,0.0
2025-04-21 00:00:00+07:00,16900.0,17050.0,16700.0,16700.0,15945.0322265625,12080600,0.0,0.0
2025-04-22 00:00:00+07:00,16600.0,16800.0,15550.0,16600.0,15849.5537109375,30670500,0.0,0.0
2025-04-23 00:00:00+07:00,17000.0,17000.0,16700.0,16700.0,15945.0322265625,10954900,0.0,0.0
2025-04-24 00:00:00+07:00,16800.0,16950.0,16650.0,16650.0,15897.29296875,12820700,0.0,0.0
2025-04-25 00:00:00+07:00,16700.0,16750.0,16450.0,16500.0,15754.07421875,24808000,0.0,0.0
2025-04-28 00:00:00+07:00,16700.0,16700.0,16500.0,16550.0,15801.8134765625,9938200,0.0,0.0
2025-04-29 00:00:00+07:00,16600.0,16700.0,16500.0,16550.0,15801.8134765625,14256100,0.0,0.0
2025-04-30 00:00:00+07:00,16550.0,16550.0,16550.0,16550.0,15801.8134765625,0,0.0,0.0
2025-05-01 00:00:00+07:00,16550.0,16550.0,16550.0,16550.0,15801.8134765625,0,0.0,0.0
2025-05-02 00:00:00+07:00,16550.0,16550.0,16550.0,16550.0,15801.8134765625,0,0.0,0.0
2025-05-05 00:00:00+07:00,16550.0,16550.0,16550.0,16550.0,15801.8134765625,0,0.0,0.0
2025-05-06 00:00:00+07:00,16700.0,16750.0,16500.0,16600.0,15849.5537109375,7593000,0.0,0.0
2025-05-07 00:00:00+07:00,16700.0,17200.0,16650.0,16900.0,16135.990234375,25315800,0.0,0.0
2025-05-08 00:00:00+07:00,16950.0,17000.0,16800.0,17000.0,16231.470703125,10235800,0.0,0.0
2025-05-09 00:00:00+07:00,17050.0,17200.0,16950.0,17000.0,16231.470703125,15414400,0.0,0.0
2025-05-12 00:00:00+07:00,17000.0,17000.0,17000.0,17000.0,16231.470703125,0,0.0,0.0
2025-05-13 00:00:00+07:00,17100.0,17450.0,16950.0,17350.0,16565.646484375,36530800,0.0,0.0
2025-05-14 00:00:00+07:00,17650.0,17700.0,17450.0,17700.0,16899.826171875,27752400,0.0,0.0
2025-05-15 00:00:00+07:00,17800.0,18900.0,17750.0,18900.0,18570.15625,95581000,500.0,0.0
2025-05-16 00:00:00+07:00,18650.0,18800.0,18250.0,18550.0,18226.265625,55071300,0.0,0.0
2025-05-19 00:00:00+07:00,18000.0,18850.0,17800.0,18200.0,17882.373046875,64648000,0.0,0.0
2025-05-20 00:00:00+07:00,18000.0,18850.0,17800.0,18200.0,17882.373046875,64648000,0.0,0.0
2025-05-21 00:00:00+07:00,18200.0,18550.0,18150.0,18200.0,17882.373046875,27838100,0.0,0.0
2025-05-22 00:00:00+07:00,18300.0,18800.0,18250.0,18450.0,18128.009765625,68308300,0.0,0.0
2025-05-23 00:00:00+07:00,18500.0,18700.0,18200.0,18300.0,17980.62890625,40934700,0.0,0.0
2025-05-26 00:00:00+07:00,18100.0,18200.0,17300.0,18150.0,17833.24609375,24583500,0.0,0.0
2025-05-27 00:00:00+07:00,18100.0,18200.0,17300.0,18150.0,17833.24609375,24583500,0.0,0.0
2025-05-28 00:00:00+07:00,18150.0,18300.0,18050.0,18100.0,17784.119140625,22988200,0.0,0.0
2025-05-29 00:00:00+07:00,18200.0,18300.0,18000.0,18000.0,17685.86328125,13063100,0.0,0.0
2025-05-30 00:00:00+07:00,18100.0,18550.0,18000.0,18150.0,17833.24609375,46408000,0.0,0.0
2025-06-02 00:00:00+07:00,17950.0,18150.0,17800.0,18000.0,17685.86328125,13488800,0.0,0.0
2025-06-03 00:00:00+07:00,17950.0,18150.0,17800.0,18000.0,17685.86328125,13488800,0.0,0.0
2025-06-04 00:00:00+07:00,18000.0,18000.0,18000.0,18000.0,17685.86328125,0,0.0,0.0
2025-06-05 00:00:00+07:00,18000.0,18000.0,18000.0,18000.0,17685.86328125,0,0.0,0.0
2025-06-06 00:00:00+07:00,18200.0,18400.0,18050.0,18100.0,17784.119140625,12655700,0.0,0.0
2025-06-09 00:00:00+07:00,17750.0,17900.0,17650.0,17850.0,17538.482421875,14015700,0.0,0.0
2025-06-10 00:00:00+07:00,17750.0,17900.0,17650.0,17850.0,17538.482421875,14015700,0.0,0.0
2025-06-11 00:00:00+07:00,17900.0,18200.0,17850.0,17950.0,17636.736328125,20277000,0.0,0.0
2025-06-12 00:00:00+07:00,18050.0,18050.0,17900.0,18000.0,17685.86328125,6795100,0.0,0.0
2025-06-13 00:00:00+07:00,18050.0,18300.0,18050.0,18200.0,17882.373046875,21883000,0.0,0.0
2025-06-16 00:00:00+07:00,18150.0,18800.0,18150.0,18800.0,18471.90234375,71722500,0.0,0.0
2025-06-17 00:00:00+07:00,18150.0,18800.0,18150.0,18800.0,18471.90234375,71722500,0.0,0.0
2025-06-18 00:00:00+07:00,18900.0,19000.0,18600.0,18800.0,18471.90234375,35021100,0.0,0.0
2025-06-19 00:00:00+07:00,18800.0,18950.0,18500.0,18500.0,18177.138671875,23610700,0.0,0.0
2025-06-20 00:00:00+07:00,18500.0,18750.0,18500.0,18500.0,18177.138671875,17971800,0.0,0.0
2025-06-23 00:00:00+07:00,18350.0,18500.0,18250.0,18400.0,18078.8828125,18209500,0.0,0.0
2025-06-24 00:00:00+07:00,18350.0,18500.0,18250.0,18400.0,18078.8828125,18209500,0.0,0.0
2025-06-25 00:00:00+07:00,18550.0,18750.0,18450.0,18550.0,18226.265625,42718000,0.0,0.0
2025-06-26 00:00:00+07:00,18600.0,18700.0,18400.0,18400.0,18078.8828125,17177500,0.0,0.0
2025-06-27 00:00:00+07:00,18500.0,18550.0,18350.0,18350.0,18029.755859375,10934900,0.0,0.0
2025-06-30 00:00:00+07:00,18550.0,18650.0,18500.0,18500.0,18177.138671875,11547500,0.0,0.0
2025-07-01 00:00:00+07:00,18550.0,18650.0,18500.0,18500.0,18177.138671875,11547500,0.0,0.0
2025-07-02 00:00:00+07:00,18500.0,18600.0,18400.0,18450.0,18128.009765625,17060200,0.0,0.0
2025-07-03 00:00:00+07:00,18450.0,18600.0,18350.0,18600.0,18275.392578125,18377700,0.0,0.0
2025-07-04 00:00:00+07:00,18550.0,18850.0,18500.0,18650.0,18324.51953125,47153200,0.0,0.0
2025-07-07 00:00:00+07:00,18900.0,19350.0,18900.0,19300.0,18963.17578125,53672800,0.0,0.0
2025-07-08 00:00:00+07:00,18900.0,19350.0,18900.0,19300.0,18963.17578125,53672800,0.0,0.0
2025-07-09 00:00:00+07:00,19350.0,19600.0,19050.0,19600.0,19257.94140625,45382200,0.0,0.0
2025-07-10 00:00:00+07:00,19800.0,20150.0,19700.0,20050.0,19700.087890625,66441400,0.0,0.0
2025-07-11 00:00:00+07:00,20150.0,20250.0,19900.0,20150.0,19798.341796875,36743400,0.0,0.0
2025-07-14 00:00:00+07:00,20250.0,21200.0,20200.0,21000.0,20633.5078125,63378600,0.0,0.0
2025-07-15 00:00:00+07:00,20250.0,21200.0,20200.0,21000.0,20633.5078125,63378600,0.0,0.0
2025-07-16 00:00:00+07:00,21150.0,21200.0,20750.0,20750.0,20387.87109375,48779100,0.0,0.0
2025-07-17 00:00:00+07:00,20750.0,21000.0,20500.0,20850.0,20486.125,31463400,0.0,0.0
2025-07-18 00:00:00+07:00,21000.0,21300.0,20750.0,20900.0,20535.25390625,49437400,0.0,0.0
2025-07-21 00:00:00+07:00,21600.0,22500.0,21350.0,22300.0,21910.8203125,72588400,0.0,0.0
2025-07-22 00:00:00+07:00,21600.0,22500.0,21350.0,22300.0,21910.8203125,72588400,0.0,0.0
2025-07-23 00:00:00+07:00,22150.0,22600.0,21800.0,22500.0,22107.330078125,41725200,0.0,0.0
2025-07-24 00:00:00+07:00,22800.0,23600.0,22500.0,23350.0,22942.49609375,73950900,0.0,0.0
2025-07-25 00:00:00+07:00,23900.0,23900.0,23150.0,23500.0,23089.87890625,47157800,0.0,0.0
2025-07-28 00:00:00+07:00,24350.0,25150.0,24000.0,25100.0,24661.955078125,57164800,0.0,0.0
2025-07-29 00:00:00+07:00,24350.0,25150.0,24000.0,25100.0,24661.955078125,57164800,0.0,0.0
2025-07-30 00:00:00+07:00,25100.0,25800.0,23550.0,23600.0,23188.1328125,83065000,0.0,0.0
2025-07-31 00:00:00+07:00,23800.0,25250.0,23500.0,25250.0,24809.337890625,70974800,0.0,0.0
2025-08-01 00:00:00+07:00,25800.0,26100.0,25550.0,25800.0,25349.73828125,55195800,0.0,0.0
2025-08-04 00:00:00+07:00,25250.0,26400.0,25250.0,26400.0,25939.267578125,38227100,0.0,0.0
2025-08-05 00:00:00+07:00,25250.0,26400.0,25250.0,26400.0,25939.267578125,38227100,0.0,0.0
2025-08-06 00:00:00+07:00,26650.0,27650.0,25600.0,26500.0,26037.521484375,71760200,0.0,0.0
2025-08-07 00:00:00+07:00,26550.0,27100.0,26300.0,27100.0,26627.05078125,28376400,0.0,0.0
2025-08-08 00:00:00+07:00,27850.0,28950.0,27400.0,28950.0,28444.763671875,62566800,0.0,0.0
2025-08-11 00:00:00+07:00,29500.0,29950.0,29000.0,29600.0,29083.419921875,33778300,0.0,0.0
2025-08-12 00:00:00+07:00,29500.0,29950.0,29000.0,29600.0,29083.419921875,33778300,0.0,0.0
2025-08-13 00:00:00+07:00,29600.0,29800.0,29200.0,29600.0,29083.419921875,35529800,0.0,0.0
2025-08-14 00:00:00+07:00,29300.0,29550.0,28000.0,28800.0,28297.3828125,43486100,0.0,0.0
2025-08-15 00:00:00+07:00,29400.0,30800.0,29200.0,30800.0,30262.478515625,69328900,0.0,0.0
2025-08-18 00:00:00+07:00,32050.0,32550.0,31600.0,32000.0,31441.53515625,46632900,0.0,0.0
2025-08-19 00:00:00+07:00,32050.0,32550.0,31600.0,32000.0,31441.53515625,46632900,0.0,0.0
2025-08-20 00:00:00+07:00,32700.0,34200.0,32700.0,34200.0,33603.140625,21644900,0.0,0.0
2025-08-21 00:00:00+07:00,35600.0,36550.0,33700.0,36550.0,35912.12890625,75558800,0.0,0.0
2025-08-22 00:00:00+07:00,37000.0,38900.0,36700.0,38650.0,37975.48046875,51427900,0.0,0.0
2025-08-25 00:00:00+07:00,35950.0,36000.0,33450.0,33500.0,32915.359375,67974200,0.0,0.0
2025-08-26 00:00:00+07:00,35950.0,36000.0,33450.0,33500.0,32915.359375,67974200,0.0,0.0
2025-08-27 00:00:00+07:00,33050.0,34350.0,32750.0,34300.0,33701.39453125,47968700,0.0,0.0
2025-08-28 00:00:00+07:00,34500.0,34700.0,32500.0,33300.0,32718.84765625,57247900,0.0,0.0
2025-08-29 00:00:00+07:00,33100.0,34200.0,32600.0,34000.0,33406.6328125,37019300,0.0,0.0
2025-09-01 00:00:00+07:00,34000.0,34000.0,34000.0,34000.0,33406.6328125,0,0.0,0.0
2025-09-02 00:00:00+07:00,34000.0,34000.0,34000.0,34000.0,33406.6328125,0,0.0,0.0
2025-09-03 00:00:00+07:00,35150.0,35400.0,34350.0,34500.0,33897.90625,28617800,0.0,0.0
2025-09-04 00:00:00+07:00,35150.0,35400.0,34350.0,34500.0,33897.90625,28617800,0.0,0.0
2025-09-05 00:00:00+07:00,34700.0,35000.0,33800.0,34900.0,34290.92578125,44836900,0.0,0.0
2025-09-08 00:00:00+07:00,33300.0,33350.0,31200.0,31200.0,30655.498046875,58073200,0.0,0.0
2025-09-09 00:00:00+07:00,33300.0,33350.0,31200.0,31200.0,30655.498046875,58073200,0.0,0.0
2025-09-10 00:00:00+07:00,31500.0,32550.0,31350.0,32400.0,31834.5546875,39698200,0.0,0.0
2025-09-11 00:00:00+07:00,32850.0,32950.0,31800.0,32450.0,31883.681640625,22042300,0.0,0.0
2025-09-12 00:00:00+07:00,32050.0,32350.0,30450.0,32250.0,31687.173828125,44389200,0.0,0.0
2025-09-15 00:00:00+07:00,31500.0,32200.0,30950.0,31550.0,30999.388671875,64130100,0.0,0.0
2025-09-16 00:00:00+07:00,31500.0,32200.0,30950.0,31550.0,30999.388671875,64130100,0.0,0.0
2025-09-17 00:00:00+07:00,31550.0,32850.0,31500.0,31700.0,31146.771484375,70212600,0.0,0.0
2025-09-18 00:00:00+07:00,31700.0,31950.0,31000.0,31000.0,30458.98828125,26679300,0.0,0.0
2025-09-19 00:00:00+07:00,31100.0,31250.0,30300.0,30800.0,30262.478515625,26645900,0.0,0.0
2025-09-22 00:00:00+07:00,30350.0,30400.0,29300.0,29500.0,28985.166015625,54206200,0.0,0.0
2025-09-23 00:00:00+07:00,30350.0,30400.0,29300.0,29500.0,28985.166015625,54206200,0.0,0.0
2025-09-24 00:00:00+07:00,29600.0,30650.0,29600.0,29900.0,29378.185546875,27129500,0.0,0.0
2025-09-25 00:00:00+07:00,30100.0,31600.0,29550.0,31600.0,31048.517578125,40528600,0.0,0.0
2025-09-26 00:00:00+07:00,31700.0,31850.0,30900.0,30950.0,30409.861328125,30534200,0.0,0.0
2025-09-29 00:00:00+07:00,30500.0,31200.0,30050.0,31100.0,30557.2421875,33075500,0.0,0.0
2025-09-30 00:00:00+07:00,30500.0,31200.0,30050.0,31100.0,30557.2421875,33075500,0.0,0.0
2025-10-01 00:00:00+07:00,31250.0,31250.0,30300.0,31100.0,30557.2421875,28902200,0.0,0.0
2025-10-02 00:00:00+07:00,31100.0,31550.0,30850.0,30900.0,30360.732421875,16624800,0.0,0.0
2025-10-03 00:00:00+07:00,31100.0,31500.0,30150.0,30150.0,29623.822265625,31474300,0.0,0.0
2025-10-06 00:00:00+07:00,30250.0,31550.0,30000.0,31550.0,30999.388671875,42838700,0.0,0.0
2025-10-07 00:00:00+07:00,30250.0,31550.0,30000.0,31550.0,30999.388671875,42838700,0.0,0.0
2025-10-08 00:00:00+07:00,31900.0,31900.0,30900.0,31050.0,30508.115234375,26704000,0.0,0.0
2025-10-09 00:00:00+07:00,31400.0,31650.0,30700.0,31100.0,30557.2421875,25369900,0.0,0.0
2025-10-10 00:00:00+07:00,31300.0,32100.0,31100.0,32100.0,31539.791015625,39130900,0.0,0.0
2025-10-13 00:00:00+07:00,31600.0,31850.0,31250.0,31700.0,31146.771484375,35739000,0.0,0.0
2025-10-14 00:00:00+07:00,31600.0,31850.0,31250.0,31700.0,31146.771484375,35739000,0.0,0.0
2025-10-15 00:00:00+07:00,31900.0,32850.0,31900.0,32500.0,31932.810546875,57074600,0.0,0.0
2025-10-16 00:00:00+07:00,32750.0,34650.0,32750.0,33700.0,33111.8671875,92652500,0.0,0.0
2025-10-17 00:00:00+07:00,33800.0,33900.0,33200.0,33200.0,32620.59375,30745500,0.0,0.0
2025-10-20 00:00:00+07:00,31550.0,31800.0,29750.0,29750.0,29230.802734375,52634700,0.0,0.0
2025-10-21 00:00:00+07:00,31550.0,31800.0,29750.0,29750.0,29230.802734375,52634700,0.0,0.0
2025-10-22 00:00:00+07:00,29500.0,30650.0,28350.0,30350.0,29820.33203125,54104300,0.0,0.0
2025-10-23 00:00:00+07:00,30450.0,30450.0,29400.0,30450.0,29918.5859375,26715100,0.0,0.0
2025-10-24 00:00:00+07:00,30500.0,30800.0,30000.0,30000.0,29476.439453125,14351400,0.0,0.0
2025-10-27 00:00:00+07:00,29500.0,29800.0,28300.0,28300.0,27806.107421875,23908400,0.0,0.0
2025-10-28 00:00:00+07:00,29500.0,29800.0,28300.0,28300.0,27806.107421875,23908400,0.0,0.0
2025-10-29 00:00:00+07:00,28200.0,29450.0,28050.0,29450.0,28936.0390625,26721300,0.0,0.0
2025-10-30 00:00:00+07:00,29700.0,30300.0,29450.0,29850.0,29329.05859375,25082900,0.0,0.0
2025-10-31 00:00:00+07:00,30250.0,30250.0,28950.0,29200.0,28690.40234375,19085200,0.0,0.0
2025-11-03 00:00:00+07:00,29050.0,29050.0,27600.0,27600.0,27118.32421875,23165800,0.0,0.0
2025-11-04 00:00:00+07:00,27550.0,29500.0,27250.0,29500.0,28985.166015625,31974700,0.0,0.0
2025-11-05 00:00:00+07:00,27550.0,29500.0,27250.0,29500.0,28985.166015625,31974700,0.0,0.0
2025-11-06 00:00:00+07:00,29200.0,29200.0,28400.0,28500.0,28002.6171875,13235900,0.0,0.0
2025-11-07 00:00:00+07:00,28450.0,28500.0,27300.0,27500.0,27020.0703125,23937800,0.0,0.0
2025-11-10 00:00:00+07:00,27400.0,28200.0,27400.0,27500.0,27020.0703125,16818300,0.0,0.0
2025-11-11 00:00:00+07:00,27750.0,27800.0,27400.0,27500.0,27020.0703125,14818100,0.0,0.0
2025-11-12 00:00:00+07:00,27650.0,28300.0,27500.0,28000.0,27511.34375,16274200,0.0,0.0
2025-11-13 00:00:00+07:00,28300.0,28350.0,27750.0,27750.0,27265.70703125,12863200,0.0,0.0
2025-11-14 00:00:00+07:00,27600.0,28200.0,27600.0,27800.0,27314.833984375,11783400,0.0,0.0
2025-11-17 00:00:00+07:00,27950.0,28400.0,27850.0,28100.0,27609.599609375,12074200,0.0,0.0
2025-11-18 00:00:00+07:00,28300.0,28800.0,28150.0,28800.0,28297.3828125,18859400,0.0,0.0
2025-11-19 00:00:00+07:00,28700.0,28750.0,28100.0,28100.0,27609.599609375,16825600,0.0,0.0
2025-11-20 00:00:00+07:00,28250.0,28750.0,28000.0,28550.0,28051.74609375,19548400,0.0,0.0
2025-11-21 00:00:00+07:00,28350.0,28700.0,28000.0,28550.0,28051.74609375,18164600,0.0,0.0
2025-11-24 00:00:00+07:00,28550.0,29200.0,28400.0,29000.0,28493.892578125,18118500,0.0,0.0
2025-11-25 00:00:00+07:00,28950.0,29000.0,28100.0,28200.0,27707.853515625,14577900,0.0,0.0
2025-11-26 00:00:00+07:00,28200.0,29100.0,28200.0,29000.0,28493.892578125,18812900,0.0,0.0
2025-11-27 00:00:00+07:00,29050.0,29500.0,28800.0,29100.0,28592.146484375,14878100,0.0,0.0
2025-11-28 00:00:00+07:00,29100.0,29250.0,28700.0,29250.0,28739.529296875,11904900,0.0,0.0
2025-12-01 00:00:00+07:00,29050.0,29550.0,28850.0,29300.0,28788.65625,11852800,0.0,0.0
2025-12-02 00:00:00+07:00,29250.0,29250.0,28700.0,28900.0,28395.63671875,10412200,0.0,0.0
2025-12-03 00:00:00+07:00,29150.0,30300.0,29000.0,30250.0,29722.076171875,30066400,0.0,0.0
2025-12-04 00:00:00+07:00,29150.0,30300.0,29000.0,30250.0,29722.076171875,30066400,0.0,0.0
2025-12-05 00:00:00+07:00,30250.0,30300.0,29800.0,29850.0,29329.05859375,12515000,0.0,0.0
2025-12-08 00:00:00+07:00,29800.0,30250.0,29550.0,29700.0,29181.67578125,15691000,0.0,0.0
2025-12-09 00:00:00+07:00,29650.0,29700.0,28400.0,28750.0,28248.255859375,25274800,0.0,0.0
2025-12-10 00:00:00+07:00,28750.0,29100.0,28500.0,29000.0,28493.892578125,9284000,0.0,0.0
2025-12-11 00:00:00+07:00,28950.0,29000.0,28150.0,28150.0,27658.7265625,10971700,0.0,0.0
2025-12-12 00:00:00+07:00,28100.0,28200.0,26550.0,26550.0,26086.6484375,21016800,0.0,0.0
2025-12-15 00:00:00+07:00,26600.0,27500.0,26600.0,27500.0,27020.0703125,18306600,0.0,0.0
2025-12-16 00:00:00+07:00,27450.0,28300.0,26800.0,28250.0,27756.98046875,11815200,0.0,0.0
2025-12-17 00:00:00+07:00,28200.0,28300.0,27800.0,28000.0,27511.34375,6311700,0.0,0.0
2025-12-18 00:00:00+07:00,28200.0,28300.0,27800.0,28000.0,27511.34375,6311700,0.0,0.0
2025-12-19 00:00:00+07:00,28250.0,28450.0,28000.0,28450.0,27953.490234375,9896000,0.0,0.0
2025-12-22 00:00:00+07:00,28450.0,29000.0,28100.0,29000.0,28493.892578125,13903800,0.0,0.0
2025-12-23 00:00:00+07:00,29100.0,29400.0,28550.0,28700.0,28199.126953125,12224300,0.0,0.0
2025-12-24 00:00:00+07:00,28600.0,29300.0,28400.0,29300.0,28788.65625,15286500,0.0,0.0
2025-12-25 00:00:00+07:00,28600.0,29300.0,28400.0,29300.0,28788.65625,15286500,0.0,0.0
2025-12-26 00:00:00+07:00,28200.0,28850.0,27350.0,28150.0,27658.7265625,27183600,0.0,0.0
2025-12-29 00:00:00+07:00,28150.0,28300.0,27800.0,28000.0,27511.34375,20347900,0.0,0.0
2025-12-30 00:00:00+07:00,27900.0,29100.0,27900.0,28700.0,28199.126953125,23124400,0.0,0.0
2025-12-31 00:00:00+07:00,28700.0,29000.0,28550.0,28650.0,28150.0,22530100,0.0,0.0
2026-01-01 00:00:00+07:00,28650.0,28650.0,28650.0,28650.0,28150.0,0,0.0,0.0
2026-01-02 00:00:00+07:00,28650.0,28650.0,28650.0,28650.0,28150.0,0,0.0,0.0
2026-01-05 00:00:00+07:00,28650.0,28800.0,27550.0,27900.0,27413.08984375,16194100,0.0,0.0
2026-01-06 00:00:00+07:00,27850.0,28900.0,27650.0,28850.0,28346.509765625,21660200,0.0,0.0
2026-01-07 00:00:00+07:00,29150.0,29750.0,29100.0,29250.0,28739.529296875,34203500,0.0,0.0
2026-01-08 00:00:00+07:00,29300.0,29750.0,29000.0,29250.0,28739.529296875,29952600,0.0,0.0
2026-01-09 00:00:00+07:00,29250.0,29650.0,28200.0,28250.0,27756.98046875,37610200,0.0,0.0
2026-01-12 00:00:00+07:00,28500.0,30200.0,28150.0,30200.0,29672.94921875,49690500,0.0,0.0
2026-01-13 00:00:00+07:00,31300.0,31450.0,30300.0,30500.0,29967.71484375,42211100,0.0,0.0
2026-01-14 00:00:00+07:00,30550.0,30800.0,29200.0,29500.0,28985.166015625,44749400,0.0,0.0
2026-01-15 00:00:00+07:00,29350.0,29400.0,28750.0,29000.0,28493.892578125,34620800,0.0,0.0
2026-01-16 00:00:00+07:00,29300.0,29450.0,28850.0,28900.0,28395.63671875,24981000,0.0,0.0
2026-01-19 00:00:00+07:00,28950.0,29800.0,28900.0,29650.0,29132.548828125,30777100,0.0,0.0
2026-01-20 00:00:00+07:00,30150.0,30950.0,29700.0,29750.0,29230.802734375,48697600,0.0,0.0
2026-01-21 00:00:00+07:00,29650.0,29650.0,29000.0,29050.0,28543.01953125,34082700,0.0,0.0
2026-01-22 00:00:00+07:00,29100.0,29400.0,29050.0,29200.0,28690.40234375,19795300,0.0,0.0
2026-01-23 00:00:00+07:00,29200.0,29300.0,28500.0,28500.0,28002.6171875,31092900,0.0,0.0
2026-01-26 00:00:00+07:00,28600.0,28650.0,27600.0,27750.0,27265.70703125,32470600,0.0,0.0
2026-01-27 00:00:00+07:00,27800.0,28100.0,27700.0,27800.0,27314.833984375,12846500,0.0,0.0
2026-01-28 00:00:00+07:00,27950.0,28300.0,27650.0,27750.0,27265.70703125,14212000,0.0,0.0
2026-01-29 00:00:00+07:00,28000.0,28150.0,27650.0,27650.0,27167.453125,8246800,0.0,0.0
2026-01-30 00:00:00+07:00,27750.0,28000.0,27550.0,28000.0,27511.34375,15839700,0.0,0.0
2026-02-02 00:00:00+07:00,27850.0,28000.0,27250.0,27600.0,27118.32421875,14154800,0.0,0.0
2026-02-03 00:00:00+07:00,27850.0,28000.0,27500.0,27500.0,27020.0703125,15333400,0.0,0.0
2026-02-04 00:00:00+07:00,27500.0,27800.0,27250.0,27750.0,27265.70703125,16720100,0.0,0.0
2026-02-05 00:00:00+07:00,28000.0,28050.0,27400.0,27400.0,26921.814453125,9669100,0.0,0.0
2026-02-06 00:00:00+07:00,27200.0,27250.0,26800.0,26800.0,26332.287109375,18137700,0.0,0.0
2026-02-09 00:00:00+07:00,27000.0,27150.0,26650.0,26750.0,26283.158203125,8770500,0.0,0.0
2026-02-10 00:00:00+07:00,26700.0,27300.0,26350.0,26600.0,26135.77734375,11076900,0.0,0.0
2026-02-11 00:00:00+07:00,26800.0,28300.0,26800.0,28300.0,27806.107421875,28252000,0.0,0.0
2026-02-12 00:00:00+07:00,28350.0,28500.0,28150.0,28250.0,27756.98046875,8140700,0.0,0.0
2026-02-13 00:00:00+07:00,28100.0,28300.0,27900.0,28300.0,27806.107421875,12905500,0.0,0.0
2026-02-16 00:00:00+07:00,28300.0,28300.0,28300.0,28300.0,27806.107421875,0,0.0,0.0
2026-02-17 00:00:00+07:00,28300.0,28300.0,28300.0,28300.0,27806.107421875,0,0.0,0.0
2026-02-18 00:00:00+07:00,28300.0,28300.0,28300.0,28300.0,27806.107421875,0,0.0,0.0
2026-02-19 00:00:00+07:00,28300.0,28300.0,28300.0,28300.0,27806.107421875,0,0.0,0.0
2026-02-20 00:00:00+07:00,28300.0,28300.0,28300.0,28300.0,27806.107421875,0,0.0,0.0
2026-02-23 00:00:00+07:00,28450.0,29150.0,28300.0,28800.0,28297.3828125,15465000,0.0,0.0
2026-02-24 00:00:00+07:00,28700.0,29150.0,28550.0,29000.0,28493.892578125,18101200,0.0,0.0
2026-02-25 00:00:00+07:00,29000.0,29500.0,28800.0,28850.0,28346.509765625,20144800,0.0,0.0
2026-02-26 00:00:00+07:00,29000.0,29200.0,28850.0,28900.0,28395.63671875,13933100,0.0,0.0
2026-02-27 00:00:00+07:00,29050.0,29450.0,28750.0,28950.0,28444.763671875,18002900,0.0,0.0
2026-03-02 00:00:00+07:00,28250.0,28700.0,27950.0,28050.0,27560.470703125,24664300,0.0,0.0
2026-03-03 00:00:00+07:00,28250.0,28700.0,27950.0,28050.0,27560.470703125,24664300,0.0,0.0
2026-03-04 00:00:00+07:00,27350.0,27650.0,26500.0,27150.0,26676.177734375,26580500,0.0,0.0
2026-03-05 00:00:00+07:00,27450.0,28100.0,26950.0,27000.0,26528.796875,21450200,0.0,0.0
2026-03-06 00:00:00+07:00,27000.0,27000.0,26650.0,26650.0,26184.904296875,15454600,0.0,0.0
2026-03-09 00:00:00+07:00,24800.0,25200.0,24800.0,24800.0,24367.189453125,32371300,0.0,0.0
2026-03-10 00:00:00+07:00,26000.0,26000.0,24800.0,25500.0,25054.974609375,30382100,0.0,0.0
2026-03-11 00:00:00+07:00,25500.0,26500.0,25400.0,26450.0,25988.39453125,17296100,0.0,0.0
2026-03-12 00:00:00+07:00,25850.0,26200.0,25500.0,25750.0,25300.611328125,12809200,0.0,0.0
2026-03-13 00:00:00+07:00,25400.0,26000.0,25000.0,25650.0,25202.35546875,13865300,0.0,0.0
2026-03-16 00:00:00+07:00,25700.0,25750.0,25400.0,25500.0,25054.974609375,7467100,0.0,0.0
2026-03-17 00:00:00+07:00,25800.0,26400.0,25700.0,25700.0,25251.484375,9324100,0.0,0.0
2026-03-18 00:00:00+07:00,25950.0,26150.0,25400.0,25600.0,25153.228515625,9271600,0.0,0.0
2026-03-19 00:00:00+07:00,25250.0,25800.0,24950.0,25600.0,25153.228515625,23991600,0.0,0.0
2026-03-20 00:00:00+07:00,25300.0,25900.0,25050.0,25050.0,24612.828125,15978800,0.0,0.0
2026-03-23 00:00:00+07:00,24900.0,24900.0,23900.0,24000.0,23581.15234375,22738500,0.0,0.0
2026-03-24 00:00:00+07:00,24450.0,25650.0,24250.0,25250.0,24809.337890625,29998900,0.0,0.0
2026-03-25 00:00:00+07:00,25950.0,26400.0,25550.0,26300.0,25841.01171875,21942900,0.0,0.0
2026-03-26 00:00:00+07:00,26300.0,26500.0,25850.0,26200.0,25742.7578125,19426700,0.0,0.0
2026-03-27 00:00:00+07:00,26000.0,26550.0,25900.0,26450.0,25988.39453125,11263600,0.0,0.0
2026-03-30 00:00:00+07:00,25650.0,26400.0,25550.0,26100.0,25644.501953125,16541700,0.0,0.0
2026-03-31 00:00:00+07:00,26400.0,26900.0,26250.0,26700.0,26234.03125,19377200,0.0,0.0
2026-04-01 00:00:00+07:00,27300.0,27350.0,26800.0,26800.0,26332.287109375,10288600,0.0,0.0
2026-04-02 00:00:00+07:00,26600.0,26600.0,26000.0,26250.0,25791.884765625,11441500,0.0,0.0
2026-04-03 00:00:00+07:00,26300.0,26400.0,25750.0,25800.0,25349.73828125,16758100,0.0,0.0
2026-04-06 00:00:00+07:00,25800.0,25950.0,25500.0,25600.0,25153.228515625,11093100,0.0,0.0
2026-04-07 00:00:00+07:00,25600.0,26100.0,25500.0,26050.0,25595.375,11428900,0.0,0.0
2026-04-08 00:00:00+07:00,27200.0,27750.0,26650.0,27600.0,27118.32421875,24909900,0.0,0.0
2026-04-09 00:00:00+07:00,27350.0,27500.0,27050.0,27100.0,26627.05078125,11852400,0.0,0.0
2026-04-10 00:00:00+07:00,27500.0,27900.0,27300.0,27300.0,26823.560546875,14448500,0.0,0.0
2026-04-13 00:00:00+07:00,27000.0,27200.0,26800.0,26900.0,26430.541015625,13557000,0.0,0.0
2026-04-14 00:00:00+07:00,27300.0,27750.0,27100.0,27350.0,26872.6875,14453500,0.0,0.0
2026-04-15 00:00:00+07:00,27850.0,27850.0,27250.0,27350.0,26872.6875,12229700,0.0,0.0
2026-04-16 00:00:00+07:00,27300.0,27900.0,27000.0,27600.0,27118.32421875,15412800,0.0,0.0
2026-04-17 00:00:00+07:00,27800.0,28500.0,27650.0,28250.0,27756.98046875,25668400,0.0,0.0
2026-04-20 00:00:00+07:00,28500.0,28500.0,28050.0,28050.0,27560.470703125,14857100,0.0,0.0
2026-04-21 00:00:00+07:00,28000.0,28250.0,27550.0,27550.0,27069.197265625,12776900,0.0,0.0
2026-04-22 00:00:00+07:00,27600.0,27850.0,27400.0,27550.0,27069.197265625,13650100,0.0,0.0
2026-04-23 00:00:00+07:00,27650.0,28100.0,27400.0,27400.0,26921.814453125,12903100,0.0,0.0
2026-04-24 00:00:00+07:00,27400.0,27600.0,27200.0,27250.0,26774.43359375,8708200,0.0,0.0
2026-04-27 00:00:00+07:00,27250.0,27250.0,27250.0,27250.0,26774.43359375,0,0.0,0.0
2026-04-28 00:00:00+07:00,27250.0,27450.0,27000.0,27000.0,26528.796875,7722200,0.0,0.0
2026-04-29 00:00:00+07:00,26800.0,27000.0,26500.0,26500.0,26037.521484375,18791500,0.0,0.0
2026-04-30 00:00:00+07:00,26500.0,26500.0,26500.0,26500.0,26037.521484375,0,0.0,0.0
2026-05-01 00:00:00+07:00,26500.0,26500.0,26500.0,26500.0,26037.521484375,0,0.0,0.0
2026-05-04 00:00:00+07:00,26700.0,27150.0,26700.0,26950.0,26479.66796875,6238600,0.0,0.0
2026-05-05 00:00:00+07:00,26900.0,28000.0,26500.0,28000.0,27511.34375,22244500,0.0,0.0
2026-05-06 00:00:00+07:00,27900.0,28100.0,27550.0,28000.0,27511.34375,18609200,0.0,0.0
2026-05-07 00:00:00+07:00,28000.0,28250.0,27800.0,28150.0,27658.7265625,18127700,0.0,0.0
2026-05-08 00:00:00+07:00,28100.0,28300.0,27900.0,27950.0,27462.216796875,15747600,0.0,0.0
2026-05-11 00:00:00+07:00,27900.0,28100.0,27800.0,27800.0,27314.833984375,14897400,0.0,0.0
2026-05-12 00:00:00+07:00,27750.0,27900.0,27500.0,27850.0,27363.9609375,14565400,0.0,0.0
2026-05-13 00:00:00+07:00,28000.0,28150.0,27700.0,27750.0,27265.70703125,13166100,0.0,0.0
2026-05-14 00:00:00+07:00,27750.0,28650.0,27750.0,28650.0,28150.0,25280800,0.0,0.0
2026-05-15 00:00:00+07:00,28200.0,28250.0,27550.0,27550.0,27550.0,12744400,500.0,0.0
2026-05-18 00:00:00+07:00,27450.0,27500.0,27100.0,27450.0,27450.0,15227700,0.0,0.0
2026-05-19 00:00:00+07:00,27500.0,27500.0,26750.0,26750.0,26750.0,19221900,0.0,0.0
2026-05-20 00:00:00+07:00,26700.0,26800.0,25650.0,26700.0,26700.0,24208300,0.0,0.0
2026-05-21 00:00:00+07:00,26900.0,27150.0,26550.0,27000.0,27000.0,10367000,0.0,0.0
2026-05-22 00:00:00+07:00,27000.0,27000.0,26550.0,26800.0,26800.0,7815500,0.0,0.0
2026-05-25 00:00:00+07:00,26800.0,27300.0,26800.0,27000.0,27000.0,8099400,0.0,0.0
2026-05-26 00:00:00+07:00,27000.0,27800.0,26900.0,27600.0,27600.0,15075400,0.0,0.0
2026-05-27 00:00:00+07:00,27650.0,28250.0,27550.0,28050.0,28050.0,21261000,0.0,0.0
2026-05-28 00:00:00+07:00,28050.0,28100.0,27300.0,27300.0,27300.0,12835600,0.0,0.0
2026-05-29 00:00:00+07:00,27200.0,27400.0,27050.0,27100.0,27100.0,12537100,0.0,0.0
2026-06-01 00:00:00+07:00,27000.0,27200.0,26950.0,26950.0,26950.0,7009500,0.0,0.0
2026-06-02 00:00:00+07:00,26950.0,27100.0,26200.0,26450.0,26450.0,16345300,0.0,0.0
2026-06-03 00:00:00+07:00,26400.0,26750.0,26100.0,26450.0,26450.0,12339400,0.0,0.0
2026-06-04 00:00:00+07:00,26550.0,26600.0,26250.0,26500.0,26500.0,7702400,0.0,0.0
2026-06-05 00:00:00+07:00,26500.0,26700.0,26300.0,26450.0,26450.0,6898800,0.0,0.0
2026-06-08 00:00:00+07:00,26150.0,26250.0,25600.0,25600.0,25600.0,14124400,0.0,0.0
2026-06-09 00:00:00+07:00,25600.0,26050.0,25600.0,25900.0,25900.0,9222900,0.0,0.0
2026-06-10 00:00:00+07:00,25850.0,26150.0,25800.0,26050.0,26050.0,10242500,0.0,0.0
2026-06-11 00:00:00+07:00,25900.0,26050.0,25700.0,26000.0,26000.0,8711700,0.0,0.0
2026-06-12 00:00:00+07:00,26500.0,26500.0,25950.0,26000.0,26000.0,12467100,0.0,0.0
2026-06-15 00:00:00+07:00,26500.0,26500.0,26000.0,26250.0,26250.0,19473200,0.0,0.0
2026-06-16 00:00:00+07:00,26500.0,26650.0,26200.0,26350.0,26350.0,13094700,0.0,0.0
2026-06-17 00:00:00+07:00,26350.0,26800.0,26250.0,26500.0,26500.0,15641900,0.0,0.0
2026-06-18 00:00:00+07:00,26500.0,26550.0,26250.0,26400.0,26400.0,10095500,0.0,0.0
2026-06-19 00:00:00+07:00,26300.0,26400.0,25850.0,25900.0,25900.0,14326900,0.0,0.0
2026-06-22 00:00:00+07:00,25900.0,26050.0,25800.0,26000.0,26000.0,6206700,0.0,0.0
2026-06-23 00:00:00+07:00,26150.0,27250.0,26050.0,26550.0,26550.0,23143600,0.0,0.0
2026-06-24 00:00:00+07:00,26550.0,26800.0,26200.0,26550.0,26550.0,12665100,0.0,0.0
2026-06-25 00:00:00+07:00,26450.0,26850.0,26450.0,26700.0,26700.0,5889800,0.0,0.0
2026-06-26 00:00:00+07:00,26750.0,26750.0,26350.0,26750.0,26750.0,7818600,0.0,0.0
2026-06-29 00:00:00+07:00,26800.0,27150.0,26800.0,27050.0,27050.0,12693500,0.0,0.0
2026-06-30 00:00:00+07:00,27100.0,27150.0,27000.0,27000.0,27000.0,6681700,0.0,0.0
2026-07-01 00:00:00+07:00,27100.0,27150.0,27000.0,27000.0,27000.0,6681700,0.0,0.0
2026-07-02 00:00:00+07:00,27850.0,28000.0,27450.0,27700.0,27700.0,12453200,0.0,0.0
2026-07-03 00:00:00+07:00,27700.0,27850.0,27450.0,27800.0,27800.0,11584000,0.0,0.0
2026-07-06 00:00:00+07:00,27800.0,27950.0,26950.0,27450.0,27450.0,14582500,0.0,0.0
2026-07-07 00:00:00+07:00,27350.0,27700.0,27250.0,27600.0,27600.0,8051500,0.0,0.0
2026-07-08 00:00:00+07:00,27600.0,28100.0,27500.0,27750.0,27750.0,18004600,0.0,0.0
2026-07-09 00:00:00+07:00,27650.0,27700.0,27250.0,27250.0,27250.0,9817200,0.0,0.0
2026-07-10 00:00:00+07:00,27200.0,27250.0,26700.0,26700.0,26700.0,14081800,0.0,0.0
2026-07-13 00:00:00+07:00,26450.0,26450.0,25800.0,26400.0,26400.0,21924200,0.0,0.0
2026-07-14 00:00:00+07:00,26250.0,26500.0,25900.0,26500.0,26500.0,14462900,0.0,0.0
2026-07-15 00:00:00+07:00,26500.0,26500.0,25800.0,25800.0,25800.0,12957400,0.0,0.0
2026-07-16 00:00:00+07:00,25800.0,26250.0,25050.0,26000.0,26000.0,22414600,0.0,0.0
2026-07-17 00:00:00+07:00,25950.0,26550.0,25700.0,25850.0,25850.0,11440800,0.0,0.0
2026-07-20 00:00:00+07:00,25850.0,26000.0,24600.0,25000.0,25000.0,22577700,0.0,0.0
2026-07-21 00:00:00+07:00,24800.0,25450.0,24800.0,25350.0,25350.0,13683400,0.0,0.0
2026-07-22 00:00:00+07:00,25350.0,25550.0,24450.0,25000.0,25000.0,26398100,0.0,0.0
2026-07-23 00:00:00+07:00,24850.0,25150.0,24000.0,25000.0,25000.0,19164900,0.0,0.0
2026-07-24 00:00:00+07:00,24400.0,24950.0,24350.0,24950.0,24950.0,12405700,0.0,0.0
2026-07-27 00:00:00+07:00,24900.0,25000.0,24350.0,24550.0,24550.0,12699000,0.0,0.0
2026-07-28 00:00:00+07:00,24100.0,24700.0,23950.0,24600.0,24600.0,12046500,0.0,0.0
2026-07-29 00:00:00+07:00,24350.0,24550.0,24200.0,24350.0,24350.0,10055400,0.0,0.0
2026-07-30 00:00:00+07:00,24500.0,25050.0,24400.0,25000.0,25000.0,13162500,0.0,0.0
2026-07-31 00:00:00+07:00,25200.0,25500.0,24800.0,24800.0,24800.0,12104700,0.0,0.0
2026-08-03 00:00:00+07:00,24900.0,25600.0,24900.0,25500.0,25500.0,13595900,0.0,0.0
2026-08-04 00:00:00+07:00,25600.0,25650.0,25350.0,25650.0,25650.0,11402500,0.0,0.0
2026-08-05 00:00:00+07:00,25600.0,26000.0,25500.0,25500.0,25500.0,13987100,0.0,0.0
2026-08-06 00:00:00+07:00,25500.0,25500.0,25000.0,25150.0,25150.0,14053700,0.0,0.0
2026-08-07 00:00:00+07:00,24900.0,25100.0,24650.0,25000.0,25000.0,24187100,0.0,0.0
2026-08-10 00:00:00+07:00,25100.0,25850.0,25100.0,25850.0,25850.0,17881200,0.0,0.0
2026-08-11 00:00:00+07:00,25900.0,26000.0,25500.0,25500.0,25500.0,9988200,0.0,0.0
2026-08-12 00:00:00+07:00,25550.0,25800.0,25350.0,25700.0,25700.0,7494700,0.0,0.0
2026-08-13 00:00:00+07:00,25750.0,25800.0,25200.0,25350.0,25350.0,13839600,0.0,0.0
2026-08-14 00:00:00+07:00,25100.0,25350.0,24850.0,25100.0,25100.0,13926300,0.0,0.0
2026-08-17 00:00:00+07:00,24900.0,25200.0,24750.0,24750.0,24750.0,12064300,0.0,0.0
2026-08-18 00:00:00+07:00,24750.0,24950.0,24500.0,24900.0,24900.0,18835800,0.0,0.0
2026-08-19 00:00:00+07:00,24800.0,24950.0,24600.0,24850.0,24850.0,9828400,0.0,0.0
2026-08-20 00:00:00+07:00,24900.0,25050.0,24800.0,24900.0,24900.0,10121700,0.0,0.0
2026-08-21 00:00:00+07:00,24900.0,25700.0,24750.0,25700.0,25700.0,13914800,0.0,0.0
2026-08-24 00:00:00+07:00,26100.0,26500.0,25900.0,26350.0,26350.0,19279300,0.0,0.0
2026-08-25 00:00:00+07:00,26300.0,26650.0,26150.0,26400.0,26400.0,16309200,0.0,0.0
2026-08-26 00:00:00+07:00,26250.0,26800.0,26100.0,26750.0,26750.0,16398100,0.0,0.0
2026-08-27 00:00:00+07:00,26700.0,27450.0,26700.0,27400.0,27400.0,29962700,0.0,0.0
2026-08-28 00:00:00+07:00,27100.0,27900.0,27100.0,27800.0,27800.0,28676500,0.0,0.0
2026-08-31 00:00:00+07:00,27800.0,27800.0,27800.0,27800.0,27800.0,0,0.0,0.0
