Date,Open,High,Low,Close,Adj Close,Volume,Dividends,Stock Splits
2020-01-01 00:00:00+07:00,34000.0,34000.0,34000.0,34000.0,32835.6171875,0,0.0,0.0
2020-01-02 00:00:00+07:00,33800.0,34450.0,33800.0,34350.0,33173.62890625,581190,0.0,0.0
2020-01-03 00:00:00+07:00,34300.0,34650.0,34100.0,34600.0,33415.0703125,1272890,0.0,0.0
2020-01-06 00:00:00+07:00,34500.0,34500.0,33500.0,33650.0,32497.603515625,682790,0.0,0.0
2020-01-07 00:00:00+07:00,33650.0,33950.0,33600.0,33950.0,32787.328125,356780,0.0,0.0
2020-01-08 00:00:00+07:00,33400.0,33500.0,32600.0,32700.0,31580.13671875,919210,0.0,0.0
2020-01-09 00:00:00+07:00,33350.0,34000.0,33300.0,34000.0,32835.6171875,1054800,0.0,0.0
2020-01-10 00:00:00+07:00,34000.0,34100.0,33550.0,33950.0,32787.328125,543040,0.0,0.0
2020-01-13 00:00:00+07:00,34000.0,34000.0,33600.0,33750.0,32594.177734375,417280,0.0,0.0
2020-01-14 00:00:00+07:00,33850.0,34000.0,33750.0,33750.0,32594.177734375,562730,0.0,0.0
2020-01-15 00:00:00+07:00,33800.0,33800.0,33200.0,33200.0,32063.013671875,549700,0.0,0.0
2020-01-16 00:00:00+07:00,33700.0,33700.0,32750.0,32800.0,31676.712890625,979630,0.0,0.0
2020-01-17 00:00:00+07:00,33150.0,33150.0,32500.0,32600.0,31483.5625,872560,0.0,0.0
2020-01-20 00:00:00+07:00,32400.0,32450.0,31850.0,32000.0,30904.109375,1070940,0.0,0.0
2020-01-21 00:00:00+07:00,32000.0,32700.0,32000.0,32600.0,31483.5625,908080,0.0,0.0
2020-01-22 00:00:00+07:00,32500.0,32800.0,32300.0,32600.0,31483.5625,932500,0.0,0.0
2020-01-23 00:00:00+07:00,32600.0,32600.0,32600.0,32600.0,31483.5625,0,0.0,0.0
2020-01-24 00:00:00+07:00,32600.0,32600.0,32600.0,32600.0,31483.5625,0,0.0,0.0
2020-01-27 00:00:00+07:00,32600.0,32600.0,32600.0,32600.0,31483.5625,0,0.0,0.0
2020-01-28 00:00:00+07:00,32600.0,32600.0,32600.0,32600.0,31483.5625,0,0.0,0.0
2020-01-29 00:00:00+07:00,32600.0,32600.0,32600.0,32600.0,31483.5625,0,0.0,0.0
2020-01-30 00:00:00+07:00,32000.0,32100.0,30700.0,30950.0,29890.068359375,2002220,0.0,0.0
2020-01-31 00:00:00+07:00,30950.0,31300.0,30050.0,30050.0,29020.890625,2322570,0.0,0.0
2020-02-03 00:00:00+07:00,28000.0,30300.0,27950.0,30200.0,29165.75390625,1977600,0.0,0.0
2020-02-04 00:00:00+07:00,29700.0,30150.0,28700.0,29250.0,28248.287109375,2239180,0.0,0.0
2020-02-05 00:00:00+07:00,30200.0,30200.0,28800.0,28950.0,27958.5625,2036300,0.0,0.0
2020-02-06 00:00:00+07:00,28800.0,30950.0,28800.0,30950.0,29890.068359375,3660600,0.0,0.0
2020-02-07 00:00:00+07:00,31050.0,32250.0,30800.0,32000.0,30904.109375,2423940,0.0,0.0
2020-02-10 00:00:00+07:00,31500.0,31500.0,31000.0,31100.0,30034.931640625,611640,0.0,0.0
2020-02-11 00:00:00+07:00,31000.0,31650.0,30500.0,31400.0,30324.658203125,2573890,0.0,0.0
2020-02-12 00:00:00+07:00,31850.0,31850.0,31250.0,31250.0,30179.794921875,982950,0.0,0.0
2020-02-13 00:00:00+07:00,31000.0,31450.0,31000.0,31450.0,30372.9453125,862410,0.0,0.0
2020-02-14 00:00:00+07:00,31450.0,32200.0,31300.0,31750.0,30662.671875,1388080,0.0,0.0
2020-02-17 00:00:00+07:00,31800.0,31800.0,31200.0,31400.0,30324.658203125,562430,0.0,0.0
2020-02-18 00:00:00+07:00,31300.0,31500.0,30500.0,30550.0,29503.767578125,1019810,0.0,0.0
2020-02-19 00:00:00+07:00,30500.0,30550.0,29800.0,30150.0,29117.466796875,1562980,0.0,0.0
2020-02-20 00:00:00+07:00,30550.0,30900.0,30300.0,30900.0,29841.78125,1626950,0.0,0.0
2020-02-21 00:00:00+07:00,30700.0,30900.0,30700.0,30700.0,29648.630859375,697440,0.0,0.0
2020-02-24 00:00:00+07:00,29100.0,30400.0,29100.0,29350.0,28344.86328125,1391850,0.0,0.0
2020-02-25 00:00:00+07:00,29000.0,29450.0,28800.0,29200.0,28200.0,1014900,0.0,0.0
2020-02-26 00:00:00+07:00,29000.0,29500.0,28750.0,29000.0,28006.849609375,1028780,0.0,0.0
2020-02-27 00:00:00+07:00,28850.0,29100.0,28750.0,29000.0,28006.849609375,1254940,0.0,0.0
2020-02-28 00:00:00+07:00,28500.0,28800.0,28050.0,28500.0,27523.97265625,1824830,0.0,0.0
2020-03-02 00:00:00+07:00,28500.0,28950.0,28200.0,28550.0,27572.259765625,929150,0.0,0.0
2020-03-03 00:00:00+07:00,29050.0,29050.0,28450.0,28450.0,27475.685546875,1767430,0.0,0.0
2020-03-05 00:00:00+07:00,28650.0,29000.0,28600.0,28600.0,27620.548828125,859920,0.0,0.0
2020-03-06 00:00:00+07:00,28700.0,28700.0,28200.0,28500.0,27523.97265625,805500,0.0,0.0
2020-03-09 00:00:00+07:00,26750.0,27500.0,26550.0,26550.0,25640.75390625,2164550,0.0,0.0
2020-03-10 00:00:00+07:00,25300.0,26950.0,25150.0,26400.0,25495.890625,3031510,0.0,0.0
2020-03-11 00:00:00+07:00,26400.0,26400.0,24600.0,26000.0,25109.58984375,4211430,0.0,0.0
2020-03-12 00:00:00+07:00,24200.0,24950.0,24200.0,24200.0,23371.232421875,2976280,0.0,0.0
2020-03-13 00:00:00+07:00,22550.0,24300.0,22550.0,24200.0,23371.232421875,4742820,0.0,0.0
2020-03-16 00:00:00+07:00,24500.0,24500.0,22550.0,23700.0,22888.35546875,1752440,0.0,0.0
2020-03-17 00:00:00+07:00,22500.0,22700.0,22050.0,22100.0,21343.150390625,2066890,0.0,0.0
2020-03-18 00:00:00+07:00,22000.0,22300.0,21250.0,22100.0,21343.150390625,1935850,0.0,0.0
2020-03-19 00:00:00+07:00,21000.0,22000.0,20700.0,21900.0,21150.0,2175340,0.0,0.0
2020-03-20 00:00:00+07:00,21900.0,21900.0,20400.0,20400.0,19701.369140625,2758320,0.0,0.0
2020-03-23 00:00:00+07:00,19200.0,19450.0,19000.0,19000.0,18349.314453125,401880,0.0,0.0
2020-03-24 00:00:00+07:00,17700.0,18000.0,17700.0,17700.0,17093.8359375,6890560,0.0,0.0
2020-03-25 00:00:00+07:00,18300.0,18900.0,16900.0,18900.0,18252.740234375,4747820,0.0,0.0
2020-03-26 00:00:00+07:00,18500.0,20200.0,18000.0,20000.0,19315.068359375,4553180,0.0,0.0
2020-03-27 00:00:00+07:00,19400.0,20400.0,18600.0,20400.0,19701.369140625,5480540,0.0,0.0
2020-03-30 00:00:00+07:00,19000.0,19250.0,19000.0,19000.0,18349.314453125,2275750,0.0,0.0
2020-03-31 00:00:00+07:00,18700.0,20300.0,18550.0,19150.0,18494.177734375,3565970,0.0,0.0
2020-04-01 00:00:00+07:00,19000.0,19700.0,18100.0,19250.0,18590.75390625,930870,0.0,0.0
2020-04-02 00:00:00+07:00,19250.0,19250.0,19250.0,19250.0,18590.75390625,0,0.0,0.0
2020-04-03 00:00:00+07:00,19400.0,19700.0,18900.0,19500.0,18832.19140625,2522290,0.0,0.0
2020-04-06 00:00:00+07:00,19950.0,20850.0,19850.0,20850.0,20135.958984375,4515950,0.0,0.0
2020-04-07 00:00:00+07:00,21500.0,22300.0,21100.0,22300.0,21536.30078125,3715760,0.0,0.0
2020-04-08 00:00:00+07:00,21900.0,22500.0,21300.0,22500.0,21729.453125,3361700,0.0,0.0
2020-04-09 00:00:00+07:00,22300.0,24050.0,22300.0,23700.0,22888.35546875,4761190,0.0,0.0
2020-04-10 00:00:00+07:00,23700.0,24000.0,23000.0,23800.0,22984.931640625,2027970,0.0,0.0
2020-04-13 00:00:00+07:00,23700.0,25450.0,23700.0,25450.0,24578.42578125,2382640,0.0,0.0
2020-04-14 00:00:00+07:00,25450.0,27200.0,24800.0,26200.0,25302.740234375,3054710,0.0,0.0
2020-04-15 00:00:00+07:00,26300.0,26700.0,25650.0,26100.0,25206.1640625,2686900,0.0,0.0
2020-04-16 00:00:00+07:00,25650.0,26500.0,25350.0,26500.0,25592.466796875,2924260,0.0,0.0
2020-04-17 00:00:00+07:00,26500.0,27200.0,26200.0,26500.0,25592.466796875,4348970,0.0,0.0
2020-04-20 00:00:00+07:00,26500.0,26500.0,25800.0,26200.0,25302.740234375,2326300,0.0,0.0
2020-04-21 00:00:00+07:00,25800.0,25900.0,24400.0,24400.0,23564.384765625,2804830,0.0,0.0
2020-04-22 00:00:00+07:00,22800.0,25000.0,22800.0,23550.0,22743.494140625,5280770,0.0,0.0
2020-04-23 00:00:00+07:00,24400.0,24650.0,23600.0,24100.0,23274.658203125,3095130,0.0,0.0
2020-04-24 00:00:00+07:00,24400.0,24400.0,23500.0,24000.0,23178.08203125,1639110,0.0,0.0
2020-04-27 00:00:00+07:00,24200.0,24200.0,23450.0,23500.0,22695.205078125,3418720,0.0,0.0
2020-04-28 00:00:00+07:00,23500.0,23750.0,22300.0,22750.0,21970.890625,3988030,0.0,0.0
2020-04-29 00:00:00+07:00,22750.0,22750.0,22750.0,22750.0,21970.890625,0,0.0,0.0
2020-04-30 00:00:00+07:00,22750.0,22750.0,22750.0,22750.0,21970.890625,0,0.0,0.0
2020-05-01 00:00:00+07:00,22750.0,22750.0,22750.0,22750.0,21970.890625,0,0.0,0.0
2020-05-04 00:00:00+07:00,22800.0,23750.0,22800.0,23450.0,22646.91796875,1757720,0.0,0.0
2020-05-05 00:00:00+07:00,23500.0,23850.0,23500.0,23550.0,22743.494140625,2480820,0.0,0.0
2020-05-06 00:00:00+07:00,23800.0,25000.0,23550.0,25000.0,24143.8359375,5201410,0.0,0.0
2020-05-07 00:00:00+07:00,25100.0,25200.0,24650.0,24800.0,23950.685546875,2518450,0.0,0.0
2020-05-08 00:00:00+07:00,25000.0,25900.0,25000.0,25300.0,24433.5625,4038610,0.0,0.0
2020-05-11 00:00:00+07:00,25600.0,25650.0,24800.0,25450.0,24578.42578125,3515430,0.0,0.0
2020-05-12 00:00:00+07:00,25000.0,25400.0,24950.0,25250.0,24385.2734375,3654270,0.0,0.0
2020-05-13 00:00:00+07:00,25000.0,25100.0,24500.0,24500.0,23660.958984375,4037060,0.0,0.0
2020-05-14 00:00:00+07:00,24200.0,24350.0,23900.0,24050.0,23226.37109375,3952220,0.0,0.0
2020-05-15 00:00:00+07:00,24050.0,24050.0,24050.0,24050.0,23226.37109375,0,0.0,0.0
2020-05-18 00:00:00+07:00,24050.0,24050.0,24050.0,24050.0,23226.37109375,0,0.0,0.0
2020-05-19 00:00:00+07:00,25000.0,25800.0,24600.0,25800.0,24916.439453125,8313560,0.0,0.0
2020-05-20 00:00:00+07:00,25800.0,25800.0,25800.0,25800.0,24916.439453125,0,0.0,0.0
2020-05-21 00:00:00+07:00,26600.0,27250.0,26000.0,26300.0,25399.314453125,5046470,0.0,0.0
2020-05-22 00:00:00+07:00,26000.0,26100.0,25500.0,25800.0,24916.439453125,5938130,0.0,0.0
2020-05-25 00:00:00+07:00,25700.0,26650.0,25300.0,26200.0,25302.740234375,3774990,0.0,0.0
2020-05-26 00:00:00+07:00,26600.0,26800.0,26250.0,26800.0,25882.19140625,3969390,0.0,0.0
2020-05-27 00:00:00+07:00,26600.0,26650.0,25500.0,25500.0,24626.712890625,7074630,0.0,0.0
2020-05-28 00:00:00+07:00,25550.0,27000.0,25500.0,26900.0,25978.767578125,6481940,0.0,0.0
2020-05-29 00:00:00+07:00,26900.0,28200.0,26550.0,27500.0,26558.21875,7822570,0.0,0.0
2020-06-01 00:00:00+07:00,28000.0,28050.0,27650.0,27800.0,26847.9453125,3992550,0.0,0.0
2020-06-02 00:00:00+07:00,27550.0,28000.0,27300.0,27600.0,26654.794921875,2909480,0.0,0.0
2020-06-03 00:00:00+07:00,27400.0,28100.0,27100.0,28100.0,27137.671875,3342330,0.0,0.0
2020-06-04 00:00:00+07:00,28300.0,28850.0,28300.0,28400.0,27427.3984375,2839030,0.0,0.0
2020-06-05 00:00:00+07:00,28400.0,28400.0,28400.0,28400.0,27427.3984375,0,0.0,0.0
2020-06-08 00:00:00+07:00,28400.0,28400.0,28400.0,28400.0,27427.3984375,0,0.0,0.0
2020-06-09 00:00:00+07:00,28400.0,28400.0,28400.0,28400.0,27427.3984375,0,0.0,0.0
2020-06-10 00:00:00+07:00,27600.0,28000.0,27200.0,27950.0,26992.80859375,2119900,0.0,0.0
2020-06-11 00:00:00+07:00,27900.0,27950.0,26100.0,26100.0,25206.1640625,4725660,0.0,0.0
2020-06-12 00:00:00+07:00,25300.0,25900.0,25000.0,25900.0,25013.013671875,2529890,0.0,0.0
2020-06-15 00:00:00+07:00,26000.0,26400.0,25000.0,25000.0,24143.8359375,2056490,0.0,0.0
2020-06-16 00:00:00+07:00,25500.0,26750.0,25300.0,26750.0,25833.904296875,3097330,0.0,0.0
2020-06-17 00:00:00+07:00,27350.0,27850.0,27100.0,27500.0,26558.21875,3148000,0.0,0.0
2020-06-18 00:00:00+07:00,27500.0,27650.0,26350.0,27550.0,26606.5078125,1681240,0.0,0.0
2020-06-19 00:00:00+07:00,27500.0,27800.0,26700.0,27800.0,26847.9453125,3677760,0.0,0.0
2020-06-22 00:00:00+07:00,27800.0,28000.0,27400.0,27600.0,26654.794921875,1559410,0.0,0.0
2020-06-23 00:00:00+07:00,27600.0,27600.0,27100.0,27200.0,26268.494140625,1019600,0.0,0.0
2020-06-24 00:00:00+07:00,27300.0,27700.0,26850.0,26850.0,25930.48046875,1391660,0.0,0.0
2020-06-25 00:00:00+07:00,26500.0,26800.0,26300.0,26500.0,25592.466796875,2133290,0.0,0.0
2020-06-26 00:00:00+07:00,26600.0,26750.0,26000.0,26200.0,25302.740234375,1867820,0.0,0.0
2020-06-29 00:00:00+07:00,26200.0,26200.0,25000.0,25400.0,24530.13671875,2156880,0.0,0.0
2020-06-30 00:00:00+07:00,25650.0,26150.0,24800.0,24800.0,23950.685546875,1700630,0.0,0.0
2020-07-01 00:00:00+07:00,24800.0,26500.0,24800.0,26450.0,25544.177734375,1469010,0.0,0.0
2020-07-02 00:00:00+07:00,26400.0,26400.0,25850.0,26200.0,25302.740234375,951820,0.0,0.0
2020-07-03 00:00:00+07:00,26200.0,26650.0,26200.0,26500.0,25592.466796875,2328550,0.0,0.0
2020-07-06 00:00:00+07:00,26500.0,27200.0,26450.0,27100.0,26171.91796875,3101080,0.0,0.0
2020-07-07 00:00:00+07:00,27200.0,27800.0,27050.0,27450.0,26509.931640625,4346450,0.0,0.0
2020-07-08 00:00:00+07:00,27300.0,27500.0,27050.0,27450.0,26509.931640625,939580,0.0,0.0
2020-07-09 00:00:00+07:00,27550.0,27750.0,27250.0,27550.0,26606.5078125,1903220,0.0,0.0
2020-07-10 00:00:00+07:00,27550.0,27550.0,27550.0,27550.0,26606.5078125,0,0.0,0.0
2020-07-13 00:00:00+07:00,27050.0,27350.0,26500.0,26500.0,25592.466796875,2291640,0.0,0.0
2020-07-14 00:00:00+07:00,26400.0,26700.0,26050.0,26400.0,25495.890625,1938730,0.0,0.0
2020-07-15 00:00:00+07:00,26400.0,26400.0,26400.0,26400.0,25495.890625,0,0.0,0.0
2020-07-16 00:00:00+07:00,26950.0,27300.0,26750.0,27300.0,26365.068359375,1270920,0.0,0.0
2020-07-17 00:00:00+07:00,27000.0,27200.0,26850.0,26850.0,25930.48046875,720820,0.0,0.0
2020-07-20 00:00:00+07:00,26700.0,26850.0,26200.0,26200.0,25302.740234375,1258900,0.0,0.0
2020-07-21 00:00:00+07:00,26250.0,26550.0,26150.0,26300.0,25399.314453125,1725630,0.0,0.0
2020-07-22 00:00:00+07:00,26600.0,27250.0,26600.0,26950.0,26027.0546875,2251420,0.0,0.0
2020-07-23 00:00:00+07:00,27000.0,28300.0,27000.0,28300.0,27330.822265625,7249850,0.0,0.0
2020-07-24 00:00:00+07:00,27900.0,28150.0,27000.0,27950.0,26992.80859375,4730110,0.0,0.0
2020-07-27 00:00:00+07:00,26100.0,27500.0,26100.0,26800.0,25882.19140625,3211440,0.0,0.0
2020-07-28 00:00:00+07:00,27000.0,27300.0,25900.0,27200.0,26268.494140625,4480940,0.0,0.0
2020-07-29 00:00:00+07:00,26400.0,26400.0,25300.0,25550.0,24675.0,2635930,0.0,0.0
2020-07-30 00:00:00+07:00,25850.0,26150.0,25700.0,25950.0,25061.30078125,1069550,0.0,0.0
2020-07-31 00:00:00+07:00,25300.0,26050.0,25100.0,25100.0,24240.412109375,2333650,0.0,0.0
2020-08-03 00:00:00+07:00,25150.0,25900.0,25150.0,25650.0,24771.576171875,1872110,0.0,0.0
2020-08-04 00:00:00+07:00,26200.0,26350.0,25900.0,26300.0,25399.314453125,1602220,0.0,0.0
2020-08-05 00:00:00+07:00,26050.0,26700.0,25900.0,26350.0,25447.603515625,2154970,0.0,0.0
2020-08-06 00:00:00+07:00,26200.0,26750.0,26100.0,26350.0,25447.603515625,2096050,0.0,0.0
2020-08-07 00:00:00+07:00,26400.0,26550.0,26100.0,26400.0,25495.890625,1257020,0.0,0.0
2020-08-10 00:00:00+07:00,26500.0,26950.0,26500.0,26650.0,25737.328125,1680830,0.0,0.0
2020-08-11 00:00:00+07:00,26700.0,26800.0,26300.0,26300.0,25399.314453125,1512750,0.0,0.0
2020-08-12 00:00:00+07:00,26500.0,26550.0,26150.0,26400.0,25495.890625,1764760,0.0,0.0
2020-08-13 00:00:00+07:00,26400.0,27000.0,26300.0,26850.0,25930.48046875,2594130,0.0,0.0
2020-08-14 00:00:00+07:00,26850.0,27300.0,26650.0,26850.0,25930.48046875,3089240,0.0,0.0
2020-08-17 00:00:00+07:00,26650.0,26800.0,26250.0,26500.0,25592.466796875,1724700,0.0,0.0
2020-08-18 00:00:00+07:00,26400.0,26700.0,26100.0,26100.0,25206.1640625,1947050,0.0,0.0
2020-08-19 00:00:00+07:00,26200.0,26600.0,26200.0,26350.0,25447.603515625,1699080,0.0,0.0
2020-08-20 00:00:00+07:00,26350.0,26800.0,26200.0,26350.0,25447.603515625,2174600,0.0,0.0
2020-08-21 00:00:00+07:00,26450.0,26650.0,26300.0,26500.0,25592.466796875,1798160,0.0,0.0
2020-08-24 00:00:00+07:00,26700.0,27300.0,26650.0,26900.0,25978.767578125,5011510,0.0,0.0
2020-08-25 00:00:00+07:00,27000.0,27200.0,26900.0,26950.0,26027.0546875,2680420,0.0,0.0
2020-08-26 00:00:00+07:00,26950.0,27350.0,26850.0,27200.0,26268.494140625,2204070,0.0,0.0
2020-08-27 00:00:00+07:00,27200.0,27650.0,27100.0,27200.0,26268.494140625,2077020,0.0,0.0
2020-08-28 00:00:00+07:00,27200.0,27400.0,27100.0,27200.0,26268.494140625,2457850,0.0,0.0
2020-08-31 00:00:00+07:00,27600.0,27650.0,26700.0,27000.0,26075.34375,4262760,0.0,0.0
2020-09-01 00:00:00+07:00,27000.0,27300.0,26800.0,27250.0,26316.78125,1944470,0.0,0.0
2020-09-02 00:00:00+07:00,27250.0,27250.0,27250.0,27250.0,26316.78125,0,0.0,0.0
2020-09-03 00:00:00+07:00,27600.0,28500.0,27350.0,28100.0,27137.671875,5266810,0.0,0.0
2020-09-04 00:00:00+07:00,27700.0,28700.0,27700.0,28500.0,27523.97265625,6098320,0.0,0.0
2020-09-07 00:00:00+07:00,28600.0,28600.0,27700.0,27700.0,26751.37109375,3909430,0.0,0.0
2020-09-08 00:00:00+07:00,27700.0,28400.0,27550.0,28300.0,27330.822265625,3048220,0.0,0.0
2020-09-09 00:00:00+07:00,27900.0,28450.0,27900.0,28400.0,27427.3984375,2278700,0.0,0.0
2020-09-10 00:00:00+07:00,28500.0,28750.0,28300.0,28400.0,27427.3984375,1690620,0.0,0.0
2020-09-11 00:00:00+07:00,28400.0,28450.0,28150.0,28400.0,27427.3984375,1804860,0.0,0.0
2020-09-14 00:00:00+07:00,28500.0,28600.0,28350.0,28600.0,27620.548828125,2698460,0.0,0.0
2020-09-15 00:00:00+07:00,28700.0,29100.0,28450.0,28900.0,27910.2734375,3075490,0.0,0.0
2020-09-16 00:00:00+07:00,28900.0,28900.0,28900.0,28900.0,27910.2734375,0,0.0,0.0
2020-09-17 00:00:00+07:00,28700.0,28900.0,28200.0,28300.0,27330.822265625,2612410,0.0,0.0
2020-09-18 00:00:00+07:00,28250.0,28500.0,28200.0,28500.0,27523.97265625,4092340,0.0,0.0
2020-09-21 00:00:00+07:00,28850.0,29150.0,28600.0,28950.0,27958.5625,3737470,0.0,0.0
2020-09-22 00:00:00+07:00,28600.0,28900.0,28600.0,28700.0,27717.123046875,1850880,0.0,0.0
2020-09-23 00:00:00+07:00,28700.0,29150.0,28700.0,29100.0,28103.42578125,3321440,0.0,0.0
2020-09-24 00:00:00+07:00,29100.0,29150.0,28500.0,28600.0,27620.548828125,1520670,0.0,0.0
2020-09-25 00:00:00+07:00,28600.0,28650.0,28100.0,28400.0,27427.3984375,1575590,0.0,0.0
2020-09-28 00:00:00+07:00,28400.0,28450.0,27550.0,27800.0,26847.9453125,5930960,0.0,0.0
2020-09-29 00:00:00+07:00,27900.0,28100.0,27400.0,27450.0,26509.931640625,2615690,0.0,0.0
2020-09-30 00:00:00+07:00,27450.0,27950.0,27250.0,27600.0,26654.794921875,1592150,0.0,0.0
2020-10-01 00:00:00+07:00,27800.0,27900.0,27600.0,27700.0,26751.37109375,2154130,0.0,0.0
2020-10-02 00:00:00+07:00,27800.0,27950.0,26500.0,27300.0,26365.068359375,2548820,0.0,0.0
2020-10-05 00:00:00+07:00,27400.0,27800.0,27350.0,27400.0,26461.64453125,2015400,0.0,0.0
2020-10-06 00:00:00+07:00,27400.0,27600.0,27400.0,27500.0,26558.21875,2135800,0.0,0.0
2020-10-07 00:00:00+07:00,27500.0,27950.0,27500.0,27800.0,26847.9453125,3198050,0.0,0.0
2020-10-08 00:00:00+07:00,28000.0,28000.0,27550.0,27650.0,26703.08203125,1434220,0.0,0.0
2020-10-09 00:00:00+07:00,27650.0,27750.0,26500.0,27650.0,26703.08203125,2199660,0.0,0.0
2020-10-12 00:00:00+07:00,27800.0,28000.0,27100.0,27100.0,26171.91796875,3884690,0.0,0.0
2020-10-13 00:00:00+07:00,27300.0,27400.0,27150.0,27200.0,26268.494140625,3015800,0.0,0.0
2020-10-14 00:00:00+07:00,27200.0,27450.0,27200.0,27350.0,26413.357421875,2100870,0.0,0.0
2020-10-15 00:00:00+07:00,27500.0,27700.0,27350.0,27600.0,26654.794921875,4181580,0.0,0.0
2020-10-16 00:00:00+07:00,27800.0,27900.0,27450.0,27500.0,26558.21875,3583650,0.0,0.0
2020-10-19 00:00:00+07:00,27500.0,27500.0,27200.0,27350.0,26413.357421875,1906100,0.0,0.0
2020-10-20 00:00:00+07:00,27350.0,27600.0,27250.0,27450.0,26509.931640625,1879310,0.0,0.0
2020-10-21 00:00:00+07:00,27450.0,28250.0,27450.0,27900.0,26944.521484375,8229920,0.0,0.0
2020-10-22 00:00:00+07:00,27800.0,28100.0,27550.0,28100.0,27137.671875,3669560,0.0,0.0
2020-10-23 00:00:00+07:00,28300.0,28350.0,28100.0,28350.0,27379.109375,12351650,0.0,0.0
2020-10-26 00:00:00+07:00,29000.0,29000.0,27750.0,27750.0,26799.658203125,6877050,0.0,0.0
2020-10-27 00:00:00+07:00,27700.0,27900.0,27000.0,27000.0,26075.34375,3868780,0.0,0.0
2020-10-28 00:00:00+07:00,26800.0,26950.0,25500.0,25500.0,24626.712890625,10448220,0.0,0.0
2020-10-29 00:00:00+07:00,25500.0,25900.0,25050.0,25600.0,24723.287109375,6800730,0.0,0.0
2020-10-30 00:00:00+07:00,26000.0,26000.0,25050.0,25300.0,24433.5625,4960340,0.0,0.0
2020-11-02 00:00:00+07:00,25450.0,25600.0,25300.0,25500.0,24626.712890625,2991300,0.0,0.0
2020-11-03 00:00:00+07:00,25700.0,25800.0,25500.0,25550.0,24675.0,3819800,0.0,0.0
2020-11-04 00:00:00+07:00,25650.0,26300.0,25650.0,25950.0,25061.30078125,6336210,0.0,0.0
2020-11-05 00:00:00+07:00,26100.0,26500.0,25950.0,26100.0,25206.1640625,3486910,0.0,0.0
2020-11-06 00:00:00+07:00,26100.0,26150.0,25550.0,25600.0,24723.287109375,4216020,0.0,0.0
2020-11-09 00:00:00+07:00,25950.0,26200.0,25600.0,26100.0,25206.1640625,3348800,0.0,0.0
2020-11-10 00:00:00+07:00,26600.0,27050.0,26400.0,26700.0,25785.6171875,11450730,0.0,0.0
2020-11-11 00:00:00+07:00,26700.0,26850.0,26500.0,26500.0,25592.466796875,6068410,0.0,0.0
2020-11-12 00:00:00+07:00,26500.0,27200.0,26500.0,27200.0,26268.494140625,4053560,0.0,0.0
2020-11-13 00:00:00+07:00,27050.0,27300.0,27050.0,27200.0,26268.494140625,3342520,0.0,0.0
2020-11-16 00:00:00+07:00,27400.0,27450.0,26700.0,26850.0,25930.48046875,7499050,0.0,0.0
2020-11-17 00:00:00+07:00,27000.0,27200.0,26850.0,27200.0,26268.494140625,3123270,0.0,0.0
2020-11-18 00:00:00+07:00,27200.0,27500.0,27100.0,27500.0,26558.21875,4157080,0.0,0.0
2020-11-19 00:00:00+07:00,27500.0,27900.0,27400.0,27900.0,26944.521484375,5850430,0.0,0.0
2020-11-20 00:00:00+07:00,27900.0,28050.0,27550.0,27650.0,26703.08203125,4545570,0.0,0.0
2020-11-23 00:00:00+07:00,27650.0,27850.0,27500.0,27700.0,26751.37109375,3107690,0.0,0.0
2020-11-24 00:00:00+07:00,27750.0,28100.0,27700.0,27950.0,26992.80859375,5644640,0.0,0.0
2020-11-25 00:00:00+07:00,28200.0,28650.0,28100.0,28250.0,27282.53515625,7359970,0.0,0.0
2020-11-26 00:00:00+07:00,28000.0,28100.0,27700.0,27900.0,26944.521484375,3159210,0.0,0.0
2020-11-27 00:00:00+07:00,27900.0,28000.0,27550.0,27750.0,26799.658203125,5764680,0.0,0.0
2020-11-30 00:00:00+07:00,27950.0,28400.0,27400.0,28200.0,27234.24609375,7187400,0.0,0.0
2020-12-01 00:00:00+07:00,27800.0,28300.0,27600.0,28250.0,27282.53515625,5323260,0.0,0.0
2020-12-02 00:00:00+07:00,28200.0,28650.0,28100.0,28500.0,27523.97265625,8746400,0.0,0.0
2020-12-03 00:00:00+07:00,28650.0,28700.0,28400.0,28400.0,27427.3984375,4665780,0.0,0.0
2020-12-04 00:00:00+07:00,28400.0,28400.0,28000.0,28000.0,27041.095703125,3862410,0.0,0.0
2020-12-07 00:00:00+07:00,28100.0,28300.0,27850.0,28300.0,27330.822265625,3617660,0.0,0.0
2020-12-08 00:00:00+07:00,28500.0,28500.0,28050.0,28200.0,27234.24609375,3897220,0.0,0.0
2020-12-09 00:00:00+07:00,28250.0,28500.0,28000.0,28400.0,27427.3984375,6858420,0.0,0.0
2020-12-10 00:00:00+07:00,28600.0,28850.0,28150.0,28200.0,27234.24609375,8047670,0.0,0.0
2020-12-11 00:00:00+07:00,28200.0,28600.0,28100.0,28600.0,27620.548828125,4662730,0.0,0.0
2020-12-14 00:00:00+07:00,29100.0,30000.0,29050.0,30000.0,28972.603515625,17930230,0.0,0.0
2020-12-15 00:00:00+07:00,30200.0,30850.0,29800.0,30100.0,29069.177734375,13985630,0.0,0.0
2020-12-16 00:00:00+07:00,30100.0,30500.0,29850.0,30500.0,29455.48046875,7472860,0.0,0.0
2020-12-17 00:00:00+07:00,30050.0,30400.0,29300.0,29750.0,28731.1640625,10318500,0.0,0.0
2020-12-18 00:00:00+07:00,29750.0,30350.0,29650.0,30150.0,29117.466796875,11949250,0.0,0.0
2020-12-21 00:00:00+07:00,30350.0,30650.0,29950.0,30400.0,29358.904296875,9988310,0.0,0.0
2020-12-22 00:00:00+07:00,30300.0,30350.0,30050.0,30300.0,29262.330078125,6311760,0.0,0.0
2020-12-23 00:00:00+07:00,30350.0,31350.0,30100.0,30600.0,29552.0546875,11225570,0.0,0.0
2020-12-24 00:00:00+07:00,30650.0,30800.0,28600.0,29950.0,28924.314453125,8896890,0.0,0.0
2020-12-25 00:00:00+07:00,29900.0,30600.0,29550.0,30450.0,29407.19140625,5682560,0.0,0.0
2020-12-28 00:00:00+07:00,30700.0,30850.0,30050.0,30450.0,29407.19140625,8216210,0.0,0.0
2020-12-29 00:00:00+07:00,30450.0,31800.0,30250.0,31650.0,30566.095703125,11628180,0.0,0.0
2020-12-30 00:00:00+07:00,31700.0,32050.0,31100.0,31350.0,30276.37109375,5264090,0.0,0.0
2020-12-31 00:00:00+07:00,31500.0,31500.0,31200.0,31400.0,30324.658203125,4650930,0.0,0.0
2021-01-01 00:00:00+07:00,31400.0,31400.0,31400.0,31400.0,30324.658203125,0,0.0,0.0
2021-01-04 00:00:00+07:00,31500.0,32450.0,31400.0,31650.0,30566.095703125,929970,0.0,0.0
2021-01-05 00:00:00+07:00,31650.0,33500.0,31500.0,33300.0,32159.58984375,1196850,0.0,0.0
2021-01-06 00:00:00+07:00,33850.0,33900.0,33050.0,33200.0,32063.013671875,970670,0.0,0.0
2021-01-07 00:00:00+07:00,33200.0,33900.0,33000.0,33900.0,32739.041015625,894220,0.0,0.0
2021-01-08 00:00:00+07:00,34300.0,36250.0,34300.0,35500.0,34284.24609375,1112240,0.0,0.0
2021-01-11 00:00:00+07:00,35500.0,37300.0,35400.0,37150.0,35877.73828125,882050,0.0,0.0
2021-01-12 00:00:00+07:00,37300.0,37300.0,36200.0,36700.0,35443.15234375,863310,0.0,0.0
2021-01-13 00:00:00+07:00,36700.0,37150.0,35000.0,36200.0,34960.2734375,754050,0.0,0.0
2021-01-14 00:00:00+07:00,36200.0,37000.0,35300.0,36600.0,35346.57421875,759940,0.0,0.0
2021-01-15 00:00:00+07:00,36700.0,37000.0,36400.0,36700.0,35443.15234375,336660,0.0,0.0
2021-01-18 00:00:00+07:00,37000.0,37950.0,36900.0,37350.0,36070.890625,515190,0.0,0.0
2021-01-19 00:00:00+07:00,37050.0,37300.0,34750.0,37300.0,36022.6015625,731680,0.0,0.0
2021-01-20 00:00:00+07:00,36900.0,37350.0,35000.0,36800.0,35539.7265625,687310,0.0,0.0
2021-01-21 00:00:00+07:00,36800.0,37000.0,35900.0,36600.0,35346.57421875,698910,0.0,0.0
2021-01-22 00:00:00+07:00,36600.0,37750.0,36350.0,36900.0,35636.30078125,725680,0.0,0.0
2021-01-25 00:00:00+07:00,36900.0,38300.0,36600.0,37800.0,36505.48046875,655980,0.0,0.0
2021-01-26 00:00:00+07:00,37800.0,37900.0,35800.0,37000.0,35732.87890625,365550,0.0,0.0
2021-01-27 00:00:00+07:00,36000.0,36500.0,34450.0,34450.0,33270.20703125,640190,0.0,0.0
2021-01-28 00:00:00+07:00,32050.0,32200.0,32050.0,32050.0,30952.3984375,318100,0.0,0.0
2021-01-29 00:00:00+07:00,29850.0,33600.0,29850.0,32050.0,30952.3984375,1357920,0.0,0.0
2021-02-01 00:00:00+07:00,32000.0,32050.0,30000.0,30000.0,28972.603515625,749880,0.0,0.0
2021-02-02 00:00:00+07:00,29800.0,32000.0,28700.0,31950.0,30855.822265625,854660,0.0,0.0
2021-02-03 00:00:00+07:00,32100.0,33850.0,31950.0,33100.0,31966.439453125,547280,0.0,0.0
2021-02-04 00:00:00+07:00,33100.0,33800.0,32500.0,32600.0,31483.5625,411030,0.0,0.0
2021-02-05 00:00:00+07:00,32600.0,33000.0,32450.0,32700.0,31580.13671875,374670,0.0,0.0
2021-02-08 00:00:00+07:00,32700.0,32700.0,30450.0,30900.0,29841.78125,1011030,0.0,0.0
2021-02-09 00:00:00+07:00,31200.0,32000.0,30100.0,31550.0,30469.521484375,641730,0.0,0.0
2021-02-10 00:00:00+07:00,31550.0,31550.0,31550.0,31550.0,30469.521484375,0,0.0,0.0
2021-02-11 00:00:00+07:00,31550.0,31550.0,31550.0,31550.0,30469.521484375,0,0.0,0.0
2021-02-12 00:00:00+07:00,31550.0,31550.0,31550.0,31550.0,30469.521484375,0,0.0,0.0
2021-02-15 00:00:00+07:00,31550.0,31550.0,31550.0,31550.0,30469.521484375,0,0.0,0.0
2021-02-16 00:00:00+07:00,31550.0,31550.0,31550.0,31550.0,30469.521484375,0,0.0,0.0
2021-02-17 00:00:00+07:00,31900.0,33750.0,31650.0,33750.0,32594.177734375,509710,0.0,0.0
2021-02-18 00:00:00+07:00,33900.0,34850.0,33000.0,34850.0,33656.5078125,707650,0.0,0.0
2021-02-19 00:00:00+07:00,34400.0,35100.0,34100.0,34500.0,33318.4921875,459920,0.0,0.0
2021-02-22 00:00:00+07:00,34500.0,34900.0,34000.0,34150.0,32980.48046875,403870,0.0,0.0
2021-02-23 00:00:00+07:00,34200.0,34600.0,34100.0,34400.0,33221.91796875,478370,0.0,0.0
2021-02-24 00:00:00+07:00,34400.0,34400.0,34400.0,34400.0,33221.91796875,0,0.0,0.0
2021-02-25 00:00:00+07:00,34400.0,34400.0,34400.0,34400.0,33221.91796875,0,0.0,0.0
2021-02-26 00:00:00+07:00,33200.0,33600.0,33000.0,33200.0,32063.013671875,516830,0.0,0.0
2021-03-01 00:00:00+07:00,33700.0,34400.0,33400.0,34250.0,33077.0546875,538360,0.0,0.0
2021-03-02 00:00:00+07:00,35000.0,35200.0,34300.0,34700.0,33511.64453125,629200,0.0,0.0
2021-03-03 00:00:00+07:00,34600.0,36000.0,34100.0,35500.0,34284.24609375,691630,0.0,0.0
2021-03-04 00:00:00+07:00,35900.0,35900.0,34000.0,34550.0,33366.78125,377460,0.0,0.0
2021-03-05 00:00:00+07:00,34200.0,34950.0,33100.0,34550.0,33366.78125,488680,0.0,0.0
2021-03-08 00:00:00+07:00,35000.0,35200.0,34200.0,34450.0,33270.20703125,450140,0.0,0.0
2021-03-09 00:00:00+07:00,34100.0,34500.0,33600.0,34100.0,32932.19140625,325800,0.0,0.0
2021-03-10 00:00:00+07:00,34100.0,34500.0,34000.0,34150.0,32980.48046875,310900,0.0,0.0
2021-03-11 00:00:00+07:00,34500.0,34700.0,34250.0,34350.0,33173.62890625,268350,0.0,0.0
2021-03-12 00:00:00+07:00,34350.0,34800.0,34350.0,34650.0,33463.35546875,371300,0.0,0.0
2021-03-15 00:00:00+07:00,34350.0,34650.0,34300.0,34450.0,33270.20703125,303470,0.0,0.0
2021-03-16 00:00:00+07:00,34600.0,35150.0,34500.0,34800.0,33608.21875,586050,0.0,0.0
2021-03-17 00:00:00+07:00,34900.0,35400.0,34800.0,34850.0,33656.5078125,555850,0.0,0.0
2021-03-18 00:00:00+07:00,35300.0,35400.0,34800.0,35000.0,33801.37109375,315420,0.0,0.0
2021-03-19 00:00:00+07:00,34900.0,35450.0,34000.0,34000.0,32835.6171875,978650,0.0,0.0
2021-03-22 00:00:00+07:00,34700.0,35000.0,34500.0,34600.0,33415.0703125,409100,0.0,0.0
2021-03-23 00:00:00+07:00,34600.0,34600.0,34000.0,34150.0,32980.48046875,429000,0.0,0.0
2021-03-24 00:00:00+07:00,33600.0,34000.0,33000.0,33400.0,32256.1640625,571740,0.0,0.0
2021-03-25 00:00:00+07:00,33400.0,33700.0,32700.0,32850.0,31725.0,529170,0.0,0.0
2021-03-26 00:00:00+07:00,32500.0,32750.0,31200.0,32200.0,31097.259765625,671820,0.0,0.0
2021-03-29 00:00:00+07:00,32500.0,33250.0,32200.0,33050.0,31918.150390625,446050,0.0,0.0
2021-03-30 00:00:00+07:00,33050.0,33150.0,32500.0,32600.0,31483.5625,526280,0.0,0.0
2021-03-31 00:00:00+07:00,32600.0,33000.0,32600.0,32700.0,31580.13671875,452060,0.0,0.0
2021-04-01 00:00:00+07:00,32700.0,33900.0,32700.0,33850.0,32690.75390625,548660,0.0,0.0
2021-04-02 00:00:00+07:00,34200.0,34500.0,33750.0,33850.0,32690.75390625,419210,0.0,0.0
2021-04-05 00:00:00+07:00,35500.0,35500.0,34000.0,34500.0,33318.4921875,689110,0.0,0.0
2021-04-06 00:00:00+07:00,34500.0,35450.0,34400.0,35000.0,33801.37109375,854800,0.0,0.0
2021-04-07 00:00:00+07:00,35100.0,35500.0,34800.0,35400.0,34187.671875,677960,0.0,0.0
2021-04-08 00:00:00+07:00,35700.0,35700.0,35100.0,35300.0,34091.09765625,597110,0.0,0.0
2021-04-09 00:00:00+07:00,35200.0,35400.0,35000.0,35000.0,33801.37109375,532980,0.0,0.0
2021-04-12 00:00:00+07:00,35000.0,35400.0,34900.0,35300.0,34091.09765625,545210,0.0,0.0
2021-04-13 00:00:00+07:00,35800.0,36800.0,35300.0,35300.0,34091.09765625,1169780,0.0,0.0
2021-04-14 00:00:00+07:00,35100.0,35250.0,34650.0,35000.0,33801.37109375,580330,0.0,0.0
2021-04-15 00:00:00+07:00,35300.0,35300.0,34000.0,34000.0,32835.6171875,601680,0.0,0.0
2021-04-16 00:00:00+07:00,33800.0,34450.0,32800.0,33950.0,32787.328125,677200,0.0,0.0
2021-04-19 00:00:00+07:00,33800.0,34200.0,33000.0,33950.0,32787.328125,412240,0.0,0.0
2021-04-20 00:00:00+07:00,34200.0,36100.0,34150.0,34600.0,33415.0703125,1359580,0.0,0.0
2021-04-21 00:00:00+07:00,34600.0,34600.0,34600.0,34600.0,33415.0703125,0,0.0,0.0
2021-04-22 00:00:00+07:00,34600.0,35200.0,32200.0,32200.0,31097.259765625,797860,0.0,0.0
2021-04-23 00:00:00+07:00,32500.0,33000.0,32200.0,32800.0,31676.712890625,877240,0.0,0.0
2021-04-26 00:00:00+07:00,33000.0,33000.0,31150.0,31150.0,30083.21875,1131830,0.0,0.0
2021-04-27 00:00:00+07:00,31150.0,31350.0,30550.0,30600.0,29552.0546875,682520,0.0,0.0
2021-04-28 00:00:00+07:00,31000.0,31750.0,30800.0,31500.0,30421.232421875,755620,0.0,0.0
2021-04-29 00:00:00+07:00,31900.0,32450.0,31550.0,32000.0,30904.109375,584720,0.0,0.0
2021-04-30 00:00:00+07:00,32000.0,32000.0,32000.0,32000.0,30904.109375,0,0.0,0.0
2021-05-03 00:00:00+07:00,32000.0,32000.0,32000.0,32000.0,30904.109375,0,0.0,0.0
2021-05-04 00:00:00+07:00,31500.0,31650.0,30500.0,31300.0,30228.08203125,719350,0.0,0.0
2021-05-05 00:00:00+07:00,31300.0,32000.0,31300.0,31600.0,30517.80859375,986290,0.0,0.0
2021-05-06 00:00:00+07:00,31950.0,32350.0,31200.0,31200.0,30131.5078125,508470,0.0,0.0
2021-05-07 00:00:00+07:00,31300.0,31600.0,30800.0,31000.0,29938.357421875,567800,0.0,0.0
2021-05-10 00:00:00+07:00,30500.0,31950.0,30400.0,31750.0,30662.671875,865840,0.0,0.0
2021-05-11 00:00:00+07:00,31900.0,31900.0,31000.0,31000.0,29938.357421875,511470,0.0,0.0
2021-05-12 00:00:00+07:00,31000.0,31500.0,30800.0,31200.0,30131.5078125,375280,0.0,0.0
2021-05-13 00:00:00+07:00,31200.0,31300.0,30900.0,30900.0,29841.78125,478260,0.0,0.0
2021-05-14 00:00:00+07:00,31100.0,31200.0,30650.0,30650.0,29600.34375,471660,0.0,0.0
2021-05-17 00:00:00+07:00,30700.0,31700.0,30700.0,30700.0,29648.630859375,559590,0.0,0.0
2021-05-18 00:00:00+07:00,30800.0,31100.0,30000.0,30000.0,28972.603515625,623690,0.0,0.0
2021-05-19 00:00:00+07:00,30000.0,30400.0,29000.0,29350.0,28344.86328125,1202800,0.0,0.0
2021-05-20 00:00:00+07:00,29500.0,29550.0,28800.0,29500.0,28489.7265625,752600,0.0,0.0
2021-05-21 00:00:00+07:00,29500.0,30500.0,29000.0,30350.0,29310.6171875,657960,0.0,0.0
2021-05-24 00:00:00+07:00,30350.0,30350.0,30350.0,30350.0,29310.6171875,0,0.0,0.0
2021-05-25 00:00:00+07:00,30950.0,31450.0,30600.0,31200.0,30131.5078125,714090,0.0,0.0
2021-05-26 00:00:00+07:00,31000.0,31450.0,30700.0,31250.0,30179.794921875,526120,0.0,0.0
2021-05-27 00:00:00+07:00,31200.0,31250.0,30450.0,30750.0,29696.91796875,499520,0.0,0.0
2021-05-28 00:00:00+07:00,30700.0,30700.0,30000.0,30550.0,29503.767578125,645640,0.0,0.0
2021-05-31 00:00:00+07:00,30000.0,30100.0,29300.0,29400.0,28393.150390625,805050,0.0,0.0
2021-06-01 00:00:00+07:00,29200.0,30900.0,29100.0,30700.0,29648.630859375,603260,0.0,0.0
2021-06-02 00:00:00+07:00,30800.0,30800.0,30000.0,30100.0,29069.177734375,444380,0.0,0.0
2021-06-03 00:00:00+07:00,30100.0,30700.0,29700.0,30500.0,29455.48046875,818430,0.0,0.0
2021-06-04 00:00:00+07:00,30500.0,32500.0,30400.0,32200.0,31097.259765625,1424170,0.0,0.0
2021-06-07 00:00:00+07:00,32600.0,33700.0,32600.0,33350.0,32207.876953125,9584700,0.0,0.0
2021-06-08 00:00:00+07:00,33350.0,33350.0,33350.0,33350.0,32207.876953125,0,0.0,0.0
2021-06-09 00:00:00+07:00,31600.0,32000.0,30900.0,31700.0,30614.384765625,7480400,0.0,0.0
2021-06-10 00:00:00+07:00,31500.0,31900.0,30800.0,30800.0,29745.205078125,5139200,0.0,0.0
2021-06-11 00:00:00+07:00,31100.0,31800.0,31000.0,31500.0,30421.232421875,4273200,0.0,0.0
2021-06-14 00:00:00+07:00,31600.0,32500.0,31500.0,31950.0,30855.822265625,6417700,0.0,0.0
2021-06-15 00:00:00+07:00,31950.0,32900.0,31950.0,32850.0,31725.0,5436900,0.0,0.0
2021-06-16 00:00:00+07:00,32850.0,33400.0,32500.0,32800.0,31676.712890625,5055400,0.0,0.0
2021-06-17 00:00:00+07:00,32500.0,33150.0,32100.0,32850.0,31725.0,5670600,0.0,0.0
2021-06-18 00:00:00+07:00,33250.0,33250.0,32050.0,32500.0,31386.986328125,4117900,0.0,0.0
2021-06-21 00:00:00+07:00,32050.0,32400.0,31700.0,31800.0,30710.958984375,4194500,0.0,0.0
2021-06-22 00:00:00+07:00,32000.0,32300.0,31500.0,31500.0,30421.232421875,3411300,0.0,0.0
2021-06-23 00:00:00+07:00,31450.0,32250.0,31400.0,31500.0,30421.232421875,3755900,0.0,0.0
2021-06-24 00:00:00+07:00,31500.0,32000.0,31450.0,32000.0,30904.109375,3112800,0.0,0.0
2021-06-25 00:00:00+07:00,32100.0,32200.0,31600.0,31600.0,30517.80859375,3583400,0.0,0.0
2021-06-28 00:00:00+07:00,31950.0,31950.0,31500.0,31800.0,30710.958984375,2856800,0.0,0.0
2021-06-29 00:00:00+07:00,31950.0,31950.0,31600.0,31700.0,30614.384765625,2417000,0.0,0.0
2021-06-30 00:00:00+07:00,31850.0,32800.0,31750.0,31750.0,30662.671875,6521500,0.0,0.0
2021-07-01 00:00:00+07:00,32000.0,32200.0,31650.0,31800.0,30710.958984375,3093100,0.0,0.0
2021-07-02 00:00:00+07:00,31850.0,31900.0,31700.0,31700.0,30614.384765625,2781500,0.0,0.0
2021-07-05 00:00:00+07:00,31700.0,31700.0,31700.0,31700.0,30614.384765625,0,0.0,0.0
2021-07-06 00:00:00+07:00,31700.0,31700.0,31700.0,31700.0,30614.384765625,0,0.0,0.0
2021-07-07 00:00:00+07:00,31700.0,31700.0,31700.0,31700.0,30614.384765625,0,0.0,0.0
2021-07-08 00:00:00+07:00,31700.0,31700.0,31700.0,31700.0,30614.384765625,0,0.0,0.0
2021-07-09 00:00:00+07:00,29450.0,29550.0,28000.0,28000.0,27041.095703125,5021600,0.0,0.0
2021-07-12 00:00:00+07:00,28000.0,28000.0,28000.0,28000.0,27041.095703125,0,0.0,0.0
2021-07-13 00:00:00+07:00,27100.0,27850.0,27100.0,27850.0,26896.232421875,2816200,0.0,0.0
2021-07-14 00:00:00+07:00,27850.0,27850.0,27850.0,27850.0,26896.232421875,0,0.0,0.0
2021-07-15 00:00:00+07:00,28100.0,28250.0,27650.0,28000.0,27041.095703125,3686300,0.0,0.0
2021-07-16 00:00:00+07:00,28000.0,28000.0,28000.0,28000.0,27041.095703125,0,0.0,0.0
2021-07-19 00:00:00+07:00,27000.0,27400.0,25850.0,26800.0,25882.19140625,5381900,0.0,0.0
2021-07-20 00:00:00+07:00,26200.0,26900.0,25100.0,26700.0,25785.6171875,6793100,0.0,0.0
2021-07-21 00:00:00+07:00,26600.0,27750.0,26000.0,27400.0,26461.64453125,5563500,0.0,0.0
2021-07-22 00:00:00+07:00,27000.0,28250.0,26750.0,28200.0,27234.24609375,4408400,0.0,0.0
2021-07-23 00:00:00+07:00,27800.0,28000.0,27000.0,27000.0,26075.34375,4945800,0.0,0.0
2021-07-26 00:00:00+07:00,26500.0,27200.0,26400.0,26750.0,25833.904296875,3122400,0.0,0.0
2021-07-27 00:00:00+07:00,27500.0,27950.0,27300.0,27650.0,26703.08203125,6060400,0.0,0.0
2021-07-28 00:00:00+07:00,27600.0,27600.0,27150.0,27200.0,26268.494140625,2228600,0.0,0.0
2021-07-29 00:00:00+07:00,27300.0,27900.0,27100.0,27350.0,26413.357421875,4172300,0.0,0.0
2021-07-30 00:00:00+07:00,27500.0,27700.0,27300.0,27650.0,26703.08203125,5044600,0.0,0.0
2021-08-02 00:00:00+07:00,27400.0,27800.0,27300.0,27500.0,26558.21875,321010000,0.0,0.0
2021-08-03 00:00:00+07:00,27400.0,28450.0,27350.0,28300.0,27330.822265625,8860000,0.0,0.0
2021-08-04 00:00:00+07:00,28300.0,28300.0,28300.0,28300.0,27330.822265625,0,0.0,0.0
2021-08-05 00:00:00+07:00,27900.0,28050.0,27750.0,27950.0,26992.80859375,4302900,0.0,0.0
2021-08-06 00:00:00+07:00,28000.0,28450.0,27750.0,27950.0,26992.80859375,6698200,0.0,0.0
2021-08-09 00:00:00+07:00,28000.0,28750.0,27950.0,28600.0,27620.548828125,6773500,0.0,0.0
2021-08-10 00:00:00+07:00,28600.0,28600.0,28600.0,28600.0,27620.548828125,0,0.0,0.0
2021-08-11 00:00:00+07:00,28400.0,28500.0,28000.0,28000.0,27041.095703125,5805700,0.0,0.0
2021-08-12 00:00:00+07:00,27950.0,28400.0,27900.0,28000.0,27041.095703125,5302100,0.0,0.0
2021-08-13 00:00:00+07:00,28000.0,28250.0,27800.0,28000.0,27041.095703125,4774700,0.0,0.0
2021-08-16 00:00:00+07:00,28100.0,28900.0,28100.0,28500.0,27523.97265625,5965500,0.0,0.0
2021-08-17 00:00:00+07:00,28500.0,28500.0,28500.0,28500.0,27523.97265625,0,0.0,0.0
2021-08-18 00:00:00+07:00,28000.0,28150.0,27800.0,27800.0,26847.9453125,4640800,0.0,0.0
2021-08-19 00:00:00+07:00,27800.0,28100.0,27550.0,27950.0,26992.80859375,3943600,0.0,0.0
2021-08-20 00:00:00+07:00,27900.0,27900.0,26700.0,27050.0,26123.630859375,6750800,0.0,0.0
2021-08-23 00:00:00+07:00,26700.0,26850.0,26050.0,26050.0,25157.876953125,5284200,0.0,0.0
2021-08-24 00:00:00+07:00,25950.0,26350.0,25900.0,26150.0,25254.453125,4238300,0.0,0.0
2021-08-25 00:00:00+07:00,26150.0,26600.0,26050.0,26300.0,25399.314453125,2545700,0.0,0.0
2021-08-26 00:00:00+07:00,26600.0,26850.0,26350.0,26450.0,25544.177734375,2511500,0.0,0.0
2021-08-27 00:00:00+07:00,26450.0,26800.0,26300.0,26800.0,25882.19140625,2874100,0.0,0.0
2021-08-30 00:00:00+07:00,26900.0,27250.0,26700.0,27200.0,26268.494140625,2372200,0.0,0.0
2021-08-31 00:00:00+07:00,27200.0,27300.0,26850.0,27300.0,26365.068359375,2447900,0.0,0.0
2021-09-01 00:00:00+07:00,27100.0,27900.0,27000.0,27900.0,26944.521484375,3582100,0.0,0.0
2021-09-02 00:00:00+07:00,27900.0,27900.0,27900.0,27900.0,26944.521484375,0,0.0,0.0
2021-09-03 00:00:00+07:00,27900.0,27900.0,27900.0,27900.0,26944.521484375,0,0.0,0.0
2021-09-06 00:00:00+07:00,28000.0,28200.0,28000.0,28100.0,27137.671875,2869700,0.0,0.0
2021-09-07 00:00:00+07:00,28000.0,28100.0,27200.0,27200.0,26268.494140625,3358200,0.0,0.0
2021-09-08 00:00:00+07:00,27200.0,27200.0,27200.0,27200.0,26268.494140625,0,0.0,0.0
2021-09-09 00:00:00+07:00,27100.0,27950.0,27050.0,27450.0,26509.931640625,3537300,0.0,0.0
2021-09-10 00:00:00+07:00,27600.0,28350.0,27600.0,28000.0,27041.095703125,5818900,0.0,0.0
2021-09-13 00:00:00+07:00,28100.0,28300.0,27850.0,27900.0,26944.521484375,4681800,0.0,0.0
2021-09-14 00:00:00+07:00,28500.0,28800.0,28200.0,28300.0,27330.822265625,6595600,0.0,0.0
2021-09-15 00:00:00+07:00,28000.0,28650.0,28000.0,28550.0,27572.259765625,4857400,0.0,0.0
2021-09-16 00:00:00+07:00,28800.0,30300.0,28700.0,30000.0,28972.603515625,14831000,0.0,0.0
2021-09-17 00:00:00+07:00,30200.0,30450.0,29200.0,29200.0,28200.0,11870000,0.0,0.0
2021-09-20 00:00:00+07:00,29600.0,30150.0,29200.0,29300.0,28296.576171875,6019900,0.0,0.0
2021-09-21 00:00:00+07:00,28500.0,29150.0,27350.0,28400.0,27427.3984375,8415800,0.0,0.0
2021-09-22 00:00:00+07:00,28400.0,28400.0,28400.0,28400.0,27427.3984375,0,0.0,0.0
2021-09-23 00:00:00+07:00,28600.0,28900.0,28300.0,28900.0,27910.2734375,3152500,0.0,0.0
2021-09-24 00:00:00+07:00,28900.0,28950.0,28500.0,28500.0,27523.97265625,302600000,0.0,0.0
2021-09-27 00:00:00+07:00,28500.0,28750.0,28100.0,28250.0,27282.53515625,3657800,0.0,0.0
2021-09-28 00:00:00+07:00,28200.0,28600.0,27900.0,28500.0,27523.97265625,3401100,0.0,0.0
2021-09-29 00:00:00+07:00,28500.0,28550.0,28000.0,28300.0,27330.822265625,2420400,0.0,0.0
2021-09-30 00:00:00+07:00,28350.0,29100.0,28350.0,29100.0,28103.42578125,5663200,0.0,0.0
2021-10-01 00:00:00+07:00,29100.0,29100.0,28200.0,28200.0,27234.24609375,5257400,0.0,0.0
2021-10-04 00:00:00+07:00,28250.0,28600.0,28050.0,28250.0,27282.53515625,350350000,0.0,0.0
2021-10-05 00:00:00+07:00,28250.0,28600.0,28250.0,28450.0,27475.685546875,3380200,0.0,0.0
2021-10-06 00:00:00+07:00,28450.0,28450.0,28450.0,28450.0,27475.685546875,0,0.0,0.0
2021-10-07 00:00:00+07:00,29400.0,29550.0,29150.0,29300.0,28296.576171875,4081600,0.0,0.0
2021-10-08 00:00:00+07:00,29350.0,29450.0,29150.0,29150.0,28151.712890625,3211900,0.0,0.0
2021-10-11 00:00:00+07:00,29150.0,29150.0,29150.0,29150.0,28151.712890625,0,0.0,0.0
2021-10-12 00:00:00+07:00,30600.0,31000.0,30400.0,30800.0,29745.205078125,7706200,0.0,0.0
2021-10-13 00:00:00+07:00,30800.0,30900.0,30350.0,30400.0,29358.904296875,4774400,0.0,0.0
2021-10-14 00:00:00+07:00,30400.0,30400.0,30400.0,30400.0,29358.904296875,0,0.0,0.0
2021-10-15 00:00:00+07:00,30700.0,30850.0,30400.0,30500.0,29455.48046875,2438000,0.0,0.0
2021-10-18 00:00:00+07:00,30500.0,30500.0,30500.0,30500.0,29455.48046875,0,0.0,0.0
2021-10-19 00:00:00+07:00,30800.0,30800.0,30300.0,30300.0,29262.330078125,3672000,0.0,0.0
2021-10-20 00:00:00+07:00,30300.0,31100.0,30200.0,30950.0,29890.068359375,6908600,0.0,0.0
2021-10-21 00:00:00+07:00,30850.0,31050.0,30600.0,30600.0,29552.0546875,5049000,0.0,0.0
2021-10-22 00:00:00+07:00,30600.0,31000.0,30550.0,30650.0,29600.34375,6222800,0.0,0.0
2021-10-25 00:00:00+07:00,30650.0,30650.0,30650.0,30650.0,29600.34375,0,0.0,0.0
2021-10-26 00:00:00+07:00,30300.0,30600.0,29400.0,30600.0,29552.0546875,7925500,0.0,0.0
2021-10-27 00:00:00+07:00,30600.0,31200.0,30500.0,31200.0,30131.5078125,10007500,0.0,0.0
2021-10-28 00:00:00+07:00,31500.0,31500.0,30800.0,31000.0,29938.357421875,7355600,0.0,0.0
2021-10-29 00:00:00+07:00,31000.0,31200.0,30700.0,31200.0,30131.5078125,10513500,0.0,0.0
2021-11-01 00:00:00+07:00,31200.0,31200.0,31200.0,31200.0,30131.5078125,0,0.0,0.0
2021-11-02 00:00:00+07:00,31200.0,30850.0,30700.0,31200.0,30131.5078125,8209600,0.0,0.0
2021-11-03 00:00:00+07:00,31050.0,32500.0,30800.0,31700.0,30614.384765625,13730900,0.0,0.0
2021-11-04 00:00:00+07:00,31750.0,31950.0,31200.0,31550.0,30469.521484375,6827500,0.0,0.0
2021-11-05 00:00:00+07:00,31900.0,31900.0,31050.0,31200.0,30131.5078125,5909000,0.0,0.0
2021-11-08 00:00:00+07:00,31000.0,31200.0,30750.0,30850.0,29793.494140625,8782700,0.0,0.0
2021-11-09 00:00:00+07:00,30800.0,30850.0,30350.0,30400.0,29358.904296875,9569900,0.0,0.0
2021-11-10 00:00:00+07:00,30400.0,31050.0,30400.0,30900.0,29841.78125,7357000,0.0,0.0
2021-11-11 00:00:00+07:00,30950.0,31000.0,30300.0,30300.0,29262.330078125,7440400,0.0,0.0
2021-11-12 00:00:00+07:00,30400.0,30400.0,30000.0,30100.0,29069.177734375,6538800,0.0,0.0
2021-11-15 00:00:00+07:00,30300.0,30550.0,30100.0,30200.0,29165.75390625,7837800,0.0,0.0
2021-11-16 00:00:00+07:00,30300.0,30600.0,30000.0,30050.0,29020.890625,5663300,0.0,0.0
2021-11-17 00:00:00+07:00,30100.0,30500.0,30050.0,30450.0,29407.19140625,6727900,0.0,0.0
2021-11-18 00:00:00+07:00,30450.0,31200.0,30350.0,31100.0,30034.931640625,12995600,0.0,0.0
2021-11-19 00:00:00+07:00,31100.0,31400.0,30000.0,30500.0,29455.48046875,10339200,0.0,0.0
2021-11-22 00:00:00+07:00,30500.0,30600.0,29900.0,29900.0,28876.02734375,5636600,0.0,0.0
2021-11-23 00:00:00+07:00,29650.0,30500.0,29350.0,30150.0,29117.466796875,7276000,0.0,0.0
2021-11-24 00:00:00+07:00,30200.0,31400.0,30100.0,31100.0,30034.931640625,10222300,0.0,0.0
2021-11-25 00:00:00+07:00,31500.0,31700.0,30800.0,30850.0,29793.494140625,11957400,0.0,0.0
2021-11-26 00:00:00+07:00,30800.0,31400.0,30300.0,30400.0,29358.904296875,12697200,0.0,0.0
2021-11-29 00:00:00+07:00,29800.0,30700.0,29800.0,30150.0,29117.466796875,9488000,0.0,0.0
2021-11-30 00:00:00+07:00,30350.0,30400.0,29600.0,29800.0,28779.453125,9891400,0.0,0.0
2021-12-01 00:00:00+07:00,29850.0,30400.0,29600.0,29700.0,28682.876953125,7203300,0.0,0.0
2021-12-02 00:00:00+07:00,29700.0,29900.0,29650.0,29650.0,28634.58984375,3984100,0.0,0.0
2021-12-03 00:00:00+07:00,29700.0,29900.0,28100.0,28100.0,27137.671875,10289600,0.0,0.0
2021-12-06 00:00:00+07:00,28100.0,28650.0,27900.0,28000.0,27041.095703125,8876400,0.0,0.0
2021-12-07 00:00:00+07:00,28150.0,29950.0,28150.0,29950.0,28924.314453125,8994800,0.0,0.0
2021-12-08 00:00:00+07:00,29950.0,30600.0,29900.0,30100.0,29069.177734375,9301000,0.0,0.0
2021-12-09 00:00:00+07:00,30000.0,30500.0,29700.0,30450.0,29407.19140625,9697000,0.0,0.0
2021-12-10 00:00:00+07:00,30200.0,30550.0,30100.0,30350.0,29310.6171875,6830900,0.0,0.0
2021-12-13 00:00:00+07:00,30400.0,30550.0,30200.0,30450.0,29407.19140625,7975300,0.0,0.0
2021-12-14 00:00:00+07:00,30350.0,30450.0,30100.0,30200.0,29165.75390625,5586400,0.0,0.0
2021-12-15 00:00:00+07:00,30250.0,30400.0,30050.0,30400.0,29358.904296875,4180000,0.0,0.0
2021-12-16 00:00:00+07:00,30500.0,30550.0,30100.0,30100.0,29069.177734375,4561100,0.0,0.0
2021-12-17 00:00:00+07:00,30150.0,31550.0,30100.0,30800.0,29745.205078125,14701000,0.0,0.0
2021-12-20 00:00:00+07:00,30800.0,31400.0,30800.0,31050.0,29986.64453125,7941600,0.0,0.0
2021-12-21 00:00:00+07:00,31050.0,31850.0,30800.0,31400.0,30324.658203125,10867100,0.0,0.0
2021-12-22 00:00:00+07:00,31500.0,31900.0,31000.0,31500.0,30421.232421875,8606500,0.0,0.0
2021-12-23 00:00:00+07:00,31750.0,31800.0,30900.0,31000.0,29938.357421875,8710200,0.0,0.0
2021-12-24 00:00:00+07:00,31000.0,31500.0,30800.0,31250.0,30179.794921875,6393100,0.0,0.0
2021-12-27 00:00:00+07:00,31500.0,31500.0,30900.0,31300.0,30228.08203125,4668000,0.0,0.0
2021-12-28 00:00:00+07:00,31300.0,31350.0,30650.0,30800.0,29745.205078125,5740600,0.0,0.0
2021-12-29 00:00:00+07:00,30800.0,31450.0,30450.0,30550.0,29503.767578125,5010000,0.0,0.0
2021-12-30 00:00:00+07:00,30500.0,31150.0,30400.0,30500.0,29455.48046875,4061200,0.0,0.0
2021-12-31 00:00:00+07:00,30550.0,31050.0,30100.0,30100.0,29069.177734375,6177200,0.0,0.0
2022-01-03 00:00:00+07:00,30100.0,30100.0,30100.0,30100.0,29069.177734375,0,0.0,0.0
2022-01-04 00:00:00+07:00,30300.0,31500.0,30300.0,31150.0,30083.21875,8227900,0.0,0.0
2022-01-05 00:00:00+07:00,31250.0,33300.0,31250.0,33300.0,32159.58984375,10789700,0.0,0.0
2022-01-06 00:00:00+07:00,34500.0,35600.0,34100.0,35600.0,34380.82421875,24897800,0.0,0.0
2022-01-07 00:00:00+07:00,35950.0,37000.0,34750.0,34750.0,33559.93359375,16447000,0.0,0.0
2022-01-10 00:00:00+07:00,34650.0,36500.0,34650.0,35000.0,33801.37109375,11058000,0.0,0.0
2022-01-11 00:00:00+07:00,34800.0,35600.0,33950.0,34200.0,33028.765625,13557200,0.0,0.0
2022-01-12 00:00:00+07:00,33950.0,36050.0,32200.0,36000.0,34767.125,17913300,0.0,0.0
2022-01-13 00:00:00+07:00,36100.0,36250.0,33800.0,33800.0,32642.466796875,10549600,0.0,0.0
2022-01-14 00:00:00+07:00,33000.0,34650.0,33000.0,34400.0,33221.91796875,5549300,0.0,0.0
2022-01-17 00:00:00+07:00,34200.0,34700.0,32000.0,32000.0,30904.109375,10933900,0.0,0.0
2022-01-18 00:00:00+07:00,31600.0,33200.0,31500.0,32400.0,31290.412109375,9207200,0.0,0.0
2022-01-19 00:00:00+07:00,32600.0,33300.0,32500.0,33250.0,32111.30078125,4998000,0.0,0.0
2022-01-20 00:00:00+07:00,32900.0,34300.0,32700.0,33600.0,32449.31640625,5387000,0.0,0.0
2022-01-21 00:00:00+07:00,33650.0,34000.0,33100.0,33100.0,31966.439453125,4567900,0.0,0.0
2022-01-24 00:00:00+07:00,33100.0,33100.0,31000.0,31000.0,29938.357421875,6704400,0.0,0.0
2022-01-25 00:00:00+07:00,31850.0,33150.0,31000.0,33150.0,32014.7265625,6177100,0.0,0.0
2022-01-26 00:00:00+07:00,33600.0,35250.0,33150.0,33900.0,32739.041015625,8966300,0.0,0.0
2022-01-27 00:00:00+07:00,33800.0,34950.0,33600.0,34200.0,33028.765625,6133600,0.0,0.0
2022-01-28 00:00:00+07:00,34100.0,35800.0,34100.0,34950.0,33753.08203125,9720700,0.0,0.0
2022-01-31 00:00:00+07:00,34950.0,34950.0,34950.0,34950.0,33753.08203125,0,0.0,0.0
2022-02-01 00:00:00+07:00,34950.0,34950.0,34950.0,34950.0,33753.08203125,0,0.0,0.0
2022-02-02 00:00:00+07:00,34950.0,34950.0,34950.0,34950.0,33753.08203125,0,0.0,0.0
2022-02-03 00:00:00+07:00,34950.0,34950.0,34950.0,34950.0,33753.08203125,0,0.0,0.0
2022-02-04 00:00:00+07:00,34950.0,34950.0,34950.0,34950.0,33753.08203125,0,0.0,0.0
2022-02-07 00:00:00+07:00,35800.0,36850.0,35100.0,35500.0,34284.24609375,12205700,0.0,0.0
2022-02-08 00:00:00+07:00,35500.0,35950.0,35000.0,35500.0,34284.24609375,5480400,0.0,0.0
2022-02-09 00:00:00+07:00,35500.0,35900.0,35400.0,35900.0,34670.546875,5340100,0.0,0.0
2022-02-10 00:00:00+07:00,36000.0,36700.0,35300.0,36000.0,34767.125,11025800,0.0,0.0
2022-02-11 00:00:00+07:00,35950.0,35950.0,34600.0,34600.0,33415.0703125,7741700,0.0,0.0
2022-02-14 00:00:00+07:00,33600.0,34250.0,33000.0,33000.0,31869.86328125,9234200,0.0,0.0
2022-02-15 00:00:00+07:00,33000.0,33000.0,33000.0,33000.0,31869.86328125,0,0.0,0.0
2022-02-16 00:00:00+07:00,34200.0,34450.0,33750.0,34300.0,33125.34375,4748300,0.0,0.0
2022-02-17 00:00:00+07:00,34300.0,34750.0,34000.0,34450.0,33270.20703125,3764700,0.0,0.0
2022-02-18 00:00:00+07:00,34000.0,34350.0,33500.0,33600.0,32449.31640625,6182000,0.0,0.0
2022-02-21 00:00:00+07:00,33550.0,34200.0,33450.0,34100.0,32932.19140625,5509700,0.0,0.0
2022-02-22 00:00:00+07:00,33900.0,34800.0,33500.0,34500.0,33318.4921875,7445200,0.0,0.0
2022-02-23 00:00:00+07:00,34950.0,35450.0,34600.0,34900.0,33704.79296875,6769800,0.0,0.0
2022-02-24 00:00:00+07:00,34650.0,34900.0,33150.0,34000.0,32835.6171875,12182800,0.0,0.0
2022-02-25 00:00:00+07:00,34400.0,34500.0,34000.0,34000.0,32835.6171875,4080500,0.0,0.0
2022-02-28 00:00:00+07:00,34000.0,34200.0,33500.0,33500.0,32352.740234375,5203100,0.0,0.0
2022-03-01 00:00:00+07:00,33500.0,33900.0,33300.0,33500.0,32352.740234375,4021300,0.0,0.0
2022-03-02 00:00:00+07:00,33400.0,33500.0,32600.0,32800.0,31676.712890625,7563900,0.0,0.0
2022-03-03 00:00:00+07:00,33000.0,33100.0,32500.0,32700.0,31580.13671875,6796000,0.0,0.0
2022-03-04 00:00:00+07:00,32650.0,34000.0,32350.0,33750.0,32594.177734375,12248000,0.0,0.0
2022-03-07 00:00:00+07:00,33300.0,33300.0,32800.0,32900.0,31773.287109375,10892800,0.0,0.0
2022-03-08 00:00:00+07:00,32750.0,33000.0,32500.0,32500.0,31386.986328125,4935000,0.0,0.0
2022-03-09 00:00:00+07:00,32500.0,32600.0,31600.0,31600.0,30517.80859375,6560500,0.0,0.0
2022-03-10 00:00:00+07:00,32100.0,32600.0,32000.0,32000.0,30904.109375,14045300,0.0,0.0
2022-03-11 00:00:00+07:00,31700.0,32500.0,31500.0,31850.0,30759.24609375,3607800,0.0,0.0
2022-03-14 00:00:00+07:00,31650.0,32450.0,31000.0,32000.0,30904.109375,5191300,0.0,0.0
2022-03-15 00:00:00+07:00,32000.0,32250.0,31650.0,31750.0,30662.671875,3266700,0.0,0.0
2022-03-16 00:00:00+07:00,32000.0,32150.0,31750.0,31750.0,30662.671875,3471300,0.0,0.0
2022-03-17 00:00:00+07:00,32000.0,32250.0,31950.0,32250.0,31145.548828125,2487300,0.0,0.0
2022-03-18 00:00:00+07:00,32450.0,33350.0,32150.0,33000.0,31869.86328125,6805500,0.0,0.0
2022-03-21 00:00:00+07:00,33000.0,33300.0,32800.0,33200.0,32063.013671875,3556300,0.0,0.0
2022-03-22 00:00:00+07:00,33000.0,33350.0,32950.0,33200.0,32063.013671875,4008800,0.0,0.0
2022-03-23 00:00:00+07:00,33100.0,33500.0,32850.0,32850.0,31725.0,3724800,0.0,0.0
2022-03-24 00:00:00+07:00,32850.0,33100.0,32750.0,32800.0,31676.712890625,3310600,0.0,0.0
2022-03-25 00:00:00+07:00,32800.0,32950.0,32600.0,32700.0,31580.13671875,2087800,0.0,0.0
2022-03-28 00:00:00+07:00,32500.0,32900.0,32000.0,32000.0,30904.109375,3672900,0.0,0.0
2022-03-29 00:00:00+07:00,32400.0,32750.0,32150.0,32550.0,31435.2734375,2705000,0.0,0.0
2022-03-30 00:00:00+07:00,32550.0,33150.0,32400.0,32500.0,31386.986328125,3398500,0.0,0.0
2022-03-31 00:00:00+07:00,32850.0,33750.0,32700.0,33450.0,32304.453125,5659000,0.0,0.0
2022-04-01 00:00:00+07:00,33400.0,34050.0,33050.0,34050.0,32883.90625,6486100,0.0,0.0
2022-04-04 00:00:00+07:00,34600.0,34650.0,34050.0,34050.0,32883.90625,4018900,0.0,0.0
2022-04-05 00:00:00+07:00,33800.0,34200.0,33500.0,33650.0,32497.603515625,3095300,0.0,0.0
2022-04-06 00:00:00+07:00,33650.0,34150.0,33400.0,33600.0,32449.31640625,5411400,0.0,0.0
2022-04-07 00:00:00+07:00,33650.0,33800.0,32650.0,32650.0,31531.849609375,4387100,0.0,0.0
2022-04-08 00:00:00+07:00,32550.0,33000.0,32200.0,32200.0,31097.259765625,3245800,0.0,0.0
2022-04-11 00:00:00+07:00,32200.0,32200.0,32200.0,32200.0,31097.259765625,0,0.0,0.0
2022-04-12 00:00:00+07:00,32200.0,32450.0,31100.0,31100.0,30034.931640625,4993200,0.0,0.0
2022-04-13 00:00:00+07:00,31250.0,31900.0,31200.0,31850.0,30759.24609375,2713700,0.0,0.0
2022-04-14 00:00:00+07:00,32000.0,32100.0,31750.0,31850.0,30759.24609375,2223100,0.0,0.0
2022-04-15 00:00:00+07:00,31850.0,32400.0,31500.0,31500.0,30421.232421875,3170900,0.0,0.0
2022-04-18 00:00:00+07:00,31450.0,32000.0,31250.0,31350.0,30276.37109375,3516800,0.0,0.0
2022-04-19 00:00:00+07:00,31250.0,31850.0,30850.0,30850.0,29793.494140625,3404000,0.0,0.0
2022-04-20 00:00:00+07:00,30850.0,31050.0,30450.0,30650.0,29600.34375,3604800,0.0,0.0
2022-04-21 00:00:00+07:00,30650.0,30750.0,28550.0,30500.0,29455.48046875,5572100,0.0,0.0
2022-04-22 00:00:00+07:00,30750.0,31200.0,30500.0,30900.0,29841.78125,3238200,0.0,0.0
2022-04-25 00:00:00+07:00,31350.0,31350.0,28750.0,29050.0,28055.13671875,5632400,0.0,0.0
2022-04-26 00:00:00+07:00,29100.0,31050.0,28400.0,31050.0,29986.64453125,6142800,0.0,0.0
2022-04-27 00:00:00+07:00,31000.0,31000.0,29600.0,30500.0,29455.48046875,4010600,0.0,0.0
2022-04-28 00:00:00+07:00,30500.0,30550.0,29850.0,29850.0,28827.740234375,3488600,0.0,0.0
2022-04-29 00:00:00+07:00,30000.0,30900.0,29850.0,30900.0,29841.78125,4185700,0.0,0.0
2022-05-02 00:00:00+07:00,30900.0,30900.0,30900.0,30900.0,29841.78125,0,0.0,0.0
2022-05-03 00:00:00+07:00,30900.0,30900.0,30900.0,30900.0,29841.78125,0,0.0,0.0
2022-05-04 00:00:00+07:00,30750.0,30750.0,29800.0,29950.0,28924.314453125,2433100,0.0,0.0
2022-05-05 00:00:00+07:00,30100.0,30400.0,29600.0,30300.0,29262.330078125,2500200,0.0,0.0
2022-05-06 00:00:00+07:00,29600.0,30500.0,29600.0,29600.0,28586.30078125,7483500,0.0,0.0
2022-05-09 00:00:00+07:00,29800.0,29900.0,27900.0,28200.0,27234.24609375,7497200,0.0,0.0
2022-05-10 00:00:00+07:00,27900.0,28350.0,27800.0,28100.0,27137.671875,4226400,0.0,0.0
2022-05-11 00:00:00+07:00,28500.0,29700.0,28200.0,28900.0,27910.2734375,4343100,0.0,0.0
2022-05-12 00:00:00+07:00,28500.0,28900.0,26900.0,26900.0,25978.767578125,3703900,0.0,0.0
2022-05-13 00:00:00+07:00,26750.0,27300.0,25100.0,25300.0,24433.5625,6901900,0.0,0.0
2022-05-16 00:00:00+07:00,25500.0,26800.0,25500.0,26250.0,25351.02734375,4649600,0.0,0.0
2022-05-17 00:00:00+07:00,26000.0,27500.0,25800.0,27400.0,26461.64453125,4233100,0.0,0.0
2022-05-18 00:00:00+07:00,27500.0,27650.0,26750.0,27400.0,26461.64453125,6037800,0.0,0.0
2022-05-19 00:00:00+07:00,26500.0,27900.0,26500.0,27400.0,26461.64453125,2294100,0.0,0.0
2022-05-20 00:00:00+07:00,27400.0,27700.0,26850.0,27350.0,26413.357421875,2127600,0.0,0.0
2022-05-23 00:00:00+07:00,27100.0,27850.0,26400.0,27350.0,26413.357421875,2267400,0.0,0.0
2022-05-24 00:00:00+07:00,27350.0,28100.0,26600.0,28100.0,27137.671875,2611100,0.0,0.0
2022-05-25 00:00:00+07:00,28050.0,29450.0,27650.0,29450.0,28441.439453125,4121200,0.0,0.0
2022-05-26 00:00:00+07:00,29400.0,29750.0,28950.0,29600.0,28586.30078125,1976300,0.0,0.0
2022-05-27 00:00:00+07:00,29200.0,29800.0,29000.0,29800.0,28779.453125,2959400,0.0,0.0
2022-05-30 00:00:00+07:00,29800.0,29950.0,29200.0,29950.0,28924.314453125,2849200,0.0,0.0
2022-05-31 00:00:00+07:00,29850.0,30300.0,29400.0,30150.0,29117.466796875,2498300,0.0,0.0
2022-06-01 00:00:00+07:00,29900.0,30150.0,29550.0,30050.0,29020.890625,2301500,0.0,0.0
2022-06-02 00:00:00+07:00,30050.0,30050.0,30050.0,30050.0,29020.890625,0,0.0,0.0
2022-06-03 00:00:00+07:00,29500.0,29950.0,29300.0,29950.0,28924.314453125,1491300,0.0,0.0
2022-06-06 00:00:00+07:00,29950.0,30000.0,29500.0,29950.0,28924.314453125,1387000,0.0,0.0
2022-06-07 00:00:00+07:00,29650.0,29900.0,29150.0,29900.0,28876.02734375,1839000,0.0,0.0
2022-06-08 00:00:00+07:00,29700.0,30500.0,29700.0,30400.0,29358.904296875,2170300,0.0,0.0
2022-06-09 00:00:00+07:00,30400.0,30900.0,30000.0,30900.0,29841.78125,1442400,0.0,0.0
2022-06-10 00:00:00+07:00,30600.0,30600.0,29950.0,30500.0,29455.48046875,1936600,0.0,0.0
2022-06-13 00:00:00+07:00,29100.0,29400.0,28400.0,29000.0,28006.849609375,3179400,0.0,0.0
2022-06-14 00:00:00+07:00,27150.0,29150.0,27150.0,29150.0,28151.712890625,2289700,0.0,0.0
2022-06-15 00:00:00+07:00,29150.0,29150.0,28300.0,28900.0,27910.2734375,2498100,0.0,0.0
2022-06-16 00:00:00+07:00,28900.0,30500.0,28650.0,29200.0,28200.0,3090500,0.0,0.0
2022-06-17 00:00:00+07:00,28800.0,29850.0,28500.0,29350.0,28344.86328125,2350300,0.0,0.0
2022-06-20 00:00:00+07:00,29300.0,29300.0,28100.0,28700.0,27717.123046875,2183100,0.0,0.0
2022-06-21 00:00:00+07:00,27600.0,28350.0,27600.0,28000.0,27041.095703125,2572900,0.0,0.0
2022-06-22 00:00:00+07:00,28500.0,28900.0,28100.0,28500.0,27523.97265625,1221700,0.0,0.0
2022-06-23 00:00:00+07:00,28050.0,28450.0,28000.0,28050.0,27089.384765625,801400,0.0,0.0
2022-06-24 00:00:00+07:00,28100.0,28400.0,27550.0,27550.0,26606.5078125,974300,0.0,0.0
2022-06-27 00:00:00+07:00,27700.0,28800.0,27650.0,28750.0,27765.412109375,1271000,0.0,0.0
2022-06-28 00:00:00+07:00,28400.0,29450.0,28400.0,28850.0,27861.986328125,1367000,0.0,0.0
2022-06-29 00:00:00+07:00,28700.0,29150.0,28400.0,28450.0,27475.685546875,1095400,0.0,0.0
2022-06-30 00:00:00+07:00,28500.0,28850.0,28000.0,28550.0,27572.259765625,1605000,0.0,0.0
2022-07-01 00:00:00+07:00,28550.0,28650.0,27900.0,28650.0,27668.8359375,1806800,0.0,0.0
2022-07-04 00:00:00+07:00,28950.0,28950.0,28350.0,28500.0,27523.97265625,969000,0.0,0.0
2022-07-05 00:00:00+07:00,28500.0,28800.0,27950.0,27950.0,26992.80859375,1079500,0.0,0.0
2022-07-06 00:00:00+07:00,27600.0,28000.0,26000.0,26000.0,25109.58984375,3210800,0.0,0.0
2022-07-07 00:00:00+07:00,26200.0,27000.0,26200.0,27000.0,26075.34375,2402600,0.0,0.0
2022-07-08 00:00:00+07:00,27000.0,27250.0,26600.0,27000.0,26075.34375,1037500,0.0,0.0
2022-07-11 00:00:00+07:00,26000.0,26500.0,25150.0,26000.0,25109.58984375,3468900,0.0,0.0
2022-07-12 00:00:00+07:00,26000.0,26000.0,26000.0,26000.0,25109.58984375,0,0.0,0.0
2022-07-13 00:00:00+07:00,26200.0,26600.0,25800.0,26250.0,25351.02734375,806000,0.0,0.0
2022-07-14 00:00:00+07:00,26500.0,26500.0,25900.0,26050.0,25157.876953125,1161000,0.0,0.0
2022-07-15 00:00:00+07:00,26000.0,26300.0,25650.0,26200.0,25302.740234375,1215800,0.0,0.0
2022-07-18 00:00:00+07:00,26300.0,26450.0,26000.0,26050.0,25157.876953125,508500,0.0,0.0
2022-07-19 00:00:00+07:00,25800.0,26050.0,25750.0,26000.0,25109.58984375,937900,0.0,0.0
2022-07-20 00:00:00+07:00,26100.0,26250.0,26000.0,26050.0,25157.876953125,1423900,0.0,0.0
2022-07-21 00:00:00+07:00,26100.0,26450.0,26000.0,26300.0,25399.314453125,2005900,0.0,0.0
2022-07-22 00:00:00+07:00,26350.0,26700.0,26000.0,26000.0,25109.58984375,1146000,0.0,0.0
2022-07-25 00:00:00+07:00,26050.0,26300.0,25850.0,26300.0,25399.314453125,1173900,0.0,0.0
2022-07-26 00:00:00+07:00,26100.0,26400.0,26000.0,26050.0,25157.876953125,550700,0.0,0.0
2022-07-27 00:00:00+07:00,26200.0,26300.0,26000.0,26300.0,25399.314453125,676600,0.0,0.0
2022-07-28 00:00:00+07:00,26400.0,28100.0,26350.0,28100.0,27137.671875,4379900,0.0,0.0
2022-07-29 00:00:00+07:00,28400.0,28550.0,27600.0,28000.0,27041.095703125,2024600,0.0,0.0
2022-08-01 00:00:00+07:00,28000.0,29000.0,27800.0,29000.0,28006.849609375,2238700,0.0,0.0
2022-08-02 00:00:00+07:00,28700.0,29000.0,28350.0,29000.0,28006.849609375,2183100,0.0,0.0
2022-08-03 00:00:00+07:00,28500.0,29050.0,28300.0,29050.0,28055.13671875,1940500,0.0,0.0
2022-08-04 00:00:00+07:00,28900.0,29500.0,28650.0,29000.0,28006.849609375,1213600,0.0,0.0
2022-08-05 00:00:00+07:00,28500.0,29100.0,28500.0,28950.0,27958.5625,1298600,0.0,0.0
2022-08-08 00:00:00+07:00,28700.0,28950.0,28700.0,28700.0,27717.123046875,933200,0.0,0.0
2022-08-09 00:00:00+07:00,28800.0,28900.0,28550.0,28550.0,27572.259765625,771900,0.0,0.0
2022-08-10 00:00:00+07:00,28500.0,28900.0,28400.0,28400.0,27427.3984375,824100,0.0,0.0
2022-08-11 00:00:00+07:00,28650.0,29550.0,28500.0,28900.0,27910.2734375,2321200,0.0,0.0
2022-08-12 00:00:00+07:00,28550.0,29450.0,28550.0,29350.0,28344.86328125,979100,0.0,0.0
2022-08-15 00:00:00+07:00,29400.0,29700.0,29350.0,29550.0,28538.013671875,1207700,0.0,0.0
2022-08-16 00:00:00+07:00,29400.0,29550.0,29100.0,29300.0,28296.576171875,1098200,0.0,0.0
2022-08-17 00:00:00+07:00,29300.0,29650.0,29250.0,29500.0,28489.7265625,1633100,0.0,0.0
2022-08-18 00:00:00+07:00,29500.0,29750.0,29150.0,29600.0,28586.30078125,2271900,0.0,0.0
2022-08-19 00:00:00+07:00,29100.0,29600.0,28650.0,29300.0,28296.576171875,2504000,0.0,0.0
2022-08-22 00:00:00+07:00,29150.0,29300.0,28450.0,29050.0,28055.13671875,1382200,0.0,0.0
2022-08-23 00:00:00+07:00,28500.0,29000.0,28350.0,28850.0,27861.986328125,1847800,0.0,0.0
2022-08-24 00:00:00+07:00,28900.0,28900.0,28550.0,28600.0,27620.548828125,1569100,0.0,0.0
2022-08-25 00:00:00+07:00,28500.0,29200.0,28500.0,29200.0,28200.0,1130400,0.0,0.0
2022-08-26 00:00:00+07:00,29200.0,29350.0,28850.0,28850.0,27861.986328125,954300,0.0,0.0
2022-08-29 00:00:00+07:00,28100.0,28600.0,27850.0,28400.0,27427.3984375,1941200,0.0,0.0
2022-08-30 00:00:00+07:00,28400.0,28800.0,28300.0,28400.0,27427.3984375,885800,0.0,0.0
2022-08-31 00:00:00+07:00,28100.0,28400.0,27700.0,27700.0,26751.37109375,2062000,0.0,0.0
2022-09-01 00:00:00+07:00,27700.0,27700.0,27700.0,27700.0,26751.37109375,0,0.0,0.0
2022-09-02 00:00:00+07:00,27700.0,27700.0,27700.0,27700.0,26751.37109375,0,0.0,0.0
2022-09-05 00:00:00+07:00,27750.0,28000.0,27550.0,27550.0,26606.5078125,1465000,0.0,0.0
2022-09-06 00:00:00+07:00,27600.0,28050.0,27450.0,28050.0,27089.384765625,1803100,0.0,0.0
2022-09-07 00:00:00+07:00,27900.0,28250.0,27600.0,27650.0,26703.08203125,1875900,0.0,0.0
2022-09-08 00:00:00+07:00,27650.0,27950.0,27400.0,27400.0,26461.64453125,1027300,0.0,0.0
2022-09-09 00:00:00+07:00,27800.0,27800.0,27200.0,27500.0,26558.21875,1270000,0.0,0.0
2022-09-12 00:00:00+07:00,27650.0,28800.0,27650.0,28750.0,27765.412109375,1871600,0.0,0.0
2022-09-13 00:00:00+07:00,28850.0,29200.0,28350.0,28350.0,27379.109375,1872600,0.0,0.0
2022-09-14 00:00:00+07:00,28350.0,28700.0,27950.0,28500.0,27523.97265625,1332600,0.0,0.0
2022-09-15 00:00:00+07:00,28600.0,29000.0,28300.0,28850.0,27861.986328125,1092600,0.0,0.0
2022-09-16 00:00:00+07:00,28850.0,29850.0,28200.0,29850.0,28827.740234375,2870500,0.0,0.0
2022-09-19 00:00:00+07:00,29250.0,29350.0,28800.0,29100.0,28103.42578125,1602700,0.0,0.0
2022-09-20 00:00:00+07:00,29100.0,29150.0,28600.0,29050.0,28055.13671875,1480700,0.0,0.0
2022-09-21 00:00:00+07:00,28650.0,28850.0,28300.0,28600.0,27620.548828125,494100,0.0,0.0
2022-09-22 00:00:00+07:00,28150.0,28650.0,27750.0,28650.0,27668.8359375,778800,0.0,0.0
2022-09-23 00:00:00+07:00,28250.0,28650.0,28250.0,28500.0,27523.97265625,515200,0.0,0.0
2022-09-26 00:00:00+07:00,27900.0,28200.0,26650.0,26650.0,25737.328125,1764700,0.0,0.0
2022-09-27 00:00:00+07:00,27150.0,27400.0,26600.0,26650.0,25737.328125,1271100,0.0,0.0
2022-09-28 00:00:00+07:00,26500.0,27100.0,26500.0,26850.0,25930.48046875,1118100,0.0,0.0
2022-09-29 00:00:00+07:00,27200.0,27800.0,26950.0,27200.0,26268.494140625,1584800,0.0,0.0
2022-09-30 00:00:00+07:00,26900.0,28000.0,26900.0,28000.0,27041.095703125,1800300,0.0,0.0
2022-10-03 00:00:00+07:00,27550.0,27900.0,26100.0,26100.0,25206.1640625,1364000,0.0,0.0
2022-10-04 00:00:00+07:00,26250.0,27000.0,25400.0,26700.0,25785.6171875,1744700,0.0,0.0
2022-10-05 00:00:00+07:00,26750.0,27900.0,26550.0,27000.0,26075.34375,922900,0.0,0.0
2022-10-06 00:00:00+07:00,27050.0,27500.0,26500.0,26500.0,25592.466796875,1262900,0.0,0.0
2022-10-07 00:00:00+07:00,26200.0,27150.0,24900.0,26000.0,25109.58984375,2464400,0.0,0.0
2022-10-10 00:00:00+07:00,25300.0,27200.0,25000.0,25400.0,24530.13671875,1759700,0.0,0.0
2022-10-11 00:00:00+07:00,25300.0,25600.0,23650.0,23650.0,22840.068359375,2576300,0.0,0.0
2022-10-12 00:00:00+07:00,22300.0,24850.0,22000.0,24200.0,23371.232421875,2281600,0.0,0.0
2022-10-13 00:00:00+07:00,24200.0,25600.0,23800.0,25600.0,24723.287109375,1584500,0.0,0.0
2022-10-14 00:00:00+07:00,26000.0,26000.0,25050.0,25200.0,24336.986328125,670600,0.0,0.0
2022-10-17 00:00:00+07:00,24300.0,24900.0,23900.0,24900.0,24047.259765625,1037800,0.0,0.0
2022-10-18 00:00:00+07:00,25300.0,25800.0,24800.0,25800.0,24916.439453125,855200,0.0,0.0
2022-10-19 00:00:00+07:00,25600.0,25850.0,24950.0,25200.0,24336.986328125,661800,0.0,0.0
2022-10-20 00:00:00+07:00,25000.0,25350.0,24600.0,25100.0,24240.412109375,1365000,0.0,0.0
2022-10-21 00:00:00+07:00,24900.0,25000.0,24000.0,24000.0,23178.08203125,720600,0.0,0.0
2022-10-24 00:00:00+07:00,24650.0,24650.0,22350.0,22350.0,21584.58984375,1778100,0.0,0.0
2022-10-25 00:00:00+07:00,21600.0,23650.0,21400.0,23000.0,22212.328125,1369200,0.0,0.0
2022-10-26 00:00:00+07:00,23050.0,23200.0,22200.0,22200.0,21439.7265625,667200,0.0,0.0
2022-10-27 00:00:00+07:00,22900.0,23750.0,22500.0,23750.0,22936.64453125,1960900,0.0,0.0
2022-10-28 00:00:00+07:00,24000.0,24800.0,23550.0,23700.0,22888.35546875,1603500,0.0,0.0
2022-10-31 00:00:00+07:00,24200.0,24600.0,23000.0,24600.0,23757.53515625,1343000,0.0,0.0
2022-11-01 00:00:00+07:00,24550.0,26300.0,24550.0,26250.0,25351.02734375,2023900,0.0,0.0
2022-11-02 00:00:00+07:00,26050.0,26300.0,25100.0,25800.0,24916.439453125,1209300,0.0,0.0
2022-11-03 00:00:00+07:00,25150.0,26000.0,25150.0,26000.0,25109.58984375,524600,0.0,0.0
2022-11-04 00:00:00+07:00,25500.0,26050.0,24550.0,26000.0,25109.58984375,1786100,0.0,0.0
2022-11-07 00:00:00+07:00,26000.0,26450.0,25250.0,25500.0,24626.712890625,1575200,0.0,0.0
2022-11-08 00:00:00+07:00,25500.0,25750.0,24800.0,25250.0,24385.2734375,1798400,0.0,0.0
2022-11-09 00:00:00+07:00,25300.0,26150.0,24800.0,25400.0,24530.13671875,1916000,0.0,0.0
2022-11-10 00:00:00+07:00,25350.0,25600.0,24550.0,24800.0,23950.685546875,1447000,0.0,0.0
2022-11-11 00:00:00+07:00,25100.0,25400.0,24700.0,25300.0,24433.5625,1940400,0.0,0.0
2022-11-14 00:00:00+07:00,24500.0,25350.0,24100.0,25350.0,24481.849609375,1701700,0.0,0.0
2022-11-15 00:00:00+07:00,25350.0,25400.0,24500.0,24950.0,24095.548828125,1663100,0.0,0.0
2022-11-16 00:00:00+07:00,23850.0,26650.0,23300.0,26550.0,25640.75390625,2283400,0.0,0.0
2022-11-17 00:00:00+07:00,26550.0,28400.0,26000.0,28400.0,27427.3984375,3241400,0.0,0.0
2022-11-18 00:00:00+07:00,28000.0,28300.0,27300.0,27600.0,26654.794921875,1936700,0.0,0.0
2022-11-21 00:00:00+07:00,27500.0,27500.0,26100.0,26300.0,25399.314453125,1750000,0.0,0.0
2022-11-22 00:00:00+07:00,26100.0,28000.0,26050.0,26150.0,25254.453125,1870400,0.0,0.0
2022-11-23 00:00:00+07:00,26050.0,26850.0,25900.0,26150.0,25254.453125,661300,0.0,0.0
2022-11-24 00:00:00+07:00,26000.0,27550.0,26000.0,27100.0,26171.91796875,1209600,0.0,0.0
2022-11-25 00:00:00+07:00,27600.0,27700.0,27100.0,27400.0,26461.64453125,900300,0.0,0.0
2022-11-28 00:00:00+07:00,27950.0,29300.0,27550.0,29300.0,28296.576171875,4231400,0.0,0.0
2022-11-29 00:00:00+07:00,29300.0,30500.0,28900.0,30500.0,29455.48046875,3972000,0.0,0.0
2022-11-30 00:00:00+07:00,31000.0,31000.0,29800.0,30550.0,29503.767578125,2894300,0.0,0.0
2022-12-01 00:00:00+07:00,30050.0,30800.0,29550.0,30000.0,28972.603515625,2812500,0.0,0.0
2022-12-02 00:00:00+07:00,29100.0,31550.0,29000.0,31550.0,30469.521484375,2864300,0.0,0.0
2022-12-05 00:00:00+07:00,31650.0,31650.0,31000.0,31550.0,30469.521484375,2356100,0.0,0.0
2022-12-06 00:00:00+07:00,30500.0,30950.0,29350.0,29350.0,28344.86328125,2883400,0.0,0.0
2022-12-07 00:00:00+07:00,29500.0,30200.0,28600.0,29500.0,28489.7265625,2217500,0.0,0.0
2022-12-08 00:00:00+07:00,29500.0,30100.0,28500.0,28750.0,27765.412109375,2497400,0.0,0.0
2022-12-09 00:00:00+07:00,28850.0,29500.0,28050.0,28900.0,27910.2734375,3690300,0.0,0.0
2022-12-12 00:00:00+07:00,29200.0,29950.0,27050.0,27050.0,26123.630859375,3231300,0.0,0.0
2022-12-13 00:00:00+07:00,27400.0,28000.0,27050.0,28000.0,27041.095703125,2178600,0.0,0.0
2022-12-14 00:00:00+07:00,28050.0,28100.0,27200.0,27950.0,26992.80859375,2533600,0.0,0.0
2022-12-15 00:00:00+07:00,27950.0,28050.0,27500.0,27900.0,26944.521484375,2131800,0.0,0.0
2022-12-16 00:00:00+07:00,27600.0,27900.0,26200.0,26200.0,25302.740234375,9287700,0.0,0.0
2022-12-19 00:00:00+07:00,27000.0,27800.0,26250.0,27300.0,26365.068359375,2643000,0.0,0.0
2022-12-20 00:00:00+07:00,26750.0,27350.0,25650.0,25750.0,24868.150390625,3321300,0.0,0.0
2022-12-21 00:00:00+07:00,26150.0,26700.0,25600.0,26000.0,25109.58984375,3216500,0.0,0.0
2022-12-22 00:00:00+07:00,26100.0,26450.0,25600.0,26000.0,25109.58984375,2054700,0.0,0.0
2022-12-23 00:00:00+07:00,26150.0,26150.0,25550.0,25800.0,24916.439453125,1835700,0.0,0.0
2022-12-26 00:00:00+07:00,26050.0,26050.0,24550.0,24550.0,23709.24609375,2460400,0.0,0.0
2022-12-27 00:00:00+07:00,25000.0,26250.0,24750.0,25800.0,24916.439453125,1897200,0.0,0.0
2022-12-28 00:00:00+07:00,25750.0,27100.0,25600.0,26900.0,25978.767578125,1813400,0.0,0.0
2022-12-29 00:00:00+07:00,26800.0,27150.0,26500.0,26500.0,25592.466796875,1545900,0.0,0.0
2022-12-30 00:00:00+07:00,26150.0,27200.0,26150.0,26300.0,25399.314453125,1792900,0.0,0.0
2023-01-02 00:00:00+07:00,26300.0,26300.0,26300.0,26300.0,25399.314453125,0,0.0,0.0
2023-01-03 00:00:00+07:00,27000.0,28100.0,26350.0,28100.0,27137.671875,3875900,0.0,0.0
2023-01-04 00:00:00+07:00,28550.0,28750.0,28100.0,28600.0,27620.548828125,2624200,0.0,0.0
2023-01-05 00:00:00+07:00,28400.0,29200.0,28000.0,29200.0,28200.0,4076200,0.0,0.0
2023-01-06 00:00:00+07:00,29200.0,29600.0,28350.0,29250.0,28248.287109375,1696300,0.0,0.0
2023-01-09 00:00:00+07:00,29250.0,29600.0,29000.0,29400.0,28393.150390625,1193700,0.0,0.0
2023-01-10 00:00:00+07:00,29400.0,29400.0,28450.0,29400.0,28393.150390625,914500,0.0,0.0
2023-01-11 00:00:00+07:00,29450.0,29500.0,28500.0,28500.0,27523.97265625,989900,0.0,0.0
2023-01-12 00:00:00+07:00,28900.0,28900.0,28000.0,28700.0,27717.123046875,1037700,0.0,0.0
2023-01-13 00:00:00+07:00,28700.0,29000.0,28250.0,28600.0,27620.548828125,770200,0.0,0.0
2023-01-16 00:00:00+07:00,28350.0,28800.0,27950.0,28500.0,27523.97265625,1010000,0.0,0.0
2023-01-17 00:00:00+07:00,28700.0,29850.0,27950.0,29850.0,28827.740234375,2138800,0.0,0.0
2023-01-18 00:00:00+07:00,29800.0,29800.0,29000.0,29300.0,28296.576171875,1473600,0.0,0.0
2023-01-19 00:00:00+07:00,29000.0,30300.0,29000.0,29650.0,28634.58984375,3043500,0.0,0.0
2023-01-20 00:00:00+07:00,29650.0,29650.0,29650.0,29650.0,28634.58984375,0,0.0,0.0
2023-01-23 00:00:00+07:00,29650.0,29650.0,29650.0,29650.0,28634.58984375,0,0.0,0.0
2023-01-24 00:00:00+07:00,29650.0,29650.0,29650.0,29650.0,28634.58984375,0,0.0,0.0
2023-01-25 00:00:00+07:00,29650.0,29650.0,29650.0,29650.0,28634.58984375,0,0.0,0.0
2023-01-26 00:00:00+07:00,29650.0,29650.0,29650.0,29650.0,28634.58984375,0,0.0,0.0
2023-01-27 00:00:00+07:00,29700.0,30500.0,29700.0,30300.0,29262.330078125,1974800,0.0,0.0
2023-01-30 00:00:00+07:00,30200.0,30200.0,29300.0,29800.0,28779.453125,1610100,0.0,0.0
2023-01-31 00:00:00+07:00,29750.0,30150.0,29250.0,29700.0,28682.876953125,1095200,0.0,0.0
2023-02-01 00:00:00+07:00,29700.0,29700.0,28000.0,28000.0,27041.095703125,1893600,0.0,0.0
2023-02-02 00:00:00+07:00,28050.0,28950.0,28050.0,28850.0,27861.986328125,1699200,0.0,0.0
2023-02-03 00:00:00+07:00,28850.0,29200.0,28600.0,29200.0,28200.0,1095800,0.0,0.0
2023-02-06 00:00:00+07:00,28500.0,29500.0,28300.0,29500.0,28489.7265625,940200,0.0,0.0
2023-02-07 00:00:00+07:00,29400.0,29500.0,28550.0,28550.0,27572.259765625,1347600,0.0,0.0
2023-02-08 00:00:00+07:00,28550.0,28950.0,28450.0,28500.0,27523.97265625,1375500,0.0,0.0
2023-02-09 00:00:00+07:00,28300.0,28950.0,28150.0,28200.0,27234.24609375,1205500,0.0,0.0
2023-02-10 00:00:00+07:00,28200.0,28400.0,27800.0,28200.0,27234.24609375,726000,0.0,0.0
2023-02-13 00:00:00+07:00,28000.0,28500.0,27550.0,28500.0,27523.97265625,1031800,0.0,0.0
2023-02-14 00:00:00+07:00,28500.0,28500.0,27400.0,28000.0,27041.095703125,1441900,0.0,0.0
2023-02-15 00:00:00+07:00,27800.0,28400.0,27600.0,28350.0,27379.109375,969600,0.0,0.0
2023-02-16 00:00:00+07:00,28350.0,28450.0,27700.0,28400.0,27427.3984375,978700,0.0,0.0
2023-02-17 00:00:00+07:00,28300.0,28650.0,28000.0,28400.0,27427.3984375,1280800,0.0,0.0
2023-02-20 00:00:00+07:00,28300.0,29350.0,28150.0,29350.0,28344.86328125,3128000,0.0,0.0
2023-02-21 00:00:00+07:00,29350.0,29800.0,29150.0,29600.0,28586.30078125,1309700,0.0,0.0
2023-02-22 00:00:00+07:00,29300.0,29350.0,28100.0,28100.0,27137.671875,1360100,0.0,0.0
2023-02-23 00:00:00+07:00,28300.0,28400.0,26500.0,26500.0,25592.466796875,4737800,0.0,0.0
2023-02-24 00:00:00+07:00,26700.0,26900.0,26300.0,26500.0,25592.466796875,2243300,0.0,0.0
2023-02-27 00:00:00+07:00,26150.0,26600.0,25550.0,25750.0,24868.150390625,1513400,0.0,0.0
2023-02-28 00:00:00+07:00,26200.0,27550.0,26100.0,26700.0,25785.6171875,2998000,0.0,0.0
2023-03-01 00:00:00+07:00,26700.0,27450.0,26200.0,26800.0,25882.19140625,2068500,0.0,0.0
2023-03-02 00:00:00+07:00,26950.0,27000.0,26200.0,26200.0,25302.740234375,1980400,0.0,0.0
2023-03-03 00:00:00+07:00,26300.0,26500.0,25700.0,26000.0,25109.58984375,2078400,0.0,0.0
2023-03-06 00:00:00+07:00,26450.0,27100.0,26150.0,26150.0,25254.453125,2736300,0.0,0.0
2023-03-07 00:00:00+07:00,26700.0,27000.0,26400.0,26600.0,25689.041015625,2211500,0.0,0.0
2023-03-08 00:00:00+07:00,26400.0,27250.0,26400.0,27250.0,26316.78125,2194700,0.0,0.0
2023-03-09 00:00:00+07:00,27250.0,27450.0,26950.0,27000.0,26075.34375,5053200,0.0,0.0
2023-03-10 00:00:00+07:00,26900.0,28050.0,26900.0,28000.0,27041.095703125,2302400,0.0,0.0
2023-03-13 00:00:00+07:00,27950.0,29400.0,27850.0,29100.0,28103.42578125,4124400,0.0,0.0
2023-03-14 00:00:00+07:00,28800.0,29050.0,28250.0,28800.0,27813.69921875,2116400,0.0,0.0
2023-03-15 00:00:00+07:00,28800.0,29400.0,28200.0,28500.0,27523.97265625,3577700,0.0,0.0
2023-03-16 00:00:00+07:00,28450.0,29050.0,28450.0,28950.0,27958.5625,2649100,0.0,0.0
2023-03-17 00:00:00+07:00,28950.0,29700.0,28950.0,29500.0,28489.7265625,6891400,0.0,0.0
2023-03-20 00:00:00+07:00,29500.0,29500.0,28050.0,29000.0,28006.849609375,2353200,0.0,0.0
2023-03-21 00:00:00+07:00,28950.0,29500.0,28150.0,29450.0,28441.439453125,3045500,0.0,0.0
2023-03-22 00:00:00+07:00,29100.0,29800.0,28850.0,29700.0,28682.876953125,4228500,0.0,0.0
2023-03-23 00:00:00+07:00,29000.0,29450.0,29000.0,29300.0,28296.576171875,1817500,0.0,0.0
2023-03-24 00:00:00+07:00,29250.0,29450.0,29200.0,29250.0,28248.287109375,1312500,0.0,0.0
2023-03-27 00:00:00+07:00,29250.0,29450.0,28650.0,29300.0,28296.576171875,1714000,0.0,0.0
2023-03-28 00:00:00+07:00,29050.0,29650.0,29050.0,29250.0,28248.287109375,2801800,0.0,0.0
2023-03-29 00:00:00+07:00,29000.0,29250.0,28750.0,29250.0,28248.287109375,1472200,0.0,0.0
2023-03-30 00:00:00+07:00,29500.0,31250.0,29300.0,29900.0,28876.02734375,7146900,0.0,0.0
2023-03-31 00:00:00+07:00,30000.0,31000.0,29550.0,29550.0,28538.013671875,5358200,0.0,0.0
2023-04-03 00:00:00+07:00,29900.0,30200.0,29500.0,29600.0,28586.30078125,3057800,0.0,0.0
2023-04-04 00:00:00+07:00,29600.0,29600.0,29050.0,29450.0,28441.439453125,1958000,0.0,0.0
2023-04-05 00:00:00+07:00,29450.0,29550.0,29200.0,29450.0,28441.439453125,2446000,0.0,0.0
2023-04-06 00:00:00+07:00,29550.0,29550.0,29300.0,29500.0,28489.7265625,2706800,0.0,0.0
2023-04-07 00:00:00+07:00,29500.0,29550.0,28500.0,29200.0,28200.0,1723900,0.0,0.0
2023-04-10 00:00:00+07:00,29300.0,29300.0,28900.0,29100.0,28103.42578125,1435500,0.0,0.0
2023-04-11 00:00:00+07:00,28950.0,29150.0,28850.0,29050.0,28055.13671875,1017000,0.0,0.0
2023-04-12 00:00:00+07:00,28950.0,29050.0,28500.0,28700.0,27717.123046875,2836700,0.0,0.0
2023-04-13 00:00:00+07:00,28800.0,29050.0,28200.0,28400.0,27427.3984375,1089300,0.0,0.0
2023-04-14 00:00:00+07:00,28650.0,28800.0,28450.0,28600.0,27620.548828125,2693200,0.0,0.0
2023-04-17 00:00:00+07:00,28600.0,29000.0,27900.0,28300.0,27330.822265625,1578500,0.0,0.0
2023-04-18 00:00:00+07:00,28450.0,28600.0,28250.0,28500.0,27523.97265625,2264000,0.0,0.0
2023-04-19 00:00:00+07:00,28600.0,28850.0,27800.0,28300.0,27330.822265625,2462700,0.0,0.0
2023-04-20 00:00:00+07:00,28300.0,28350.0,27950.0,28300.0,27330.822265625,1686700,0.0,0.0
2023-04-21 00:00:00+07:00,28300.0,28300.0,27600.0,27900.0,26944.521484375,2738500,0.0,0.0
2023-04-24 00:00:00+07:00,28750.0,28900.0,28000.0,28150.0,27185.958984375,3750900,0.0,0.0
2023-04-25 00:00:00+07:00,28200.0,28300.0,27400.0,27700.0,26751.37109375,3437800,0.0,0.0
2023-04-26 00:00:00+07:00,27800.0,27800.0,26850.0,27500.0,26558.21875,4002500,0.0,0.0
2023-04-27 00:00:00+07:00,27450.0,27450.0,27000.0,27000.0,26075.34375,2082500,0.0,0.0
2023-04-28 00:00:00+07:00,27100.0,27700.0,27100.0,27700.0,26751.37109375,2842300,0.0,0.0
2023-05-01 00:00:00+07:00,27700.0,27700.0,27700.0,27700.0,26751.37109375,0,0.0,0.0
2023-05-02 00:00:00+07:00,27700.0,27700.0,27700.0,27700.0,26751.37109375,0,0.0,0.0
2023-05-03 00:00:00+07:00,27700.0,27700.0,27700.0,27700.0,26751.37109375,0,0.0,0.0
2023-05-04 00:00:00+07:00,27550.0,27750.0,27200.0,27250.0,26316.78125,1435300,0.0,0.0
2023-05-05 00:00:00+07:00,27250.0,27550.0,27100.0,27150.0,26220.205078125,1515000,0.0,0.0
2023-05-08 00:00:00+07:00,27450.0,27450.0,27150.0,27450.0,26509.931640625,3009500,0.0,0.0
2023-05-09 00:00:00+07:00,27450.0,27650.0,27350.0,27400.0,26461.64453125,2135300,0.0,0.0
2023-05-10 00:00:00+07:00,27550.0,27800.0,27450.0,27800.0,26847.9453125,3978200,0.0,0.0
2023-05-11 00:00:00+07:00,28000.0,28150.0,27850.0,28050.0,27089.384765625,3295500,0.0,0.0
2023-05-12 00:00:00+07:00,28050.0,28300.0,27750.0,28150.0,27185.958984375,3287000,0.0,0.0
2023-05-15 00:00:00+07:00,28450.0,28650.0,28300.0,28400.0,27427.3984375,3477300,0.0,0.0
2023-05-16 00:00:00+07:00,28400.0,28400.0,28000.0,28400.0,27427.3984375,2735200,0.0,0.0
2023-05-17 00:00:00+07:00,28300.0,28350.0,27900.0,27900.0,26944.521484375,3184300,0.0,0.0
2023-05-18 00:00:00+07:00,28000.0,28300.0,27600.0,28100.0,27137.671875,3968500,0.0,0.0
2023-05-19 00:00:00+07:00,28050.0,28300.0,27700.0,28000.0,27041.095703125,2888700,0.0,0.0
2023-05-22 00:00:00+07:00,28000.0,28150.0,27850.0,27900.0,26944.521484375,4432000,0.0,0.0
2023-05-23 00:00:00+07:00,27900.0,28100.0,27650.0,27700.0,26751.37109375,3423900,0.0,0.0
2023-05-24 00:00:00+07:00,27700.0,27700.0,27700.0,27700.0,26751.37109375,0,0.0,0.0
2023-05-25 00:00:00+07:00,27600.0,27750.0,27500.0,27700.0,26751.37109375,1359800,0.0,0.0
2023-05-26 00:00:00+07:00,27750.0,27800.0,27600.0,27700.0,26751.37109375,2026100,0.0,0.0
2023-05-29 00:00:00+07:00,27700.0,27850.0,27700.0,27700.0,26751.37109375,2743000,0.0,0.0
2023-05-30 00:00:00+07:00,27750.0,27900.0,27650.0,27700.0,26751.37109375,3114800,0.0,0.0
2023-05-31 00:00:00+07:00,27750.0,27800.0,27100.0,27100.0,26171.91796875,5544300,0.0,0.0
2023-06-01 00:00:00+07:00,27100.0,27350.0,26750.0,26850.0,25930.48046875,4879700,0.0,0.0
2023-06-02 00:00:00+07:00,27050.0,27350.0,26900.0,27100.0,26171.91796875,2949200,0.0,0.0
2023-06-05 00:00:00+07:00,27450.0,27450.0,27100.0,27100.0,26171.91796875,3292300,0.0,0.0
2023-06-06 00:00:00+07:00,27150.0,27350.0,27100.0,27350.0,26413.357421875,2329600,0.0,0.0
2023-06-07 00:00:00+07:00,27400.0,27450.0,27200.0,27250.0,26316.78125,3217500,0.0,0.0
2023-06-08 00:00:00+07:00,27200.0,27400.0,26900.0,26900.0,25978.767578125,4427100,0.0,0.0
2023-06-09 00:00:00+07:00,27050.0,27050.0,26600.0,26700.0,25785.6171875,2895800,0.0,0.0
2023-06-12 00:00:00+07:00,26750.0,26900.0,26450.0,26700.0,25785.6171875,3006200,0.0,0.0
2023-06-13 00:00:00+07:00,26800.0,27150.0,26700.0,27100.0,26171.91796875,3192200,0.0,0.0
2023-06-14 00:00:00+07:00,27150.0,27400.0,27150.0,27150.0,26220.205078125,2863500,0.0,0.0
2023-06-15 00:00:00+07:00,27200.0,27300.0,26850.0,26850.0,25930.48046875,2922300,0.0,0.0
2023-06-16 00:00:00+07:00,27000.0,27050.0,26500.0,26500.0,25592.466796875,4575800,0.0,0.0
2023-06-19 00:00:00+07:00,26650.0,26850.0,26550.0,26550.0,25640.75390625,2841300,0.0,0.0
2023-06-20 00:00:00+07:00,26550.0,26750.0,26550.0,26650.0,25737.328125,1913900,0.0,0.0
2023-06-21 00:00:00+07:00,26650.0,26850.0,26650.0,26800.0,25882.19140625,2665100,0.0,0.0
2023-06-22 00:00:00+07:00,26800.0,26800.0,26800.0,26800.0,25882.19140625,0,0.0,0.0
2023-06-23 00:00:00+07:00,27000.0,27100.0,26850.0,26850.0,25930.48046875,3438500,0.0,0.0
2023-06-26 00:00:00+07:00,27000.0,27000.0,26500.0,26700.0,25785.6171875,5157200,0.0,0.0
2023-06-27 00:00:00+07:00,26800.0,27550.0,26750.0,27450.0,26509.931640625,7670300,0.0,0.0
2023-06-28 00:00:00+07:00,27550.0,27650.0,27150.0,27300.0,26365.068359375,4161800,0.0,0.0
2023-06-29 00:00:00+07:00,27200.0,27600.0,27000.0,27000.0,26075.34375,5475500,0.0,0.0
2023-06-30 00:00:00+07:00,27100.0,27200.0,26800.0,26800.0,25882.19140625,2611800,0.0,0.0
2023-07-03 00:00:00+07:00,26950.0,27200.0,26850.0,27000.0,26075.34375,3200500,0.0,0.0
2023-07-04 00:00:00+07:00,27000.0,27200.0,26950.0,27200.0,26268.494140625,2531500,0.0,0.0
2023-07-05 00:00:00+07:00,27200.0,27700.0,27100.0,27500.0,26558.21875,5712700,0.0,0.0
2023-07-06 00:00:00+07:00,27500.0,27600.0,26900.0,26950.0,26027.0546875,5699100,0.0,0.0
2023-07-07 00:00:00+07:00,26950.0,27050.0,26800.0,27000.0,26075.34375,4102200,0.0,0.0
2023-07-10 00:00:00+07:00,27100.0,27200.0,26850.0,26950.0,26027.0546875,5570100,0.0,0.0
2023-07-11 00:00:00+07:00,27100.0,27650.0,27000.0,27300.0,26365.068359375,8710500,0.0,0.0
2023-07-12 00:00:00+07:00,27450.0,28300.0,27450.0,28100.0,27137.671875,15357900,0.0,0.0
2023-07-13 00:00:00+07:00,28300.0,28350.0,28050.0,28150.0,27185.958984375,7072900,0.0,0.0
2023-07-14 00:00:00+07:00,28300.0,28300.0,27600.0,28000.0,27041.095703125,10208600,0.0,0.0
2023-07-17 00:00:00+07:00,28050.0,28750.0,28000.0,28650.0,27668.8359375,7289900,0.0,0.0
2023-07-18 00:00:00+07:00,28500.0,28650.0,28300.0,28300.0,27330.822265625,5731200,0.0,0.0
2023-07-19 00:00:00+07:00,28350.0,28350.0,27850.0,27950.0,26992.80859375,7742000,0.0,0.0
2023-07-20 00:00:00+07:00,27950.0,28100.0,27700.0,28050.0,27089.384765625,4272100,0.0,0.0
2023-07-21 00:00:00+07:00,28000.0,28400.0,27950.0,28400.0,27427.3984375,5092900,0.0,0.0
2023-07-24 00:00:00+07:00,28600.0,28650.0,28250.0,28400.0,27427.3984375,4770700,0.0,0.0
2023-07-25 00:00:00+07:00,28400.0,29350.0,28150.0,29000.0,28006.849609375,8777400,0.0,0.0
2023-07-26 00:00:00+07:00,28850.0,29150.0,28750.0,28900.0,27910.2734375,2785400,0.0,0.0
2023-07-27 00:00:00+07:00,28900.0,28950.0,28300.0,28500.0,27523.97265625,6087800,0.0,0.0
2023-07-28 00:00:00+07:00,29000.0,29100.0,28550.0,28800.0,27813.69921875,6500400,0.0,0.0
2023-07-31 00:00:00+07:00,29500.0,29900.0,29300.0,29650.0,28634.58984375,11601500,0.0,0.0
2023-08-01 00:00:00+07:00,29700.0,30300.0,29100.0,29100.0,28103.42578125,7960600,0.0,0.0
2023-08-02 00:00:00+07:00,29050.0,29200.0,28800.0,28900.0,27910.2734375,4972700,0.0,0.0
2023-08-03 00:00:00+07:00,28900.0,29200.0,28350.0,28400.0,27427.3984375,6526000,0.0,0.0
2023-08-04 00:00:00+07:00,28600.0,29100.0,28500.0,28700.0,27717.123046875,4925300,0.0,0.0
2023-08-07 00:00:00+07:00,29000.0,29600.0,28800.0,29600.0,28586.30078125,8302400,0.0,0.0
2023-08-08 00:00:00+07:00,29900.0,31450.0,29700.0,31000.0,29938.357421875,17958200,0.0,0.0
2023-08-09 00:00:00+07:00,30850.0,31300.0,30700.0,30900.0,29841.78125,8737600,0.0,0.0
2023-08-10 00:00:00+07:00,30900.0,30950.0,29950.0,30050.0,29020.890625,7608100,0.0,0.0
2023-08-11 00:00:00+07:00,30700.0,30750.0,29550.0,30750.0,29696.91796875,10672900,0.0,0.0
2023-08-14 00:00:00+07:00,30600.0,30700.0,30200.0,30300.0,29262.330078125,6375800,0.0,0.0
2023-08-15 00:00:00+07:00,30100.0,31750.0,29900.0,31300.0,30228.08203125,9339500,0.0,0.0
2023-08-16 00:00:00+07:00,31900.0,32000.0,31300.0,31500.0,30421.232421875,11804900,0.0,0.0
2023-08-17 00:00:00+07:00,31400.0,31400.0,30600.0,30600.0,29552.0546875,9882000,0.0,0.0
2023-08-18 00:00:00+07:00,30200.0,30500.0,28600.0,29100.0,28103.42578125,13778500,0.0,0.0
2023-08-21 00:00:00+07:00,29100.0,29850.0,28650.0,29500.0,28489.7265625,4805500,0.0,0.0
2023-08-22 00:00:00+07:00,29300.0,29450.0,28100.0,29300.0,28296.576171875,4756100,0.0,0.0
2023-08-23 00:00:00+07:00,29750.0,29900.0,28700.0,28750.0,27765.412109375,4721200,0.0,0.0
2023-08-24 00:00:00+07:00,28850.0,29200.0,28700.0,29050.0,28055.13671875,3207200,0.0,0.0
2023-08-25 00:00:00+07:00,28950.0,29250.0,28700.0,28700.0,27717.123046875,3335600,0.0,0.0
2023-08-28 00:00:00+07:00,28950.0,29750.0,28850.0,29750.0,28731.1640625,4409300,0.0,0.0
2023-08-29 00:00:00+07:00,29750.0,29800.0,29200.0,29250.0,28248.287109375,2829900,0.0,0.0
2023-08-30 00:00:00+07:00,29350.0,29900.0,29300.0,29700.0,28682.876953125,6019400,0.0,0.0
2023-08-31 00:00:00+07:00,29750.0,30500.0,29700.0,30300.0,29262.330078125,7227600,0.0,0.0
2023-09-01 00:00:00+07:00,30300.0,30300.0,30300.0,30300.0,29262.330078125,0,0.0,0.0
2023-09-04 00:00:00+07:00,30300.0,30300.0,30300.0,30300.0,29262.330078125,0,0.0,0.0
2023-09-05 00:00:00+07:00,30300.0,30750.0,30100.0,30150.0,29117.466796875,4953600,0.0,0.0
2023-09-06 00:00:00+07:00,30300.0,30550.0,30000.0,30300.0,29262.330078125,4059600,0.0,0.0
2023-09-07 00:00:00+07:00,30300.0,30550.0,30200.0,30300.0,29262.330078125,4593600,0.0,0.0
2023-09-08 00:00:00+07:00,30200.0,30350.0,29600.0,29600.0,28586.30078125,5885800,0.0,0.0
2023-09-11 00:00:00+07:00,29800.0,29900.0,28700.0,28700.0,27717.123046875,5687100,0.0,0.0
2023-09-12 00:00:00+07:00,28850.0,29600.0,28800.0,29500.0,28489.7265625,3974900,0.0,0.0
2023-09-13 00:00:00+07:00,29550.0,29600.0,28900.0,29000.0,28006.849609375,6439000,0.0,0.0
2023-09-14 00:00:00+07:00,29200.0,29250.0,28600.0,28900.0,27910.2734375,4132300,0.0,0.0
2023-09-15 00:00:00+07:00,28900.0,29150.0,28400.0,28400.0,27427.3984375,4727700,0.0,0.0
2023-09-18 00:00:00+07:00,28500.0,28600.0,27600.0,27700.0,26751.37109375,6121000,0.0,0.0
2023-09-19 00:00:00+07:00,27800.0,28150.0,27350.0,27600.0,26654.794921875,5600300,0.0,0.0
2023-09-20 00:00:00+07:00,27600.0,28300.0,27500.0,28100.0,27137.671875,3875700,0.0,0.0
2023-09-21 00:00:00+07:00,28200.0,28200.0,27850.0,28150.0,27185.958984375,3301100,0.0,0.0
2023-09-22 00:00:00+07:00,27700.0,27950.0,27100.0,27400.0,26461.64453125,4715500,0.0,0.0
2023-09-25 00:00:00+07:00,27300.0,27700.0,26600.0,26600.0,25689.041015625,4484800,0.0,0.0
2023-09-26 00:00:00+07:00,26800.0,27000.0,25800.0,25800.0,24916.439453125,4905100,0.0,0.0
2023-09-27 00:00:00+07:00,26100.0,26450.0,25500.0,26100.0,25206.1640625,4127900,0.0,0.0
2023-09-28 00:00:00+07:00,26000.0,26000.0,25150.0,25450.0,24578.42578125,4514100,0.0,0.0
2023-09-29 00:00:00+07:00,25600.0,27050.0,25600.0,26100.0,25206.1640625,4626100,0.0,0.0
2023-10-02 00:00:00+07:00,26100.0,27100.0,25950.0,26850.0,25930.48046875,3579500,0.0,0.0
2023-10-03 00:00:00+07:00,26750.0,26950.0,26200.0,26300.0,25399.314453125,3301100,0.0,0.0
2023-10-04 00:00:00+07:00,25900.0,27100.0,25900.0,27000.0,26075.34375,2343000,0.0,0.0
2023-10-05 00:00:00+07:00,27000.0,27400.0,26700.0,26800.0,25882.19140625,1977600,0.0,0.0
2023-10-06 00:00:00+07:00,27000.0,27450.0,26750.0,27450.0,26509.931640625,1952100,0.0,0.0
2023-10-09 00:00:00+07:00,27200.0,27200.0,26850.0,27050.0,26123.630859375,2015300,0.0,0.0
2023-10-10 00:00:00+07:00,27100.0,27300.0,26950.0,27000.0,26075.34375,2641400,0.0,0.0
2023-10-11 00:00:00+07:00,27100.0,27300.0,26900.0,27000.0,26075.34375,1089400,0.0,0.0
2023-10-12 00:00:00+07:00,27350.0,27450.0,27050.0,27200.0,26268.494140625,1740500,0.0,0.0
2023-10-13 00:00:00+07:00,27100.0,27500.0,27000.0,27350.0,26413.357421875,1652100,0.0,0.0
2023-10-16 00:00:00+07:00,27100.0,27250.0,26700.0,26700.0,25785.6171875,1709400,0.0,0.0
2023-10-17 00:00:00+07:00,26650.0,27600.0,26550.0,27000.0,26075.34375,3254700,0.0,0.0
2023-10-18 00:00:00+07:00,27100.0,27100.0,25900.0,26500.0,25592.466796875,2937600,0.0,0.0
2023-10-19 00:00:00+07:00,26400.0,27000.0,25800.0,26400.0,25495.890625,2838000,0.0,0.0
2023-10-20 00:00:00+07:00,26500.0,27050.0,25850.0,26600.0,25689.041015625,1936300,0.0,0.0
2023-10-23 00:00:00+07:00,26500.0,26500.0,25950.0,26000.0,25109.58984375,2251100,0.0,0.0
2023-10-24 00:00:00+07:00,26000.0,26800.0,26000.0,26600.0,25689.041015625,2105000,0.0,0.0
2023-10-25 00:00:00+07:00,26800.0,27000.0,26450.0,26450.0,25544.177734375,2808000,0.0,0.0
2023-10-26 00:00:00+07:00,25900.0,25900.0,24600.0,24600.0,23757.53515625,9247600,0.0,0.0
2023-10-27 00:00:00+07:00,24600.0,24650.0,22900.0,22900.0,22115.75390625,12955400,0.0,0.0
2023-10-30 00:00:00+07:00,22600.0,24100.0,22100.0,23100.0,22308.904296875,5403600,0.0,0.0
2023-10-31 00:00:00+07:00,23300.0,23700.0,22200.0,22200.0,21439.7265625,5812200,0.0,0.0
2023-11-01 00:00:00+07:00,22300.0,22700.0,21600.0,22700.0,21922.603515625,6236700,0.0,0.0
2023-11-02 00:00:00+07:00,23000.0,23300.0,22450.0,23250.0,22453.767578125,5800700,0.0,0.0
2023-11-03 00:00:00+07:00,23500.0,24400.0,23200.0,24400.0,23564.384765625,12592000,0.0,0.0
2023-11-06 00:00:00+07:00,24300.0,24500.0,23700.0,24000.0,23178.08203125,5406700,0.0,0.0
2023-11-07 00:00:00+07:00,23700.0,24000.0,23050.0,23150.0,22357.19140625,5320400,0.0,0.0
2023-11-08 00:00:00+07:00,23200.0,23850.0,22850.0,23700.0,22888.35546875,5845600,0.0,0.0
2023-11-09 00:00:00+07:00,24000.0,24600.0,23950.0,24300.0,23467.80859375,5772800,0.0,0.0
2023-11-10 00:00:00+07:00,23850.0,24400.0,23850.0,23950.0,23129.794921875,4353000,0.0,0.0
2023-11-13 00:00:00+07:00,24000.0,24200.0,23450.0,23500.0,22695.205078125,3840800,0.0,0.0
2023-11-14 00:00:00+07:00,23850.0,24100.0,23500.0,24000.0,23178.08203125,3670600,0.0,0.0
2023-11-15 00:00:00+07:00,24500.0,24750.0,24100.0,24100.0,23274.658203125,3942600,0.0,0.0
2023-11-16 00:00:00+07:00,24000.0,24050.0,23650.0,23850.0,23033.21875,4276100,0.0,0.0
2023-11-17 00:00:00+07:00,24000.0,24150.0,22500.0,22800.0,22019.177734375,8229200,0.0,0.0
2023-11-20 00:00:00+07:00,22550.0,23200.0,22550.0,22550.0,21777.740234375,4059300,0.0,0.0
2023-11-21 00:00:00+07:00,22900.0,22950.0,22500.0,22600.0,21826.02734375,4601900,0.0,0.0
2023-11-22 00:00:00+07:00,22700.0,22850.0,22500.0,22800.0,22019.177734375,3400700,0.0,0.0
2023-11-23 00:00:00+07:00,22900.0,23450.0,22600.0,22600.0,21826.02734375,5353700,0.0,0.0
2023-11-24 00:00:00+07:00,22550.0,22600.0,22000.0,22600.0,21826.02734375,4005100,0.0,0.0
2023-11-27 00:00:00+07:00,22600.0,22950.0,22550.0,22600.0,21826.02734375,2222200,0.0,0.0
2023-11-28 00:00:00+07:00,22600.0,22800.0,22350.0,22800.0,22019.177734375,1971100,0.0,0.0
2023-11-29 00:00:00+07:00,22900.0,23350.0,22800.0,23200.0,22405.48046875,4081300,0.0,0.0
2023-11-30 00:00:00+07:00,23100.0,23200.0,22100.0,22100.0,21343.150390625,3943400,0.0,0.0
2023-12-01 00:00:00+07:00,22650.0,22900.0,22450.0,22800.0,22019.177734375,2550200,0.0,0.0
2023-12-04 00:00:00+07:00,22900.0,23250.0,22650.0,23000.0,22212.328125,4686600,0.0,0.0
2023-12-05 00:00:00+07:00,23000.0,23100.0,22800.0,22850.0,22067.466796875,2463600,0.0,0.0
2023-12-06 00:00:00+07:00,22850.0,23000.0,22700.0,22900.0,22115.75390625,3749700,0.0,0.0
2023-12-07 00:00:00+07:00,22950.0,23200.0,22650.0,22800.0,22019.177734375,5052900,0.0,0.0
2023-12-08 00:00:00+07:00,22800.0,23450.0,22700.0,23350.0,22550.341796875,5574900,0.0,0.0
2023-12-11 00:00:00+07:00,23450.0,23750.0,23450.0,23650.0,22840.068359375,3772200,0.0,0.0
2023-12-12 00:00:00+07:00,23700.0,23800.0,23400.0,23650.0,22840.068359375,3058000,0.0,0.0
2023-12-13 00:00:00+07:00,23650.0,23700.0,22950.0,23000.0,22212.328125,4320000,0.0,0.0
2023-12-14 00:00:00+07:00,23250.0,23300.0,22700.0,22850.0,22067.466796875,3505600,0.0,0.0
2023-12-15 00:00:00+07:00,22850.0,23050.0,22550.0,22550.0,21777.740234375,4256000,0.0,0.0
2023-12-18 00:00:00+07:00,22650.0,22900.0,22550.0,22600.0,21826.02734375,2345700,0.0,0.0
2023-12-19 00:00:00+07:00,22650.0,22850.0,22550.0,22700.0,21922.603515625,2628400,0.0,0.0
2023-12-20 00:00:00+07:00,22900.0,23100.0,22700.0,23000.0,22212.328125,2595400,0.0,0.0
2023-12-21 00:00:00+07:00,22900.0,23000.0,22700.0,22950.0,22164.041015625,1587500,0.0,0.0
2023-12-22 00:00:00+07:00,22950.0,23000.0,22700.0,22950.0,22164.041015625,1890300,0.0,0.0
2023-12-25 00:00:00+07:00,22850.0,23400.0,22850.0,23400.0,22598.630859375,3420400,0.0,0.0
2023-12-26 00:00:00+07:00,23350.0,23500.0,23150.0,23300.0,22502.0546875,2651000,0.0,0.0
2023-12-27 00:00:00+07:00,23300.0,23450.0,23200.0,23250.0,22453.767578125,3220300,0.0,0.0
2023-12-28 00:00:00+07:00,23250.0,23700.0,23250.0,23500.0,22695.205078125,6105000,0.0,0.0
2023-12-29 00:00:00+07:00,23650.0,23650.0,23300.0,23300.0,22502.0546875,4354700,0.0,0.0
2024-01-01 00:00:00+07:00,23300.0,23300.0,23300.0,23300.0,22502.0546875,0,0.0,0.0
2024-01-02 00:00:00+07:00,23500.0,23550.0,23050.0,23100.0,22308.904296875,4421200,0.0,0.0
2024-01-03 00:00:00+07:00,23000.0,23300.0,22900.0,23250.0,22453.767578125,2678300,0.0,0.0
2024-01-04 00:00:00+07:00,23250.0,23600.0,23250.0,23400.0,22598.630859375,4793300,0.0,0.0
2024-01-05 00:00:00+07:00,23550.0,23550.0,23100.0,23350.0,22550.341796875,3301000,0.0,0.0
2024-01-08 00:00:00+07:00,23350.0,24100.0,23350.0,23700.0,22888.35546875,7661200,0.0,0.0
2024-01-09 00:00:00+07:00,23700.0,23800.0,23350.0,23350.0,22550.341796875,4815300,0.0,0.0
2024-01-10 00:00:00+07:00,23350.0,23500.0,23200.0,23300.0,22502.0546875,3463500,0.0,0.0
2024-01-11 00:00:00+07:00,23350.0,23650.0,23300.0,23450.0,22646.91796875,3879700,0.0,0.0
2024-01-12 00:00:00+07:00,23300.0,23300.0,22900.0,23100.0,22308.904296875,5984400,0.0,0.0
2024-01-15 00:00:00+07:00,23250.0,23350.0,22950.0,22950.0,22164.041015625,2397000,0.0,0.0
2024-01-16 00:00:00+07:00,22950.0,23100.0,22850.0,23100.0,22308.904296875,2666500,0.0,0.0
2024-01-17 00:00:00+07:00,23100.0,23400.0,23050.0,23300.0,22502.0546875,4900600,0.0,0.0
2024-01-18 00:00:00+07:00,23300.0,23550.0,23200.0,23550.0,22743.494140625,6889200,0.0,0.0
2024-01-19 00:00:00+07:00,23600.0,24200.0,23600.0,23850.0,23033.21875,6538600,0.0,0.0
2024-01-22 00:00:00+07:00,24000.0,24000.0,23700.0,23900.0,23081.5078125,5638700,0.0,0.0
2024-01-23 00:00:00+07:00,23950.0,23950.0,23550.0,23750.0,22936.64453125,5533200,0.0,0.0
2024-01-24 00:00:00+07:00,23750.0,24300.0,23700.0,23950.0,23129.794921875,8329900,0.0,0.0
2024-01-25 00:00:00+07:00,23950.0,23950.0,23950.0,23950.0,23129.794921875,0,0.0,0.0
2024-01-26 00:00:00+07:00,23950.0,23950.0,23550.0,23750.0,22936.64453125,5330500,0.0,0.0
2024-01-29 00:00:00+07:00,23750.0,23750.0,23300.0,23300.0,22502.0546875,6629600,0.0,0.0
2024-01-30 00:00:00+07:00,23300.0,23600.0,23100.0,23400.0,22598.630859375,8150500,0.0,0.0
2024-01-31 00:00:00+07:00,23500.0,23650.0,22450.0,22450.0,21681.1640625,18081000,0.0,0.0
2024-02-01 00:00:00+07:00,22500.0,22700.0,22450.0,22650.0,21874.314453125,6885000,0.0,0.0
2024-02-02 00:00:00+07:00,22650.0,22650.0,22650.0,22650.0,21874.314453125,0,0.0,0.0
2024-02-05 00:00:00+07:00,22350.0,22400.0,21700.0,21800.0,21053.42578125,13264300,0.0,0.0
2024-02-06 00:00:00+07:00,21850.0,22050.0,21600.0,21700.0,20956.849609375,7484200,0.0,0.0
2024-02-07 00:00:00+07:00,21700.0,21900.0,21600.0,21900.0,21150.0,6100200,0.0,0.0
2024-02-08 00:00:00+07:00,21900.0,21900.0,21900.0,21900.0,21150.0,0,0.0,0.0
2024-02-09 00:00:00+07:00,21900.0,21900.0,21900.0,21900.0,21150.0,0,0.0,0.0
2024-02-15 00:00:00+07:00,22050.0,22200.0,21850.0,22000.0,21246.576171875,7115700,0.0,0.0
2024-02-16 00:00:00+07:00,22100.0,22700.0,22050.0,22500.0,21729.453125,8591500,0.0,0.0
2024-02-19 00:00:00+07:00,22700.0,24050.0,22600.0,24050.0,23226.37109375,23898600,0.0,0.0
2024-02-20 00:00:00+07:00,24750.0,25700.0,24700.0,25500.0,24626.712890625,25144500,0.0,0.0
2024-02-21 00:00:00+07:00,25600.0,26250.0,25000.0,26000.0,25109.58984375,21071500,0.0,0.0
2024-02-22 00:00:00+07:00,25800.0,26650.0,25750.0,26400.0,25495.890625,13517400,0.0,0.0
2024-02-23 00:00:00+07:00,26400.0,26600.0,25250.0,25450.0,24578.42578125,17915800,0.0,0.0
2024-02-26 00:00:00+07:00,25450.0,26500.0,25350.0,26000.0,25109.58984375,14172600,0.0,0.0
2024-02-27 00:00:00+07:00,26700.0,26900.0,25550.0,26400.0,25495.890625,11770400,0.0,0.0
2024-02-28 00:00:00+07:00,26800.0,27900.0,26300.0,27800.0,26847.9453125,20532400,0.0,0.0
2024-02-29 00:00:00+07:00,27650.0,27650.0,26400.0,26500.0,25592.466796875,21519800,0.0,0.0
2024-03-01 00:00:00+07:00,26600.0,26800.0,25850.0,26650.0,25737.328125,13628700,0.0,0.0
2024-03-04 00:00:00+07:00,26500.0,27300.0,26200.0,27000.0,26075.34375,14024600,0.0,0.0
2024-03-05 00:00:00+07:00,27000.0,27200.0,26400.0,26700.0,25785.6171875,11477700,0.0,0.0
2024-03-06 00:00:00+07:00,26550.0,27000.0,25700.0,25850.0,24964.7265625,15576500,0.0,0.0
2024-03-07 00:00:00+07:00,26000.0,26250.0,25750.0,26000.0,25109.58984375,7948600,0.0,0.0
2024-03-08 00:00:00+07:00,26350.0,26350.0,25400.0,25400.0,24530.13671875,10155500,0.0,0.0
2024-03-11 00:00:00+07:00,25400.0,25550.0,24500.0,24500.0,23660.958984375,11759900,0.0,0.0
2024-03-12 00:00:00+07:00,24500.0,25250.0,24450.0,25200.0,24336.986328125,10111700,0.0,0.0
2024-03-13 00:00:00+07:00,25200.0,25900.0,24950.0,25900.0,25013.013671875,8044000,0.0,0.0
2024-03-14 00:00:00+07:00,26050.0,26400.0,25550.0,25900.0,25013.013671875,12347200,0.0,0.0
2024-03-15 00:00:00+07:00,25700.0,25800.0,25100.0,25750.0,24868.150390625,11252300,0.0,0.0
2024-03-18 00:00:00+07:00,25850.0,27550.0,25000.0,27550.0,26606.5078125,34582300,0.0,0.0
2024-03-19 00:00:00+07:00,28500.0,28750.0,26700.0,26750.0,25833.904296875,16110300,0.0,0.0
2024-03-20 00:00:00+07:00,26900.0,26900.0,26100.0,26350.0,25447.603515625,11622200,0.0,0.0
2024-03-21 00:00:00+07:00,26700.0,27150.0,26350.0,26950.0,26027.0546875,12499300,0.0,0.0
2024-03-22 00:00:00+07:00,27150.0,27200.0,26450.0,26700.0,25785.6171875,10058500,0.0,0.0
2024-03-25 00:00:00+07:00,26500.0,26950.0,25950.0,26050.0,25157.876953125,8943300,0.0,0.0
2024-03-26 00:00:00+07:00,26050.0,26450.0,25000.0,26400.0,25495.890625,7341400,0.0,0.0
2024-03-27 00:00:00+07:00,26350.0,26400.0,25900.0,25950.0,25061.30078125,5848500,0.0,0.0
2024-03-28 00:00:00+07:00,26000.0,26400.0,25650.0,25650.0,24771.576171875,14611800,0.0,0.0
2024-03-29 00:00:00+07:00,25950.0,25950.0,25500.0,25850.0,24964.7265625,5019000,0.0,0.0
2024-04-01 00:00:00+07:00,25900.0,26100.0,25650.0,25700.0,24819.86328125,5885800,0.0,0.0
2024-04-02 00:00:00+07:00,25700.0,25750.0,25350.0,25550.0,24675.0,7712300,0.0,0.0
2024-04-03 00:00:00+07:00,25550.0,26050.0,25500.0,25500.0,24626.712890625,6533200,0.0,0.0
2024-04-04 00:00:00+07:00,25800.0,25800.0,25250.0,25300.0,24433.5625,5579700,0.0,0.0
2024-04-05 00:00:00+07:00,25100.0,25100.0,24700.0,24700.0,23854.109375,8275400,0.0,0.0
2024-04-08 00:00:00+07:00,24800.0,24850.0,23600.0,23600.0,22791.78125,14766300,0.0,0.0
2024-04-09 00:00:00+07:00,23650.0,24300.0,23650.0,24200.0,23371.232421875,6487000,0.0,0.0
2024-04-10 00:00:00+07:00,24250.0,24700.0,24200.0,24250.0,23419.521484375,4857200,0.0,0.0
2024-04-11 00:00:00+07:00,23950.0,24100.0,23800.0,23900.0,23081.5078125,3359700,0.0,0.0
2024-04-12 00:00:00+07:00,23950.0,24400.0,23950.0,24150.0,23322.9453125,3555700,0.0,0.0
2024-04-15 00:00:00+07:00,23850.0,24050.0,22500.0,22500.0,21729.453125,13823600,0.0,0.0
2024-04-16 00:00:00+07:00,22400.0,22650.0,21900.0,22200.0,21439.7265625,12875500,0.0,0.0
2024-04-17 00:00:00+07:00,22400.0,22750.0,21850.0,22000.0,21246.576171875,7302500,0.0,0.0
2024-04-19 00:00:00+07:00,21650.0,21950.0,21050.0,21300.0,20570.548828125,8590500,0.0,0.0
2024-04-22 00:00:00+07:00,21600.0,22600.0,21500.0,22400.0,21632.876953125,7078300,0.0,0.0
2024-04-23 00:00:00+07:00,22200.0,22500.0,21600.0,21900.0,21150.0,4860300,0.0,0.0
2024-04-24 00:00:00+07:00,22200.0,22650.0,22050.0,22550.0,21777.740234375,5630400,0.0,0.0
2024-04-25 00:00:00+07:00,22350.0,22600.0,22100.0,22550.0,21777.740234375,4172100,0.0,0.0
2024-04-26 00:00:00+07:00,22200.0,22600.0,22000.0,22450.0,21681.1640625,7637500,0.0,0.0
2024-04-29 00:00:00+07:00,22450.0,22450.0,22450.0,22450.0,21681.1640625,0,0.0,0.0
2024-04-30 00:00:00+07:00,22450.0,22450.0,22450.0,22450.0,21681.1640625,0,0.0,0.0
2024-05-02 00:00:00+07:00,22450.0,22800.0,22350.0,22750.0,21970.890625,6044600,0.0,0.0
2024-05-03 00:00:00+07:00,22850.0,23650.0,22750.0,23400.0,22598.630859375,13035400,0.0,0.0
2024-05-06 00:00:00+07:00,23500.0,23500.0,23000.0,23350.0,22550.341796875,8148400,0.0,0.0
2024-05-07 00:00:00+07:00,23350.0,23600.0,22850.0,23350.0,22550.341796875,6722900,0.0,0.0
2024-05-08 00:00:00+07:00,23300.0,23350.0,22850.0,23200.0,22405.48046875,7711400,0.0,0.0
2024-05-09 00:00:00+07:00,23150.0,23400.0,22850.0,22850.0,22067.466796875,5065300,0.0,0.0
2024-05-10 00:00:00+07:00,22900.0,23000.0,22300.0,22500.0,21729.453125,7424200,0.0,0.0
2024-05-13 00:00:00+07:00,22500.0,22600.0,22100.0,22250.0,21488.013671875,4557100,0.0,0.0
2024-05-14 00:00:00+07:00,22800.0,22850.0,22150.0,22250.0,21488.013671875,5075300,0.0,0.0
2024-05-15 00:00:00+07:00,22300.0,22400.0,22150.0,22350.0,21584.58984375,5426800,0.0,0.0
2024-05-16 00:00:00+07:00,22500.0,22800.0,22450.0,22650.0,21874.314453125,6049800,0.0,0.0
2024-05-17 00:00:00+07:00,22700.0,23250.0,22500.0,23100.0,22308.904296875,10951000,0.0,0.0
2024-05-20 00:00:00+07:00,23250.0,23550.0,22850.0,22850.0,22067.466796875,6019600,0.0,0.0
2024-05-21 00:00:00+07:00,22900.0,23250.0,22700.0,23150.0,22357.19140625,9300200,0.0,0.0
2024-05-22 00:00:00+07:00,23100.0,23700.0,23100.0,23150.0,22357.19140625,13070700,0.0,0.0
2024-05-23 00:00:00+07:00,23000.0,23200.0,22750.0,23000.0,22212.328125,5808600,0.0,0.0
2024-05-24 00:00:00+07:00,22900.0,22900.0,22050.0,22300.0,21536.30078125,14276500,0.0,0.0
2024-05-27 00:00:00+07:00,22300.0,22400.0,22200.0,22300.0,21536.30078125,4552900,0.0,0.0
2024-05-28 00:00:00+07:00,22350.0,22550.0,22300.0,22450.0,21681.1640625,3615500,0.0,0.0
2024-05-29 00:00:00+07:00,22500.0,22500.0,22100.0,22150.0,21391.439453125,7463700,0.0,0.0
2024-05-30 00:00:00+07:00,22100.0,22100.0,21600.0,21600.0,20860.2734375,11224000,0.0,0.0
2024-05-31 00:00:00+07:00,22100.0,22100.0,21650.0,21750.0,21005.13671875,5366300,0.0,0.0
2024-06-03 00:00:00+07:00,21750.0,21750.0,21750.0,21750.0,21005.13671875,0,0.0,0.0
2024-06-04 00:00:00+07:00,22400.0,22450.0,22050.0,22100.0,21343.150390625,4847800,0.0,0.0
2024-06-05 00:00:00+07:00,22200.0,22800.0,22150.0,22500.0,21729.453125,9512500,0.0,0.0
2024-06-06 00:00:00+07:00,22700.0,22800.0,22200.0,22500.0,21729.453125,6309300,0.0,0.0
2024-06-07 00:00:00+07:00,22500.0,22600.0,22200.0,22200.0,21439.7265625,6500900,0.0,0.0
2024-06-10 00:00:00+07:00,22300.0,22450.0,22050.0,22100.0,21343.150390625,5855400,0.0,0.0
2024-06-11 00:00:00+07:00,22150.0,22250.0,21650.0,21700.0,20956.849609375,11747400,0.0,0.0
2024-06-12 00:00:00+07:00,21700.0,21950.0,21600.0,21850.0,21101.712890625,7999200,0.0,0.0
2024-06-13 00:00:00+07:00,21900.0,22050.0,21600.0,21700.0,20956.849609375,8894900,0.0,0.0
2024-06-14 00:00:00+07:00,21800.0,21850.0,21450.0,21450.0,20715.412109375,10375100,0.0,0.0
2024-06-17 00:00:00+07:00,21600.0,21600.0,21100.0,21150.0,20425.685546875,8662300,0.0,0.0
2024-06-18 00:00:00+07:00,21250.0,21350.0,21100.0,21100.0,20377.3984375,6162500,0.0,0.0
2024-06-19 00:00:00+07:00,21150.0,21200.0,20650.0,20650.0,19942.80859375,10528900,0.0,0.0
2024-06-20 00:00:00+07:00,20600.0,20800.0,20050.0,20250.0,19556.5078125,12661900,0.0,0.0
2024-06-21 00:00:00+07:00,20250.0,20300.0,19850.0,20000.0,19315.068359375,12265100,0.0,0.0
2024-06-24 00:00:00+07:00,19900.0,20500.0,19900.0,19950.0,19266.78125,10146400,0.0,0.0
2024-06-25 00:00:00+07:00,20100.0,21300.0,20050.0,21300.0,20570.548828125,25463000,0.0,0.0
2024-06-26 00:00:00+07:00,21500.0,21500.0,20750.0,20800.0,20087.671875,5887300,0.0,0.0
2024-06-27 00:00:00+07:00,20800.0,20950.0,20350.0,20400.0,19701.369140625,7612600,0.0,0.0
2024-06-28 00:00:00+07:00,20400.0,21200.0,20400.0,20450.0,19749.658203125,12792300,0.0,0.0
2024-07-01 00:00:00+07:00,20700.0,21850.0,20600.0,21850.0,21101.712890625,13748100,0.0,0.0
2024-07-02 00:00:00+07:00,21900.0,22000.0,21600.0,21700.0,20956.849609375,8412700,0.0,0.0
2024-07-03 00:00:00+07:00,21550.0,21600.0,20950.0,21300.0,20570.548828125,34019400,0.0,0.0
2024-07-04 00:00:00+07:00,21300.0,21700.0,21100.0,21250.0,20522.259765625,11937600,0.0,0.0
2024-07-05 00:00:00+07:00,21400.0,21400.0,20700.0,20800.0,20087.671875,19509000,0.0,0.0
2024-07-08 00:00:00+07:00,20800.0,20800.0,20300.0,20300.0,19604.794921875,18447500,0.0,0.0
2024-07-09 00:00:00+07:00,20300.0,20700.0,20200.0,20500.0,19797.9453125,10564600,0.0,0.0
2024-07-10 00:00:00+07:00,20600.0,21050.0,20550.0,20550.0,19846.232421875,9607200,0.0,0.0
2024-07-11 00:00:00+07:00,20700.0,21050.0,20650.0,20700.0,19991.095703125,9049100,0.0,0.0
2024-07-12 00:00:00+07:00,20750.0,21250.0,20650.0,20750.0,20039.384765625,8545000,0.0,0.0
2024-07-15 00:00:00+07:00,20900.0,20950.0,20350.0,20350.0,19653.08203125,11248900,0.0,0.0
2024-07-16 00:00:00+07:00,20400.0,20550.0,20150.0,20200.0,19508.21875,10324900,0.0,0.0
2024-07-17 00:00:00+07:00,20300.0,20350.0,19750.0,19750.0,19073.630859375,17511300,0.0,0.0
2024-07-18 00:00:00+07:00,19800.0,20150.0,19600.0,20150.0,19459.931640625,9699200,0.0,0.0
2024-07-19 00:00:00+07:00,20250.0,20300.0,19850.0,19900.0,19218.494140625,5274100,0.0,0.0
2024-07-22 00:00:00+07:00,19900.0,20150.0,19600.0,20050.0,19363.35546875,7586900,0.0,0.0
2024-07-23 00:00:00+07:00,20250.0,20400.0,19950.0,20050.0,19363.35546875,8859200,0.0,0.0
2024-07-24 00:00:00+07:00,20050.0,20200.0,19800.0,20150.0,19459.931640625,5260200,0.0,0.0
2024-07-25 00:00:00+07:00,20100.0,20450.0,19700.0,19700.0,19025.341796875,14310000,0.0,0.0
2024-07-26 00:00:00+07:00,19800.0,19850.0,19200.0,19300.0,18639.041015625,14275800,0.0,0.0
2024-07-29 00:00:00+07:00,19400.0,19550.0,18950.0,18950.0,18301.02734375,9488900,0.0,0.0
2024-07-30 00:00:00+07:00,18850.0,18950.0,18550.0,18750.0,18107.876953125,10130800,0.0,0.0
2024-07-31 00:00:00+07:00,18800.0,19100.0,18550.0,18600.0,17963.013671875,6988200,0.0,0.0
2024-08-01 00:00:00+07:00,18650.0,18850.0,17800.0,18200.0,17576.712890625,13055900,0.0,0.0
2024-08-02 00:00:00+07:00,17950.0,18150.0,17750.0,17950.0,17335.2734375,9306900,0.0,0.0
2024-08-05 00:00:00+07:00,17750.0,17850.0,16800.0,16800.0,16224.658203125,13626200,0.0,0.0
2024-08-06 00:00:00+07:00,17000.0,17200.0,16700.0,17000.0,16417.80859375,12005000,0.0,0.0
2024-08-07 00:00:00+07:00,17700.0,18150.0,17650.0,18000.0,17383.5625,21450600,0.0,0.0
2024-08-08 00:00:00+07:00,17900.0,18000.0,17450.0,17650.0,17045.548828125,8490200,0.0,0.0
2024-08-09 00:00:00+07:00,17800.0,17800.0,17350.0,17500.0,16900.685546875,4712100,0.0,0.0
2024-08-12 00:00:00+07:00,17450.0,17650.0,17250.0,17400.0,16804.109375,4950200,0.0,0.0
2024-08-13 00:00:00+07:00,17400.0,17700.0,17350.0,17450.0,16852.396484375,4207100,0.0,0.0
2024-08-14 00:00:00+07:00,17500.0,18150.0,17500.0,18000.0,17383.5625,12337200,0.0,0.0
2024-08-15 00:00:00+07:00,18050.0,18250.0,17800.0,17800.0,17190.412109375,7865700,0.0,0.0
2024-08-16 00:00:00+07:00,17950.0,18450.0,17900.0,18300.0,17673.287109375,8623500,0.0,0.0
2024-08-19 00:00:00+07:00,18450.0,18450.0,18200.0,18300.0,17673.287109375,6788300,0.0,0.0
2024-08-20 00:00:00+07:00,18250.0,19000.0,18250.0,18750.0,18107.876953125,13861700,0.0,0.0
2024-08-21 00:00:00+07:00,18750.0,18900.0,18650.0,18900.0,18252.740234375,6213600,0.0,0.0
2024-08-22 00:00:00+07:00,18900.0,20150.0,18900.0,19700.0,19025.341796875,22027900,0.0,0.0
2024-08-23 00:00:00+07:00,19800.0,19850.0,19400.0,19500.0,18832.19140625,7332100,0.0,0.0
2024-08-26 00:00:00+07:00,19700.0,20100.0,19600.0,19850.0,19170.205078125,10385400,0.0,0.0
2024-08-27 00:00:00+07:00,19850.0,20650.0,19750.0,20050.0,19363.35546875,15093200,0.0,0.0
2024-08-28 00:00:00+07:00,20150.0,20200.0,19500.0,19500.0,18832.19140625,12575200,0.0,0.0
2024-08-29 00:00:00+07:00,19500.0,19750.0,19150.0,19250.0,18590.75390625,12572000,0.0,0.0
2024-08-30 00:00:00+07:00,19350.0,19450.0,19200.0,19200.0,18542.466796875,7658100,0.0,0.0
2024-09-04 00:00:00+07:00,19000.0,19700.0,18850.0,19700.0,19025.341796875,11532600,0.0,0.0
2024-09-05 00:00:00+07:00,19800.0,20350.0,19650.0,19700.0,19025.341796875,12485100,0.0,0.0
2024-09-06 00:00:00+07:00,19750.0,20100.0,19400.0,20100.0,19411.64453125,11269400,0.0,0.0
2024-09-09 00:00:00+07:00,19950.0,20250.0,19850.0,20100.0,19411.64453125,7303300,0.0,0.0
2024-09-10 00:00:00+07:00,20200.0,20300.0,19050.0,19200.0,18542.466796875,19049800,0.0,0.0
2024-09-11 00:00:00+07:00,19200.0,19350.0,18600.0,19100.0,18445.890625,8396500,0.0,0.0
2024-09-12 00:00:00+07:00,19300.0,19350.0,19000.0,19000.0,18349.314453125,3212500,0.0,0.0
2024-09-13 00:00:00+07:00,19100.0,19400.0,18850.0,19300.0,18639.041015625,4986800,0.0,0.0
2024-09-16 00:00:00+07:00,19300.0,19400.0,18900.0,18900.0,18252.740234375,5645600,0.0,0.0
2024-09-17 00:00:00+07:00,19000.0,19400.0,18900.0,19400.0,18735.6171875,6036500,0.0,0.0
2024-09-18 00:00:00+07:00,19450.0,19750.0,19150.0,19150.0,18494.177734375,8583000,0.0,0.0
2024-09-19 00:00:00+07:00,19250.0,19450.0,19200.0,19450.0,18783.904296875,4719500,0.0,0.0
2024-09-20 00:00:00+07:00,19650.0,19750.0,19400.0,19500.0,18832.19140625,12860100,0.0,0.0
2024-09-23 00:00:00+07:00,19500.0,19550.0,19000.0,19000.0,18349.314453125,10845800,0.0,0.0
2024-09-24 00:00:00+07:00,19050.0,19100.0,18900.0,19050.0,18397.603515625,5918900,0.0,0.0
2024-09-25 00:00:00+07:00,19300.0,19300.0,19050.0,19100.0,18445.890625,7600900,0.0,0.0
2024-09-26 00:00:00+07:00,19250.0,19400.0,19150.0,19200.0,18542.466796875,6640500,0.0,0.0
2024-09-27 00:00:00+07:00,19300.0,19700.0,19150.0,19400.0,18735.6171875,11672700,0.0,0.0
2024-09-30 00:00:00+07:00,19400.0,19400.0,19100.0,19100.0,18445.890625,6834300,0.0,0.0
2024-10-01 00:00:00+07:00,19150.0,19550.0,19100.0,19400.0,18735.6171875,9870100,0.0,0.0
2024-10-02 00:00:00+07:00,19250.0,19350.0,19100.0,19150.0,18494.177734375,5084600,0.0,0.0
2024-10-03 00:00:00+07:00,19150.0,19250.0,18600.0,18650.0,18011.30078125,14455900,0.0,0.0
2024-10-04 00:00:00+07:00,18650.0,18650.0,18250.0,18300.0,17673.287109375,9504200,0.0,0.0
2024-10-07 00:00:00+07:00,18450.0,18500.0,18150.0,18250.0,17625.0,4876600,0.0,0.0
2024-10-08 00:00:00+07:00,18300.0,18400.0,18150.0,18350.0,17721.576171875,3231300,0.0,0.0
2024-10-09 00:00:00+07:00,18300.0,18500.0,18250.0,18500.0,17866.439453125,3292200,0.0,0.0
2024-10-10 00:00:00+07:00,18600.0,18700.0,18450.0,18450.0,17818.150390625,3633500,0.0,0.0
2024-10-11 00:00:00+07:00,18500.0,19100.0,18350.0,19000.0,18349.314453125,12919000,0.0,0.0
2024-10-14 00:00:00+07:00,19400.0,19600.0,19050.0,19150.0,18494.177734375,11560900,0.0,0.0
2024-10-15 00:00:00+07:00,19150.0,19200.0,18800.0,18800.0,18156.1640625,6684800,0.0,0.0
2024-10-16 00:00:00+07:00,18800.0,18900.0,18650.0,18700.0,18059.58984375,4185200,0.0,0.0
2024-10-17 00:00:00+07:00,18700.0,18850.0,18600.0,18750.0,18107.876953125,5000900,0.0,0.0
2024-10-18 00:00:00+07:00,18950.0,19100.0,18750.0,18750.0,18107.876953125,5084500,0.0,0.0
2024-10-21 00:00:00+07:00,18800.0,19300.0,18750.0,19100.0,18445.890625,11488800,0.0,0.0
2024-10-22 00:00:00+07:00,19100.0,19150.0,18550.0,18600.0,17963.013671875,9087500,0.0,0.0
2024-10-23 00:00:00+07:00,18650.0,19050.0,18600.0,18650.0,18011.30078125,6222700,0.0,0.0
2024-10-24 00:00:00+07:00,18700.0,18700.0,18150.0,18150.0,17528.42578125,10654400,0.0,0.0
2024-10-25 00:00:00+07:00,18250.0,18300.0,18100.0,18150.0,17528.42578125,4770300,0.0,0.0
2024-10-28 00:00:00+07:00,18200.0,18250.0,18100.0,18100.0,17480.13671875,3242500,0.0,0.0
2024-10-29 00:00:00+07:00,18150.0,18300.0,18100.0,18150.0,17528.42578125,3815600,0.0,0.0
2024-10-30 00:00:00+07:00,18200.0,18300.0,18050.0,18200.0,17576.712890625,4299200,0.0,0.0
2024-10-31 00:00:00+07:00,18200.0,18200.0,17850.0,17850.0,17238.69921875,6931800,0.0,0.0
2024-11-01 00:00:00+07:00,17850.0,17950.0,17700.0,17750.0,17142.123046875,10571700,0.0,0.0
2024-11-04 00:00:00+07:00,17800.0,17850.0,17550.0,17700.0,17093.8359375,4921400,0.0,0.0
2024-11-05 00:00:00+07:00,17600.0,17850.0,17600.0,17750.0,17142.123046875,2633700,0.0,0.0
2024-11-06 00:00:00+07:00,17900.0,18050.0,17800.0,18050.0,17431.849609375,2971100,0.0,0.0
2024-11-07 00:00:00+07:00,18200.0,18300.0,18050.0,18050.0,17431.849609375,2770700,0.0,0.0
2024-11-08 00:00:00+07:00,18150.0,18150.0,17750.0,17950.0,17335.2734375,4487200,0.0,0.0
2024-11-11 00:00:00+07:00,17800.0,18000.0,17600.0,18000.0,17383.5625,5983800,0.0,0.0
2024-11-12 00:00:00+07:00,17850.0,18200.0,17850.0,18000.0,17383.5625,4570800,0.0,0.0
2024-11-13 00:00:00+07:00,18000.0,18200.0,17950.0,18100.0,17480.13671875,6231800,0.0,0.0
2024-11-14 00:00:00+07:00,18100.0,18650.0,18100.0,18100.0,17480.13671875,11403800,0.0,0.0
2024-11-15 00:00:00+07:00,18150.0,18500.0,18050.0,18200.0,17576.712890625,10515600,0.0,0.0
2024-11-18 00:00:00+07:00,18200.0,18500.0,18100.0,18100.0,17480.13671875,7123800,0.0,0.0
2024-11-19 00:00:00+07:00,18100.0,18250.0,17900.0,17900.0,17286.986328125,4931300,0.0,0.0
2024-11-20 00:00:00+07:00,17900.0,18150.0,17750.0,17900.0,17286.986328125,9344600,0.0,0.0
2024-11-21 00:00:00+07:00,18000.0,18200.0,17950.0,18200.0,17576.712890625,6395700,0.0,0.0
2024-11-22 00:00:00+07:00,18200.0,18300.0,18100.0,18100.0,17480.13671875,5011100,0.0,0.0
2024-11-25 00:00:00+07:00,18100.0,18350.0,18100.0,18250.0,17625.0,4345600,0.0,0.0
2024-11-26 00:00:00+07:00,18250.0,18450.0,18200.0,18300.0,17673.287109375,4397100,0.0,0.0
2024-11-27 00:00:00+07:00,18300.0,18350.0,18050.0,18100.0,17480.13671875,3678700,0.0,0.0
2024-11-28 00:00:00+07:00,18250.0,18250.0,17900.0,18000.0,17383.5625,5075200,0.0,0.0
2024-11-29 00:00:00+07:00,17950.0,18000.0,17800.0,17900.0,17286.986328125,7796000,0.0,0.0
2024-12-02 00:00:00+07:00,17900.0,18000.0,17700.0,17850.0,17238.69921875,7004000,0.0,0.0
2024-12-03 00:00:00+07:00,17850.0,17850.0,17700.0,17700.0,17093.8359375,4707800,0.0,0.0
2024-12-04 00:00:00+07:00,17650.0,17700.0,17200.0,17300.0,16707.53515625,10716000,0.0,0.0
2024-12-05 00:00:00+07:00,17400.0,17900.0,17350.0,17850.0,17238.69921875,6615400,0.0,0.0
2024-12-06 00:00:00+07:00,17750.0,17900.0,17650.0,17700.0,17093.8359375,6189500,0.0,0.0
2024-12-09 00:00:00+07:00,17700.0,17850.0,17700.0,17700.0,17093.8359375,4682100,0.0,0.0
2024-12-10 00:00:00+07:00,17700.0,17800.0,17500.0,17550.0,16948.97265625,4540800,0.0,0.0
2024-12-11 00:00:00+07:00,17600.0,17650.0,17350.0,17350.0,16755.822265625,8251600,0.0,0.0
2024-12-12 00:00:00+07:00,17500.0,17500.0,17300.0,17300.0,16707.53515625,4406000,0.0,0.0
2024-12-13 00:00:00+07:00,17300.0,17400.0,17200.0,17350.0,16755.822265625,3566800,0.0,0.0
2024-12-16 00:00:00+07:00,17350.0,17450.0,17200.0,17300.0,16707.53515625,3468400,0.0,0.0
2024-12-17 00:00:00+07:00,17300.0,17350.0,17100.0,17150.0,16562.671875,5731600,0.0,0.0
2024-12-18 00:00:00+07:00,17150.0,17200.0,17100.0,17100.0,16514.3828125,4496000,0.0,0.0
2024-12-19 00:00:00+07:00,17050.0,17250.0,16950.0,17050.0,16466.095703125,6408800,0.0,0.0
2024-12-20 00:00:00+07:00,17050.0,17150.0,17000.0,17050.0,16466.095703125,3568200,0.0,0.0
2024-12-23 00:00:00+07:00,17150.0,17200.0,17000.0,17050.0,16466.095703125,4976400,0.0,0.0
2024-12-24 00:00:00+07:00,17050.0,17100.0,16900.0,17050.0,16466.095703125,6940200,0.0,0.0
2024-12-25 00:00:00+07:00,17050.0,17500.0,17050.0,17300.0,16707.53515625,9435700,0.0,0.0
2024-12-26 00:00:00+07:00,17350.0,17450.0,17150.0,17150.0,16562.671875,3726700,0.0,0.0
2024-12-27 00:00:00+07:00,17200.0,17250.0,17000.0,17150.0,16562.671875,5865200,0.0,0.0
2024-12-30 00:00:00+07:00,17050.0,17150.0,17000.0,17150.0,16562.671875,5681900,0.0,0.0
2024-12-31 00:00:00+07:00,17050.0,17300.0,17050.0,17150.0,16562.671875,4645500,0.0,0.0
2025-01-02 00:00:00+07:00,17200.0,17450.0,17200.0,17300.0,16707.53515625,6915200,0.0,0.0
2025-01-03 00:00:00+07:00,17350.0,17450.0,17150.0,17200.0,16610.958984375,2701100,0.0,0.0
2025-01-06 00:00:00+07:00,17200.0,17250.0,17000.0,17150.0,16562.671875,4480900,0.0,0.0
2025-01-07 00:00:00+07:00,17050.0,17150.0,16800.0,16950.0,16369.5205078125,7224500,0.0,0.0
2025-01-08 00:00:00+07:00,16900.0,16950.0,16800.0,16950.0,16369.5205078125,3265700,0.0,0.0
2025-01-09 00:00:00+07:00,16900.0,17150.0,16800.0,17000.0,16417.80859375,3344000,0.0,0.0
2025-01-10 00:00:00+07:00,17000.0,17050.0,16650.0,16850.0,16272.9453125,8897000,0.0,0.0
2025-01-13 00:00:00+07:00,16800.0,16850.0,16500.0,16700.0,16128.08203125,4774200,0.0,0.0
2025-01-14 00:00:00+07:00,16650.0,16650.0,16100.0,16100.0,15548.6298828125,6583700,0.0,0.0
2025-01-15 00:00:00+07:00,16200.0,16500.0,16100.0,16500.0,15934.931640625,8227500,0.0,0.0
2025-01-16 00:00:00+07:00,16200.0,16500.0,16100.0,16500.0,15934.931640625,8227500,0.0,0.0
2025-01-17 00:00:00+07:00,16500.0,16600.0,16450.0,16550.0,15983.2197265625,4432800,0.0,0.0
2025-01-20 00:00:00+07:00,16500.0,16850.0,16500.0,16600.0,16031.5068359375,6900600,0.0,0.0
2025-01-21 00:00:00+07:00,16750.0,16750.0,16500.0,16600.0,16031.5068359375,3529400,0.0,0.0
2025-01-22 00:00:00+07:00,16600.0,16600.0,16300.0,16300.0,15741.78125,3206000,0.0,0.0
2025-01-23 00:00:00+07:00,16200.0,16500.0,16200.0,16450.0,15886.6435546875,4626700,0.0,0.0
2025-01-24 00:00:00+07:00,16450.0,16650.0,16300.0,16550.0,15983.2197265625,5325000,0.0,0.0
2025-01-27 00:00:00+07:00,16550.0,16550.0,16550.0,16550.0,15983.2197265625,0,0.0,0.0
2025-01-28 00:00:00+07:00,16550.0,16550.0,16550.0,16550.0,15983.2197265625,0,0.0,0.0
2025-01-29 00:00:00+07:00,16550.0,16550.0,16550.0,16550.0,15983.2197265625,0,0.0,0.0
2025-01-30 00:00:00+07:00,16550.0,16550.0,16550.0,16550.0,15983.2197265625,0,0.0,0.0
2025-01-31 00:00:00+07:00,16550.0,16550.0,16550.0,16550.0,15983.2197265625,0,0.0,0.0
2025-02-03 00:00:00+07:00,16500.0,16500.0,16150.0,16300.0,15741.78125,6103500,0.0,0.0
2025-02-04 00:00:00+07:00,16300.0,16400.0,16200.0,16300.0,15741.78125,4430300,0.0,0.0
2025-02-05 00:00:00+07:00,16350.0,17100.0,16350.0,16850.0,16272.9453125,13551200,0.0,0.0
2025-02-06 00:00:00+07:00,16900.0,16900.0,16700.0,16700.0,16128.08203125,3805000,0.0,0.0
2025-02-07 00:00:00+07:00,16650.0,16900.0,16600.0,16850.0,16272.9453125,6185200,0.0,0.0
2025-02-10 00:00:00+07:00,16700.0,16750.0,16550.0,16600.0,16031.5068359375,5381200,0.0,0.0
2025-02-11 00:00:00+07:00,16600.0,16600.0,16300.0,16400.0,15838.3564453125,6501700,0.0,0.0
2025-02-12 00:00:00+07:00,16550.0,16600.0,16400.0,16400.0,15838.3564453125,2712700,0.0,0.0
2025-02-13 00:00:00+07:00,16400.0,16700.0,16400.0,16650.0,16079.794921875,4323500,0.0,0.0
2025-02-14 00:00:00+07:00,16700.0,16800.0,16550.0,16600.0,16031.5068359375,5337400,0.0,0.0
2025-02-17 00:00:00+07:00,16600.0,16700.0,16400.0,16450.0,15886.6435546875,6732800,0.0,0.0
2025-02-18 00:00:00+07:00,16500.0,17050.0,16450.0,16850.0,16272.9453125,10881800,0.0,0.0
2025-02-19 00:00:00+07:00,16900.0,17300.0,16800.0,17200.0,16610.958984375,11283100,0.0,0.0
2025-02-20 00:00:00+07:00,17250.0,17450.0,17250.0,17350.0,16755.822265625,10812700,0.0,0.0
2025-02-21 00:00:00+07:00,17350.0,17400.0,17100.0,17250.0,16659.24609375,8867700,0.0,0.0
2025-02-24 00:00:00+07:00,17200.0,17350.0,17100.0,17350.0,16755.822265625,7296500,0.0,0.0
2025-02-25 00:00:00+07:00,17400.0,17500.0,17250.0,17250.0,16659.24609375,5837200,0.0,0.0
2025-02-26 00:00:00+07:00,17250.0,17350.0,17000.0,17150.0,16562.671875,5280100,0.0,0.0
2025-02-27 00:00:00+07:00,17150.0,17200.0,16900.0,17200.0,16610.958984375,8005700,0.0,0.0
2025-02-28 00:00:00+07:00,17250.0,17650.0,17200.0,17400.0,16804.109375,11416300,0.0,0.0
2025-03-03 00:00:00+07:00,17350.0,17950.0,17350.0,17700.0,17093.8359375,12108200,0.0,0.0
2025-03-04 00:00:00+07:00,17600.0,17800.0,17550.0,17700.0,17093.8359375,11254500,0.0,0.0
2025-03-05 00:00:00+07:00,17700.0,18050.0,17600.0,17750.0,17142.123046875,12706900,0.0,0.0
2025-03-06 00:00:00+07:00,17750.0,17950.0,17650.0,17850.0,17238.69921875,7172100,0.0,0.0
2025-03-07 00:00:00+07:00,17850.0,18500.0,17800.0,18200.0,17576.712890625,16865500,0.0,0.0
2025-03-10 00:00:00+07:00,18350.0,18450.0,18200.0,18250.0,17625.0,8696300,0.0,0.0
2025-03-11 00:00:00+07:00,17900.0,18250.0,17700.0,18200.0,17576.712890625,8111000,0.0,0.0
2025-03-12 00:00:00+07:00,18200.0,18450.0,18150.0,18300.0,17673.287109375,11789600,0.0,0.0
2025-03-13 00:00:00+07:00,18300.0,19200.0,18250.0,18800.0,18156.1640625,29808500,0.0,0.0
2025-03-14 00:00:00+07:00,18900.0,19100.0,18700.0,18750.0,18107.876953125,11422100,0.0,0.0
2025-03-17 00:00:00+07:00,18650.0,18800.0,18600.0,18700.0,18059.58984375,9392000,0.0,0.0
2025-03-18 00:00:00+07:00,18700.0,18800.0,18400.0,18450.0,17818.150390625,12489700,0.0,0.0
2025-03-19 00:00:00+07:00,18350.0,18500.0,18100.0,18450.0,17818.150390625,11508000,0.0,0.0
2025-03-20 00:00:00+07:00,18500.0,18750.0,18300.0,18400.0,17769.86328125,3614700,0.0,0.0
2025-03-21 00:00:00+07:00,18400.0,18500.0,18150.0,18450.0,17818.150390625,9853900,0.0,0.0
2025-03-24 00:00:00+07:00,18450.0,19200.0,18400.0,19150.0,18494.177734375,19774400,0.0,0.0
2025-03-25 00:00:00+07:00,19200.0,20300.0,19100.0,19800.0,19121.91796875,30908400,0.0,0.0
2025-03-26 00:00:00+07:00,19950.0,20150.0,19750.0,19950.0,19266.78125,22377500,0.0,0.0
2025-03-27 00:00:00+07:00,19950.0,20050.0,19600.0,19650.0,18977.0546875,9652800,0.0,0.0
2025-03-28 00:00:00+07:00,19600.0,19650.0,19350.0,19500.0,18832.19140625,9353000,0.0,0.0
2025-03-31 00:00:00+07:00,19300.0,19450.0,19050.0,19150.0,18494.177734375,11536000,0.0,0.0
2025-04-01 00:00:00+07:00,19350.0,20100.0,19250.0,20000.0,19315.068359375,16455600,0.0,0.0
2025-04-02 00:00:00+07:00,20200.0,20550.0,19900.0,20150.0,19459.931640625,22985300,0.0,0.0
2025-04-03 00:00:00+07:00,19300.0,19600.0,18750.0,18750.0,18107.876953125,18588500,0.0,0.0
2025-04-04 00:00:00+07:00,17450.0,18800.0,17450.0,18800.0,18156.1640625,27118700,0.0,0.0
2025-04-08 00:00:00+07:00,18000.0,18150.0,17500.0,17500.0,16900.685546875,20763200,0.0,0.0
2025-04-09 00:00:00+07:00,16500.0,18350.0,16500.0,18000.0,17383.5625,24614200,0.0,0.0
2025-04-10 00:00:00+07:00,19250.0,19250.0,19250.0,19250.0,18590.75390625,1890900,0.0,0.0
2025-04-11 00:00:00+07:00,19100.0,19600.0,18850.0,19400.0,18735.6171875,16425100,0.0,0.0
2025-04-14 00:00:00+07:00,19500.0,20350.0,19250.0,20300.0,19604.794921875,18452000,0.0,0.0
2025-04-15 00:00:00+07:00,20300.0,20700.0,19950.0,20300.0,19604.794921875,19239000,0.0,0.0
2025-04-16 00:00:00+07:00,20200.0,21100.0,20150.0,20400.0,19701.369140625,19670700,0.0,0.0
2025-04-17 00:00:00+07:00,20250.0,20600.0,20100.0,20400.0,19701.369140625,9657700,0.0,0.0
2025-04-18 00:00:00+07:00,20450.0,21000.0,19550.0,20400.0,19701.369140625,18997200,0.0,0.0
2025-04-21 00:00:00+07:00,20050.0,20650.0,20050.0,20400.0,19701.369140625,13359200,0.0,0.0
2025-04-22 00:00:00+07:00,20350.0,20600.0,19300.0,20600.0,19894.521484375,19583700,0.0,0.0
2025-04-23 00:00:00+07:00,20950.0,22000.0,20700.0,21950.0,21198.287109375,26859000,0.0,0.0
2025-04-24 00:00:00+07:00,22000.0,23100.0,21800.0,22800.0,22019.177734375,16543000,0.0,0.0
2025-04-25 00:00:00+07:00,22800.0,22850.0,22300.0,22800.0,22019.177734375,18916200,0.0,0.0
2025-04-28 00:00:00+07:00,22800.0,23500.0,22550.0,23100.0,22308.904296875,14336300,0.0,0.0
2025-04-29 00:00:00+07:00,22900.0,23950.0,22200.0,23650.0,22840.068359375,19406900,0.0,0.0
2025-04-30 00:00:00+07:00,23650.0,23650.0,23650.0,23650.0,22840.068359375,0,0.0,0.0
2025-05-01 00:00:00+07:00,23650.0,23650.0,23650.0,23650.0,22840.068359375,0,0.0,0.0
2025-05-02 00:00:00+07:00,23650.0,23650.0,23650.0,23650.0,22840.068359375,0,0.0,0.0
2025-05-05 00:00:00+07:00,23650.0,23650.0,23650.0,23650.0,22840.068359375,0,0.0,0.0
2025-05-06 00:00:00+07:00,23550.0,24900.0,23450.0,24900.0,24047.259765625,13894100,0.0,0.0
2025-05-07 00:00:00+07:00,24950.0,24950.0,24400.0,24900.0,24047.259765625,14299500,0.0,0.0
2025-05-08 00:00:00+07:00,24850.0,24950.0,24550.0,24900.0,24047.259765625,10299900,0.0,0.0
2025-05-09 00:00:00+07:00,24800.0,25600.0,24650.0,25000.0,24143.8359375,8070800,0.0,0.0
2025-05-12 00:00:00+07:00,25000.0,25000.0,25000.0,25000.0,24143.8359375,0,0.0,0.0
2025-05-13 00:00:00+07:00,25000.0,25600.0,24850.0,25500.0,24626.712890625,6970400,0.0,0.0
2025-05-14 00:00:00+07:00,25500.0,25500.0,24750.0,25400.0,24530.13671875,11591700,0.0,0.0
2025-05-15 00:00:00+07:00,24950.0,25500.0,24350.0,24700.0,23854.109375,12161100,0.0,0.0
2025-05-16 00:00:00+07:00,24500.0,24500.0,23000.0,24150.0,23322.9453125,28934800,0.0,0.0
2025-05-19 00:00:00+07:00,24500.0,25200.0,24250.0,24750.0,23902.3984375,10039000,0.0,0.0
2025-05-20 00:00:00+07:00,24500.0,25200.0,24250.0,24750.0,23902.3984375,10039000,0.0,0.0
2025-05-21 00:00:00+07:00,24750.0,25900.0,24700.0,25800.0,24916.439453125,15404600,0.0,0.0
2025-05-22 00:00:00+07:00,26200.0,26300.0,25350.0,25750.0,24868.150390625,10755400,0.0,0.0
2025-05-23 00:00:00+07:00,25650.0,26050.0,25100.0,25350.0,24481.849609375,13504200,0.0,0.0
2025-05-26 00:00:00+07:00,25600.0,25650.0,24500.0,25500.0,24626.712890625,8734200,0.0,0.0
2025-05-27 00:00:00+07:00,25600.0,25650.0,24500.0,25500.0,24626.712890625,8734200,0.0,0.0
2025-05-28 00:00:00+07:00,25500.0,25750.0,25250.0,25300.0,24433.5625,11529600,0.0,0.0
2025-05-29 00:00:00+07:00,25550.0,26800.0,25350.0,26700.0,25785.6171875,16719800,0.0,0.0
2025-05-30 00:00:00+07:00,26800.0,27700.0,26800.0,27650.0,26703.08203125,16071500,0.0,0.0
2025-06-02 00:00:00+07:00,27100.0,27350.0,26250.0,26700.0,25785.6171875,9428800,0.0,0.0
2025-06-03 00:00:00+07:00,27100.0,27350.0,26250.0,26700.0,25785.6171875,9428800,0.0,0.0
2025-06-04 00:00:00+07:00,26450.0,27000.0,26100.0,26500.0,25592.466796875,8760100,0.0,0.0
2025-06-05 00:00:00+07:00,26200.0,27000.0,26200.0,26950.0,26027.0546875,8610700,0.0,0.0
2025-06-06 00:00:00+07:00,26800.0,27000.0,26400.0,27000.0,26075.34375,6679200,0.0,0.0
2025-06-09 00:00:00+07:00,26100.0,26400.0,25550.0,25550.0,24675.0,6911700,0.0,0.0
2025-06-10 00:00:00+07:00,26100.0,26400.0,25550.0,25550.0,24675.0,6911700,0.0,0.0
2025-06-11 00:00:00+07:00,25000.0,26500.0,24950.0,26500.0,25592.466796875,8419800,0.0,0.0
2025-06-12 00:00:00+07:00,26500.0,26500.0,25450.0,26100.0,25206.1640625,5462700,0.0,0.0
2025-06-13 00:00:00+07:00,26200.0,26300.0,25200.0,25200.0,24336.986328125,4814800,0.0,0.0
2025-06-16 00:00:00+07:00,24550.0,24650.0,24100.0,24500.0,23660.958984375,4654300,0.0,0.0
2025-06-17 00:00:00+07:00,24550.0,24650.0,24100.0,24500.0,23660.958984375,4654300,0.0,0.0
2025-06-18 00:00:00+07:00,24500.0,25500.0,24450.0,24550.0,23709.24609375,4824800,0.0,0.0
2025-06-19 00:00:00+07:00,24550.0,24800.0,24400.0,24650.0,23805.822265625,2184400,0.0,0.0
2025-06-20 00:00:00+07:00,24500.0,24900.0,24400.0,24700.0,23854.109375,3163600,0.0,0.0
2025-06-23 00:00:00+07:00,24300.0,25100.0,23800.0,24750.0,23902.3984375,6222100,0.0,0.0
2025-06-24 00:00:00+07:00,24300.0,25100.0,23800.0,24750.0,23902.3984375,6222100,0.0,0.0
2025-06-25 00:00:00+07:00,25100.0,25300.0,24800.0,24900.0,24047.259765625,5022800,0.0,0.0
2025-06-26 00:00:00+07:00,24950.0,25250.0,24650.0,24650.0,23805.822265625,4185200,0.0,0.0
2025-06-27 00:00:00+07:00,24700.0,24800.0,24500.0,24500.0,23660.958984375,2339400,0.0,0.0
2025-06-30 00:00:00+07:00,24800.0,24950.0,24550.0,24650.0,23805.822265625,3083800,0.0,0.0
2025-07-01 00:00:00+07:00,24800.0,24950.0,24550.0,24650.0,23805.822265625,3083800,0.0,0.0
2025-07-02 00:00:00+07:00,24650.0,24800.0,24450.0,24800.0,23950.685546875,2538400,0.0,0.0
2025-07-03 00:00:00+07:00,24800.0,25350.0,24600.0,25200.0,24336.986328125,3831600,0.0,0.0
2025-07-04 00:00:00+07:00,25200.0,25200.0,24750.0,25050.0,24192.123046875,6855300,0.0,0.0
2025-07-07 00:00:00+07:00,25200.0,25600.0,25100.0,25500.0,24626.712890625,3747000,0.0,0.0
2025-07-08 00:00:00+07:00,25200.0,25600.0,25100.0,25500.0,24626.712890625,3747000,0.0,0.0
2025-07-09 00:00:00+07:00,25700.0,25800.0,25350.0,25800.0,24916.439453125,3443700,0.0,0.0
2025-07-10 00:00:00+07:00,26000.0,26800.0,25750.0,26800.0,25882.19140625,7759900,0.0,0.0
2025-07-11 00:00:00+07:00,27000.0,28500.0,27000.0,28450.0,27475.685546875,13962700,0.0,0.0
2025-07-14 00:00:00+07:00,28900.0,29100.0,27950.0,28650.0,27668.8359375,6658200,0.0,0.0
2025-07-15 00:00:00+07:00,28900.0,29100.0,27950.0,28650.0,27668.8359375,6658200,0.0,0.0
2025-07-16 00:00:00+07:00,28500.0,28600.0,28050.0,28150.0,27185.958984375,4647500,0.0,0.0
2025-07-17 00:00:00+07:00,28050.0,28800.0,27950.0,28800.0,27813.69921875,5861400,0.0,0.0
2025-07-18 00:00:00+07:00,28850.0,29950.0,28500.0,29750.0,28731.1640625,8809200,0.0,0.0
2025-07-21 00:00:00+07:00,29450.0,29450.0,28800.0,29000.0,28006.849609375,5258300,0.0,0.0
2025-07-22 00:00:00+07:00,29450.0,29450.0,28800.0,29000.0,28006.849609375,5258300,0.0,0.0
2025-07-23 00:00:00+07:00,28750.0,30000.0,28500.0,30000.0,28972.603515625,5086200,0.0,0.0
2025-07-24 00:00:00+07:00,30000.0,30000.0,29250.0,29250.0,28248.287109375,4012000,0.0,0.0
2025-07-25 00:00:00+07:00,29300.0,29800.0,28450.0,29800.0,28779.453125,4625400,0.0,0.0
2025-07-28 00:00:00+07:00,29800.0,29800.0,29100.0,29350.0,28344.86328125,4276400,0.0,0.0
2025-07-29 00:00:00+07:00,29800.0,29800.0,29100.0,29350.0,28344.86328125,4276400,0.0,0.0
2025-07-30 00:00:00+07:00,29400.0,29500.0,28000.0,28000.0,27041.095703125,8023000,0.0,0.0
2025-07-31 00:00:00+07:00,27850.0,28300.0,27000.0,28100.0,27137.671875,6229900,0.0,0.0
2025-08-01 00:00:00+07:00,27600.0,28400.0,27550.0,28100.0,27137.671875,5569600,0.0,0.0
2025-08-04 00:00:00+07:00,28400.0,29150.0,28300.0,29100.0,28103.42578125,4250700,0.0,0.0
2025-08-05 00:00:00+07:00,28400.0,29150.0,28300.0,29100.0,28103.42578125,4250700,0.0,0.0
2025-08-06 00:00:00+07:00,29350.0,31000.0,29000.0,30950.0,29890.068359375,12353200,0.0,0.0
2025-08-07 00:00:00+07:00,30800.0,30900.0,29850.0,30100.0,29069.177734375,4813500,0.0,0.0
2025-08-08 00:00:00+07:00,30100.0,30500.0,29200.0,30500.0,29455.48046875,6151200,0.0,0.0
2025-08-11 00:00:00+07:00,29650.0,29900.0,29300.0,29350.0,28344.86328125,4094300,0.0,0.0
2025-08-12 00:00:00+07:00,29650.0,29900.0,29300.0,29350.0,28344.86328125,4094300,0.0,0.0
2025-08-13 00:00:00+07:00,29350.0,29750.0,29350.0,29450.0,28441.439453125,4346600,0.0,0.0
2025-08-14 00:00:00+07:00,29450.0,29650.0,28650.0,29450.0,28441.439453125,7518200,0.0,0.0
2025-08-15 00:00:00+07:00,29500.0,30400.0,29100.0,30150.0,29117.466796875,8269000,0.0,0.0
2025-08-18 00:00:00+07:00,30200.0,30200.0,29300.0,29950.0,28924.314453125,4719500,0.0,0.0
2025-08-19 00:00:00+07:00,30200.0,30200.0,29300.0,29950.0,28924.314453125,4719500,0.0,0.0
2025-08-20 00:00:00+07:00,29500.0,29950.0,29200.0,29950.0,28924.314453125,8363700,0.0,0.0
2025-08-21 00:00:00+07:00,29900.0,30700.0,29400.0,30000.0,28972.603515625,11045900,0.0,0.0
2025-08-22 00:00:00+07:00,30000.0,30500.0,29500.0,30400.0,29358.904296875,7598200,0.0,0.0
2025-08-25 00:00:00+07:00,30100.0,30800.0,29400.0,30000.0,28972.603515625,6458300,0.0,0.0
2025-08-26 00:00:00+07:00,30100.0,30800.0,29400.0,30000.0,28972.603515625,6458300,0.0,0.0
2025-08-27 00:00:00+07:00,30200.0,31700.0,29850.0,31300.0,30228.08203125,8904200,0.0,0.0
2025-08-28 00:00:00+07:00,31250.0,31300.0,30550.0,30600.0,29552.0546875,4508200,0.0,0.0
2025-08-29 00:00:00+07:00,30600.0,30750.0,30000.0,30700.0,29648.630859375,5267000,0.0,0.0
2025-09-01 00:00:00+07:00,30700.0,30700.0,30700.0,30700.0,29648.630859375,0,0.0,0.0
2025-09-02 00:00:00+07:00,30700.0,30700.0,30700.0,30700.0,29648.630859375,0,0.0,0.0
2025-09-03 00:00:00+07:00,30000.0,30300.0,29900.0,30150.0,29117.466796875,6885100,0.0,0.0
2025-09-04 00:00:00+07:00,30000.0,30300.0,29900.0,30150.0,29117.466796875,6885100,0.0,0.0
2025-09-05 00:00:00+07:00,30400.0,30400.0,29900.0,30300.0,29262.330078125,4316100,0.0,0.0
2025-09-08 00:00:00+07:00,30300.0,30850.0,30250.0,30300.0,29262.330078125,4186600,0.0,0.0
2025-09-09 00:00:00+07:00,30300.0,30850.0,30250.0,30300.0,29262.330078125,4186600,0.0,0.0
2025-09-10 00:00:00+07:00,30300.0,30550.0,30100.0,30300.0,29262.330078125,2922000,0.0,0.0
2025-09-11 00:00:00+07:00,30450.0,30600.0,30050.0,30600.0,29552.0546875,2722200,0.0,0.0
2025-09-12 00:00:00+07:00,30600.0,31750.0,30250.0,31100.0,30034.931640625,4984300,0.0,0.0
2025-09-15 00:00:00+07:00,30750.0,31100.0,30550.0,30650.0,29600.34375,3038800,0.0,0.0
2025-09-16 00:00:00+07:00,30750.0,31100.0,30550.0,30650.0,29600.34375,3038800,0.0,0.0
2025-09-17 00:00:00+07:00,30950.0,31100.0,30600.0,30600.0,29552.0546875,2795800,0.0,0.0
2025-09-18 00:00:00+07:00,30550.0,30900.0,30200.0,30200.0,29165.75390625,4134100,0.0,0.0
2025-09-19 00:00:00+07:00,30050.0,31500.0,30050.0,30200.0,29165.75390625,6786300,0.0,0.0
2025-09-22 00:00:00+07:00,29600.0,29800.0,28400.0,28800.0,27813.69921875,6309100,0.0,0.0
2025-09-23 00:00:00+07:00,29600.0,29800.0,28400.0,28800.0,27813.69921875,6309100,0.0,0.0
2025-09-24 00:00:00+07:00,28500.0,28800.0,28300.0,28300.0,27330.822265625,3505100,0.0,0.0
2025-09-25 00:00:00+07:00,28300.0,29150.0,27850.0,29000.0,28006.849609375,3542100,0.0,0.0
2025-09-26 00:00:00+07:00,29000.0,29550.0,28800.0,29400.0,28393.150390625,3095400,0.0,0.0
2025-09-29 00:00:00+07:00,29100.0,30050.0,28800.0,30000.0,28972.603515625,4493600,0.0,0.0
2025-09-30 00:00:00+07:00,29100.0,30050.0,28800.0,30000.0,28972.603515625,4493600,0.0,0.0
2025-10-01 00:00:00+07:00,30400.0,32100.0,30300.0,32100.0,31000.685546875,17459400,0.0,0.0
2025-10-02 00:00:00+07:00,32500.0,34300.0,32500.0,33150.0,32014.7265625,11521500,0.0,0.0
2025-10-03 00:00:00+07:00,33200.0,33500.0,31750.0,31750.0,30662.671875,6929900,0.0,0.0
2025-10-06 00:00:00+07:00,34500.0,35000.0,33300.0,35000.0,33801.37109375,16082700,0.0,0.0
2025-10-07 00:00:00+07:00,34500.0,35000.0,33300.0,35000.0,33801.37109375,16082700,0.0,0.0
2025-10-08 00:00:00+07:00,36000.0,36600.0,35000.0,35000.0,33801.37109375,12556500,0.0,0.0
2025-10-09 00:00:00+07:00,35300.0,36450.0,34150.0,36300.0,35056.8515625,17296100,0.0,0.0
2025-10-10 00:00:00+07:00,36500.0,38800.0,36100.0,38000.0,36698.62890625,25692700,0.0,0.0
2025-10-13 00:00:00+07:00,40400.0,43000.0,40350.0,43000.0,41527.3984375,27893300,0.0,0.0
2025-10-14 00:00:00+07:00,40400.0,43000.0,40350.0,43000.0,41527.3984375,27893300,0.0,0.0
2025-10-15 00:00:00+07:00,44100.0,45200.0,42700.0,42750.0,41285.9609375,32089100,0.0,0.0
2025-10-16 00:00:00+07:00,42650.0,43050.0,41050.0,41900.0,40465.0703125,19684200,0.0,0.0
2025-10-17 00:00:00+07:00,42200.0,43500.0,41000.0,43400.0,41913.69921875,17983400,0.0,0.0
2025-10-20 00:00:00+07:00,39500.0,41300.0,38150.0,38150.0,36843.4921875,18979900,0.0,0.0
2025-10-21 00:00:00+07:00,39500.0,41300.0,38150.0,38150.0,36843.4921875,18979900,0.0,0.0
2025-10-22 00:00:00+07:00,38050.0,39450.0,36550.0,38800.0,37471.234375,17634200,0.0,0.0
2025-10-23 00:00:00+07:00,39400.0,39400.0,36350.0,39000.0,37664.3828125,14611500,0.0,0.0
2025-10-24 00:00:00+07:00,38900.0,39950.0,37600.0,39400.0,38050.68359375,10632500,0.0,0.0
2025-10-27 00:00:00+07:00,39000.0,39750.0,36100.0,36100.0,34863.69921875,12570400,0.0,0.0
2025-10-28 00:00:00+07:00,39000.0,39750.0,36100.0,36100.0,34863.69921875,12570400,0.0,0.0
2025-10-29 00:00:00+07:00,34750.0,37000.0,33600.0,36800.0,35539.7265625,28526100,0.0,0.0
2025-10-30 00:00:00+07:00,37100.0,37100.0,35050.0,35950.0,34718.8359375,8951300,0.0,0.0
2025-10-31 00:00:00+07:00,35950.0,35950.0,34100.0,34600.0,33415.0703125,9832700,0.0,0.0
2025-11-03 00:00:00+07:00,33250.0,33800.0,31350.0,31350.0,30276.37109375,16286200,0.0,0.0
2025-11-04 00:00:00+07:00,31350.0,33500.0,31350.0,33500.0,32352.740234375,11076100,0.0,0.0
2025-11-05 00:00:00+07:00,31350.0,33500.0,31350.0,33500.0,32352.740234375,11076100,0.0,0.0
2025-11-06 00:00:00+07:00,32000.0,32550.0,31800.0,32000.0,30904.109375,8062400,0.0,0.0
2025-11-07 00:00:00+07:00,31800.0,31850.0,30200.0,31350.0,30276.37109375,14429600,0.0,0.0
2025-11-10 00:00:00+07:00,31300.0,31300.0,29800.0,29800.0,28779.453125,8905300,0.0,0.0
2025-11-11 00:00:00+07:00,29800.0,31450.0,29750.0,31050.0,29986.64453125,10444200,0.0,0.0
2025-11-12 00:00:00+07:00,31250.0,32850.0,31100.0,32800.0,31676.712890625,8248200,0.0,0.0
2025-11-13 00:00:00+07:00,32700.0,32700.0,31800.0,31950.0,30855.822265625,5900500,0.0,0.0
2025-11-14 00:00:00+07:00,31650.0,32100.0,31550.0,32100.0,31000.685546875,5608700,0.0,0.0
2025-11-17 00:00:00+07:00,32250.0,33050.0,32050.0,32200.0,31097.259765625,7528900,0.0,0.0
2025-11-18 00:00:00+07:00,32200.0,32500.0,32050.0,32350.0,31242.123046875,5069300,0.0,0.0
2025-11-19 00:00:00+07:00,32300.0,32300.0,31550.0,31600.0,30517.80859375,6884500,0.0,0.0
2025-11-20 00:00:00+07:00,31750.0,32450.0,31700.0,32000.0,30904.109375,5225000,0.0,0.0
2025-11-21 00:00:00+07:00,31800.0,32300.0,31500.0,32200.0,31097.259765625,5864200,0.0,0.0
2025-11-24 00:00:00+07:00,32300.0,34450.0,32250.0,34450.0,33270.20703125,26444000,0.0,0.0
2025-11-25 00:00:00+07:00,35400.0,35400.0,33300.0,33400.0,32256.1640625,12123000,0.0,0.0
2025-11-26 00:00:00+07:00,33500.0,34400.0,33350.0,33850.0,32690.75390625,7893300,0.0,0.0
2025-11-27 00:00:00+07:00,34100.0,34900.0,33650.0,33650.0,32497.603515625,7224500,0.0,0.0
2025-11-28 00:00:00+07:00,33650.0,34250.0,33150.0,34250.0,33077.0546875,9244100,0.0,0.0
2025-12-01 00:00:00+07:00,34600.0,35700.0,34400.0,34900.0,33704.79296875,11792100,0.0,0.0
2025-12-02 00:00:00+07:00,34900.0,34900.0,33600.0,34900.0,33704.79296875,10035200,0.0,0.0
2025-12-03 00:00:00+07:00,34850.0,34850.0,33850.0,34500.0,33318.4921875,7974700,0.0,0.0
2025-12-04 00:00:00+07:00,34850.0,34850.0,33850.0,34500.0,33318.4921875,7974700,0.0,0.0
2025-12-05 00:00:00+07:00,34400.0,34900.0,33750.0,33800.0,32642.466796875,7428400,0.0,0.0
2025-12-08 00:00:00+07:00,33800.0,34050.0,32800.0,32950.0,31821.576171875,7479300,0.0,0.0
2025-12-09 00:00:00+07:00,32950.0,33400.0,31300.0,32000.0,30904.109375,11236500,0.0,0.0
2025-12-10 00:00:00+07:00,31900.0,32000.0,30000.0,30000.0,28972.603515625,13287200,0.0,0.0
2025-12-11 00:00:00+07:00,30100.0,30700.0,29500.0,29500.0,28489.7265625,8031400,0.0,0.0
2025-12-12 00:00:00+07:00,30000.0,30050.0,27450.0,27450.0,26509.931640625,14302200,0.0,0.0
2025-12-15 00:00:00+07:00,27450.0,29350.0,27450.0,28900.0,27910.2734375,11731800,0.0,0.0
2025-12-16 00:00:00+07:00,29200.0,29600.0,28150.0,29600.0,28586.30078125,7805400,0.0,0.0
2025-12-17 00:00:00+07:00,29550.0,30800.0,28950.0,29700.0,28682.876953125,8617800,0.0,0.0
2025-12-18 00:00:00+07:00,29550.0,30800.0,28950.0,29700.0,28682.876953125,8617800,0.0,0.0
2025-12-19 00:00:00+07:00,30350.0,31800.0,30200.0,31700.0,30614.384765625,10546100,0.0,0.0
2025-12-22 00:00:00+07:00,31900.0,33000.0,31000.0,33000.0,31869.86328125,9656000,0.0,0.0
2025-12-23 00:00:00+07:00,32700.0,35000.0,32400.0,34250.0,33077.0546875,14877500,0.0,0.0
2025-12-24 00:00:00+07:00,34450.0,34750.0,33200.0,34650.0,33463.35546875,9103700,0.0,0.0
2025-12-25 00:00:00+07:00,34450.0,34750.0,33200.0,34650.0,33463.35546875,9103700,0.0,0.0
2025-12-26 00:00:00+07:00,30000.0,32000.0,30000.0,32000.0,30904.109375,20927400,0.0,0.0
2025-12-29 00:00:00+07:00,32000.0,33950.0,31300.0,33200.0,32063.013671875,7573400,0.0,0.0
2025-12-30 00:00:00+07:00,33500.0,33600.0,32000.0,32800.0,31676.712890625,8839700,0.0,0.0
2025-12-31 00:00:00+07:00,32500.0,33800.0,32200.0,33650.0,32497.603515625,9567900,0.0,0.0
2026-01-01 00:00:00+07:00,33650.0,33650.0,33650.0,33650.0,32497.603515625,0,0.0,0.0
2026-01-02 00:00:00+07:00,33650.0,33650.0,33650.0,33650.0,32497.603515625,0,0.0,0.0
2026-01-05 00:00:00+07:00,33900.0,35850.0,33800.0,35600.0,34380.82421875,13719300,0.0,0.0
2026-01-06 00:00:00+07:00,36100.0,38050.0,35700.0,38050.0,36746.91796875,21287500,0.0,0.0
2026-01-07 00:00:00+07:00,38800.0,39500.0,36600.0,38550.0,37229.796875,11861100,0.0,0.0
2026-01-08 00:00:00+07:00,38400.0,38500.0,35900.0,35900.0,34670.546875,16566300,0.0,0.0
2026-01-09 00:00:00+07:00,35600.0,36050.0,34500.0,35000.0,33801.37109375,15581100,0.0,0.0
2026-01-12 00:00:00+07:00,34500.0,35000.0,32550.0,32600.0,31483.5625,25316700,0.0,0.0
2026-01-13 00:00:00+07:00,32350.0,34450.0,32350.0,33550.0,32401.02734375,10555700,0.0,0.0
2026-01-14 00:00:00+07:00,33550.0,33550.0,31450.0,31800.0,30710.958984375,16104600,0.0,0.0
2026-01-15 00:00:00+07:00,31500.0,31500.0,29800.0,31450.0,30372.9453125,16477000,0.0,0.0
2026-01-16 00:00:00+07:00,31600.0,32500.0,31600.0,32000.0,30904.109375,9250200,0.0,0.0
2026-01-19 00:00:00+07:00,32550.0,32600.0,31150.0,32000.0,30904.109375,8573500,0.0,0.0
2026-01-20 00:00:00+07:00,31650.0,32000.0,31000.0,31150.0,30083.21875,10790100,0.0,0.0
2026-01-21 00:00:00+07:00,31100.0,31750.0,31000.0,31250.0,30179.794921875,6966700,0.0,0.0
2026-01-22 00:00:00+07:00,31200.0,32150.0,31000.0,31850.0,30759.24609375,7252900,0.0,0.0
2026-01-23 00:00:00+07:00,32150.0,33000.0,31850.0,32400.0,31290.412109375,7919100,0.0,0.0
2026-01-26 00:00:00+07:00,32500.0,32500.0,30750.0,31000.0,29938.357421875,6004100,0.0,0.0
2026-01-27 00:00:00+07:00,31000.0,31000.0,29200.0,30900.0,29841.78125,10746100,0.0,0.0
2026-01-28 00:00:00+07:00,30450.0,30800.0,28750.0,29100.0,28103.42578125,14010100,0.0,0.0
2026-01-29 00:00:00+07:00,29850.0,30000.0,29050.0,30000.0,28972.603515625,3830500,0.0,0.0
2026-01-30 00:00:00+07:00,29900.0,30200.0,29500.0,30200.0,29165.75390625,6955000,0.0,0.0
2026-02-02 00:00:00+07:00,29800.0,29900.0,28100.0,28100.0,27137.671875,13210300,0.0,0.0
2026-02-03 00:00:00+07:00,28500.0,29100.0,28100.0,28400.0,27427.3984375,7761900,0.0,0.0
2026-02-04 00:00:00+07:00,28500.0,28600.0,27100.0,28250.0,27282.53515625,11640600,0.0,0.0
2026-02-05 00:00:00+07:00,28050.0,29950.0,28050.0,28800.0,27813.69921875,13569200,0.0,0.0
2026-02-06 00:00:00+07:00,28300.0,29250.0,28000.0,28050.0,27089.384765625,8635700,0.0,0.0
2026-02-09 00:00:00+07:00,28200.0,28200.0,27450.0,28200.0,27234.24609375,5565300,0.0,0.0
2026-02-10 00:00:00+07:00,28100.0,29550.0,27900.0,28950.0,27958.5625,11245800,0.0,0.0
2026-02-11 00:00:00+07:00,29000.0,29450.0,28800.0,29400.0,28393.150390625,6146600,0.0,0.0
2026-02-12 00:00:00+07:00,29500.0,30250.0,29200.0,29950.0,28924.314453125,7592200,0.0,0.0
2026-02-13 00:00:00+07:00,30000.0,30000.0,29100.0,29800.0,28779.453125,7063500,0.0,0.0
2026-02-16 00:00:00+07:00,29800.0,29800.0,29800.0,29800.0,28779.453125,0,0.0,0.0
2026-02-17 00:00:00+07:00,29800.0,29800.0,29800.0,29800.0,28779.453125,0,0.0,0.0
2026-02-18 00:00:00+07:00,29800.0,29800.0,29800.0,29800.0,28779.453125,0,0.0,0.0
2026-02-19 00:00:00+07:00,29800.0,29800.0,29800.0,29800.0,28779.453125,0,0.0,0.0
2026-02-20 00:00:00+07:00,29800.0,29800.0,29800.0,29800.0,28779.453125,0,0.0,0.0
2026-02-23 00:00:00+07:00,30000.0,30100.0,29400.0,30000.0,28972.603515625,6284400,0.0,0.0
2026-02-24 00:00:00+07:00,29600.0,29700.0,29350.0,29500.0,28489.7265625,5228100,0.0,0.0
2026-02-25 00:00:00+07:00,29300.0,29500.0,28550.0,28550.0,27572.259765625,9042700,0.0,0.0
2026-02-26 00:00:00+07:00,28550.0,29850.0,28550.0,29750.0,28731.1640625,5428900,0.0,0.0
2026-02-27 00:00:00+07:00,29800.0,29800.0,29050.0,29050.0,28055.13671875,3100400,0.0,0.0
2026-03-02 00:00:00+07:00,28500.0,28750.0,27800.0,27800.0,26847.9453125,8153700,0.0,0.0
2026-03-03 00:00:00+07:00,28500.0,28750.0,27800.0,27800.0,26847.9453125,8153700,0.0,0.0
2026-03-04 00:00:00+07:00,26300.0,28000.0,25350.0,28000.0,27041.095703125,9389800,0.0,0.0
2026-03-05 00:00:00+07:00,27800.0,28600.0,27000.0,27000.0,26075.34375,6995600,0.0,0.0
2026-03-06 00:00:00+07:00,27000.0,27000.0,26250.0,26250.0,25351.02734375,3666200,0.0,0.0
2026-03-09 00:00:00+07:00,24450.0,25000.0,24450.0,24450.0,23612.671875,3092300,0.0,0.0
2026-03-10 00:00:00+07:00,25000.0,25000.0,23500.0,24050.0,23226.37109375,10408500,0.0,0.0
2026-03-11 00:00:00+07:00,24000.0,25600.0,23900.0,25600.0,24723.287109375,8105900,0.0,0.0
2026-03-12 00:00:00+07:00,24800.0,26100.0,24800.0,25900.0,25013.013671875,6624900,0.0,0.0
2026-03-13 00:00:00+07:00,25600.0,26000.0,25250.0,25250.0,24385.2734375,3440100,0.0,0.0
2026-03-16 00:00:00+07:00,25250.0,25900.0,25100.0,25900.0,25013.013671875,4825600,0.0,0.0
2026-03-17 00:00:00+07:00,26000.0,26900.0,25900.0,26450.0,25544.177734375,5159000,0.0,0.0
2026-03-18 00:00:00+07:00,26500.0,26950.0,26100.0,26100.0,25206.1640625,3490200,0.0,0.0
2026-03-19 00:00:00+07:00,26000.0,26100.0,25350.0,26050.0,25157.876953125,5186300,0.0,0.0
2026-03-20 00:00:00+07:00,25650.0,26150.0,24800.0,26150.0,25254.453125,8424800,0.0,0.0
2026-03-23 00:00:00+07:00,25550.0,25550.0,24500.0,25350.0,24481.849609375,5054500,0.0,0.0
2026-03-24 00:00:00+07:00,25150.0,25650.0,25150.0,25300.0,24433.5625,2727600,0.0,0.0
2026-03-25 00:00:00+07:00,25450.0,26450.0,25400.0,26350.0,25447.603515625,5258800,0.0,0.0
2026-03-26 00:00:00+07:00,26200.0,26300.0,25550.0,25550.0,24675.0,2053900,0.0,0.0
2026-03-27 00:00:00+07:00,25550.0,26050.0,25300.0,25750.0,24868.150390625,3502600,0.0,0.0
2026-03-30 00:00:00+07:00,25000.0,25700.0,25000.0,25650.0,24771.576171875,2525500,0.0,0.0
2026-03-31 00:00:00+07:00,25700.0,25850.0,25450.0,25750.0,24868.150390625,2502700,0.0,0.0
2026-04-01 00:00:00+07:00,26800.0,27550.0,26700.0,27550.0,26606.5078125,10207100,0.0,0.0
2026-04-02 00:00:00+07:00,28000.0,28300.0,27200.0,27200.0,26268.494140625,6533700,0.0,0.0
2026-04-03 00:00:00+07:00,27000.0,28250.0,26350.0,26500.0,25592.466796875,6426300,0.0,0.0
2026-04-06 00:00:00+07:00,26300.0,27000.0,25650.0,25750.0,24868.150390625,3943800,0.0,0.0
2026-04-07 00:00:00+07:00,25750.0,26350.0,25500.0,25800.0,24916.439453125,2820600,0.0,0.0
2026-04-08 00:00:00+07:00,26800.0,27600.0,26500.0,27600.0,26654.794921875,7005000,0.0,0.0
2026-04-09 00:00:00+07:00,27500.0,28050.0,27200.0,27600.0,26654.794921875,5733600,0.0,0.0
2026-04-10 00:00:00+07:00,27850.0,28000.0,27050.0,27500.0,26558.21875,4603300,0.0,0.0
2026-04-13 00:00:00+07:00,27000.0,28050.0,26900.0,27550.0,26606.5078125,3915100,0.0,0.0
2026-04-14 00:00:00+07:00,27850.0,28050.0,27600.0,27900.0,26944.521484375,3851100,0.0,0.0
2026-04-15 00:00:00+07:00,28300.0,29700.0,28250.0,29300.0,28296.576171875,14406500,0.0,0.0
2026-04-16 00:00:00+07:00,29500.0,30650.0,29000.0,29600.0,28586.30078125,16443400,0.0,0.0
2026-04-17 00:00:00+07:00,29200.0,30000.0,28550.0,28600.0,27620.548828125,7239000,0.0,0.0
2026-04-20 00:00:00+07:00,28600.0,29500.0,28150.0,29450.0,28441.439453125,6682700,0.0,0.0
2026-04-21 00:00:00+07:00,29600.0,30300.0,29200.0,29300.0,28296.576171875,10605500,0.0,0.0
2026-04-22 00:00:00+07:00,29350.0,30500.0,28700.0,29950.0,28924.314453125,9081900,0.0,0.0
2026-04-23 00:00:00+07:00,30300.0,30450.0,29050.0,29050.0,28055.13671875,10079200,0.0,0.0
2026-04-24 00:00:00+07:00,29550.0,29750.0,28700.0,28800.0,27813.69921875,4957500,0.0,0.0
2026-04-27 00:00:00+07:00,28800.0,28800.0,28800.0,28800.0,27813.69921875,0,0.0,0.0
2026-04-28 00:00:00+07:00,28800.0,30800.0,28750.0,30800.0,29745.205078125,16458400,0.0,0.0
2026-04-29 00:00:00+07:00,31500.0,32800.0,31200.0,32300.0,31193.8359375,16939100,0.0,0.0
2026-04-30 00:00:00+07:00,32300.0,32300.0,32300.0,32300.0,31193.8359375,0,0.0,0.0
2026-05-01 00:00:00+07:00,32300.0,32300.0,32300.0,32300.0,31193.8359375,0,0.0,0.0
2026-05-04 00:00:00+07:00,32700.0,33800.0,32550.0,33700.0,32545.890625,10352200,0.0,0.0
2026-05-05 00:00:00+07:00,33050.0,35600.0,32650.0,35200.0,33994.51953125,15997900,0.0,0.0
2026-05-06 00:00:00+07:00,35600.0,36600.0,34500.0,36600.0,35346.57421875,10445000,0.0,0.0
2026-05-07 00:00:00+07:00,36900.0,37500.0,35200.0,36500.0,35250.0,12839000,0.0,0.0
2026-05-08 00:00:00+07:00,36300.0,36500.0,35350.0,35900.0,34670.546875,8119600,0.0,0.0
2026-05-11 00:00:00+07:00,35950.0,37200.0,33600.0,33600.0,32449.31640625,11671900,0.0,0.0
2026-05-12 00:00:00+07:00,33300.0,35600.0,33200.0,35450.0,34235.9609375,12470600,0.0,0.0
2026-05-13 00:00:00+07:00,35900.0,35900.0,33000.0,33000.0,31869.86328125,14370000,0.0,0.0
2026-05-14 00:00:00+07:00,33300.0,34600.0,32950.0,34150.0,32980.48046875,7067600,0.0,0.0
2026-05-15 00:00:00+07:00,34200.0,34500.0,33100.0,34000.0,32835.6171875,5675800,0.0,0.0
2026-05-18 00:00:00+07:00,33650.0,34200.0,32500.0,33100.0,31966.439453125,8326000,0.0,0.0
2026-05-19 00:00:00+07:00,33150.0,34000.0,32550.0,33500.0,32352.740234375,8829500,0.0,0.0
2026-05-20 00:00:00+07:00,33500.0,34150.0,32050.0,33500.0,32352.740234375,7397400,0.0,0.0
2026-05-21 00:00:00+07:00,33650.0,34000.0,32700.0,32800.0,31676.712890625,4956200,0.0,0.0
2026-05-22 00:00:00+07:00,32800.0,32800.0,31350.0,31700.0,30614.384765625,7363200,0.0,0.0
2026-05-25 00:00:00+07:00,32000.0,33100.0,31950.0,32800.0,31676.712890625,4609600,0.0,0.0
2026-05-26 00:00:00+07:00,32800.0,32900.0,32200.0,32700.0,31580.13671875,2920100,0.0,0.0
2026-05-27 00:00:00+07:00,32500.0,32600.0,31100.0,31250.0,30179.794921875,6536400,0.0,0.0
2026-05-28 00:00:00+07:00,31300.0,32800.0,31150.0,32250.0,31145.548828125,6400700,0.0,0.0
2026-05-29 00:00:00+07:00,32250.0,32450.0,31700.0,32250.0,31145.548828125,3625300,0.0,0.0
2026-06-01 00:00:00+07:00,32200.0,32200.0,31100.0,31200.0,30131.5078125,3426500,0.0,0.0
2026-06-02 00:00:00+07:00,31250.0,31850.0,30650.0,31000.0,29938.357421875,4196500,0.0,0.0
2026-06-03 00:00:00+07:00,31000.0,31100.0,29400.0,30050.0,29020.890625,6191400,0.0,0.0
2026-06-04 00:00:00+07:00,30350.0,31550.0,29950.0,31100.0,30034.931640625,3978600,0.0,0.0
2026-06-05 00:00:00+07:00,31150.0,31650.0,30850.0,31200.0,30131.5078125,4324400,0.0,0.0
2026-06-08 00:00:00+07:00,30900.0,30900.0,29600.0,29600.0,28586.30078125,4741600,0.0,0.0
2026-06-09 00:00:00+07:00,29750.0,30100.0,28900.0,29100.0,28103.42578125,3303700,0.0,0.0
2026-06-10 00:00:00+07:00,29300.0,29700.0,29100.0,29650.0,28634.58984375,2052800,0.0,0.0
2026-06-11 00:00:00+07:00,29450.0,29450.0,29100.0,29150.0,28151.712890625,1916700,0.0,0.0
2026-06-12 00:00:00+07:00,29450.0,29600.0,28600.0,28600.0,27620.548828125,4237800,0.0,0.0
2026-06-15 00:00:00+07:00,29000.0,29250.0,28200.0,28550.0,27572.259765625,5074300,0.0,0.0
2026-06-16 00:00:00+07:00,28600.0,29050.0,28600.0,28650.0,27668.8359375,3292100,0.0,0.0
2026-06-17 00:00:00+07:00,28600.0,28600.0,27550.0,28150.0,27185.958984375,9495300,0.0,0.0
2026-06-18 00:00:00+07:00,28900.0,30100.0,28800.0,30100.0,29069.177734375,8609200,0.0,0.0
2026-06-19 00:00:00+07:00,30750.0,30750.0,29250.0,29350.0,28344.86328125,6306500,0.0,0.0
2026-06-22 00:00:00+07:00,29450.0,31400.0,29050.0,30700.0,29648.630859375,11475200,0.0,0.0
2026-06-23 00:00:00+07:00,30800.0,31000.0,29600.0,29800.0,28779.453125,6066900,0.0,0.0
2026-06-24 00:00:00+07:00,29900.0,30800.0,29600.0,30300.0,29262.330078125,6045300,0.0,0.0
2026-06-25 00:00:00+07:00,30500.0,30500.0,29400.0,29600.0,28586.30078125,4978900,0.0,0.0
2026-06-26 00:00:00+07:00,29600.0,30250.0,29500.0,30000.0,28972.603515625,4951800,0.0,0.0
2026-06-29 00:00:00+07:00,30000.0,30000.0,29150.0,29200.0,28200.0,5288500,0.0,0.0
2026-06-30 00:00:00+07:00,28200.0,28550.0,28100.0,28500.0,28500.0,2981600,1000.0,0.0
2026-07-01 00:00:00+07:00,28200.0,28550.0,28100.0,28500.0,28500.0,2981600,0.0,0.0
2026-07-02 00:00:00+07:00,28300.0,28500.0,28050.0,28150.0,28150.0,4005800,0.0,0.0
2026-07-03 00:00:00+07:00,28150.0,28600.0,28100.0,28150.0,28150.0,3082100,0.0,0.0
2026-07-06 00:00:00+07:00,28450.0,28900.0,27250.0,27700.0,27700.0,5346600,0.0,0.0
2026-07-07 00:00:00+07:00,27750.0,27800.0,27150.0,27350.0,27350.0,2878800,0.0,0.0
2026-07-08 00:00:00+07:00,27000.0,27500.0,26900.0,27050.0,27050.0,4906400,0.0,0.0
2026-07-09 00:00:00+07:00,27100.0,27400.0,26800.0,26900.0,26900.0,2651800,0.0,0.0
2026-07-10 00:00:00+07:00,27100.0,27150.0,26300.0,26350.0,26350.0,4811300,0.0,0.0
2026-07-13 00:00:00+07:00,26400.0,26450.0,25450.0,25900.0,25900.0,5706000,0.0,0.0
2026-07-14 00:00:00+07:00,25400.0,25850.0,25400.0,25600.0,25600.0,3288600,0.0,0.0
2026-07-15 00:00:00+07:00,25650.0,25700.0,24800.0,24800.0,24800.0,4077000,0.0,0.0
2026-07-16 00:00:00+07:00,24800.0,25300.0,24550.0,25050.0,25050.0,6194700,0.0,0.0
2026-07-17 00:00:00+07:00,25200.0,25250.0,24550.0,24550.0,24550.0,3912600,0.0,0.0
2026-07-20 00:00:00+07:00,24500.0,24550.0,23150.0,23250.0,23250.0,5306900,0.0,0.0
2026-07-21 00:00:00+07:00,23000.0,23700.0,22850.0,23050.0,23050.0,6002700,0.0,0.0
2026-07-22 00:00:00+07:00,23350.0,23350.0,21750.0,21750.0,21750.0,8710000,0.0,0.0
2026-07-23 00:00:00+07:00,21850.0,22400.0,21350.0,22000.0,22000.0,7078200,0.0,0.0
2026-07-24 00:00:00+07:00,21800.0,22000.0,21500.0,21900.0,21900.0,3204500,0.0,0.0
2026-07-27 00:00:00+07:00,21900.0,22300.0,21350.0,21350.0,21350.0,3044300,0.0,0.0
2026-07-28 00:00:00+07:00,21250.0,21650.0,20900.0,21300.0,21300.0,3761100,0.0,0.0
2026-07-29 00:00:00+07:00,21350.0,22750.0,21250.0,22750.0,22750.0,8314800,0.0,0.0
2026-07-30 00:00:00+07:00,23150.0,24300.0,23000.0,24300.0,24300.0,8461500,0.0,0.0
2026-07-31 00:00:00+07:00,25200.0,25750.0,24400.0,24800.0,24800.0,11683500,0.0,0.0
2026-08-03 00:00:00+07:00,24800.0,25500.0,24350.0,25200.0,25200.0,5323900,0.0,0.0
2026-08-04 00:00:00+07:00,25200.0,26800.0,25050.0,26400.0,26400.0,10105100,0.0,0.0
2026-08-05 00:00:00+07:00,26800.0,26800.0,26150.0,26450.0,26450.0,7224000,0.0,0.0
2026-08-06 00:00:00+07:00,26050.0,26200.0,25150.0,25300.0,25300.0,8354100,0.0,0.0
2026-08-07 00:00:00+07:00,25100.0,25300.0,24650.0,24950.0,24950.0,6142900,0.0,0.0
2026-08-10 00:00:00+07:00,25300.0,25550.0,24450.0,25550.0,25550.0,4835600,0.0,0.0
2026-08-11 00:00:00+07:00,25550.0,25850.0,25200.0,25450.0,25450.0,5175300,0.0,0.0
2026-08-12 00:00:00+07:00,25400.0,26000.0,25350.0,25450.0,25450.0,4138600,0.0,0.0
2026-08-13 00:00:00+07:00,25500.0,25600.0,24600.0,24600.0,24600.0,6789200,0.0,0.0
2026-08-14 00:00:00+07:00,24500.0,24600.0,23650.0,23950.0,23950.0,8624500,0.0,0.0
2026-08-17 00:00:00+07:00,24000.0,24450.0,24000.0,24400.0,24400.0,2862500,0.0,0.0
2026-08-18 00:00:00+07:00,24400.0,24950.0,24250.0,24400.0,24400.0,2964400,0.0,0.0
2026-08-19 00:00:00+07:00,24400.0,24400.0,23950.0,24100.0,24100.0,1888000,0.0,0.0
2026-08-20 00:00:00+07:00,24100.0,24550.0,24100.0,24150.0,24150.0,3191100,0.0,0.0
2026-08-21 00:00:00+07:00,24000.0,25300.0,23900.0,25300.0,25300.0,6035600,0.0,0.0
2026-08-24 00:00:00+07:00,25600.0,25750.0,25300.0,25300.0,25300.0,4639000,0.0,0.0
2026-08-25 00:00:00+07:00,25100.0,25800.0,25100.0,25200.0,25200.0,6940900,0.0,0.0
2026-08-26 00:00:00+07:00,25300.0,25600.0,25050.0,25600.0,25600.0,4294500,0.0,0.0
2026-08-27 00:00:00+07:00,25600.0,26800.0,25600.0,26000.0,26000.0,8205600,0.0,0.0
2026-08-28 00:00:00+07:00,26200.0,26750.0,25900.0,26100.0,26100.0,8347500,0.0,0.0
2026-08-31 00:00:00+07:00,26100.0,26100.0,26100.0,26100.0,26100.0,0,0.0,0.0
